assay,symbol,taxonomy,gene,log2fc,adj_p,osd
https://purl.org/okn/frink/kg/spoke-genelab/node/OSD-352-afd8850e6da09ca718e931905c6569d1,Tcf7l1,http://purl.obolibrary.org/obo/NCBITaxon_10090,http://www.ncbi.nlm.nih.gov/gene/21415,-1.42314,0.0409755,OSD-352
https://purl.org/okn/frink/kg/spoke-genelab/node/OSD-525-06da2a92957b8396556fb0af4aec6537,Egf,http://purl.obolibrary.org/obo/NCBITaxon_10090,http://www.ncbi.nlm.nih.gov/gene/13645,1.40556,0.0260639,OSD-525
https://purl.org/okn/frink/kg/spoke-genelab/node/OSD-525-06da2a92957b8396556fb0af4aec6537,Sult1c2,http://purl.obolibrary.org/obo/NCBITaxon_10090,http://www.ncbi.nlm.nih.gov/gene/69083,2.98257,0.00378569,OSD-525
https://purl.org/okn/frink/kg/spoke-genelab/node/OSD-525-06da2a92957b8396556fb0af4aec6537,Sdf2l1,http://purl.obolibrary.org/obo/NCBITaxon_10090,http://www.ncbi.nlm.nih.gov/gene/64136,-1.69136,0.000244738,OSD-525
https://purl.org/okn/frink/kg/spoke-genelab/node/OSD-525-06da2a92957b8396556fb0af4aec6537,Adgrg2,http://purl.obolibrary.org/obo/NCBITaxon_10090,http://www.ncbi.nlm.nih.gov/gene/237175,1.55002,0.0129905,OSD-525
https://purl.org/okn/frink/kg/spoke-genelab/node/OSD-525-06da2a92957b8396556fb0af4aec6537,Il2ra,http://purl.obolibrary.org/obo/NCBITaxon_10090,http://www.ncbi.nlm.nih.gov/gene/16184,-1.31036,0.0253045,OSD-525
https://purl.org/okn/frink/kg/spoke-genelab/node/OSD-525-06da2a92957b8396556fb0af4aec6537,Tnc,http://purl.obolibrary.org/obo/NCBITaxon_10090,http://www.ncbi.nlm.nih.gov/gene/21923,-1.11376,0.000119694,OSD-525
https://purl.org/okn/frink/kg/spoke-genelab/node/OSD-525-06da2a92957b8396556fb0af4aec6537,Ddc,http://purl.obolibrary.org/obo/NCBITaxon_10090,http://www.ncbi.nlm.nih.gov/gene/13195,1.45563,6.8531e-13,OSD-525
https://purl.org/okn/frink/kg/spoke-genelab/node/OSD-525-06da2a92957b8396556fb0af4aec6537,Gata3,http://purl.obolibrary.org/obo/NCBITaxon_10090,http://www.ncbi.nlm.nih.gov/gene/14462,-2.76927,0.0353765,OSD-525
https://purl.org/okn/frink/kg/spoke-genelab/node/OSD-525-06da2a92957b8396556fb0af4aec6537,Lcn2,http://purl.obolibrary.org/obo/NCBITaxon_10090,http://www.ncbi.nlm.nih.gov/gene/16819,-2.9068,0.00254868,OSD-525
https://purl.org/okn/frink/kg/spoke-genelab/node/OSD-525-06da2a92957b8396556fb0af4aec6537,Creld2,http://purl.obolibrary.org/obo/NCBITaxon_10090,http://www.ncbi.nlm.nih.gov/gene/76737,-1.17232,0.000848304,OSD-525
https://purl.org/okn/frink/kg/spoke-genelab/node/OSD-525-06da2a92957b8396556fb0af4aec6537,P4ha1,http://purl.obolibrary.org/obo/NCBITaxon_10090,http://www.ncbi.nlm.nih.gov/gene/18451,-1.27857,2.70194e-11,OSD-525
https://purl.org/okn/frink/kg/spoke-genelab/node/OSD-525-06da2a92957b8396556fb0af4aec6537,Acsm3,http://purl.obolibrary.org/obo/NCBITaxon_10090,http://www.ncbi.nlm.nih.gov/gene/20216,2.84438,0.0208321,OSD-525
https://purl.org/okn/frink/kg/spoke-genelab/node/OSD-525-06da2a92957b8396556fb0af4aec6537,Alas2,http://purl.obolibrary.org/obo/NCBITaxon_10090,http://www.ncbi.nlm.nih.gov/gene/11656,1.04734,0.01864,OSD-525
https://purl.org/okn/frink/kg/spoke-genelab/node/OSD-525-06da2a92957b8396556fb0af4aec6537,Pdia6,http://purl.obolibrary.org/obo/NCBITaxon_10090,http://www.ncbi.nlm.nih.gov/gene/71853,-1.00646,9.04131e-05,OSD-525
https://purl.org/okn/frink/kg/spoke-genelab/node/OSD-525-06da2a92957b8396556fb0af4aec6537,Enpp3,http://purl.obolibrary.org/obo/NCBITaxon_10090,http://www.ncbi.nlm.nih.gov/gene/209558,1.22305,0.0142103,OSD-525
https://purl.org/okn/frink/kg/spoke-genelab/node/OSD-525-06da2a92957b8396556fb0af4aec6537,Slc66a3,http://purl.obolibrary.org/obo/NCBITaxon_10090,http://www.ncbi.nlm.nih.gov/gene/217430,1.06259,0.0086504,OSD-525
https://purl.org/okn/frink/kg/spoke-genelab/node/OSD-525-06da2a92957b8396556fb0af4aec6537,Hsph1,http://purl.obolibrary.org/obo/NCBITaxon_10090,http://www.ncbi.nlm.nih.gov/gene/15505,-1.23078,6.45098e-06,OSD-525
https://purl.org/okn/frink/kg/spoke-genelab/node/OSD-525-06da2a92957b8396556fb0af4aec6537,Serpinc1,http://purl.obolibrary.org/obo/NCBITaxon_10090,http://www.ncbi.nlm.nih.gov/gene/11905,-1.33062,0.0103833,OSD-525
https://purl.org/okn/frink/kg/spoke-genelab/node/OSD-525-06da2a92957b8396556fb0af4aec6537,Aldob,http://purl.obolibrary.org/obo/NCBITaxon_10090,http://www.ncbi.nlm.nih.gov/gene/230163,2.26332,0.0351622,OSD-525
https://purl.org/okn/frink/kg/spoke-genelab/node/OSD-525-06da2a92957b8396556fb0af4aec6537,Lyve1,http://purl.obolibrary.org/obo/NCBITaxon_10090,http://www.ncbi.nlm.nih.gov/gene/114332,-1.02183,0.00279966,OSD-525
https://purl.org/okn/frink/kg/spoke-genelab/node/OSD-525-06da2a92957b8396556fb0af4aec6537,Cpsf4l,http://purl.obolibrary.org/obo/NCBITaxon_10090,http://www.ncbi.nlm.nih.gov/gene/52670,-1.48714,0.000754442,OSD-525
https://purl.org/okn/frink/kg/spoke-genelab/node/OSD-525-06da2a92957b8396556fb0af4aec6537,Rbm3|Rbm3-ps,http://purl.obolibrary.org/obo/NCBITaxon_10090,http://www.ncbi.nlm.nih.gov/gene/100043257,2.00523,5.43851e-13,OSD-525
https://purl.org/okn/frink/kg/spoke-genelab/node/OSD-525-06da2a92957b8396556fb0af4aec6537,Rdh16,http://purl.obolibrary.org/obo/NCBITaxon_10090,http://www.ncbi.nlm.nih.gov/gene/19683,1.60006,0.0463726,OSD-525
https://purl.org/okn/frink/kg/spoke-genelab/node/OSD-525-06da2a92957b8396556fb0af4aec6537,Hspa5,http://purl.obolibrary.org/obo/NCBITaxon_10090,http://www.ncbi.nlm.nih.gov/gene/14828,-1.24659,0.00110185,OSD-525
https://purl.org/okn/frink/kg/spoke-genelab/node/OSD-525-06da2a92957b8396556fb0af4aec6537,Fos,http://purl.obolibrary.org/obo/NCBITaxon_10090,http://www.ncbi.nlm.nih.gov/gene/14281,-1.03118,0.00378569,OSD-525
https://purl.org/okn/frink/kg/spoke-genelab/node/OSD-525-06da2a92957b8396556fb0af4aec6537,Map3k15,http://purl.obolibrary.org/obo/NCBITaxon_10090,http://www.ncbi.nlm.nih.gov/gene/270672,1.4168,0.00719398,OSD-525
https://purl.org/okn/frink/kg/spoke-genelab/node/OSD-525-06da2a92957b8396556fb0af4aec6537,Calr,http://purl.obolibrary.org/obo/NCBITaxon_10090,http://www.ncbi.nlm.nih.gov/gene/12317,-1.04939,9.04535e-07,OSD-525
https://purl.org/okn/frink/kg/spoke-genelab/node/OSD-525-06da2a92957b8396556fb0af4aec6537,H4c8,http://purl.obolibrary.org/obo/NCBITaxon_10090,http://www.ncbi.nlm.nih.gov/gene/69386,-1.22609,0.00590474,OSD-525
https://purl.org/okn/frink/kg/spoke-genelab/node/OSD-525-06da2a92957b8396556fb0af4aec6537,Aox3,http://purl.obolibrary.org/obo/NCBITaxon_10090,http://www.ncbi.nlm.nih.gov/gene/71724,1.07591,2.29728e-07,OSD-525
https://purl.org/okn/frink/kg/spoke-genelab/node/OSD-525-06da2a92957b8396556fb0af4aec6537,Sult1a1,http://purl.obolibrary.org/obo/NCBITaxon_10090,http://www.ncbi.nlm.nih.gov/gene/20887,1.0075,4.67677e-07,OSD-525
https://purl.org/okn/frink/kg/spoke-genelab/node/OSD-525-06da2a92957b8396556fb0af4aec6537,Oprm1,http://purl.obolibrary.org/obo/NCBITaxon_10090,http://www.ncbi.nlm.nih.gov/gene/18390,-1.45074,0.026314,OSD-525
https://purl.org/okn/frink/kg/spoke-genelab/node/OSD-525-06da2a92957b8396556fb0af4aec6537,Esrp1,http://purl.obolibrary.org/obo/NCBITaxon_10090,http://www.ncbi.nlm.nih.gov/gene/207920,1.44821,0.0411287,OSD-525
https://purl.org/okn/frink/kg/spoke-genelab/node/OSD-525-06da2a92957b8396556fb0af4aec6537,Ptgs2,http://purl.obolibrary.org/obo/NCBITaxon_10090,http://www.ncbi.nlm.nih.gov/gene/19225,-1.33324,0.0366529,OSD-525
https://purl.org/okn/frink/kg/spoke-genelab/node/OSD-525-06da2a92957b8396556fb0af4aec6537,Il13ra2,http://purl.obolibrary.org/obo/NCBITaxon_10090,http://www.ncbi.nlm.nih.gov/gene/16165,1.00903,0.00979515,OSD-525
https://purl.org/okn/frink/kg/spoke-genelab/node/OSD-525-06da2a92957b8396556fb0af4aec6537,Rbm3|Rbm3-ps,http://purl.obolibrary.org/obo/NCBITaxon_10090,http://www.ncbi.nlm.nih.gov/gene/19652,2.00523,5.43851e-13,OSD-525
https://purl.org/okn/frink/kg/spoke-genelab/node/OSD-525-06da2a92957b8396556fb0af4aec6537,Rdh9,http://purl.obolibrary.org/obo/NCBITaxon_10090,http://www.ncbi.nlm.nih.gov/gene/103142,1.85814,0.00010379,OSD-525
https://purl.org/okn/frink/kg/spoke-genelab/node/OSD-525-06da2a92957b8396556fb0af4aec6537,H4c17,http://purl.obolibrary.org/obo/NCBITaxon_10090,http://www.ncbi.nlm.nih.gov/gene/100041230,-1.86174,0.00302542,OSD-525
https://purl.org/okn/frink/kg/spoke-genelab/node/OSD-525-06da2a92957b8396556fb0af4aec6537,Spata24,http://purl.obolibrary.org/obo/NCBITaxon_10090,http://www.ncbi.nlm.nih.gov/gene/71242,1.02447,0.000185891,OSD-525
https://purl.org/okn/frink/kg/spoke-genelab/node/OSD-525-06da2a92957b8396556fb0af4aec6537,A330076C08Rik,http://purl.obolibrary.org/obo/NCBITaxon_10090,http://www.ncbi.nlm.nih.gov/gene/100503592,-1.19535,1.5375e-08,OSD-525
https://purl.org/okn/frink/kg/spoke-genelab/node/OSD-525-06da2a92957b8396556fb0af4aec6537,5330429C05Rik,http://purl.obolibrary.org/obo/NCBITaxon_10090,http://www.ncbi.nlm.nih.gov/gene/78071,2.84857,1.78031e-05,OSD-525
https://purl.org/okn/frink/kg/spoke-genelab/node/OSD-525-06da2a92957b8396556fb0af4aec6537,Wee2,http://purl.obolibrary.org/obo/NCBITaxon_10090,http://www.ncbi.nlm.nih.gov/gene/381759,-1.59148,0.00127342,OSD-525
https://purl.org/okn/frink/kg/spoke-genelab/node/OSD-525-06da2a92957b8396556fb0af4aec6537,Cirbp,http://purl.obolibrary.org/obo/NCBITaxon_10090,http://www.ncbi.nlm.nih.gov/gene/12696,1.67306,6.94344e-12,OSD-525
https://purl.org/okn/frink/kg/spoke-genelab/node/OSD-525-06da2a92957b8396556fb0af4aec6537,Pm20d1,http://purl.obolibrary.org/obo/NCBITaxon_10090,http://www.ncbi.nlm.nih.gov/gene/212933,1.20532,0.000871485,OSD-525
https://purl.org/okn/frink/kg/spoke-genelab/node/OSD-525-06da2a92957b8396556fb0af4aec6537,Dnah14,http://purl.obolibrary.org/obo/NCBITaxon_10090,http://www.ncbi.nlm.nih.gov/gene/240960,1.64977,0.00312097,OSD-525
https://purl.org/okn/frink/kg/spoke-genelab/node/OSD-525-06da2a92957b8396556fb0af4aec6537,Hspa1b,http://purl.obolibrary.org/obo/NCBITaxon_10090,http://www.ncbi.nlm.nih.gov/gene/15511,-2.62511,0.000267264,OSD-525
https://purl.org/okn/frink/kg/spoke-genelab/node/OSD-525-06da2a92957b8396556fb0af4aec6537,Gm15462,http://purl.obolibrary.org/obo/NCBITaxon_10090,http://www.ncbi.nlm.nih.gov/gene/108168861,1.81562,0.0174068,OSD-525
https://purl.org/okn/frink/kg/spoke-genelab/node/OSD-525-06da2a92957b8396556fb0af4aec6537,Snord13|Gm57763,http://purl.obolibrary.org/obo/NCBITaxon_10090,http://www.ncbi.nlm.nih.gov/gene/100217422,-1.65145,0.0403881,OSD-525
https://purl.org/okn/frink/kg/spoke-genelab/node/OSD-525-06da2a92957b8396556fb0af4aec6537,Manf,http://purl.obolibrary.org/obo/NCBITaxon_10090,http://www.ncbi.nlm.nih.gov/gene/74840,-1.0753,0.000534396,OSD-525
https://purl.org/okn/frink/kg/spoke-genelab/node/OSD-525-06da2a92957b8396556fb0af4aec6537,Nxpe2,http://purl.obolibrary.org/obo/NCBITaxon_10090,http://www.ncbi.nlm.nih.gov/gene/78252,1.05588,0.0317684,OSD-525
https://purl.org/okn/frink/kg/spoke-genelab/node/OSD-525-06da2a92957b8396556fb0af4aec6537,Tktl2,http://purl.obolibrary.org/obo/NCBITaxon_10090,http://www.ncbi.nlm.nih.gov/gene/74419,2.26195,0.00850636,OSD-525
https://purl.org/okn/frink/kg/spoke-genelab/node/OSD-525-06da2a92957b8396556fb0af4aec6537,Cryab,http://purl.obolibrary.org/obo/NCBITaxon_10090,http://www.ncbi.nlm.nih.gov/gene/12955,-1.04154,1.04666e-11,OSD-525
https://purl.org/okn/frink/kg/spoke-genelab/node/OSD-525-06da2a92957b8396556fb0af4aec6537,Stbd1,http://purl.obolibrary.org/obo/NCBITaxon_10090,http://www.ncbi.nlm.nih.gov/gene/52331,-1.37128,0.0109945,OSD-525
https://purl.org/okn/frink/kg/spoke-genelab/node/OSD-525-06da2a92957b8396556fb0af4aec6537,Ucp2,http://purl.obolibrary.org/obo/NCBITaxon_10090,http://www.ncbi.nlm.nih.gov/gene/22228,1.06079,0.00547255,OSD-525
https://purl.org/okn/frink/kg/spoke-genelab/node/OSD-525-06da2a92957b8396556fb0af4aec6537,Ccdc192,http://purl.obolibrary.org/obo/NCBITaxon_10090,http://www.ncbi.nlm.nih.gov/gene/75444,1.09513,0.0118003,OSD-525
https://purl.org/okn/frink/kg/spoke-genelab/node/OSD-525-06da2a92957b8396556fb0af4aec6537,Tm6sf2,http://purl.obolibrary.org/obo/NCBITaxon_10090,http://www.ncbi.nlm.nih.gov/gene/107770,-1.48308,0.0359615,OSD-525
https://purl.org/okn/frink/kg/spoke-genelab/node/OSD-525-06da2a92957b8396556fb0af4aec6537,Glb1l2,http://purl.obolibrary.org/obo/NCBITaxon_10090,http://www.ncbi.nlm.nih.gov/gene/244757,1.23102,0.000185891,OSD-525
https://purl.org/okn/frink/kg/spoke-genelab/node/OSD-525-06da2a92957b8396556fb0af4aec6537,Gja5,http://purl.obolibrary.org/obo/NCBITaxon_10090,http://www.ncbi.nlm.nih.gov/gene/14613,-1.00246,0.00827317,OSD-525
https://purl.org/okn/frink/kg/spoke-genelab/node/OSD-525-06da2a92957b8396556fb0af4aec6537,Gm31616,http://purl.obolibrary.org/obo/NCBITaxon_10090,http://www.ncbi.nlm.nih.gov/gene/102633901,1.81957,0.049683,OSD-525
https://purl.org/okn/frink/kg/spoke-genelab/node/OSD-525-06da2a92957b8396556fb0af4aec6537,Btc,http://purl.obolibrary.org/obo/NCBITaxon_10090,http://www.ncbi.nlm.nih.gov/gene/12223,-1.19052,0.00270064,OSD-525
https://purl.org/okn/frink/kg/spoke-genelab/node/OSD-525-06da2a92957b8396556fb0af4aec6537,Olfr859,http://purl.obolibrary.org/obo/NCBITaxon_10090,http://www.ncbi.nlm.nih.gov/gene/258519,3.95375,0.0118671,OSD-525
https://purl.org/okn/frink/kg/spoke-genelab/node/OSD-525-06da2a92957b8396556fb0af4aec6537,Crh,http://purl.obolibrary.org/obo/NCBITaxon_10090,http://www.ncbi.nlm.nih.gov/gene/12918,-1.36639,0.0409708,OSD-525
https://purl.org/okn/frink/kg/spoke-genelab/node/OSD-525-06da2a92957b8396556fb0af4aec6537,Zglp1,http://purl.obolibrary.org/obo/NCBITaxon_10090,http://www.ncbi.nlm.nih.gov/gene/100009600,-2.63923,0.0300658,OSD-525
https://purl.org/okn/frink/kg/spoke-genelab/node/OSD-525-06da2a92957b8396556fb0af4aec6537,Gm32389,http://purl.obolibrary.org/obo/NCBITaxon_10090,http://www.ncbi.nlm.nih.gov/gene/102634919,1.14582,0.0339623,OSD-525
https://purl.org/okn/frink/kg/spoke-genelab/node/OSD-525-06da2a92957b8396556fb0af4aec6537,Tmem220,http://purl.obolibrary.org/obo/NCBITaxon_10090,http://www.ncbi.nlm.nih.gov/gene/338369,1.54188,1.08699e-05,OSD-525
https://purl.org/okn/frink/kg/spoke-genelab/node/OSD-525-06da2a92957b8396556fb0af4aec6537,Parpbp,http://purl.obolibrary.org/obo/NCBITaxon_10090,http://www.ncbi.nlm.nih.gov/gene/75317,1.88745,0.0070178,OSD-525
https://purl.org/okn/frink/kg/spoke-genelab/node/OSD-525-06da2a92957b8396556fb0af4aec6537,Dmrtc1a,http://purl.obolibrary.org/obo/NCBITaxon_10090,http://www.ncbi.nlm.nih.gov/gene/70887,1.36508,3.27761e-05,OSD-525
https://purl.org/okn/frink/kg/spoke-genelab/node/OSD-525-06da2a92957b8396556fb0af4aec6537,Chst9,http://purl.obolibrary.org/obo/NCBITaxon_10090,http://www.ncbi.nlm.nih.gov/gene/71367,1.55881,3.02295e-10,OSD-525
https://purl.org/okn/frink/kg/spoke-genelab/node/OSD-525-06da2a92957b8396556fb0af4aec6537,Henmt1,http://purl.obolibrary.org/obo/NCBITaxon_10090,http://www.ncbi.nlm.nih.gov/gene/66715,1.12814,0.00635397,OSD-525
https://purl.org/okn/frink/kg/spoke-genelab/node/OSD-525-06da2a92957b8396556fb0af4aec6537,Slc22a2,http://purl.obolibrary.org/obo/NCBITaxon_10090,http://www.ncbi.nlm.nih.gov/gene/20518,1.15779,0.0471941,OSD-525
https://purl.org/okn/frink/kg/spoke-genelab/node/OSD-525-06da2a92957b8396556fb0af4aec6537,Gm13304,http://purl.obolibrary.org/obo/NCBITaxon_10090,http://www.ncbi.nlm.nih.gov/gene/100504346,1.6283,4.67677e-07,OSD-525
https://purl.org/okn/frink/kg/spoke-genelab/node/OSD-525-06da2a92957b8396556fb0af4aec6537,4921507G05Rik,http://purl.obolibrary.org/obo/NCBITaxon_10090,http://www.ncbi.nlm.nih.gov/gene/66709,-1.62362,0.0494315,OSD-525
https://purl.org/okn/frink/kg/spoke-genelab/node/OSD-525-06da2a92957b8396556fb0af4aec6537,Mir9-3hg,http://purl.obolibrary.org/obo/NCBITaxon_10090,http://www.ncbi.nlm.nih.gov/gene/101694,1.12215,1.97082e-09,OSD-525
https://purl.org/okn/frink/kg/spoke-genelab/node/OSD-525-06da2a92957b8396556fb0af4aec6537,A230009B12Rik,http://purl.obolibrary.org/obo/NCBITaxon_10090,http://www.ncbi.nlm.nih.gov/gene/319750,-1.2185,4.18967e-05,OSD-525
https://purl.org/okn/frink/kg/spoke-genelab/node/OSD-525-06da2a92957b8396556fb0af4aec6537,Slc26a8,http://purl.obolibrary.org/obo/NCBITaxon_10090,http://www.ncbi.nlm.nih.gov/gene/224661,1.08733,0.0283514,OSD-525
https://purl.org/okn/frink/kg/spoke-genelab/node/OSD-525-06da2a92957b8396556fb0af4aec6537,Glod5,http://purl.obolibrary.org/obo/NCBITaxon_10090,http://www.ncbi.nlm.nih.gov/gene/69824,1.79492,0.0137771,OSD-525
https://purl.org/okn/frink/kg/spoke-genelab/node/OSD-525-06da2a92957b8396556fb0af4aec6537,Hsf3,http://purl.obolibrary.org/obo/NCBITaxon_10090,http://www.ncbi.nlm.nih.gov/gene/245525,1.4394,0.00104241,OSD-525
https://purl.org/okn/frink/kg/spoke-genelab/node/OSD-525-06da2a92957b8396556fb0af4aec6537,A330033J07Rik,http://purl.obolibrary.org/obo/NCBITaxon_10090,http://www.ncbi.nlm.nih.gov/gene/320614,1.52991,5.01897e-08,OSD-525
https://purl.org/okn/frink/kg/spoke-genelab/node/OSD-525-06da2a92957b8396556fb0af4aec6537,Kap,http://purl.obolibrary.org/obo/NCBITaxon_10090,http://www.ncbi.nlm.nih.gov/gene/16483,-18.4497,2.51334e-07,OSD-525
https://purl.org/okn/frink/kg/spoke-genelab/node/OSD-525-06da2a92957b8396556fb0af4aec6537,Itgad,http://purl.obolibrary.org/obo/NCBITaxon_10090,http://www.ncbi.nlm.nih.gov/gene/381924,1.73182,0.00112624,OSD-525
https://purl.org/okn/frink/kg/spoke-genelab/node/OSD-525-06da2a92957b8396556fb0af4aec6537,Gdpd4,http://purl.obolibrary.org/obo/NCBITaxon_10090,http://www.ncbi.nlm.nih.gov/gene/233537,-1.36639,0.0135246,OSD-525
https://purl.org/okn/frink/kg/spoke-genelab/node/OSD-525-06da2a92957b8396556fb0af4aec6537,Chat,http://purl.obolibrary.org/obo/NCBITaxon_10090,http://www.ncbi.nlm.nih.gov/gene/12647,4.55395,0.0317835,OSD-525
https://purl.org/okn/frink/kg/spoke-genelab/node/OSD-525-06da2a92957b8396556fb0af4aec6537,Tgtp2,http://purl.obolibrary.org/obo/NCBITaxon_10090,http://www.ncbi.nlm.nih.gov/gene/100039796,-1.19382,0.00337742,OSD-525
https://purl.org/okn/frink/kg/spoke-genelab/node/OSD-525-06da2a92957b8396556fb0af4aec6537,Cltrn,http://purl.obolibrary.org/obo/NCBITaxon_10090,http://www.ncbi.nlm.nih.gov/gene/57394,1.62373,0.0359615,OSD-525
https://purl.org/okn/frink/kg/spoke-genelab/node/OSD-525-06da2a92957b8396556fb0af4aec6537,Bfsp2,http://purl.obolibrary.org/obo/NCBITaxon_10090,http://www.ncbi.nlm.nih.gov/gene/107993,-1.46298,0.000175496,OSD-525
https://purl.org/okn/frink/kg/spoke-genelab/node/OSD-525-06da2a92957b8396556fb0af4aec6537,Ctla2b,http://purl.obolibrary.org/obo/NCBITaxon_10090,http://www.ncbi.nlm.nih.gov/gene/13025,-1.07349,0.0164119,OSD-525
https://purl.org/okn/frink/kg/spoke-genelab/node/OSD-525-06da2a92957b8396556fb0af4aec6537,1700102P08Rik,http://purl.obolibrary.org/obo/NCBITaxon_10090,http://www.ncbi.nlm.nih.gov/gene/112418,-1.61448,0.000221166,OSD-525
https://purl.org/okn/frink/kg/spoke-genelab/node/OSD-525-06da2a92957b8396556fb0af4aec6537,Gm19705,http://purl.obolibrary.org/obo/NCBITaxon_10090,http://www.ncbi.nlm.nih.gov/gene/100503460,1.14884,0.0125092,OSD-525
https://purl.org/okn/frink/kg/spoke-genelab/node/OSD-525-06da2a92957b8396556fb0af4aec6537,2700054A10Rik,http://purl.obolibrary.org/obo/NCBITaxon_10090,http://www.ncbi.nlm.nih.gov/gene/72578,1.11892,5.01897e-08,OSD-525
https://purl.org/okn/frink/kg/spoke-genelab/node/OSD-525-06da2a92957b8396556fb0af4aec6537,A3galt2,http://purl.obolibrary.org/obo/NCBITaxon_10090,http://www.ncbi.nlm.nih.gov/gene/215493,-2.41624,2.11929e-06,OSD-525
https://purl.org/okn/frink/kg/spoke-genelab/node/OSD-525-06da2a92957b8396556fb0af4aec6537,Garin2,http://purl.obolibrary.org/obo/NCBITaxon_10090,http://www.ncbi.nlm.nih.gov/gene/70897,-1.62248,0.01032,OSD-525
https://purl.org/okn/frink/kg/spoke-genelab/node/OSD-525-06da2a92957b8396556fb0af4aec6537,Elmo3,http://purl.obolibrary.org/obo/NCBITaxon_10090,http://www.ncbi.nlm.nih.gov/gene/234683,1.15932,0.0070178,OSD-525
https://purl.org/okn/frink/kg/spoke-genelab/node/OSD-525-06da2a92957b8396556fb0af4aec6537,Hspb1,http://purl.obolibrary.org/obo/NCBITaxon_10090,http://www.ncbi.nlm.nih.gov/gene/15507,-1.40243,0.000823005,OSD-525
https://purl.org/okn/frink/kg/spoke-genelab/node/OSD-525-06da2a92957b8396556fb0af4aec6537,Cd180,http://purl.obolibrary.org/obo/NCBITaxon_10090,http://www.ncbi.nlm.nih.gov/gene/17079,1.2852,0.0153241,OSD-525
https://purl.org/okn/frink/kg/spoke-genelab/node/OSD-525-06da2a92957b8396556fb0af4aec6537,Cst7,http://purl.obolibrary.org/obo/NCBITaxon_10090,http://www.ncbi.nlm.nih.gov/gene/13011,-1.97464,0.0301289,OSD-525
https://purl.org/okn/frink/kg/spoke-genelab/node/OSD-525-06da2a92957b8396556fb0af4aec6537,Ascl1,http://purl.obolibrary.org/obo/NCBITaxon_10090,http://www.ncbi.nlm.nih.gov/gene/17172,1.26778,7.13011e-05,OSD-525
https://purl.org/okn/frink/kg/spoke-genelab/node/OSD-525-06da2a92957b8396556fb0af4aec6537,Cxcr6,http://purl.obolibrary.org/obo/NCBITaxon_10090,http://www.ncbi.nlm.nih.gov/gene/80901,-2.51046,0.0389015,OSD-525
https://purl.org/okn/frink/kg/spoke-genelab/node/OSD-525-06da2a92957b8396556fb0af4aec6537,Kif22,http://purl.obolibrary.org/obo/NCBITaxon_10090,http://www.ncbi.nlm.nih.gov/gene/110033,1.37089,0.00652663,OSD-525
https://purl.org/okn/frink/kg/spoke-genelab/node/OSD-525-06da2a92957b8396556fb0af4aec6537,Hspa1a,http://purl.obolibrary.org/obo/NCBITaxon_10090,http://www.ncbi.nlm.nih.gov/gene/193740,-1.36417,0.0150473,OSD-525
https://purl.org/okn/frink/kg/spoke-genelab/node/OSD-525-06da2a92957b8396556fb0af4aec6537,Noxred1,http://purl.obolibrary.org/obo/NCBITaxon_10090,http://www.ncbi.nlm.nih.gov/gene/71275,-1.16676,0.000534396,OSD-525
https://purl.org/okn/frink/kg/spoke-genelab/node/OSD-525-06da2a92957b8396556fb0af4aec6537,Ahsa2,http://purl.obolibrary.org/obo/NCBITaxon_10090,http://www.ncbi.nlm.nih.gov/gene/268390,-1.13997,2.51334e-07,OSD-525
https://purl.org/okn/frink/kg/spoke-genelab/node/OSD-525-06da2a92957b8396556fb0af4aec6537,Opn3,http://purl.obolibrary.org/obo/NCBITaxon_10090,http://www.ncbi.nlm.nih.gov/gene/13603,-1.28521,6.06088e-17,OSD-525
https://purl.org/okn/frink/kg/spoke-genelab/node/OSD-525-06da2a92957b8396556fb0af4aec6537,Gm15510,http://purl.obolibrary.org/obo/NCBITaxon_10090,http://www.ncbi.nlm.nih.gov/gene/102640192,1.20144,1.86348e-07,OSD-525
https://purl.org/okn/frink/kg/spoke-genelab/node/OSD-525-06da2a92957b8396556fb0af4aec6537,Cd300lb,http://purl.obolibrary.org/obo/NCBITaxon_10090,http://www.ncbi.nlm.nih.gov/gene/217304,-1.9744,0.000836979,OSD-525
https://purl.org/okn/frink/kg/spoke-genelab/node/OSD-525-06da2a92957b8396556fb0af4aec6537,H3c14,http://purl.obolibrary.org/obo/NCBITaxon_10090,http://www.ncbi.nlm.nih.gov/gene/15077,-1.05277,1.67649e-05,OSD-525
https://purl.org/okn/frink/kg/spoke-genelab/node/OSD-525-06da2a92957b8396556fb0af4aec6537,Igfn1,http://purl.obolibrary.org/obo/NCBITaxon_10090,http://www.ncbi.nlm.nih.gov/gene/226438,2.13564,0.0033062,OSD-525
https://purl.org/okn/frink/kg/spoke-genelab/node/OSD-525-06da2a92957b8396556fb0af4aec6537,Ms4a4b,http://purl.obolibrary.org/obo/NCBITaxon_10090,http://www.ncbi.nlm.nih.gov/gene/60361,-2.44922,0.0126525,OSD-525
https://purl.org/okn/frink/kg/spoke-genelab/node/OSD-525-06da2a92957b8396556fb0af4aec6537,Gm16062,http://purl.obolibrary.org/obo/NCBITaxon_10090,http://www.ncbi.nlm.nih.gov/gene/100504104,-1.5555,9.89916e-14,OSD-525
https://purl.org/okn/frink/kg/spoke-genelab/node/OSD-525-06da2a92957b8396556fb0af4aec6537,Mall,http://purl.obolibrary.org/obo/NCBITaxon_10090,http://www.ncbi.nlm.nih.gov/gene/228576,-1.00173,0.0430096,OSD-525
https://purl.org/okn/frink/kg/spoke-genelab/node/OSD-525-06da2a92957b8396556fb0af4aec6537,Lrriq1,http://purl.obolibrary.org/obo/NCBITaxon_10090,http://www.ncbi.nlm.nih.gov/gene/74978,1.53577,0.00228326,OSD-525
https://purl.org/okn/frink/kg/spoke-genelab/node/OSD-525-06da2a92957b8396556fb0af4aec6537,Slc16a8,http://purl.obolibrary.org/obo/NCBITaxon_10090,http://www.ncbi.nlm.nih.gov/gene/57274,3.24738,0.028279,OSD-525
https://purl.org/okn/frink/kg/spoke-genelab/node/OSD-525-06da2a92957b8396556fb0af4aec6537,0610040F04Rik,http://purl.obolibrary.org/obo/NCBITaxon_10090,http://www.ncbi.nlm.nih.gov/gene/75394,1.05697,0.0484083,OSD-525
https://purl.org/okn/frink/kg/spoke-genelab/node/OSD-525-06da2a92957b8396556fb0af4aec6537,Tssk5,http://purl.obolibrary.org/obo/NCBITaxon_10090,http://www.ncbi.nlm.nih.gov/gene/73542,1.07069,0.00456721,OSD-525
https://purl.org/okn/frink/kg/spoke-genelab/node/OSD-525-06da2a92957b8396556fb0af4aec6537,Gabrr2,http://purl.obolibrary.org/obo/NCBITaxon_10090,http://www.ncbi.nlm.nih.gov/gene/14409,1.18747,0.0201235,OSD-525
https://purl.org/okn/frink/kg/spoke-genelab/node/OSD-525-06da2a92957b8396556fb0af4aec6537,Thbs3,http://purl.obolibrary.org/obo/NCBITaxon_10090,http://www.ncbi.nlm.nih.gov/gene/21827,1.21746,0.00299135,OSD-525
https://purl.org/okn/frink/kg/spoke-genelab/node/OSD-525-06da2a92957b8396556fb0af4aec6537,Fcrls,http://purl.obolibrary.org/obo/NCBITaxon_10090,http://www.ncbi.nlm.nih.gov/gene/80891,-1.08588,4.37493e-06,OSD-525
https://purl.org/okn/frink/kg/spoke-genelab/node/OSD-525-06da2a92957b8396556fb0af4aec6537,Aoc2,http://purl.obolibrary.org/obo/NCBITaxon_10090,http://www.ncbi.nlm.nih.gov/gene/237940,-1.4381,0.00417557,OSD-525
https://purl.org/okn/frink/kg/spoke-genelab/node/OSD-525-06da2a92957b8396556fb0af4aec6537,Or8b53,http://purl.obolibrary.org/obo/NCBITaxon_10090,http://www.ncbi.nlm.nih.gov/gene/258783,2.05119,0.000715333,OSD-525
https://purl.org/okn/frink/kg/spoke-genelab/node/OSD-525-06da2a92957b8396556fb0af4aec6537,0610040B10Rik,http://purl.obolibrary.org/obo/NCBITaxon_10090,http://www.ncbi.nlm.nih.gov/gene/67672,1.00808,8.13655e-05,OSD-525
https://purl.org/okn/frink/kg/spoke-genelab/node/OSD-525-06da2a92957b8396556fb0af4aec6537,Avil,http://purl.obolibrary.org/obo/NCBITaxon_10090,http://www.ncbi.nlm.nih.gov/gene/11567,-2.01476,0.00110185,OSD-525
https://purl.org/okn/frink/kg/spoke-genelab/node/OSD-525-06da2a92957b8396556fb0af4aec6537,Dok3,http://purl.obolibrary.org/obo/NCBITaxon_10090,http://www.ncbi.nlm.nih.gov/gene/27261,-1.81816,0.00492633,OSD-525
https://purl.org/okn/frink/kg/spoke-genelab/node/OSD-525-06da2a92957b8396556fb0af4aec6537,Serpina3g,http://purl.obolibrary.org/obo/NCBITaxon_10090,http://www.ncbi.nlm.nih.gov/gene/20715,-2.11076,0.0222679,OSD-525
https://purl.org/okn/frink/kg/spoke-genelab/node/OSD-525-06da2a92957b8396556fb0af4aec6537,Hmga1b,http://purl.obolibrary.org/obo/NCBITaxon_10090,http://www.ncbi.nlm.nih.gov/gene/111241,-8.31182,0.000100853,OSD-525
https://purl.org/okn/frink/kg/spoke-genelab/node/OSD-525-06da2a92957b8396556fb0af4aec6537,Gm10069,http://purl.obolibrary.org/obo/NCBITaxon_10090,http://www.ncbi.nlm.nih.gov/gene/791299,-1.25902,0.000179584,OSD-525
https://purl.org/okn/frink/kg/spoke-genelab/node/OSD-525-06da2a92957b8396556fb0af4aec6537,H4c14,http://purl.obolibrary.org/obo/NCBITaxon_10090,http://www.ncbi.nlm.nih.gov/gene/97122,-1.07341,1.59395e-07,OSD-525
https://purl.org/okn/frink/kg/spoke-genelab/node/OSD-525-06da2a92957b8396556fb0af4aec6537,Sele,http://purl.obolibrary.org/obo/NCBITaxon_10090,http://www.ncbi.nlm.nih.gov/gene/20339,-6.00188,0.00806719,OSD-525
https://purl.org/okn/frink/kg/spoke-genelab/node/OSD-525-06da2a92957b8396556fb0af4aec6537,Igsf5,http://purl.obolibrary.org/obo/NCBITaxon_10090,http://www.ncbi.nlm.nih.gov/gene/72058,1.40535,0.0122909,OSD-525
https://purl.org/okn/frink/kg/spoke-genelab/node/OSD-525-06da2a92957b8396556fb0af4aec6537,Cfap57,http://purl.obolibrary.org/obo/NCBITaxon_10090,http://www.ncbi.nlm.nih.gov/gene/68625,-1.10205,0.0359661,OSD-525
https://purl.org/okn/frink/kg/spoke-genelab/node/OSD-525-06da2a92957b8396556fb0af4aec6537,Plekhg4,http://purl.obolibrary.org/obo/NCBITaxon_10090,http://www.ncbi.nlm.nih.gov/gene/102075,-1.49992,0.000137589,OSD-525
https://purl.org/okn/frink/kg/spoke-genelab/node/OSD-525-06da2a92957b8396556fb0af4aec6537,Cnn1,http://purl.obolibrary.org/obo/NCBITaxon_10090,http://www.ncbi.nlm.nih.gov/gene/12797,-2.25336,0.00850822,OSD-525
https://purl.org/okn/frink/kg/spoke-genelab/node/OSD-525-06da2a92957b8396556fb0af4aec6537,Ccl11,http://purl.obolibrary.org/obo/NCBITaxon_10090,http://www.ncbi.nlm.nih.gov/gene/20292,-1.82424,0.028279,OSD-525
https://purl.org/okn/frink/kg/spoke-genelab/node/OSD-525-06da2a92957b8396556fb0af4aec6537,Gm8251,http://purl.obolibrary.org/obo/NCBITaxon_10090,http://www.ncbi.nlm.nih.gov/gene/102636082,-1.38071,0.000233731,OSD-525
https://purl.org/okn/frink/kg/spoke-genelab/node/OSD-525-06da2a92957b8396556fb0af4aec6537,B230319C09Rik,http://purl.obolibrary.org/obo/NCBITaxon_10090,http://www.ncbi.nlm.nih.gov/gene/320775,1.0307,0.0161575,OSD-525
https://purl.org/okn/frink/kg/spoke-genelab/node/OSD-525-06da2a92957b8396556fb0af4aec6537,Defb42,http://purl.obolibrary.org/obo/NCBITaxon_10090,http://www.ncbi.nlm.nih.gov/gene/619548,1.29043,9.14082e-11,OSD-525
https://purl.org/okn/frink/kg/spoke-genelab/node/OSD-525-06da2a92957b8396556fb0af4aec6537,Spta1,http://purl.obolibrary.org/obo/NCBITaxon_10090,http://www.ncbi.nlm.nih.gov/gene/20739,1.52636,0.0191222,OSD-525
https://purl.org/okn/frink/kg/spoke-genelab/node/OSD-525-06da2a92957b8396556fb0af4aec6537,Fbxl22,http://purl.obolibrary.org/obo/NCBITaxon_10090,http://www.ncbi.nlm.nih.gov/gene/74165,-2.00015,8.13583e-14,OSD-525
https://purl.org/okn/frink/kg/spoke-genelab/node/OSD-525-06da2a92957b8396556fb0af4aec6537,Ctsw,http://purl.obolibrary.org/obo/NCBITaxon_10090,http://www.ncbi.nlm.nih.gov/gene/13041,-1.95463,0.00447036,OSD-525
https://purl.org/okn/frink/kg/spoke-genelab/node/OSD-525-06da2a92957b8396556fb0af4aec6537,Snord13|Gm57763,http://purl.obolibrary.org/obo/NCBITaxon_10090,http://www.ncbi.nlm.nih.gov/gene/115490494,-1.65145,0.0403881,OSD-525
https://purl.org/okn/frink/kg/spoke-genelab/node/OSD-525-06da2a92957b8396556fb0af4aec6537,Thap6,http://purl.obolibrary.org/obo/NCBITaxon_10090,http://www.ncbi.nlm.nih.gov/gene/381650,1.20857,0.0158301,OSD-525
https://purl.org/okn/frink/kg/spoke-genelab/node/OSD-525-06da2a92957b8396556fb0af4aec6537,Serpinh1,http://purl.obolibrary.org/obo/NCBITaxon_10090,http://www.ncbi.nlm.nih.gov/gene/12406,-1.21673,1.22972e-09,OSD-525
https://purl.org/okn/frink/kg/spoke-genelab/node/OSD-525-06da2a92957b8396556fb0af4aec6537,Clic3,http://purl.obolibrary.org/obo/NCBITaxon_10090,http://www.ncbi.nlm.nih.gov/gene/69454,2.61412,0.0431215,OSD-525
https://purl.org/okn/frink/kg/spoke-genelab/node/OSD-525-06da2a92957b8396556fb0af4aec6537,Serpina3f,http://purl.obolibrary.org/obo/NCBITaxon_10090,http://www.ncbi.nlm.nih.gov/gene/238393,-4.21489,0.0317835,OSD-525
https://purl.org/okn/frink/kg/spoke-genelab/node/OSD-525-06da2a92957b8396556fb0af4aec6537,Derl3,http://purl.obolibrary.org/obo/NCBITaxon_10090,http://www.ncbi.nlm.nih.gov/gene/70377,-1.71095,0.042721,OSD-525
https://purl.org/okn/frink/kg/spoke-genelab/node/OSD-525-06da2a92957b8396556fb0af4aec6537,Fgf20,http://purl.obolibrary.org/obo/NCBITaxon_10090,http://www.ncbi.nlm.nih.gov/gene/80857,1.115,0.045581,OSD-525
https://purl.org/okn/frink/kg/spoke-genelab/node/OSD-525-06da2a92957b8396556fb0af4aec6537,Ooep,http://purl.obolibrary.org/obo/NCBITaxon_10090,http://www.ncbi.nlm.nih.gov/gene/67968,2.19659,0.00528552,OSD-525
https://purl.org/okn/frink/kg/spoke-genelab/node/OSD-525-06da2a92957b8396556fb0af4aec6537,H2bc6,http://purl.obolibrary.org/obo/NCBITaxon_10090,http://www.ncbi.nlm.nih.gov/gene/319179,-1.01003,2.98308e-07,OSD-525
https://purl.org/okn/frink/kg/spoke-genelab/node/OSD-525-06da2a92957b8396556fb0af4aec6537,Adgre4,http://purl.obolibrary.org/obo/NCBITaxon_10090,http://www.ncbi.nlm.nih.gov/gene/52614,-2.55241,0.010837,OSD-525
https://purl.org/okn/frink/kg/spoke-genelab/node/OSD-525-06da2a92957b8396556fb0af4aec6537,Gm4767,http://purl.obolibrary.org/obo/NCBITaxon_10090,http://www.ncbi.nlm.nih.gov/gene/210583,2.51688,0.00644945,OSD-525
https://purl.org/okn/frink/kg/spoke-genelab/node/OSD-561-7d663c7ebf1e58f048ff65d1d5c8f174,Col8a1,http://purl.obolibrary.org/obo/NCBITaxon_10090,http://www.ncbi.nlm.nih.gov/gene/12837,-1.93343,0.0359363,OSD-561
https://purl.org/okn/frink/kg/spoke-genelab/node/OSD-561-88e39e1da986726e6bf35b80ff03d568,Snord3b2,http://purl.obolibrary.org/obo/NCBITaxon_10090,http://www.ncbi.nlm.nih.gov/gene/19859,22.5253,3.99792e-06,OSD-561
https://purl.org/okn/frink/kg/spoke-genelab/node/OSD-561-88e39e1da986726e6bf35b80ff03d568,Gm10222,http://purl.obolibrary.org/obo/NCBITaxon_10090,http://www.ncbi.nlm.nih.gov/gene/100142658,-23.8448,0.000511506,OSD-561
https://purl.org/okn/frink/kg/spoke-genelab/node/OSD-561-88e39e1da986726e6bf35b80ff03d568,Snord3b1,http://purl.obolibrary.org/obo/NCBITaxon_10090,http://www.ncbi.nlm.nih.gov/gene/19858,22.5271,0.00079646,OSD-561
https://purl.org/okn/frink/kg/spoke-genelab/node/OSD-561-88e39e1da986726e6bf35b80ff03d568,Snord3b3,http://purl.obolibrary.org/obo/NCBITaxon_10090,http://www.ncbi.nlm.nih.gov/gene/19860,22.5271,0.00079646,OSD-561
https://purl.org/okn/frink/kg/spoke-genelab/node/OSD-562-1ccd55b102224b7b67cf506acf014264,Gm12671,http://purl.obolibrary.org/obo/NCBITaxon_10090,http://www.ncbi.nlm.nih.gov/gene/654475,-20.3619,0.000345304,OSD-562
https://purl.org/okn/frink/kg/spoke-genelab/node/OSD-563-90f07ddf134a1c4eb2b3bd13673e2728,Chrna3,http://purl.obolibrary.org/obo/NCBITaxon_10090,http://www.ncbi.nlm.nih.gov/gene/110834,2.1486,0.000795328,OSD-563
https://purl.org/okn/frink/kg/spoke-genelab/node/OSD-563-90f07ddf134a1c4eb2b3bd13673e2728,Tcf7l2,http://purl.obolibrary.org/obo/NCBITaxon_10090,http://www.ncbi.nlm.nih.gov/gene/21416,2.32141,0.0454008,OSD-563
https://purl.org/okn/frink/kg/spoke-genelab/node/OSD-564-3d5c4773f0c1e95ff63e2798906c2277,Rps25,http://purl.obolibrary.org/obo/NCBITaxon_10090,http://www.ncbi.nlm.nih.gov/gene/75617,-1.13618,0.00271331,OSD-564
https://purl.org/okn/frink/kg/spoke-genelab/node/OSD-564-3d5c4773f0c1e95ff63e2798906c2277,Rpl35,http://purl.obolibrary.org/obo/NCBITaxon_10090,http://www.ncbi.nlm.nih.gov/gene/66489,-1.09947,0.00181838,OSD-564
https://purl.org/okn/frink/kg/spoke-genelab/node/OSD-564-3d5c4773f0c1e95ff63e2798906c2277,Rpl32,http://purl.obolibrary.org/obo/NCBITaxon_10090,http://www.ncbi.nlm.nih.gov/gene/19951,-1.05634,0.00637846,OSD-564
https://purl.org/okn/frink/kg/spoke-genelab/node/OSD-564-3d5c4773f0c1e95ff63e2798906c2277,Rpl12,http://purl.obolibrary.org/obo/NCBITaxon_10090,http://www.ncbi.nlm.nih.gov/gene/269261,-1.12433,0.00105318,OSD-564
https://purl.org/okn/frink/kg/spoke-genelab/node/OSD-564-3d5c4773f0c1e95ff63e2798906c2277,Rpl41,http://purl.obolibrary.org/obo/NCBITaxon_10090,http://www.ncbi.nlm.nih.gov/gene/67945,-1.11684,0.00143852,OSD-564
https://purl.org/okn/frink/kg/spoke-genelab/node/OSD-564-3d5c4773f0c1e95ff63e2798906c2277,Rps12,http://purl.obolibrary.org/obo/NCBITaxon_10090,http://www.ncbi.nlm.nih.gov/gene/20042,-1.30945,0.00118508,OSD-564
https://purl.org/okn/frink/kg/spoke-genelab/node/OSD-564-3d5c4773f0c1e95ff63e2798906c2277,Aqp1,http://purl.obolibrary.org/obo/NCBITaxon_10090,http://www.ncbi.nlm.nih.gov/gene/11826,1.05079,0.026187,OSD-564
https://purl.org/okn/frink/kg/spoke-genelab/node/OSD-564-3d5c4773f0c1e95ff63e2798906c2277,Ccnb1,http://purl.obolibrary.org/obo/NCBITaxon_10090,http://www.ncbi.nlm.nih.gov/gene/268697,-1.22766,0.00576456,OSD-564
https://purl.org/okn/frink/kg/spoke-genelab/node/OSD-564-3d5c4773f0c1e95ff63e2798906c2277,Rps19,http://purl.obolibrary.org/obo/NCBITaxon_10090,http://www.ncbi.nlm.nih.gov/gene/20085,-1.11006,0.00246176,OSD-564
https://purl.org/okn/frink/kg/spoke-genelab/node/OSD-564-3d5c4773f0c1e95ff63e2798906c2277,Rpl9-ps6,http://purl.obolibrary.org/obo/NCBITaxon_10090,http://www.ncbi.nlm.nih.gov/gene/100042823,-1.55328,0.000471016,OSD-564
https://purl.org/okn/frink/kg/spoke-genelab/node/OSD-564-3d5c4773f0c1e95ff63e2798906c2277,Snora73a,http://purl.obolibrary.org/obo/NCBITaxon_10090,http://www.ncbi.nlm.nih.gov/gene/100306944,-1.68675,0.0110744,OSD-564
https://purl.org/okn/frink/kg/spoke-genelab/node/OSD-564-3d5c4773f0c1e95ff63e2798906c2277,Lpl,http://purl.obolibrary.org/obo/NCBITaxon_10090,http://www.ncbi.nlm.nih.gov/gene/16956,1.11854,0.0223178,OSD-564
https://purl.org/okn/frink/kg/spoke-genelab/node/OSD-564-3d5c4773f0c1e95ff63e2798906c2277,Mrps25,http://purl.obolibrary.org/obo/NCBITaxon_10090,http://www.ncbi.nlm.nih.gov/gene/64658,1.24342,0.00079813,OSD-564
https://purl.org/okn/frink/kg/spoke-genelab/node/OSD-564-3d5c4773f0c1e95ff63e2798906c2277,Bola2,http://purl.obolibrary.org/obo/NCBITaxon_10090,http://www.ncbi.nlm.nih.gov/gene/66162,-1.01438,0.0212052,OSD-564
https://purl.org/okn/frink/kg/spoke-genelab/node/OSD-564-3d5c4773f0c1e95ff63e2798906c2277,Rps21,http://purl.obolibrary.org/obo/NCBITaxon_10090,http://www.ncbi.nlm.nih.gov/gene/66481,-1.35446,0.000801649,OSD-564
https://purl.org/okn/frink/kg/spoke-genelab/node/OSD-564-3d5c4773f0c1e95ff63e2798906c2277,Rpl36,http://purl.obolibrary.org/obo/NCBITaxon_10090,http://www.ncbi.nlm.nih.gov/gene/54217,-1.22397,0.000885182,OSD-564
https://purl.org/okn/frink/kg/spoke-genelab/node/OSD-564-3d5c4773f0c1e95ff63e2798906c2277,Rpl9,http://purl.obolibrary.org/obo/NCBITaxon_10090,http://www.ncbi.nlm.nih.gov/gene/20005,-1.31144,0.00278492,OSD-564
https://purl.org/okn/frink/kg/spoke-genelab/node/OSD-564-3d5c4773f0c1e95ff63e2798906c2277,Rgs18,http://purl.obolibrary.org/obo/NCBITaxon_10090,http://www.ncbi.nlm.nih.gov/gene/64214,-1.76801,0.0352547,OSD-564
https://purl.org/okn/frink/kg/spoke-genelab/node/OSD-564-3d5c4773f0c1e95ff63e2798906c2277,Mlxipl,http://purl.obolibrary.org/obo/NCBITaxon_10090,http://www.ncbi.nlm.nih.gov/gene/58805,-1.37644,0.025546,OSD-564
https://purl.org/okn/frink/kg/spoke-genelab/node/OSD-564-3d5c4773f0c1e95ff63e2798906c2277,Snrpg,http://purl.obolibrary.org/obo/NCBITaxon_10090,http://www.ncbi.nlm.nih.gov/gene/68011,-1.05205,0.000573473,OSD-564
https://purl.org/okn/frink/kg/spoke-genelab/node/OSD-564-3d5c4773f0c1e95ff63e2798906c2277,Rpl22l1,http://purl.obolibrary.org/obo/NCBITaxon_10090,http://www.ncbi.nlm.nih.gov/gene/68028,-1.10876,0.00494075,OSD-564
https://purl.org/okn/frink/kg/spoke-genelab/node/OSD-564-3d5c4773f0c1e95ff63e2798906c2277,Hbb-b1|Hbb-bs,http://purl.obolibrary.org/obo/NCBITaxon_10090,http://www.ncbi.nlm.nih.gov/gene/15129,-1.42691,0.0398924,OSD-564
https://purl.org/okn/frink/kg/spoke-genelab/node/OSD-564-3d5c4773f0c1e95ff63e2798906c2277,COX2,http://purl.obolibrary.org/obo/NCBITaxon_10090,http://www.ncbi.nlm.nih.gov/gene/17709,-1.36496,0.0183184,OSD-564
https://purl.org/okn/frink/kg/spoke-genelab/node/OSD-564-3d5c4773f0c1e95ff63e2798906c2277,Rpl39,http://purl.obolibrary.org/obo/NCBITaxon_10090,http://www.ncbi.nlm.nih.gov/gene/67248,-1.09145,0.00590837,OSD-564
https://purl.org/okn/frink/kg/spoke-genelab/node/OSD-564-3d5c4773f0c1e95ff63e2798906c2277,Cmah,http://purl.obolibrary.org/obo/NCBITaxon_10090,http://www.ncbi.nlm.nih.gov/gene/12763,-1.84561,0.005447,OSD-564
https://purl.org/okn/frink/kg/spoke-genelab/node/OSD-564-3d5c4773f0c1e95ff63e2798906c2277,Hbb-b1|Hbb-bs,http://purl.obolibrary.org/obo/NCBITaxon_10090,http://www.ncbi.nlm.nih.gov/gene/100503605,-1.42691,0.0398924,OSD-564
https://purl.org/okn/frink/kg/spoke-genelab/node/OSD-564-3d5c4773f0c1e95ff63e2798906c2277,Ikzf3,http://purl.obolibrary.org/obo/NCBITaxon_10090,http://www.ncbi.nlm.nih.gov/gene/22780,-1.9602,0.00694405,OSD-564
https://purl.org/okn/frink/kg/spoke-genelab/node/OSD-564-3d5c4773f0c1e95ff63e2798906c2277,Rny3,http://purl.obolibrary.org/obo/NCBITaxon_10090,http://www.ncbi.nlm.nih.gov/gene/19874,-1.35372,0.0475244,OSD-564
https://purl.org/okn/frink/kg/spoke-genelab/node/OSD-564-3d5c4773f0c1e95ff63e2798906c2277,Atp5mk|Gm35857,http://purl.obolibrary.org/obo/NCBITaxon_10090,http://www.ncbi.nlm.nih.gov/gene/66477,-1.09776,0.00349487,OSD-564
https://purl.org/okn/frink/kg/spoke-genelab/node/OSD-564-3d5c4773f0c1e95ff63e2798906c2277,Rps27a,http://purl.obolibrary.org/obo/NCBITaxon_10090,http://www.ncbi.nlm.nih.gov/gene/78294,-1.09757,0.002428,OSD-564
https://purl.org/okn/frink/kg/spoke-genelab/node/OSD-564-3d5c4773f0c1e95ff63e2798906c2277,Atp5mk|Gm35857,http://purl.obolibrary.org/obo/NCBITaxon_10090,http://www.ncbi.nlm.nih.gov/gene/102639577,-1.09776,0.00349487,OSD-564
https://purl.org/okn/frink/kg/spoke-genelab/node/OSD-564-3d5c4773f0c1e95ff63e2798906c2277,Erhrt-ps,http://purl.obolibrary.org/obo/NCBITaxon_10090,http://www.ncbi.nlm.nih.gov/gene/100042777,-1.03222,0.0143168,OSD-564
https://purl.org/okn/frink/kg/spoke-genelab/node/OSD-564-3d5c4773f0c1e95ff63e2798906c2277,Ndufb4|Ndufb4c|Ndufb4b,http://purl.obolibrary.org/obo/NCBITaxon_10090,http://www.ncbi.nlm.nih.gov/gene/100041273,-1.08111,0.00249361,OSD-564
https://purl.org/okn/frink/kg/spoke-genelab/node/OSD-564-3d5c4773f0c1e95ff63e2798906c2277,Gm10076,http://purl.obolibrary.org/obo/NCBITaxon_10090,http://www.ncbi.nlm.nih.gov/gene/100126819,-1.32666,0.000233889,OSD-564
https://purl.org/okn/frink/kg/spoke-genelab/node/OSD-564-3d5c4773f0c1e95ff63e2798906c2277,Rpl37a,http://purl.obolibrary.org/obo/NCBITaxon_10090,http://www.ncbi.nlm.nih.gov/gene/19981,-1.0227,0.005447,OSD-564
https://purl.org/okn/frink/kg/spoke-genelab/node/OSD-564-3d5c4773f0c1e95ff63e2798906c2277,Zfp560,http://purl.obolibrary.org/obo/NCBITaxon_10090,http://www.ncbi.nlm.nih.gov/gene/434377,-1.00858,0.000379898,OSD-564
https://purl.org/okn/frink/kg/spoke-genelab/node/OSD-564-3d5c4773f0c1e95ff63e2798906c2277,Adam4,http://purl.obolibrary.org/obo/NCBITaxon_10090,http://www.ncbi.nlm.nih.gov/gene/11498,-1.11383,0.0144414,OSD-564
https://purl.org/okn/frink/kg/spoke-genelab/node/OSD-564-3d5c4773f0c1e95ff63e2798906c2277,Psmg4,http://purl.obolibrary.org/obo/NCBITaxon_10090,http://www.ncbi.nlm.nih.gov/gene/69666,-1.01656,0.00512934,OSD-564
https://purl.org/okn/frink/kg/spoke-genelab/node/OSD-564-3d5c4773f0c1e95ff63e2798906c2277,Rps24,http://purl.obolibrary.org/obo/NCBITaxon_10090,http://www.ncbi.nlm.nih.gov/gene/20088,-1.06106,0.00534784,OSD-564
https://purl.org/okn/frink/kg/spoke-genelab/node/OSD-564-3d5c4773f0c1e95ff63e2798906c2277,Rpl17,http://purl.obolibrary.org/obo/NCBITaxon_10090,http://www.ncbi.nlm.nih.gov/gene/319195,-1.25323,0.00078763,OSD-564
https://purl.org/okn/frink/kg/spoke-genelab/node/OSD-564-3d5c4773f0c1e95ff63e2798906c2277,Rps18,http://purl.obolibrary.org/obo/NCBITaxon_10090,http://www.ncbi.nlm.nih.gov/gene/20084,-1.06174,0.00864462,OSD-564
https://purl.org/okn/frink/kg/spoke-genelab/node/OSD-564-3d5c4773f0c1e95ff63e2798906c2277,Ndufb4|Ndufb4c|Ndufb4b,http://purl.obolibrary.org/obo/NCBITaxon_10090,http://www.ncbi.nlm.nih.gov/gene/100042503,-1.08111,0.00249361,OSD-564
https://purl.org/okn/frink/kg/spoke-genelab/node/OSD-564-3d5c4773f0c1e95ff63e2798906c2277,Sh2b2,http://purl.obolibrary.org/obo/NCBITaxon_10090,http://www.ncbi.nlm.nih.gov/gene/23921,1.40007,0.0226191,OSD-564
https://purl.org/okn/frink/kg/spoke-genelab/node/OSD-564-3d5c4773f0c1e95ff63e2798906c2277,Rpl35a,http://purl.obolibrary.org/obo/NCBITaxon_10090,http://www.ncbi.nlm.nih.gov/gene/57808,-1.23948,0.00175932,OSD-564
https://purl.org/okn/frink/kg/spoke-genelab/node/OSD-564-3d5c4773f0c1e95ff63e2798906c2277,Gm26448,http://purl.obolibrary.org/obo/NCBITaxon_10090,http://www.ncbi.nlm.nih.gov/gene/115487256,-1.94282,4.14037e-08,OSD-564
https://purl.org/okn/frink/kg/spoke-genelab/node/OSD-564-3d5c4773f0c1e95ff63e2798906c2277,Polr2k,http://purl.obolibrary.org/obo/NCBITaxon_10090,http://www.ncbi.nlm.nih.gov/gene/17749,-1.22021,0.000124927,OSD-564
https://purl.org/okn/frink/kg/spoke-genelab/node/OSD-564-3d5c4773f0c1e95ff63e2798906c2277,Chchd1,http://purl.obolibrary.org/obo/NCBITaxon_10090,http://www.ncbi.nlm.nih.gov/gene/66121,-1.02002,0.00316498,OSD-564
https://purl.org/okn/frink/kg/spoke-genelab/node/OSD-564-3d5c4773f0c1e95ff63e2798906c2277,Ndufb4|Ndufb4c|Ndufb4b,http://purl.obolibrary.org/obo/NCBITaxon_10090,http://www.ncbi.nlm.nih.gov/gene/68194,-1.08111,0.00249361,OSD-564
https://purl.org/okn/frink/kg/spoke-genelab/node/OSD-564-3d5c4773f0c1e95ff63e2798906c2277,Zfas1,http://purl.obolibrary.org/obo/NCBITaxon_10090,http://www.ncbi.nlm.nih.gov/gene/68949,-1.57031,0.000172385,OSD-564
https://purl.org/okn/frink/kg/spoke-genelab/node/OSD-564-3d5c4773f0c1e95ff63e2798906c2277,Rps23-ps1,http://purl.obolibrary.org/obo/NCBITaxon_10090,http://www.ncbi.nlm.nih.gov/gene/100038875,-1.25739,0.0487148,OSD-564
https://purl.org/okn/frink/kg/spoke-genelab/node/OSD-564-3d5c4773f0c1e95ff63e2798906c2277,Rpl36-ps12,http://purl.obolibrary.org/obo/NCBITaxon_10090,http://www.ncbi.nlm.nih.gov/gene/100043718,-1.28795,0.0195952,OSD-564
https://purl.org/okn/frink/kg/spoke-genelab/node/OSD-564-3d5c4773f0c1e95ff63e2798906c2277,Rac2,http://purl.obolibrary.org/obo/NCBITaxon_10090,http://www.ncbi.nlm.nih.gov/gene/19354,1.78758,0.0114273,OSD-564
https://purl.org/okn/frink/kg/spoke-genelab/node/OSD-564-3d5c4773f0c1e95ff63e2798906c2277,Pet100,http://purl.obolibrary.org/obo/NCBITaxon_10090,http://www.ncbi.nlm.nih.gov/gene/100503890,-1.00607,0.00731029,OSD-564
https://purl.org/okn/frink/kg/spoke-genelab/node/OSD-564-3d5c4773f0c1e95ff63e2798906c2277,Chrna1os,http://purl.obolibrary.org/obo/NCBITaxon_10090,http://www.ncbi.nlm.nih.gov/gene/102633437,-1.08566,0.0223615,OSD-564
https://purl.org/okn/frink/kg/spoke-genelab/node/OSD-564-3d5c4773f0c1e95ff63e2798906c2277,Snora26,http://purl.obolibrary.org/obo/NCBITaxon_10090,http://www.ncbi.nlm.nih.gov/gene/100313943,-2.43734,1.9549e-07,OSD-564
https://purl.org/okn/frink/kg/spoke-genelab/node/OSD-564-3d5c4773f0c1e95ff63e2798906c2277,Gt(ROSA)26Sor,http://purl.obolibrary.org/obo/NCBITaxon_10090,http://www.ncbi.nlm.nih.gov/gene/14910,-1.00195,0.000924271,OSD-564
https://purl.org/okn/frink/kg/spoke-genelab/node/OSD-564-3d5c4773f0c1e95ff63e2798906c2277,2410006H16Rik,http://purl.obolibrary.org/obo/NCBITaxon_10090,http://www.ncbi.nlm.nih.gov/gene/69221,-1.41324,0.00118909,OSD-564
https://purl.org/okn/frink/kg/spoke-genelab/node/OSD-564-3d5c4773f0c1e95ff63e2798906c2277,4933406I18Rik,http://purl.obolibrary.org/obo/NCBITaxon_10090,http://www.ncbi.nlm.nih.gov/gene/71045,-1.27518,0.005447,OSD-564
https://purl.org/okn/frink/kg/spoke-genelab/node/OSD-564-3d5c4773f0c1e95ff63e2798906c2277,C920021L13Rik,http://purl.obolibrary.org/obo/NCBITaxon_10090,http://www.ncbi.nlm.nih.gov/gene/100042889,-1.19813,0.00672614,OSD-564
https://purl.org/okn/frink/kg/spoke-genelab/node/OSD-564-3d5c4773f0c1e95ff63e2798906c2277,Zfx,http://purl.obolibrary.org/obo/NCBITaxon_10090,http://www.ncbi.nlm.nih.gov/gene/22764,-1.14624,0.00567773,OSD-564
https://purl.org/okn/frink/kg/spoke-genelab/node/OSD-564-3d5c4773f0c1e95ff63e2798906c2277,Gm53058,http://purl.obolibrary.org/obo/NCBITaxon_10090,http://www.ncbi.nlm.nih.gov/gene/118027462,-1.03786,0.00372128,OSD-564
https://purl.org/okn/frink/kg/spoke-genelab/node/OSD-564-3d5c4773f0c1e95ff63e2798906c2277,Cd209a,http://purl.obolibrary.org/obo/NCBITaxon_10090,http://www.ncbi.nlm.nih.gov/gene/170786,-2.2645,0.00183184,OSD-564
https://purl.org/okn/frink/kg/spoke-genelab/node/OSD-564-3d5c4773f0c1e95ff63e2798906c2277,Rps3,http://purl.obolibrary.org/obo/NCBITaxon_10090,http://www.ncbi.nlm.nih.gov/gene/27050,-1.06591,0.00661164,OSD-564
https://purl.org/okn/frink/kg/spoke-genelab/node/OSD-564-3d5c4773f0c1e95ff63e2798906c2277,Gas2,http://purl.obolibrary.org/obo/NCBITaxon_10090,http://www.ncbi.nlm.nih.gov/gene/14453,-1.01572,0.0314731,OSD-564
https://purl.org/okn/frink/kg/spoke-genelab/node/OSD-564-3d5c4773f0c1e95ff63e2798906c2277,Pik3c2g,http://purl.obolibrary.org/obo/NCBITaxon_10090,http://www.ncbi.nlm.nih.gov/gene/18705,2.60022,0.0206811,OSD-564
https://purl.org/okn/frink/kg/spoke-genelab/node/OSD-564-3d5c4773f0c1e95ff63e2798906c2277,Stoml3,http://purl.obolibrary.org/obo/NCBITaxon_10090,http://www.ncbi.nlm.nih.gov/gene/229277,1.54671,0.0479777,OSD-564
https://purl.org/okn/frink/kg/spoke-genelab/node/OSD-564-3d5c4773f0c1e95ff63e2798906c2277,Map3k6,http://purl.obolibrary.org/obo/NCBITaxon_10090,http://www.ncbi.nlm.nih.gov/gene/53608,1.09754,0.0338207,OSD-564
https://purl.org/okn/frink/kg/spoke-genelab/node/OSD-564-3d5c4773f0c1e95ff63e2798906c2277,Rps14,http://purl.obolibrary.org/obo/NCBITaxon_10090,http://www.ncbi.nlm.nih.gov/gene/20044,-1.1457,0.00552982,OSD-564
https://purl.org/okn/frink/kg/spoke-genelab/node/OSD-564-3d5c4773f0c1e95ff63e2798906c2277,Gm21586,http://purl.obolibrary.org/obo/NCBITaxon_10090,http://www.ncbi.nlm.nih.gov/gene/100862247,-1.25349,0.0194529,OSD-564
https://purl.org/okn/frink/kg/spoke-genelab/node/OSD-564-3d5c4773f0c1e95ff63e2798906c2277,Rmrp,http://purl.obolibrary.org/obo/NCBITaxon_10090,http://www.ncbi.nlm.nih.gov/gene/19782,-1.62035,7.12202e-05,OSD-564
https://purl.org/okn/frink/kg/spoke-genelab/node/OSD-564-3d5c4773f0c1e95ff63e2798906c2277,Llgl2,http://purl.obolibrary.org/obo/NCBITaxon_10090,http://www.ncbi.nlm.nih.gov/gene/217325,-1.8057,0.00930421,OSD-564
https://purl.org/okn/frink/kg/spoke-genelab/node/OSD-564-3d5c4773f0c1e95ff63e2798906c2277,Zfp264,http://purl.obolibrary.org/obo/NCBITaxon_10090,http://www.ncbi.nlm.nih.gov/gene/115485607,-1.73894,0.0482247,OSD-564
https://purl.org/okn/frink/kg/spoke-genelab/node/OSD-564-3d5c4773f0c1e95ff63e2798906c2277,Dnah10,http://purl.obolibrary.org/obo/NCBITaxon_10090,http://www.ncbi.nlm.nih.gov/gene/56087,1.66904,0.0123243,OSD-564
https://purl.org/okn/frink/kg/spoke-genelab/node/OSD-564-3d5c4773f0c1e95ff63e2798906c2277,Thap1,http://purl.obolibrary.org/obo/NCBITaxon_10090,http://www.ncbi.nlm.nih.gov/gene/73754,-1.1327,0.00024649,OSD-564
https://purl.org/okn/frink/kg/spoke-genelab/node/OSD-564-3d5c4773f0c1e95ff63e2798906c2277,Cfap47,http://purl.obolibrary.org/obo/NCBITaxon_10090,http://www.ncbi.nlm.nih.gov/gene/636104,-1.14184,0.00099993,OSD-564
https://purl.org/okn/frink/kg/spoke-genelab/node/OSD-564-3d5c4773f0c1e95ff63e2798906c2277,Rps27l,http://purl.obolibrary.org/obo/NCBITaxon_10090,http://www.ncbi.nlm.nih.gov/gene/67941,-1.02688,0.0124528,OSD-564
https://purl.org/okn/frink/kg/spoke-genelab/node/OSD-564-3d5c4773f0c1e95ff63e2798906c2277,Omd,http://purl.obolibrary.org/obo/NCBITaxon_10090,http://www.ncbi.nlm.nih.gov/gene/27047,-1.01789,0.0466848,OSD-564
https://purl.org/okn/frink/kg/spoke-genelab/node/OSD-564-3d5c4773f0c1e95ff63e2798906c2277,Col27a1,http://purl.obolibrary.org/obo/NCBITaxon_10090,http://www.ncbi.nlm.nih.gov/gene/373864,-1.09731,0.0478448,OSD-564
https://purl.org/okn/frink/kg/spoke-genelab/node/OSD-564-3d5c4773f0c1e95ff63e2798906c2277,Saxo3,http://purl.obolibrary.org/obo/NCBITaxon_10090,http://www.ncbi.nlm.nih.gov/gene/100040019,1.58997,0.0469679,OSD-564
https://purl.org/okn/frink/kg/spoke-genelab/node/OSD-564-3d5c4773f0c1e95ff63e2798906c2277,Apoc1,http://purl.obolibrary.org/obo/NCBITaxon_10090,http://www.ncbi.nlm.nih.gov/gene/11812,-1.09125,0.0380149,OSD-564
https://purl.org/okn/frink/kg/spoke-genelab/node/OSD-564-3d5c4773f0c1e95ff63e2798906c2277,Gpx4-ps2,http://purl.obolibrary.org/obo/NCBITaxon_10090,http://www.ncbi.nlm.nih.gov/gene/664781,-1.12113,0.00707447,OSD-564
https://purl.org/okn/frink/kg/spoke-genelab/node/OSD-564-3d5c4773f0c1e95ff63e2798906c2277,Sptlc3,http://purl.obolibrary.org/obo/NCBITaxon_10090,http://www.ncbi.nlm.nih.gov/gene/228677,1.96747,0.0242262,OSD-564
https://purl.org/okn/frink/kg/spoke-genelab/node/OSD-564-3d5c4773f0c1e95ff63e2798906c2277,Med30,http://purl.obolibrary.org/obo/NCBITaxon_10090,http://www.ncbi.nlm.nih.gov/gene/69790,-1.13336,0.0125272,OSD-564
https://purl.org/okn/frink/kg/spoke-genelab/node/OSD-564-3d5c4773f0c1e95ff63e2798906c2277,Gm10177,http://purl.obolibrary.org/obo/NCBITaxon_10090,http://www.ncbi.nlm.nih.gov/gene/108167643,-1.41191,0.000227913,OSD-564
https://purl.org/okn/frink/kg/spoke-genelab/node/OSD-564-3d5c4773f0c1e95ff63e2798906c2277,Gm22009,http://purl.obolibrary.org/obo/NCBITaxon_10090,http://www.ncbi.nlm.nih.gov/gene/115489854,-1.31928,0.000182415,OSD-564
https://purl.org/okn/frink/kg/spoke-genelab/node/OSD-564-3d5c4773f0c1e95ff63e2798906c2277,Gm22442,http://purl.obolibrary.org/obo/NCBITaxon_10090,http://www.ncbi.nlm.nih.gov/gene/115487906,-1.52919,4.37193e-10,OSD-564
https://purl.org/okn/frink/kg/spoke-genelab/node/OSD-564-3d5c4773f0c1e95ff63e2798906c2277,Drc7,http://purl.obolibrary.org/obo/NCBITaxon_10090,http://www.ncbi.nlm.nih.gov/gene/330830,1.25848,0.0166015,OSD-564
https://purl.org/okn/frink/kg/spoke-genelab/node/OSD-564-3d5c4773f0c1e95ff63e2798906c2277,Gm57565|Gm25291|Gm57668,http://purl.obolibrary.org/obo/NCBITaxon_10090,http://www.ncbi.nlm.nih.gov/gene/115487654,-1.00554,0.031058,OSD-564
https://purl.org/okn/frink/kg/spoke-genelab/node/OSD-564-3d5c4773f0c1e95ff63e2798906c2277,Gm24407,http://purl.obolibrary.org/obo/NCBITaxon_10090,http://www.ncbi.nlm.nih.gov/gene/115490316,-1.61851,0.00859378,OSD-564
https://purl.org/okn/frink/kg/spoke-genelab/node/OSD-564-3d5c4773f0c1e95ff63e2798906c2277,Gm25129,http://purl.obolibrary.org/obo/NCBITaxon_10090,http://www.ncbi.nlm.nih.gov/gene/115489591,-1.82392,8.75115e-05,OSD-564
https://purl.org/okn/frink/kg/spoke-genelab/node/OSD-564-3d5c4773f0c1e95ff63e2798906c2277,Rn7s1,http://purl.obolibrary.org/obo/NCBITaxon_10090,http://www.ncbi.nlm.nih.gov/gene/103948,-1.58937,4.39431e-07,OSD-564
https://purl.org/okn/frink/kg/spoke-genelab/node/OSD-564-3d5c4773f0c1e95ff63e2798906c2277,1600020E01Rik,http://purl.obolibrary.org/obo/NCBITaxon_10090,http://www.ncbi.nlm.nih.gov/gene/72012,-1.2649,0.000278506,OSD-564
https://purl.org/okn/frink/kg/spoke-genelab/node/OSD-564-3d5c4773f0c1e95ff63e2798906c2277,Ndufb1,http://purl.obolibrary.org/obo/NCBITaxon_10090,http://www.ncbi.nlm.nih.gov/gene/102631912,-1.04463,0.00729932,OSD-564
https://purl.org/okn/frink/kg/spoke-genelab/node/OSD-564-3d5c4773f0c1e95ff63e2798906c2277,Rn7s2,http://purl.obolibrary.org/obo/NCBITaxon_10090,http://www.ncbi.nlm.nih.gov/gene/103949,-1.7586,5.84793e-05,OSD-564
https://purl.org/okn/frink/kg/spoke-genelab/node/OSD-564-3d5c4773f0c1e95ff63e2798906c2277,4930513N10Rik,http://purl.obolibrary.org/obo/NCBITaxon_10090,http://www.ncbi.nlm.nih.gov/gene/319960,-2.10911,0.0127367,OSD-564
https://purl.org/okn/frink/kg/spoke-genelab/node/OSD-564-3d5c4773f0c1e95ff63e2798906c2277,Rtl9,http://purl.obolibrary.org/obo/NCBITaxon_10090,http://www.ncbi.nlm.nih.gov/gene/209540,1.19943,0.0097471,OSD-564
https://purl.org/okn/frink/kg/spoke-genelab/node/OSD-564-3d5c4773f0c1e95ff63e2798906c2277,Gm13861,http://purl.obolibrary.org/obo/NCBITaxon_10090,http://www.ncbi.nlm.nih.gov/gene/100039184,-1.26146,0.0232837,OSD-564
https://purl.org/okn/frink/kg/spoke-genelab/node/OSD-564-3d5c4773f0c1e95ff63e2798906c2277,Ube2srt,http://purl.obolibrary.org/obo/NCBITaxon_10090,http://www.ncbi.nlm.nih.gov/gene/100039535,-2.67866,2.67475e-06,OSD-564
https://purl.org/okn/frink/kg/spoke-genelab/node/OSD-564-3d5c4773f0c1e95ff63e2798906c2277,Scn11a,http://purl.obolibrary.org/obo/NCBITaxon_10090,http://www.ncbi.nlm.nih.gov/gene/24046,1.96002,0.0207402,OSD-564
https://purl.org/okn/frink/kg/spoke-genelab/node/OSD-564-3d5c4773f0c1e95ff63e2798906c2277,Abhd11os,http://purl.obolibrary.org/obo/NCBITaxon_10090,http://www.ncbi.nlm.nih.gov/gene/69812,-1.40133,0.00150896,OSD-564
https://purl.org/okn/frink/kg/spoke-genelab/node/OSD-564-3d5c4773f0c1e95ff63e2798906c2277,Slc9a4,http://purl.obolibrary.org/obo/NCBITaxon_10090,http://www.ncbi.nlm.nih.gov/gene/110895,1.40863,0.0475244,OSD-564
https://purl.org/okn/frink/kg/spoke-genelab/node/OSD-564-3d5c4773f0c1e95ff63e2798906c2277,S100a4,http://purl.obolibrary.org/obo/NCBITaxon_10090,http://www.ncbi.nlm.nih.gov/gene/20198,-1.25471,0.00117112,OSD-564
https://purl.org/okn/frink/kg/spoke-genelab/node/OSD-564-3d5c4773f0c1e95ff63e2798906c2277,Gm25989,http://purl.obolibrary.org/obo/NCBITaxon_10090,http://www.ncbi.nlm.nih.gov/gene/115488715,-1.79912,0.00195729,OSD-564
https://purl.org/okn/frink/kg/spoke-genelab/node/OSD-564-3d5c4773f0c1e95ff63e2798906c2277,Gbx1,http://purl.obolibrary.org/obo/NCBITaxon_10090,http://www.ncbi.nlm.nih.gov/gene/231044,-1.97876,0.00773333,OSD-564
https://purl.org/okn/frink/kg/spoke-genelab/node/OSD-564-3d5c4773f0c1e95ff63e2798906c2277,Gm54112,http://purl.obolibrary.org/obo/NCBITaxon_10090,http://www.ncbi.nlm.nih.gov/gene/118568512,-1.47903,0.0100716,OSD-564
https://purl.org/okn/frink/kg/spoke-genelab/node/OSD-564-3d5c4773f0c1e95ff63e2798906c2277,Gm21992,http://purl.obolibrary.org/obo/NCBITaxon_10090,http://www.ncbi.nlm.nih.gov/gene/102902673,-1.01476,0.0128883,OSD-564
https://purl.org/okn/frink/kg/spoke-genelab/node/OSD-564-3d5c4773f0c1e95ff63e2798906c2277,Wnt7a,http://purl.obolibrary.org/obo/NCBITaxon_10090,http://www.ncbi.nlm.nih.gov/gene/22421,1.45829,8.01736e-08,OSD-564
https://purl.org/okn/frink/kg/spoke-genelab/node/OSD-564-3d5c4773f0c1e95ff63e2798906c2277,Ghsr,http://purl.obolibrary.org/obo/NCBITaxon_10090,http://www.ncbi.nlm.nih.gov/gene/208188,1.51247,0.0302363,OSD-564
https://purl.org/okn/frink/kg/spoke-genelab/node/OSD-564-3d5c4773f0c1e95ff63e2798906c2277,Arhgap36,http://purl.obolibrary.org/obo/NCBITaxon_10090,http://www.ncbi.nlm.nih.gov/gene/75404,1.02336,0.00932346,OSD-564
https://purl.org/okn/frink/kg/spoke-genelab/node/OSD-564-3d5c4773f0c1e95ff63e2798906c2277,Gm25107,http://purl.obolibrary.org/obo/NCBITaxon_10090,http://www.ncbi.nlm.nih.gov/gene/115486124,-2.20927,2.05061e-06,OSD-564
https://purl.org/okn/frink/kg/spoke-genelab/node/OSD-564-3d5c4773f0c1e95ff63e2798906c2277,Ptcra,http://purl.obolibrary.org/obo/NCBITaxon_10090,http://www.ncbi.nlm.nih.gov/gene/19208,-1.26407,0.0424905,OSD-564
https://purl.org/okn/frink/kg/spoke-genelab/node/OSD-564-3d5c4773f0c1e95ff63e2798906c2277,Gm11454,http://purl.obolibrary.org/obo/NCBITaxon_10090,http://www.ncbi.nlm.nih.gov/gene/100504589,1.4304,0.0337457,OSD-564
https://purl.org/okn/frink/kg/spoke-genelab/node/OSD-564-3d5c4773f0c1e95ff63e2798906c2277,Crhr2,http://purl.obolibrary.org/obo/NCBITaxon_10090,http://www.ncbi.nlm.nih.gov/gene/12922,1.30152,0.0134842,OSD-564
https://purl.org/okn/frink/kg/spoke-genelab/node/OSD-564-3d5c4773f0c1e95ff63e2798906c2277,4930578M01Rik,http://purl.obolibrary.org/obo/NCBITaxon_10090,http://www.ncbi.nlm.nih.gov/gene/75951,-1.03852,0.0144786,OSD-564
https://purl.org/okn/frink/kg/spoke-genelab/node/OSD-564-3d5c4773f0c1e95ff63e2798906c2277,Gm17750,http://purl.obolibrary.org/obo/NCBITaxon_10090,http://www.ncbi.nlm.nih.gov/gene/553095,-1.27136,0.00596825,OSD-564
https://purl.org/okn/frink/kg/spoke-genelab/node/OSD-564-3d5c4773f0c1e95ff63e2798906c2277,Ahsp,http://purl.obolibrary.org/obo/NCBITaxon_10090,http://www.ncbi.nlm.nih.gov/gene/170812,-3.15974,0.01582,OSD-564
https://purl.org/okn/frink/kg/spoke-genelab/node/OSD-564-3d5c4773f0c1e95ff63e2798906c2277,Casr,http://purl.obolibrary.org/obo/NCBITaxon_10090,http://www.ncbi.nlm.nih.gov/gene/12374,1.65865,0.000186583,OSD-564
https://purl.org/okn/frink/kg/spoke-genelab/node/OSD-564-3d5c4773f0c1e95ff63e2798906c2277,Retn,http://purl.obolibrary.org/obo/NCBITaxon_10090,http://www.ncbi.nlm.nih.gov/gene/57264,-1.74143,0.0468674,OSD-564
https://purl.org/okn/frink/kg/spoke-genelab/node/OSD-564-3d5c4773f0c1e95ff63e2798906c2277,Folr1,http://purl.obolibrary.org/obo/NCBITaxon_10090,http://www.ncbi.nlm.nih.gov/gene/14275,1.3088,0.00774428,OSD-564
https://purl.org/okn/frink/kg/spoke-genelab/node/OSD-564-3d5c4773f0c1e95ff63e2798906c2277,Gm25492,http://purl.obolibrary.org/obo/NCBITaxon_10090,http://www.ncbi.nlm.nih.gov/gene/115490291,-1.27927,0.000320227,OSD-564
https://purl.org/okn/frink/kg/spoke-genelab/node/OSD-564-3d5c4773f0c1e95ff63e2798906c2277,Gm26447,http://purl.obolibrary.org/obo/NCBITaxon_10090,http://www.ncbi.nlm.nih.gov/gene/115488689,-1.86568,1.88581e-06,OSD-564
https://purl.org/okn/frink/kg/spoke-genelab/node/OSD-564-3d5c4773f0c1e95ff63e2798906c2277,LOC108167922,http://purl.obolibrary.org/obo/NCBITaxon_10090,http://www.ncbi.nlm.nih.gov/gene/108167922,-1.427,0.0451786,OSD-564
https://purl.org/okn/frink/kg/spoke-genelab/node/OSD-564-3d5c4773f0c1e95ff63e2798906c2277,Gm23442,http://purl.obolibrary.org/obo/NCBITaxon_10090,http://www.ncbi.nlm.nih.gov/gene/115488838,-1.61687,1.60454e-06,OSD-564
https://purl.org/okn/frink/kg/spoke-genelab/node/OSD-564-3d5c4773f0c1e95ff63e2798906c2277,Gm24119,http://purl.obolibrary.org/obo/NCBITaxon_10090,http://www.ncbi.nlm.nih.gov/gene/115487534,-1.67104,0.005447,OSD-564
https://purl.org/okn/frink/kg/spoke-genelab/node/OSD-564-3d5c4773f0c1e95ff63e2798906c2277,H4c3,http://purl.obolibrary.org/obo/NCBITaxon_10090,http://www.ncbi.nlm.nih.gov/gene/319155,-1.02729,0.0194529,OSD-564
https://purl.org/okn/frink/kg/spoke-genelab/node/OSD-564-3d5c4773f0c1e95ff63e2798906c2277,Gm5620,http://purl.obolibrary.org/obo/NCBITaxon_10090,http://www.ncbi.nlm.nih.gov/gene/434428,1.38136,0.0476705,OSD-564
https://purl.org/okn/frink/kg/spoke-genelab/node/OSD-564-3d5c4773f0c1e95ff63e2798906c2277,Rpl17-ps10,http://purl.obolibrary.org/obo/NCBITaxon_10090,http://www.ncbi.nlm.nih.gov/gene/100042880,-1.60869,0.0202995,OSD-564
https://purl.org/okn/frink/kg/spoke-genelab/node/OSD-564-3d5c4773f0c1e95ff63e2798906c2277,Fam167a,http://purl.obolibrary.org/obo/NCBITaxon_10090,http://www.ncbi.nlm.nih.gov/gene/219148,1.16995,0.0246958,OSD-564
https://purl.org/okn/frink/kg/spoke-genelab/node/OSD-564-3d5c4773f0c1e95ff63e2798906c2277,Gm25541,http://purl.obolibrary.org/obo/NCBITaxon_10090,http://www.ncbi.nlm.nih.gov/gene/115489638,-1.56648,0.0430915,OSD-564
https://purl.org/okn/frink/kg/spoke-genelab/node/OSD-564-3d5c4773f0c1e95ff63e2798906c2277,Gm24620,http://purl.obolibrary.org/obo/NCBITaxon_10090,http://www.ncbi.nlm.nih.gov/gene/115488217,-2.17818,0.000134923,OSD-564
https://purl.org/okn/frink/kg/spoke-genelab/node/OSD-564-3d5c4773f0c1e95ff63e2798906c2277,Rhof,http://purl.obolibrary.org/obo/NCBITaxon_10090,http://www.ncbi.nlm.nih.gov/gene/23912,1.00478,8.9276e-05,OSD-564
https://purl.org/okn/frink/kg/spoke-genelab/node/OSD-564-3d5c4773f0c1e95ff63e2798906c2277,2610528A11Rik,http://purl.obolibrary.org/obo/NCBITaxon_10090,http://www.ncbi.nlm.nih.gov/gene/70045,-1.3433,0.0486187,OSD-564
https://purl.org/okn/frink/kg/spoke-genelab/node/OSD-564-3d5c4773f0c1e95ff63e2798906c2277,Rps27,http://purl.obolibrary.org/obo/NCBITaxon_10090,http://www.ncbi.nlm.nih.gov/gene/57294,-1.24375,0.00502516,OSD-564
https://purl.org/okn/frink/kg/spoke-genelab/node/OSD-564-3d5c4773f0c1e95ff63e2798906c2277,Gm25848,http://purl.obolibrary.org/obo/NCBITaxon_10090,http://www.ncbi.nlm.nih.gov/gene/115488713,-2.21588,1.60895e-05,OSD-564
https://purl.org/okn/frink/kg/spoke-genelab/node/OSD-564-3d5c4773f0c1e95ff63e2798906c2277,Gm26205,http://purl.obolibrary.org/obo/NCBITaxon_10090,http://www.ncbi.nlm.nih.gov/gene/115490270,-2.02606,0.00105318,OSD-564
https://purl.org/okn/frink/kg/spoke-genelab/node/OSD-564-3d5c4773f0c1e95ff63e2798906c2277,Samd11,http://purl.obolibrary.org/obo/NCBITaxon_10090,http://www.ncbi.nlm.nih.gov/gene/231004,-1.18791,0.0128883,OSD-564
https://purl.org/okn/frink/kg/spoke-genelab/node/OSD-564-3d5c4773f0c1e95ff63e2798906c2277,H4c9,http://purl.obolibrary.org/obo/NCBITaxon_10090,http://www.ncbi.nlm.nih.gov/gene/319158,-1.00608,0.0212052,OSD-564
https://purl.org/okn/frink/kg/spoke-genelab/node/OSD-564-3d5c4773f0c1e95ff63e2798906c2277,Prrg4,http://purl.obolibrary.org/obo/NCBITaxon_10090,http://www.ncbi.nlm.nih.gov/gene/228413,1.29758,0.0402697,OSD-564
https://purl.org/okn/frink/kg/spoke-genelab/node/OSD-564-3d5c4773f0c1e95ff63e2798906c2277,Snora78,http://purl.obolibrary.org/obo/NCBITaxon_10090,http://www.ncbi.nlm.nih.gov/gene/100306952,-1.77148,3.80193e-05,OSD-564
https://purl.org/okn/frink/kg/spoke-genelab/node/OSD-564-3d5c4773f0c1e95ff63e2798906c2277,Bc1,http://purl.obolibrary.org/obo/NCBITaxon_10090,http://www.ncbi.nlm.nih.gov/gene/100568459,-1.7825,0.0207166,OSD-564
https://purl.org/okn/frink/kg/spoke-genelab/node/OSD-564-3d5c4773f0c1e95ff63e2798906c2277,Cfap100,http://purl.obolibrary.org/obo/NCBITaxon_10090,http://www.ncbi.nlm.nih.gov/gene/243538,-1.05836,0.0414999,OSD-564
https://purl.org/okn/frink/kg/spoke-genelab/node/OSD-564-3d5c4773f0c1e95ff63e2798906c2277,Fyb2,http://purl.obolibrary.org/obo/NCBITaxon_10090,http://www.ncbi.nlm.nih.gov/gene/242594,-1.51139,0.00301638,OSD-564
https://purl.org/okn/frink/kg/spoke-genelab/node/OSD-564-3d5c4773f0c1e95ff63e2798906c2277,Gm24727,http://purl.obolibrary.org/obo/NCBITaxon_10090,http://www.ncbi.nlm.nih.gov/gene/115487050,-1.29198,0.010086,OSD-564
https://purl.org/okn/frink/kg/spoke-genelab/node/OSD-564-3d5c4773f0c1e95ff63e2798906c2277,Adam8,http://purl.obolibrary.org/obo/NCBITaxon_10090,http://www.ncbi.nlm.nih.gov/gene/11501,1.52508,0.0122193,OSD-564
https://purl.org/okn/frink/kg/spoke-genelab/node/OSD-564-3d5c4773f0c1e95ff63e2798906c2277,Rps10-ps2,http://purl.obolibrary.org/obo/NCBITaxon_10090,http://www.ncbi.nlm.nih.gov/gene/666274,-1.29569,0.0338906,OSD-564
https://purl.org/okn/frink/kg/spoke-genelab/node/OSD-564-3d5c4773f0c1e95ff63e2798906c2277,2900076A07Rik,http://purl.obolibrary.org/obo/NCBITaxon_10090,http://www.ncbi.nlm.nih.gov/gene/100504421,-1.27164,8.80306e-05,OSD-564
https://purl.org/okn/frink/kg/spoke-genelab/node/OSD-564-3d5c4773f0c1e95ff63e2798906c2277,Gm57565|Gm22988,http://purl.obolibrary.org/obo/NCBITaxon_10090,http://www.ncbi.nlm.nih.gov/gene/115487892,-1.00554,0.031058,OSD-564
https://purl.org/okn/frink/kg/spoke-genelab/node/OSD-564-3d5c4773f0c1e95ff63e2798906c2277,Gm29773,http://purl.obolibrary.org/obo/NCBITaxon_10090,http://www.ncbi.nlm.nih.gov/gene/101056072,-1.31927,0.0310163,OSD-564
https://purl.org/okn/frink/kg/spoke-genelab/node/OSD-564-3d5c4773f0c1e95ff63e2798906c2277,Gm10033,http://purl.obolibrary.org/obo/NCBITaxon_10090,http://www.ncbi.nlm.nih.gov/gene/378466,-1.16834,8.01736e-08,OSD-564
https://purl.org/okn/frink/kg/spoke-genelab/node/OSD-564-3d5c4773f0c1e95ff63e2798906c2277,Bcat1,http://purl.obolibrary.org/obo/NCBITaxon_10090,http://www.ncbi.nlm.nih.gov/gene/12035,1.10314,0.00105318,OSD-564
https://purl.org/okn/frink/kg/spoke-genelab/node/OSD-564-3d5c4773f0c1e95ff63e2798906c2277,H2ac7,http://purl.obolibrary.org/obo/NCBITaxon_10090,http://www.ncbi.nlm.nih.gov/gene/319165,-1.05284,0.0230699,OSD-564
https://purl.org/okn/frink/kg/spoke-genelab/node/OSD-564-3d5c4773f0c1e95ff63e2798906c2277,Rnu12,http://purl.obolibrary.org/obo/NCBITaxon_10090,http://www.ncbi.nlm.nih.gov/gene/104307,-1.80512,0.000207652,OSD-564
https://purl.org/okn/frink/kg/spoke-genelab/node/OSD-564-3d5c4773f0c1e95ff63e2798906c2277,Tmem256,http://purl.obolibrary.org/obo/NCBITaxon_10090,http://www.ncbi.nlm.nih.gov/gene/69186,-1.10028,0.00780561,OSD-564
https://purl.org/okn/frink/kg/spoke-genelab/node/OSD-564-3d5c4773f0c1e95ff63e2798906c2277,BB218582,http://purl.obolibrary.org/obo/NCBITaxon_10090,http://www.ncbi.nlm.nih.gov/gene/102640562,-1.07781,0.005447,OSD-564
https://purl.org/okn/frink/kg/spoke-genelab/node/OSD-564-3d5c4773f0c1e95ff63e2798906c2277,Pdzd7,http://purl.obolibrary.org/obo/NCBITaxon_10090,http://www.ncbi.nlm.nih.gov/gene/100503041,-1.14913,0.0280668,OSD-564
https://purl.org/okn/frink/kg/spoke-genelab/node/OSD-564-3d5c4773f0c1e95ff63e2798906c2277,Glipr1,http://purl.obolibrary.org/obo/NCBITaxon_10090,http://www.ncbi.nlm.nih.gov/gene/73690,1.25721,0.00503391,OSD-564
https://purl.org/okn/frink/kg/spoke-genelab/node/OSD-564-3d5c4773f0c1e95ff63e2798906c2277,Snord3b4,http://purl.obolibrary.org/obo/NCBITaxon_10090,http://www.ncbi.nlm.nih.gov/gene/19861,-2.0282,0.0280668,OSD-564
https://purl.org/okn/frink/kg/spoke-genelab/node/OSD-564-3d5c4773f0c1e95ff63e2798906c2277,2900060B14Rik,http://purl.obolibrary.org/obo/NCBITaxon_10090,http://www.ncbi.nlm.nih.gov/gene/68204,-1.04316,0.0393161,OSD-564
https://purl.org/okn/frink/kg/spoke-genelab/node/OSD-564-3d5c4773f0c1e95ff63e2798906c2277,Pitx2,http://purl.obolibrary.org/obo/NCBITaxon_10090,http://www.ncbi.nlm.nih.gov/gene/18741,4.12991,0.00119319,OSD-564
https://purl.org/okn/frink/kg/spoke-genelab/node/OSD-564-3d5c4773f0c1e95ff63e2798906c2277,C1qtnf12,http://purl.obolibrary.org/obo/NCBITaxon_10090,http://www.ncbi.nlm.nih.gov/gene/67389,1.56972,0.000124927,OSD-564
https://purl.org/okn/frink/kg/spoke-genelab/node/OSD-564-3d5c4773f0c1e95ff63e2798906c2277,Gm24265,http://purl.obolibrary.org/obo/NCBITaxon_10090,http://www.ncbi.nlm.nih.gov/gene/115490317,-1.54785,0.00675638,OSD-564
https://purl.org/okn/frink/kg/spoke-genelab/node/OSD-564-3d5c4773f0c1e95ff63e2798906c2277,Gm26079,http://purl.obolibrary.org/obo/NCBITaxon_10090,http://www.ncbi.nlm.nih.gov/gene/115490290,-1.78223,3.31757e-08,OSD-564
https://purl.org/okn/frink/kg/spoke-genelab/node/OSD-564-3d5c4773f0c1e95ff63e2798906c2277,Gm23946,http://purl.obolibrary.org/obo/NCBITaxon_10090,http://www.ncbi.nlm.nih.gov/gene/115488402,-1.54715,0.0424905,OSD-564
https://purl.org/okn/frink/kg/spoke-genelab/node/OSD-564-3d5c4773f0c1e95ff63e2798906c2277,Gm22422,http://purl.obolibrary.org/obo/NCBITaxon_10090,http://www.ncbi.nlm.nih.gov/gene/115486004,-1.76069,1.60454e-06,OSD-564
https://purl.org/okn/frink/kg/spoke-genelab/node/OSD-564-3d5c4773f0c1e95ff63e2798906c2277,Gm22513,http://purl.obolibrary.org/obo/NCBITaxon_10090,http://www.ncbi.nlm.nih.gov/gene/115488051,-1.36172,0.0490575,OSD-564
https://purl.org/okn/frink/kg/spoke-genelab/node/OSD-564-3d5c4773f0c1e95ff63e2798906c2277,Gm11423,http://purl.obolibrary.org/obo/NCBITaxon_10090,http://www.ncbi.nlm.nih.gov/gene/100503272,-1.10365,0.00980012,OSD-564
https://purl.org/okn/frink/kg/spoke-genelab/node/OSD-564-3d5c4773f0c1e95ff63e2798906c2277,Snora21,http://purl.obolibrary.org/obo/NCBITaxon_10090,http://www.ncbi.nlm.nih.gov/gene/100302498,-1.39123,0.0336656,OSD-564
https://purl.org/okn/frink/kg/spoke-genelab/node/OSD-564-3d5c4773f0c1e95ff63e2798906c2277,Mcoln2,http://purl.obolibrary.org/obo/NCBITaxon_10090,http://www.ncbi.nlm.nih.gov/gene/68279,-3.02827,0.0356642,OSD-564
https://purl.org/okn/frink/kg/spoke-genelab/node/OSD-564-3d5c4773f0c1e95ff63e2798906c2277,1500035N22Rik,http://purl.obolibrary.org/obo/NCBITaxon_10090,http://www.ncbi.nlm.nih.gov/gene/70258,-1.18187,0.0291483,OSD-564
https://purl.org/okn/frink/kg/spoke-genelab/node/OSD-564-3d5c4773f0c1e95ff63e2798906c2277,Gm26397,http://purl.obolibrary.org/obo/NCBITaxon_10090,http://www.ncbi.nlm.nih.gov/gene/115487043,-1.39815,2.12521e-07,OSD-564
https://purl.org/okn/frink/kg/spoke-genelab/node/OSD-564-3d5c4773f0c1e95ff63e2798906c2277,Gm25636,http://purl.obolibrary.org/obo/NCBITaxon_10090,http://www.ncbi.nlm.nih.gov/gene/115486823,-2.19289,0.000885182,OSD-564
https://purl.org/okn/frink/kg/spoke-genelab/node/OSD-564-3d5c4773f0c1e95ff63e2798906c2277,Ccdc62,http://purl.obolibrary.org/obo/NCBITaxon_10090,http://www.ncbi.nlm.nih.gov/gene/208908,-1.15802,0.00204443,OSD-564
https://purl.org/okn/frink/kg/spoke-genelab/node/OSD-564-3d5c4773f0c1e95ff63e2798906c2277,Slc22a13b,http://purl.obolibrary.org/obo/NCBITaxon_10090,http://www.ncbi.nlm.nih.gov/gene/109280,-2.03993,0.0489455,OSD-564
https://purl.org/okn/frink/kg/spoke-genelab/node/OSD-564-3d5c4773f0c1e95ff63e2798906c2277,F2rl2,http://purl.obolibrary.org/obo/NCBITaxon_10090,http://www.ncbi.nlm.nih.gov/gene/14064,1.38477,0.0295261,OSD-564
https://purl.org/okn/frink/kg/spoke-genelab/node/OSD-564-3d5c4773f0c1e95ff63e2798906c2277,Gm23297,http://purl.obolibrary.org/obo/NCBITaxon_10090,http://www.ncbi.nlm.nih.gov/gene/115486827,-2.15486,0.00530627,OSD-564
https://purl.org/okn/frink/kg/spoke-genelab/node/OSD-564-3d5c4773f0c1e95ff63e2798906c2277,Pfdn5,http://purl.obolibrary.org/obo/NCBITaxon_10090,http://www.ncbi.nlm.nih.gov/gene/56612,-1.07579,0.00249361,OSD-564
https://purl.org/okn/frink/kg/spoke-genelab/node/OSD-564-3d5c4773f0c1e95ff63e2798906c2277,Gm22786,http://purl.obolibrary.org/obo/NCBITaxon_10090,http://www.ncbi.nlm.nih.gov/gene/115485822,-2.39002,0.010664,OSD-564
https://purl.org/okn/frink/kg/spoke-genelab/node/OSD-564-3d5c4773f0c1e95ff63e2798906c2277,Cyp26b1,http://purl.obolibrary.org/obo/NCBITaxon_10090,http://www.ncbi.nlm.nih.gov/gene/232174,1.03222,0.0320682,OSD-564
https://purl.org/okn/frink/kg/spoke-genelab/node/OSD-564-3d5c4773f0c1e95ff63e2798906c2277,Gm25395,http://purl.obolibrary.org/obo/NCBITaxon_10090,http://www.ncbi.nlm.nih.gov/gene/115485773,-1.66517,7.53142e-05,OSD-564
https://purl.org/okn/frink/kg/spoke-genelab/node/OSD-564-3d5c4773f0c1e95ff63e2798906c2277,Gas2l3,http://purl.obolibrary.org/obo/NCBITaxon_10090,http://www.ncbi.nlm.nih.gov/gene/237436,1.19112,0.00350745,OSD-564
https://purl.org/okn/frink/kg/spoke-genelab/node/OSD-564-3d5c4773f0c1e95ff63e2798906c2277,Cops9,http://purl.obolibrary.org/obo/NCBITaxon_10090,http://www.ncbi.nlm.nih.gov/gene/66915,-1.10566,0.00366787,OSD-564
https://purl.org/okn/frink/kg/spoke-genelab/node/OSD-564-3d5c4773f0c1e95ff63e2798906c2277,Rps27a-ps3,http://purl.obolibrary.org/obo/NCBITaxon_10090,http://www.ncbi.nlm.nih.gov/gene/667035,-1.37366,0.00462141,OSD-564
https://purl.org/okn/frink/kg/spoke-genelab/node/OSD-564-3d5c4773f0c1e95ff63e2798906c2277,Gm25776,http://purl.obolibrary.org/obo/NCBITaxon_10090,http://www.ncbi.nlm.nih.gov/gene/115488078,-1.91778,1.9549e-07,OSD-564
https://purl.org/okn/frink/kg/spoke-genelab/node/OSD-564-3d5c4773f0c1e95ff63e2798906c2277,Snora57,http://purl.obolibrary.org/obo/NCBITaxon_10090,http://www.ncbi.nlm.nih.gov/gene/118027464,-2.55625,3.58336e-05,OSD-564
https://purl.org/okn/frink/kg/spoke-genelab/node/OSD-564-3d5c4773f0c1e95ff63e2798906c2277,H4c18,http://purl.obolibrary.org/obo/NCBITaxon_10090,http://www.ncbi.nlm.nih.gov/gene/319161,-1.0446,0.00628261,OSD-564
https://purl.org/okn/frink/kg/spoke-genelab/node/OSD-564-3d5c4773f0c1e95ff63e2798906c2277,Snora23,http://purl.obolibrary.org/obo/NCBITaxon_10090,http://www.ncbi.nlm.nih.gov/gene/100379145,-1.34885,0.0175166,OSD-564
https://purl.org/okn/frink/kg/spoke-genelab/node/OSD-564-3d5c4773f0c1e95ff63e2798906c2277,Unc13d,http://purl.obolibrary.org/obo/NCBITaxon_10090,http://www.ncbi.nlm.nih.gov/gene/70450,-1.63447,0.0128539,OSD-564
https://purl.org/okn/frink/kg/spoke-genelab/node/OSD-564-3d5c4773f0c1e95ff63e2798906c2277,Cd209b,http://purl.obolibrary.org/obo/NCBITaxon_10090,http://www.ncbi.nlm.nih.gov/gene/69165,-1.28848,0.0199323,OSD-564
https://purl.org/okn/frink/kg/spoke-genelab/node/OSD-564-3d5c4773f0c1e95ff63e2798906c2277,Gm25394,http://purl.obolibrary.org/obo/NCBITaxon_10090,http://www.ncbi.nlm.nih.gov/gene/115488237,-1.90306,0.00725338,OSD-564
https://purl.org/okn/frink/kg/spoke-genelab/node/OSD-564-3d5c4773f0c1e95ff63e2798906c2277,Gm26165,http://purl.obolibrary.org/obo/NCBITaxon_10090,http://www.ncbi.nlm.nih.gov/gene/115486130,-1.06076,0.0472781,OSD-564
https://purl.org/okn/frink/kg/spoke-genelab/node/OSD-564-3d5c4773f0c1e95ff63e2798906c2277,Emx2os,http://purl.obolibrary.org/obo/NCBITaxon_10090,http://www.ncbi.nlm.nih.gov/gene/329078,-2.03973,0.00821374,OSD-564
https://purl.org/okn/frink/kg/spoke-genelab/node/OSD-564-3d5c4773f0c1e95ff63e2798906c2277,Baiap2l2,http://purl.obolibrary.org/obo/NCBITaxon_10090,http://www.ncbi.nlm.nih.gov/gene/207495,2.66278,0.00350745,OSD-564
https://purl.org/okn/frink/kg/spoke-genelab/node/OSD-564-3d5c4773f0c1e95ff63e2798906c2277,Fgf18,http://purl.obolibrary.org/obo/NCBITaxon_10090,http://www.ncbi.nlm.nih.gov/gene/14172,1.36343,0.0393613,OSD-564
https://purl.org/okn/frink/kg/spoke-genelab/node/OSD-564-3d5c4773f0c1e95ff63e2798906c2277,Snora9,http://purl.obolibrary.org/obo/NCBITaxon_10090,http://www.ncbi.nlm.nih.gov/gene/115487884,-2.4019,4.37193e-10,OSD-564
https://purl.org/okn/frink/kg/spoke-genelab/node/OSD-564-3d5c4773f0c1e95ff63e2798906c2277,Zfp992,http://purl.obolibrary.org/obo/NCBITaxon_10090,http://www.ncbi.nlm.nih.gov/gene/433791,-1.35317,0.000207254,OSD-564
https://purl.org/okn/frink/kg/spoke-genelab/node/OSD-564-3d5c4773f0c1e95ff63e2798906c2277,Scarna13,http://purl.obolibrary.org/obo/NCBITaxon_10090,http://www.ncbi.nlm.nih.gov/gene/100306943,-1.27834,0.000186583,OSD-564
https://purl.org/okn/frink/kg/spoke-genelab/node/OSD-564-3d5c4773f0c1e95ff63e2798906c2277,Gm35612,http://purl.obolibrary.org/obo/NCBITaxon_10090,http://www.ncbi.nlm.nih.gov/gene/102639259,-1.39697,0.0235767,OSD-564
https://purl.org/okn/frink/kg/spoke-genelab/node/OSD-564-3d5c4773f0c1e95ff63e2798906c2277,Rn7sk,http://purl.obolibrary.org/obo/NCBITaxon_10090,http://www.ncbi.nlm.nih.gov/gene/19817,-1.46574,9.90128e-06,OSD-564
https://purl.org/okn/frink/kg/spoke-genelab/node/OSD-564-3d5c4773f0c1e95ff63e2798906c2277,Gm23639,http://purl.obolibrary.org/obo/NCBITaxon_10090,http://www.ncbi.nlm.nih.gov/gene/115489002,-2.51318,0.010869,OSD-564
https://purl.org/okn/frink/kg/spoke-genelab/node/OSD-564-3d5c4773f0c1e95ff63e2798906c2277,Zim1,http://purl.obolibrary.org/obo/NCBITaxon_10090,http://www.ncbi.nlm.nih.gov/gene/22776,1.0147,0.0338207,OSD-564
https://purl.org/okn/frink/kg/spoke-genelab/node/OSD-564-3d5c4773f0c1e95ff63e2798906c2277,Gm22748,http://purl.obolibrary.org/obo/NCBITaxon_10090,http://www.ncbi.nlm.nih.gov/gene/115488064,-2.28551,8.22797e-05,OSD-564
https://purl.org/okn/frink/kg/spoke-genelab/node/OSD-564-3d5c4773f0c1e95ff63e2798906c2277,Snora34,http://purl.obolibrary.org/obo/NCBITaxon_10090,http://www.ncbi.nlm.nih.gov/gene/100217417,-2.07274,0.00359118,OSD-564
https://purl.org/okn/frink/kg/spoke-genelab/node/OSD-564-3d5c4773f0c1e95ff63e2798906c2277,Scarna6,http://purl.obolibrary.org/obo/NCBITaxon_10090,http://www.ncbi.nlm.nih.gov/gene/100217415,-1.608,0.0207402,OSD-564
https://purl.org/okn/frink/kg/spoke-genelab/node/OSD-564-3d5c4773f0c1e95ff63e2798906c2277,Scarna3a,http://purl.obolibrary.org/obo/NCBITaxon_10090,http://www.ncbi.nlm.nih.gov/gene/100217414,-1.96225,0.0287165,OSD-564
https://purl.org/okn/frink/kg/spoke-genelab/node/OSD-564-3d5c4773f0c1e95ff63e2798906c2277,Ndufaf6,http://purl.obolibrary.org/obo/NCBITaxon_10090,http://www.ncbi.nlm.nih.gov/gene/76947,-1.16132,0.00618027,OSD-564
https://purl.org/okn/frink/kg/spoke-genelab/node/OSD-564-3d5c4773f0c1e95ff63e2798906c2277,Gm22154,http://purl.obolibrary.org/obo/NCBITaxon_10090,http://www.ncbi.nlm.nih.gov/gene/115490050,-1.9785,0.000498529,OSD-564
https://purl.org/okn/frink/kg/spoke-genelab/node/OSD-564-3d5c4773f0c1e95ff63e2798906c2277,Rpl10-ps3,http://purl.obolibrary.org/obo/NCBITaxon_10090,http://www.ncbi.nlm.nih.gov/gene/100043346,-1.01689,0.032515,OSD-564
https://purl.org/okn/frink/kg/spoke-genelab/node/OSD-564-3d5c4773f0c1e95ff63e2798906c2277,A430078I02Rik,http://purl.obolibrary.org/obo/NCBITaxon_10090,http://www.ncbi.nlm.nih.gov/gene/320486,-1.14004,0.0456168,OSD-564
https://purl.org/okn/frink/kg/spoke-genelab/node/OSD-564-3d5c4773f0c1e95ff63e2798906c2277,Gm24233,http://purl.obolibrary.org/obo/NCBITaxon_10090,http://www.ncbi.nlm.nih.gov/gene/115485895,-2.26346,0.000471016,OSD-564
https://purl.org/okn/frink/kg/spoke-genelab/node/OSD-564-3d5c4773f0c1e95ff63e2798906c2277,Myh7b,http://purl.obolibrary.org/obo/NCBITaxon_10090,http://www.ncbi.nlm.nih.gov/gene/668940,1.33743,0.0342729,OSD-564
https://purl.org/okn/frink/kg/spoke-genelab/node/OSD-564-3d5c4773f0c1e95ff63e2798906c2277,Slc9a3,http://purl.obolibrary.org/obo/NCBITaxon_10090,http://www.ncbi.nlm.nih.gov/gene/105243,3.18917,0.00099993,OSD-564
https://purl.org/okn/frink/kg/spoke-genelab/node/OSD-564-3d5c4773f0c1e95ff63e2798906c2277,Snora7a,http://purl.obolibrary.org/obo/NCBITaxon_10090,http://www.ncbi.nlm.nih.gov/gene/100217451,-2.10169,2.19587e-05,OSD-564
https://purl.org/okn/frink/kg/spoke-genelab/node/OSD-564-3d5c4773f0c1e95ff63e2798906c2277,1700112D23Rik,http://purl.obolibrary.org/obo/NCBITaxon_10090,http://www.ncbi.nlm.nih.gov/gene/73611,-1.06158,0.0388384,OSD-564
https://purl.org/okn/frink/kg/spoke-genelab/node/OSD-564-3d5c4773f0c1e95ff63e2798906c2277,Pkhd1l1,http://purl.obolibrary.org/obo/NCBITaxon_10090,http://www.ncbi.nlm.nih.gov/gene/192190,-3.17394,0.00637846,OSD-564
https://purl.org/okn/frink/kg/spoke-genelab/node/OSD-564-3d5c4773f0c1e95ff63e2798906c2277,Gm25788,http://purl.obolibrary.org/obo/NCBITaxon_10090,http://www.ncbi.nlm.nih.gov/gene/115490049,-1.89319,3.92805e-07,OSD-564
https://purl.org/okn/frink/kg/spoke-genelab/node/OSD-612-6345c5c7bcabe53264da1a63ae723b94,Zfpm2,http://purl.obolibrary.org/obo/NCBITaxon_10090,http://www.ncbi.nlm.nih.gov/gene/22762,-2.00252,0.00941036,OSD-612
https://purl.org/okn/frink/kg/spoke-genelab/node/OSD-612-6345c5c7bcabe53264da1a63ae723b94,Eda2r,http://purl.obolibrary.org/obo/NCBITaxon_10090,http://www.ncbi.nlm.nih.gov/gene/245527,-1.76238,0.00230925,OSD-612
https://purl.org/okn/frink/kg/spoke-genelab/node/OSD-612-6345c5c7bcabe53264da1a63ae723b94,H2-K2,http://purl.obolibrary.org/obo/NCBITaxon_10090,http://www.ncbi.nlm.nih.gov/gene/630499,-2.68294,0.0209076,OSD-612
https://purl.org/okn/frink/kg/spoke-genelab/node/OSD-612-6345c5c7bcabe53264da1a63ae723b94,Zfp521,http://purl.obolibrary.org/obo/NCBITaxon_10090,http://www.ncbi.nlm.nih.gov/gene/225207,-1.99307,0.00707463,OSD-612
https://purl.org/okn/frink/kg/spoke-genelab/node/OSD-612-6345c5c7bcabe53264da1a63ae723b94,Gm16523,http://purl.obolibrary.org/obo/NCBITaxon_10090,http://www.ncbi.nlm.nih.gov/gene/100042584,1.39788,0.0238667,OSD-612
https://purl.org/okn/frink/kg/spoke-genelab/node/OSD-612-6345c5c7bcabe53264da1a63ae723b94,Git1,http://purl.obolibrary.org/obo/NCBITaxon_10090,http://www.ncbi.nlm.nih.gov/gene/216963,1.37671,0.0379526,OSD-612
https://purl.org/okn/frink/kg/spoke-genelab/node/OSD-612-6345c5c7bcabe53264da1a63ae723b94,Cntn2,http://purl.obolibrary.org/obo/NCBITaxon_10090,http://www.ncbi.nlm.nih.gov/gene/21367,-1.3775,0.026826,OSD-612
https://purl.org/okn/frink/kg/spoke-genelab/node/OSD-612-6345c5c7bcabe53264da1a63ae723b94,Gm24727,http://purl.obolibrary.org/obo/NCBITaxon_10090,http://www.ncbi.nlm.nih.gov/gene/115487050,-1.01709,0.0442906,OSD-612
https://purl.org/okn/frink/kg/spoke-genelab/node/OSD-612-6345c5c7bcabe53264da1a63ae723b94,H2-D1,http://purl.obolibrary.org/obo/NCBITaxon_10090,http://www.ncbi.nlm.nih.gov/gene/14964,-1.21689,0.03582,OSD-612
https://purl.org/okn/frink/kg/spoke-genelab/node/OSD-612-6345c5c7bcabe53264da1a63ae723b94,Tll1,http://purl.obolibrary.org/obo/NCBITaxon_10090,http://www.ncbi.nlm.nih.gov/gene/21892,-2.49913,0.0227512,OSD-612
https://purl.org/okn/frink/kg/spoke-genelab/node/OSD-612-6345c5c7bcabe53264da1a63ae723b94,Mast2,http://purl.obolibrary.org/obo/NCBITaxon_10090,http://www.ncbi.nlm.nih.gov/gene/17776,1.00386,0.00841999,OSD-612
https://purl.org/okn/frink/kg/spoke-genelab/node/OSD-612-6345c5c7bcabe53264da1a63ae723b94,Dusp7,http://purl.obolibrary.org/obo/NCBITaxon_10090,http://www.ncbi.nlm.nih.gov/gene/235584,1.1087,0.0373002,OSD-612
https://purl.org/okn/frink/kg/spoke-genelab/node/OSD-612-6345c5c7bcabe53264da1a63ae723b94,Lrrc3,http://purl.obolibrary.org/obo/NCBITaxon_10090,http://www.ncbi.nlm.nih.gov/gene/237387,1.54972,0.0336823,OSD-612
https://purl.org/okn/frink/kg/spoke-genelab/node/OSD-612-6345c5c7bcabe53264da1a63ae723b94,Stard8,http://purl.obolibrary.org/obo/NCBITaxon_10090,http://www.ncbi.nlm.nih.gov/gene/236920,1.20899,0.0192327,OSD-612
https://purl.org/okn/frink/kg/spoke-genelab/node/OSD-612-6345c5c7bcabe53264da1a63ae723b94,Zfp658,http://purl.obolibrary.org/obo/NCBITaxon_10090,http://www.ncbi.nlm.nih.gov/gene/210104,-1.48651,0.00337673,OSD-612
https://purl.org/okn/frink/kg/spoke-genelab/node/OSD-612-6345c5c7bcabe53264da1a63ae723b94,Aard,http://purl.obolibrary.org/obo/NCBITaxon_10090,http://www.ncbi.nlm.nih.gov/gene/239435,-1.22113,0.0108608,OSD-612
https://purl.org/okn/frink/kg/spoke-genelab/node/OSD-612-6345c5c7bcabe53264da1a63ae723b94,Ly6g6d,http://purl.obolibrary.org/obo/NCBITaxon_10090,http://www.ncbi.nlm.nih.gov/gene/114654,-2.93116,0.00741085,OSD-612
https://purl.org/okn/frink/kg/spoke-genelab/node/OSD-612-6345c5c7bcabe53264da1a63ae723b94,Cit,http://purl.obolibrary.org/obo/NCBITaxon_10090,http://www.ncbi.nlm.nih.gov/gene/12704,1.52345,0.0162931,OSD-612
https://purl.org/okn/frink/kg/spoke-genelab/node/OSD-612-6345c5c7bcabe53264da1a63ae723b94,Gadd45a,http://purl.obolibrary.org/obo/NCBITaxon_10090,http://www.ncbi.nlm.nih.gov/gene/13197,-1.12048,0.00309545,OSD-612
https://purl.org/okn/frink/kg/spoke-genelab/node/OSD-612-6345c5c7bcabe53264da1a63ae723b94,Cnr1,http://purl.obolibrary.org/obo/NCBITaxon_10090,http://www.ncbi.nlm.nih.gov/gene/12801,-1.56906,0.0409698,OSD-612
https://purl.org/okn/frink/kg/spoke-genelab/node/OSD-612-6345c5c7bcabe53264da1a63ae723b94,Neb,http://purl.obolibrary.org/obo/NCBITaxon_10090,http://www.ncbi.nlm.nih.gov/gene/17996,-3.69388,0.00292924,OSD-612
https://purl.org/okn/frink/kg/spoke-genelab/node/OSD-612-6345c5c7bcabe53264da1a63ae723b94,Cimap1b,http://purl.obolibrary.org/obo/NCBITaxon_10090,http://www.ncbi.nlm.nih.gov/gene/70113,-2.10865,0.0150047,OSD-612
https://purl.org/okn/frink/kg/spoke-genelab/node/OSD-612-6345c5c7bcabe53264da1a63ae723b94,Cgn,http://purl.obolibrary.org/obo/NCBITaxon_10090,http://www.ncbi.nlm.nih.gov/gene/70737,-1.2277,0.0157717,OSD-612
https://purl.org/okn/frink/kg/spoke-genelab/node/OSD-612-6345c5c7bcabe53264da1a63ae723b94,Etv1,http://purl.obolibrary.org/obo/NCBITaxon_10090,http://www.ncbi.nlm.nih.gov/gene/14009,-1.62346,0.0361297,OSD-612
https://purl.org/okn/frink/kg/spoke-genelab/node/OSD-612-6345c5c7bcabe53264da1a63ae723b94,Gprc5c,http://purl.obolibrary.org/obo/NCBITaxon_10090,http://www.ncbi.nlm.nih.gov/gene/70355,-2.8968,0.00704052,OSD-612
https://purl.org/okn/frink/kg/spoke-genelab/node/OSD-612-6345c5c7bcabe53264da1a63ae723b94,Tmem229b,http://purl.obolibrary.org/obo/NCBITaxon_10090,http://www.ncbi.nlm.nih.gov/gene/268567,-1.33612,0.0431124,OSD-612
https://purl.org/okn/frink/kg/spoke-genelab/node/OSD-612-6345c5c7bcabe53264da1a63ae723b94,A930011G23Rik|Rasgef1b,http://purl.obolibrary.org/obo/NCBITaxon_10090,http://www.ncbi.nlm.nih.gov/gene/320292,1.28873,0.0416055,OSD-612
https://purl.org/okn/frink/kg/spoke-genelab/node/OSD-612-6345c5c7bcabe53264da1a63ae723b94,Cdkn1b,http://purl.obolibrary.org/obo/NCBITaxon_10090,http://www.ncbi.nlm.nih.gov/gene/12576,-1.36691,0.00482029,OSD-612
https://purl.org/okn/frink/kg/spoke-genelab/node/OSD-612-6345c5c7bcabe53264da1a63ae723b94,Pik3r3,http://purl.obolibrary.org/obo/NCBITaxon_10090,http://www.ncbi.nlm.nih.gov/gene/18710,-1.24645,0.0478601,OSD-612
https://purl.org/okn/frink/kg/spoke-genelab/node/OSD-612-6345c5c7bcabe53264da1a63ae723b94,A930011G23Rik|Rasgef1b,http://purl.obolibrary.org/obo/NCBITaxon_10090,http://www.ncbi.nlm.nih.gov/gene/319818,1.28873,0.0416055,OSD-612
https://purl.org/okn/frink/kg/spoke-genelab/node/OSD-612-6345c5c7bcabe53264da1a63ae723b94,Csf2rb2,http://purl.obolibrary.org/obo/NCBITaxon_10090,http://www.ncbi.nlm.nih.gov/gene/12984,1.92597,0.0322937,OSD-612
https://purl.org/okn/frink/kg/spoke-genelab/node/OSD-612-6345c5c7bcabe53264da1a63ae723b94,Gm10033,http://purl.obolibrary.org/obo/NCBITaxon_10090,http://www.ncbi.nlm.nih.gov/gene/378466,-1.03352,0.0060824,OSD-612
https://purl.org/okn/frink/kg/spoke-genelab/node/OSD-612-6345c5c7bcabe53264da1a63ae723b94,B3gnt5,http://purl.obolibrary.org/obo/NCBITaxon_10090,http://www.ncbi.nlm.nih.gov/gene/108105,-4.15276,0.000339322,OSD-612
https://purl.org/okn/frink/kg/spoke-genelab/node/OSD-612-6345c5c7bcabe53264da1a63ae723b94,Airn,http://purl.obolibrary.org/obo/NCBITaxon_10090,http://www.ncbi.nlm.nih.gov/gene/104103,-2.90644,0.000728373,OSD-612
https://purl.org/okn/frink/kg/spoke-genelab/node/OSD-612-6345c5c7bcabe53264da1a63ae723b94,Rec8,http://purl.obolibrary.org/obo/NCBITaxon_10090,http://www.ncbi.nlm.nih.gov/gene/56739,-2.43379,0.0309912,OSD-612
https://purl.org/okn/frink/kg/spoke-genelab/node/OSD-612-6345c5c7bcabe53264da1a63ae723b94,Nxpe4,http://purl.obolibrary.org/obo/NCBITaxon_10090,http://www.ncbi.nlm.nih.gov/gene/244853,1.08114,0.0254047,OSD-612
https://purl.org/okn/frink/kg/spoke-genelab/node/OSD-612-6345c5c7bcabe53264da1a63ae723b94,Nyx,http://purl.obolibrary.org/obo/NCBITaxon_10090,http://www.ncbi.nlm.nih.gov/gene/236690,-1.54434,0.0465301,OSD-612
https://purl.org/okn/frink/kg/spoke-genelab/node/OSD-612-6345c5c7bcabe53264da1a63ae723b94,2900026A02Rik,http://purl.obolibrary.org/obo/NCBITaxon_10090,http://www.ncbi.nlm.nih.gov/gene/243219,1.2195,0.0221673,OSD-612
https://purl.org/okn/frink/kg/spoke-genelab/node/OSD-612-6345c5c7bcabe53264da1a63ae723b94,Acrbp,http://purl.obolibrary.org/obo/NCBITaxon_10090,http://www.ncbi.nlm.nih.gov/gene/54137,-1.3169,0.0449263,OSD-612
https://purl.org/okn/frink/kg/spoke-genelab/node/OSD-612-6345c5c7bcabe53264da1a63ae723b94,Cep76,http://purl.obolibrary.org/obo/NCBITaxon_10090,http://www.ncbi.nlm.nih.gov/gene/225659,-3.10854,0.00236742,OSD-612
https://purl.org/okn/frink/kg/spoke-genelab/node/OSD-612-6345c5c7bcabe53264da1a63ae723b94,Ephb2,http://purl.obolibrary.org/obo/NCBITaxon_10090,http://www.ncbi.nlm.nih.gov/gene/13844,-1.33967,0.0418363,OSD-612
https://purl.org/okn/frink/kg/spoke-genelab/node/OSD-612-6345c5c7bcabe53264da1a63ae723b94,Dact1,http://purl.obolibrary.org/obo/NCBITaxon_10090,http://www.ncbi.nlm.nih.gov/gene/59036,-1.80998,0.0436405,OSD-612
https://purl.org/okn/frink/kg/spoke-genelab/node/OSD-612-6345c5c7bcabe53264da1a63ae723b94,Syce2,http://purl.obolibrary.org/obo/NCBITaxon_10090,http://www.ncbi.nlm.nih.gov/gene/71846,-1.08206,0.0351865,OSD-612
https://purl.org/okn/frink/kg/spoke-genelab/node/OSD-612-6345c5c7bcabe53264da1a63ae723b94,Arhgap15,http://purl.obolibrary.org/obo/NCBITaxon_10090,http://www.ncbi.nlm.nih.gov/gene/76117,1.50258,0.0400622,OSD-612
https://purl.org/okn/frink/kg/spoke-genelab/node/OSD-612-6345c5c7bcabe53264da1a63ae723b94,Rgs9bp,http://purl.obolibrary.org/obo/NCBITaxon_10090,http://www.ncbi.nlm.nih.gov/gene/243923,2.01005,0.0252892,OSD-612
https://purl.org/okn/frink/kg/spoke-genelab/node/OSD-612-6345c5c7bcabe53264da1a63ae723b94,Zfpm1,http://purl.obolibrary.org/obo/NCBITaxon_10090,http://www.ncbi.nlm.nih.gov/gene/22761,1.21948,0.0319197,OSD-612
https://purl.org/okn/frink/kg/spoke-genelab/node/OSD-612-6345c5c7bcabe53264da1a63ae723b94,Stap2,http://purl.obolibrary.org/obo/NCBITaxon_10090,http://www.ncbi.nlm.nih.gov/gene/106766,-2.46856,0.0111454,OSD-612
https://purl.org/okn/frink/kg/spoke-genelab/node/OSD-612-6345c5c7bcabe53264da1a63ae723b94,Upk1b,http://purl.obolibrary.org/obo/NCBITaxon_10090,http://www.ncbi.nlm.nih.gov/gene/22268,1.49084,0.0451153,OSD-612
https://purl.org/okn/frink/kg/spoke-genelab/node/OSD-612-6345c5c7bcabe53264da1a63ae723b94,Prokr1,http://purl.obolibrary.org/obo/NCBITaxon_10090,http://www.ncbi.nlm.nih.gov/gene/58182,2.27278,0.0135497,OSD-612
https://purl.org/okn/frink/kg/spoke-genelab/node/OSD-612-6345c5c7bcabe53264da1a63ae723b94,Sprn,http://purl.obolibrary.org/obo/NCBITaxon_10090,http://www.ncbi.nlm.nih.gov/gene/212518,1.17602,0.00277942,OSD-612
https://purl.org/okn/frink/kg/spoke-genelab/node/OSD-612-6345c5c7bcabe53264da1a63ae723b94,Gcnt1,http://purl.obolibrary.org/obo/NCBITaxon_10090,http://www.ncbi.nlm.nih.gov/gene/14537,-2.58203,0.0062849,OSD-612
https://purl.org/okn/frink/kg/spoke-genelab/node/OSD-612-6345c5c7bcabe53264da1a63ae723b94,1700034H15Rik,http://purl.obolibrary.org/obo/NCBITaxon_10090,http://www.ncbi.nlm.nih.gov/gene/98736,1.32734,0.0467453,OSD-612
https://purl.org/okn/frink/kg/spoke-genelab/node/OSD-612-6345c5c7bcabe53264da1a63ae723b94,Poln,http://purl.obolibrary.org/obo/NCBITaxon_10090,http://www.ncbi.nlm.nih.gov/gene/272158,1.37812,0.0161531,OSD-612
https://purl.org/okn/frink/kg/spoke-genelab/node/OSD-612-6345c5c7bcabe53264da1a63ae723b94,Fat2,http://purl.obolibrary.org/obo/NCBITaxon_10090,http://www.ncbi.nlm.nih.gov/gene/245827,-7.78002,7.4539e-05,OSD-612
https://purl.org/okn/frink/kg/spoke-genelab/node/OSD-612-6345c5c7bcabe53264da1a63ae723b94,Tnni3k,http://purl.obolibrary.org/obo/NCBITaxon_10090,http://www.ncbi.nlm.nih.gov/gene/435766,2.95671,0.0161363,OSD-612
https://purl.org/okn/frink/kg/spoke-genelab/node/OSD-612-6345c5c7bcabe53264da1a63ae723b94,Gm2694,http://purl.obolibrary.org/obo/NCBITaxon_10090,http://www.ncbi.nlm.nih.gov/gene/100040294,-3.5276,0.000583642,OSD-612
https://purl.org/okn/frink/kg/spoke-genelab/node/OSD-612-6345c5c7bcabe53264da1a63ae723b94,Pi15,http://purl.obolibrary.org/obo/NCBITaxon_10090,http://www.ncbi.nlm.nih.gov/gene/94227,-1.48205,0.016889,OSD-612
https://purl.org/okn/frink/kg/spoke-genelab/node/OSD-612-6345c5c7bcabe53264da1a63ae723b94,Stum,http://purl.obolibrary.org/obo/NCBITaxon_10090,http://www.ncbi.nlm.nih.gov/gene/381310,2.31167,0.0189971,OSD-612
https://purl.org/okn/frink/kg/spoke-genelab/node/OSD-612-6345c5c7bcabe53264da1a63ae723b94,Zfp523,http://purl.obolibrary.org/obo/NCBITaxon_10090,http://www.ncbi.nlm.nih.gov/gene/224656,1.18059,0.0497162,OSD-612
https://purl.org/okn/frink/kg/spoke-genelab/node/OSD-612-6345c5c7bcabe53264da1a63ae723b94,Selenom,http://purl.obolibrary.org/obo/NCBITaxon_10090,http://www.ncbi.nlm.nih.gov/gene/114679,-1.61148,0.00707463,OSD-612
https://purl.org/okn/frink/kg/spoke-genelab/node/OSD-612-6345c5c7bcabe53264da1a63ae723b94,Dsp,http://purl.obolibrary.org/obo/NCBITaxon_10090,http://www.ncbi.nlm.nih.gov/gene/109620,2.31826,0.0192327,OSD-612
https://purl.org/okn/frink/kg/spoke-genelab/node/OSD-612-6345c5c7bcabe53264da1a63ae723b94,Ugt2b5,http://purl.obolibrary.org/obo/NCBITaxon_10090,http://www.ncbi.nlm.nih.gov/gene/22238,-5.01121,0.0365865,OSD-612
https://purl.org/okn/frink/kg/spoke-genelab/node/OSD-612-6345c5c7bcabe53264da1a63ae723b94,Marchf10,http://purl.obolibrary.org/obo/NCBITaxon_10090,http://www.ncbi.nlm.nih.gov/gene/632687,1.91697,0.0330052,OSD-612
https://purl.org/okn/frink/kg/spoke-genelab/node/OSD-612-6345c5c7bcabe53264da1a63ae723b94,Tmem62,http://purl.obolibrary.org/obo/NCBITaxon_10090,http://www.ncbi.nlm.nih.gov/gene/96957,-1.21133,0.0156186,OSD-612
https://purl.org/okn/frink/kg/spoke-genelab/node/OSD-612-6345c5c7bcabe53264da1a63ae723b94,Snrk,http://purl.obolibrary.org/obo/NCBITaxon_10090,http://www.ncbi.nlm.nih.gov/gene/20623,-1.69929,0.0212794,OSD-612
https://purl.org/okn/frink/kg/spoke-genelab/node/OSD-612-6345c5c7bcabe53264da1a63ae723b94,Pkp3,http://purl.obolibrary.org/obo/NCBITaxon_10090,http://www.ncbi.nlm.nih.gov/gene/56460,-6.72239,1.784e-05,OSD-612
https://purl.org/okn/frink/kg/spoke-genelab/node/OSD-612-6345c5c7bcabe53264da1a63ae723b94,Galnt7,http://purl.obolibrary.org/obo/NCBITaxon_10090,http://www.ncbi.nlm.nih.gov/gene/108150,-1.45928,0.0187615,OSD-612
https://purl.org/okn/frink/kg/spoke-genelab/node/OSD-612-6345c5c7bcabe53264da1a63ae723b94,Mpp4,http://purl.obolibrary.org/obo/NCBITaxon_10090,http://www.ncbi.nlm.nih.gov/gene/227157,-2.70789,0.00337673,OSD-612
https://purl.org/okn/frink/kg/spoke-genelab/node/OSD-612-6345c5c7bcabe53264da1a63ae723b94,Ntn1,http://purl.obolibrary.org/obo/NCBITaxon_10090,http://www.ncbi.nlm.nih.gov/gene/18208,-1.34575,0.0126208,OSD-612
https://purl.org/okn/frink/kg/spoke-genelab/node/OSD-612-6345c5c7bcabe53264da1a63ae723b94,Lrrc2,http://purl.obolibrary.org/obo/NCBITaxon_10090,http://www.ncbi.nlm.nih.gov/gene/74249,-1.53448,0.0336823,OSD-612
https://purl.org/okn/frink/kg/spoke-genelab/node/OSD-612-6345c5c7bcabe53264da1a63ae723b94,Map3k10,http://purl.obolibrary.org/obo/NCBITaxon_10090,http://www.ncbi.nlm.nih.gov/gene/269881,1.19653,0.0301479,OSD-612
https://purl.org/okn/frink/kg/spoke-genelab/node/OSD-612-6345c5c7bcabe53264da1a63ae723b94,Usp3,http://purl.obolibrary.org/obo/NCBITaxon_10090,http://www.ncbi.nlm.nih.gov/gene/235441,-1.52816,0.0282511,OSD-612
https://purl.org/okn/frink/kg/spoke-genelab/node/OSD-612-6345c5c7bcabe53264da1a63ae723b94,Alms1,http://purl.obolibrary.org/obo/NCBITaxon_10090,http://www.ncbi.nlm.nih.gov/gene/236266,-1.46088,0.0459828,OSD-612
https://purl.org/okn/frink/kg/spoke-genelab/node/OSD-612-6345c5c7bcabe53264da1a63ae723b94,Srpk3,http://purl.obolibrary.org/obo/NCBITaxon_10090,http://www.ncbi.nlm.nih.gov/gene/56504,1.24032,0.0196311,OSD-612
https://purl.org/okn/frink/kg/spoke-genelab/node/OSD-612-6345c5c7bcabe53264da1a63ae723b94,Zfhx2,http://purl.obolibrary.org/obo/NCBITaxon_10090,http://www.ncbi.nlm.nih.gov/gene/239102,1.04293,4.95693e-05,OSD-612
https://purl.org/okn/frink/kg/spoke-genelab/node/OSD-612-6345c5c7bcabe53264da1a63ae723b94,Spc24,http://purl.obolibrary.org/obo/NCBITaxon_10090,http://www.ncbi.nlm.nih.gov/gene/67629,-1.2385,0.0418815,OSD-612
https://purl.org/okn/frink/kg/spoke-genelab/node/OSD-612-6345c5c7bcabe53264da1a63ae723b94,Atl2,http://purl.obolibrary.org/obo/NCBITaxon_10090,http://www.ncbi.nlm.nih.gov/gene/56298,-1.02007,0.0262595,OSD-612
https://purl.org/okn/frink/kg/spoke-genelab/node/OSD-612-6345c5c7bcabe53264da1a63ae723b94,Septin4,http://purl.obolibrary.org/obo/NCBITaxon_10090,http://www.ncbi.nlm.nih.gov/gene/18952,-1.5082,0.00896451,OSD-612
https://purl.org/okn/frink/kg/spoke-genelab/node/OSD-612-6345c5c7bcabe53264da1a63ae723b94,Fam81a,http://purl.obolibrary.org/obo/NCBITaxon_10090,http://www.ncbi.nlm.nih.gov/gene/76886,1.65769,0.0293766,OSD-612
https://purl.org/okn/frink/kg/spoke-genelab/node/OSD-612-6345c5c7bcabe53264da1a63ae723b94,H1f5,http://purl.obolibrary.org/obo/NCBITaxon_10090,http://www.ncbi.nlm.nih.gov/gene/56702,-1.25563,0.0173398,OSD-612
https://purl.org/okn/frink/kg/spoke-genelab/node/OSD-612-6345c5c7bcabe53264da1a63ae723b94,Colq|LOC102639719,http://purl.obolibrary.org/obo/NCBITaxon_10090,http://www.ncbi.nlm.nih.gov/gene/102639719,-2.67912,0.0206279,OSD-612
https://purl.org/okn/frink/kg/spoke-genelab/node/OSD-612-6345c5c7bcabe53264da1a63ae723b94,Colq|LOC102639719,http://purl.obolibrary.org/obo/NCBITaxon_10090,http://www.ncbi.nlm.nih.gov/gene/382864,-2.67912,0.0206279,OSD-612
https://purl.org/okn/frink/kg/spoke-genelab/node/OSD-612-6345c5c7bcabe53264da1a63ae723b94,Mpp7,http://purl.obolibrary.org/obo/NCBITaxon_10090,http://www.ncbi.nlm.nih.gov/gene/75739,-1.77483,0.0123687,OSD-612
https://purl.org/okn/frink/kg/spoke-genelab/node/OSD-612-6345c5c7bcabe53264da1a63ae723b94,Dlgap4,http://purl.obolibrary.org/obo/NCBITaxon_10090,http://www.ncbi.nlm.nih.gov/gene/228836,1.00084,0.0188633,OSD-612
https://purl.org/okn/frink/kg/spoke-genelab/node/OSD-612-6345c5c7bcabe53264da1a63ae723b94,Kcnq3,http://purl.obolibrary.org/obo/NCBITaxon_10090,http://www.ncbi.nlm.nih.gov/gene/110862,1.55031,0.0185785,OSD-612
https://purl.org/okn/frink/kg/spoke-genelab/node/OSD-612-6345c5c7bcabe53264da1a63ae723b94,R3hdm1,http://purl.obolibrary.org/obo/NCBITaxon_10090,http://www.ncbi.nlm.nih.gov/gene/226412,1.63013,0.00883597,OSD-612
https://purl.org/okn/frink/kg/spoke-genelab/node/OSD-612-6345c5c7bcabe53264da1a63ae723b94,Agbl2,http://purl.obolibrary.org/obo/NCBITaxon_10090,http://www.ncbi.nlm.nih.gov/gene/271813,-1.99342,0.0233448,OSD-612
https://purl.org/okn/frink/kg/spoke-genelab/node/OSD-612-6345c5c7bcabe53264da1a63ae723b94,Adra1b,http://purl.obolibrary.org/obo/NCBITaxon_10090,http://www.ncbi.nlm.nih.gov/gene/11548,1.85071,0.000688046,OSD-612
https://purl.org/okn/frink/kg/spoke-genelab/node/OSD-612-6345c5c7bcabe53264da1a63ae723b94,Fbxl22,http://purl.obolibrary.org/obo/NCBITaxon_10090,http://www.ncbi.nlm.nih.gov/gene/74165,-1.75978,0.0445616,OSD-612
https://purl.org/okn/frink/kg/spoke-genelab/node/OSD-612-6345c5c7bcabe53264da1a63ae723b94,Ltbp2,http://purl.obolibrary.org/obo/NCBITaxon_10090,http://www.ncbi.nlm.nih.gov/gene/16997,-3.29987,0.0335555,OSD-612
https://purl.org/okn/frink/kg/spoke-genelab/node/OSD-612-6345c5c7bcabe53264da1a63ae723b94,Sema4c,http://purl.obolibrary.org/obo/NCBITaxon_10090,http://www.ncbi.nlm.nih.gov/gene/20353,-1.21328,0.0417056,OSD-612
https://purl.org/okn/frink/kg/spoke-genelab/node/OSD-612-6345c5c7bcabe53264da1a63ae723b94,Nos1,http://purl.obolibrary.org/obo/NCBITaxon_10090,http://www.ncbi.nlm.nih.gov/gene/18125,-1.39686,0.0315008,OSD-612
https://purl.org/okn/frink/kg/spoke-genelab/node/OSD-612-6345c5c7bcabe53264da1a63ae723b94,Gnmt,http://purl.obolibrary.org/obo/NCBITaxon_10090,http://www.ncbi.nlm.nih.gov/gene/14711,-3.30831,0.0325614,OSD-612
https://purl.org/okn/frink/kg/spoke-genelab/node/OSD-612-6345c5c7bcabe53264da1a63ae723b94,Fgf13,http://purl.obolibrary.org/obo/NCBITaxon_10090,http://www.ncbi.nlm.nih.gov/gene/14168,1.37044,0.0403013,OSD-612
https://purl.org/okn/frink/kg/spoke-genelab/node/OSD-612-6345c5c7bcabe53264da1a63ae723b94,Traf3ip2,http://purl.obolibrary.org/obo/NCBITaxon_10090,http://www.ncbi.nlm.nih.gov/gene/103213,-1.0028,0.0476426,OSD-612
https://purl.org/okn/frink/kg/spoke-genelab/node/OSD-612-6345c5c7bcabe53264da1a63ae723b94,Polg2,http://purl.obolibrary.org/obo/NCBITaxon_10090,http://www.ncbi.nlm.nih.gov/gene/50776,-1.08477,0.0433713,OSD-612
https://purl.org/okn/frink/kg/spoke-genelab/node/OSD-612-6345c5c7bcabe53264da1a63ae723b94,Tmem8b,http://purl.obolibrary.org/obo/NCBITaxon_10090,http://www.ncbi.nlm.nih.gov/gene/242409,1.15504,0.0124993,OSD-612
https://purl.org/okn/frink/kg/spoke-genelab/node/OSD-612-6345c5c7bcabe53264da1a63ae723b94,Apc,http://purl.obolibrary.org/obo/NCBITaxon_10090,http://www.ncbi.nlm.nih.gov/gene/11789,1.0527,0.00741085,OSD-612
https://purl.org/okn/frink/kg/spoke-genelab/node/OSD-612-6345c5c7bcabe53264da1a63ae723b94,Kif21b,http://purl.obolibrary.org/obo/NCBITaxon_10090,http://www.ncbi.nlm.nih.gov/gene/16565,1.1635,0.00431009,OSD-612
https://purl.org/okn/frink/kg/spoke-genelab/node/OSD-612-6345c5c7bcabe53264da1a63ae723b94,Metrn,http://purl.obolibrary.org/obo/NCBITaxon_10090,http://www.ncbi.nlm.nih.gov/gene/70083,-1.46828,0.0261012,OSD-612
https://purl.org/okn/frink/kg/spoke-genelab/node/OSD-612-6345c5c7bcabe53264da1a63ae723b94,Cd300lb,http://purl.obolibrary.org/obo/NCBITaxon_10090,http://www.ncbi.nlm.nih.gov/gene/217304,-5.10856,0.0141848,OSD-612
https://purl.org/okn/frink/kg/spoke-genelab/node/OSD-612-6345c5c7bcabe53264da1a63ae723b94,Arhgap42,http://purl.obolibrary.org/obo/NCBITaxon_10090,http://www.ncbi.nlm.nih.gov/gene/71544,1.19001,0.0161363,OSD-612
https://purl.org/okn/frink/kg/spoke-genelab/node/OSD-612-6345c5c7bcabe53264da1a63ae723b94,Meis1,http://purl.obolibrary.org/obo/NCBITaxon_10090,http://www.ncbi.nlm.nih.gov/gene/17268,-2.42013,0.00762279,OSD-612
https://purl.org/okn/frink/kg/spoke-genelab/node/OSD-612-6345c5c7bcabe53264da1a63ae723b94,Aldh1l2,http://purl.obolibrary.org/obo/NCBITaxon_10090,http://www.ncbi.nlm.nih.gov/gene/216188,-1.04168,0.0418569,OSD-612
https://purl.org/okn/frink/kg/spoke-genelab/node/OSD-612-6345c5c7bcabe53264da1a63ae723b94,Akr1b7,http://purl.obolibrary.org/obo/NCBITaxon_10090,http://www.ncbi.nlm.nih.gov/gene/11997,-7.0616,0.00212275,OSD-612
https://purl.org/okn/frink/kg/spoke-genelab/node/OSD-612-6345c5c7bcabe53264da1a63ae723b94,Rad54l,http://purl.obolibrary.org/obo/NCBITaxon_10090,http://www.ncbi.nlm.nih.gov/gene/19366,-1.40112,0.0376406,OSD-612
https://purl.org/okn/frink/kg/spoke-genelab/node/OSD-612-6345c5c7bcabe53264da1a63ae723b94,Hpcal1,http://purl.obolibrary.org/obo/NCBITaxon_10090,http://www.ncbi.nlm.nih.gov/gene/53602,-2.30524,0.00278395,OSD-612
https://purl.org/okn/frink/kg/spoke-genelab/node/OSD-612-6345c5c7bcabe53264da1a63ae723b94,Nuf2,http://purl.obolibrary.org/obo/NCBITaxon_10090,http://www.ncbi.nlm.nih.gov/gene/66977,-1.12845,0.0356263,OSD-612
https://purl.org/okn/frink/kg/spoke-genelab/node/OSD-612-6345c5c7bcabe53264da1a63ae723b94,Cnnm4,http://purl.obolibrary.org/obo/NCBITaxon_10090,http://www.ncbi.nlm.nih.gov/gene/94220,-1.17255,0.047772,OSD-612
https://purl.org/okn/frink/kg/spoke-genelab/node/OSD-612-6345c5c7bcabe53264da1a63ae723b94,Pcsk6,http://purl.obolibrary.org/obo/NCBITaxon_10090,http://www.ncbi.nlm.nih.gov/gene/18553,-1.59267,0.0344559,OSD-612
https://purl.org/okn/frink/kg/spoke-genelab/node/OSD-612-6345c5c7bcabe53264da1a63ae723b94,Homer3,http://purl.obolibrary.org/obo/NCBITaxon_10090,http://www.ncbi.nlm.nih.gov/gene/26558,-3.53897,0.00144922,OSD-612
https://purl.org/okn/frink/kg/spoke-genelab/node/OSD-612-6345c5c7bcabe53264da1a63ae723b94,Icmt,http://purl.obolibrary.org/obo/NCBITaxon_10090,http://www.ncbi.nlm.nih.gov/gene/57295,-1.62542,0.0400353,OSD-612
https://purl.org/okn/frink/kg/spoke-genelab/node/OSD-612-6345c5c7bcabe53264da1a63ae723b94,Shf,http://purl.obolibrary.org/obo/NCBITaxon_10090,http://www.ncbi.nlm.nih.gov/gene/435684,-1.66913,0.0326813,OSD-612
https://purl.org/okn/frink/kg/spoke-genelab/node/OSD-612-6345c5c7bcabe53264da1a63ae723b94,Ptpn22,http://purl.obolibrary.org/obo/NCBITaxon_10090,http://www.ncbi.nlm.nih.gov/gene/19260,-2.75494,0.0101878,OSD-612
https://purl.org/okn/frink/kg/spoke-genelab/node/OSD-612-6345c5c7bcabe53264da1a63ae723b94,Hectd4,http://purl.obolibrary.org/obo/NCBITaxon_10090,http://www.ncbi.nlm.nih.gov/gene/269700,1.04615,0.00642557,OSD-612
https://purl.org/okn/frink/kg/spoke-genelab/node/OSD-612-6345c5c7bcabe53264da1a63ae723b94,Neurl2,http://purl.obolibrary.org/obo/NCBITaxon_10090,http://www.ncbi.nlm.nih.gov/gene/415115,-1.19597,0.0492538,OSD-612
https://purl.org/okn/frink/kg/spoke-genelab/node/OSD-612-6345c5c7bcabe53264da1a63ae723b94,Nsg1,http://purl.obolibrary.org/obo/NCBITaxon_10090,http://www.ncbi.nlm.nih.gov/gene/18196,-1.38555,0.00509486,OSD-612
https://purl.org/okn/frink/kg/spoke-genelab/node/OSD-612-6345c5c7bcabe53264da1a63ae723b94,Snora7a,http://purl.obolibrary.org/obo/NCBITaxon_10090,http://www.ncbi.nlm.nih.gov/gene/100217451,-1.17465,0.0334145,OSD-612
https://purl.org/okn/frink/kg/spoke-genelab/node/OSD-612-6345c5c7bcabe53264da1a63ae723b94,Fgf7,http://purl.obolibrary.org/obo/NCBITaxon_10090,http://www.ncbi.nlm.nih.gov/gene/14178,-3.55532,0.0036319,OSD-612
https://purl.org/okn/frink/kg/spoke-genelab/node/OSD-612-6345c5c7bcabe53264da1a63ae723b94,Zfp472,http://purl.obolibrary.org/obo/NCBITaxon_10090,http://www.ncbi.nlm.nih.gov/gene/224691,-1.08849,0.0102456,OSD-612
https://purl.org/okn/frink/kg/spoke-genelab/node/OSD-612-6345c5c7bcabe53264da1a63ae723b94,Chrdl1,http://purl.obolibrary.org/obo/NCBITaxon_10090,http://www.ncbi.nlm.nih.gov/gene/83453,1.47157,0.0477055,OSD-612
https://purl.org/okn/frink/kg/spoke-genelab/node/OSD-612-6345c5c7bcabe53264da1a63ae723b94,Chn2,http://purl.obolibrary.org/obo/NCBITaxon_10090,http://www.ncbi.nlm.nih.gov/gene/69993,-3.80414,0.000224875,OSD-612
https://purl.org/okn/frink/kg/spoke-genelab/node/OSD-612-6345c5c7bcabe53264da1a63ae723b94,Gm25791,http://purl.obolibrary.org/obo/NCBITaxon_10090,http://www.ncbi.nlm.nih.gov/gene/115487273,-1.27244,0.0157335,OSD-612
https://purl.org/okn/frink/kg/spoke-genelab/node/OSD-612-6345c5c7bcabe53264da1a63ae723b94,Chl1,http://purl.obolibrary.org/obo/NCBITaxon_10090,http://www.ncbi.nlm.nih.gov/gene/12661,-1.05504,0.0467453,OSD-612
https://purl.org/okn/frink/kg/spoke-genelab/node/OSD-612-6345c5c7bcabe53264da1a63ae723b94,Pvalb,http://purl.obolibrary.org/obo/NCBITaxon_10090,http://www.ncbi.nlm.nih.gov/gene/19293,-2.76072,0.0110075,OSD-612
https://purl.org/okn/frink/kg/spoke-genelab/node/OSD-612-6345c5c7bcabe53264da1a63ae723b94,Lcp2,http://purl.obolibrary.org/obo/NCBITaxon_10090,http://www.ncbi.nlm.nih.gov/gene/16822,1.36652,0.0433793,OSD-612
https://purl.org/okn/frink/kg/spoke-genelab/node/OSD-612-6345c5c7bcabe53264da1a63ae723b94,Nr2f1,http://purl.obolibrary.org/obo/NCBITaxon_10090,http://www.ncbi.nlm.nih.gov/gene/13865,1.08943,0.0331038,OSD-612
https://purl.org/okn/frink/kg/spoke-genelab/node/OSD-612-6345c5c7bcabe53264da1a63ae723b94,Tmem266,http://purl.obolibrary.org/obo/NCBITaxon_10090,http://www.ncbi.nlm.nih.gov/gene/244886,-2.06102,0.0376406,OSD-612
https://purl.org/okn/frink/kg/spoke-genelab/node/OSD-612-6345c5c7bcabe53264da1a63ae723b94,C130074G19Rik,http://purl.obolibrary.org/obo/NCBITaxon_10090,http://www.ncbi.nlm.nih.gov/gene/226777,1.15621,0.020102,OSD-612
https://purl.org/okn/frink/kg/spoke-genelab/node/OSD-612-6345c5c7bcabe53264da1a63ae723b94,Cdh7,http://purl.obolibrary.org/obo/NCBITaxon_10090,http://www.ncbi.nlm.nih.gov/gene/241201,-1.2865,0.0115103,OSD-612
https://purl.org/okn/frink/kg/spoke-genelab/node/OSD-612-6345c5c7bcabe53264da1a63ae723b94,Ttbk1,http://purl.obolibrary.org/obo/NCBITaxon_10090,http://www.ncbi.nlm.nih.gov/gene/106763,1.19813,0.00350702,OSD-612
https://purl.org/okn/frink/kg/spoke-genelab/node/OSD-612-6345c5c7bcabe53264da1a63ae723b94,Nek2,http://purl.obolibrary.org/obo/NCBITaxon_10090,http://www.ncbi.nlm.nih.gov/gene/18005,-2.92636,0.00505421,OSD-612
https://purl.org/okn/frink/kg/spoke-genelab/node/OSD-612-6345c5c7bcabe53264da1a63ae723b94,Prkca,http://purl.obolibrary.org/obo/NCBITaxon_10090,http://www.ncbi.nlm.nih.gov/gene/18750,1.03095,0.0246695,OSD-612
https://purl.org/okn/frink/kg/spoke-genelab/node/OSD-612-6345c5c7bcabe53264da1a63ae723b94,Rap1gap2,http://purl.obolibrary.org/obo/NCBITaxon_10090,http://www.ncbi.nlm.nih.gov/gene/380711,1.03489,0.0138893,OSD-612
https://purl.org/okn/frink/kg/spoke-genelab/node/OSD-612-6345c5c7bcabe53264da1a63ae723b94,Dbi,http://purl.obolibrary.org/obo/NCBITaxon_10090,http://www.ncbi.nlm.nih.gov/gene/13167,-1.15381,0.00545916,OSD-612
https://purl.org/okn/frink/kg/spoke-genelab/node/OSD-612-6345c5c7bcabe53264da1a63ae723b94,4930447N08Rik,http://purl.obolibrary.org/obo/NCBITaxon_10090,http://www.ncbi.nlm.nih.gov/gene/71647,4.98437,0.000821584,OSD-612
https://purl.org/okn/frink/kg/spoke-genelab/node/OSD-612-6345c5c7bcabe53264da1a63ae723b94,Nab2,http://purl.obolibrary.org/obo/NCBITaxon_10090,http://www.ncbi.nlm.nih.gov/gene/17937,-1.21766,0.0194986,OSD-612
https://purl.org/okn/frink/kg/spoke-genelab/node/OSD-612-6345c5c7bcabe53264da1a63ae723b94,Lgr5,http://purl.obolibrary.org/obo/NCBITaxon_10090,http://www.ncbi.nlm.nih.gov/gene/14160,-1.53232,0.0156123,OSD-612
https://purl.org/okn/frink/kg/spoke-genelab/node/OSD-612-6345c5c7bcabe53264da1a63ae723b94,Olfm3,http://purl.obolibrary.org/obo/NCBITaxon_10090,http://www.ncbi.nlm.nih.gov/gene/229759,-1.93179,0.00896045,OSD-612
https://purl.org/okn/frink/kg/spoke-genelab/node/OSD-612-6345c5c7bcabe53264da1a63ae723b94,Erg28,http://purl.obolibrary.org/obo/NCBITaxon_10090,http://www.ncbi.nlm.nih.gov/gene/58520,-1.12572,0.014661,OSD-612
https://purl.org/okn/frink/kg/spoke-genelab/node/OSD-612-6345c5c7bcabe53264da1a63ae723b94,Trpv4,http://purl.obolibrary.org/obo/NCBITaxon_10090,http://www.ncbi.nlm.nih.gov/gene/63873,1.26569,0.039693,OSD-612
https://purl.org/okn/frink/kg/spoke-genelab/node/OSD-612-6345c5c7bcabe53264da1a63ae723b94,Fam107b,http://purl.obolibrary.org/obo/NCBITaxon_10090,http://www.ncbi.nlm.nih.gov/gene/66540,-2.37344,0.00840833,OSD-612
https://purl.org/okn/frink/kg/spoke-genelab/node/OSD-612-6345c5c7bcabe53264da1a63ae723b94,B4galt2,http://purl.obolibrary.org/obo/NCBITaxon_10090,http://www.ncbi.nlm.nih.gov/gene/53418,1.20929,0.0473163,OSD-612
https://purl.org/okn/frink/kg/spoke-genelab/node/OSD-612-6345c5c7bcabe53264da1a63ae723b94,Adhfe1,http://purl.obolibrary.org/obo/NCBITaxon_10090,http://www.ncbi.nlm.nih.gov/gene/76187,1.17643,0.0371751,OSD-612
https://purl.org/okn/frink/kg/spoke-genelab/node/OSD-612-6345c5c7bcabe53264da1a63ae723b94,Iqschfp,http://purl.obolibrary.org/obo/NCBITaxon_10090,http://www.ncbi.nlm.nih.gov/gene/100505386,2.08676,0.0187278,OSD-612
https://purl.org/okn/frink/kg/spoke-genelab/node/OSD-612-6345c5c7bcabe53264da1a63ae723b94,Homer2,http://purl.obolibrary.org/obo/NCBITaxon_10090,http://www.ncbi.nlm.nih.gov/gene/26557,1.71434,0.0203217,OSD-612
https://purl.org/okn/frink/kg/spoke-genelab/node/OSD-612-6345c5c7bcabe53264da1a63ae723b94,Slc22a4,http://purl.obolibrary.org/obo/NCBITaxon_10090,http://www.ncbi.nlm.nih.gov/gene/30805,-2.24516,0.0101878,OSD-612
https://purl.org/okn/frink/kg/spoke-genelab/node/OSD-612-6345c5c7bcabe53264da1a63ae723b94,Arg1,http://purl.obolibrary.org/obo/NCBITaxon_10090,http://www.ncbi.nlm.nih.gov/gene/11846,-3.37323,0.0218191,OSD-612
https://purl.org/okn/frink/kg/spoke-genelab/node/OSD-612-6345c5c7bcabe53264da1a63ae723b94,Dyrk2,http://purl.obolibrary.org/obo/NCBITaxon_10090,http://www.ncbi.nlm.nih.gov/gene/69181,1.06173,0.0315661,OSD-612
https://purl.org/okn/frink/kg/spoke-genelab/node/OSD-612-6345c5c7bcabe53264da1a63ae723b94,Skor2,http://purl.obolibrary.org/obo/NCBITaxon_10090,http://www.ncbi.nlm.nih.gov/gene/664805,-7.13076,0.00236742,OSD-612
https://purl.org/okn/frink/kg/spoke-genelab/node/OSD-612-6345c5c7bcabe53264da1a63ae723b94,Wwc1,http://purl.obolibrary.org/obo/NCBITaxon_10090,http://www.ncbi.nlm.nih.gov/gene/211652,1.27773,0.0146786,OSD-612
https://purl.org/okn/frink/kg/spoke-genelab/node/OSD-612-6345c5c7bcabe53264da1a63ae723b94,Cnksr3,http://purl.obolibrary.org/obo/NCBITaxon_10090,http://www.ncbi.nlm.nih.gov/gene/215748,-2.30784,0.0366143,OSD-612
https://purl.org/okn/frink/kg/spoke-genelab/node/OSD-612-6345c5c7bcabe53264da1a63ae723b94,Tspan4,http://purl.obolibrary.org/obo/NCBITaxon_10090,http://www.ncbi.nlm.nih.gov/gene/64540,-1.7715,0.00981233,OSD-612
https://purl.org/okn/frink/kg/spoke-genelab/node/OSD-612-6345c5c7bcabe53264da1a63ae723b94,Traf1,http://purl.obolibrary.org/obo/NCBITaxon_10090,http://www.ncbi.nlm.nih.gov/gene/22029,-2.69783,0.00283138,OSD-612
https://purl.org/okn/frink/kg/spoke-genelab/node/OSD-612-6345c5c7bcabe53264da1a63ae723b94,Dpf3,http://purl.obolibrary.org/obo/NCBITaxon_10090,http://www.ncbi.nlm.nih.gov/gene/70127,-1.66299,0.0493974,OSD-612
https://purl.org/okn/frink/kg/spoke-genelab/node/OSD-612-6345c5c7bcabe53264da1a63ae723b94,Pou6f2,http://purl.obolibrary.org/obo/NCBITaxon_10090,http://www.ncbi.nlm.nih.gov/gene/218030,1.6536,0.0287885,OSD-612
https://purl.org/okn/frink/kg/spoke-genelab/node/OSD-612-6345c5c7bcabe53264da1a63ae723b94,Abhd16a,http://purl.obolibrary.org/obo/NCBITaxon_10090,http://www.ncbi.nlm.nih.gov/gene/193742,-1.38465,0.0286797,OSD-612
https://purl.org/okn/frink/kg/spoke-genelab/node/OSD-612-6345c5c7bcabe53264da1a63ae723b94,Nsmf,http://purl.obolibrary.org/obo/NCBITaxon_10090,http://www.ncbi.nlm.nih.gov/gene/56876,1.93707,0.0115104,OSD-612
https://purl.org/okn/frink/kg/spoke-genelab/node/OSD-612-6345c5c7bcabe53264da1a63ae723b94,Sdc1,http://purl.obolibrary.org/obo/NCBITaxon_10090,http://www.ncbi.nlm.nih.gov/gene/20969,-2.82607,0.00450986,OSD-612
https://purl.org/okn/frink/kg/spoke-genelab/node/OSD-612-6345c5c7bcabe53264da1a63ae723b94,Dpysl4,http://purl.obolibrary.org/obo/NCBITaxon_10090,http://www.ncbi.nlm.nih.gov/gene/26757,-1.28117,0.0436974,OSD-612
https://purl.org/okn/frink/kg/spoke-genelab/node/OSD-612-6345c5c7bcabe53264da1a63ae723b94,Als2,http://purl.obolibrary.org/obo/NCBITaxon_10090,http://www.ncbi.nlm.nih.gov/gene/74018,-1.94375,0.0211449,OSD-612
https://purl.org/okn/frink/kg/spoke-genelab/node/OSD-612-6345c5c7bcabe53264da1a63ae723b94,Olfm5,http://purl.obolibrary.org/obo/NCBITaxon_10090,http://www.ncbi.nlm.nih.gov/gene/244180,1.93109,0.0450162,OSD-612
https://purl.org/okn/frink/kg/spoke-genelab/node/OSD-612-6345c5c7bcabe53264da1a63ae723b94,Ropn1,http://purl.obolibrary.org/obo/NCBITaxon_10090,http://www.ncbi.nlm.nih.gov/gene/76378,3.00838,0.0320658,OSD-612
https://purl.org/okn/frink/kg/spoke-genelab/node/OSD-612-6345c5c7bcabe53264da1a63ae723b94,Zic2,http://purl.obolibrary.org/obo/NCBITaxon_10090,http://www.ncbi.nlm.nih.gov/gene/22772,-2.33327,0.0403013,OSD-612
https://purl.org/okn/frink/kg/spoke-genelab/node/OSD-612-6345c5c7bcabe53264da1a63ae723b94,Tex15,http://purl.obolibrary.org/obo/NCBITaxon_10090,http://www.ncbi.nlm.nih.gov/gene/104271,1.49015,0.0337928,OSD-612
https://purl.org/okn/frink/kg/spoke-genelab/node/OSD-612-6345c5c7bcabe53264da1a63ae723b94,R3hdm2,http://purl.obolibrary.org/obo/NCBITaxon_10090,http://www.ncbi.nlm.nih.gov/gene/71750,1.08636,0.0382633,OSD-612
https://purl.org/okn/frink/kg/spoke-genelab/node/OSD-612-6345c5c7bcabe53264da1a63ae723b94,Otub2,http://purl.obolibrary.org/obo/NCBITaxon_10090,http://www.ncbi.nlm.nih.gov/gene/68149,1.06216,0.0156627,OSD-612
https://purl.org/okn/frink/kg/spoke-genelab/node/OSD-612-6345c5c7bcabe53264da1a63ae723b94,Tmem44,http://purl.obolibrary.org/obo/NCBITaxon_10090,http://www.ncbi.nlm.nih.gov/gene/224090,1.60446,0.043912,OSD-612
https://purl.org/okn/frink/kg/spoke-genelab/node/OSD-612-6345c5c7bcabe53264da1a63ae723b94,Nupr1,http://purl.obolibrary.org/obo/NCBITaxon_10090,http://www.ncbi.nlm.nih.gov/gene/56312,1.31291,0.0293297,OSD-612
https://purl.org/okn/frink/kg/spoke-genelab/node/OSD-612-6345c5c7bcabe53264da1a63ae723b94,Nrg3,http://purl.obolibrary.org/obo/NCBITaxon_10090,http://www.ncbi.nlm.nih.gov/gene/18183,1.18402,0.0387787,OSD-612
https://purl.org/okn/frink/kg/spoke-genelab/node/OSD-612-6345c5c7bcabe53264da1a63ae723b94,Cyp27a1,http://purl.obolibrary.org/obo/NCBITaxon_10090,http://www.ncbi.nlm.nih.gov/gene/104086,-1.43983,0.00224139,OSD-612
https://purl.org/okn/frink/kg/spoke-genelab/node/OSD-612-6345c5c7bcabe53264da1a63ae723b94,Pms1,http://purl.obolibrary.org/obo/NCBITaxon_10090,http://www.ncbi.nlm.nih.gov/gene/227099,-1.05365,0.0457189,OSD-612
https://purl.org/okn/frink/kg/spoke-genelab/node/OSD-612-6345c5c7bcabe53264da1a63ae723b94,Slc2a5,http://purl.obolibrary.org/obo/NCBITaxon_10090,http://www.ncbi.nlm.nih.gov/gene/56485,2.2499,0.0161531,OSD-612
https://purl.org/okn/frink/kg/spoke-genelab/node/OSD-612-6345c5c7bcabe53264da1a63ae723b94,Ptgs2os2,http://purl.obolibrary.org/obo/NCBITaxon_10090,http://www.ncbi.nlm.nih.gov/gene/102639566,3.18083,0.0348197,OSD-612
https://purl.org/okn/frink/kg/spoke-genelab/node/OSD-612-6345c5c7bcabe53264da1a63ae723b94,F630040K05Rik,http://purl.obolibrary.org/obo/NCBITaxon_10090,http://www.ncbi.nlm.nih.gov/gene/433111,1.4142,0.0497162,OSD-612
https://purl.org/okn/frink/kg/spoke-genelab/node/OSD-612-6345c5c7bcabe53264da1a63ae723b94,Tspan9,http://purl.obolibrary.org/obo/NCBITaxon_10090,http://www.ncbi.nlm.nih.gov/gene/109246,-1.70879,0.034198,OSD-612
https://purl.org/okn/frink/kg/spoke-genelab/node/OSD-612-6345c5c7bcabe53264da1a63ae723b94,H6pd,http://purl.obolibrary.org/obo/NCBITaxon_10090,http://www.ncbi.nlm.nih.gov/gene/100198,-1.3218,0.0334145,OSD-612
https://purl.org/okn/frink/kg/spoke-genelab/node/OSD-612-6345c5c7bcabe53264da1a63ae723b94,Krt24,http://purl.obolibrary.org/obo/NCBITaxon_10090,http://www.ncbi.nlm.nih.gov/gene/75706,-3.69701,0.0360167,OSD-612
https://purl.org/okn/frink/kg/spoke-genelab/node/OSD-612-6345c5c7bcabe53264da1a63ae723b94,Acap3,http://purl.obolibrary.org/obo/NCBITaxon_10090,http://www.ncbi.nlm.nih.gov/gene/140500,1.26304,0.000483363,OSD-612
https://purl.org/okn/frink/kg/spoke-genelab/node/OSD-612-6345c5c7bcabe53264da1a63ae723b94,Cd38,http://purl.obolibrary.org/obo/NCBITaxon_10090,http://www.ncbi.nlm.nih.gov/gene/12494,-1.40322,0.0320622,OSD-612
https://purl.org/okn/frink/kg/spoke-genelab/node/OSD-612-6345c5c7bcabe53264da1a63ae723b94,A2m,http://purl.obolibrary.org/obo/NCBITaxon_10090,http://www.ncbi.nlm.nih.gov/gene/232345,-2.7838,0.0200452,OSD-612
https://purl.org/okn/frink/kg/spoke-genelab/node/OSD-612-6345c5c7bcabe53264da1a63ae723b94,Il22,http://purl.obolibrary.org/obo/NCBITaxon_10090,http://www.ncbi.nlm.nih.gov/gene/50929,-6.63794,0.0118323,OSD-612
https://purl.org/okn/frink/kg/spoke-genelab/node/OSD-612-6345c5c7bcabe53264da1a63ae723b94,Il22b,http://purl.obolibrary.org/obo/NCBITaxon_10090,http://www.ncbi.nlm.nih.gov/gene/116849,-6.75971,0.0126022,OSD-612
https://purl.org/okn/frink/kg/spoke-genelab/node/OSD-612-6345c5c7bcabe53264da1a63ae723b94,Asph,http://purl.obolibrary.org/obo/NCBITaxon_10090,http://www.ncbi.nlm.nih.gov/gene/65973,-1.25584,0.048003,OSD-612
https://purl.org/okn/frink/kg/spoke-genelab/node/OSD-612-6345c5c7bcabe53264da1a63ae723b94,Calb1,http://purl.obolibrary.org/obo/NCBITaxon_10090,http://www.ncbi.nlm.nih.gov/gene/12307,-2.03193,0.010347,OSD-612
https://purl.org/okn/frink/kg/spoke-genelab/node/OSD-612-6345c5c7bcabe53264da1a63ae723b94,Mapk12,http://purl.obolibrary.org/obo/NCBITaxon_10090,http://www.ncbi.nlm.nih.gov/gene/29857,-2.16566,0.0060824,OSD-612
https://purl.org/okn/frink/kg/spoke-genelab/node/OSD-612-6345c5c7bcabe53264da1a63ae723b94,Allc,http://purl.obolibrary.org/obo/NCBITaxon_10090,http://www.ncbi.nlm.nih.gov/gene/94041,3.53684,0.0262737,OSD-612
https://purl.org/okn/frink/kg/spoke-genelab/node/OSD-612-6345c5c7bcabe53264da1a63ae723b94,Pitpnm2,http://purl.obolibrary.org/obo/NCBITaxon_10090,http://www.ncbi.nlm.nih.gov/gene/19679,1.41878,0.0387787,OSD-612
https://purl.org/okn/frink/kg/spoke-genelab/node/OSD-612-6345c5c7bcabe53264da1a63ae723b94,Tmprss5,http://purl.obolibrary.org/obo/NCBITaxon_10090,http://www.ncbi.nlm.nih.gov/gene/80893,-2.24349,0.0377155,OSD-612
https://purl.org/okn/frink/kg/spoke-genelab/node/OSD-612-6345c5c7bcabe53264da1a63ae723b94,Cabp1,http://purl.obolibrary.org/obo/NCBITaxon_10090,http://www.ncbi.nlm.nih.gov/gene/29867,1.10601,0.0206063,OSD-612
https://purl.org/okn/frink/kg/spoke-genelab/node/OSD-612-6345c5c7bcabe53264da1a63ae723b94,Pan3,http://purl.obolibrary.org/obo/NCBITaxon_10090,http://www.ncbi.nlm.nih.gov/gene/72587,-1.15064,0.0414471,OSD-612
https://purl.org/okn/frink/kg/spoke-genelab/node/OSD-612-6345c5c7bcabe53264da1a63ae723b94,Dgkg,http://purl.obolibrary.org/obo/NCBITaxon_10090,http://www.ncbi.nlm.nih.gov/gene/110197,-1.67891,0.0121464,OSD-612
https://purl.org/okn/frink/kg/spoke-genelab/node/OSD-612-6345c5c7bcabe53264da1a63ae723b94,Slc41a3,http://purl.obolibrary.org/obo/NCBITaxon_10090,http://www.ncbi.nlm.nih.gov/gene/71699,-2.09807,0.0281306,OSD-612
https://purl.org/okn/frink/kg/spoke-genelab/node/OSD-612-6345c5c7bcabe53264da1a63ae723b94,Cntn6,http://purl.obolibrary.org/obo/NCBITaxon_10090,http://www.ncbi.nlm.nih.gov/gene/53870,-1.53011,0.0387787,OSD-612
https://purl.org/okn/frink/kg/spoke-genelab/node/OSD-612-6345c5c7bcabe53264da1a63ae723b94,Plce1,http://purl.obolibrary.org/obo/NCBITaxon_10090,http://www.ncbi.nlm.nih.gov/gene/74055,-1.2587,0.0321361,OSD-612
https://purl.org/okn/frink/kg/spoke-genelab/node/OSD-612-6345c5c7bcabe53264da1a63ae723b94,Prim1,http://purl.obolibrary.org/obo/NCBITaxon_10090,http://www.ncbi.nlm.nih.gov/gene/19075,-1.01588,0.000161025,OSD-612
https://purl.org/okn/frink/kg/spoke-genelab/node/OSD-612-6345c5c7bcabe53264da1a63ae723b94,Afap1l2,http://purl.obolibrary.org/obo/NCBITaxon_10090,http://www.ncbi.nlm.nih.gov/gene/226250,-1.90575,0.0126208,OSD-612
https://purl.org/okn/frink/kg/spoke-genelab/node/OSD-612-6345c5c7bcabe53264da1a63ae723b94,Tdo2,http://purl.obolibrary.org/obo/NCBITaxon_10090,http://www.ncbi.nlm.nih.gov/gene/56720,-3.56945,0.00204378,OSD-612
https://purl.org/okn/frink/kg/spoke-genelab/node/OSD-612-6345c5c7bcabe53264da1a63ae723b94,Rnf19b,http://purl.obolibrary.org/obo/NCBITaxon_10090,http://www.ncbi.nlm.nih.gov/gene/75234,-1.24581,0.0466155,OSD-612
https://purl.org/okn/frink/kg/spoke-genelab/node/OSD-612-6345c5c7bcabe53264da1a63ae723b94,Marveld2,http://purl.obolibrary.org/obo/NCBITaxon_10090,http://www.ncbi.nlm.nih.gov/gene/218518,-2.20065,0.0200595,OSD-612
https://purl.org/okn/frink/kg/spoke-genelab/node/OSD-612-6345c5c7bcabe53264da1a63ae723b94,E2f1,http://purl.obolibrary.org/obo/NCBITaxon_10090,http://www.ncbi.nlm.nih.gov/gene/13555,1.61074,0.0184827,OSD-612
https://purl.org/okn/frink/kg/spoke-genelab/node/OSD-612-6345c5c7bcabe53264da1a63ae723b94,Ebp,http://purl.obolibrary.org/obo/NCBITaxon_10090,http://www.ncbi.nlm.nih.gov/gene/13595,-1.20471,0.0261504,OSD-612
https://purl.org/okn/frink/kg/spoke-genelab/node/OSD-612-6345c5c7bcabe53264da1a63ae723b94,Mrgprf,http://purl.obolibrary.org/obo/NCBITaxon_10090,http://www.ncbi.nlm.nih.gov/gene/211577,-2.20439,0.0393715,OSD-612
https://purl.org/okn/frink/kg/spoke-genelab/node/OSD-612-6345c5c7bcabe53264da1a63ae723b94,Acsm5,http://purl.obolibrary.org/obo/NCBITaxon_10090,http://www.ncbi.nlm.nih.gov/gene/272428,-2.40758,0.00380343,OSD-612
https://purl.org/okn/frink/kg/spoke-genelab/node/OSD-612-6345c5c7bcabe53264da1a63ae723b94,Mtss1,http://purl.obolibrary.org/obo/NCBITaxon_10090,http://www.ncbi.nlm.nih.gov/gene/211401,-1.42667,0.0425945,OSD-612
https://purl.org/okn/frink/kg/spoke-genelab/node/OSD-612-6345c5c7bcabe53264da1a63ae723b94,Barhl2,http://purl.obolibrary.org/obo/NCBITaxon_10090,http://www.ncbi.nlm.nih.gov/gene/104382,-4.72077,0.0273465,OSD-612
https://purl.org/okn/frink/kg/spoke-genelab/node/OSD-612-6345c5c7bcabe53264da1a63ae723b94,Zranb1,http://purl.obolibrary.org/obo/NCBITaxon_10090,http://www.ncbi.nlm.nih.gov/gene/360216,-1.11379,0.0334145,OSD-612
https://purl.org/okn/frink/kg/spoke-genelab/node/OSD-612-6345c5c7bcabe53264da1a63ae723b94,Gm40518,http://purl.obolibrary.org/obo/NCBITaxon_10090,http://www.ncbi.nlm.nih.gov/gene/105245003,7.14231,0.00926751,OSD-612
https://purl.org/okn/frink/kg/spoke-genelab/node/OSD-612-6345c5c7bcabe53264da1a63ae723b94,Xkr7,http://purl.obolibrary.org/obo/NCBITaxon_10090,http://www.ncbi.nlm.nih.gov/gene/228787,-1.97559,0.0379047,OSD-612
https://purl.org/okn/frink/kg/spoke-genelab/node/OSD-612-6345c5c7bcabe53264da1a63ae723b94,Ccdc28b,http://purl.obolibrary.org/obo/NCBITaxon_10090,http://www.ncbi.nlm.nih.gov/gene/66264,-1.24722,0.0239739,OSD-612
https://purl.org/okn/frink/kg/spoke-genelab/node/OSD-612-6345c5c7bcabe53264da1a63ae723b94,Adamts10,http://purl.obolibrary.org/obo/NCBITaxon_10090,http://www.ncbi.nlm.nih.gov/gene/224697,-1.76274,0.0334145,OSD-612
https://purl.org/okn/frink/kg/spoke-genelab/node/OSD-612-6345c5c7bcabe53264da1a63ae723b94,Rorc,http://purl.obolibrary.org/obo/NCBITaxon_10090,http://www.ncbi.nlm.nih.gov/gene/19885,-1.91156,0.0171326,OSD-612
https://purl.org/okn/frink/kg/spoke-genelab/node/OSD-612-6345c5c7bcabe53264da1a63ae723b94,Tnfrsf12a,http://purl.obolibrary.org/obo/NCBITaxon_10090,http://www.ncbi.nlm.nih.gov/gene/27279,-1.6167,0.0421691,OSD-612
https://purl.org/okn/frink/kg/spoke-genelab/node/OSD-612-6345c5c7bcabe53264da1a63ae723b94,Serinc2,http://purl.obolibrary.org/obo/NCBITaxon_10090,http://www.ncbi.nlm.nih.gov/gene/230779,-2.51233,0.0260947,OSD-612
https://purl.org/okn/frink/kg/spoke-genelab/node/OSD-612-6345c5c7bcabe53264da1a63ae723b94,Tnfrsf11a,http://purl.obolibrary.org/obo/NCBITaxon_10090,http://www.ncbi.nlm.nih.gov/gene/21934,1.0612,0.0141208,OSD-612
https://purl.org/okn/frink/kg/spoke-genelab/node/OSD-612-6345c5c7bcabe53264da1a63ae723b94,Gabra6,http://purl.obolibrary.org/obo/NCBITaxon_10090,http://www.ncbi.nlm.nih.gov/gene/14399,-9.80021,1.08598e-05,OSD-612
https://purl.org/okn/frink/kg/spoke-genelab/node/OSD-612-6345c5c7bcabe53264da1a63ae723b94,Epb41,http://purl.obolibrary.org/obo/NCBITaxon_10090,http://www.ncbi.nlm.nih.gov/gene/269587,-1.59185,0.0211449,OSD-612
https://purl.org/okn/frink/kg/spoke-genelab/node/OSD-612-6345c5c7bcabe53264da1a63ae723b94,Itga8,http://purl.obolibrary.org/obo/NCBITaxon_10090,http://www.ncbi.nlm.nih.gov/gene/241226,1.00088,0.046897,OSD-612
https://purl.org/okn/frink/kg/spoke-genelab/node/OSD-612-6345c5c7bcabe53264da1a63ae723b94,4930447F24Rik,http://purl.obolibrary.org/obo/NCBITaxon_10090,http://www.ncbi.nlm.nih.gov/gene/76873,-3.8648,0.0254322,OSD-612
https://purl.org/okn/frink/kg/spoke-genelab/node/OSD-612-6345c5c7bcabe53264da1a63ae723b94,Cdk14,http://purl.obolibrary.org/obo/NCBITaxon_10090,http://www.ncbi.nlm.nih.gov/gene/18647,1.249,0.0491686,OSD-612
https://purl.org/okn/frink/kg/spoke-genelab/node/OSD-612-6345c5c7bcabe53264da1a63ae723b94,Pde3a,http://purl.obolibrary.org/obo/NCBITaxon_10090,http://www.ncbi.nlm.nih.gov/gene/54611,-1.50727,0.0062849,OSD-612
https://purl.org/okn/frink/kg/spoke-genelab/node/OSD-612-6345c5c7bcabe53264da1a63ae723b94,Fgf11,http://purl.obolibrary.org/obo/NCBITaxon_10090,http://www.ncbi.nlm.nih.gov/gene/14166,-1.11075,0.00814212,OSD-612
https://purl.org/okn/frink/kg/spoke-genelab/node/OSD-612-6345c5c7bcabe53264da1a63ae723b94,Med30,http://purl.obolibrary.org/obo/NCBITaxon_10090,http://www.ncbi.nlm.nih.gov/gene/69790,-1.0022,0.0138893,OSD-612
https://purl.org/okn/frink/kg/spoke-genelab/node/OSD-612-6345c5c7bcabe53264da1a63ae723b94,Kank2,http://purl.obolibrary.org/obo/NCBITaxon_10090,http://www.ncbi.nlm.nih.gov/gene/235041,-1.75261,0.035727,OSD-612
https://purl.org/okn/frink/kg/spoke-genelab/node/OSD-612-6345c5c7bcabe53264da1a63ae723b94,Gpr153,http://purl.obolibrary.org/obo/NCBITaxon_10090,http://www.ncbi.nlm.nih.gov/gene/100129,1.76395,0.00351782,OSD-612
https://purl.org/okn/frink/kg/spoke-genelab/node/OSD-612-6345c5c7bcabe53264da1a63ae723b94,Sipa1l1,http://purl.obolibrary.org/obo/NCBITaxon_10090,http://www.ncbi.nlm.nih.gov/gene/217692,1.54139,0.0451478,OSD-612
https://purl.org/okn/frink/kg/spoke-genelab/node/OSD-612-6345c5c7bcabe53264da1a63ae723b94,Myo15,http://purl.obolibrary.org/obo/NCBITaxon_10090,http://www.ncbi.nlm.nih.gov/gene/17910,-3.0494,0.0214559,OSD-612
https://purl.org/okn/frink/kg/spoke-genelab/node/OSD-612-6345c5c7bcabe53264da1a63ae723b94,Rab27a,http://purl.obolibrary.org/obo/NCBITaxon_10090,http://www.ncbi.nlm.nih.gov/gene/11891,-1.18049,0.0158134,OSD-612
https://purl.org/okn/frink/kg/spoke-genelab/node/OSD-612-6345c5c7bcabe53264da1a63ae723b94,Leo1,http://purl.obolibrary.org/obo/NCBITaxon_10090,http://www.ncbi.nlm.nih.gov/gene/235497,-1.064,0.018333,OSD-612
https://purl.org/okn/frink/kg/spoke-genelab/node/OSD-612-6345c5c7bcabe53264da1a63ae723b94,Reln,http://purl.obolibrary.org/obo/NCBITaxon_10090,http://www.ncbi.nlm.nih.gov/gene/19699,-2.04241,0.00741085,OSD-612
https://purl.org/okn/frink/kg/spoke-genelab/node/OSD-612-6345c5c7bcabe53264da1a63ae723b94,Nrep,http://purl.obolibrary.org/obo/NCBITaxon_10090,http://www.ncbi.nlm.nih.gov/gene/27528,-2.30991,0.0179453,OSD-612
https://purl.org/okn/frink/kg/spoke-genelab/node/OSD-612-6345c5c7bcabe53264da1a63ae723b94,Tmtc4,http://purl.obolibrary.org/obo/NCBITaxon_10090,http://www.ncbi.nlm.nih.gov/gene/70551,-1.02538,0.0191445,OSD-612
https://purl.org/okn/frink/kg/spoke-genelab/node/OSD-612-6345c5c7bcabe53264da1a63ae723b94,Ptchd1,http://purl.obolibrary.org/obo/NCBITaxon_10090,http://www.ncbi.nlm.nih.gov/gene/211612,-1.08843,0.0433793,OSD-612
https://purl.org/okn/frink/kg/spoke-genelab/node/OSD-612-6345c5c7bcabe53264da1a63ae723b94,Klk6,http://purl.obolibrary.org/obo/NCBITaxon_10090,http://www.ncbi.nlm.nih.gov/gene/19144,-2.50105,0.00315173,OSD-612
https://purl.org/okn/frink/kg/spoke-genelab/node/OSD-612-6345c5c7bcabe53264da1a63ae723b94,6330415G19Rik,http://purl.obolibrary.org/obo/NCBITaxon_10090,http://www.ncbi.nlm.nih.gov/gene/320020,-1.28101,0.0316161,OSD-612
https://purl.org/okn/frink/kg/spoke-genelab/node/OSD-612-6345c5c7bcabe53264da1a63ae723b94,P2ry2,http://purl.obolibrary.org/obo/NCBITaxon_10090,http://www.ncbi.nlm.nih.gov/gene/18442,1.50043,0.0221664,OSD-612
https://purl.org/okn/frink/kg/spoke-genelab/node/OSD-612-6345c5c7bcabe53264da1a63ae723b94,Car8,http://purl.obolibrary.org/obo/NCBITaxon_10090,http://www.ncbi.nlm.nih.gov/gene/12319,-4.20661,0.00887973,OSD-612
https://purl.org/okn/frink/kg/spoke-genelab/node/OSD-612-6345c5c7bcabe53264da1a63ae723b94,Gm12369,http://purl.obolibrary.org/obo/NCBITaxon_10090,http://www.ncbi.nlm.nih.gov/gene/100417941,3.04318,0.00852866,OSD-612
https://purl.org/okn/frink/kg/spoke-genelab/node/OSD-612-6345c5c7bcabe53264da1a63ae723b94,Bpifa6,http://purl.obolibrary.org/obo/NCBITaxon_10090,http://www.ncbi.nlm.nih.gov/gene/545477,4.21459,0.0235863,OSD-612
https://purl.org/okn/frink/kg/spoke-genelab/node/OSD-612-6345c5c7bcabe53264da1a63ae723b94,Zfp264,http://purl.obolibrary.org/obo/NCBITaxon_10090,http://www.ncbi.nlm.nih.gov/gene/115485607,-1.41702,0.0395351,OSD-612
https://purl.org/okn/frink/kg/spoke-genelab/node/OSD-612-6345c5c7bcabe53264da1a63ae723b94,Iqsec3,http://purl.obolibrary.org/obo/NCBITaxon_10090,http://www.ncbi.nlm.nih.gov/gene/243621,1.12796,0.0437661,OSD-612
https://purl.org/okn/frink/kg/spoke-genelab/node/OSD-612-6345c5c7bcabe53264da1a63ae723b94,Klhl33,http://purl.obolibrary.org/obo/NCBITaxon_10090,http://www.ncbi.nlm.nih.gov/gene/546611,-1.44587,0.0310099,OSD-612
https://purl.org/okn/frink/kg/spoke-genelab/node/OSD-612-6345c5c7bcabe53264da1a63ae723b94,Ucma,http://purl.obolibrary.org/obo/NCBITaxon_10090,http://www.ncbi.nlm.nih.gov/gene/68527,-4.09826,0.000754767,OSD-612
https://purl.org/okn/frink/kg/spoke-genelab/node/OSD-612-6345c5c7bcabe53264da1a63ae723b94,Jak3,http://purl.obolibrary.org/obo/NCBITaxon_10090,http://www.ncbi.nlm.nih.gov/gene/16453,1.00794,0.025755,OSD-612
https://purl.org/okn/frink/kg/spoke-genelab/node/OSD-612-6345c5c7bcabe53264da1a63ae723b94,Gm15083,http://purl.obolibrary.org/obo/NCBITaxon_10090,http://www.ncbi.nlm.nih.gov/gene/102639720,-3.09315,0.0293365,OSD-612
https://purl.org/okn/frink/kg/spoke-genelab/node/OSD-612-6345c5c7bcabe53264da1a63ae723b94,Nkx3-1,http://purl.obolibrary.org/obo/NCBITaxon_10090,http://www.ncbi.nlm.nih.gov/gene/18095,2.77724,3.70248e-07,OSD-612
https://purl.org/okn/frink/kg/spoke-genelab/node/OSD-612-6345c5c7bcabe53264da1a63ae723b94,Ildr2,http://purl.obolibrary.org/obo/NCBITaxon_10090,http://www.ncbi.nlm.nih.gov/gene/100039795,1.66745,0.0382753,OSD-612
https://purl.org/okn/frink/kg/spoke-genelab/node/OSD-612-6345c5c7bcabe53264da1a63ae723b94,Gm35287,http://purl.obolibrary.org/obo/NCBITaxon_10090,http://www.ncbi.nlm.nih.gov/gene/102638811,-3.62369,0.00241909,OSD-612
https://purl.org/okn/frink/kg/spoke-genelab/node/OSD-612-6345c5c7bcabe53264da1a63ae723b94,1700124L16Rik,http://purl.obolibrary.org/obo/NCBITaxon_10090,http://www.ncbi.nlm.nih.gov/gene/67934,-1.61854,0.0291109,OSD-612
https://purl.org/okn/frink/kg/spoke-genelab/node/OSD-612-6345c5c7bcabe53264da1a63ae723b94,Chd7,http://purl.obolibrary.org/obo/NCBITaxon_10090,http://www.ncbi.nlm.nih.gov/gene/320790,-2.40283,0.0142158,OSD-612
https://purl.org/okn/frink/kg/spoke-genelab/node/OSD-612-6345c5c7bcabe53264da1a63ae723b94,Il20rb,http://purl.obolibrary.org/obo/NCBITaxon_10090,http://www.ncbi.nlm.nih.gov/gene/213208,-5.14051,0.00378377,OSD-612
https://purl.org/okn/frink/kg/spoke-genelab/node/OSD-612-6345c5c7bcabe53264da1a63ae723b94,Neurod1,http://purl.obolibrary.org/obo/NCBITaxon_10090,http://www.ncbi.nlm.nih.gov/gene/18012,-4.70537,0.00450986,OSD-612
https://purl.org/okn/frink/kg/spoke-genelab/node/OSD-612-6345c5c7bcabe53264da1a63ae723b94,Rgl3,http://purl.obolibrary.org/obo/NCBITaxon_10090,http://www.ncbi.nlm.nih.gov/gene/71746,-2.04786,0.0349064,OSD-612
https://purl.org/okn/frink/kg/spoke-genelab/node/OSD-612-6345c5c7bcabe53264da1a63ae723b94,Zfp947,http://purl.obolibrary.org/obo/NCBITaxon_10090,http://www.ncbi.nlm.nih.gov/gene/210853,-2.04158,0.000677571,OSD-612
https://purl.org/okn/frink/kg/spoke-genelab/node/OSD-612-6345c5c7bcabe53264da1a63ae723b94,Ppp1r17,http://purl.obolibrary.org/obo/NCBITaxon_10090,http://www.ncbi.nlm.nih.gov/gene/19051,-7.66122,1.11097e-05,OSD-612
https://purl.org/okn/frink/kg/spoke-genelab/node/OSD-612-6345c5c7bcabe53264da1a63ae723b94,Gm46637,http://purl.obolibrary.org/obo/NCBITaxon_10090,http://www.ncbi.nlm.nih.gov/gene/108168397,1.45048,0.0393715,OSD-612
https://purl.org/okn/frink/kg/spoke-genelab/node/OSD-612-6345c5c7bcabe53264da1a63ae723b94,Synpo,http://purl.obolibrary.org/obo/NCBITaxon_10090,http://www.ncbi.nlm.nih.gov/gene/104027,1.63689,0.0492978,OSD-612
https://purl.org/okn/frink/kg/spoke-genelab/node/OSD-612-6345c5c7bcabe53264da1a63ae723b94,Greb1l,http://purl.obolibrary.org/obo/NCBITaxon_10090,http://www.ncbi.nlm.nih.gov/gene/381157,2.42608,0.0102212,OSD-612
https://purl.org/okn/frink/kg/spoke-genelab/node/OSD-612-6345c5c7bcabe53264da1a63ae723b94,5430421F17Rik,http://purl.obolibrary.org/obo/NCBITaxon_10090,http://www.ncbi.nlm.nih.gov/gene/74489,-3.95209,0.00539763,OSD-612
https://purl.org/okn/frink/kg/spoke-genelab/node/OSD-612-6345c5c7bcabe53264da1a63ae723b94,Ebf1,http://purl.obolibrary.org/obo/NCBITaxon_10090,http://www.ncbi.nlm.nih.gov/gene/13591,-1.96443,0.000682942,OSD-612
https://purl.org/okn/frink/kg/spoke-genelab/node/OSD-612-6345c5c7bcabe53264da1a63ae723b94,Nlrp3,http://purl.obolibrary.org/obo/NCBITaxon_10090,http://www.ncbi.nlm.nih.gov/gene/216799,1.47302,0.0494848,OSD-612
https://purl.org/okn/frink/kg/spoke-genelab/node/OSD-612-6345c5c7bcabe53264da1a63ae723b94,Zic1,http://purl.obolibrary.org/obo/NCBITaxon_10090,http://www.ncbi.nlm.nih.gov/gene/22771,-2.6805,0.0389247,OSD-612
https://purl.org/okn/frink/kg/spoke-genelab/node/OSD-612-6345c5c7bcabe53264da1a63ae723b94,Plscr1,http://purl.obolibrary.org/obo/NCBITaxon_10090,http://www.ncbi.nlm.nih.gov/gene/22038,-1.04547,0.0433713,OSD-612
https://purl.org/okn/frink/kg/spoke-genelab/node/OSD-612-6345c5c7bcabe53264da1a63ae723b94,Kcne5,http://purl.obolibrary.org/obo/NCBITaxon_10090,http://www.ncbi.nlm.nih.gov/gene/66240,-1.06489,0.0418815,OSD-612
https://purl.org/okn/frink/kg/spoke-genelab/node/OSD-612-6345c5c7bcabe53264da1a63ae723b94,Slc25a37,http://purl.obolibrary.org/obo/NCBITaxon_10090,http://www.ncbi.nlm.nih.gov/gene/67712,1.11177,0.0214852,OSD-612
https://purl.org/okn/frink/kg/spoke-genelab/node/OSD-612-6345c5c7bcabe53264da1a63ae723b94,Cacnb3,http://purl.obolibrary.org/obo/NCBITaxon_10090,http://www.ncbi.nlm.nih.gov/gene/12297,1.69392,0.0228612,OSD-612
https://purl.org/okn/frink/kg/spoke-genelab/node/OSD-612-6345c5c7bcabe53264da1a63ae723b94,Gm32113,http://purl.obolibrary.org/obo/NCBITaxon_10090,http://www.ncbi.nlm.nih.gov/gene/102634564,-8.44541,0.000165446,OSD-612
https://purl.org/okn/frink/kg/spoke-genelab/node/OSD-612-6345c5c7bcabe53264da1a63ae723b94,Gas2l1,http://purl.obolibrary.org/obo/NCBITaxon_10090,http://www.ncbi.nlm.nih.gov/gene/78926,1.17568,0.0418815,OSD-612
https://purl.org/okn/frink/kg/spoke-genelab/node/OSD-612-6345c5c7bcabe53264da1a63ae723b94,Bcdin3d,http://purl.obolibrary.org/obo/NCBITaxon_10090,http://www.ncbi.nlm.nih.gov/gene/75284,-1.0483,0.0249138,OSD-612
https://purl.org/okn/frink/kg/spoke-genelab/node/OSD-612-6345c5c7bcabe53264da1a63ae723b94,6530402F18Rik,http://purl.obolibrary.org/obo/NCBITaxon_10090,http://www.ncbi.nlm.nih.gov/gene/76220,1.20814,0.0354932,OSD-612
https://purl.org/okn/frink/kg/spoke-genelab/node/OSD-612-6345c5c7bcabe53264da1a63ae723b94,Mras,http://purl.obolibrary.org/obo/NCBITaxon_10090,http://www.ncbi.nlm.nih.gov/gene/17532,1.03519,0.041706,OSD-612
https://purl.org/okn/frink/kg/spoke-genelab/node/OSD-612-6345c5c7bcabe53264da1a63ae723b94,Rab6b,http://purl.obolibrary.org/obo/NCBITaxon_10090,http://www.ncbi.nlm.nih.gov/gene/270192,1.24145,0.00896451,OSD-612
https://purl.org/okn/frink/kg/spoke-genelab/node/OSD-612-6345c5c7bcabe53264da1a63ae723b94,Ipw,http://purl.obolibrary.org/obo/NCBITaxon_10090,http://www.ncbi.nlm.nih.gov/gene/16353,1.11611,0.00639275,OSD-612
https://purl.org/okn/frink/kg/spoke-genelab/node/OSD-612-6345c5c7bcabe53264da1a63ae723b94,Zmiz2,http://purl.obolibrary.org/obo/NCBITaxon_10090,http://www.ncbi.nlm.nih.gov/gene/52915,1.14296,0.006535,OSD-612
https://purl.org/okn/frink/kg/spoke-genelab/node/OSD-612-6345c5c7bcabe53264da1a63ae723b94,Fam13a,http://purl.obolibrary.org/obo/NCBITaxon_10090,http://www.ncbi.nlm.nih.gov/gene/58909,-1.42359,0.0371312,OSD-612
https://purl.org/okn/frink/kg/spoke-genelab/node/OSD-612-6345c5c7bcabe53264da1a63ae723b94,Tmem240,http://purl.obolibrary.org/obo/NCBITaxon_10090,http://www.ncbi.nlm.nih.gov/gene/381582,-1.19602,0.0492978,OSD-612
https://purl.org/okn/frink/kg/spoke-genelab/node/OSD-612-6345c5c7bcabe53264da1a63ae723b94,Pcdhgb6,http://purl.obolibrary.org/obo/NCBITaxon_10090,http://www.ncbi.nlm.nih.gov/gene/93703,-1.02196,0.00707463,OSD-612
https://purl.org/okn/frink/kg/spoke-genelab/node/OSD-612-6345c5c7bcabe53264da1a63ae723b94,Lhx5,http://purl.obolibrary.org/obo/NCBITaxon_10090,http://www.ncbi.nlm.nih.gov/gene/16873,-2.69082,0.0370746,OSD-612
https://purl.org/okn/frink/kg/spoke-genelab/node/OSD-612-6345c5c7bcabe53264da1a63ae723b94,Cdk6,http://purl.obolibrary.org/obo/NCBITaxon_10090,http://www.ncbi.nlm.nih.gov/gene/12571,1.1833,0.0469595,OSD-612
https://purl.org/okn/frink/kg/spoke-genelab/node/OSD-612-6345c5c7bcabe53264da1a63ae723b94,4933406I18Rik,http://purl.obolibrary.org/obo/NCBITaxon_10090,http://www.ncbi.nlm.nih.gov/gene/71045,1.0632,0.00990508,OSD-612
https://purl.org/okn/frink/kg/spoke-genelab/node/OSD-612-6345c5c7bcabe53264da1a63ae723b94,Calb2,http://purl.obolibrary.org/obo/NCBITaxon_10090,http://www.ncbi.nlm.nih.gov/gene/12308,-2.61865,0.0303922,OSD-612
https://purl.org/okn/frink/kg/spoke-genelab/node/OSD-612-6345c5c7bcabe53264da1a63ae723b94,Fxyd3,http://purl.obolibrary.org/obo/NCBITaxon_10090,http://www.ncbi.nlm.nih.gov/gene/17178,-2.20549,0.0491686,OSD-612
https://purl.org/okn/frink/kg/spoke-genelab/node/OSD-612-6345c5c7bcabe53264da1a63ae723b94,Gm19554,http://purl.obolibrary.org/obo/NCBITaxon_10090,http://www.ncbi.nlm.nih.gov/gene/100503099,1.05063,0.0309052,OSD-612
https://purl.org/okn/frink/kg/spoke-genelab/node/OSD-612-6345c5c7bcabe53264da1a63ae723b94,Ldlrap1,http://purl.obolibrary.org/obo/NCBITaxon_10090,http://www.ncbi.nlm.nih.gov/gene/100017,-1.63928,0.0425945,OSD-612
https://purl.org/okn/frink/kg/spoke-genelab/node/OSD-612-6345c5c7bcabe53264da1a63ae723b94,Wnt4,http://purl.obolibrary.org/obo/NCBITaxon_10090,http://www.ncbi.nlm.nih.gov/gene/22417,1.22317,0.00965265,OSD-612
https://purl.org/okn/frink/kg/spoke-genelab/node/OSD-612-6345c5c7bcabe53264da1a63ae723b94,Camta2,http://purl.obolibrary.org/obo/NCBITaxon_10090,http://www.ncbi.nlm.nih.gov/gene/216874,1.16268,0.00151098,OSD-612
https://purl.org/okn/frink/kg/spoke-genelab/node/OSD-612-6345c5c7bcabe53264da1a63ae723b94,Fzd7,http://purl.obolibrary.org/obo/NCBITaxon_10090,http://www.ncbi.nlm.nih.gov/gene/14369,-1.62615,0.0294932,OSD-612
https://purl.org/okn/frink/kg/spoke-genelab/node/OSD-612-6345c5c7bcabe53264da1a63ae723b94,Umodl1,http://purl.obolibrary.org/obo/NCBITaxon_10090,http://www.ncbi.nlm.nih.gov/gene/52020,2.48615,0.0122385,OSD-612
https://purl.org/okn/frink/kg/spoke-genelab/node/OSD-612-6345c5c7bcabe53264da1a63ae723b94,Gm31518,http://purl.obolibrary.org/obo/NCBITaxon_10090,http://www.ncbi.nlm.nih.gov/gene/102633771,2.52118,0.00906146,OSD-612
https://purl.org/okn/frink/kg/spoke-genelab/node/OSD-612-6345c5c7bcabe53264da1a63ae723b94,Gm34567,http://purl.obolibrary.org/obo/NCBITaxon_10090,http://www.ncbi.nlm.nih.gov/gene/102637865,3.69021,0.00320861,OSD-612
https://purl.org/okn/frink/kg/spoke-genelab/node/OSD-612-6345c5c7bcabe53264da1a63ae723b94,Vwde,http://purl.obolibrary.org/obo/NCBITaxon_10090,http://www.ncbi.nlm.nih.gov/gene/232585,-4.7256,0.02202,OSD-612
https://purl.org/okn/frink/kg/spoke-genelab/node/OSD-612-6345c5c7bcabe53264da1a63ae723b94,Cox7b2,http://purl.obolibrary.org/obo/NCBITaxon_10090,http://www.ncbi.nlm.nih.gov/gene/78174,-1.97588,0.0397668,OSD-612
https://purl.org/okn/frink/kg/spoke-genelab/node/OSD-612-6345c5c7bcabe53264da1a63ae723b94,Dlec1,http://purl.obolibrary.org/obo/NCBITaxon_10090,http://www.ncbi.nlm.nih.gov/gene/320256,1.38115,0.0334145,OSD-612
https://purl.org/okn/frink/kg/spoke-genelab/node/OSD-612-6345c5c7bcabe53264da1a63ae723b94,Gm14113,http://purl.obolibrary.org/obo/NCBITaxon_10090,http://www.ncbi.nlm.nih.gov/gene/668920,-1.1612,0.0334364,OSD-612
https://purl.org/okn/frink/kg/spoke-genelab/node/OSD-612-6345c5c7bcabe53264da1a63ae723b94,Gm5083,http://purl.obolibrary.org/obo/NCBITaxon_10090,http://www.ncbi.nlm.nih.gov/gene/328235,-3.58529,0.0336823,OSD-612
https://purl.org/okn/frink/kg/spoke-genelab/node/OSD-612-6345c5c7bcabe53264da1a63ae723b94,Pde9a,http://purl.obolibrary.org/obo/NCBITaxon_10090,http://www.ncbi.nlm.nih.gov/gene/18585,-1.39566,0.0191445,OSD-612
https://purl.org/okn/frink/kg/spoke-genelab/node/OSD-612-6345c5c7bcabe53264da1a63ae723b94,Glis3,http://purl.obolibrary.org/obo/NCBITaxon_10090,http://www.ncbi.nlm.nih.gov/gene/226075,1.01063,0.0425945,OSD-612
https://purl.org/okn/frink/kg/spoke-genelab/node/OSD-612-6345c5c7bcabe53264da1a63ae723b94,Armh4,http://purl.obolibrary.org/obo/NCBITaxon_10090,http://www.ncbi.nlm.nih.gov/gene/67419,-1.8469,0.0100065,OSD-612
https://purl.org/okn/frink/kg/spoke-genelab/node/OSD-612-6345c5c7bcabe53264da1a63ae723b94,Dipk2a,http://purl.obolibrary.org/obo/NCBITaxon_10090,http://www.ncbi.nlm.nih.gov/gene/68861,-1.80126,0.0222461,OSD-612
https://purl.org/okn/frink/kg/spoke-genelab/node/OSD-612-6345c5c7bcabe53264da1a63ae723b94,Gm25449,http://purl.obolibrary.org/obo/NCBITaxon_10090,http://www.ncbi.nlm.nih.gov/gene/115486689,-2.2698,0.0348561,OSD-612
https://purl.org/okn/frink/kg/spoke-genelab/node/OSD-612-6345c5c7bcabe53264da1a63ae723b94,Gm33152,http://purl.obolibrary.org/obo/NCBITaxon_10090,http://www.ncbi.nlm.nih.gov/gene/102635943,-6.53892,0.005831,OSD-612
https://purl.org/okn/frink/kg/spoke-genelab/node/OSD-612-6345c5c7bcabe53264da1a63ae723b94,Hes3,http://purl.obolibrary.org/obo/NCBITaxon_10090,http://www.ncbi.nlm.nih.gov/gene/15207,-4.33271,0.0102456,OSD-612
https://purl.org/okn/frink/kg/spoke-genelab/node/OSD-612-6345c5c7bcabe53264da1a63ae723b94,Rnf128,http://purl.obolibrary.org/obo/NCBITaxon_10090,http://www.ncbi.nlm.nih.gov/gene/66889,-1.02043,0.00320861,OSD-612
https://purl.org/okn/frink/kg/spoke-genelab/node/OSD-612-6345c5c7bcabe53264da1a63ae723b94,Megf11,http://purl.obolibrary.org/obo/NCBITaxon_10090,http://www.ncbi.nlm.nih.gov/gene/214058,-2.79399,0.00555818,OSD-612
https://purl.org/okn/frink/kg/spoke-genelab/node/OSD-612-6345c5c7bcabe53264da1a63ae723b94,Ndn,http://purl.obolibrary.org/obo/NCBITaxon_10090,http://www.ncbi.nlm.nih.gov/gene/17984,-1.3187,0.0062849,OSD-612
https://purl.org/okn/frink/kg/spoke-genelab/node/OSD-612-6345c5c7bcabe53264da1a63ae723b94,Gtdc1,http://purl.obolibrary.org/obo/NCBITaxon_10090,http://www.ncbi.nlm.nih.gov/gene/227835,1.02846,0.0450162,OSD-612
https://purl.org/okn/frink/kg/spoke-genelab/node/OSD-612-6345c5c7bcabe53264da1a63ae723b94,4833412C05Rik,http://purl.obolibrary.org/obo/NCBITaxon_10090,http://www.ncbi.nlm.nih.gov/gene/73904,2.29338,0.0239739,OSD-612
https://purl.org/okn/frink/kg/spoke-genelab/node/OSD-612-6345c5c7bcabe53264da1a63ae723b94,Slc25a23,http://purl.obolibrary.org/obo/NCBITaxon_10090,http://www.ncbi.nlm.nih.gov/gene/66972,1.03516,0.0118705,OSD-612
https://purl.org/okn/frink/kg/spoke-genelab/node/OSD-612-6345c5c7bcabe53264da1a63ae723b94,Pik3cd,http://purl.obolibrary.org/obo/NCBITaxon_10090,http://www.ncbi.nlm.nih.gov/gene/18707,1.17796,0.00179422,OSD-612
https://purl.org/okn/frink/kg/spoke-genelab/node/OSD-612-6345c5c7bcabe53264da1a63ae723b94,Ror1,http://purl.obolibrary.org/obo/NCBITaxon_10090,http://www.ncbi.nlm.nih.gov/gene/26563,-2.41133,0.0220404,OSD-612
https://purl.org/okn/frink/kg/spoke-genelab/node/OSD-612-6345c5c7bcabe53264da1a63ae723b94,Mtus1,http://purl.obolibrary.org/obo/NCBITaxon_10090,http://www.ncbi.nlm.nih.gov/gene/102103,-1.3498,0.0235455,OSD-612
https://purl.org/okn/frink/kg/spoke-genelab/node/OSD-612-6345c5c7bcabe53264da1a63ae723b94,Dusp10,http://purl.obolibrary.org/obo/NCBITaxon_10090,http://www.ncbi.nlm.nih.gov/gene/63953,-1.77529,0.0107315,OSD-612
https://purl.org/okn/frink/kg/spoke-genelab/node/OSD-612-6345c5c7bcabe53264da1a63ae723b94,Lhfp,http://purl.obolibrary.org/obo/NCBITaxon_10090,http://www.ncbi.nlm.nih.gov/gene/108927,-1.40515,0.0490623,OSD-612
https://purl.org/okn/frink/kg/spoke-genelab/node/OSD-612-6345c5c7bcabe53264da1a63ae723b94,Btg1,http://purl.obolibrary.org/obo/NCBITaxon_10090,http://www.ncbi.nlm.nih.gov/gene/12226,-2.20666,0.00292782,OSD-612
https://purl.org/okn/frink/kg/spoke-genelab/node/OSD-612-6345c5c7bcabe53264da1a63ae723b94,Wscd2,http://purl.obolibrary.org/obo/NCBITaxon_10090,http://www.ncbi.nlm.nih.gov/gene/320916,-1.8142,0.028901,OSD-612
https://purl.org/okn/frink/kg/spoke-genelab/node/OSD-612-6345c5c7bcabe53264da1a63ae723b94,Gchfr,http://purl.obolibrary.org/obo/NCBITaxon_10090,http://www.ncbi.nlm.nih.gov/gene/320415,-2.40435,0.00883173,OSD-612
https://purl.org/okn/frink/kg/spoke-genelab/node/OSD-612-6345c5c7bcabe53264da1a63ae723b94,Ust,http://purl.obolibrary.org/obo/NCBITaxon_10090,http://www.ncbi.nlm.nih.gov/gene/338362,-1.79461,0.0087036,OSD-612
https://purl.org/okn/frink/kg/spoke-genelab/node/OSD-612-6345c5c7bcabe53264da1a63ae723b94,Atxn1,http://purl.obolibrary.org/obo/NCBITaxon_10090,http://www.ncbi.nlm.nih.gov/gene/20238,1.00504,0.030544,OSD-612
https://purl.org/okn/frink/kg/spoke-genelab/node/OSD-612-6345c5c7bcabe53264da1a63ae723b94,Epha8,http://purl.obolibrary.org/obo/NCBITaxon_10090,http://www.ncbi.nlm.nih.gov/gene/13842,-1.60537,0.0262595,OSD-612
https://purl.org/okn/frink/kg/spoke-genelab/node/OSD-612-6345c5c7bcabe53264da1a63ae723b94,Khnyn,http://purl.obolibrary.org/obo/NCBITaxon_10090,http://www.ncbi.nlm.nih.gov/gene/219094,-1.47069,0.0232338,OSD-612
https://purl.org/okn/frink/kg/spoke-genelab/node/OSD-612-6345c5c7bcabe53264da1a63ae723b94,Plekhd1os,http://purl.obolibrary.org/obo/NCBITaxon_10090,http://www.ncbi.nlm.nih.gov/gene/68354,-4.02663,0.0349064,OSD-612
https://purl.org/okn/frink/kg/spoke-genelab/node/OSD-612-6345c5c7bcabe53264da1a63ae723b94,Shank1,http://purl.obolibrary.org/obo/NCBITaxon_10090,http://www.ncbi.nlm.nih.gov/gene/243961,1.69073,0.0155902,OSD-612
https://purl.org/okn/frink/kg/spoke-genelab/node/OSD-612-6345c5c7bcabe53264da1a63ae723b94,Lancl3,http://purl.obolibrary.org/obo/NCBITaxon_10090,http://www.ncbi.nlm.nih.gov/gene/236285,-1.59848,0.00705056,OSD-612
https://purl.org/okn/frink/kg/spoke-genelab/node/OSD-612-6345c5c7bcabe53264da1a63ae723b94,Erfe,http://purl.obolibrary.org/obo/NCBITaxon_10090,http://www.ncbi.nlm.nih.gov/gene/227358,3.02805,0.0403069,OSD-612
https://purl.org/okn/frink/kg/spoke-genelab/node/OSD-612-6345c5c7bcabe53264da1a63ae723b94,Trmt9b,http://purl.obolibrary.org/obo/NCBITaxon_10090,http://www.ncbi.nlm.nih.gov/gene/319582,-2.52078,0.00292782,OSD-612
https://purl.org/okn/frink/kg/spoke-genelab/node/OSD-612-6345c5c7bcabe53264da1a63ae723b94,Lhx5as1,http://purl.obolibrary.org/obo/NCBITaxon_10090,http://www.ncbi.nlm.nih.gov/gene/102634302,-2.7789,0.0296801,OSD-612
https://purl.org/okn/frink/kg/spoke-genelab/node/OSD-612-6345c5c7bcabe53264da1a63ae723b94,Sh3bgr,http://purl.obolibrary.org/obo/NCBITaxon_10090,http://www.ncbi.nlm.nih.gov/gene/50795,-3.52533,0.000628047,OSD-612
https://purl.org/okn/frink/kg/spoke-genelab/node/OSD-612-6345c5c7bcabe53264da1a63ae723b94,Gm35546,http://purl.obolibrary.org/obo/NCBITaxon_10090,http://www.ncbi.nlm.nih.gov/gene/102639175,2.36819,0.0490623,OSD-612
https://purl.org/okn/frink/kg/spoke-genelab/node/OSD-612-6345c5c7bcabe53264da1a63ae723b94,Dio3os,http://purl.obolibrary.org/obo/NCBITaxon_10090,http://www.ncbi.nlm.nih.gov/gene/353504,-2.978,0.0159053,OSD-612
https://purl.org/okn/frink/kg/spoke-genelab/node/OSD-612-6345c5c7bcabe53264da1a63ae723b94,Gm16574,http://purl.obolibrary.org/obo/NCBITaxon_10090,http://www.ncbi.nlm.nih.gov/gene/100417422,-3.06774,0.011781,OSD-612
https://purl.org/okn/frink/kg/spoke-genelab/node/OSD-612-6345c5c7bcabe53264da1a63ae723b94,Akain1,http://purl.obolibrary.org/obo/NCBITaxon_10090,http://www.ncbi.nlm.nih.gov/gene/320722,-1.82173,0.0243523,OSD-612
https://purl.org/okn/frink/kg/spoke-genelab/node/OSD-612-6345c5c7bcabe53264da1a63ae723b94,Gm35853,http://purl.obolibrary.org/obo/NCBITaxon_10090,http://www.ncbi.nlm.nih.gov/gene/102639573,1.85659,0.0231144,OSD-612
https://purl.org/okn/frink/kg/spoke-genelab/node/OSD-612-6345c5c7bcabe53264da1a63ae723b94,9330102E08Rik,http://purl.obolibrary.org/obo/NCBITaxon_10090,http://www.ncbi.nlm.nih.gov/gene/330427,1.47356,0.00537953,OSD-612
https://purl.org/okn/frink/kg/spoke-genelab/node/OSD-612-6345c5c7bcabe53264da1a63ae723b94,Lysmd3,http://purl.obolibrary.org/obo/NCBITaxon_10090,http://www.ncbi.nlm.nih.gov/gene/80289,-1.03175,0.000847141,OSD-612
https://purl.org/okn/frink/kg/spoke-genelab/node/OSD-612-6345c5c7bcabe53264da1a63ae723b94,Znrf1,http://purl.obolibrary.org/obo/NCBITaxon_10090,http://www.ncbi.nlm.nih.gov/gene/170737,1.08253,0.0407952,OSD-612
https://purl.org/okn/frink/kg/spoke-genelab/node/OSD-612-6345c5c7bcabe53264da1a63ae723b94,Il15,http://purl.obolibrary.org/obo/NCBITaxon_10090,http://www.ncbi.nlm.nih.gov/gene/16168,-1.86119,0.0065026,OSD-612
https://purl.org/okn/frink/kg/spoke-genelab/node/OSD-612-6345c5c7bcabe53264da1a63ae723b94,Irf2,http://purl.obolibrary.org/obo/NCBITaxon_10090,http://www.ncbi.nlm.nih.gov/gene/16363,1.15519,0.00990508,OSD-612
https://purl.org/okn/frink/kg/spoke-genelab/node/OSD-612-6345c5c7bcabe53264da1a63ae723b94,Sorbs2,http://purl.obolibrary.org/obo/NCBITaxon_10090,http://www.ncbi.nlm.nih.gov/gene/234214,1.04095,0.00594311,OSD-612
https://purl.org/okn/frink/kg/spoke-genelab/node/OSD-612-6345c5c7bcabe53264da1a63ae723b94,Nol4l,http://purl.obolibrary.org/obo/NCBITaxon_10090,http://www.ncbi.nlm.nih.gov/gene/329540,1.07458,0.00144922,OSD-612
https://purl.org/okn/frink/kg/spoke-genelab/node/OSD-612-6345c5c7bcabe53264da1a63ae723b94,Sdk1,http://purl.obolibrary.org/obo/NCBITaxon_10090,http://www.ncbi.nlm.nih.gov/gene/330222,1.1612,0.0103871,OSD-612
https://purl.org/okn/frink/kg/spoke-genelab/node/OSD-612-6345c5c7bcabe53264da1a63ae723b94,Mgll,http://purl.obolibrary.org/obo/NCBITaxon_10090,http://www.ncbi.nlm.nih.gov/gene/23945,1.26793,0.0162931,OSD-612
https://purl.org/okn/frink/kg/spoke-genelab/node/OSD-612-6345c5c7bcabe53264da1a63ae723b94,Rif1,http://purl.obolibrary.org/obo/NCBITaxon_10090,http://www.ncbi.nlm.nih.gov/gene/51869,-1.5471,0.00651419,OSD-612
https://purl.org/okn/frink/kg/spoke-genelab/node/OSD-612-6345c5c7bcabe53264da1a63ae723b94,Cenpe,http://purl.obolibrary.org/obo/NCBITaxon_10090,http://www.ncbi.nlm.nih.gov/gene/229841,1.25592,0.0349028,OSD-612
https://purl.org/okn/frink/kg/spoke-genelab/node/OSD-612-6345c5c7bcabe53264da1a63ae723b94,Lrrc3b,http://purl.obolibrary.org/obo/NCBITaxon_10090,http://www.ncbi.nlm.nih.gov/gene/218763,-1.32934,0.0133436,OSD-612
https://purl.org/okn/frink/kg/spoke-genelab/node/OSD-612-6345c5c7bcabe53264da1a63ae723b94,Erich5,http://purl.obolibrary.org/obo/NCBITaxon_10090,http://www.ncbi.nlm.nih.gov/gene/239368,2.08242,0.0108711,OSD-612
https://purl.org/okn/frink/kg/spoke-genelab/node/OSD-612-6345c5c7bcabe53264da1a63ae723b94,Gm33680,http://purl.obolibrary.org/obo/NCBITaxon_10090,http://www.ncbi.nlm.nih.gov/gene/102636677,-1.25017,0.00270859,OSD-612
https://purl.org/okn/frink/kg/spoke-genelab/node/OSD-612-6345c5c7bcabe53264da1a63ae723b94,Slc1a6,http://purl.obolibrary.org/obo/NCBITaxon_10090,http://www.ncbi.nlm.nih.gov/gene/20513,-3.8201,0.000435902,OSD-612
https://purl.org/okn/frink/kg/spoke-genelab/node/OSD-612-6345c5c7bcabe53264da1a63ae723b94,Fam181a,http://purl.obolibrary.org/obo/NCBITaxon_10090,http://www.ncbi.nlm.nih.gov/gene/100504156,1.1749,0.0343329,OSD-612
https://purl.org/okn/frink/kg/spoke-genelab/node/OSD-612-6345c5c7bcabe53264da1a63ae723b94,Pkd2l1,http://purl.obolibrary.org/obo/NCBITaxon_10090,http://www.ncbi.nlm.nih.gov/gene/329064,-2.89952,0.00441143,OSD-612
https://purl.org/okn/frink/kg/spoke-genelab/node/OSD-612-6345c5c7bcabe53264da1a63ae723b94,Gjd2,http://purl.obolibrary.org/obo/NCBITaxon_10090,http://www.ncbi.nlm.nih.gov/gene/14617,-1.17955,0.000183337,OSD-612
https://purl.org/okn/frink/kg/spoke-genelab/node/OSD-612-6345c5c7bcabe53264da1a63ae723b94,Ttyh2,http://purl.obolibrary.org/obo/NCBITaxon_10090,http://www.ncbi.nlm.nih.gov/gene/117160,-1.1195,0.0318867,OSD-612
https://purl.org/okn/frink/kg/spoke-genelab/node/OSD-612-6345c5c7bcabe53264da1a63ae723b94,Tmem109,http://purl.obolibrary.org/obo/NCBITaxon_10090,http://www.ncbi.nlm.nih.gov/gene/68539,-1.19906,0.0447385,OSD-612
https://purl.org/okn/frink/kg/spoke-genelab/node/OSD-612-6345c5c7bcabe53264da1a63ae723b94,Syt2,http://purl.obolibrary.org/obo/NCBITaxon_10090,http://www.ncbi.nlm.nih.gov/gene/20980,-2.57225,0.00241909,OSD-612
https://purl.org/okn/frink/kg/spoke-genelab/node/OSD-612-6345c5c7bcabe53264da1a63ae723b94,Atoh7,http://purl.obolibrary.org/obo/NCBITaxon_10090,http://www.ncbi.nlm.nih.gov/gene/53404,-3.47375,0.0111404,OSD-612
https://purl.org/okn/frink/kg/spoke-genelab/node/OSD-612-6345c5c7bcabe53264da1a63ae723b94,Cdcp3,http://purl.obolibrary.org/obo/NCBITaxon_10090,http://www.ncbi.nlm.nih.gov/gene/71395,-4.70869,0.00377216,OSD-612
https://purl.org/okn/frink/kg/spoke-genelab/node/OSD-612-6345c5c7bcabe53264da1a63ae723b94,CK137956,http://purl.obolibrary.org/obo/NCBITaxon_10090,http://www.ncbi.nlm.nih.gov/gene/635169,2.35709,0.0287434,OSD-612
https://purl.org/okn/frink/kg/spoke-genelab/node/OSD-612-6345c5c7bcabe53264da1a63ae723b94,Nlrp10,http://purl.obolibrary.org/obo/NCBITaxon_10090,http://www.ncbi.nlm.nih.gov/gene/244202,-3.14683,0.00592137,OSD-612
https://purl.org/okn/frink/kg/spoke-genelab/node/OSD-612-6345c5c7bcabe53264da1a63ae723b94,Arhgef33,http://purl.obolibrary.org/obo/NCBITaxon_10090,http://www.ncbi.nlm.nih.gov/gene/381112,-6.2276,0.000208855,OSD-612
https://purl.org/okn/frink/kg/spoke-genelab/node/OSD-612-6345c5c7bcabe53264da1a63ae723b94,Spred3,http://purl.obolibrary.org/obo/NCBITaxon_10090,http://www.ncbi.nlm.nih.gov/gene/101809,1.05412,0.0267214,OSD-612
https://purl.org/okn/frink/kg/spoke-genelab/node/OSD-612-6345c5c7bcabe53264da1a63ae723b94,Sycp1,http://purl.obolibrary.org/obo/NCBITaxon_10090,http://www.ncbi.nlm.nih.gov/gene/20957,-9.23263,0.00296624,OSD-612
https://purl.org/okn/frink/kg/spoke-genelab/node/OSD-612-6345c5c7bcabe53264da1a63ae723b94,Fut1,http://purl.obolibrary.org/obo/NCBITaxon_10090,http://www.ncbi.nlm.nih.gov/gene/14343,-5.33651,0.0182848,OSD-612
https://purl.org/okn/frink/kg/spoke-genelab/node/OSD-612-6345c5c7bcabe53264da1a63ae723b94,Rag1,http://purl.obolibrary.org/obo/NCBITaxon_10090,http://www.ncbi.nlm.nih.gov/gene/19373,-3.51012,0.0103477,OSD-612
https://purl.org/okn/frink/kg/spoke-genelab/node/OSD-612-6345c5c7bcabe53264da1a63ae723b94,Slc6a5,http://purl.obolibrary.org/obo/NCBITaxon_10090,http://www.ncbi.nlm.nih.gov/gene/104245,-4.78101,0.00196762,OSD-612
https://purl.org/okn/frink/kg/spoke-genelab/node/OSD-612-6345c5c7bcabe53264da1a63ae723b94,Cabp2,http://purl.obolibrary.org/obo/NCBITaxon_10090,http://www.ncbi.nlm.nih.gov/gene/29866,-6.70172,0.00366211,OSD-612
https://purl.org/okn/frink/kg/spoke-genelab/node/OSD-612-6345c5c7bcabe53264da1a63ae723b94,Aqp6,http://purl.obolibrary.org/obo/NCBITaxon_10090,http://www.ncbi.nlm.nih.gov/gene/11831,-4.23546,0.0118391,OSD-612
https://purl.org/okn/frink/kg/spoke-genelab/node/OSD-612-6345c5c7bcabe53264da1a63ae723b94,Mrln,http://purl.obolibrary.org/obo/NCBITaxon_10090,http://www.ncbi.nlm.nih.gov/gene/69563,-4.27493,0.00981233,OSD-612
https://purl.org/okn/frink/kg/spoke-genelab/node/OSD-612-6345c5c7bcabe53264da1a63ae723b94,Galnt13,http://purl.obolibrary.org/obo/NCBITaxon_10090,http://www.ncbi.nlm.nih.gov/gene/271786,-1.31299,0.0195662,OSD-612
https://purl.org/okn/frink/kg/spoke-genelab/node/OSD-612-6345c5c7bcabe53264da1a63ae723b94,Gm10654,http://purl.obolibrary.org/obo/NCBITaxon_10090,http://www.ncbi.nlm.nih.gov/gene/665828,-3.25228,0.0228612,OSD-612
https://purl.org/okn/frink/kg/spoke-genelab/node/OSD-612-6345c5c7bcabe53264da1a63ae723b94,Krt28,http://purl.obolibrary.org/obo/NCBITaxon_10090,http://www.ncbi.nlm.nih.gov/gene/70843,-2.76951,0.0459828,OSD-612
https://purl.org/okn/frink/kg/spoke-genelab/node/OSD-612-6345c5c7bcabe53264da1a63ae723b94,Vwa7,http://purl.obolibrary.org/obo/NCBITaxon_10090,http://www.ncbi.nlm.nih.gov/gene/27762,-3.59865,0.00168097,OSD-612
https://purl.org/okn/frink/kg/spoke-genelab/node/OSD-612-6345c5c7bcabe53264da1a63ae723b94,Gp1bb,http://purl.obolibrary.org/obo/NCBITaxon_10090,http://www.ncbi.nlm.nih.gov/gene/14724,1.15404,0.0459828,OSD-612
https://purl.org/okn/frink/kg/spoke-genelab/node/OSD-612-6345c5c7bcabe53264da1a63ae723b94,Grik2,http://purl.obolibrary.org/obo/NCBITaxon_10090,http://www.ncbi.nlm.nih.gov/gene/14806,-1.00783,0.0371751,OSD-612
https://purl.org/okn/frink/kg/spoke-genelab/node/OSD-612-6345c5c7bcabe53264da1a63ae723b94,Actbl2,http://purl.obolibrary.org/obo/NCBITaxon_10090,http://www.ncbi.nlm.nih.gov/gene/238880,-4.86921,0.0103871,OSD-612
https://purl.org/okn/frink/kg/spoke-genelab/node/OSD-612-6345c5c7bcabe53264da1a63ae723b94,Fstl4,http://purl.obolibrary.org/obo/NCBITaxon_10090,http://www.ncbi.nlm.nih.gov/gene/320027,1.1158,0.0161363,OSD-612
https://purl.org/okn/frink/kg/spoke-genelab/node/OSD-612-6345c5c7bcabe53264da1a63ae723b94,Myh3,http://purl.obolibrary.org/obo/NCBITaxon_10090,http://www.ncbi.nlm.nih.gov/gene/17883,1.57045,0.0327267,OSD-612
https://purl.org/okn/frink/kg/spoke-genelab/node/OSD-612-6345c5c7bcabe53264da1a63ae723b94,Arxes1,http://purl.obolibrary.org/obo/NCBITaxon_10090,http://www.ncbi.nlm.nih.gov/gene/76219,-1.3135,0.00365165,OSD-612
https://purl.org/okn/frink/kg/spoke-genelab/node/OSD-612-6345c5c7bcabe53264da1a63ae723b94,Ccl17,http://purl.obolibrary.org/obo/NCBITaxon_10090,http://www.ncbi.nlm.nih.gov/gene/20295,1.79614,0.00814212,OSD-612
https://purl.org/okn/frink/kg/spoke-genelab/node/OSD-612-6345c5c7bcabe53264da1a63ae723b94,Sh2d4b,http://purl.obolibrary.org/obo/NCBITaxon_10090,http://www.ncbi.nlm.nih.gov/gene/328381,1.06053,0.0301049,OSD-612
https://purl.org/okn/frink/kg/spoke-genelab/node/OSD-612-6345c5c7bcabe53264da1a63ae723b94,Skor1,http://purl.obolibrary.org/obo/NCBITaxon_10090,http://www.ncbi.nlm.nih.gov/gene/207667,-3.42407,0.0146254,OSD-612
https://purl.org/okn/frink/kg/spoke-genelab/node/OSD-612-6345c5c7bcabe53264da1a63ae723b94,Unc13a,http://purl.obolibrary.org/obo/NCBITaxon_10090,http://www.ncbi.nlm.nih.gov/gene/382018,1.05463,0.00142549,OSD-612
https://purl.org/okn/frink/kg/spoke-genelab/node/OSD-612-6345c5c7bcabe53264da1a63ae723b94,Tfap2a,http://purl.obolibrary.org/obo/NCBITaxon_10090,http://www.ncbi.nlm.nih.gov/gene/21418,-2.56102,0.0218089,OSD-612
https://purl.org/okn/frink/kg/spoke-genelab/node/OSD-612-6345c5c7bcabe53264da1a63ae723b94,Plekhs1,http://purl.obolibrary.org/obo/NCBITaxon_10090,http://www.ncbi.nlm.nih.gov/gene/226245,1.99784,0.00525267,OSD-612
https://purl.org/okn/frink/kg/spoke-genelab/node/OSD-612-6345c5c7bcabe53264da1a63ae723b94,Emilin3,http://purl.obolibrary.org/obo/NCBITaxon_10090,http://www.ncbi.nlm.nih.gov/gene/280635,-4.91355,0.00161105,OSD-612
https://purl.org/okn/frink/kg/spoke-genelab/node/OSD-612-6345c5c7bcabe53264da1a63ae723b94,Shc3,http://purl.obolibrary.org/obo/NCBITaxon_10090,http://www.ncbi.nlm.nih.gov/gene/20418,1.86773,0.0255241,OSD-612
https://purl.org/okn/frink/kg/spoke-genelab/node/OSD-612-6345c5c7bcabe53264da1a63ae723b94,Mab21l1,http://purl.obolibrary.org/obo/NCBITaxon_10090,http://www.ncbi.nlm.nih.gov/gene/17116,-3.85017,0.0256181,OSD-612
https://purl.org/okn/frink/kg/spoke-genelab/node/OSD-612-6345c5c7bcabe53264da1a63ae723b94,Cbln1,http://purl.obolibrary.org/obo/NCBITaxon_10090,http://www.ncbi.nlm.nih.gov/gene/12404,-5.4604,0.00435131,OSD-612
https://purl.org/okn/frink/kg/spoke-genelab/node/OSD-612-6345c5c7bcabe53264da1a63ae723b94,Crtam,http://purl.obolibrary.org/obo/NCBITaxon_10090,http://www.ncbi.nlm.nih.gov/gene/54698,-8.58637,0.000324832,OSD-612
https://purl.org/okn/frink/kg/spoke-genelab/node/OSD-612-6345c5c7bcabe53264da1a63ae723b94,Ccdc63,http://purl.obolibrary.org/obo/NCBITaxon_10090,http://www.ncbi.nlm.nih.gov/gene/330188,-3.283,0.0274231,OSD-612
https://purl.org/okn/frink/kg/spoke-genelab/node/OSD-612-6345c5c7bcabe53264da1a63ae723b94,Ccdc116,http://purl.obolibrary.org/obo/NCBITaxon_10090,http://www.ncbi.nlm.nih.gov/gene/76872,1.37322,0.0333823,OSD-612
https://purl.org/okn/frink/kg/spoke-genelab/node/OSD-612-6345c5c7bcabe53264da1a63ae723b94,Dusp9,http://purl.obolibrary.org/obo/NCBITaxon_10090,http://www.ncbi.nlm.nih.gov/gene/75590,1.23885,0.0349064,OSD-612
https://purl.org/okn/frink/kg/spoke-genelab/node/OSD-612-6345c5c7bcabe53264da1a63ae723b94,Tfap2b,http://purl.obolibrary.org/obo/NCBITaxon_10090,http://www.ncbi.nlm.nih.gov/gene/21419,-2.21403,0.0243523,OSD-612
https://purl.org/okn/frink/kg/spoke-genelab/node/OSD-612-6345c5c7bcabe53264da1a63ae723b94,Cd70,http://purl.obolibrary.org/obo/NCBITaxon_10090,http://www.ncbi.nlm.nih.gov/gene/21948,-5.76774,0.0062849,OSD-612
https://purl.org/okn/frink/kg/spoke-genelab/node/OSD-612-6345c5c7bcabe53264da1a63ae723b94,Scnn1g,http://purl.obolibrary.org/obo/NCBITaxon_10090,http://www.ncbi.nlm.nih.gov/gene/20278,-3.25954,0.0325641,OSD-612
https://purl.org/okn/frink/kg/spoke-genelab/node/OSD-612-6345c5c7bcabe53264da1a63ae723b94,Ebf3,http://purl.obolibrary.org/obo/NCBITaxon_10090,http://www.ncbi.nlm.nih.gov/gene/13593,-1.99239,0.0393367,OSD-612
https://purl.org/okn/frink/kg/spoke-genelab/node/OSD-612-6345c5c7bcabe53264da1a63ae723b94,Actrt3,http://purl.obolibrary.org/obo/NCBITaxon_10090,http://www.ncbi.nlm.nih.gov/gene/76652,-1.8715,0.000380958,OSD-612
https://purl.org/okn/frink/kg/spoke-genelab/node/OSD-612-6345c5c7bcabe53264da1a63ae723b94,Vwa3a,http://purl.obolibrary.org/obo/NCBITaxon_10090,http://www.ncbi.nlm.nih.gov/gene/233813,1.39729,0.0242146,OSD-612
https://purl.org/okn/frink/kg/spoke-genelab/node/OSD-612-6345c5c7bcabe53264da1a63ae723b94,Pax6,http://purl.obolibrary.org/obo/NCBITaxon_10090,http://www.ncbi.nlm.nih.gov/gene/18508,-1.98937,0.0332566,OSD-612
https://purl.org/okn/frink/kg/spoke-genelab/node/OSD-612-6345c5c7bcabe53264da1a63ae723b94,Cdh15,http://purl.obolibrary.org/obo/NCBITaxon_10090,http://www.ncbi.nlm.nih.gov/gene/12555,-3.68687,0.000688046,OSD-612
https://purl.org/okn/frink/kg/spoke-genelab/node/OSD-612-6345c5c7bcabe53264da1a63ae723b94,Il16,http://purl.obolibrary.org/obo/NCBITaxon_10090,http://www.ncbi.nlm.nih.gov/gene/16170,-3.86409,0.0232175,OSD-612
https://purl.org/okn/frink/kg/spoke-genelab/node/OSD-612-6345c5c7bcabe53264da1a63ae723b94,Nxf7,http://purl.obolibrary.org/obo/NCBITaxon_10090,http://www.ncbi.nlm.nih.gov/gene/170722,2.42408,0.0404435,OSD-612
https://purl.org/okn/frink/kg/spoke-genelab/node/OSD-612-6345c5c7bcabe53264da1a63ae723b94,Il23a,http://purl.obolibrary.org/obo/NCBITaxon_10090,http://www.ncbi.nlm.nih.gov/gene/83430,-3.78668,0.047235,OSD-612
https://purl.org/okn/frink/kg/spoke-genelab/node/OSD-612-6345c5c7bcabe53264da1a63ae723b94,Fam189a1,http://purl.obolibrary.org/obo/NCBITaxon_10090,http://www.ncbi.nlm.nih.gov/gene/70638,1.5219,0.0334145,OSD-612
https://purl.org/okn/frink/kg/spoke-genelab/node/OSD-612-6345c5c7bcabe53264da1a63ae723b94,Gm24924,http://purl.obolibrary.org/obo/NCBITaxon_10090,http://www.ncbi.nlm.nih.gov/gene/115488991,-8.16624,0.0203918,OSD-612
https://purl.org/okn/frink/kg/spoke-genelab/node/OSD-612-6345c5c7bcabe53264da1a63ae723b94,Dlgap3,http://purl.obolibrary.org/obo/NCBITaxon_10090,http://www.ncbi.nlm.nih.gov/gene/242667,1.51899,0.0478601,OSD-612
https://purl.org/okn/frink/kg/spoke-genelab/node/OSD-612-6345c5c7bcabe53264da1a63ae723b94,Disp3,http://purl.obolibrary.org/obo/NCBITaxon_10090,http://www.ncbi.nlm.nih.gov/gene/242748,1.01379,0.021236,OSD-612
https://purl.org/okn/frink/kg/spoke-genelab/node/OSD-612-6345c5c7bcabe53264da1a63ae723b94,Cdh18,http://purl.obolibrary.org/obo/NCBITaxon_10090,http://www.ncbi.nlm.nih.gov/gene/320865,-1.56157,0.0180338,OSD-612
https://purl.org/okn/frink/kg/spoke-genelab/node/OSD-612-6345c5c7bcabe53264da1a63ae723b94,9630028H03Rik,http://purl.obolibrary.org/obo/NCBITaxon_10090,http://www.ncbi.nlm.nih.gov/gene/320684,-5.0578,0.0344861,OSD-612
https://purl.org/okn/frink/kg/spoke-genelab/node/OSD-612-6345c5c7bcabe53264da1a63ae723b94,Cenpm,http://purl.obolibrary.org/obo/NCBITaxon_10090,http://www.ncbi.nlm.nih.gov/gene/66570,1.14664,0.0379026,OSD-612
https://purl.org/okn/frink/kg/spoke-genelab/node/OSD-612-6345c5c7bcabe53264da1a63ae723b94,Col2a1,http://purl.obolibrary.org/obo/NCBITaxon_10090,http://www.ncbi.nlm.nih.gov/gene/12824,-2.50004,0.047573,OSD-612
https://purl.org/okn/frink/kg/spoke-genelab/node/OSD-612-6345c5c7bcabe53264da1a63ae723b94,Slc5a1,http://purl.obolibrary.org/obo/NCBITaxon_10090,http://www.ncbi.nlm.nih.gov/gene/20537,-6.35761,0.0177364,OSD-612
https://purl.org/okn/frink/kg/spoke-genelab/node/OSD-612-6345c5c7bcabe53264da1a63ae723b94,Kctd8,http://purl.obolibrary.org/obo/NCBITaxon_10090,http://www.ncbi.nlm.nih.gov/gene/243043,-1.32284,0.0043457,OSD-612
https://purl.org/okn/frink/kg/spoke-genelab/node/OSD-612-6345c5c7bcabe53264da1a63ae723b94,Septin5,http://purl.obolibrary.org/obo/NCBITaxon_10090,http://www.ncbi.nlm.nih.gov/gene/18951,1.15971,0.0195662,OSD-612
https://purl.org/okn/frink/kg/spoke-genelab/node/OSD-612-6345c5c7bcabe53264da1a63ae723b94,Tmem74bos,http://purl.obolibrary.org/obo/NCBITaxon_10090,http://www.ncbi.nlm.nih.gov/gene/228767,-3.92335,0.00684836,OSD-612
https://purl.org/okn/frink/kg/spoke-genelab/node/OSD-612-6345c5c7bcabe53264da1a63ae723b94,Thegl,http://purl.obolibrary.org/obo/NCBITaxon_10090,http://www.ncbi.nlm.nih.gov/gene/71868,-2.94185,0.01124,OSD-612
https://purl.org/okn/frink/kg/spoke-genelab/node/OSD-612-6345c5c7bcabe53264da1a63ae723b94,Scube1,http://purl.obolibrary.org/obo/NCBITaxon_10090,http://www.ncbi.nlm.nih.gov/gene/64706,2.21321,0.0138893,OSD-612
https://purl.org/okn/frink/kg/spoke-genelab/node/OSD-612-6345c5c7bcabe53264da1a63ae723b94,Btn2a2,http://purl.obolibrary.org/obo/NCBITaxon_10090,http://www.ncbi.nlm.nih.gov/gene/238555,1.32471,0.0191445,OSD-612
https://purl.org/okn/frink/kg/spoke-genelab/node/OSD-612-6345c5c7bcabe53264da1a63ae723b94,Iqcj,http://purl.obolibrary.org/obo/NCBITaxon_10090,http://www.ncbi.nlm.nih.gov/gene/208426,2.69277,0.0136124,OSD-612
https://purl.org/okn/frink/kg/spoke-genelab/node/OSD-612-6345c5c7bcabe53264da1a63ae723b94,Robo3,http://purl.obolibrary.org/obo/NCBITaxon_10090,http://www.ncbi.nlm.nih.gov/gene/19649,2.70012,0.015823,OSD-612
https://purl.org/okn/frink/kg/spoke-genelab/node/OSD-612-6345c5c7bcabe53264da1a63ae723b94,Ldoc1,http://purl.obolibrary.org/obo/NCBITaxon_10090,http://www.ncbi.nlm.nih.gov/gene/434784,-3.3367,0.00294544,OSD-612
https://purl.org/okn/frink/kg/spoke-genelab/node/OSD-612-6345c5c7bcabe53264da1a63ae723b94,St6gal2,http://purl.obolibrary.org/obo/NCBITaxon_10090,http://www.ncbi.nlm.nih.gov/gene/240119,1.75237,0.0433793,OSD-612
https://purl.org/okn/frink/kg/spoke-genelab/node/OSD-612-6345c5c7bcabe53264da1a63ae723b94,Gm10635,http://purl.obolibrary.org/obo/NCBITaxon_10090,http://www.ncbi.nlm.nih.gov/gene/100038575,2.51935,0.0117115,OSD-612
https://purl.org/okn/frink/kg/spoke-genelab/node/OSD-612-6345c5c7bcabe53264da1a63ae723b94,Cwh43,http://purl.obolibrary.org/obo/NCBITaxon_10090,http://www.ncbi.nlm.nih.gov/gene/231293,2.47204,0.0225143,OSD-612
https://purl.org/okn/frink/kg/spoke-genelab/node/OSD-612-6345c5c7bcabe53264da1a63ae723b94,Hmga2-ps1,http://purl.obolibrary.org/obo/NCBITaxon_10090,http://www.ncbi.nlm.nih.gov/gene/15365,1.74299,0.0127878,OSD-612
https://purl.org/okn/frink/kg/spoke-genelab/node/OSD-612-6345c5c7bcabe53264da1a63ae723b94,Pcdhb8,http://purl.obolibrary.org/obo/NCBITaxon_10090,http://www.ncbi.nlm.nih.gov/gene/93879,-1.6254,0.00246859,OSD-612
https://purl.org/okn/frink/kg/spoke-genelab/node/OSD-612-6345c5c7bcabe53264da1a63ae723b94,Ebf2,http://purl.obolibrary.org/obo/NCBITaxon_10090,http://www.ncbi.nlm.nih.gov/gene/13592,-2.36739,0.00220944,OSD-612
https://purl.org/okn/frink/kg/spoke-genelab/node/OSD-612-6345c5c7bcabe53264da1a63ae723b94,Nrk,http://purl.obolibrary.org/obo/NCBITaxon_10090,http://www.ncbi.nlm.nih.gov/gene/27206,-5.53207,0.00204378,OSD-612
https://purl.org/okn/frink/kg/spoke-genelab/node/OSD-612-6345c5c7bcabe53264da1a63ae723b94,Nppc,http://purl.obolibrary.org/obo/NCBITaxon_10090,http://www.ncbi.nlm.nih.gov/gene/18159,-1.23669,0.0239739,OSD-612
https://purl.org/okn/frink/kg/spoke-genelab/node/OSD-612-6345c5c7bcabe53264da1a63ae723b94,Catsperz,http://purl.obolibrary.org/obo/NCBITaxon_10090,http://www.ncbi.nlm.nih.gov/gene/67077,1.96209,0.0216937,OSD-612
https://purl.org/okn/frink/kg/spoke-genelab/node/OSD-612-6345c5c7bcabe53264da1a63ae723b94,Mybpc3,http://purl.obolibrary.org/obo/NCBITaxon_10090,http://www.ncbi.nlm.nih.gov/gene/17868,-4.39689,0.0132511,OSD-612
https://purl.org/okn/frink/kg/spoke-genelab/node/OSD-612-6345c5c7bcabe53264da1a63ae723b94,Sln,http://purl.obolibrary.org/obo/NCBITaxon_10090,http://www.ncbi.nlm.nih.gov/gene/66402,-2.74942,0.00441143,OSD-612
https://purl.org/okn/frink/kg/spoke-genelab/node/OSD-612-6345c5c7bcabe53264da1a63ae723b94,Mcm2,http://purl.obolibrary.org/obo/NCBITaxon_10090,http://www.ncbi.nlm.nih.gov/gene/17216,-1.01701,0.0227587,OSD-612
https://purl.org/okn/frink/kg/spoke-genelab/node/OSD-612-6345c5c7bcabe53264da1a63ae723b94,Gm15179,http://purl.obolibrary.org/obo/NCBITaxon_10090,http://www.ncbi.nlm.nih.gov/gene/100503248,-6.14965,0.0400056,OSD-612
https://purl.org/okn/frink/kg/spoke-genelab/node/OSD-612-6345c5c7bcabe53264da1a63ae723b94,Shisa8,http://purl.obolibrary.org/obo/NCBITaxon_10090,http://www.ncbi.nlm.nih.gov/gene/435145,-4.36174,0.000774852,OSD-612
https://purl.org/okn/frink/kg/spoke-genelab/node/OSD-612-6345c5c7bcabe53264da1a63ae723b94,Lincmd1,http://purl.obolibrary.org/obo/NCBITaxon_10090,http://www.ncbi.nlm.nih.gov/gene/105661730,-5.78639,0.0169697,OSD-612
https://purl.org/okn/frink/kg/spoke-genelab/node/OSD-612-6345c5c7bcabe53264da1a63ae723b94,Zdhhc8,http://purl.obolibrary.org/obo/NCBITaxon_10090,http://www.ncbi.nlm.nih.gov/gene/27801,1.00655,0.0227121,OSD-612
https://purl.org/okn/frink/kg/spoke-genelab/node/OSD-612-6345c5c7bcabe53264da1a63ae723b94,Cntnap4,http://purl.obolibrary.org/obo/NCBITaxon_10090,http://www.ncbi.nlm.nih.gov/gene/170571,-1.6942,0.00682731,OSD-612
https://purl.org/okn/frink/kg/spoke-genelab/node/OSD-612-6345c5c7bcabe53264da1a63ae723b94,En2,http://purl.obolibrary.org/obo/NCBITaxon_10090,http://www.ncbi.nlm.nih.gov/gene/13799,-5.85241,0.0118705,OSD-612
https://purl.org/okn/frink/kg/spoke-genelab/node/OSD-612-6345c5c7bcabe53264da1a63ae723b94,9530059O14Rik,http://purl.obolibrary.org/obo/NCBITaxon_10090,http://www.ncbi.nlm.nih.gov/gene/319626,1.83578,0.0136124,OSD-612
https://purl.org/okn/frink/kg/spoke-genelab/node/OSD-612-6345c5c7bcabe53264da1a63ae723b94,Miat,http://purl.obolibrary.org/obo/NCBITaxon_10090,http://www.ncbi.nlm.nih.gov/gene/330166,1.9855,0.0234894,OSD-612
https://purl.org/okn/frink/kg/spoke-genelab/node/OSD-612-6345c5c7bcabe53264da1a63ae723b94,Snph,http://purl.obolibrary.org/obo/NCBITaxon_10090,http://www.ncbi.nlm.nih.gov/gene/241727,1.32499,0.0334638,OSD-612
https://purl.org/okn/frink/kg/spoke-genelab/node/OSD-612-6345c5c7bcabe53264da1a63ae723b94,Krt25,http://purl.obolibrary.org/obo/NCBITaxon_10090,http://www.ncbi.nlm.nih.gov/gene/70810,-4.53073,0.00777667,OSD-612
https://purl.org/okn/frink/kg/spoke-genelab/node/OSD-612-6345c5c7bcabe53264da1a63ae723b94,Rnf225,http://purl.obolibrary.org/obo/NCBITaxon_10090,http://www.ncbi.nlm.nih.gov/gene/381845,-2.08899,0.0107407,OSD-612
https://purl.org/okn/frink/kg/spoke-genelab/node/OSD-612-6345c5c7bcabe53264da1a63ae723b94,St18,http://purl.obolibrary.org/obo/NCBITaxon_10090,http://www.ncbi.nlm.nih.gov/gene/240690,-3.42519,0.00151216,OSD-612
https://purl.org/okn/frink/kg/spoke-genelab/node/OSD-612-6345c5c7bcabe53264da1a63ae723b94,Nt5c1b,http://purl.obolibrary.org/obo/NCBITaxon_10090,http://www.ncbi.nlm.nih.gov/gene/70881,-4.66932,0.0239739,OSD-612
https://purl.org/okn/frink/kg/spoke-genelab/node/OSD-612-6345c5c7bcabe53264da1a63ae723b94,Grb7,http://purl.obolibrary.org/obo/NCBITaxon_10090,http://www.ncbi.nlm.nih.gov/gene/14786,-1.92721,0.0158044,OSD-612
https://purl.org/okn/frink/kg/spoke-genelab/node/OSD-612-6345c5c7bcabe53264da1a63ae723b94,3632454L22Rik,http://purl.obolibrary.org/obo/NCBITaxon_10090,http://www.ncbi.nlm.nih.gov/gene/320606,-1.82303,0.0035047,OSD-612
https://purl.org/okn/frink/kg/spoke-genelab/node/OSD-612-6345c5c7bcabe53264da1a63ae723b94,Tgm5,http://purl.obolibrary.org/obo/NCBITaxon_10090,http://www.ncbi.nlm.nih.gov/gene/74176,-4.19563,0.0215457,OSD-612
https://purl.org/okn/frink/kg/spoke-genelab/node/OSD-612-6345c5c7bcabe53264da1a63ae723b94,Olfr78,http://purl.obolibrary.org/obo/NCBITaxon_10090,http://www.ncbi.nlm.nih.gov/gene/170639,2.01553,0.031004,OSD-612
https://purl.org/okn/frink/kg/spoke-genelab/node/OSD-612-6345c5c7bcabe53264da1a63ae723b94,H2-M5,http://purl.obolibrary.org/obo/NCBITaxon_10090,http://www.ncbi.nlm.nih.gov/gene/240095,1.76954,0.0377155,OSD-612
https://purl.org/okn/frink/kg/spoke-genelab/node/OSD-612-6345c5c7bcabe53264da1a63ae723b94,Bok,http://purl.obolibrary.org/obo/NCBITaxon_10090,http://www.ncbi.nlm.nih.gov/gene/51800,1.40697,0.0116745,OSD-612
https://purl.org/okn/frink/kg/spoke-genelab/node/OSD-612-6345c5c7bcabe53264da1a63ae723b94,Dact3,http://purl.obolibrary.org/obo/NCBITaxon_10090,http://www.ncbi.nlm.nih.gov/gene/629378,1.51759,0.0286073,OSD-612
https://purl.org/okn/frink/kg/spoke-genelab/node/OSD-612-6345c5c7bcabe53264da1a63ae723b94,Ctnna3,http://purl.obolibrary.org/obo/NCBITaxon_10090,http://www.ncbi.nlm.nih.gov/gene/216033,-1.95953,0.0175355,OSD-612
https://purl.org/okn/frink/kg/spoke-genelab/node/OSD-612-6345c5c7bcabe53264da1a63ae723b94,Ntng2,http://purl.obolibrary.org/obo/NCBITaxon_10090,http://www.ncbi.nlm.nih.gov/gene/171171,1.62158,0.0213772,OSD-612
https://purl.org/okn/frink/kg/spoke-genelab/node/OSD-612-6345c5c7bcabe53264da1a63ae723b94,Steap2,http://purl.obolibrary.org/obo/NCBITaxon_10090,http://www.ncbi.nlm.nih.gov/gene/74051,-1.7282,0.0102212,OSD-612
https://purl.org/okn/frink/kg/spoke-genelab/node/OSD-612-6345c5c7bcabe53264da1a63ae723b94,Sp5,http://purl.obolibrary.org/obo/NCBITaxon_10090,http://www.ncbi.nlm.nih.gov/gene/64406,-2.30131,0.00601826,OSD-612
https://purl.org/okn/frink/kg/spoke-genelab/node/OSD-612-6345c5c7bcabe53264da1a63ae723b94,Tnni3,http://purl.obolibrary.org/obo/NCBITaxon_10090,http://www.ncbi.nlm.nih.gov/gene/21954,-1.7373,0.0260981,OSD-612
https://purl.org/okn/frink/kg/spoke-genelab/node/OSD-612-6345c5c7bcabe53264da1a63ae723b94,Grid2,http://purl.obolibrary.org/obo/NCBITaxon_10090,http://www.ncbi.nlm.nih.gov/gene/14804,-2.31213,0.0065271,OSD-612
https://purl.org/okn/frink/kg/spoke-genelab/node/OSD-612-6345c5c7bcabe53264da1a63ae723b94,Tmem59l,http://purl.obolibrary.org/obo/NCBITaxon_10090,http://www.ncbi.nlm.nih.gov/gene/67937,-1.39611,0.00193787,OSD-612
https://purl.org/okn/frink/kg/spoke-genelab/node/OSD-612-6345c5c7bcabe53264da1a63ae723b94,Wnt9a,http://purl.obolibrary.org/obo/NCBITaxon_10090,http://www.ncbi.nlm.nih.gov/gene/216795,2.06842,0.0185855,OSD-612
https://purl.org/okn/frink/kg/spoke-genelab/node/OSD-612-6345c5c7bcabe53264da1a63ae723b94,1700047M11Rik,http://purl.obolibrary.org/obo/NCBITaxon_10090,http://www.ncbi.nlm.nih.gov/gene/67330,-1.4973,0.0198615,OSD-612
https://purl.org/okn/frink/kg/spoke-genelab/node/OSD-612-6345c5c7bcabe53264da1a63ae723b94,Dlx4os,http://purl.obolibrary.org/obo/NCBITaxon_10090,http://www.ncbi.nlm.nih.gov/gene/320453,-2.91684,0.0379026,OSD-612
https://purl.org/okn/frink/kg/spoke-genelab/node/OSD-612-6345c5c7bcabe53264da1a63ae723b94,Gpr4,http://purl.obolibrary.org/obo/NCBITaxon_10090,http://www.ncbi.nlm.nih.gov/gene/319197,1.20733,0.047235,OSD-612
https://purl.org/okn/frink/kg/spoke-genelab/node/OSD-612-6345c5c7bcabe53264da1a63ae723b94,Clec10a,http://purl.obolibrary.org/obo/NCBITaxon_10090,http://www.ncbi.nlm.nih.gov/gene/17312,-1.40761,0.0286354,OSD-612
https://purl.org/okn/frink/kg/spoke-genelab/node/OSD-612-6345c5c7bcabe53264da1a63ae723b94,Lct,http://purl.obolibrary.org/obo/NCBITaxon_10090,http://www.ncbi.nlm.nih.gov/gene/226413,2.76701,0.00415278,OSD-612
https://purl.org/okn/frink/kg/spoke-genelab/node/OSD-612-6345c5c7bcabe53264da1a63ae723b94,Mybpc1,http://purl.obolibrary.org/obo/NCBITaxon_10090,http://www.ncbi.nlm.nih.gov/gene/109272,-4.10291,0.0327267,OSD-612
https://purl.org/okn/frink/kg/spoke-genelab/node/OSD-612-6345c5c7bcabe53264da1a63ae723b94,Comp,http://purl.obolibrary.org/obo/NCBITaxon_10090,http://www.ncbi.nlm.nih.gov/gene/12845,-3.73045,0.00114477,OSD-612
https://purl.org/okn/frink/kg/spoke-genelab/node/OSD-612-6345c5c7bcabe53264da1a63ae723b94,Nipal2,http://purl.obolibrary.org/obo/NCBITaxon_10090,http://www.ncbi.nlm.nih.gov/gene/223473,-1.05585,0.0377211,OSD-612
https://purl.org/okn/frink/kg/spoke-genelab/node/OSD-612-6345c5c7bcabe53264da1a63ae723b94,Sgpp2,http://purl.obolibrary.org/obo/NCBITaxon_10090,http://www.ncbi.nlm.nih.gov/gene/433323,-1.58336,0.0287383,OSD-612
https://purl.org/okn/frink/kg/spoke-genelab/node/OSD-612-6345c5c7bcabe53264da1a63ae723b94,Endou,http://purl.obolibrary.org/obo/NCBITaxon_10090,http://www.ncbi.nlm.nih.gov/gene/19011,1.35218,0.0397668,OSD-612
https://purl.org/okn/frink/kg/spoke-genelab/node/OSD-612-6345c5c7bcabe53264da1a63ae723b94,Tdgf1,http://purl.obolibrary.org/obo/NCBITaxon_10090,http://www.ncbi.nlm.nih.gov/gene/21667,-2.43935,0.0370746,OSD-612
https://purl.org/okn/frink/kg/spoke-genelab/node/OSD-612-6345c5c7bcabe53264da1a63ae723b94,4833417C18Rik,http://purl.obolibrary.org/obo/NCBITaxon_10090,http://www.ncbi.nlm.nih.gov/gene/73906,-1.28081,0.0382633,OSD-612
https://purl.org/okn/frink/kg/spoke-genelab/node/OSD-612-6345c5c7bcabe53264da1a63ae723b94,Ark2c,http://purl.obolibrary.org/obo/NCBITaxon_10090,http://www.ncbi.nlm.nih.gov/gene/225743,1.58489,0.00193787,OSD-612
https://purl.org/okn/frink/kg/spoke-genelab/node/OSD-612-6345c5c7bcabe53264da1a63ae723b94,Gm11841,http://purl.obolibrary.org/obo/NCBITaxon_10090,http://www.ncbi.nlm.nih.gov/gene/623671,1.47262,0.0378489,OSD-612
https://purl.org/okn/frink/kg/spoke-genelab/node/OSD-612-6345c5c7bcabe53264da1a63ae723b94,Lhx1,http://purl.obolibrary.org/obo/NCBITaxon_10090,http://www.ncbi.nlm.nih.gov/gene/16869,-4.97571,0.00674405,OSD-612
https://purl.org/okn/frink/kg/spoke-genelab/node/OSD-612-6345c5c7bcabe53264da1a63ae723b94,Fbxo41,http://purl.obolibrary.org/obo/NCBITaxon_10090,http://www.ncbi.nlm.nih.gov/gene/330369,1.03627,0.00266901,OSD-612
https://purl.org/okn/frink/kg/spoke-genelab/node/OSD-612-6345c5c7bcabe53264da1a63ae723b94,Stac,http://purl.obolibrary.org/obo/NCBITaxon_10090,http://www.ncbi.nlm.nih.gov/gene/20840,-2.98566,0.00158087,OSD-612
https://purl.org/okn/frink/kg/spoke-genelab/node/OSD-612-6345c5c7bcabe53264da1a63ae723b94,Tdrd9,http://purl.obolibrary.org/obo/NCBITaxon_10090,http://www.ncbi.nlm.nih.gov/gene/74691,2.94604,0.0169697,OSD-612
https://purl.org/okn/frink/kg/spoke-genelab/node/OSD-612-6345c5c7bcabe53264da1a63ae723b94,Pcp2,http://purl.obolibrary.org/obo/NCBITaxon_10090,http://www.ncbi.nlm.nih.gov/gene/18545,-10.5301,6.83018e-06,OSD-612
https://purl.org/okn/frink/kg/spoke-genelab/node/OSD-612-6345c5c7bcabe53264da1a63ae723b94,Cdc42bpg,http://purl.obolibrary.org/obo/NCBITaxon_10090,http://www.ncbi.nlm.nih.gov/gene/240505,-1.50558,0.0278247,OSD-612
https://purl.org/okn/frink/kg/spoke-genelab/node/OSD-612-6345c5c7bcabe53264da1a63ae723b94,Chil5,http://purl.obolibrary.org/obo/NCBITaxon_10090,http://www.ncbi.nlm.nih.gov/gene/229687,-3.87153,0.00467311,OSD-612
https://purl.org/okn/frink/kg/spoke-genelab/node/OSD-612-6345c5c7bcabe53264da1a63ae723b94,Mpl,http://purl.obolibrary.org/obo/NCBITaxon_10090,http://www.ncbi.nlm.nih.gov/gene/17480,3.13806,0.00174921,OSD-612
https://purl.org/okn/frink/kg/spoke-genelab/node/OSD-612-6345c5c7bcabe53264da1a63ae723b94,4833422M21Rik,http://purl.obolibrary.org/obo/NCBITaxon_10090,http://www.ncbi.nlm.nih.gov/gene/75768,1.21821,0.0492978,OSD-612
https://purl.org/okn/frink/kg/spoke-genelab/node/OSD-612-6345c5c7bcabe53264da1a63ae723b94,Nwd2,http://purl.obolibrary.org/obo/NCBITaxon_10090,http://www.ncbi.nlm.nih.gov/gene/319807,1.4331,0.00906146,OSD-612
https://purl.org/okn/frink/kg/spoke-genelab/node/OSD-612-6345c5c7bcabe53264da1a63ae723b94,Gm19026,http://purl.obolibrary.org/obo/NCBITaxon_10090,http://www.ncbi.nlm.nih.gov/gene/100418138,1.22242,0.0442906,OSD-612
https://purl.org/okn/frink/kg/spoke-genelab/node/OSD-612-6345c5c7bcabe53264da1a63ae723b94,Ifitm10,http://purl.obolibrary.org/obo/NCBITaxon_10090,http://www.ncbi.nlm.nih.gov/gene/320802,-1.52505,0.0370958,OSD-612
https://purl.org/okn/frink/kg/spoke-genelab/node/OSD-612-6345c5c7bcabe53264da1a63ae723b94,Vwa3b,http://purl.obolibrary.org/obo/NCBITaxon_10090,http://www.ncbi.nlm.nih.gov/gene/70853,1.95966,0.00725692,OSD-612
https://purl.org/okn/frink/kg/spoke-genelab/node/OSD-612-6345c5c7bcabe53264da1a63ae723b94,Trim62,http://purl.obolibrary.org/obo/NCBITaxon_10090,http://www.ncbi.nlm.nih.gov/gene/67525,-2.37728,0.00707463,OSD-612
https://purl.org/okn/frink/kg/spoke-genelab/node/OSD-612-6345c5c7bcabe53264da1a63ae723b94,Casq2,http://purl.obolibrary.org/obo/NCBITaxon_10090,http://www.ncbi.nlm.nih.gov/gene/12373,-1.97046,0.0218475,OSD-612
https://purl.org/okn/frink/kg/spoke-genelab/node/OSD-612-6345c5c7bcabe53264da1a63ae723b94,Unc5b,http://purl.obolibrary.org/obo/NCBITaxon_10090,http://www.ncbi.nlm.nih.gov/gene/107449,-1.8067,0.0165083,OSD-612
https://purl.org/okn/frink/kg/spoke-genelab/node/OSD-612-6345c5c7bcabe53264da1a63ae723b94,A930024E05Rik,http://purl.obolibrary.org/obo/NCBITaxon_10090,http://www.ncbi.nlm.nih.gov/gene/109202,-2.05803,0.0429665,OSD-612
https://purl.org/okn/frink/kg/spoke-genelab/node/OSD-612-6345c5c7bcabe53264da1a63ae723b94,Zfp882,http://purl.obolibrary.org/obo/NCBITaxon_10090,http://www.ncbi.nlm.nih.gov/gene/382019,-1.04886,0.0114092,OSD-612
https://purl.org/okn/frink/kg/spoke-genelab/node/OSD-612-6345c5c7bcabe53264da1a63ae723b94,Kcnj12,http://purl.obolibrary.org/obo/NCBITaxon_10090,http://www.ncbi.nlm.nih.gov/gene/16515,-2.11848,0.0258153,OSD-612
https://purl.org/okn/frink/kg/spoke-genelab/node/OSD-612-6345c5c7bcabe53264da1a63ae723b94,Pidd1,http://purl.obolibrary.org/obo/NCBITaxon_10090,http://www.ncbi.nlm.nih.gov/gene/57913,1.09406,0.017845,OSD-612
https://purl.org/okn/frink/kg/spoke-genelab/node/OSD-612-6345c5c7bcabe53264da1a63ae723b94,Dnah9,http://purl.obolibrary.org/obo/NCBITaxon_10090,http://www.ncbi.nlm.nih.gov/gene/237806,1.35934,0.0342299,OSD-612
https://purl.org/okn/frink/kg/spoke-genelab/node/OSD-612-6345c5c7bcabe53264da1a63ae723b94,Trpc3,http://purl.obolibrary.org/obo/NCBITaxon_10090,http://www.ncbi.nlm.nih.gov/gene/22065,-1.73506,0.0259374,OSD-612
https://purl.org/okn/frink/kg/spoke-genelab/node/OSD-612-6345c5c7bcabe53264da1a63ae723b94,Fbxo5,http://purl.obolibrary.org/obo/NCBITaxon_10090,http://www.ncbi.nlm.nih.gov/gene/67141,-1.37523,0.0138893,OSD-612
https://purl.org/okn/frink/kg/spoke-genelab/node/OSD-612-6345c5c7bcabe53264da1a63ae723b94,Inpp5d,http://purl.obolibrary.org/obo/NCBITaxon_10090,http://www.ncbi.nlm.nih.gov/gene/16331,1.38997,0.0211449,OSD-612
https://purl.org/okn/frink/kg/spoke-genelab/node/OSD-612-6345c5c7bcabe53264da1a63ae723b94,Ptpn3,http://purl.obolibrary.org/obo/NCBITaxon_10090,http://www.ncbi.nlm.nih.gov/gene/545622,1.45691,0.0103871,OSD-612
https://purl.org/okn/frink/kg/spoke-genelab/node/OSD-612-6345c5c7bcabe53264da1a63ae723b94,Adamts4,http://purl.obolibrary.org/obo/NCBITaxon_10090,http://www.ncbi.nlm.nih.gov/gene/240913,-1.11981,0.0127264,OSD-612
https://purl.org/okn/frink/kg/spoke-genelab/node/OSD-612-6345c5c7bcabe53264da1a63ae723b94,Syt17,http://purl.obolibrary.org/obo/NCBITaxon_10090,http://www.ncbi.nlm.nih.gov/gene/110058,1.86402,0.0191445,OSD-612
https://purl.org/okn/frink/kg/spoke-genelab/node/OSD-612-6345c5c7bcabe53264da1a63ae723b94,Rnf122,http://purl.obolibrary.org/obo/NCBITaxon_10090,http://www.ncbi.nlm.nih.gov/gene/68867,-2.48252,0.00364113,OSD-612
https://purl.org/okn/frink/kg/spoke-genelab/node/OSD-612-6345c5c7bcabe53264da1a63ae723b94,Bex4,http://purl.obolibrary.org/obo/NCBITaxon_10090,http://www.ncbi.nlm.nih.gov/gene/406217,-1.32276,0.000237126,OSD-612
https://purl.org/okn/frink/kg/spoke-genelab/node/OSD-612-6345c5c7bcabe53264da1a63ae723b94,Psma8,http://purl.obolibrary.org/obo/NCBITaxon_10090,http://www.ncbi.nlm.nih.gov/gene/73677,1.23668,0.0138209,OSD-612
https://purl.org/okn/frink/kg/spoke-genelab/node/OSD-612-6345c5c7bcabe53264da1a63ae723b94,Kcnk10,http://purl.obolibrary.org/obo/NCBITaxon_10090,http://www.ncbi.nlm.nih.gov/gene/72258,-2.22729,0.0122385,OSD-612
https://purl.org/okn/frink/kg/spoke-genelab/node/OSD-612-6345c5c7bcabe53264da1a63ae723b94,Frzb,http://purl.obolibrary.org/obo/NCBITaxon_10090,http://www.ncbi.nlm.nih.gov/gene/20378,1.65637,0.00391216,OSD-612
https://purl.org/okn/frink/kg/spoke-genelab/node/OSD-612-6345c5c7bcabe53264da1a63ae723b94,Bcl2l15,http://purl.obolibrary.org/obo/NCBITaxon_10090,http://www.ncbi.nlm.nih.gov/gene/229672,-6.08223,0.00144922,OSD-612
https://purl.org/okn/frink/kg/spoke-genelab/node/OSD-612-6345c5c7bcabe53264da1a63ae723b94,Mkrn3,http://purl.obolibrary.org/obo/NCBITaxon_10090,http://www.ncbi.nlm.nih.gov/gene/22652,-1.28644,0.032904,OSD-612
https://purl.org/okn/frink/kg/spoke-genelab/node/OSD-612-6345c5c7bcabe53264da1a63ae723b94,Car9,http://purl.obolibrary.org/obo/NCBITaxon_10090,http://www.ncbi.nlm.nih.gov/gene/230099,-4.29404,0.0118323,OSD-612
https://purl.org/okn/frink/kg/spoke-genelab/node/OSD-612-6345c5c7bcabe53264da1a63ae723b94,Rhod,http://purl.obolibrary.org/obo/NCBITaxon_10090,http://www.ncbi.nlm.nih.gov/gene/11854,-2.25104,0.0236605,OSD-612
https://purl.org/okn/frink/kg/spoke-genelab/node/OSD-612-6345c5c7bcabe53264da1a63ae723b94,Mmp23,http://purl.obolibrary.org/obo/NCBITaxon_10090,http://www.ncbi.nlm.nih.gov/gene/26561,-2.67747,0.025323,OSD-612
https://purl.org/okn/frink/kg/spoke-genelab/node/OSD-612-6345c5c7bcabe53264da1a63ae723b94,Col6a4,http://purl.obolibrary.org/obo/NCBITaxon_10090,http://www.ncbi.nlm.nih.gov/gene/68553,1.95185,0.0432916,OSD-612
https://purl.org/okn/frink/kg/spoke-genelab/node/OSD-612-6345c5c7bcabe53264da1a63ae723b94,Abcc12,http://purl.obolibrary.org/obo/NCBITaxon_10090,http://www.ncbi.nlm.nih.gov/gene/244562,-2.8787,0.0211449,OSD-612
https://purl.org/okn/frink/kg/spoke-genelab/node/OSD-612-6345c5c7bcabe53264da1a63ae723b94,Dao,http://purl.obolibrary.org/obo/NCBITaxon_10090,http://www.ncbi.nlm.nih.gov/gene/13142,-7.61556,0.0008902,OSD-612
https://purl.org/okn/frink/kg/spoke-genelab/node/OSD-612-6345c5c7bcabe53264da1a63ae723b94,Aplnr,http://purl.obolibrary.org/obo/NCBITaxon_10090,http://www.ncbi.nlm.nih.gov/gene/23796,-2.21256,0.0183728,OSD-612
https://purl.org/okn/frink/kg/spoke-genelab/node/OSD-612-6345c5c7bcabe53264da1a63ae723b94,Rgs8,http://purl.obolibrary.org/obo/NCBITaxon_10090,http://www.ncbi.nlm.nih.gov/gene/67792,-2.40843,0.00903709,OSD-612
https://purl.org/okn/frink/kg/spoke-genelab/node/OSD-612-6345c5c7bcabe53264da1a63ae723b94,Klhl29,http://purl.obolibrary.org/obo/NCBITaxon_10090,http://www.ncbi.nlm.nih.gov/gene/208439,1.01973,0.0397826,OSD-612
https://purl.org/okn/frink/kg/spoke-genelab/node/OSD-612-6345c5c7bcabe53264da1a63ae723b94,Kcnb1,http://purl.obolibrary.org/obo/NCBITaxon_10090,http://www.ncbi.nlm.nih.gov/gene/16500,1.60724,0.0497162,OSD-612
https://purl.org/okn/frink/kg/spoke-genelab/node/OSD-612-6345c5c7bcabe53264da1a63ae723b94,Defb42,http://purl.obolibrary.org/obo/NCBITaxon_10090,http://www.ncbi.nlm.nih.gov/gene/619548,-3.71765,0.0142664,OSD-612
https://purl.org/okn/frink/kg/spoke-genelab/node/OSD-612-6345c5c7bcabe53264da1a63ae723b94,Scx,http://purl.obolibrary.org/obo/NCBITaxon_10090,http://www.ncbi.nlm.nih.gov/gene/20289,-1.79349,0.047235,OSD-612
https://purl.org/okn/frink/kg/spoke-genelab/node/OSD-612-6345c5c7bcabe53264da1a63ae723b94,Tuft1,http://purl.obolibrary.org/obo/NCBITaxon_10090,http://www.ncbi.nlm.nih.gov/gene/22156,-1.40064,0.0403013,OSD-612
https://purl.org/okn/frink/kg/spoke-genelab/node/OSD-612-6345c5c7bcabe53264da1a63ae723b94,Gdf10,http://purl.obolibrary.org/obo/NCBITaxon_10090,http://www.ncbi.nlm.nih.gov/gene/14560,-2.76144,0.0034262,OSD-612
https://purl.org/okn/frink/kg/spoke-genelab/node/OSD-612-6345c5c7bcabe53264da1a63ae723b94,Tmprss3,http://purl.obolibrary.org/obo/NCBITaxon_10090,http://www.ncbi.nlm.nih.gov/gene/140765,-7.3322,0.00151098,OSD-612
https://purl.org/okn/frink/kg/spoke-genelab/node/OSD-612-6345c5c7bcabe53264da1a63ae723b94,Evx2,http://purl.obolibrary.org/obo/NCBITaxon_10090,http://www.ncbi.nlm.nih.gov/gene/14029,-4.90398,0.0379077,OSD-612
https://purl.org/okn/frink/kg/spoke-genelab/node/OSD-612-6345c5c7bcabe53264da1a63ae723b94,C1qtnf12,http://purl.obolibrary.org/obo/NCBITaxon_10090,http://www.ncbi.nlm.nih.gov/gene/67389,2.42251,0.00136763,OSD-612
https://purl.org/okn/frink/kg/spoke-genelab/node/OSD-612-6345c5c7bcabe53264da1a63ae723b94,Tnfsf9,http://purl.obolibrary.org/obo/NCBITaxon_10090,http://www.ncbi.nlm.nih.gov/gene/21950,-3.29852,0.00511697,OSD-612
https://purl.org/okn/frink/kg/spoke-genelab/node/OSD-612-6345c5c7bcabe53264da1a63ae723b94,Pkib,http://purl.obolibrary.org/obo/NCBITaxon_10090,http://www.ncbi.nlm.nih.gov/gene/18768,-2.07938,0.0220565,OSD-612
https://purl.org/okn/frink/kg/spoke-genelab/node/OSD-612-6345c5c7bcabe53264da1a63ae723b94,H3f3b,http://purl.obolibrary.org/obo/NCBITaxon_10090,http://www.ncbi.nlm.nih.gov/gene/15081,-1.18346,0.00517782,OSD-612
https://purl.org/okn/frink/kg/spoke-genelab/node/OSD-612-6345c5c7bcabe53264da1a63ae723b94,Hk2,http://purl.obolibrary.org/obo/NCBITaxon_10090,http://www.ncbi.nlm.nih.gov/gene/15277,-1.77036,0.0435141,OSD-612
https://purl.org/okn/frink/kg/spoke-genelab/node/OSD-612-6345c5c7bcabe53264da1a63ae723b94,Cnpy1,http://purl.obolibrary.org/obo/NCBITaxon_10090,http://www.ncbi.nlm.nih.gov/gene/269637,-7.35705,0.00158087,OSD-612
https://purl.org/okn/frink/kg/spoke-genelab/node/OSD-612-6345c5c7bcabe53264da1a63ae723b94,Tead4,http://purl.obolibrary.org/obo/NCBITaxon_10090,http://www.ncbi.nlm.nih.gov/gene/21679,-2.27066,0.0202462,OSD-612
https://purl.org/okn/frink/kg/spoke-genelab/node/OSD-612-6345c5c7bcabe53264da1a63ae723b94,Cux2,http://purl.obolibrary.org/obo/NCBITaxon_10090,http://www.ncbi.nlm.nih.gov/gene/13048,1.51814,0.0328154,OSD-612
https://purl.org/okn/frink/kg/spoke-genelab/node/OSD-612-6345c5c7bcabe53264da1a63ae723b94,Gja6,http://purl.obolibrary.org/obo/NCBITaxon_10090,http://www.ncbi.nlm.nih.gov/gene/414089,1.77288,0.0206279,OSD-612
https://purl.org/okn/frink/kg/spoke-genelab/node/OSD-612-6345c5c7bcabe53264da1a63ae723b94,Grm4,http://purl.obolibrary.org/obo/NCBITaxon_10090,http://www.ncbi.nlm.nih.gov/gene/268934,-2.38579,0.0204324,OSD-612
https://purl.org/okn/frink/kg/spoke-genelab/node/OSD-612-6345c5c7bcabe53264da1a63ae723b94,Ly6g6e,http://purl.obolibrary.org/obo/NCBITaxon_10090,http://www.ncbi.nlm.nih.gov/gene/70274,-2.51636,0.00369992,OSD-612
https://purl.org/okn/frink/kg/spoke-genelab/node/OSD-612-6345c5c7bcabe53264da1a63ae723b94,Mdfi,http://purl.obolibrary.org/obo/NCBITaxon_10090,http://www.ncbi.nlm.nih.gov/gene/17240,-3.16831,0.0273759,OSD-612
https://purl.org/okn/frink/kg/spoke-genelab/node/OSD-612-6345c5c7bcabe53264da1a63ae723b94,Ppp1r9b,http://purl.obolibrary.org/obo/NCBITaxon_10090,http://www.ncbi.nlm.nih.gov/gene/217124,1.09029,0.0459935,OSD-612
https://purl.org/okn/frink/kg/spoke-genelab/node/OSD-612-6345c5c7bcabe53264da1a63ae723b94,Eomes,http://purl.obolibrary.org/obo/NCBITaxon_10090,http://www.ncbi.nlm.nih.gov/gene/13813,-5.43439,0.00419872,OSD-612
https://purl.org/okn/frink/kg/spoke-genelab/node/OSD-612-6345c5c7bcabe53264da1a63ae723b94,Rps6ka1,http://purl.obolibrary.org/obo/NCBITaxon_10090,http://www.ncbi.nlm.nih.gov/gene/20111,-1.94981,0.0137957,OSD-612
https://purl.org/okn/frink/kg/spoke-genelab/node/OSD-612-6345c5c7bcabe53264da1a63ae723b94,Timp4,http://purl.obolibrary.org/obo/NCBITaxon_10090,http://www.ncbi.nlm.nih.gov/gene/110595,-1.18176,0.045942,OSD-612
https://purl.org/okn/frink/kg/spoke-genelab/node/OSD-612-6345c5c7bcabe53264da1a63ae723b94,Msx2,http://purl.obolibrary.org/obo/NCBITaxon_10090,http://www.ncbi.nlm.nih.gov/gene/17702,-3.24072,0.00498161,OSD-612
https://purl.org/okn/frink/kg/spoke-genelab/node/OSD-612-6345c5c7bcabe53264da1a63ae723b94,Spag6,http://purl.obolibrary.org/obo/NCBITaxon_10090,http://www.ncbi.nlm.nih.gov/gene/381350,2.02745,0.0102212,OSD-612
https://purl.org/okn/frink/kg/spoke-genelab/node/OSD-612-6345c5c7bcabe53264da1a63ae723b94,Ccne2,http://purl.obolibrary.org/obo/NCBITaxon_10090,http://www.ncbi.nlm.nih.gov/gene/12448,-1.1935,0.0289099,OSD-612
https://purl.org/okn/frink/kg/spoke-genelab/node/OSD-612-6345c5c7bcabe53264da1a63ae723b94,Fcor,http://purl.obolibrary.org/obo/NCBITaxon_10090,http://www.ncbi.nlm.nih.gov/gene/100503924,-1.43135,0.0161363,OSD-612
https://purl.org/okn/frink/kg/spoke-genelab/node/OSD-612-6345c5c7bcabe53264da1a63ae723b94,Klhl38,http://purl.obolibrary.org/obo/NCBITaxon_10090,http://www.ncbi.nlm.nih.gov/gene/268807,1.22135,0.0110392,OSD-612
https://purl.org/okn/frink/kg/spoke-genelab/node/OSD-612-6345c5c7bcabe53264da1a63ae723b94,Nlk,http://purl.obolibrary.org/obo/NCBITaxon_10090,http://www.ncbi.nlm.nih.gov/gene/18099,1.0259,0.0497162,OSD-612
https://purl.org/okn/frink/kg/spoke-genelab/node/OSD-612-6345c5c7bcabe53264da1a63ae723b94,M5C1000I18Rik,http://purl.obolibrary.org/obo/NCBITaxon_10090,http://www.ncbi.nlm.nih.gov/gene/102633151,1.42697,0.00537953,OSD-612
https://purl.org/okn/frink/kg/spoke-genelab/node/OSD-612-6345c5c7bcabe53264da1a63ae723b94,Adgrl1,http://purl.obolibrary.org/obo/NCBITaxon_10090,http://www.ncbi.nlm.nih.gov/gene/330814,1.04274,0.0132511,OSD-612
https://purl.org/okn/frink/kg/spoke-genelab/node/OSD-612-6345c5c7bcabe53264da1a63ae723b94,Zfp385c,http://purl.obolibrary.org/obo/NCBITaxon_10090,http://www.ncbi.nlm.nih.gov/gene/278304,-4.26587,0.00250668,OSD-612
https://purl.org/okn/frink/kg/spoke-genelab/node/OSD-612-6345c5c7bcabe53264da1a63ae723b94,Lhx1os,http://purl.obolibrary.org/obo/NCBITaxon_10090,http://www.ncbi.nlm.nih.gov/gene/78365,-5.67034,0.009254,OSD-612
https://purl.org/okn/frink/kg/spoke-genelab/node/OSD-612-6345c5c7bcabe53264da1a63ae723b94,Runx2,http://purl.obolibrary.org/obo/NCBITaxon_10090,http://www.ncbi.nlm.nih.gov/gene/12393,1.51015,0.0344861,OSD-612
https://purl.org/okn/frink/kg/spoke-genelab/node/OSD-612-6345c5c7bcabe53264da1a63ae723b94,Nptxr,http://purl.obolibrary.org/obo/NCBITaxon_10090,http://www.ncbi.nlm.nih.gov/gene/73340,1.21036,0.00198179,OSD-612
https://purl.org/okn/frink/kg/spoke-genelab/node/OSD-612-6345c5c7bcabe53264da1a63ae723b94,Pde1c,http://purl.obolibrary.org/obo/NCBITaxon_10090,http://www.ncbi.nlm.nih.gov/gene/18575,-2.18156,0.0147799,OSD-612
https://purl.org/okn/frink/kg/spoke-genelab/node/OSD-612-6345c5c7bcabe53264da1a63ae723b94,Ppfia3,http://purl.obolibrary.org/obo/NCBITaxon_10090,http://www.ncbi.nlm.nih.gov/gene/76787,1.25937,0.00351877,OSD-612
https://purl.org/okn/frink/kg/spoke-genelab/node/OSD-612-6345c5c7bcabe53264da1a63ae723b94,Dnah11,http://purl.obolibrary.org/obo/NCBITaxon_10090,http://www.ncbi.nlm.nih.gov/gene/13411,-3.62964,0.0435417,OSD-612
https://purl.org/okn/frink/kg/spoke-genelab/node/OSD-612-6345c5c7bcabe53264da1a63ae723b94,Gipc2,http://purl.obolibrary.org/obo/NCBITaxon_10090,http://www.ncbi.nlm.nih.gov/gene/54120,-1.73798,0.00511697,OSD-612
https://purl.org/okn/frink/kg/spoke-genelab/node/OSD-612-6345c5c7bcabe53264da1a63ae723b94,Cidea,http://purl.obolibrary.org/obo/NCBITaxon_10090,http://www.ncbi.nlm.nih.gov/gene/12683,-1.6673,0.0138893,OSD-612
https://purl.org/okn/frink/kg/spoke-genelab/node/OSD-612-6345c5c7bcabe53264da1a63ae723b94,Cbln3,http://purl.obolibrary.org/obo/NCBITaxon_10090,http://www.ncbi.nlm.nih.gov/gene/56410,-9.39792,2.07856e-06,OSD-612
https://purl.org/okn/frink/kg/spoke-genelab/node/OSD-612-6345c5c7bcabe53264da1a63ae723b94,Tprn,http://purl.obolibrary.org/obo/NCBITaxon_10090,http://www.ncbi.nlm.nih.gov/gene/97031,-1.61125,0.0349064,OSD-612
https://purl.org/okn/frink/kg/spoke-genelab/node/OSD-612-6345c5c7bcabe53264da1a63ae723b94,Kcng4,http://purl.obolibrary.org/obo/NCBITaxon_10090,http://www.ncbi.nlm.nih.gov/gene/66733,-2.67367,0.0351865,OSD-612
https://purl.org/okn/frink/kg/spoke-genelab/node/OSD-612-6345c5c7bcabe53264da1a63ae723b94,Nova2,http://purl.obolibrary.org/obo/NCBITaxon_10090,http://www.ncbi.nlm.nih.gov/gene/384569,1.47541,0.000383937,OSD-612
https://purl.org/okn/frink/kg/spoke-genelab/node/OSD-612-6345c5c7bcabe53264da1a63ae723b94,Prr35,http://purl.obolibrary.org/obo/NCBITaxon_10090,http://www.ncbi.nlm.nih.gov/gene/100034748,-4.15962,0.00240959,OSD-612
https://purl.org/okn/frink/kg/spoke-genelab/node/OSD-612-6345c5c7bcabe53264da1a63ae723b94,Bsn,http://purl.obolibrary.org/obo/NCBITaxon_10090,http://www.ncbi.nlm.nih.gov/gene/12217,1.22615,0.000332446,OSD-612
https://purl.org/okn/frink/kg/spoke-genelab/node/OSD-612-6345c5c7bcabe53264da1a63ae723b94,B3gat1,http://purl.obolibrary.org/obo/NCBITaxon_10090,http://www.ncbi.nlm.nih.gov/gene/76898,1.29932,0.00332872,OSD-612
https://purl.org/okn/frink/kg/spoke-genelab/node/OSD-612-6345c5c7bcabe53264da1a63ae723b94,6430571L13Rik,http://purl.obolibrary.org/obo/NCBITaxon_10090,http://www.ncbi.nlm.nih.gov/gene/235599,-2.84018,0.00337673,OSD-612
https://purl.org/okn/frink/kg/spoke-genelab/node/OSD-612-6345c5c7bcabe53264da1a63ae723b94,Slc13a1,http://purl.obolibrary.org/obo/NCBITaxon_10090,http://www.ncbi.nlm.nih.gov/gene/55961,-5.47665,0.0118391,OSD-612
https://purl.org/okn/frink/kg/spoke-genelab/node/OSD-612-6345c5c7bcabe53264da1a63ae723b94,Gm36608,http://purl.obolibrary.org/obo/NCBITaxon_10090,http://www.ncbi.nlm.nih.gov/gene/102640578,-1.37028,0.0149681,OSD-612
https://purl.org/okn/frink/kg/spoke-genelab/node/OSD-612-6345c5c7bcabe53264da1a63ae723b94,Gm18398,http://purl.obolibrary.org/obo/NCBITaxon_10090,http://www.ncbi.nlm.nih.gov/gene/100417103,1.96819,0.0485703,OSD-612
https://purl.org/okn/frink/kg/spoke-genelab/node/OSD-612-6345c5c7bcabe53264da1a63ae723b94,Cep72,http://purl.obolibrary.org/obo/NCBITaxon_10090,http://www.ncbi.nlm.nih.gov/gene/74470,-3.33165,0.00230925,OSD-612
https://purl.org/okn/frink/kg/spoke-genelab/node/OSD-612-6345c5c7bcabe53264da1a63ae723b94,Gm3226,http://purl.obolibrary.org/obo/NCBITaxon_10090,http://www.ncbi.nlm.nih.gov/gene/100041240,1.02988,0.0101878,OSD-612
https://purl.org/okn/frink/kg/spoke-genelab/node/OSD-612-6345c5c7bcabe53264da1a63ae723b94,Adamts18,http://purl.obolibrary.org/obo/NCBITaxon_10090,http://www.ncbi.nlm.nih.gov/gene/208936,-3.04188,0.00254753,OSD-612
https://purl.org/okn/frink/kg/spoke-genelab/node/OSD-612-6345c5c7bcabe53264da1a63ae723b94,Eif3s6-ps2,http://purl.obolibrary.org/obo/NCBITaxon_10090,http://www.ncbi.nlm.nih.gov/gene/16343,1.95057,0.0494217,OSD-612
https://purl.org/okn/frink/kg/spoke-genelab/node/OSD-612-6345c5c7bcabe53264da1a63ae723b94,Tssk5,http://purl.obolibrary.org/obo/NCBITaxon_10090,http://www.ncbi.nlm.nih.gov/gene/73542,-6.3198,0.0470229,OSD-612
https://purl.org/okn/frink/kg/spoke-genelab/node/OSD-612-6345c5c7bcabe53264da1a63ae723b94,Atp2a3,http://purl.obolibrary.org/obo/NCBITaxon_10090,http://www.ncbi.nlm.nih.gov/gene/53313,-3.10727,0.00378377,OSD-612
https://purl.org/okn/frink/kg/spoke-genelab/node/OSD-612-6345c5c7bcabe53264da1a63ae723b94,Col24a1,http://purl.obolibrary.org/obo/NCBITaxon_10090,http://www.ncbi.nlm.nih.gov/gene/71355,2.48099,0.0177364,OSD-612
https://purl.org/okn/frink/kg/spoke-genelab/node/OSD-612-6345c5c7bcabe53264da1a63ae723b94,Ptprr,http://purl.obolibrary.org/obo/NCBITaxon_10090,http://www.ncbi.nlm.nih.gov/gene/19279,-2.15934,0.00382081,OSD-612
https://purl.org/okn/frink/kg/spoke-genelab/node/OSD-612-6345c5c7bcabe53264da1a63ae723b94,Sost,http://purl.obolibrary.org/obo/NCBITaxon_10090,http://www.ncbi.nlm.nih.gov/gene/74499,-2.82325,0.0108711,OSD-612
https://purl.org/okn/frink/kg/spoke-genelab/node/OSD-612-6345c5c7bcabe53264da1a63ae723b94,Sgcg,http://purl.obolibrary.org/obo/NCBITaxon_10090,http://www.ncbi.nlm.nih.gov/gene/24053,-2.9544,0.0336823,OSD-612
https://purl.org/okn/frink/kg/spoke-genelab/node/OSD-612-6345c5c7bcabe53264da1a63ae723b94,Pld5,http://purl.obolibrary.org/obo/NCBITaxon_10090,http://www.ncbi.nlm.nih.gov/gene/319455,-2.64695,0.0062849,OSD-612
https://purl.org/okn/frink/kg/spoke-genelab/node/OSD-612-6345c5c7bcabe53264da1a63ae723b94,Uncx,http://purl.obolibrary.org/obo/NCBITaxon_10090,http://www.ncbi.nlm.nih.gov/gene/22255,-4.87605,0.00614358,OSD-612
https://purl.org/okn/frink/kg/spoke-genelab/node/OSD-612-6345c5c7bcabe53264da1a63ae723b94,Rapgefl1,http://purl.obolibrary.org/obo/NCBITaxon_10090,http://www.ncbi.nlm.nih.gov/gene/268480,1.32709,0.00126764,OSD-612
https://purl.org/okn/frink/kg/spoke-genelab/node/OSD-612-6345c5c7bcabe53264da1a63ae723b94,Syngap1,http://purl.obolibrary.org/obo/NCBITaxon_10090,http://www.ncbi.nlm.nih.gov/gene/240057,1.73665,0.0218447,OSD-612
https://purl.org/okn/frink/kg/spoke-genelab/node/OSD-612-6345c5c7bcabe53264da1a63ae723b94,Capn6,http://purl.obolibrary.org/obo/NCBITaxon_10090,http://www.ncbi.nlm.nih.gov/gene/12338,1.02015,0.0140598,OSD-612
https://purl.org/okn/frink/kg/spoke-genelab/node/OSD-612-6345c5c7bcabe53264da1a63ae723b94,Zfp967,http://purl.obolibrary.org/obo/NCBITaxon_10090,http://www.ncbi.nlm.nih.gov/gene/100303732,1.30055,0.0387622,OSD-612
https://purl.org/okn/frink/kg/spoke-genelab/node/OSD-612-6345c5c7bcabe53264da1a63ae723b94,Dusp5,http://purl.obolibrary.org/obo/NCBITaxon_10090,http://www.ncbi.nlm.nih.gov/gene/240672,-2.87816,0.00839604,OSD-612
https://purl.org/okn/frink/kg/spoke-genelab/node/OSD-612-6345c5c7bcabe53264da1a63ae723b94,Ppm1d,http://purl.obolibrary.org/obo/NCBITaxon_10090,http://www.ncbi.nlm.nih.gov/gene/53892,-1.56562,0.0101664,OSD-612
https://purl.org/okn/frink/kg/spoke-genelab/node/OSD-612-6345c5c7bcabe53264da1a63ae723b94,Syt4,http://purl.obolibrary.org/obo/NCBITaxon_10090,http://www.ncbi.nlm.nih.gov/gene/20983,-1.15981,0.0191492,OSD-612
https://purl.org/okn/frink/kg/spoke-genelab/node/OSD-612-6345c5c7bcabe53264da1a63ae723b94,Zfp652os,http://purl.obolibrary.org/obo/NCBITaxon_10090,http://www.ncbi.nlm.nih.gov/gene/432396,1.14898,0.0464669,OSD-612
https://purl.org/okn/frink/kg/spoke-genelab/node/OSD-612-6345c5c7bcabe53264da1a63ae723b94,Pitpnm3,http://purl.obolibrary.org/obo/NCBITaxon_10090,http://www.ncbi.nlm.nih.gov/gene/327958,1.05408,0.00152188,OSD-612
https://purl.org/okn/frink/kg/spoke-genelab/node/OSD-612-6345c5c7bcabe53264da1a63ae723b94,Plekhf1,http://purl.obolibrary.org/obo/NCBITaxon_10090,http://www.ncbi.nlm.nih.gov/gene/72287,-1.49535,0.0486074,OSD-612
https://purl.org/okn/frink/kg/spoke-genelab/node/OSD-612-6345c5c7bcabe53264da1a63ae723b94,Kit,http://purl.obolibrary.org/obo/NCBITaxon_10090,http://www.ncbi.nlm.nih.gov/gene/16590,-1.70882,0.0187615,OSD-612
https://purl.org/okn/frink/kg/spoke-genelab/node/OSD-612-6345c5c7bcabe53264da1a63ae723b94,Olfm4,http://purl.obolibrary.org/obo/NCBITaxon_10090,http://www.ncbi.nlm.nih.gov/gene/380924,-1.16999,0.012001,OSD-612
https://purl.org/okn/frink/kg/spoke-genelab/node/OSD-612-6345c5c7bcabe53264da1a63ae723b94,Pkp1,http://purl.obolibrary.org/obo/NCBITaxon_10090,http://www.ncbi.nlm.nih.gov/gene/18772,2.21397,0.0178914,OSD-612
https://purl.org/okn/frink/kg/spoke-genelab/node/OSD-612-6345c5c7bcabe53264da1a63ae723b94,Rad51c,http://purl.obolibrary.org/obo/NCBITaxon_10090,http://www.ncbi.nlm.nih.gov/gene/114714,-1.19493,0.0102288,OSD-612
https://purl.org/okn/frink/kg/spoke-genelab/node/OSD-612-6345c5c7bcabe53264da1a63ae723b94,Svep1,http://purl.obolibrary.org/obo/NCBITaxon_10090,http://www.ncbi.nlm.nih.gov/gene/64817,-2.8221,0.00519676,OSD-612
https://purl.org/okn/frink/kg/spoke-genelab/node/OSD-612-6345c5c7bcabe53264da1a63ae723b94,Lbx1,http://purl.obolibrary.org/obo/NCBITaxon_10090,http://www.ncbi.nlm.nih.gov/gene/16814,-6.01981,0.00264779,OSD-612
https://purl.org/okn/frink/kg/spoke-genelab/node/OSD-612-6345c5c7bcabe53264da1a63ae723b94,Brsk1,http://purl.obolibrary.org/obo/NCBITaxon_10090,http://www.ncbi.nlm.nih.gov/gene/381979,1.18564,0.0416734,OSD-612
https://purl.org/okn/frink/kg/spoke-genelab/node/OSD-612-6345c5c7bcabe53264da1a63ae723b94,Cdsn,http://purl.obolibrary.org/obo/NCBITaxon_10090,http://www.ncbi.nlm.nih.gov/gene/386463,2.17995,0.0494502,OSD-612
https://purl.org/okn/frink/kg/spoke-genelab/node/OSD-612-6345c5c7bcabe53264da1a63ae723b94,Tg,http://purl.obolibrary.org/obo/NCBITaxon_10090,http://www.ncbi.nlm.nih.gov/gene/21819,-2.99806,0.0132511,OSD-612
https://purl.org/okn/frink/kg/spoke-genelab/node/OSD-612-6345c5c7bcabe53264da1a63ae723b94,Tnnc1,http://purl.obolibrary.org/obo/NCBITaxon_10090,http://www.ncbi.nlm.nih.gov/gene/21924,1.6194,0.00474695,OSD-612
https://purl.org/okn/frink/kg/spoke-genelab/node/OSD-612-6345c5c7bcabe53264da1a63ae723b94,Corin,http://purl.obolibrary.org/obo/NCBITaxon_10090,http://www.ncbi.nlm.nih.gov/gene/53419,-3.11056,0.0230417,OSD-612
https://purl.org/okn/frink/kg/spoke-genelab/node/OSD-612-6345c5c7bcabe53264da1a63ae723b94,Gm7854,http://purl.obolibrary.org/obo/NCBITaxon_10090,http://www.ncbi.nlm.nih.gov/gene/665934,-1.74878,0.0203997,OSD-612
https://purl.org/okn/frink/kg/spoke-genelab/node/OSD-612-6345c5c7bcabe53264da1a63ae723b94,1700109H08Rik,http://purl.obolibrary.org/obo/NCBITaxon_10090,http://www.ncbi.nlm.nih.gov/gene/77036,-1.13409,0.0241661,OSD-612
https://purl.org/okn/frink/kg/spoke-genelab/node/OSD-612-6345c5c7bcabe53264da1a63ae723b94,Gria4,http://purl.obolibrary.org/obo/NCBITaxon_10090,http://www.ncbi.nlm.nih.gov/gene/14802,-1.96388,0.0108608,OSD-612
https://purl.org/okn/frink/kg/spoke-genelab/node/OSD-612-6345c5c7bcabe53264da1a63ae723b94,Acot5,http://purl.obolibrary.org/obo/NCBITaxon_10090,http://www.ncbi.nlm.nih.gov/gene/217698,1.57747,0.00925656,OSD-612
https://purl.org/okn/frink/kg/spoke-genelab/node/OSD-612-6345c5c7bcabe53264da1a63ae723b94,Dio2,http://purl.obolibrary.org/obo/NCBITaxon_10090,http://www.ncbi.nlm.nih.gov/gene/13371,1.35291,0.0492978,OSD-612
https://purl.org/okn/frink/kg/spoke-genelab/node/OSD-612-6345c5c7bcabe53264da1a63ae723b94,Fap,http://purl.obolibrary.org/obo/NCBITaxon_10090,http://www.ncbi.nlm.nih.gov/gene/14089,1.31997,0.0465729,OSD-612
https://purl.org/okn/frink/kg/spoke-genelab/node/OSD-612-6345c5c7bcabe53264da1a63ae723b94,Cacna2d2,http://purl.obolibrary.org/obo/NCBITaxon_10090,http://www.ncbi.nlm.nih.gov/gene/56808,-1.38092,0.0202242,OSD-612
https://purl.org/okn/frink/kg/spoke-genelab/node/OSD-612-6345c5c7bcabe53264da1a63ae723b94,Gm15787,http://purl.obolibrary.org/obo/NCBITaxon_10090,http://www.ncbi.nlm.nih.gov/gene/100504007,1.07502,0.0344714,OSD-612
https://purl.org/okn/frink/kg/spoke-genelab/node/OSD-612-6345c5c7bcabe53264da1a63ae723b94,Atxn7l3,http://purl.obolibrary.org/obo/NCBITaxon_10090,http://www.ncbi.nlm.nih.gov/gene/217218,1.14907,0.00594311,OSD-612
https://purl.org/okn/frink/kg/spoke-genelab/node/OSD-612-6345c5c7bcabe53264da1a63ae723b94,Pax2,http://purl.obolibrary.org/obo/NCBITaxon_10090,http://www.ncbi.nlm.nih.gov/gene/18504,-5.23904,0.0338826,OSD-612
https://purl.org/okn/frink/kg/spoke-genelab/node/OSD-612-6345c5c7bcabe53264da1a63ae723b94,Kcnab2,http://purl.obolibrary.org/obo/NCBITaxon_10090,http://www.ncbi.nlm.nih.gov/gene/16498,1.41907,0.0216272,OSD-612
https://purl.org/okn/frink/kg/spoke-genelab/node/OSD-612-6345c5c7bcabe53264da1a63ae723b94,Klhl30,http://purl.obolibrary.org/obo/NCBITaxon_10090,http://www.ncbi.nlm.nih.gov/gene/70788,1.22229,0.0432916,OSD-612
https://purl.org/okn/frink/kg/spoke-genelab/node/OSD-613-6bc16dad3df8e92daec6c022196a9f49,Rps21,http://purl.obolibrary.org/obo/NCBITaxon_10090,http://www.ncbi.nlm.nih.gov/gene/66481,-1.0082,0.00763877,OSD-613
https://purl.org/okn/frink/kg/spoke-genelab/node/OSD-613-6bc16dad3df8e92daec6c022196a9f49,H2bc22,http://purl.obolibrary.org/obo/NCBITaxon_10090,http://www.ncbi.nlm.nih.gov/gene/319188,-1.19277,0.0104988,OSD-613
https://purl.org/okn/frink/kg/spoke-genelab/node/OSD-613-6bc16dad3df8e92daec6c022196a9f49,Gpr55,http://purl.obolibrary.org/obo/NCBITaxon_10090,http://www.ncbi.nlm.nih.gov/gene/227326,-1.54598,0.0224272,OSD-613
https://purl.org/okn/frink/kg/spoke-genelab/node/OSD-613-6bc16dad3df8e92daec6c022196a9f49,Pou2f2,http://purl.obolibrary.org/obo/NCBITaxon_10090,http://www.ncbi.nlm.nih.gov/gene/18987,1.00647,0.0369457,OSD-613
https://purl.org/okn/frink/kg/spoke-genelab/node/OSD-613-6bc16dad3df8e92daec6c022196a9f49,Rps13,http://purl.obolibrary.org/obo/NCBITaxon_10090,http://www.ncbi.nlm.nih.gov/gene/68052,-1.08235,0.0100579,OSD-613
https://purl.org/okn/frink/kg/spoke-genelab/node/OSD-613-6bc16dad3df8e92daec6c022196a9f49,Nlrc5,http://purl.obolibrary.org/obo/NCBITaxon_10090,http://www.ncbi.nlm.nih.gov/gene/434341,-1.17116,0.0492783,OSD-613
https://purl.org/okn/frink/kg/spoke-genelab/node/OSD-613-6bc16dad3df8e92daec6c022196a9f49,Ndufb4|Ndufb4c|Ndufb4b,http://purl.obolibrary.org/obo/NCBITaxon_10090,http://www.ncbi.nlm.nih.gov/gene/100042503,1.76321,0.015829,OSD-613
https://purl.org/okn/frink/kg/spoke-genelab/node/OSD-613-6bc16dad3df8e92daec6c022196a9f49,Slc1a5,http://purl.obolibrary.org/obo/NCBITaxon_10090,http://www.ncbi.nlm.nih.gov/gene/20514,-1.28749,0.0312996,OSD-613
https://purl.org/okn/frink/kg/spoke-genelab/node/OSD-613-6bc16dad3df8e92daec6c022196a9f49,Cdca7,http://purl.obolibrary.org/obo/NCBITaxon_10090,http://www.ncbi.nlm.nih.gov/gene/66953,-1.19257,0.00132393,OSD-613
https://purl.org/okn/frink/kg/spoke-genelab/node/OSD-613-6bc16dad3df8e92daec6c022196a9f49,Gm25099,http://purl.obolibrary.org/obo/NCBITaxon_10090,http://www.ncbi.nlm.nih.gov/gene/115490089,-2.99094,0.00143331,OSD-613
https://purl.org/okn/frink/kg/spoke-genelab/node/OSD-613-6bc16dad3df8e92daec6c022196a9f49,Scarna6,http://purl.obolibrary.org/obo/NCBITaxon_10090,http://www.ncbi.nlm.nih.gov/gene/100217415,-1.66114,0.00667742,OSD-613
https://purl.org/okn/frink/kg/spoke-genelab/node/OSD-613-6bc16dad3df8e92daec6c022196a9f49,Snhg8,http://purl.obolibrary.org/obo/NCBITaxon_10090,http://www.ncbi.nlm.nih.gov/gene/69895,-1.24069,0.00321094,OSD-613
https://purl.org/okn/frink/kg/spoke-genelab/node/OSD-613-6bc16dad3df8e92daec6c022196a9f49,Gm23639,http://purl.obolibrary.org/obo/NCBITaxon_10090,http://www.ncbi.nlm.nih.gov/gene/115489002,-2.61333,0.0229005,OSD-613
https://purl.org/okn/frink/kg/spoke-genelab/node/OSD-613-6bc16dad3df8e92daec6c022196a9f49,Gm25395,http://purl.obolibrary.org/obo/NCBITaxon_10090,http://www.ncbi.nlm.nih.gov/gene/115485773,-1.56338,0.0206167,OSD-613
https://purl.org/okn/frink/kg/spoke-genelab/node/OSD-613-6bc16dad3df8e92daec6c022196a9f49,H4f16,http://purl.obolibrary.org/obo/NCBITaxon_10090,http://www.ncbi.nlm.nih.gov/gene/320332,-1.47196,0.0132902,OSD-613
https://purl.org/okn/frink/kg/spoke-genelab/node/OSD-613-6bc16dad3df8e92daec6c022196a9f49,2900060B14Rik,http://purl.obolibrary.org/obo/NCBITaxon_10090,http://www.ncbi.nlm.nih.gov/gene/68204,-1.26453,0.00399419,OSD-613
https://purl.org/okn/frink/kg/spoke-genelab/node/OSD-613-6bc16dad3df8e92daec6c022196a9f49,Slc39a2,http://purl.obolibrary.org/obo/NCBITaxon_10090,http://www.ncbi.nlm.nih.gov/gene/214922,-1.32599,0.0132902,OSD-613
https://purl.org/okn/frink/kg/spoke-genelab/node/OSD-613-6bc16dad3df8e92daec6c022196a9f49,Gm25890,http://purl.obolibrary.org/obo/NCBITaxon_10090,http://www.ncbi.nlm.nih.gov/gene/115489767,-1.31056,0.010487,OSD-613
https://purl.org/okn/frink/kg/spoke-genelab/node/OSD-613-6bc16dad3df8e92daec6c022196a9f49,Gm25360,http://purl.obolibrary.org/obo/NCBITaxon_10090,http://www.ncbi.nlm.nih.gov/gene/115487690,-1.70949,0.0175972,OSD-613
https://purl.org/okn/frink/kg/spoke-genelab/node/OSD-613-6bc16dad3df8e92daec6c022196a9f49,Gm22614,http://purl.obolibrary.org/obo/NCBITaxon_10090,http://www.ncbi.nlm.nih.gov/gene/115489778,-1.31056,0.010487,OSD-613
https://purl.org/okn/frink/kg/spoke-genelab/node/OSD-613-6bc16dad3df8e92daec6c022196a9f49,Snord17,http://purl.obolibrary.org/obo/NCBITaxon_10090,http://www.ncbi.nlm.nih.gov/gene/100313519,-1.00644,0.0123965,OSD-613
https://purl.org/okn/frink/kg/spoke-genelab/node/OSD-613-6bc16dad3df8e92daec6c022196a9f49,Hypk,http://purl.obolibrary.org/obo/NCBITaxon_10090,http://www.ncbi.nlm.nih.gov/gene/67693,-1.38031,0.0147837,OSD-613
https://purl.org/okn/frink/kg/spoke-genelab/node/OSD-613-6bc16dad3df8e92daec6c022196a9f49,Gm24265,http://purl.obolibrary.org/obo/NCBITaxon_10090,http://www.ncbi.nlm.nih.gov/gene/115490317,-1.55377,0.0156327,OSD-613
https://purl.org/okn/frink/kg/spoke-genelab/node/OSD-613-6bc16dad3df8e92daec6c022196a9f49,Gm23472,http://purl.obolibrary.org/obo/NCBITaxon_10090,http://www.ncbi.nlm.nih.gov/gene/115487687,-2.05565,0.0256117,OSD-613
https://purl.org/okn/frink/kg/spoke-genelab/node/OSD-613-6bc16dad3df8e92daec6c022196a9f49,Gm7536,http://purl.obolibrary.org/obo/NCBITaxon_10090,http://www.ncbi.nlm.nih.gov/gene/665189,3.31243,0.00082108,OSD-613
https://purl.org/okn/frink/kg/spoke-genelab/node/OSD-613-6bc16dad3df8e92daec6c022196a9f49,Gm23444,http://purl.obolibrary.org/obo/NCBITaxon_10090,http://www.ncbi.nlm.nih.gov/gene/115487915,-2.05565,0.0256117,OSD-613
https://purl.org/okn/frink/kg/spoke-genelab/node/OSD-613-6bc16dad3df8e92daec6c022196a9f49,H4c8,http://purl.obolibrary.org/obo/NCBITaxon_10090,http://www.ncbi.nlm.nih.gov/gene/69386,-1.2437,0.0148228,OSD-613
https://purl.org/okn/frink/kg/spoke-genelab/node/OSD-613-6bc16dad3df8e92daec6c022196a9f49,Gm24233,http://purl.obolibrary.org/obo/NCBITaxon_10090,http://www.ncbi.nlm.nih.gov/gene/115485895,-4.33662,0.00826223,OSD-613
https://purl.org/okn/frink/kg/spoke-genelab/node/OSD-613-6bc16dad3df8e92daec6c022196a9f49,Fign,http://purl.obolibrary.org/obo/NCBITaxon_10090,http://www.ncbi.nlm.nih.gov/gene/60344,1.37781,0.013844,OSD-613
https://purl.org/okn/frink/kg/spoke-genelab/node/OSD-613-6bc16dad3df8e92daec6c022196a9f49,Gm22513,http://purl.obolibrary.org/obo/NCBITaxon_10090,http://www.ncbi.nlm.nih.gov/gene/115488051,-1.28605,0.020584,OSD-613
https://purl.org/okn/frink/kg/spoke-genelab/node/OSD-613-6bc16dad3df8e92daec6c022196a9f49,Gm26448,http://purl.obolibrary.org/obo/NCBITaxon_10090,http://www.ncbi.nlm.nih.gov/gene/115487256,-1.64252,0.00725628,OSD-613
https://purl.org/okn/frink/kg/spoke-genelab/node/OSD-613-6bc16dad3df8e92daec6c022196a9f49,Cachd1,http://purl.obolibrary.org/obo/NCBITaxon_10090,http://www.ncbi.nlm.nih.gov/gene/320508,1.14018,0.0481113,OSD-613
https://purl.org/okn/frink/kg/spoke-genelab/node/OSD-613-6bc16dad3df8e92daec6c022196a9f49,Doc2g,http://purl.obolibrary.org/obo/NCBITaxon_10090,http://www.ncbi.nlm.nih.gov/gene/60425,-4.27209,0.0218058,OSD-613
https://purl.org/okn/frink/kg/spoke-genelab/node/OSD-613-6bc16dad3df8e92daec6c022196a9f49,Snora21,http://purl.obolibrary.org/obo/NCBITaxon_10090,http://www.ncbi.nlm.nih.gov/gene/100302498,-2.08641,0.0145833,OSD-613
https://purl.org/okn/frink/kg/spoke-genelab/node/OSD-613-6bc16dad3df8e92daec6c022196a9f49,Snora74a,http://purl.obolibrary.org/obo/NCBITaxon_10090,http://www.ncbi.nlm.nih.gov/gene/436583,-1.62916,0.00235071,OSD-613
https://purl.org/okn/frink/kg/spoke-genelab/node/OSD-613-6bc16dad3df8e92daec6c022196a9f49,Snord22,http://purl.obolibrary.org/obo/NCBITaxon_10090,http://www.ncbi.nlm.nih.gov/gene/100127111,-2.71872,0.00577806,OSD-613
https://purl.org/okn/frink/kg/spoke-genelab/node/OSD-613-6bc16dad3df8e92daec6c022196a9f49,Rpl36,http://purl.obolibrary.org/obo/NCBITaxon_10090,http://www.ncbi.nlm.nih.gov/gene/54217,-1.249,0.00257228,OSD-613
https://purl.org/okn/frink/kg/spoke-genelab/node/OSD-613-6bc16dad3df8e92daec6c022196a9f49,Snora30,http://purl.obolibrary.org/obo/NCBITaxon_10090,http://www.ncbi.nlm.nih.gov/gene/100217442,-2.58017,0.0304963,OSD-613
https://purl.org/okn/frink/kg/spoke-genelab/node/OSD-613-6bc16dad3df8e92daec6c022196a9f49,Gm15500,http://purl.obolibrary.org/obo/NCBITaxon_10090,http://www.ncbi.nlm.nih.gov/gene/100043295,25.9399,2.40925e-06,OSD-613
https://purl.org/okn/frink/kg/spoke-genelab/node/OSD-613-6bc16dad3df8e92daec6c022196a9f49,Gm22973,http://purl.obolibrary.org/obo/NCBITaxon_10090,http://www.ncbi.nlm.nih.gov/gene/115488085,-2.53724,0.0150665,OSD-613
https://purl.org/okn/frink/kg/spoke-genelab/node/OSD-613-6bc16dad3df8e92daec6c022196a9f49,Rnu12,http://purl.obolibrary.org/obo/NCBITaxon_10090,http://www.ncbi.nlm.nih.gov/gene/104307,-2.4046,0.000235433,OSD-613
https://purl.org/okn/frink/kg/spoke-genelab/node/OSD-613-6bc16dad3df8e92daec6c022196a9f49,Gm23297,http://purl.obolibrary.org/obo/NCBITaxon_10090,http://www.ncbi.nlm.nih.gov/gene/115486827,-3.77203,0.0109867,OSD-613
https://purl.org/okn/frink/kg/spoke-genelab/node/OSD-613-6bc16dad3df8e92daec6c022196a9f49,Rbm3|Rbm3-ps,http://purl.obolibrary.org/obo/NCBITaxon_10090,http://www.ncbi.nlm.nih.gov/gene/19652,-1.25498,1.90613e-05,OSD-613
https://purl.org/okn/frink/kg/spoke-genelab/node/OSD-613-6bc16dad3df8e92daec6c022196a9f49,Gm26130,http://purl.obolibrary.org/obo/NCBITaxon_10090,http://www.ncbi.nlm.nih.gov/gene/115488839,-2.72672,0.025683,OSD-613
https://purl.org/okn/frink/kg/spoke-genelab/node/OSD-613-6bc16dad3df8e92daec6c022196a9f49,Gm22422,http://purl.obolibrary.org/obo/NCBITaxon_10090,http://www.ncbi.nlm.nih.gov/gene/115486004,-1.84223,0.0341826,OSD-613
https://purl.org/okn/frink/kg/spoke-genelab/node/OSD-613-6bc16dad3df8e92daec6c022196a9f49,Snord15b,http://purl.obolibrary.org/obo/NCBITaxon_10090,http://www.ncbi.nlm.nih.gov/gene/449631,-1.31812,0.0393523,OSD-613
https://purl.org/okn/frink/kg/spoke-genelab/node/OSD-613-6bc16dad3df8e92daec6c022196a9f49,Snora73b,http://purl.obolibrary.org/obo/NCBITaxon_10090,http://www.ncbi.nlm.nih.gov/gene/100306945,-2.08512,0.000814433,OSD-613
https://purl.org/okn/frink/kg/spoke-genelab/node/OSD-613-6bc16dad3df8e92daec6c022196a9f49,Atp5e,http://purl.obolibrary.org/obo/NCBITaxon_10090,http://www.ncbi.nlm.nih.gov/gene/67126,-1.23253,0.0397684,OSD-613
https://purl.org/okn/frink/kg/spoke-genelab/node/OSD-613-6bc16dad3df8e92daec6c022196a9f49,H2ac8,http://purl.obolibrary.org/obo/NCBITaxon_10090,http://www.ncbi.nlm.nih.gov/gene/319166,-1.36098,0.0304963,OSD-613
https://purl.org/okn/frink/kg/spoke-genelab/node/OSD-613-6bc16dad3df8e92daec6c022196a9f49,Gm23442,http://purl.obolibrary.org/obo/NCBITaxon_10090,http://www.ncbi.nlm.nih.gov/gene/115488838,-1.95547,0.0195136,OSD-613
https://purl.org/okn/frink/kg/spoke-genelab/node/OSD-613-6bc16dad3df8e92daec6c022196a9f49,Gm25788,http://purl.obolibrary.org/obo/NCBITaxon_10090,http://www.ncbi.nlm.nih.gov/gene/115490049,-1.44914,0.00812848,OSD-613
https://purl.org/okn/frink/kg/spoke-genelab/node/OSD-613-6bc16dad3df8e92daec6c022196a9f49,Snora44,http://purl.obolibrary.org/obo/NCBITaxon_10090,http://www.ncbi.nlm.nih.gov/gene/100217418,-1.1801,0.0250269,OSD-613
https://purl.org/okn/frink/kg/spoke-genelab/node/OSD-613-6bc16dad3df8e92daec6c022196a9f49,Hpcal1,http://purl.obolibrary.org/obo/NCBITaxon_10090,http://www.ncbi.nlm.nih.gov/gene/53602,1.22981,0.000814433,OSD-613
https://purl.org/okn/frink/kg/spoke-genelab/node/OSD-613-6bc16dad3df8e92daec6c022196a9f49,Snora7a,http://purl.obolibrary.org/obo/NCBITaxon_10090,http://www.ncbi.nlm.nih.gov/gene/100217451,-1.95593,0.0049719,OSD-613
https://purl.org/okn/frink/kg/spoke-genelab/node/OSD-613-6bc16dad3df8e92daec6c022196a9f49,Snora9,http://purl.obolibrary.org/obo/NCBITaxon_10090,http://www.ncbi.nlm.nih.gov/gene/115487884,-2.6649,0.00152079,OSD-613
https://purl.org/okn/frink/kg/spoke-genelab/node/OSD-613-6bc16dad3df8e92daec6c022196a9f49,Ap1s3,http://purl.obolibrary.org/obo/NCBITaxon_10090,http://www.ncbi.nlm.nih.gov/gene/252903,1.42358,0.0130871,OSD-613
https://purl.org/okn/frink/kg/spoke-genelab/node/OSD-613-6bc16dad3df8e92daec6c022196a9f49,Cdc37,http://purl.obolibrary.org/obo/NCBITaxon_10090,http://www.ncbi.nlm.nih.gov/gene/12539,1.07153,0.0299307,OSD-613
https://purl.org/okn/frink/kg/spoke-genelab/node/OSD-613-6bc16dad3df8e92daec6c022196a9f49,Lgals4,http://purl.obolibrary.org/obo/NCBITaxon_10090,http://www.ncbi.nlm.nih.gov/gene/16855,-1.96427,0.021435,OSD-613
https://purl.org/okn/frink/kg/spoke-genelab/node/OSD-613-6bc16dad3df8e92daec6c022196a9f49,Cyp26b1,http://purl.obolibrary.org/obo/NCBITaxon_10090,http://www.ncbi.nlm.nih.gov/gene/232174,1.83319,0.0148318,OSD-613
https://purl.org/okn/frink/kg/spoke-genelab/node/OSD-613-6bc16dad3df8e92daec6c022196a9f49,Rbm3|Rbm3-ps,http://purl.obolibrary.org/obo/NCBITaxon_10090,http://www.ncbi.nlm.nih.gov/gene/100043257,-1.25498,1.90613e-05,OSD-613
https://purl.org/okn/frink/kg/spoke-genelab/node/OSD-613-6bc16dad3df8e92daec6c022196a9f49,Dbp,http://purl.obolibrary.org/obo/NCBITaxon_10090,http://www.ncbi.nlm.nih.gov/gene/13170,-1.20197,1.63119e-06,OSD-613
https://purl.org/okn/frink/kg/spoke-genelab/node/OSD-613-6bc16dad3df8e92daec6c022196a9f49,Inmt,http://purl.obolibrary.org/obo/NCBITaxon_10090,http://www.ncbi.nlm.nih.gov/gene/21743,-2.00091,5.64488e-05,OSD-613
https://purl.org/okn/frink/kg/spoke-genelab/node/OSD-613-6bc16dad3df8e92daec6c022196a9f49,Arntl,http://purl.obolibrary.org/obo/NCBITaxon_10090,http://www.ncbi.nlm.nih.gov/gene/11865,1.04614,8.37025e-10,OSD-613
https://purl.org/okn/frink/kg/spoke-genelab/node/OSD-613-6bc16dad3df8e92daec6c022196a9f49,Samsn1,http://purl.obolibrary.org/obo/NCBITaxon_10090,http://www.ncbi.nlm.nih.gov/gene/67742,-1.04092,0.0495996,OSD-613
https://purl.org/okn/frink/kg/spoke-genelab/node/OSD-613-6bc16dad3df8e92daec6c022196a9f49,Duox2,http://purl.obolibrary.org/obo/NCBITaxon_10090,http://www.ncbi.nlm.nih.gov/gene/214593,-4.38108,0.0304963,OSD-613
https://purl.org/okn/frink/kg/spoke-genelab/node/OSD-613-6bc16dad3df8e92daec6c022196a9f49,Snord15a,http://purl.obolibrary.org/obo/NCBITaxon_10090,http://www.ncbi.nlm.nih.gov/gene/449630,-1.71904,0.0267727,OSD-613
https://purl.org/okn/frink/kg/spoke-genelab/node/OSD-613-6bc16dad3df8e92daec6c022196a9f49,Cenpp,http://purl.obolibrary.org/obo/NCBITaxon_10090,http://www.ncbi.nlm.nih.gov/gene/66336,-1.0525,0.0330696,OSD-613
https://purl.org/okn/frink/kg/spoke-genelab/node/OSD-613-6bc16dad3df8e92daec6c022196a9f49,Fmc1,http://purl.obolibrary.org/obo/NCBITaxon_10090,http://www.ncbi.nlm.nih.gov/gene/66117,-1.05311,0.0102946,OSD-613
https://purl.org/okn/frink/kg/spoke-genelab/node/OSD-613-6bc16dad3df8e92daec6c022196a9f49,Crybg2,http://purl.obolibrary.org/obo/NCBITaxon_10090,http://www.ncbi.nlm.nih.gov/gene/230806,-1.84101,0.025683,OSD-613
https://purl.org/okn/frink/kg/spoke-genelab/node/OSD-613-6bc16dad3df8e92daec6c022196a9f49,Mgam,http://purl.obolibrary.org/obo/NCBITaxon_10090,http://www.ncbi.nlm.nih.gov/gene/232714,-4.82834,0.0087246,OSD-613
https://purl.org/okn/frink/kg/spoke-genelab/node/OSD-613-6bc16dad3df8e92daec6c022196a9f49,Gm22154,http://purl.obolibrary.org/obo/NCBITaxon_10090,http://www.ncbi.nlm.nih.gov/gene/115490050,-2.52039,0.0170991,OSD-613
https://purl.org/okn/frink/kg/spoke-genelab/node/OSD-613-6bc16dad3df8e92daec6c022196a9f49,Tbc1d2,http://purl.obolibrary.org/obo/NCBITaxon_10090,http://www.ncbi.nlm.nih.gov/gene/381605,-1.01512,0.0408397,OSD-613
https://purl.org/okn/frink/kg/spoke-genelab/node/OSD-613-6bc16dad3df8e92daec6c022196a9f49,Ier2,http://purl.obolibrary.org/obo/NCBITaxon_10090,http://www.ncbi.nlm.nih.gov/gene/15936,-1.1593,0.00433653,OSD-613
https://purl.org/okn/frink/kg/spoke-genelab/node/OSD-613-6bc16dad3df8e92daec6c022196a9f49,Cysltr2,http://purl.obolibrary.org/obo/NCBITaxon_10090,http://www.ncbi.nlm.nih.gov/gene/70086,1.25942,0.0494757,OSD-613
https://purl.org/okn/frink/kg/spoke-genelab/node/OSD-613-6bc16dad3df8e92daec6c022196a9f49,Gm5620,http://purl.obolibrary.org/obo/NCBITaxon_10090,http://www.ncbi.nlm.nih.gov/gene/434428,1.74731,0.0140636,OSD-613
https://purl.org/okn/frink/kg/spoke-genelab/node/OSD-613-6bc16dad3df8e92daec6c022196a9f49,Rbm38,http://purl.obolibrary.org/obo/NCBITaxon_10090,http://www.ncbi.nlm.nih.gov/gene/56190,1.55079,0.0245768,OSD-613
https://purl.org/okn/frink/kg/spoke-genelab/node/OSD-613-6bc16dad3df8e92daec6c022196a9f49,Snora73a,http://purl.obolibrary.org/obo/NCBITaxon_10090,http://www.ncbi.nlm.nih.gov/gene/100306944,-1.99016,0.000235433,OSD-613
https://purl.org/okn/frink/kg/spoke-genelab/node/OSD-613-6bc16dad3df8e92daec6c022196a9f49,Pmch,http://purl.obolibrary.org/obo/NCBITaxon_10090,http://www.ncbi.nlm.nih.gov/gene/110312,3.61108,0.0441674,OSD-613
https://purl.org/okn/frink/kg/spoke-genelab/node/OSD-613-6bc16dad3df8e92daec6c022196a9f49,Gm14113,http://purl.obolibrary.org/obo/NCBITaxon_10090,http://www.ncbi.nlm.nih.gov/gene/668920,-1.08913,0.0212388,OSD-613
https://purl.org/okn/frink/kg/spoke-genelab/node/OSD-613-6bc16dad3df8e92daec6c022196a9f49,Pin4-ps,http://purl.obolibrary.org/obo/NCBITaxon_10090,http://www.ncbi.nlm.nih.gov/gene/105247253,1.96822,0.0405629,OSD-613
https://purl.org/okn/frink/kg/spoke-genelab/node/OSD-613-6bc16dad3df8e92daec6c022196a9f49,Ccdc110,http://purl.obolibrary.org/obo/NCBITaxon_10090,http://www.ncbi.nlm.nih.gov/gene/212392,1.30188,0.004917,OSD-613
https://purl.org/okn/frink/kg/spoke-genelab/node/OSD-613-6bc16dad3df8e92daec6c022196a9f49,Pde4c,http://purl.obolibrary.org/obo/NCBITaxon_10090,http://www.ncbi.nlm.nih.gov/gene/110385,-1.23869,0.0368117,OSD-613
https://purl.org/okn/frink/kg/spoke-genelab/node/OSD-613-6bc16dad3df8e92daec6c022196a9f49,Chrm5,http://purl.obolibrary.org/obo/NCBITaxon_10090,http://www.ncbi.nlm.nih.gov/gene/213788,2.51752,0.0315875,OSD-613
https://purl.org/okn/frink/kg/spoke-genelab/node/OSD-613-6bc16dad3df8e92daec6c022196a9f49,9530057J20Rik,http://purl.obolibrary.org/obo/NCBITaxon_10090,http://www.ncbi.nlm.nih.gov/gene/78672,-3.22405,0.0130007,OSD-613
https://purl.org/okn/frink/kg/spoke-genelab/node/OSD-613-6bc16dad3df8e92daec6c022196a9f49,Gm53058,http://purl.obolibrary.org/obo/NCBITaxon_10090,http://www.ncbi.nlm.nih.gov/gene/118027462,-1.14321,0.0311734,OSD-613
https://purl.org/okn/frink/kg/spoke-genelab/node/OSD-613-6bc16dad3df8e92daec6c022196a9f49,Garin5a,http://purl.obolibrary.org/obo/NCBITaxon_10090,http://www.ncbi.nlm.nih.gov/gene/75538,-1.33668,0.00226574,OSD-613
https://purl.org/okn/frink/kg/spoke-genelab/node/OSD-613-6bc16dad3df8e92daec6c022196a9f49,Ccdc88b,http://purl.obolibrary.org/obo/NCBITaxon_10090,http://www.ncbi.nlm.nih.gov/gene/78317,-1.16085,0.00834511,OSD-613
https://purl.org/okn/frink/kg/spoke-genelab/node/OSD-613-6bc16dad3df8e92daec6c022196a9f49,Stt3a,http://purl.obolibrary.org/obo/NCBITaxon_10090,http://www.ncbi.nlm.nih.gov/gene/16430,1.00908,0.0134277,OSD-613
https://purl.org/okn/frink/kg/spoke-genelab/node/OSD-613-6bc16dad3df8e92daec6c022196a9f49,Scml4,http://purl.obolibrary.org/obo/NCBITaxon_10090,http://www.ncbi.nlm.nih.gov/gene/268297,1.49449,0.00201229,OSD-613
https://purl.org/okn/frink/kg/spoke-genelab/node/OSD-613-6bc16dad3df8e92daec6c022196a9f49,Stab1,http://purl.obolibrary.org/obo/NCBITaxon_10090,http://www.ncbi.nlm.nih.gov/gene/192187,-1.00071,0.0234067,OSD-613
https://purl.org/okn/frink/kg/spoke-genelab/node/OSD-613-6bc16dad3df8e92daec6c022196a9f49,Slc16a11,http://purl.obolibrary.org/obo/NCBITaxon_10090,http://www.ncbi.nlm.nih.gov/gene/216867,-1.00353,0.0343653,OSD-613
https://purl.org/okn/frink/kg/spoke-genelab/node/OSD-613-6bc16dad3df8e92daec6c022196a9f49,Gm35853,http://purl.obolibrary.org/obo/NCBITaxon_10090,http://www.ncbi.nlm.nih.gov/gene/102639573,-1.68113,0.0301668,OSD-613
https://purl.org/okn/frink/kg/spoke-genelab/node/OSD-613-6bc16dad3df8e92daec6c022196a9f49,Wbp11,http://purl.obolibrary.org/obo/NCBITaxon_10090,http://www.ncbi.nlm.nih.gov/gene/60321,1.04019,0.00828292,OSD-613
https://purl.org/okn/frink/kg/spoke-genelab/node/OSD-613-6bc16dad3df8e92daec6c022196a9f49,Kiss1,http://purl.obolibrary.org/obo/NCBITaxon_10090,http://www.ncbi.nlm.nih.gov/gene/280287,3.07886,0.0419149,OSD-613
https://purl.org/okn/frink/kg/spoke-genelab/node/OSD-613-6bc16dad3df8e92daec6c022196a9f49,Gm25129,http://purl.obolibrary.org/obo/NCBITaxon_10090,http://www.ncbi.nlm.nih.gov/gene/115489591,-1.11952,0.0382821,OSD-613
https://purl.org/okn/frink/kg/spoke-genelab/node/OSD-613-6bc16dad3df8e92daec6c022196a9f49,Rn7s1,http://purl.obolibrary.org/obo/NCBITaxon_10090,http://www.ncbi.nlm.nih.gov/gene/103948,-1.02378,0.0146903,OSD-613
https://purl.org/okn/frink/kg/spoke-genelab/node/OSD-613-6bc16dad3df8e92daec6c022196a9f49,Snora26,http://purl.obolibrary.org/obo/NCBITaxon_10090,http://www.ncbi.nlm.nih.gov/gene/100313943,-2.56846,0.0167338,OSD-613
https://purl.org/okn/frink/kg/spoke-genelab/node/OSD-613-6bc16dad3df8e92daec6c022196a9f49,Rpph1,http://purl.obolibrary.org/obo/NCBITaxon_10090,http://www.ncbi.nlm.nih.gov/gene/85029,-1.15427,0.0267727,OSD-613
https://purl.org/okn/frink/kg/spoke-genelab/node/OSD-613-6bc16dad3df8e92daec6c022196a9f49,Lime1,http://purl.obolibrary.org/obo/NCBITaxon_10090,http://www.ncbi.nlm.nih.gov/gene/72699,-1.40282,0.000373227,OSD-613
https://purl.org/okn/frink/kg/spoke-genelab/node/OSD-613-6bc16dad3df8e92daec6c022196a9f49,Gm23262,http://purl.obolibrary.org/obo/NCBITaxon_10090,http://www.ncbi.nlm.nih.gov/gene/115486847,-1.64194,0.00456575,OSD-613
https://purl.org/okn/frink/kg/spoke-genelab/node/OSD-613-6bc16dad3df8e92daec6c022196a9f49,Rmrp,http://purl.obolibrary.org/obo/NCBITaxon_10090,http://www.ncbi.nlm.nih.gov/gene/19782,-1.6017,0.000814433,OSD-613
https://purl.org/okn/frink/kg/spoke-genelab/node/OSD-613-6bc16dad3df8e92daec6c022196a9f49,Snhg20,http://purl.obolibrary.org/obo/NCBITaxon_10090,http://www.ncbi.nlm.nih.gov/gene/76972,-2.47882,8.69012e-05,OSD-613
https://purl.org/okn/frink/kg/spoke-genelab/node/OSD-613-6bc16dad3df8e92daec6c022196a9f49,Plcz1,http://purl.obolibrary.org/obo/NCBITaxon_10090,http://www.ncbi.nlm.nih.gov/gene/114875,1.69262,0.0168631,OSD-613
https://purl.org/okn/frink/kg/spoke-genelab/node/OSD-613-6bc16dad3df8e92daec6c022196a9f49,Alx4,http://purl.obolibrary.org/obo/NCBITaxon_10090,http://www.ncbi.nlm.nih.gov/gene/11695,-1.96214,0.0178531,OSD-613
https://purl.org/okn/frink/kg/spoke-genelab/node/OSD-613-6bc16dad3df8e92daec6c022196a9f49,Ccl3,http://purl.obolibrary.org/obo/NCBITaxon_10090,http://www.ncbi.nlm.nih.gov/gene/20302,-1.68414,0.0301841,OSD-613
https://purl.org/okn/frink/kg/spoke-genelab/node/OSD-613-6bc16dad3df8e92daec6c022196a9f49,Rnu1a1|Gm22634|Gm23804,http://purl.obolibrary.org/obo/NCBITaxon_10090,http://www.ncbi.nlm.nih.gov/gene/19842,-1.3236,0.0405167,OSD-613
https://purl.org/okn/frink/kg/spoke-genelab/node/OSD-613-6bc16dad3df8e92daec6c022196a9f49,Gm22068|Gm22634|Gm23804,http://purl.obolibrary.org/obo/NCBITaxon_10090,http://www.ncbi.nlm.nih.gov/gene/115487842,-1.3236,0.0405167,OSD-613
https://purl.org/okn/frink/kg/spoke-genelab/node/OSD-613-6bc16dad3df8e92daec6c022196a9f49,Gm22634|Gm23804|Gm26444,http://purl.obolibrary.org/obo/NCBITaxon_10090,http://www.ncbi.nlm.nih.gov/gene/115488074,-1.3236,0.0405167,OSD-613
https://purl.org/okn/frink/kg/spoke-genelab/node/OSD-613-6bc16dad3df8e92daec6c022196a9f49,Glra3,http://purl.obolibrary.org/obo/NCBITaxon_10090,http://www.ncbi.nlm.nih.gov/gene/110304,1.32354,0.00908903,OSD-613
https://purl.org/okn/frink/kg/spoke-genelab/node/OSD-613-6bc16dad3df8e92daec6c022196a9f49,Ghsr,http://purl.obolibrary.org/obo/NCBITaxon_10090,http://www.ncbi.nlm.nih.gov/gene/208188,3.62095,0.0267727,OSD-613
https://purl.org/okn/frink/kg/spoke-genelab/node/OSD-613-6bc16dad3df8e92daec6c022196a9f49,Gm17750,http://purl.obolibrary.org/obo/NCBITaxon_10090,http://www.ncbi.nlm.nih.gov/gene/553095,-1.56226,0.012497,OSD-613
https://purl.org/okn/frink/kg/spoke-genelab/node/OSD-613-6bc16dad3df8e92daec6c022196a9f49,H2bc14,http://purl.obolibrary.org/obo/NCBITaxon_10090,http://www.ncbi.nlm.nih.gov/gene/319186,-1.2459,0.00752075,OSD-613
https://purl.org/okn/frink/kg/spoke-genelab/node/OSD-613-6bc16dad3df8e92daec6c022196a9f49,Rpl7a-ps11,http://purl.obolibrary.org/obo/NCBITaxon_10090,http://www.ncbi.nlm.nih.gov/gene/641660,-23.0585,5.64488e-05,OSD-613
https://purl.org/okn/frink/kg/spoke-genelab/node/OSD-613-6bc16dad3df8e92daec6c022196a9f49,Npy2r,http://purl.obolibrary.org/obo/NCBITaxon_10090,http://www.ncbi.nlm.nih.gov/gene/18167,1.35558,0.0436763,OSD-613
https://purl.org/okn/frink/kg/spoke-genelab/node/OSD-613-6bc16dad3df8e92daec6c022196a9f49,Nppa,http://purl.obolibrary.org/obo/NCBITaxon_10090,http://www.ncbi.nlm.nih.gov/gene/230899,-3.30642,0.0275427,OSD-613
https://purl.org/okn/frink/kg/spoke-genelab/node/OSD-613-6bc16dad3df8e92daec6c022196a9f49,Acbd7,http://purl.obolibrary.org/obo/NCBITaxon_10090,http://www.ncbi.nlm.nih.gov/gene/78245,-2.42087,0.0450354,OSD-613
https://purl.org/okn/frink/kg/spoke-genelab/node/OSD-613-6bc16dad3df8e92daec6c022196a9f49,Prss56,http://purl.obolibrary.org/obo/NCBITaxon_10090,http://www.ncbi.nlm.nih.gov/gene/69453,-2.77307,0.00670052,OSD-613
https://purl.org/okn/frink/kg/spoke-genelab/node/OSD-613-6bc16dad3df8e92daec6c022196a9f49,Gm54112,http://purl.obolibrary.org/obo/NCBITaxon_10090,http://www.ncbi.nlm.nih.gov/gene/118568512,-1.53228,0.00826223,OSD-613
https://purl.org/okn/frink/kg/spoke-genelab/node/OSD-613-6bc16dad3df8e92daec6c022196a9f49,Casr,http://purl.obolibrary.org/obo/NCBITaxon_10090,http://www.ncbi.nlm.nih.gov/gene/12374,3.16702,0.0433692,OSD-613
https://purl.org/okn/frink/kg/spoke-genelab/node/OSD-613-6bc16dad3df8e92daec6c022196a9f49,Gm25989,http://purl.obolibrary.org/obo/NCBITaxon_10090,http://www.ncbi.nlm.nih.gov/gene/115488715,-2.848,0.000814433,OSD-613
https://purl.org/okn/frink/kg/spoke-genelab/node/OSD-613-6bc16dad3df8e92daec6c022196a9f49,Gm22634|Gm23804|Gm26444,http://purl.obolibrary.org/obo/NCBITaxon_10090,http://www.ncbi.nlm.nih.gov/gene/115488060,-1.3236,0.0405167,OSD-613
https://purl.org/okn/frink/kg/spoke-genelab/node/OSD-613-6bc16dad3df8e92daec6c022196a9f49,Gm26079,http://purl.obolibrary.org/obo/NCBITaxon_10090,http://www.ncbi.nlm.nih.gov/gene/115490290,-2.02053,0.000909107,OSD-613
https://purl.org/okn/frink/kg/spoke-genelab/node/OSD-613-6bc16dad3df8e92daec6c022196a9f49,Gdf1|Cers1,http://purl.obolibrary.org/obo/NCBITaxon_10090,http://www.ncbi.nlm.nih.gov/gene/14559,-9.11386,0.000814433,OSD-613
https://purl.org/okn/frink/kg/spoke-genelab/node/OSD-613-6bc16dad3df8e92daec6c022196a9f49,Ftl1-ps2,http://purl.obolibrary.org/obo/NCBITaxon_10090,http://www.ncbi.nlm.nih.gov/gene/434624,-1.00462,0.0373838,OSD-613
https://purl.org/okn/frink/kg/spoke-genelab/node/OSD-613-6bc16dad3df8e92daec6c022196a9f49,H2bc12,http://purl.obolibrary.org/obo/NCBITaxon_10090,http://www.ncbi.nlm.nih.gov/gene/319184,-1.48859,0.0102946,OSD-613
https://purl.org/okn/frink/kg/spoke-genelab/node/OSD-613-6bc16dad3df8e92daec6c022196a9f49,Snhg9,http://purl.obolibrary.org/obo/NCBITaxon_10090,http://www.ncbi.nlm.nih.gov/gene/73474,-2.14189,0.00129806,OSD-613
https://purl.org/okn/frink/kg/spoke-genelab/node/OSD-613-6bc16dad3df8e92daec6c022196a9f49,H4c2,http://purl.obolibrary.org/obo/NCBITaxon_10090,http://www.ncbi.nlm.nih.gov/gene/326620,-1.17497,0.0346823,OSD-613
https://purl.org/okn/frink/kg/spoke-genelab/node/OSD-613-6bc16dad3df8e92daec6c022196a9f49,Gm23946,http://purl.obolibrary.org/obo/NCBITaxon_10090,http://www.ncbi.nlm.nih.gov/gene/115488402,-1.61274,0.0130194,OSD-613
https://purl.org/okn/frink/kg/spoke-genelab/node/OSD-613-6bc16dad3df8e92daec6c022196a9f49,Hcst,http://purl.obolibrary.org/obo/NCBITaxon_10090,http://www.ncbi.nlm.nih.gov/gene/23900,-1.53526,0.0343808,OSD-613
https://purl.org/okn/frink/kg/spoke-genelab/node/OSD-613-6bc16dad3df8e92daec6c022196a9f49,Cdc6,http://purl.obolibrary.org/obo/NCBITaxon_10090,http://www.ncbi.nlm.nih.gov/gene/23834,-1.4616,0.0152756,OSD-613
https://purl.org/okn/frink/kg/spoke-genelab/node/OSD-613-6bc16dad3df8e92daec6c022196a9f49,S100a5,http://purl.obolibrary.org/obo/NCBITaxon_10090,http://www.ncbi.nlm.nih.gov/gene/20199,-6.84519,0.00752312,OSD-613
https://purl.org/okn/frink/kg/spoke-genelab/node/OSD-613-6bc16dad3df8e92daec6c022196a9f49,Iyd,http://purl.obolibrary.org/obo/NCBITaxon_10090,http://www.ncbi.nlm.nih.gov/gene/70337,1.97148,0.0405469,OSD-613
https://purl.org/okn/frink/kg/spoke-genelab/node/OSD-613-6bc16dad3df8e92daec6c022196a9f49,B3gnt2,http://purl.obolibrary.org/obo/NCBITaxon_10090,http://www.ncbi.nlm.nih.gov/gene/53625,1.91058,0.00177839,OSD-613
https://purl.org/okn/frink/kg/spoke-genelab/node/OSD-613-6bc16dad3df8e92daec6c022196a9f49,AU023762,http://purl.obolibrary.org/obo/NCBITaxon_10090,http://www.ncbi.nlm.nih.gov/gene/102688,1.23167,0.00422279,OSD-613
https://purl.org/okn/frink/kg/spoke-genelab/node/OSD-613-6bc16dad3df8e92daec6c022196a9f49,H4c11,http://purl.obolibrary.org/obo/NCBITaxon_10090,http://www.ncbi.nlm.nih.gov/gene/319159,-1.61096,0.00230715,OSD-613
https://purl.org/okn/frink/kg/spoke-genelab/node/OSD-613-6bc16dad3df8e92daec6c022196a9f49,Eomes,http://purl.obolibrary.org/obo/NCBITaxon_10090,http://www.ncbi.nlm.nih.gov/gene/13813,-4.42541,0.0168314,OSD-613
https://purl.org/okn/frink/kg/spoke-genelab/node/OSD-613-6bc16dad3df8e92daec6c022196a9f49,Gm26447,http://purl.obolibrary.org/obo/NCBITaxon_10090,http://www.ncbi.nlm.nih.gov/gene/115488689,-2.46472,0.000275333,OSD-613
https://purl.org/okn/frink/kg/spoke-genelab/node/OSD-613-6bc16dad3df8e92daec6c022196a9f49,Gm22634|Gm23804|Gm22317,http://purl.obolibrary.org/obo/NCBITaxon_10090,http://www.ncbi.nlm.nih.gov/gene/115488075,-1.32361,0.0382821,OSD-613
https://purl.org/okn/frink/kg/spoke-genelab/node/OSD-613-6bc16dad3df8e92daec6c022196a9f49,Ghrh,http://purl.obolibrary.org/obo/NCBITaxon_10090,http://www.ncbi.nlm.nih.gov/gene/14601,4.59324,0.0267727,OSD-613
https://purl.org/okn/frink/kg/spoke-genelab/node/OSD-613-6bc16dad3df8e92daec6c022196a9f49,Gm22634|Gm23804|Gm26444,http://purl.obolibrary.org/obo/NCBITaxon_10090,http://www.ncbi.nlm.nih.gov/gene/115488065,-1.3236,0.0405167,OSD-613
https://purl.org/okn/frink/kg/spoke-genelab/node/OSD-613-6bc16dad3df8e92daec6c022196a9f49,Snora15,http://purl.obolibrary.org/obo/NCBITaxon_10090,http://www.ncbi.nlm.nih.gov/gene/100113364,-2.77542,0.0267727,OSD-613
https://purl.org/okn/frink/kg/spoke-genelab/node/OSD-613-6bc16dad3df8e92daec6c022196a9f49,Id3,http://purl.obolibrary.org/obo/NCBITaxon_10090,http://www.ncbi.nlm.nih.gov/gene/15903,-1.44183,3.06448e-05,OSD-613
https://purl.org/okn/frink/kg/spoke-genelab/node/OSD-613-6bc16dad3df8e92daec6c022196a9f49,Kntc1,http://purl.obolibrary.org/obo/NCBITaxon_10090,http://www.ncbi.nlm.nih.gov/gene/208628,-1.66242,0.0168631,OSD-613
https://purl.org/okn/frink/kg/spoke-genelab/node/OSD-613-6bc16dad3df8e92daec6c022196a9f49,Gm25492,http://purl.obolibrary.org/obo/NCBITaxon_10090,http://www.ncbi.nlm.nih.gov/gene/115490291,-2.17119,0.00168558,OSD-613
https://purl.org/okn/frink/kg/spoke-genelab/node/OSD-613-6bc16dad3df8e92daec6c022196a9f49,Gm22634|Gm23804|Gm24305,http://purl.obolibrary.org/obo/NCBITaxon_10090,http://www.ncbi.nlm.nih.gov/gene/115488077,-1.32361,0.0382821,OSD-613
https://purl.org/okn/frink/kg/spoke-genelab/node/OSD-613-6bc16dad3df8e92daec6c022196a9f49,Cpa6,http://purl.obolibrary.org/obo/NCBITaxon_10090,http://www.ncbi.nlm.nih.gov/gene/329093,-2.87075,0.0315875,OSD-613
https://purl.org/okn/frink/kg/spoke-genelab/node/OSD-613-6bc16dad3df8e92daec6c022196a9f49,Chn1os3,http://purl.obolibrary.org/obo/NCBITaxon_10090,http://www.ncbi.nlm.nih.gov/gene/329427,-4.75635,0.0348823,OSD-613
https://purl.org/okn/frink/kg/spoke-genelab/node/OSD-613-6bc16dad3df8e92daec6c022196a9f49,C4a,http://purl.obolibrary.org/obo/NCBITaxon_10090,http://www.ncbi.nlm.nih.gov/gene/625018,-1.94722,0.0153161,OSD-613
https://purl.org/okn/frink/kg/spoke-genelab/node/OSD-613-6bc16dad3df8e92daec6c022196a9f49,Snora78,http://purl.obolibrary.org/obo/NCBITaxon_10090,http://www.ncbi.nlm.nih.gov/gene/100306952,-3.32451,2.97311e-05,OSD-613
https://purl.org/okn/frink/kg/spoke-genelab/node/OSD-613-6bc16dad3df8e92daec6c022196a9f49,Gm25541,http://purl.obolibrary.org/obo/NCBITaxon_10090,http://www.ncbi.nlm.nih.gov/gene/115489638,-3.37428,0.00124983,OSD-613
https://purl.org/okn/frink/kg/spoke-genelab/node/OSD-613-6bc16dad3df8e92daec6c022196a9f49,Gm25848,http://purl.obolibrary.org/obo/NCBITaxon_10090,http://www.ncbi.nlm.nih.gov/gene/115488713,-1.72216,0.015503,OSD-613
https://purl.org/okn/frink/kg/spoke-genelab/node/OSD-613-6bc16dad3df8e92daec6c022196a9f49,Sp8,http://purl.obolibrary.org/obo/NCBITaxon_10090,http://www.ncbi.nlm.nih.gov/gene/320145,-3.11985,0.0262862,OSD-613
https://purl.org/okn/frink/kg/spoke-genelab/node/OSD-613-6bc16dad3df8e92daec6c022196a9f49,Adcyap1,http://purl.obolibrary.org/obo/NCBITaxon_10090,http://www.ncbi.nlm.nih.gov/gene/11516,1.4049,0.0136695,OSD-613
https://purl.org/okn/frink/kg/spoke-genelab/node/OSD-613-6bc16dad3df8e92daec6c022196a9f49,Gm22748,http://purl.obolibrary.org/obo/NCBITaxon_10090,http://www.ncbi.nlm.nih.gov/gene/115488064,-1.81368,0.0312996,OSD-613
https://purl.org/okn/frink/kg/spoke-genelab/node/OSD-613-6bc16dad3df8e92daec6c022196a9f49,H2ac19,http://purl.obolibrary.org/obo/NCBITaxon_10090,http://www.ncbi.nlm.nih.gov/gene/319192,-1.04685,0.00725628,OSD-613
https://purl.org/okn/frink/kg/spoke-genelab/node/OSD-613-6bc16dad3df8e92daec6c022196a9f49,H4c18,http://purl.obolibrary.org/obo/NCBITaxon_10090,http://www.ncbi.nlm.nih.gov/gene/319161,-1.19726,0.0393523,OSD-613
https://purl.org/okn/frink/kg/spoke-genelab/node/OSD-613-6bc16dad3df8e92daec6c022196a9f49,Gm25394,http://purl.obolibrary.org/obo/NCBITaxon_10090,http://www.ncbi.nlm.nih.gov/gene/115488237,-2.63219,0.000814433,OSD-613
https://purl.org/okn/frink/kg/spoke-genelab/node/OSD-613-6bc16dad3df8e92daec6c022196a9f49,Tafa3,http://purl.obolibrary.org/obo/NCBITaxon_10090,http://www.ncbi.nlm.nih.gov/gene/329731,-3.09493,0.0403229,OSD-613
https://purl.org/okn/frink/kg/spoke-genelab/node/OSD-613-6bc16dad3df8e92daec6c022196a9f49,Or7d10,http://purl.obolibrary.org/obo/NCBITaxon_10090,http://www.ncbi.nlm.nih.gov/gene/258336,-4.04377,0.0109572,OSD-613
https://purl.org/okn/frink/kg/spoke-genelab/node/OSD-613-6bc16dad3df8e92daec6c022196a9f49,Gm22767,http://purl.obolibrary.org/obo/NCBITaxon_10090,http://www.ncbi.nlm.nih.gov/gene/115490051,-2.39174,0.000605843,OSD-613
https://purl.org/okn/frink/kg/spoke-genelab/node/OSD-613-6bc16dad3df8e92daec6c022196a9f49,Gm26316,http://purl.obolibrary.org/obo/NCBITaxon_10090,http://www.ncbi.nlm.nih.gov/gene/115487919,-2.4455,0.00447703,OSD-613
https://purl.org/okn/frink/kg/spoke-genelab/node/OSD-613-6bc16dad3df8e92daec6c022196a9f49,Prr7,http://purl.obolibrary.org/obo/NCBITaxon_10090,http://www.ncbi.nlm.nih.gov/gene/432763,-1.12781,0.0296043,OSD-613
https://purl.org/okn/frink/kg/spoke-genelab/node/OSD-613-6bc16dad3df8e92daec6c022196a9f49,Gm25107,http://purl.obolibrary.org/obo/NCBITaxon_10090,http://www.ncbi.nlm.nih.gov/gene/115486124,-2.39244,0.000106047,OSD-613
https://purl.org/okn/frink/kg/spoke-genelab/node/OSD-613-6bc16dad3df8e92daec6c022196a9f49,Gm22270,http://purl.obolibrary.org/obo/NCBITaxon_10090,http://www.ncbi.nlm.nih.gov/gene/115490266,-1.42268,0.0397684,OSD-613
https://purl.org/okn/frink/kg/spoke-genelab/node/OSD-613-6bc16dad3df8e92daec6c022196a9f49,Gm25776,http://purl.obolibrary.org/obo/NCBITaxon_10090,http://www.ncbi.nlm.nih.gov/gene/115488078,-2.67604,0.00168558,OSD-613
https://purl.org/okn/frink/kg/spoke-genelab/node/OSD-613-6bc16dad3df8e92daec6c022196a9f49,Gm1673,http://purl.obolibrary.org/obo/NCBITaxon_10090,http://www.ncbi.nlm.nih.gov/gene/381633,-1.05873,0.0304963,OSD-613
https://purl.org/okn/frink/kg/spoke-genelab/node/OSD-613-6bc16dad3df8e92daec6c022196a9f49,Gm22634|Gm23804|Gm25679,http://purl.obolibrary.org/obo/NCBITaxon_10090,http://www.ncbi.nlm.nih.gov/gene/115488073,-1.32361,0.0382821,OSD-613
https://purl.org/okn/frink/kg/spoke-genelab/node/OSD-613-6bc16dad3df8e92daec6c022196a9f49,H2bc9,http://purl.obolibrary.org/obo/NCBITaxon_10090,http://www.ncbi.nlm.nih.gov/gene/319182,-1.12902,0.0162688,OSD-613
https://purl.org/okn/frink/kg/spoke-genelab/node/OSD-613-6bc16dad3df8e92daec6c022196a9f49,Pkib,http://purl.obolibrary.org/obo/NCBITaxon_10090,http://www.ncbi.nlm.nih.gov/gene/18768,1.67245,4.83125e-07,OSD-613
https://purl.org/okn/frink/kg/spoke-genelab/node/OSD-613-6bc16dad3df8e92daec6c022196a9f49,Gm12500,http://purl.obolibrary.org/obo/NCBITaxon_10090,http://www.ncbi.nlm.nih.gov/gene/791415,-1.05,0.046864,OSD-613
https://purl.org/okn/frink/kg/spoke-genelab/node/OSD-613-b41c0dfcfe90893067d80500887b987f,Bpifb9b,http://purl.obolibrary.org/obo/NCBITaxon_10090,http://www.ncbi.nlm.nih.gov/gene/433492,19.5478,0.000308572,OSD-613
https://purl.org/okn/frink/kg/spoke-genelab/node/OSD-613-b41c0dfcfe90893067d80500887b987f,Spata31f1b|Spata31f1d|Spata31f1c,http://purl.obolibrary.org/obo/NCBITaxon_10090,http://www.ncbi.nlm.nih.gov/gene/100043920,22.9981,0.000407992,OSD-613
https://purl.org/okn/frink/kg/spoke-genelab/node/OSD-613-b41c0dfcfe90893067d80500887b987f,Spata31f1b|Spata31f1d|Spata31f1c,http://purl.obolibrary.org/obo/NCBITaxon_10090,http://www.ncbi.nlm.nih.gov/gene/100862261,22.9981,0.000407992,OSD-613
