assay,symbol,taxonomy,gene,log2fc,adj_p,osd
https://purl.org/okn/frink/kg/spoke-genelab/node/OSD-207-46bf2f458dd003f328af5b6f7f7566b2,Myo61F,http://purl.obolibrary.org/obo/NCBITaxon_7227,http://www.ncbi.nlm.nih.gov/gene/38153,1.18726,0.0107948,OSD-207
https://purl.org/okn/frink/kg/spoke-genelab/node/OSD-207-46bf2f458dd003f328af5b6f7f7566b2,Kaz-m1,http://purl.obolibrary.org/obo/NCBITaxon_7227,http://www.ncbi.nlm.nih.gov/gene/43154,6.28127,0.000152584,OSD-207
https://purl.org/okn/frink/kg/spoke-genelab/node/OSD-207-46bf2f458dd003f328af5b6f7f7566b2,odd,http://purl.obolibrary.org/obo/NCBITaxon_7227,http://www.ncbi.nlm.nih.gov/gene/33583,1.54759,0.0167312,OSD-207
https://purl.org/okn/frink/kg/spoke-genelab/node/OSD-207-46bf2f458dd003f328af5b6f7f7566b2,Acp1,http://purl.obolibrary.org/obo/NCBITaxon_7227,http://www.ncbi.nlm.nih.gov/gene/34052,-10.1316,6.33916e-14,OSD-207
https://purl.org/okn/frink/kg/spoke-genelab/node/OSD-207-46bf2f458dd003f328af5b6f7f7566b2,gammaTry|deltaTry|CG30031,http://purl.obolibrary.org/obo/NCBITaxon_7227,http://www.ncbi.nlm.nih.gov/gene/48343,18.9191,1.71707e-10,OSD-207
https://purl.org/okn/frink/kg/spoke-genelab/node/OSD-207-46bf2f458dd003f328af5b6f7f7566b2,v,http://purl.obolibrary.org/obo/NCBITaxon_7227,http://www.ncbi.nlm.nih.gov/gene/32026,1.04062,0.00579518,OSD-207
https://purl.org/okn/frink/kg/spoke-genelab/node/OSD-207-46bf2f458dd003f328af5b6f7f7566b2,Tm2,http://purl.obolibrary.org/obo/NCBITaxon_7227,http://www.ncbi.nlm.nih.gov/gene/41853,-1.57808,2.75939e-05,OSD-207
https://purl.org/okn/frink/kg/spoke-genelab/node/OSD-207-46bf2f458dd003f328af5b6f7f7566b2,Odc2,http://purl.obolibrary.org/obo/NCBITaxon_7227,http://www.ncbi.nlm.nih.gov/gene/35767,1.00023,0.048196,OSD-207
https://purl.org/okn/frink/kg/spoke-genelab/node/OSD-207-46bf2f458dd003f328af5b6f7f7566b2,ninaC,http://purl.obolibrary.org/obo/NCBITaxon_7227,http://www.ncbi.nlm.nih.gov/gene/34012,-1.58692,9.12263e-17,OSD-207
https://purl.org/okn/frink/kg/spoke-genelab/node/OSD-207-46bf2f458dd003f328af5b6f7f7566b2,e,http://purl.obolibrary.org/obo/NCBITaxon_7227,http://www.ncbi.nlm.nih.gov/gene/42521,-1.41882,0.000394041,OSD-207
https://purl.org/okn/frink/kg/spoke-genelab/node/OSD-207-46bf2f458dd003f328af5b6f7f7566b2,fzo,http://purl.obolibrary.org/obo/NCBITaxon_7227,http://www.ncbi.nlm.nih.gov/gene/42745,1.18591,0.0104576,OSD-207
https://purl.org/okn/frink/kg/spoke-genelab/node/OSD-207-46bf2f458dd003f328af5b6f7f7566b2,Grd,http://purl.obolibrary.org/obo/NCBITaxon_7227,http://www.ncbi.nlm.nih.gov/gene/39984,-1.67171,2.14419e-11,OSD-207
https://purl.org/okn/frink/kg/spoke-genelab/node/OSD-207-46bf2f458dd003f328af5b6f7f7566b2,Ubc84D,http://purl.obolibrary.org/obo/NCBITaxon_7227,http://www.ncbi.nlm.nih.gov/gene/40900,1.72485,0.000914626,OSD-207
https://purl.org/okn/frink/kg/spoke-genelab/node/OSD-207-46bf2f458dd003f328af5b6f7f7566b2,gammaTry|deltaTry|CG30031,http://purl.obolibrary.org/obo/NCBITaxon_7227,http://www.ncbi.nlm.nih.gov/gene/246404,18.9191,1.71707e-10,OSD-207
https://purl.org/okn/frink/kg/spoke-genelab/node/OSD-207-46bf2f458dd003f328af5b6f7f7566b2,Ahcy,http://purl.obolibrary.org/obo/NCBITaxon_7227,http://www.ncbi.nlm.nih.gov/gene/32471,1.46661,9.52658e-06,OSD-207
https://purl.org/okn/frink/kg/spoke-genelab/node/OSD-207-46bf2f458dd003f328af5b6f7f7566b2,Act79B,http://purl.obolibrary.org/obo/NCBITaxon_7227,http://www.ncbi.nlm.nih.gov/gene/40444,-1.94894,0.0164163,OSD-207
https://purl.org/okn/frink/kg/spoke-genelab/node/OSD-207-46bf2f458dd003f328af5b6f7f7566b2,MtnB,http://purl.obolibrary.org/obo/NCBITaxon_7227,http://www.ncbi.nlm.nih.gov/gene/42424,2.02834,0.000352134,OSD-207
https://purl.org/okn/frink/kg/spoke-genelab/node/OSD-207-46bf2f458dd003f328af5b6f7f7566b2,Syt1,http://purl.obolibrary.org/obo/NCBITaxon_7227,http://www.ncbi.nlm.nih.gov/gene/33473,-1.03707,1.36286e-12,OSD-207
https://purl.org/okn/frink/kg/spoke-genelab/node/OSD-207-46bf2f458dd003f328af5b6f7f7566b2,Itgbn,http://purl.obolibrary.org/obo/NCBITaxon_7227,http://www.ncbi.nlm.nih.gov/gene/35368,2.24973,0.00182287,OSD-207
https://purl.org/okn/frink/kg/spoke-genelab/node/OSD-207-46bf2f458dd003f328af5b6f7f7566b2,Cp38,http://purl.obolibrary.org/obo/NCBITaxon_7227,http://www.ncbi.nlm.nih.gov/gene/31788,4.90061,0.0283636,OSD-207
https://purl.org/okn/frink/kg/spoke-genelab/node/OSD-207-46bf2f458dd003f328af5b6f7f7566b2,Cp19,http://purl.obolibrary.org/obo/NCBITaxon_7227,http://www.ncbi.nlm.nih.gov/gene/39000,-1.92408,0.0244976,OSD-207
https://purl.org/okn/frink/kg/spoke-genelab/node/OSD-207-46bf2f458dd003f328af5b6f7f7566b2,gammaTry|deltaTry|CG30031,http://purl.obolibrary.org/obo/NCBITaxon_7227,http://www.ncbi.nlm.nih.gov/gene/36221,18.9191,1.71707e-10,OSD-207
https://purl.org/okn/frink/kg/spoke-genelab/node/OSD-207-46bf2f458dd003f328af5b6f7f7566b2,Hdc,http://purl.obolibrary.org/obo/NCBITaxon_7227,http://www.ncbi.nlm.nih.gov/gene/36076,-1.38286,3.45564e-19,OSD-207
https://purl.org/okn/frink/kg/spoke-genelab/node/OSD-207-46bf2f458dd003f328af5b6f7f7566b2,Pepck1,http://purl.obolibrary.org/obo/NCBITaxon_7227,http://www.ncbi.nlm.nih.gov/gene/37131,1.75394,0.0120308,OSD-207
https://purl.org/okn/frink/kg/spoke-genelab/node/OSD-207-46bf2f458dd003f328af5b6f7f7566b2,Ccp84Ab,http://purl.obolibrary.org/obo/NCBITaxon_7227,http://www.ncbi.nlm.nih.gov/gene/40824,-4.65827,0.00160899,OSD-207
https://purl.org/okn/frink/kg/spoke-genelab/node/OSD-207-46bf2f458dd003f328af5b6f7f7566b2,Cds,http://purl.obolibrary.org/obo/NCBITaxon_7227,http://www.ncbi.nlm.nih.gov/gene/43950,-1.00082,2.44087e-13,OSD-207
https://purl.org/okn/frink/kg/spoke-genelab/node/OSD-207-46bf2f458dd003f328af5b6f7f7566b2,ninaB,http://purl.obolibrary.org/obo/NCBITaxon_7227,http://www.ncbi.nlm.nih.gov/gene/41678,-1.14044,1.26335e-08,OSD-207
https://purl.org/okn/frink/kg/spoke-genelab/node/OSD-207-46bf2f458dd003f328af5b6f7f7566b2,Cyp6a2,http://purl.obolibrary.org/obo/NCBITaxon_7227,http://www.ncbi.nlm.nih.gov/gene/35587,-1.5141,0.000690962,OSD-207
https://purl.org/okn/frink/kg/spoke-genelab/node/OSD-207-46bf2f458dd003f328af5b6f7f7566b2,Cp36,http://purl.obolibrary.org/obo/NCBITaxon_7227,http://www.ncbi.nlm.nih.gov/gene/31787,5.51355,0.00282622,OSD-207
https://purl.org/okn/frink/kg/spoke-genelab/node/OSD-207-46bf2f458dd003f328af5b6f7f7566b2,ec,http://purl.obolibrary.org/obo/NCBITaxon_7227,http://www.ncbi.nlm.nih.gov/gene/31339,-1.14265,0.00389258,OSD-207
https://purl.org/okn/frink/kg/spoke-genelab/node/OSD-207-46bf2f458dd003f328af5b6f7f7566b2,Cyp4d1,http://purl.obolibrary.org/obo/NCBITaxon_7227,http://www.ncbi.nlm.nih.gov/gene/31188,1.46912,0.00342926,OSD-207
https://purl.org/okn/frink/kg/spoke-genelab/node/OSD-207-46bf2f458dd003f328af5b6f7f7566b2,fs(1)M3,http://purl.obolibrary.org/obo/NCBITaxon_7227,http://www.ncbi.nlm.nih.gov/gene/45994,-1.25621,0.0389862,OSD-207
https://purl.org/okn/frink/kg/spoke-genelab/node/OSD-207-46bf2f458dd003f328af5b6f7f7566b2,inaD,http://purl.obolibrary.org/obo/NCBITaxon_7227,http://www.ncbi.nlm.nih.gov/gene/37629,-1.01349,7.59936e-19,OSD-207
https://purl.org/okn/frink/kg/spoke-genelab/node/OSD-207-46bf2f458dd003f328af5b6f7f7566b2,Calx,http://purl.obolibrary.org/obo/NCBITaxon_7227,http://www.ncbi.nlm.nih.gov/gene/42481,-1.24346,1.76324e-15,OSD-207
https://purl.org/okn/frink/kg/spoke-genelab/node/OSD-207-46bf2f458dd003f328af5b6f7f7566b2,Ccp84Ad,http://purl.obolibrary.org/obo/NCBITaxon_7227,http://www.ncbi.nlm.nih.gov/gene/40822,-7.50261,0.00230064,OSD-207
https://purl.org/okn/frink/kg/spoke-genelab/node/OSD-207-46bf2f458dd003f328af5b6f7f7566b2,alphaTry,http://purl.obolibrary.org/obo/NCBITaxon_7227,http://www.ncbi.nlm.nih.gov/gene/48316,4.92827,0.00447127,OSD-207
https://purl.org/okn/frink/kg/spoke-genelab/node/OSD-207-46bf2f458dd003f328af5b6f7f7566b2,Cyp4c3,http://purl.obolibrary.org/obo/NCBITaxon_7227,http://www.ncbi.nlm.nih.gov/gene/43663,-1.93554,6.7823e-06,OSD-207
https://purl.org/okn/frink/kg/spoke-genelab/node/OSD-207-46bf2f458dd003f328af5b6f7f7566b2,w,http://purl.obolibrary.org/obo/NCBITaxon_7227,http://www.ncbi.nlm.nih.gov/gene/31271,-3.67373,0.00523964,OSD-207
https://purl.org/okn/frink/kg/spoke-genelab/node/OSD-207-46bf2f458dd003f328af5b6f7f7566b2,inaC,http://purl.obolibrary.org/obo/NCBITaxon_7227,http://www.ncbi.nlm.nih.gov/gene/36897,-1.0629,3.45624e-15,OSD-207
https://purl.org/okn/frink/kg/spoke-genelab/node/OSD-207-46bf2f458dd003f328af5b6f7f7566b2,betaTry,http://purl.obolibrary.org/obo/NCBITaxon_7227,http://www.ncbi.nlm.nih.gov/gene/47901,4.81893,0.0201836,OSD-207
https://purl.org/okn/frink/kg/spoke-genelab/node/OSD-207-46bf2f458dd003f328af5b6f7f7566b2,Ag5r,http://purl.obolibrary.org/obo/NCBITaxon_7227,http://www.ncbi.nlm.nih.gov/gene/44631,6.05991,7.49826e-06,OSD-207
https://purl.org/okn/frink/kg/spoke-genelab/node/OSD-207-46bf2f458dd003f328af5b6f7f7566b2,Act57B,http://purl.obolibrary.org/obo/NCBITaxon_7227,http://www.ncbi.nlm.nih.gov/gene/37368,-1.94624,0.000110954,OSD-207
https://purl.org/okn/frink/kg/spoke-genelab/node/OSD-207-46bf2f458dd003f328af5b6f7f7566b2,Galphaq,http://purl.obolibrary.org/obo/NCBITaxon_7227,http://www.ncbi.nlm.nih.gov/gene/36384,-1.04496,4.02791e-07,OSD-207
https://purl.org/okn/frink/kg/spoke-genelab/node/OSD-207-46bf2f458dd003f328af5b6f7f7566b2,TpnC73F,http://purl.obolibrary.org/obo/NCBITaxon_7227,http://www.ncbi.nlm.nih.gov/gene/39916,1.15106,0.0103309,OSD-207
https://purl.org/okn/frink/kg/spoke-genelab/node/OSD-207-46bf2f458dd003f328af5b6f7f7566b2,Actn,http://purl.obolibrary.org/obo/NCBITaxon_7227,http://www.ncbi.nlm.nih.gov/gene/31166,-1.41524,0.000169812,OSD-207
https://purl.org/okn/frink/kg/spoke-genelab/node/OSD-207-46bf2f458dd003f328af5b6f7f7566b2,Prm,http://purl.obolibrary.org/obo/NCBITaxon_7227,http://www.ncbi.nlm.nih.gov/gene/39002,-1.78714,0.000678387,OSD-207
https://purl.org/okn/frink/kg/spoke-genelab/node/OSD-207-46bf2f458dd003f328af5b6f7f7566b2,Gad1,http://purl.obolibrary.org/obo/NCBITaxon_7227,http://www.ncbi.nlm.nih.gov/gene/38484,-1.16552,6.4767e-10,OSD-207
https://purl.org/okn/frink/kg/spoke-genelab/node/OSD-207-46bf2f458dd003f328af5b6f7f7566b2,fw,http://purl.obolibrary.org/obo/NCBITaxon_7227,http://www.ncbi.nlm.nih.gov/gene/32162,-1.67774,1.67679e-06,OSD-207
https://purl.org/okn/frink/kg/spoke-genelab/node/OSD-207-46bf2f458dd003f328af5b6f7f7566b2,sob,http://purl.obolibrary.org/obo/NCBITaxon_7227,http://www.ncbi.nlm.nih.gov/gene/33581,1.08464,0.00338468,OSD-207
https://purl.org/okn/frink/kg/spoke-genelab/node/OSD-207-46bf2f458dd003f328af5b6f7f7566b2,Sgs1,http://purl.obolibrary.org/obo/NCBITaxon_7227,http://www.ncbi.nlm.nih.gov/gene/33701,-1.93707,0.00146774,OSD-207
https://purl.org/okn/frink/kg/spoke-genelab/node/OSD-207-46bf2f458dd003f328af5b6f7f7566b2,Pcp,http://purl.obolibrary.org/obo/NCBITaxon_7227,http://www.ncbi.nlm.nih.gov/gene/33985,-1.6406,0.00786225,OSD-207
https://purl.org/okn/frink/kg/spoke-genelab/node/OSD-207-46bf2f458dd003f328af5b6f7f7566b2,aub,http://purl.obolibrary.org/obo/NCBITaxon_7227,http://www.ncbi.nlm.nih.gov/gene/34524,1.3067,0.021299,OSD-207
https://purl.org/okn/frink/kg/spoke-genelab/node/OSD-207-46bf2f458dd003f328af5b6f7f7566b2,Mlc2,http://purl.obolibrary.org/obo/NCBITaxon_7227,http://www.ncbi.nlm.nih.gov/gene/43587,-2.17042,1.27485e-05,OSD-207
https://purl.org/okn/frink/kg/spoke-genelab/node/OSD-207-46bf2f458dd003f328af5b6f7f7566b2,Spat,http://purl.obolibrary.org/obo/NCBITaxon_7227,http://www.ncbi.nlm.nih.gov/gene/31587,1.00251,0.000192936,OSD-207
https://purl.org/okn/frink/kg/spoke-genelab/node/OSD-207-46bf2f458dd003f328af5b6f7f7566b2,RyR,http://purl.obolibrary.org/obo/NCBITaxon_7227,http://www.ncbi.nlm.nih.gov/gene/49090,-1.03624,1.83405e-09,OSD-207
https://purl.org/okn/frink/kg/spoke-genelab/node/OSD-207-46bf2f458dd003f328af5b6f7f7566b2,Ccp84Aa,http://purl.obolibrary.org/obo/NCBITaxon_7227,http://www.ncbi.nlm.nih.gov/gene/40825,-7.49613,0.000548807,OSD-207
https://purl.org/okn/frink/kg/spoke-genelab/node/OSD-207-46bf2f458dd003f328af5b6f7f7566b2,Ser,http://purl.obolibrary.org/obo/NCBITaxon_7227,http://www.ncbi.nlm.nih.gov/gene/43275,1.18457,0.00118074,OSD-207
https://purl.org/okn/frink/kg/spoke-genelab/node/OSD-207-46bf2f458dd003f328af5b6f7f7566b2,GlyP,http://purl.obolibrary.org/obo/NCBITaxon_7227,http://www.ncbi.nlm.nih.gov/gene/33386,-1.75604,2.54499e-05,OSD-207
https://purl.org/okn/frink/kg/spoke-genelab/node/OSD-207-46bf2f458dd003f328af5b6f7f7566b2,CycA,http://purl.obolibrary.org/obo/NCBITaxon_7227,http://www.ncbi.nlm.nih.gov/gene/39340,1.22467,0.00351006,OSD-207
https://purl.org/okn/frink/kg/spoke-genelab/node/OSD-207-46bf2f458dd003f328af5b6f7f7566b2,DNaseII,http://purl.obolibrary.org/obo/NCBITaxon_7227,http://www.ncbi.nlm.nih.gov/gene/48228,1.04149,0.00434748,OSD-207
https://purl.org/okn/frink/kg/spoke-genelab/node/OSD-207-46bf2f458dd003f328af5b6f7f7566b2,Akh,http://purl.obolibrary.org/obo/NCBITaxon_7227,http://www.ncbi.nlm.nih.gov/gene/38495,6.46004,3.63485e-08,OSD-207
https://purl.org/okn/frink/kg/spoke-genelab/node/OSD-207-46bf2f458dd003f328af5b6f7f7566b2,Mlp84B,http://purl.obolibrary.org/obo/NCBITaxon_7227,http://www.ncbi.nlm.nih.gov/gene/40849,-1.10823,0.000383377,OSD-207
https://purl.org/okn/frink/kg/spoke-genelab/node/OSD-207-46bf2f458dd003f328af5b6f7f7566b2,CG15865,http://purl.obolibrary.org/obo/NCBITaxon_7227,http://www.ncbi.nlm.nih.gov/gene/32641,5.48452,0.000176743,OSD-207
https://purl.org/okn/frink/kg/spoke-genelab/node/OSD-207-46bf2f458dd003f328af5b6f7f7566b2,DptA,http://purl.obolibrary.org/obo/NCBITaxon_7227,http://www.ncbi.nlm.nih.gov/gene/37183,3.29944,0.00970255,OSD-207
https://purl.org/okn/frink/kg/spoke-genelab/node/OSD-207-46bf2f458dd003f328af5b6f7f7566b2,Ets65A,http://purl.obolibrary.org/obo/NCBITaxon_7227,http://www.ncbi.nlm.nih.gov/gene/38700,-1.01094,6.82338e-11,OSD-207
https://purl.org/okn/frink/kg/spoke-genelab/node/OSD-207-46bf2f458dd003f328af5b6f7f7566b2,Gbeta76C,http://purl.obolibrary.org/obo/NCBITaxon_7227,http://www.ncbi.nlm.nih.gov/gene/40148,-1.50585,4.64854e-19,OSD-207
https://purl.org/okn/frink/kg/spoke-genelab/node/OSD-207-46bf2f458dd003f328af5b6f7f7566b2,Crys,http://purl.obolibrary.org/obo/NCBITaxon_7227,http://www.ncbi.nlm.nih.gov/gene/34604,-2.30781,0.00847621,OSD-207
https://purl.org/okn/frink/kg/spoke-genelab/node/OSD-207-46bf2f458dd003f328af5b6f7f7566b2,cn,http://purl.obolibrary.org/obo/NCBITaxon_7227,http://www.ncbi.nlm.nih.gov/gene/35724,-2.88195,0.032128,OSD-207
https://purl.org/okn/frink/kg/spoke-genelab/node/OSD-207-46bf2f458dd003f328af5b6f7f7566b2,Faa,http://purl.obolibrary.org/obo/NCBITaxon_7227,http://www.ncbi.nlm.nih.gov/gene/45577,-1.06221,0.00102637,OSD-207
https://purl.org/okn/frink/kg/spoke-genelab/node/OSD-207-46bf2f458dd003f328af5b6f7f7566b2,boss,http://purl.obolibrary.org/obo/NCBITaxon_7227,http://www.ncbi.nlm.nih.gov/gene/43146,-1.49617,6.64134e-13,OSD-207
https://purl.org/okn/frink/kg/spoke-genelab/node/OSD-207-46bf2f458dd003f328af5b6f7f7566b2,Gyc32E,http://purl.obolibrary.org/obo/NCBITaxon_7227,http://www.ncbi.nlm.nih.gov/gene/34553,1.58763,0.00375127,OSD-207
https://purl.org/okn/frink/kg/spoke-genelab/node/OSD-207-46bf2f458dd003f328af5b6f7f7566b2,ort,http://purl.obolibrary.org/obo/NCBITaxon_7227,http://www.ncbi.nlm.nih.gov/gene/45910,-1.32034,8.20178e-14,OSD-207
https://purl.org/okn/frink/kg/spoke-genelab/node/OSD-207-46bf2f458dd003f328af5b6f7f7566b2,Cyp6a8,http://purl.obolibrary.org/obo/NCBITaxon_7227,http://www.ncbi.nlm.nih.gov/gene/36666,-2.24219,2.47664e-11,OSD-207
https://purl.org/okn/frink/kg/spoke-genelab/node/OSD-207-46bf2f458dd003f328af5b6f7f7566b2,Dhc98D,http://purl.obolibrary.org/obo/NCBITaxon_7227,http://www.ncbi.nlm.nih.gov/gene/43379,-1.09631,0.00594048,OSD-207
https://purl.org/okn/frink/kg/spoke-genelab/node/OSD-207-46bf2f458dd003f328af5b6f7f7566b2,NT1,http://purl.obolibrary.org/obo/NCBITaxon_7227,http://www.ncbi.nlm.nih.gov/gene/38558,-1.82059,0.0210538,OSD-207
https://purl.org/okn/frink/kg/spoke-genelab/node/OSD-207-46bf2f458dd003f328af5b6f7f7566b2,obst-B,http://purl.obolibrary.org/obo/NCBITaxon_7227,http://www.ncbi.nlm.nih.gov/gene/34336,-2.97286,0.000658032,OSD-207
https://purl.org/okn/frink/kg/spoke-genelab/node/OSD-207-46bf2f458dd003f328af5b6f7f7566b2,CG33301,http://purl.obolibrary.org/obo/NCBITaxon_7227,http://www.ncbi.nlm.nih.gov/gene/2768917,2.37168,1.1265e-05,OSD-207
https://purl.org/okn/frink/kg/spoke-genelab/node/OSD-207-46bf2f458dd003f328af5b6f7f7566b2,lncRNA:CR44754,http://purl.obolibrary.org/obo/NCBITaxon_7227,http://www.ncbi.nlm.nih.gov/gene/19836162,-1.46001,0.00224283,OSD-207
https://purl.org/okn/frink/kg/spoke-genelab/node/OSD-207-46bf2f458dd003f328af5b6f7f7566b2,asRNA:CR45875,http://purl.obolibrary.org/obo/NCBITaxon_7227,http://www.ncbi.nlm.nih.gov/gene/26067203,-1.14105,0.0041183,OSD-207
https://purl.org/okn/frink/kg/spoke-genelab/node/OSD-207-46bf2f458dd003f328af5b6f7f7566b2,nau,http://purl.obolibrary.org/obo/NCBITaxon_7227,http://www.ncbi.nlm.nih.gov/gene/42799,-1.28057,0.00688617,OSD-207
https://purl.org/okn/frink/kg/spoke-genelab/node/OSD-207-46bf2f458dd003f328af5b6f7f7566b2,CG34208,http://purl.obolibrary.org/obo/NCBITaxon_7227,http://www.ncbi.nlm.nih.gov/gene/5740805,-1.55811,0.015242,OSD-207
https://purl.org/okn/frink/kg/spoke-genelab/node/OSD-207-46bf2f458dd003f328af5b6f7f7566b2,inaF-B,http://purl.obolibrary.org/obo/NCBITaxon_7227,http://www.ncbi.nlm.nih.gov/gene/8674114,-1.25466,7.86181e-14,OSD-207
https://purl.org/okn/frink/kg/spoke-genelab/node/OSD-207-46bf2f458dd003f328af5b6f7f7566b2,CG34148,http://purl.obolibrary.org/obo/NCBITaxon_7227,http://www.ncbi.nlm.nih.gov/gene/326250,2.93874,7.5115e-07,OSD-207
https://purl.org/okn/frink/kg/spoke-genelab/node/OSD-207-46bf2f458dd003f328af5b6f7f7566b2,CG10710,http://purl.obolibrary.org/obo/NCBITaxon_7227,http://www.ncbi.nlm.nih.gov/gene/39525,-1.02431,0.0011863,OSD-207
https://purl.org/okn/frink/kg/spoke-genelab/node/OSD-207-46bf2f458dd003f328af5b6f7f7566b2,KP78b,http://purl.obolibrary.org/obo/NCBITaxon_7227,http://www.ncbi.nlm.nih.gov/gene/41361,-1.21916,0.0278276,OSD-207
https://purl.org/okn/frink/kg/spoke-genelab/node/OSD-207-46bf2f458dd003f328af5b6f7f7566b2,RecQ4,http://purl.obolibrary.org/obo/NCBITaxon_7227,http://www.ncbi.nlm.nih.gov/gene/53438,1.03056,0.0095568,OSD-207
https://purl.org/okn/frink/kg/spoke-genelab/node/OSD-207-46bf2f458dd003f328af5b6f7f7566b2,CG40298,http://purl.obolibrary.org/obo/NCBITaxon_7227,http://www.ncbi.nlm.nih.gov/gene/3355149,-2.76746,1.61362e-07,OSD-207
https://purl.org/okn/frink/kg/spoke-genelab/node/OSD-207-46bf2f458dd003f328af5b6f7f7566b2,CG18563,http://purl.obolibrary.org/obo/NCBITaxon_7227,http://www.ncbi.nlm.nih.gov/gene/35050,2.41131,0.0292614,OSD-207
https://purl.org/okn/frink/kg/spoke-genelab/node/OSD-207-46bf2f458dd003f328af5b6f7f7566b2,CG17264,http://purl.obolibrary.org/obo/NCBITaxon_7227,http://www.ncbi.nlm.nih.gov/gene/33511,2.33829,2.33857e-07,OSD-207
https://purl.org/okn/frink/kg/spoke-genelab/node/OSD-207-46bf2f458dd003f328af5b6f7f7566b2,5.8SrRNA:CR45842,http://purl.obolibrary.org/obo/NCBITaxon_7227,http://www.ncbi.nlm.nih.gov/gene/26067170,1.81779,0.000886644,OSD-207
https://purl.org/okn/frink/kg/spoke-genelab/node/OSD-207-46bf2f458dd003f328af5b6f7f7566b2,Vajk2,http://purl.obolibrary.org/obo/NCBITaxon_7227,http://www.ncbi.nlm.nih.gov/gene/34811,-5.32671,1.49872e-06,OSD-207
https://purl.org/okn/frink/kg/spoke-genelab/node/OSD-207-46bf2f458dd003f328af5b6f7f7566b2,CG1561,http://purl.obolibrary.org/obo/NCBITaxon_7227,http://www.ncbi.nlm.nih.gov/gene/32108,-1.14944,2.62878e-06,OSD-207
https://purl.org/okn/frink/kg/spoke-genelab/node/OSD-207-46bf2f458dd003f328af5b6f7f7566b2,LManI,http://purl.obolibrary.org/obo/NCBITaxon_7227,http://www.ncbi.nlm.nih.gov/gene/34436,1.10075,0.000166912,OSD-207
https://purl.org/okn/frink/kg/spoke-genelab/node/OSD-207-46bf2f458dd003f328af5b6f7f7566b2,lncRNA:CR43452,http://purl.obolibrary.org/obo/NCBITaxon_7227,http://www.ncbi.nlm.nih.gov/gene/12798494,-3.54806,0.000302104,OSD-207
https://purl.org/okn/frink/kg/spoke-genelab/node/OSD-207-46bf2f458dd003f328af5b6f7f7566b2,Mtp,http://purl.obolibrary.org/obo/NCBITaxon_7227,http://www.ncbi.nlm.nih.gov/gene/35362,1.26595,6.62158e-05,OSD-207
https://purl.org/okn/frink/kg/spoke-genelab/node/OSD-207-46bf2f458dd003f328af5b6f7f7566b2,Xport-A,http://purl.obolibrary.org/obo/NCBITaxon_7227,http://www.ncbi.nlm.nih.gov/gene/42373,-1.38777,2.46113e-18,OSD-207
https://purl.org/okn/frink/kg/spoke-genelab/node/OSD-207-46bf2f458dd003f328af5b6f7f7566b2,lncRNA:CR45758,http://purl.obolibrary.org/obo/NCBITaxon_7227,http://www.ncbi.nlm.nih.gov/gene/19835268,-1.41598,0.00889626,OSD-207
https://purl.org/okn/frink/kg/spoke-genelab/node/OSD-207-46bf2f458dd003f328af5b6f7f7566b2,asRNA:CR43159,http://purl.obolibrary.org/obo/NCBITaxon_7227,http://www.ncbi.nlm.nih.gov/gene/12797909,1.44298,0.0126656,OSD-207
https://purl.org/okn/frink/kg/spoke-genelab/node/OSD-207-46bf2f458dd003f328af5b6f7f7566b2,CG42336,http://purl.obolibrary.org/obo/NCBITaxon_7227,http://www.ncbi.nlm.nih.gov/gene/36205,1.19101,0.000614213,OSD-207
https://purl.org/okn/frink/kg/spoke-genelab/node/OSD-207-46bf2f458dd003f328af5b6f7f7566b2,loj,http://purl.obolibrary.org/obo/NCBITaxon_7227,http://www.ncbi.nlm.nih.gov/gene/38698,1.04237,4.07902e-05,OSD-207
https://purl.org/okn/frink/kg/spoke-genelab/node/OSD-207-46bf2f458dd003f328af5b6f7f7566b2,CG14770,http://purl.obolibrary.org/obo/NCBITaxon_7227,http://www.ncbi.nlm.nih.gov/gene/31085,-3.75675,0.0309037,OSD-207
https://purl.org/okn/frink/kg/spoke-genelab/node/OSD-207-46bf2f458dd003f328af5b6f7f7566b2,asRNA:CR45804,http://purl.obolibrary.org/obo/NCBITaxon_7227,http://www.ncbi.nlm.nih.gov/gene/26067134,-1.89859,0.00523964,OSD-207
https://purl.org/okn/frink/kg/spoke-genelab/node/OSD-207-46bf2f458dd003f328af5b6f7f7566b2,Xport-B,http://purl.obolibrary.org/obo/NCBITaxon_7227,http://www.ncbi.nlm.nih.gov/gene/8673993,-1.35782,7.78367e-17,OSD-207
https://purl.org/okn/frink/kg/spoke-genelab/node/OSD-207-46bf2f458dd003f328af5b6f7f7566b2,Vago,http://purl.obolibrary.org/obo/NCBITaxon_7227,http://www.ncbi.nlm.nih.gov/gene/32040,2.43658,9.53499e-09,OSD-207
https://purl.org/okn/frink/kg/spoke-genelab/node/OSD-207-46bf2f458dd003f328af5b6f7f7566b2,prc,http://purl.obolibrary.org/obo/NCBITaxon_7227,http://www.ncbi.nlm.nih.gov/gene/43930,-2.80798,6.72299e-05,OSD-207
https://purl.org/okn/frink/kg/spoke-genelab/node/OSD-207-46bf2f458dd003f328af5b6f7f7566b2,CG43071,http://purl.obolibrary.org/obo/NCBITaxon_7227,http://www.ncbi.nlm.nih.gov/gene/12798340,1.3236,0.0123217,OSD-207
https://purl.org/okn/frink/kg/spoke-genelab/node/OSD-207-46bf2f458dd003f328af5b6f7f7566b2,asRNA:CR43425,http://purl.obolibrary.org/obo/NCBITaxon_7227,http://www.ncbi.nlm.nih.gov/gene/12798288,-1.36979,0.0057193,OSD-207
https://purl.org/okn/frink/kg/spoke-genelab/node/OSD-207-46bf2f458dd003f328af5b6f7f7566b2,Pdh,http://purl.obolibrary.org/obo/NCBITaxon_7227,http://www.ncbi.nlm.nih.gov/gene/39812,-1.33226,1.2192e-05,OSD-207
https://purl.org/okn/frink/kg/spoke-genelab/node/OSD-207-46bf2f458dd003f328af5b6f7f7566b2,CG13305,http://purl.obolibrary.org/obo/NCBITaxon_7227,http://www.ncbi.nlm.nih.gov/gene/38992,-2.18581,3.81921e-08,OSD-207
https://purl.org/okn/frink/kg/spoke-genelab/node/OSD-207-46bf2f458dd003f328af5b6f7f7566b2,CG31704,http://purl.obolibrary.org/obo/NCBITaxon_7227,http://www.ncbi.nlm.nih.gov/gene/318906,1.19679,0.00192545,OSD-207
https://purl.org/okn/frink/kg/spoke-genelab/node/OSD-207-46bf2f458dd003f328af5b6f7f7566b2,sr,http://purl.obolibrary.org/obo/NCBITaxon_7227,http://www.ncbi.nlm.nih.gov/gene/42162,-1.21017,4.37602e-09,OSD-207
https://purl.org/okn/frink/kg/spoke-genelab/node/OSD-207-46bf2f458dd003f328af5b6f7f7566b2,shd,http://purl.obolibrary.org/obo/NCBITaxon_7227,http://www.ncbi.nlm.nih.gov/gene/39592,1.35327,0.0479095,OSD-207
https://purl.org/okn/frink/kg/spoke-genelab/node/OSD-207-46bf2f458dd003f328af5b6f7f7566b2,CG7910,http://purl.obolibrary.org/obo/NCBITaxon_7227,http://www.ncbi.nlm.nih.gov/gene/40956,1.16497,0.0313708,OSD-207
https://purl.org/okn/frink/kg/spoke-genelab/node/OSD-207-46bf2f458dd003f328af5b6f7f7566b2,CG4914,http://purl.obolibrary.org/obo/NCBITaxon_7227,http://www.ncbi.nlm.nih.gov/gene/39597,-1.14856,0.018739,OSD-207
https://purl.org/okn/frink/kg/spoke-genelab/node/OSD-207-46bf2f458dd003f328af5b6f7f7566b2,CG42249,http://purl.obolibrary.org/obo/NCBITaxon_7227,http://www.ncbi.nlm.nih.gov/gene/32043,-1.56404,0.00783595,OSD-207
https://purl.org/okn/frink/kg/spoke-genelab/node/OSD-207-46bf2f458dd003f328af5b6f7f7566b2,CG42239,http://purl.obolibrary.org/obo/NCBITaxon_7227,http://www.ncbi.nlm.nih.gov/gene/7354422,1.09863,1.2145e-06,OSD-207
https://purl.org/okn/frink/kg/spoke-genelab/node/OSD-207-46bf2f458dd003f328af5b6f7f7566b2,asRNA:CR45894,http://purl.obolibrary.org/obo/NCBITaxon_7227,http://www.ncbi.nlm.nih.gov/gene/26067222,-2.22679,0.00456357,OSD-207
https://purl.org/okn/frink/kg/spoke-genelab/node/OSD-207-46bf2f458dd003f328af5b6f7f7566b2,lncRNA:CR43651,http://purl.obolibrary.org/obo/NCBITaxon_7227,http://www.ncbi.nlm.nih.gov/gene/14462569,2.38686,0.00010178,OSD-207
https://purl.org/okn/frink/kg/spoke-genelab/node/OSD-207-46bf2f458dd003f328af5b6f7f7566b2,CG31955,http://purl.obolibrary.org/obo/NCBITaxon_7227,http://www.ncbi.nlm.nih.gov/gene/319045,1.23441,0.0028151,OSD-207
https://purl.org/okn/frink/kg/spoke-genelab/node/OSD-207-46bf2f458dd003f328af5b6f7f7566b2,lncRNA:CR44831,http://purl.obolibrary.org/obo/NCBITaxon_7227,http://www.ncbi.nlm.nih.gov/gene/19835371,-2.07306,4.23459e-09,OSD-207
https://purl.org/okn/frink/kg/spoke-genelab/node/OSD-207-46bf2f458dd003f328af5b6f7f7566b2,CG10041,http://purl.obolibrary.org/obo/NCBITaxon_7227,http://www.ncbi.nlm.nih.gov/gene/41496,1.47519,0.00730992,OSD-207
https://purl.org/okn/frink/kg/spoke-genelab/node/OSD-207-46bf2f458dd003f328af5b6f7f7566b2,tfc,http://purl.obolibrary.org/obo/NCBITaxon_7227,http://www.ncbi.nlm.nih.gov/gene/38141,-1.64033,0.00140902,OSD-207
https://purl.org/okn/frink/kg/spoke-genelab/node/OSD-207-46bf2f458dd003f328af5b6f7f7566b2,up,http://purl.obolibrary.org/obo/NCBITaxon_7227,http://www.ncbi.nlm.nih.gov/gene/32314,-2.10101,1.92307e-06,OSD-207
https://purl.org/okn/frink/kg/spoke-genelab/node/OSD-207-46bf2f458dd003f328af5b6f7f7566b2,RnrL,http://purl.obolibrary.org/obo/NCBITaxon_7227,http://www.ncbi.nlm.nih.gov/gene/34392,1.11756,0.00011344,OSD-207
https://purl.org/okn/frink/kg/spoke-genelab/node/OSD-207-46bf2f458dd003f328af5b6f7f7566b2,CG34220,http://purl.obolibrary.org/obo/NCBITaxon_7227,http://www.ncbi.nlm.nih.gov/gene/5740467,8.83477,8.20848e-09,OSD-207
https://purl.org/okn/frink/kg/spoke-genelab/node/OSD-207-46bf2f458dd003f328af5b6f7f7566b2,CG15155,http://purl.obolibrary.org/obo/NCBITaxon_7227,http://www.ncbi.nlm.nih.gov/gene/35087,2.91454,0.00216091,OSD-207
https://purl.org/okn/frink/kg/spoke-genelab/node/OSD-207-46bf2f458dd003f328af5b6f7f7566b2,lncRNA:CR46035,http://purl.obolibrary.org/obo/NCBITaxon_7227,http://www.ncbi.nlm.nih.gov/gene/26067354,-1.20543,0.00266688,OSD-207
https://purl.org/okn/frink/kg/spoke-genelab/node/OSD-207-46bf2f458dd003f328af5b6f7f7566b2,CG4374,http://purl.obolibrary.org/obo/NCBITaxon_7227,http://www.ncbi.nlm.nih.gov/gene/42767,-1.15943,0.0283437,OSD-207
https://purl.org/okn/frink/kg/spoke-genelab/node/OSD-207-46bf2f458dd003f328af5b6f7f7566b2,CG42795,http://purl.obolibrary.org/obo/NCBITaxon_7227,http://www.ncbi.nlm.nih.gov/gene/41252,-1.12541,5.29617e-15,OSD-207
https://purl.org/okn/frink/kg/spoke-genelab/node/OSD-207-46bf2f458dd003f328af5b6f7f7566b2,CG13063,http://purl.obolibrary.org/obo/NCBITaxon_7227,http://www.ncbi.nlm.nih.gov/gene/39797,-7.91625,0.010783,OSD-207
https://purl.org/okn/frink/kg/spoke-genelab/node/OSD-207-46bf2f458dd003f328af5b6f7f7566b2,CG7560,http://purl.obolibrary.org/obo/NCBITaxon_7227,http://www.ncbi.nlm.nih.gov/gene/39276,1.28396,0.000116436,OSD-207
https://purl.org/okn/frink/kg/spoke-genelab/node/OSD-207-46bf2f458dd003f328af5b6f7f7566b2,spz5,http://purl.obolibrary.org/obo/NCBITaxon_7227,http://www.ncbi.nlm.nih.gov/gene/38350,-1.42354,0.0016018,OSD-207
https://purl.org/okn/frink/kg/spoke-genelab/node/OSD-207-46bf2f458dd003f328af5b6f7f7566b2,CG10560,http://purl.obolibrary.org/obo/NCBITaxon_7227,http://www.ncbi.nlm.nih.gov/gene/43065,-1.39893,0.00185572,OSD-207
https://purl.org/okn/frink/kg/spoke-genelab/node/OSD-207-46bf2f458dd003f328af5b6f7f7566b2,CG8757,http://purl.obolibrary.org/obo/NCBITaxon_7227,http://www.ncbi.nlm.nih.gov/gene/39528,-1.07731,0.0154196,OSD-207
https://purl.org/okn/frink/kg/spoke-genelab/node/OSD-207-46bf2f458dd003f328af5b6f7f7566b2,Cyp12d1-p,http://purl.obolibrary.org/obo/NCBITaxon_7227,http://www.ncbi.nlm.nih.gov/gene/246648,1.27628,0.0082115,OSD-207
https://purl.org/okn/frink/kg/spoke-genelab/node/OSD-207-46bf2f458dd003f328af5b6f7f7566b2,Sec61beta,http://purl.obolibrary.org/obo/NCBITaxon_7227,http://www.ncbi.nlm.nih.gov/gene/46080,1.05958,0.00038099,OSD-207
https://purl.org/okn/frink/kg/spoke-genelab/node/OSD-207-46bf2f458dd003f328af5b6f7f7566b2,to,http://purl.obolibrary.org/obo/NCBITaxon_7227,http://www.ncbi.nlm.nih.gov/gene/43036,2.07037,0.00010284,OSD-207
https://purl.org/okn/frink/kg/spoke-genelab/node/OSD-207-46bf2f458dd003f328af5b6f7f7566b2,Cyp309a1,http://purl.obolibrary.org/obo/NCBITaxon_7227,http://www.ncbi.nlm.nih.gov/gene/33438,1.50746,0.000182926,OSD-207
https://purl.org/okn/frink/kg/spoke-genelab/node/OSD-207-46bf2f458dd003f328af5b6f7f7566b2,CG34212,http://purl.obolibrary.org/obo/NCBITaxon_7227,http://www.ncbi.nlm.nih.gov/gene/5740704,5.04742,0.0235498,OSD-207
https://purl.org/okn/frink/kg/spoke-genelab/node/OSD-207-46bf2f458dd003f328af5b6f7f7566b2,CG33521,http://purl.obolibrary.org/obo/NCBITaxon_7227,http://www.ncbi.nlm.nih.gov/gene/3346141,-1.53348,2.43096e-06,OSD-207
https://purl.org/okn/frink/kg/spoke-genelab/node/OSD-207-46bf2f458dd003f328af5b6f7f7566b2,CG14034,http://purl.obolibrary.org/obo/NCBITaxon_7227,http://www.ncbi.nlm.nih.gov/gene/33751,-3.74554,0.00313381,OSD-207
https://purl.org/okn/frink/kg/spoke-genelab/node/OSD-207-46bf2f458dd003f328af5b6f7f7566b2,CG2150,http://purl.obolibrary.org/obo/NCBITaxon_7227,http://www.ncbi.nlm.nih.gov/gene/43745,-4.04915,0.0136746,OSD-207
https://purl.org/okn/frink/kg/spoke-genelab/node/OSD-207-46bf2f458dd003f328af5b6f7f7566b2,CG33460,http://purl.obolibrary.org/obo/NCBITaxon_7227,http://www.ncbi.nlm.nih.gov/gene/3885588,1.31491,0.00356108,OSD-207
https://purl.org/okn/frink/kg/spoke-genelab/node/OSD-207-46bf2f458dd003f328af5b6f7f7566b2,Fum2,http://purl.obolibrary.org/obo/NCBITaxon_7227,http://www.ncbi.nlm.nih.gov/gene/31606,1.89788,0.0393289,OSD-207
https://purl.org/okn/frink/kg/spoke-genelab/node/OSD-207-46bf2f458dd003f328af5b6f7f7566b2,Tsp5D,http://purl.obolibrary.org/obo/NCBITaxon_7227,http://www.ncbi.nlm.nih.gov/gene/31540,-1.41536,3.14493e-05,OSD-207
https://purl.org/okn/frink/kg/spoke-genelab/node/OSD-207-46bf2f458dd003f328af5b6f7f7566b2,CG31904,http://purl.obolibrary.org/obo/NCBITaxon_7227,http://www.ncbi.nlm.nih.gov/gene/319016,-3.26951,0.000133201,OSD-207
https://purl.org/okn/frink/kg/spoke-genelab/node/OSD-207-46bf2f458dd003f328af5b6f7f7566b2,CG30090,http://purl.obolibrary.org/obo/NCBITaxon_7227,http://www.ncbi.nlm.nih.gov/gene/246448,2.28388,0.000713359,OSD-207
https://purl.org/okn/frink/kg/spoke-genelab/node/OSD-207-46bf2f458dd003f328af5b6f7f7566b2,pre-rRNA:CR45856,http://purl.obolibrary.org/obo/NCBITaxon_7227,http://www.ncbi.nlm.nih.gov/gene/26067184,2.83994,0.0133683,OSD-207
https://purl.org/okn/frink/kg/spoke-genelab/node/OSD-207-46bf2f458dd003f328af5b6f7f7566b2,lncRNA:CR43900,http://purl.obolibrary.org/obo/NCBITaxon_7227,http://www.ncbi.nlm.nih.gov/gene/14462580,1.36649,0.0395993,OSD-207
https://purl.org/okn/frink/kg/spoke-genelab/node/OSD-207-46bf2f458dd003f328af5b6f7f7566b2,CG14906,http://purl.obolibrary.org/obo/NCBITaxon_7227,http://www.ncbi.nlm.nih.gov/gene/42030,1.54394,0.00135968,OSD-207
https://purl.org/okn/frink/kg/spoke-genelab/node/OSD-207-46bf2f458dd003f328af5b6f7f7566b2,reb,http://purl.obolibrary.org/obo/NCBITaxon_7227,http://www.ncbi.nlm.nih.gov/gene/36275,-3.34834,0.000109994,OSD-207
https://purl.org/okn/frink/kg/spoke-genelab/node/OSD-207-46bf2f458dd003f328af5b6f7f7566b2,brk,http://purl.obolibrary.org/obo/NCBITaxon_7227,http://www.ncbi.nlm.nih.gov/gene/31665,1.44448,1.29795e-09,OSD-207
https://purl.org/okn/frink/kg/spoke-genelab/node/OSD-207-46bf2f458dd003f328af5b6f7f7566b2,CG10910,http://purl.obolibrary.org/obo/NCBITaxon_7227,http://www.ncbi.nlm.nih.gov/gene/37052,7.34769,0.000894338,OSD-207
https://purl.org/okn/frink/kg/spoke-genelab/node/OSD-207-46bf2f458dd003f328af5b6f7f7566b2,veil,http://purl.obolibrary.org/obo/NCBITaxon_7227,http://www.ncbi.nlm.nih.gov/gene/36968,-1.07597,0.0011369,OSD-207
https://purl.org/okn/frink/kg/spoke-genelab/node/OSD-207-46bf2f458dd003f328af5b6f7f7566b2,lncRNA:CR44506,http://purl.obolibrary.org/obo/NCBITaxon_7227,http://www.ncbi.nlm.nih.gov/gene/19834936,-1.00852,0.0132297,OSD-207
https://purl.org/okn/frink/kg/spoke-genelab/node/OSD-207-46bf2f458dd003f328af5b6f7f7566b2,Cpr62Bc,http://purl.obolibrary.org/obo/NCBITaxon_7227,http://www.ncbi.nlm.nih.gov/gene/38241,-4.81731,9.79453e-06,OSD-207
https://purl.org/okn/frink/kg/spoke-genelab/node/OSD-207-46bf2f458dd003f328af5b6f7f7566b2,LysP,http://purl.obolibrary.org/obo/NCBITaxon_7227,http://www.ncbi.nlm.nih.gov/gene/38129,10.0391,0.000420584,OSD-207
https://purl.org/okn/frink/kg/spoke-genelab/node/OSD-207-46bf2f458dd003f328af5b6f7f7566b2,CG15024,http://purl.obolibrary.org/obo/NCBITaxon_7227,http://www.ncbi.nlm.nih.gov/gene/50172,-6.49869,0.0295992,OSD-207
https://purl.org/okn/frink/kg/spoke-genelab/node/OSD-207-46bf2f458dd003f328af5b6f7f7566b2,TpnC41C,http://purl.obolibrary.org/obo/NCBITaxon_7227,http://www.ncbi.nlm.nih.gov/gene/35473,-3.36361,7.77505e-09,OSD-207
https://purl.org/okn/frink/kg/spoke-genelab/node/OSD-207-46bf2f458dd003f328af5b6f7f7566b2,CG33120,http://purl.obolibrary.org/obo/NCBITaxon_7227,http://www.ncbi.nlm.nih.gov/gene/326260,1.33187,1.82561e-05,OSD-207
https://purl.org/okn/frink/kg/spoke-genelab/node/OSD-207-46bf2f458dd003f328af5b6f7f7566b2,asRNA:CR45600,http://purl.obolibrary.org/obo/NCBITaxon_7227,http://www.ncbi.nlm.nih.gov/gene/19835798,-1.42832,0.0038232,OSD-207
https://purl.org/okn/frink/kg/spoke-genelab/node/OSD-207-46bf2f458dd003f328af5b6f7f7566b2,CG11380,http://purl.obolibrary.org/obo/NCBITaxon_7227,http://www.ncbi.nlm.nih.gov/gene/31065,-4.88642,0.000650848,OSD-207
https://purl.org/okn/frink/kg/spoke-genelab/node/OSD-207-46bf2f458dd003f328af5b6f7f7566b2,Nepl13,http://purl.obolibrary.org/obo/NCBITaxon_7227,http://www.ncbi.nlm.nih.gov/gene/42699,1.56837,4.78231e-05,OSD-207
https://purl.org/okn/frink/kg/spoke-genelab/node/OSD-207-46bf2f458dd003f328af5b6f7f7566b2,CG15043,http://purl.obolibrary.org/obo/NCBITaxon_7227,http://www.ncbi.nlm.nih.gov/gene/32835,7.01717,1.58444e-05,OSD-207
https://purl.org/okn/frink/kg/spoke-genelab/node/OSD-207-46bf2f458dd003f328af5b6f7f7566b2,TRAM,http://purl.obolibrary.org/obo/NCBITaxon_7227,http://www.ncbi.nlm.nih.gov/gene/31042,1.19342,0.0018007,OSD-207
https://purl.org/okn/frink/kg/spoke-genelab/node/OSD-207-46bf2f458dd003f328af5b6f7f7566b2,CG33293,http://purl.obolibrary.org/obo/NCBITaxon_7227,http://www.ncbi.nlm.nih.gov/gene/2768659,1.48263,0.000246601,OSD-207
https://purl.org/okn/frink/kg/spoke-genelab/node/OSD-207-46bf2f458dd003f328af5b6f7f7566b2,CG30083,http://purl.obolibrary.org/obo/NCBITaxon_7227,http://www.ncbi.nlm.nih.gov/gene/246444,1.85411,0.000451471,OSD-207
https://purl.org/okn/frink/kg/spoke-genelab/node/OSD-207-46bf2f458dd003f328af5b6f7f7566b2,Sr-CI,http://purl.obolibrary.org/obo/NCBITaxon_7227,http://www.ncbi.nlm.nih.gov/gene/33621,1.05071,0.000831812,OSD-207
https://purl.org/okn/frink/kg/spoke-genelab/node/OSD-207-46bf2f458dd003f328af5b6f7f7566b2,jhamt,http://purl.obolibrary.org/obo/NCBITaxon_7227,http://www.ncbi.nlm.nih.gov/gene/34977,1.13645,0.00680944,OSD-207
https://purl.org/okn/frink/kg/spoke-genelab/node/OSD-207-46bf2f458dd003f328af5b6f7f7566b2,CG3168,http://purl.obolibrary.org/obo/NCBITaxon_7227,http://www.ncbi.nlm.nih.gov/gene/31612,1.83882,5.06181e-05,OSD-207
https://purl.org/okn/frink/kg/spoke-genelab/node/OSD-207-46bf2f458dd003f328af5b6f7f7566b2,tgy,http://purl.obolibrary.org/obo/NCBITaxon_7227,http://www.ncbi.nlm.nih.gov/gene/32896,5.73695,0.000150642,OSD-207
https://purl.org/okn/frink/kg/spoke-genelab/node/OSD-207-46bf2f458dd003f328af5b6f7f7566b2,Ccp84Ag,http://purl.obolibrary.org/obo/NCBITaxon_7227,http://www.ncbi.nlm.nih.gov/gene/40819,-4.39756,8.85867e-05,OSD-207
https://purl.org/okn/frink/kg/spoke-genelab/node/OSD-207-46bf2f458dd003f328af5b6f7f7566b2,CG7884,http://purl.obolibrary.org/obo/NCBITaxon_7227,http://www.ncbi.nlm.nih.gov/gene/32914,-3.00943,0.0213167,OSD-207
https://purl.org/okn/frink/kg/spoke-genelab/node/OSD-207-46bf2f458dd003f328af5b6f7f7566b2,asRNA:CR46089,http://purl.obolibrary.org/obo/NCBITaxon_7227,http://www.ncbi.nlm.nih.gov/gene/26067406,1.96579,0.0353888,OSD-207
https://purl.org/okn/frink/kg/spoke-genelab/node/OSD-207-46bf2f458dd003f328af5b6f7f7566b2,CG8854,http://purl.obolibrary.org/obo/NCBITaxon_7227,http://www.ncbi.nlm.nih.gov/gene/36324,-1.26758,0.00118322,OSD-207
https://purl.org/okn/frink/kg/spoke-genelab/node/OSD-207-46bf2f458dd003f328af5b6f7f7566b2,CG43085,http://purl.obolibrary.org/obo/NCBITaxon_7227,http://www.ncbi.nlm.nih.gov/gene/12797926,2.77849,2.02681e-07,OSD-207
https://purl.org/okn/frink/kg/spoke-genelab/node/OSD-207-46bf2f458dd003f328af5b6f7f7566b2,lncRNA:CR44946,http://purl.obolibrary.org/obo/NCBITaxon_7227,http://www.ncbi.nlm.nih.gov/gene/19836094,-2.05322,2.06299e-06,OSD-207
https://purl.org/okn/frink/kg/spoke-genelab/node/OSD-207-46bf2f458dd003f328af5b6f7f7566b2,CG44251,http://purl.obolibrary.org/obo/NCBITaxon_7227,http://www.ncbi.nlm.nih.gov/gene/36429,3.39406,0.00793756,OSD-207
https://purl.org/okn/frink/kg/spoke-genelab/node/OSD-207-46bf2f458dd003f328af5b6f7f7566b2,Spn85F,http://purl.obolibrary.org/obo/NCBITaxon_7227,http://www.ncbi.nlm.nih.gov/gene/41221,-1.69338,0.0142136,OSD-207
https://purl.org/okn/frink/kg/spoke-genelab/node/OSD-207-46bf2f458dd003f328af5b6f7f7566b2,CG5955,http://purl.obolibrary.org/obo/NCBITaxon_7227,http://www.ncbi.nlm.nih.gov/gene/40268,1.26342,0.00264258,OSD-207
https://purl.org/okn/frink/kg/spoke-genelab/node/OSD-207-46bf2f458dd003f328af5b6f7f7566b2,CaBP1,http://purl.obolibrary.org/obo/NCBITaxon_7227,http://www.ncbi.nlm.nih.gov/gene/34976,1.06075,0.0438479,OSD-207
https://purl.org/okn/frink/kg/spoke-genelab/node/OSD-207-46bf2f458dd003f328af5b6f7f7566b2,CG8501,http://purl.obolibrary.org/obo/NCBITaxon_7227,http://www.ncbi.nlm.nih.gov/gene/36347,-1.80431,0.000824423,OSD-207
https://purl.org/okn/frink/kg/spoke-genelab/node/OSD-207-46bf2f458dd003f328af5b6f7f7566b2,p38c,http://purl.obolibrary.org/obo/NCBITaxon_7227,http://www.ncbi.nlm.nih.gov/gene/2768679,1.76888,0.0152996,OSD-207
https://purl.org/okn/frink/kg/spoke-genelab/node/OSD-207-46bf2f458dd003f328af5b6f7f7566b2,CG10116,http://purl.obolibrary.org/obo/NCBITaxon_7227,http://www.ncbi.nlm.nih.gov/gene/39515,2.17399,0.00232754,OSD-207
https://purl.org/okn/frink/kg/spoke-genelab/node/OSD-207-46bf2f458dd003f328af5b6f7f7566b2,CG13323,http://purl.obolibrary.org/obo/NCBITaxon_7227,http://www.ncbi.nlm.nih.gov/gene/36433,6.74783,0.000224504,OSD-207
https://purl.org/okn/frink/kg/spoke-genelab/node/OSD-207-46bf2f458dd003f328af5b6f7f7566b2,CG7135,http://purl.obolibrary.org/obo/NCBITaxon_7227,http://www.ncbi.nlm.nih.gov/gene/32793,-1.90919,5.68331e-05,OSD-207
https://purl.org/okn/frink/kg/spoke-genelab/node/OSD-207-46bf2f458dd003f328af5b6f7f7566b2,CG10912,http://purl.obolibrary.org/obo/NCBITaxon_7227,http://www.ncbi.nlm.nih.gov/gene/37059,6.07651,0.0150246,OSD-207
https://purl.org/okn/frink/kg/spoke-genelab/node/OSD-207-46bf2f458dd003f328af5b6f7f7566b2,Cda4,http://purl.obolibrary.org/obo/NCBITaxon_7227,http://www.ncbi.nlm.nih.gov/gene/33144,-4.77817,0.000169406,OSD-207
https://purl.org/okn/frink/kg/spoke-genelab/node/OSD-207-46bf2f458dd003f328af5b6f7f7566b2,CG1368,http://purl.obolibrary.org/obo/NCBITaxon_7227,http://www.ncbi.nlm.nih.gov/gene/32361,-3.84217,0.00462075,OSD-207
https://purl.org/okn/frink/kg/spoke-genelab/node/OSD-207-46bf2f458dd003f328af5b6f7f7566b2,CG13618,http://purl.obolibrary.org/obo/NCBITaxon_7227,http://www.ncbi.nlm.nih.gov/gene/42924,1.09907,0.00462671,OSD-207
https://purl.org/okn/frink/kg/spoke-genelab/node/OSD-207-46bf2f458dd003f328af5b6f7f7566b2,SmydA-3,http://purl.obolibrary.org/obo/NCBITaxon_7227,http://www.ncbi.nlm.nih.gov/gene/34502,-1.65578,3.90368e-05,OSD-207
https://purl.org/okn/frink/kg/spoke-genelab/node/OSD-207-46bf2f458dd003f328af5b6f7f7566b2,PGRP-SB1,http://purl.obolibrary.org/obo/NCBITaxon_7227,http://www.ncbi.nlm.nih.gov/gene/39870,2.209,0.00680286,OSD-207
https://purl.org/okn/frink/kg/spoke-genelab/node/OSD-207-46bf2f458dd003f328af5b6f7f7566b2,asRNA:CR43465,http://purl.obolibrary.org/obo/NCBITaxon_7227,http://www.ncbi.nlm.nih.gov/gene/12798571,2.17033,0.0425169,OSD-207
https://purl.org/okn/frink/kg/spoke-genelab/node/OSD-207-46bf2f458dd003f328af5b6f7f7566b2,Osi9,http://purl.obolibrary.org/obo/NCBITaxon_7227,http://www.ncbi.nlm.nih.gov/gene/40763,-5.69647,1.54115e-07,OSD-207
https://purl.org/okn/frink/kg/spoke-genelab/node/OSD-207-46bf2f458dd003f328af5b6f7f7566b2,CG14160,http://purl.obolibrary.org/obo/NCBITaxon_7227,http://www.ncbi.nlm.nih.gov/gene/39177,7.22006,0.000188942,OSD-207
https://purl.org/okn/frink/kg/spoke-genelab/node/OSD-207-46bf2f458dd003f328af5b6f7f7566b2,Tsp42Ej,http://purl.obolibrary.org/obo/NCBITaxon_7227,http://www.ncbi.nlm.nih.gov/gene/35620,-1.18479,7.39138e-13,OSD-207
https://purl.org/okn/frink/kg/spoke-genelab/node/OSD-207-46bf2f458dd003f328af5b6f7f7566b2,lncRNA:CR45597,http://purl.obolibrary.org/obo/NCBITaxon_7227,http://www.ncbi.nlm.nih.gov/gene/19835539,-1.42725,0.00101558,OSD-207
https://purl.org/okn/frink/kg/spoke-genelab/node/OSD-207-46bf2f458dd003f328af5b6f7f7566b2,CG30062,http://purl.obolibrary.org/obo/NCBITaxon_7227,http://www.ncbi.nlm.nih.gov/gene/246428,-1.94371,0.0201017,OSD-207
https://purl.org/okn/frink/kg/spoke-genelab/node/OSD-207-46bf2f458dd003f328af5b6f7f7566b2,Nepl20,http://purl.obolibrary.org/obo/NCBITaxon_7227,http://www.ncbi.nlm.nih.gov/gene/43412,1.0468,0.00296903,OSD-207
https://purl.org/okn/frink/kg/spoke-genelab/node/OSD-207-46bf2f458dd003f328af5b6f7f7566b2,CG11334,http://purl.obolibrary.org/obo/NCBITaxon_7227,http://www.ncbi.nlm.nih.gov/gene/43713,1.1005,4.65407e-05,OSD-207
https://purl.org/okn/frink/kg/spoke-genelab/node/OSD-207-46bf2f458dd003f328af5b6f7f7566b2,CG42714,http://purl.obolibrary.org/obo/NCBITaxon_7227,http://www.ncbi.nlm.nih.gov/gene/10178862,5.44416,0.0187159,OSD-207
https://purl.org/okn/frink/kg/spoke-genelab/node/OSD-207-46bf2f458dd003f328af5b6f7f7566b2,Spp,http://purl.obolibrary.org/obo/NCBITaxon_7227,http://www.ncbi.nlm.nih.gov/gene/33227,1.07182,0.000120636,OSD-207
https://purl.org/okn/frink/kg/spoke-genelab/node/OSD-207-46bf2f458dd003f328af5b6f7f7566b2,Cpr47Ea,http://purl.obolibrary.org/obo/NCBITaxon_7227,http://www.ncbi.nlm.nih.gov/gene/36188,-2.61768,0.00285079,OSD-207
https://purl.org/okn/frink/kg/spoke-genelab/node/OSD-207-46bf2f458dd003f328af5b6f7f7566b2,CG15021,http://purl.obolibrary.org/obo/NCBITaxon_7227,http://www.ncbi.nlm.nih.gov/gene/38546,-1.98114,1.1401e-05,OSD-207
https://purl.org/okn/frink/kg/spoke-genelab/node/OSD-207-46bf2f458dd003f328af5b6f7f7566b2,CG7017,http://purl.obolibrary.org/obo/NCBITaxon_7227,http://www.ncbi.nlm.nih.gov/gene/40213,7.77932,9.99206e-05,OSD-207
https://purl.org/okn/frink/kg/spoke-genelab/node/OSD-207-46bf2f458dd003f328af5b6f7f7566b2,lncRNA:CR45414,http://purl.obolibrary.org/obo/NCBITaxon_7227,http://www.ncbi.nlm.nih.gov/gene/19836143,-1.78174,0.0244628,OSD-207
https://purl.org/okn/frink/kg/spoke-genelab/node/OSD-207-46bf2f458dd003f328af5b6f7f7566b2,CG14795,http://purl.obolibrary.org/obo/NCBITaxon_7227,http://www.ncbi.nlm.nih.gov/gene/31109,-1.46745,0.00453407,OSD-207
https://purl.org/okn/frink/kg/spoke-genelab/node/OSD-207-46bf2f458dd003f328af5b6f7f7566b2,CG13041,http://purl.obolibrary.org/obo/NCBITaxon_7227,http://www.ncbi.nlm.nih.gov/gene/39801,-5.39921,0.000239488,OSD-207
https://purl.org/okn/frink/kg/spoke-genelab/node/OSD-207-46bf2f458dd003f328af5b6f7f7566b2,asRNA:CR45800,http://purl.obolibrary.org/obo/NCBITaxon_7227,http://www.ncbi.nlm.nih.gov/gene/26067130,-1.05924,0.0247133,OSD-207
https://purl.org/okn/frink/kg/spoke-genelab/node/OSD-207-46bf2f458dd003f328af5b6f7f7566b2,CG15629,http://purl.obolibrary.org/obo/NCBITaxon_7227,http://www.ncbi.nlm.nih.gov/gene/33679,-1.01253,0.0100134,OSD-207
https://purl.org/okn/frink/kg/spoke-genelab/node/OSD-207-46bf2f458dd003f328af5b6f7f7566b2,CG8170,http://purl.obolibrary.org/obo/NCBITaxon_7227,http://www.ncbi.nlm.nih.gov/gene/35908,-1.6977,7.58438e-05,OSD-207
https://purl.org/okn/frink/kg/spoke-genelab/node/OSD-207-46bf2f458dd003f328af5b6f7f7566b2,lncRNA:CR42868,http://purl.obolibrary.org/obo/NCBITaxon_7227,http://www.ncbi.nlm.nih.gov/gene/19835116,1.01433,0.00660178,OSD-207
https://purl.org/okn/frink/kg/spoke-genelab/node/OSD-207-46bf2f458dd003f328af5b6f7f7566b2,CG33510,http://purl.obolibrary.org/obo/NCBITaxon_7227,http://www.ncbi.nlm.nih.gov/gene/3346224,2.01536,0.0031684,OSD-207
https://purl.org/okn/frink/kg/spoke-genelab/node/OSD-207-46bf2f458dd003f328af5b6f7f7566b2,asRNA:CR43480,http://purl.obolibrary.org/obo/NCBITaxon_7227,http://www.ncbi.nlm.nih.gov/gene/12798148,-1.35001,4.1533e-08,OSD-207
https://purl.org/okn/frink/kg/spoke-genelab/node/OSD-207-46bf2f458dd003f328af5b6f7f7566b2,CG42662,http://purl.obolibrary.org/obo/NCBITaxon_7227,http://www.ncbi.nlm.nih.gov/gene/10178847,-1.98991,0.00925762,OSD-207
https://purl.org/okn/frink/kg/spoke-genelab/node/OSD-207-46bf2f458dd003f328af5b6f7f7566b2,euc,http://purl.obolibrary.org/obo/NCBITaxon_7227,http://www.ncbi.nlm.nih.gov/gene/42271,-1.20486,0.00162629,OSD-207
https://purl.org/okn/frink/kg/spoke-genelab/node/OSD-207-46bf2f458dd003f328af5b6f7f7566b2,lncRNA:CR44206,http://purl.obolibrary.org/obo/NCBITaxon_7227,http://www.ncbi.nlm.nih.gov/gene/19835403,1.85086,0.0045945,OSD-207
https://purl.org/okn/frink/kg/spoke-genelab/node/OSD-207-46bf2f458dd003f328af5b6f7f7566b2,Rab3-GEF,http://purl.obolibrary.org/obo/NCBITaxon_7227,http://www.ncbi.nlm.nih.gov/gene/32442,-1.0094,1.84046e-21,OSD-207
https://purl.org/okn/frink/kg/spoke-genelab/node/OSD-207-46bf2f458dd003f328af5b6f7f7566b2,Mf,http://purl.obolibrary.org/obo/NCBITaxon_7227,http://www.ncbi.nlm.nih.gov/gene/41824,-1.0835,3.97166e-05,OSD-207
https://purl.org/okn/frink/kg/spoke-genelab/node/OSD-207-46bf2f458dd003f328af5b6f7f7566b2,CG6808,http://purl.obolibrary.org/obo/NCBITaxon_7227,http://www.ncbi.nlm.nih.gov/gene/41394,1.4505,0.000387838,OSD-207
https://purl.org/okn/frink/kg/spoke-genelab/node/OSD-207-46bf2f458dd003f328af5b6f7f7566b2,asRNA:CR45131,http://purl.obolibrary.org/obo/NCBITaxon_7227,http://www.ncbi.nlm.nih.gov/gene/19835632,-1.21885,3.6546e-06,OSD-207
https://purl.org/okn/frink/kg/spoke-genelab/node/OSD-207-46bf2f458dd003f328af5b6f7f7566b2,Cyp49a1,http://purl.obolibrary.org/obo/NCBITaxon_7227,http://www.ncbi.nlm.nih.gov/gene/36105,1.8874,0.0114305,OSD-207
https://purl.org/okn/frink/kg/spoke-genelab/node/OSD-207-46bf2f458dd003f328af5b6f7f7566b2,lncRNA:CR44851,http://purl.obolibrary.org/obo/NCBITaxon_7227,http://www.ncbi.nlm.nih.gov/gene/19835363,2.28968,0.000309903,OSD-207
https://purl.org/okn/frink/kg/spoke-genelab/node/OSD-207-46bf2f458dd003f328af5b6f7f7566b2,lncRNA:CR45706,http://purl.obolibrary.org/obo/NCBITaxon_7227,http://www.ncbi.nlm.nih.gov/gene/19835718,-1.00204,0.0168119,OSD-207
https://purl.org/okn/frink/kg/spoke-genelab/node/OSD-207-46bf2f458dd003f328af5b6f7f7566b2,CG42807,http://purl.obolibrary.org/obo/NCBITaxon_7227,http://www.ncbi.nlm.nih.gov/gene/36511,2.14214,0.0219249,OSD-207
https://purl.org/okn/frink/kg/spoke-genelab/node/OSD-207-46bf2f458dd003f328af5b6f7f7566b2,Gart,http://purl.obolibrary.org/obo/NCBITaxon_7227,http://www.ncbi.nlm.nih.gov/gene/33986,1.10041,0.0179459,OSD-207
https://purl.org/okn/frink/kg/spoke-genelab/node/OSD-207-46bf2f458dd003f328af5b6f7f7566b2,CG4020,http://purl.obolibrary.org/obo/NCBITaxon_7227,http://www.ncbi.nlm.nih.gov/gene/31522,1.77194,3.05993e-06,OSD-207
https://purl.org/okn/frink/kg/spoke-genelab/node/OSD-207-46bf2f458dd003f328af5b6f7f7566b2,CG40485,http://purl.obolibrary.org/obo/NCBITaxon_7227,http://www.ncbi.nlm.nih.gov/gene/3355165,-1.25047,1.48749e-06,OSD-207
https://purl.org/okn/frink/kg/spoke-genelab/node/OSD-207-46bf2f458dd003f328af5b6f7f7566b2,Tsp42Ed,http://purl.obolibrary.org/obo/NCBITaxon_7227,http://www.ncbi.nlm.nih.gov/gene/35613,1.08444,0.0105617,OSD-207
https://purl.org/okn/frink/kg/spoke-genelab/node/OSD-207-46bf2f458dd003f328af5b6f7f7566b2,CG8860,http://purl.obolibrary.org/obo/NCBITaxon_7227,http://www.ncbi.nlm.nih.gov/gene/36310,1.10595,7.22112e-06,OSD-207
https://purl.org/okn/frink/kg/spoke-genelab/node/OSD-207-46bf2f458dd003f328af5b6f7f7566b2,CG13044,http://purl.obolibrary.org/obo/NCBITaxon_7227,http://www.ncbi.nlm.nih.gov/gene/39795,-9.73408,2.0738e-05,OSD-207
https://purl.org/okn/frink/kg/spoke-genelab/node/OSD-207-46bf2f458dd003f328af5b6f7f7566b2,CG45061,http://purl.obolibrary.org/obo/NCBITaxon_7227,http://www.ncbi.nlm.nih.gov/gene/19835998,3.88135,0.0171324,OSD-207
https://purl.org/okn/frink/kg/spoke-genelab/node/OSD-207-46bf2f458dd003f328af5b6f7f7566b2,CG11529,http://purl.obolibrary.org/obo/NCBITaxon_7227,http://www.ncbi.nlm.nih.gov/gene/39395,1.12554,0.009809,OSD-207
https://purl.org/okn/frink/kg/spoke-genelab/node/OSD-207-46bf2f458dd003f328af5b6f7f7566b2,CG13704,http://purl.obolibrary.org/obo/NCBITaxon_7227,http://www.ncbi.nlm.nih.gov/gene/38588,4.50224,0.00155842,OSD-207
https://purl.org/okn/frink/kg/spoke-genelab/node/OSD-207-46bf2f458dd003f328af5b6f7f7566b2,CG10513,http://purl.obolibrary.org/obo/NCBITaxon_7227,http://www.ncbi.nlm.nih.gov/gene/43051,-1.94987,1.30224e-05,OSD-207
https://purl.org/okn/frink/kg/spoke-genelab/node/OSD-207-46bf2f458dd003f328af5b6f7f7566b2,CG33469,http://purl.obolibrary.org/obo/NCBITaxon_7227,http://www.ncbi.nlm.nih.gov/gene/2768832,1.53643,0.00366827,OSD-207
https://purl.org/okn/frink/kg/spoke-genelab/node/OSD-207-46bf2f458dd003f328af5b6f7f7566b2,CG13606,http://purl.obolibrary.org/obo/NCBITaxon_7227,http://www.ncbi.nlm.nih.gov/gene/42873,-1.08799,0.0162511,OSD-207
https://purl.org/okn/frink/kg/spoke-genelab/node/OSD-207-46bf2f458dd003f328af5b6f7f7566b2,CG3246,http://purl.obolibrary.org/obo/NCBITaxon_7227,http://www.ncbi.nlm.nih.gov/gene/33564,1.01351,0.00317925,OSD-207
https://purl.org/okn/frink/kg/spoke-genelab/node/OSD-207-46bf2f458dd003f328af5b6f7f7566b2,Nplp3,http://purl.obolibrary.org/obo/NCBITaxon_7227,http://www.ncbi.nlm.nih.gov/gene/59235,-4.81662,1.77973e-07,OSD-207
https://purl.org/okn/frink/kg/spoke-genelab/node/OSD-207-46bf2f458dd003f328af5b6f7f7566b2,CG11459,http://purl.obolibrary.org/obo/NCBITaxon_7227,http://www.ncbi.nlm.nih.gov/gene/40741,1.11832,0.00529265,OSD-207
https://purl.org/okn/frink/kg/spoke-genelab/node/OSD-207-46bf2f458dd003f328af5b6f7f7566b2,kek4,http://purl.obolibrary.org/obo/NCBITaxon_7227,http://www.ncbi.nlm.nih.gov/gene/34718,-1.24838,1.25685e-11,OSD-207
https://purl.org/okn/frink/kg/spoke-genelab/node/OSD-207-46bf2f458dd003f328af5b6f7f7566b2,CG4239,http://purl.obolibrary.org/obo/NCBITaxon_7227,http://www.ncbi.nlm.nih.gov/gene/32606,-1.20311,1.01291e-05,OSD-207
https://purl.org/okn/frink/kg/spoke-genelab/node/OSD-207-46bf2f458dd003f328af5b6f7f7566b2,Cpr47Ef,http://purl.obolibrary.org/obo/NCBITaxon_7227,http://www.ncbi.nlm.nih.gov/gene/36194,-2.89016,9.53731e-07,OSD-207
https://purl.org/okn/frink/kg/spoke-genelab/node/OSD-207-46bf2f458dd003f328af5b6f7f7566b2,Lcp65Ag2|Lcp65Ag1,http://purl.obolibrary.org/obo/NCBITaxon_7227,http://www.ncbi.nlm.nih.gov/gene/38702,-2.7686,2.0395e-07,OSD-207
https://purl.org/okn/frink/kg/spoke-genelab/node/OSD-207-46bf2f458dd003f328af5b6f7f7566b2,Lcp65Ag2|Lcp65Ag1,http://purl.obolibrary.org/obo/NCBITaxon_7227,http://www.ncbi.nlm.nih.gov/gene/38703,-2.7686,2.0395e-07,OSD-207
https://purl.org/okn/frink/kg/spoke-genelab/node/OSD-207-46bf2f458dd003f328af5b6f7f7566b2,TpnC4,http://purl.obolibrary.org/obo/NCBITaxon_7227,http://www.ncbi.nlm.nih.gov/gene/35498,4.25242,0.00115671,OSD-207
https://purl.org/okn/frink/kg/spoke-genelab/node/OSD-207-46bf2f458dd003f328af5b6f7f7566b2,Nepl14,http://purl.obolibrary.org/obo/NCBITaxon_7227,http://www.ncbi.nlm.nih.gov/gene/42700,1.55338,0.000102074,OSD-207
https://purl.org/okn/frink/kg/spoke-genelab/node/OSD-207-46bf2f458dd003f328af5b6f7f7566b2,Lime,http://purl.obolibrary.org/obo/NCBITaxon_7227,http://www.ncbi.nlm.nih.gov/gene/36023,1.23042,0.0132109,OSD-207
https://purl.org/okn/frink/kg/spoke-genelab/node/OSD-207-46bf2f458dd003f328af5b6f7f7566b2,CG7214,http://purl.obolibrary.org/obo/NCBITaxon_7227,http://www.ncbi.nlm.nih.gov/gene/34053,-9.76891,9.24091e-13,OSD-207
https://purl.org/okn/frink/kg/spoke-genelab/node/OSD-207-46bf2f458dd003f328af5b6f7f7566b2,CG13563,http://purl.obolibrary.org/obo/NCBITaxon_7227,http://www.ncbi.nlm.nih.gov/gene/37845,-1.61186,0.00465398,OSD-207
https://purl.org/okn/frink/kg/spoke-genelab/node/OSD-207-46bf2f458dd003f328af5b6f7f7566b2,lncRNA:CR44628,http://purl.obolibrary.org/obo/NCBITaxon_7227,http://www.ncbi.nlm.nih.gov/gene/19835486,-1.59691,0.0267413,OSD-207
https://purl.org/okn/frink/kg/spoke-genelab/node/OSD-207-46bf2f458dd003f328af5b6f7f7566b2,CG13482,http://purl.obolibrary.org/obo/NCBITaxon_7227,http://www.ncbi.nlm.nih.gov/gene/39577,3.32315,0.00825678,OSD-207
https://purl.org/okn/frink/kg/spoke-genelab/node/OSD-207-46bf2f458dd003f328af5b6f7f7566b2,Spn88Eb,http://purl.obolibrary.org/obo/NCBITaxon_7227,http://www.ncbi.nlm.nih.gov/gene/41829,1.9853,0.0229022,OSD-207
https://purl.org/okn/frink/kg/spoke-genelab/node/OSD-207-46bf2f458dd003f328af5b6f7f7566b2,lectin-37Da,http://purl.obolibrary.org/obo/NCBITaxon_7227,http://www.ncbi.nlm.nih.gov/gene/3346222,7.24711,7.48166e-06,OSD-207
https://purl.org/okn/frink/kg/spoke-genelab/node/OSD-207-46bf2f458dd003f328af5b6f7f7566b2,CG34327,http://purl.obolibrary.org/obo/NCBITaxon_7227,http://www.ncbi.nlm.nih.gov/gene/5740714,-3.74832,0.000239944,OSD-207
https://purl.org/okn/frink/kg/spoke-genelab/node/OSD-207-46bf2f458dd003f328af5b6f7f7566b2,CG2909,http://purl.obolibrary.org/obo/NCBITaxon_7227,http://www.ncbi.nlm.nih.gov/gene/31958,1.29659,1.7627e-07,OSD-207
https://purl.org/okn/frink/kg/spoke-genelab/node/OSD-207-46bf2f458dd003f328af5b6f7f7566b2,Cpr50Cb,http://purl.obolibrary.org/obo/NCBITaxon_7227,http://www.ncbi.nlm.nih.gov/gene/36525,-2.70989,0.000133624,OSD-207
https://purl.org/okn/frink/kg/spoke-genelab/node/OSD-207-46bf2f458dd003f328af5b6f7f7566b2,Cyp4s3,http://purl.obolibrary.org/obo/NCBITaxon_7227,http://www.ncbi.nlm.nih.gov/gene/32444,1.09327,0.0187116,OSD-207
https://purl.org/okn/frink/kg/spoke-genelab/node/OSD-207-46bf2f458dd003f328af5b6f7f7566b2,retinin,http://purl.obolibrary.org/obo/NCBITaxon_7227,http://www.ncbi.nlm.nih.gov/gene/53564,-2.47621,4.7281e-07,OSD-207
https://purl.org/okn/frink/kg/spoke-genelab/node/OSD-207-46bf2f458dd003f328af5b6f7f7566b2,CG7768,http://purl.obolibrary.org/obo/NCBITaxon_7227,http://www.ncbi.nlm.nih.gov/gene/39573,3.3632,0.00022151,OSD-207
https://purl.org/okn/frink/kg/spoke-genelab/node/OSD-207-46bf2f458dd003f328af5b6f7f7566b2,CheA7a,http://purl.obolibrary.org/obo/NCBITaxon_7227,http://www.ncbi.nlm.nih.gov/gene/31672,-10.0457,1.54011e-05,OSD-207
https://purl.org/okn/frink/kg/spoke-genelab/node/OSD-207-46bf2f458dd003f328af5b6f7f7566b2,PPO1,http://purl.obolibrary.org/obo/NCBITaxon_7227,http://www.ncbi.nlm.nih.gov/gene/37044,1.62022,0.000550873,OSD-207
https://purl.org/okn/frink/kg/spoke-genelab/node/OSD-207-46bf2f458dd003f328af5b6f7f7566b2,Strica,http://purl.obolibrary.org/obo/NCBITaxon_7227,http://www.ncbi.nlm.nih.gov/gene/35528,1.29417,0.0106216,OSD-207
https://purl.org/okn/frink/kg/spoke-genelab/node/OSD-207-46bf2f458dd003f328af5b6f7f7566b2,CG13857,http://purl.obolibrary.org/obo/NCBITaxon_7227,http://www.ncbi.nlm.nih.gov/gene/42627,-5.7069,0.00115176,OSD-207
https://purl.org/okn/frink/kg/spoke-genelab/node/OSD-207-46bf2f458dd003f328af5b6f7f7566b2,asRNA:CR44370,http://purl.obolibrary.org/obo/NCBITaxon_7227,http://www.ncbi.nlm.nih.gov/gene/19834935,-1.36048,0.00431645,OSD-207
https://purl.org/okn/frink/kg/spoke-genelab/node/OSD-207-46bf2f458dd003f328af5b6f7f7566b2,asRNA:CR43481,http://purl.obolibrary.org/obo/NCBITaxon_7227,http://www.ncbi.nlm.nih.gov/gene/12798374,2.28215,0.00464717,OSD-207
https://purl.org/okn/frink/kg/spoke-genelab/node/OSD-207-46bf2f458dd003f328af5b6f7f7566b2,CG2993,http://purl.obolibrary.org/obo/NCBITaxon_7227,http://www.ncbi.nlm.nih.gov/gene/40924,-1.0761,1.76324e-15,OSD-207
https://purl.org/okn/frink/kg/spoke-genelab/node/OSD-207-46bf2f458dd003f328af5b6f7f7566b2,CG18746,http://purl.obolibrary.org/obo/NCBITaxon_7227,http://www.ncbi.nlm.nih.gov/gene/59142,5.01973,0.0154189,OSD-207
https://purl.org/okn/frink/kg/spoke-genelab/node/OSD-207-46bf2f458dd003f328af5b6f7f7566b2,CG10936,http://purl.obolibrary.org/obo/NCBITaxon_7227,http://www.ncbi.nlm.nih.gov/gene/37000,-3.2595,2.15647e-06,OSD-207
https://purl.org/okn/frink/kg/spoke-genelab/node/OSD-207-46bf2f458dd003f328af5b6f7f7566b2,CG11893,http://purl.obolibrary.org/obo/NCBITaxon_7227,http://www.ncbi.nlm.nih.gov/gene/43056,2.05869,0.0365649,OSD-207
https://purl.org/okn/frink/kg/spoke-genelab/node/OSD-207-46bf2f458dd003f328af5b6f7f7566b2,asRNA:CR44386,http://purl.obolibrary.org/obo/NCBITaxon_7227,http://www.ncbi.nlm.nih.gov/gene/19835093,2.89016,0.0167636,OSD-207
https://purl.org/okn/frink/kg/spoke-genelab/node/OSD-207-46bf2f458dd003f328af5b6f7f7566b2,Mal-B1,http://purl.obolibrary.org/obo/NCBITaxon_7227,http://www.ncbi.nlm.nih.gov/gene/34597,1.80251,0.00297205,OSD-207
https://purl.org/okn/frink/kg/spoke-genelab/node/OSD-207-46bf2f458dd003f328af5b6f7f7566b2,CG17224,http://purl.obolibrary.org/obo/NCBITaxon_7227,http://www.ncbi.nlm.nih.gov/gene/33510,3.44687,1.48379e-13,OSD-207
https://purl.org/okn/frink/kg/spoke-genelab/node/OSD-207-46bf2f458dd003f328af5b6f7f7566b2,Decay,http://purl.obolibrary.org/obo/NCBITaxon_7227,http://www.ncbi.nlm.nih.gov/gene/42008,7.58715,0.000559217,OSD-207
https://purl.org/okn/frink/kg/spoke-genelab/node/OSD-207-46bf2f458dd003f328af5b6f7f7566b2,CG45087,http://purl.obolibrary.org/obo/NCBITaxon_7227,http://www.ncbi.nlm.nih.gov/gene/19834964,1.75394,0.0120308,OSD-207
https://purl.org/okn/frink/kg/spoke-genelab/node/OSD-207-46bf2f458dd003f328af5b6f7f7566b2,CG4984,http://purl.obolibrary.org/obo/NCBITaxon_7227,http://www.ncbi.nlm.nih.gov/gene/37017,-1.09658,0.0203813,OSD-207
https://purl.org/okn/frink/kg/spoke-genelab/node/OSD-207-46bf2f458dd003f328af5b6f7f7566b2,h,http://purl.obolibrary.org/obo/NCBITaxon_7227,http://www.ncbi.nlm.nih.gov/gene/38995,1.24697,0.0172974,OSD-207
https://purl.org/okn/frink/kg/spoke-genelab/node/OSD-207-46bf2f458dd003f328af5b6f7f7566b2,sona,http://purl.obolibrary.org/obo/NCBITaxon_7227,http://www.ncbi.nlm.nih.gov/gene/37762,-1.22229,0.00843312,OSD-207
https://purl.org/okn/frink/kg/spoke-genelab/node/OSD-207-46bf2f458dd003f328af5b6f7f7566b2,NimC1,http://purl.obolibrary.org/obo/NCBITaxon_7227,http://www.ncbi.nlm.nih.gov/gene/34816,1.23069,0.00121868,OSD-207
https://purl.org/okn/frink/kg/spoke-genelab/node/OSD-207-46bf2f458dd003f328af5b6f7f7566b2,Nse1,http://purl.obolibrary.org/obo/NCBITaxon_7227,http://www.ncbi.nlm.nih.gov/gene/33938,1.19487,0.0308166,OSD-207
https://purl.org/okn/frink/kg/spoke-genelab/node/OSD-207-46bf2f458dd003f328af5b6f7f7566b2,CG43732,http://purl.obolibrary.org/obo/NCBITaxon_7227,http://www.ncbi.nlm.nih.gov/gene/14462486,-1.00405,0.000307275,OSD-207
https://purl.org/okn/frink/kg/spoke-genelab/node/OSD-207-46bf2f458dd003f328af5b6f7f7566b2,CG10738,http://purl.obolibrary.org/obo/NCBITaxon_7227,http://www.ncbi.nlm.nih.gov/gene/39516,-1.09287,5.52794e-05,OSD-207
https://purl.org/okn/frink/kg/spoke-genelab/node/OSD-207-46bf2f458dd003f328af5b6f7f7566b2,CG5011,http://purl.obolibrary.org/obo/NCBITaxon_7227,http://www.ncbi.nlm.nih.gov/gene/50196,4.79766,0.0203976,OSD-207
https://purl.org/okn/frink/kg/spoke-genelab/node/OSD-207-46bf2f458dd003f328af5b6f7f7566b2,CG7203,http://purl.obolibrary.org/obo/NCBITaxon_7227,http://www.ncbi.nlm.nih.gov/gene/34055,-6.63923,2.87057e-10,OSD-207
https://purl.org/okn/frink/kg/spoke-genelab/node/OSD-207-46bf2f458dd003f328af5b6f7f7566b2,CG3999,http://purl.obolibrary.org/obo/NCBITaxon_7227,http://www.ncbi.nlm.nih.gov/gene/41253,1.42309,0.00913985,OSD-207
https://purl.org/okn/frink/kg/spoke-genelab/node/OSD-207-46bf2f458dd003f328af5b6f7f7566b2,CG14645,http://purl.obolibrary.org/obo/NCBITaxon_7227,http://www.ncbi.nlm.nih.gov/gene/50160,8.90876,9.97498e-08,OSD-207
https://purl.org/okn/frink/kg/spoke-genelab/node/OSD-207-46bf2f458dd003f328af5b6f7f7566b2,lncRNA:CR45269,http://purl.obolibrary.org/obo/NCBITaxon_7227,http://www.ncbi.nlm.nih.gov/gene/19836219,1.76914,0.00622251,OSD-207
https://purl.org/okn/frink/kg/spoke-genelab/node/OSD-207-46bf2f458dd003f328af5b6f7f7566b2,Marf1,http://purl.obolibrary.org/obo/NCBITaxon_7227,http://www.ncbi.nlm.nih.gov/gene/49895,1.26658,0.00768992,OSD-207
https://purl.org/okn/frink/kg/spoke-genelab/node/OSD-207-46bf2f458dd003f328af5b6f7f7566b2,lncRNA:CR44725,http://purl.obolibrary.org/obo/NCBITaxon_7227,http://www.ncbi.nlm.nih.gov/gene/19835497,3.79438,0.00849237,OSD-207
https://purl.org/okn/frink/kg/spoke-genelab/node/OSD-207-46bf2f458dd003f328af5b6f7f7566b2,CG32036,http://purl.obolibrary.org/obo/NCBITaxon_7227,http://www.ncbi.nlm.nih.gov/gene/39105,-1.79584,0.0492159,OSD-207
https://purl.org/okn/frink/kg/spoke-genelab/node/OSD-207-46bf2f458dd003f328af5b6f7f7566b2,lncRNA:CR44111,http://purl.obolibrary.org/obo/NCBITaxon_7227,http://www.ncbi.nlm.nih.gov/gene/14462389,-1.50287,0.0244442,OSD-207
https://purl.org/okn/frink/kg/spoke-genelab/node/OSD-207-46bf2f458dd003f328af5b6f7f7566b2,antdh,http://purl.obolibrary.org/obo/NCBITaxon_7227,http://www.ncbi.nlm.nih.gov/gene/32058,-1.09616,0.00140856,OSD-207
https://purl.org/okn/frink/kg/spoke-genelab/node/OSD-207-46bf2f458dd003f328af5b6f7f7566b2,CG14304,http://purl.obolibrary.org/obo/NCBITaxon_7227,http://www.ncbi.nlm.nih.gov/gene/42232,-4.88628,0.00016103,OSD-207
https://purl.org/okn/frink/kg/spoke-genelab/node/OSD-207-46bf2f458dd003f328af5b6f7f7566b2,CG3906,http://purl.obolibrary.org/obo/NCBITaxon_7227,http://www.ncbi.nlm.nih.gov/gene/37721,12.4179,3.70946e-13,OSD-207
https://purl.org/okn/frink/kg/spoke-genelab/node/OSD-207-46bf2f458dd003f328af5b6f7f7566b2,CG11458,http://purl.obolibrary.org/obo/NCBITaxon_7227,http://www.ncbi.nlm.nih.gov/gene/50110,-7.48966,9.24091e-13,OSD-207
https://purl.org/okn/frink/kg/spoke-genelab/node/OSD-207-46bf2f458dd003f328af5b6f7f7566b2,Hand,http://purl.obolibrary.org/obo/NCBITaxon_7227,http://www.ncbi.nlm.nih.gov/gene/34379,2.12499,0.0345038,OSD-207
https://purl.org/okn/frink/kg/spoke-genelab/node/OSD-207-46bf2f458dd003f328af5b6f7f7566b2,BomT2,http://purl.obolibrary.org/obo/NCBITaxon_7227,http://www.ncbi.nlm.nih.gov/gene/50208,1.19394,0.00862487,OSD-207
https://purl.org/okn/frink/kg/spoke-genelab/node/OSD-207-46bf2f458dd003f328af5b6f7f7566b2,Gasp,http://purl.obolibrary.org/obo/NCBITaxon_7227,http://www.ncbi.nlm.nih.gov/gene/40745,-2.80994,5.39867e-06,OSD-207
https://purl.org/okn/frink/kg/spoke-genelab/node/OSD-207-46bf2f458dd003f328af5b6f7f7566b2,spirit,http://purl.obolibrary.org/obo/NCBITaxon_7227,http://www.ncbi.nlm.nih.gov/gene/31797,1.20392,2.15169e-07,OSD-207
https://purl.org/okn/frink/kg/spoke-genelab/node/OSD-207-46bf2f458dd003f328af5b6f7f7566b2,shams,http://purl.obolibrary.org/obo/NCBITaxon_7227,http://www.ncbi.nlm.nih.gov/gene/43008,1.25909,6.6629e-05,OSD-207
https://purl.org/okn/frink/kg/spoke-genelab/node/OSD-207-46bf2f458dd003f328af5b6f7f7566b2,alpha-Est2,http://purl.obolibrary.org/obo/NCBITaxon_7227,http://www.ncbi.nlm.nih.gov/gene/40908,1.13183,0.0153717,OSD-207
https://purl.org/okn/frink/kg/spoke-genelab/node/OSD-207-46bf2f458dd003f328af5b6f7f7566b2,CG14905,http://purl.obolibrary.org/obo/NCBITaxon_7227,http://www.ncbi.nlm.nih.gov/gene/42024,-1.55711,0.00473368,OSD-207
https://purl.org/okn/frink/kg/spoke-genelab/node/OSD-207-46bf2f458dd003f328af5b6f7f7566b2,CG3987,http://purl.obolibrary.org/obo/NCBITaxon_7227,http://www.ncbi.nlm.nih.gov/gene/41822,2.91829,0.013046,OSD-207
https://purl.org/okn/frink/kg/spoke-genelab/node/OSD-207-46bf2f458dd003f328af5b6f7f7566b2,CG8630,http://purl.obolibrary.org/obo/NCBITaxon_7227,http://www.ncbi.nlm.nih.gov/gene/41629,-1.4686,0.0117945,OSD-207
https://purl.org/okn/frink/kg/spoke-genelab/node/OSD-207-46bf2f458dd003f328af5b6f7f7566b2,lncRNA:CR43417,http://purl.obolibrary.org/obo/NCBITaxon_7227,http://www.ncbi.nlm.nih.gov/gene/12798319,1.1012,0.000938907,OSD-207
https://purl.org/okn/frink/kg/spoke-genelab/node/OSD-207-46bf2f458dd003f328af5b6f7f7566b2,CBP,http://purl.obolibrary.org/obo/NCBITaxon_7227,http://www.ncbi.nlm.nih.gov/gene/31669,-1.03452,0.0162941,OSD-207
https://purl.org/okn/frink/kg/spoke-genelab/node/OSD-207-46bf2f458dd003f328af5b6f7f7566b2,CG5246,http://purl.obolibrary.org/obo/NCBITaxon_7227,http://www.ncbi.nlm.nih.gov/gene/42072,3.31579,0.00878565,OSD-207
https://purl.org/okn/frink/kg/spoke-genelab/node/OSD-207-46bf2f458dd003f328af5b6f7f7566b2,CG34180,http://purl.obolibrary.org/obo/NCBITaxon_7227,http://www.ncbi.nlm.nih.gov/gene/5740541,-2.57735,0.000133624,OSD-207
https://purl.org/okn/frink/kg/spoke-genelab/node/OSD-207-46bf2f458dd003f328af5b6f7f7566b2,CG3777,http://purl.obolibrary.org/obo/NCBITaxon_7227,http://www.ncbi.nlm.nih.gov/gene/30979,-4.12055,1.95011e-05,OSD-207
https://purl.org/okn/frink/kg/spoke-genelab/node/OSD-207-46bf2f458dd003f328af5b6f7f7566b2,Phk-3,http://purl.obolibrary.org/obo/NCBITaxon_7227,http://www.ncbi.nlm.nih.gov/gene/37997,1.85254,7.47619e-08,OSD-207
https://purl.org/okn/frink/kg/spoke-genelab/node/OSD-207-46bf2f458dd003f328af5b6f7f7566b2,Cpr50Ca,http://purl.obolibrary.org/obo/NCBITaxon_7227,http://www.ncbi.nlm.nih.gov/gene/36523,-1.75853,0.0472526,OSD-207
https://purl.org/okn/frink/kg/spoke-genelab/node/OSD-207-46bf2f458dd003f328af5b6f7f7566b2,Cpr97Eb,http://purl.obolibrary.org/obo/NCBITaxon_7227,http://www.ncbi.nlm.nih.gov/gene/43259,-4.29622,1.93599e-05,OSD-207
https://purl.org/okn/frink/kg/spoke-genelab/node/OSD-207-46bf2f458dd003f328af5b6f7f7566b2,pre-mod(mdg4)-C,http://purl.obolibrary.org/obo/NCBITaxon_7227,http://www.ncbi.nlm.nih.gov/gene/19835476,-2.74165,0.0239353,OSD-207
https://purl.org/okn/frink/kg/spoke-genelab/node/OSD-207-46bf2f458dd003f328af5b6f7f7566b2,Cpr97Ea,http://purl.obolibrary.org/obo/NCBITaxon_7227,http://www.ncbi.nlm.nih.gov/gene/43258,-8.29981,2.85811e-07,OSD-207
https://purl.org/okn/frink/kg/spoke-genelab/node/OSD-207-46bf2f458dd003f328af5b6f7f7566b2,CG3097,http://purl.obolibrary.org/obo/NCBITaxon_7227,http://www.ncbi.nlm.nih.gov/gene/31503,1.1222,0.0267295,OSD-207
https://purl.org/okn/frink/kg/spoke-genelab/node/OSD-207-46bf2f458dd003f328af5b6f7f7566b2,Gyg,http://purl.obolibrary.org/obo/NCBITaxon_7227,http://www.ncbi.nlm.nih.gov/gene/37419,-1.32531,2.15213e-09,OSD-207
https://purl.org/okn/frink/kg/spoke-genelab/node/OSD-207-46bf2f458dd003f328af5b6f7f7566b2,alpha-Est5,http://purl.obolibrary.org/obo/NCBITaxon_7227,http://www.ncbi.nlm.nih.gov/gene/40905,1.12523,4.44729e-05,OSD-207
https://purl.org/okn/frink/kg/spoke-genelab/node/OSD-207-46bf2f458dd003f328af5b6f7f7566b2,Vajk4,http://purl.obolibrary.org/obo/NCBITaxon_7227,http://www.ncbi.nlm.nih.gov/gene/36950,-1.25884,6.74366e-06,OSD-207
https://purl.org/okn/frink/kg/spoke-genelab/node/OSD-207-46bf2f458dd003f328af5b6f7f7566b2,lncRNA:CR46351,http://purl.obolibrary.org/obo/NCBITaxon_7227,http://www.ncbi.nlm.nih.gov/gene/39877393,-3.53292,0.017428,OSD-207
https://purl.org/okn/frink/kg/spoke-genelab/node/OSD-207-46bf2f458dd003f328af5b6f7f7566b2,Cyp6g2,http://purl.obolibrary.org/obo/NCBITaxon_7227,http://www.ncbi.nlm.nih.gov/gene/36317,3.7082,1.65767e-06,OSD-207
https://purl.org/okn/frink/kg/spoke-genelab/node/OSD-207-46bf2f458dd003f328af5b6f7f7566b2,CG43175,http://purl.obolibrary.org/obo/NCBITaxon_7227,http://www.ncbi.nlm.nih.gov/gene/12798449,4.83955,0.00286684,OSD-207
https://purl.org/okn/frink/kg/spoke-genelab/node/OSD-207-46bf2f458dd003f328af5b6f7f7566b2,CG17189,http://purl.obolibrary.org/obo/NCBITaxon_7227,http://www.ncbi.nlm.nih.gov/gene/43263,-1.53219,5.23078e-05,OSD-207
https://purl.org/okn/frink/kg/spoke-genelab/node/OSD-207-46bf2f458dd003f328af5b6f7f7566b2,CG13177,http://purl.obolibrary.org/obo/NCBITaxon_7227,http://www.ncbi.nlm.nih.gov/gene/5740215,-2.83082,0.0401238,OSD-207
https://purl.org/okn/frink/kg/spoke-genelab/node/OSD-207-46bf2f458dd003f328af5b6f7f7566b2,CG15153,http://purl.obolibrary.org/obo/NCBITaxon_7227,http://www.ncbi.nlm.nih.gov/gene/35080,6.56186,2.40785e-06,OSD-207
https://purl.org/okn/frink/kg/spoke-genelab/node/OSD-207-46bf2f458dd003f328af5b6f7f7566b2,se,http://purl.obolibrary.org/obo/NCBITaxon_7227,http://www.ncbi.nlm.nih.gov/gene/38973,-1.22669,0.0048844,OSD-207
https://purl.org/okn/frink/kg/spoke-genelab/node/OSD-207-46bf2f458dd003f328af5b6f7f7566b2,CG12483,http://purl.obolibrary.org/obo/NCBITaxon_7227,http://www.ncbi.nlm.nih.gov/gene/50161,-2.66861,0.00108092,OSD-207
https://purl.org/okn/frink/kg/spoke-genelab/node/OSD-207-46bf2f458dd003f328af5b6f7f7566b2,Pu,http://purl.obolibrary.org/obo/NCBITaxon_7227,http://www.ncbi.nlm.nih.gov/gene/37415,-1.29511,0.00169195,OSD-207
https://purl.org/okn/frink/kg/spoke-genelab/node/OSD-207-46bf2f458dd003f328af5b6f7f7566b2,CR42875,http://purl.obolibrary.org/obo/NCBITaxon_7227,http://www.ncbi.nlm.nih.gov/gene/10178955,-1.34791,0.000393373,OSD-207
https://purl.org/okn/frink/kg/spoke-genelab/node/OSD-207-46bf2f458dd003f328af5b6f7f7566b2,RNaseZ,http://purl.obolibrary.org/obo/NCBITaxon_7227,http://www.ncbi.nlm.nih.gov/gene/36086,1.19278,0.00332841,OSD-207
https://purl.org/okn/frink/kg/spoke-genelab/node/OSD-207-46bf2f458dd003f328af5b6f7f7566b2,CG13643,http://purl.obolibrary.org/obo/NCBITaxon_7227,http://www.ncbi.nlm.nih.gov/gene/50074,-3.78886,0.000894338,OSD-207
https://purl.org/okn/frink/kg/spoke-genelab/node/OSD-207-46bf2f458dd003f328af5b6f7f7566b2,lncRNA:CR44197,http://purl.obolibrary.org/obo/NCBITaxon_7227,http://www.ncbi.nlm.nih.gov/gene/14462756,1.37435,0.000810384,OSD-207
https://purl.org/okn/frink/kg/spoke-genelab/node/OSD-207-46bf2f458dd003f328af5b6f7f7566b2,CG14186,http://purl.obolibrary.org/obo/NCBITaxon_7227,http://www.ncbi.nlm.nih.gov/gene/40196,-1.05708,2.91417e-10,OSD-207
https://purl.org/okn/frink/kg/spoke-genelab/node/OSD-207-46bf2f458dd003f328af5b6f7f7566b2,CG11407,http://purl.obolibrary.org/obo/NCBITaxon_7227,http://www.ncbi.nlm.nih.gov/gene/42354,-1.16583,6.0497e-06,OSD-207
https://purl.org/okn/frink/kg/spoke-genelab/node/OSD-207-46bf2f458dd003f328af5b6f7f7566b2,lncRNA:CR43314,http://purl.obolibrary.org/obo/NCBITaxon_7227,http://www.ncbi.nlm.nih.gov/gene/12798160,1.30457,0.00277047,OSD-207
https://purl.org/okn/frink/kg/spoke-genelab/node/OSD-207-46bf2f458dd003f328af5b6f7f7566b2,CG16786,http://purl.obolibrary.org/obo/NCBITaxon_7227,http://www.ncbi.nlm.nih.gov/gene/37856,-3.11719,0.000173011,OSD-207
https://purl.org/okn/frink/kg/spoke-genelab/node/OSD-207-46bf2f458dd003f328af5b6f7f7566b2,CG4269,http://purl.obolibrary.org/obo/NCBITaxon_7227,http://www.ncbi.nlm.nih.gov/gene/37578,1.74285,0.00974996,OSD-207
https://purl.org/okn/frink/kg/spoke-genelab/node/OSD-207-46bf2f458dd003f328af5b6f7f7566b2,CG7668,http://purl.obolibrary.org/obo/NCBITaxon_7227,http://www.ncbi.nlm.nih.gov/gene/40190,1.11699,8.39732e-07,OSD-207
https://purl.org/okn/frink/kg/spoke-genelab/node/OSD-207-46bf2f458dd003f328af5b6f7f7566b2,CG13360,http://purl.obolibrary.org/obo/NCBITaxon_7227,http://www.ncbi.nlm.nih.gov/gene/31025,-1.0576,0.0327154,OSD-207
https://purl.org/okn/frink/kg/spoke-genelab/node/OSD-207-46bf2f458dd003f328af5b6f7f7566b2,CG42363,http://purl.obolibrary.org/obo/NCBITaxon_7227,http://www.ncbi.nlm.nih.gov/gene/7354406,1.31857,0.000182926,OSD-207
https://purl.org/okn/frink/kg/spoke-genelab/node/OSD-207-46bf2f458dd003f328af5b6f7f7566b2,Muc68D,http://purl.obolibrary.org/obo/NCBITaxon_7227,http://www.ncbi.nlm.nih.gov/gene/39326,10.3733,5.15148e-11,OSD-207
https://purl.org/okn/frink/kg/spoke-genelab/node/OSD-207-46bf2f458dd003f328af5b6f7f7566b2,CG6675,http://purl.obolibrary.org/obo/NCBITaxon_7227,http://www.ncbi.nlm.nih.gov/gene/35439,-2.32137,7.29678e-05,OSD-207
https://purl.org/okn/frink/kg/spoke-genelab/node/OSD-207-46bf2f458dd003f328af5b6f7f7566b2,CG33939,http://purl.obolibrary.org/obo/NCBITaxon_7227,http://www.ncbi.nlm.nih.gov/gene/26067037,-1.59841,0.010873,OSD-207
https://purl.org/okn/frink/kg/spoke-genelab/node/OSD-207-46bf2f458dd003f328af5b6f7f7566b2,arg,http://purl.obolibrary.org/obo/NCBITaxon_7227,http://www.ncbi.nlm.nih.gov/gene/46717,1.19276,0.0281768,OSD-207
https://purl.org/okn/frink/kg/spoke-genelab/node/OSD-207-46bf2f458dd003f328af5b6f7f7566b2,mthl3,http://purl.obolibrary.org/obo/NCBITaxon_7227,http://www.ncbi.nlm.nih.gov/gene/36961,1.34515,0.000862747,OSD-207
https://purl.org/okn/frink/kg/spoke-genelab/node/OSD-207-46bf2f458dd003f328af5b6f7f7566b2,CG42489,http://purl.obolibrary.org/obo/NCBITaxon_7227,http://www.ncbi.nlm.nih.gov/gene/8674035,-1.15566,0.00527922,OSD-207
https://purl.org/okn/frink/kg/spoke-genelab/node/OSD-207-46bf2f458dd003f328af5b6f7f7566b2,CG4461,http://purl.obolibrary.org/obo/NCBITaxon_7227,http://www.ncbi.nlm.nih.gov/gene/39074,-1.31416,9.48454e-05,OSD-207
https://purl.org/okn/frink/kg/spoke-genelab/node/OSD-207-46bf2f458dd003f328af5b6f7f7566b2,Vajk1,http://purl.obolibrary.org/obo/NCBITaxon_7227,http://www.ncbi.nlm.nih.gov/gene/34809,-1.80657,0.0216113,OSD-207
https://purl.org/okn/frink/kg/spoke-genelab/node/OSD-207-46bf2f458dd003f328af5b6f7f7566b2,miple2,http://purl.obolibrary.org/obo/NCBITaxon_7227,http://www.ncbi.nlm.nih.gov/gene/44787,-1.32361,0.0211681,OSD-207
https://purl.org/okn/frink/kg/spoke-genelab/node/OSD-207-46bf2f458dd003f328af5b6f7f7566b2,Vajk3,http://purl.obolibrary.org/obo/NCBITaxon_7227,http://www.ncbi.nlm.nih.gov/gene/34812,-6.66679,5.87509e-08,OSD-207
https://purl.org/okn/frink/kg/spoke-genelab/node/OSD-207-46bf2f458dd003f328af5b6f7f7566b2,CG1208,http://purl.obolibrary.org/obo/NCBITaxon_7227,http://www.ncbi.nlm.nih.gov/gene/40727,-1.01624,0.0259776,OSD-207
https://purl.org/okn/frink/kg/spoke-genelab/node/OSD-207-46bf2f458dd003f328af5b6f7f7566b2,Loxl2,http://purl.obolibrary.org/obo/NCBITaxon_7227,http://www.ncbi.nlm.nih.gov/gene/37485,-2.02325,2.06489e-08,OSD-207
https://purl.org/okn/frink/kg/spoke-genelab/node/OSD-207-46bf2f458dd003f328af5b6f7f7566b2,CG14125,http://purl.obolibrary.org/obo/NCBITaxon_7227,http://www.ncbi.nlm.nih.gov/gene/39359,8.61691,2.94349e-05,OSD-207
https://purl.org/okn/frink/kg/spoke-genelab/node/OSD-207-46bf2f458dd003f328af5b6f7f7566b2,Cht4,http://purl.obolibrary.org/obo/NCBITaxon_7227,http://www.ncbi.nlm.nih.gov/gene/49815,7.62963,2.60043e-06,OSD-207
https://purl.org/okn/frink/kg/spoke-genelab/node/OSD-207-46bf2f458dd003f328af5b6f7f7566b2,CG8299,http://purl.obolibrary.org/obo/NCBITaxon_7227,http://www.ncbi.nlm.nih.gov/gene/36751,2.54443,0.0187898,OSD-207
https://purl.org/okn/frink/kg/spoke-genelab/node/OSD-207-46bf2f458dd003f328af5b6f7f7566b2,Nazo,http://purl.obolibrary.org/obo/NCBITaxon_7227,http://www.ncbi.nlm.nih.gov/gene/40976,4.81059,0.000201488,OSD-207
https://purl.org/okn/frink/kg/spoke-genelab/node/OSD-207-46bf2f458dd003f328af5b6f7f7566b2,CG10096,http://purl.obolibrary.org/obo/NCBITaxon_7227,http://www.ncbi.nlm.nih.gov/gene/3772183,3.34961,0.000289767,OSD-207
https://purl.org/okn/frink/kg/spoke-genelab/node/OSD-207-46bf2f458dd003f328af5b6f7f7566b2,drm,http://purl.obolibrary.org/obo/NCBITaxon_7227,http://www.ncbi.nlm.nih.gov/gene/49638,1.18785,0.0286039,OSD-207
https://purl.org/okn/frink/kg/spoke-genelab/node/OSD-207-46bf2f458dd003f328af5b6f7f7566b2,CG34205,http://purl.obolibrary.org/obo/NCBITaxon_7227,http://www.ncbi.nlm.nih.gov/gene/37526,-3.6791,0.0445005,OSD-207
https://purl.org/okn/frink/kg/spoke-genelab/node/OSD-207-46bf2f458dd003f328af5b6f7f7566b2,CG7031,http://purl.obolibrary.org/obo/NCBITaxon_7227,http://www.ncbi.nlm.nih.gov/gene/42704,-4.39806,0.0137468,OSD-207
https://purl.org/okn/frink/kg/spoke-genelab/node/OSD-207-46bf2f458dd003f328af5b6f7f7566b2,CG5773,http://purl.obolibrary.org/obo/NCBITaxon_7227,http://www.ncbi.nlm.nih.gov/gene/37053,1.65452,4.95347e-05,OSD-207
https://purl.org/okn/frink/kg/spoke-genelab/node/OSD-207-46bf2f458dd003f328af5b6f7f7566b2,CG13962,http://purl.obolibrary.org/obo/NCBITaxon_7227,http://www.ncbi.nlm.nih.gov/gene/35270,2.54208,0.00694297,OSD-207
https://purl.org/okn/frink/kg/spoke-genelab/node/OSD-207-46bf2f458dd003f328af5b6f7f7566b2,CG5172,http://purl.obolibrary.org/obo/NCBITaxon_7227,http://www.ncbi.nlm.nih.gov/gene/32711,-8.48078,7.49735e-09,OSD-207
https://purl.org/okn/frink/kg/spoke-genelab/node/OSD-207-46bf2f458dd003f328af5b6f7f7566b2,CG15247,http://purl.obolibrary.org/obo/NCBITaxon_7227,http://www.ncbi.nlm.nih.gov/gene/31919,-1.00704,4.38413e-06,OSD-207
https://purl.org/okn/frink/kg/spoke-genelab/node/OSD-207-46bf2f458dd003f328af5b6f7f7566b2,Had2,http://purl.obolibrary.org/obo/NCBITaxon_7227,http://www.ncbi.nlm.nih.gov/gene/36624,1.06178,2.53163e-06,OSD-207
https://purl.org/okn/frink/kg/spoke-genelab/node/OSD-207-46bf2f458dd003f328af5b6f7f7566b2,SmydA-9,http://purl.obolibrary.org/obo/NCBITaxon_7227,http://www.ncbi.nlm.nih.gov/gene/31859,-1.40019,0.00011417,OSD-207
https://purl.org/okn/frink/kg/spoke-genelab/node/OSD-207-46bf2f458dd003f328af5b6f7f7566b2,CG10553,http://purl.obolibrary.org/obo/NCBITaxon_7227,http://www.ncbi.nlm.nih.gov/gene/43064,-1.17129,0.00870542,OSD-207
https://purl.org/okn/frink/kg/spoke-genelab/node/OSD-207-46bf2f458dd003f328af5b6f7f7566b2,dunk,http://purl.obolibrary.org/obo/NCBITaxon_7227,http://www.ncbi.nlm.nih.gov/gene/4379900,-1.25383,0.00646712,OSD-207
https://purl.org/okn/frink/kg/spoke-genelab/node/OSD-207-46bf2f458dd003f328af5b6f7f7566b2,asRNA:CR45046,http://purl.obolibrary.org/obo/NCBITaxon_7227,http://www.ncbi.nlm.nih.gov/gene/19834986,3.55641,0.000185871,OSD-207
https://purl.org/okn/frink/kg/spoke-genelab/node/OSD-207-46bf2f458dd003f328af5b6f7f7566b2,lncRNA:CR32636,http://purl.obolibrary.org/obo/NCBITaxon_7227,http://www.ncbi.nlm.nih.gov/gene/26067085,2.10466,8.34668e-05,OSD-207
https://purl.org/okn/frink/kg/spoke-genelab/node/OSD-207-46bf2f458dd003f328af5b6f7f7566b2,GstE14,http://purl.obolibrary.org/obo/NCBITaxon_7227,http://www.ncbi.nlm.nih.gov/gene/36467,-1.44938,0.000155041,OSD-207
https://purl.org/okn/frink/kg/spoke-genelab/node/OSD-207-46bf2f458dd003f328af5b6f7f7566b2,CG6839,http://purl.obolibrary.org/obo/NCBITaxon_7227,http://www.ncbi.nlm.nih.gov/gene/40067,8.58008,3.04953e-05,OSD-207
https://purl.org/okn/frink/kg/spoke-genelab/node/OSD-207-46bf2f458dd003f328af5b6f7f7566b2,CG17974,http://purl.obolibrary.org/obo/NCBITaxon_7227,http://www.ncbi.nlm.nih.gov/gene/37441,-3.08377,0.00357295,OSD-207
https://purl.org/okn/frink/kg/spoke-genelab/node/OSD-207-46bf2f458dd003f328af5b6f7f7566b2,CG34215,http://purl.obolibrary.org/obo/NCBITaxon_7227,http://www.ncbi.nlm.nih.gov/gene/5740170,2.63861,1.33921e-14,OSD-207
https://purl.org/okn/frink/kg/spoke-genelab/node/OSD-207-46bf2f458dd003f328af5b6f7f7566b2,CG17754,http://purl.obolibrary.org/obo/NCBITaxon_7227,http://www.ncbi.nlm.nih.gov/gene/31873,-1.95586,0.0346361,OSD-207
https://purl.org/okn/frink/kg/spoke-genelab/node/OSD-207-46bf2f458dd003f328af5b6f7f7566b2,CG3829,http://purl.obolibrary.org/obo/NCBITaxon_7227,http://www.ncbi.nlm.nih.gov/gene/38000,1.2794,1.69262e-06,OSD-207
https://purl.org/okn/frink/kg/spoke-genelab/node/OSD-207-46bf2f458dd003f328af5b6f7f7566b2,Jon65Aiv,http://purl.obolibrary.org/obo/NCBITaxon_7227,http://www.ncbi.nlm.nih.gov/gene/38682,5.95443,0.00273657,OSD-207
https://purl.org/okn/frink/kg/spoke-genelab/node/OSD-207-46bf2f458dd003f328af5b6f7f7566b2,CG17707,http://purl.obolibrary.org/obo/NCBITaxon_7227,http://www.ncbi.nlm.nih.gov/gene/5740408,-3.01806,0.00409858,OSD-207
https://purl.org/okn/frink/kg/spoke-genelab/node/OSD-207-46bf2f458dd003f328af5b6f7f7566b2,NtR,http://purl.obolibrary.org/obo/NCBITaxon_7227,http://www.ncbi.nlm.nih.gov/gene/43935,1.11844,6.80288e-05,OSD-207
https://purl.org/okn/frink/kg/spoke-genelab/node/OSD-207-46bf2f458dd003f328af5b6f7f7566b2,CG42362,http://purl.obolibrary.org/obo/NCBITaxon_7227,http://www.ncbi.nlm.nih.gov/gene/7354407,1.31857,0.000182926,OSD-207
https://purl.org/okn/frink/kg/spoke-genelab/node/OSD-207-46bf2f458dd003f328af5b6f7f7566b2,IM18,http://purl.obolibrary.org/obo/NCBITaxon_7227,http://www.ncbi.nlm.nih.gov/gene/3772138,4.54938,0.000253897,OSD-207
https://purl.org/okn/frink/kg/spoke-genelab/node/OSD-207-46bf2f458dd003f328af5b6f7f7566b2,Hr38,http://purl.obolibrary.org/obo/NCBITaxon_7227,http://www.ncbi.nlm.nih.gov/gene/35332,-1.21813,0.000647177,OSD-207
https://purl.org/okn/frink/kg/spoke-genelab/node/OSD-207-46bf2f458dd003f328af5b6f7f7566b2,CG13038,http://purl.obolibrary.org/obo/NCBITaxon_7227,http://www.ncbi.nlm.nih.gov/gene/50268,-4.14236,0.0157298,OSD-207
https://purl.org/okn/frink/kg/spoke-genelab/node/OSD-207-46bf2f458dd003f328af5b6f7f7566b2,CG15506,http://purl.obolibrary.org/obo/NCBITaxon_7227,http://www.ncbi.nlm.nih.gov/gene/43498,-1.91858,0.00600174,OSD-207
https://purl.org/okn/frink/kg/spoke-genelab/node/OSD-207-46bf2f458dd003f328af5b6f7f7566b2,ppk22,http://purl.obolibrary.org/obo/NCBITaxon_7227,http://www.ncbi.nlm.nih.gov/gene/318593,-2.52623,0.0131883,OSD-207
https://purl.org/okn/frink/kg/spoke-genelab/node/OSD-207-46bf2f458dd003f328af5b6f7f7566b2,CG15554,http://purl.obolibrary.org/obo/NCBITaxon_7227,http://www.ncbi.nlm.nih.gov/gene/43680,-2.17081,0.0110319,OSD-207
https://purl.org/okn/frink/kg/spoke-genelab/node/OSD-207-46bf2f458dd003f328af5b6f7f7566b2,CG32633,http://purl.obolibrary.org/obo/NCBITaxon_7227,http://www.ncbi.nlm.nih.gov/gene/326225,9.36379,6.90243e-06,OSD-207
https://purl.org/okn/frink/kg/spoke-genelab/node/OSD-207-46bf2f458dd003f328af5b6f7f7566b2,CG9701,http://purl.obolibrary.org/obo/NCBITaxon_7227,http://www.ncbi.nlm.nih.gov/gene/39872,2.05104,4.38453e-05,OSD-207
https://purl.org/okn/frink/kg/spoke-genelab/node/OSD-207-46bf2f458dd003f328af5b6f7f7566b2,jtb,http://purl.obolibrary.org/obo/NCBITaxon_7227,http://www.ncbi.nlm.nih.gov/gene/36838,1.11891,0.00738329,OSD-207
https://purl.org/okn/frink/kg/spoke-genelab/node/OSD-207-46bf2f458dd003f328af5b6f7f7566b2,Mtk,http://purl.obolibrary.org/obo/NCBITaxon_7227,http://www.ncbi.nlm.nih.gov/gene/36708,2.38446,0.0199345,OSD-207
https://purl.org/okn/frink/kg/spoke-genelab/node/OSD-207-46bf2f458dd003f328af5b6f7f7566b2,Tm1,http://purl.obolibrary.org/obo/NCBITaxon_7227,http://www.ncbi.nlm.nih.gov/gene/41852,-1.58159,5.75716e-07,OSD-207
https://purl.org/okn/frink/kg/spoke-genelab/node/OSD-207-46bf2f458dd003f328af5b6f7f7566b2,lncRNA:CR45444,http://purl.obolibrary.org/obo/NCBITaxon_7227,http://www.ncbi.nlm.nih.gov/gene/19835633,2.59936,0.0155674,OSD-207
https://purl.org/okn/frink/kg/spoke-genelab/node/OSD-207-46bf2f458dd003f328af5b6f7f7566b2,Or13a,http://purl.obolibrary.org/obo/NCBITaxon_7227,http://www.ncbi.nlm.nih.gov/gene/32562,-1.70744,0.0124517,OSD-207
https://purl.org/okn/frink/kg/spoke-genelab/node/OSD-207-46bf2f458dd003f328af5b6f7f7566b2,CG11835,http://purl.obolibrary.org/obo/NCBITaxon_7227,http://www.ncbi.nlm.nih.gov/gene/33232,-1.22196,0.000119395,OSD-207
https://purl.org/okn/frink/kg/spoke-genelab/node/OSD-207-46bf2f458dd003f328af5b6f7f7566b2,CG3868,http://purl.obolibrary.org/obo/NCBITaxon_7227,http://www.ncbi.nlm.nih.gov/gene/39580,3.83477,0.0470798,OSD-207
https://purl.org/okn/frink/kg/spoke-genelab/node/OSD-207-46bf2f458dd003f328af5b6f7f7566b2,CG34172,http://purl.obolibrary.org/obo/NCBITaxon_7227,http://www.ncbi.nlm.nih.gov/gene/5740746,-1.88625,1.75404e-05,OSD-207
https://purl.org/okn/frink/kg/spoke-genelab/node/OSD-207-46bf2f458dd003f328af5b6f7f7566b2,pip,http://purl.obolibrary.org/obo/NCBITaxon_7227,http://www.ncbi.nlm.nih.gov/gene/40104,-4.29423,4.27235e-05,OSD-207
https://purl.org/okn/frink/kg/spoke-genelab/node/OSD-207-46bf2f458dd003f328af5b6f7f7566b2,Ugt35B1,http://purl.obolibrary.org/obo/NCBITaxon_7227,http://www.ncbi.nlm.nih.gov/gene/41333,-2.04248,2.58086e-06,OSD-207
https://purl.org/okn/frink/kg/spoke-genelab/node/OSD-207-46bf2f458dd003f328af5b6f7f7566b2,CG12017,http://purl.obolibrary.org/obo/NCBITaxon_7227,http://www.ncbi.nlm.nih.gov/gene/38404,-3.85451,0.00343905,OSD-207
https://purl.org/okn/frink/kg/spoke-genelab/node/OSD-207-46bf2f458dd003f328af5b6f7f7566b2,haf,http://purl.obolibrary.org/obo/NCBITaxon_7227,http://www.ncbi.nlm.nih.gov/gene/33339,-1.15082,6.15637e-05,OSD-207
https://purl.org/okn/frink/kg/spoke-genelab/node/OSD-207-46bf2f458dd003f328af5b6f7f7566b2,CG18480,http://purl.obolibrary.org/obo/NCBITaxon_7227,http://www.ncbi.nlm.nih.gov/gene/34920,8.30516,7.24716e-05,OSD-207
https://purl.org/okn/frink/kg/spoke-genelab/node/OSD-207-46bf2f458dd003f328af5b6f7f7566b2,lncRNA:CR45533,http://purl.obolibrary.org/obo/NCBITaxon_7227,http://www.ncbi.nlm.nih.gov/gene/19835128,-1.15392,3.42566e-07,OSD-207
https://purl.org/okn/frink/kg/spoke-genelab/node/OSD-207-46bf2f458dd003f328af5b6f7f7566b2,CG13676,http://purl.obolibrary.org/obo/NCBITaxon_7227,http://www.ncbi.nlm.nih.gov/gene/38906,-3.30502,0.000852225,OSD-207
https://purl.org/okn/frink/kg/spoke-genelab/node/OSD-207-46bf2f458dd003f328af5b6f7f7566b2,CG11409,http://purl.obolibrary.org/obo/NCBITaxon_7227,http://www.ncbi.nlm.nih.gov/gene/31078,-1.44123,0.0062427,OSD-207
https://purl.org/okn/frink/kg/spoke-genelab/node/OSD-207-46bf2f458dd003f328af5b6f7f7566b2,CG34166,http://purl.obolibrary.org/obo/NCBITaxon_7227,http://www.ncbi.nlm.nih.gov/gene/5740596,2.97346,3.54411e-09,OSD-207
https://purl.org/okn/frink/kg/spoke-genelab/node/OSD-207-46bf2f458dd003f328af5b6f7f7566b2,CG1632,http://purl.obolibrary.org/obo/NCBITaxon_7227,http://www.ncbi.nlm.nih.gov/gene/31763,-1.69573,8.44187e-09,OSD-207
https://purl.org/okn/frink/kg/spoke-genelab/node/OSD-207-46bf2f458dd003f328af5b6f7f7566b2,wun2,http://purl.obolibrary.org/obo/NCBITaxon_7227,http://www.ncbi.nlm.nih.gov/gene/53558,-1.15481,0.000240332,OSD-207
https://purl.org/okn/frink/kg/spoke-genelab/node/OSD-207-46bf2f458dd003f328af5b6f7f7566b2,CG33057,http://purl.obolibrary.org/obo/NCBITaxon_7227,http://www.ncbi.nlm.nih.gov/gene/318833,1.24737,0.00134797,OSD-207
https://purl.org/okn/frink/kg/spoke-genelab/node/OSD-207-46bf2f458dd003f328af5b6f7f7566b2,sisRNA:CR46364,http://purl.obolibrary.org/obo/NCBITaxon_7227,http://www.ncbi.nlm.nih.gov/gene/39877406,1.18676,0.0271575,OSD-207
https://purl.org/okn/frink/kg/spoke-genelab/node/OSD-207-46bf2f458dd003f328af5b6f7f7566b2,lncRNA:CR43256,http://purl.obolibrary.org/obo/NCBITaxon_7227,http://www.ncbi.nlm.nih.gov/gene/12798068,1.96772,0.0151069,OSD-207
https://purl.org/okn/frink/kg/spoke-genelab/node/OSD-207-46bf2f458dd003f328af5b6f7f7566b2,asRNA:CR44181,http://purl.obolibrary.org/obo/NCBITaxon_7227,http://www.ncbi.nlm.nih.gov/gene/14462738,1.12427,0.0240715,OSD-207
https://purl.org/okn/frink/kg/spoke-genelab/node/OSD-207-46bf2f458dd003f328af5b6f7f7566b2,CG11891,http://purl.obolibrary.org/obo/NCBITaxon_7227,http://www.ncbi.nlm.nih.gov/gene/3772439,-1.71941,3.4397e-05,OSD-207
https://purl.org/okn/frink/kg/spoke-genelab/node/OSD-207-46bf2f458dd003f328af5b6f7f7566b2,CG45080,http://purl.obolibrary.org/obo/NCBITaxon_7227,http://www.ncbi.nlm.nih.gov/gene/19834892,22.7913,9.306e-17,OSD-207
https://purl.org/okn/frink/kg/spoke-genelab/node/OSD-207-46bf2f458dd003f328af5b6f7f7566b2,lncRNA:CR45542,http://purl.obolibrary.org/obo/NCBITaxon_7227,http://www.ncbi.nlm.nih.gov/gene/19835448,-2.47767,0.0442999,OSD-207
https://purl.org/okn/frink/kg/spoke-genelab/node/OSD-207-46bf2f458dd003f328af5b6f7f7566b2,CG7896,http://purl.obolibrary.org/obo/NCBITaxon_7227,http://www.ncbi.nlm.nih.gov/gene/43552,-2.37393,0.00575799,OSD-207
https://purl.org/okn/frink/kg/spoke-genelab/node/OSD-207-46bf2f458dd003f328af5b6f7f7566b2,Alp10,http://purl.obolibrary.org/obo/NCBITaxon_7227,http://www.ncbi.nlm.nih.gov/gene/38632,4.24681,0.000384496,OSD-207
https://purl.org/okn/frink/kg/spoke-genelab/node/OSD-207-46bf2f458dd003f328af5b6f7f7566b2,CG4702,http://purl.obolibrary.org/obo/NCBITaxon_7227,http://www.ncbi.nlm.nih.gov/gene/41472,-2.74461,0.0278118,OSD-207
https://purl.org/okn/frink/kg/spoke-genelab/node/OSD-207-46bf2f458dd003f328af5b6f7f7566b2,CG15213,http://purl.obolibrary.org/obo/NCBITaxon_7227,http://www.ncbi.nlm.nih.gov/gene/50316,-1.95177,0.000378837,OSD-207
https://purl.org/okn/frink/kg/spoke-genelab/node/OSD-207-46bf2f458dd003f328af5b6f7f7566b2,CG15120,http://purl.obolibrary.org/obo/NCBITaxon_7227,http://www.ncbi.nlm.nih.gov/gene/37248,1.2374,0.00633731,OSD-207
https://purl.org/okn/frink/kg/spoke-genelab/node/OSD-207-46bf2f458dd003f328af5b6f7f7566b2,CG4716,http://purl.obolibrary.org/obo/NCBITaxon_7227,http://www.ncbi.nlm.nih.gov/gene/36471,1.13778,8.02659e-06,OSD-207
https://purl.org/okn/frink/kg/spoke-genelab/node/OSD-207-46bf2f458dd003f328af5b6f7f7566b2,CG13062,http://purl.obolibrary.org/obo/NCBITaxon_7227,http://www.ncbi.nlm.nih.gov/gene/39799,-4.14821,0.00950787,OSD-207
https://purl.org/okn/frink/kg/spoke-genelab/node/OSD-207-46bf2f458dd003f328af5b6f7f7566b2,asRNA:CR45951,http://purl.obolibrary.org/obo/NCBITaxon_7227,http://www.ncbi.nlm.nih.gov/gene/26067278,-1.67691,4.4747e-09,OSD-207
https://purl.org/okn/frink/kg/spoke-genelab/node/OSD-207-46bf2f458dd003f328af5b6f7f7566b2,CG13056,http://purl.obolibrary.org/obo/NCBITaxon_7227,http://www.ncbi.nlm.nih.gov/gene/50267,-5.67247,0.00033954,OSD-207
https://purl.org/okn/frink/kg/spoke-genelab/node/OSD-207-46bf2f458dd003f328af5b6f7f7566b2,CG42711,http://purl.obolibrary.org/obo/NCBITaxon_7227,http://www.ncbi.nlm.nih.gov/gene/10178864,1.05593,0.00203454,OSD-207
https://purl.org/okn/frink/kg/spoke-genelab/node/OSD-207-46bf2f458dd003f328af5b6f7f7566b2,CG17721,http://purl.obolibrary.org/obo/NCBITaxon_7227,http://www.ncbi.nlm.nih.gov/gene/41354,1.37819,1.14474e-06,OSD-207
https://purl.org/okn/frink/kg/spoke-genelab/node/OSD-207-46bf2f458dd003f328af5b6f7f7566b2,CG30080,http://purl.obolibrary.org/obo/NCBITaxon_7227,http://www.ncbi.nlm.nih.gov/gene/246441,2.55566,0.0130429,OSD-207
https://purl.org/okn/frink/kg/spoke-genelab/node/OSD-207-46bf2f458dd003f328af5b6f7f7566b2,CG13699,http://purl.obolibrary.org/obo/NCBITaxon_7227,http://www.ncbi.nlm.nih.gov/gene/40008,-3.82664,0.00938197,OSD-207
https://purl.org/okn/frink/kg/spoke-genelab/node/OSD-207-46bf2f458dd003f328af5b6f7f7566b2,CheA75a,http://purl.obolibrary.org/obo/NCBITaxon_7227,http://www.ncbi.nlm.nih.gov/gene/40011,-25.0313,4.64854e-19,OSD-207
https://purl.org/okn/frink/kg/spoke-genelab/node/OSD-207-46bf2f458dd003f328af5b6f7f7566b2,lncRNA:CR44526,http://purl.obolibrary.org/obo/NCBITaxon_7227,http://www.ncbi.nlm.nih.gov/gene/19834941,1.94104,0.00437539,OSD-207
https://purl.org/okn/frink/kg/spoke-genelab/node/OSD-207-46bf2f458dd003f328af5b6f7f7566b2,Cpr72Ec,http://purl.obolibrary.org/obo/NCBITaxon_7227,http://www.ncbi.nlm.nih.gov/gene/39816,-1.43527,0.000595345,OSD-207
https://purl.org/okn/frink/kg/spoke-genelab/node/OSD-207-46bf2f458dd003f328af5b6f7f7566b2,yip7,http://purl.obolibrary.org/obo/NCBITaxon_7227,http://www.ncbi.nlm.nih.gov/gene/38680,5.92664,0.0016471,OSD-207
https://purl.org/okn/frink/kg/spoke-genelab/node/OSD-207-46bf2f458dd003f328af5b6f7f7566b2,CG42319,http://purl.obolibrary.org/obo/NCBITaxon_7227,http://www.ncbi.nlm.nih.gov/gene/36473,-1.66214,1.83074e-11,OSD-207
https://purl.org/okn/frink/kg/spoke-genelab/node/OSD-207-46bf2f458dd003f328af5b6f7f7566b2,CG13024,http://purl.obolibrary.org/obo/NCBITaxon_7227,http://www.ncbi.nlm.nih.gov/gene/39880,-1.44964,0.0261613,OSD-207
https://purl.org/okn/frink/kg/spoke-genelab/node/OSD-207-46bf2f458dd003f328af5b6f7f7566b2,RPA2,http://purl.obolibrary.org/obo/NCBITaxon_7227,http://www.ncbi.nlm.nih.gov/gene/35364,1.20151,0.000452766,OSD-207
https://purl.org/okn/frink/kg/spoke-genelab/node/OSD-207-46bf2f458dd003f328af5b6f7f7566b2,Cpr11B,http://purl.obolibrary.org/obo/NCBITaxon_7227,http://www.ncbi.nlm.nih.gov/gene/32203,-1.38407,0.0400206,OSD-207
https://purl.org/okn/frink/kg/spoke-genelab/node/OSD-207-46bf2f458dd003f328af5b6f7f7566b2,CG11345,http://purl.obolibrary.org/obo/NCBITaxon_7227,http://www.ncbi.nlm.nih.gov/gene/38548,-8.7768,0.00534869,OSD-207
https://purl.org/okn/frink/kg/spoke-genelab/node/OSD-207-46bf2f458dd003f328af5b6f7f7566b2,lncRNA:CR32385,http://purl.obolibrary.org/obo/NCBITaxon_7227,http://www.ncbi.nlm.nih.gov/gene/3772463,2.24626,0.0331342,OSD-207
https://purl.org/okn/frink/kg/spoke-genelab/node/OSD-207-46bf2f458dd003f328af5b6f7f7566b2,CG16775,http://purl.obolibrary.org/obo/NCBITaxon_7227,http://www.ncbi.nlm.nih.gov/gene/39993,6.39611,0.000955976,OSD-207
https://purl.org/okn/frink/kg/spoke-genelab/node/OSD-207-46bf2f458dd003f328af5b6f7f7566b2,CG10026,http://purl.obolibrary.org/obo/NCBITaxon_7227,http://www.ncbi.nlm.nih.gov/gene/35226,1.07769,0.00760356,OSD-207
https://purl.org/okn/frink/kg/spoke-genelab/node/OSD-207-46bf2f458dd003f328af5b6f7f7566b2,CG15784,http://purl.obolibrary.org/obo/NCBITaxon_7227,http://www.ncbi.nlm.nih.gov/gene/31461,2.0243,9.84513e-05,OSD-207
https://purl.org/okn/frink/kg/spoke-genelab/node/OSD-207-46bf2f458dd003f328af5b6f7f7566b2,CG8028,http://purl.obolibrary.org/obo/NCBITaxon_7227,http://www.ncbi.nlm.nih.gov/gene/32923,-3.53372,0.0150306,OSD-207
https://purl.org/okn/frink/kg/spoke-genelab/node/OSD-207-46bf2f458dd003f328af5b6f7f7566b2,CG33926,http://purl.obolibrary.org/obo/NCBITaxon_7227,http://www.ncbi.nlm.nih.gov/gene/39092,5.42383,2.21561e-07,OSD-207
https://purl.org/okn/frink/kg/spoke-genelab/node/OSD-207-46bf2f458dd003f328af5b6f7f7566b2,Cyp12c1,http://purl.obolibrary.org/obo/NCBITaxon_7227,http://www.ncbi.nlm.nih.gov/gene/40037,2.331,1.72088e-14,OSD-207
https://purl.org/okn/frink/kg/spoke-genelab/node/OSD-207-46bf2f458dd003f328af5b6f7f7566b2,CG6933,http://purl.obolibrary.org/obo/NCBITaxon_7227,http://www.ncbi.nlm.nih.gov/gene/40214,6.25162,0.00141907,OSD-207
https://purl.org/okn/frink/kg/spoke-genelab/node/OSD-207-46bf2f458dd003f328af5b6f7f7566b2,CG8654,http://purl.obolibrary.org/obo/NCBITaxon_7227,http://www.ncbi.nlm.nih.gov/gene/37275,1.35876,0.0152629,OSD-207
https://purl.org/okn/frink/kg/spoke-genelab/node/OSD-207-46bf2f458dd003f328af5b6f7f7566b2,asRNA:CR44321,http://purl.obolibrary.org/obo/NCBITaxon_7227,http://www.ncbi.nlm.nih.gov/gene/19835586,1.57553,0.0321787,OSD-207
https://purl.org/okn/frink/kg/spoke-genelab/node/OSD-207-46bf2f458dd003f328af5b6f7f7566b2,Mpcp1,http://purl.obolibrary.org/obo/NCBITaxon_7227,http://www.ncbi.nlm.nih.gov/gene/37297,-2.17053,2.04783e-06,OSD-207
https://purl.org/okn/frink/kg/spoke-genelab/node/OSD-207-46bf2f458dd003f328af5b6f7f7566b2,CG13428,http://purl.obolibrary.org/obo/NCBITaxon_7227,http://www.ncbi.nlm.nih.gov/gene/37317,-8.81801,6.07372e-05,OSD-207
https://purl.org/okn/frink/kg/spoke-genelab/node/OSD-207-46bf2f458dd003f328af5b6f7f7566b2,lncRNA:CR45361,http://purl.obolibrary.org/obo/NCBITaxon_7227,http://www.ncbi.nlm.nih.gov/gene/19834877,3.18329,0.000556812,OSD-207
https://purl.org/okn/frink/kg/spoke-genelab/node/OSD-207-46bf2f458dd003f328af5b6f7f7566b2,vanin-like,http://purl.obolibrary.org/obo/NCBITaxon_7227,http://www.ncbi.nlm.nih.gov/gene/31551,8.28078,3.47299e-06,OSD-207
https://purl.org/okn/frink/kg/spoke-genelab/node/OSD-207-46bf2f458dd003f328af5b6f7f7566b2,CG15096,http://purl.obolibrary.org/obo/NCBITaxon_7227,http://www.ncbi.nlm.nih.gov/gene/37170,1.4317,0.00222216,OSD-207
https://purl.org/okn/frink/kg/spoke-genelab/node/OSD-207-46bf2f458dd003f328af5b6f7f7566b2,CG43968,http://purl.obolibrary.org/obo/NCBITaxon_7227,http://www.ncbi.nlm.nih.gov/gene/14462915,3.13152,0.00040044,OSD-207
https://purl.org/okn/frink/kg/spoke-genelab/node/OSD-207-46bf2f458dd003f328af5b6f7f7566b2,Phae1,http://purl.obolibrary.org/obo/NCBITaxon_7227,http://www.ncbi.nlm.nih.gov/gene/34637,6.58002,0.0081138,OSD-207
https://purl.org/okn/frink/kg/spoke-genelab/node/OSD-207-46bf2f458dd003f328af5b6f7f7566b2,TTLL6A,http://purl.obolibrary.org/obo/NCBITaxon_7227,http://www.ncbi.nlm.nih.gov/gene/37253,-2.87954,0.0191902,OSD-207
https://purl.org/okn/frink/kg/spoke-genelab/node/OSD-207-46bf2f458dd003f328af5b6f7f7566b2,fit,http://purl.obolibrary.org/obo/NCBITaxon_7227,http://www.ncbi.nlm.nih.gov/gene/42578,2.88035,2.54499e-05,OSD-207
https://purl.org/okn/frink/kg/spoke-genelab/node/OSD-207-46bf2f458dd003f328af5b6f7f7566b2,BaraA2|BaraA1,http://purl.obolibrary.org/obo/NCBITaxon_7227,http://www.ncbi.nlm.nih.gov/gene/2768831,-7.64926,0.00402362,OSD-207
https://purl.org/okn/frink/kg/spoke-genelab/node/OSD-207-46bf2f458dd003f328af5b6f7f7566b2,BaraA2|BaraA1,http://purl.obolibrary.org/obo/NCBITaxon_7227,http://www.ncbi.nlm.nih.gov/gene/36486,-7.64926,0.00402362,OSD-207
https://purl.org/okn/frink/kg/spoke-genelab/node/OSD-207-46bf2f458dd003f328af5b6f7f7566b2,CG7460,http://purl.obolibrary.org/obo/NCBITaxon_7227,http://www.ncbi.nlm.nih.gov/gene/39973,1.94541,1.45918e-06,OSD-207
https://purl.org/okn/frink/kg/spoke-genelab/node/OSD-207-46bf2f458dd003f328af5b6f7f7566b2,Zip89B,http://purl.obolibrary.org/obo/NCBITaxon_7227,http://www.ncbi.nlm.nih.gov/gene/41975,1.06812,0.000909844,OSD-207
https://purl.org/okn/frink/kg/spoke-genelab/node/OSD-207-46bf2f458dd003f328af5b6f7f7566b2,Obp56a,http://purl.obolibrary.org/obo/NCBITaxon_7227,http://www.ncbi.nlm.nih.gov/gene/37264,-1.29171,0.0482569,OSD-207
https://purl.org/okn/frink/kg/spoke-genelab/node/OSD-207-46bf2f458dd003f328af5b6f7f7566b2,CG15649,http://purl.obolibrary.org/obo/NCBITaxon_7227,http://www.ncbi.nlm.nih.gov/gene/37371,4.60919,0.0445005,OSD-207
https://purl.org/okn/frink/kg/spoke-genelab/node/OSD-207-46bf2f458dd003f328af5b6f7f7566b2,Cda9,http://purl.obolibrary.org/obo/NCBITaxon_7227,http://www.ncbi.nlm.nih.gov/gene/36934,6.39754,4.07378e-07,OSD-207
https://purl.org/okn/frink/kg/spoke-genelab/node/OSD-207-46bf2f458dd003f328af5b6f7f7566b2,CG18641,http://purl.obolibrary.org/obo/NCBITaxon_7227,http://www.ncbi.nlm.nih.gov/gene/33429,-1.92141,0.0184141,OSD-207
https://purl.org/okn/frink/kg/spoke-genelab/node/OSD-207-46bf2f458dd003f328af5b6f7f7566b2,lncRNA:CR44467,http://purl.obolibrary.org/obo/NCBITaxon_7227,http://www.ncbi.nlm.nih.gov/gene/19835175,2.6307,0.0295683,OSD-207
https://purl.org/okn/frink/kg/spoke-genelab/node/OSD-207-46bf2f458dd003f328af5b6f7f7566b2,lectin-33A,http://purl.obolibrary.org/obo/NCBITaxon_7227,http://www.ncbi.nlm.nih.gov/gene/53516,3.45919,0.0100134,OSD-207
https://purl.org/okn/frink/kg/spoke-genelab/node/OSD-207-46bf2f458dd003f328af5b6f7f7566b2,CG13280,http://purl.obolibrary.org/obo/NCBITaxon_7227,http://www.ncbi.nlm.nih.gov/gene/35015,-1.45966,0.00190842,OSD-207
https://purl.org/okn/frink/kg/spoke-genelab/node/OSD-207-46bf2f458dd003f328af5b6f7f7566b2,Teh3,http://purl.obolibrary.org/obo/NCBITaxon_7227,http://www.ncbi.nlm.nih.gov/gene/50170,-1.17839,3.46268e-16,OSD-207
https://purl.org/okn/frink/kg/spoke-genelab/node/OSD-207-46bf2f458dd003f328af5b6f7f7566b2,CG16826,http://purl.obolibrary.org/obo/NCBITaxon_7227,http://www.ncbi.nlm.nih.gov/gene/34741,8.93517,3.80425e-05,OSD-207
https://purl.org/okn/frink/kg/spoke-genelab/node/OSD-207-46bf2f458dd003f328af5b6f7f7566b2,CG5506,http://purl.obolibrary.org/obo/NCBITaxon_7227,http://www.ncbi.nlm.nih.gov/gene/39992,8.59083,1.28529e-08,OSD-207
https://purl.org/okn/frink/kg/spoke-genelab/node/OSD-207-46bf2f458dd003f328af5b6f7f7566b2,asRNA:CR43959,http://purl.obolibrary.org/obo/NCBITaxon_7227,http://www.ncbi.nlm.nih.gov/gene/14462393,-1.3002,0.0413017,OSD-207
https://purl.org/okn/frink/kg/spoke-genelab/node/OSD-207-46bf2f458dd003f328af5b6f7f7566b2,Ance-2,http://purl.obolibrary.org/obo/NCBITaxon_7227,http://www.ncbi.nlm.nih.gov/gene/34806,-6.24955,0.00237871,OSD-207
https://purl.org/okn/frink/kg/spoke-genelab/node/OSD-207-46bf2f458dd003f328af5b6f7f7566b2,ppk25,http://purl.obolibrary.org/obo/NCBITaxon_7227,http://www.ncbi.nlm.nih.gov/gene/2768722,-1.58585,4.48664e-05,OSD-207
https://purl.org/okn/frink/kg/spoke-genelab/node/OSD-207-46bf2f458dd003f328af5b6f7f7566b2,lncRNA:CR44809,http://purl.obolibrary.org/obo/NCBITaxon_7227,http://www.ncbi.nlm.nih.gov/gene/19836112,1.56309,0.00466995,OSD-207
https://purl.org/okn/frink/kg/spoke-genelab/node/OSD-207-46bf2f458dd003f328af5b6f7f7566b2,CG17109,http://purl.obolibrary.org/obo/NCBITaxon_7227,http://www.ncbi.nlm.nih.gov/gene/42730,2.65633,0.00600249,OSD-207
https://purl.org/okn/frink/kg/spoke-genelab/node/OSD-207-46bf2f458dd003f328af5b6f7f7566b2,Cda5,http://purl.obolibrary.org/obo/NCBITaxon_7227,http://www.ncbi.nlm.nih.gov/gene/33158,-2.09677,3.46127e-05,OSD-207
https://purl.org/okn/frink/kg/spoke-genelab/node/OSD-207-46bf2f458dd003f328af5b6f7f7566b2,Cpr76Bb,http://purl.obolibrary.org/obo/NCBITaxon_7227,http://www.ncbi.nlm.nih.gov/gene/40121,-5.07147,0.00138929,OSD-207
https://purl.org/okn/frink/kg/spoke-genelab/node/OSD-207-46bf2f458dd003f328af5b6f7f7566b2,CG31626,http://purl.obolibrary.org/obo/NCBITaxon_7227,http://www.ncbi.nlm.nih.gov/gene/318859,-1.63118,0.023361,OSD-207
https://purl.org/okn/frink/kg/spoke-genelab/node/OSD-207-46bf2f458dd003f328af5b6f7f7566b2,kkv,http://purl.obolibrary.org/obo/NCBITaxon_7227,http://www.ncbi.nlm.nih.gov/gene/45884,-4.79737,2.15111e-05,OSD-207
https://purl.org/okn/frink/kg/spoke-genelab/node/OSD-207-46bf2f458dd003f328af5b6f7f7566b2,Hsp67Bc,http://purl.obolibrary.org/obo/NCBITaxon_7227,http://www.ncbi.nlm.nih.gov/gene/39071,-1.23336,0.000152514,OSD-207
https://purl.org/okn/frink/kg/spoke-genelab/node/OSD-207-46bf2f458dd003f328af5b6f7f7566b2,atk,http://purl.obolibrary.org/obo/NCBITaxon_7227,http://www.ncbi.nlm.nih.gov/gene/40266,1.76465,0.0305283,OSD-207
https://purl.org/okn/frink/kg/spoke-genelab/node/OSD-207-46bf2f458dd003f328af5b6f7f7566b2,CG15221,http://purl.obolibrary.org/obo/NCBITaxon_7227,http://www.ncbi.nlm.nih.gov/gene/32127,-1.19287,0.000223784,OSD-207
https://purl.org/okn/frink/kg/spoke-genelab/node/OSD-207-46bf2f458dd003f328af5b6f7f7566b2,CG13607,http://purl.obolibrary.org/obo/NCBITaxon_7227,http://www.ncbi.nlm.nih.gov/gene/42859,1.80836,0.00562075,OSD-207
https://purl.org/okn/frink/kg/spoke-genelab/node/OSD-207-46bf2f458dd003f328af5b6f7f7566b2,TpnC47D,http://purl.obolibrary.org/obo/NCBITaxon_7227,http://www.ncbi.nlm.nih.gov/gene/36195,-1.99513,0.0464813,OSD-207
https://purl.org/okn/frink/kg/spoke-genelab/node/OSD-207-46bf2f458dd003f328af5b6f7f7566b2,CG7881,http://purl.obolibrary.org/obo/NCBITaxon_7227,http://www.ncbi.nlm.nih.gov/gene/35521,1.29136,0.0447937,OSD-207
https://purl.org/okn/frink/kg/spoke-genelab/node/OSD-207-46bf2f458dd003f328af5b6f7f7566b2,yellow-d2,http://purl.obolibrary.org/obo/NCBITaxon_7227,http://www.ncbi.nlm.nih.gov/gene/37704,-5.59825,0.00221585,OSD-207
https://purl.org/okn/frink/kg/spoke-genelab/node/OSD-207-46bf2f458dd003f328af5b6f7f7566b2,lncRNA:CR45327,http://purl.obolibrary.org/obo/NCBITaxon_7227,http://www.ncbi.nlm.nih.gov/gene/19836258,-2.24497,3.43722e-05,OSD-207
https://purl.org/okn/frink/kg/spoke-genelab/node/OSD-207-46bf2f458dd003f328af5b6f7f7566b2,Cpr76Bd,http://purl.obolibrary.org/obo/NCBITaxon_7227,http://www.ncbi.nlm.nih.gov/gene/40123,-5.16684,9.28824e-06,OSD-207
https://purl.org/okn/frink/kg/spoke-genelab/node/OSD-207-46bf2f458dd003f328af5b6f7f7566b2,CG5885,http://purl.obolibrary.org/obo/NCBITaxon_7227,http://www.ncbi.nlm.nih.gov/gene/34314,1.19548,7.38299e-05,OSD-207
https://purl.org/okn/frink/kg/spoke-genelab/node/OSD-207-46bf2f458dd003f328af5b6f7f7566b2,CG13641,http://purl.obolibrary.org/obo/NCBITaxon_7227,http://www.ncbi.nlm.nih.gov/gene/42969,2.92189,0.000630704,OSD-207
https://purl.org/okn/frink/kg/spoke-genelab/node/OSD-207-46bf2f458dd003f328af5b6f7f7566b2,lncRNA:CR42839,http://purl.obolibrary.org/obo/NCBITaxon_7227,http://www.ncbi.nlm.nih.gov/gene/10178956,4.75587,0.00849237,OSD-207
https://purl.org/okn/frink/kg/spoke-genelab/node/OSD-207-46bf2f458dd003f328af5b6f7f7566b2,PGRP-SC2,http://purl.obolibrary.org/obo/NCBITaxon_7227,http://www.ncbi.nlm.nih.gov/gene/35862,3.42893,0.00688081,OSD-207
https://purl.org/okn/frink/kg/spoke-genelab/node/OSD-207-46bf2f458dd003f328af5b6f7f7566b2,St2,http://purl.obolibrary.org/obo/NCBITaxon_7227,http://www.ncbi.nlm.nih.gov/gene/41098,-5.59022,0.0003319,OSD-207
https://purl.org/okn/frink/kg/spoke-genelab/node/OSD-207-46bf2f458dd003f328af5b6f7f7566b2,Kif3C,http://purl.obolibrary.org/obo/NCBITaxon_7227,http://www.ncbi.nlm.nih.gov/gene/43820,-1.0836,2.53163e-06,OSD-207
https://purl.org/okn/frink/kg/spoke-genelab/node/OSD-207-46bf2f458dd003f328af5b6f7f7566b2,lncRNA:CR45647,http://purl.obolibrary.org/obo/NCBITaxon_7227,http://www.ncbi.nlm.nih.gov/gene/19835150,2.99731,0.0118637,OSD-207
https://purl.org/okn/frink/kg/spoke-genelab/node/OSD-207-46bf2f458dd003f328af5b6f7f7566b2,CG43920,http://purl.obolibrary.org/obo/NCBITaxon_7227,http://www.ncbi.nlm.nih.gov/gene/19835957,3.55226,0.0211179,OSD-207
https://purl.org/okn/frink/kg/spoke-genelab/node/OSD-207-46bf2f458dd003f328af5b6f7f7566b2,CG9547,http://purl.obolibrary.org/obo/NCBITaxon_7227,http://www.ncbi.nlm.nih.gov/gene/33911,1.32863,0.00185365,OSD-207
https://purl.org/okn/frink/kg/spoke-genelab/node/OSD-207-46bf2f458dd003f328af5b6f7f7566b2,CG11391,http://purl.obolibrary.org/obo/NCBITaxon_7227,http://www.ncbi.nlm.nih.gov/gene/42353,-1.52947,0.00087416,OSD-207
https://purl.org/okn/frink/kg/spoke-genelab/node/OSD-207-46bf2f458dd003f328af5b6f7f7566b2,CG3902,http://purl.obolibrary.org/obo/NCBITaxon_7227,http://www.ncbi.nlm.nih.gov/gene/40059,1.27438,1.09443e-05,OSD-207
https://purl.org/okn/frink/kg/spoke-genelab/node/OSD-207-46bf2f458dd003f328af5b6f7f7566b2,mthl2,http://purl.obolibrary.org/obo/NCBITaxon_7227,http://www.ncbi.nlm.nih.gov/gene/38636,1.08229,0.0164792,OSD-207
https://purl.org/okn/frink/kg/spoke-genelab/node/OSD-207-46bf2f458dd003f328af5b6f7f7566b2,CG9394,http://purl.obolibrary.org/obo/NCBITaxon_7227,http://www.ncbi.nlm.nih.gov/gene/37399,-1.048,0.000234246,OSD-207
https://purl.org/okn/frink/kg/spoke-genelab/node/OSD-207-46bf2f458dd003f328af5b6f7f7566b2,CG11437,http://purl.obolibrary.org/obo/NCBITaxon_7227,http://www.ncbi.nlm.nih.gov/gene/40470,-1.93931,0.00336782,OSD-207
https://purl.org/okn/frink/kg/spoke-genelab/node/OSD-207-46bf2f458dd003f328af5b6f7f7566b2,DptB,http://purl.obolibrary.org/obo/NCBITaxon_7227,http://www.ncbi.nlm.nih.gov/gene/37184,2.4322,0.0338576,OSD-207
https://purl.org/okn/frink/kg/spoke-genelab/node/OSD-207-46bf2f458dd003f328af5b6f7f7566b2,slbo,http://purl.obolibrary.org/obo/NCBITaxon_7227,http://www.ncbi.nlm.nih.gov/gene/37889,-1.34836,0.0136284,OSD-207
https://purl.org/okn/frink/kg/spoke-genelab/node/OSD-207-46bf2f458dd003f328af5b6f7f7566b2,LUBEL,http://purl.obolibrary.org/obo/NCBITaxon_7227,http://www.ncbi.nlm.nih.gov/gene/33950,-1.34115,4.98577e-07,OSD-207
https://purl.org/okn/frink/kg/spoke-genelab/node/OSD-207-46bf2f458dd003f328af5b6f7f7566b2,CG13065,http://purl.obolibrary.org/obo/NCBITaxon_7227,http://www.ncbi.nlm.nih.gov/gene/39786,-7.90639,0.00101419,OSD-207
https://purl.org/okn/frink/kg/spoke-genelab/node/OSD-207-46bf2f458dd003f328af5b6f7f7566b2,CG14565,http://purl.obolibrary.org/obo/NCBITaxon_7227,http://www.ncbi.nlm.nih.gov/gene/40423,-4.46627,0.0301419,OSD-207
https://purl.org/okn/frink/kg/spoke-genelab/node/OSD-207-46bf2f458dd003f328af5b6f7f7566b2,CG8927,http://purl.obolibrary.org/obo/NCBITaxon_7227,http://www.ncbi.nlm.nih.gov/gene/41964,-4.98794,1.0394e-06,OSD-207
https://purl.org/okn/frink/kg/spoke-genelab/node/OSD-207-46bf2f458dd003f328af5b6f7f7566b2,Obp83g,http://purl.obolibrary.org/obo/NCBITaxon_7227,http://www.ncbi.nlm.nih.gov/gene/170878,-4.14588,0.000228913,OSD-207
https://purl.org/okn/frink/kg/spoke-genelab/node/OSD-207-46bf2f458dd003f328af5b6f7f7566b2,CG12868,http://purl.obolibrary.org/obo/NCBITaxon_7227,http://www.ncbi.nlm.nih.gov/gene/36620,1.58,0.000453878,OSD-207
https://purl.org/okn/frink/kg/spoke-genelab/node/OSD-207-46bf2f458dd003f328af5b6f7f7566b2,ninaA,http://purl.obolibrary.org/obo/NCBITaxon_7227,http://www.ncbi.nlm.nih.gov/gene/33271,-1.16499,9.72478e-09,OSD-207
https://purl.org/okn/frink/kg/spoke-genelab/node/OSD-207-46bf2f458dd003f328af5b6f7f7566b2,CG9485,http://purl.obolibrary.org/obo/NCBITaxon_7227,http://www.ncbi.nlm.nih.gov/gene/37435,-1.2159,0.00283938,OSD-207
https://purl.org/okn/frink/kg/spoke-genelab/node/OSD-207-46bf2f458dd003f328af5b6f7f7566b2,Mlc1,http://purl.obolibrary.org/obo/NCBITaxon_7227,http://www.ncbi.nlm.nih.gov/gene/43323,-2.58094,2.61305e-06,OSD-207
https://purl.org/okn/frink/kg/spoke-genelab/node/OSD-207-46bf2f458dd003f328af5b6f7f7566b2,Cpr65Au,http://purl.obolibrary.org/obo/NCBITaxon_7227,http://www.ncbi.nlm.nih.gov/gene/59158,-1.05522,0.00578182,OSD-207
https://purl.org/okn/frink/kg/spoke-genelab/node/OSD-207-46bf2f458dd003f328af5b6f7f7566b2,Achl,http://purl.obolibrary.org/obo/NCBITaxon_7227,http://www.ncbi.nlm.nih.gov/gene/36605,-1.26571,0.000570662,OSD-207
https://purl.org/okn/frink/kg/spoke-genelab/node/OSD-207-46bf2f458dd003f328af5b6f7f7566b2,asRNA:CR44911,http://purl.obolibrary.org/obo/NCBITaxon_7227,http://www.ncbi.nlm.nih.gov/gene/19835639,-3.30462,0.0377559,OSD-207
https://purl.org/okn/frink/kg/spoke-genelab/node/OSD-207-46bf2f458dd003f328af5b6f7f7566b2,tld,http://purl.obolibrary.org/obo/NCBITaxon_7227,http://www.ncbi.nlm.nih.gov/gene/42945,1.52215,0.00112033,OSD-207
https://purl.org/okn/frink/kg/spoke-genelab/node/OSD-207-46bf2f458dd003f328af5b6f7f7566b2,fln,http://purl.obolibrary.org/obo/NCBITaxon_7227,http://www.ncbi.nlm.nih.gov/gene/40185,3.01205,0.0185056,OSD-207
https://purl.org/okn/frink/kg/spoke-genelab/node/OSD-207-46bf2f458dd003f328af5b6f7f7566b2,lncRNA:CR43857,http://purl.obolibrary.org/obo/NCBITaxon_7227,http://www.ncbi.nlm.nih.gov/gene/14462718,3.32396,0.000503298,OSD-207
https://purl.org/okn/frink/kg/spoke-genelab/node/OSD-207-46bf2f458dd003f328af5b6f7f7566b2,CG15186,http://purl.obolibrary.org/obo/NCBITaxon_7227,http://www.ncbi.nlm.nih.gov/gene/40797,-1.33805,2.09682e-13,OSD-207
https://purl.org/okn/frink/kg/spoke-genelab/node/OSD-207-46bf2f458dd003f328af5b6f7f7566b2,CG1136,http://purl.obolibrary.org/obo/NCBITaxon_7227,http://www.ncbi.nlm.nih.gov/gene/38479,-1.04524,0.0010875,OSD-207
https://purl.org/okn/frink/kg/spoke-genelab/node/OSD-207-46bf2f458dd003f328af5b6f7f7566b2,TotM,http://purl.obolibrary.org/obo/NCBITaxon_7227,http://www.ncbi.nlm.nih.gov/gene/33764,3.99515,0.000138594,OSD-207
https://purl.org/okn/frink/kg/spoke-genelab/node/OSD-207-46bf2f458dd003f328af5b6f7f7566b2,Oatp33Ea,http://purl.obolibrary.org/obo/NCBITaxon_7227,http://www.ncbi.nlm.nih.gov/gene/34660,-1.49062,0.000658032,OSD-207
https://purl.org/okn/frink/kg/spoke-genelab/node/OSD-207-46bf2f458dd003f328af5b6f7f7566b2,asRNA:CR43477,http://purl.obolibrary.org/obo/NCBITaxon_7227,http://www.ncbi.nlm.nih.gov/gene/12797891,4.57148,0.0384224,OSD-207
https://purl.org/okn/frink/kg/spoke-genelab/node/OSD-207-46bf2f458dd003f328af5b6f7f7566b2,Cpr100A,http://purl.obolibrary.org/obo/NCBITaxon_7227,http://www.ncbi.nlm.nih.gov/gene/43657,-5.80138,6.04422e-09,OSD-207
https://purl.org/okn/frink/kg/spoke-genelab/node/OSD-207-46bf2f458dd003f328af5b6f7f7566b2,asRNA:CR45185,http://purl.obolibrary.org/obo/NCBITaxon_7227,http://www.ncbi.nlm.nih.gov/gene/19835300,-1.8601,0.00216228,OSD-207
https://purl.org/okn/frink/kg/spoke-genelab/node/OSD-207-46bf2f458dd003f328af5b6f7f7566b2,CG31104,http://purl.obolibrary.org/obo/NCBITaxon_7227,http://www.ncbi.nlm.nih.gov/gene/43054,-1.53832,0.0470409,OSD-207
https://purl.org/okn/frink/kg/spoke-genelab/node/OSD-207-46bf2f458dd003f328af5b6f7f7566b2,CG17298,http://purl.obolibrary.org/obo/NCBITaxon_7227,http://www.ncbi.nlm.nih.gov/gene/42529,-9.11402,0.00102685,OSD-207
https://purl.org/okn/frink/kg/spoke-genelab/node/OSD-207-46bf2f458dd003f328af5b6f7f7566b2,CG6472,http://purl.obolibrary.org/obo/NCBITaxon_7227,http://www.ncbi.nlm.nih.gov/gene/36895,-1.12139,0.00411386,OSD-207
https://purl.org/okn/frink/kg/spoke-genelab/node/OSD-207-46bf2f458dd003f328af5b6f7f7566b2,CG2736,http://purl.obolibrary.org/obo/NCBITaxon_7227,http://www.ncbi.nlm.nih.gov/gene/37998,1.04839,0.00595323,OSD-207
https://purl.org/okn/frink/kg/spoke-genelab/node/OSD-207-46bf2f458dd003f328af5b6f7f7566b2,Cpr62Bb,http://purl.obolibrary.org/obo/NCBITaxon_7227,http://www.ncbi.nlm.nih.gov/gene/38240,-1.6035,0.00232539,OSD-207
https://purl.org/okn/frink/kg/spoke-genelab/node/OSD-207-46bf2f458dd003f328af5b6f7f7566b2,CG13059,http://purl.obolibrary.org/obo/NCBITaxon_7227,http://www.ncbi.nlm.nih.gov/gene/39803,-5.80701,5.48685e-05,OSD-207
https://purl.org/okn/frink/kg/spoke-genelab/node/OSD-207-46bf2f458dd003f328af5b6f7f7566b2,CG33310,http://purl.obolibrary.org/obo/NCBITaxon_7227,http://www.ncbi.nlm.nih.gov/gene/2768910,-1.12643,0.0321787,OSD-207
https://purl.org/okn/frink/kg/spoke-genelab/node/OSD-207-46bf2f458dd003f328af5b6f7f7566b2,CG12766,http://purl.obolibrary.org/obo/NCBITaxon_7227,http://www.ncbi.nlm.nih.gov/gene/38462,1.44574,0.0155674,OSD-207
https://purl.org/okn/frink/kg/spoke-genelab/node/OSD-207-46bf2f458dd003f328af5b6f7f7566b2,resilin,http://purl.obolibrary.org/obo/NCBITaxon_7227,http://www.ncbi.nlm.nih.gov/gene/36880,-3.14065,0.00087416,OSD-207
https://purl.org/okn/frink/kg/spoke-genelab/node/OSD-207-46bf2f458dd003f328af5b6f7f7566b2,TpnC25D,http://purl.obolibrary.org/obo/NCBITaxon_7227,http://www.ncbi.nlm.nih.gov/gene/33752,-1.8359,1.41288e-05,OSD-207
https://purl.org/okn/frink/kg/spoke-genelab/node/OSD-207-46bf2f458dd003f328af5b6f7f7566b2,CG44013,http://purl.obolibrary.org/obo/NCBITaxon_7227,http://www.ncbi.nlm.nih.gov/gene/14462476,8.92314,1.97276e-05,OSD-207
https://purl.org/okn/frink/kg/spoke-genelab/node/OSD-207-46bf2f458dd003f328af5b6f7f7566b2,Lip2,http://purl.obolibrary.org/obo/NCBITaxon_7227,http://www.ncbi.nlm.nih.gov/gene/43980,1.80767,0.00419256,OSD-207
https://purl.org/okn/frink/kg/spoke-genelab/node/OSD-207-46bf2f458dd003f328af5b6f7f7566b2,CG16772,http://purl.obolibrary.org/obo/NCBITaxon_7227,http://www.ncbi.nlm.nih.gov/gene/35281,-1.92441,0.0244971,OSD-207
https://purl.org/okn/frink/kg/spoke-genelab/node/OSD-207-46bf2f458dd003f328af5b6f7f7566b2,Or63a,http://purl.obolibrary.org/obo/NCBITaxon_7227,http://www.ncbi.nlm.nih.gov/gene/38354,-1.09841,0.00489195,OSD-207
https://purl.org/okn/frink/kg/spoke-genelab/node/OSD-207-46bf2f458dd003f328af5b6f7f7566b2,lncRNA:CR43883,http://purl.obolibrary.org/obo/NCBITaxon_7227,http://www.ncbi.nlm.nih.gov/gene/14462825,-1.63636,0.00502489,OSD-207
https://purl.org/okn/frink/kg/spoke-genelab/node/OSD-207-46bf2f458dd003f328af5b6f7f7566b2,Acp65Aa,http://purl.obolibrary.org/obo/NCBITaxon_7227,http://www.ncbi.nlm.nih.gov/gene/38710,-3.83355,0.0016306,OSD-207
https://purl.org/okn/frink/kg/spoke-genelab/node/OSD-207-46bf2f458dd003f328af5b6f7f7566b2,CG44195,http://purl.obolibrary.org/obo/NCBITaxon_7227,http://www.ncbi.nlm.nih.gov/gene/14462837,-1.73565,3.26588e-12,OSD-207
https://purl.org/okn/frink/kg/spoke-genelab/node/OSD-207-46bf2f458dd003f328af5b6f7f7566b2,CG3635,http://purl.obolibrary.org/obo/NCBITaxon_7227,http://www.ncbi.nlm.nih.gov/gene/35447,-1.47523,0.00162956,OSD-207
https://purl.org/okn/frink/kg/spoke-genelab/node/OSD-207-46bf2f458dd003f328af5b6f7f7566b2,Cyp6a21,http://purl.obolibrary.org/obo/NCBITaxon_7227,http://www.ncbi.nlm.nih.gov/gene/36665,-1.0193,0.00059313,OSD-207
https://purl.org/okn/frink/kg/spoke-genelab/node/OSD-207-46bf2f458dd003f328af5b6f7f7566b2,Cht9,http://purl.obolibrary.org/obo/NCBITaxon_7227,http://www.ncbi.nlm.nih.gov/gene/37392,6.6345,1.9955e-05,OSD-207
https://purl.org/okn/frink/kg/spoke-genelab/node/OSD-207-46bf2f458dd003f328af5b6f7f7566b2,Lip4,http://purl.obolibrary.org/obo/NCBITaxon_7227,http://www.ncbi.nlm.nih.gov/gene/34450,1.3091,0.0302239,OSD-207
https://purl.org/okn/frink/kg/spoke-genelab/node/OSD-207-46bf2f458dd003f328af5b6f7f7566b2,lncRNA:CR43716,http://purl.obolibrary.org/obo/NCBITaxon_7227,http://www.ncbi.nlm.nih.gov/gene/14462698,2.58176,0.00183298,OSD-207
https://purl.org/okn/frink/kg/spoke-genelab/node/OSD-207-46bf2f458dd003f328af5b6f7f7566b2,CG4335,http://purl.obolibrary.org/obo/NCBITaxon_7227,http://www.ncbi.nlm.nih.gov/gene/42421,1.19949,0.000285621,OSD-207
https://purl.org/okn/frink/kg/spoke-genelab/node/OSD-207-46bf2f458dd003f328af5b6f7f7566b2,Cyp6d2,http://purl.obolibrary.org/obo/NCBITaxon_7227,http://www.ncbi.nlm.nih.gov/gene/37594,2.25611,0.000894338,OSD-207
https://purl.org/okn/frink/kg/spoke-genelab/node/OSD-207-46bf2f458dd003f328af5b6f7f7566b2,antr,http://purl.obolibrary.org/obo/NCBITaxon_7227,http://www.ncbi.nlm.nih.gov/gene/246647,3.47746,0.00125551,OSD-207
https://purl.org/okn/frink/kg/spoke-genelab/node/OSD-207-46bf2f458dd003f328af5b6f7f7566b2,ckd,http://purl.obolibrary.org/obo/NCBITaxon_7227,http://www.ncbi.nlm.nih.gov/gene/38402,-1.85822,0.0217522,OSD-207
https://purl.org/okn/frink/kg/spoke-genelab/node/OSD-207-46bf2f458dd003f328af5b6f7f7566b2,TM4SF,http://purl.obolibrary.org/obo/NCBITaxon_7227,http://www.ncbi.nlm.nih.gov/gene/37786,-1.66573,1.46218e-11,OSD-207
https://purl.org/okn/frink/kg/spoke-genelab/node/OSD-207-46bf2f458dd003f328af5b6f7f7566b2,CG13026,http://purl.obolibrary.org/obo/NCBITaxon_7227,http://www.ncbi.nlm.nih.gov/gene/39868,-4.49797,1.83805e-08,OSD-207
https://purl.org/okn/frink/kg/spoke-genelab/node/OSD-207-46bf2f458dd003f328af5b6f7f7566b2,Sirup,http://purl.obolibrary.org/obo/NCBITaxon_7227,http://www.ncbi.nlm.nih.gov/gene/34089,-1.55094,0.00170239,OSD-207
https://purl.org/okn/frink/kg/spoke-genelab/node/OSD-207-46bf2f458dd003f328af5b6f7f7566b2,CheB42b,http://purl.obolibrary.org/obo/NCBITaxon_7227,http://www.ncbi.nlm.nih.gov/gene/2768717,-3.91996,0.0249817,OSD-207
https://purl.org/okn/frink/kg/spoke-genelab/node/OSD-207-46bf2f458dd003f328af5b6f7f7566b2,CG17127,http://purl.obolibrary.org/obo/NCBITaxon_7227,http://www.ncbi.nlm.nih.gov/gene/34489,-2.50372,0.000460943,OSD-207
https://purl.org/okn/frink/kg/spoke-genelab/node/OSD-207-46bf2f458dd003f328af5b6f7f7566b2,CG17738,http://purl.obolibrary.org/obo/NCBITaxon_7227,http://www.ncbi.nlm.nih.gov/gene/41490,3.30751,9.12968e-05,OSD-207
https://purl.org/okn/frink/kg/spoke-genelab/node/OSD-207-46bf2f458dd003f328af5b6f7f7566b2,CG17930,http://purl.obolibrary.org/obo/NCBITaxon_7227,http://www.ncbi.nlm.nih.gov/gene/41979,5.27214,0.00768282,OSD-207
https://purl.org/okn/frink/kg/spoke-genelab/node/OSD-207-46bf2f458dd003f328af5b6f7f7566b2,CG13003,http://purl.obolibrary.org/obo/NCBITaxon_7227,http://www.ncbi.nlm.nih.gov/gene/32675,-1.05538,0.0134925,OSD-207
https://purl.org/okn/frink/kg/spoke-genelab/node/OSD-207-46bf2f458dd003f328af5b6f7f7566b2,CG9380,http://purl.obolibrary.org/obo/NCBITaxon_7227,http://www.ncbi.nlm.nih.gov/gene/38011,4.18363,0.00029648,OSD-207
https://purl.org/okn/frink/kg/spoke-genelab/node/OSD-207-46bf2f458dd003f328af5b6f7f7566b2,TwdlE,http://purl.obolibrary.org/obo/NCBITaxon_7227,http://www.ncbi.nlm.nih.gov/gene/34075,-2.04117,5.22394e-05,OSD-207
https://purl.org/okn/frink/kg/spoke-genelab/node/OSD-207-46bf2f458dd003f328af5b6f7f7566b2,FASN3,http://purl.obolibrary.org/obo/NCBITaxon_7227,http://www.ncbi.nlm.nih.gov/gene/3355111,-1.08148,0.00131601,OSD-207
https://purl.org/okn/frink/kg/spoke-genelab/node/OSD-207-46bf2f458dd003f328af5b6f7f7566b2,CG9988,http://purl.obolibrary.org/obo/NCBITaxon_7227,http://www.ncbi.nlm.nih.gov/gene/43388,7.03947,0.00359676,OSD-207
https://purl.org/okn/frink/kg/spoke-genelab/node/OSD-207-46bf2f458dd003f328af5b6f7f7566b2,lncRNA:CR44121,http://purl.obolibrary.org/obo/NCBITaxon_7227,http://www.ncbi.nlm.nih.gov/gene/14462724,-1.89354,0.00841321,OSD-207
https://purl.org/okn/frink/kg/spoke-genelab/node/OSD-207-46bf2f458dd003f328af5b6f7f7566b2,lncRNA:CR43199,http://purl.obolibrary.org/obo/NCBITaxon_7227,http://www.ncbi.nlm.nih.gov/gene/19835479,-1.08034,0.00422363,OSD-207
https://purl.org/okn/frink/kg/spoke-genelab/node/OSD-207-46bf2f458dd003f328af5b6f7f7566b2,CG14022,http://purl.obolibrary.org/obo/NCBITaxon_7227,http://www.ncbi.nlm.nih.gov/gene/33763,-1.52518,3.5509e-06,OSD-207
https://purl.org/okn/frink/kg/spoke-genelab/node/OSD-207-46bf2f458dd003f328af5b6f7f7566b2,ppk15,http://purl.obolibrary.org/obo/NCBITaxon_7227,http://www.ncbi.nlm.nih.gov/gene/43188,4.28564,2.91921e-05,OSD-207
https://purl.org/okn/frink/kg/spoke-genelab/node/OSD-207-46bf2f458dd003f328af5b6f7f7566b2,CG15152,http://purl.obolibrary.org/obo/NCBITaxon_7227,http://www.ncbi.nlm.nih.gov/gene/35082,6.2228,0.000604355,OSD-207
https://purl.org/okn/frink/kg/spoke-genelab/node/OSD-207-46bf2f458dd003f328af5b6f7f7566b2,CG15080,http://purl.obolibrary.org/obo/NCBITaxon_7227,http://www.ncbi.nlm.nih.gov/gene/37167,-3.36234,0.000471361,OSD-207
https://purl.org/okn/frink/kg/spoke-genelab/node/OSD-207-46bf2f458dd003f328af5b6f7f7566b2,CG4757,http://purl.obolibrary.org/obo/NCBITaxon_7227,http://www.ncbi.nlm.nih.gov/gene/41330,1.86331,0.0001826,OSD-207
https://purl.org/okn/frink/kg/spoke-genelab/node/OSD-207-46bf2f458dd003f328af5b6f7f7566b2,CG18540,http://purl.obolibrary.org/obo/NCBITaxon_7227,http://www.ncbi.nlm.nih.gov/gene/37097,-6.2339,0.0230046,OSD-207
https://purl.org/okn/frink/kg/spoke-genelab/node/OSD-207-46bf2f458dd003f328af5b6f7f7566b2,SsRbeta,http://purl.obolibrary.org/obo/NCBITaxon_7227,http://www.ncbi.nlm.nih.gov/gene/39768,1.01716,6.6284e-05,OSD-207
https://purl.org/okn/frink/kg/spoke-genelab/node/OSD-207-46bf2f458dd003f328af5b6f7f7566b2,lncRNA:CR45242,http://purl.obolibrary.org/obo/NCBITaxon_7227,http://www.ncbi.nlm.nih.gov/gene/19836038,-1.92092,0.00934395,OSD-207
https://purl.org/okn/frink/kg/spoke-genelab/node/OSD-207-46bf2f458dd003f328af5b6f7f7566b2,Art2,http://purl.obolibrary.org/obo/NCBITaxon_7227,http://www.ncbi.nlm.nih.gov/gene/33631,-1.07776,0.0198509,OSD-207
https://purl.org/okn/frink/kg/spoke-genelab/node/OSD-207-46bf2f458dd003f328af5b6f7f7566b2,CG34452,http://purl.obolibrary.org/obo/NCBITaxon_7227,http://www.ncbi.nlm.nih.gov/gene/5740876,5.01269,0.004874,OSD-207
https://purl.org/okn/frink/kg/spoke-genelab/node/OSD-207-46bf2f458dd003f328af5b6f7f7566b2,CG6739,http://purl.obolibrary.org/obo/NCBITaxon_7227,http://www.ncbi.nlm.nih.gov/gene/34037,-2.16962,0.000989983,OSD-207
https://purl.org/okn/frink/kg/spoke-genelab/node/OSD-207-46bf2f458dd003f328af5b6f7f7566b2,lncRNA:CR44120,http://purl.obolibrary.org/obo/NCBITaxon_7227,http://www.ncbi.nlm.nih.gov/gene/14462723,-1.57689,0.0310126,OSD-207
https://purl.org/okn/frink/kg/spoke-genelab/node/OSD-207-46bf2f458dd003f328af5b6f7f7566b2,CG34324,http://purl.obolibrary.org/obo/NCBITaxon_7227,http://www.ncbi.nlm.nih.gov/gene/32302,9.04657,3.23989e-08,OSD-207
https://purl.org/okn/frink/kg/spoke-genelab/node/OSD-207-46bf2f458dd003f328af5b6f7f7566b2,Dro,http://purl.obolibrary.org/obo/NCBITaxon_7227,http://www.ncbi.nlm.nih.gov/gene/36635,3.42343,0.000314364,OSD-207
https://purl.org/okn/frink/kg/spoke-genelab/node/OSD-207-46bf2f458dd003f328af5b6f7f7566b2,fj,http://purl.obolibrary.org/obo/NCBITaxon_7227,http://www.ncbi.nlm.nih.gov/gene/37089,-2.397,0.000148623,OSD-207
https://purl.org/okn/frink/kg/spoke-genelab/node/OSD-207-46bf2f458dd003f328af5b6f7f7566b2,CG14191,http://purl.obolibrary.org/obo/NCBITaxon_7227,http://www.ncbi.nlm.nih.gov/gene/32893,-4.50035,5.43496e-05,OSD-207
https://purl.org/okn/frink/kg/spoke-genelab/node/OSD-207-46bf2f458dd003f328af5b6f7f7566b2,asRNA:CR44053,http://purl.obolibrary.org/obo/NCBITaxon_7227,http://www.ncbi.nlm.nih.gov/gene/14462402,1.39593,0.02714,OSD-207
https://purl.org/okn/frink/kg/spoke-genelab/node/OSD-207-46bf2f458dd003f328af5b6f7f7566b2,CG9297,http://purl.obolibrary.org/obo/NCBITaxon_7227,http://www.ncbi.nlm.nih.gov/gene/41688,-1.91446,3.68576e-06,OSD-207
https://purl.org/okn/frink/kg/spoke-genelab/node/OSD-207-46bf2f458dd003f328af5b6f7f7566b2,Cpr76Bc,http://purl.obolibrary.org/obo/NCBITaxon_7227,http://www.ncbi.nlm.nih.gov/gene/40122,-2.6386,0.00575944,OSD-207
https://purl.org/okn/frink/kg/spoke-genelab/node/OSD-207-46bf2f458dd003f328af5b6f7f7566b2,CG11854,http://purl.obolibrary.org/obo/NCBITaxon_7227,http://www.ncbi.nlm.nih.gov/gene/43037,1.49814,0.00352655,OSD-207
https://purl.org/okn/frink/kg/spoke-genelab/node/OSD-207-46bf2f458dd003f328af5b6f7f7566b2,CG8192,http://purl.obolibrary.org/obo/NCBITaxon_7227,http://www.ncbi.nlm.nih.gov/gene/36723,-1.99852,0.0119019,OSD-207
https://purl.org/okn/frink/kg/spoke-genelab/node/OSD-207-46bf2f458dd003f328af5b6f7f7566b2,CG5731,http://purl.obolibrary.org/obo/NCBITaxon_7227,http://www.ncbi.nlm.nih.gov/gene/34355,-1.41394,0.0114387,OSD-207
https://purl.org/okn/frink/kg/spoke-genelab/node/OSD-207-46bf2f458dd003f328af5b6f7f7566b2,CG16898,http://purl.obolibrary.org/obo/NCBITaxon_7227,http://www.ncbi.nlm.nih.gov/gene/37276,2.17283,5.83953e-06,OSD-207
https://purl.org/okn/frink/kg/spoke-genelab/node/OSD-207-46bf2f458dd003f328af5b6f7f7566b2,CG14259,http://purl.obolibrary.org/obo/NCBITaxon_7227,http://www.ncbi.nlm.nih.gov/gene/43261,-1.30212,0.000442231,OSD-207
https://purl.org/okn/frink/kg/spoke-genelab/node/OSD-207-46bf2f458dd003f328af5b6f7f7566b2,CG13082,http://purl.obolibrary.org/obo/NCBITaxon_7227,http://www.ncbi.nlm.nih.gov/gene/35244,-1.22795,0.0443828,OSD-207
https://purl.org/okn/frink/kg/spoke-genelab/node/OSD-207-46bf2f458dd003f328af5b6f7f7566b2,Acox57D-d,http://purl.obolibrary.org/obo/NCBITaxon_7227,http://www.ncbi.nlm.nih.gov/gene/37446,1.2692,0.000657543,OSD-207
https://purl.org/okn/frink/kg/spoke-genelab/node/OSD-207-46bf2f458dd003f328af5b6f7f7566b2,lncRNA:CR44135,http://purl.obolibrary.org/obo/NCBITaxon_7227,http://www.ncbi.nlm.nih.gov/gene/14462451,2.21256,0.0440798,OSD-207
https://purl.org/okn/frink/kg/spoke-genelab/node/OSD-207-46bf2f458dd003f328af5b6f7f7566b2,frac,http://purl.obolibrary.org/obo/NCBITaxon_7227,http://www.ncbi.nlm.nih.gov/gene/38850,1.47218,0.0379063,OSD-207
https://purl.org/okn/frink/kg/spoke-genelab/node/OSD-207-46bf2f458dd003f328af5b6f7f7566b2,CG11353,http://purl.obolibrary.org/obo/NCBITaxon_7227,http://www.ncbi.nlm.nih.gov/gene/38560,2.09487,3.92222e-05,OSD-207
https://purl.org/okn/frink/kg/spoke-genelab/node/OSD-207-46bf2f458dd003f328af5b6f7f7566b2,CG9095,http://purl.obolibrary.org/obo/NCBITaxon_7227,http://www.ncbi.nlm.nih.gov/gene/32447,-1.09068,0.0163963,OSD-207
https://purl.org/okn/frink/kg/spoke-genelab/node/OSD-207-46bf2f458dd003f328af5b6f7f7566b2,yellow-e,http://purl.obolibrary.org/obo/NCBITaxon_7227,http://www.ncbi.nlm.nih.gov/gene/41653,-3.44283,3.08854e-05,OSD-207
https://purl.org/okn/frink/kg/spoke-genelab/node/OSD-207-46bf2f458dd003f328af5b6f7f7566b2,CG9289,http://purl.obolibrary.org/obo/NCBITaxon_7227,http://www.ncbi.nlm.nih.gov/gene/34195,1.60554,0.00236042,OSD-207
https://purl.org/okn/frink/kg/spoke-genelab/node/OSD-207-46bf2f458dd003f328af5b6f7f7566b2,Cyp4ac2,http://purl.obolibrary.org/obo/NCBITaxon_7227,http://www.ncbi.nlm.nih.gov/gene/33755,1.46389,0.000392012,OSD-207
https://purl.org/okn/frink/kg/spoke-genelab/node/OSD-207-46bf2f458dd003f328af5b6f7f7566b2,snsl,http://purl.obolibrary.org/obo/NCBITaxon_7227,http://www.ncbi.nlm.nih.gov/gene/33696,-1.67587,0.00636261,OSD-207
https://purl.org/okn/frink/kg/spoke-genelab/node/OSD-207-46bf2f458dd003f328af5b6f7f7566b2,SPH93,http://purl.obolibrary.org/obo/NCBITaxon_7227,http://www.ncbi.nlm.nih.gov/gene/35049,2.84178,0.0308475,OSD-207
https://purl.org/okn/frink/kg/spoke-genelab/node/OSD-207-46bf2f458dd003f328af5b6f7f7566b2,exp,http://purl.obolibrary.org/obo/NCBITaxon_7227,http://www.ncbi.nlm.nih.gov/gene/36276,-1.46602,0.00395419,OSD-207
https://purl.org/okn/frink/kg/spoke-genelab/node/OSD-207-46bf2f458dd003f328af5b6f7f7566b2,Cpr73D,http://purl.obolibrary.org/obo/NCBITaxon_7227,http://www.ncbi.nlm.nih.gov/gene/39897,-1.07126,6.31374e-07,OSD-207
https://purl.org/okn/frink/kg/spoke-genelab/node/OSD-207-46bf2f458dd003f328af5b6f7f7566b2,CG14495,http://purl.obolibrary.org/obo/NCBITaxon_7227,http://www.ncbi.nlm.nih.gov/gene/37056,-1.89355,0.00464717,OSD-207
https://purl.org/okn/frink/kg/spoke-genelab/node/OSD-207-46bf2f458dd003f328af5b6f7f7566b2,CG7997,http://purl.obolibrary.org/obo/NCBITaxon_7227,http://www.ncbi.nlm.nih.gov/gene/36829,1.009,0.024721,OSD-207
https://purl.org/okn/frink/kg/spoke-genelab/node/OSD-207-46bf2f458dd003f328af5b6f7f7566b2,Arc1,http://purl.obolibrary.org/obo/NCBITaxon_7227,http://www.ncbi.nlm.nih.gov/gene/36595,2.27424,9.72701e-06,OSD-207
https://purl.org/okn/frink/kg/spoke-genelab/node/OSD-207-46bf2f458dd003f328af5b6f7f7566b2,CG7227,http://purl.obolibrary.org/obo/NCBITaxon_7227,http://www.ncbi.nlm.nih.gov/gene/34088,1.85167,0.00143402,OSD-207
https://purl.org/okn/frink/kg/spoke-genelab/node/OSD-207-46bf2f458dd003f328af5b6f7f7566b2,CG14502,http://purl.obolibrary.org/obo/NCBITaxon_7227,http://www.ncbi.nlm.nih.gov/gene/37092,-3.06918,0.000635611,OSD-207
https://purl.org/okn/frink/kg/spoke-genelab/node/OSD-207-46bf2f458dd003f328af5b6f7f7566b2,Jon65Aiii,http://purl.obolibrary.org/obo/NCBITaxon_7227,http://www.ncbi.nlm.nih.gov/gene/38683,5.40106,0.00453407,OSD-207
https://purl.org/okn/frink/kg/spoke-genelab/node/OSD-207-46bf2f458dd003f328af5b6f7f7566b2,Diedel,http://purl.obolibrary.org/obo/NCBITaxon_7227,http://www.ncbi.nlm.nih.gov/gene/43474,4.43067,0.000713602,OSD-207
https://purl.org/okn/frink/kg/spoke-genelab/node/OSD-207-46bf2f458dd003f328af5b6f7f7566b2,CG13321,http://purl.obolibrary.org/obo/NCBITaxon_7227,http://www.ncbi.nlm.nih.gov/gene/36430,6.95344,2.90618e-05,OSD-207
https://purl.org/okn/frink/kg/spoke-genelab/node/OSD-207-46bf2f458dd003f328af5b6f7f7566b2,CG4408,http://purl.obolibrary.org/obo/NCBITaxon_7227,http://www.ncbi.nlm.nih.gov/gene/42762,1.34816,4.45528e-05,OSD-207
https://purl.org/okn/frink/kg/spoke-genelab/node/OSD-207-46bf2f458dd003f328af5b6f7f7566b2,Hpd,http://purl.obolibrary.org/obo/NCBITaxon_7227,http://www.ncbi.nlm.nih.gov/gene/40263,-1.88294,0.000157941,OSD-207
https://purl.org/okn/frink/kg/spoke-genelab/node/OSD-207-46bf2f458dd003f328af5b6f7f7566b2,CG10911,http://purl.obolibrary.org/obo/NCBITaxon_7227,http://www.ncbi.nlm.nih.gov/gene/37058,6.06998,0.0144452,OSD-207
https://purl.org/okn/frink/kg/spoke-genelab/node/OSD-207-46bf2f458dd003f328af5b6f7f7566b2,CG13868,http://purl.obolibrary.org/obo/NCBITaxon_7227,http://www.ncbi.nlm.nih.gov/gene/37302,1.02967,0.0069808,OSD-207
https://purl.org/okn/frink/kg/spoke-genelab/node/OSD-207-46bf2f458dd003f328af5b6f7f7566b2,whe,http://purl.obolibrary.org/obo/NCBITaxon_7227,http://www.ncbi.nlm.nih.gov/gene/33121,7.59556,0.00317713,OSD-207
https://purl.org/okn/frink/kg/spoke-genelab/node/OSD-207-46bf2f458dd003f328af5b6f7f7566b2,Rcd7,http://purl.obolibrary.org/obo/NCBITaxon_7227,http://www.ncbi.nlm.nih.gov/gene/40126,-1.39457,0.000573268,OSD-207
https://purl.org/okn/frink/kg/spoke-genelab/node/OSD-207-46bf2f458dd003f328af5b6f7f7566b2,CG15449,http://purl.obolibrary.org/obo/NCBITaxon_7227,http://www.ncbi.nlm.nih.gov/gene/33079,-1.45038,0.00445798,OSD-207
https://purl.org/okn/frink/kg/spoke-genelab/node/OSD-207-46bf2f458dd003f328af5b6f7f7566b2,Cht7,http://purl.obolibrary.org/obo/NCBITaxon_7227,http://www.ncbi.nlm.nih.gov/gene/38370,-3.69116,0.000226941,OSD-207
https://purl.org/okn/frink/kg/spoke-genelab/node/OSD-207-46bf2f458dd003f328af5b6f7f7566b2,Cbp53E,http://purl.obolibrary.org/obo/NCBITaxon_7227,http://www.ncbi.nlm.nih.gov/gene/36905,-1.0392,3.87434e-06,OSD-207
https://purl.org/okn/frink/kg/spoke-genelab/node/OSD-207-46bf2f458dd003f328af5b6f7f7566b2,CG9514,http://purl.obolibrary.org/obo/NCBITaxon_7227,http://www.ncbi.nlm.nih.gov/gene/32418,-1.9776,0.0106863,OSD-207
https://purl.org/okn/frink/kg/spoke-genelab/node/OSD-207-46bf2f458dd003f328af5b6f7f7566b2,CG9497,http://purl.obolibrary.org/obo/NCBITaxon_7227,http://www.ncbi.nlm.nih.gov/gene/33884,-1.0095,0.0121599,OSD-207
https://purl.org/okn/frink/kg/spoke-genelab/node/OSD-207-46bf2f458dd003f328af5b6f7f7566b2,lncRNA:CR45204,http://purl.obolibrary.org/obo/NCBITaxon_7227,http://www.ncbi.nlm.nih.gov/gene/19835167,1.39919,0.0310231,OSD-207
https://purl.org/okn/frink/kg/spoke-genelab/node/OSD-207-46bf2f458dd003f328af5b6f7f7566b2,CG15044,http://purl.obolibrary.org/obo/NCBITaxon_7227,http://www.ncbi.nlm.nih.gov/gene/32834,4.69654,0.0145396,OSD-207
https://purl.org/okn/frink/kg/spoke-genelab/node/OSD-207-46bf2f458dd003f328af5b6f7f7566b2,serp,http://purl.obolibrary.org/obo/NCBITaxon_7227,http://www.ncbi.nlm.nih.gov/gene/40150,-2.89671,0.00183782,OSD-207
https://purl.org/okn/frink/kg/spoke-genelab/node/OSD-207-46bf2f458dd003f328af5b6f7f7566b2,CG12825,http://purl.obolibrary.org/obo/NCBITaxon_7227,http://www.ncbi.nlm.nih.gov/gene/35726,1.66711,0.0324752,OSD-207
https://purl.org/okn/frink/kg/spoke-genelab/node/OSD-207-46bf2f458dd003f328af5b6f7f7566b2,CG3819,http://purl.obolibrary.org/obo/NCBITaxon_7227,http://www.ncbi.nlm.nih.gov/gene/40069,5.08193,0.0082105,OSD-207
https://purl.org/okn/frink/kg/spoke-genelab/node/OSD-207-46bf2f458dd003f328af5b6f7f7566b2,CG12974,http://purl.obolibrary.org/obo/NCBITaxon_7227,http://www.ncbi.nlm.nih.gov/gene/40350,1.97752,0.0281506,OSD-207
https://purl.org/okn/frink/kg/spoke-genelab/node/OSD-207-46bf2f458dd003f328af5b6f7f7566b2,CG45045,http://purl.obolibrary.org/obo/NCBITaxon_7227,http://www.ncbi.nlm.nih.gov/gene/19836048,3.23376,0.0105391,OSD-207
https://purl.org/okn/frink/kg/spoke-genelab/node/OSD-207-46bf2f458dd003f328af5b6f7f7566b2,CG8665,http://purl.obolibrary.org/obo/NCBITaxon_7227,http://www.ncbi.nlm.nih.gov/gene/35407,1.34962,0.00618905,OSD-207
https://purl.org/okn/frink/kg/spoke-genelab/node/OSD-207-46bf2f458dd003f328af5b6f7f7566b2,CG42565,http://purl.obolibrary.org/obo/NCBITaxon_7227,http://www.ncbi.nlm.nih.gov/gene/37598,1.69548,0.00504817,OSD-207
https://purl.org/okn/frink/kg/spoke-genelab/node/OSD-207-46bf2f458dd003f328af5b6f7f7566b2,CG43064,http://purl.obolibrary.org/obo/NCBITaxon_7227,http://www.ncbi.nlm.nih.gov/gene/12798207,2.85024,7.94519e-06,OSD-207
https://purl.org/okn/frink/kg/spoke-genelab/node/OSD-207-46bf2f458dd003f328af5b6f7f7566b2,Pxd,http://purl.obolibrary.org/obo/NCBITaxon_7227,http://www.ncbi.nlm.nih.gov/gene/2768671,-5.26898,0.000667703,OSD-207
https://purl.org/okn/frink/kg/spoke-genelab/node/OSD-207-46bf2f458dd003f328af5b6f7f7566b2,asRNA:CR44179,http://purl.obolibrary.org/obo/NCBITaxon_7227,http://www.ncbi.nlm.nih.gov/gene/14462519,2.91981,0.00171512,OSD-207
https://purl.org/okn/frink/kg/spoke-genelab/node/OSD-207-46bf2f458dd003f328af5b6f7f7566b2,asRNA:CR45182,http://purl.obolibrary.org/obo/NCBITaxon_7227,http://www.ncbi.nlm.nih.gov/gene/19835848,-1.31911,0.0338089,OSD-207
https://purl.org/okn/frink/kg/spoke-genelab/node/OSD-207-46bf2f458dd003f328af5b6f7f7566b2,eys,http://purl.obolibrary.org/obo/NCBITaxon_7227,http://www.ncbi.nlm.nih.gov/gene/3771890,-1.82481,9.24091e-13,OSD-207
https://purl.org/okn/frink/kg/spoke-genelab/node/OSD-207-46bf2f458dd003f328af5b6f7f7566b2,obst-A,http://purl.obolibrary.org/obo/NCBITaxon_7227,http://www.ncbi.nlm.nih.gov/gene/33022,-3.00582,0.00149731,OSD-207
https://purl.org/okn/frink/kg/spoke-genelab/node/OSD-207-46bf2f458dd003f328af5b6f7f7566b2,verm,http://purl.obolibrary.org/obo/NCBITaxon_7227,http://www.ncbi.nlm.nih.gov/gene/40149,-2.63096,0.00160222,OSD-207
https://purl.org/okn/frink/kg/spoke-genelab/node/OSD-207-46bf2f458dd003f328af5b6f7f7566b2,SteXh:CG42398,http://purl.obolibrary.org/obo/NCBITaxon_7227,http://www.ncbi.nlm.nih.gov/gene/7354447,2.87198,0.0346457,OSD-207
https://purl.org/okn/frink/kg/spoke-genelab/node/OSD-207-46bf2f458dd003f328af5b6f7f7566b2,CG3713,http://purl.obolibrary.org/obo/NCBITaxon_7227,http://www.ncbi.nlm.nih.gov/gene/50365,-4.1073,1.67367e-07,OSD-207
https://purl.org/okn/frink/kg/spoke-genelab/node/OSD-207-46bf2f458dd003f328af5b6f7f7566b2,Sec61gamma,http://purl.obolibrary.org/obo/NCBITaxon_7227,http://www.ncbi.nlm.nih.gov/gene/32968,1.02465,0.00061331,OSD-207
https://purl.org/okn/frink/kg/spoke-genelab/node/OSD-207-46bf2f458dd003f328af5b6f7f7566b2,CG13376,http://purl.obolibrary.org/obo/NCBITaxon_7227,http://www.ncbi.nlm.nih.gov/gene/3346142,-1.47204,0.0176009,OSD-207
https://purl.org/okn/frink/kg/spoke-genelab/node/OSD-207-46bf2f458dd003f328af5b6f7f7566b2,CG11413,http://purl.obolibrary.org/obo/NCBITaxon_7227,http://www.ncbi.nlm.nih.gov/gene/37920,-3.89179,0.000530684,OSD-207
https://purl.org/okn/frink/kg/spoke-genelab/node/OSD-207-46bf2f458dd003f328af5b6f7f7566b2,MsrA,http://purl.obolibrary.org/obo/NCBITaxon_7227,http://www.ncbi.nlm.nih.gov/gene/39675,2.19604,0.000140279,OSD-207
https://purl.org/okn/frink/kg/spoke-genelab/node/OSD-207-46bf2f458dd003f328af5b6f7f7566b2,CG8492,http://purl.obolibrary.org/obo/NCBITaxon_7227,http://www.ncbi.nlm.nih.gov/gene/38866,-1.86475,0.0023174,OSD-207
https://purl.org/okn/frink/kg/spoke-genelab/node/OSD-207-46bf2f458dd003f328af5b6f7f7566b2,CG14626,http://purl.obolibrary.org/obo/NCBITaxon_7227,http://www.ncbi.nlm.nih.gov/gene/31064,-2.91575,0.00169172,OSD-207
https://purl.org/okn/frink/kg/spoke-genelab/node/OSD-207-46bf2f458dd003f328af5b6f7f7566b2,lncRNA:CR44775,http://purl.obolibrary.org/obo/NCBITaxon_7227,http://www.ncbi.nlm.nih.gov/gene/19835092,5.79799,0.0054724,OSD-207
https://purl.org/okn/frink/kg/spoke-genelab/node/OSD-207-46bf2f458dd003f328af5b6f7f7566b2,CG17404,http://purl.obolibrary.org/obo/NCBITaxon_7227,http://www.ncbi.nlm.nih.gov/gene/41482,-5.60718,0.00586232,OSD-207
https://purl.org/okn/frink/kg/spoke-genelab/node/OSD-207-46bf2f458dd003f328af5b6f7f7566b2,zye,http://purl.obolibrary.org/obo/NCBITaxon_7227,http://www.ncbi.nlm.nih.gov/gene/40255,-2.96152,0.000947494,OSD-207
https://purl.org/okn/frink/kg/spoke-genelab/node/OSD-207-46bf2f458dd003f328af5b6f7f7566b2,Listericin,http://purl.obolibrary.org/obo/NCBITaxon_7227,http://www.ncbi.nlm.nih.gov/gene/36183,1.22331,0.0151141,OSD-207
https://purl.org/okn/frink/kg/spoke-genelab/node/OSD-207-46bf2f458dd003f328af5b6f7f7566b2,CG15414,http://purl.obolibrary.org/obo/NCBITaxon_7227,http://www.ncbi.nlm.nih.gov/gene/33570,-1.24285,0.0400828,OSD-207
https://purl.org/okn/frink/kg/spoke-genelab/node/OSD-207-46bf2f458dd003f328af5b6f7f7566b2,CG34227,http://purl.obolibrary.org/obo/NCBITaxon_7227,http://www.ncbi.nlm.nih.gov/gene/36186,1.68519,0.00020656,OSD-207
https://purl.org/okn/frink/kg/spoke-genelab/node/OSD-207-46bf2f458dd003f328af5b6f7f7566b2,lncRNA:CR44716,http://purl.obolibrary.org/obo/NCBITaxon_7227,http://www.ncbi.nlm.nih.gov/gene/19836025,-3.2232,0.0242986,OSD-207
https://purl.org/okn/frink/kg/spoke-genelab/node/OSD-207-46bf2f458dd003f328af5b6f7f7566b2,CG10799,http://purl.obolibrary.org/obo/NCBITaxon_7227,http://www.ncbi.nlm.nih.gov/gene/36472,1.03364,5.03906e-05,OSD-207
https://purl.org/okn/frink/kg/spoke-genelab/node/OSD-207-46bf2f458dd003f328af5b6f7f7566b2,slam,http://purl.obolibrary.org/obo/NCBITaxon_7227,http://www.ncbi.nlm.nih.gov/gene/33890,1.612,0.004083,OSD-207
https://purl.org/okn/frink/kg/spoke-genelab/node/OSD-207-46bf2f458dd003f328af5b6f7f7566b2,slif,http://purl.obolibrary.org/obo/NCBITaxon_7227,http://www.ncbi.nlm.nih.gov/gene/40510,-1.10006,0.00597258,OSD-207
https://purl.org/okn/frink/kg/spoke-genelab/node/OSD-207-46bf2f458dd003f328af5b6f7f7566b2,asRNA:CR45281,http://purl.obolibrary.org/obo/NCBITaxon_7227,http://www.ncbi.nlm.nih.gov/gene/19836134,-1.33896,7.13654e-08,OSD-207
https://purl.org/okn/frink/kg/spoke-genelab/node/OSD-207-46bf2f458dd003f328af5b6f7f7566b2,lncRNA:CR45918,http://purl.obolibrary.org/obo/NCBITaxon_7227,http://www.ncbi.nlm.nih.gov/gene/26067246,-1.05405,0.00633758,OSD-207
https://purl.org/okn/frink/kg/spoke-genelab/node/OSD-207-46bf2f458dd003f328af5b6f7f7566b2,lncRNA:CR45054,http://purl.obolibrary.org/obo/NCBITaxon_7227,http://www.ncbi.nlm.nih.gov/gene/19835480,1.65572,0.000380615,OSD-207
https://purl.org/okn/frink/kg/spoke-genelab/node/OSD-207-46bf2f458dd003f328af5b6f7f7566b2,mtsh,http://purl.obolibrary.org/obo/NCBITaxon_7227,http://www.ncbi.nlm.nih.gov/gene/34141,-1.15197,0.0279756,OSD-207
https://purl.org/okn/frink/kg/spoke-genelab/node/OSD-207-46bf2f458dd003f328af5b6f7f7566b2,CG11741,http://purl.obolibrary.org/obo/NCBITaxon_7227,http://www.ncbi.nlm.nih.gov/gene/5740784,2.27422,0.00142806,OSD-207
https://purl.org/okn/frink/kg/spoke-genelab/node/OSD-207-46bf2f458dd003f328af5b6f7f7566b2,Arc2,http://purl.obolibrary.org/obo/NCBITaxon_7227,http://www.ncbi.nlm.nih.gov/gene/36597,2.05209,0.000116602,OSD-207
https://purl.org/okn/frink/kg/spoke-genelab/node/OSD-207-46bf2f458dd003f328af5b6f7f7566b2,edin,http://purl.obolibrary.org/obo/NCBITaxon_7227,http://www.ncbi.nlm.nih.gov/gene/317900,3.06604,0.0364372,OSD-207
https://purl.org/okn/frink/kg/spoke-genelab/node/OSD-207-46bf2f458dd003f328af5b6f7f7566b2,Cpr11A,http://purl.obolibrary.org/obo/NCBITaxon_7227,http://www.ncbi.nlm.nih.gov/gene/32198,-3.30795,0.0483523,OSD-207
https://purl.org/okn/frink/kg/spoke-genelab/node/OSD-207-46bf2f458dd003f328af5b6f7f7566b2,CG17267,http://purl.obolibrary.org/obo/NCBITaxon_7227,http://www.ncbi.nlm.nih.gov/gene/42454,-2.74543,0.0001826,OSD-207
https://purl.org/okn/frink/kg/spoke-genelab/node/OSD-207-46bf2f458dd003f328af5b6f7f7566b2,CG16959,http://purl.obolibrary.org/obo/NCBITaxon_7227,http://www.ncbi.nlm.nih.gov/gene/39648,-1.12026,0.00526594,OSD-207
https://purl.org/okn/frink/kg/spoke-genelab/node/OSD-207-46bf2f458dd003f328af5b6f7f7566b2,CG6329,http://purl.obolibrary.org/obo/NCBITaxon_7227,http://www.ncbi.nlm.nih.gov/gene/36529,-1.2721,7.15267e-07,OSD-207
https://purl.org/okn/frink/kg/spoke-genelab/node/OSD-207-46bf2f458dd003f328af5b6f7f7566b2,plh,http://purl.obolibrary.org/obo/NCBITaxon_7227,http://www.ncbi.nlm.nih.gov/gene/40615,-1.08314,0.00162956,OSD-207
https://purl.org/okn/frink/kg/spoke-genelab/node/OSD-207-46bf2f458dd003f328af5b6f7f7566b2,Cht8,http://purl.obolibrary.org/obo/NCBITaxon_7227,http://www.ncbi.nlm.nih.gov/gene/37390,7.71799,2.75479e-08,OSD-207
https://purl.org/okn/frink/kg/spoke-genelab/node/OSD-207-46bf2f458dd003f328af5b6f7f7566b2,CG9400,http://purl.obolibrary.org/obo/NCBITaxon_7227,http://www.ncbi.nlm.nih.gov/gene/32385,-2.57212,0.000220497,OSD-207
https://purl.org/okn/frink/kg/spoke-genelab/node/OSD-207-46bf2f458dd003f328af5b6f7f7566b2,CG43219,http://purl.obolibrary.org/obo/NCBITaxon_7227,http://www.ncbi.nlm.nih.gov/gene/12798437,-1.23182,8.49333e-06,OSD-207
https://purl.org/okn/frink/kg/spoke-genelab/node/OSD-207-46bf2f458dd003f328af5b6f7f7566b2,sug,http://purl.obolibrary.org/obo/NCBITaxon_7227,http://www.ncbi.nlm.nih.gov/gene/36424,1.82696,0.00244872,OSD-207
https://purl.org/okn/frink/kg/spoke-genelab/node/OSD-207-46bf2f458dd003f328af5b6f7f7566b2,Alp9,http://purl.obolibrary.org/obo/NCBITaxon_7227,http://www.ncbi.nlm.nih.gov/gene/38633,6.55754,4.94661e-08,OSD-207
https://purl.org/okn/frink/kg/spoke-genelab/node/OSD-207-46bf2f458dd003f328af5b6f7f7566b2,CG31300,http://purl.obolibrary.org/obo/NCBITaxon_7227,http://www.ncbi.nlm.nih.gov/gene/326132,-1.01197,0.00757253,OSD-207
https://purl.org/okn/frink/kg/spoke-genelab/node/OSD-207-46bf2f458dd003f328af5b6f7f7566b2,CG4476,http://purl.obolibrary.org/obo/NCBITaxon_7227,http://www.ncbi.nlm.nih.gov/gene/39056,-1.90144,0.000750446,OSD-207
https://purl.org/okn/frink/kg/spoke-genelab/node/OSD-207-46bf2f458dd003f328af5b6f7f7566b2,rdgC,http://purl.obolibrary.org/obo/NCBITaxon_7227,http://www.ncbi.nlm.nih.gov/gene/40224,-1.10717,3.43643e-16,OSD-207
https://purl.org/okn/frink/kg/spoke-genelab/node/OSD-207-46bf2f458dd003f328af5b6f7f7566b2,CG43679,http://purl.obolibrary.org/obo/NCBITaxon_7227,http://www.ncbi.nlm.nih.gov/gene/14462861,5.80245,0.0233862,OSD-207
https://purl.org/okn/frink/kg/spoke-genelab/node/OSD-207-46bf2f458dd003f328af5b6f7f7566b2,Tmhs,http://purl.obolibrary.org/obo/NCBITaxon_7227,http://www.ncbi.nlm.nih.gov/gene/38251,-1.95127,0.000235793,OSD-207
https://purl.org/okn/frink/kg/spoke-genelab/node/OSD-207-46bf2f458dd003f328af5b6f7f7566b2,CG31664,http://purl.obolibrary.org/obo/NCBITaxon_7227,http://www.ncbi.nlm.nih.gov/gene/33359,3.22217,1.38406e-14,OSD-207
https://purl.org/okn/frink/kg/spoke-genelab/node/OSD-207-46bf2f458dd003f328af5b6f7f7566b2,mthl14,http://purl.obolibrary.org/obo/NCBITaxon_7227,http://www.ncbi.nlm.nih.gov/gene/318046,1.93651,0.000382823,OSD-207
https://purl.org/okn/frink/kg/spoke-genelab/node/OSD-207-46bf2f458dd003f328af5b6f7f7566b2,PGRP-SA,http://purl.obolibrary.org/obo/NCBITaxon_7227,http://www.ncbi.nlm.nih.gov/gene/32099,1.53893,0.015551,OSD-207
https://purl.org/okn/frink/kg/spoke-genelab/node/OSD-207-46bf2f458dd003f328af5b6f7f7566b2,CG42326,http://purl.obolibrary.org/obo/NCBITaxon_7227,http://www.ncbi.nlm.nih.gov/gene/35838,-1.71002,4.69651e-05,OSD-207
https://purl.org/okn/frink/kg/spoke-genelab/node/OSD-207-46bf2f458dd003f328af5b6f7f7566b2,CG7402,http://purl.obolibrary.org/obo/NCBITaxon_7227,http://www.ncbi.nlm.nih.gov/gene/39994,-1.37749,9.25918e-05,OSD-207
https://purl.org/okn/frink/kg/spoke-genelab/node/OSD-207-46bf2f458dd003f328af5b6f7f7566b2,CG32751,http://purl.obolibrary.org/obo/NCBITaxon_7227,http://www.ncbi.nlm.nih.gov/gene/318189,6.08842,0.000698417,OSD-207
https://purl.org/okn/frink/kg/spoke-genelab/node/OSD-207-46bf2f458dd003f328af5b6f7f7566b2,Agpat1,http://purl.obolibrary.org/obo/NCBITaxon_7227,http://www.ncbi.nlm.nih.gov/gene/32230,-1.19103,5.43285e-08,OSD-207
https://purl.org/okn/frink/kg/spoke-genelab/node/OSD-207-46bf2f458dd003f328af5b6f7f7566b2,CG4860,http://purl.obolibrary.org/obo/NCBITaxon_7227,http://www.ncbi.nlm.nih.gov/gene/41480,1.89035,0.000138206,OSD-207
https://purl.org/okn/frink/kg/spoke-genelab/node/OSD-207-46bf2f458dd003f328af5b6f7f7566b2,sisRNA:CR46358,http://purl.obolibrary.org/obo/NCBITaxon_7227,http://www.ncbi.nlm.nih.gov/gene/39877400,-4.46299,0.00538582,OSD-207
https://purl.org/okn/frink/kg/spoke-genelab/node/OSD-207-46bf2f458dd003f328af5b6f7f7566b2,d,http://purl.obolibrary.org/obo/NCBITaxon_7227,http://www.ncbi.nlm.nih.gov/gene/34179,-1.54186,0.0187611,OSD-207
https://purl.org/okn/frink/kg/spoke-genelab/node/OSD-207-46bf2f458dd003f328af5b6f7f7566b2,Obp56d,http://purl.obolibrary.org/obo/NCBITaxon_7227,http://www.ncbi.nlm.nih.gov/gene/37266,1.05503,0.000632646,OSD-207
https://purl.org/okn/frink/kg/spoke-genelab/node/OSD-207-46bf2f458dd003f328af5b6f7f7566b2,tmod,http://purl.obolibrary.org/obo/NCBITaxon_7227,http://www.ncbi.nlm.nih.gov/gene/43633,-1.7264,0.00178593,OSD-207
https://purl.org/okn/frink/kg/spoke-genelab/node/OSD-207-46bf2f458dd003f328af5b6f7f7566b2,Syngr,http://purl.obolibrary.org/obo/NCBITaxon_7227,http://www.ncbi.nlm.nih.gov/gene/36533,-1.01128,1.94626e-11,OSD-207
https://purl.org/okn/frink/kg/spoke-genelab/node/OSD-207-46bf2f458dd003f328af5b6f7f7566b2,CG5707,http://purl.obolibrary.org/obo/NCBITaxon_7227,http://www.ncbi.nlm.nih.gov/gene/48422,1.01578,0.00102637,OSD-207
https://purl.org/okn/frink/kg/spoke-genelab/node/OSD-207-46bf2f458dd003f328af5b6f7f7566b2,CG9572,http://purl.obolibrary.org/obo/NCBITaxon_7227,http://www.ncbi.nlm.nih.gov/gene/33013,-1.02193,0.000252844,OSD-207
https://purl.org/okn/frink/kg/spoke-genelab/node/OSD-207-46bf2f458dd003f328af5b6f7f7566b2,CG13722,http://purl.obolibrary.org/obo/NCBITaxon_7227,http://www.ncbi.nlm.nih.gov/gene/38555,-5.2227,1.60359e-05,OSD-207
https://purl.org/okn/frink/kg/spoke-genelab/node/OSD-207-46bf2f458dd003f328af5b6f7f7566b2,CG4168,http://purl.obolibrary.org/obo/NCBITaxon_7227,http://www.ncbi.nlm.nih.gov/gene/34889,-1.31044,2.07034e-10,OSD-207
https://purl.org/okn/frink/kg/spoke-genelab/node/OSD-207-46bf2f458dd003f328af5b6f7f7566b2,CG13043,http://purl.obolibrary.org/obo/NCBITaxon_7227,http://www.ncbi.nlm.nih.gov/gene/39796,-8.33019,7.83181e-05,OSD-207
https://purl.org/okn/frink/kg/spoke-genelab/node/OSD-207-46bf2f458dd003f328af5b6f7f7566b2,Drsl2,http://purl.obolibrary.org/obo/NCBITaxon_7227,http://www.ncbi.nlm.nih.gov/gene/38408,3.69053,0.00331229,OSD-207
https://purl.org/okn/frink/kg/spoke-genelab/node/OSD-207-46bf2f458dd003f328af5b6f7f7566b2,lncRNA:CR44718,http://purl.obolibrary.org/obo/NCBITaxon_7227,http://www.ncbi.nlm.nih.gov/gene/19835872,-2.92017,0.00142792,OSD-207
https://purl.org/okn/frink/kg/spoke-genelab/node/OSD-207-46bf2f458dd003f328af5b6f7f7566b2,Mco4,http://purl.obolibrary.org/obo/NCBITaxon_7227,http://www.ncbi.nlm.nih.gov/gene/326221,7.23602,8.35246e-05,OSD-207
https://purl.org/okn/frink/kg/spoke-genelab/node/OSD-207-46bf2f458dd003f328af5b6f7f7566b2,CG31675,http://purl.obolibrary.org/obo/NCBITaxon_7227,http://www.ncbi.nlm.nih.gov/gene/318879,-1.01406,0.000150469,OSD-207
https://purl.org/okn/frink/kg/spoke-genelab/node/OSD-207-46bf2f458dd003f328af5b6f7f7566b2,CG43673,http://purl.obolibrary.org/obo/NCBITaxon_7227,http://www.ncbi.nlm.nih.gov/gene/14462401,8.13964,1.64689e-06,OSD-207
https://purl.org/okn/frink/kg/spoke-genelab/node/OSD-207-46bf2f458dd003f328af5b6f7f7566b2,ect,http://purl.obolibrary.org/obo/NCBITaxon_7227,http://www.ncbi.nlm.nih.gov/gene/44135,-1.65832,0.000985024,OSD-207
https://purl.org/okn/frink/kg/spoke-genelab/node/OSD-207-46bf2f458dd003f328af5b6f7f7566b2,CG8353,http://purl.obolibrary.org/obo/NCBITaxon_7227,http://www.ncbi.nlm.nih.gov/gene/34123,1.86669,5.83953e-06,OSD-207
https://purl.org/okn/frink/kg/spoke-genelab/node/OSD-207-46bf2f458dd003f328af5b6f7f7566b2,CG31975,http://purl.obolibrary.org/obo/NCBITaxon_7227,http://www.ncbi.nlm.nih.gov/gene/319052,1.87082,0.0345915,OSD-207
https://purl.org/okn/frink/kg/spoke-genelab/node/OSD-207-46bf2f458dd003f328af5b6f7f7566b2,CG2983,http://purl.obolibrary.org/obo/NCBITaxon_7227,http://www.ncbi.nlm.nih.gov/gene/33485,2.99684,0.0190196,OSD-207
https://purl.org/okn/frink/kg/spoke-genelab/node/OSD-207-46bf2f458dd003f328af5b6f7f7566b2,Cpr49Ae,http://purl.obolibrary.org/obo/NCBITaxon_7227,http://www.ncbi.nlm.nih.gov/gene/36351,-2.57587,5.65155e-10,OSD-207
https://purl.org/okn/frink/kg/spoke-genelab/node/OSD-207-46bf2f458dd003f328af5b6f7f7566b2,dyw,http://purl.obolibrary.org/obo/NCBITaxon_7227,http://www.ncbi.nlm.nih.gov/gene/31252,-2.62321,0.0138794,OSD-207
https://purl.org/okn/frink/kg/spoke-genelab/node/OSD-207-46bf2f458dd003f328af5b6f7f7566b2,Phae2,http://purl.obolibrary.org/obo/NCBITaxon_7227,http://www.ncbi.nlm.nih.gov/gene/34638,7.06044,0.00294126,OSD-207
https://purl.org/okn/frink/kg/spoke-genelab/node/OSD-207-46bf2f458dd003f328af5b6f7f7566b2,TotC,http://purl.obolibrary.org/obo/NCBITaxon_7227,http://www.ncbi.nlm.nih.gov/gene/117462,2.54468,0.0204422,OSD-207
https://purl.org/okn/frink/kg/spoke-genelab/node/OSD-207-46bf2f458dd003f328af5b6f7f7566b2,Balat,http://purl.obolibrary.org/obo/NCBITaxon_7227,http://www.ncbi.nlm.nih.gov/gene/36417,-1.16718,0.00746625,OSD-207
https://purl.org/okn/frink/kg/spoke-genelab/node/OSD-207-46bf2f458dd003f328af5b6f7f7566b2,CG13403,http://purl.obolibrary.org/obo/NCBITaxon_7227,http://www.ncbi.nlm.nih.gov/gene/32366,-4.38566,0.0122881,OSD-207
https://purl.org/okn/frink/kg/spoke-genelab/node/OSD-207-46bf2f458dd003f328af5b6f7f7566b2,lncRNA:CR45881,http://purl.obolibrary.org/obo/NCBITaxon_7227,http://www.ncbi.nlm.nih.gov/gene/26067209,-1.19973,0.0080702,OSD-207
https://purl.org/okn/frink/kg/spoke-genelab/node/OSD-207-46bf2f458dd003f328af5b6f7f7566b2,CG7409,http://purl.obolibrary.org/obo/NCBITaxon_7227,http://www.ncbi.nlm.nih.gov/gene/38870,-1.57735,3.62399e-09,OSD-207
https://purl.org/okn/frink/kg/spoke-genelab/node/OSD-207-46bf2f458dd003f328af5b6f7f7566b2,Cht6,http://purl.obolibrary.org/obo/NCBITaxon_7227,http://www.ncbi.nlm.nih.gov/gene/31935,-1.96301,0.000390669,OSD-207
https://purl.org/okn/frink/kg/spoke-genelab/node/OSD-207-46bf2f458dd003f328af5b6f7f7566b2,CG18598,http://purl.obolibrary.org/obo/NCBITaxon_7227,http://www.ncbi.nlm.nih.gov/gene/42188,-1.22137,2.53317e-12,OSD-207
https://purl.org/okn/frink/kg/spoke-genelab/node/OSD-207-46bf2f458dd003f328af5b6f7f7566b2,CG8736,http://purl.obolibrary.org/obo/NCBITaxon_7227,http://www.ncbi.nlm.nih.gov/gene/35841,-6.94601,3.25254e-08,OSD-207
https://purl.org/okn/frink/kg/spoke-genelab/node/OSD-207-46bf2f458dd003f328af5b6f7f7566b2,CG16799,http://purl.obolibrary.org/obo/NCBITaxon_7227,http://www.ncbi.nlm.nih.gov/gene/37340,1.24826,6.80196e-07,OSD-207
https://purl.org/okn/frink/kg/spoke-genelab/node/OSD-207-46bf2f458dd003f328af5b6f7f7566b2,y,http://purl.obolibrary.org/obo/NCBITaxon_7227,http://www.ncbi.nlm.nih.gov/gene/30980,-2.42789,0.000612839,OSD-207
https://purl.org/okn/frink/kg/spoke-genelab/node/OSD-207-46bf2f458dd003f328af5b6f7f7566b2,CG12224,http://purl.obolibrary.org/obo/NCBITaxon_7227,http://www.ncbi.nlm.nih.gov/gene/41453,1.67389,0.000531607,OSD-207
https://purl.org/okn/frink/kg/spoke-genelab/node/OSD-207-46bf2f458dd003f328af5b6f7f7566b2,Swim,http://purl.obolibrary.org/obo/NCBITaxon_7227,http://www.ncbi.nlm.nih.gov/gene/37537,-1.00672,0.0453961,OSD-207
https://purl.org/okn/frink/kg/spoke-genelab/node/OSD-207-46bf2f458dd003f328af5b6f7f7566b2,Cpr64Aa,http://purl.obolibrary.org/obo/NCBITaxon_7227,http://www.ncbi.nlm.nih.gov/gene/38508,-8.37854,7.67264e-05,OSD-207
https://purl.org/okn/frink/kg/spoke-genelab/node/OSD-207-46bf2f458dd003f328af5b6f7f7566b2,asRNA:CR43463,http://purl.obolibrary.org/obo/NCBITaxon_7227,http://www.ncbi.nlm.nih.gov/gene/12798215,-2.83413,0.00763338,OSD-207
https://purl.org/okn/frink/kg/spoke-genelab/node/OSD-207-46bf2f458dd003f328af5b6f7f7566b2,CG13492,http://purl.obolibrary.org/obo/NCBITaxon_7227,http://www.ncbi.nlm.nih.gov/gene/37487,5.40938,0.00149946,OSD-207
https://purl.org/okn/frink/kg/spoke-genelab/node/OSD-207-46bf2f458dd003f328af5b6f7f7566b2,CG7497,http://purl.obolibrary.org/obo/NCBITaxon_7227,http://www.ncbi.nlm.nih.gov/gene/39966,-1.01389,0.0109857,OSD-207
https://purl.org/okn/frink/kg/spoke-genelab/node/OSD-207-46bf2f458dd003f328af5b6f7f7566b2,Cyp4aa1,http://purl.obolibrary.org/obo/NCBITaxon_7227,http://www.ncbi.nlm.nih.gov/gene/36752,1.28737,0.0034739,OSD-207
https://purl.org/okn/frink/kg/spoke-genelab/node/OSD-207-46bf2f458dd003f328af5b6f7f7566b2,CG14246,http://purl.obolibrary.org/obo/NCBITaxon_7227,http://www.ncbi.nlm.nih.gov/gene/3772140,-3.06986,8.33297e-05,OSD-207
https://purl.org/okn/frink/kg/spoke-genelab/node/OSD-207-46bf2f458dd003f328af5b6f7f7566b2,NimC4,http://purl.obolibrary.org/obo/NCBITaxon_7227,http://www.ncbi.nlm.nih.gov/gene/34824,-2.67624,0.0301021,OSD-207
https://purl.org/okn/frink/kg/spoke-genelab/node/OSD-207-46bf2f458dd003f328af5b6f7f7566b2,CG6753,http://purl.obolibrary.org/obo/NCBITaxon_7227,http://www.ncbi.nlm.nih.gov/gene/41557,-1.43238,0.00787495,OSD-207
https://purl.org/okn/frink/kg/spoke-genelab/node/OSD-207-46bf2f458dd003f328af5b6f7f7566b2,TotA,http://purl.obolibrary.org/obo/NCBITaxon_7227,http://www.ncbi.nlm.nih.gov/gene/44121,2.95801,0.00282223,OSD-207
https://purl.org/okn/frink/kg/spoke-genelab/node/OSD-207-46bf2f458dd003f328af5b6f7f7566b2,CG33281,http://purl.obolibrary.org/obo/NCBITaxon_7227,http://www.ncbi.nlm.nih.gov/gene/2768938,-3.13948,0.00325171,OSD-207
https://purl.org/okn/frink/kg/spoke-genelab/node/OSD-207-46bf2f458dd003f328af5b6f7f7566b2,l(3)mbn,http://purl.obolibrary.org/obo/NCBITaxon_7227,http://www.ncbi.nlm.nih.gov/gene/38701,-6.29867,0.00707576,OSD-207
https://purl.org/okn/frink/kg/spoke-genelab/node/OSD-207-46bf2f458dd003f328af5b6f7f7566b2,ImpE1,http://purl.obolibrary.org/obo/NCBITaxon_7227,http://www.ncbi.nlm.nih.gov/gene/45879,-1.92004,5.09098e-08,OSD-207
https://purl.org/okn/frink/kg/spoke-genelab/node/OSD-207-46bf2f458dd003f328af5b6f7f7566b2,CG2233,http://purl.obolibrary.org/obo/NCBITaxon_7227,http://www.ncbi.nlm.nih.gov/gene/31721,1.59797,1.60708e-05,OSD-207
https://purl.org/okn/frink/kg/spoke-genelab/node/OSD-207-46bf2f458dd003f328af5b6f7f7566b2,asRNA:CR43468,http://purl.obolibrary.org/obo/NCBITaxon_7227,http://www.ncbi.nlm.nih.gov/gene/12798427,-1.04278,0.00201739,OSD-207
https://purl.org/okn/frink/kg/spoke-genelab/node/OSD-207-46bf2f458dd003f328af5b6f7f7566b2,CG6912,http://purl.obolibrary.org/obo/NCBITaxon_7227,http://www.ncbi.nlm.nih.gov/gene/41820,1.47792,0.023697,OSD-207
https://purl.org/okn/frink/kg/spoke-genelab/node/OSD-207-46bf2f458dd003f328af5b6f7f7566b2,PGRP-SC1a|PGRP-SC1b,http://purl.obolibrary.org/obo/NCBITaxon_7227,http://www.ncbi.nlm.nih.gov/gene/35859,3.87278,0.0359504,OSD-207
https://purl.org/okn/frink/kg/spoke-genelab/node/OSD-207-46bf2f458dd003f328af5b6f7f7566b2,CG42269,http://purl.obolibrary.org/obo/NCBITaxon_7227,http://www.ncbi.nlm.nih.gov/gene/38689,-2.45928,3.88056e-05,OSD-207
https://purl.org/okn/frink/kg/spoke-genelab/node/OSD-207-46bf2f458dd003f328af5b6f7f7566b2,CG30054,http://purl.obolibrary.org/obo/NCBITaxon_7227,http://www.ncbi.nlm.nih.gov/gene/246420,-1.08542,4.10619e-05,OSD-207
https://purl.org/okn/frink/kg/spoke-genelab/node/OSD-207-46bf2f458dd003f328af5b6f7f7566b2,l(2)34Fc,http://purl.obolibrary.org/obo/NCBITaxon_7227,http://www.ncbi.nlm.nih.gov/gene/34838,-1.42598,0.00531285,OSD-207
https://purl.org/okn/frink/kg/spoke-genelab/node/OSD-207-46bf2f458dd003f328af5b6f7f7566b2,Peritrophin-A,http://purl.obolibrary.org/obo/NCBITaxon_7227,http://www.ncbi.nlm.nih.gov/gene/33023,-2.71988,0.000292492,OSD-207
https://purl.org/okn/frink/kg/spoke-genelab/node/OSD-207-46bf2f458dd003f328af5b6f7f7566b2,Cpr49Ag,http://purl.obolibrary.org/obo/NCBITaxon_7227,http://www.ncbi.nlm.nih.gov/gene/36353,-1.79886,0.00706545,OSD-207
https://purl.org/okn/frink/kg/spoke-genelab/node/OSD-207-46bf2f458dd003f328af5b6f7f7566b2,frma,http://purl.obolibrary.org/obo/NCBITaxon_7227,http://www.ncbi.nlm.nih.gov/gene/31464,1.3359,9.3415e-06,OSD-207
https://purl.org/okn/frink/kg/spoke-genelab/node/OSD-207-46bf2f458dd003f328af5b6f7f7566b2,lncRNA:CR44089,http://purl.obolibrary.org/obo/NCBITaxon_7227,http://www.ncbi.nlm.nih.gov/gene/14462496,-2.90451,0.0488771,OSD-207
https://purl.org/okn/frink/kg/spoke-genelab/node/OSD-207-46bf2f458dd003f328af5b6f7f7566b2,ppk10,http://purl.obolibrary.org/obo/NCBITaxon_7227,http://www.ncbi.nlm.nih.gov/gene/3885617,1.55088,0.0467078,OSD-207
https://purl.org/okn/frink/kg/spoke-genelab/node/OSD-207-46bf2f458dd003f328af5b6f7f7566b2,CheB42a,http://purl.obolibrary.org/obo/NCBITaxon_7227,http://www.ncbi.nlm.nih.gov/gene/2768721,-1.43411,0.00157596,OSD-207
https://purl.org/okn/frink/kg/spoke-genelab/node/OSD-207-46bf2f458dd003f328af5b6f7f7566b2,CG13324,http://purl.obolibrary.org/obo/NCBITaxon_7227,http://www.ncbi.nlm.nih.gov/gene/36434,5.63727,0.0057439,OSD-207
https://purl.org/okn/frink/kg/spoke-genelab/node/OSD-207-46bf2f458dd003f328af5b6f7f7566b2,CG14591,http://purl.obolibrary.org/obo/NCBITaxon_7227,http://www.ncbi.nlm.nih.gov/gene/35531,-1.35024,2.68679e-12,OSD-207
https://purl.org/okn/frink/kg/spoke-genelab/node/OSD-207-46bf2f458dd003f328af5b6f7f7566b2,CG33655,http://purl.obolibrary.org/obo/NCBITaxon_7227,http://www.ncbi.nlm.nih.gov/gene/8674081,-1.12432,0.0114876,OSD-207
https://purl.org/okn/frink/kg/spoke-genelab/node/OSD-207-46bf2f458dd003f328af5b6f7f7566b2,Ugt35E1,http://purl.obolibrary.org/obo/NCBITaxon_7227,http://www.ncbi.nlm.nih.gov/gene/53504,-2.97605,0.000157551,OSD-207
https://purl.org/okn/frink/kg/spoke-genelab/node/OSD-207-46bf2f458dd003f328af5b6f7f7566b2,CG15406,http://purl.obolibrary.org/obo/NCBITaxon_7227,http://www.ncbi.nlm.nih.gov/gene/33542,3.72857,0.0392259,OSD-207
https://purl.org/okn/frink/kg/spoke-genelab/node/OSD-207-46bf2f458dd003f328af5b6f7f7566b2,CG14742,http://purl.obolibrary.org/obo/NCBITaxon_7227,http://www.ncbi.nlm.nih.gov/gene/12797890,-1.75342,0.00260041,OSD-207
https://purl.org/okn/frink/kg/spoke-genelab/node/OSD-207-46bf2f458dd003f328af5b6f7f7566b2,Ance-5,http://purl.obolibrary.org/obo/NCBITaxon_7227,http://www.ncbi.nlm.nih.gov/gene/37980,1.05481,0.000538535,OSD-207
https://purl.org/okn/frink/kg/spoke-genelab/node/OSD-207-46bf2f458dd003f328af5b6f7f7566b2,CG30098,http://purl.obolibrary.org/obo/NCBITaxon_7227,http://www.ncbi.nlm.nih.gov/gene/246456,4.63694,9.1969e-05,OSD-207
https://purl.org/okn/frink/kg/spoke-genelab/node/OSD-207-46bf2f458dd003f328af5b6f7f7566b2,asRNA:CR44106,http://purl.obolibrary.org/obo/NCBITaxon_7227,http://www.ncbi.nlm.nih.gov/gene/14462493,7.85851,7.07032e-05,OSD-207
https://purl.org/okn/frink/kg/spoke-genelab/node/OSD-207-46bf2f458dd003f328af5b6f7f7566b2,CG14301,http://purl.obolibrary.org/obo/NCBITaxon_7227,http://www.ncbi.nlm.nih.gov/gene/42235,-2.57588,1.91523e-05,OSD-207
https://purl.org/okn/frink/kg/spoke-genelab/node/OSD-207-46bf2f458dd003f328af5b6f7f7566b2,Zasp66,http://purl.obolibrary.org/obo/NCBITaxon_7227,http://www.ncbi.nlm.nih.gov/gene/38988,-1.14581,1.44964e-12,OSD-207
https://purl.org/okn/frink/kg/spoke-genelab/node/OSD-207-46bf2f458dd003f328af5b6f7f7566b2,Myo28B1,http://purl.obolibrary.org/obo/NCBITaxon_7227,http://www.ncbi.nlm.nih.gov/gene/53515,-1.29676,1.21001e-08,OSD-207
https://purl.org/okn/frink/kg/spoke-genelab/node/OSD-207-46bf2f458dd003f328af5b6f7f7566b2,CG5653,http://purl.obolibrary.org/obo/NCBITaxon_7227,http://www.ncbi.nlm.nih.gov/gene/39024,-1.37948,0.00620108,OSD-207
https://purl.org/okn/frink/kg/spoke-genelab/node/OSD-207-46bf2f458dd003f328af5b6f7f7566b2,Ae2,http://purl.obolibrary.org/obo/NCBITaxon_7227,http://www.ncbi.nlm.nih.gov/gene/39147,-1.17281,1.42388e-24,OSD-207
https://purl.org/okn/frink/kg/spoke-genelab/node/OSD-207-46bf2f458dd003f328af5b6f7f7566b2,exex,http://purl.obolibrary.org/obo/NCBITaxon_7227,http://www.ncbi.nlm.nih.gov/gene/38884,1.70078,0.0324431,OSD-207
https://purl.org/okn/frink/kg/spoke-genelab/node/OSD-207-46bf2f458dd003f328af5b6f7f7566b2,PGRP-SC1a|PGRP-SC1b,http://purl.obolibrary.org/obo/NCBITaxon_7227,http://www.ncbi.nlm.nih.gov/gene/35861,3.87278,0.0359504,OSD-207
https://purl.org/okn/frink/kg/spoke-genelab/node/OSD-207-46bf2f458dd003f328af5b6f7f7566b2,Muc96D,http://purl.obolibrary.org/obo/NCBITaxon_7227,http://www.ncbi.nlm.nih.gov/gene/318737,1.88648,0.0491249,OSD-207
https://purl.org/okn/frink/kg/spoke-genelab/node/OSD-207-46bf2f458dd003f328af5b6f7f7566b2,GlyS,http://purl.obolibrary.org/obo/NCBITaxon_7227,http://www.ncbi.nlm.nih.gov/gene/41823,-1.29778,0.000787129,OSD-207
https://purl.org/okn/frink/kg/spoke-genelab/node/OSD-207-46bf2f458dd003f328af5b6f7f7566b2,CG14340,http://purl.obolibrary.org/obo/NCBITaxon_7227,http://www.ncbi.nlm.nih.gov/gene/33287,-1.79766,4.24948e-06,OSD-207
https://purl.org/okn/frink/kg/spoke-genelab/node/OSD-207-46bf2f458dd003f328af5b6f7f7566b2,Task6,http://purl.obolibrary.org/obo/NCBITaxon_7227,http://www.ncbi.nlm.nih.gov/gene/41671,-1.10664,1.82493e-14,OSD-207
https://purl.org/okn/frink/kg/spoke-genelab/node/OSD-207-46bf2f458dd003f328af5b6f7f7566b2,CG44014,http://purl.obolibrary.org/obo/NCBITaxon_7227,http://www.ncbi.nlm.nih.gov/gene/41893,1.01437,0.021899,OSD-207
https://purl.org/okn/frink/kg/spoke-genelab/node/OSD-207-46bf2f458dd003f328af5b6f7f7566b2,CG33346,http://purl.obolibrary.org/obo/NCBITaxon_7227,http://www.ncbi.nlm.nih.gov/gene/2768690,5.73012,0.00228496,OSD-207
https://purl.org/okn/frink/kg/spoke-genelab/node/OSD-207-46bf2f458dd003f328af5b6f7f7566b2,Nep4,http://purl.obolibrary.org/obo/NCBITaxon_7227,http://www.ncbi.nlm.nih.gov/gene/42449,-1.42754,9.25651e-08,OSD-207
https://purl.org/okn/frink/kg/spoke-genelab/node/OSD-207-46bf2f458dd003f328af5b6f7f7566b2,CG33099,http://purl.obolibrary.org/obo/NCBITaxon_7227,http://www.ncbi.nlm.nih.gov/gene/326254,2.02081,0.0350338,OSD-207
https://purl.org/okn/frink/kg/spoke-genelab/node/OSD-207-46bf2f458dd003f328af5b6f7f7566b2,Pex7,http://purl.obolibrary.org/obo/NCBITaxon_7227,http://www.ncbi.nlm.nih.gov/gene/38994,-1.32057,0.00700776,OSD-207
https://purl.org/okn/frink/kg/spoke-genelab/node/OSD-207-46bf2f458dd003f328af5b6f7f7566b2,CG14050,http://purl.obolibrary.org/obo/NCBITaxon_7227,http://www.ncbi.nlm.nih.gov/gene/31218,1.61581,0.00283084,OSD-207
https://purl.org/okn/frink/kg/spoke-genelab/node/OSD-207-46bf2f458dd003f328af5b6f7f7566b2,CG14459,http://purl.obolibrary.org/obo/NCBITaxon_7227,http://www.ncbi.nlm.nih.gov/gene/40476,-1.0186,0.00011434,OSD-207
https://purl.org/okn/frink/kg/spoke-genelab/node/OSD-207-46bf2f458dd003f328af5b6f7f7566b2,trol,http://purl.obolibrary.org/obo/NCBITaxon_7227,http://www.ncbi.nlm.nih.gov/gene/45320,-1.10677,1.51094e-05,OSD-207
https://purl.org/okn/frink/kg/spoke-genelab/node/OSD-207-46bf2f458dd003f328af5b6f7f7566b2,Ir68a,http://purl.obolibrary.org/obo/NCBITaxon_7227,http://www.ncbi.nlm.nih.gov/gene/39269,-1.33393,3.63817e-05,OSD-207
https://purl.org/okn/frink/kg/spoke-genelab/node/OSD-207-46bf2f458dd003f328af5b6f7f7566b2,CG32368,http://purl.obolibrary.org/obo/NCBITaxon_7227,http://www.ncbi.nlm.nih.gov/gene/317997,4.38371,6.45083e-08,OSD-207
https://purl.org/okn/frink/kg/spoke-genelab/node/OSD-207-46bf2f458dd003f328af5b6f7f7566b2,Ugt37C1,http://purl.obolibrary.org/obo/NCBITaxon_7227,http://www.ncbi.nlm.nih.gov/gene/53583,2.93722,4.63192e-05,OSD-207
https://purl.org/okn/frink/kg/spoke-genelab/node/OSD-207-46bf2f458dd003f328af5b6f7f7566b2,CG4462,http://purl.obolibrary.org/obo/NCBITaxon_7227,http://www.ncbi.nlm.nih.gov/gene/42376,-1.06079,0.00307048,OSD-207
https://purl.org/okn/frink/kg/spoke-genelab/node/OSD-207-46bf2f458dd003f328af5b6f7f7566b2,chp,http://purl.obolibrary.org/obo/NCBITaxon_7227,http://www.ncbi.nlm.nih.gov/gene/43690,-1.35149,7.44946e-13,OSD-207
https://purl.org/okn/frink/kg/spoke-genelab/node/OSD-207-46bf2f458dd003f328af5b6f7f7566b2,CG34367,http://purl.obolibrary.org/obo/NCBITaxon_7227,http://www.ncbi.nlm.nih.gov/gene/5740879,-1.47725,0.000578084,OSD-207
https://purl.org/okn/frink/kg/spoke-genelab/node/OSD-207-46bf2f458dd003f328af5b6f7f7566b2,Ass,http://purl.obolibrary.org/obo/NCBITaxon_7227,http://www.ncbi.nlm.nih.gov/gene/40812,1.13467,0.0317283,OSD-207
https://purl.org/okn/frink/kg/spoke-genelab/node/OSD-207-46bf2f458dd003f328af5b6f7f7566b2,CG34236,http://purl.obolibrary.org/obo/NCBITaxon_7227,http://www.ncbi.nlm.nih.gov/gene/5740183,4.02276,0.0109762,OSD-207
https://purl.org/okn/frink/kg/spoke-genelab/node/OSD-207-46bf2f458dd003f328af5b6f7f7566b2,AGBE,http://purl.obolibrary.org/obo/NCBITaxon_7227,http://www.ncbi.nlm.nih.gov/gene/326264,-1.17267,0.00389222,OSD-207
https://purl.org/okn/frink/kg/spoke-genelab/node/OSD-207-46bf2f458dd003f328af5b6f7f7566b2,Muc68E,http://purl.obolibrary.org/obo/NCBITaxon_7227,http://www.ncbi.nlm.nih.gov/gene/2768990,4.18412,0.0149629,OSD-207
https://purl.org/okn/frink/kg/spoke-genelab/node/OSD-207-46bf2f458dd003f328af5b6f7f7566b2,RabX5,http://purl.obolibrary.org/obo/NCBITaxon_7227,http://www.ncbi.nlm.nih.gov/gene/38209,-1.03628,0.000740085,OSD-207
https://purl.org/okn/frink/kg/spoke-genelab/node/OSD-207-46bf2f458dd003f328af5b6f7f7566b2,Ugt35C1,http://purl.obolibrary.org/obo/NCBITaxon_7227,http://www.ncbi.nlm.nih.gov/gene/53507,1.17507,0.00670752,OSD-207
https://purl.org/okn/frink/kg/spoke-genelab/node/OSD-207-46bf2f458dd003f328af5b6f7f7566b2,Unc-89,http://purl.obolibrary.org/obo/NCBITaxon_7227,http://www.ncbi.nlm.nih.gov/gene/3346201,-1.20684,0.000713602,OSD-207
https://purl.org/okn/frink/kg/spoke-genelab/node/OSD-207-46bf2f458dd003f328af5b6f7f7566b2,CG8419,http://purl.obolibrary.org/obo/NCBITaxon_7227,http://www.ncbi.nlm.nih.gov/gene/34118,-1.44551,8.05148e-10,OSD-207
https://purl.org/okn/frink/kg/spoke-genelab/node/OSD-207-46bf2f458dd003f328af5b6f7f7566b2,ppk6,http://purl.obolibrary.org/obo/NCBITaxon_7227,http://www.ncbi.nlm.nih.gov/gene/37286,2.93629,0.0140608,OSD-207
https://purl.org/okn/frink/kg/spoke-genelab/node/OSD-207-46bf2f458dd003f328af5b6f7f7566b2,lncRNA:CR30121,http://purl.obolibrary.org/obo/NCBITaxon_7227,http://www.ncbi.nlm.nih.gov/gene/12798336,3.01796,0.0497471,OSD-207
https://purl.org/okn/frink/kg/spoke-genelab/node/OSD-207-46bf2f458dd003f328af5b6f7f7566b2,CG34026,http://purl.obolibrary.org/obo/NCBITaxon_7227,http://www.ncbi.nlm.nih.gov/gene/3885569,6.35291,0.0118953,OSD-207
https://purl.org/okn/frink/kg/spoke-genelab/node/OSD-207-46bf2f458dd003f328af5b6f7f7566b2,Nna1,http://purl.obolibrary.org/obo/NCBITaxon_7227,http://www.ncbi.nlm.nih.gov/gene/32329,-1.39238,0.000689693,OSD-207
https://purl.org/okn/frink/kg/spoke-genelab/node/OSD-207-46bf2f458dd003f328af5b6f7f7566b2,Nplp2,http://purl.obolibrary.org/obo/NCBITaxon_7227,http://www.ncbi.nlm.nih.gov/gene/50286,1.48116,0.000132277,OSD-207
https://purl.org/okn/frink/kg/spoke-genelab/node/OSD-207-46bf2f458dd003f328af5b6f7f7566b2,Root,http://purl.obolibrary.org/obo/NCBITaxon_7227,http://www.ncbi.nlm.nih.gov/gene/42860,1.83203,0.0114723,OSD-207
https://purl.org/okn/frink/kg/spoke-genelab/node/OSD-207-46bf2f458dd003f328af5b6f7f7566b2,CG44008,http://purl.obolibrary.org/obo/NCBITaxon_7227,http://www.ncbi.nlm.nih.gov/gene/14462750,1.19096,0.00196733,OSD-207
https://purl.org/okn/frink/kg/spoke-genelab/node/OSD-207-46bf2f458dd003f328af5b6f7f7566b2,Ca-alpha1T,http://purl.obolibrary.org/obo/NCBITaxon_7227,http://www.ncbi.nlm.nih.gov/gene/31550,-1.12752,3.87497e-16,OSD-207
https://purl.org/okn/frink/kg/spoke-genelab/node/OSD-207-46bf2f458dd003f328af5b6f7f7566b2,CG17777,http://purl.obolibrary.org/obo/NCBITaxon_7227,http://www.ncbi.nlm.nih.gov/gene/50374,-1.5174,0.00308527,OSD-207
https://purl.org/okn/frink/kg/spoke-genelab/node/OSD-207-46bf2f458dd003f328af5b6f7f7566b2,CG17440,http://purl.obolibrary.org/obo/NCBITaxon_7227,http://www.ncbi.nlm.nih.gov/gene/31879,1.84549,0.00477403,OSD-207
https://purl.org/okn/frink/kg/spoke-genelab/node/OSD-207-46bf2f458dd003f328af5b6f7f7566b2,CG43134,http://purl.obolibrary.org/obo/NCBITaxon_7227,http://www.ncbi.nlm.nih.gov/gene/12798107,9.24016,4.12504e-08,OSD-207
https://purl.org/okn/frink/kg/spoke-genelab/node/OSD-207-46bf2f458dd003f328af5b6f7f7566b2,Fatp2,http://purl.obolibrary.org/obo/NCBITaxon_7227,http://www.ncbi.nlm.nih.gov/gene/37657,1.20565,0.00597624,OSD-207
https://purl.org/okn/frink/kg/spoke-genelab/node/OSD-207-46bf2f458dd003f328af5b6f7f7566b2,CG18748,http://purl.obolibrary.org/obo/NCBITaxon_7227,http://www.ncbi.nlm.nih.gov/gene/59144,6.3392,0.0016314,OSD-207
https://purl.org/okn/frink/kg/spoke-genelab/node/OSD-207-46bf2f458dd003f328af5b6f7f7566b2,CG31087,http://purl.obolibrary.org/obo/NCBITaxon_7227,http://www.ncbi.nlm.nih.gov/gene/43062,4.11991,0.0296842,OSD-207
https://purl.org/okn/frink/kg/spoke-genelab/node/OSD-207-46bf2f458dd003f328af5b6f7f7566b2,SERCA,http://purl.obolibrary.org/obo/NCBITaxon_7227,http://www.ncbi.nlm.nih.gov/gene/49297,-1.86458,1.96108e-05,OSD-207
https://purl.org/okn/frink/kg/spoke-genelab/node/OSD-207-46bf2f458dd003f328af5b6f7f7566b2,CG13545,http://purl.obolibrary.org/obo/NCBITaxon_7227,http://www.ncbi.nlm.nih.gov/gene/37675,-5.97182,0.0262028,OSD-207
https://purl.org/okn/frink/kg/spoke-genelab/node/OSD-207-46bf2f458dd003f328af5b6f7f7566b2,CG34045,http://purl.obolibrary.org/obo/NCBITaxon_7227,http://www.ncbi.nlm.nih.gov/gene/3885656,6.0278,7.11133e-06,OSD-207
https://purl.org/okn/frink/kg/spoke-genelab/node/OSD-207-46bf2f458dd003f328af5b6f7f7566b2,CG10073,http://purl.obolibrary.org/obo/NCBITaxon_7227,http://www.ncbi.nlm.nih.gov/gene/37225,2.29725,0.000712763,OSD-207
https://purl.org/okn/frink/kg/spoke-genelab/node/OSD-207-46bf2f458dd003f328af5b6f7f7566b2,comm2,http://purl.obolibrary.org/obo/NCBITaxon_7227,http://www.ncbi.nlm.nih.gov/gene/39716,1.20695,0.00517238,OSD-207
https://purl.org/okn/frink/kg/spoke-genelab/node/OSD-207-46bf2f458dd003f328af5b6f7f7566b2,Loxl1,http://purl.obolibrary.org/obo/NCBITaxon_7227,http://www.ncbi.nlm.nih.gov/gene/43712,1.55685,0.00596003,OSD-207
https://purl.org/okn/frink/kg/spoke-genelab/node/OSD-207-46bf2f458dd003f328af5b6f7f7566b2,CG5399,http://purl.obolibrary.org/obo/NCBITaxon_7227,http://www.ncbi.nlm.nih.gov/gene/41900,3.54999,0.00368419,OSD-207
https://purl.org/okn/frink/kg/spoke-genelab/node/OSD-207-46bf2f458dd003f328af5b6f7f7566b2,CG5391,http://purl.obolibrary.org/obo/NCBITaxon_7227,http://www.ncbi.nlm.nih.gov/gene/42611,-2.84632,0.0358853,OSD-207
https://purl.org/okn/frink/kg/spoke-genelab/node/OSD-207-46bf2f458dd003f328af5b6f7f7566b2,rdhB,http://purl.obolibrary.org/obo/NCBITaxon_7227,http://www.ncbi.nlm.nih.gov/gene/42614,-1.29573,0.000252299,OSD-207
https://purl.org/okn/frink/kg/spoke-genelab/node/OSD-207-46bf2f458dd003f328af5b6f7f7566b2,CG45060,http://purl.obolibrary.org/obo/NCBITaxon_7227,http://www.ncbi.nlm.nih.gov/gene/19835394,5.1434,0.0192952,OSD-207
https://purl.org/okn/frink/kg/spoke-genelab/node/OSD-207-46bf2f458dd003f328af5b6f7f7566b2,CG13806,http://purl.obolibrary.org/obo/NCBITaxon_7227,http://www.ncbi.nlm.nih.gov/gene/38292,9.27335,3.08081e-06,OSD-207
https://purl.org/okn/frink/kg/spoke-genelab/node/OSD-207-46bf2f458dd003f328af5b6f7f7566b2,CG6280,http://purl.obolibrary.org/obo/NCBITaxon_7227,http://www.ncbi.nlm.nih.gov/gene/36522,-2.16644,0.00745481,OSD-207
https://purl.org/okn/frink/kg/spoke-genelab/node/OSD-207-46bf2f458dd003f328af5b6f7f7566b2,CG9759,http://purl.obolibrary.org/obo/NCBITaxon_7227,http://www.ncbi.nlm.nih.gov/gene/41661,1.63502,0.00124979,OSD-207
https://purl.org/okn/frink/kg/spoke-genelab/node/OSD-207-46bf2f458dd003f328af5b6f7f7566b2,Spn42Db,http://purl.obolibrary.org/obo/NCBITaxon_7227,http://www.ncbi.nlm.nih.gov/gene/35599,3.13073,0.018658,OSD-207
https://purl.org/okn/frink/kg/spoke-genelab/node/OSD-207-46bf2f458dd003f328af5b6f7f7566b2,CAH8,http://purl.obolibrary.org/obo/NCBITaxon_7227,http://www.ncbi.nlm.nih.gov/gene/42625,-1.00974,0.0321974,OSD-207
https://purl.org/okn/frink/kg/spoke-genelab/node/OSD-207-46bf2f458dd003f328af5b6f7f7566b2,CG7059,http://purl.obolibrary.org/obo/NCBITaxon_7227,http://www.ncbi.nlm.nih.gov/gene/42626,-1.18544,0.000104871,OSD-207
https://purl.org/okn/frink/kg/spoke-genelab/node/OSD-207-46bf2f458dd003f328af5b6f7f7566b2,CG14300,http://purl.obolibrary.org/obo/NCBITaxon_7227,http://www.ncbi.nlm.nih.gov/gene/3346166,5.48664,0.0487831,OSD-207
https://purl.org/okn/frink/kg/spoke-genelab/node/OSD-207-46bf2f458dd003f328af5b6f7f7566b2,Socs36E,http://purl.obolibrary.org/obo/NCBITaxon_7227,http://www.ncbi.nlm.nih.gov/gene/35085,1.50055,0.00297696,OSD-207
https://purl.org/okn/frink/kg/spoke-genelab/node/OSD-207-46bf2f458dd003f328af5b6f7f7566b2,CG15818,http://purl.obolibrary.org/obo/NCBITaxon_7227,http://www.ncbi.nlm.nih.gov/gene/34019,9.03585,2.37357e-05,OSD-207
https://purl.org/okn/frink/kg/spoke-genelab/node/OSD-207-46bf2f458dd003f328af5b6f7f7566b2,OdsH,http://purl.obolibrary.org/obo/NCBITaxon_7227,http://www.ncbi.nlm.nih.gov/gene/32758,-2.31552,0.0377375,OSD-207
https://purl.org/okn/frink/kg/spoke-genelab/node/OSD-207-46bf2f458dd003f328af5b6f7f7566b2,tn,http://purl.obolibrary.org/obo/NCBITaxon_7227,http://www.ncbi.nlm.nih.gov/gene/37190,-1.69458,0.0041475,OSD-207
https://purl.org/okn/frink/kg/spoke-genelab/node/OSD-207-46bf2f458dd003f328af5b6f7f7566b2,Cpr92F,http://purl.obolibrary.org/obo/NCBITaxon_7227,http://www.ncbi.nlm.nih.gov/gene/42450,-3.51961,0.00477604,OSD-207
https://purl.org/okn/frink/kg/spoke-genelab/node/OSD-207-46bf2f458dd003f328af5b6f7f7566b2,Mhc,http://purl.obolibrary.org/obo/NCBITaxon_7227,http://www.ncbi.nlm.nih.gov/gene/35007,-1.99095,2.19454e-05,OSD-207
https://purl.org/okn/frink/kg/spoke-genelab/node/OSD-207-46bf2f458dd003f328af5b6f7f7566b2,Oatp33Eb,http://purl.obolibrary.org/obo/NCBITaxon_7227,http://www.ncbi.nlm.nih.gov/gene/34662,6.78784,0.000262488,OSD-207
https://purl.org/okn/frink/kg/spoke-genelab/node/OSD-207-46bf2f458dd003f328af5b6f7f7566b2,CG4000,http://purl.obolibrary.org/obo/NCBITaxon_7227,http://www.ncbi.nlm.nih.gov/gene/42451,-3.47069,1.3598e-07,OSD-207
https://purl.org/okn/frink/kg/spoke-genelab/node/OSD-207-46bf2f458dd003f328af5b6f7f7566b2,CG13639,http://purl.obolibrary.org/obo/NCBITaxon_7227,http://www.ncbi.nlm.nih.gov/gene/12798257,-2.57274,0.00547925,OSD-207
https://purl.org/okn/frink/kg/spoke-genelab/node/OSD-207-46bf2f458dd003f328af5b6f7f7566b2,CG8620,http://purl.obolibrary.org/obo/NCBITaxon_7227,http://www.ncbi.nlm.nih.gov/gene/50310,1.41596,0.00127921,OSD-207
https://purl.org/okn/frink/kg/spoke-genelab/node/OSD-207-46bf2f458dd003f328af5b6f7f7566b2,Cyp309a2,http://purl.obolibrary.org/obo/NCBITaxon_7227,http://www.ncbi.nlm.nih.gov/gene/33439,1.32055,0.000767368,OSD-207
https://purl.org/okn/frink/kg/spoke-genelab/node/OSD-207-46bf2f458dd003f328af5b6f7f7566b2,CG5418,http://purl.obolibrary.org/obo/NCBITaxon_7227,http://www.ncbi.nlm.nih.gov/gene/34663,1.5971,0.0362554,OSD-207
https://purl.org/okn/frink/kg/spoke-genelab/node/OSD-207-46bf2f458dd003f328af5b6f7f7566b2,CG14907,http://purl.obolibrary.org/obo/NCBITaxon_7227,http://www.ncbi.nlm.nih.gov/gene/42031,1.56871,0.00372167,OSD-207
https://purl.org/okn/frink/kg/spoke-genelab/node/OSD-207-46bf2f458dd003f328af5b6f7f7566b2,wat,http://purl.obolibrary.org/obo/NCBITaxon_7227,http://www.ncbi.nlm.nih.gov/gene/43420,1.23477,0.011798,OSD-207
https://purl.org/okn/frink/kg/spoke-genelab/node/OSD-207-46bf2f458dd003f328af5b6f7f7566b2,spdo,http://purl.obolibrary.org/obo/NCBITaxon_7227,http://www.ncbi.nlm.nih.gov/gene/318559,-1.19364,0.0215227,OSD-207
https://purl.org/okn/frink/kg/spoke-genelab/node/OSD-207-46bf2f458dd003f328af5b6f7f7566b2,CG32855,http://purl.obolibrary.org/obo/NCBITaxon_7227,http://www.ncbi.nlm.nih.gov/gene/318250,-1.92287,1.16098e-06,OSD-207
https://purl.org/okn/frink/kg/spoke-genelab/node/OSD-207-46bf2f458dd003f328af5b6f7f7566b2,ppk20,http://purl.obolibrary.org/obo/NCBITaxon_7227,http://www.ncbi.nlm.nih.gov/gene/43486,2.15341,0.0363531,OSD-207
https://purl.org/okn/frink/kg/spoke-genelab/node/OSD-207-46bf2f458dd003f328af5b6f7f7566b2,NimA,http://purl.obolibrary.org/obo/NCBITaxon_7227,http://www.ncbi.nlm.nih.gov/gene/318930,-2.28464,1.25337e-07,OSD-207
https://purl.org/okn/frink/kg/spoke-genelab/node/OSD-207-46bf2f458dd003f328af5b6f7f7566b2,Grik,http://purl.obolibrary.org/obo/NCBITaxon_7227,http://www.ncbi.nlm.nih.gov/gene/42476,-1.09077,2.46435e-05,OSD-207
https://purl.org/okn/frink/kg/spoke-genelab/node/OSD-207-46bf2f458dd003f328af5b6f7f7566b2,rdgA,http://purl.obolibrary.org/obo/NCBITaxon_7227,http://www.ncbi.nlm.nih.gov/gene/31826,-1.394,7.25467e-11,OSD-207
https://purl.org/okn/frink/kg/spoke-genelab/node/OSD-207-46bf2f458dd003f328af5b6f7f7566b2,GLS,http://purl.obolibrary.org/obo/NCBITaxon_7227,http://www.ncbi.nlm.nih.gov/gene/36396,-1.12101,8.59251e-05,OSD-207
https://purl.org/okn/frink/kg/spoke-genelab/node/OSD-207-46bf2f458dd003f328af5b6f7f7566b2,Cpn,http://purl.obolibrary.org/obo/NCBITaxon_7227,http://www.ncbi.nlm.nih.gov/gene/41474,-1.68431,2.68895e-06,OSD-207
https://purl.org/okn/frink/kg/spoke-genelab/node/OSD-207-46bf2f458dd003f328af5b6f7f7566b2,kcc,http://purl.obolibrary.org/obo/NCBITaxon_7227,http://www.ncbi.nlm.nih.gov/gene/37800,-1.1554,1.31538e-08,OSD-207
https://purl.org/okn/frink/kg/spoke-genelab/node/OSD-207-46bf2f458dd003f328af5b6f7f7566b2,CG14062,http://purl.obolibrary.org/obo/NCBITaxon_7227,http://www.ncbi.nlm.nih.gov/gene/43389,-4.65304,0.00477604,OSD-207
https://purl.org/okn/frink/kg/spoke-genelab/node/OSD-207-46bf2f458dd003f328af5b6f7f7566b2,cu,http://purl.obolibrary.org/obo/NCBITaxon_7227,http://www.ncbi.nlm.nih.gov/gene/41339,1.06643,0.00167067,OSD-207
https://purl.org/okn/frink/kg/spoke-genelab/node/OSD-207-46bf2f458dd003f328af5b6f7f7566b2,mthl4,http://purl.obolibrary.org/obo/NCBITaxon_7227,http://www.ncbi.nlm.nih.gov/gene/36960,1.0572,0.0104858,OSD-207
https://purl.org/okn/frink/kg/spoke-genelab/node/OSD-207-46bf2f458dd003f328af5b6f7f7566b2,inaF-A,http://purl.obolibrary.org/obo/NCBITaxon_7227,http://www.ncbi.nlm.nih.gov/gene/5740676,-2.90313,2.16476e-06,OSD-207
https://purl.org/okn/frink/kg/spoke-genelab/node/OSD-207-46bf2f458dd003f328af5b6f7f7566b2,CG15478,http://purl.obolibrary.org/obo/NCBITaxon_7227,http://www.ncbi.nlm.nih.gov/gene/31679,-1.08244,1.25846e-06,OSD-207
https://purl.org/okn/frink/kg/spoke-genelab/node/OSD-207-46bf2f458dd003f328af5b6f7f7566b2,CG1273,http://purl.obolibrary.org/obo/NCBITaxon_7227,http://www.ncbi.nlm.nih.gov/gene/38522,-4.00655,0.00894202,OSD-207
https://purl.org/okn/frink/kg/spoke-genelab/node/OSD-207-46bf2f458dd003f328af5b6f7f7566b2,CG33159,http://purl.obolibrary.org/obo/NCBITaxon_7227,http://www.ncbi.nlm.nih.gov/gene/318901,-1.18363,0.00750324,OSD-207
https://purl.org/okn/frink/kg/spoke-genelab/node/OSD-207-46bf2f458dd003f328af5b6f7f7566b2,CG15529,http://purl.obolibrary.org/obo/NCBITaxon_7227,http://www.ncbi.nlm.nih.gov/gene/43584,-1.27842,2.869e-06,OSD-207
https://purl.org/okn/frink/kg/spoke-genelab/node/OSD-207-46bf2f458dd003f328af5b6f7f7566b2,CG14688,http://purl.obolibrary.org/obo/NCBITaxon_7227,http://www.ncbi.nlm.nih.gov/gene/41275,1.21129,0.00125552,OSD-207
https://purl.org/okn/frink/kg/spoke-genelab/node/OSD-207-46bf2f458dd003f328af5b6f7f7566b2,Nepl6,http://purl.obolibrary.org/obo/NCBITaxon_7227,http://www.ncbi.nlm.nih.gov/gene/33893,1.26518,0.000261762,OSD-207
https://purl.org/okn/frink/kg/spoke-genelab/node/OSD-207-46bf2f458dd003f328af5b6f7f7566b2,Mppe,http://purl.obolibrary.org/obo/NCBITaxon_7227,http://www.ncbi.nlm.nih.gov/gene/36285,-1.13613,1.12129e-12,OSD-207
https://purl.org/okn/frink/kg/spoke-genelab/node/OSD-207-46bf2f458dd003f328af5b6f7f7566b2,drd,http://purl.obolibrary.org/obo/NCBITaxon_7227,http://www.ncbi.nlm.nih.gov/gene/318102,-1.38644,0.00139203,OSD-207
https://purl.org/okn/frink/kg/spoke-genelab/node/OSD-207-46bf2f458dd003f328af5b6f7f7566b2,upd2,http://purl.obolibrary.org/obo/NCBITaxon_7227,http://www.ncbi.nlm.nih.gov/gene/32805,2.68816,0.00266845,OSD-207
https://purl.org/okn/frink/kg/spoke-genelab/node/OSD-207-46bf2f458dd003f328af5b6f7f7566b2,Gat,http://purl.obolibrary.org/obo/NCBITaxon_7227,http://www.ncbi.nlm.nih.gov/gene/43805,-1.1101,0.000604138,OSD-207
https://purl.org/okn/frink/kg/spoke-genelab/node/OSD-207-46bf2f458dd003f328af5b6f7f7566b2,Mur29B,http://purl.obolibrary.org/obo/NCBITaxon_7227,http://www.ncbi.nlm.nih.gov/gene/319014,7.19172,5.48877e-06,OSD-207
https://purl.org/okn/frink/kg/spoke-genelab/node/OSD-207-46bf2f458dd003f328af5b6f7f7566b2,lncRNA:CR43126,http://purl.obolibrary.org/obo/NCBITaxon_7227,http://www.ncbi.nlm.nih.gov/gene/12798284,-1.04621,1.26259e-05,OSD-207
https://purl.org/okn/frink/kg/spoke-genelab/node/OSD-207-46bf2f458dd003f328af5b6f7f7566b2,CG31077,http://purl.obolibrary.org/obo/NCBITaxon_7227,http://www.ncbi.nlm.nih.gov/gene/318583,10.7068,1.83405e-09,OSD-207
https://purl.org/okn/frink/kg/spoke-genelab/node/OSD-207-46bf2f458dd003f328af5b6f7f7566b2,Obp99b,http://purl.obolibrary.org/obo/NCBITaxon_7227,http://www.ncbi.nlm.nih.gov/gene/43497,2.65274,0.0112404,OSD-207
https://purl.org/okn/frink/kg/spoke-genelab/node/OSD-207-46bf2f458dd003f328af5b6f7f7566b2,CG17211,http://purl.obolibrary.org/obo/NCBITaxon_7227,http://www.ncbi.nlm.nih.gov/gene/34639,-1.84144,3.54411e-09,OSD-207
https://purl.org/okn/frink/kg/spoke-genelab/node/OSD-207-46bf2f458dd003f328af5b6f7f7566b2,CG11693,http://purl.obolibrary.org/obo/NCBITaxon_7227,http://www.ncbi.nlm.nih.gov/gene/40984,-3.17344,0.0317776,OSD-207
https://purl.org/okn/frink/kg/spoke-genelab/node/OSD-207-46bf2f458dd003f328af5b6f7f7566b2,CG9427,http://purl.obolibrary.org/obo/NCBITaxon_7227,http://www.ncbi.nlm.nih.gov/gene/41164,-1.25336,3.92574e-08,OSD-207
https://purl.org/okn/frink/kg/spoke-genelab/node/OSD-207-46bf2f458dd003f328af5b6f7f7566b2,CG15515,http://purl.obolibrary.org/obo/NCBITaxon_7227,http://www.ncbi.nlm.nih.gov/gene/43538,-1.93619,0.00285539,OSD-207
https://purl.org/okn/frink/kg/spoke-genelab/node/OSD-207-46bf2f458dd003f328af5b6f7f7566b2,CG30431,http://purl.obolibrary.org/obo/NCBITaxon_7227,http://www.ncbi.nlm.nih.gov/gene/35549,1.73353,0.00245914,OSD-207
https://purl.org/okn/frink/kg/spoke-genelab/node/OSD-207-46bf2f458dd003f328af5b6f7f7566b2,CAH7,http://purl.obolibrary.org/obo/NCBITaxon_7227,http://www.ncbi.nlm.nih.gov/gene/41238,-1.02804,2.63999e-05,OSD-207
https://purl.org/okn/frink/kg/spoke-genelab/node/OSD-207-46bf2f458dd003f328af5b6f7f7566b2,eIF4E6,http://purl.obolibrary.org/obo/NCBITaxon_7227,http://www.ncbi.nlm.nih.gov/gene/43422,1.38529,0.0194423,OSD-207
https://purl.org/okn/frink/kg/spoke-genelab/node/OSD-207-46bf2f458dd003f328af5b6f7f7566b2,sand,http://purl.obolibrary.org/obo/NCBITaxon_7227,http://www.ncbi.nlm.nih.gov/gene/35777,-1.88766,2.226e-07,OSD-207
https://purl.org/okn/frink/kg/spoke-genelab/node/OSD-207-46bf2f458dd003f328af5b6f7f7566b2,CG32115,http://purl.obolibrary.org/obo/NCBITaxon_7227,http://www.ncbi.nlm.nih.gov/gene/317862,1.05845,0.00430424,OSD-207
https://purl.org/okn/frink/kg/spoke-genelab/node/OSD-207-46bf2f458dd003f328af5b6f7f7566b2,CG7715,http://purl.obolibrary.org/obo/NCBITaxon_7227,http://www.ncbi.nlm.nih.gov/gene/42251,4.24041,0.0016018,OSD-207
https://purl.org/okn/frink/kg/spoke-genelab/node/OSD-207-46bf2f458dd003f328af5b6f7f7566b2,CG1674,http://purl.obolibrary.org/obo/NCBITaxon_7227,http://www.ncbi.nlm.nih.gov/gene/43780,-1.27555,3.70227e-07,OSD-207
https://purl.org/okn/frink/kg/spoke-genelab/node/OSD-207-46bf2f458dd003f328af5b6f7f7566b2,CG14323,http://purl.obolibrary.org/obo/NCBITaxon_7227,http://www.ncbi.nlm.nih.gov/gene/42121,3.02383,0.0221959,OSD-207
https://purl.org/okn/frink/kg/spoke-genelab/node/OSD-207-46bf2f458dd003f328af5b6f7f7566b2,mesh,http://purl.obolibrary.org/obo/NCBITaxon_7227,http://www.ncbi.nlm.nih.gov/gene/43688,3.06752,0.00263318,OSD-207
https://purl.org/okn/frink/kg/spoke-genelab/node/OSD-207-46bf2f458dd003f328af5b6f7f7566b2,prom,http://purl.obolibrary.org/obo/NCBITaxon_7227,http://www.ncbi.nlm.nih.gov/gene/246493,-1.3879,9.46988e-14,OSD-207
https://purl.org/okn/frink/kg/spoke-genelab/node/OSD-207-46bf2f458dd003f328af5b6f7f7566b2,CG43402,http://purl.obolibrary.org/obo/NCBITaxon_7227,http://www.ncbi.nlm.nih.gov/gene/12797876,1.9186,1.51721e-05,OSD-207
https://purl.org/okn/frink/kg/spoke-genelab/node/OSD-207-46bf2f458dd003f328af5b6f7f7566b2,Ilp3,http://purl.obolibrary.org/obo/NCBITaxon_7227,http://www.ncbi.nlm.nih.gov/gene/39151,-1.13718,1.6035e-08,OSD-207
https://purl.org/okn/frink/kg/spoke-genelab/node/OSD-207-46bf2f458dd003f328af5b6f7f7566b2,AOX2,http://purl.obolibrary.org/obo/NCBITaxon_7227,http://www.ncbi.nlm.nih.gov/gene/41895,1.29379,0.0134452,OSD-207
https://purl.org/okn/frink/kg/spoke-genelab/node/OSD-207-46bf2f458dd003f328af5b6f7f7566b2,l(2)k05911,http://purl.obolibrary.org/obo/NCBITaxon_7227,http://www.ncbi.nlm.nih.gov/gene/34731,1.66048,0.0289718,OSD-207
https://purl.org/okn/frink/kg/spoke-genelab/node/OSD-207-46bf2f458dd003f328af5b6f7f7566b2,Ugt35E2,http://purl.obolibrary.org/obo/NCBITaxon_7227,http://www.ncbi.nlm.nih.gov/gene/53506,-1.50703,1.23372e-05,OSD-207
https://purl.org/okn/frink/kg/spoke-genelab/node/OSD-207-46bf2f458dd003f328af5b6f7f7566b2,Vha100-4,http://purl.obolibrary.org/obo/NCBITaxon_7227,http://www.ncbi.nlm.nih.gov/gene/42214,2.77824,0.0317125,OSD-207
https://purl.org/okn/frink/kg/spoke-genelab/node/OSD-207-46bf2f458dd003f328af5b6f7f7566b2,CG31523,http://purl.obolibrary.org/obo/NCBITaxon_7227,http://www.ncbi.nlm.nih.gov/gene/326148,1.24729,0.00547854,OSD-207
https://purl.org/okn/frink/kg/spoke-genelab/node/OSD-207-46bf2f458dd003f328af5b6f7f7566b2,Cul6,http://purl.obolibrary.org/obo/NCBITaxon_7227,http://www.ncbi.nlm.nih.gov/gene/39474,1.58643,1.38935e-07,OSD-207
https://purl.org/okn/frink/kg/spoke-genelab/node/OSD-207-46bf2f458dd003f328af5b6f7f7566b2,Ir21a,http://purl.obolibrary.org/obo/NCBITaxon_7227,http://www.ncbi.nlm.nih.gov/gene/33157,-1.19275,0.0319359,OSD-207
https://purl.org/okn/frink/kg/spoke-genelab/node/OSD-207-46bf2f458dd003f328af5b6f7f7566b2,CG14687,http://purl.obolibrary.org/obo/NCBITaxon_7227,http://www.ncbi.nlm.nih.gov/gene/41297,-1.31969,2.46567e-06,OSD-207
https://purl.org/okn/frink/kg/spoke-genelab/node/OSD-207-46bf2f458dd003f328af5b6f7f7566b2,CG31174,http://purl.obolibrary.org/obo/NCBITaxon_7227,http://www.ncbi.nlm.nih.gov/gene/318616,3.59845,1.12493e-05,OSD-207
https://purl.org/okn/frink/kg/spoke-genelab/node/OSD-207-46bf2f458dd003f328af5b6f7f7566b2,TotB,http://purl.obolibrary.org/obo/NCBITaxon_7227,http://www.ncbi.nlm.nih.gov/gene/42474,4.15791,0.0069808,OSD-207
https://purl.org/okn/frink/kg/spoke-genelab/node/OSD-207-46bf2f458dd003f328af5b6f7f7566b2,Cyp304a1,http://purl.obolibrary.org/obo/NCBITaxon_7227,http://www.ncbi.nlm.nih.gov/gene/41586,4.95154,2.682e-07,OSD-207
https://purl.org/okn/frink/kg/spoke-genelab/node/OSD-207-46bf2f458dd003f328af5b6f7f7566b2,CG14892,http://purl.obolibrary.org/obo/NCBITaxon_7227,http://www.ncbi.nlm.nih.gov/gene/42016,-2.02285,2.25045e-05,OSD-207
https://purl.org/okn/frink/kg/spoke-genelab/node/OSD-207-46bf2f458dd003f328af5b6f7f7566b2,CG18180,http://purl.obolibrary.org/obo/NCBITaxon_7227,http://www.ncbi.nlm.nih.gov/gene/39125,4.066,0.0358948,OSD-207
https://purl.org/okn/frink/kg/spoke-genelab/node/OSD-207-46bf2f458dd003f328af5b6f7f7566b2,naz,http://purl.obolibrary.org/obo/NCBITaxon_7227,http://www.ncbi.nlm.nih.gov/gene/42204,-1.29351,8.54903e-05,OSD-207
https://purl.org/okn/frink/kg/spoke-genelab/node/OSD-207-46bf2f458dd003f328af5b6f7f7566b2,CG31345,http://purl.obolibrary.org/obo/NCBITaxon_7227,http://www.ncbi.nlm.nih.gov/gene/41576,-1.66766,1.10162e-12,OSD-207
https://purl.org/okn/frink/kg/spoke-genelab/node/OSD-207-46bf2f458dd003f328af5b6f7f7566b2,CG32816,http://purl.obolibrary.org/obo/NCBITaxon_7227,http://www.ncbi.nlm.nih.gov/gene/318225,-1.22586,0.0379517,OSD-207
https://purl.org/okn/frink/kg/spoke-genelab/node/OSD-207-46bf2f458dd003f328af5b6f7f7566b2,Pgant4,http://purl.obolibrary.org/obo/NCBITaxon_7227,http://www.ncbi.nlm.nih.gov/gene/261610,3.29878,0.0269259,OSD-207
https://purl.org/okn/frink/kg/spoke-genelab/node/OSD-207-46bf2f458dd003f328af5b6f7f7566b2,Duox,http://purl.obolibrary.org/obo/NCBITaxon_7227,http://www.ncbi.nlm.nih.gov/gene/33477,-1.43183,0.0111073,OSD-207
https://purl.org/okn/frink/kg/spoke-genelab/node/OSD-207-46bf2f458dd003f328af5b6f7f7566b2,FipoQ,http://purl.obolibrary.org/obo/NCBITaxon_7227,http://www.ncbi.nlm.nih.gov/gene/43475,-1.22271,0.00188058,OSD-207
https://purl.org/okn/frink/kg/spoke-genelab/node/OSD-207-46bf2f458dd003f328af5b6f7f7566b2,CG3397,http://purl.obolibrary.org/obo/NCBITaxon_7227,http://www.ncbi.nlm.nih.gov/gene/41454,1.29359,0.00308725,OSD-207
https://purl.org/okn/frink/kg/spoke-genelab/node/OSD-207-46bf2f458dd003f328af5b6f7f7566b2,CG11029,http://purl.obolibrary.org/obo/NCBITaxon_7227,http://www.ncbi.nlm.nih.gov/gene/33804,6.74233,1.37418e-06,OSD-207
https://purl.org/okn/frink/kg/spoke-genelab/node/OSD-207-46bf2f458dd003f328af5b6f7f7566b2,t,http://purl.obolibrary.org/obo/NCBITaxon_7227,http://www.ncbi.nlm.nih.gov/gene/31863,-1.46783,4.393e-12,OSD-207
https://purl.org/okn/frink/kg/spoke-genelab/node/OSD-207-46bf2f458dd003f328af5b6f7f7566b2,Kal1,http://purl.obolibrary.org/obo/NCBITaxon_7227,http://www.ncbi.nlm.nih.gov/gene/42865,-1.85321,1.54145e-09,OSD-207
https://purl.org/okn/frink/kg/spoke-genelab/node/OSD-207-46bf2f458dd003f328af5b6f7f7566b2,Cyp6d4,http://purl.obolibrary.org/obo/NCBITaxon_7227,http://www.ncbi.nlm.nih.gov/gene/42682,1.44506,0.000238969,OSD-207
https://purl.org/okn/frink/kg/spoke-genelab/node/OSD-207-46bf2f458dd003f328af5b6f7f7566b2,CG3448,http://purl.obolibrary.org/obo/NCBITaxon_7227,http://www.ncbi.nlm.nih.gov/gene/39094,1.35519,4.78835e-05,OSD-207
https://purl.org/okn/frink/kg/spoke-genelab/node/OSD-207-46bf2f458dd003f328af5b6f7f7566b2,gom,http://purl.obolibrary.org/obo/NCBITaxon_7227,http://www.ncbi.nlm.nih.gov/gene/43934,3.56352,0.0340736,OSD-207
https://purl.org/okn/frink/kg/spoke-genelab/node/OSD-207-46bf2f458dd003f328af5b6f7f7566b2,CheB38c,http://purl.obolibrary.org/obo/NCBITaxon_7227,http://www.ncbi.nlm.nih.gov/gene/35346,-5.2101,0.00735529,OSD-207
https://purl.org/okn/frink/kg/spoke-genelab/node/OSD-207-46bf2f458dd003f328af5b6f7f7566b2,CG33468,http://purl.obolibrary.org/obo/NCBITaxon_7227,http://www.ncbi.nlm.nih.gov/gene/2768833,2.33388,0.0010627,OSD-207
https://purl.org/okn/frink/kg/spoke-genelab/node/OSD-207-46bf2f458dd003f328af5b6f7f7566b2,CG13743,http://purl.obolibrary.org/obo/NCBITaxon_7227,http://www.ncbi.nlm.nih.gov/gene/35911,-1.07797,2.09682e-13,OSD-207
https://purl.org/okn/frink/kg/spoke-genelab/node/OSD-207-46bf2f458dd003f328af5b6f7f7566b2,CG7208,http://purl.obolibrary.org/obo/NCBITaxon_7227,http://www.ncbi.nlm.nih.gov/gene/42172,-2.50191,0.000914626,OSD-207
https://purl.org/okn/frink/kg/spoke-genelab/node/OSD-207-46bf2f458dd003f328af5b6f7f7566b2,Cht12,http://purl.obolibrary.org/obo/NCBITaxon_7227,http://www.ncbi.nlm.nih.gov/gene/246535,5.62744,0.0120185,OSD-207
https://purl.org/okn/frink/kg/spoke-genelab/node/OSD-207-46bf2f458dd003f328af5b6f7f7566b2,CG5235,http://purl.obolibrary.org/obo/NCBITaxon_7227,http://www.ncbi.nlm.nih.gov/gene/39758,1.12889,0.000516261,OSD-207
https://purl.org/okn/frink/kg/spoke-genelab/node/OSD-207-46bf2f458dd003f328af5b6f7f7566b2,CG9766,http://purl.obolibrary.org/obo/NCBITaxon_7227,http://www.ncbi.nlm.nih.gov/gene/40539,-1.26598,1.51531e-11,OSD-207
https://purl.org/okn/frink/kg/spoke-genelab/node/OSD-207-46bf2f458dd003f328af5b6f7f7566b2,Tpc2,http://purl.obolibrary.org/obo/NCBITaxon_7227,http://www.ncbi.nlm.nih.gov/gene/37983,1.70351,0.00913985,OSD-207
https://purl.org/okn/frink/kg/spoke-genelab/node/OSD-207-46bf2f458dd003f328af5b6f7f7566b2,CG13810,http://purl.obolibrary.org/obo/NCBITaxon_7227,http://www.ncbi.nlm.nih.gov/gene/38278,7.60064,0.000421512,OSD-207
https://purl.org/okn/frink/kg/spoke-genelab/node/OSD-207-46bf2f458dd003f328af5b6f7f7566b2,CG8407,http://purl.obolibrary.org/obo/NCBITaxon_7227,http://www.ncbi.nlm.nih.gov/gene/36303,-1.24057,0.0174665,OSD-207
https://purl.org/okn/frink/kg/spoke-genelab/node/OSD-207-46bf2f458dd003f328af5b6f7f7566b2,CG15023,http://purl.obolibrary.org/obo/NCBITaxon_7227,http://www.ncbi.nlm.nih.gov/gene/38550,-6.36294,0.0482879,OSD-207
https://purl.org/okn/frink/kg/spoke-genelab/node/OSD-207-46bf2f458dd003f328af5b6f7f7566b2,CG15879,http://purl.obolibrary.org/obo/NCBITaxon_7227,http://www.ncbi.nlm.nih.gov/gene/38274,1.05096,0.00152393,OSD-207
https://purl.org/okn/frink/kg/spoke-genelab/node/OSD-207-46bf2f458dd003f328af5b6f7f7566b2,CG6656,http://purl.obolibrary.org/obo/NCBITaxon_7227,http://www.ncbi.nlm.nih.gov/gene/42576,-1.0486,3.76881e-16,OSD-207
https://purl.org/okn/frink/kg/spoke-genelab/node/OSD-207-46bf2f458dd003f328af5b6f7f7566b2,CG4781,http://purl.obolibrary.org/obo/NCBITaxon_7227,http://www.ncbi.nlm.nih.gov/gene/37943,5.25455,0.00351329,OSD-207
https://purl.org/okn/frink/kg/spoke-genelab/node/OSD-207-46bf2f458dd003f328af5b6f7f7566b2,CG6967,http://purl.obolibrary.org/obo/NCBITaxon_7227,http://www.ncbi.nlm.nih.gov/gene/36922,2.06363,0.0139241,OSD-207
https://purl.org/okn/frink/kg/spoke-genelab/node/OSD-207-46bf2f458dd003f328af5b6f7f7566b2,CG8292,http://purl.obolibrary.org/obo/NCBITaxon_7227,http://www.ncbi.nlm.nih.gov/gene/34125,1.22301,0.00526829,OSD-207
https://purl.org/okn/frink/kg/spoke-genelab/node/OSD-207-46bf2f458dd003f328af5b6f7f7566b2,CG13337,http://purl.obolibrary.org/obo/NCBITaxon_7227,http://www.ncbi.nlm.nih.gov/gene/36518,1.60211,0.0191648,OSD-207
https://purl.org/okn/frink/kg/spoke-genelab/node/OSD-207-46bf2f458dd003f328af5b6f7f7566b2,CG10445,http://purl.obolibrary.org/obo/NCBITaxon_7227,http://www.ncbi.nlm.nih.gov/gene/40938,1.02737,0.0221959,OSD-207
https://purl.org/okn/frink/kg/spoke-genelab/node/OSD-207-46bf2f458dd003f328af5b6f7f7566b2,CG11155,http://purl.obolibrary.org/obo/NCBITaxon_7227,http://www.ncbi.nlm.nih.gov/gene/43822,-1.06578,2.72958e-09,OSD-207
https://purl.org/okn/frink/kg/spoke-genelab/node/OSD-207-46bf2f458dd003f328af5b6f7f7566b2,CG32812,http://purl.obolibrary.org/obo/NCBITaxon_7227,http://www.ncbi.nlm.nih.gov/gene/31074,1.44203,0.0174911,OSD-207
https://purl.org/okn/frink/kg/spoke-genelab/node/OSD-207-46bf2f458dd003f328af5b6f7f7566b2,Rh50,http://purl.obolibrary.org/obo/NCBITaxon_7227,http://www.ncbi.nlm.nih.gov/gene/38589,-1.22889,4.38835e-08,OSD-207
https://purl.org/okn/frink/kg/spoke-genelab/node/OSD-207-46bf2f458dd003f328af5b6f7f7566b2,Chs2,http://purl.obolibrary.org/obo/NCBITaxon_7227,http://www.ncbi.nlm.nih.gov/gene/40442,6.88811,5.95397e-09,OSD-207
https://purl.org/okn/frink/kg/spoke-genelab/node/OSD-207-46bf2f458dd003f328af5b6f7f7566b2,Nnf1b,http://purl.obolibrary.org/obo/NCBITaxon_7227,http://www.ncbi.nlm.nih.gov/gene/318874,1.48511,0.00994875,OSD-207
https://purl.org/okn/frink/kg/spoke-genelab/node/OSD-207-46bf2f458dd003f328af5b6f7f7566b2,Cyp4ac1,http://purl.obolibrary.org/obo/NCBITaxon_7227,http://www.ncbi.nlm.nih.gov/gene/33754,1.38328,7.29463e-08,OSD-207
https://purl.org/okn/frink/kg/spoke-genelab/node/OSD-207-46bf2f458dd003f328af5b6f7f7566b2,CG13659,http://purl.obolibrary.org/obo/NCBITaxon_7227,http://www.ncbi.nlm.nih.gov/gene/43059,1.55261,0.00607456,OSD-207
https://purl.org/okn/frink/kg/spoke-genelab/node/OSD-207-46bf2f458dd003f328af5b6f7f7566b2,CG11384,http://purl.obolibrary.org/obo/NCBITaxon_7227,http://www.ncbi.nlm.nih.gov/gene/31061,5.62729,0.011674,OSD-207
https://purl.org/okn/frink/kg/spoke-genelab/node/OSD-207-46bf2f458dd003f328af5b6f7f7566b2,CG42331,http://purl.obolibrary.org/obo/NCBITaxon_7227,http://www.ncbi.nlm.nih.gov/gene/42948,-1.09256,0.00178493,OSD-207
https://purl.org/okn/frink/kg/spoke-genelab/node/OSD-207-46bf2f458dd003f328af5b6f7f7566b2,Zip99C,http://purl.obolibrary.org/obo/NCBITaxon_7227,http://www.ncbi.nlm.nih.gov/gene/43533,2.4785,1.31586e-06,OSD-207
https://purl.org/okn/frink/kg/spoke-genelab/node/OSD-207-46bf2f458dd003f328af5b6f7f7566b2,glob1,http://purl.obolibrary.org/obo/NCBITaxon_7227,http://www.ncbi.nlm.nih.gov/gene/41930,1.14302,7.03712e-08,OSD-207
https://purl.org/okn/frink/kg/spoke-genelab/node/OSD-207-46bf2f458dd003f328af5b6f7f7566b2,CR11023,http://purl.obolibrary.org/obo/NCBITaxon_7227,http://www.ncbi.nlm.nih.gov/gene/33155,2.51971,0.00816472,OSD-207
https://purl.org/okn/frink/kg/spoke-genelab/node/OSD-207-46bf2f458dd003f328af5b6f7f7566b2,CG18088,http://purl.obolibrary.org/obo/NCBITaxon_7227,http://www.ncbi.nlm.nih.gov/gene/34219,2.96822,0.00467753,OSD-207
https://purl.org/okn/frink/kg/spoke-genelab/node/OSD-207-46bf2f458dd003f328af5b6f7f7566b2,CG1246,http://purl.obolibrary.org/obo/NCBITaxon_7227,http://www.ncbi.nlm.nih.gov/gene/38330,2.17914,0.0390461,OSD-207
https://purl.org/okn/frink/kg/spoke-genelab/node/OSD-207-46bf2f458dd003f328af5b6f7f7566b2,CG14257,http://purl.obolibrary.org/obo/NCBITaxon_7227,http://www.ncbi.nlm.nih.gov/gene/43257,-1.62037,0.000150642,OSD-207
https://purl.org/okn/frink/kg/spoke-genelab/node/OSD-207-46bf2f458dd003f328af5b6f7f7566b2,CG1468,http://purl.obolibrary.org/obo/NCBITaxon_7227,http://www.ncbi.nlm.nih.gov/gene/31920,1.10566,0.00047086,OSD-207
https://purl.org/okn/frink/kg/spoke-genelab/node/OSD-207-46bf2f458dd003f328af5b6f7f7566b2,Slimp,http://purl.obolibrary.org/obo/NCBITaxon_7227,http://www.ncbi.nlm.nih.gov/gene/318604,1.08382,0.00126525,OSD-207
https://purl.org/okn/frink/kg/spoke-genelab/node/OSD-207-46bf2f458dd003f328af5b6f7f7566b2,CG3277,http://purl.obolibrary.org/obo/NCBITaxon_7227,http://www.ncbi.nlm.nih.gov/gene/33543,1.00208,0.0207211,OSD-207
https://purl.org/okn/frink/kg/spoke-genelab/node/OSD-207-46bf2f458dd003f328af5b6f7f7566b2,lovit,http://purl.obolibrary.org/obo/NCBITaxon_7227,http://www.ncbi.nlm.nih.gov/gene/26067050,-1.23871,1.71707e-10,OSD-207
https://purl.org/okn/frink/kg/spoke-genelab/node/OSD-207-46bf2f458dd003f328af5b6f7f7566b2,CG31821,http://purl.obolibrary.org/obo/NCBITaxon_7227,http://www.ncbi.nlm.nih.gov/gene/34938,6.02554,0.000332472,OSD-207
https://purl.org/okn/frink/kg/spoke-genelab/node/OSD-207-46bf2f458dd003f328af5b6f7f7566b2,CG4259,http://purl.obolibrary.org/obo/NCBITaxon_7227,http://www.ncbi.nlm.nih.gov/gene/33385,1.23796,0.00562075,OSD-207
https://purl.org/okn/frink/kg/spoke-genelab/node/OSD-207-46bf2f458dd003f328af5b6f7f7566b2,Kebab,http://purl.obolibrary.org/obo/NCBITaxon_7227,http://www.ncbi.nlm.nih.gov/gene/48440,1.57037,0.0198304,OSD-207
https://purl.org/okn/frink/kg/spoke-genelab/node/OSD-207-46bf2f458dd003f328af5b6f7f7566b2,CG12206,http://purl.obolibrary.org/obo/NCBITaxon_7227,http://www.ncbi.nlm.nih.gov/gene/31316,-5.23167,0.000403313,OSD-207
https://purl.org/okn/frink/kg/spoke-genelab/node/OSD-207-46bf2f458dd003f328af5b6f7f7566b2,CG6891,http://purl.obolibrary.org/obo/NCBITaxon_7227,http://www.ncbi.nlm.nih.gov/gene/32865,-1.62165,0.0438479,OSD-207
https://purl.org/okn/frink/kg/spoke-genelab/node/OSD-207-46bf2f458dd003f328af5b6f7f7566b2,Arpc3B,http://purl.obolibrary.org/obo/NCBITaxon_7227,http://www.ncbi.nlm.nih.gov/gene/32696,1.61952,0.00889626,OSD-207
https://purl.org/okn/frink/kg/spoke-genelab/node/OSD-207-46bf2f458dd003f328af5b6f7f7566b2,inaF-C,http://purl.obolibrary.org/obo/NCBITaxon_7227,http://www.ncbi.nlm.nih.gov/gene/5740497,-1.37481,6.1047e-06,OSD-207
https://purl.org/okn/frink/kg/spoke-genelab/node/OSD-207-46bf2f458dd003f328af5b6f7f7566b2,CG13168,http://purl.obolibrary.org/obo/NCBITaxon_7227,http://www.ncbi.nlm.nih.gov/gene/36327,-2.93581,8.52672e-05,OSD-207
https://purl.org/okn/frink/kg/spoke-genelab/node/OSD-207-46bf2f458dd003f328af5b6f7f7566b2,Lfg,http://purl.obolibrary.org/obo/NCBITaxon_7227,http://www.ncbi.nlm.nih.gov/gene/36418,1.11392,0.024721,OSD-207
https://purl.org/okn/frink/kg/spoke-genelab/node/OSD-207-46bf2f458dd003f328af5b6f7f7566b2,Scp1,http://purl.obolibrary.org/obo/NCBITaxon_7227,http://www.ncbi.nlm.nih.gov/gene/3355102,-4.19443,2.24783e-06,OSD-207
https://purl.org/okn/frink/kg/spoke-genelab/node/OSD-207-46bf2f458dd003f328af5b6f7f7566b2,CG10623,http://purl.obolibrary.org/obo/NCBITaxon_7227,http://www.ncbi.nlm.nih.gov/gene/35153,-1.03582,0.00307048,OSD-207
https://purl.org/okn/frink/kg/spoke-genelab/node/OSD-207-46bf2f458dd003f328af5b6f7f7566b2,CG13272,http://purl.obolibrary.org/obo/NCBITaxon_7227,http://www.ncbi.nlm.nih.gov/gene/35013,-2.02778,4.61388e-05,OSD-207
https://purl.org/okn/frink/kg/spoke-genelab/node/OSD-207-46bf2f458dd003f328af5b6f7f7566b2,CG15418,http://purl.obolibrary.org/obo/NCBITaxon_7227,http://www.ncbi.nlm.nih.gov/gene/33585,2.41396,0.0233882,OSD-207
https://purl.org/okn/frink/kg/spoke-genelab/node/OSD-207-46bf2f458dd003f328af5b6f7f7566b2,CG10086,http://purl.obolibrary.org/obo/NCBITaxon_7227,http://www.ncbi.nlm.nih.gov/gene/40920,5.7501,0.00367081,OSD-207
https://purl.org/okn/frink/kg/spoke-genelab/node/OSD-207-46bf2f458dd003f328af5b6f7f7566b2,topi,http://purl.obolibrary.org/obo/NCBITaxon_7227,http://www.ncbi.nlm.nih.gov/gene/41199,-2.75339,4.10501e-06,OSD-207
https://purl.org/okn/frink/kg/spoke-genelab/node/OSD-207-46bf2f458dd003f328af5b6f7f7566b2,Adgf-A2,http://purl.obolibrary.org/obo/NCBITaxon_7227,http://www.ncbi.nlm.nih.gov/gene/64879,-1.26783,0.0363701,OSD-207
https://purl.org/okn/frink/kg/spoke-genelab/node/OSD-207-46bf2f458dd003f328af5b6f7f7566b2,Cyp305a1,http://purl.obolibrary.org/obo/NCBITaxon_7227,http://www.ncbi.nlm.nih.gov/gene/40161,-1.06153,0.00899096,OSD-207
https://purl.org/okn/frink/kg/spoke-genelab/node/OSD-207-46bf2f458dd003f328af5b6f7f7566b2,CG42365,http://purl.obolibrary.org/obo/NCBITaxon_7227,http://www.ncbi.nlm.nih.gov/gene/37469,1.27058,0.00263769,OSD-207
https://purl.org/okn/frink/kg/spoke-genelab/node/OSD-207-46bf2f458dd003f328af5b6f7f7566b2,Spn28Dc,http://purl.obolibrary.org/obo/NCBITaxon_7227,http://www.ncbi.nlm.nih.gov/gene/34091,-2.0265,0.0254205,OSD-207
https://purl.org/okn/frink/kg/spoke-genelab/node/OSD-207-46bf2f458dd003f328af5b6f7f7566b2,CG6048,http://purl.obolibrary.org/obo/NCBITaxon_7227,http://www.ncbi.nlm.nih.gov/gene/31528,4.02276,0.0168886,OSD-207
https://purl.org/okn/frink/kg/spoke-genelab/node/OSD-207-46bf2f458dd003f328af5b6f7f7566b2,upd3,http://purl.obolibrary.org/obo/NCBITaxon_7227,http://www.ncbi.nlm.nih.gov/gene/3346149,3.77223,0.00023289,OSD-207
https://purl.org/okn/frink/kg/spoke-genelab/node/OSD-207-46bf2f458dd003f328af5b6f7f7566b2,bdl,http://purl.obolibrary.org/obo/NCBITaxon_7227,http://www.ncbi.nlm.nih.gov/gene/33635,-1.36825,3.3337e-08,OSD-207
https://purl.org/okn/frink/kg/spoke-genelab/node/OSD-207-46bf2f458dd003f328af5b6f7f7566b2,Cyt-c-d,http://purl.obolibrary.org/obo/NCBITaxon_7227,http://www.ncbi.nlm.nih.gov/gene/34995,-3.10152,5.1713e-05,OSD-207
https://purl.org/okn/frink/kg/spoke-genelab/node/OSD-207-46bf2f458dd003f328af5b6f7f7566b2,CG10801,http://purl.obolibrary.org/obo/NCBITaxon_7227,http://www.ncbi.nlm.nih.gov/gene/31314,3.02319,0.00855929,OSD-207
https://purl.org/okn/frink/kg/spoke-genelab/node/OSD-207-46bf2f458dd003f328af5b6f7f7566b2,CG18747,http://purl.obolibrary.org/obo/NCBITaxon_7227,http://www.ncbi.nlm.nih.gov/gene/59143,2.5783,0.0154189,OSD-207
https://purl.org/okn/frink/kg/spoke-genelab/node/OSD-207-46bf2f458dd003f328af5b6f7f7566b2,Cht10,http://purl.obolibrary.org/obo/NCBITaxon_7227,http://www.ncbi.nlm.nih.gov/gene/3355116,1.30076,3.92224e-06,OSD-207
https://purl.org/okn/frink/kg/spoke-genelab/node/OSD-207-46bf2f458dd003f328af5b6f7f7566b2,CG12112,http://purl.obolibrary.org/obo/NCBITaxon_7227,http://www.ncbi.nlm.nih.gov/gene/31794,1.02623,0.00244248,OSD-207
https://purl.org/okn/frink/kg/spoke-genelab/node/OSD-207-46bf2f458dd003f328af5b6f7f7566b2,Desi,http://purl.obolibrary.org/obo/NCBITaxon_7227,http://www.ncbi.nlm.nih.gov/gene/41292,-3.95269,0.00126028,OSD-207
https://purl.org/okn/frink/kg/spoke-genelab/node/OSD-207-46bf2f458dd003f328af5b6f7f7566b2,CG6293,http://purl.obolibrary.org/obo/NCBITaxon_7227,http://www.ncbi.nlm.nih.gov/gene/41259,-1.33728,0.00019587,OSD-207
https://purl.org/okn/frink/kg/spoke-genelab/node/OSD-207-46bf2f458dd003f328af5b6f7f7566b2,Ptp52F,http://purl.obolibrary.org/obo/NCBITaxon_7227,http://www.ncbi.nlm.nih.gov/gene/36790,1.13779,0.00326198,OSD-207
https://purl.org/okn/frink/kg/spoke-genelab/node/OSD-207-46bf2f458dd003f328af5b6f7f7566b2,CG3345,http://purl.obolibrary.org/obo/NCBITaxon_7227,http://www.ncbi.nlm.nih.gov/gene/33192,-1.40899,7.35502e-10,OSD-207
https://purl.org/okn/frink/kg/spoke-genelab/node/OSD-207-46bf2f458dd003f328af5b6f7f7566b2,CG15347,http://purl.obolibrary.org/obo/NCBITaxon_7227,http://www.ncbi.nlm.nih.gov/gene/31779,2.53012,1.00888e-05,OSD-207
https://purl.org/okn/frink/kg/spoke-genelab/node/OSD-207-46bf2f458dd003f328af5b6f7f7566b2,CG3927,http://purl.obolibrary.org/obo/NCBITaxon_7227,http://www.ncbi.nlm.nih.gov/gene/37576,-2.51347,0.00670752,OSD-207
https://purl.org/okn/frink/kg/spoke-genelab/node/OSD-207-46bf2f458dd003f328af5b6f7f7566b2,CG14075,http://purl.obolibrary.org/obo/NCBITaxon_7227,http://www.ncbi.nlm.nih.gov/gene/40071,5.99701,2.06856e-09,OSD-207
https://purl.org/okn/frink/kg/spoke-genelab/node/OSD-207-46bf2f458dd003f328af5b6f7f7566b2,Myo81F,http://purl.obolibrary.org/obo/NCBITaxon_7227,http://www.ncbi.nlm.nih.gov/gene/26067052,-1.25665,0.00468235,OSD-207
https://purl.org/okn/frink/kg/spoke-genelab/node/OSD-207-46bf2f458dd003f328af5b6f7f7566b2,Ady43A,http://purl.obolibrary.org/obo/NCBITaxon_7227,http://www.ncbi.nlm.nih.gov/gene/44750,-1.41418,0.00215102,OSD-207
https://purl.org/okn/frink/kg/spoke-genelab/node/OSD-207-46bf2f458dd003f328af5b6f7f7566b2,CG11997,http://purl.obolibrary.org/obo/NCBITaxon_7227,http://www.ncbi.nlm.nih.gov/gene/41093,-1.19234,0.0259377,OSD-207
https://purl.org/okn/frink/kg/spoke-genelab/node/OSD-207-46bf2f458dd003f328af5b6f7f7566b2,CG31231,http://purl.obolibrary.org/obo/NCBITaxon_7227,http://www.ncbi.nlm.nih.gov/gene/318638,1.99529,0.0421103,OSD-207
https://purl.org/okn/frink/kg/spoke-genelab/node/OSD-207-46bf2f458dd003f328af5b6f7f7566b2,Rev7,http://purl.obolibrary.org/obo/NCBITaxon_7227,http://www.ncbi.nlm.nih.gov/gene/40677,1.12843,1.25103e-07,OSD-207
https://purl.org/okn/frink/kg/spoke-genelab/node/OSD-207-46bf2f458dd003f328af5b6f7f7566b2,Psf1,http://purl.obolibrary.org/obo/NCBITaxon_7227,http://www.ncbi.nlm.nih.gov/gene/38136,1.42104,0.00162499,OSD-207
https://purl.org/okn/frink/kg/spoke-genelab/node/OSD-207-46bf2f458dd003f328af5b6f7f7566b2,psd,http://purl.obolibrary.org/obo/NCBITaxon_7227,http://www.ncbi.nlm.nih.gov/gene/33830,1.35608,0.0319263,OSD-207
https://purl.org/okn/frink/kg/spoke-genelab/node/OSD-207-46bf2f458dd003f328af5b6f7f7566b2,Ote,http://purl.obolibrary.org/obo/NCBITaxon_7227,http://www.ncbi.nlm.nih.gov/gene/37090,1.9225,1.41783e-06,OSD-207
https://purl.org/okn/frink/kg/spoke-genelab/node/OSD-207-46bf2f458dd003f328af5b6f7f7566b2,CG42825,http://purl.obolibrary.org/obo/NCBITaxon_7227,http://www.ncbi.nlm.nih.gov/gene/39179,7.11976,1.72413e-05,OSD-207
https://purl.org/okn/frink/kg/spoke-genelab/node/OSD-207-46bf2f458dd003f328af5b6f7f7566b2,CG3679,http://purl.obolibrary.org/obo/NCBITaxon_7227,http://www.ncbi.nlm.nih.gov/gene/32591,1.67156,0.0374468,OSD-207
https://purl.org/okn/frink/kg/spoke-genelab/node/OSD-207-46bf2f458dd003f328af5b6f7f7566b2,CG4783,http://purl.obolibrary.org/obo/NCBITaxon_7227,http://www.ncbi.nlm.nih.gov/gene/42381,8.29147,1.12342e-07,OSD-207
https://purl.org/okn/frink/kg/spoke-genelab/node/OSD-207-46bf2f458dd003f328af5b6f7f7566b2,Mcm10,http://purl.obolibrary.org/obo/NCBITaxon_7227,http://www.ncbi.nlm.nih.gov/gene/35390,1.18206,0.0203396,OSD-207
https://purl.org/okn/frink/kg/spoke-genelab/node/OSD-207-46bf2f458dd003f328af5b6f7f7566b2,CG14356,http://purl.obolibrary.org/obo/NCBITaxon_7227,http://www.ncbi.nlm.nih.gov/gene/41722,2.12057,0.0133739,OSD-207
https://purl.org/okn/frink/kg/spoke-genelab/node/OSD-207-46bf2f458dd003f328af5b6f7f7566b2,Spc25,http://purl.obolibrary.org/obo/NCBITaxon_7227,http://www.ncbi.nlm.nih.gov/gene/41585,4.04937,8.12976e-08,OSD-207
https://purl.org/okn/frink/kg/spoke-genelab/node/OSD-207-46bf2f458dd003f328af5b6f7f7566b2,AstA-R2,http://purl.obolibrary.org/obo/NCBITaxon_7227,http://www.ncbi.nlm.nih.gov/gene/43393,-1.40787,2.91921e-05,OSD-207
https://purl.org/okn/frink/kg/spoke-genelab/node/OSD-207-46bf2f458dd003f328af5b6f7f7566b2,CG31055,http://purl.obolibrary.org/obo/NCBITaxon_7227,http://www.ncbi.nlm.nih.gov/gene/318574,3.82135,0.0011369,OSD-207
https://purl.org/okn/frink/kg/spoke-genelab/node/OSD-207-46bf2f458dd003f328af5b6f7f7566b2,CG8539,http://purl.obolibrary.org/obo/NCBITaxon_7227,http://www.ncbi.nlm.nih.gov/gene/38842,1.14459,0.000713061,OSD-207
https://purl.org/okn/frink/kg/spoke-genelab/node/OSD-207-46bf2f458dd003f328af5b6f7f7566b2,CG42255,http://purl.obolibrary.org/obo/NCBITaxon_7227,http://www.ncbi.nlm.nih.gov/gene/39334,2.67921,0.00977752,OSD-207
https://purl.org/okn/frink/kg/spoke-genelab/node/OSD-207-46bf2f458dd003f328af5b6f7f7566b2,CG7567,http://purl.obolibrary.org/obo/NCBITaxon_7227,http://www.ncbi.nlm.nih.gov/gene/43479,8.45925,1.14794e-05,OSD-207
https://purl.org/okn/frink/kg/spoke-genelab/node/OSD-207-46bf2f458dd003f328af5b6f7f7566b2,shps,http://purl.obolibrary.org/obo/NCBITaxon_7227,http://www.ncbi.nlm.nih.gov/gene/42892,1.74013,0.00207081,OSD-207
https://purl.org/okn/frink/kg/spoke-genelab/node/OSD-207-46bf2f458dd003f328af5b6f7f7566b2,Paics,http://purl.obolibrary.org/obo/NCBITaxon_7227,http://www.ncbi.nlm.nih.gov/gene/32228,1.31247,0.0282708,OSD-207
https://purl.org/okn/frink/kg/spoke-genelab/node/OSD-207-46bf2f458dd003f328af5b6f7f7566b2,Scp2,http://purl.obolibrary.org/obo/NCBITaxon_7227,http://www.ncbi.nlm.nih.gov/gene/42015,-1.40715,4.03195e-07,OSD-207
https://purl.org/okn/frink/kg/spoke-genelab/node/OSD-207-46bf2f458dd003f328af5b6f7f7566b2,CG31633,http://purl.obolibrary.org/obo/NCBITaxon_7227,http://www.ncbi.nlm.nih.gov/gene/33931,1.0119,9.84637e-06,OSD-207
https://purl.org/okn/frink/kg/spoke-genelab/node/OSD-207-46bf2f458dd003f328af5b6f7f7566b2,CG13060,http://purl.obolibrary.org/obo/NCBITaxon_7227,http://www.ncbi.nlm.nih.gov/gene/39802,-5.2324,0.0179141,OSD-207
https://purl.org/okn/frink/kg/spoke-genelab/node/OSD-207-46bf2f458dd003f328af5b6f7f7566b2,CG4714,http://purl.obolibrary.org/obo/NCBITaxon_7227,http://www.ncbi.nlm.nih.gov/gene/36470,1.4412,0.0106457,OSD-207
https://purl.org/okn/frink/kg/spoke-genelab/node/OSD-207-46bf2f458dd003f328af5b6f7f7566b2,CG10062,http://purl.obolibrary.org/obo/NCBITaxon_7227,http://www.ncbi.nlm.nih.gov/gene/37224,-1.12768,0.00828372,OSD-207
https://purl.org/okn/frink/kg/spoke-genelab/node/OSD-207-46bf2f458dd003f328af5b6f7f7566b2,wupA,http://purl.obolibrary.org/obo/NCBITaxon_7227,http://www.ncbi.nlm.nih.gov/gene/32794,-1.58024,2.03799e-05,OSD-207
https://purl.org/okn/frink/kg/spoke-genelab/node/OSD-207-46bf2f458dd003f328af5b6f7f7566b2,CG17637,http://purl.obolibrary.org/obo/NCBITaxon_7227,http://www.ncbi.nlm.nih.gov/gene/40275,-3.14705,0.0068792,OSD-207
https://purl.org/okn/frink/kg/spoke-genelab/node/OSD-207-46bf2f458dd003f328af5b6f7f7566b2,Idh3a,http://purl.obolibrary.org/obo/NCBITaxon_7227,http://www.ncbi.nlm.nih.gov/gene/32940,-1.05726,4.01925e-07,OSD-207
https://purl.org/okn/frink/kg/spoke-genelab/node/OSD-207-46bf2f458dd003f328af5b6f7f7566b2,Oxp,http://purl.obolibrary.org/obo/NCBITaxon_7227,http://www.ncbi.nlm.nih.gov/gene/37002,1.35482,0.00109582,OSD-207
https://purl.org/okn/frink/kg/spoke-genelab/node/OSD-207-46bf2f458dd003f328af5b6f7f7566b2,Zwilch,http://purl.obolibrary.org/obo/NCBITaxon_7227,http://www.ncbi.nlm.nih.gov/gene/59247,1.10409,0.0436936,OSD-207
https://purl.org/okn/frink/kg/spoke-genelab/node/OSD-207-46bf2f458dd003f328af5b6f7f7566b2,Spn55B,http://purl.obolibrary.org/obo/NCBITaxon_7227,http://www.ncbi.nlm.nih.gov/gene/49803,1.80683,0.00138929,OSD-207
https://purl.org/okn/frink/kg/spoke-genelab/node/OSD-207-46bf2f458dd003f328af5b6f7f7566b2,CG11672,http://purl.obolibrary.org/obo/NCBITaxon_7227,http://www.ncbi.nlm.nih.gov/gene/40977,8.30531,2.98831e-06,OSD-207
https://purl.org/okn/frink/kg/spoke-genelab/node/OSD-207-46bf2f458dd003f328af5b6f7f7566b2,CG32037,http://purl.obolibrary.org/obo/NCBITaxon_7227,http://www.ncbi.nlm.nih.gov/gene/326183,-2.03445,0.000170329,OSD-207
https://purl.org/okn/frink/kg/spoke-genelab/node/OSD-207-46bf2f458dd003f328af5b6f7f7566b2,CG5819,http://purl.obolibrary.org/obo/NCBITaxon_7227,http://www.ncbi.nlm.nih.gov/gene/37547,1.1546,0.00125817,OSD-207
https://purl.org/okn/frink/kg/spoke-genelab/node/OSD-207-46bf2f458dd003f328af5b6f7f7566b2,TbCMF46,http://purl.obolibrary.org/obo/NCBITaxon_7227,http://www.ncbi.nlm.nih.gov/gene/34318,1.12635,0.0171592,OSD-207
https://purl.org/okn/frink/kg/spoke-genelab/node/OSD-207-46bf2f458dd003f328af5b6f7f7566b2,Wnt10,http://purl.obolibrary.org/obo/NCBITaxon_7227,http://www.ncbi.nlm.nih.gov/gene/34011,-1.11433,0.0016018,OSD-207
https://purl.org/okn/frink/kg/spoke-genelab/node/OSD-207-46bf2f458dd003f328af5b6f7f7566b2,CG10405,http://purl.obolibrary.org/obo/NCBITaxon_7227,http://www.ncbi.nlm.nih.gov/gene/41996,5.52104,0.00112254,OSD-207
https://purl.org/okn/frink/kg/spoke-genelab/node/OSD-207-46bf2f458dd003f328af5b6f7f7566b2,Shmt,http://purl.obolibrary.org/obo/NCBITaxon_7227,http://www.ncbi.nlm.nih.gov/gene/31524,1.19323,0.00307998,OSD-207
https://purl.org/okn/frink/kg/spoke-genelab/node/OSD-207-46bf2f458dd003f328af5b6f7f7566b2,CG32432,http://purl.obolibrary.org/obo/NCBITaxon_7227,http://www.ncbi.nlm.nih.gov/gene/40310,-1.04838,9.86738e-13,OSD-207
https://purl.org/okn/frink/kg/spoke-genelab/node/OSD-207-46bf2f458dd003f328af5b6f7f7566b2,vrs,http://purl.obolibrary.org/obo/NCBITaxon_7227,http://www.ncbi.nlm.nih.gov/gene/41537,1.17864,0.0227886,OSD-207
https://purl.org/okn/frink/kg/spoke-genelab/node/OSD-207-46bf2f458dd003f328af5b6f7f7566b2,apolpp,http://purl.obolibrary.org/obo/NCBITaxon_7227,http://www.ncbi.nlm.nih.gov/gene/43827,1.19766,0.000496162,OSD-207
https://purl.org/okn/frink/kg/spoke-genelab/node/OSD-207-46bf2f458dd003f328af5b6f7f7566b2,CG14132,http://purl.obolibrary.org/obo/NCBITaxon_7227,http://www.ncbi.nlm.nih.gov/gene/50290,-1.18862,0.00092713,OSD-207
https://purl.org/okn/frink/kg/spoke-genelab/node/OSD-207-46bf2f458dd003f328af5b6f7f7566b2,Charon,http://purl.obolibrary.org/obo/NCBITaxon_7227,http://www.ncbi.nlm.nih.gov/gene/33303,2.51189,6.5473e-07,OSD-207
https://purl.org/okn/frink/kg/spoke-genelab/node/OSD-207-46bf2f458dd003f328af5b6f7f7566b2,CG14183,http://purl.obolibrary.org/obo/NCBITaxon_7227,http://www.ncbi.nlm.nih.gov/gene/40192,1.11534,0.0130365,OSD-207
https://purl.org/okn/frink/kg/spoke-genelab/node/OSD-207-46bf2f458dd003f328af5b6f7f7566b2,CG9389,http://purl.obolibrary.org/obo/NCBITaxon_7227,http://www.ncbi.nlm.nih.gov/gene/40347,2.4795,4.33048e-06,OSD-207
https://purl.org/okn/frink/kg/spoke-genelab/node/OSD-207-46bf2f458dd003f328af5b6f7f7566b2,CG43066,http://purl.obolibrary.org/obo/NCBITaxon_7227,http://www.ncbi.nlm.nih.gov/gene/37129,-1.12911,7.07395e-16,OSD-207
https://purl.org/okn/frink/kg/spoke-genelab/node/OSD-207-46bf2f458dd003f328af5b6f7f7566b2,tyn,http://purl.obolibrary.org/obo/NCBITaxon_7227,http://www.ncbi.nlm.nih.gov/gene/3354987,-1.14088,1.22671e-05,OSD-207
https://purl.org/okn/frink/kg/spoke-genelab/node/OSD-207-46bf2f458dd003f328af5b6f7f7566b2,key,http://purl.obolibrary.org/obo/NCBITaxon_7227,http://www.ncbi.nlm.nih.gov/gene/37967,1.15626,5.20721e-06,OSD-207
https://purl.org/okn/frink/kg/spoke-genelab/node/OSD-207-46bf2f458dd003f328af5b6f7f7566b2,CG18745,http://purl.obolibrary.org/obo/NCBITaxon_7227,http://www.ncbi.nlm.nih.gov/gene/59141,7.26609,0.000416164,OSD-207
https://purl.org/okn/frink/kg/spoke-genelab/node/OSD-207-46bf2f458dd003f328af5b6f7f7566b2,CNMa,http://purl.obolibrary.org/obo/NCBITaxon_7227,http://www.ncbi.nlm.nih.gov/gene/38242,1.30342,0.0066204,OSD-207
https://purl.org/okn/frink/kg/spoke-genelab/node/OSD-207-46bf2f458dd003f328af5b6f7f7566b2,CG16782,http://purl.obolibrary.org/obo/NCBITaxon_7227,http://www.ncbi.nlm.nih.gov/gene/31313,-6.21807,0.00188424,OSD-207
https://purl.org/okn/frink/kg/spoke-genelab/node/OSD-207-46bf2f458dd003f328af5b6f7f7566b2,Fbxl4,http://purl.obolibrary.org/obo/NCBITaxon_7227,http://www.ncbi.nlm.nih.gov/gene/32378,-1.30764,4.54205e-27,OSD-207
https://purl.org/okn/frink/kg/spoke-genelab/node/OSD-207-46bf2f458dd003f328af5b6f7f7566b2,CG33494,http://purl.obolibrary.org/obo/NCBITaxon_7227,http://www.ncbi.nlm.nih.gov/gene/2768686,1.30847,6.40062e-05,OSD-207
https://purl.org/okn/frink/kg/spoke-genelab/node/OSD-207-46bf2f458dd003f328af5b6f7f7566b2,dpy,http://purl.obolibrary.org/obo/NCBITaxon_7227,http://www.ncbi.nlm.nih.gov/gene/318824,-1.30389,2.39634e-06,OSD-207
https://purl.org/okn/frink/kg/spoke-genelab/node/OSD-207-46bf2f458dd003f328af5b6f7f7566b2,Btnd,http://purl.obolibrary.org/obo/NCBITaxon_7227,http://www.ncbi.nlm.nih.gov/gene/31552,2.19537,0.00611684,OSD-207
https://purl.org/okn/frink/kg/spoke-genelab/node/OSD-207-46bf2f458dd003f328af5b6f7f7566b2,GATAe,http://purl.obolibrary.org/obo/NCBITaxon_7227,http://www.ncbi.nlm.nih.gov/gene/41945,6.36103,0.000506116,OSD-207
https://purl.org/okn/frink/kg/spoke-genelab/node/OSD-207-46bf2f458dd003f328af5b6f7f7566b2,Cht2,http://purl.obolibrary.org/obo/NCBITaxon_7227,http://www.ncbi.nlm.nih.gov/gene/38223,-1.10471,0.0388039,OSD-207
https://purl.org/okn/frink/kg/spoke-genelab/node/OSD-207-46bf2f458dd003f328af5b6f7f7566b2,Uros2,http://purl.obolibrary.org/obo/NCBITaxon_7227,http://www.ncbi.nlm.nih.gov/gene/41908,-1.05534,0.0115301,OSD-207
https://purl.org/okn/frink/kg/spoke-genelab/node/OSD-207-46bf2f458dd003f328af5b6f7f7566b2,CG14298,http://purl.obolibrary.org/obo/NCBITaxon_7227,http://www.ncbi.nlm.nih.gov/gene/42259,-1.24438,0.00209621,OSD-207
https://purl.org/okn/frink/kg/spoke-genelab/node/OSD-207-46bf2f458dd003f328af5b6f7f7566b2,ACXC,http://purl.obolibrary.org/obo/NCBITaxon_7227,http://www.ncbi.nlm.nih.gov/gene/34689,-2.27015,0.0017122,OSD-207
https://purl.org/okn/frink/kg/spoke-genelab/node/OSD-207-46bf2f458dd003f328af5b6f7f7566b2,CG31636,http://purl.obolibrary.org/obo/NCBITaxon_7227,http://www.ncbi.nlm.nih.gov/gene/318865,-1.98908,4.42517e-08,OSD-207
https://purl.org/okn/frink/kg/spoke-genelab/node/OSD-207-46bf2f458dd003f328af5b6f7f7566b2,CG12493,http://purl.obolibrary.org/obo/NCBITaxon_7227,http://www.ncbi.nlm.nih.gov/gene/38575,5.71955,0.000270272,OSD-207
https://purl.org/okn/frink/kg/spoke-genelab/node/OSD-207-46bf2f458dd003f328af5b6f7f7566b2,CG8563,http://purl.obolibrary.org/obo/NCBITaxon_7227,http://www.ncbi.nlm.nih.gov/gene/38826,-1.73427,0.0111327,OSD-207
https://purl.org/okn/frink/kg/spoke-genelab/node/OSD-207-46bf2f458dd003f328af5b6f7f7566b2,CG6696,http://purl.obolibrary.org/obo/NCBITaxon_7227,http://www.ncbi.nlm.nih.gov/gene/32856,-3.19043,0.041367,OSD-207
https://purl.org/okn/frink/kg/spoke-genelab/node/OSD-207-46bf2f458dd003f328af5b6f7f7566b2,lncRNA:CR32160,http://purl.obolibrary.org/obo/NCBITaxon_7227,http://www.ncbi.nlm.nih.gov/gene/12797918,-3.89247,0.0457724,OSD-207
https://purl.org/okn/frink/kg/spoke-genelab/node/OSD-207-46bf2f458dd003f328af5b6f7f7566b2,Fign,http://purl.obolibrary.org/obo/NCBITaxon_7227,http://www.ncbi.nlm.nih.gov/gene/33544,2.17834,0.000966431,OSD-207
https://purl.org/okn/frink/kg/spoke-genelab/node/OSD-207-46bf2f458dd003f328af5b6f7f7566b2,obst-H,http://purl.obolibrary.org/obo/NCBITaxon_7227,http://www.ncbi.nlm.nih.gov/gene/39681,2.93774,0.048608,OSD-207
https://purl.org/okn/frink/kg/spoke-genelab/node/OSD-207-46bf2f458dd003f328af5b6f7f7566b2,CG32454,http://purl.obolibrary.org/obo/NCBITaxon_7227,http://www.ncbi.nlm.nih.gov/gene/318037,-1.25908,0.0451343,OSD-207
https://purl.org/okn/frink/kg/spoke-genelab/node/OSD-207-46bf2f458dd003f328af5b6f7f7566b2,Rpt6R,http://purl.obolibrary.org/obo/NCBITaxon_7227,http://www.ncbi.nlm.nih.gov/gene/43635,-3.0807,0.0383408,OSD-207
https://purl.org/okn/frink/kg/spoke-genelab/node/OSD-207-46bf2f458dd003f328af5b6f7f7566b2,Whamy,http://purl.obolibrary.org/obo/NCBITaxon_7227,http://www.ncbi.nlm.nih.gov/gene/41198,2.41292,0.00591182,OSD-207
https://purl.org/okn/frink/kg/spoke-genelab/node/OSD-207-46bf2f458dd003f328af5b6f7f7566b2,Oat,http://purl.obolibrary.org/obo/NCBITaxon_7227,http://www.ncbi.nlm.nih.gov/gene/40145,1.18007,0.001565,OSD-207
https://purl.org/okn/frink/kg/spoke-genelab/node/OSD-207-46bf2f458dd003f328af5b6f7f7566b2,CG10307,http://purl.obolibrary.org/obo/NCBITaxon_7227,http://www.ncbi.nlm.nih.gov/gene/37477,-1.16301,0.000505827,OSD-207
https://purl.org/okn/frink/kg/spoke-genelab/node/OSD-207-46bf2f458dd003f328af5b6f7f7566b2,homer,http://purl.obolibrary.org/obo/NCBITaxon_7227,http://www.ncbi.nlm.nih.gov/gene/33944,-1.174,2.46113e-18,OSD-207
https://purl.org/okn/frink/kg/spoke-genelab/node/OSD-207-46bf2f458dd003f328af5b6f7f7566b2,lectin-37Db,http://purl.obolibrary.org/obo/NCBITaxon_7227,http://www.ncbi.nlm.nih.gov/gene/3346221,6.60793,0.000570662,OSD-207
https://purl.org/okn/frink/kg/spoke-genelab/node/OSD-207-46bf2f458dd003f328af5b6f7f7566b2,CG12256,http://purl.obolibrary.org/obo/NCBITaxon_7227,http://www.ncbi.nlm.nih.gov/gene/14462452,3.81053,3.57821e-07,OSD-207
https://purl.org/okn/frink/kg/spoke-genelab/node/OSD-207-46bf2f458dd003f328af5b6f7f7566b2,CG12910,http://purl.obolibrary.org/obo/NCBITaxon_7227,http://www.ncbi.nlm.nih.gov/gene/36082,-1.15846,3.51698e-06,OSD-207
https://purl.org/okn/frink/kg/spoke-genelab/node/OSD-207-46bf2f458dd003f328af5b6f7f7566b2,CG32447,http://purl.obolibrary.org/obo/NCBITaxon_7227,http://www.ncbi.nlm.nih.gov/gene/40412,-1.77809,2.37219e-05,OSD-207
https://purl.org/okn/frink/kg/spoke-genelab/node/OSD-207-46bf2f458dd003f328af5b6f7f7566b2,CG1090,http://purl.obolibrary.org/obo/NCBITaxon_7227,http://www.ncbi.nlm.nih.gov/gene/40551,-1.03994,3.85388e-13,OSD-207
https://purl.org/okn/frink/kg/spoke-genelab/node/OSD-207-46bf2f458dd003f328af5b6f7f7566b2,CG12934,http://purl.obolibrary.org/obo/NCBITaxon_7227,http://www.ncbi.nlm.nih.gov/gene/36124,3.42757,0.0388306,OSD-207
https://purl.org/okn/frink/kg/spoke-genelab/node/OSD-207-46bf2f458dd003f328af5b6f7f7566b2,CG10361,http://purl.obolibrary.org/obo/NCBITaxon_7227,http://www.ncbi.nlm.nih.gov/gene/39333,1.092,0.00598458,OSD-207
https://purl.org/okn/frink/kg/spoke-genelab/node/OSD-207-46bf2f458dd003f328af5b6f7f7566b2,CG7990,http://purl.obolibrary.org/obo/NCBITaxon_7227,http://www.ncbi.nlm.nih.gov/gene/32909,-1.09849,2.61152e-13,OSD-207
https://purl.org/okn/frink/kg/spoke-genelab/node/OSD-207-46bf2f458dd003f328af5b6f7f7566b2,scpr-C,http://purl.obolibrary.org/obo/NCBITaxon_7227,http://www.ncbi.nlm.nih.gov/gene/41348,1.7576,0.00324296,OSD-207
https://purl.org/okn/frink/kg/spoke-genelab/node/OSD-207-46bf2f458dd003f328af5b6f7f7566b2,CG12826,http://purl.obolibrary.org/obo/NCBITaxon_7227,http://www.ncbi.nlm.nih.gov/gene/35710,2.32358,0.00735529,OSD-207
https://purl.org/okn/frink/kg/spoke-genelab/node/OSD-207-46bf2f458dd003f328af5b6f7f7566b2,Irp-1B,http://purl.obolibrary.org/obo/NCBITaxon_7227,http://www.ncbi.nlm.nih.gov/gene/41269,1.00319,0.00642147,OSD-207
https://purl.org/okn/frink/kg/spoke-genelab/node/OSD-207-46bf2f458dd003f328af5b6f7f7566b2,CG9657,http://purl.obolibrary.org/obo/NCBITaxon_7227,http://www.ncbi.nlm.nih.gov/gene/31674,-1.18552,0.000907843,OSD-207
https://purl.org/okn/frink/kg/spoke-genelab/node/OSD-207-46bf2f458dd003f328af5b6f7f7566b2,CG9411,http://purl.obolibrary.org/obo/NCBITaxon_7227,http://www.ncbi.nlm.nih.gov/gene/32392,5.60409,6.44027e-05,OSD-207
https://purl.org/okn/frink/kg/spoke-genelab/node/OSD-207-46bf2f458dd003f328af5b6f7f7566b2,Sting,http://purl.obolibrary.org/obo/NCBITaxon_7227,http://www.ncbi.nlm.nih.gov/gene/36016,2.60412,1.88414e-06,OSD-207
https://purl.org/okn/frink/kg/spoke-genelab/node/OSD-207-46bf2f458dd003f328af5b6f7f7566b2,CG9782,http://purl.obolibrary.org/obo/NCBITaxon_7227,http://www.ncbi.nlm.nih.gov/gene/32632,-2.97025,2.92883e-05,OSD-207
https://purl.org/okn/frink/kg/spoke-genelab/node/OSD-207-46bf2f458dd003f328af5b6f7f7566b2,cyr,http://purl.obolibrary.org/obo/NCBITaxon_7227,http://www.ncbi.nlm.nih.gov/gene/31733,-1.46469,0.0428691,OSD-207
https://purl.org/okn/frink/kg/spoke-genelab/node/OSD-207-46bf2f458dd003f328af5b6f7f7566b2,Osi17,http://purl.obolibrary.org/obo/NCBITaxon_7227,http://www.ncbi.nlm.nih.gov/gene/40774,3.07559,0.00525562,OSD-207
https://purl.org/okn/frink/kg/spoke-genelab/node/OSD-207-46bf2f458dd003f328af5b6f7f7566b2,CG31370,http://purl.obolibrary.org/obo/NCBITaxon_7227,http://www.ncbi.nlm.nih.gov/gene/43060,1.45437,0.000315386,OSD-207
https://purl.org/okn/frink/kg/spoke-genelab/node/OSD-207-46bf2f458dd003f328af5b6f7f7566b2,Pvf2,http://purl.obolibrary.org/obo/NCBITaxon_7227,http://www.ncbi.nlm.nih.gov/gene/33994,1.10597,0.0241377,OSD-207
https://purl.org/okn/frink/kg/spoke-genelab/node/OSD-207-46bf2f458dd003f328af5b6f7f7566b2,Traf-like,http://purl.obolibrary.org/obo/NCBITaxon_7227,http://www.ncbi.nlm.nih.gov/gene/32611,1.53458,0.0251847,OSD-207
https://purl.org/okn/frink/kg/spoke-genelab/node/OSD-207-46bf2f458dd003f328af5b6f7f7566b2,Sox21a,http://purl.obolibrary.org/obo/NCBITaxon_7227,http://www.ncbi.nlm.nih.gov/gene/39567,-1.62545,0.00261249,OSD-207
https://purl.org/okn/frink/kg/spoke-genelab/node/OSD-207-46bf2f458dd003f328af5b6f7f7566b2,CG6569,http://purl.obolibrary.org/obo/NCBITaxon_7227,http://www.ncbi.nlm.nih.gov/gene/42573,4.34456,7.66228e-06,OSD-207
https://purl.org/okn/frink/kg/spoke-genelab/node/OSD-207-46bf2f458dd003f328af5b6f7f7566b2,CG10516,http://purl.obolibrary.org/obo/NCBITaxon_7227,http://www.ncbi.nlm.nih.gov/gene/39738,1.5712,0.0244442,OSD-207
https://purl.org/okn/frink/kg/spoke-genelab/node/OSD-207-6abfb081980c44e130a5c0f940551ef2,mthl8,http://purl.obolibrary.org/obo/NCBITaxon_7227,http://www.ncbi.nlm.nih.gov/gene/38013,2.03344,1.15936e-24,OSD-207
https://purl.org/okn/frink/kg/spoke-genelab/node/OSD-207-6abfb081980c44e130a5c0f940551ef2,SLC22A,http://purl.obolibrary.org/obo/NCBITaxon_7227,http://www.ncbi.nlm.nih.gov/gene/40437,1.92476,0.00395998,OSD-207
https://purl.org/okn/frink/kg/spoke-genelab/node/OSD-207-6abfb081980c44e130a5c0f940551ef2,AOX4,http://purl.obolibrary.org/obo/NCBITaxon_7227,http://www.ncbi.nlm.nih.gov/gene/41897,1.44768,0.0107092,OSD-207
https://purl.org/okn/frink/kg/spoke-genelab/node/OSD-207-6abfb081980c44e130a5c0f940551ef2,P58IPK,http://purl.obolibrary.org/obo/NCBITaxon_7227,http://www.ncbi.nlm.nih.gov/gene/41161,1.63392,1.72962e-05,OSD-207
https://purl.org/okn/frink/kg/spoke-genelab/node/OSD-207-6abfb081980c44e130a5c0f940551ef2,CG31776,http://purl.obolibrary.org/obo/NCBITaxon_7227,http://www.ncbi.nlm.nih.gov/gene/33568,-1.50332,0.000263427,OSD-207
https://purl.org/okn/frink/kg/spoke-genelab/node/OSD-207-6abfb081980c44e130a5c0f940551ef2,CG14374,http://purl.obolibrary.org/obo/NCBITaxon_7227,http://www.ncbi.nlm.nih.gov/gene/50026,1.9514,0.0359707,OSD-207
https://purl.org/okn/frink/kg/spoke-genelab/node/OSD-207-6abfb081980c44e130a5c0f940551ef2,CG3397,http://purl.obolibrary.org/obo/NCBITaxon_7227,http://www.ncbi.nlm.nih.gov/gene/41454,-4.03307,2.26218e-21,OSD-207
https://purl.org/okn/frink/kg/spoke-genelab/node/OSD-207-6abfb081980c44e130a5c0f940551ef2,CG30088,http://purl.obolibrary.org/obo/NCBITaxon_7227,http://www.ncbi.nlm.nih.gov/gene/246447,3.83508,0.0462754,OSD-207
https://purl.org/okn/frink/kg/spoke-genelab/node/OSD-207-6abfb081980c44e130a5c0f940551ef2,CG14636,http://purl.obolibrary.org/obo/NCBITaxon_7227,http://www.ncbi.nlm.nih.gov/gene/40526,1.76975,0.000169689,OSD-207
https://purl.org/okn/frink/kg/spoke-genelab/node/OSD-207-6abfb081980c44e130a5c0f940551ef2,CG32726,http://purl.obolibrary.org/obo/NCBITaxon_7227,http://www.ncbi.nlm.nih.gov/gene/318175,1.21444,1.83842e-05,OSD-207
https://purl.org/okn/frink/kg/spoke-genelab/node/OSD-207-6abfb081980c44e130a5c0f940551ef2,Ugt35E2,http://purl.obolibrary.org/obo/NCBITaxon_7227,http://www.ncbi.nlm.nih.gov/gene/53506,-1.89545,1.71986e-07,OSD-207
https://purl.org/okn/frink/kg/spoke-genelab/node/OSD-207-6abfb081980c44e130a5c0f940551ef2,Adgf-D,http://purl.obolibrary.org/obo/NCBITaxon_7227,http://www.ncbi.nlm.nih.gov/gene/41679,-1.16792,3.39997e-09,OSD-207
https://purl.org/okn/frink/kg/spoke-genelab/node/OSD-207-6abfb081980c44e130a5c0f940551ef2,Muc14A,http://purl.obolibrary.org/obo/NCBITaxon_7227,http://www.ncbi.nlm.nih.gov/gene/318097,2.37425,0.0324617,OSD-207
https://purl.org/okn/frink/kg/spoke-genelab/node/OSD-207-6abfb081980c44e130a5c0f940551ef2,AttB,http://purl.obolibrary.org/obo/NCBITaxon_7227,http://www.ncbi.nlm.nih.gov/gene/36637,3.61015,0.00148251,OSD-207
https://purl.org/okn/frink/kg/spoke-genelab/node/OSD-207-6abfb081980c44e130a5c0f940551ef2,CG30271,http://purl.obolibrary.org/obo/NCBITaxon_7227,http://www.ncbi.nlm.nih.gov/gene/246518,1.00901,0.0136496,OSD-207
https://purl.org/okn/frink/kg/spoke-genelab/node/OSD-207-6abfb081980c44e130a5c0f940551ef2,GstE4,http://purl.obolibrary.org/obo/NCBITaxon_7227,http://www.ncbi.nlm.nih.gov/gene/37109,1.57034,0.000349338,OSD-207
https://purl.org/okn/frink/kg/spoke-genelab/node/OSD-207-6abfb081980c44e130a5c0f940551ef2,CG6465,http://purl.obolibrary.org/obo/NCBITaxon_7227,http://www.ncbi.nlm.nih.gov/gene/41274,-1.18996,6.66325e-06,OSD-207
https://purl.org/okn/frink/kg/spoke-genelab/node/OSD-207-6abfb081980c44e130a5c0f940551ef2,CG10864,http://purl.obolibrary.org/obo/NCBITaxon_7227,http://www.ncbi.nlm.nih.gov/gene/42222,-1.03065,0.00595809,OSD-207
https://purl.org/okn/frink/kg/spoke-genelab/node/OSD-207-6abfb081980c44e130a5c0f940551ef2,CG8478,http://purl.obolibrary.org/obo/NCBITaxon_7227,http://www.ncbi.nlm.nih.gov/gene/41194,1.71295,0.00375546,OSD-207
https://purl.org/okn/frink/kg/spoke-genelab/node/OSD-207-6abfb081980c44e130a5c0f940551ef2,Cyp313a1,http://purl.obolibrary.org/obo/NCBITaxon_7227,http://www.ncbi.nlm.nih.gov/gene/41759,2.22051,0.00126211,OSD-207
https://purl.org/okn/frink/kg/spoke-genelab/node/OSD-207-6abfb081980c44e130a5c0f940551ef2,CG30274,http://purl.obolibrary.org/obo/NCBITaxon_7227,http://www.ncbi.nlm.nih.gov/gene/246521,1.20886,0.0351223,OSD-207
https://purl.org/okn/frink/kg/spoke-genelab/node/OSD-207-6abfb081980c44e130a5c0f940551ef2,CG33301,http://purl.obolibrary.org/obo/NCBITaxon_7227,http://www.ncbi.nlm.nih.gov/gene/2768917,-2.12794,0.000241611,OSD-207
https://purl.org/okn/frink/kg/spoke-genelab/node/OSD-207-6abfb081980c44e130a5c0f940551ef2,scpr-B,http://purl.obolibrary.org/obo/NCBITaxon_7227,http://www.ncbi.nlm.nih.gov/gene/41357,2.91161,0.0091126,OSD-207
https://purl.org/okn/frink/kg/spoke-genelab/node/OSD-207-6abfb081980c44e130a5c0f940551ef2,CG13069,http://purl.obolibrary.org/obo/NCBITaxon_7227,http://www.ncbi.nlm.nih.gov/gene/50271,2.31515,0.0186167,OSD-207
https://purl.org/okn/frink/kg/spoke-genelab/node/OSD-207-6abfb081980c44e130a5c0f940551ef2,CG15545,http://purl.obolibrary.org/obo/NCBITaxon_7227,http://www.ncbi.nlm.nih.gov/gene/43658,-1.95329,0.00311937,OSD-207
https://purl.org/okn/frink/kg/spoke-genelab/node/OSD-207-6abfb081980c44e130a5c0f940551ef2,CG30339,http://purl.obolibrary.org/obo/NCBITaxon_7227,http://www.ncbi.nlm.nih.gov/gene/246549,-2.29958,0.0301533,OSD-207
https://purl.org/okn/frink/kg/spoke-genelab/node/OSD-207-6abfb081980c44e130a5c0f940551ef2,Orco,http://purl.obolibrary.org/obo/NCBITaxon_7227,http://www.ncbi.nlm.nih.gov/gene/40650,1.66237,8.95506e-05,OSD-207
https://purl.org/okn/frink/kg/spoke-genelab/node/OSD-207-6abfb081980c44e130a5c0f940551ef2,RNaseP:RNA,http://purl.obolibrary.org/obo/NCBITaxon_7227,http://www.ncbi.nlm.nih.gov/gene/3772418,-1.70685,1.8814e-09,OSD-207
https://purl.org/okn/frink/kg/spoke-genelab/node/OSD-207-6abfb081980c44e130a5c0f940551ef2,CG14297,http://purl.obolibrary.org/obo/NCBITaxon_7227,http://www.ncbi.nlm.nih.gov/gene/42260,-1.68405,0.0359707,OSD-207
https://purl.org/okn/frink/kg/spoke-genelab/node/OSD-207-6abfb081980c44e130a5c0f940551ef2,CG5862,http://purl.obolibrary.org/obo/NCBITaxon_7227,http://www.ncbi.nlm.nih.gov/gene/42516,1.12075,1.2904e-10,OSD-207
https://purl.org/okn/frink/kg/spoke-genelab/node/OSD-207-6abfb081980c44e130a5c0f940551ef2,CG15547,http://purl.obolibrary.org/obo/NCBITaxon_7227,http://www.ncbi.nlm.nih.gov/gene/43661,-2.51825,2.46453e-10,OSD-207
https://purl.org/okn/frink/kg/spoke-genelab/node/OSD-207-6abfb081980c44e130a5c0f940551ef2,topi,http://purl.obolibrary.org/obo/NCBITaxon_7227,http://www.ncbi.nlm.nih.gov/gene/41199,-3.2146,9.18827e-06,OSD-207
https://purl.org/okn/frink/kg/spoke-genelab/node/OSD-207-6abfb081980c44e130a5c0f940551ef2,CG15210,http://purl.obolibrary.org/obo/NCBITaxon_7227,http://www.ncbi.nlm.nih.gov/gene/50323,-1.01047,6.9585e-05,OSD-207
https://purl.org/okn/frink/kg/spoke-genelab/node/OSD-207-6abfb081980c44e130a5c0f940551ef2,Cubn,http://purl.obolibrary.org/obo/NCBITaxon_7227,http://www.ncbi.nlm.nih.gov/gene/326235,-1.07845,0.000128028,OSD-207
https://purl.org/okn/frink/kg/spoke-genelab/node/OSD-207-6abfb081980c44e130a5c0f940551ef2,Ugt302K1,http://purl.obolibrary.org/obo/NCBITaxon_7227,http://www.ncbi.nlm.nih.gov/gene/53502,-3.6079,7.97335e-12,OSD-207
https://purl.org/okn/frink/kg/spoke-genelab/node/OSD-207-6abfb081980c44e130a5c0f940551ef2,Dtg,http://purl.obolibrary.org/obo/NCBITaxon_7227,http://www.ncbi.nlm.nih.gov/gene/41558,-1.0124,0.0292701,OSD-207
https://purl.org/okn/frink/kg/spoke-genelab/node/OSD-207-6abfb081980c44e130a5c0f940551ef2,CG9766,http://purl.obolibrary.org/obo/NCBITaxon_7227,http://www.ncbi.nlm.nih.gov/gene/40539,-1.09524,2.78515e-08,OSD-207
https://purl.org/okn/frink/kg/spoke-genelab/node/OSD-207-6abfb081980c44e130a5c0f940551ef2,CG18600,http://purl.obolibrary.org/obo/NCBITaxon_7227,http://www.ncbi.nlm.nih.gov/gene/42201,1.28538,5.64837e-06,OSD-207
https://purl.org/okn/frink/kg/spoke-genelab/node/OSD-207-6abfb081980c44e130a5c0f940551ef2,Or65b,http://purl.obolibrary.org/obo/NCBITaxon_7227,http://www.ncbi.nlm.nih.gov/gene/318012,1.18825,0.006896,OSD-207
https://purl.org/okn/frink/kg/spoke-genelab/node/OSD-207-6abfb081980c44e130a5c0f940551ef2,FASN2,http://purl.obolibrary.org/obo/NCBITaxon_7227,http://www.ncbi.nlm.nih.gov/gene/117361,-2.00255,0.00597929,OSD-207
https://purl.org/okn/frink/kg/spoke-genelab/node/OSD-207-6abfb081980c44e130a5c0f940551ef2,CG32816,http://purl.obolibrary.org/obo/NCBITaxon_7227,http://www.ncbi.nlm.nih.gov/gene/318225,-1.32575,0.0445324,OSD-207
https://purl.org/okn/frink/kg/spoke-genelab/node/OSD-207-6abfb081980c44e130a5c0f940551ef2,CG31029,http://purl.obolibrary.org/obo/NCBITaxon_7227,http://www.ncbi.nlm.nih.gov/gene/318562,-1.07666,0.0496482,OSD-207
https://purl.org/okn/frink/kg/spoke-genelab/node/OSD-207-6abfb081980c44e130a5c0f940551ef2,CG1544,http://purl.obolibrary.org/obo/NCBITaxon_7227,http://www.ncbi.nlm.nih.gov/gene/43689,-1.54881,8.42254e-05,OSD-207
https://purl.org/okn/frink/kg/spoke-genelab/node/OSD-207-6abfb081980c44e130a5c0f940551ef2,scpr-C,http://purl.obolibrary.org/obo/NCBITaxon_7227,http://www.ncbi.nlm.nih.gov/gene/41348,2.3743,8.95377e-05,OSD-207
https://purl.org/okn/frink/kg/spoke-genelab/node/OSD-207-6abfb081980c44e130a5c0f940551ef2,Ilp1,http://purl.obolibrary.org/obo/NCBITaxon_7227,http://www.ncbi.nlm.nih.gov/gene/39149,-1.60105,0.00797204,OSD-207
https://purl.org/okn/frink/kg/spoke-genelab/node/OSD-207-6abfb081980c44e130a5c0f940551ef2,CG12268,http://purl.obolibrary.org/obo/NCBITaxon_7227,http://www.ncbi.nlm.nih.gov/gene/42833,-1.2514,0.00126542,OSD-207
https://purl.org/okn/frink/kg/spoke-genelab/node/OSD-207-6abfb081980c44e130a5c0f940551ef2,CR31427,http://purl.obolibrary.org/obo/NCBITaxon_7227,http://www.ncbi.nlm.nih.gov/gene/43464,-1.44712,0.0296807,OSD-207
https://purl.org/okn/frink/kg/spoke-genelab/node/OSD-207-6abfb081980c44e130a5c0f940551ef2,Uros2,http://purl.obolibrary.org/obo/NCBITaxon_7227,http://www.ncbi.nlm.nih.gov/gene/41908,-2.95248,4.45828e-09,OSD-207
https://purl.org/okn/frink/kg/spoke-genelab/node/OSD-207-6abfb081980c44e130a5c0f940551ef2,CCHa2,http://purl.obolibrary.org/obo/NCBITaxon_7227,http://www.ncbi.nlm.nih.gov/gene/41648,1.09538,0.00869507,OSD-207
https://purl.org/okn/frink/kg/spoke-genelab/node/OSD-207-6abfb081980c44e130a5c0f940551ef2,CG3288,http://purl.obolibrary.org/obo/NCBITaxon_7227,http://www.ncbi.nlm.nih.gov/gene/40307,-1.30543,0.0184373,OSD-207
https://purl.org/okn/frink/kg/spoke-genelab/node/OSD-207-6abfb081980c44e130a5c0f940551ef2,CG5618,http://purl.obolibrary.org/obo/NCBITaxon_7227,http://www.ncbi.nlm.nih.gov/gene/40241,1.47929,3.21416e-05,OSD-207
https://purl.org/okn/frink/kg/spoke-genelab/node/OSD-207-6abfb081980c44e130a5c0f940551ef2,CG31810,http://purl.obolibrary.org/obo/NCBITaxon_7227,http://www.ncbi.nlm.nih.gov/gene/318955,2.62133,0.0474303,OSD-207
https://purl.org/okn/frink/kg/spoke-genelab/node/OSD-207-6abfb081980c44e130a5c0f940551ef2,AstA-R2,http://purl.obolibrary.org/obo/NCBITaxon_7227,http://www.ncbi.nlm.nih.gov/gene/43393,-1.40573,0.000194689,OSD-207
https://purl.org/okn/frink/kg/spoke-genelab/node/OSD-207-6abfb081980c44e130a5c0f940551ef2,Syx18,http://purl.obolibrary.org/obo/NCBITaxon_7227,http://www.ncbi.nlm.nih.gov/gene/42933,1.30897,2.04283e-09,OSD-207
https://purl.org/okn/frink/kg/spoke-genelab/node/OSD-207-6abfb081980c44e130a5c0f940551ef2,CG9396,http://purl.obolibrary.org/obo/NCBITaxon_7227,http://www.ncbi.nlm.nih.gov/gene/41156,1.22362,0.00698557,OSD-207
https://purl.org/okn/frink/kg/spoke-genelab/node/OSD-207-6abfb081980c44e130a5c0f940551ef2,p24-2,http://purl.obolibrary.org/obo/NCBITaxon_7227,http://www.ncbi.nlm.nih.gov/gene/318890,-10.6605,1.0328e-19,OSD-207
https://purl.org/okn/frink/kg/spoke-genelab/node/OSD-207-6abfb081980c44e130a5c0f940551ef2,phu,http://purl.obolibrary.org/obo/NCBITaxon_7227,http://www.ncbi.nlm.nih.gov/gene/41135,-3.47552,0.00147609,OSD-207
https://purl.org/okn/frink/kg/spoke-genelab/node/OSD-207-6abfb081980c44e130a5c0f940551ef2,CG10005,http://purl.obolibrary.org/obo/NCBITaxon_7227,http://www.ncbi.nlm.nih.gov/gene/41451,-3.05955,0.0114788,OSD-207
https://purl.org/okn/frink/kg/spoke-genelab/node/OSD-207-6abfb081980c44e130a5c0f940551ef2,CG4000,http://purl.obolibrary.org/obo/NCBITaxon_7227,http://www.ncbi.nlm.nih.gov/gene/42451,-3.31664,1.28585e-06,OSD-207
https://purl.org/okn/frink/kg/spoke-genelab/node/OSD-207-6abfb081980c44e130a5c0f940551ef2,CG5984,http://purl.obolibrary.org/obo/NCBITaxon_7227,http://www.ncbi.nlm.nih.gov/gene/43281,-1.03847,0.00735796,OSD-207
https://purl.org/okn/frink/kg/spoke-genelab/node/OSD-207-6abfb081980c44e130a5c0f940551ef2,AGBE,http://purl.obolibrary.org/obo/NCBITaxon_7227,http://www.ncbi.nlm.nih.gov/gene/326264,-1.16798,0.00755953,OSD-207
https://purl.org/okn/frink/kg/spoke-genelab/node/OSD-207-6abfb081980c44e130a5c0f940551ef2,CG14313,http://purl.obolibrary.org/obo/NCBITaxon_7227,http://www.ncbi.nlm.nih.gov/gene/42176,1.44357,0.0207602,OSD-207
https://purl.org/okn/frink/kg/spoke-genelab/node/OSD-207-6abfb081980c44e130a5c0f940551ef2,CG5245,http://purl.obolibrary.org/obo/NCBITaxon_7227,http://www.ncbi.nlm.nih.gov/gene/41530,1.68815,0.00147784,OSD-207
https://purl.org/okn/frink/kg/spoke-genelab/node/OSD-207-6abfb081980c44e130a5c0f940551ef2,zye,http://purl.obolibrary.org/obo/NCBITaxon_7227,http://www.ncbi.nlm.nih.gov/gene/40255,-2.32811,0.0196405,OSD-207
https://purl.org/okn/frink/kg/spoke-genelab/node/OSD-207-6abfb081980c44e130a5c0f940551ef2,Or19b,http://purl.obolibrary.org/obo/NCBITaxon_7227,http://www.ncbi.nlm.nih.gov/gene/260693,1.0842,0.0498726,OSD-207
https://purl.org/okn/frink/kg/spoke-genelab/node/OSD-207-6abfb081980c44e130a5c0f940551ef2,Hsp70Bbb,http://purl.obolibrary.org/obo/NCBITaxon_7227,http://www.ncbi.nlm.nih.gov/gene/50022,3.40595,0.00196441,OSD-207
https://purl.org/okn/frink/kg/spoke-genelab/node/OSD-207-6abfb081980c44e130a5c0f940551ef2,CG14689,http://purl.obolibrary.org/obo/NCBITaxon_7227,http://www.ncbi.nlm.nih.gov/gene/41283,-3.12581,0.0162772,OSD-207
https://purl.org/okn/frink/kg/spoke-genelab/node/OSD-207-6abfb081980c44e130a5c0f940551ef2,CG11999,http://purl.obolibrary.org/obo/NCBITaxon_7227,http://www.ncbi.nlm.nih.gov/gene/40637,1.13842,1.0382e-05,OSD-207
https://purl.org/okn/frink/kg/spoke-genelab/node/OSD-207-6abfb081980c44e130a5c0f940551ef2,Ugt35E1,http://purl.obolibrary.org/obo/NCBITaxon_7227,http://www.ncbi.nlm.nih.gov/gene/53504,-2.43632,0.00246917,OSD-207
https://purl.org/okn/frink/kg/spoke-genelab/node/OSD-207-6abfb081980c44e130a5c0f940551ef2,CG6688,http://purl.obolibrary.org/obo/NCBITaxon_7227,http://www.ncbi.nlm.nih.gov/gene/42716,-1.46517,0.047008,OSD-207
https://purl.org/okn/frink/kg/spoke-genelab/node/OSD-207-6abfb081980c44e130a5c0f940551ef2,CG13827,http://purl.obolibrary.org/obo/NCBITaxon_7227,http://www.ncbi.nlm.nih.gov/gene/42751,1.05919,0.000151563,OSD-207
https://purl.org/okn/frink/kg/spoke-genelab/node/OSD-207-6abfb081980c44e130a5c0f940551ef2,CG33229,http://purl.obolibrary.org/obo/NCBITaxon_7227,http://www.ncbi.nlm.nih.gov/gene/2768996,1.30326,1.27431e-06,OSD-207
https://purl.org/okn/frink/kg/spoke-genelab/node/OSD-207-6abfb081980c44e130a5c0f940551ef2,CG6908,http://purl.obolibrary.org/obo/NCBITaxon_7227,http://www.ncbi.nlm.nih.gov/gene/41410,-1.18833,0.000615404,OSD-207
https://purl.org/okn/frink/kg/spoke-genelab/node/OSD-207-6abfb081980c44e130a5c0f940551ef2,CG32037,http://purl.obolibrary.org/obo/NCBITaxon_7227,http://www.ncbi.nlm.nih.gov/gene/326183,-1.33579,0.0263299,OSD-207
https://purl.org/okn/frink/kg/spoke-genelab/node/OSD-207-6abfb081980c44e130a5c0f940551ef2,Kal1,http://purl.obolibrary.org/obo/NCBITaxon_7227,http://www.ncbi.nlm.nih.gov/gene/42865,-1.13724,0.000793134,OSD-207
https://purl.org/okn/frink/kg/spoke-genelab/node/OSD-207-6abfb081980c44e130a5c0f940551ef2,P5cr-2,http://purl.obolibrary.org/obo/NCBITaxon_7227,http://www.ncbi.nlm.nih.gov/gene/42106,-1.12099,0.00512184,OSD-207
https://purl.org/okn/frink/kg/spoke-genelab/node/OSD-207-6abfb081980c44e130a5c0f940551ef2,CG17104,http://purl.obolibrary.org/obo/NCBITaxon_7227,http://www.ncbi.nlm.nih.gov/gene/34465,-3.02618,0.00652507,OSD-207
https://purl.org/okn/frink/kg/spoke-genelab/node/OSD-207-6abfb081980c44e130a5c0f940551ef2,CG13627,http://purl.obolibrary.org/obo/NCBITaxon_7227,http://www.ncbi.nlm.nih.gov/gene/42941,-1.81967,0.0062863,OSD-207
https://purl.org/okn/frink/kg/spoke-genelab/node/OSD-207-6abfb081980c44e130a5c0f940551ef2,CG1236,http://purl.obolibrary.org/obo/NCBITaxon_7227,http://www.ncbi.nlm.nih.gov/gene/40708,1.39498,7.74353e-06,OSD-207
https://purl.org/okn/frink/kg/spoke-genelab/node/OSD-207-6abfb081980c44e130a5c0f940551ef2,CheB42a,http://purl.obolibrary.org/obo/NCBITaxon_7227,http://www.ncbi.nlm.nih.gov/gene/2768721,-1.36837,0.00463207,OSD-207
https://purl.org/okn/frink/kg/spoke-genelab/node/OSD-207-6abfb081980c44e130a5c0f940551ef2,CG32572,http://purl.obolibrary.org/obo/NCBITaxon_7227,http://www.ncbi.nlm.nih.gov/gene/32657,-2.43395,0.0328277,OSD-207
https://purl.org/okn/frink/kg/spoke-genelab/node/OSD-207-6abfb081980c44e130a5c0f940551ef2,CG31516,http://purl.obolibrary.org/obo/NCBITaxon_7227,http://www.ncbi.nlm.nih.gov/gene/318776,3.05466,0.0227602,OSD-207
https://purl.org/okn/frink/kg/spoke-genelab/node/OSD-207-6abfb081980c44e130a5c0f940551ef2,Nepl12,http://purl.obolibrary.org/obo/NCBITaxon_7227,http://www.ncbi.nlm.nih.gov/gene/41172,-2.32596,2.28499e-05,OSD-207
https://purl.org/okn/frink/kg/spoke-genelab/node/OSD-207-6abfb081980c44e130a5c0f940551ef2,Ugt37A3,http://purl.obolibrary.org/obo/NCBITaxon_7227,http://www.ncbi.nlm.nih.gov/gene/41574,-8.26418,1.74035e-19,OSD-207
https://purl.org/okn/frink/kg/spoke-genelab/node/OSD-207-6abfb081980c44e130a5c0f940551ef2,GstD11,http://purl.obolibrary.org/obo/NCBITaxon_7227,http://www.ncbi.nlm.nih.gov/gene/41512,1.07042,0.00404898,OSD-207
https://purl.org/okn/frink/kg/spoke-genelab/node/OSD-207-6abfb081980c44e130a5c0f940551ef2,scpr-A,http://purl.obolibrary.org/obo/NCBITaxon_7227,http://www.ncbi.nlm.nih.gov/gene/41358,3.3195,0.000678911,OSD-207
https://purl.org/okn/frink/kg/spoke-genelab/node/OSD-207-6abfb081980c44e130a5c0f940551ef2,CG32855,http://purl.obolibrary.org/obo/NCBITaxon_7227,http://www.ncbi.nlm.nih.gov/gene/318250,-1.40938,0.00112849,OSD-207
https://purl.org/okn/frink/kg/spoke-genelab/node/OSD-207-6abfb081980c44e130a5c0f940551ef2,lncRNA:CR32582,http://purl.obolibrary.org/obo/NCBITaxon_7227,http://www.ncbi.nlm.nih.gov/gene/26067084,1.93459,5.91963e-06,OSD-207
https://purl.org/okn/frink/kg/spoke-genelab/node/OSD-207-6abfb081980c44e130a5c0f940551ef2,Gr64f,http://purl.obolibrary.org/obo/NCBITaxon_7227,http://www.ncbi.nlm.nih.gov/gene/117477,1.29918,0.0482905,OSD-207
https://purl.org/okn/frink/kg/spoke-genelab/node/OSD-207-6abfb081980c44e130a5c0f940551ef2,Zip89B,http://purl.obolibrary.org/obo/NCBITaxon_7227,http://www.ncbi.nlm.nih.gov/gene/41975,1.15559,0.0005959,OSD-207
https://purl.org/okn/frink/kg/spoke-genelab/node/OSD-207-6abfb081980c44e130a5c0f940551ef2,CG15539,http://purl.obolibrary.org/obo/NCBITaxon_7227,http://www.ncbi.nlm.nih.gov/gene/43627,-2.62788,0.00465301,OSD-207
https://purl.org/okn/frink/kg/spoke-genelab/node/OSD-207-6abfb081980c44e130a5c0f940551ef2,Ir41a,http://purl.obolibrary.org/obo/NCBITaxon_7227,http://www.ncbi.nlm.nih.gov/gene/2768714,1.659,0.00293814,OSD-207
https://purl.org/okn/frink/kg/spoke-genelab/node/OSD-207-6abfb081980c44e130a5c0f940551ef2,Lsd-1,http://purl.obolibrary.org/obo/NCBITaxon_7227,http://www.ncbi.nlm.nih.gov/gene/42810,1.14709,0.00494836,OSD-207
https://purl.org/okn/frink/kg/spoke-genelab/node/OSD-207-6abfb081980c44e130a5c0f940551ef2,CG33914,http://purl.obolibrary.org/obo/NCBITaxon_7227,http://www.ncbi.nlm.nih.gov/gene/3772464,-1.13798,0.0201578,OSD-207
https://purl.org/okn/frink/kg/spoke-genelab/node/OSD-207-6abfb081980c44e130a5c0f940551ef2,CG33460,http://purl.obolibrary.org/obo/NCBITaxon_7227,http://www.ncbi.nlm.nih.gov/gene/3885588,1.04315,0.0390406,OSD-207
https://purl.org/okn/frink/kg/spoke-genelab/node/OSD-207-6abfb081980c44e130a5c0f940551ef2,CG33926,http://purl.obolibrary.org/obo/NCBITaxon_7227,http://www.ncbi.nlm.nih.gov/gene/39092,-3.76995,0.0011836,OSD-207
https://purl.org/okn/frink/kg/spoke-genelab/node/OSD-207-6abfb081980c44e130a5c0f940551ef2,Manf,http://purl.obolibrary.org/obo/NCBITaxon_7227,http://www.ncbi.nlm.nih.gov/gene/41983,1.59312,1.27431e-06,OSD-207
https://purl.org/okn/frink/kg/spoke-genelab/node/OSD-207-6abfb081980c44e130a5c0f940551ef2,CG42846,http://purl.obolibrary.org/obo/NCBITaxon_7227,http://www.ncbi.nlm.nih.gov/gene/10178831,1.14935,0.00250044,OSD-207
https://purl.org/okn/frink/kg/spoke-genelab/node/OSD-207-6abfb081980c44e130a5c0f940551ef2,CG7910,http://purl.obolibrary.org/obo/NCBITaxon_7227,http://www.ncbi.nlm.nih.gov/gene/40956,1.99021,6.46132e-05,OSD-207
https://purl.org/okn/frink/kg/spoke-genelab/node/OSD-207-6abfb081980c44e130a5c0f940551ef2,lncRNA:CR44506,http://purl.obolibrary.org/obo/NCBITaxon_7227,http://www.ncbi.nlm.nih.gov/gene/19834936,-1.17302,0.00812572,OSD-207
https://purl.org/okn/frink/kg/spoke-genelab/node/OSD-207-6abfb081980c44e130a5c0f940551ef2,CG30002,http://purl.obolibrary.org/obo/NCBITaxon_7227,http://www.ncbi.nlm.nih.gov/gene/246384,1.50401,0.00294827,OSD-207
https://purl.org/okn/frink/kg/spoke-genelab/node/OSD-207-6abfb081980c44e130a5c0f940551ef2,KP78b,http://purl.obolibrary.org/obo/NCBITaxon_7227,http://www.ncbi.nlm.nih.gov/gene/41361,-1.23483,0.0458732,OSD-207
https://purl.org/okn/frink/kg/spoke-genelab/node/OSD-207-6abfb081980c44e130a5c0f940551ef2,cona,http://purl.obolibrary.org/obo/NCBITaxon_7227,http://www.ncbi.nlm.nih.gov/gene/42213,1.62911,0.0398994,OSD-207
https://purl.org/okn/frink/kg/spoke-genelab/node/OSD-207-6abfb081980c44e130a5c0f940551ef2,lncRNA:CR45893,http://purl.obolibrary.org/obo/NCBITaxon_7227,http://www.ncbi.nlm.nih.gov/gene/26067221,2.23272,0.043997,OSD-207
https://purl.org/okn/frink/kg/spoke-genelab/node/OSD-207-6abfb081980c44e130a5c0f940551ef2,asRNA:CR45281,http://purl.obolibrary.org/obo/NCBITaxon_7227,http://www.ncbi.nlm.nih.gov/gene/19836134,-1.40022,1.06809e-07,OSD-207
https://purl.org/okn/frink/kg/spoke-genelab/node/OSD-207-6abfb081980c44e130a5c0f940551ef2,asRNA:CR44207,http://purl.obolibrary.org/obo/NCBITaxon_7227,http://www.ncbi.nlm.nih.gov/gene/14462573,-1.55105,0.0231641,OSD-207
https://purl.org/okn/frink/kg/spoke-genelab/node/OSD-207-6abfb081980c44e130a5c0f940551ef2,CG43920,http://purl.obolibrary.org/obo/NCBITaxon_7227,http://www.ncbi.nlm.nih.gov/gene/19835957,4.46597,0.00553265,OSD-207
https://purl.org/okn/frink/kg/spoke-genelab/node/OSD-207-6abfb081980c44e130a5c0f940551ef2,lncRNA:CR44206,http://purl.obolibrary.org/obo/NCBITaxon_7227,http://www.ncbi.nlm.nih.gov/gene/19835403,1.44727,0.0386259,OSD-207
https://purl.org/okn/frink/kg/spoke-genelab/node/OSD-207-6abfb081980c44e130a5c0f940551ef2,CG44195,http://purl.obolibrary.org/obo/NCBITaxon_7227,http://www.ncbi.nlm.nih.gov/gene/14462837,-1.20424,6.2969e-06,OSD-207
https://purl.org/okn/frink/kg/spoke-genelab/node/OSD-207-6abfb081980c44e130a5c0f940551ef2,lncRNA:CR43973,http://purl.obolibrary.org/obo/NCBITaxon_7227,http://www.ncbi.nlm.nih.gov/gene/14462864,1.5877,0.0297575,OSD-207
https://purl.org/okn/frink/kg/spoke-genelab/node/OSD-207-6abfb081980c44e130a5c0f940551ef2,CG11459,http://purl.obolibrary.org/obo/NCBITaxon_7227,http://www.ncbi.nlm.nih.gov/gene/40741,1.12751,0.00918567,OSD-207
https://purl.org/okn/frink/kg/spoke-genelab/node/OSD-207-6abfb081980c44e130a5c0f940551ef2,CG5885,http://purl.obolibrary.org/obo/NCBITaxon_7227,http://www.ncbi.nlm.nih.gov/gene/34314,1.51052,7.56029e-07,OSD-207
https://purl.org/okn/frink/kg/spoke-genelab/node/OSD-207-6abfb081980c44e130a5c0f940551ef2,lncRNA:CR43928,http://purl.obolibrary.org/obo/NCBITaxon_7227,http://www.ncbi.nlm.nih.gov/gene/14462683,-5.83648,0.00353116,OSD-207
https://purl.org/okn/frink/kg/spoke-genelab/node/OSD-207-6abfb081980c44e130a5c0f940551ef2,Col4a1,http://purl.obolibrary.org/obo/NCBITaxon_7227,http://www.ncbi.nlm.nih.gov/gene/33727,-1.54946,5.67099e-06,OSD-207
https://purl.org/okn/frink/kg/spoke-genelab/node/OSD-207-6abfb081980c44e130a5c0f940551ef2,CG14022,http://purl.obolibrary.org/obo/NCBITaxon_7227,http://www.ncbi.nlm.nih.gov/gene/33763,-1.9296,8.84999e-09,OSD-207
https://purl.org/okn/frink/kg/spoke-genelab/node/OSD-207-6abfb081980c44e130a5c0f940551ef2,CG43236,http://purl.obolibrary.org/obo/NCBITaxon_7227,http://www.ncbi.nlm.nih.gov/gene/12798466,3.44305,0.000751981,OSD-207
https://purl.org/okn/frink/kg/spoke-genelab/node/OSD-207-6abfb081980c44e130a5c0f940551ef2,Or47b,http://purl.obolibrary.org/obo/NCBITaxon_7227,http://www.ncbi.nlm.nih.gov/gene/36212,2.02511,8.74773e-05,OSD-207
https://purl.org/okn/frink/kg/spoke-genelab/node/OSD-207-6abfb081980c44e130a5c0f940551ef2,CG14246,http://purl.obolibrary.org/obo/NCBITaxon_7227,http://www.ncbi.nlm.nih.gov/gene/3772140,-1.91152,0.0302786,OSD-207
https://purl.org/okn/frink/kg/spoke-genelab/node/OSD-207-6abfb081980c44e130a5c0f940551ef2,CG34172,http://purl.obolibrary.org/obo/NCBITaxon_7227,http://www.ncbi.nlm.nih.gov/gene/5740746,-1.77216,0.000125225,OSD-207
https://purl.org/okn/frink/kg/spoke-genelab/node/OSD-207-6abfb081980c44e130a5c0f940551ef2,lncRNA:CR43452,http://purl.obolibrary.org/obo/NCBITaxon_7227,http://www.ncbi.nlm.nih.gov/gene/12798494,-2.4288,0.0305049,OSD-207
https://purl.org/okn/frink/kg/spoke-genelab/node/OSD-207-6abfb081980c44e130a5c0f940551ef2,CG10184,http://purl.obolibrary.org/obo/NCBITaxon_7227,http://www.ncbi.nlm.nih.gov/gene/42783,2.30801,4.43406e-05,OSD-207
https://purl.org/okn/frink/kg/spoke-genelab/node/OSD-207-6abfb081980c44e130a5c0f940551ef2,CecA1|CecA2,http://purl.obolibrary.org/obo/NCBITaxon_7227,http://www.ncbi.nlm.nih.gov/gene/43596,4.90331,0.000263427,OSD-207
https://purl.org/okn/frink/kg/spoke-genelab/node/OSD-207-6abfb081980c44e130a5c0f940551ef2,Mhc,http://purl.obolibrary.org/obo/NCBITaxon_7227,http://www.ncbi.nlm.nih.gov/gene/35007,-1.16348,0.0316212,OSD-207
https://purl.org/okn/frink/kg/spoke-genelab/node/OSD-207-6abfb081980c44e130a5c0f940551ef2,CG18641,http://purl.obolibrary.org/obo/NCBITaxon_7227,http://www.ncbi.nlm.nih.gov/gene/33429,-2.26477,0.0115775,OSD-207
https://purl.org/okn/frink/kg/spoke-genelab/node/OSD-207-6abfb081980c44e130a5c0f940551ef2,lncRNA:CR44754,http://purl.obolibrary.org/obo/NCBITaxon_7227,http://www.ncbi.nlm.nih.gov/gene/19836162,-1.16288,0.0249318,OSD-207
https://purl.org/okn/frink/kg/spoke-genelab/node/OSD-207-6abfb081980c44e130a5c0f940551ef2,BomT3,http://purl.obolibrary.org/obo/NCBITaxon_7227,http://www.ncbi.nlm.nih.gov/gene/42598,1.28346,0.0052691,OSD-207
https://purl.org/okn/frink/kg/spoke-genelab/node/OSD-207-6abfb081980c44e130a5c0f940551ef2,TpnC4,http://purl.obolibrary.org/obo/NCBITaxon_7227,http://www.ncbi.nlm.nih.gov/gene/35498,-3.24859,0.0198877,OSD-207
https://purl.org/okn/frink/kg/spoke-genelab/node/OSD-207-6abfb081980c44e130a5c0f940551ef2,CG8927,http://purl.obolibrary.org/obo/NCBITaxon_7227,http://www.ncbi.nlm.nih.gov/gene/41964,-3.3087,0.00328657,OSD-207
https://purl.org/okn/frink/kg/spoke-genelab/node/OSD-207-6abfb081980c44e130a5c0f940551ef2,Lcp65Ag2|Lcp65Ag1,http://purl.obolibrary.org/obo/NCBITaxon_7227,http://www.ncbi.nlm.nih.gov/gene/38703,-2.11598,2.2601e-05,OSD-207
https://purl.org/okn/frink/kg/spoke-genelab/node/OSD-207-6abfb081980c44e130a5c0f940551ef2,Mtp,http://purl.obolibrary.org/obo/NCBITaxon_7227,http://www.ncbi.nlm.nih.gov/gene/35362,1.55634,1.3732e-06,OSD-207
https://purl.org/okn/frink/kg/spoke-genelab/node/OSD-207-6abfb081980c44e130a5c0f940551ef2,CG42486,http://purl.obolibrary.org/obo/NCBITaxon_7227,http://www.ncbi.nlm.nih.gov/gene/8673962,1.17358,0.0128179,OSD-207
https://purl.org/okn/frink/kg/spoke-genelab/node/OSD-207-6abfb081980c44e130a5c0f940551ef2,Cyp12a5,http://purl.obolibrary.org/obo/NCBITaxon_7227,http://www.ncbi.nlm.nih.gov/gene/42293,-1.06068,4.14245e-09,OSD-207
https://purl.org/okn/frink/kg/spoke-genelab/node/OSD-207-6abfb081980c44e130a5c0f940551ef2,CG30091,http://purl.obolibrary.org/obo/NCBITaxon_7227,http://www.ncbi.nlm.nih.gov/gene/246449,7.24461,0.00437726,OSD-207
https://purl.org/okn/frink/kg/spoke-genelab/node/OSD-207-6abfb081980c44e130a5c0f940551ef2,CG4335,http://purl.obolibrary.org/obo/NCBITaxon_7227,http://www.ncbi.nlm.nih.gov/gene/42421,1.48671,9.18827e-06,OSD-207
https://purl.org/okn/frink/kg/spoke-genelab/node/OSD-207-6abfb081980c44e130a5c0f940551ef2,CG14301,http://purl.obolibrary.org/obo/NCBITaxon_7227,http://www.ncbi.nlm.nih.gov/gene/42235,-1.47085,0.0362108,OSD-207
https://purl.org/okn/frink/kg/spoke-genelab/node/OSD-207-6abfb081980c44e130a5c0f940551ef2,CG33655,http://purl.obolibrary.org/obo/NCBITaxon_7227,http://www.ncbi.nlm.nih.gov/gene/8674081,-1.21503,0.010703,OSD-207
https://purl.org/okn/frink/kg/spoke-genelab/node/OSD-207-6abfb081980c44e130a5c0f940551ef2,CG42656,http://purl.obolibrary.org/obo/NCBITaxon_7227,http://www.ncbi.nlm.nih.gov/gene/10178806,1.95164,0.00306351,OSD-207
https://purl.org/okn/frink/kg/spoke-genelab/node/OSD-207-6abfb081980c44e130a5c0f940551ef2,Or92a,http://purl.obolibrary.org/obo/NCBITaxon_7227,http://www.ncbi.nlm.nih.gov/gene/42425,2.9527,0.00531982,OSD-207
https://purl.org/okn/frink/kg/spoke-genelab/node/OSD-207-6abfb081980c44e130a5c0f940551ef2,Tapdelta,http://purl.obolibrary.org/obo/NCBITaxon_7227,http://www.ncbi.nlm.nih.gov/gene/45680,1.17948,5.02605e-07,OSD-207
https://purl.org/okn/frink/kg/spoke-genelab/node/OSD-207-6abfb081980c44e130a5c0f940551ef2,Or22a,http://purl.obolibrary.org/obo/NCBITaxon_7227,http://www.ncbi.nlm.nih.gov/gene/33335,2.30449,0.0147636,OSD-207
https://purl.org/okn/frink/kg/spoke-genelab/node/OSD-207-6abfb081980c44e130a5c0f940551ef2,nxf2,http://purl.obolibrary.org/obo/NCBITaxon_7227,http://www.ncbi.nlm.nih.gov/gene/39843,1.04788,0.0185292,OSD-207
https://purl.org/okn/frink/kg/spoke-genelab/node/OSD-207-6abfb081980c44e130a5c0f940551ef2,Or9a,http://purl.obolibrary.org/obo/NCBITaxon_7227,http://www.ncbi.nlm.nih.gov/gene/31975,2.12323,0.0223279,OSD-207
https://purl.org/okn/frink/kg/spoke-genelab/node/OSD-207-6abfb081980c44e130a5c0f940551ef2,asRNA:CR45629,http://purl.obolibrary.org/obo/NCBITaxon_7227,http://www.ncbi.nlm.nih.gov/gene/19835901,-2.33379,5.21113e-06,OSD-207
https://purl.org/okn/frink/kg/spoke-genelab/node/OSD-207-6abfb081980c44e130a5c0f940551ef2,Cpr97Eb,http://purl.obolibrary.org/obo/NCBITaxon_7227,http://www.ncbi.nlm.nih.gov/gene/43259,-3.02917,0.00677915,OSD-207
https://purl.org/okn/frink/kg/spoke-genelab/node/OSD-207-6abfb081980c44e130a5c0f940551ef2,TBC1D5,http://purl.obolibrary.org/obo/NCBITaxon_7227,http://www.ncbi.nlm.nih.gov/gene/41628,1.15854,0.00289201,OSD-207
https://purl.org/okn/frink/kg/spoke-genelab/node/OSD-207-6abfb081980c44e130a5c0f940551ef2,CG9452,http://purl.obolibrary.org/obo/NCBITaxon_7227,http://www.ncbi.nlm.nih.gov/gene/40119,1.09184,0.00295125,OSD-207
https://purl.org/okn/frink/kg/spoke-genelab/node/OSD-207-6abfb081980c44e130a5c0f940551ef2,Sec61gamma,http://purl.obolibrary.org/obo/NCBITaxon_7227,http://www.ncbi.nlm.nih.gov/gene/32968,1.49483,5.64652e-07,OSD-207
https://purl.org/okn/frink/kg/spoke-genelab/node/OSD-207-6abfb081980c44e130a5c0f940551ef2,Cks30A,http://purl.obolibrary.org/obo/NCBITaxon_7227,http://www.ncbi.nlm.nih.gov/gene/34250,-1.48207,0.0430591,OSD-207
https://purl.org/okn/frink/kg/spoke-genelab/node/OSD-207-6abfb081980c44e130a5c0f940551ef2,PGRP-SB1,http://purl.obolibrary.org/obo/NCBITaxon_7227,http://www.ncbi.nlm.nih.gov/gene/39870,2.92396,0.000487243,OSD-207
https://purl.org/okn/frink/kg/spoke-genelab/node/OSD-207-6abfb081980c44e130a5c0f940551ef2,CecA1|CecA2,http://purl.obolibrary.org/obo/NCBITaxon_7227,http://www.ncbi.nlm.nih.gov/gene/43597,4.90331,0.000263427,OSD-207
https://purl.org/okn/frink/kg/spoke-genelab/node/OSD-207-6abfb081980c44e130a5c0f940551ef2,lncRNA:CR43857,http://purl.obolibrary.org/obo/NCBITaxon_7227,http://www.ncbi.nlm.nih.gov/gene/14462718,2.08111,0.0385984,OSD-207
https://purl.org/okn/frink/kg/spoke-genelab/node/OSD-207-6abfb081980c44e130a5c0f940551ef2,CG11425,http://purl.obolibrary.org/obo/NCBITaxon_7227,http://www.ncbi.nlm.nih.gov/gene/40472,-1.61788,0.00145538,OSD-207
https://purl.org/okn/frink/kg/spoke-genelab/node/OSD-207-6abfb081980c44e130a5c0f940551ef2,Sil1,http://purl.obolibrary.org/obo/NCBITaxon_7227,http://www.ncbi.nlm.nih.gov/gene/43034,2.69289,2.51076e-06,OSD-207
https://purl.org/okn/frink/kg/spoke-genelab/node/OSD-207-6abfb081980c44e130a5c0f940551ef2,asRNA:CR46246,http://purl.obolibrary.org/obo/NCBITaxon_7227,http://www.ncbi.nlm.nih.gov/gene/26067556,-7.31651,6.9921e-07,OSD-207
https://purl.org/okn/frink/kg/spoke-genelab/node/OSD-207-6abfb081980c44e130a5c0f940551ef2,lncRNA:CR43651,http://purl.obolibrary.org/obo/NCBITaxon_7227,http://www.ncbi.nlm.nih.gov/gene/14462569,1.58195,0.0142003,OSD-207
https://purl.org/okn/frink/kg/spoke-genelab/node/OSD-207-6abfb081980c44e130a5c0f940551ef2,Cyp4s3,http://purl.obolibrary.org/obo/NCBITaxon_7227,http://www.ncbi.nlm.nih.gov/gene/32444,1.53506,0.00124843,OSD-207
https://purl.org/okn/frink/kg/spoke-genelab/node/OSD-207-6abfb081980c44e130a5c0f940551ef2,CG13670,http://purl.obolibrary.org/obo/NCBITaxon_7227,http://www.ncbi.nlm.nih.gov/gene/38938,1.66021,1.3732e-06,OSD-207
https://purl.org/okn/frink/kg/spoke-genelab/node/OSD-207-6abfb081980c44e130a5c0f940551ef2,lncRNA:roX2,http://purl.obolibrary.org/obo/NCBITaxon_7227,http://www.ncbi.nlm.nih.gov/gene/3772415,6.7231,3.54823e-08,OSD-207
https://purl.org/okn/frink/kg/spoke-genelab/node/OSD-207-6abfb081980c44e130a5c0f940551ef2,CG10814,http://purl.obolibrary.org/obo/NCBITaxon_7227,http://www.ncbi.nlm.nih.gov/gene/36481,4.98891,0.00381919,OSD-207
https://purl.org/okn/frink/kg/spoke-genelab/node/OSD-207-6abfb081980c44e130a5c0f940551ef2,Or83c,http://purl.obolibrary.org/obo/NCBITaxon_7227,http://www.ncbi.nlm.nih.gov/gene/40744,2.64945,0.0241232,OSD-207
https://purl.org/okn/frink/kg/spoke-genelab/node/OSD-207-6abfb081980c44e130a5c0f940551ef2,asRNA:CR33945,http://purl.obolibrary.org/obo/NCBITaxon_7227,http://www.ncbi.nlm.nih.gov/gene/3772292,-3.02098,0.0185696,OSD-207
https://purl.org/okn/frink/kg/spoke-genelab/node/OSD-207-6abfb081980c44e130a5c0f940551ef2,Mlc1,http://purl.obolibrary.org/obo/NCBITaxon_7227,http://www.ncbi.nlm.nih.gov/gene/43323,-1.4577,0.0209994,OSD-207
https://purl.org/okn/frink/kg/spoke-genelab/node/OSD-207-6abfb081980c44e130a5c0f940551ef2,CG45080,http://purl.obolibrary.org/obo/NCBITaxon_7227,http://www.ncbi.nlm.nih.gov/gene/19834892,10.5528,0.000270495,OSD-207
https://purl.org/okn/frink/kg/spoke-genelab/node/OSD-207-6abfb081980c44e130a5c0f940551ef2,btv,http://purl.obolibrary.org/obo/NCBITaxon_7227,http://www.ncbi.nlm.nih.gov/gene/35073,1.10005,0.00299715,OSD-207
https://purl.org/okn/frink/kg/spoke-genelab/node/OSD-207-6abfb081980c44e130a5c0f940551ef2,asRNA:CR43872,http://purl.obolibrary.org/obo/NCBITaxon_7227,http://www.ncbi.nlm.nih.gov/gene/14462890,-2.07118,0.0431194,OSD-207
https://purl.org/okn/frink/kg/spoke-genelab/node/OSD-207-6abfb081980c44e130a5c0f940551ef2,lncRNA:CR42868,http://purl.obolibrary.org/obo/NCBITaxon_7227,http://www.ncbi.nlm.nih.gov/gene/19835116,1.05526,0.00857149,OSD-207
https://purl.org/okn/frink/kg/spoke-genelab/node/OSD-207-6abfb081980c44e130a5c0f940551ef2,CG31205,http://purl.obolibrary.org/obo/NCBITaxon_7227,http://www.ncbi.nlm.nih.gov/gene/318626,-1.36052,0.00300547,OSD-207
https://purl.org/okn/frink/kg/spoke-genelab/node/OSD-207-6abfb081980c44e130a5c0f940551ef2,lncRNA:CR42874,http://purl.obolibrary.org/obo/NCBITaxon_7227,http://www.ncbi.nlm.nih.gov/gene/10178915,-1.58211,0.00740372,OSD-207
https://purl.org/okn/frink/kg/spoke-genelab/node/OSD-207-6abfb081980c44e130a5c0f940551ef2,Lcp65Ag2|Lcp65Ag1,http://purl.obolibrary.org/obo/NCBITaxon_7227,http://www.ncbi.nlm.nih.gov/gene/38702,-2.11598,2.2601e-05,OSD-207
https://purl.org/okn/frink/kg/spoke-genelab/node/OSD-207-6abfb081980c44e130a5c0f940551ef2,Spn42Dd,http://purl.obolibrary.org/obo/NCBITaxon_7227,http://www.ncbi.nlm.nih.gov/gene/49808,1.07829,0.000552205,OSD-207
https://purl.org/okn/frink/kg/spoke-genelab/node/OSD-207-6abfb081980c44e130a5c0f940551ef2,lncRNA:CR44281,http://purl.obolibrary.org/obo/NCBITaxon_7227,http://www.ncbi.nlm.nih.gov/gene/19835420,2.27376,0.0119089,OSD-207
https://purl.org/okn/frink/kg/spoke-genelab/node/OSD-207-6abfb081980c44e130a5c0f940551ef2,CG43679,http://purl.obolibrary.org/obo/NCBITaxon_7227,http://www.ncbi.nlm.nih.gov/gene/14462861,7.93809,0.00102512,OSD-207
https://purl.org/okn/frink/kg/spoke-genelab/node/OSD-207-6abfb081980c44e130a5c0f940551ef2,miple2,http://purl.obolibrary.org/obo/NCBITaxon_7227,http://www.ncbi.nlm.nih.gov/gene/44787,-1.43367,0.0223497,OSD-207
https://purl.org/okn/frink/kg/spoke-genelab/node/OSD-207-6abfb081980c44e130a5c0f940551ef2,Ant2,http://purl.obolibrary.org/obo/NCBITaxon_7227,http://www.ncbi.nlm.nih.gov/gene/32008,-1.13536,0.00381478,OSD-207
https://purl.org/okn/frink/kg/spoke-genelab/node/OSD-207-6abfb081980c44e130a5c0f940551ef2,Sec61beta,http://purl.obolibrary.org/obo/NCBITaxon_7227,http://www.ncbi.nlm.nih.gov/gene/46080,1.41815,2.34169e-06,OSD-207
https://purl.org/okn/frink/kg/spoke-genelab/node/OSD-207-6abfb081980c44e130a5c0f940551ef2,yellow-d2,http://purl.obolibrary.org/obo/NCBITaxon_7227,http://www.ncbi.nlm.nih.gov/gene/37704,-5.34147,0.0123509,OSD-207
https://purl.org/okn/frink/kg/spoke-genelab/node/OSD-207-6abfb081980c44e130a5c0f940551ef2,Lsp1beta,http://purl.obolibrary.org/obo/NCBITaxon_7227,http://www.ncbi.nlm.nih.gov/gene/33274,-3.10575,0.00256842,OSD-207
https://purl.org/okn/frink/kg/spoke-genelab/node/OSD-207-6abfb081980c44e130a5c0f940551ef2,CG9928,http://purl.obolibrary.org/obo/NCBITaxon_7227,http://www.ncbi.nlm.nih.gov/gene/34704,1.01197,0.0228848,OSD-207
https://purl.org/okn/frink/kg/spoke-genelab/node/OSD-207-6abfb081980c44e130a5c0f940551ef2,asRNA:CR43683,http://purl.obolibrary.org/obo/NCBITaxon_7227,http://www.ncbi.nlm.nih.gov/gene/14462735,1.25296,0.0215152,OSD-207
https://purl.org/okn/frink/kg/spoke-genelab/node/OSD-207-6abfb081980c44e130a5c0f940551ef2,lncRNA:CR45156,http://purl.obolibrary.org/obo/NCBITaxon_7227,http://www.ncbi.nlm.nih.gov/gene/19835983,3.00169,0.00271361,OSD-207
https://purl.org/okn/frink/kg/spoke-genelab/node/OSD-207-6abfb081980c44e130a5c0f940551ef2,Ugt37A2,http://purl.obolibrary.org/obo/NCBITaxon_7227,http://www.ncbi.nlm.nih.gov/gene/41573,-6.36007,0.00100255,OSD-207
https://purl.org/okn/frink/kg/spoke-genelab/node/OSD-207-6abfb081980c44e130a5c0f940551ef2,CG13722,http://purl.obolibrary.org/obo/NCBITaxon_7227,http://www.ncbi.nlm.nih.gov/gene/38555,-3.55857,0.00826044,OSD-207
https://purl.org/okn/frink/kg/spoke-genelab/node/OSD-207-6abfb081980c44e130a5c0f940551ef2,lncRNA:CR45706,http://purl.obolibrary.org/obo/NCBITaxon_7227,http://www.ncbi.nlm.nih.gov/gene/19835718,-1.94455,1.60534e-05,OSD-207
https://purl.org/okn/frink/kg/spoke-genelab/node/OSD-207-6abfb081980c44e130a5c0f940551ef2,asRNA:CR45144,http://purl.obolibrary.org/obo/NCBITaxon_7227,http://www.ncbi.nlm.nih.gov/gene/19834727,-2.92323,0.000962694,OSD-207
https://purl.org/okn/frink/kg/spoke-genelab/node/OSD-207-6abfb081980c44e130a5c0f940551ef2,lncRNA:CR42862,http://purl.obolibrary.org/obo/NCBITaxon_7227,http://www.ncbi.nlm.nih.gov/gene/10178964,1.20004,1.08293e-13,OSD-207
https://purl.org/okn/frink/kg/spoke-genelab/node/OSD-207-6abfb081980c44e130a5c0f940551ef2,Fst,http://purl.obolibrary.org/obo/NCBITaxon_7227,http://www.ncbi.nlm.nih.gov/gene/41169,-5.65031,0.00540117,OSD-207
https://purl.org/okn/frink/kg/spoke-genelab/node/OSD-207-6abfb081980c44e130a5c0f940551ef2,ergic53,http://purl.obolibrary.org/obo/NCBITaxon_7227,http://www.ncbi.nlm.nih.gov/gene/44679,1.36697,1.12461e-07,OSD-207
https://purl.org/okn/frink/kg/spoke-genelab/node/OSD-207-6abfb081980c44e130a5c0f940551ef2,CG17271,http://purl.obolibrary.org/obo/NCBITaxon_7227,http://www.ncbi.nlm.nih.gov/gene/42463,1.04264,7.13558e-06,OSD-207
https://purl.org/okn/frink/kg/spoke-genelab/node/OSD-207-6abfb081980c44e130a5c0f940551ef2,Sec61alpha,http://purl.obolibrary.org/obo/NCBITaxon_7227,http://www.ncbi.nlm.nih.gov/gene/33905,1.05404,8.95377e-05,OSD-207
https://purl.org/okn/frink/kg/spoke-genelab/node/OSD-207-6abfb081980c44e130a5c0f940551ef2,lncRNA:CR44566,http://purl.obolibrary.org/obo/NCBITaxon_7227,http://www.ncbi.nlm.nih.gov/gene/19834836,-1.04062,6.56995e-06,OSD-207
https://purl.org/okn/frink/kg/spoke-genelab/node/OSD-207-6abfb081980c44e130a5c0f940551ef2,CG8736,http://purl.obolibrary.org/obo/NCBITaxon_7227,http://www.ncbi.nlm.nih.gov/gene/35841,-5.84514,1.10465e-05,OSD-207
https://purl.org/okn/frink/kg/spoke-genelab/node/OSD-207-6abfb081980c44e130a5c0f940551ef2,lncRNA:CR44628,http://purl.obolibrary.org/obo/NCBITaxon_7227,http://www.ncbi.nlm.nih.gov/gene/19835486,-2.02709,0.0293765,OSD-207
https://purl.org/okn/frink/kg/spoke-genelab/node/OSD-207-6abfb081980c44e130a5c0f940551ef2,Grasp65,http://purl.obolibrary.org/obo/NCBITaxon_7227,http://www.ncbi.nlm.nih.gov/gene/40177,1.19509,6.92348e-06,OSD-207
https://purl.org/okn/frink/kg/spoke-genelab/node/OSD-207-6abfb081980c44e130a5c0f940551ef2,lncRNA:CR45388,http://purl.obolibrary.org/obo/NCBITaxon_7227,http://www.ncbi.nlm.nih.gov/gene/19835942,2.31294,0.02338,OSD-207
https://purl.org/okn/frink/kg/spoke-genelab/node/OSD-207-6abfb081980c44e130a5c0f940551ef2,CG45095,http://purl.obolibrary.org/obo/NCBITaxon_7227,http://www.ncbi.nlm.nih.gov/gene/19835207,-2.60008,0.000301529,OSD-207
https://purl.org/okn/frink/kg/spoke-genelab/node/OSD-207-6abfb081980c44e130a5c0f940551ef2,asRNA:CR43468,http://purl.obolibrary.org/obo/NCBITaxon_7227,http://www.ncbi.nlm.nih.gov/gene/12798427,-1.28666,0.000274033,OSD-207
https://purl.org/okn/frink/kg/spoke-genelab/node/OSD-207-6abfb081980c44e130a5c0f940551ef2,BBS8,http://purl.obolibrary.org/obo/NCBITaxon_7227,http://www.ncbi.nlm.nih.gov/gene/33217,1.12606,0.00138372,OSD-207
https://purl.org/okn/frink/kg/spoke-genelab/node/OSD-207-6abfb081980c44e130a5c0f940551ef2,Or22b,http://purl.obolibrary.org/obo/NCBITaxon_7227,http://www.ncbi.nlm.nih.gov/gene/33336,2.44064,0.0181711,OSD-207
https://purl.org/okn/frink/kg/spoke-genelab/node/OSD-207-6abfb081980c44e130a5c0f940551ef2,lncRNA:CR45456,http://purl.obolibrary.org/obo/NCBITaxon_7227,http://www.ncbi.nlm.nih.gov/gene/19835849,-1.8805,0.0189031,OSD-207
https://purl.org/okn/frink/kg/spoke-genelab/node/OSD-207-6abfb081980c44e130a5c0f940551ef2,lncRNA:CR45457,http://purl.obolibrary.org/obo/NCBITaxon_7227,http://www.ncbi.nlm.nih.gov/gene/19834867,-2.11613,0.000268754,OSD-207
https://purl.org/okn/frink/kg/spoke-genelab/node/OSD-207-6abfb081980c44e130a5c0f940551ef2,lncRNA:CR45338,http://purl.obolibrary.org/obo/NCBITaxon_7227,http://www.ncbi.nlm.nih.gov/gene/19835261,-2.97294,0.01772,OSD-207
https://purl.org/okn/frink/kg/spoke-genelab/node/OSD-207-6abfb081980c44e130a5c0f940551ef2,Grd,http://purl.obolibrary.org/obo/NCBITaxon_7227,http://www.ncbi.nlm.nih.gov/gene/39984,-1.18088,8.3238e-06,OSD-207
https://purl.org/okn/frink/kg/spoke-genelab/node/OSD-207-6abfb081980c44e130a5c0f940551ef2,Ero1L,http://purl.obolibrary.org/obo/NCBITaxon_7227,http://www.ncbi.nlm.nih.gov/gene/38500,1.20789,5.67008e-05,OSD-207
https://purl.org/okn/frink/kg/spoke-genelab/node/OSD-207-6abfb081980c44e130a5c0f940551ef2,CG8112,http://purl.obolibrary.org/obo/NCBITaxon_7227,http://www.ncbi.nlm.nih.gov/gene/41033,-1.26678,0.00317094,OSD-207
https://purl.org/okn/frink/kg/spoke-genelab/node/OSD-207-6abfb081980c44e130a5c0f940551ef2,lncRNA:roX1,http://purl.obolibrary.org/obo/NCBITaxon_7227,http://www.ncbi.nlm.nih.gov/gene/3772376,6.6978,1.16974e-12,OSD-207
https://purl.org/okn/frink/kg/spoke-genelab/node/OSD-207-6abfb081980c44e130a5c0f940551ef2,Boot,http://purl.obolibrary.org/obo/NCBITaxon_7227,http://www.ncbi.nlm.nih.gov/gene/35919,1.20989,0.0309335,OSD-207
https://purl.org/okn/frink/kg/spoke-genelab/node/OSD-207-6abfb081980c44e130a5c0f940551ef2,Cda4,http://purl.obolibrary.org/obo/NCBITaxon_7227,http://www.ncbi.nlm.nih.gov/gene/33144,-3.83114,0.00710644,OSD-207
https://purl.org/okn/frink/kg/spoke-genelab/node/OSD-207-6abfb081980c44e130a5c0f940551ef2,CG13305,http://purl.obolibrary.org/obo/NCBITaxon_7227,http://www.ncbi.nlm.nih.gov/gene/38992,-2.64586,9.56654e-11,OSD-207
https://purl.org/okn/frink/kg/spoke-genelab/node/OSD-207-6abfb081980c44e130a5c0f940551ef2,CG43071,http://purl.obolibrary.org/obo/NCBITaxon_7227,http://www.ncbi.nlm.nih.gov/gene/12798340,1.77699,0.00107808,OSD-207
https://purl.org/okn/frink/kg/spoke-genelab/node/OSD-207-6abfb081980c44e130a5c0f940551ef2,CG4962,http://purl.obolibrary.org/obo/NCBITaxon_7227,http://www.ncbi.nlm.nih.gov/gene/39793,-5.23371,5.76819e-29,OSD-207
https://purl.org/okn/frink/kg/spoke-genelab/node/OSD-207-6abfb081980c44e130a5c0f940551ef2,Nuak1,http://purl.obolibrary.org/obo/NCBITaxon_7227,http://www.ncbi.nlm.nih.gov/gene/41256,-1.31538,2.84209e-24,OSD-207
https://purl.org/okn/frink/kg/spoke-genelab/node/OSD-207-6abfb081980c44e130a5c0f940551ef2,prc,http://purl.obolibrary.org/obo/NCBITaxon_7227,http://www.ncbi.nlm.nih.gov/gene/43930,-2.42412,0.00147784,OSD-207
https://purl.org/okn/frink/kg/spoke-genelab/node/OSD-207-6abfb081980c44e130a5c0f940551ef2,Cyp6a23,http://purl.obolibrary.org/obo/NCBITaxon_7227,http://www.ncbi.nlm.nih.gov/gene/36661,-1.09787,1.50066e-10,OSD-207
https://purl.org/okn/frink/kg/spoke-genelab/node/OSD-207-6abfb081980c44e130a5c0f940551ef2,lncRNA:CR45597,http://purl.obolibrary.org/obo/NCBITaxon_7227,http://www.ncbi.nlm.nih.gov/gene/19835539,-1.34418,0.00540117,OSD-207
https://purl.org/okn/frink/kg/spoke-genelab/node/OSD-207-6abfb081980c44e130a5c0f940551ef2,Sec24CD,http://purl.obolibrary.org/obo/NCBITaxon_7227,http://www.ncbi.nlm.nih.gov/gene/33409,1.1114,7.62736e-06,OSD-207
https://purl.org/okn/frink/kg/spoke-genelab/node/OSD-207-6abfb081980c44e130a5c0f940551ef2,twr,http://purl.obolibrary.org/obo/NCBITaxon_7227,http://www.ncbi.nlm.nih.gov/gene/40815,1.29455,9.66514e-09,OSD-207
https://purl.org/okn/frink/kg/spoke-genelab/node/OSD-207-6abfb081980c44e130a5c0f940551ef2,shv,http://purl.obolibrary.org/obo/NCBITaxon_7227,http://www.ncbi.nlm.nih.gov/gene/33220,1.45319,7.62736e-06,OSD-207
https://purl.org/okn/frink/kg/spoke-genelab/node/OSD-207-6abfb081980c44e130a5c0f940551ef2,y,http://purl.obolibrary.org/obo/NCBITaxon_7227,http://www.ncbi.nlm.nih.gov/gene/30980,-2.28644,0.00255738,OSD-207
https://purl.org/okn/frink/kg/spoke-genelab/node/OSD-207-6abfb081980c44e130a5c0f940551ef2,frac,http://purl.obolibrary.org/obo/NCBITaxon_7227,http://www.ncbi.nlm.nih.gov/gene/38850,2.95989,2.00707e-06,OSD-207
https://purl.org/okn/frink/kg/spoke-genelab/node/OSD-207-6abfb081980c44e130a5c0f940551ef2,CG15546,http://purl.obolibrary.org/obo/NCBITaxon_7227,http://www.ncbi.nlm.nih.gov/gene/43659,-1.76277,1.00841e-07,OSD-207
https://purl.org/okn/frink/kg/spoke-genelab/node/OSD-207-6abfb081980c44e130a5c0f940551ef2,Vajk3,http://purl.obolibrary.org/obo/NCBITaxon_7227,http://www.ncbi.nlm.nih.gov/gene/34812,-4.75775,0.000362887,OSD-207
https://purl.org/okn/frink/kg/spoke-genelab/node/OSD-207-6abfb081980c44e130a5c0f940551ef2,CG40298,http://purl.obolibrary.org/obo/NCBITaxon_7227,http://www.ncbi.nlm.nih.gov/gene/3355149,-1.63575,0.00480768,OSD-207
https://purl.org/okn/frink/kg/spoke-genelab/node/OSD-207-6abfb081980c44e130a5c0f940551ef2,Osi8,http://purl.obolibrary.org/obo/NCBITaxon_7227,http://www.ncbi.nlm.nih.gov/gene/40762,1.32828,0.00111958,OSD-207
https://purl.org/okn/frink/kg/spoke-genelab/node/OSD-207-6abfb081980c44e130a5c0f940551ef2,GlyS,http://purl.obolibrary.org/obo/NCBITaxon_7227,http://www.ncbi.nlm.nih.gov/gene/41823,-1.16212,0.00555518,OSD-207
https://purl.org/okn/frink/kg/spoke-genelab/node/OSD-207-6abfb081980c44e130a5c0f940551ef2,serp,http://purl.obolibrary.org/obo/NCBITaxon_7227,http://www.ncbi.nlm.nih.gov/gene/40150,-2.52349,0.0138276,OSD-207
https://purl.org/okn/frink/kg/spoke-genelab/node/OSD-207-6abfb081980c44e130a5c0f940551ef2,CG32373,http://purl.obolibrary.org/obo/NCBITaxon_7227,http://www.ncbi.nlm.nih.gov/gene/318000,2.636,3.23032e-13,OSD-207
https://purl.org/okn/frink/kg/spoke-genelab/node/OSD-207-6abfb081980c44e130a5c0f940551ef2,Osi9,http://purl.obolibrary.org/obo/NCBITaxon_7227,http://www.ncbi.nlm.nih.gov/gene/40763,-3.65921,0.000526561,OSD-207
https://purl.org/okn/frink/kg/spoke-genelab/node/OSD-207-6abfb081980c44e130a5c0f940551ef2,ckd,http://purl.obolibrary.org/obo/NCBITaxon_7227,http://www.ncbi.nlm.nih.gov/gene/38402,-1.90882,0.0420437,OSD-207
https://purl.org/okn/frink/kg/spoke-genelab/node/OSD-207-6abfb081980c44e130a5c0f940551ef2,CG9514,http://purl.obolibrary.org/obo/NCBITaxon_7227,http://www.ncbi.nlm.nih.gov/gene/32418,-2.5988,0.00858755,OSD-207
https://purl.org/okn/frink/kg/spoke-genelab/node/OSD-207-6abfb081980c44e130a5c0f940551ef2,CrebA,http://purl.obolibrary.org/obo/NCBITaxon_7227,http://www.ncbi.nlm.nih.gov/gene/39682,1.25927,0.0245973,OSD-207
https://purl.org/okn/frink/kg/spoke-genelab/node/OSD-207-6abfb081980c44e130a5c0f940551ef2,Calr,http://purl.obolibrary.org/obo/NCBITaxon_7227,http://www.ncbi.nlm.nih.gov/gene/41166,1.05768,1.71986e-07,OSD-207
https://purl.org/okn/frink/kg/spoke-genelab/node/OSD-207-6abfb081980c44e130a5c0f940551ef2,CG34459,http://purl.obolibrary.org/obo/NCBITaxon_7227,http://www.ncbi.nlm.nih.gov/gene/5740101,1.01177,0.0445324,OSD-207
https://purl.org/okn/frink/kg/spoke-genelab/node/OSD-207-6abfb081980c44e130a5c0f940551ef2,loj,http://purl.obolibrary.org/obo/NCBITaxon_7227,http://www.ncbi.nlm.nih.gov/gene/38698,1.0431,8.30078e-05,OSD-207
https://purl.org/okn/frink/kg/spoke-genelab/node/OSD-207-6abfb081980c44e130a5c0f940551ef2,Ect3,http://purl.obolibrary.org/obo/NCBITaxon_7227,http://www.ncbi.nlm.nih.gov/gene/41457,2.00693,0.0034701,OSD-207
https://purl.org/okn/frink/kg/spoke-genelab/node/OSD-207-6abfb081980c44e130a5c0f940551ef2,Cyp4d21,http://purl.obolibrary.org/obo/NCBITaxon_7227,http://www.ncbi.nlm.nih.gov/gene/34036,3.33857,4.10384e-07,OSD-207
https://purl.org/okn/frink/kg/spoke-genelab/node/OSD-207-6abfb081980c44e130a5c0f940551ef2,Or47a,http://purl.obolibrary.org/obo/NCBITaxon_7227,http://www.ncbi.nlm.nih.gov/gene/36187,1.97776,0.0121712,OSD-207
https://purl.org/okn/frink/kg/spoke-genelab/node/OSD-207-6abfb081980c44e130a5c0f940551ef2,CG7294,http://purl.obolibrary.org/obo/NCBITaxon_7227,http://www.ncbi.nlm.nih.gov/gene/34470,2.05351,0.00921637,OSD-207
https://purl.org/okn/frink/kg/spoke-genelab/node/OSD-207-6abfb081980c44e130a5c0f940551ef2,CG4650,http://purl.obolibrary.org/obo/NCBITaxon_7227,http://www.ncbi.nlm.nih.gov/gene/34859,1.44539,2.33886e-07,OSD-207
https://purl.org/okn/frink/kg/spoke-genelab/node/OSD-207-6abfb081980c44e130a5c0f940551ef2,PGRP-LB,http://purl.obolibrary.org/obo/NCBITaxon_7227,http://www.ncbi.nlm.nih.gov/gene/41379,1.74133,4.39784e-06,OSD-207
https://purl.org/okn/frink/kg/spoke-genelab/node/OSD-207-6abfb081980c44e130a5c0f940551ef2,CG18258,http://purl.obolibrary.org/obo/NCBITaxon_7227,http://www.ncbi.nlm.nih.gov/gene/32708,-3.65139,0.0133081,OSD-207
https://purl.org/okn/frink/kg/spoke-genelab/node/OSD-207-6abfb081980c44e130a5c0f940551ef2,CG16898,http://purl.obolibrary.org/obo/NCBITaxon_7227,http://www.ncbi.nlm.nih.gov/gene/37276,-1.4566,0.00660306,OSD-207
https://purl.org/okn/frink/kg/spoke-genelab/node/OSD-207-6abfb081980c44e130a5c0f940551ef2,Cdk1,http://purl.obolibrary.org/obo/NCBITaxon_7227,http://www.ncbi.nlm.nih.gov/gene/34411,1.11809,0.0085582,OSD-207
https://purl.org/okn/frink/kg/spoke-genelab/node/OSD-207-6abfb081980c44e130a5c0f940551ef2,CG5172,http://purl.obolibrary.org/obo/NCBITaxon_7227,http://www.ncbi.nlm.nih.gov/gene/32711,-6.14048,0.000127261,OSD-207
https://purl.org/okn/frink/kg/spoke-genelab/node/OSD-207-6abfb081980c44e130a5c0f940551ef2,CG7298,http://purl.obolibrary.org/obo/NCBITaxon_7227,http://www.ncbi.nlm.nih.gov/gene/40210,-37.6397,1.4564e-13,OSD-207
https://purl.org/okn/frink/kg/spoke-genelab/node/OSD-207-6abfb081980c44e130a5c0f940551ef2,CG13046,http://purl.obolibrary.org/obo/NCBITaxon_7227,http://www.ncbi.nlm.nih.gov/gene/39791,-1.95361,0.0209888,OSD-207
https://purl.org/okn/frink/kg/spoke-genelab/node/OSD-207-6abfb081980c44e130a5c0f940551ef2,Or67c,http://purl.obolibrary.org/obo/NCBITaxon_7227,http://www.ncbi.nlm.nih.gov/gene/39189,1.60277,0.0175318,OSD-207
https://purl.org/okn/frink/kg/spoke-genelab/node/OSD-207-6abfb081980c44e130a5c0f940551ef2,Uba5,http://purl.obolibrary.org/obo/NCBITaxon_7227,http://www.ncbi.nlm.nih.gov/gene/32094,1.34557,2.19475e-09,OSD-207
https://purl.org/okn/frink/kg/spoke-genelab/node/OSD-207-6abfb081980c44e130a5c0f940551ef2,CG31664,http://purl.obolibrary.org/obo/NCBITaxon_7227,http://www.ncbi.nlm.nih.gov/gene/33359,1.81905,7.17183e-05,OSD-207
https://purl.org/okn/frink/kg/spoke-genelab/node/OSD-207-6abfb081980c44e130a5c0f940551ef2,NimA,http://purl.obolibrary.org/obo/NCBITaxon_7227,http://www.ncbi.nlm.nih.gov/gene/318930,-2.02766,4.36399e-05,OSD-207
https://purl.org/okn/frink/kg/spoke-genelab/node/OSD-207-6abfb081980c44e130a5c0f940551ef2,CG11437,http://purl.obolibrary.org/obo/NCBITaxon_7227,http://www.ncbi.nlm.nih.gov/gene/40470,-1.83093,0.0087939,OSD-207
https://purl.org/okn/frink/kg/spoke-genelab/node/OSD-207-6abfb081980c44e130a5c0f940551ef2,CG33109,http://purl.obolibrary.org/obo/NCBITaxon_7227,http://www.ncbi.nlm.nih.gov/gene/326258,6.59031,0.000553425,OSD-207
https://purl.org/okn/frink/kg/spoke-genelab/node/OSD-207-6abfb081980c44e130a5c0f940551ef2,CG15784,http://purl.obolibrary.org/obo/NCBITaxon_7227,http://www.ncbi.nlm.nih.gov/gene/31461,-1.38623,0.0180926,OSD-207
https://purl.org/okn/frink/kg/spoke-genelab/node/OSD-207-6abfb081980c44e130a5c0f940551ef2,CG33288,http://purl.obolibrary.org/obo/NCBITaxon_7227,http://www.ncbi.nlm.nih.gov/gene/2768968,1.29559,7.24036e-05,OSD-207
https://purl.org/okn/frink/kg/spoke-genelab/node/OSD-207-6abfb081980c44e130a5c0f940551ef2,DptA,http://purl.obolibrary.org/obo/NCBITaxon_7227,http://www.ncbi.nlm.nih.gov/gene/37183,3.65595,0.00717767,OSD-207
https://purl.org/okn/frink/kg/spoke-genelab/node/OSD-207-6abfb081980c44e130a5c0f940551ef2,Jon99Ciii|Jon99Cii,http://purl.obolibrary.org/obo/NCBITaxon_7227,http://www.ncbi.nlm.nih.gov/gene/43544,-5.23841,0.0172031,OSD-207
https://purl.org/okn/frink/kg/spoke-genelab/node/OSD-207-6abfb081980c44e130a5c0f940551ef2,Jon99Ciii|Jon99Cii,http://purl.obolibrary.org/obo/NCBITaxon_7227,http://www.ncbi.nlm.nih.gov/gene/43543,-5.23841,0.0172031,OSD-207
https://purl.org/okn/frink/kg/spoke-genelab/node/OSD-207-6abfb081980c44e130a5c0f940551ef2,Cpr62Bc,http://purl.obolibrary.org/obo/NCBITaxon_7227,http://www.ncbi.nlm.nih.gov/gene/38241,-3.02183,0.0147636,OSD-207
https://purl.org/okn/frink/kg/spoke-genelab/node/OSD-207-6abfb081980c44e130a5c0f940551ef2,lncRNA:CR46350,http://purl.obolibrary.org/obo/NCBITaxon_7227,http://www.ncbi.nlm.nih.gov/gene/39877392,1.61153,0.0152851,OSD-207
https://purl.org/okn/frink/kg/spoke-genelab/node/OSD-207-6abfb081980c44e130a5c0f940551ef2,Cht6,http://purl.obolibrary.org/obo/NCBITaxon_7227,http://www.ncbi.nlm.nih.gov/gene/31935,-1.3973,0.0259063,OSD-207
https://purl.org/okn/frink/kg/spoke-genelab/node/OSD-207-6abfb081980c44e130a5c0f940551ef2,Unc-115a,http://purl.obolibrary.org/obo/NCBITaxon_7227,http://www.ncbi.nlm.nih.gov/gene/261629,-1.41565,2.24723e-76,OSD-207
https://purl.org/okn/frink/kg/spoke-genelab/node/OSD-207-6abfb081980c44e130a5c0f940551ef2,jhamt,http://purl.obolibrary.org/obo/NCBITaxon_7227,http://www.ncbi.nlm.nih.gov/gene/34977,1.32212,0.00245021,OSD-207
https://purl.org/okn/frink/kg/spoke-genelab/node/OSD-207-6abfb081980c44e130a5c0f940551ef2,sel,http://purl.obolibrary.org/obo/NCBITaxon_7227,http://www.ncbi.nlm.nih.gov/gene/36046,2.1261,2.41524e-08,OSD-207
https://purl.org/okn/frink/kg/spoke-genelab/node/OSD-207-6abfb081980c44e130a5c0f940551ef2,BomS1,http://purl.obolibrary.org/obo/NCBITaxon_7227,http://www.ncbi.nlm.nih.gov/gene/37100,1.87263,0.0166296,OSD-207
https://purl.org/okn/frink/kg/spoke-genelab/node/OSD-207-6abfb081980c44e130a5c0f940551ef2,Cpr92A,http://purl.obolibrary.org/obo/NCBITaxon_7227,http://www.ncbi.nlm.nih.gov/gene/42333,-5.14512,0.00749954,OSD-207
https://purl.org/okn/frink/kg/spoke-genelab/node/OSD-207-6abfb081980c44e130a5c0f940551ef2,Mip,http://purl.obolibrary.org/obo/NCBITaxon_7227,http://www.ncbi.nlm.nih.gov/gene/39933,1.04862,1.84658e-06,OSD-207
https://purl.org/okn/frink/kg/spoke-genelab/node/OSD-207-6abfb081980c44e130a5c0f940551ef2,CG4950,http://purl.obolibrary.org/obo/NCBITaxon_7227,http://www.ncbi.nlm.nih.gov/gene/39783,-1.15586,0.000280189,OSD-207
https://purl.org/okn/frink/kg/spoke-genelab/node/OSD-207-6abfb081980c44e130a5c0f940551ef2,Gnmt,http://purl.obolibrary.org/obo/NCBITaxon_7227,http://www.ncbi.nlm.nih.gov/gene/41561,3.44217,0.00146953,OSD-207
https://purl.org/okn/frink/kg/spoke-genelab/node/OSD-207-6abfb081980c44e130a5c0f940551ef2,Pxd,http://purl.obolibrary.org/obo/NCBITaxon_7227,http://www.ncbi.nlm.nih.gov/gene/2768671,-4.6156,0.00867789,OSD-207
https://purl.org/okn/frink/kg/spoke-genelab/node/OSD-207-6abfb081980c44e130a5c0f940551ef2,asRNA:CR43257,http://purl.obolibrary.org/obo/NCBITaxon_7227,http://www.ncbi.nlm.nih.gov/gene/12797864,-1.5016,0.000838464,OSD-207
https://purl.org/okn/frink/kg/spoke-genelab/node/OSD-207-6abfb081980c44e130a5c0f940551ef2,CG15506,http://purl.obolibrary.org/obo/NCBITaxon_7227,http://www.ncbi.nlm.nih.gov/gene/43498,-2.09033,0.00611668,OSD-207
https://purl.org/okn/frink/kg/spoke-genelab/node/OSD-207-6abfb081980c44e130a5c0f940551ef2,NUCB1,http://purl.obolibrary.org/obo/NCBITaxon_7227,http://www.ncbi.nlm.nih.gov/gene/39978,1.0164,0.000317095,OSD-207
https://purl.org/okn/frink/kg/spoke-genelab/node/OSD-207-6abfb081980c44e130a5c0f940551ef2,18SrRNA:CR41548,http://purl.obolibrary.org/obo/NCBITaxon_7227,http://www.ncbi.nlm.nih.gov/gene/5740812,15.8189,0.0430135,OSD-207
https://purl.org/okn/frink/kg/spoke-genelab/node/OSD-207-6abfb081980c44e130a5c0f940551ef2,LysP,http://purl.obolibrary.org/obo/NCBITaxon_7227,http://www.ncbi.nlm.nih.gov/gene/38129,11.3136,6.92587e-05,OSD-207
https://purl.org/okn/frink/kg/spoke-genelab/node/OSD-207-6abfb081980c44e130a5c0f940551ef2,CG2111,http://purl.obolibrary.org/obo/NCBITaxon_7227,http://www.ncbi.nlm.nih.gov/gene/31995,-2.12335,0.00535555,OSD-207
https://purl.org/okn/frink/kg/spoke-genelab/node/OSD-207-6abfb081980c44e130a5c0f940551ef2,ems,http://purl.obolibrary.org/obo/NCBITaxon_7227,http://www.ncbi.nlm.nih.gov/gene/41697,1.00094,7.72728e-05,OSD-207
https://purl.org/okn/frink/kg/spoke-genelab/node/OSD-207-6abfb081980c44e130a5c0f940551ef2,asRNA:CR45133,http://purl.obolibrary.org/obo/NCBITaxon_7227,http://www.ncbi.nlm.nih.gov/gene/19835075,-3.70343,0.0173463,OSD-207
https://purl.org/okn/frink/kg/spoke-genelab/node/OSD-207-6abfb081980c44e130a5c0f940551ef2,asRNA:CR45874,http://purl.obolibrary.org/obo/NCBITaxon_7227,http://www.ncbi.nlm.nih.gov/gene/26067202,-1.45595,0.000334209,OSD-207
https://purl.org/okn/frink/kg/spoke-genelab/node/OSD-207-6abfb081980c44e130a5c0f940551ef2,ArfGAP3,http://purl.obolibrary.org/obo/NCBITaxon_7227,http://www.ncbi.nlm.nih.gov/gene/40487,1.02087,3.06315e-05,OSD-207
https://purl.org/okn/frink/kg/spoke-genelab/node/OSD-207-6abfb081980c44e130a5c0f940551ef2,CG17224,http://purl.obolibrary.org/obo/NCBITaxon_7227,http://www.ncbi.nlm.nih.gov/gene/33510,1.22764,0.027958,OSD-207
https://purl.org/okn/frink/kg/spoke-genelab/node/OSD-207-6abfb081980c44e130a5c0f940551ef2,CG4757,http://purl.obolibrary.org/obo/NCBITaxon_7227,http://www.ncbi.nlm.nih.gov/gene/41330,2.30068,5.63545e-06,OSD-207
https://purl.org/okn/frink/kg/spoke-genelab/node/OSD-207-6abfb081980c44e130a5c0f940551ef2,BaraA2|BaraA1,http://purl.obolibrary.org/obo/NCBITaxon_7227,http://www.ncbi.nlm.nih.gov/gene/2768831,-12.0497,1.2944e-05,OSD-207
https://purl.org/okn/frink/kg/spoke-genelab/node/OSD-207-6abfb081980c44e130a5c0f940551ef2,BaraA2|BaraA1,http://purl.obolibrary.org/obo/NCBITaxon_7227,http://www.ncbi.nlm.nih.gov/gene/36486,-12.0497,1.2944e-05,OSD-207
https://purl.org/okn/frink/kg/spoke-genelab/node/OSD-207-6abfb081980c44e130a5c0f940551ef2,Tsf1,http://purl.obolibrary.org/obo/NCBITaxon_7227,http://www.ncbi.nlm.nih.gov/gene/32821,1.19078,0.0213522,OSD-207
https://purl.org/okn/frink/kg/spoke-genelab/node/OSD-207-6abfb081980c44e130a5c0f940551ef2,CG42662,http://purl.obolibrary.org/obo/NCBITaxon_7227,http://www.ncbi.nlm.nih.gov/gene/10178847,3.66895,7.77722e-07,OSD-207
https://purl.org/okn/frink/kg/spoke-genelab/node/OSD-207-6abfb081980c44e130a5c0f940551ef2,up,http://purl.obolibrary.org/obo/NCBITaxon_7227,http://www.ncbi.nlm.nih.gov/gene/32314,-1.05478,0.0424461,OSD-207
https://purl.org/okn/frink/kg/spoke-genelab/node/OSD-207-6abfb081980c44e130a5c0f940551ef2,lncRNA:CR42646,http://purl.obolibrary.org/obo/NCBITaxon_7227,http://www.ncbi.nlm.nih.gov/gene/10178834,2.24101,0.0113745,OSD-207
https://purl.org/okn/frink/kg/spoke-genelab/node/OSD-207-6abfb081980c44e130a5c0f940551ef2,Ama,http://purl.obolibrary.org/obo/NCBITaxon_7227,http://www.ncbi.nlm.nih.gov/gene/40831,-2.87402,0.00701997,OSD-207
https://purl.org/okn/frink/kg/spoke-genelab/node/OSD-207-6abfb081980c44e130a5c0f940551ef2,CG34227,http://purl.obolibrary.org/obo/NCBITaxon_7227,http://www.ncbi.nlm.nih.gov/gene/36186,1.71685,0.00031422,OSD-207
https://purl.org/okn/frink/kg/spoke-genelab/node/OSD-207-6abfb081980c44e130a5c0f940551ef2,RNaseMRP:RNA,http://purl.obolibrary.org/obo/NCBITaxon_7227,http://www.ncbi.nlm.nih.gov/gene/3772365,1.25674,0.0478445,OSD-207
https://purl.org/okn/frink/kg/spoke-genelab/node/OSD-207-6abfb081980c44e130a5c0f940551ef2,IM18,http://purl.obolibrary.org/obo/NCBITaxon_7227,http://www.ncbi.nlm.nih.gov/gene/3772138,4.53931,0.000541578,OSD-207
https://purl.org/okn/frink/kg/spoke-genelab/node/OSD-207-6abfb081980c44e130a5c0f940551ef2,lncRNA:CR44946,http://purl.obolibrary.org/obo/NCBITaxon_7227,http://www.ncbi.nlm.nih.gov/gene/19836094,-3.32049,1.43584e-10,OSD-207
https://purl.org/okn/frink/kg/spoke-genelab/node/OSD-207-6abfb081980c44e130a5c0f940551ef2,edin,http://purl.obolibrary.org/obo/NCBITaxon_7227,http://www.ncbi.nlm.nih.gov/gene/317900,5.40918,0.000200649,OSD-207
https://purl.org/okn/frink/kg/spoke-genelab/node/OSD-207-6abfb081980c44e130a5c0f940551ef2,TRAM,http://purl.obolibrary.org/obo/NCBITaxon_7227,http://www.ncbi.nlm.nih.gov/gene/31042,1.69092,1.04316e-05,OSD-207
https://purl.org/okn/frink/kg/spoke-genelab/node/OSD-207-6abfb081980c44e130a5c0f940551ef2,Acp1,http://purl.obolibrary.org/obo/NCBITaxon_7227,http://www.ncbi.nlm.nih.gov/gene/34052,-7.5855,7.80869e-08,OSD-207
https://purl.org/okn/frink/kg/spoke-genelab/node/OSD-207-6abfb081980c44e130a5c0f940551ef2,NimC4,http://purl.obolibrary.org/obo/NCBITaxon_7227,http://www.ncbi.nlm.nih.gov/gene/34824,-3.72475,0.00530607,OSD-207
https://purl.org/okn/frink/kg/spoke-genelab/node/OSD-207-6abfb081980c44e130a5c0f940551ef2,Jhe,http://purl.obolibrary.org/obo/NCBITaxon_7227,http://www.ncbi.nlm.nih.gov/gene/36780,1.66988,0.000929509,OSD-207
https://purl.org/okn/frink/kg/spoke-genelab/node/OSD-207-6abfb081980c44e130a5c0f940551ef2,CG9757,http://purl.obolibrary.org/obo/NCBITaxon_7227,http://www.ncbi.nlm.nih.gov/gene/41662,-1.55952,0.00662106,OSD-207
https://purl.org/okn/frink/kg/spoke-genelab/node/OSD-207-6abfb081980c44e130a5c0f940551ef2,CG34124,http://purl.obolibrary.org/obo/NCBITaxon_7227,http://www.ncbi.nlm.nih.gov/gene/4379887,1.18443,0.0325083,OSD-207
https://purl.org/okn/frink/kg/spoke-genelab/node/OSD-207-6abfb081980c44e130a5c0f940551ef2,PPO3,http://purl.obolibrary.org/obo/NCBITaxon_7227,http://www.ncbi.nlm.nih.gov/gene/44513,-3.3882,0.0101301,OSD-207
https://purl.org/okn/frink/kg/spoke-genelab/node/OSD-207-6abfb081980c44e130a5c0f940551ef2,CG16826,http://purl.obolibrary.org/obo/NCBITaxon_7227,http://www.ncbi.nlm.nih.gov/gene/34741,12.3827,7.62851e-09,OSD-207
https://purl.org/okn/frink/kg/spoke-genelab/node/OSD-207-6abfb081980c44e130a5c0f940551ef2,Hsp70Ba|Hsp70Bb|Hsp70Bc,http://purl.obolibrary.org/obo/NCBITaxon_7227,http://www.ncbi.nlm.nih.gov/gene/48582,2.67341,0.0194118,OSD-207
https://purl.org/okn/frink/kg/spoke-genelab/node/OSD-207-6abfb081980c44e130a5c0f940551ef2,CG34215,http://purl.obolibrary.org/obo/NCBITaxon_7227,http://www.ncbi.nlm.nih.gov/gene/5740170,1.00132,0.012393,OSD-207
https://purl.org/okn/frink/kg/spoke-genelab/node/OSD-207-6abfb081980c44e130a5c0f940551ef2,Hsp70Ba|Hsp70Bb|Hsp70Bc,http://purl.obolibrary.org/obo/NCBITaxon_7227,http://www.ncbi.nlm.nih.gov/gene/48583,2.67341,0.0194118,OSD-207
https://purl.org/okn/frink/kg/spoke-genelab/node/OSD-207-6abfb081980c44e130a5c0f940551ef2,CG34212,http://purl.obolibrary.org/obo/NCBITaxon_7227,http://www.ncbi.nlm.nih.gov/gene/5740704,8.0618,0.000226468,OSD-207
https://purl.org/okn/frink/kg/spoke-genelab/node/OSD-207-6abfb081980c44e130a5c0f940551ef2,CG34180,http://purl.obolibrary.org/obo/NCBITaxon_7227,http://www.ncbi.nlm.nih.gov/gene/5740541,-1.82153,0.0152467,OSD-207
https://purl.org/okn/frink/kg/spoke-genelab/node/OSD-207-6abfb081980c44e130a5c0f940551ef2,DptB,http://purl.obolibrary.org/obo/NCBITaxon_7227,http://www.ncbi.nlm.nih.gov/gene/37184,2.91714,0.0168738,OSD-207
https://purl.org/okn/frink/kg/spoke-genelab/node/OSD-207-6abfb081980c44e130a5c0f940551ef2,Obp83g,http://purl.obolibrary.org/obo/NCBITaxon_7227,http://www.ncbi.nlm.nih.gov/gene/170878,-3.27677,0.00780239,OSD-207
https://purl.org/okn/frink/kg/spoke-genelab/node/OSD-207-6abfb081980c44e130a5c0f940551ef2,Tudor-SN,http://purl.obolibrary.org/obo/NCBITaxon_7227,http://www.ncbi.nlm.nih.gov/gene/38045,1.05464,6.11224e-06,OSD-207
https://purl.org/okn/frink/kg/spoke-genelab/node/OSD-207-6abfb081980c44e130a5c0f940551ef2,CG13043,http://purl.obolibrary.org/obo/NCBITaxon_7227,http://www.ncbi.nlm.nih.gov/gene/39796,-6.35453,0.0102899,OSD-207
https://purl.org/okn/frink/kg/spoke-genelab/node/OSD-207-6abfb081980c44e130a5c0f940551ef2,CG33791,http://purl.obolibrary.org/obo/NCBITaxon_7227,http://www.ncbi.nlm.nih.gov/gene/317974,-1.66613,0.00123273,OSD-207
https://purl.org/okn/frink/kg/spoke-genelab/node/OSD-207-6abfb081980c44e130a5c0f940551ef2,CG17107,http://purl.obolibrary.org/obo/NCBITaxon_7227,http://www.ncbi.nlm.nih.gov/gene/34467,1.23131,0.0107645,OSD-207
https://purl.org/okn/frink/kg/spoke-genelab/node/OSD-207-6abfb081980c44e130a5c0f940551ef2,a5,http://purl.obolibrary.org/obo/NCBITaxon_7227,http://www.ncbi.nlm.nih.gov/gene/33317,1.02421,0.000274033,OSD-207
https://purl.org/okn/frink/kg/spoke-genelab/node/OSD-207-6abfb081980c44e130a5c0f940551ef2,Acp53C14b,http://purl.obolibrary.org/obo/NCBITaxon_7227,http://www.ncbi.nlm.nih.gov/gene/36873,2.06602,0.0174482,OSD-207
https://purl.org/okn/frink/kg/spoke-genelab/node/OSD-207-6abfb081980c44e130a5c0f940551ef2,ect,http://purl.obolibrary.org/obo/NCBITaxon_7227,http://www.ncbi.nlm.nih.gov/gene/44135,-1.35576,0.021521,OSD-207
https://purl.org/okn/frink/kg/spoke-genelab/node/OSD-207-6abfb081980c44e130a5c0f940551ef2,fln,http://purl.obolibrary.org/obo/NCBITaxon_7227,http://www.ncbi.nlm.nih.gov/gene/40185,-3.26179,0.0142274,OSD-207
https://purl.org/okn/frink/kg/spoke-genelab/node/OSD-207-6abfb081980c44e130a5c0f940551ef2,CG11089,http://purl.obolibrary.org/obo/NCBITaxon_7227,http://www.ncbi.nlm.nih.gov/gene/42973,-1.79892,0.00720793,OSD-207
https://purl.org/okn/frink/kg/spoke-genelab/node/OSD-207-6abfb081980c44e130a5c0f940551ef2,CG42764,http://purl.obolibrary.org/obo/NCBITaxon_7227,http://www.ncbi.nlm.nih.gov/gene/10178963,1.43307,0.0133003,OSD-207
https://purl.org/okn/frink/kg/spoke-genelab/node/OSD-207-6abfb081980c44e130a5c0f940551ef2,Membrin,http://purl.obolibrary.org/obo/NCBITaxon_7227,http://www.ncbi.nlm.nih.gov/gene/38614,1.37449,2.00707e-06,OSD-207
https://purl.org/okn/frink/kg/spoke-genelab/node/OSD-207-6abfb081980c44e130a5c0f940551ef2,CG12105,http://purl.obolibrary.org/obo/NCBITaxon_7227,http://www.ncbi.nlm.nih.gov/gene/38190,-1.33383,0.00118973,OSD-207
https://purl.org/okn/frink/kg/spoke-genelab/node/OSD-207-6abfb081980c44e130a5c0f940551ef2,tld,http://purl.obolibrary.org/obo/NCBITaxon_7227,http://www.ncbi.nlm.nih.gov/gene/42945,-1.06488,0.0498596,OSD-207
https://purl.org/okn/frink/kg/spoke-genelab/node/OSD-207-6abfb081980c44e130a5c0f940551ef2,CaBP1,http://purl.obolibrary.org/obo/NCBITaxon_7227,http://www.ncbi.nlm.nih.gov/gene/34976,2.37589,2.23721e-06,OSD-207
https://purl.org/okn/frink/kg/spoke-genelab/node/OSD-207-6abfb081980c44e130a5c0f940551ef2,TotA,http://purl.obolibrary.org/obo/NCBITaxon_7227,http://www.ncbi.nlm.nih.gov/gene/44121,2.96776,0.0052572,OSD-207
https://purl.org/okn/frink/kg/spoke-genelab/node/OSD-207-6abfb081980c44e130a5c0f940551ef2,l(1)G0320,http://purl.obolibrary.org/obo/NCBITaxon_7227,http://www.ncbi.nlm.nih.gov/gene/326234,1.08152,0.000247916,OSD-207
https://purl.org/okn/frink/kg/spoke-genelab/node/OSD-207-6abfb081980c44e130a5c0f940551ef2,meigo,http://purl.obolibrary.org/obo/NCBITaxon_7227,http://www.ncbi.nlm.nih.gov/gene/42510,1.4738,1.05736e-06,OSD-207
https://purl.org/okn/frink/kg/spoke-genelab/node/OSD-207-6abfb081980c44e130a5c0f940551ef2,CG1208,http://purl.obolibrary.org/obo/NCBITaxon_7227,http://www.ncbi.nlm.nih.gov/gene/40727,-1.34146,0.00521596,OSD-207
https://purl.org/okn/frink/kg/spoke-genelab/node/OSD-207-6abfb081980c44e130a5c0f940551ef2,CG5955,http://purl.obolibrary.org/obo/NCBITaxon_7227,http://www.ncbi.nlm.nih.gov/gene/40268,1.01133,0.0314424,OSD-207
https://purl.org/okn/frink/kg/spoke-genelab/node/OSD-207-6abfb081980c44e130a5c0f940551ef2,Cpr97Ea,http://purl.obolibrary.org/obo/NCBITaxon_7227,http://www.ncbi.nlm.nih.gov/gene/43258,-5.49378,0.00161871,OSD-207
https://purl.org/okn/frink/kg/spoke-genelab/node/OSD-207-6abfb081980c44e130a5c0f940551ef2,sisRNA:CR46357,http://purl.obolibrary.org/obo/NCBITaxon_7227,http://www.ncbi.nlm.nih.gov/gene/39877399,1.85896,0.0301898,OSD-207
https://purl.org/okn/frink/kg/spoke-genelab/node/OSD-207-6abfb081980c44e130a5c0f940551ef2,CG42319,http://purl.obolibrary.org/obo/NCBITaxon_7227,http://www.ncbi.nlm.nih.gov/gene/36473,-1.12719,2.20825e-05,OSD-207
https://purl.org/okn/frink/kg/spoke-genelab/node/OSD-207-6abfb081980c44e130a5c0f940551ef2,Cyp4aa1,http://purl.obolibrary.org/obo/NCBITaxon_7227,http://www.ncbi.nlm.nih.gov/gene/36752,1.40611,0.00244583,OSD-207
https://purl.org/okn/frink/kg/spoke-genelab/node/OSD-207-6abfb081980c44e130a5c0f940551ef2,WRNexo,http://purl.obolibrary.org/obo/NCBITaxon_7227,http://www.ncbi.nlm.nih.gov/gene/42208,-1.69133,0.0270319,OSD-207
https://purl.org/okn/frink/kg/spoke-genelab/node/OSD-207-6abfb081980c44e130a5c0f940551ef2,Balat,http://purl.obolibrary.org/obo/NCBITaxon_7227,http://www.ncbi.nlm.nih.gov/gene/36417,-1.39175,0.00246063,OSD-207
https://purl.org/okn/frink/kg/spoke-genelab/node/OSD-207-6abfb081980c44e130a5c0f940551ef2,CG3777,http://purl.obolibrary.org/obo/NCBITaxon_7227,http://www.ncbi.nlm.nih.gov/gene/30979,-2.84554,0.00853509,OSD-207
https://purl.org/okn/frink/kg/spoke-genelab/node/OSD-207-6abfb081980c44e130a5c0f940551ef2,Thor,http://purl.obolibrary.org/obo/NCBITaxon_7227,http://www.ncbi.nlm.nih.gov/gene/33569,-1.20964,4.40286e-07,OSD-207
https://purl.org/okn/frink/kg/spoke-genelab/node/OSD-207-6abfb081980c44e130a5c0f940551ef2,Obp99d,http://purl.obolibrary.org/obo/NCBITaxon_7227,http://www.ncbi.nlm.nih.gov/gene/43496,-5.0829,4.60906e-16,OSD-207
https://purl.org/okn/frink/kg/spoke-genelab/node/OSD-207-6abfb081980c44e130a5c0f940551ef2,CG34456,http://purl.obolibrary.org/obo/NCBITaxon_7227,http://www.ncbi.nlm.nih.gov/gene/5740168,1.85087,0.0217792,OSD-207
https://purl.org/okn/frink/kg/spoke-genelab/node/OSD-207-6abfb081980c44e130a5c0f940551ef2,kkv,http://purl.obolibrary.org/obo/NCBITaxon_7227,http://www.ncbi.nlm.nih.gov/gene/45884,-2.72576,0.0373959,OSD-207
https://purl.org/okn/frink/kg/spoke-genelab/node/OSD-207-6abfb081980c44e130a5c0f940551ef2,lncRNA:CR45361,http://purl.obolibrary.org/obo/NCBITaxon_7227,http://www.ncbi.nlm.nih.gov/gene/19834877,1.87281,0.0498596,OSD-207
https://purl.org/okn/frink/kg/spoke-genelab/node/OSD-207-6abfb081980c44e130a5c0f940551ef2,Surf4,http://purl.obolibrary.org/obo/NCBITaxon_7227,http://www.ncbi.nlm.nih.gov/gene/41864,1.03885,6.87646e-08,OSD-207
https://purl.org/okn/frink/kg/spoke-genelab/node/OSD-207-6abfb081980c44e130a5c0f940551ef2,BomT2,http://purl.obolibrary.org/obo/NCBITaxon_7227,http://www.ncbi.nlm.nih.gov/gene/50208,1.04338,0.0400919,OSD-207
https://purl.org/okn/frink/kg/spoke-genelab/node/OSD-207-6abfb081980c44e130a5c0f940551ef2,CG34327,http://purl.obolibrary.org/obo/NCBITaxon_7227,http://www.ncbi.nlm.nih.gov/gene/5740714,-3.38926,0.00230897,OSD-207
https://purl.org/okn/frink/kg/spoke-genelab/node/OSD-207-6abfb081980c44e130a5c0f940551ef2,nod,http://purl.obolibrary.org/obo/NCBITaxon_7227,http://www.ncbi.nlm.nih.gov/gene/32107,1.02059,4.43517e-05,OSD-207
https://purl.org/okn/frink/kg/spoke-genelab/node/OSD-207-6abfb081980c44e130a5c0f940551ef2,ZnT86D,http://purl.obolibrary.org/obo/NCBITaxon_7227,http://www.ncbi.nlm.nih.gov/gene/41342,1.3131,1.75176e-06,OSD-207
https://purl.org/okn/frink/kg/spoke-genelab/node/OSD-207-6abfb081980c44e130a5c0f940551ef2,lncRNA:CR43493,http://purl.obolibrary.org/obo/NCBITaxon_7227,http://www.ncbi.nlm.nih.gov/gene/12798219,-1.29396,0.0103726,OSD-207
https://purl.org/okn/frink/kg/spoke-genelab/node/OSD-207-6abfb081980c44e130a5c0f940551ef2,asRNA:CR45185,http://purl.obolibrary.org/obo/NCBITaxon_7227,http://www.ncbi.nlm.nih.gov/gene/19835300,-1.51504,0.0274173,OSD-207
https://purl.org/okn/frink/kg/spoke-genelab/node/OSD-207-6abfb081980c44e130a5c0f940551ef2,CG9297,http://purl.obolibrary.org/obo/NCBITaxon_7227,http://www.ncbi.nlm.nih.gov/gene/41688,-1.12907,0.0169066,OSD-207
https://purl.org/okn/frink/kg/spoke-genelab/node/OSD-207-6abfb081980c44e130a5c0f940551ef2,AttC,http://purl.obolibrary.org/obo/NCBITaxon_7227,http://www.ncbi.nlm.nih.gov/gene/36484,3.05221,0.0120127,OSD-207
https://purl.org/okn/frink/kg/spoke-genelab/node/OSD-207-6abfb081980c44e130a5c0f940551ef2,GstD6,http://purl.obolibrary.org/obo/NCBITaxon_7227,http://www.ncbi.nlm.nih.gov/gene/48339,-2.70479,0.002238,OSD-207
https://purl.org/okn/frink/kg/spoke-genelab/node/OSD-207-6abfb081980c44e130a5c0f940551ef2,PGRP-SD,http://purl.obolibrary.org/obo/NCBITaxon_7227,http://www.ncbi.nlm.nih.gov/gene/38858,1.75042,0.00181827,OSD-207
https://purl.org/okn/frink/kg/spoke-genelab/node/OSD-207-6abfb081980c44e130a5c0f940551ef2,bai,http://purl.obolibrary.org/obo/NCBITaxon_7227,http://www.ncbi.nlm.nih.gov/gene/42996,1.09122,1.19716e-07,OSD-207
https://purl.org/okn/frink/kg/spoke-genelab/node/OSD-207-6abfb081980c44e130a5c0f940551ef2,CG15553,http://purl.obolibrary.org/obo/NCBITaxon_7227,http://www.ncbi.nlm.nih.gov/gene/43677,1.45704,0.00510345,OSD-207
https://purl.org/okn/frink/kg/spoke-genelab/node/OSD-207-6abfb081980c44e130a5c0f940551ef2,pre-rRNA:CR45856,http://purl.obolibrary.org/obo/NCBITaxon_7227,http://www.ncbi.nlm.nih.gov/gene/26067184,2.37817,0.034427,OSD-207
https://purl.org/okn/frink/kg/spoke-genelab/node/OSD-207-6abfb081980c44e130a5c0f940551ef2,AttA,http://purl.obolibrary.org/obo/NCBITaxon_7227,http://www.ncbi.nlm.nih.gov/gene/36636,2.83536,0.0253742,OSD-207
https://purl.org/okn/frink/kg/spoke-genelab/node/OSD-207-6abfb081980c44e130a5c0f940551ef2,tun,http://purl.obolibrary.org/obo/NCBITaxon_7227,http://www.ncbi.nlm.nih.gov/gene/36743,1.20577,0.000314698,OSD-207
https://purl.org/okn/frink/kg/spoke-genelab/node/OSD-207-6abfb081980c44e130a5c0f940551ef2,Obp57a,http://purl.obolibrary.org/obo/NCBITaxon_7227,http://www.ncbi.nlm.nih.gov/gene/246670,1.75717,2.84133e-06,OSD-207
https://purl.org/okn/frink/kg/spoke-genelab/node/OSD-207-6abfb081980c44e130a5c0f940551ef2,FMRFa,http://purl.obolibrary.org/obo/NCBITaxon_7227,http://www.ncbi.nlm.nih.gov/gene/36030,1.35856,0.000495605,OSD-207
https://purl.org/okn/frink/kg/spoke-genelab/node/OSD-207-6abfb081980c44e130a5c0f940551ef2,PGRP-SC2,http://purl.obolibrary.org/obo/NCBITaxon_7227,http://www.ncbi.nlm.nih.gov/gene/35862,3.85178,0.00429647,OSD-207
https://purl.org/okn/frink/kg/spoke-genelab/node/OSD-207-6abfb081980c44e130a5c0f940551ef2,SsRbeta,http://purl.obolibrary.org/obo/NCBITaxon_7227,http://www.ncbi.nlm.nih.gov/gene/39768,1.32233,2.83666e-07,OSD-207
https://purl.org/okn/frink/kg/spoke-genelab/node/OSD-207-6abfb081980c44e130a5c0f940551ef2,srl,http://purl.obolibrary.org/obo/NCBITaxon_7227,http://www.ncbi.nlm.nih.gov/gene/40562,1.0214,0.00815886,OSD-207
https://purl.org/okn/frink/kg/spoke-genelab/node/OSD-207-6abfb081980c44e130a5c0f940551ef2,CG1418,http://purl.obolibrary.org/obo/NCBITaxon_7227,http://www.ncbi.nlm.nih.gov/gene/36035,1.20205,5.70637e-09,OSD-207
https://purl.org/okn/frink/kg/spoke-genelab/node/OSD-207-6abfb081980c44e130a5c0f940551ef2,CG2065,http://purl.obolibrary.org/obo/NCBITaxon_7227,http://www.ncbi.nlm.nih.gov/gene/35707,-1.55011,5.66763e-05,OSD-207
https://purl.org/okn/frink/kg/spoke-genelab/node/OSD-207-6abfb081980c44e130a5c0f940551ef2,CG13077,http://purl.obolibrary.org/obo/NCBITaxon_7227,http://www.ncbi.nlm.nih.gov/gene/35252,1.35477,0.000322733,OSD-207
https://purl.org/okn/frink/kg/spoke-genelab/node/OSD-207-6abfb081980c44e130a5c0f940551ef2,Or67d,http://purl.obolibrary.org/obo/NCBITaxon_7227,http://www.ncbi.nlm.nih.gov/gene/39191,2.49788,0.000412601,OSD-207
https://purl.org/okn/frink/kg/spoke-genelab/node/OSD-207-6abfb081980c44e130a5c0f940551ef2,lncRNA:CR45242,http://purl.obolibrary.org/obo/NCBITaxon_7227,http://www.ncbi.nlm.nih.gov/gene/19836038,-4.73409,0.000542923,OSD-207
https://purl.org/okn/frink/kg/spoke-genelab/node/OSD-207-6abfb081980c44e130a5c0f940551ef2,Vajk2,http://purl.obolibrary.org/obo/NCBITaxon_7227,http://www.ncbi.nlm.nih.gov/gene/34811,-3.69183,0.00257177,OSD-207
https://purl.org/okn/frink/kg/spoke-genelab/node/OSD-207-6abfb081980c44e130a5c0f940551ef2,CG11458,http://purl.obolibrary.org/obo/NCBITaxon_7227,http://www.ncbi.nlm.nih.gov/gene/50110,-6.86239,2.5133e-10,OSD-207
https://purl.org/okn/frink/kg/spoke-genelab/node/OSD-207-6abfb081980c44e130a5c0f940551ef2,DnaJ-1,http://purl.obolibrary.org/obo/NCBITaxon_7227,http://www.ncbi.nlm.nih.gov/gene/38643,1.34255,0.00323105,OSD-207
https://purl.org/okn/frink/kg/spoke-genelab/node/OSD-207-6abfb081980c44e130a5c0f940551ef2,IM4,http://purl.obolibrary.org/obo/NCBITaxon_7227,http://www.ncbi.nlm.nih.gov/gene/50126,1.21449,0.0270319,OSD-207
https://purl.org/okn/frink/kg/spoke-genelab/node/OSD-207-6abfb081980c44e130a5c0f940551ef2,CG7367,http://purl.obolibrary.org/obo/NCBITaxon_7227,http://www.ncbi.nlm.nih.gov/gene/34094,1.1677,0.0308617,OSD-207
https://purl.org/okn/frink/kg/spoke-genelab/node/OSD-207-6abfb081980c44e130a5c0f940551ef2,BomBc3,http://purl.obolibrary.org/obo/NCBITaxon_7227,http://www.ncbi.nlm.nih.gov/gene/50055,2.14,0.00227577,OSD-207
https://purl.org/okn/frink/kg/spoke-genelab/node/OSD-207-6abfb081980c44e130a5c0f940551ef2,Marf1,http://purl.obolibrary.org/obo/NCBITaxon_7227,http://www.ncbi.nlm.nih.gov/gene/49895,2.28473,4.06664e-07,OSD-207
https://purl.org/okn/frink/kg/spoke-genelab/node/OSD-207-6abfb081980c44e130a5c0f940551ef2,Unc-115b,http://purl.obolibrary.org/obo/NCBITaxon_7227,http://www.ncbi.nlm.nih.gov/gene/41178,-7.48785,1.29818e-11,OSD-207
https://purl.org/okn/frink/kg/spoke-genelab/node/OSD-207-6abfb081980c44e130a5c0f940551ef2,Lsp1gamma,http://purl.obolibrary.org/obo/NCBITaxon_7227,http://www.ncbi.nlm.nih.gov/gene/38015,-7.28674,6.02277e-06,OSD-207
https://purl.org/okn/frink/kg/spoke-genelab/node/OSD-207-6abfb081980c44e130a5c0f940551ef2,Spase12,http://purl.obolibrary.org/obo/NCBITaxon_7227,http://www.ncbi.nlm.nih.gov/gene/50096,1.41898,1.95704e-10,OSD-207
https://purl.org/okn/frink/kg/spoke-genelab/node/OSD-207-6abfb081980c44e130a5c0f940551ef2,FarO,http://purl.obolibrary.org/obo/NCBITaxon_7227,http://www.ncbi.nlm.nih.gov/gene/45707,-1.51861,1.9267e-06,OSD-207
https://purl.org/okn/frink/kg/spoke-genelab/node/OSD-207-6abfb081980c44e130a5c0f940551ef2,Spp,http://purl.obolibrary.org/obo/NCBITaxon_7227,http://www.ncbi.nlm.nih.gov/gene/33227,1.40165,6.32909e-07,OSD-207
https://purl.org/okn/frink/kg/spoke-genelab/node/OSD-207-6abfb081980c44e130a5c0f940551ef2,CG32121,http://purl.obolibrary.org/obo/NCBITaxon_7227,http://www.ncbi.nlm.nih.gov/gene/317867,-1.13565,0.000377544,OSD-207
https://purl.org/okn/frink/kg/spoke-genelab/node/OSD-207-6abfb081980c44e130a5c0f940551ef2,Hsp70Ba|Hsp70Bb|Hsp70Bc,http://purl.obolibrary.org/obo/NCBITaxon_7227,http://www.ncbi.nlm.nih.gov/gene/44921,3.32624,0.00255738,OSD-207
https://purl.org/okn/frink/kg/spoke-genelab/node/OSD-207-6abfb081980c44e130a5c0f940551ef2,CG13068,http://purl.obolibrary.org/obo/NCBITaxon_7227,http://www.ncbi.nlm.nih.gov/gene/39784,-3.76643,0.00515495,OSD-207
https://purl.org/okn/frink/kg/spoke-genelab/node/OSD-207-6abfb081980c44e130a5c0f940551ef2,SERCA,http://purl.obolibrary.org/obo/NCBITaxon_7227,http://www.ncbi.nlm.nih.gov/gene/49297,-1.02715,0.0441778,OSD-207
https://purl.org/okn/frink/kg/spoke-genelab/node/OSD-207-6abfb081980c44e130a5c0f940551ef2,asRNA:CR45600,http://purl.obolibrary.org/obo/NCBITaxon_7227,http://www.ncbi.nlm.nih.gov/gene/19835798,-1.53663,0.00364928,OSD-207
https://purl.org/okn/frink/kg/spoke-genelab/node/OSD-207-6abfb081980c44e130a5c0f940551ef2,CG12970,http://purl.obolibrary.org/obo/NCBITaxon_7227,http://www.ncbi.nlm.nih.gov/gene/36744,3.16304,0.00291153,OSD-207
https://purl.org/okn/frink/kg/spoke-genelab/node/OSD-207-6abfb081980c44e130a5c0f940551ef2,CG10936,http://purl.obolibrary.org/obo/NCBITaxon_7227,http://www.ncbi.nlm.nih.gov/gene/37000,-2.51468,0.000794042,OSD-207
https://purl.org/okn/frink/kg/spoke-genelab/node/OSD-207-6abfb081980c44e130a5c0f940551ef2,hll,http://purl.obolibrary.org/obo/NCBITaxon_7227,http://www.ncbi.nlm.nih.gov/gene/34822,-3.53483,0.0107205,OSD-207
https://purl.org/okn/frink/kg/spoke-genelab/node/OSD-207-6abfb081980c44e130a5c0f940551ef2,CG14191,http://purl.obolibrary.org/obo/NCBITaxon_7227,http://www.ncbi.nlm.nih.gov/gene/32893,-4.60873,2.38387e-06,OSD-207
https://purl.org/okn/frink/kg/spoke-genelab/node/OSD-207-6abfb081980c44e130a5c0f940551ef2,lncRNA:CR45680,http://purl.obolibrary.org/obo/NCBITaxon_7227,http://www.ncbi.nlm.nih.gov/gene/19835761,-1.79101,0.0169066,OSD-207
https://purl.org/okn/frink/kg/spoke-genelab/node/OSD-207-6abfb081980c44e130a5c0f940551ef2,Cpr76Bd,http://purl.obolibrary.org/obo/NCBITaxon_7227,http://www.ncbi.nlm.nih.gov/gene/40123,-3.48121,0.00728833,OSD-207
https://purl.org/okn/frink/kg/spoke-genelab/node/OSD-207-6abfb081980c44e130a5c0f940551ef2,CG11529,http://purl.obolibrary.org/obo/NCBITaxon_7227,http://www.ncbi.nlm.nih.gov/gene/39395,1.19596,0.00904126,OSD-207
https://purl.org/okn/frink/kg/spoke-genelab/node/OSD-207-6abfb081980c44e130a5c0f940551ef2,Hsc70-3,http://purl.obolibrary.org/obo/NCBITaxon_7227,http://www.ncbi.nlm.nih.gov/gene/32133,1.45965,0.00136185,OSD-207
https://purl.org/okn/frink/kg/spoke-genelab/node/OSD-207-6abfb081980c44e130a5c0f940551ef2,Cpr64Aa,http://purl.obolibrary.org/obo/NCBITaxon_7227,http://www.ncbi.nlm.nih.gov/gene/38508,-5.55369,0.0208051,OSD-207
https://purl.org/okn/frink/kg/spoke-genelab/node/OSD-207-6abfb081980c44e130a5c0f940551ef2,slbo,http://purl.obolibrary.org/obo/NCBITaxon_7227,http://www.ncbi.nlm.nih.gov/gene/37889,-3.23568,1.04316e-05,OSD-207
https://purl.org/okn/frink/kg/spoke-genelab/node/OSD-207-6abfb081980c44e130a5c0f940551ef2,CG4098,http://purl.obolibrary.org/obo/NCBITaxon_7227,http://www.ncbi.nlm.nih.gov/gene/39854,-1.15048,1.48754e-08,OSD-207
https://purl.org/okn/frink/kg/spoke-genelab/node/OSD-207-6abfb081980c44e130a5c0f940551ef2,smp-30,http://purl.obolibrary.org/obo/NCBITaxon_7227,http://www.ncbi.nlm.nih.gov/gene/41786,-1.76146,0.00293017,OSD-207
https://purl.org/okn/frink/kg/spoke-genelab/node/OSD-207-6abfb081980c44e130a5c0f940551ef2,Gart,http://purl.obolibrary.org/obo/NCBITaxon_7227,http://www.ncbi.nlm.nih.gov/gene/33986,-1.07491,0.0360462,OSD-207
https://purl.org/okn/frink/kg/spoke-genelab/node/OSD-207-6abfb081980c44e130a5c0f940551ef2,Cyp4d14,http://purl.obolibrary.org/obo/NCBITaxon_7227,http://www.ncbi.nlm.nih.gov/gene/45706,1.24017,0.0154344,OSD-207
https://purl.org/okn/frink/kg/spoke-genelab/node/OSD-207-6abfb081980c44e130a5c0f940551ef2,shd,http://purl.obolibrary.org/obo/NCBITaxon_7227,http://www.ncbi.nlm.nih.gov/gene/39592,-3.21615,1.18963e-05,OSD-207
https://purl.org/okn/frink/kg/spoke-genelab/node/OSD-207-6abfb081980c44e130a5c0f940551ef2,CG31904,http://purl.obolibrary.org/obo/NCBITaxon_7227,http://www.ncbi.nlm.nih.gov/gene/319016,-1.96907,0.0488144,OSD-207
https://purl.org/okn/frink/kg/spoke-genelab/node/OSD-207-6abfb081980c44e130a5c0f940551ef2,PGRP-SC1a|PGRP-SC1b,http://purl.obolibrary.org/obo/NCBITaxon_7227,http://www.ncbi.nlm.nih.gov/gene/35859,5.06434,0.0152467,OSD-207
https://purl.org/okn/frink/kg/spoke-genelab/node/OSD-207-6abfb081980c44e130a5c0f940551ef2,Drs,http://purl.obolibrary.org/obo/NCBITaxon_7227,http://www.ncbi.nlm.nih.gov/gene/38419,2.59202,0.00587803,OSD-207
https://purl.org/okn/frink/kg/spoke-genelab/node/OSD-207-6abfb081980c44e130a5c0f940551ef2,asRNA:CR46195,http://purl.obolibrary.org/obo/NCBITaxon_7227,http://www.ncbi.nlm.nih.gov/gene/26067506,1.18964,0.0475295,OSD-207
https://purl.org/okn/frink/kg/spoke-genelab/node/OSD-207-6abfb081980c44e130a5c0f940551ef2,Gp93,http://purl.obolibrary.org/obo/NCBITaxon_7227,http://www.ncbi.nlm.nih.gov/gene/43354,2.00694,4.14636e-06,OSD-207
https://purl.org/okn/frink/kg/spoke-genelab/node/OSD-207-6abfb081980c44e130a5c0f940551ef2,TotC,http://purl.obolibrary.org/obo/NCBITaxon_7227,http://www.ncbi.nlm.nih.gov/gene/117462,2.70731,0.0228842,OSD-207
https://purl.org/okn/frink/kg/spoke-genelab/node/OSD-207-6abfb081980c44e130a5c0f940551ef2,Nepl17,http://purl.obolibrary.org/obo/NCBITaxon_7227,http://www.ncbi.nlm.nih.gov/gene/43408,-1.65191,0.00541679,OSD-207
https://purl.org/okn/frink/kg/spoke-genelab/node/OSD-207-6abfb081980c44e130a5c0f940551ef2,gt,http://purl.obolibrary.org/obo/NCBITaxon_7227,http://www.ncbi.nlm.nih.gov/gene/31227,-1.41558,1.09119e-12,OSD-207
https://purl.org/okn/frink/kg/spoke-genelab/node/OSD-207-6abfb081980c44e130a5c0f940551ef2,Dro,http://purl.obolibrary.org/obo/NCBITaxon_7227,http://www.ncbi.nlm.nih.gov/gene/36635,3.21529,0.00156466,OSD-207
https://purl.org/okn/frink/kg/spoke-genelab/node/OSD-207-6abfb081980c44e130a5c0f940551ef2,CG13067,http://purl.obolibrary.org/obo/NCBITaxon_7227,http://www.ncbi.nlm.nih.gov/gene/39785,-1.10936,0.0499718,OSD-207
https://purl.org/okn/frink/kg/spoke-genelab/node/OSD-207-6abfb081980c44e130a5c0f940551ef2,pip,http://purl.obolibrary.org/obo/NCBITaxon_7227,http://www.ncbi.nlm.nih.gov/gene/40104,-2.28433,0.0482905,OSD-207
https://purl.org/okn/frink/kg/spoke-genelab/node/OSD-207-6abfb081980c44e130a5c0f940551ef2,CG31104,http://purl.obolibrary.org/obo/NCBITaxon_7227,http://www.ncbi.nlm.nih.gov/gene/43054,-1.95041,0.00986941,OSD-207
https://purl.org/okn/frink/kg/spoke-genelab/node/OSD-207-6abfb081980c44e130a5c0f940551ef2,CG34437,http://purl.obolibrary.org/obo/NCBITaxon_7227,http://www.ncbi.nlm.nih.gov/gene/5740179,-3.25727,9.51375e-06,OSD-207
https://purl.org/okn/frink/kg/spoke-genelab/node/OSD-207-6abfb081980c44e130a5c0f940551ef2,CG31028,http://purl.obolibrary.org/obo/NCBITaxon_7227,http://www.ncbi.nlm.nih.gov/gene/43586,-2.66973,1.16488e-08,OSD-207
https://purl.org/okn/frink/kg/spoke-genelab/node/OSD-207-6abfb081980c44e130a5c0f940551ef2,Hsp70Ab|Hsp70Aa,http://purl.obolibrary.org/obo/NCBITaxon_7227,http://www.ncbi.nlm.nih.gov/gene/48581,2.71672,0.0138985,OSD-207
https://purl.org/okn/frink/kg/spoke-genelab/node/OSD-207-6abfb081980c44e130a5c0f940551ef2,Hsp70Ab|Hsp70Aa,http://purl.obolibrary.org/obo/NCBITaxon_7227,http://www.ncbi.nlm.nih.gov/gene/44920,2.71672,0.0138985,OSD-207
https://purl.org/okn/frink/kg/spoke-genelab/node/OSD-207-6abfb081980c44e130a5c0f940551ef2,PGRP-SC1a|PGRP-SC1b,http://purl.obolibrary.org/obo/NCBITaxon_7227,http://www.ncbi.nlm.nih.gov/gene/35861,5.06434,0.0152467,OSD-207
https://purl.org/okn/frink/kg/spoke-genelab/node/OSD-207-6abfb081980c44e130a5c0f940551ef2,Cpr100A,http://purl.obolibrary.org/obo/NCBITaxon_7227,http://www.ncbi.nlm.nih.gov/gene/43657,-4.40991,3.20908e-05,OSD-207
https://purl.org/okn/frink/kg/spoke-genelab/node/OSD-207-6abfb081980c44e130a5c0f940551ef2,CG42336,http://purl.obolibrary.org/obo/NCBITaxon_7227,http://www.ncbi.nlm.nih.gov/gene/36205,1.6128,4.21316e-06,OSD-207
https://purl.org/okn/frink/kg/spoke-genelab/node/OSD-207-6abfb081980c44e130a5c0f940551ef2,Nepl4,http://purl.obolibrary.org/obo/NCBITaxon_7227,http://www.ncbi.nlm.nih.gov/gene/33889,-2.43337,0.00147784,OSD-207
https://purl.org/okn/frink/kg/spoke-genelab/node/OSD-207-6abfb081980c44e130a5c0f940551ef2,Sirup,http://purl.obolibrary.org/obo/NCBITaxon_7227,http://www.ncbi.nlm.nih.gov/gene/34089,-1.25174,0.0232801,OSD-207
https://purl.org/okn/frink/kg/spoke-genelab/node/OSD-207-6abfb081980c44e130a5c0f940551ef2,CG30371,http://purl.obolibrary.org/obo/NCBITaxon_7227,http://www.ncbi.nlm.nih.gov/gene/35806,6.43183,0.00566116,OSD-207
https://purl.org/okn/frink/kg/spoke-genelab/node/OSD-207-6abfb081980c44e130a5c0f940551ef2,inaF-A,http://purl.obolibrary.org/obo/NCBITaxon_7227,http://www.ncbi.nlm.nih.gov/gene/5740676,-2.44142,0.000179811,OSD-207
https://purl.org/okn/frink/kg/spoke-genelab/node/OSD-207-6abfb081980c44e130a5c0f940551ef2,CG8908,http://purl.obolibrary.org/obo/NCBITaxon_7227,http://www.ncbi.nlm.nih.gov/gene/37293,-2.18964,2.04324e-05,OSD-207
https://purl.org/okn/frink/kg/spoke-genelab/node/OSD-207-6abfb081980c44e130a5c0f940551ef2,Pcp,http://purl.obolibrary.org/obo/NCBITaxon_7227,http://www.ncbi.nlm.nih.gov/gene/33985,-1.65482,0.0181239,OSD-207
https://purl.org/okn/frink/kg/spoke-genelab/node/OSD-207-6abfb081980c44e130a5c0f940551ef2,CG8170,http://purl.obolibrary.org/obo/NCBITaxon_7227,http://www.ncbi.nlm.nih.gov/gene/35908,-1.019,0.0376683,OSD-207
https://purl.org/okn/frink/kg/spoke-genelab/node/OSD-207-6abfb081980c44e130a5c0f940551ef2,CG13563,http://purl.obolibrary.org/obo/NCBITaxon_7227,http://www.ncbi.nlm.nih.gov/gene/37845,-1.27948,0.0475295,OSD-207
https://purl.org/okn/frink/kg/spoke-genelab/node/OSD-207-6abfb081980c44e130a5c0f940551ef2,CG12702,http://purl.obolibrary.org/obo/NCBITaxon_7227,http://www.ncbi.nlm.nih.gov/gene/32993,1.71201,0.0496482,OSD-207
https://purl.org/okn/frink/kg/spoke-genelab/node/OSD-207-6abfb081980c44e130a5c0f940551ef2,Or56a,http://purl.obolibrary.org/obo/NCBITaxon_7227,http://www.ncbi.nlm.nih.gov/gene/37269,1.84217,0.00314117,OSD-207
https://purl.org/okn/frink/kg/spoke-genelab/node/OSD-207-6abfb081980c44e130a5c0f940551ef2,Fmo-1,http://purl.obolibrary.org/obo/NCBITaxon_7227,http://www.ncbi.nlm.nih.gov/gene/37814,-1.45899,0.000100304,OSD-207
https://purl.org/okn/frink/kg/spoke-genelab/node/OSD-207-6abfb081980c44e130a5c0f940551ef2,IFT57,http://purl.obolibrary.org/obo/NCBITaxon_7227,http://www.ncbi.nlm.nih.gov/gene/33579,1.01749,0.030911,OSD-207
https://purl.org/okn/frink/kg/spoke-genelab/node/OSD-207-6abfb081980c44e130a5c0f940551ef2,betaTub85D,http://purl.obolibrary.org/obo/NCBITaxon_7227,http://www.ncbi.nlm.nih.gov/gene/41124,-1.13556,0.0234853,OSD-207
https://purl.org/okn/frink/kg/spoke-genelab/node/OSD-207-6abfb081980c44e130a5c0f940551ef2,Pdi,http://purl.obolibrary.org/obo/NCBITaxon_7227,http://www.ncbi.nlm.nih.gov/gene/39651,1.36626,4.10453e-06,OSD-207
https://purl.org/okn/frink/kg/spoke-genelab/node/OSD-207-6abfb081980c44e130a5c0f940551ef2,CG9119,http://purl.obolibrary.org/obo/NCBITaxon_7227,http://www.ncbi.nlm.nih.gov/gene/38124,-1.20138,0.0463726,OSD-207
https://purl.org/okn/frink/kg/spoke-genelab/node/OSD-207-6abfb081980c44e130a5c0f940551ef2,CG2004,http://purl.obolibrary.org/obo/NCBITaxon_7227,http://www.ncbi.nlm.nih.gov/gene/31809,1.42048,0.0107922,OSD-207
https://purl.org/okn/frink/kg/spoke-genelab/node/OSD-207-6abfb081980c44e130a5c0f940551ef2,Prm,http://purl.obolibrary.org/obo/NCBITaxon_7227,http://www.ncbi.nlm.nih.gov/gene/39002,-1.19277,0.0490188,OSD-207
https://purl.org/okn/frink/kg/spoke-genelab/node/OSD-207-6abfb081980c44e130a5c0f940551ef2,Ugt35B1,http://purl.obolibrary.org/obo/NCBITaxon_7227,http://www.ncbi.nlm.nih.gov/gene/41333,1.93123,2.77633e-08,OSD-207
https://purl.org/okn/frink/kg/spoke-genelab/node/OSD-207-6abfb081980c44e130a5c0f940551ef2,Gapdh1,http://purl.obolibrary.org/obo/NCBITaxon_7227,http://www.ncbi.nlm.nih.gov/gene/35728,-1.0182,0.000459587,OSD-207
https://purl.org/okn/frink/kg/spoke-genelab/node/OSD-207-6abfb081980c44e130a5c0f940551ef2,SrpRbeta,http://purl.obolibrary.org/obo/NCBITaxon_7227,http://www.ncbi.nlm.nih.gov/gene/47283,1.17336,7.85911e-08,OSD-207
https://purl.org/okn/frink/kg/spoke-genelab/node/OSD-207-6abfb081980c44e130a5c0f940551ef2,SrpRalpha,http://purl.obolibrary.org/obo/NCBITaxon_7227,http://www.ncbi.nlm.nih.gov/gene/47251,1.11874,2.57739e-05,OSD-207
https://purl.org/okn/frink/kg/spoke-genelab/node/OSD-207-6abfb081980c44e130a5c0f940551ef2,Tsp42Ec,http://purl.obolibrary.org/obo/NCBITaxon_7227,http://www.ncbi.nlm.nih.gov/gene/35612,-3.70663,0.0231356,OSD-207
https://purl.org/okn/frink/kg/spoke-genelab/node/OSD-207-6abfb081980c44e130a5c0f940551ef2,CG6938,http://purl.obolibrary.org/obo/NCBITaxon_7227,http://www.ncbi.nlm.nih.gov/gene/39362,1.15238,0.00956828,OSD-207
https://purl.org/okn/frink/kg/spoke-genelab/node/OSD-207-6abfb081980c44e130a5c0f940551ef2,CG3376,http://purl.obolibrary.org/obo/NCBITaxon_7227,http://www.ncbi.nlm.nih.gov/gene/37884,-1.31123,5.87157e-05,OSD-207
https://purl.org/okn/frink/kg/spoke-genelab/node/OSD-207-6abfb081980c44e130a5c0f940551ef2,Cyp6a8,http://purl.obolibrary.org/obo/NCBITaxon_7227,http://www.ncbi.nlm.nih.gov/gene/36666,-1.52978,2.28784e-05,OSD-207
https://purl.org/okn/frink/kg/spoke-genelab/node/OSD-207-6abfb081980c44e130a5c0f940551ef2,CG7906,http://purl.obolibrary.org/obo/NCBITaxon_7227,http://www.ncbi.nlm.nih.gov/gene/39575,-2.5211,0.00128099,OSD-207
https://purl.org/okn/frink/kg/spoke-genelab/node/OSD-207-6abfb081980c44e130a5c0f940551ef2,Fkbp14,http://purl.obolibrary.org/obo/NCBITaxon_7227,http://www.ncbi.nlm.nih.gov/gene/37449,1.01224,1.22937e-06,OSD-207
https://purl.org/okn/frink/kg/spoke-genelab/node/OSD-207-6abfb081980c44e130a5c0f940551ef2,GstD1,http://purl.obolibrary.org/obo/NCBITaxon_7227,http://www.ncbi.nlm.nih.gov/gene/41503,-1.04744,2.05914e-05,OSD-207
https://purl.org/okn/frink/kg/spoke-genelab/node/OSD-207-6abfb081980c44e130a5c0f940551ef2,Mlc2,http://purl.obolibrary.org/obo/NCBITaxon_7227,http://www.ncbi.nlm.nih.gov/gene/43587,-1.32164,0.0198985,OSD-207
https://purl.org/okn/frink/kg/spoke-genelab/node/OSD-207-6abfb081980c44e130a5c0f940551ef2,CG13059,http://purl.obolibrary.org/obo/NCBITaxon_7227,http://www.ncbi.nlm.nih.gov/gene/39803,2.27791,0.016957,OSD-207
https://purl.org/okn/frink/kg/spoke-genelab/node/OSD-207-6abfb081980c44e130a5c0f940551ef2,bmm,http://purl.obolibrary.org/obo/NCBITaxon_7227,http://www.ncbi.nlm.nih.gov/gene/39611,-1.32214,0.00788891,OSD-207
https://purl.org/okn/frink/kg/spoke-genelab/node/OSD-207-6abfb081980c44e130a5c0f940551ef2,CG7214,http://purl.obolibrary.org/obo/NCBITaxon_7227,http://www.ncbi.nlm.nih.gov/gene/34053,-8.53397,1.8814e-09,OSD-207
https://purl.org/okn/frink/kg/spoke-genelab/node/OSD-207-6abfb081980c44e130a5c0f940551ef2,CG8757,http://purl.obolibrary.org/obo/NCBITaxon_7227,http://www.ncbi.nlm.nih.gov/gene/39528,-3.0033,4.12391e-09,OSD-207
https://purl.org/okn/frink/kg/spoke-genelab/node/OSD-207-6abfb081980c44e130a5c0f940551ef2,CG9498,http://purl.obolibrary.org/obo/NCBITaxon_7227,http://www.ncbi.nlm.nih.gov/gene/33885,1.37342,0.0110806,OSD-207
https://purl.org/okn/frink/kg/spoke-genelab/node/OSD-207-6abfb081980c44e130a5c0f940551ef2,CG14985,http://purl.obolibrary.org/obo/NCBITaxon_7227,http://www.ncbi.nlm.nih.gov/gene/38470,1.18222,8.71813e-11,OSD-207
https://purl.org/okn/frink/kg/spoke-genelab/node/OSD-207-6abfb081980c44e130a5c0f940551ef2,Acbp6,http://purl.obolibrary.org/obo/NCBITaxon_7227,http://www.ncbi.nlm.nih.gov/gene/38782,-2.63976,0.0449933,OSD-207
https://purl.org/okn/frink/kg/spoke-genelab/node/OSD-207-6abfb081980c44e130a5c0f940551ef2,CG14495,http://purl.obolibrary.org/obo/NCBITaxon_7227,http://www.ncbi.nlm.nih.gov/gene/37056,-1.64512,0.0260479,OSD-207
https://purl.org/okn/frink/kg/spoke-genelab/node/OSD-207-6abfb081980c44e130a5c0f940551ef2,CG9485,http://purl.obolibrary.org/obo/NCBITaxon_7227,http://www.ncbi.nlm.nih.gov/gene/37435,-1.46936,0.000495596,OSD-207
https://purl.org/okn/frink/kg/spoke-genelab/node/OSD-207-6abfb081980c44e130a5c0f940551ef2,GAPsec,http://purl.obolibrary.org/obo/NCBITaxon_7227,http://www.ncbi.nlm.nih.gov/gene/38987,-1.05086,7.26482e-07,OSD-207
https://purl.org/okn/frink/kg/spoke-genelab/node/OSD-207-6abfb081980c44e130a5c0f940551ef2,CG12995,http://purl.obolibrary.org/obo/NCBITaxon_7227,http://www.ncbi.nlm.nih.gov/gene/32707,-1.76965,0.0444371,OSD-207
https://purl.org/okn/frink/kg/spoke-genelab/node/OSD-207-6abfb081980c44e130a5c0f940551ef2,Tollo,http://purl.obolibrary.org/obo/NCBITaxon_7227,http://www.ncbi.nlm.nih.gov/gene/44497,-1.00343,1.84658e-06,OSD-207
https://purl.org/okn/frink/kg/spoke-genelab/node/OSD-207-6abfb081980c44e130a5c0f940551ef2,NimC2,http://purl.obolibrary.org/obo/NCBITaxon_7227,http://www.ncbi.nlm.nih.gov/gene/34818,-1.35083,0.00276337,OSD-207
https://purl.org/okn/frink/kg/spoke-genelab/node/OSD-207-6abfb081980c44e130a5c0f940551ef2,CG6638,http://purl.obolibrary.org/obo/NCBITaxon_7227,http://www.ncbi.nlm.nih.gov/gene/38979,1.05607,8.14054e-09,OSD-207
https://purl.org/okn/frink/kg/spoke-genelab/node/OSD-207-6abfb081980c44e130a5c0f940551ef2,Pfas,http://purl.obolibrary.org/obo/NCBITaxon_7227,http://www.ncbi.nlm.nih.gov/gene/33847,-1.47683,0.00189811,OSD-207
https://purl.org/okn/frink/kg/spoke-genelab/node/OSD-207-6abfb081980c44e130a5c0f940551ef2,CG2918,http://purl.obolibrary.org/obo/NCBITaxon_7227,http://www.ncbi.nlm.nih.gov/gene/31215,1.58346,1.31352e-05,OSD-207
https://purl.org/okn/frink/kg/spoke-genelab/node/OSD-207-6abfb081980c44e130a5c0f940551ef2,lncRNA:CR45567,http://purl.obolibrary.org/obo/NCBITaxon_7227,http://www.ncbi.nlm.nih.gov/gene/19835612,1.48308,0.0156065,OSD-207
https://purl.org/okn/frink/kg/spoke-genelab/node/OSD-207-6abfb081980c44e130a5c0f940551ef2,CG7409,http://purl.obolibrary.org/obo/NCBITaxon_7227,http://www.ncbi.nlm.nih.gov/gene/38870,-1.06285,0.000257442,OSD-207
https://purl.org/okn/frink/kg/spoke-genelab/node/OSD-207-6abfb081980c44e130a5c0f940551ef2,DNApol-theta,http://purl.obolibrary.org/obo/NCBITaxon_7227,http://www.ncbi.nlm.nih.gov/gene/41571,1.01382,0.000111716,OSD-207
https://purl.org/okn/frink/kg/spoke-genelab/node/OSD-207-6abfb081980c44e130a5c0f940551ef2,Cyp6a2,http://purl.obolibrary.org/obo/NCBITaxon_7227,http://www.ncbi.nlm.nih.gov/gene/35587,-1.7373,0.000177677,OSD-207
https://purl.org/okn/frink/kg/spoke-genelab/node/OSD-207-6abfb081980c44e130a5c0f940551ef2,whe,http://purl.obolibrary.org/obo/NCBITaxon_7227,http://www.ncbi.nlm.nih.gov/gene/33121,10.6883,4.19343e-06,OSD-207
https://purl.org/okn/frink/kg/spoke-genelab/node/OSD-207-6abfb081980c44e130a5c0f940551ef2,Swim,http://purl.obolibrary.org/obo/NCBITaxon_7227,http://www.ncbi.nlm.nih.gov/gene/37537,-1.25997,0.0181239,OSD-207
https://purl.org/okn/frink/kg/spoke-genelab/node/OSD-207-6abfb081980c44e130a5c0f940551ef2,CG6280,http://purl.obolibrary.org/obo/NCBITaxon_7227,http://www.ncbi.nlm.nih.gov/gene/36522,-2.06952,0.0272758,OSD-207
https://purl.org/okn/frink/kg/spoke-genelab/node/OSD-207-6abfb081980c44e130a5c0f940551ef2,CG8539,http://purl.obolibrary.org/obo/NCBITaxon_7227,http://www.ncbi.nlm.nih.gov/gene/38842,1.11483,0.00165711,OSD-207
https://purl.org/okn/frink/kg/spoke-genelab/node/OSD-207-6abfb081980c44e130a5c0f940551ef2,CG9572,http://purl.obolibrary.org/obo/NCBITaxon_7227,http://www.ncbi.nlm.nih.gov/gene/33013,-1.2854,6.43488e-06,OSD-207
https://purl.org/okn/frink/kg/spoke-genelab/node/OSD-207-6abfb081980c44e130a5c0f940551ef2,CG14340,http://purl.obolibrary.org/obo/NCBITaxon_7227,http://www.ncbi.nlm.nih.gov/gene/33287,-1.52837,0.000246548,OSD-207
https://purl.org/okn/frink/kg/spoke-genelab/node/OSD-207-6abfb081980c44e130a5c0f940551ef2,Cyp6a19,http://purl.obolibrary.org/obo/NCBITaxon_7227,http://www.ncbi.nlm.nih.gov/gene/36662,-2.15851,0.0444525,OSD-207
https://purl.org/okn/frink/kg/spoke-genelab/node/OSD-207-6abfb081980c44e130a5c0f940551ef2,nkd,http://purl.obolibrary.org/obo/NCBITaxon_7227,http://www.ncbi.nlm.nih.gov/gene/44843,1.25635,3.75643e-12,OSD-207
https://purl.org/okn/frink/kg/spoke-genelab/node/OSD-207-6abfb081980c44e130a5c0f940551ef2,Vago,http://purl.obolibrary.org/obo/NCBITaxon_7227,http://www.ncbi.nlm.nih.gov/gene/32040,-1.00452,0.0499923,OSD-207
https://purl.org/okn/frink/kg/spoke-genelab/node/OSD-207-6abfb081980c44e130a5c0f940551ef2,CG13008,http://purl.obolibrary.org/obo/NCBITaxon_7227,http://www.ncbi.nlm.nih.gov/gene/32654,-2.2919,1.42769e-05,OSD-207
https://purl.org/okn/frink/kg/spoke-genelab/node/OSD-207-6abfb081980c44e130a5c0f940551ef2,CG7203,http://purl.obolibrary.org/obo/NCBITaxon_7227,http://www.ncbi.nlm.nih.gov/gene/34055,-4.48199,7.94304e-05,OSD-207
https://purl.org/okn/frink/kg/spoke-genelab/node/OSD-207-6abfb081980c44e130a5c0f940551ef2,CG10621,http://purl.obolibrary.org/obo/NCBITaxon_7227,http://www.ncbi.nlm.nih.gov/gene/35152,-2.76813,0.00721271,OSD-207
https://purl.org/okn/frink/kg/spoke-genelab/node/OSD-207-6abfb081980c44e130a5c0f940551ef2,CheA75a,http://purl.obolibrary.org/obo/NCBITaxon_7227,http://www.ncbi.nlm.nih.gov/gene/40011,16.2557,3.88031e-07,OSD-207
https://purl.org/okn/frink/kg/spoke-genelab/node/OSD-207-6abfb081980c44e130a5c0f940551ef2,Cpr47Ea,http://purl.obolibrary.org/obo/NCBITaxon_7227,http://www.ncbi.nlm.nih.gov/gene/36188,-2.06828,0.0379391,OSD-207
https://purl.org/okn/frink/kg/spoke-genelab/node/OSD-207-6abfb081980c44e130a5c0f940551ef2,Twdlbeta,http://purl.obolibrary.org/obo/NCBITaxon_7227,http://www.ncbi.nlm.nih.gov/gene/36265,-2.82158,0.018282,OSD-207
https://purl.org/okn/frink/kg/spoke-genelab/node/OSD-207-6abfb081980c44e130a5c0f940551ef2,e,http://purl.obolibrary.org/obo/NCBITaxon_7227,http://www.ncbi.nlm.nih.gov/gene/42521,-1.10176,0.013253,OSD-207
https://purl.org/okn/frink/kg/spoke-genelab/node/OSD-207-6abfb081980c44e130a5c0f940551ef2,CG10383,http://purl.obolibrary.org/obo/NCBITaxon_7227,http://www.ncbi.nlm.nih.gov/gene/35123,-1.6326,0.00215387,OSD-207
https://purl.org/okn/frink/kg/spoke-genelab/node/OSD-207-6abfb081980c44e130a5c0f940551ef2,CG42284,http://purl.obolibrary.org/obo/NCBITaxon_7227,http://www.ncbi.nlm.nih.gov/gene/37621,1.00492,0.00265677,OSD-207
https://purl.org/okn/frink/kg/spoke-genelab/node/OSD-207-6abfb081980c44e130a5c0f940551ef2,Cpr49Ae,http://purl.obolibrary.org/obo/NCBITaxon_7227,http://www.ncbi.nlm.nih.gov/gene/36351,-1.7106,0.000146592,OSD-207
https://purl.org/okn/frink/kg/spoke-genelab/node/OSD-207-6abfb081980c44e130a5c0f940551ef2,CG13559,http://purl.obolibrary.org/obo/NCBITaxon_7227,http://www.ncbi.nlm.nih.gov/gene/37720,1.18564,0.0257922,OSD-207
https://purl.org/okn/frink/kg/spoke-genelab/node/OSD-207-6abfb081980c44e130a5c0f940551ef2,CG13026,http://purl.obolibrary.org/obo/NCBITaxon_7227,http://www.ncbi.nlm.nih.gov/gene/39868,-3.76184,6.43922e-06,OSD-207
https://purl.org/okn/frink/kg/spoke-genelab/node/OSD-207-6abfb081980c44e130a5c0f940551ef2,Bet1,http://purl.obolibrary.org/obo/NCBITaxon_7227,http://www.ncbi.nlm.nih.gov/gene/40094,1.0517,2.74161e-07,OSD-207
https://purl.org/okn/frink/kg/spoke-genelab/node/OSD-207-6abfb081980c44e130a5c0f940551ef2,Gas8,http://purl.obolibrary.org/obo/NCBITaxon_7227,http://www.ncbi.nlm.nih.gov/gene/31321,1.31014,0.0216619,OSD-207
https://purl.org/okn/frink/kg/spoke-genelab/node/OSD-207-6abfb081980c44e130a5c0f940551ef2,Mpcp1,http://purl.obolibrary.org/obo/NCBITaxon_7227,http://www.ncbi.nlm.nih.gov/gene/37297,-1.67953,0.000678911,OSD-207
https://purl.org/okn/frink/kg/spoke-genelab/node/OSD-207-6abfb081980c44e130a5c0f940551ef2,CG9706,http://purl.obolibrary.org/obo/NCBITaxon_7227,http://www.ncbi.nlm.nih.gov/gene/39876,1.47027,7.55363e-10,OSD-207
https://purl.org/okn/frink/kg/spoke-genelab/node/OSD-207-6abfb081980c44e130a5c0f940551ef2,sofe,http://purl.obolibrary.org/obo/NCBITaxon_7227,http://www.ncbi.nlm.nih.gov/gene/32016,1.00569,0.0162772,OSD-207
https://purl.org/okn/frink/kg/spoke-genelab/node/OSD-207-6abfb081980c44e130a5c0f940551ef2,Pabp2,http://purl.obolibrary.org/obo/NCBITaxon_7227,http://www.ncbi.nlm.nih.gov/gene/35788,1.37745,4.50953e-13,OSD-207
https://purl.org/okn/frink/kg/spoke-genelab/node/OSD-207-6abfb081980c44e130a5c0f940551ef2,Ugt37B1,http://purl.obolibrary.org/obo/NCBITaxon_7227,http://www.ncbi.nlm.nih.gov/gene/53584,2.40977,0.0173366,OSD-207
https://purl.org/okn/frink/kg/spoke-genelab/node/OSD-207-6abfb081980c44e130a5c0f940551ef2,gudu,http://purl.obolibrary.org/obo/NCBITaxon_7227,http://www.ncbi.nlm.nih.gov/gene/34014,1.64976,0.044597,OSD-207
https://purl.org/okn/frink/kg/spoke-genelab/node/OSD-207-6abfb081980c44e130a5c0f940551ef2,Scp1,http://purl.obolibrary.org/obo/NCBITaxon_7227,http://www.ncbi.nlm.nih.gov/gene/3355102,-2.11025,0.0435053,OSD-207
https://purl.org/okn/frink/kg/spoke-genelab/node/OSD-207-6abfb081980c44e130a5c0f940551ef2,CG42272,http://purl.obolibrary.org/obo/NCBITaxon_7227,http://www.ncbi.nlm.nih.gov/gene/318020,-1.15423,0.0379528,OSD-207
https://purl.org/okn/frink/kg/spoke-genelab/node/OSD-207-6abfb081980c44e130a5c0f940551ef2,GlyP,http://purl.obolibrary.org/obo/NCBITaxon_7227,http://www.ncbi.nlm.nih.gov/gene/33386,-1.4667,0.00110991,OSD-207
https://purl.org/okn/frink/kg/spoke-genelab/node/OSD-207-6abfb081980c44e130a5c0f940551ef2,CG42825,http://purl.obolibrary.org/obo/NCBITaxon_7227,http://www.ncbi.nlm.nih.gov/gene/39179,-5.89214,0.00291153,OSD-207
https://purl.org/okn/frink/kg/spoke-genelab/node/OSD-207-6abfb081980c44e130a5c0f940551ef2,CG15473,http://purl.obolibrary.org/obo/NCBITaxon_7227,http://www.ncbi.nlm.nih.gov/gene/31401,-1.71855,0.0108464,OSD-207
https://purl.org/okn/frink/kg/spoke-genelab/node/OSD-207-6abfb081980c44e130a5c0f940551ef2,CG6333,http://purl.obolibrary.org/obo/NCBITaxon_7227,http://www.ncbi.nlm.nih.gov/gene/39953,1.1106,0.0318437,OSD-207
https://purl.org/okn/frink/kg/spoke-genelab/node/OSD-207-6abfb081980c44e130a5c0f940551ef2,CG15169,http://purl.obolibrary.org/obo/NCBITaxon_7227,http://www.ncbi.nlm.nih.gov/gene/35161,1.166,0.00612481,OSD-207
https://purl.org/okn/frink/kg/spoke-genelab/node/OSD-207-6abfb081980c44e130a5c0f940551ef2,Mgat1,http://purl.obolibrary.org/obo/NCBITaxon_7227,http://www.ncbi.nlm.nih.gov/gene/37323,1.2874,1.2719e-08,OSD-207
https://purl.org/okn/frink/kg/spoke-genelab/node/OSD-207-6abfb081980c44e130a5c0f940551ef2,CysRS,http://purl.obolibrary.org/obo/NCBITaxon_7227,http://www.ncbi.nlm.nih.gov/gene/36784,1.22482,8.78009e-08,OSD-207
https://purl.org/okn/frink/kg/spoke-genelab/node/OSD-207-6abfb081980c44e130a5c0f940551ef2,CG9541,http://purl.obolibrary.org/obo/NCBITaxon_7227,http://www.ncbi.nlm.nih.gov/gene/34220,1.19305,0.00287078,OSD-207
https://purl.org/okn/frink/kg/spoke-genelab/node/OSD-207-6abfb081980c44e130a5c0f940551ef2,CG8292,http://purl.obolibrary.org/obo/NCBITaxon_7227,http://www.ncbi.nlm.nih.gov/gene/34125,-1.17597,0.0251467,OSD-207
https://purl.org/okn/frink/kg/spoke-genelab/node/OSD-207-6abfb081980c44e130a5c0f940551ef2,AGO3,http://purl.obolibrary.org/obo/NCBITaxon_7227,http://www.ncbi.nlm.nih.gov/gene/3355150,1.46276,0.00466279,OSD-207
https://purl.org/okn/frink/kg/spoke-genelab/node/OSD-207-6abfb081980c44e130a5c0f940551ef2,CG5321,http://purl.obolibrary.org/obo/NCBITaxon_7227,http://www.ncbi.nlm.nih.gov/gene/32399,1.15866,0.0111255,OSD-207
https://purl.org/okn/frink/kg/spoke-genelab/node/OSD-207-6abfb081980c44e130a5c0f940551ef2,CG17005,http://purl.obolibrary.org/obo/NCBITaxon_7227,http://www.ncbi.nlm.nih.gov/gene/34249,-1.53205,0.0052691,OSD-207
https://purl.org/okn/frink/kg/spoke-genelab/node/OSD-207-6abfb081980c44e130a5c0f940551ef2,spz4,http://purl.obolibrary.org/obo/NCBITaxon_7227,http://www.ncbi.nlm.nih.gov/gene/34572,-2.0585,0.00360856,OSD-207
https://purl.org/okn/frink/kg/spoke-genelab/node/OSD-207-6abfb081980c44e130a5c0f940551ef2,Spindly,http://purl.obolibrary.org/obo/NCBITaxon_7227,http://www.ncbi.nlm.nih.gov/gene/33578,1.27932,0.0194305,OSD-207
https://purl.org/okn/frink/kg/spoke-genelab/node/OSD-207-6abfb081980c44e130a5c0f940551ef2,CG4995,http://purl.obolibrary.org/obo/NCBITaxon_7227,http://www.ncbi.nlm.nih.gov/gene/34390,-1.92975,0.0390239,OSD-207
https://purl.org/okn/frink/kg/spoke-genelab/node/OSD-207-6abfb081980c44e130a5c0f940551ef2,Sec13,http://purl.obolibrary.org/obo/NCBITaxon_7227,http://www.ncbi.nlm.nih.gov/gene/44437,1.00561,2.15822e-06,OSD-207
https://purl.org/okn/frink/kg/spoke-genelab/node/OSD-207-6abfb081980c44e130a5c0f940551ef2,spd-2,http://purl.obolibrary.org/obo/NCBITaxon_7227,http://www.ncbi.nlm.nih.gov/gene/39850,1.60749,0.00854547,OSD-207
https://purl.org/okn/frink/kg/spoke-genelab/node/OSD-207-6abfb081980c44e130a5c0f940551ef2,Cyt-c-d,http://purl.obolibrary.org/obo/NCBITaxon_7227,http://www.ncbi.nlm.nih.gov/gene/34995,-1.38593,0.0346309,OSD-207
https://purl.org/okn/frink/kg/spoke-genelab/node/OSD-207-6abfb081980c44e130a5c0f940551ef2,CG12288,http://purl.obolibrary.org/obo/NCBITaxon_7227,http://www.ncbi.nlm.nih.gov/gene/35027,1.29383,0.00105183,OSD-207
https://purl.org/okn/frink/kg/spoke-genelab/node/OSD-207-6abfb081980c44e130a5c0f940551ef2,CG12206,http://purl.obolibrary.org/obo/NCBITaxon_7227,http://www.ncbi.nlm.nih.gov/gene/31316,-2.92508,0.0217633,OSD-207
https://purl.org/okn/frink/kg/spoke-genelab/node/OSD-207-6abfb081980c44e130a5c0f940551ef2,Sec22,http://purl.obolibrary.org/obo/NCBITaxon_7227,http://www.ncbi.nlm.nih.gov/gene/31030,1.05956,2.69886e-06,OSD-207
https://purl.org/okn/frink/kg/spoke-genelab/node/OSD-207-6abfb081980c44e130a5c0f940551ef2,CG15337,http://purl.obolibrary.org/obo/NCBITaxon_7227,http://www.ncbi.nlm.nih.gov/gene/31748,-2.87699,0.00791653,OSD-207
https://purl.org/okn/frink/kg/spoke-genelab/node/OSD-207-6abfb081980c44e130a5c0f940551ef2,CG10062,http://purl.obolibrary.org/obo/NCBITaxon_7227,http://www.ncbi.nlm.nih.gov/gene/37224,-1.15183,0.0128819,OSD-207
https://purl.org/okn/frink/kg/spoke-genelab/node/OSD-207-6abfb081980c44e130a5c0f940551ef2,Cog6,http://purl.obolibrary.org/obo/NCBITaxon_7227,http://www.ncbi.nlm.nih.gov/gene/35953,1.00145,3.78409e-08,OSD-207
https://purl.org/okn/frink/kg/spoke-genelab/node/OSD-207-6abfb081980c44e130a5c0f940551ef2,Os-C,http://purl.obolibrary.org/obo/NCBITaxon_7227,http://www.ncbi.nlm.nih.gov/gene/40942,1.01437,0.00302079,OSD-207
https://purl.org/okn/frink/kg/spoke-genelab/node/OSD-207-6abfb081980c44e130a5c0f940551ef2,CG4714,http://purl.obolibrary.org/obo/NCBITaxon_7227,http://www.ncbi.nlm.nih.gov/gene/36470,-1.73495,0.0197041,OSD-207
https://purl.org/okn/frink/kg/spoke-genelab/node/OSD-207-6abfb081980c44e130a5c0f940551ef2,CG13272,http://purl.obolibrary.org/obo/NCBITaxon_7227,http://www.ncbi.nlm.nih.gov/gene/35013,-1.18678,0.0469024,OSD-207
https://purl.org/okn/frink/kg/spoke-genelab/node/OSD-207-6abfb081980c44e130a5c0f940551ef2,krimp,http://purl.obolibrary.org/obo/NCBITaxon_7227,http://www.ncbi.nlm.nih.gov/gene/36804,1.71398,0.00918567,OSD-207
https://purl.org/okn/frink/kg/spoke-genelab/node/OSD-207-6abfb081980c44e130a5c0f940551ef2,Cdc6,http://purl.obolibrary.org/obo/NCBITaxon_7227,http://www.ncbi.nlm.nih.gov/gene/38989,-1.76852,2.20825e-05,OSD-207
https://purl.org/okn/frink/kg/spoke-genelab/node/OSD-207-6abfb081980c44e130a5c0f940551ef2,CG5819,http://purl.obolibrary.org/obo/NCBITaxon_7227,http://www.ncbi.nlm.nih.gov/gene/37547,-1.09684,0.00473808,OSD-207
https://purl.org/okn/frink/kg/spoke-genelab/node/OSD-207-6abfb081980c44e130a5c0f940551ef2,Oxp,http://purl.obolibrary.org/obo/NCBITaxon_7227,http://www.ncbi.nlm.nih.gov/gene/37002,1.64983,0.000199768,OSD-207
https://purl.org/okn/frink/kg/spoke-genelab/node/OSD-207-6abfb081980c44e130a5c0f940551ef2,feo,http://purl.obolibrary.org/obo/NCBITaxon_7227,http://www.ncbi.nlm.nih.gov/gene/32015,1.64676,0.0184633,OSD-207
https://purl.org/okn/frink/kg/spoke-genelab/node/OSD-207-6abfb081980c44e130a5c0f940551ef2,inaF-C,http://purl.obolibrary.org/obo/NCBITaxon_7227,http://www.ncbi.nlm.nih.gov/gene/5740497,-1.04677,0.00180779,OSD-207
https://purl.org/okn/frink/kg/spoke-genelab/node/OSD-207-6abfb081980c44e130a5c0f940551ef2,CG34342,http://purl.obolibrary.org/obo/NCBITaxon_7227,http://www.ncbi.nlm.nih.gov/gene/5740152,1.22394,0.0107257,OSD-207
https://purl.org/okn/frink/kg/spoke-genelab/node/OSD-207-6abfb081980c44e130a5c0f940551ef2,CG13010,http://purl.obolibrary.org/obo/NCBITaxon_7227,http://www.ncbi.nlm.nih.gov/gene/32643,-2.15911,0.0385984,OSD-207
https://purl.org/okn/frink/kg/spoke-genelab/node/OSD-207-6abfb081980c44e130a5c0f940551ef2,vkg,http://purl.obolibrary.org/obo/NCBITaxon_7227,http://www.ncbi.nlm.nih.gov/gene/33726,-1.13258,0.000277666,OSD-207
https://purl.org/okn/frink/kg/spoke-genelab/node/OSD-207-6abfb081980c44e130a5c0f940551ef2,Obp83b,http://purl.obolibrary.org/obo/NCBITaxon_7227,http://www.ncbi.nlm.nih.gov/gene/40738,1.18219,0.00112945,OSD-207
https://purl.org/okn/frink/kg/spoke-genelab/node/OSD-207-6abfb081980c44e130a5c0f940551ef2,CG43110,http://purl.obolibrary.org/obo/NCBITaxon_7227,http://www.ncbi.nlm.nih.gov/gene/12798330,-1.20451,0.0206189,OSD-207
https://purl.org/okn/frink/kg/spoke-genelab/node/OSD-207-6abfb081980c44e130a5c0f940551ef2,Orc1,http://purl.obolibrary.org/obo/NCBITaxon_7227,http://www.ncbi.nlm.nih.gov/gene/35686,1.49981,0.00383759,OSD-207
https://purl.org/okn/frink/kg/spoke-genelab/node/OSD-207-6abfb081980c44e130a5c0f940551ef2,Kua,http://purl.obolibrary.org/obo/NCBITaxon_7227,http://www.ncbi.nlm.nih.gov/gene/35300,1.15767,0.00727891,OSD-207
https://purl.org/okn/frink/kg/spoke-genelab/node/OSD-207-6abfb081980c44e130a5c0f940551ef2,mh,http://purl.obolibrary.org/obo/NCBITaxon_7227,http://www.ncbi.nlm.nih.gov/gene/32480,1.64319,0.000126338,OSD-207
https://purl.org/okn/frink/kg/spoke-genelab/node/OSD-207-6abfb081980c44e130a5c0f940551ef2,Scp2,http://purl.obolibrary.org/obo/NCBITaxon_7227,http://www.ncbi.nlm.nih.gov/gene/42015,-1.05785,0.000426704,OSD-207
https://purl.org/okn/frink/kg/spoke-genelab/node/OSD-207-6abfb081980c44e130a5c0f940551ef2,Mlp84B,http://purl.obolibrary.org/obo/NCBITaxon_7227,http://www.ncbi.nlm.nih.gov/gene/40849,-1.10299,0.000851063,OSD-207
https://purl.org/okn/frink/kg/spoke-genelab/node/OSD-207-6abfb081980c44e130a5c0f940551ef2,CG8563,http://purl.obolibrary.org/obo/NCBITaxon_7227,http://www.ncbi.nlm.nih.gov/gene/38826,-1.77321,0.0138867,OSD-207
https://purl.org/okn/frink/kg/spoke-genelab/node/OSD-207-6abfb081980c44e130a5c0f940551ef2,CG42331,http://purl.obolibrary.org/obo/NCBITaxon_7227,http://www.ncbi.nlm.nih.gov/gene/42948,-1.31883,0.000272751,OSD-207
https://purl.org/okn/frink/kg/spoke-genelab/node/OSD-207-6abfb081980c44e130a5c0f940551ef2,Obp69a,http://purl.obolibrary.org/obo/NCBITaxon_7227,http://www.ncbi.nlm.nih.gov/gene/39411,1.28829,4.24455e-05,OSD-207
https://purl.org/okn/frink/kg/spoke-genelab/node/OSD-207-b85a532693b63036252b8f9e7c546d9f,CG13563,http://purl.obolibrary.org/obo/NCBITaxon_7227,http://www.ncbi.nlm.nih.gov/gene/37845,-2.45379,1.36723e-06,OSD-207
https://purl.org/okn/frink/kg/spoke-genelab/node/OSD-207-b85a532693b63036252b8f9e7c546d9f,CG9876,http://purl.obolibrary.org/obo/NCBITaxon_7227,http://www.ncbi.nlm.nih.gov/gene/37668,-1.36552,0.00574505,OSD-207
https://purl.org/okn/frink/kg/spoke-genelab/node/OSD-207-b85a532693b63036252b8f9e7c546d9f,Jhedup,http://purl.obolibrary.org/obo/NCBITaxon_7227,http://www.ncbi.nlm.nih.gov/gene/36779,1.39888,1.64872e-05,OSD-207
https://purl.org/okn/frink/kg/spoke-genelab/node/OSD-207-b85a532693b63036252b8f9e7c546d9f,CG10738,http://purl.obolibrary.org/obo/NCBITaxon_7227,http://www.ncbi.nlm.nih.gov/gene/39516,-1.46011,1.28839e-09,OSD-207
https://purl.org/okn/frink/kg/spoke-genelab/node/OSD-207-b85a532693b63036252b8f9e7c546d9f,CG7409,http://purl.obolibrary.org/obo/NCBITaxon_7227,http://www.ncbi.nlm.nih.gov/gene/38870,-1.12268,2.83584e-05,OSD-207
https://purl.org/okn/frink/kg/spoke-genelab/node/OSD-207-b85a532693b63036252b8f9e7c546d9f,Oxp,http://purl.obolibrary.org/obo/NCBITaxon_7227,http://www.ncbi.nlm.nih.gov/gene/37002,2.2145,8.32496e-10,OSD-207
https://purl.org/okn/frink/kg/spoke-genelab/node/OSD-207-b85a532693b63036252b8f9e7c546d9f,CG5770,http://purl.obolibrary.org/obo/NCBITaxon_7227,http://www.ncbi.nlm.nih.gov/gene/37054,4.493,0.0254813,OSD-207
https://purl.org/okn/frink/kg/spoke-genelab/node/OSD-207-b85a532693b63036252b8f9e7c546d9f,CG13566,http://purl.obolibrary.org/obo/NCBITaxon_7227,http://www.ncbi.nlm.nih.gov/gene/37813,-2.35623,0.0361401,OSD-207
https://purl.org/okn/frink/kg/spoke-genelab/node/OSD-207-b85a532693b63036252b8f9e7c546d9f,CG3880,http://purl.obolibrary.org/obo/NCBITaxon_7227,http://www.ncbi.nlm.nih.gov/gene/37957,-4.94054,0.000697066,OSD-207
https://purl.org/okn/frink/kg/spoke-genelab/node/OSD-207-b85a532693b63036252b8f9e7c546d9f,CG13060,http://purl.obolibrary.org/obo/NCBITaxon_7227,http://www.ncbi.nlm.nih.gov/gene/39802,-6.19309,0.00321566,OSD-207
https://purl.org/okn/frink/kg/spoke-genelab/node/OSD-207-b85a532693b63036252b8f9e7c546d9f,CG8757,http://purl.obolibrary.org/obo/NCBITaxon_7227,http://www.ncbi.nlm.nih.gov/gene/39528,-1.23857,0.0306201,OSD-207
https://purl.org/okn/frink/kg/spoke-genelab/node/OSD-207-b85a532693b63036252b8f9e7c546d9f,CG15021,http://purl.obolibrary.org/obo/NCBITaxon_7227,http://www.ncbi.nlm.nih.gov/gene/38546,-2.05585,2.26667e-06,OSD-207
https://purl.org/okn/frink/kg/spoke-genelab/node/OSD-207-b85a532693b63036252b8f9e7c546d9f,CG11159,http://purl.obolibrary.org/obo/NCBITaxon_7227,http://www.ncbi.nlm.nih.gov/gene/37341,-3.56117,0.0272624,OSD-207
https://purl.org/okn/frink/kg/spoke-genelab/node/OSD-207-b85a532693b63036252b8f9e7c546d9f,CG14495,http://purl.obolibrary.org/obo/NCBITaxon_7227,http://www.ncbi.nlm.nih.gov/gene/37056,-1.56067,0.0144717,OSD-207
https://purl.org/okn/frink/kg/spoke-genelab/node/OSD-207-b85a532693b63036252b8f9e7c546d9f,CG13675,http://purl.obolibrary.org/obo/NCBITaxon_7227,http://www.ncbi.nlm.nih.gov/gene/38907,-5.84168,0.000125515,OSD-207
https://purl.org/okn/frink/kg/spoke-genelab/node/OSD-207-b85a532693b63036252b8f9e7c546d9f,CG11350,http://purl.obolibrary.org/obo/NCBITaxon_7227,http://www.ncbi.nlm.nih.gov/gene/38554,-5.11707,0.0139759,OSD-207
https://purl.org/okn/frink/kg/spoke-genelab/node/OSD-207-b85a532693b63036252b8f9e7c546d9f,CG11905,http://purl.obolibrary.org/obo/NCBITaxon_7227,http://www.ncbi.nlm.nih.gov/gene/39895,-1.28645,0.000360391,OSD-207
https://purl.org/okn/frink/kg/spoke-genelab/node/OSD-207-b85a532693b63036252b8f9e7c546d9f,CNMa,http://purl.obolibrary.org/obo/NCBITaxon_7227,http://www.ncbi.nlm.nih.gov/gene/38242,1.33374,0.00304707,OSD-207
https://purl.org/okn/frink/kg/spoke-genelab/node/OSD-207-b85a532693b63036252b8f9e7c546d9f,ppk27,http://purl.obolibrary.org/obo/NCBITaxon_7227,http://www.ncbi.nlm.nih.gov/gene/38440,-1.93936,0.0162593,OSD-207
https://purl.org/okn/frink/kg/spoke-genelab/node/OSD-207-b85a532693b63036252b8f9e7c546d9f,Fmo-1,http://purl.obolibrary.org/obo/NCBITaxon_7227,http://www.ncbi.nlm.nih.gov/gene/37814,-1.28108,0.000169126,OSD-207
https://purl.org/okn/frink/kg/spoke-genelab/node/OSD-207-b85a532693b63036252b8f9e7c546d9f,CG6083,http://purl.obolibrary.org/obo/NCBITaxon_7227,http://www.ncbi.nlm.nih.gov/gene/39305,-1.29293,3.96103e-16,OSD-207
https://purl.org/okn/frink/kg/spoke-genelab/node/OSD-207-b85a532693b63036252b8f9e7c546d9f,CG11300,http://purl.obolibrary.org/obo/NCBITaxon_7227,http://www.ncbi.nlm.nih.gov/gene/37760,3.40044,0.0121637,OSD-207
https://purl.org/okn/frink/kg/spoke-genelab/node/OSD-207-b85a532693b63036252b8f9e7c546d9f,Cyt-c1,http://purl.obolibrary.org/obo/NCBITaxon_7227,http://www.ncbi.nlm.nih.gov/gene/38612,-1.15148,2.37381e-11,OSD-207
https://purl.org/okn/frink/kg/spoke-genelab/node/OSD-207-b85a532693b63036252b8f9e7c546d9f,CG13868,http://purl.obolibrary.org/obo/NCBITaxon_7227,http://www.ncbi.nlm.nih.gov/gene/37302,1.02406,0.00580475,OSD-207
https://purl.org/okn/frink/kg/spoke-genelab/node/OSD-207-b85a532693b63036252b8f9e7c546d9f,resilin,http://purl.obolibrary.org/obo/NCBITaxon_7227,http://www.ncbi.nlm.nih.gov/gene/36880,-2.43797,0.00235524,OSD-207
https://purl.org/okn/frink/kg/spoke-genelab/node/OSD-207-b85a532693b63036252b8f9e7c546d9f,Zasp66,http://purl.obolibrary.org/obo/NCBITaxon_7227,http://www.ncbi.nlm.nih.gov/gene/38988,-1.16899,3.04236e-13,OSD-207
https://purl.org/okn/frink/kg/spoke-genelab/node/OSD-207-b85a532693b63036252b8f9e7c546d9f,CHMP2B,http://purl.obolibrary.org/obo/NCBITaxon_7227,http://www.ncbi.nlm.nih.gov/gene/38599,1.63837,0.000154116,OSD-207
https://purl.org/okn/frink/kg/spoke-genelab/node/OSD-207-b85a532693b63036252b8f9e7c546d9f,CG5653,http://purl.obolibrary.org/obo/NCBITaxon_7227,http://www.ncbi.nlm.nih.gov/gene/39024,-2.2951,6.00405e-07,OSD-207
https://purl.org/okn/frink/kg/spoke-genelab/node/OSD-207-b85a532693b63036252b8f9e7c546d9f,CG15614,http://purl.obolibrary.org/obo/NCBITaxon_7227,http://www.ncbi.nlm.nih.gov/gene/36899,-2.40552,0.00473433,OSD-207
https://purl.org/okn/frink/kg/spoke-genelab/node/OSD-207-b85a532693b63036252b8f9e7c546d9f,Plod,http://purl.obolibrary.org/obo/NCBITaxon_7227,http://www.ncbi.nlm.nih.gov/gene/39265,-1.15133,7.18222e-05,OSD-207
https://purl.org/okn/frink/kg/spoke-genelab/node/OSD-207-b85a532693b63036252b8f9e7c546d9f,CG13511,http://purl.obolibrary.org/obo/NCBITaxon_7227,http://www.ncbi.nlm.nih.gov/gene/37597,4.15258,6.23253e-05,OSD-207
https://purl.org/okn/frink/kg/spoke-genelab/node/OSD-207-b85a532693b63036252b8f9e7c546d9f,CG9119,http://purl.obolibrary.org/obo/NCBITaxon_7227,http://www.ncbi.nlm.nih.gov/gene/38124,-1.62568,0.001585,OSD-207
https://purl.org/okn/frink/kg/spoke-genelab/node/OSD-207-b85a532693b63036252b8f9e7c546d9f,CG6967,http://purl.obolibrary.org/obo/NCBITaxon_7227,http://www.ncbi.nlm.nih.gov/gene/36922,1.76307,0.0378835,OSD-207
https://purl.org/okn/frink/kg/spoke-genelab/node/OSD-207-b85a532693b63036252b8f9e7c546d9f,CG13058,http://purl.obolibrary.org/obo/NCBITaxon_7227,http://www.ncbi.nlm.nih.gov/gene/39806,-4.71299,0.00680034,OSD-207
https://purl.org/okn/frink/kg/spoke-genelab/node/OSD-207-b85a532693b63036252b8f9e7c546d9f,Asph,http://purl.obolibrary.org/obo/NCBITaxon_7227,http://www.ncbi.nlm.nih.gov/gene/36778,-1.48629,1.88102e-05,OSD-207
https://purl.org/okn/frink/kg/spoke-genelab/node/OSD-207-b85a532693b63036252b8f9e7c546d9f,Cpr62Ba,http://purl.obolibrary.org/obo/NCBITaxon_7227,http://www.ncbi.nlm.nih.gov/gene/38239,-1.87837,0.00231749,OSD-207
https://purl.org/okn/frink/kg/spoke-genelab/node/OSD-207-b85a532693b63036252b8f9e7c546d9f,CG13458,http://purl.obolibrary.org/obo/NCBITaxon_7227,http://www.ncbi.nlm.nih.gov/gene/39646,-2.2554,3.00036e-07,OSD-207
https://purl.org/okn/frink/kg/spoke-genelab/node/OSD-207-b85a532693b63036252b8f9e7c546d9f,CG14990,http://purl.obolibrary.org/obo/NCBITaxon_7227,http://www.ncbi.nlm.nih.gov/gene/38486,-4.87163,5.44142e-05,OSD-207
https://purl.org/okn/frink/kg/spoke-genelab/node/OSD-207-b85a532693b63036252b8f9e7c546d9f,CG4982,http://purl.obolibrary.org/obo/NCBITaxon_7227,http://www.ncbi.nlm.nih.gov/gene/39794,3.36311,0.0295579,OSD-207
https://purl.org/okn/frink/kg/spoke-genelab/node/OSD-207-b85a532693b63036252b8f9e7c546d9f,CG6409,http://purl.obolibrary.org/obo/NCBITaxon_7227,http://www.ncbi.nlm.nih.gov/gene/39220,1.21437,6.69067e-09,OSD-207
https://purl.org/okn/frink/kg/spoke-genelab/node/OSD-207-b85a532693b63036252b8f9e7c546d9f,Swim,http://purl.obolibrary.org/obo/NCBITaxon_7227,http://www.ncbi.nlm.nih.gov/gene/37537,-2.21071,1.11979e-06,OSD-207
https://purl.org/okn/frink/kg/spoke-genelab/node/OSD-207-b85a532693b63036252b8f9e7c546d9f,rad50,http://purl.obolibrary.org/obo/NCBITaxon_7227,http://www.ncbi.nlm.nih.gov/gene/37564,1.16907,4.08648e-12,OSD-207
https://purl.org/okn/frink/kg/spoke-genelab/node/OSD-207-b85a532693b63036252b8f9e7c546d9f,CG5235,http://purl.obolibrary.org/obo/NCBITaxon_7227,http://www.ncbi.nlm.nih.gov/gene/39758,1.03045,0.00212692,OSD-207
https://purl.org/okn/frink/kg/spoke-genelab/node/OSD-207-b85a532693b63036252b8f9e7c546d9f,Orcokinin,http://purl.obolibrary.org/obo/NCBITaxon_7227,http://www.ncbi.nlm.nih.gov/gene/37806,1.7237,4.08179e-09,OSD-207
https://purl.org/okn/frink/kg/spoke-genelab/node/OSD-207-b85a532693b63036252b8f9e7c546d9f,CG5157,http://purl.obolibrary.org/obo/NCBITaxon_7227,http://www.ncbi.nlm.nih.gov/gene/39771,-3.25592,0.000244458,OSD-207
https://purl.org/okn/frink/kg/spoke-genelab/node/OSD-207-b85a532693b63036252b8f9e7c546d9f,CG11714,http://purl.obolibrary.org/obo/NCBITaxon_7227,http://www.ncbi.nlm.nih.gov/gene/3772566,-1.52041,0.0028201,OSD-207
https://purl.org/okn/frink/kg/spoke-genelab/node/OSD-207-b85a532693b63036252b8f9e7c546d9f,ppk29,http://purl.obolibrary.org/obo/NCBITaxon_7227,http://www.ncbi.nlm.nih.gov/gene/37844,-1.25132,2.84312e-06,OSD-207
https://purl.org/okn/frink/kg/spoke-genelab/node/OSD-207-b85a532693b63036252b8f9e7c546d9f,Ir68a,http://purl.obolibrary.org/obo/NCBITaxon_7227,http://www.ncbi.nlm.nih.gov/gene/39269,-1.50519,7.73681e-08,OSD-207
https://purl.org/okn/frink/kg/spoke-genelab/node/OSD-207-b85a532693b63036252b8f9e7c546d9f,CG17026,http://purl.obolibrary.org/obo/NCBITaxon_7227,http://www.ncbi.nlm.nih.gov/gene/39739,-1.3337,1.88102e-05,OSD-207
https://purl.org/okn/frink/kg/spoke-genelab/node/OSD-207-b85a532693b63036252b8f9e7c546d9f,CG4945,http://purl.obolibrary.org/obo/NCBITaxon_7227,http://www.ncbi.nlm.nih.gov/gene/36850,-1.01018,1.99722e-06,OSD-207
https://purl.org/okn/frink/kg/spoke-genelab/node/OSD-207-b85a532693b63036252b8f9e7c546d9f,CG10710,http://purl.obolibrary.org/obo/NCBITaxon_7227,http://www.ncbi.nlm.nih.gov/gene/39525,-1.78318,2.51784e-11,OSD-207
https://purl.org/okn/frink/kg/spoke-genelab/node/OSD-207-b85a532693b63036252b8f9e7c546d9f,ATPsynF,http://purl.obolibrary.org/obo/NCBITaxon_7227,http://www.ncbi.nlm.nih.gov/gene/37931,-1.19486,3.35036e-09,OSD-207
https://purl.org/okn/frink/kg/spoke-genelab/node/OSD-207-b85a532693b63036252b8f9e7c546d9f,AdenoK,http://purl.obolibrary.org/obo/NCBITaxon_7227,http://www.ncbi.nlm.nih.gov/gene/39479,1.16281,2.45275e-09,OSD-207
https://purl.org/okn/frink/kg/spoke-genelab/node/OSD-207-b85a532693b63036252b8f9e7c546d9f,CG8517,http://purl.obolibrary.org/obo/NCBITaxon_7227,http://www.ncbi.nlm.nih.gov/gene/37268,-3.55485,0.0372375,OSD-207
https://purl.org/okn/frink/kg/spoke-genelab/node/OSD-207-b85a532693b63036252b8f9e7c546d9f,levy,http://purl.obolibrary.org/obo/NCBITaxon_7227,http://www.ncbi.nlm.nih.gov/gene/37728,-1.02143,1.56114e-10,OSD-207
https://purl.org/okn/frink/kg/spoke-genelab/node/OSD-207-b85a532693b63036252b8f9e7c546d9f,Acp53C14a,http://purl.obolibrary.org/obo/NCBITaxon_7227,http://www.ncbi.nlm.nih.gov/gene/36872,-4.06439,0.00422139,OSD-207
https://purl.org/okn/frink/kg/spoke-genelab/node/OSD-207-b85a532693b63036252b8f9e7c546d9f,twz,http://purl.obolibrary.org/obo/NCBITaxon_7227,http://www.ncbi.nlm.nih.gov/gene/37456,-1.20883,8.50861e-11,OSD-207
https://purl.org/okn/frink/kg/spoke-genelab/node/OSD-207-b85a532693b63036252b8f9e7c546d9f,CG13869,http://purl.obolibrary.org/obo/NCBITaxon_7227,http://www.ncbi.nlm.nih.gov/gene/37283,-2.80863,1.06403e-08,OSD-207
https://purl.org/okn/frink/kg/spoke-genelab/node/OSD-207-b85a532693b63036252b8f9e7c546d9f,CG14968,http://purl.obolibrary.org/obo/NCBITaxon_7227,http://www.ncbi.nlm.nih.gov/gene/38406,-1.23932,2.20557e-05,OSD-207
https://purl.org/okn/frink/kg/spoke-genelab/node/OSD-207-b85a532693b63036252b8f9e7c546d9f,Smyd4-2,http://purl.obolibrary.org/obo/NCBITaxon_7227,http://www.ncbi.nlm.nih.gov/gene/39414,-1.5176,2.55336e-05,OSD-207
https://purl.org/okn/frink/kg/spoke-genelab/node/OSD-207-b85a532693b63036252b8f9e7c546d9f,Tsp66E,http://purl.obolibrary.org/obo/NCBITaxon_7227,http://www.ncbi.nlm.nih.gov/gene/39017,-1.17367,1.9765e-14,OSD-207
https://purl.org/okn/frink/kg/spoke-genelab/node/OSD-207-b85a532693b63036252b8f9e7c546d9f,CG13041,http://purl.obolibrary.org/obo/NCBITaxon_7227,http://www.ncbi.nlm.nih.gov/gene/39801,-5.05966,2.14086e-05,OSD-207
https://purl.org/okn/frink/kg/spoke-genelab/node/OSD-207-b85a532693b63036252b8f9e7c546d9f,CG13023,http://purl.obolibrary.org/obo/NCBITaxon_7227,http://www.ncbi.nlm.nih.gov/gene/39894,-2.90926,2.40502e-06,OSD-207
https://purl.org/okn/frink/kg/spoke-genelab/node/OSD-207-b85a532693b63036252b8f9e7c546d9f,CG18367,http://purl.obolibrary.org/obo/NCBITaxon_7227,http://www.ncbi.nlm.nih.gov/gene/37255,-2.46895,0.00155943,OSD-207
https://purl.org/okn/frink/kg/spoke-genelab/node/OSD-207-b85a532693b63036252b8f9e7c546d9f,CG5819,http://purl.obolibrary.org/obo/NCBITaxon_7227,http://www.ncbi.nlm.nih.gov/gene/37547,1.28952,0.00018527,OSD-207
https://purl.org/okn/frink/kg/spoke-genelab/node/OSD-207-b85a532693b63036252b8f9e7c546d9f,CG14490,http://purl.obolibrary.org/obo/NCBITaxon_7227,http://www.ncbi.nlm.nih.gov/gene/37041,-1.44313,0.0487017,OSD-207
https://purl.org/okn/frink/kg/spoke-genelab/node/OSD-207-b85a532693b63036252b8f9e7c546d9f,CG9485,http://purl.obolibrary.org/obo/NCBITaxon_7227,http://www.ncbi.nlm.nih.gov/gene/37435,-2.6796,1.07421e-12,OSD-207
https://purl.org/okn/frink/kg/spoke-genelab/node/OSD-207-b85a532693b63036252b8f9e7c546d9f,spz6,http://purl.obolibrary.org/obo/NCBITaxon_7227,http://www.ncbi.nlm.nih.gov/gene/37956,-5.3555,1.19972e-07,OSD-207
https://purl.org/okn/frink/kg/spoke-genelab/node/OSD-207-b85a532693b63036252b8f9e7c546d9f,CG13040,http://purl.obolibrary.org/obo/NCBITaxon_7227,http://www.ncbi.nlm.nih.gov/gene/39804,-5.89147,0.0345758,OSD-207
https://purl.org/okn/frink/kg/spoke-genelab/node/OSD-207-b85a532693b63036252b8f9e7c546d9f,CG13545,http://purl.obolibrary.org/obo/NCBITaxon_7227,http://www.ncbi.nlm.nih.gov/gene/37675,-8.48069,0.000732465,OSD-207
https://purl.org/okn/frink/kg/spoke-genelab/node/OSD-207-b85a532693b63036252b8f9e7c546d9f,CG5644,http://purl.obolibrary.org/obo/NCBITaxon_7227,http://www.ncbi.nlm.nih.gov/gene/39029,-1.22698,5.76879e-13,OSD-207
https://purl.org/okn/frink/kg/spoke-genelab/node/OSD-207-b85a532693b63036252b8f9e7c546d9f,CG7906,http://purl.obolibrary.org/obo/NCBITaxon_7227,http://www.ncbi.nlm.nih.gov/gene/39575,-2.82638,6.74047e-05,OSD-207
https://purl.org/okn/frink/kg/spoke-genelab/node/OSD-207-b85a532693b63036252b8f9e7c546d9f,CG13510,http://purl.obolibrary.org/obo/NCBITaxon_7227,http://www.ncbi.nlm.nih.gov/gene/37596,1.71395,0.00122293,OSD-207
https://purl.org/okn/frink/kg/spoke-genelab/node/OSD-207-b85a532693b63036252b8f9e7c546d9f,CG13560,http://purl.obolibrary.org/obo/NCBITaxon_7227,http://www.ncbi.nlm.nih.gov/gene/37758,2.44565,0.000952837,OSD-207
https://purl.org/okn/frink/kg/spoke-genelab/node/OSD-207-b85a532693b63036252b8f9e7c546d9f,CG14109,http://purl.obolibrary.org/obo/NCBITaxon_7227,http://www.ncbi.nlm.nih.gov/gene/39512,-1.35763,5.83193e-08,OSD-207
https://purl.org/okn/frink/kg/spoke-genelab/node/OSD-207-b85a532693b63036252b8f9e7c546d9f,RhoGEF4,http://purl.obolibrary.org/obo/NCBITaxon_7227,http://www.ncbi.nlm.nih.gov/gene/38806,2.41858,0.00021194,OSD-207
https://purl.org/okn/frink/kg/spoke-genelab/node/OSD-207-b85a532693b63036252b8f9e7c546d9f,CG10307,http://purl.obolibrary.org/obo/NCBITaxon_7227,http://www.ncbi.nlm.nih.gov/gene/37477,-1.00854,0.00167099,OSD-207
https://purl.org/okn/frink/kg/spoke-genelab/node/OSD-207-b85a532693b63036252b8f9e7c546d9f,S-Lap1,http://purl.obolibrary.org/obo/NCBITaxon_7227,http://www.ncbi.nlm.nih.gov/gene/38986,-1.03548,0.000250511,OSD-207
https://purl.org/okn/frink/kg/spoke-genelab/node/OSD-207-b85a532693b63036252b8f9e7c546d9f,CG9877,http://purl.obolibrary.org/obo/NCBITaxon_7227,http://www.ncbi.nlm.nih.gov/gene/37666,2.88648,0.039385,OSD-207
https://purl.org/okn/frink/kg/spoke-genelab/node/OSD-207-b85a532693b63036252b8f9e7c546d9f,CG7573,http://purl.obolibrary.org/obo/NCBITaxon_7227,http://www.ncbi.nlm.nih.gov/gene/39272,-3.2976,0.0169498,OSD-207
https://purl.org/okn/frink/kg/spoke-genelab/node/OSD-207-b85a532693b63036252b8f9e7c546d9f,CG13042,http://purl.obolibrary.org/obo/NCBITaxon_7227,http://www.ncbi.nlm.nih.gov/gene/39798,-4.78242,0.0193199,OSD-207
https://purl.org/okn/frink/kg/spoke-genelab/node/OSD-207-b85a532693b63036252b8f9e7c546d9f,GlyT,http://purl.obolibrary.org/obo/NCBITaxon_7227,http://www.ncbi.nlm.nih.gov/gene/37772,-1.06014,6.16214e-09,OSD-207
https://purl.org/okn/frink/kg/spoke-genelab/node/OSD-207-b85a532693b63036252b8f9e7c546d9f,CG4998,http://purl.obolibrary.org/obo/NCBITaxon_7227,http://www.ncbi.nlm.nih.gov/gene/39808,-3.68809,0.000247054,OSD-207
https://purl.org/okn/frink/kg/spoke-genelab/node/OSD-207-b85a532693b63036252b8f9e7c546d9f,tfc,http://purl.obolibrary.org/obo/NCBITaxon_7227,http://www.ncbi.nlm.nih.gov/gene/38141,-3.3783,1.78018e-12,OSD-207
https://purl.org/okn/frink/kg/spoke-genelab/node/OSD-207-b85a532693b63036252b8f9e7c546d9f,ND-19,http://purl.obolibrary.org/obo/NCBITaxon_7227,http://www.ncbi.nlm.nih.gov/gene/37946,-1.2792,8.85949e-11,OSD-207
https://purl.org/okn/frink/kg/spoke-genelab/node/OSD-207-b85a532693b63036252b8f9e7c546d9f,CG13559,http://purl.obolibrary.org/obo/NCBITaxon_7227,http://www.ncbi.nlm.nih.gov/gene/37720,1.15203,0.00973273,OSD-207
https://purl.org/okn/frink/kg/spoke-genelab/node/OSD-207-b85a532693b63036252b8f9e7c546d9f,CG15082,http://purl.obolibrary.org/obo/NCBITaxon_7227,http://www.ncbi.nlm.nih.gov/gene/37173,1.03555,5.38528e-07,OSD-207
https://purl.org/okn/frink/kg/spoke-genelab/node/OSD-207-b85a532693b63036252b8f9e7c546d9f,CG4984,http://purl.obolibrary.org/obo/NCBITaxon_7227,http://www.ncbi.nlm.nih.gov/gene/37017,-2.84563,1.34019e-11,OSD-207
https://purl.org/okn/frink/kg/spoke-genelab/node/OSD-207-b85a532693b63036252b8f9e7c546d9f,CG12607,http://purl.obolibrary.org/obo/NCBITaxon_7227,http://www.ncbi.nlm.nih.gov/gene/38547,-5.32888,0.0110155,OSD-207
https://purl.org/okn/frink/kg/spoke-genelab/node/OSD-207-b85a532693b63036252b8f9e7c546d9f,CG4461,http://purl.obolibrary.org/obo/NCBITaxon_7227,http://www.ncbi.nlm.nih.gov/gene/39074,-1.68279,1.51281e-07,OSD-207
https://purl.org/okn/frink/kg/spoke-genelab/node/OSD-207-b85a532693b63036252b8f9e7c546d9f,CG13720,http://purl.obolibrary.org/obo/NCBITaxon_7227,http://www.ncbi.nlm.nih.gov/gene/38557,-6.49391,0.0192776,OSD-207
https://purl.org/okn/frink/kg/spoke-genelab/node/OSD-207-b85a532693b63036252b8f9e7c546d9f,CG1273,http://purl.obolibrary.org/obo/NCBITaxon_7227,http://www.ncbi.nlm.nih.gov/gene/38522,-2.59267,0.00464951,OSD-207
https://purl.org/okn/frink/kg/spoke-genelab/node/OSD-207-b85a532693b63036252b8f9e7c546d9f,CG13285,http://purl.obolibrary.org/obo/NCBITaxon_7227,http://www.ncbi.nlm.nih.gov/gene/38623,-1.43682,0.00235726,OSD-207
https://purl.org/okn/frink/kg/spoke-genelab/node/OSD-207-b85a532693b63036252b8f9e7c546d9f,krimp,http://purl.obolibrary.org/obo/NCBITaxon_7227,http://www.ncbi.nlm.nih.gov/gene/36804,2.01224,0.00204043,OSD-207
https://purl.org/okn/frink/kg/spoke-genelab/node/OSD-207-b85a532693b63036252b8f9e7c546d9f,Dnah3,http://purl.obolibrary.org/obo/NCBITaxon_7227,http://www.ncbi.nlm.nih.gov/gene/38586,1.02902,0.000537368,OSD-207
https://purl.org/okn/frink/kg/spoke-genelab/node/OSD-207-b85a532693b63036252b8f9e7c546d9f,CG13059,http://purl.obolibrary.org/obo/NCBITaxon_7227,http://www.ncbi.nlm.nih.gov/gene/39803,-5.50713,2.26334e-07,OSD-207
https://purl.org/okn/frink/kg/spoke-genelab/node/OSD-207-b85a532693b63036252b8f9e7c546d9f,CG6910,http://purl.obolibrary.org/obo/NCBITaxon_7227,http://www.ncbi.nlm.nih.gov/gene/39391,1.36723,0.00450217,OSD-207
https://purl.org/okn/frink/kg/spoke-genelab/node/OSD-207-b85a532693b63036252b8f9e7c546d9f,CG13071,http://purl.obolibrary.org/obo/NCBITaxon_7227,http://www.ncbi.nlm.nih.gov/gene/39781,-5.51369,5.31248e-18,OSD-207
https://purl.org/okn/frink/kg/spoke-genelab/node/OSD-207-b85a532693b63036252b8f9e7c546d9f,chrb,http://purl.obolibrary.org/obo/NCBITaxon_7227,http://www.ncbi.nlm.nih.gov/gene/39284,-1.02336,8.10528e-05,OSD-207
https://purl.org/okn/frink/kg/spoke-genelab/node/OSD-207-b85a532693b63036252b8f9e7c546d9f,CG12493,http://purl.obolibrary.org/obo/NCBITaxon_7227,http://www.ncbi.nlm.nih.gov/gene/38575,-3.63687,0.00794163,OSD-207
https://purl.org/okn/frink/kg/spoke-genelab/node/OSD-207-b85a532693b63036252b8f9e7c546d9f,CG12520,http://purl.obolibrary.org/obo/NCBITaxon_7227,http://www.ncbi.nlm.nih.gov/gene/39466,1.60014,5.24793e-07,OSD-207
https://purl.org/okn/frink/kg/spoke-genelab/node/OSD-207-b85a532693b63036252b8f9e7c546d9f,CG13026,http://purl.obolibrary.org/obo/NCBITaxon_7227,http://www.ncbi.nlm.nih.gov/gene/39868,-5.51233,4.08085e-13,OSD-207
https://purl.org/okn/frink/kg/spoke-genelab/node/OSD-207-b85a532693b63036252b8f9e7c546d9f,ND-B12,http://purl.obolibrary.org/obo/NCBITaxon_7227,http://www.ncbi.nlm.nih.gov/gene/37466,-1.01516,6.58769e-08,OSD-207
https://purl.org/okn/frink/kg/spoke-genelab/node/OSD-207-b85a532693b63036252b8f9e7c546d9f,Sardh,http://purl.obolibrary.org/obo/NCBITaxon_7227,http://www.ncbi.nlm.nih.gov/gene/37026,1.15604,0.00332354,OSD-207
https://purl.org/okn/frink/kg/spoke-genelab/node/OSD-207-b85a532693b63036252b8f9e7c546d9f,CG14838,http://purl.obolibrary.org/obo/NCBITaxon_7227,http://www.ncbi.nlm.nih.gov/gene/38851,-3.25924,0.00121922,OSD-207
https://purl.org/okn/frink/kg/spoke-genelab/node/OSD-207-b85a532693b63036252b8f9e7c546d9f,CG11475,http://purl.obolibrary.org/obo/NCBITaxon_7227,http://www.ncbi.nlm.nih.gov/gene/37513,-1.54899,9.08713e-05,OSD-207
https://purl.org/okn/frink/kg/spoke-genelab/node/OSD-207-b85a532693b63036252b8f9e7c546d9f,Poc1,http://purl.obolibrary.org/obo/NCBITaxon_7227,http://www.ncbi.nlm.nih.gov/gene/39502,1.52489,0.000931431,OSD-207
https://purl.org/okn/frink/kg/spoke-genelab/node/OSD-207-b85a532693b63036252b8f9e7c546d9f,TrpA1,http://purl.obolibrary.org/obo/NCBITaxon_7227,http://www.ncbi.nlm.nih.gov/gene/39015,1.16085,3.56186e-07,OSD-207
https://purl.org/okn/frink/kg/spoke-genelab/node/OSD-207-b85a532693b63036252b8f9e7c546d9f,CG15023,http://purl.obolibrary.org/obo/NCBITaxon_7227,http://www.ncbi.nlm.nih.gov/gene/38550,-8.43969,0.0052323,OSD-207
https://purl.org/okn/frink/kg/spoke-genelab/node/OSD-207-b85a532693b63036252b8f9e7c546d9f,CG8563,http://purl.obolibrary.org/obo/NCBITaxon_7227,http://www.ncbi.nlm.nih.gov/gene/38826,-2.54391,3.98962e-05,OSD-207
https://purl.org/okn/frink/kg/spoke-genelab/node/OSD-207-b85a532693b63036252b8f9e7c546d9f,Alp8,http://purl.obolibrary.org/obo/NCBITaxon_7227,http://www.ncbi.nlm.nih.gov/gene/37540,-3.48907,0.0206929,OSD-207
https://purl.org/okn/frink/kg/spoke-genelab/node/OSD-207-b85a532693b63036252b8f9e7c546d9f,CG10073,http://purl.obolibrary.org/obo/NCBITaxon_7227,http://www.ncbi.nlm.nih.gov/gene/37225,3.47517,1.46932e-07,OSD-207
https://purl.org/okn/frink/kg/spoke-genelab/node/OSD-207-b85a532693b63036252b8f9e7c546d9f,Mpcp1,http://purl.obolibrary.org/obo/NCBITaxon_7227,http://www.ncbi.nlm.nih.gov/gene/37297,-3.11093,1.33722e-12,OSD-207
https://purl.org/okn/frink/kg/spoke-genelab/node/OSD-207-b85a532693b63036252b8f9e7c546d9f,DAT,http://purl.obolibrary.org/obo/NCBITaxon_7227,http://www.ncbi.nlm.nih.gov/gene/36849,-1.22828,1.6088e-06,OSD-207
https://purl.org/okn/frink/kg/spoke-genelab/node/OSD-207-b85a532693b63036252b8f9e7c546d9f,BomBc1,http://purl.obolibrary.org/obo/NCBITaxon_7227,http://www.ncbi.nlm.nih.gov/gene/37099,3.5444,0.000839254,OSD-207
https://purl.org/okn/frink/kg/spoke-genelab/node/OSD-207-b85a532693b63036252b8f9e7c546d9f,ppk16,http://purl.obolibrary.org/obo/NCBITaxon_7227,http://www.ncbi.nlm.nih.gov/gene/3885612,-2.32041,0.00553467,OSD-207
https://purl.org/okn/frink/kg/spoke-genelab/node/OSD-207-b85a532693b63036252b8f9e7c546d9f,CG14377,http://purl.obolibrary.org/obo/NCBITaxon_7227,http://www.ncbi.nlm.nih.gov/gene/41649,-1.68364,0.00386408,OSD-207
https://purl.org/okn/frink/kg/spoke-genelab/node/OSD-207-b85a532693b63036252b8f9e7c546d9f,ppk11,http://purl.obolibrary.org/obo/NCBITaxon_7227,http://www.ncbi.nlm.nih.gov/gene/34299,-2.32041,0.00553467,OSD-207
https://purl.org/okn/frink/kg/spoke-genelab/node/OSD-207-b85a532693b63036252b8f9e7c546d9f,CG43222,http://purl.obolibrary.org/obo/NCBITaxon_7227,http://www.ncbi.nlm.nih.gov/gene/12798528,-1.12596,1.26628e-05,OSD-207
https://purl.org/okn/frink/kg/spoke-genelab/node/OSD-207-b85a532693b63036252b8f9e7c546d9f,prom,http://purl.obolibrary.org/obo/NCBITaxon_7227,http://www.ncbi.nlm.nih.gov/gene/246493,-1.2207,1.4558e-11,OSD-207
https://purl.org/okn/frink/kg/spoke-genelab/node/OSD-207-b85a532693b63036252b8f9e7c546d9f,lncRNA:CR45455,http://purl.obolibrary.org/obo/NCBITaxon_7227,http://www.ncbi.nlm.nih.gov/gene/19834797,2.15613,0.0242587,OSD-207
https://purl.org/okn/frink/kg/spoke-genelab/node/OSD-207-b85a532693b63036252b8f9e7c546d9f,CG34208,http://purl.obolibrary.org/obo/NCBITaxon_7227,http://www.ncbi.nlm.nih.gov/gene/5740805,-2.91053,2.54627e-07,OSD-207
https://purl.org/okn/frink/kg/spoke-genelab/node/OSD-207-b85a532693b63036252b8f9e7c546d9f,CG34305,http://purl.obolibrary.org/obo/NCBITaxon_7227,http://www.ncbi.nlm.nih.gov/gene/5740825,-2.21848,0.0124831,OSD-207
https://purl.org/okn/frink/kg/spoke-genelab/node/OSD-207-b85a532693b63036252b8f9e7c546d9f,pinta,http://purl.obolibrary.org/obo/NCBITaxon_7227,http://www.ncbi.nlm.nih.gov/gene/42635,1.24265,2.46758e-12,OSD-207
https://purl.org/okn/frink/kg/spoke-genelab/node/OSD-207-b85a532693b63036252b8f9e7c546d9f,CG3777,http://purl.obolibrary.org/obo/NCBITaxon_7227,http://www.ncbi.nlm.nih.gov/gene/30979,-3.78126,4.19663e-05,OSD-207
https://purl.org/okn/frink/kg/spoke-genelab/node/OSD-207-b85a532693b63036252b8f9e7c546d9f,CG13857,http://purl.obolibrary.org/obo/NCBITaxon_7227,http://www.ncbi.nlm.nih.gov/gene/42627,-4.51796,0.00224174,OSD-207
https://purl.org/okn/frink/kg/spoke-genelab/node/OSD-207-b85a532693b63036252b8f9e7c546d9f,Ir75c,http://purl.obolibrary.org/obo/NCBITaxon_7227,http://www.ncbi.nlm.nih.gov/gene/39983,2.0789,0.00343151,OSD-207
https://purl.org/okn/frink/kg/spoke-genelab/node/OSD-207-b85a532693b63036252b8f9e7c546d9f,CG34038,http://purl.obolibrary.org/obo/NCBITaxon_7227,http://www.ncbi.nlm.nih.gov/gene/3885596,-4.10962,0.0312476,OSD-207
https://purl.org/okn/frink/kg/spoke-genelab/node/OSD-207-b85a532693b63036252b8f9e7c546d9f,CG42740,http://purl.obolibrary.org/obo/NCBITaxon_7227,http://www.ncbi.nlm.nih.gov/gene/10178837,1.12718,0.00846221,OSD-207
https://purl.org/okn/frink/kg/spoke-genelab/node/OSD-207-b85a532693b63036252b8f9e7c546d9f,CG12224,http://purl.obolibrary.org/obo/NCBITaxon_7227,http://www.ncbi.nlm.nih.gov/gene/41453,-1.0242,0.036594,OSD-207
https://purl.org/okn/frink/kg/spoke-genelab/node/OSD-207-b85a532693b63036252b8f9e7c546d9f,CG10407,http://purl.obolibrary.org/obo/NCBITaxon_7227,http://www.ncbi.nlm.nih.gov/gene/41949,-1.7067,1.05791e-05,OSD-207
https://purl.org/okn/frink/kg/spoke-genelab/node/OSD-207-b85a532693b63036252b8f9e7c546d9f,CG16786,http://purl.obolibrary.org/obo/NCBITaxon_7227,http://www.ncbi.nlm.nih.gov/gene/37856,-3.5785,5.75629e-06,OSD-207
https://purl.org/okn/frink/kg/spoke-genelab/node/OSD-207-b85a532693b63036252b8f9e7c546d9f,CG9452,http://purl.obolibrary.org/obo/NCBITaxon_7227,http://www.ncbi.nlm.nih.gov/gene/40119,1.23233,0.000214999,OSD-207
https://purl.org/okn/frink/kg/spoke-genelab/node/OSD-207-b85a532693b63036252b8f9e7c546d9f,asRNA:CR46136,http://purl.obolibrary.org/obo/NCBITaxon_7227,http://www.ncbi.nlm.nih.gov/gene/26067452,1.66345,0.0431032,OSD-207
https://purl.org/okn/frink/kg/spoke-genelab/node/OSD-207-b85a532693b63036252b8f9e7c546d9f,PPO2,http://purl.obolibrary.org/obo/NCBITaxon_7227,http://www.ncbi.nlm.nih.gov/gene/35910,1.32611,0.000131094,OSD-207
https://purl.org/okn/frink/kg/spoke-genelab/node/OSD-207-b85a532693b63036252b8f9e7c546d9f,CG14565,http://purl.obolibrary.org/obo/NCBITaxon_7227,http://www.ncbi.nlm.nih.gov/gene/40423,-5.75791,0.00257326,OSD-207
https://purl.org/okn/frink/kg/spoke-genelab/node/OSD-207-b85a532693b63036252b8f9e7c546d9f,CG42237,http://purl.obolibrary.org/obo/NCBITaxon_7227,http://www.ncbi.nlm.nih.gov/gene/32261,-2.22947,0.0015236,OSD-207
https://purl.org/okn/frink/kg/spoke-genelab/node/OSD-207-b85a532693b63036252b8f9e7c546d9f,CG11413,http://purl.obolibrary.org/obo/NCBITaxon_7227,http://www.ncbi.nlm.nih.gov/gene/37920,-5.0297,2.31288e-06,OSD-207
https://purl.org/okn/frink/kg/spoke-genelab/node/OSD-207-b85a532693b63036252b8f9e7c546d9f,CG34054,http://purl.obolibrary.org/obo/NCBITaxon_7227,http://www.ncbi.nlm.nih.gov/gene/3885601,3.32161,1.16088e-08,OSD-207
https://purl.org/okn/frink/kg/spoke-genelab/node/OSD-207-b85a532693b63036252b8f9e7c546d9f,Cyp12d1-p,http://purl.obolibrary.org/obo/NCBITaxon_7227,http://www.ncbi.nlm.nih.gov/gene/246648,1.12025,0.0402535,OSD-207
https://purl.org/okn/frink/kg/spoke-genelab/node/OSD-207-b85a532693b63036252b8f9e7c546d9f,CG34051,http://purl.obolibrary.org/obo/NCBITaxon_7227,http://www.ncbi.nlm.nih.gov/gene/3885660,4.38936,0.00677329,OSD-207
https://purl.org/okn/frink/kg/spoke-genelab/node/OSD-207-b85a532693b63036252b8f9e7c546d9f,CaBP1,http://purl.obolibrary.org/obo/NCBITaxon_7227,http://www.ncbi.nlm.nih.gov/gene/34976,1.65849,0.000666402,OSD-207
https://purl.org/okn/frink/kg/spoke-genelab/node/OSD-207-b85a532693b63036252b8f9e7c546d9f,fln,http://purl.obolibrary.org/obo/NCBITaxon_7227,http://www.ncbi.nlm.nih.gov/gene/40185,-7.82473,2.66299e-12,OSD-207
https://purl.org/okn/frink/kg/spoke-genelab/node/OSD-207-b85a532693b63036252b8f9e7c546d9f,Drs,http://purl.obolibrary.org/obo/NCBITaxon_7227,http://www.ncbi.nlm.nih.gov/gene/38419,3.4667,3.0387e-05,OSD-207
https://purl.org/okn/frink/kg/spoke-genelab/node/OSD-207-b85a532693b63036252b8f9e7c546d9f,GstS1,http://purl.obolibrary.org/obo/NCBITaxon_7227,http://www.ncbi.nlm.nih.gov/gene/36927,-1.46185,3.92647e-07,OSD-207
https://purl.org/okn/frink/kg/spoke-genelab/node/OSD-207-b85a532693b63036252b8f9e7c546d9f,CG33655,http://purl.obolibrary.org/obo/NCBITaxon_7227,http://www.ncbi.nlm.nih.gov/gene/8674081,-2.89094,5.39946e-14,OSD-207
https://purl.org/okn/frink/kg/spoke-genelab/node/OSD-207-b85a532693b63036252b8f9e7c546d9f,CG14598,http://purl.obolibrary.org/obo/NCBITaxon_7227,http://www.ncbi.nlm.nih.gov/gene/40893,-3.64609,0.00210196,OSD-207
https://purl.org/okn/frink/kg/spoke-genelab/node/OSD-207-b85a532693b63036252b8f9e7c546d9f,CG15353,http://purl.obolibrary.org/obo/NCBITaxon_7227,http://www.ncbi.nlm.nih.gov/gene/50191,1.03331,0.0291332,OSD-207
https://purl.org/okn/frink/kg/spoke-genelab/node/OSD-207-b85a532693b63036252b8f9e7c546d9f,CG18599,http://purl.obolibrary.org/obo/NCBITaxon_7227,http://www.ncbi.nlm.nih.gov/gene/42191,-1.31411,0.0125701,OSD-207
https://purl.org/okn/frink/kg/spoke-genelab/node/OSD-207-b85a532693b63036252b8f9e7c546d9f,Neb-cGP,http://purl.obolibrary.org/obo/NCBITaxon_7227,http://www.ncbi.nlm.nih.gov/gene/50417,-1.09131,4.72639e-09,OSD-207
https://purl.org/okn/frink/kg/spoke-genelab/node/OSD-207-b85a532693b63036252b8f9e7c546d9f,NimC3,http://purl.obolibrary.org/obo/NCBITaxon_7227,http://www.ncbi.nlm.nih.gov/gene/48772,-3.71329,0.00465698,OSD-207
https://purl.org/okn/frink/kg/spoke-genelab/node/OSD-207-b85a532693b63036252b8f9e7c546d9f,CG31469,http://purl.obolibrary.org/obo/NCBITaxon_7227,http://www.ncbi.nlm.nih.gov/gene/261628,1.39469,1.03263e-09,OSD-207
https://purl.org/okn/frink/kg/spoke-genelab/node/OSD-207-b85a532693b63036252b8f9e7c546d9f,thw,http://purl.obolibrary.org/obo/NCBITaxon_7227,http://www.ncbi.nlm.nih.gov/gene/40868,-1.31857,0.0281591,OSD-207
https://purl.org/okn/frink/kg/spoke-genelab/node/OSD-207-b85a532693b63036252b8f9e7c546d9f,lncRNA:let7C,http://purl.obolibrary.org/obo/NCBITaxon_7227,http://www.ncbi.nlm.nih.gov/gene/12798010,1.64656,0.00172347,OSD-207
https://purl.org/okn/frink/kg/spoke-genelab/node/OSD-207-b85a532693b63036252b8f9e7c546d9f,se,http://purl.obolibrary.org/obo/NCBITaxon_7227,http://www.ncbi.nlm.nih.gov/gene/38973,-2.14908,1.20275e-07,OSD-207
https://purl.org/okn/frink/kg/spoke-genelab/node/OSD-207-b85a532693b63036252b8f9e7c546d9f,Osi9,http://purl.obolibrary.org/obo/NCBITaxon_7227,http://www.ncbi.nlm.nih.gov/gene/40763,-5.66032,2.01348e-07,OSD-207
https://purl.org/okn/frink/kg/spoke-genelab/node/OSD-207-b85a532693b63036252b8f9e7c546d9f,cona,http://purl.obolibrary.org/obo/NCBITaxon_7227,http://www.ncbi.nlm.nih.gov/gene/42213,3.01785,0.00809647,OSD-207
https://purl.org/okn/frink/kg/spoke-genelab/node/OSD-207-b85a532693b63036252b8f9e7c546d9f,BomBc2,http://purl.obolibrary.org/obo/NCBITaxon_7227,http://www.ncbi.nlm.nih.gov/gene/37102,1.79053,0.00279392,OSD-207
https://purl.org/okn/frink/kg/spoke-genelab/node/OSD-207-b85a532693b63036252b8f9e7c546d9f,CG12964,http://purl.obolibrary.org/obo/NCBITaxon_7227,http://www.ncbi.nlm.nih.gov/gene/36714,-1.75176,0.0157907,OSD-207
https://purl.org/okn/frink/kg/spoke-genelab/node/OSD-207-b85a532693b63036252b8f9e7c546d9f,CG33093,http://purl.obolibrary.org/obo/NCBITaxon_7227,http://www.ncbi.nlm.nih.gov/gene/42654,-5.06942,0.0259052,OSD-207
https://purl.org/okn/frink/kg/spoke-genelab/node/OSD-207-b85a532693b63036252b8f9e7c546d9f,CG18067,http://purl.obolibrary.org/obo/NCBITaxon_7227,http://www.ncbi.nlm.nih.gov/gene/37314,2.38206,7.85913e-06,OSD-207
https://purl.org/okn/frink/kg/spoke-genelab/node/OSD-207-b85a532693b63036252b8f9e7c546d9f,WRNexo,http://purl.obolibrary.org/obo/NCBITaxon_7227,http://www.ncbi.nlm.nih.gov/gene/42208,-2.21648,0.000111008,OSD-207
https://purl.org/okn/frink/kg/spoke-genelab/node/OSD-207-b85a532693b63036252b8f9e7c546d9f,lncRNA:CR45555,http://purl.obolibrary.org/obo/NCBITaxon_7227,http://www.ncbi.nlm.nih.gov/gene/19834742,-3.41026,0.0347906,OSD-207
https://purl.org/okn/frink/kg/spoke-genelab/node/OSD-207-b85a532693b63036252b8f9e7c546d9f,CG33521,http://purl.obolibrary.org/obo/NCBITaxon_7227,http://www.ncbi.nlm.nih.gov/gene/3346141,-2.01813,9.70644e-11,OSD-207
https://purl.org/okn/frink/kg/spoke-genelab/node/OSD-207-b85a532693b63036252b8f9e7c546d9f,TpnC4,http://purl.obolibrary.org/obo/NCBITaxon_7227,http://www.ncbi.nlm.nih.gov/gene/35498,-4.94715,3.60527e-05,OSD-207
https://purl.org/okn/frink/kg/spoke-genelab/node/OSD-207-b85a532693b63036252b8f9e7c546d9f,CG4757,http://purl.obolibrary.org/obo/NCBITaxon_7227,http://www.ncbi.nlm.nih.gov/gene/41330,4.61785,2.32654e-23,OSD-207
https://purl.org/okn/frink/kg/spoke-genelab/node/OSD-207-b85a532693b63036252b8f9e7c546d9f,lncRNA:CR43334,http://purl.obolibrary.org/obo/NCBITaxon_7227,http://www.ncbi.nlm.nih.gov/gene/12798545,2.03657,1.69053e-09,OSD-207
https://purl.org/okn/frink/kg/spoke-genelab/node/OSD-207-b85a532693b63036252b8f9e7c546d9f,snoRNA:660,http://purl.obolibrary.org/obo/NCBITaxon_7227,http://www.ncbi.nlm.nih.gov/gene/3772182,-3.28253,0.00813949,OSD-207
https://purl.org/okn/frink/kg/spoke-genelab/node/OSD-207-b85a532693b63036252b8f9e7c546d9f,lncRNA:CR44127,http://purl.obolibrary.org/obo/NCBITaxon_7227,http://www.ncbi.nlm.nih.gov/gene/14462544,1.69567,0.00272154,OSD-207
https://purl.org/okn/frink/kg/spoke-genelab/node/OSD-207-b85a532693b63036252b8f9e7c546d9f,IBIN,http://purl.obolibrary.org/obo/NCBITaxon_7227,http://www.ncbi.nlm.nih.gov/gene/19835457,8.20859,3.40173e-08,OSD-207
https://purl.org/okn/frink/kg/spoke-genelab/node/OSD-207-b85a532693b63036252b8f9e7c546d9f,asRNA:CR44321,http://purl.obolibrary.org/obo/NCBITaxon_7227,http://www.ncbi.nlm.nih.gov/gene/19835586,-1.44767,0.0298953,OSD-207
https://purl.org/okn/frink/kg/spoke-genelab/node/OSD-207-b85a532693b63036252b8f9e7c546d9f,cysu,http://purl.obolibrary.org/obo/NCBITaxon_7227,http://www.ncbi.nlm.nih.gov/gene/42100,-6.4761,1.6088e-06,OSD-207
https://purl.org/okn/frink/kg/spoke-genelab/node/OSD-207-b85a532693b63036252b8f9e7c546d9f,CG5773,http://purl.obolibrary.org/obo/NCBITaxon_7227,http://www.ncbi.nlm.nih.gov/gene/37053,3.18312,1.67918e-16,OSD-207
https://purl.org/okn/frink/kg/spoke-genelab/node/OSD-207-b85a532693b63036252b8f9e7c546d9f,Irc,http://purl.obolibrary.org/obo/NCBITaxon_7227,http://www.ncbi.nlm.nih.gov/gene/42049,1.48563,6.93883e-05,OSD-207
https://purl.org/okn/frink/kg/spoke-genelab/node/OSD-207-b85a532693b63036252b8f9e7c546d9f,CG8927,http://purl.obolibrary.org/obo/NCBITaxon_7227,http://www.ncbi.nlm.nih.gov/gene/41964,-6.02248,5.52492e-10,OSD-207
https://purl.org/okn/frink/kg/spoke-genelab/node/OSD-207-b85a532693b63036252b8f9e7c546d9f,asRNA:CR45955,http://purl.obolibrary.org/obo/NCBITaxon_7227,http://www.ncbi.nlm.nih.gov/gene/26067282,-2.23149,0.00612959,OSD-207
https://purl.org/okn/frink/kg/spoke-genelab/node/OSD-207-b85a532693b63036252b8f9e7c546d9f,lncRNA:CR44138,http://purl.obolibrary.org/obo/NCBITaxon_7227,http://www.ncbi.nlm.nih.gov/gene/14462465,1.35526,0.0182196,OSD-207
https://purl.org/okn/frink/kg/spoke-genelab/node/OSD-207-b85a532693b63036252b8f9e7c546d9f,up,http://purl.obolibrary.org/obo/NCBITaxon_7227,http://www.ncbi.nlm.nih.gov/gene/32314,-3.27262,1.15128e-14,OSD-207
https://purl.org/okn/frink/kg/spoke-genelab/node/OSD-207-b85a532693b63036252b8f9e7c546d9f,CG13063,http://purl.obolibrary.org/obo/NCBITaxon_7227,http://www.ncbi.nlm.nih.gov/gene/39797,-9.62355,0.00114999,OSD-207
https://purl.org/okn/frink/kg/spoke-genelab/node/OSD-207-b85a532693b63036252b8f9e7c546d9f,CG11406,http://purl.obolibrary.org/obo/NCBITaxon_7227,http://www.ncbi.nlm.nih.gov/gene/37877,-1.00745,0.00767931,OSD-207
https://purl.org/okn/frink/kg/spoke-genelab/node/OSD-207-b85a532693b63036252b8f9e7c546d9f,CG7695,http://purl.obolibrary.org/obo/NCBITaxon_7227,http://www.ncbi.nlm.nih.gov/gene/42234,1.22432,0.0054256,OSD-207
https://purl.org/okn/frink/kg/spoke-genelab/node/OSD-207-b85a532693b63036252b8f9e7c546d9f,Crz,http://purl.obolibrary.org/obo/NCBITaxon_7227,http://www.ncbi.nlm.nih.gov/gene/41742,1.00697,1.13073e-05,OSD-207
https://purl.org/okn/frink/kg/spoke-genelab/node/OSD-207-b85a532693b63036252b8f9e7c546d9f,CG4408,http://purl.obolibrary.org/obo/NCBITaxon_7227,http://www.ncbi.nlm.nih.gov/gene/42762,1.55478,7.56259e-07,OSD-207
https://purl.org/okn/frink/kg/spoke-genelab/node/OSD-207-b85a532693b63036252b8f9e7c546d9f,CG43366,http://purl.obolibrary.org/obo/NCBITaxon_7227,http://www.ncbi.nlm.nih.gov/gene/35519,-1.89362,7.72397e-06,OSD-207
https://purl.org/okn/frink/kg/spoke-genelab/node/OSD-207-b85a532693b63036252b8f9e7c546d9f,DnaJ-1,http://purl.obolibrary.org/obo/NCBITaxon_7227,http://www.ncbi.nlm.nih.gov/gene/38643,-2.59336,6.02934e-11,OSD-207
https://purl.org/okn/frink/kg/spoke-genelab/node/OSD-207-b85a532693b63036252b8f9e7c546d9f,Tm1,http://purl.obolibrary.org/obo/NCBITaxon_7227,http://www.ncbi.nlm.nih.gov/gene/41852,-2.58379,1.79301e-17,OSD-207
https://purl.org/okn/frink/kg/spoke-genelab/node/OSD-207-b85a532693b63036252b8f9e7c546d9f,TpnC41C,http://purl.obolibrary.org/obo/NCBITaxon_7227,http://www.ncbi.nlm.nih.gov/gene/35473,-4.95273,1.8824e-18,OSD-207
https://purl.org/okn/frink/kg/spoke-genelab/node/OSD-207-b85a532693b63036252b8f9e7c546d9f,CG13062,http://purl.obolibrary.org/obo/NCBITaxon_7227,http://www.ncbi.nlm.nih.gov/gene/39799,-7.12219,7.93798e-07,OSD-207
https://purl.org/okn/frink/kg/spoke-genelab/node/OSD-207-b85a532693b63036252b8f9e7c546d9f,CG7781,http://purl.obolibrary.org/obo/NCBITaxon_7227,http://www.ncbi.nlm.nih.gov/gene/34143,-1.05918,1.21304e-07,OSD-207
https://purl.org/okn/frink/kg/spoke-genelab/node/OSD-207-b85a532693b63036252b8f9e7c546d9f,CG5002,http://purl.obolibrary.org/obo/NCBITaxon_7227,http://www.ncbi.nlm.nih.gov/gene/37025,1.55493,1.49715e-07,OSD-207
https://purl.org/okn/frink/kg/spoke-genelab/node/OSD-207-b85a532693b63036252b8f9e7c546d9f,Obp19d,http://purl.obolibrary.org/obo/NCBITaxon_7227,http://www.ncbi.nlm.nih.gov/gene/33040,1.02484,2.04494e-09,OSD-207
https://purl.org/okn/frink/kg/spoke-genelab/node/OSD-207-b85a532693b63036252b8f9e7c546d9f,SERCA,http://purl.obolibrary.org/obo/NCBITaxon_7227,http://www.ncbi.nlm.nih.gov/gene/49297,-2.79605,1.75203e-11,OSD-207
https://purl.org/okn/frink/kg/spoke-genelab/node/OSD-207-b85a532693b63036252b8f9e7c546d9f,Hsp27,http://purl.obolibrary.org/obo/NCBITaxon_7227,http://www.ncbi.nlm.nih.gov/gene/39078,-3.2867,0.000311151,OSD-207
https://purl.org/okn/frink/kg/spoke-genelab/node/OSD-207-b85a532693b63036252b8f9e7c546d9f,Cpr62Bb,http://purl.obolibrary.org/obo/NCBITaxon_7227,http://www.ncbi.nlm.nih.gov/gene/38240,-2.0895,2.49671e-05,OSD-207
https://purl.org/okn/frink/kg/spoke-genelab/node/OSD-207-b85a532693b63036252b8f9e7c546d9f,ATPsynbeta,http://purl.obolibrary.org/obo/NCBITaxon_7227,http://www.ncbi.nlm.nih.gov/gene/43829,-1.22841,1.28823e-11,OSD-207
https://purl.org/okn/frink/kg/spoke-genelab/node/OSD-207-b85a532693b63036252b8f9e7c546d9f,CG45063,http://purl.obolibrary.org/obo/NCBITaxon_7227,http://www.ncbi.nlm.nih.gov/gene/19835490,-4.60061,0.0156248,OSD-207
https://purl.org/okn/frink/kg/spoke-genelab/node/OSD-207-b85a532693b63036252b8f9e7c546d9f,galene,http://purl.obolibrary.org/obo/NCBITaxon_7227,http://www.ncbi.nlm.nih.gov/gene/38133,-1.3693,0.00331519,OSD-207
https://purl.org/okn/frink/kg/spoke-genelab/node/OSD-207-b85a532693b63036252b8f9e7c546d9f,CG14856,http://purl.obolibrary.org/obo/NCBITaxon_7227,http://www.ncbi.nlm.nih.gov/gene/41790,-1.27306,0.010261,OSD-207
https://purl.org/okn/frink/kg/spoke-genelab/node/OSD-207-b85a532693b63036252b8f9e7c546d9f,obst-A,http://purl.obolibrary.org/obo/NCBITaxon_7227,http://www.ncbi.nlm.nih.gov/gene/33022,-3.49944,0.000105978,OSD-207
https://purl.org/okn/frink/kg/spoke-genelab/node/OSD-207-b85a532693b63036252b8f9e7c546d9f,asRNA:CR46038,http://purl.obolibrary.org/obo/NCBITaxon_7227,http://www.ncbi.nlm.nih.gov/gene/26067357,-2.41677,0.0472933,OSD-207
https://purl.org/okn/frink/kg/spoke-genelab/node/OSD-207-b85a532693b63036252b8f9e7c546d9f,lncRNA:CR42839,http://purl.obolibrary.org/obo/NCBITaxon_7227,http://www.ncbi.nlm.nih.gov/gene/10178956,-3.00996,0.0267091,OSD-207
https://purl.org/okn/frink/kg/spoke-genelab/node/OSD-207-b85a532693b63036252b8f9e7c546d9f,GstE1,http://purl.obolibrary.org/obo/NCBITaxon_7227,http://www.ncbi.nlm.nih.gov/gene/37106,1.29093,0.0109752,OSD-207
https://purl.org/okn/frink/kg/spoke-genelab/node/OSD-207-b85a532693b63036252b8f9e7c546d9f,CG16959,http://purl.obolibrary.org/obo/NCBITaxon_7227,http://www.ncbi.nlm.nih.gov/gene/39648,-1.46724,9.47673e-05,OSD-207
https://purl.org/okn/frink/kg/spoke-genelab/node/OSD-207-b85a532693b63036252b8f9e7c546d9f,ImpL2,http://purl.obolibrary.org/obo/NCBITaxon_7227,http://www.ncbi.nlm.nih.gov/gene/38513,1.20366,0.0365752,OSD-207
https://purl.org/okn/frink/kg/spoke-genelab/node/OSD-207-b85a532693b63036252b8f9e7c546d9f,Cyp4d21,http://purl.obolibrary.org/obo/NCBITaxon_7227,http://www.ncbi.nlm.nih.gov/gene/34036,3.0579,1.36937e-06,OSD-207
https://purl.org/okn/frink/kg/spoke-genelab/node/OSD-207-b85a532693b63036252b8f9e7c546d9f,CG13606,http://purl.obolibrary.org/obo/NCBITaxon_7227,http://www.ncbi.nlm.nih.gov/gene/42873,-2.3795,7.63946e-09,OSD-207
https://purl.org/okn/frink/kg/spoke-genelab/node/OSD-207-b85a532693b63036252b8f9e7c546d9f,asRNA:CR44843,http://purl.obolibrary.org/obo/NCBITaxon_7227,http://www.ncbi.nlm.nih.gov/gene/19836214,1.10758,0.000181076,OSD-207
https://purl.org/okn/frink/kg/spoke-genelab/node/OSD-207-b85a532693b63036252b8f9e7c546d9f,lncRNA:CR44833,http://purl.obolibrary.org/obo/NCBITaxon_7227,http://www.ncbi.nlm.nih.gov/gene/19835614,2.34642,0.00586591,OSD-207
https://purl.org/okn/frink/kg/spoke-genelab/node/OSD-207-b85a532693b63036252b8f9e7c546d9f,CG13912,http://purl.obolibrary.org/obo/NCBITaxon_7227,http://www.ncbi.nlm.nih.gov/gene/38120,1.01231,0.00370235,OSD-207
https://purl.org/okn/frink/kg/spoke-genelab/node/OSD-207-b85a532693b63036252b8f9e7c546d9f,sPLA2,http://purl.obolibrary.org/obo/NCBITaxon_7227,http://www.ncbi.nlm.nih.gov/gene/35665,1.23328,1.48757e-05,OSD-207
https://purl.org/okn/frink/kg/spoke-genelab/node/OSD-207-b85a532693b63036252b8f9e7c546d9f,lncRNA:CR32553,http://purl.obolibrary.org/obo/NCBITaxon_7227,http://www.ncbi.nlm.nih.gov/gene/318087,2.57146,4.29683e-09,OSD-207
https://purl.org/okn/frink/kg/spoke-genelab/node/OSD-207-b85a532693b63036252b8f9e7c546d9f,lncRNA:CR44716,http://purl.obolibrary.org/obo/NCBITaxon_7227,http://www.ncbi.nlm.nih.gov/gene/19836025,-1.90877,0.0395716,OSD-207
https://purl.org/okn/frink/kg/spoke-genelab/node/OSD-207-b85a532693b63036252b8f9e7c546d9f,BomS1,http://purl.obolibrary.org/obo/NCBITaxon_7227,http://www.ncbi.nlm.nih.gov/gene/37100,2.34803,0.000596719,OSD-207
https://purl.org/okn/frink/kg/spoke-genelab/node/OSD-207-b85a532693b63036252b8f9e7c546d9f,Ms,http://purl.obolibrary.org/obo/NCBITaxon_7227,http://www.ncbi.nlm.nih.gov/gene/44324,1.22276,2.57413e-08,OSD-207
https://purl.org/okn/frink/kg/spoke-genelab/node/OSD-207-b85a532693b63036252b8f9e7c546d9f,CG13843,http://purl.obolibrary.org/obo/NCBITaxon_7227,http://www.ncbi.nlm.nih.gov/gene/42668,-1.45532,0.024595,OSD-207
https://purl.org/okn/frink/kg/spoke-genelab/node/OSD-207-b85a532693b63036252b8f9e7c546d9f,lncRNA:CR43314,http://purl.obolibrary.org/obo/NCBITaxon_7227,http://www.ncbi.nlm.nih.gov/gene/12798160,1.82798,2.15652e-05,OSD-207
https://purl.org/okn/frink/kg/spoke-genelab/node/OSD-207-b85a532693b63036252b8f9e7c546d9f,ATPsyndelta,http://purl.obolibrary.org/obo/NCBITaxon_7227,http://www.ncbi.nlm.nih.gov/gene/31950,-1.2687,7.90428e-12,OSD-207
https://purl.org/okn/frink/kg/spoke-genelab/node/OSD-207-b85a532693b63036252b8f9e7c546d9f,ATPsynCF6,http://purl.obolibrary.org/obo/NCBITaxon_7227,http://www.ncbi.nlm.nih.gov/gene/42759,-1.09731,1.28184e-09,OSD-207
https://purl.org/okn/frink/kg/spoke-genelab/node/OSD-207-b85a532693b63036252b8f9e7c546d9f,asRNA:CR43454,http://purl.obolibrary.org/obo/NCBITaxon_7227,http://www.ncbi.nlm.nih.gov/gene/12798520,1.3363,5.0257e-05,OSD-207
https://purl.org/okn/frink/kg/spoke-genelab/node/OSD-207-b85a532693b63036252b8f9e7c546d9f,CG11825,http://purl.obolibrary.org/obo/NCBITaxon_7227,http://www.ncbi.nlm.nih.gov/gene/36099,1.26973,0.000265086,OSD-207
https://purl.org/okn/frink/kg/spoke-genelab/node/OSD-207-b85a532693b63036252b8f9e7c546d9f,CG8303,http://purl.obolibrary.org/obo/NCBITaxon_7227,http://www.ncbi.nlm.nih.gov/gene/36858,2.31939,7.79406e-15,OSD-207
https://purl.org/okn/frink/kg/spoke-genelab/node/OSD-207-b85a532693b63036252b8f9e7c546d9f,CG10433,http://purl.obolibrary.org/obo/NCBITaxon_7227,http://www.ncbi.nlm.nih.gov/gene/37458,1.30176,1.154e-06,OSD-207
https://purl.org/okn/frink/kg/spoke-genelab/node/OSD-207-b85a532693b63036252b8f9e7c546d9f,Lst,http://purl.obolibrary.org/obo/NCBITaxon_7227,http://www.ncbi.nlm.nih.gov/gene/36853,1.43614,0.000247435,OSD-207
https://purl.org/okn/frink/kg/spoke-genelab/node/OSD-207-b85a532693b63036252b8f9e7c546d9f,lncRNA:CR43424,http://purl.obolibrary.org/obo/NCBITaxon_7227,http://www.ncbi.nlm.nih.gov/gene/12798228,-3.31198,0.000159585,OSD-207
https://purl.org/okn/frink/kg/spoke-genelab/node/OSD-207-b85a532693b63036252b8f9e7c546d9f,CG1368,http://purl.obolibrary.org/obo/NCBITaxon_7227,http://www.ncbi.nlm.nih.gov/gene/32361,-4.77913,0.000160781,OSD-207
https://purl.org/okn/frink/kg/spoke-genelab/node/OSD-207-b85a532693b63036252b8f9e7c546d9f,asRNA:ASTR,http://purl.obolibrary.org/obo/NCBITaxon_7227,http://www.ncbi.nlm.nih.gov/gene/12798245,-3.06542,4.48841e-06,OSD-207
https://purl.org/okn/frink/kg/spoke-genelab/node/OSD-207-b85a532693b63036252b8f9e7c546d9f,CG5290,http://purl.obolibrary.org/obo/NCBITaxon_7227,http://www.ncbi.nlm.nih.gov/gene/39998,-1.49586,1.41212e-05,OSD-207
https://purl.org/okn/frink/kg/spoke-genelab/node/OSD-207-b85a532693b63036252b8f9e7c546d9f,lncRNA:CR43461,http://purl.obolibrary.org/obo/NCBITaxon_7227,http://www.ncbi.nlm.nih.gov/gene/12797940,2.27795,0.000263494,OSD-207
https://purl.org/okn/frink/kg/spoke-genelab/node/OSD-207-b85a532693b63036252b8f9e7c546d9f,stac,http://purl.obolibrary.org/obo/NCBITaxon_7227,http://www.ncbi.nlm.nih.gov/gene/43002,1.24968,0.00170894,OSD-207
https://purl.org/okn/frink/kg/spoke-genelab/node/OSD-207-b85a532693b63036252b8f9e7c546d9f,CG16772,http://purl.obolibrary.org/obo/NCBITaxon_7227,http://www.ncbi.nlm.nih.gov/gene/35281,2.04373,0.0131567,OSD-207
https://purl.org/okn/frink/kg/spoke-genelab/node/OSD-207-b85a532693b63036252b8f9e7c546d9f,lncRNA:CR43264,http://purl.obolibrary.org/obo/NCBITaxon_7227,http://www.ncbi.nlm.nih.gov/gene/12798118,1.36537,0.00773745,OSD-207
https://purl.org/okn/frink/kg/spoke-genelab/node/OSD-207-b85a532693b63036252b8f9e7c546d9f,Ts,http://purl.obolibrary.org/obo/NCBITaxon_7227,http://www.ncbi.nlm.nih.gov/gene/33499,-1.36973,0.0322191,OSD-207
https://purl.org/okn/frink/kg/spoke-genelab/node/OSD-207-b85a532693b63036252b8f9e7c546d9f,lncRNA:CR43256,http://purl.obolibrary.org/obo/NCBITaxon_7227,http://www.ncbi.nlm.nih.gov/gene/12798068,2.0338,0.0159151,OSD-207
https://purl.org/okn/frink/kg/spoke-genelab/node/OSD-207-b85a532693b63036252b8f9e7c546d9f,Nepl14,http://purl.obolibrary.org/obo/NCBITaxon_7227,http://www.ncbi.nlm.nih.gov/gene/42700,1.49006,0.000147251,OSD-207
https://purl.org/okn/frink/kg/spoke-genelab/node/OSD-207-b85a532693b63036252b8f9e7c546d9f,asRNA:CR45890,http://purl.obolibrary.org/obo/NCBITaxon_7227,http://www.ncbi.nlm.nih.gov/gene/26067218,-6.17363,0.0055033,OSD-207
https://purl.org/okn/frink/kg/spoke-genelab/node/OSD-207-b85a532693b63036252b8f9e7c546d9f,kdn,http://purl.obolibrary.org/obo/NCBITaxon_7227,http://www.ncbi.nlm.nih.gov/gene/31579,-1.60067,8.24504e-10,OSD-207
https://purl.org/okn/frink/kg/spoke-genelab/node/OSD-207-b85a532693b63036252b8f9e7c546d9f,CG14742,http://purl.obolibrary.org/obo/NCBITaxon_7227,http://www.ncbi.nlm.nih.gov/gene/12797890,-2.21509,3.98962e-05,OSD-207
https://purl.org/okn/frink/kg/spoke-genelab/node/OSD-207-b85a532693b63036252b8f9e7c546d9f,GILT3,http://purl.obolibrary.org/obo/NCBITaxon_7227,http://www.ncbi.nlm.nih.gov/gene/42787,-1.02871,6.66415e-05,OSD-207
https://purl.org/okn/frink/kg/spoke-genelab/node/OSD-207-b85a532693b63036252b8f9e7c546d9f,CG14615,http://purl.obolibrary.org/obo/NCBITaxon_7227,http://www.ncbi.nlm.nih.gov/gene/33129,1.32526,6.69067e-09,OSD-207
https://purl.org/okn/frink/kg/spoke-genelab/node/OSD-207-b85a532693b63036252b8f9e7c546d9f,CG43218,http://purl.obolibrary.org/obo/NCBITaxon_7227,http://www.ncbi.nlm.nih.gov/gene/12798438,-2.25759,0.049795,OSD-207
https://purl.org/okn/frink/kg/spoke-genelab/node/OSD-207-b85a532693b63036252b8f9e7c546d9f,CG42747,http://purl.obolibrary.org/obo/NCBITaxon_7227,http://www.ncbi.nlm.nih.gov/gene/38732,-1.4654,3.06413e-08,OSD-207
https://purl.org/okn/frink/kg/spoke-genelab/node/OSD-207-b85a532693b63036252b8f9e7c546d9f,Cad74A,http://purl.obolibrary.org/obo/NCBITaxon_7227,http://www.ncbi.nlm.nih.gov/gene/39936,-1.21594,2.01796e-05,OSD-207
https://purl.org/okn/frink/kg/spoke-genelab/node/OSD-207-b85a532693b63036252b8f9e7c546d9f,CG33293,http://purl.obolibrary.org/obo/NCBITaxon_7227,http://www.ncbi.nlm.nih.gov/gene/2768659,1.14327,0.00725333,OSD-207
https://purl.org/okn/frink/kg/spoke-genelab/node/OSD-207-b85a532693b63036252b8f9e7c546d9f,UQCR-Q,http://purl.obolibrary.org/obo/NCBITaxon_7227,http://www.ncbi.nlm.nih.gov/gene/39950,-1.07977,1.01653e-08,OSD-207
https://purl.org/okn/frink/kg/spoke-genelab/node/OSD-207-b85a532693b63036252b8f9e7c546d9f,kcc,http://purl.obolibrary.org/obo/NCBITaxon_7227,http://www.ncbi.nlm.nih.gov/gene/37800,-1.42093,7.41103e-13,OSD-207
https://purl.org/okn/frink/kg/spoke-genelab/node/OSD-207-b85a532693b63036252b8f9e7c546d9f,Cpn,http://purl.obolibrary.org/obo/NCBITaxon_7227,http://www.ncbi.nlm.nih.gov/gene/41474,-1.12404,0.00187263,OSD-207
https://purl.org/okn/frink/kg/spoke-genelab/node/OSD-207-b85a532693b63036252b8f9e7c546d9f,BaraA2|BaraA1,http://purl.obolibrary.org/obo/NCBITaxon_7227,http://www.ncbi.nlm.nih.gov/gene/2768831,1.50754,0.0192244,OSD-207
https://purl.org/okn/frink/kg/spoke-genelab/node/OSD-207-b85a532693b63036252b8f9e7c546d9f,rdgA,http://purl.obolibrary.org/obo/NCBITaxon_7227,http://www.ncbi.nlm.nih.gov/gene/31826,-1.32006,4.29373e-10,OSD-207
https://purl.org/okn/frink/kg/spoke-genelab/node/OSD-207-b85a532693b63036252b8f9e7c546d9f,BaraA2|BaraA1,http://purl.obolibrary.org/obo/NCBITaxon_7227,http://www.ncbi.nlm.nih.gov/gene/36486,1.50754,0.0192244,OSD-207
https://purl.org/okn/frink/kg/spoke-genelab/node/OSD-207-b85a532693b63036252b8f9e7c546d9f,CG43799,http://purl.obolibrary.org/obo/NCBITaxon_7227,http://www.ncbi.nlm.nih.gov/gene/14462714,-2.64171,0.00186984,OSD-207
https://purl.org/okn/frink/kg/spoke-genelab/node/OSD-207-b85a532693b63036252b8f9e7c546d9f,CG17974,http://purl.obolibrary.org/obo/NCBITaxon_7227,http://www.ncbi.nlm.nih.gov/gene/37441,-3.14281,0.00185479,OSD-207
https://purl.org/okn/frink/kg/spoke-genelab/node/OSD-207-b85a532693b63036252b8f9e7c546d9f,Cda9,http://purl.obolibrary.org/obo/NCBITaxon_7227,http://www.ncbi.nlm.nih.gov/gene/36934,3.80939,0.00276562,OSD-207
https://purl.org/okn/frink/kg/spoke-genelab/node/OSD-207-b85a532693b63036252b8f9e7c546d9f,Tsp5D,http://purl.obolibrary.org/obo/NCBITaxon_7227,http://www.ncbi.nlm.nih.gov/gene/31540,-1.88661,5.76643e-09,OSD-207
https://purl.org/okn/frink/kg/spoke-genelab/node/OSD-207-b85a532693b63036252b8f9e7c546d9f,Men-b,http://purl.obolibrary.org/obo/NCBITaxon_7227,http://www.ncbi.nlm.nih.gov/gene/43936,-1.40749,6.72219e-13,OSD-207
https://purl.org/okn/frink/kg/spoke-genelab/node/OSD-207-b85a532693b63036252b8f9e7c546d9f,NimA,http://purl.obolibrary.org/obo/NCBITaxon_7227,http://www.ncbi.nlm.nih.gov/gene/318930,-2.1466,2.31838e-06,OSD-207
https://purl.org/okn/frink/kg/spoke-genelab/node/OSD-207-b85a532693b63036252b8f9e7c546d9f,AttB,http://purl.obolibrary.org/obo/NCBITaxon_7227,http://www.ncbi.nlm.nih.gov/gene/36637,7.15783,8.61571e-13,OSD-207
https://purl.org/okn/frink/kg/spoke-genelab/node/OSD-207-b85a532693b63036252b8f9e7c546d9f,Vajk1,http://purl.obolibrary.org/obo/NCBITaxon_7227,http://www.ncbi.nlm.nih.gov/gene/34809,-3.34918,4.35206e-06,OSD-207
https://purl.org/okn/frink/kg/spoke-genelab/node/OSD-207-b85a532693b63036252b8f9e7c546d9f,Amyrel,http://purl.obolibrary.org/obo/NCBITaxon_7227,http://www.ncbi.nlm.nih.gov/gene/36863,-4.18576,0.00342804,OSD-207
https://purl.org/okn/frink/kg/spoke-genelab/node/OSD-207-b85a532693b63036252b8f9e7c546d9f,asRNA:CR43481,http://purl.obolibrary.org/obo/NCBITaxon_7227,http://www.ncbi.nlm.nih.gov/gene/12798374,-1.82711,0.02189,OSD-207
https://purl.org/okn/frink/kg/spoke-genelab/node/OSD-207-b85a532693b63036252b8f9e7c546d9f,CG4702,http://purl.obolibrary.org/obo/NCBITaxon_7227,http://www.ncbi.nlm.nih.gov/gene/41472,-5.33019,1.11897e-06,OSD-207
https://purl.org/okn/frink/kg/spoke-genelab/node/OSD-207-b85a532693b63036252b8f9e7c546d9f,Vajk3,http://purl.obolibrary.org/obo/NCBITaxon_7227,http://www.ncbi.nlm.nih.gov/gene/34812,-9.02538,3.74638e-14,OSD-207
https://purl.org/okn/frink/kg/spoke-genelab/node/OSD-207-b85a532693b63036252b8f9e7c546d9f,ChAT,http://purl.obolibrary.org/obo/NCBITaxon_7227,http://www.ncbi.nlm.nih.gov/gene/42249,-1.24543,1.29374e-13,OSD-207
https://purl.org/okn/frink/kg/spoke-genelab/node/OSD-207-b85a532693b63036252b8f9e7c546d9f,in,http://purl.obolibrary.org/obo/NCBITaxon_7227,http://www.ncbi.nlm.nih.gov/gene/40246,-1.15188,0.0130626,OSD-207
https://purl.org/okn/frink/kg/spoke-genelab/node/OSD-207-b85a532693b63036252b8f9e7c546d9f,Ance-2,http://purl.obolibrary.org/obo/NCBITaxon_7227,http://www.ncbi.nlm.nih.gov/gene/34806,-7.28706,1.04735e-05,OSD-207
https://purl.org/okn/frink/kg/spoke-genelab/node/OSD-207-b85a532693b63036252b8f9e7c546d9f,CG7630,http://purl.obolibrary.org/obo/NCBITaxon_7227,http://www.ncbi.nlm.nih.gov/gene/50266,-1.1187,1.47132e-09,OSD-207
https://purl.org/okn/frink/kg/spoke-genelab/node/OSD-207-b85a532693b63036252b8f9e7c546d9f,pip,http://purl.obolibrary.org/obo/NCBITaxon_7227,http://www.ncbi.nlm.nih.gov/gene/40104,-4.99447,1.56385e-08,OSD-207
https://purl.org/okn/frink/kg/spoke-genelab/node/OSD-207-b85a532693b63036252b8f9e7c546d9f,Osi2,http://purl.obolibrary.org/obo/NCBITaxon_7227,http://www.ncbi.nlm.nih.gov/gene/40756,-2.72662,0.00107861,OSD-207
https://purl.org/okn/frink/kg/spoke-genelab/node/OSD-207-b85a532693b63036252b8f9e7c546d9f,AQP,http://purl.obolibrary.org/obo/NCBITaxon_7227,http://www.ncbi.nlm.nih.gov/gene/36456,-1.4671,9.61347e-08,OSD-207
https://purl.org/okn/frink/kg/spoke-genelab/node/OSD-207-b85a532693b63036252b8f9e7c546d9f,y,http://purl.obolibrary.org/obo/NCBITaxon_7227,http://www.ncbi.nlm.nih.gov/gene/30980,-2.24185,0.00145314,OSD-207
https://purl.org/okn/frink/kg/spoke-genelab/node/OSD-207-b85a532693b63036252b8f9e7c546d9f,yellow-e,http://purl.obolibrary.org/obo/NCBITaxon_7227,http://www.ncbi.nlm.nih.gov/gene/41653,-4.04423,3.09164e-07,OSD-207
https://purl.org/okn/frink/kg/spoke-genelab/node/OSD-207-b85a532693b63036252b8f9e7c546d9f,CG30090,http://purl.obolibrary.org/obo/NCBITaxon_7227,http://www.ncbi.nlm.nih.gov/gene/246448,1.47426,0.0288106,OSD-207
https://purl.org/okn/frink/kg/spoke-genelab/node/OSD-207-b85a532693b63036252b8f9e7c546d9f,jhamt,http://purl.obolibrary.org/obo/NCBITaxon_7227,http://www.ncbi.nlm.nih.gov/gene/34977,1.19964,0.00276972,OSD-207
https://purl.org/okn/frink/kg/spoke-genelab/node/OSD-207-b85a532693b63036252b8f9e7c546d9f,Peritrophin-A,http://purl.obolibrary.org/obo/NCBITaxon_7227,http://www.ncbi.nlm.nih.gov/gene/33023,-3.6149,2.35383e-07,OSD-207
https://purl.org/okn/frink/kg/spoke-genelab/node/OSD-207-b85a532693b63036252b8f9e7c546d9f,Mal-B1,http://purl.obolibrary.org/obo/NCBITaxon_7227,http://www.ncbi.nlm.nih.gov/gene/34597,1.26492,0.0372031,OSD-207
https://purl.org/okn/frink/kg/spoke-genelab/node/OSD-207-b85a532693b63036252b8f9e7c546d9f,CG15784,http://purl.obolibrary.org/obo/NCBITaxon_7227,http://www.ncbi.nlm.nih.gov/gene/31461,1.70425,0.000904197,OSD-207
https://purl.org/okn/frink/kg/spoke-genelab/node/OSD-207-b85a532693b63036252b8f9e7c546d9f,CG15024,http://purl.obolibrary.org/obo/NCBITaxon_7227,http://www.ncbi.nlm.nih.gov/gene/50172,-7.8043,0.00592404,OSD-207
https://purl.org/okn/frink/kg/spoke-genelab/node/OSD-207-b85a532693b63036252b8f9e7c546d9f,BomS5,http://purl.obolibrary.org/obo/NCBITaxon_7227,http://www.ncbi.nlm.nih.gov/gene/50207,2.91908,1.96393e-07,OSD-207
https://purl.org/okn/frink/kg/spoke-genelab/node/OSD-207-b85a532693b63036252b8f9e7c546d9f,TBC1D5,http://purl.obolibrary.org/obo/NCBITaxon_7227,http://www.ncbi.nlm.nih.gov/gene/41628,1.45,3.15973e-05,OSD-207
https://purl.org/okn/frink/kg/spoke-genelab/node/OSD-207-b85a532693b63036252b8f9e7c546d9f,CG31345,http://purl.obolibrary.org/obo/NCBITaxon_7227,http://www.ncbi.nlm.nih.gov/gene/41576,-1.83303,3.66798e-16,OSD-207
https://purl.org/okn/frink/kg/spoke-genelab/node/OSD-207-b85a532693b63036252b8f9e7c546d9f,CG7402,http://purl.obolibrary.org/obo/NCBITaxon_7227,http://www.ncbi.nlm.nih.gov/gene/39994,-1.1639,0.000695918,OSD-207
https://purl.org/okn/frink/kg/spoke-genelab/node/OSD-207-b85a532693b63036252b8f9e7c546d9f,Pgant4,http://purl.obolibrary.org/obo/NCBITaxon_7227,http://www.ncbi.nlm.nih.gov/gene/261610,-2.89535,0.0482723,OSD-207
https://purl.org/okn/frink/kg/spoke-genelab/node/OSD-207-b85a532693b63036252b8f9e7c546d9f,Cpr66D,http://purl.obolibrary.org/obo/NCBITaxon_7227,http://www.ncbi.nlm.nih.gov/gene/38990,1.02682,0.00398912,OSD-207
https://purl.org/okn/frink/kg/spoke-genelab/node/OSD-207-b85a532693b63036252b8f9e7c546d9f,Gnmt,http://purl.obolibrary.org/obo/NCBITaxon_7227,http://www.ncbi.nlm.nih.gov/gene/41561,4.83365,5.567e-07,OSD-207
https://purl.org/okn/frink/kg/spoke-genelab/node/OSD-207-b85a532693b63036252b8f9e7c546d9f,Claspin,http://purl.obolibrary.org/obo/NCBITaxon_7227,http://www.ncbi.nlm.nih.gov/gene/326205,-1.26592,0.000949439,OSD-207
https://purl.org/okn/frink/kg/spoke-genelab/node/OSD-207-b85a532693b63036252b8f9e7c546d9f,SteXh:CG42398,http://purl.obolibrary.org/obo/NCBITaxon_7227,http://www.ncbi.nlm.nih.gov/gene/7354447,4.43067,0.00250796,OSD-207
https://purl.org/okn/frink/kg/spoke-genelab/node/OSD-207-b85a532693b63036252b8f9e7c546d9f,CG30083,http://purl.obolibrary.org/obo/NCBITaxon_7227,http://www.ncbi.nlm.nih.gov/gene/246444,3.21257,1.41629e-09,OSD-207
https://purl.org/okn/frink/kg/spoke-genelab/node/OSD-207-b85a532693b63036252b8f9e7c546d9f,EbpIII,http://purl.obolibrary.org/obo/NCBITaxon_7227,http://www.ncbi.nlm.nih.gov/gene/49821,1.04844,9.16116e-09,OSD-207
https://purl.org/okn/frink/kg/spoke-genelab/node/OSD-207-b85a532693b63036252b8f9e7c546d9f,CG15414,http://purl.obolibrary.org/obo/NCBITaxon_7227,http://www.ncbi.nlm.nih.gov/gene/33570,-2.25236,4.49473e-05,OSD-207
https://purl.org/okn/frink/kg/spoke-genelab/node/OSD-207-b85a532693b63036252b8f9e7c546d9f,CG12970,http://purl.obolibrary.org/obo/NCBITaxon_7227,http://www.ncbi.nlm.nih.gov/gene/36744,4.33223,0.00148123,OSD-207
https://purl.org/okn/frink/kg/spoke-genelab/node/OSD-207-b85a532693b63036252b8f9e7c546d9f,Pdha,http://purl.obolibrary.org/obo/NCBITaxon_7227,http://www.ncbi.nlm.nih.gov/gene/31406,-1.0957,7.15956e-09,OSD-207
https://purl.org/okn/frink/kg/spoke-genelab/node/OSD-207-b85a532693b63036252b8f9e7c546d9f,CG13931,http://purl.obolibrary.org/obo/NCBITaxon_7227,http://www.ncbi.nlm.nih.gov/gene/38212,2.06566,0.00110263,OSD-207
https://purl.org/okn/frink/kg/spoke-genelab/node/OSD-207-b85a532693b63036252b8f9e7c546d9f,CG12105,http://purl.obolibrary.org/obo/NCBITaxon_7227,http://www.ncbi.nlm.nih.gov/gene/38190,-1.57347,1.96369e-05,OSD-207
https://purl.org/okn/frink/kg/spoke-genelab/node/OSD-207-b85a532693b63036252b8f9e7c546d9f,Obp83ef,http://purl.obolibrary.org/obo/NCBITaxon_7227,http://www.ncbi.nlm.nih.gov/gene/40747,1.15162,0.00812067,OSD-207
https://purl.org/okn/frink/kg/spoke-genelab/node/OSD-207-b85a532693b63036252b8f9e7c546d9f,CG17279,http://purl.obolibrary.org/obo/NCBITaxon_7227,http://www.ncbi.nlm.nih.gov/gene/42489,1.05189,0.000818307,OSD-207
https://purl.org/okn/frink/kg/spoke-genelab/node/OSD-207-b85a532693b63036252b8f9e7c546d9f,CG6055,http://purl.obolibrary.org/obo/NCBITaxon_7227,http://www.ncbi.nlm.nih.gov/gene/34027,-4.46435,3.52102e-09,OSD-207
https://purl.org/okn/frink/kg/spoke-genelab/node/OSD-207-b85a532693b63036252b8f9e7c546d9f,CG5955,http://purl.obolibrary.org/obo/NCBITaxon_7227,http://www.ncbi.nlm.nih.gov/gene/40268,1.68585,2.37652e-05,OSD-207
https://purl.org/okn/frink/kg/spoke-genelab/node/OSD-207-b85a532693b63036252b8f9e7c546d9f,Hsp26,http://purl.obolibrary.org/obo/NCBITaxon_7227,http://www.ncbi.nlm.nih.gov/gene/39075,-3.96244,6.71931e-05,OSD-207
https://purl.org/okn/frink/kg/spoke-genelab/node/OSD-207-b85a532693b63036252b8f9e7c546d9f,Gr59a,http://purl.obolibrary.org/obo/NCBITaxon_7227,http://www.ncbi.nlm.nih.gov/gene/117485,3.83159,0.0444775,OSD-207
https://purl.org/okn/frink/kg/spoke-genelab/node/OSD-207-b85a532693b63036252b8f9e7c546d9f,CG42329,http://purl.obolibrary.org/obo/NCBITaxon_7227,http://www.ncbi.nlm.nih.gov/gene/33312,-1.02963,0.0386187,OSD-207
https://purl.org/okn/frink/kg/spoke-genelab/node/OSD-207-b85a532693b63036252b8f9e7c546d9f,AttC,http://purl.obolibrary.org/obo/NCBITaxon_7227,http://www.ncbi.nlm.nih.gov/gene/36484,5.44789,1.73457e-07,OSD-207
https://purl.org/okn/frink/kg/spoke-genelab/node/OSD-207-b85a532693b63036252b8f9e7c546d9f,Hsp70Ba|Hsp70Bb|Hsp70Bc,http://purl.obolibrary.org/obo/NCBITaxon_7227,http://www.ncbi.nlm.nih.gov/gene/48582,-5.57997,6.98769e-09,OSD-207
https://purl.org/okn/frink/kg/spoke-genelab/node/OSD-207-b85a532693b63036252b8f9e7c546d9f,Hsp70Ba|Hsp70Bb|Hsp70Bc,http://purl.obolibrary.org/obo/NCBITaxon_7227,http://www.ncbi.nlm.nih.gov/gene/48583,-5.57997,6.98769e-09,OSD-207
https://purl.org/okn/frink/kg/spoke-genelab/node/OSD-207-b85a532693b63036252b8f9e7c546d9f,Mtk,http://purl.obolibrary.org/obo/NCBITaxon_7227,http://www.ncbi.nlm.nih.gov/gene/36708,5.64999,1.24001e-09,OSD-207
https://purl.org/okn/frink/kg/spoke-genelab/node/OSD-207-b85a532693b63036252b8f9e7c546d9f,Idgf3,http://purl.obolibrary.org/obo/NCBITaxon_7227,http://www.ncbi.nlm.nih.gov/gene/34981,1.12538,1.73457e-07,OSD-207
https://purl.org/okn/frink/kg/spoke-genelab/node/OSD-207-b85a532693b63036252b8f9e7c546d9f,CG8665,http://purl.obolibrary.org/obo/NCBITaxon_7227,http://www.ncbi.nlm.nih.gov/gene/35407,-1.16531,0.0164911,OSD-207
https://purl.org/okn/frink/kg/spoke-genelab/node/OSD-207-b85a532693b63036252b8f9e7c546d9f,Cyp9b1,http://purl.obolibrary.org/obo/NCBITaxon_7227,http://www.ncbi.nlm.nih.gov/gene/35634,1.28488,5.01821e-06,OSD-207
https://purl.org/okn/frink/kg/spoke-genelab/node/OSD-207-b85a532693b63036252b8f9e7c546d9f,CG13065,http://purl.obolibrary.org/obo/NCBITaxon_7227,http://www.ncbi.nlm.nih.gov/gene/39786,-7.86328,0.000265465,OSD-207
https://purl.org/okn/frink/kg/spoke-genelab/node/OSD-207-b85a532693b63036252b8f9e7c546d9f,Act57B,http://purl.obolibrary.org/obo/NCBITaxon_7227,http://www.ncbi.nlm.nih.gov/gene/37368,-2.88797,1.51477e-09,OSD-207
https://purl.org/okn/frink/kg/spoke-genelab/node/OSD-207-b85a532693b63036252b8f9e7c546d9f,CG3713,http://purl.obolibrary.org/obo/NCBITaxon_7227,http://www.ncbi.nlm.nih.gov/gene/50365,-3.81104,6.10698e-08,OSD-207
https://purl.org/okn/frink/kg/spoke-genelab/node/OSD-207-b85a532693b63036252b8f9e7c546d9f,CG3246,http://purl.obolibrary.org/obo/NCBITaxon_7227,http://www.ncbi.nlm.nih.gov/gene/33564,1.08397,0.00110406,OSD-207
https://purl.org/okn/frink/kg/spoke-genelab/node/OSD-207-b85a532693b63036252b8f9e7c546d9f,Pgant8,http://purl.obolibrary.org/obo/NCBITaxon_7227,http://www.ncbi.nlm.nih.gov/gene/39715,-1.17322,0.0136676,OSD-207
https://purl.org/okn/frink/kg/spoke-genelab/node/OSD-207-b85a532693b63036252b8f9e7c546d9f,SPH93,http://purl.obolibrary.org/obo/NCBITaxon_7227,http://www.ncbi.nlm.nih.gov/gene/35049,4.32622,0.000549622,OSD-207
https://purl.org/okn/frink/kg/spoke-genelab/node/OSD-207-b85a532693b63036252b8f9e7c546d9f,Lcp1,http://purl.obolibrary.org/obo/NCBITaxon_7227,http://www.ncbi.nlm.nih.gov/gene/35817,-3.87271,2.1052e-05,OSD-207
https://purl.org/okn/frink/kg/spoke-genelab/node/OSD-207-b85a532693b63036252b8f9e7c546d9f,Spn42Dd,http://purl.obolibrary.org/obo/NCBITaxon_7227,http://www.ncbi.nlm.nih.gov/gene/49808,1.13559,7.59782e-05,OSD-207
https://purl.org/okn/frink/kg/spoke-genelab/node/OSD-207-b85a532693b63036252b8f9e7c546d9f,prc,http://purl.obolibrary.org/obo/NCBITaxon_7227,http://www.ncbi.nlm.nih.gov/gene/43930,-4.87897,8.61571e-13,OSD-207
https://purl.org/okn/frink/kg/spoke-genelab/node/OSD-207-b85a532693b63036252b8f9e7c546d9f,Or98a,http://purl.obolibrary.org/obo/NCBITaxon_7227,http://www.ncbi.nlm.nih.gov/gene/43341,1.74276,0.0100353,OSD-207
https://purl.org/okn/frink/kg/spoke-genelab/node/OSD-207-b85a532693b63036252b8f9e7c546d9f,RecQ4,http://purl.obolibrary.org/obo/NCBITaxon_7227,http://www.ncbi.nlm.nih.gov/gene/53438,-1.0155,0.0091591,OSD-207
https://purl.org/okn/frink/kg/spoke-genelab/node/OSD-207-b85a532693b63036252b8f9e7c546d9f,lncRNA:CR45916,http://purl.obolibrary.org/obo/NCBITaxon_7227,http://www.ncbi.nlm.nih.gov/gene/26067244,2.5004,0.00562098,OSD-207
https://purl.org/okn/frink/kg/spoke-genelab/node/OSD-207-b85a532693b63036252b8f9e7c546d9f,lncRNA:CR44206,http://purl.obolibrary.org/obo/NCBITaxon_7227,http://www.ncbi.nlm.nih.gov/gene/19835403,3.84413,1.1175e-09,OSD-207
https://purl.org/okn/frink/kg/spoke-genelab/node/OSD-207-b85a532693b63036252b8f9e7c546d9f,CG9815,http://purl.obolibrary.org/obo/NCBITaxon_7227,http://www.ncbi.nlm.nih.gov/gene/37710,-1.13683,8.27224e-06,OSD-207
https://purl.org/okn/frink/kg/spoke-genelab/node/OSD-207-b85a532693b63036252b8f9e7c546d9f,retinin,http://purl.obolibrary.org/obo/NCBITaxon_7227,http://www.ncbi.nlm.nih.gov/gene/53564,-2.69501,1.86699e-08,OSD-207
https://purl.org/okn/frink/kg/spoke-genelab/node/OSD-207-b85a532693b63036252b8f9e7c546d9f,yellow-h,http://purl.obolibrary.org/obo/NCBITaxon_7227,http://www.ncbi.nlm.nih.gov/gene/43779,-1.60336,1.39349e-06,OSD-207
https://purl.org/okn/frink/kg/spoke-genelab/node/OSD-207-b85a532693b63036252b8f9e7c546d9f,vir-1,http://purl.obolibrary.org/obo/NCBITaxon_7227,http://www.ncbi.nlm.nih.gov/gene/34652,1.5941,1.13371e-11,OSD-207
https://purl.org/okn/frink/kg/spoke-genelab/node/OSD-207-b85a532693b63036252b8f9e7c546d9f,Idgf2,http://purl.obolibrary.org/obo/NCBITaxon_7227,http://www.ncbi.nlm.nih.gov/gene/34979,1.32873,3.6115e-11,OSD-207
https://purl.org/okn/frink/kg/spoke-genelab/node/OSD-207-b85a532693b63036252b8f9e7c546d9f,CG34124,http://purl.obolibrary.org/obo/NCBITaxon_7227,http://www.ncbi.nlm.nih.gov/gene/4379887,1.46677,0.00277691,OSD-207
https://purl.org/okn/frink/kg/spoke-genelab/node/OSD-207-b85a532693b63036252b8f9e7c546d9f,CecB,http://purl.obolibrary.org/obo/NCBITaxon_7227,http://www.ncbi.nlm.nih.gov/gene/43598,6.69926,1.23772e-06,OSD-207
https://purl.org/okn/frink/kg/spoke-genelab/node/OSD-207-b85a532693b63036252b8f9e7c546d9f,CG15546,http://purl.obolibrary.org/obo/NCBITaxon_7227,http://www.ncbi.nlm.nih.gov/gene/43659,-1.80901,3.93468e-09,OSD-207
https://purl.org/okn/frink/kg/spoke-genelab/node/OSD-207-b85a532693b63036252b8f9e7c546d9f,Ets21C,http://purl.obolibrary.org/obo/NCBITaxon_7227,http://www.ncbi.nlm.nih.gov/gene/33229,3.32056,9.23859e-05,OSD-207
https://purl.org/okn/frink/kg/spoke-genelab/node/OSD-207-b85a532693b63036252b8f9e7c546d9f,Cpr100A,http://purl.obolibrary.org/obo/NCBITaxon_7227,http://www.ncbi.nlm.nih.gov/gene/43657,-7.55455,6.92825e-15,OSD-207
https://purl.org/okn/frink/kg/spoke-genelab/node/OSD-207-b85a532693b63036252b8f9e7c546d9f,kkv,http://purl.obolibrary.org/obo/NCBITaxon_7227,http://www.ncbi.nlm.nih.gov/gene/45884,-6.68131,4.43419e-10,OSD-207
https://purl.org/okn/frink/kg/spoke-genelab/node/OSD-207-b85a532693b63036252b8f9e7c546d9f,Unc-89,http://purl.obolibrary.org/obo/NCBITaxon_7227,http://www.ncbi.nlm.nih.gov/gene/3346201,-1.63719,1.30198e-06,OSD-207
https://purl.org/okn/frink/kg/spoke-genelab/node/OSD-207-b85a532693b63036252b8f9e7c546d9f,l(2)k09022,http://purl.obolibrary.org/obo/NCBITaxon_7227,http://www.ncbi.nlm.nih.gov/gene/33960,1.10803,0.000112744,OSD-207
https://purl.org/okn/frink/kg/spoke-genelab/node/OSD-207-b85a532693b63036252b8f9e7c546d9f,ATP8,http://purl.obolibrary.org/obo/NCBITaxon_7227,http://www.ncbi.nlm.nih.gov/gene/19893538,-1.28881,0.00277526,OSD-207
https://purl.org/okn/frink/kg/spoke-genelab/node/OSD-207-b85a532693b63036252b8f9e7c546d9f,CG32368,http://purl.obolibrary.org/obo/NCBITaxon_7227,http://www.ncbi.nlm.nih.gov/gene/317997,2.7219,0.00103035,OSD-207
https://purl.org/okn/frink/kg/spoke-genelab/node/OSD-207-b85a532693b63036252b8f9e7c546d9f,CG32512,http://purl.obolibrary.org/obo/NCBITaxon_7227,http://www.ncbi.nlm.nih.gov/gene/33085,1.78162,6.01111e-07,OSD-207
https://purl.org/okn/frink/kg/spoke-genelab/node/OSD-207-b85a532693b63036252b8f9e7c546d9f,CG32551,http://purl.obolibrary.org/obo/NCBITaxon_7227,http://www.ncbi.nlm.nih.gov/gene/318085,1.98961,0.0240209,OSD-207
https://purl.org/okn/frink/kg/spoke-genelab/node/OSD-207-b85a532693b63036252b8f9e7c546d9f,CG12483,http://purl.obolibrary.org/obo/NCBITaxon_7227,http://www.ncbi.nlm.nih.gov/gene/50161,-3.35176,5.37423e-06,OSD-207
https://purl.org/okn/frink/kg/spoke-genelab/node/OSD-207-b85a532693b63036252b8f9e7c546d9f,PPO1,http://purl.obolibrary.org/obo/NCBITaxon_7227,http://www.ncbi.nlm.nih.gov/gene/37044,1.71094,0.000156915,OSD-207
https://purl.org/okn/frink/kg/spoke-genelab/node/OSD-207-b85a532693b63036252b8f9e7c546d9f,CG11458,http://purl.obolibrary.org/obo/NCBITaxon_7227,http://www.ncbi.nlm.nih.gov/gene/50110,-8.73484,2.01295e-17,OSD-207
https://purl.org/okn/frink/kg/spoke-genelab/node/OSD-207-b85a532693b63036252b8f9e7c546d9f,CG4914,http://purl.obolibrary.org/obo/NCBITaxon_7227,http://www.ncbi.nlm.nih.gov/gene/39597,-2.97117,2.15135e-09,OSD-207
https://purl.org/okn/frink/kg/spoke-genelab/node/OSD-207-b85a532693b63036252b8f9e7c546d9f,CG4797,http://purl.obolibrary.org/obo/NCBITaxon_7227,http://www.ncbi.nlm.nih.gov/gene/37770,1.16052,3.56493e-06,OSD-207
https://purl.org/okn/frink/kg/spoke-genelab/node/OSD-207-b85a532693b63036252b8f9e7c546d9f,AGBE,http://purl.obolibrary.org/obo/NCBITaxon_7227,http://www.ncbi.nlm.nih.gov/gene/326264,-2.21862,3.79966e-09,OSD-207
https://purl.org/okn/frink/kg/spoke-genelab/node/OSD-207-b85a532693b63036252b8f9e7c546d9f,CG11353,http://purl.obolibrary.org/obo/NCBITaxon_7227,http://www.ncbi.nlm.nih.gov/gene/38560,1.41964,0.00427376,OSD-207
https://purl.org/okn/frink/kg/spoke-genelab/node/OSD-207-b85a532693b63036252b8f9e7c546d9f,sona,http://purl.obolibrary.org/obo/NCBITaxon_7227,http://www.ncbi.nlm.nih.gov/gene/37762,-1.74496,5.84978e-05,OSD-207
https://purl.org/okn/frink/kg/spoke-genelab/node/OSD-207-b85a532693b63036252b8f9e7c546d9f,Mid1,http://purl.obolibrary.org/obo/NCBITaxon_7227,http://www.ncbi.nlm.nih.gov/gene/37953,-1.12957,1.98673e-12,OSD-207
https://purl.org/okn/frink/kg/spoke-genelab/node/OSD-207-b85a532693b63036252b8f9e7c546d9f,GstE3,http://purl.obolibrary.org/obo/NCBITaxon_7227,http://www.ncbi.nlm.nih.gov/gene/37108,1.12978,0.000175228,OSD-207
https://purl.org/okn/frink/kg/spoke-genelab/node/OSD-207-b85a532693b63036252b8f9e7c546d9f,stw,http://purl.obolibrary.org/obo/NCBITaxon_7227,http://www.ncbi.nlm.nih.gov/gene/35494,-1.87147,4.70438e-05,OSD-207
https://purl.org/okn/frink/kg/spoke-genelab/node/OSD-207-b85a532693b63036252b8f9e7c546d9f,CG7884,http://purl.obolibrary.org/obo/NCBITaxon_7227,http://www.ncbi.nlm.nih.gov/gene/32914,-4.93948,5.53747e-05,OSD-207
https://purl.org/okn/frink/kg/spoke-genelab/node/OSD-207-b85a532693b63036252b8f9e7c546d9f,CG6974,http://purl.obolibrary.org/obo/NCBITaxon_7227,http://www.ncbi.nlm.nih.gov/gene/41815,-4.15307,0.000890184,OSD-207
https://purl.org/okn/frink/kg/spoke-genelab/node/OSD-207-b85a532693b63036252b8f9e7c546d9f,CecA1|CecA2,http://purl.obolibrary.org/obo/NCBITaxon_7227,http://www.ncbi.nlm.nih.gov/gene/43597,8.82908,7.97521e-13,OSD-207
https://purl.org/okn/frink/kg/spoke-genelab/node/OSD-207-b85a532693b63036252b8f9e7c546d9f,CG13748,http://purl.obolibrary.org/obo/NCBITaxon_7227,http://www.ncbi.nlm.nih.gov/gene/35896,-4.01309,4.22067e-07,OSD-207
https://purl.org/okn/frink/kg/spoke-genelab/node/OSD-207-b85a532693b63036252b8f9e7c546d9f,CG14787,http://purl.obolibrary.org/obo/NCBITaxon_7227,http://www.ncbi.nlm.nih.gov/gene/31096,-3.37859,3.56493e-06,OSD-207
https://purl.org/okn/frink/kg/spoke-genelab/node/OSD-207-b85a532693b63036252b8f9e7c546d9f,CecA1|CecA2,http://purl.obolibrary.org/obo/NCBITaxon_7227,http://www.ncbi.nlm.nih.gov/gene/43596,8.82908,7.97521e-13,OSD-207
https://purl.org/okn/frink/kg/spoke-genelab/node/OSD-207-b85a532693b63036252b8f9e7c546d9f,CG7298,http://purl.obolibrary.org/obo/NCBITaxon_7227,http://www.ncbi.nlm.nih.gov/gene/40210,17.9948,0.000486111,OSD-207
https://purl.org/okn/frink/kg/spoke-genelab/node/OSD-207-b85a532693b63036252b8f9e7c546d9f,verm,http://purl.obolibrary.org/obo/NCBITaxon_7227,http://www.ncbi.nlm.nih.gov/gene/40149,-2.78856,0.000532489,OSD-207
https://purl.org/okn/frink/kg/spoke-genelab/node/OSD-207-b85a532693b63036252b8f9e7c546d9f,CG9701,http://purl.obolibrary.org/obo/NCBITaxon_7227,http://www.ncbi.nlm.nih.gov/gene/39872,1.93451,8.10528e-05,OSD-207
https://purl.org/okn/frink/kg/spoke-genelab/node/OSD-207-b85a532693b63036252b8f9e7c546d9f,haf,http://purl.obolibrary.org/obo/NCBITaxon_7227,http://www.ncbi.nlm.nih.gov/gene/33339,-1.97327,2.08024e-13,OSD-207
https://purl.org/okn/frink/kg/spoke-genelab/node/OSD-207-b85a532693b63036252b8f9e7c546d9f,pr,http://purl.obolibrary.org/obo/NCBITaxon_7227,http://www.ncbi.nlm.nih.gov/gene/35292,-1.13497,0.00245733,OSD-207
https://purl.org/okn/frink/kg/spoke-genelab/node/OSD-207-b85a532693b63036252b8f9e7c546d9f,CG42246,http://purl.obolibrary.org/obo/NCBITaxon_7227,http://www.ncbi.nlm.nih.gov/gene/7354415,1.20963,9.74255e-06,OSD-207
https://purl.org/okn/frink/kg/spoke-genelab/node/OSD-207-b85a532693b63036252b8f9e7c546d9f,Ho,http://purl.obolibrary.org/obo/NCBITaxon_7227,http://www.ncbi.nlm.nih.gov/gene/41407,-1.30233,0.00953782,OSD-207
https://purl.org/okn/frink/kg/spoke-genelab/node/OSD-207-b85a532693b63036252b8f9e7c546d9f,CG42346,http://purl.obolibrary.org/obo/NCBITaxon_7227,http://www.ncbi.nlm.nih.gov/gene/3355160,-1.05771,4.64035e-08,OSD-207
https://purl.org/okn/frink/kg/spoke-genelab/node/OSD-207-b85a532693b63036252b8f9e7c546d9f,Cyp6w1,http://purl.obolibrary.org/obo/NCBITaxon_7227,http://www.ncbi.nlm.nih.gov/gene/35543,1.46338,0.00126263,OSD-207
https://purl.org/okn/frink/kg/spoke-genelab/node/OSD-207-b85a532693b63036252b8f9e7c546d9f,PGRP-LB,http://purl.obolibrary.org/obo/NCBITaxon_7227,http://www.ncbi.nlm.nih.gov/gene/41379,2.83303,9.6991e-16,OSD-207
https://purl.org/okn/frink/kg/spoke-genelab/node/OSD-207-b85a532693b63036252b8f9e7c546d9f,rpr,http://purl.obolibrary.org/obo/NCBITaxon_7227,http://www.ncbi.nlm.nih.gov/gene/40015,-2.5151,0.000159434,OSD-207
https://purl.org/okn/frink/kg/spoke-genelab/node/OSD-207-b85a532693b63036252b8f9e7c546d9f,CG33469,http://purl.obolibrary.org/obo/NCBITaxon_7227,http://www.ncbi.nlm.nih.gov/gene/2768832,2.99538,1.06441e-08,OSD-207
https://purl.org/okn/frink/kg/spoke-genelab/node/OSD-207-b85a532693b63036252b8f9e7c546d9f,lncRNA:CR45382,http://purl.obolibrary.org/obo/NCBITaxon_7227,http://www.ncbi.nlm.nih.gov/gene/19835382,2.87654,0.0102957,OSD-207
https://purl.org/okn/frink/kg/spoke-genelab/node/OSD-207-b85a532693b63036252b8f9e7c546d9f,Ccp84Ag,http://purl.obolibrary.org/obo/NCBITaxon_7227,http://www.ncbi.nlm.nih.gov/gene/40819,-3.96062,1.03282e-06,OSD-207
https://purl.org/okn/frink/kg/spoke-genelab/node/OSD-207-b85a532693b63036252b8f9e7c546d9f,ImpE1,http://purl.obolibrary.org/obo/NCBITaxon_7227,http://www.ncbi.nlm.nih.gov/gene/45879,-1.69453,7.12453e-08,OSD-207
https://purl.org/okn/frink/kg/spoke-genelab/node/OSD-207-b85a532693b63036252b8f9e7c546d9f,CG42764,http://purl.obolibrary.org/obo/NCBITaxon_7227,http://www.ncbi.nlm.nih.gov/gene/10178963,1.15515,0.0481179,OSD-207
https://purl.org/okn/frink/kg/spoke-genelab/node/OSD-207-b85a532693b63036252b8f9e7c546d9f,Cpr76Bc,http://purl.obolibrary.org/obo/NCBITaxon_7227,http://www.ncbi.nlm.nih.gov/gene/40122,-3.1324,0.00034642,OSD-207
https://purl.org/okn/frink/kg/spoke-genelab/node/OSD-207-b85a532693b63036252b8f9e7c546d9f,uif,http://purl.obolibrary.org/obo/NCBITaxon_7227,http://www.ncbi.nlm.nih.gov/gene/33983,-1.54206,1.27067e-05,OSD-207
https://purl.org/okn/frink/kg/spoke-genelab/node/OSD-207-b85a532693b63036252b8f9e7c546d9f,CG11878,http://purl.obolibrary.org/obo/NCBITaxon_7227,http://www.ncbi.nlm.nih.gov/gene/43050,2.84274,4.21689e-05,OSD-207
https://purl.org/okn/frink/kg/spoke-genelab/node/OSD-207-b85a532693b63036252b8f9e7c546d9f,NimC4,http://purl.obolibrary.org/obo/NCBITaxon_7227,http://www.ncbi.nlm.nih.gov/gene/34824,-5.66835,3.63467e-07,OSD-207
https://purl.org/okn/frink/kg/spoke-genelab/node/OSD-207-b85a532693b63036252b8f9e7c546d9f,dyw,http://purl.obolibrary.org/obo/NCBITaxon_7227,http://www.ncbi.nlm.nih.gov/gene/31252,-4.76658,1.32759e-06,OSD-207
https://purl.org/okn/frink/kg/spoke-genelab/node/OSD-207-b85a532693b63036252b8f9e7c546d9f,mthl15,http://purl.obolibrary.org/obo/NCBITaxon_7227,http://www.ncbi.nlm.nih.gov/gene/318914,-1.10016,0.0128631,OSD-207
https://purl.org/okn/frink/kg/spoke-genelab/node/OSD-207-b85a532693b63036252b8f9e7c546d9f,CG7910,http://purl.obolibrary.org/obo/NCBITaxon_7227,http://www.ncbi.nlm.nih.gov/gene/40956,2.52162,4.07096e-07,OSD-207
https://purl.org/okn/frink/kg/spoke-genelab/node/OSD-207-b85a532693b63036252b8f9e7c546d9f,CG12917,http://purl.obolibrary.org/obo/NCBITaxon_7227,http://www.ncbi.nlm.nih.gov/gene/36065,3.52865,0.035026,OSD-207
https://purl.org/okn/frink/kg/spoke-genelab/node/OSD-207-b85a532693b63036252b8f9e7c546d9f,Cda5,http://purl.obolibrary.org/obo/NCBITaxon_7227,http://www.ncbi.nlm.nih.gov/gene/33158,-3.37141,2.26266e-12,OSD-207
https://purl.org/okn/frink/kg/spoke-genelab/node/OSD-207-b85a532693b63036252b8f9e7c546d9f,lncRNA:CR45454,http://purl.obolibrary.org/obo/NCBITaxon_7227,http://www.ncbi.nlm.nih.gov/gene/19835719,-4.12036,0.00420466,OSD-207
https://purl.org/okn/frink/kg/spoke-genelab/node/OSD-207-b85a532693b63036252b8f9e7c546d9f,CG2233,http://purl.obolibrary.org/obo/NCBITaxon_7227,http://www.ncbi.nlm.nih.gov/gene/31721,1.52962,2.44811e-05,OSD-207
https://purl.org/okn/frink/kg/spoke-genelab/node/OSD-207-b85a532693b63036252b8f9e7c546d9f,lncRNA:CR45156,http://purl.obolibrary.org/obo/NCBITaxon_7227,http://www.ncbi.nlm.nih.gov/gene/19835983,1.79765,0.0341372,OSD-207
https://purl.org/okn/frink/kg/spoke-genelab/node/OSD-207-b85a532693b63036252b8f9e7c546d9f,CG5162,http://purl.obolibrary.org/obo/NCBITaxon_7227,http://www.ncbi.nlm.nih.gov/gene/32709,1.43292,9.52135e-05,OSD-207
https://purl.org/okn/frink/kg/spoke-genelab/node/OSD-207-b85a532693b63036252b8f9e7c546d9f,gfzf,http://purl.obolibrary.org/obo/NCBITaxon_7227,http://www.ncbi.nlm.nih.gov/gene/40858,-1.6202,4.01081e-08,OSD-207
https://purl.org/okn/frink/kg/spoke-genelab/node/OSD-207-b85a532693b63036252b8f9e7c546d9f,CG43210,http://purl.obolibrary.org/obo/NCBITaxon_7227,http://www.ncbi.nlm.nih.gov/gene/13084062,1.93795,0.0046673,OSD-207
https://purl.org/okn/frink/kg/spoke-genelab/node/OSD-207-b85a532693b63036252b8f9e7c546d9f,BomT1,http://purl.obolibrary.org/obo/NCBITaxon_7227,http://www.ncbi.nlm.nih.gov/gene/12798334,4.41332,2.05987e-05,OSD-207
https://purl.org/okn/frink/kg/spoke-genelab/node/OSD-207-b85a532693b63036252b8f9e7c546d9f,ZnT35C,http://purl.obolibrary.org/obo/NCBITaxon_7227,http://www.ncbi.nlm.nih.gov/gene/34890,-1.31402,0.0355026,OSD-207
https://purl.org/okn/frink/kg/spoke-genelab/node/OSD-207-b85a532693b63036252b8f9e7c546d9f,roh,http://purl.obolibrary.org/obo/NCBITaxon_7227,http://www.ncbi.nlm.nih.gov/gene/246602,-1.10107,1.03449e-13,OSD-207
https://purl.org/okn/frink/kg/spoke-genelab/node/OSD-207-b85a532693b63036252b8f9e7c546d9f,CG11760,http://purl.obolibrary.org/obo/NCBITaxon_7227,http://www.ncbi.nlm.nih.gov/gene/41036,-1.06402,0.00214792,OSD-207
https://purl.org/okn/frink/kg/spoke-genelab/node/OSD-207-b85a532693b63036252b8f9e7c546d9f,exu,http://purl.obolibrary.org/obo/NCBITaxon_7227,http://www.ncbi.nlm.nih.gov/gene/37345,1.05071,0.00155353,OSD-207
https://purl.org/okn/frink/kg/spoke-genelab/node/OSD-207-b85a532693b63036252b8f9e7c546d9f,Mf,http://purl.obolibrary.org/obo/NCBITaxon_7227,http://www.ncbi.nlm.nih.gov/gene/41824,-1.61426,1.13907e-10,OSD-207
https://purl.org/okn/frink/kg/spoke-genelab/node/OSD-207-b85a532693b63036252b8f9e7c546d9f,CG33281,http://purl.obolibrary.org/obo/NCBITaxon_7227,http://www.ncbi.nlm.nih.gov/gene/2768938,-2.84968,0.00150228,OSD-207
https://purl.org/okn/frink/kg/spoke-genelab/node/OSD-207-b85a532693b63036252b8f9e7c546d9f,NimB1,http://purl.obolibrary.org/obo/NCBITaxon_7227,http://www.ncbi.nlm.nih.gov/gene/34813,1.31554,0.0146774,OSD-207
https://purl.org/okn/frink/kg/spoke-genelab/node/OSD-207-b85a532693b63036252b8f9e7c546d9f,CG43175,http://purl.obolibrary.org/obo/NCBITaxon_7227,http://www.ncbi.nlm.nih.gov/gene/12798449,5.32836,0.00170136,OSD-207
https://purl.org/okn/frink/kg/spoke-genelab/node/OSD-207-b85a532693b63036252b8f9e7c546d9f,Tsf3,http://purl.obolibrary.org/obo/NCBITaxon_7227,http://www.ncbi.nlm.nih.gov/gene/36800,1.3584,0.000534386,OSD-207
https://purl.org/okn/frink/kg/spoke-genelab/node/OSD-207-b85a532693b63036252b8f9e7c546d9f,CG32206,http://purl.obolibrary.org/obo/NCBITaxon_7227,http://www.ncbi.nlm.nih.gov/gene/40105,-1.05067,6.67561e-13,OSD-207
https://purl.org/okn/frink/kg/spoke-genelab/node/OSD-207-b85a532693b63036252b8f9e7c546d9f,Ugt35E1,http://purl.obolibrary.org/obo/NCBITaxon_7227,http://www.ncbi.nlm.nih.gov/gene/53504,-2.23677,0.000348166,OSD-207
https://purl.org/okn/frink/kg/spoke-genelab/node/OSD-207-b85a532693b63036252b8f9e7c546d9f,CheB42b,http://purl.obolibrary.org/obo/NCBITaxon_7227,http://www.ncbi.nlm.nih.gov/gene/2768717,3.71854,0.0346005,OSD-207
https://purl.org/okn/frink/kg/spoke-genelab/node/OSD-207-b85a532693b63036252b8f9e7c546d9f,serp,http://purl.obolibrary.org/obo/NCBITaxon_7227,http://www.ncbi.nlm.nih.gov/gene/40150,-2.94084,0.00110263,OSD-207
https://purl.org/okn/frink/kg/spoke-genelab/node/OSD-207-b85a532693b63036252b8f9e7c546d9f,CanA1,http://purl.obolibrary.org/obo/NCBITaxon_7227,http://www.ncbi.nlm.nih.gov/gene/43670,-1.16097,9.32708e-05,OSD-207
https://purl.org/okn/frink/kg/spoke-genelab/node/OSD-207-b85a532693b63036252b8f9e7c546d9f,Pop1,http://purl.obolibrary.org/obo/NCBITaxon_7227,http://www.ncbi.nlm.nih.gov/gene/31475,1.22574,0.00545823,OSD-207
https://purl.org/okn/frink/kg/spoke-genelab/node/OSD-207-b85a532693b63036252b8f9e7c546d9f,nAChRbeta3,http://purl.obolibrary.org/obo/NCBITaxon_7227,http://www.ncbi.nlm.nih.gov/gene/33228,1.04936,0.000121703,OSD-207
https://purl.org/okn/frink/kg/spoke-genelab/node/OSD-207-b85a532693b63036252b8f9e7c546d9f,Tmhs,http://purl.obolibrary.org/obo/NCBITaxon_7227,http://www.ncbi.nlm.nih.gov/gene/38251,-1.50779,0.00135067,OSD-207
https://purl.org/okn/frink/kg/spoke-genelab/node/OSD-207-b85a532693b63036252b8f9e7c546d9f,CG31642,http://purl.obolibrary.org/obo/NCBITaxon_7227,http://www.ncbi.nlm.nih.gov/gene/326149,-1.50247,0.000552691,OSD-207
https://purl.org/okn/frink/kg/spoke-genelab/node/OSD-207-b85a532693b63036252b8f9e7c546d9f,asRNA:CR43467,http://purl.obolibrary.org/obo/NCBITaxon_7227,http://www.ncbi.nlm.nih.gov/gene/12798389,-2.61987,0.0427338,OSD-207
https://purl.org/okn/frink/kg/spoke-genelab/node/OSD-207-b85a532693b63036252b8f9e7c546d9f,CG13678,http://purl.obolibrary.org/obo/NCBITaxon_7227,http://www.ncbi.nlm.nih.gov/gene/38922,-2.54799,0.00389931,OSD-207
https://purl.org/okn/frink/kg/spoke-genelab/node/OSD-207-b85a532693b63036252b8f9e7c546d9f,CG10680,http://purl.obolibrary.org/obo/NCBITaxon_7227,http://www.ncbi.nlm.nih.gov/gene/35282,1.78492,9.44171e-07,OSD-207
https://purl.org/okn/frink/kg/spoke-genelab/node/OSD-207-b85a532693b63036252b8f9e7c546d9f,CG15497,http://purl.obolibrary.org/obo/NCBITaxon_7227,http://www.ncbi.nlm.nih.gov/gene/42552,1.749,2.2779e-06,OSD-207
https://purl.org/okn/frink/kg/spoke-genelab/node/OSD-207-b85a532693b63036252b8f9e7c546d9f,Tsf1,http://purl.obolibrary.org/obo/NCBITaxon_7227,http://www.ncbi.nlm.nih.gov/gene/32821,1.03404,0.0270172,OSD-207
https://purl.org/okn/frink/kg/spoke-genelab/node/OSD-207-b85a532693b63036252b8f9e7c546d9f,CG31343,http://purl.obolibrary.org/obo/NCBITaxon_7227,http://www.ncbi.nlm.nih.gov/gene/326133,1.34247,0.0106762,OSD-207
https://purl.org/okn/frink/kg/spoke-genelab/node/OSD-207-b85a532693b63036252b8f9e7c546d9f,CG4594,http://purl.obolibrary.org/obo/NCBITaxon_7227,http://www.ncbi.nlm.nih.gov/gene/34316,1.11282,1.06265e-05,OSD-207
https://purl.org/okn/frink/kg/spoke-genelab/node/OSD-207-b85a532693b63036252b8f9e7c546d9f,Ect3,http://purl.obolibrary.org/obo/NCBITaxon_7227,http://www.ncbi.nlm.nih.gov/gene/41457,1.6478,0.0094981,OSD-207
https://purl.org/okn/frink/kg/spoke-genelab/node/OSD-207-b85a532693b63036252b8f9e7c546d9f,CG46312,http://purl.obolibrary.org/obo/NCBITaxon_7227,http://www.ncbi.nlm.nih.gov/gene/30522401,-21.8757,2.27065e-11,OSD-207
https://purl.org/okn/frink/kg/spoke-genelab/node/OSD-207-b85a532693b63036252b8f9e7c546d9f,Atpalpha,http://purl.obolibrary.org/obo/NCBITaxon_7227,http://www.ncbi.nlm.nih.gov/gene/48971,-1.08875,2.66296e-09,OSD-207
https://purl.org/okn/frink/kg/spoke-genelab/node/OSD-207-b85a532693b63036252b8f9e7c546d9f,lncRNA:CR45553,http://purl.obolibrary.org/obo/NCBITaxon_7227,http://www.ncbi.nlm.nih.gov/gene/19834776,-4.49981,0.000196117,OSD-207
https://purl.org/okn/frink/kg/spoke-genelab/node/OSD-207-b85a532693b63036252b8f9e7c546d9f,Alp9,http://purl.obolibrary.org/obo/NCBITaxon_7227,http://www.ncbi.nlm.nih.gov/gene/38633,6.08998,2.66389e-06,OSD-207
https://purl.org/okn/frink/kg/spoke-genelab/node/OSD-207-b85a532693b63036252b8f9e7c546d9f,conv,http://purl.obolibrary.org/obo/NCBITaxon_7227,http://www.ncbi.nlm.nih.gov/gene/36588,-1.81512,0.000171667,OSD-207
https://purl.org/okn/frink/kg/spoke-genelab/node/OSD-207-b85a532693b63036252b8f9e7c546d9f,CG4017,http://purl.obolibrary.org/obo/NCBITaxon_7227,http://www.ncbi.nlm.nih.gov/gene/34296,-4.74738,0.000159655,OSD-207
https://purl.org/okn/frink/kg/spoke-genelab/node/OSD-207-b85a532693b63036252b8f9e7c546d9f,ppk22,http://purl.obolibrary.org/obo/NCBITaxon_7227,http://www.ncbi.nlm.nih.gov/gene/318593,-3.14917,0.000203812,OSD-207
https://purl.org/okn/frink/kg/spoke-genelab/node/OSD-207-b85a532693b63036252b8f9e7c546d9f,CG5731,http://purl.obolibrary.org/obo/NCBITaxon_7227,http://www.ncbi.nlm.nih.gov/gene/34355,-1.58406,0.00191304,OSD-207
https://purl.org/okn/frink/kg/spoke-genelab/node/OSD-207-b85a532693b63036252b8f9e7c546d9f,CG31904,http://purl.obolibrary.org/obo/NCBITaxon_7227,http://www.ncbi.nlm.nih.gov/gene/319016,-4.25654,1.11812e-07,OSD-207
https://purl.org/okn/frink/kg/spoke-genelab/node/OSD-207-b85a532693b63036252b8f9e7c546d9f,srl,http://purl.obolibrary.org/obo/NCBITaxon_7227,http://www.ncbi.nlm.nih.gov/gene/40562,1.39088,4.51039e-05,OSD-207
https://purl.org/okn/frink/kg/spoke-genelab/node/OSD-207-b85a532693b63036252b8f9e7c546d9f,ft,http://purl.obolibrary.org/obo/NCBITaxon_7227,http://www.ncbi.nlm.nih.gov/gene/33627,-2.9342,2.1008e-09,OSD-207
https://purl.org/okn/frink/kg/spoke-genelab/node/OSD-207-b85a532693b63036252b8f9e7c546d9f,lncRNA:CR45054,http://purl.obolibrary.org/obo/NCBITaxon_7227,http://www.ncbi.nlm.nih.gov/gene/19835480,2.81684,2.07285e-12,OSD-207
https://purl.org/okn/frink/kg/spoke-genelab/node/OSD-207-b85a532693b63036252b8f9e7c546d9f,asRNA:CR45213,http://purl.obolibrary.org/obo/NCBITaxon_7227,http://www.ncbi.nlm.nih.gov/gene/19835455,-3.66087,0.00530806,OSD-207
https://purl.org/okn/frink/kg/spoke-genelab/node/OSD-207-b85a532693b63036252b8f9e7c546d9f,MsrA,http://purl.obolibrary.org/obo/NCBITaxon_7227,http://www.ncbi.nlm.nih.gov/gene/39675,1.57629,0.00635518,OSD-207
https://purl.org/okn/frink/kg/spoke-genelab/node/OSD-207-b85a532693b63036252b8f9e7c546d9f,CG12911,http://purl.obolibrary.org/obo/NCBITaxon_7227,http://www.ncbi.nlm.nih.gov/gene/36081,-2.48685,0.00272543,OSD-207
https://purl.org/okn/frink/kg/spoke-genelab/node/OSD-207-b85a532693b63036252b8f9e7c546d9f,CG6034,http://purl.obolibrary.org/obo/NCBITaxon_7227,http://www.ncbi.nlm.nih.gov/gene/39974,-3.14245,0.000102383,OSD-207
https://purl.org/okn/frink/kg/spoke-genelab/node/OSD-207-b85a532693b63036252b8f9e7c546d9f,ND5,http://purl.obolibrary.org/obo/NCBITaxon_7227,http://www.ncbi.nlm.nih.gov/gene/19893549,-1.05907,0.00323003,OSD-207
https://purl.org/okn/frink/kg/spoke-genelab/node/OSD-207-b85a532693b63036252b8f9e7c546d9f,fj,http://purl.obolibrary.org/obo/NCBITaxon_7227,http://www.ncbi.nlm.nih.gov/gene/37089,-3.70338,2.93977e-10,OSD-207
https://purl.org/okn/frink/kg/spoke-genelab/node/OSD-207-b85a532693b63036252b8f9e7c546d9f,Lsp1gamma,http://purl.obolibrary.org/obo/NCBITaxon_7227,http://www.ncbi.nlm.nih.gov/gene/38015,-8.27385,1.95677e-08,OSD-207
https://purl.org/okn/frink/kg/spoke-genelab/node/OSD-207-b85a532693b63036252b8f9e7c546d9f,TpnC47D,http://purl.obolibrary.org/obo/NCBITaxon_7227,http://www.ncbi.nlm.nih.gov/gene/36195,-2.66942,0.00254061,OSD-207
https://purl.org/okn/frink/kg/spoke-genelab/node/OSD-207-b85a532693b63036252b8f9e7c546d9f,ATP6,http://purl.obolibrary.org/obo/NCBITaxon_7227,http://www.ncbi.nlm.nih.gov/gene/19893539,-1.24084,0.0130495,OSD-207
https://purl.org/okn/frink/kg/spoke-genelab/node/OSD-207-b85a532693b63036252b8f9e7c546d9f,Gagr,http://purl.obolibrary.org/obo/NCBITaxon_7227,http://www.ncbi.nlm.nih.gov/gene/39824,1.24846,9.76259e-06,OSD-207
https://purl.org/okn/frink/kg/spoke-genelab/node/OSD-207-b85a532693b63036252b8f9e7c546d9f,CG34205,http://purl.obolibrary.org/obo/NCBITaxon_7227,http://www.ncbi.nlm.nih.gov/gene/37526,-4.95226,0.00297819,OSD-207
https://purl.org/okn/frink/kg/spoke-genelab/node/OSD-207-b85a532693b63036252b8f9e7c546d9f,CG10348,http://purl.obolibrary.org/obo/NCBITaxon_7227,http://www.ncbi.nlm.nih.gov/gene/35132,-1.75639,0.000500089,OSD-207
https://purl.org/okn/frink/kg/spoke-genelab/node/OSD-207-b85a532693b63036252b8f9e7c546d9f,Est-P,http://purl.obolibrary.org/obo/NCBITaxon_7227,http://www.ncbi.nlm.nih.gov/gene/39393,1.17101,0.0286015,OSD-207
https://purl.org/okn/frink/kg/spoke-genelab/node/OSD-207-b85a532693b63036252b8f9e7c546d9f,E(spl)m7-HLH,http://purl.obolibrary.org/obo/NCBITaxon_7227,http://www.ncbi.nlm.nih.gov/gene/43160,-3.59013,0.000534153,OSD-207
https://purl.org/okn/frink/kg/spoke-genelab/node/OSD-207-b85a532693b63036252b8f9e7c546d9f,lncRNA:CR46253,http://purl.obolibrary.org/obo/NCBITaxon_7227,http://www.ncbi.nlm.nih.gov/gene/26067563,3.61152,0.0397109,OSD-207
https://purl.org/okn/frink/kg/spoke-genelab/node/OSD-207-b85a532693b63036252b8f9e7c546d9f,h,http://purl.obolibrary.org/obo/NCBITaxon_7227,http://www.ncbi.nlm.nih.gov/gene/38995,1.24303,0.0144868,OSD-207
https://purl.org/okn/frink/kg/spoke-genelab/node/OSD-207-b85a532693b63036252b8f9e7c546d9f,Dsk,http://purl.obolibrary.org/obo/NCBITaxon_7227,http://www.ncbi.nlm.nih.gov/gene/45845,1.33505,4.35213e-07,OSD-207
https://purl.org/okn/frink/kg/spoke-genelab/node/OSD-207-b85a532693b63036252b8f9e7c546d9f,CG14153,http://purl.obolibrary.org/obo/NCBITaxon_7227,http://www.ncbi.nlm.nih.gov/gene/39208,-2.34112,1.83316e-14,OSD-207
https://purl.org/okn/frink/kg/spoke-genelab/node/OSD-207-b85a532693b63036252b8f9e7c546d9f,cort,http://purl.obolibrary.org/obo/NCBITaxon_7227,http://www.ncbi.nlm.nih.gov/gene/33937,1.34102,0.00014446,OSD-207
https://purl.org/okn/frink/kg/spoke-genelab/node/OSD-207-b85a532693b63036252b8f9e7c546d9f,CG30098,http://purl.obolibrary.org/obo/NCBITaxon_7227,http://www.ncbi.nlm.nih.gov/gene/246456,8.24065,1.87644e-07,OSD-207
https://purl.org/okn/frink/kg/spoke-genelab/node/OSD-207-b85a532693b63036252b8f9e7c546d9f,CG13607,http://purl.obolibrary.org/obo/NCBITaxon_7227,http://www.ncbi.nlm.nih.gov/gene/42859,1.37584,0.0350972,OSD-207
https://purl.org/okn/frink/kg/spoke-genelab/node/OSD-207-b85a532693b63036252b8f9e7c546d9f,stv,http://purl.obolibrary.org/obo/NCBITaxon_7227,http://www.ncbi.nlm.nih.gov/gene/39518,-1.25906,2.85233e-06,OSD-207
https://purl.org/okn/frink/kg/spoke-genelab/node/OSD-207-b85a532693b63036252b8f9e7c546d9f,CG7639,http://purl.obolibrary.org/obo/NCBITaxon_7227,http://www.ncbi.nlm.nih.gov/gene/36675,-1.08807,4.09226e-08,OSD-207
https://purl.org/okn/frink/kg/spoke-genelab/node/OSD-207-b85a532693b63036252b8f9e7c546d9f,CG32036,http://purl.obolibrary.org/obo/NCBITaxon_7227,http://www.ncbi.nlm.nih.gov/gene/39105,-2.11535,0.0117487,OSD-207
https://purl.org/okn/frink/kg/spoke-genelab/node/OSD-207-b85a532693b63036252b8f9e7c546d9f,CG13627,http://purl.obolibrary.org/obo/NCBITaxon_7227,http://www.ncbi.nlm.nih.gov/gene/42941,-2.26087,0.00219072,OSD-207
https://purl.org/okn/frink/kg/spoke-genelab/node/OSD-207-b85a532693b63036252b8f9e7c546d9f,Gat,http://purl.obolibrary.org/obo/NCBITaxon_7227,http://www.ncbi.nlm.nih.gov/gene/43805,-1.49192,1.18126e-06,OSD-207
https://purl.org/okn/frink/kg/spoke-genelab/node/OSD-207-b85a532693b63036252b8f9e7c546d9f,CG1674,http://purl.obolibrary.org/obo/NCBITaxon_7227,http://www.ncbi.nlm.nih.gov/gene/43780,-1.56472,1.01117e-10,OSD-207
https://purl.org/okn/frink/kg/spoke-genelab/node/OSD-207-b85a532693b63036252b8f9e7c546d9f,lncRNA:CR45241,http://purl.obolibrary.org/obo/NCBITaxon_7227,http://www.ncbi.nlm.nih.gov/gene/19835402,2.88286,0.0225774,OSD-207
https://purl.org/okn/frink/kg/spoke-genelab/node/OSD-207-b85a532693b63036252b8f9e7c546d9f,Sil1,http://purl.obolibrary.org/obo/NCBITaxon_7227,http://www.ncbi.nlm.nih.gov/gene/43034,1.66846,0.00296478,OSD-207
https://purl.org/okn/frink/kg/spoke-genelab/node/OSD-207-b85a532693b63036252b8f9e7c546d9f,CG1774,http://purl.obolibrary.org/obo/NCBITaxon_7227,http://www.ncbi.nlm.nih.gov/gene/43722,-1.17308,0.00302533,OSD-207
https://purl.org/okn/frink/kg/spoke-genelab/node/OSD-207-b85a532693b63036252b8f9e7c546d9f,l(3)mbn,http://purl.obolibrary.org/obo/NCBITaxon_7227,http://www.ncbi.nlm.nih.gov/gene/38701,-7.31715,0.000170754,OSD-207
https://purl.org/okn/frink/kg/spoke-genelab/node/OSD-207-b85a532693b63036252b8f9e7c546d9f,CG32373,http://purl.obolibrary.org/obo/NCBITaxon_7227,http://www.ncbi.nlm.nih.gov/gene/318000,1.13735,0.00205667,OSD-207
https://purl.org/okn/frink/kg/spoke-genelab/node/OSD-207-b85a532693b63036252b8f9e7c546d9f,drd,http://purl.obolibrary.org/obo/NCBITaxon_7227,http://www.ncbi.nlm.nih.gov/gene/318102,-1.62976,8.05276e-05,OSD-207
https://purl.org/okn/frink/kg/spoke-genelab/node/OSD-207-b85a532693b63036252b8f9e7c546d9f,CARPB,http://purl.obolibrary.org/obo/NCBITaxon_7227,http://www.ncbi.nlm.nih.gov/gene/31915,1.33515,5.40088e-08,OSD-207
https://purl.org/okn/frink/kg/spoke-genelab/node/OSD-207-b85a532693b63036252b8f9e7c546d9f,CG42319,http://purl.obolibrary.org/obo/NCBITaxon_7227,http://www.ncbi.nlm.nih.gov/gene/36473,-1.55377,1.83418e-10,OSD-207
https://purl.org/okn/frink/kg/spoke-genelab/node/OSD-207-b85a532693b63036252b8f9e7c546d9f,asRNA:CR45190,http://purl.obolibrary.org/obo/NCBITaxon_7227,http://www.ncbi.nlm.nih.gov/gene/19836234,-2.41607,0.00227696,OSD-207
https://purl.org/okn/frink/kg/spoke-genelab/node/OSD-207-b85a532693b63036252b8f9e7c546d9f,CG17707,http://purl.obolibrary.org/obo/NCBITaxon_7227,http://www.ncbi.nlm.nih.gov/gene/5740408,-5.73713,3.88498e-09,OSD-207
https://purl.org/okn/frink/kg/spoke-genelab/node/OSD-207-b85a532693b63036252b8f9e7c546d9f,RpI12,http://purl.obolibrary.org/obo/NCBITaxon_7227,http://www.ncbi.nlm.nih.gov/gene/42563,1.18,0.000226055,OSD-207
https://purl.org/okn/frink/kg/spoke-genelab/node/OSD-207-b85a532693b63036252b8f9e7c546d9f,CG14218,http://purl.obolibrary.org/obo/NCBITaxon_7227,http://www.ncbi.nlm.nih.gov/gene/32949,-5.79279,2.12679e-05,OSD-207
https://purl.org/okn/frink/kg/spoke-genelab/node/OSD-207-b85a532693b63036252b8f9e7c546d9f,CG7896,http://purl.obolibrary.org/obo/NCBITaxon_7227,http://www.ncbi.nlm.nih.gov/gene/43552,-6.23378,1.15128e-14,OSD-207
https://purl.org/okn/frink/kg/spoke-genelab/node/OSD-207-b85a532693b63036252b8f9e7c546d9f,CG15554,http://purl.obolibrary.org/obo/NCBITaxon_7227,http://www.ncbi.nlm.nih.gov/gene/43680,-2.77336,3.91051e-05,OSD-207
https://purl.org/okn/frink/kg/spoke-genelab/node/OSD-207-b85a532693b63036252b8f9e7c546d9f,SdhD,http://purl.obolibrary.org/obo/NCBITaxon_7227,http://www.ncbi.nlm.nih.gov/gene/42808,-1.04106,1.4282e-11,OSD-207
https://purl.org/okn/frink/kg/spoke-genelab/node/OSD-207-b85a532693b63036252b8f9e7c546d9f,Mical,http://purl.obolibrary.org/obo/NCBITaxon_7227,http://www.ncbi.nlm.nih.gov/gene/41225,-1.25456,1.94517e-05,OSD-207
https://purl.org/okn/frink/kg/spoke-genelab/node/OSD-207-b85a532693b63036252b8f9e7c546d9f,CG33307,http://purl.obolibrary.org/obo/NCBITaxon_7227,http://www.ncbi.nlm.nih.gov/gene/2768914,2.95581,4.65371e-11,OSD-207
https://purl.org/okn/frink/kg/spoke-genelab/node/OSD-207-b85a532693b63036252b8f9e7c546d9f,CG12998,http://purl.obolibrary.org/obo/NCBITaxon_7227,http://www.ncbi.nlm.nih.gov/gene/32710,-13.6048,1.68621e-17,OSD-207
https://purl.org/okn/frink/kg/spoke-genelab/node/OSD-207-b85a532693b63036252b8f9e7c546d9f,Obp99d,http://purl.obolibrary.org/obo/NCBITaxon_7227,http://www.ncbi.nlm.nih.gov/gene/43496,-1.32387,0.0498571,OSD-207
https://purl.org/okn/frink/kg/spoke-genelab/node/OSD-207-b85a532693b63036252b8f9e7c546d9f,Ugt35C1,http://purl.obolibrary.org/obo/NCBITaxon_7227,http://www.ncbi.nlm.nih.gov/gene/53507,1.6189,9.89853e-05,OSD-207
https://purl.org/okn/frink/kg/spoke-genelab/node/OSD-207-b85a532693b63036252b8f9e7c546d9f,CG43386,http://purl.obolibrary.org/obo/NCBITaxon_7227,http://www.ncbi.nlm.nih.gov/gene/31929,-1.73542,0.00502553,OSD-207
https://purl.org/okn/frink/kg/spoke-genelab/node/OSD-207-b85a532693b63036252b8f9e7c546d9f,mthl14,http://purl.obolibrary.org/obo/NCBITaxon_7227,http://www.ncbi.nlm.nih.gov/gene/318046,-1.27358,0.0144322,OSD-207
https://purl.org/okn/frink/kg/spoke-genelab/node/OSD-207-b85a532693b63036252b8f9e7c546d9f,CG33978,http://purl.obolibrary.org/obo/NCBITaxon_7227,http://www.ncbi.nlm.nih.gov/gene/3885646,-1.36355,0.000190924,OSD-207
https://purl.org/okn/frink/kg/spoke-genelab/node/OSD-207-b85a532693b63036252b8f9e7c546d9f,CG34180,http://purl.obolibrary.org/obo/NCBITaxon_7227,http://www.ncbi.nlm.nih.gov/gene/5740541,-3.40407,1.11661e-08,OSD-207
https://purl.org/okn/frink/kg/spoke-genelab/node/OSD-207-b85a532693b63036252b8f9e7c546d9f,ReepA,http://purl.obolibrary.org/obo/NCBITaxon_7227,http://www.ncbi.nlm.nih.gov/gene/37643,-1.00153,6.91691e-05,OSD-207
https://purl.org/okn/frink/kg/spoke-genelab/node/OSD-207-b85a532693b63036252b8f9e7c546d9f,CG9757,http://purl.obolibrary.org/obo/NCBITaxon_7227,http://www.ncbi.nlm.nih.gov/gene/41662,4.30311,2.87523e-11,OSD-207
https://purl.org/okn/frink/kg/spoke-genelab/node/OSD-207-b85a532693b63036252b8f9e7c546d9f,mol,http://purl.obolibrary.org/obo/NCBITaxon_7227,http://www.ncbi.nlm.nih.gov/gene/34872,-1.58459,6.60238e-06,OSD-207
https://purl.org/okn/frink/kg/spoke-genelab/node/OSD-207-b85a532693b63036252b8f9e7c546d9f,rdo,http://purl.obolibrary.org/obo/NCBITaxon_7227,http://www.ncbi.nlm.nih.gov/gene/35077,-1.14595,5.71183e-10,OSD-207
https://purl.org/okn/frink/kg/spoke-genelab/node/OSD-207-b85a532693b63036252b8f9e7c546d9f,CG17107,http://purl.obolibrary.org/obo/NCBITaxon_7227,http://www.ncbi.nlm.nih.gov/gene/34467,1.54365,0.0002829,OSD-207
https://purl.org/okn/frink/kg/spoke-genelab/node/OSD-207-b85a532693b63036252b8f9e7c546d9f,CAH8,http://purl.obolibrary.org/obo/NCBITaxon_7227,http://www.ncbi.nlm.nih.gov/gene/42625,-1.03432,0.0305774,OSD-207
https://purl.org/okn/frink/kg/spoke-genelab/node/OSD-207-b85a532693b63036252b8f9e7c546d9f,CG33061,http://purl.obolibrary.org/obo/NCBITaxon_7227,http://www.ncbi.nlm.nih.gov/gene/318838,-5.51206,0.000893292,OSD-207
https://purl.org/okn/frink/kg/spoke-genelab/node/OSD-207-b85a532693b63036252b8f9e7c546d9f,CG15515,http://purl.obolibrary.org/obo/NCBITaxon_7227,http://www.ncbi.nlm.nih.gov/gene/43538,-1.72855,0.00251484,OSD-207
https://purl.org/okn/frink/kg/spoke-genelab/node/OSD-207-b85a532693b63036252b8f9e7c546d9f,Mec2,http://purl.obolibrary.org/obo/NCBITaxon_7227,http://www.ncbi.nlm.nih.gov/gene/32905,1.68157,0.00574434,OSD-207
https://purl.org/okn/frink/kg/spoke-genelab/node/OSD-207-b85a532693b63036252b8f9e7c546d9f,CG14034,http://purl.obolibrary.org/obo/NCBITaxon_7227,http://www.ncbi.nlm.nih.gov/gene/33751,-2.80083,1.22055e-05,OSD-207
https://purl.org/okn/frink/kg/spoke-genelab/node/OSD-207-b85a532693b63036252b8f9e7c546d9f,Cht5,http://purl.obolibrary.org/obo/NCBITaxon_7227,http://www.ncbi.nlm.nih.gov/gene/41687,-2.62579,0.000611296,OSD-207
https://purl.org/okn/frink/kg/spoke-genelab/node/OSD-207-b85a532693b63036252b8f9e7c546d9f,CG42249,http://purl.obolibrary.org/obo/NCBITaxon_7227,http://www.ncbi.nlm.nih.gov/gene/32043,-1.83199,0.000870266,OSD-207
https://purl.org/okn/frink/kg/spoke-genelab/node/OSD-207-b85a532693b63036252b8f9e7c546d9f,CG16820,http://purl.obolibrary.org/obo/NCBITaxon_7227,http://www.ncbi.nlm.nih.gov/gene/34730,-1.0844,0.0349185,OSD-207
https://purl.org/okn/frink/kg/spoke-genelab/node/OSD-207-b85a532693b63036252b8f9e7c546d9f,CG7296,http://purl.obolibrary.org/obo/NCBITaxon_7227,http://www.ncbi.nlm.nih.gov/gene/34469,-1.06428,0.00272301,OSD-207
https://purl.org/okn/frink/kg/spoke-genelab/node/OSD-207-b85a532693b63036252b8f9e7c546d9f,Capa,http://purl.obolibrary.org/obo/NCBITaxon_7227,http://www.ncbi.nlm.nih.gov/gene/43541,1.18422,1.06584e-06,OSD-207
https://purl.org/okn/frink/kg/spoke-genelab/node/OSD-207-b85a532693b63036252b8f9e7c546d9f,CG13116,http://purl.obolibrary.org/obo/NCBITaxon_7227,http://www.ncbi.nlm.nih.gov/gene/34288,1.29571,0.000129182,OSD-207
https://purl.org/okn/frink/kg/spoke-genelab/node/OSD-207-b85a532693b63036252b8f9e7c546d9f,CG31883,http://purl.obolibrary.org/obo/NCBITaxon_7227,http://www.ncbi.nlm.nih.gov/gene/326169,-2.93549,0.00186131,OSD-207
https://purl.org/okn/frink/kg/spoke-genelab/node/OSD-207-b85a532693b63036252b8f9e7c546d9f,SmydA-5,http://purl.obolibrary.org/obo/NCBITaxon_7227,http://www.ncbi.nlm.nih.gov/gene/35538,-1.48708,3.92137e-07,OSD-207
https://purl.org/okn/frink/kg/spoke-genelab/node/OSD-207-b85a532693b63036252b8f9e7c546d9f,ninaD,http://purl.obolibrary.org/obo/NCBITaxon_7227,http://www.ncbi.nlm.nih.gov/gene/326160,-1.95689,0.0216676,OSD-207
https://purl.org/okn/frink/kg/spoke-genelab/node/OSD-207-b85a532693b63036252b8f9e7c546d9f,Gfat1,http://purl.obolibrary.org/obo/NCBITaxon_7227,http://www.ncbi.nlm.nih.gov/gene/3354921,-1.4838,0.000220932,OSD-207
https://purl.org/okn/frink/kg/spoke-genelab/node/OSD-207-b85a532693b63036252b8f9e7c546d9f,CG17646,http://purl.obolibrary.org/obo/NCBITaxon_7227,http://www.ncbi.nlm.nih.gov/gene/33354,1.30407,4.5719e-05,OSD-207
https://purl.org/okn/frink/kg/spoke-genelab/node/OSD-207-b85a532693b63036252b8f9e7c546d9f,CG5246,http://purl.obolibrary.org/obo/NCBITaxon_7227,http://www.ncbi.nlm.nih.gov/gene/42072,2.99106,0.00640066,OSD-207
https://purl.org/okn/frink/kg/spoke-genelab/node/OSD-207-b85a532693b63036252b8f9e7c546d9f,GstE8,http://purl.obolibrary.org/obo/NCBITaxon_7227,http://www.ncbi.nlm.nih.gov/gene/37113,1.24627,0.00553428,OSD-207
https://purl.org/okn/frink/kg/spoke-genelab/node/OSD-207-b85a532693b63036252b8f9e7c546d9f,CG11741,http://purl.obolibrary.org/obo/NCBITaxon_7227,http://www.ncbi.nlm.nih.gov/gene/5740784,1.99214,0.0046673,OSD-207
https://purl.org/okn/frink/kg/spoke-genelab/node/OSD-207-b85a532693b63036252b8f9e7c546d9f,CG13640,http://purl.obolibrary.org/obo/NCBITaxon_7227,http://www.ncbi.nlm.nih.gov/gene/42967,-4.27676,8.87083e-06,OSD-207
https://purl.org/okn/frink/kg/spoke-genelab/node/OSD-207-b85a532693b63036252b8f9e7c546d9f,Xrp1,http://purl.obolibrary.org/obo/NCBITaxon_7227,http://www.ncbi.nlm.nih.gov/gene/42267,1.04248,0.000932503,OSD-207
https://purl.org/okn/frink/kg/spoke-genelab/node/OSD-207-b85a532693b63036252b8f9e7c546d9f,CG31606,http://purl.obolibrary.org/obo/NCBITaxon_7227,http://www.ncbi.nlm.nih.gov/gene/318842,-2.22655,0.019482,OSD-207
https://purl.org/okn/frink/kg/spoke-genelab/node/OSD-207-b85a532693b63036252b8f9e7c546d9f,CG34327,http://purl.obolibrary.org/obo/NCBITaxon_7227,http://www.ncbi.nlm.nih.gov/gene/5740714,-8.65457,1.69533e-16,OSD-207
https://purl.org/okn/frink/kg/spoke-genelab/node/OSD-207-b85a532693b63036252b8f9e7c546d9f,Cad99C,http://purl.obolibrary.org/obo/NCBITaxon_7227,http://www.ncbi.nlm.nih.gov/gene/43528,-1.57731,1.86089e-08,OSD-207
https://purl.org/okn/frink/kg/spoke-genelab/node/OSD-207-b85a532693b63036252b8f9e7c546d9f,Gyg,http://purl.obolibrary.org/obo/NCBITaxon_7227,http://www.ncbi.nlm.nih.gov/gene/37419,-1.53062,1.38659e-12,OSD-207
https://purl.org/okn/frink/kg/spoke-genelab/node/OSD-207-b85a532693b63036252b8f9e7c546d9f,Gadd45,http://purl.obolibrary.org/obo/NCBITaxon_7227,http://www.ncbi.nlm.nih.gov/gene/35646,2.41567,2.74243e-06,OSD-207
https://purl.org/okn/frink/kg/spoke-genelab/node/OSD-207-b85a532693b63036252b8f9e7c546d9f,CG43326,http://purl.obolibrary.org/obo/NCBITaxon_7227,http://www.ncbi.nlm.nih.gov/gene/12798140,-1.56568,0.00389441,OSD-207
https://purl.org/okn/frink/kg/spoke-genelab/node/OSD-207-b85a532693b63036252b8f9e7c546d9f,CG32591,http://purl.obolibrary.org/obo/NCBITaxon_7227,http://www.ncbi.nlm.nih.gov/gene/318104,-2.24472,1.90242e-05,OSD-207
https://purl.org/okn/frink/kg/spoke-genelab/node/OSD-207-b85a532693b63036252b8f9e7c546d9f,stnA,http://purl.obolibrary.org/obo/NCBITaxon_7227,http://www.ncbi.nlm.nih.gov/gene/3355164,-1.02248,9.91248e-15,OSD-207
https://purl.org/okn/frink/kg/spoke-genelab/node/OSD-207-b85a532693b63036252b8f9e7c546d9f,stnB,http://purl.obolibrary.org/obo/NCBITaxon_7227,http://www.ncbi.nlm.nih.gov/gene/4379834,-1.02248,9.91248e-15,OSD-207
https://purl.org/okn/frink/kg/spoke-genelab/node/OSD-207-b85a532693b63036252b8f9e7c546d9f,CG6553,http://purl.obolibrary.org/obo/NCBITaxon_7227,http://www.ncbi.nlm.nih.gov/gene/36537,1.32868,0.00134143,OSD-207
https://purl.org/okn/frink/kg/spoke-genelab/node/OSD-207-b85a532693b63036252b8f9e7c546d9f,CG43124,http://purl.obolibrary.org/obo/NCBITaxon_7227,http://www.ncbi.nlm.nih.gov/gene/12798282,2.63859,0.0267762,OSD-207
https://purl.org/okn/frink/kg/spoke-genelab/node/OSD-207-b85a532693b63036252b8f9e7c546d9f,meigo,http://purl.obolibrary.org/obo/NCBITaxon_7227,http://www.ncbi.nlm.nih.gov/gene/42510,1.01988,0.000508521,OSD-207
https://purl.org/okn/frink/kg/spoke-genelab/node/OSD-207-b85a532693b63036252b8f9e7c546d9f,CG14626,http://purl.obolibrary.org/obo/NCBITaxon_7227,http://www.ncbi.nlm.nih.gov/gene/31064,-4.00657,7.95829e-08,OSD-207
https://purl.org/okn/frink/kg/spoke-genelab/node/OSD-207-b85a532693b63036252b8f9e7c546d9f,Rel,http://purl.obolibrary.org/obo/NCBITaxon_7227,http://www.ncbi.nlm.nih.gov/gene/41087,2.31347,3.24353e-05,OSD-207
https://purl.org/okn/frink/kg/spoke-genelab/node/OSD-207-b85a532693b63036252b8f9e7c546d9f,qless,http://purl.obolibrary.org/obo/NCBITaxon_7227,http://www.ncbi.nlm.nih.gov/gene/43697,-1.3549,3.8243e-05,OSD-207
https://purl.org/okn/frink/kg/spoke-genelab/node/OSD-207-b85a532693b63036252b8f9e7c546d9f,CG42269,http://purl.obolibrary.org/obo/NCBITaxon_7227,http://www.ncbi.nlm.nih.gov/gene/38689,-2.86889,3.69475e-07,OSD-207
https://purl.org/okn/frink/kg/spoke-genelab/node/OSD-207-b85a532693b63036252b8f9e7c546d9f,Elal,http://purl.obolibrary.org/obo/NCBITaxon_7227,http://www.ncbi.nlm.nih.gov/gene/42970,1.15255,0.000958326,OSD-207
https://purl.org/okn/frink/kg/spoke-genelab/node/OSD-207-b85a532693b63036252b8f9e7c546d9f,CG15528,http://purl.obolibrary.org/obo/NCBITaxon_7227,http://www.ncbi.nlm.nih.gov/gene/43575,-1.69852,6.96518e-12,OSD-207
https://purl.org/okn/frink/kg/spoke-genelab/node/OSD-207-b85a532693b63036252b8f9e7c546d9f,FipoQ,http://purl.obolibrary.org/obo/NCBITaxon_7227,http://www.ncbi.nlm.nih.gov/gene/43475,-2.10989,6.23399e-09,OSD-207
https://purl.org/okn/frink/kg/spoke-genelab/node/OSD-207-b85a532693b63036252b8f9e7c546d9f,Sp212,http://purl.obolibrary.org/obo/NCBITaxon_7227,http://www.ncbi.nlm.nih.gov/gene/2768666,1.27376,0.000276004,OSD-207
https://purl.org/okn/frink/kg/spoke-genelab/node/OSD-207-b85a532693b63036252b8f9e7c546d9f,BomS6,http://purl.obolibrary.org/obo/NCBITaxon_7227,http://www.ncbi.nlm.nih.gov/gene/50206,1.46218,0.000244684,OSD-207
https://purl.org/okn/frink/kg/spoke-genelab/node/OSD-207-b85a532693b63036252b8f9e7c546d9f,Zip89B,http://purl.obolibrary.org/obo/NCBITaxon_7227,http://www.ncbi.nlm.nih.gov/gene/41975,1.90664,2.06609e-10,OSD-207
https://purl.org/okn/frink/kg/spoke-genelab/node/OSD-207-b85a532693b63036252b8f9e7c546d9f,Pdhb,http://purl.obolibrary.org/obo/NCBITaxon_7227,http://www.ncbi.nlm.nih.gov/gene/43437,-1.31761,1.44636e-11,OSD-207
https://purl.org/okn/frink/kg/spoke-genelab/node/OSD-207-b85a532693b63036252b8f9e7c546d9f,NT1,http://purl.obolibrary.org/obo/NCBITaxon_7227,http://www.ncbi.nlm.nih.gov/gene/38558,-4.18395,1.06683e-07,OSD-207
https://purl.org/okn/frink/kg/spoke-genelab/node/OSD-207-b85a532693b63036252b8f9e7c546d9f,CG42700,http://purl.obolibrary.org/obo/NCBITaxon_7227,http://www.ncbi.nlm.nih.gov/gene/36330,-1.14896,8.73495e-11,OSD-207
https://purl.org/okn/frink/kg/spoke-genelab/node/OSD-207-b85a532693b63036252b8f9e7c546d9f,slif,http://purl.obolibrary.org/obo/NCBITaxon_7227,http://www.ncbi.nlm.nih.gov/gene/40510,-1.36301,0.000292229,OSD-207
https://purl.org/okn/frink/kg/spoke-genelab/node/OSD-207-b85a532693b63036252b8f9e7c546d9f,CG13978,http://purl.obolibrary.org/obo/NCBITaxon_7227,http://www.ncbi.nlm.nih.gov/gene/43303,-3.74749,0.0130696,OSD-207
https://purl.org/okn/frink/kg/spoke-genelab/node/OSD-207-b85a532693b63036252b8f9e7c546d9f,CG13024,http://purl.obolibrary.org/obo/NCBITaxon_7227,http://www.ncbi.nlm.nih.gov/gene/39880,-2.64354,7.35027e-06,OSD-207
https://purl.org/okn/frink/kg/spoke-genelab/node/OSD-207-b85a532693b63036252b8f9e7c546d9f,CG14457,http://purl.obolibrary.org/obo/NCBITaxon_7227,http://www.ncbi.nlm.nih.gov/gene/40479,-4.09298,1.29135e-06,OSD-207
https://purl.org/okn/frink/kg/spoke-genelab/node/OSD-207-b85a532693b63036252b8f9e7c546d9f,CG31664,http://purl.obolibrary.org/obo/NCBITaxon_7227,http://www.ncbi.nlm.nih.gov/gene/33359,5.71212,3.58071e-37,OSD-207
https://purl.org/okn/frink/kg/spoke-genelab/node/OSD-207-b85a532693b63036252b8f9e7c546d9f,asRNA:CR45142,http://purl.obolibrary.org/obo/NCBITaxon_7227,http://www.ncbi.nlm.nih.gov/gene/19835014,-2.33687,0.0047205,OSD-207
https://purl.org/okn/frink/kg/spoke-genelab/node/OSD-207-b85a532693b63036252b8f9e7c546d9f,CG11854,http://purl.obolibrary.org/obo/NCBITaxon_7227,http://www.ncbi.nlm.nih.gov/gene/43037,1.17789,0.0225374,OSD-207
https://purl.org/okn/frink/kg/spoke-genelab/node/OSD-207-b85a532693b63036252b8f9e7c546d9f,CG4377,http://purl.obolibrary.org/obo/NCBITaxon_7227,http://www.ncbi.nlm.nih.gov/gene/37489,-1.26431,0.0164051,OSD-207
https://purl.org/okn/frink/kg/spoke-genelab/node/OSD-207-b85a532693b63036252b8f9e7c546d9f,Sclp,http://purl.obolibrary.org/obo/NCBITaxon_7227,http://www.ncbi.nlm.nih.gov/gene/32156,-2.24408,0.0101381,OSD-207
https://purl.org/okn/frink/kg/spoke-genelab/node/OSD-207-b85a532693b63036252b8f9e7c546d9f,l(3)72Dr,http://purl.obolibrary.org/obo/NCBITaxon_7227,http://www.ncbi.nlm.nih.gov/gene/39778,-1.20856,0.00195261,OSD-207
https://purl.org/okn/frink/kg/spoke-genelab/node/OSD-207-b85a532693b63036252b8f9e7c546d9f,nyo,http://purl.obolibrary.org/obo/NCBITaxon_7227,http://www.ncbi.nlm.nih.gov/gene/43716,-5.35974,0.000125515,OSD-207
https://purl.org/okn/frink/kg/spoke-genelab/node/OSD-207-b85a532693b63036252b8f9e7c546d9f,lncRNA:CR44298,http://purl.obolibrary.org/obo/NCBITaxon_7227,http://www.ncbi.nlm.nih.gov/gene/19834893,2.02639,0.000349627,OSD-207
https://purl.org/okn/frink/kg/spoke-genelab/node/OSD-207-b85a532693b63036252b8f9e7c546d9f,stai,http://purl.obolibrary.org/obo/NCBITaxon_7227,http://www.ncbi.nlm.nih.gov/gene/33863,-1.3201,1.07744e-08,OSD-207
https://purl.org/okn/frink/kg/spoke-genelab/node/OSD-207-b85a532693b63036252b8f9e7c546d9f,CG17754,http://purl.obolibrary.org/obo/NCBITaxon_7227,http://www.ncbi.nlm.nih.gov/gene/31873,-2.92534,0.000692187,OSD-207
https://purl.org/okn/frink/kg/spoke-genelab/node/OSD-207-b85a532693b63036252b8f9e7c546d9f,CG12229,http://purl.obolibrary.org/obo/NCBITaxon_7227,http://www.ncbi.nlm.nih.gov/gene/39945,-3.78046,0.0188073,OSD-207
https://purl.org/okn/frink/kg/spoke-genelab/node/OSD-207-b85a532693b63036252b8f9e7c546d9f,CG31704,http://purl.obolibrary.org/obo/NCBITaxon_7227,http://www.ncbi.nlm.nih.gov/gene/318906,2.07383,8.67376e-09,OSD-207
https://purl.org/okn/frink/kg/spoke-genelab/node/OSD-207-b85a532693b63036252b8f9e7c546d9f,asRNA:CR45046,http://purl.obolibrary.org/obo/NCBITaxon_7227,http://www.ncbi.nlm.nih.gov/gene/19834986,3.76994,4.56947e-05,OSD-207
https://purl.org/okn/frink/kg/spoke-genelab/node/OSD-207-b85a532693b63036252b8f9e7c546d9f,plh,http://purl.obolibrary.org/obo/NCBITaxon_7227,http://www.ncbi.nlm.nih.gov/gene/40615,-1.69716,9.5086e-08,OSD-207
https://purl.org/okn/frink/kg/spoke-genelab/node/OSD-207-b85a532693b63036252b8f9e7c546d9f,CG4000,http://purl.obolibrary.org/obo/NCBITaxon_7227,http://www.ncbi.nlm.nih.gov/gene/42451,-5.37346,2.53565e-17,OSD-207
https://purl.org/okn/frink/kg/spoke-genelab/node/OSD-207-b85a532693b63036252b8f9e7c546d9f,CG15506,http://purl.obolibrary.org/obo/NCBITaxon_7227,http://www.ncbi.nlm.nih.gov/gene/43498,-3.50325,5.31229e-08,OSD-207
https://purl.org/okn/frink/kg/spoke-genelab/node/OSD-207-b85a532693b63036252b8f9e7c546d9f,CG32444,http://purl.obolibrary.org/obo/NCBITaxon_7227,http://www.ncbi.nlm.nih.gov/gene/40406,-1.59307,0.000940025,OSD-207
https://purl.org/okn/frink/kg/spoke-genelab/node/OSD-207-b85a532693b63036252b8f9e7c546d9f,Cpr92F,http://purl.obolibrary.org/obo/NCBITaxon_7227,http://www.ncbi.nlm.nih.gov/gene/42450,-8.32567,6.98313e-12,OSD-207
https://purl.org/okn/frink/kg/spoke-genelab/node/OSD-207-b85a532693b63036252b8f9e7c546d9f,CG5177,http://purl.obolibrary.org/obo/NCBITaxon_7227,http://www.ncbi.nlm.nih.gov/gene/34017,-1.16545,2.76054e-06,OSD-207
https://purl.org/okn/frink/kg/spoke-genelab/node/OSD-207-b85a532693b63036252b8f9e7c546d9f,Obp56f,http://purl.obolibrary.org/obo/NCBITaxon_7227,http://www.ncbi.nlm.nih.gov/gene/246668,-2.11786,0.0146033,OSD-207
https://purl.org/okn/frink/kg/spoke-genelab/node/OSD-207-b85a532693b63036252b8f9e7c546d9f,CG5023,http://purl.obolibrary.org/obo/NCBITaxon_7227,http://www.ncbi.nlm.nih.gov/gene/42400,-1.00332,1.28833e-05,OSD-207
https://purl.org/okn/frink/kg/spoke-genelab/node/OSD-207-b85a532693b63036252b8f9e7c546d9f,lncRNA:CR45456,http://purl.obolibrary.org/obo/NCBITaxon_7227,http://www.ncbi.nlm.nih.gov/gene/19835849,-2.90422,3.3055e-05,OSD-207
https://purl.org/okn/frink/kg/spoke-genelab/node/OSD-207-b85a532693b63036252b8f9e7c546d9f,CG42749,http://purl.obolibrary.org/obo/NCBITaxon_7227,http://www.ncbi.nlm.nih.gov/gene/31438,-1.96628,0.0112654,OSD-207
https://purl.org/okn/frink/kg/spoke-genelab/node/OSD-207-b85a532693b63036252b8f9e7c546d9f,CG3308,http://purl.obolibrary.org/obo/NCBITaxon_7227,http://www.ncbi.nlm.nih.gov/gene/42527,1.02644,0.000751081,OSD-207
https://purl.org/okn/frink/kg/spoke-genelab/node/OSD-207-b85a532693b63036252b8f9e7c546d9f,asRNA:CR45600,http://purl.obolibrary.org/obo/NCBITaxon_7227,http://www.ncbi.nlm.nih.gov/gene/19835798,-2.42611,6.68443e-06,OSD-207
https://purl.org/okn/frink/kg/spoke-genelab/node/OSD-207-b85a532693b63036252b8f9e7c546d9f,Ipod,http://purl.obolibrary.org/obo/NCBITaxon_7227,http://www.ncbi.nlm.nih.gov/gene/31954,1.84326,7.07616e-05,OSD-207
https://purl.org/okn/frink/kg/spoke-genelab/node/OSD-207-b85a532693b63036252b8f9e7c546d9f,FASN2,http://purl.obolibrary.org/obo/NCBITaxon_7227,http://www.ncbi.nlm.nih.gov/gene/117361,-3.1162,8.47181e-07,OSD-207
https://purl.org/okn/frink/kg/spoke-genelab/node/OSD-207-b85a532693b63036252b8f9e7c546d9f,CG6739,http://purl.obolibrary.org/obo/NCBITaxon_7227,http://www.ncbi.nlm.nih.gov/gene/34037,-2.87983,3.02793e-06,OSD-207
https://purl.org/okn/frink/kg/spoke-genelab/node/OSD-207-b85a532693b63036252b8f9e7c546d9f,Hr38,http://purl.obolibrary.org/obo/NCBITaxon_7227,http://www.ncbi.nlm.nih.gov/gene/35332,1.30502,0.00015648,OSD-207
https://purl.org/okn/frink/kg/spoke-genelab/node/OSD-207-b85a532693b63036252b8f9e7c546d9f,Obp57e,http://purl.obolibrary.org/obo/NCBITaxon_7227,http://www.ncbi.nlm.nih.gov/gene/326110,1.68768,0.0290908,OSD-207
https://purl.org/okn/frink/kg/spoke-genelab/node/OSD-207-b85a532693b63036252b8f9e7c546d9f,Idh3b,http://purl.obolibrary.org/obo/NCBITaxon_7227,http://www.ncbi.nlm.nih.gov/gene/42586,-1.20099,1.3617e-13,OSD-207
https://purl.org/okn/frink/kg/spoke-genelab/node/OSD-207-b85a532693b63036252b8f9e7c546d9f,CG13694,http://purl.obolibrary.org/obo/NCBITaxon_7227,http://www.ncbi.nlm.nih.gov/gene/33169,2.30778,0.000321746,OSD-207
https://purl.org/okn/frink/kg/spoke-genelab/node/OSD-207-b85a532693b63036252b8f9e7c546d9f,CG13907,http://purl.obolibrary.org/obo/NCBITaxon_7227,http://www.ncbi.nlm.nih.gov/gene/38104,-1.17469,2.84079e-05,OSD-207
https://purl.org/okn/frink/kg/spoke-genelab/node/OSD-207-b85a532693b63036252b8f9e7c546d9f,asRNA:CR45815,http://purl.obolibrary.org/obo/NCBITaxon_7227,http://www.ncbi.nlm.nih.gov/gene/26067145,-1.43315,0.0166198,OSD-207
https://purl.org/okn/frink/kg/spoke-genelab/node/OSD-207-b85a532693b63036252b8f9e7c546d9f,CG9733,http://purl.obolibrary.org/obo/NCBITaxon_7227,http://www.ncbi.nlm.nih.gov/gene/43601,2.97644,5.39826e-09,OSD-207
https://purl.org/okn/frink/kg/spoke-genelab/node/OSD-207-b85a532693b63036252b8f9e7c546d9f,IM33,http://purl.obolibrary.org/obo/NCBITaxon_7227,http://www.ncbi.nlm.nih.gov/gene/33592,1.47954,0.000131857,OSD-207
https://purl.org/okn/frink/kg/spoke-genelab/node/OSD-207-b85a532693b63036252b8f9e7c546d9f,Spn31A,http://purl.obolibrary.org/obo/NCBITaxon_7227,http://www.ncbi.nlm.nih.gov/gene/34339,-1.02959,8.50083e-05,OSD-207
https://purl.org/okn/frink/kg/spoke-genelab/node/OSD-207-b85a532693b63036252b8f9e7c546d9f,knk,http://purl.obolibrary.org/obo/NCBITaxon_7227,http://www.ncbi.nlm.nih.gov/gene/47137,-1.51949,0.000549365,OSD-207
https://purl.org/okn/frink/kg/spoke-genelab/node/OSD-207-b85a532693b63036252b8f9e7c546d9f,nrv3,http://purl.obolibrary.org/obo/NCBITaxon_7227,http://www.ncbi.nlm.nih.gov/gene/35408,-1.29044,9.51206e-08,OSD-207
https://purl.org/okn/frink/kg/spoke-genelab/node/OSD-207-b85a532693b63036252b8f9e7c546d9f,Fancd2,http://purl.obolibrary.org/obo/NCBITaxon_7227,http://www.ncbi.nlm.nih.gov/gene/2768674,1.06114,0.000240815,OSD-207
https://purl.org/okn/frink/kg/spoke-genelab/node/OSD-207-b85a532693b63036252b8f9e7c546d9f,CG33460,http://purl.obolibrary.org/obo/NCBITaxon_7227,http://www.ncbi.nlm.nih.gov/gene/3885588,1.32364,0.00203717,OSD-207
https://purl.org/okn/frink/kg/spoke-genelab/node/OSD-207-b85a532693b63036252b8f9e7c546d9f,CG10337,http://purl.obolibrary.org/obo/NCBITaxon_7227,http://www.ncbi.nlm.nih.gov/gene/35247,2.21088,3.27405e-08,OSD-207
https://purl.org/okn/frink/kg/spoke-genelab/node/OSD-207-b85a532693b63036252b8f9e7c546d9f,Grik,http://purl.obolibrary.org/obo/NCBITaxon_7227,http://www.ncbi.nlm.nih.gov/gene/42476,-1.37923,9.66795e-09,OSD-207
https://purl.org/okn/frink/kg/spoke-genelab/node/OSD-207-b85a532693b63036252b8f9e7c546d9f,CG30431,http://purl.obolibrary.org/obo/NCBITaxon_7227,http://www.ncbi.nlm.nih.gov/gene/35549,1.53392,0.00648766,OSD-207
https://purl.org/okn/frink/kg/spoke-genelab/node/OSD-207-b85a532693b63036252b8f9e7c546d9f,exp,http://purl.obolibrary.org/obo/NCBITaxon_7227,http://www.ncbi.nlm.nih.gov/gene/36276,-2.0165,2.08447e-05,OSD-207
https://purl.org/okn/frink/kg/spoke-genelab/node/OSD-207-b85a532693b63036252b8f9e7c546d9f,Osi15,http://purl.obolibrary.org/obo/NCBITaxon_7227,http://www.ncbi.nlm.nih.gov/gene/40771,-4.92999,0.00179037,OSD-207
https://purl.org/okn/frink/kg/spoke-genelab/node/OSD-207-b85a532693b63036252b8f9e7c546d9f,CG30377,http://purl.obolibrary.org/obo/NCBITaxon_7227,http://www.ncbi.nlm.nih.gov/gene/50252,-1.51819,4.68659e-06,OSD-207
https://purl.org/okn/frink/kg/spoke-genelab/node/OSD-207-b85a532693b63036252b8f9e7c546d9f,CG30195,http://purl.obolibrary.org/obo/NCBITaxon_7227,http://www.ncbi.nlm.nih.gov/gene/37592,-1.24895,3.4622e-05,OSD-207
https://purl.org/okn/frink/kg/spoke-genelab/node/OSD-207-b85a532693b63036252b8f9e7c546d9f,CG30054,http://purl.obolibrary.org/obo/NCBITaxon_7227,http://www.ncbi.nlm.nih.gov/gene/246420,-1.02588,0.000107422,OSD-207
https://purl.org/okn/frink/kg/spoke-genelab/node/OSD-207-b85a532693b63036252b8f9e7c546d9f,Cpr50Ca,http://purl.obolibrary.org/obo/NCBITaxon_7227,http://www.ncbi.nlm.nih.gov/gene/36523,-1.52849,0.0357989,OSD-207
https://purl.org/okn/frink/kg/spoke-genelab/node/OSD-207-b85a532693b63036252b8f9e7c546d9f,Cpr49Aa,http://purl.obolibrary.org/obo/NCBITaxon_7227,http://www.ncbi.nlm.nih.gov/gene/246413,-5.47054,5.94851e-05,OSD-207
https://purl.org/okn/frink/kg/spoke-genelab/node/OSD-207-b85a532693b63036252b8f9e7c546d9f,CG42822,http://purl.obolibrary.org/obo/NCBITaxon_7227,http://www.ncbi.nlm.nih.gov/gene/10178916,2.45636,3.74943e-05,OSD-207
https://purl.org/okn/frink/kg/spoke-genelab/node/OSD-207-b85a532693b63036252b8f9e7c546d9f,CG17278,http://purl.obolibrary.org/obo/NCBITaxon_7227,http://www.ncbi.nlm.nih.gov/gene/50050,1.31992,0.00211622,OSD-207
https://purl.org/okn/frink/kg/spoke-genelab/node/OSD-207-b85a532693b63036252b8f9e7c546d9f,bwa,http://purl.obolibrary.org/obo/NCBITaxon_7227,http://www.ncbi.nlm.nih.gov/gene/250736,-1.46369,1.52822e-05,OSD-207
https://purl.org/okn/frink/kg/spoke-genelab/node/OSD-207-b85a532693b63036252b8f9e7c546d9f,trpl,http://purl.obolibrary.org/obo/NCBITaxon_7227,http://www.ncbi.nlm.nih.gov/gene/36003,-1.00591,2.80702e-17,OSD-207
https://purl.org/okn/frink/kg/spoke-genelab/node/OSD-207-b85a532693b63036252b8f9e7c546d9f,lncRNA:CR45680,http://purl.obolibrary.org/obo/NCBITaxon_7227,http://www.ncbi.nlm.nih.gov/gene/19835761,-3.68156,0.00667506,OSD-207
https://purl.org/okn/frink/kg/spoke-genelab/node/OSD-207-b85a532693b63036252b8f9e7c546d9f,CG9514,http://purl.obolibrary.org/obo/NCBITaxon_7227,http://www.ncbi.nlm.nih.gov/gene/32418,-1.93011,0.00465698,OSD-207
https://purl.org/okn/frink/kg/spoke-genelab/node/OSD-207-b85a532693b63036252b8f9e7c546d9f,Cpr50Cb,http://purl.obolibrary.org/obo/NCBITaxon_7227,http://www.ncbi.nlm.nih.gov/gene/36525,-2.62447,0.000119512,OSD-207
https://purl.org/okn/frink/kg/spoke-genelab/node/OSD-207-b85a532693b63036252b8f9e7c546d9f,Diedel,http://purl.obolibrary.org/obo/NCBITaxon_7227,http://www.ncbi.nlm.nih.gov/gene/43474,8.94241,1.8251e-11,OSD-207
https://purl.org/okn/frink/kg/spoke-genelab/node/OSD-207-b85a532693b63036252b8f9e7c546d9f,Spn43Ad,http://purl.obolibrary.org/obo/NCBITaxon_7227,http://www.ncbi.nlm.nih.gov/gene/35639,1.06271,0.0112776,OSD-207
https://purl.org/okn/frink/kg/spoke-genelab/node/OSD-207-b85a532693b63036252b8f9e7c546d9f,FarO,http://purl.obolibrary.org/obo/NCBITaxon_7227,http://www.ncbi.nlm.nih.gov/gene/45707,-1.65903,1.98962e-08,OSD-207
https://purl.org/okn/frink/kg/spoke-genelab/node/OSD-207-b85a532693b63036252b8f9e7c546d9f,Ccp84Ab,http://purl.obolibrary.org/obo/NCBITaxon_7227,http://www.ncbi.nlm.nih.gov/gene/40824,-9.43221,2.21441e-09,OSD-207
https://purl.org/okn/frink/kg/spoke-genelab/node/OSD-207-b85a532693b63036252b8f9e7c546d9f,CG12994,http://purl.obolibrary.org/obo/NCBITaxon_7227,http://www.ncbi.nlm.nih.gov/gene/50350,-1.32171,9.08102e-11,OSD-207
https://purl.org/okn/frink/kg/spoke-genelab/node/OSD-207-b85a532693b63036252b8f9e7c546d9f,CG13082,http://purl.obolibrary.org/obo/NCBITaxon_7227,http://www.ncbi.nlm.nih.gov/gene/35244,-1.80006,0.00148248,OSD-207
https://purl.org/okn/frink/kg/spoke-genelab/node/OSD-207-b85a532693b63036252b8f9e7c546d9f,Wnt2,http://purl.obolibrary.org/obo/NCBITaxon_7227,http://www.ncbi.nlm.nih.gov/gene/35975,1.95728,4.69097e-11,OSD-207
https://purl.org/okn/frink/kg/spoke-genelab/node/OSD-207-b85a532693b63036252b8f9e7c546d9f,CG31626,http://purl.obolibrary.org/obo/NCBITaxon_7227,http://www.ncbi.nlm.nih.gov/gene/318859,-1.18077,0.0300799,OSD-207
https://purl.org/okn/frink/kg/spoke-genelab/node/OSD-207-b85a532693b63036252b8f9e7c546d9f,CG3119,http://purl.obolibrary.org/obo/NCBITaxon_7227,http://www.ncbi.nlm.nih.gov/gene/33479,-3.00344,0.000101862,OSD-207
https://purl.org/okn/frink/kg/spoke-genelab/node/OSD-207-b85a532693b63036252b8f9e7c546d9f,CG4822,http://purl.obolibrary.org/obo/NCBITaxon_7227,http://www.ncbi.nlm.nih.gov/gene/33170,1.54773,1.54157e-08,OSD-207
https://purl.org/okn/frink/kg/spoke-genelab/node/OSD-207-b85a532693b63036252b8f9e7c546d9f,CG15544,http://purl.obolibrary.org/obo/NCBITaxon_7227,http://www.ncbi.nlm.nih.gov/gene/43655,-1.12126,0.000872133,OSD-207
https://purl.org/okn/frink/kg/spoke-genelab/node/OSD-207-b85a532693b63036252b8f9e7c546d9f,v,http://purl.obolibrary.org/obo/NCBITaxon_7227,http://www.ncbi.nlm.nih.gov/gene/32026,1.68108,1.89107e-06,OSD-207
https://purl.org/okn/frink/kg/spoke-genelab/node/OSD-207-b85a532693b63036252b8f9e7c546d9f,asRNA:CR45350,http://purl.obolibrary.org/obo/NCBITaxon_7227,http://www.ncbi.nlm.nih.gov/gene/19836035,1.57787,1.28916e-06,OSD-207
https://purl.org/okn/frink/kg/spoke-genelab/node/OSD-207-b85a532693b63036252b8f9e7c546d9f,Hsp22,http://purl.obolibrary.org/obo/NCBITaxon_7227,http://www.ncbi.nlm.nih.gov/gene/3772576,-1.51291,0.0479598,OSD-207
https://purl.org/okn/frink/kg/spoke-genelab/node/OSD-207-b85a532693b63036252b8f9e7c546d9f,CG3699,http://purl.obolibrary.org/obo/NCBITaxon_7227,http://www.ncbi.nlm.nih.gov/gene/31046,-1.77542,0.00359245,OSD-207
https://purl.org/okn/frink/kg/spoke-genelab/node/OSD-207-b85a532693b63036252b8f9e7c546d9f,lncRNA:CR45345,http://purl.obolibrary.org/obo/NCBITaxon_7227,http://www.ncbi.nlm.nih.gov/gene/19835464,-2.80445,0.0135767,OSD-207
https://purl.org/okn/frink/kg/spoke-genelab/node/OSD-207-b85a532693b63036252b8f9e7c546d9f,Col4a1,http://purl.obolibrary.org/obo/NCBITaxon_7227,http://www.ncbi.nlm.nih.gov/gene/33727,-2.02108,1.58257e-10,OSD-207
https://purl.org/okn/frink/kg/spoke-genelab/node/OSD-207-b85a532693b63036252b8f9e7c546d9f,CG14655,http://purl.obolibrary.org/obo/NCBITaxon_7227,http://www.ncbi.nlm.nih.gov/gene/40594,-1.25316,6.76243e-05,OSD-207
https://purl.org/okn/frink/kg/spoke-genelab/node/OSD-207-b85a532693b63036252b8f9e7c546d9f,CG31475,http://purl.obolibrary.org/obo/NCBITaxon_7227,http://www.ncbi.nlm.nih.gov/gene/42303,-1.3429,1.13012e-10,OSD-207
https://purl.org/okn/frink/kg/spoke-genelab/node/OSD-207-b85a532693b63036252b8f9e7c546d9f,CG33120,http://purl.obolibrary.org/obo/NCBITaxon_7227,http://www.ncbi.nlm.nih.gov/gene/326260,1.30539,1.67795e-05,OSD-207
https://purl.org/okn/frink/kg/spoke-genelab/node/OSD-207-b85a532693b63036252b8f9e7c546d9f,Cdk1,http://purl.obolibrary.org/obo/NCBITaxon_7227,http://www.ncbi.nlm.nih.gov/gene/34411,1.02232,0.00369106,OSD-207
https://purl.org/okn/frink/kg/spoke-genelab/node/OSD-207-b85a532693b63036252b8f9e7c546d9f,CG7763,http://purl.obolibrary.org/obo/NCBITaxon_7227,http://www.ncbi.nlm.nih.gov/gene/36235,3.35729,1.68984e-05,OSD-207
https://purl.org/okn/frink/kg/spoke-genelab/node/OSD-207-b85a532693b63036252b8f9e7c546d9f,Sfp33A3,http://purl.obolibrary.org/obo/NCBITaxon_7227,http://www.ncbi.nlm.nih.gov/gene/8674115,1.91257,0.00178089,OSD-207
https://purl.org/okn/frink/kg/spoke-genelab/node/OSD-207-b85a532693b63036252b8f9e7c546d9f,tmod,http://purl.obolibrary.org/obo/NCBITaxon_7227,http://www.ncbi.nlm.nih.gov/gene/43633,-2.28527,1.36457e-05,OSD-207
https://purl.org/okn/frink/kg/spoke-genelab/node/OSD-207-b85a532693b63036252b8f9e7c546d9f,CG32985,http://purl.obolibrary.org/obo/NCBITaxon_7227,http://www.ncbi.nlm.nih.gov/gene/326244,-1.95182,0.0352318,OSD-207
https://purl.org/okn/frink/kg/spoke-genelab/node/OSD-207-b85a532693b63036252b8f9e7c546d9f,CG12880,http://purl.obolibrary.org/obo/NCBITaxon_7227,http://www.ncbi.nlm.nih.gov/gene/43328,-1.61453,0.00223216,OSD-207
https://purl.org/okn/frink/kg/spoke-genelab/node/OSD-207-b85a532693b63036252b8f9e7c546d9f,Pu,http://purl.obolibrary.org/obo/NCBITaxon_7227,http://www.ncbi.nlm.nih.gov/gene/37415,-1.38771,0.00049897,OSD-207
https://purl.org/okn/frink/kg/spoke-genelab/node/OSD-207-b85a532693b63036252b8f9e7c546d9f,asRNA:CR45185,http://purl.obolibrary.org/obo/NCBITaxon_7227,http://www.ncbi.nlm.nih.gov/gene/19835300,-2.62885,2.73997e-06,OSD-207
https://purl.org/okn/frink/kg/spoke-genelab/node/OSD-207-b85a532693b63036252b8f9e7c546d9f,CG17104,http://purl.obolibrary.org/obo/NCBITaxon_7227,http://www.ncbi.nlm.nih.gov/gene/34465,-5.7005,2.20435e-09,OSD-207
https://purl.org/okn/frink/kg/spoke-genelab/node/OSD-207-b85a532693b63036252b8f9e7c546d9f,CG33926,http://purl.obolibrary.org/obo/NCBITaxon_7227,http://www.ncbi.nlm.nih.gov/gene/39092,4.51258,1.47122e-05,OSD-207
https://purl.org/okn/frink/kg/spoke-genelab/node/OSD-207-b85a532693b63036252b8f9e7c546d9f,5.8SrRNA:CR45842,http://purl.obolibrary.org/obo/NCBITaxon_7227,http://www.ncbi.nlm.nih.gov/gene/26067170,1.28246,0.0202332,OSD-207
https://purl.org/okn/frink/kg/spoke-genelab/node/OSD-207-b85a532693b63036252b8f9e7c546d9f,CG13875,http://purl.obolibrary.org/obo/NCBITaxon_7227,http://www.ncbi.nlm.nih.gov/gene/38024,-1.78566,5.12987e-06,OSD-207
https://purl.org/okn/frink/kg/spoke-genelab/node/OSD-207-b85a532693b63036252b8f9e7c546d9f,CG5254,http://purl.obolibrary.org/obo/NCBITaxon_7227,http://www.ncbi.nlm.nih.gov/gene/31020,-1.16032,0.0379787,OSD-207
https://purl.org/okn/frink/kg/spoke-genelab/node/OSD-207-b85a532693b63036252b8f9e7c546d9f,lncRNA:CR44718,http://purl.obolibrary.org/obo/NCBITaxon_7227,http://www.ncbi.nlm.nih.gov/gene/19835872,-1.83857,0.000576042,OSD-207
https://purl.org/okn/frink/kg/spoke-genelab/node/OSD-207-b85a532693b63036252b8f9e7c546d9f,mtsh,http://purl.obolibrary.org/obo/NCBITaxon_7227,http://www.ncbi.nlm.nih.gov/gene/34141,-1.47692,2.65033e-05,OSD-207
https://purl.org/okn/frink/kg/spoke-genelab/node/OSD-207-b85a532693b63036252b8f9e7c546d9f,CG18598,http://purl.obolibrary.org/obo/NCBITaxon_7227,http://www.ncbi.nlm.nih.gov/gene/42188,-1.33784,1.80526e-16,OSD-207
https://purl.org/okn/frink/kg/spoke-genelab/node/OSD-207-b85a532693b63036252b8f9e7c546d9f,lncRNA:roX2,http://purl.obolibrary.org/obo/NCBITaxon_7227,http://www.ncbi.nlm.nih.gov/gene/3772415,3.42747,0.031839,OSD-207
https://purl.org/okn/frink/kg/spoke-genelab/node/OSD-207-b85a532693b63036252b8f9e7c546d9f,asRNA:CR45467,http://purl.obolibrary.org/obo/NCBITaxon_7227,http://www.ncbi.nlm.nih.gov/gene/19835646,-1.8858,0.00421862,OSD-207
https://purl.org/okn/frink/kg/spoke-genelab/node/OSD-207-b85a532693b63036252b8f9e7c546d9f,Mlp60A,http://purl.obolibrary.org/obo/NCBITaxon_7227,http://www.ncbi.nlm.nih.gov/gene/37853,-1.38457,0.000240129,OSD-207
https://purl.org/okn/frink/kg/spoke-genelab/node/OSD-207-b85a532693b63036252b8f9e7c546d9f,wun2,http://purl.obolibrary.org/obo/NCBITaxon_7227,http://www.ncbi.nlm.nih.gov/gene/53558,-1.84892,1.42064e-10,OSD-207
https://purl.org/okn/frink/kg/spoke-genelab/node/OSD-207-b85a532693b63036252b8f9e7c546d9f,tor,http://purl.obolibrary.org/obo/NCBITaxon_7227,http://www.ncbi.nlm.nih.gov/gene/35717,2.15242,0.00495592,OSD-207
https://purl.org/okn/frink/kg/spoke-genelab/node/OSD-207-b85a532693b63036252b8f9e7c546d9f,Oatp33Ea,http://purl.obolibrary.org/obo/NCBITaxon_7227,http://www.ncbi.nlm.nih.gov/gene/34660,-2.16597,7.7992e-08,OSD-207
https://purl.org/okn/frink/kg/spoke-genelab/node/OSD-207-b85a532693b63036252b8f9e7c546d9f,CG13280,http://purl.obolibrary.org/obo/NCBITaxon_7227,http://www.ncbi.nlm.nih.gov/gene/35015,-1.22661,0.003444,OSD-207
https://purl.org/okn/frink/kg/spoke-genelab/node/OSD-207-b85a532693b63036252b8f9e7c546d9f,CG17264,http://purl.obolibrary.org/obo/NCBITaxon_7227,http://www.ncbi.nlm.nih.gov/gene/33511,3.61634,3.35961e-14,OSD-207
https://purl.org/okn/frink/kg/spoke-genelab/node/OSD-207-b85a532693b63036252b8f9e7c546d9f,CG30046,http://purl.obolibrary.org/obo/NCBITaxon_7227,http://www.ncbi.nlm.nih.gov/gene/36334,1.60471,3.46874e-08,OSD-207
https://purl.org/okn/frink/kg/spoke-genelab/node/OSD-207-b85a532693b63036252b8f9e7c546d9f,CG11382,http://purl.obolibrary.org/obo/NCBITaxon_7227,http://www.ncbi.nlm.nih.gov/gene/31069,-5.06345,0.000400858,OSD-207
https://purl.org/okn/frink/kg/spoke-genelab/node/OSD-207-b85a532693b63036252b8f9e7c546d9f,Cht6,http://purl.obolibrary.org/obo/NCBITaxon_7227,http://www.ncbi.nlm.nih.gov/gene/31935,-3.16006,9.57154e-10,OSD-207
https://purl.org/okn/frink/kg/spoke-genelab/node/OSD-207-b85a532693b63036252b8f9e7c546d9f,lncRNA:CR44651,http://purl.obolibrary.org/obo/NCBITaxon_7227,http://www.ncbi.nlm.nih.gov/gene/19834788,1.67106,0.010788,OSD-207
https://purl.org/okn/frink/kg/spoke-genelab/node/OSD-207-b85a532693b63036252b8f9e7c546d9f,TotA,http://purl.obolibrary.org/obo/NCBITaxon_7227,http://www.ncbi.nlm.nih.gov/gene/44121,4.59928,7.57269e-07,OSD-207
https://purl.org/okn/frink/kg/spoke-genelab/node/OSD-207-b85a532693b63036252b8f9e7c546d9f,Cpr49Ab,http://purl.obolibrary.org/obo/NCBITaxon_7227,http://www.ncbi.nlm.nih.gov/gene/36345,-2.36068,0.00168112,OSD-207
https://purl.org/okn/frink/kg/spoke-genelab/node/OSD-207-b85a532693b63036252b8f9e7c546d9f,spirit,http://purl.obolibrary.org/obo/NCBITaxon_7227,http://www.ncbi.nlm.nih.gov/gene/31797,1.52364,6.5506e-12,OSD-207
https://purl.org/okn/frink/kg/spoke-genelab/node/OSD-207-b85a532693b63036252b8f9e7c546d9f,CG31955,http://purl.obolibrary.org/obo/NCBITaxon_7227,http://www.ncbi.nlm.nih.gov/gene/319045,1.04121,0.0100315,OSD-207
https://purl.org/okn/frink/kg/spoke-genelab/node/OSD-207-b85a532693b63036252b8f9e7c546d9f,Hsp70Ab|Hsp70Aa,http://purl.obolibrary.org/obo/NCBITaxon_7227,http://www.ncbi.nlm.nih.gov/gene/44920,-7.795,0.000531276,OSD-207
https://purl.org/okn/frink/kg/spoke-genelab/node/OSD-207-b85a532693b63036252b8f9e7c546d9f,fabp,http://purl.obolibrary.org/obo/NCBITaxon_7227,http://www.ncbi.nlm.nih.gov/gene/3772232,-1.16032,2.22008e-06,OSD-207
https://purl.org/okn/frink/kg/spoke-genelab/node/OSD-207-b85a532693b63036252b8f9e7c546d9f,CG4741,http://purl.obolibrary.org/obo/NCBITaxon_7227,http://www.ncbi.nlm.nih.gov/gene/37939,-1.71946,9.50008e-05,OSD-207
https://purl.org/okn/frink/kg/spoke-genelab/node/OSD-207-b85a532693b63036252b8f9e7c546d9f,U3-55K,http://purl.obolibrary.org/obo/NCBITaxon_7227,http://www.ncbi.nlm.nih.gov/gene/3346176,1.12735,0.000310955,OSD-207
https://purl.org/okn/frink/kg/spoke-genelab/node/OSD-207-b85a532693b63036252b8f9e7c546d9f,Cks30A,http://purl.obolibrary.org/obo/NCBITaxon_7227,http://www.ncbi.nlm.nih.gov/gene/34250,-3.09231,8.91558e-07,OSD-207
https://purl.org/okn/frink/kg/spoke-genelab/node/OSD-207-b85a532693b63036252b8f9e7c546d9f,CG6723,http://purl.obolibrary.org/obo/NCBITaxon_7227,http://www.ncbi.nlm.nih.gov/gene/41368,-1.18712,2.97372e-10,OSD-207
https://purl.org/okn/frink/kg/spoke-genelab/node/OSD-207-b85a532693b63036252b8f9e7c546d9f,CAH7,http://purl.obolibrary.org/obo/NCBITaxon_7227,http://www.ncbi.nlm.nih.gov/gene/41238,-1.53709,3.0592e-11,OSD-207
https://purl.org/okn/frink/kg/spoke-genelab/node/OSD-207-b85a532693b63036252b8f9e7c546d9f,CG10352,http://purl.obolibrary.org/obo/NCBITaxon_7227,http://www.ncbi.nlm.nih.gov/gene/32147,-1.05738,2.75326e-06,OSD-207
https://purl.org/okn/frink/kg/spoke-genelab/node/OSD-207-b85a532693b63036252b8f9e7c546d9f,DptA,http://purl.obolibrary.org/obo/NCBITaxon_7227,http://www.ncbi.nlm.nih.gov/gene/37183,6.19083,1.50469e-07,OSD-207
https://purl.org/okn/frink/kg/spoke-genelab/node/OSD-207-b85a532693b63036252b8f9e7c546d9f,Vdup1,http://purl.obolibrary.org/obo/NCBITaxon_7227,http://www.ncbi.nlm.nih.gov/gene/38023,-1.25734,9.15155e-07,OSD-207
https://purl.org/okn/frink/kg/spoke-genelab/node/OSD-207-b85a532693b63036252b8f9e7c546d9f,lncRNA:CR45997,http://purl.obolibrary.org/obo/NCBITaxon_7227,http://www.ncbi.nlm.nih.gov/gene/26067318,4.48232,5.96213e-05,OSD-207
https://purl.org/okn/frink/kg/spoke-genelab/node/OSD-207-b85a532693b63036252b8f9e7c546d9f,BomT2,http://purl.obolibrary.org/obo/NCBITaxon_7227,http://www.ncbi.nlm.nih.gov/gene/50208,1.21686,0.00574999,OSD-207
https://purl.org/okn/frink/kg/spoke-genelab/node/OSD-207-b85a532693b63036252b8f9e7c546d9f,lncRNA:CR42767,http://purl.obolibrary.org/obo/NCBITaxon_7227,http://www.ncbi.nlm.nih.gov/gene/10178874,-2.41879,0.0102912,OSD-207
https://purl.org/okn/frink/kg/spoke-genelab/node/OSD-207-b85a532693b63036252b8f9e7c546d9f,CG34166,http://purl.obolibrary.org/obo/NCBITaxon_7227,http://www.ncbi.nlm.nih.gov/gene/5740596,3.26041,3.55885e-11,OSD-207
https://purl.org/okn/frink/kg/spoke-genelab/node/OSD-207-b85a532693b63036252b8f9e7c546d9f,GstE7,http://purl.obolibrary.org/obo/NCBITaxon_7227,http://www.ncbi.nlm.nih.gov/gene/37112,1.1321,0.0337947,OSD-207
https://purl.org/okn/frink/kg/spoke-genelab/node/OSD-207-b85a532693b63036252b8f9e7c546d9f,Cyp4s3,http://purl.obolibrary.org/obo/NCBITaxon_7227,http://www.ncbi.nlm.nih.gov/gene/32444,1.01389,0.0247653,OSD-207
https://purl.org/okn/frink/kg/spoke-genelab/node/OSD-207-b85a532693b63036252b8f9e7c546d9f,CG11437,http://purl.obolibrary.org/obo/NCBITaxon_7227,http://www.ncbi.nlm.nih.gov/gene/40470,-2.84409,2.66022e-07,OSD-207
https://purl.org/okn/frink/kg/spoke-genelab/node/OSD-207-b85a532693b63036252b8f9e7c546d9f,CG43732,http://purl.obolibrary.org/obo/NCBITaxon_7227,http://www.ncbi.nlm.nih.gov/gene/14462486,-1.12943,1.69081e-05,OSD-207
https://purl.org/okn/frink/kg/spoke-genelab/node/OSD-207-b85a532693b63036252b8f9e7c546d9f,CG40298,http://purl.obolibrary.org/obo/NCBITaxon_7227,http://www.ncbi.nlm.nih.gov/gene/3355149,-2.98864,2.1008e-09,OSD-207
https://purl.org/okn/frink/kg/spoke-genelab/node/OSD-207-b85a532693b63036252b8f9e7c546d9f,lncRNA:CR44423,http://purl.obolibrary.org/obo/NCBITaxon_7227,http://www.ncbi.nlm.nih.gov/gene/19835580,-1.56888,0.00475321,OSD-207
https://purl.org/okn/frink/kg/spoke-genelab/node/OSD-207-b85a532693b63036252b8f9e7c546d9f,CG40198,http://purl.obolibrary.org/obo/NCBITaxon_7227,http://www.ncbi.nlm.nih.gov/gene/3354922,-3.14412,0.00156437,OSD-207
https://purl.org/okn/frink/kg/spoke-genelab/node/OSD-207-b85a532693b63036252b8f9e7c546d9f,CG13721,http://purl.obolibrary.org/obo/NCBITaxon_7227,http://www.ncbi.nlm.nih.gov/gene/38556,-6.05619,0.00126263,OSD-207
https://purl.org/okn/frink/kg/spoke-genelab/node/OSD-207-b85a532693b63036252b8f9e7c546d9f,Fbxl7,http://purl.obolibrary.org/obo/NCBITaxon_7227,http://www.ncbi.nlm.nih.gov/gene/41935,-1.16165,7.61736e-06,OSD-207
https://purl.org/okn/frink/kg/spoke-genelab/node/OSD-207-b85a532693b63036252b8f9e7c546d9f,ATPsynE,http://purl.obolibrary.org/obo/NCBITaxon_7227,http://www.ncbi.nlm.nih.gov/gene/41745,-1.00514,4.01722e-12,OSD-207
https://purl.org/okn/frink/kg/spoke-genelab/node/OSD-207-b85a532693b63036252b8f9e7c546d9f,Spn42Da,http://purl.obolibrary.org/obo/NCBITaxon_7227,http://www.ncbi.nlm.nih.gov/gene/49805,1.19783,5.74446e-09,OSD-207
https://purl.org/okn/frink/kg/spoke-genelab/node/OSD-207-b85a532693b63036252b8f9e7c546d9f,CG14770,http://purl.obolibrary.org/obo/NCBITaxon_7227,http://www.ncbi.nlm.nih.gov/gene/31085,-5.4787,0.000613467,OSD-207
https://purl.org/okn/frink/kg/spoke-genelab/node/OSD-207-b85a532693b63036252b8f9e7c546d9f,CG18477|CG31780,http://purl.obolibrary.org/obo/NCBITaxon_7227,http://www.ncbi.nlm.nih.gov/gene/34922,1.62915,0.000722405,OSD-207
https://purl.org/okn/frink/kg/spoke-genelab/node/OSD-207-b85a532693b63036252b8f9e7c546d9f,obst-B,http://purl.obolibrary.org/obo/NCBITaxon_7227,http://www.ncbi.nlm.nih.gov/gene/34336,-4.23512,2.48842e-07,OSD-207
https://purl.org/okn/frink/kg/spoke-genelab/node/OSD-207-b85a532693b63036252b8f9e7c546d9f,CG15369,http://purl.obolibrary.org/obo/NCBITaxon_7227,http://www.ncbi.nlm.nih.gov/gene/31862,-2.22329,0.00936973,OSD-207
https://purl.org/okn/frink/kg/spoke-genelab/node/OSD-207-b85a532693b63036252b8f9e7c546d9f,atk,http://purl.obolibrary.org/obo/NCBITaxon_7227,http://www.ncbi.nlm.nih.gov/gene/40266,4.37256,3.59059e-09,OSD-207
https://purl.org/okn/frink/kg/spoke-genelab/node/OSD-207-b85a532693b63036252b8f9e7c546d9f,CG33098,http://purl.obolibrary.org/obo/NCBITaxon_7227,http://www.ncbi.nlm.nih.gov/gene/326253,-2.2308,2.41664e-05,OSD-207
https://purl.org/okn/frink/kg/spoke-genelab/node/OSD-207-b85a532693b63036252b8f9e7c546d9f,ND2,http://purl.obolibrary.org/obo/NCBITaxon_7227,http://www.ncbi.nlm.nih.gov/gene/19893529,-1.48012,5.25895e-05,OSD-207
https://purl.org/okn/frink/kg/spoke-genelab/node/OSD-207-b85a532693b63036252b8f9e7c546d9f,Hsp70Ab|Hsp70Aa,http://purl.obolibrary.org/obo/NCBITaxon_7227,http://www.ncbi.nlm.nih.gov/gene/48581,-7.795,0.000531276,OSD-207
https://purl.org/okn/frink/kg/spoke-genelab/node/OSD-207-b85a532693b63036252b8f9e7c546d9f,Cda4,http://purl.obolibrary.org/obo/NCBITaxon_7227,http://www.ncbi.nlm.nih.gov/gene/33144,-6.30424,6.09754e-08,OSD-207
https://purl.org/okn/frink/kg/spoke-genelab/node/OSD-207-b85a532693b63036252b8f9e7c546d9f,COX7C,http://purl.obolibrary.org/obo/NCBITaxon_7227,http://www.ncbi.nlm.nih.gov/gene/50246,-1.04242,4.68701e-08,OSD-207
https://purl.org/okn/frink/kg/spoke-genelab/node/OSD-207-b85a532693b63036252b8f9e7c546d9f,CG13722,http://purl.obolibrary.org/obo/NCBITaxon_7227,http://www.ncbi.nlm.nih.gov/gene/38555,-7.65307,3.19845e-11,OSD-207
https://purl.org/okn/frink/kg/spoke-genelab/node/OSD-207-b85a532693b63036252b8f9e7c546d9f,lncRNA:CR43857,http://purl.obolibrary.org/obo/NCBITaxon_7227,http://www.ncbi.nlm.nih.gov/gene/14462718,5.94871,6.51811e-06,OSD-207
https://purl.org/okn/frink/kg/spoke-genelab/node/OSD-207-b85a532693b63036252b8f9e7c546d9f,CG13314,http://purl.obolibrary.org/obo/NCBITaxon_7227,http://www.ncbi.nlm.nih.gov/gene/39030,-1.39675,0.0416926,OSD-207
https://purl.org/okn/frink/kg/spoke-genelab/node/OSD-207-b85a532693b63036252b8f9e7c546d9f,CG13043,http://purl.obolibrary.org/obo/NCBITaxon_7227,http://www.ncbi.nlm.nih.gov/gene/39796,-12.7774,6.63565e-09,OSD-207
https://purl.org/okn/frink/kg/spoke-genelab/node/OSD-207-b85a532693b63036252b8f9e7c546d9f,CG13670,http://purl.obolibrary.org/obo/NCBITaxon_7227,http://www.ncbi.nlm.nih.gov/gene/38938,1.43374,1.11841e-05,OSD-207
https://purl.org/okn/frink/kg/spoke-genelab/node/OSD-207-b85a532693b63036252b8f9e7c546d9f,Cyp6d5,http://purl.obolibrary.org/obo/NCBITaxon_7227,http://www.ncbi.nlm.nih.gov/gene/41706,1.22714,0.000638287,OSD-207
https://purl.org/okn/frink/kg/spoke-genelab/node/OSD-207-b85a532693b63036252b8f9e7c546d9f,flz,http://purl.obolibrary.org/obo/NCBITaxon_7227,http://www.ncbi.nlm.nih.gov/gene/35902,-1.73048,0.000653412,OSD-207
https://purl.org/okn/frink/kg/spoke-genelab/node/OSD-207-b85a532693b63036252b8f9e7c546d9f,CheA87a,http://purl.obolibrary.org/obo/NCBITaxon_7227,http://www.ncbi.nlm.nih.gov/gene/41642,2.35172,0.0144717,OSD-207
https://purl.org/okn/frink/kg/spoke-genelab/node/OSD-207-b85a532693b63036252b8f9e7c546d9f,apn,http://purl.obolibrary.org/obo/NCBITaxon_7227,http://www.ncbi.nlm.nih.gov/gene/41631,-1.95878,0.00201097,OSD-207
https://purl.org/okn/frink/kg/spoke-genelab/node/OSD-207-b85a532693b63036252b8f9e7c546d9f,CG8483,http://purl.obolibrary.org/obo/NCBITaxon_7227,http://www.ncbi.nlm.nih.gov/gene/41623,-3.00298,0.000116295,OSD-207
https://purl.org/okn/frink/kg/spoke-genelab/node/OSD-207-b85a532693b63036252b8f9e7c546d9f,CG10126,http://purl.obolibrary.org/obo/NCBITaxon_7227,http://www.ncbi.nlm.nih.gov/gene/41579,1.36577,2.24498e-07,OSD-207
https://purl.org/okn/frink/kg/spoke-genelab/node/OSD-207-b85a532693b63036252b8f9e7c546d9f,CG14259,http://purl.obolibrary.org/obo/NCBITaxon_7227,http://www.ncbi.nlm.nih.gov/gene/43261,-1.13528,0.00172698,OSD-207
https://purl.org/okn/frink/kg/spoke-genelab/node/OSD-207-b85a532693b63036252b8f9e7c546d9f,lncRNA:CR44300,http://purl.obolibrary.org/obo/NCBITaxon_7227,http://www.ncbi.nlm.nih.gov/gene/19835805,-3.44771,9.83971e-05,OSD-207
https://purl.org/okn/frink/kg/spoke-genelab/node/OSD-207-b85a532693b63036252b8f9e7c546d9f,Cpr11B,http://purl.obolibrary.org/obo/NCBITaxon_7227,http://www.ncbi.nlm.nih.gov/gene/32203,-2.77293,6.43941e-06,OSD-207
https://purl.org/okn/frink/kg/spoke-genelab/node/OSD-207-b85a532693b63036252b8f9e7c546d9f,Tep1,http://purl.obolibrary.org/obo/NCBITaxon_7227,http://www.ncbi.nlm.nih.gov/gene/34937,3.25179,2.65495e-05,OSD-207
https://purl.org/okn/frink/kg/spoke-genelab/node/OSD-207-b85a532693b63036252b8f9e7c546d9f,CG15213,http://purl.obolibrary.org/obo/NCBITaxon_7227,http://www.ncbi.nlm.nih.gov/gene/50316,-2.64111,5.76483e-08,OSD-207
https://purl.org/okn/frink/kg/spoke-genelab/node/OSD-207-b85a532693b63036252b8f9e7c546d9f,lncRNA:CR46143,http://purl.obolibrary.org/obo/NCBITaxon_7227,http://www.ncbi.nlm.nih.gov/gene/26067459,2.58948,0.0443757,OSD-207
https://purl.org/okn/frink/kg/spoke-genelab/node/OSD-207-b85a532693b63036252b8f9e7c546d9f,snRNA:U2:38ABa,http://purl.obolibrary.org/obo/NCBITaxon_7227,http://www.ncbi.nlm.nih.gov/gene/3772126,-2.69248,0.0184177,OSD-207
https://purl.org/okn/frink/kg/spoke-genelab/node/OSD-207-b85a532693b63036252b8f9e7c546d9f,Sirup,http://purl.obolibrary.org/obo/NCBITaxon_7227,http://www.ncbi.nlm.nih.gov/gene/34089,-1.58627,0.000941594,OSD-207
https://purl.org/okn/frink/kg/spoke-genelab/node/OSD-207-b85a532693b63036252b8f9e7c546d9f,asRNA:CR45714,http://purl.obolibrary.org/obo/NCBITaxon_7227,http://www.ncbi.nlm.nih.gov/gene/19835811,2.69452,0.029338,OSD-207
https://purl.org/okn/frink/kg/spoke-genelab/node/OSD-207-b85a532693b63036252b8f9e7c546d9f,CG4476,http://purl.obolibrary.org/obo/NCBITaxon_7227,http://www.ncbi.nlm.nih.gov/gene/39056,-1.69984,0.0138487,OSD-207
https://purl.org/okn/frink/kg/spoke-genelab/node/OSD-207-b85a532693b63036252b8f9e7c546d9f,asRNA:CR45366,http://purl.obolibrary.org/obo/NCBITaxon_7227,http://www.ncbi.nlm.nih.gov/gene/19835501,1.60238,0.00497119,OSD-207
https://purl.org/okn/frink/kg/spoke-genelab/node/OSD-207-b85a532693b63036252b8f9e7c546d9f,CG9400,http://purl.obolibrary.org/obo/NCBITaxon_7227,http://www.ncbi.nlm.nih.gov/gene/32385,-2.70379,5.57832e-05,OSD-207
https://purl.org/okn/frink/kg/spoke-genelab/node/OSD-207-b85a532693b63036252b8f9e7c546d9f,CG6912,http://purl.obolibrary.org/obo/NCBITaxon_7227,http://www.ncbi.nlm.nih.gov/gene/41820,-3.78812,4.38474e-10,OSD-207
https://purl.org/okn/frink/kg/spoke-genelab/node/OSD-207-b85a532693b63036252b8f9e7c546d9f,Cpr11A,http://purl.obolibrary.org/obo/NCBITaxon_7227,http://www.ncbi.nlm.nih.gov/gene/32198,-5.08109,0.000815114,OSD-207
https://purl.org/okn/frink/kg/spoke-genelab/node/OSD-207-b85a532693b63036252b8f9e7c546d9f,CG11380,http://purl.obolibrary.org/obo/NCBITaxon_7227,http://www.ncbi.nlm.nih.gov/gene/31065,-4.94666,9.34341e-06,OSD-207
https://purl.org/okn/frink/kg/spoke-genelab/node/OSD-207-b85a532693b63036252b8f9e7c546d9f,CG15020,http://purl.obolibrary.org/obo/NCBITaxon_7227,http://www.ncbi.nlm.nih.gov/gene/38544,-1.09146,0.0173856,OSD-207
https://purl.org/okn/frink/kg/spoke-genelab/node/OSD-207-b85a532693b63036252b8f9e7c546d9f,lncRNA:CR45243,http://purl.obolibrary.org/obo/NCBITaxon_7227,http://www.ncbi.nlm.nih.gov/gene/19835159,-2.71033,0.0154317,OSD-207
https://purl.org/okn/frink/kg/spoke-genelab/node/OSD-207-b85a532693b63036252b8f9e7c546d9f,Ugt301D1,http://purl.obolibrary.org/obo/NCBITaxon_7227,http://www.ncbi.nlm.nih.gov/gene/35105,-1.27903,3.40137e-07,OSD-207
https://purl.org/okn/frink/kg/spoke-genelab/node/OSD-207-b85a532693b63036252b8f9e7c546d9f,CG17560,http://purl.obolibrary.org/obo/NCBITaxon_7227,http://www.ncbi.nlm.nih.gov/gene/42022,4.71763,0.0207517,OSD-207
https://purl.org/okn/frink/kg/spoke-genelab/node/OSD-207-b85a532693b63036252b8f9e7c546d9f,CG45218,http://purl.obolibrary.org/obo/NCBITaxon_7227,http://www.ncbi.nlm.nih.gov/gene/19836177,2.13587,0.0222396,OSD-207
https://purl.org/okn/frink/kg/spoke-genelab/node/OSD-207-b85a532693b63036252b8f9e7c546d9f,CG9928,http://purl.obolibrary.org/obo/NCBITaxon_7227,http://www.ncbi.nlm.nih.gov/gene/34704,1.02086,0.0098142,OSD-207
https://purl.org/okn/frink/kg/spoke-genelab/node/OSD-207-b85a532693b63036252b8f9e7c546d9f,Zasp67,http://purl.obolibrary.org/obo/NCBITaxon_7227,http://www.ncbi.nlm.nih.gov/gene/39148,-3.87616,8.34514e-09,OSD-207
https://purl.org/okn/frink/kg/spoke-genelab/node/OSD-207-b85a532693b63036252b8f9e7c546d9f,CG11700,http://purl.obolibrary.org/obo/NCBITaxon_7227,http://www.ncbi.nlm.nih.gov/gene/31564,1.03552,0.012702,OSD-207
https://purl.org/okn/frink/kg/spoke-genelab/node/OSD-207-b85a532693b63036252b8f9e7c546d9f,CG17786,http://purl.obolibrary.org/obo/NCBITaxon_7227,http://www.ncbi.nlm.nih.gov/gene/42879,-2.004,2.04104e-05,OSD-207
https://purl.org/okn/frink/kg/spoke-genelab/node/OSD-207-b85a532693b63036252b8f9e7c546d9f,Or67d,http://purl.obolibrary.org/obo/NCBITaxon_7227,http://www.ncbi.nlm.nih.gov/gene/39191,1.40209,0.0264177,OSD-207
https://purl.org/okn/frink/kg/spoke-genelab/node/OSD-207-b85a532693b63036252b8f9e7c546d9f,CG15080,http://purl.obolibrary.org/obo/NCBITaxon_7227,http://www.ncbi.nlm.nih.gov/gene/37167,-6.47534,9.2256e-13,OSD-207
https://purl.org/okn/frink/kg/spoke-genelab/node/OSD-207-b85a532693b63036252b8f9e7c546d9f,CG8046,http://purl.obolibrary.org/obo/NCBITaxon_7227,http://www.ncbi.nlm.nih.gov/gene/35936,1.3483,0.000851935,OSD-207
https://purl.org/okn/frink/kg/spoke-genelab/node/OSD-207-b85a532693b63036252b8f9e7c546d9f,CG13022,http://purl.obolibrary.org/obo/NCBITaxon_7227,http://www.ncbi.nlm.nih.gov/gene/39896,-1.75172,0.000442616,OSD-207
https://purl.org/okn/frink/kg/spoke-genelab/node/OSD-207-b85a532693b63036252b8f9e7c546d9f,kraken,http://purl.obolibrary.org/obo/NCBITaxon_7227,http://www.ncbi.nlm.nih.gov/gene/33265,1.17508,5.43271e-05,OSD-207
https://purl.org/okn/frink/kg/spoke-genelab/node/OSD-207-b85a532693b63036252b8f9e7c546d9f,CG30026,http://purl.obolibrary.org/obo/NCBITaxon_7227,http://www.ncbi.nlm.nih.gov/gene/246399,2.67368,1.13666e-06,OSD-207
https://purl.org/okn/frink/kg/spoke-genelab/node/OSD-207-b85a532693b63036252b8f9e7c546d9f,CG13705,http://purl.obolibrary.org/obo/NCBITaxon_7227,http://www.ncbi.nlm.nih.gov/gene/38587,-4.42539,0.000247807,OSD-207
https://purl.org/okn/frink/kg/spoke-genelab/node/OSD-207-b85a532693b63036252b8f9e7c546d9f,CG11835,http://purl.obolibrary.org/obo/NCBITaxon_7227,http://www.ncbi.nlm.nih.gov/gene/33232,-1.90624,2.15728e-11,OSD-207
https://purl.org/okn/frink/kg/spoke-genelab/node/OSD-207-b85a532693b63036252b8f9e7c546d9f,lncRNA:CR45693,http://purl.obolibrary.org/obo/NCBITaxon_7227,http://www.ncbi.nlm.nih.gov/gene/19835142,-3.48159,0.0344415,OSD-207
https://purl.org/okn/frink/kg/spoke-genelab/node/OSD-207-b85a532693b63036252b8f9e7c546d9f,CG14258,http://purl.obolibrary.org/obo/NCBITaxon_7227,http://www.ncbi.nlm.nih.gov/gene/43260,-1.86054,0.00330247,OSD-207
https://purl.org/okn/frink/kg/spoke-genelab/node/OSD-207-b85a532693b63036252b8f9e7c546d9f,ATPsynCF6L,http://purl.obolibrary.org/obo/NCBITaxon_7227,http://www.ncbi.nlm.nih.gov/gene/38592,4.27311,0.0200712,OSD-207
https://purl.org/okn/frink/kg/spoke-genelab/node/OSD-207-b85a532693b63036252b8f9e7c546d9f,Obp83g,http://purl.obolibrary.org/obo/NCBITaxon_7227,http://www.ncbi.nlm.nih.gov/gene/170878,-6.69165,4.76189e-11,OSD-207
https://purl.org/okn/frink/kg/spoke-genelab/node/OSD-207-b85a532693b63036252b8f9e7c546d9f,lncRNA:CR45669,http://purl.obolibrary.org/obo/NCBITaxon_7227,http://www.ncbi.nlm.nih.gov/gene/19834918,-1.12654,0.00362621,OSD-207
https://purl.org/okn/frink/kg/spoke-genelab/node/OSD-207-b85a532693b63036252b8f9e7c546d9f,CG14907,http://purl.obolibrary.org/obo/NCBITaxon_7227,http://www.ncbi.nlm.nih.gov/gene/42031,1.16196,0.0330784,OSD-207
https://purl.org/okn/frink/kg/spoke-genelab/node/OSD-207-b85a532693b63036252b8f9e7c546d9f,lncRNA:CR45647,http://purl.obolibrary.org/obo/NCBITaxon_7227,http://www.ncbi.nlm.nih.gov/gene/19835150,2.92148,0.0112113,OSD-207
https://purl.org/okn/frink/kg/spoke-genelab/node/OSD-207-b85a532693b63036252b8f9e7c546d9f,CG3984,http://purl.obolibrary.org/obo/NCBITaxon_7227,http://www.ncbi.nlm.nih.gov/gene/41821,-5.69117,1.15128e-14,OSD-207
https://purl.org/okn/frink/kg/spoke-genelab/node/OSD-207-b85a532693b63036252b8f9e7c546d9f,CG6330,http://purl.obolibrary.org/obo/NCBITaxon_7227,http://www.ncbi.nlm.nih.gov/gene/43240,-1.00608,5.4076e-05,OSD-207
https://purl.org/okn/frink/kg/spoke-genelab/node/OSD-207-b85a532693b63036252b8f9e7c546d9f,AttA,http://purl.obolibrary.org/obo/NCBITaxon_7227,http://www.ncbi.nlm.nih.gov/gene/36636,6.65772,3.21145e-10,OSD-207
https://purl.org/okn/frink/kg/spoke-genelab/node/OSD-207-b85a532693b63036252b8f9e7c546d9f,CG43064,http://purl.obolibrary.org/obo/NCBITaxon_7227,http://www.ncbi.nlm.nih.gov/gene/12798207,1.65953,0.0118663,OSD-207
https://purl.org/okn/frink/kg/spoke-genelab/node/OSD-207-b85a532693b63036252b8f9e7c546d9f,Lcp65Ag2|Lcp65Ag1,http://purl.obolibrary.org/obo/NCBITaxon_7227,http://www.ncbi.nlm.nih.gov/gene/38703,-1.8386,0.000103285,OSD-207
https://purl.org/okn/frink/kg/spoke-genelab/node/OSD-207-b85a532693b63036252b8f9e7c546d9f,Lcp65Ag2|Lcp65Ag1,http://purl.obolibrary.org/obo/NCBITaxon_7227,http://www.ncbi.nlm.nih.gov/gene/38702,-1.8386,0.000103285,OSD-207
https://purl.org/okn/frink/kg/spoke-genelab/node/OSD-207-b85a532693b63036252b8f9e7c546d9f,PGRP-SC2,http://purl.obolibrary.org/obo/NCBITaxon_7227,http://www.ncbi.nlm.nih.gov/gene/35862,5.12503,2.17141e-05,OSD-207
https://purl.org/okn/frink/kg/spoke-genelab/node/OSD-207-b85a532693b63036252b8f9e7c546d9f,Hsp67Bc,http://purl.obolibrary.org/obo/NCBITaxon_7227,http://www.ncbi.nlm.nih.gov/gene/39071,-1.59965,6.93062e-08,OSD-207
https://purl.org/okn/frink/kg/spoke-genelab/node/OSD-207-b85a532693b63036252b8f9e7c546d9f,CG14246,http://purl.obolibrary.org/obo/NCBITaxon_7227,http://www.ncbi.nlm.nih.gov/gene/3772140,-4.43928,1.87745e-08,OSD-207
https://purl.org/okn/frink/kg/spoke-genelab/node/OSD-207-b85a532693b63036252b8f9e7c546d9f,ND-ACP,http://purl.obolibrary.org/obo/NCBITaxon_7227,http://www.ncbi.nlm.nih.gov/gene/38154,-1.16565,9.57693e-13,OSD-207
https://purl.org/okn/frink/kg/spoke-genelab/node/OSD-207-b85a532693b63036252b8f9e7c546d9f,fest,http://purl.obolibrary.org/obo/NCBITaxon_7227,http://www.ncbi.nlm.nih.gov/gene/37220,-4.23089,0.000897564,OSD-207
https://purl.org/okn/frink/kg/spoke-genelab/node/OSD-207-b85a532693b63036252b8f9e7c546d9f,lncRNA:CR44845,http://purl.obolibrary.org/obo/NCBITaxon_7227,http://www.ncbi.nlm.nih.gov/gene/19834829,-2.09484,0.0177441,OSD-207
https://purl.org/okn/frink/kg/spoke-genelab/node/OSD-207-b85a532693b63036252b8f9e7c546d9f,AttD,http://purl.obolibrary.org/obo/NCBITaxon_7227,http://www.ncbi.nlm.nih.gov/gene/42122,3.13669,0.0183335,OSD-207
https://purl.org/okn/frink/kg/spoke-genelab/node/OSD-207-b85a532693b63036252b8f9e7c546d9f,BomS3,http://purl.obolibrary.org/obo/NCBITaxon_7227,http://www.ncbi.nlm.nih.gov/gene/50209,1.34014,0.0318386,OSD-207
https://purl.org/okn/frink/kg/spoke-genelab/node/OSD-207-b85a532693b63036252b8f9e7c546d9f,CG9095,http://purl.obolibrary.org/obo/NCBITaxon_7227,http://www.ncbi.nlm.nih.gov/gene/32447,-1.79185,1.45905e-05,OSD-207
https://purl.org/okn/frink/kg/spoke-genelab/node/OSD-207-b85a532693b63036252b8f9e7c546d9f,l(2)34Fc,http://purl.obolibrary.org/obo/NCBITaxon_7227,http://www.ncbi.nlm.nih.gov/gene/34838,-2.5942,4.37117e-08,OSD-207
https://purl.org/okn/frink/kg/spoke-genelab/node/OSD-207-b85a532693b63036252b8f9e7c546d9f,b6,http://purl.obolibrary.org/obo/NCBITaxon_7227,http://www.ncbi.nlm.nih.gov/gene/31124,-3.32252,1.11105e-07,OSD-207
https://purl.org/okn/frink/kg/spoke-genelab/node/OSD-207-b85a532693b63036252b8f9e7c546d9f,CG14329,http://purl.obolibrary.org/obo/NCBITaxon_7227,http://www.ncbi.nlm.nih.gov/gene/42116,1.63716,0.000862182,OSD-207
https://purl.org/okn/frink/kg/spoke-genelab/node/OSD-207-b85a532693b63036252b8f9e7c546d9f,Lip2,http://purl.obolibrary.org/obo/NCBITaxon_7227,http://www.ncbi.nlm.nih.gov/gene/43980,2.97441,7.65772e-07,OSD-207
https://purl.org/okn/frink/kg/spoke-genelab/node/OSD-207-b85a532693b63036252b8f9e7c546d9f,CG42807,http://purl.obolibrary.org/obo/NCBITaxon_7227,http://www.ncbi.nlm.nih.gov/gene/36511,4.59208,7.15092e-08,OSD-207
https://purl.org/okn/frink/kg/spoke-genelab/node/OSD-207-b85a532693b63036252b8f9e7c546d9f,TotC,http://purl.obolibrary.org/obo/NCBITaxon_7227,http://www.ncbi.nlm.nih.gov/gene/117462,5.62512,1.86739e-08,OSD-207
https://purl.org/okn/frink/kg/spoke-genelab/node/OSD-207-b85a532693b63036252b8f9e7c546d9f,Ilp7,http://purl.obolibrary.org/obo/NCBITaxon_7227,http://www.ncbi.nlm.nih.gov/gene/31328,-1.67015,0.03312,OSD-207
https://purl.org/okn/frink/kg/spoke-genelab/node/OSD-207-b85a532693b63036252b8f9e7c546d9f,UQCR-6.4,http://purl.obolibrary.org/obo/NCBITaxon_7227,http://www.ncbi.nlm.nih.gov/gene/36991,-1.41525,2.83472e-12,OSD-207
https://purl.org/okn/frink/kg/spoke-genelab/node/OSD-207-b85a532693b63036252b8f9e7c546d9f,CG15120,http://purl.obolibrary.org/obo/NCBITaxon_7227,http://www.ncbi.nlm.nih.gov/gene/37248,1.83254,6.99219e-06,OSD-207
https://purl.org/okn/frink/kg/spoke-genelab/node/OSD-207-b85a532693b63036252b8f9e7c546d9f,Obp56h,http://purl.obolibrary.org/obo/NCBITaxon_7227,http://www.ncbi.nlm.nih.gov/gene/37271,1.40233,6.77907e-05,OSD-207
https://purl.org/okn/frink/kg/spoke-genelab/node/OSD-207-b85a532693b63036252b8f9e7c546d9f,sel,http://purl.obolibrary.org/obo/NCBITaxon_7227,http://www.ncbi.nlm.nih.gov/gene/36046,1.0871,0.00432283,OSD-207
https://purl.org/okn/frink/kg/spoke-genelab/node/OSD-207-b85a532693b63036252b8f9e7c546d9f,Gr58c,http://purl.obolibrary.org/obo/NCBITaxon_7227,http://www.ncbi.nlm.nih.gov/gene/37501,2.44904,0.047886,OSD-207
https://purl.org/okn/frink/kg/spoke-genelab/node/OSD-207-b85a532693b63036252b8f9e7c546d9f,asRNA:CR44053,http://purl.obolibrary.org/obo/NCBITaxon_7227,http://www.ncbi.nlm.nih.gov/gene/14462402,1.58293,0.010366,OSD-207
https://purl.org/okn/frink/kg/spoke-genelab/node/OSD-207-b85a532693b63036252b8f9e7c546d9f,CG9297,http://purl.obolibrary.org/obo/NCBITaxon_7227,http://www.ncbi.nlm.nih.gov/gene/41688,-2.60605,4.88456e-11,OSD-207
https://purl.org/okn/frink/kg/spoke-genelab/node/OSD-207-b85a532693b63036252b8f9e7c546d9f,TotM,http://purl.obolibrary.org/obo/NCBITaxon_7227,http://www.ncbi.nlm.nih.gov/gene/33764,4.85337,1.45856e-06,OSD-207
https://purl.org/okn/frink/kg/spoke-genelab/node/OSD-207-b85a532693b63036252b8f9e7c546d9f,Socs36E,http://purl.obolibrary.org/obo/NCBITaxon_7227,http://www.ncbi.nlm.nih.gov/gene/35085,1.10311,0.029371,OSD-207
https://purl.org/okn/frink/kg/spoke-genelab/node/OSD-207-b85a532693b63036252b8f9e7c546d9f,CG6753,http://purl.obolibrary.org/obo/NCBITaxon_7227,http://www.ncbi.nlm.nih.gov/gene/41557,-1.67992,0.000790408,OSD-207
https://purl.org/okn/frink/kg/spoke-genelab/node/OSD-207-b85a532693b63036252b8f9e7c546d9f,Nplp3,http://purl.obolibrary.org/obo/NCBITaxon_7227,http://www.ncbi.nlm.nih.gov/gene/59235,-5.72991,1.5178e-10,OSD-207
https://purl.org/okn/frink/kg/spoke-genelab/node/OSD-207-b85a532693b63036252b8f9e7c546d9f,CG4650,http://purl.obolibrary.org/obo/NCBITaxon_7227,http://www.ncbi.nlm.nih.gov/gene/34859,4.55821,0.000105022,OSD-207
https://purl.org/okn/frink/kg/spoke-genelab/node/OSD-207-b85a532693b63036252b8f9e7c546d9f,CG43133,http://purl.obolibrary.org/obo/NCBITaxon_7227,http://www.ncbi.nlm.nih.gov/gene/12798151,3.85301,0.00786327,OSD-207
https://purl.org/okn/frink/kg/spoke-genelab/node/OSD-207-b85a532693b63036252b8f9e7c546d9f,asRNA:CR44181,http://purl.obolibrary.org/obo/NCBITaxon_7227,http://www.ncbi.nlm.nih.gov/gene/14462738,1.64083,0.000517274,OSD-207
https://purl.org/okn/frink/kg/spoke-genelab/node/OSD-207-b85a532693b63036252b8f9e7c546d9f,CG42326,http://purl.obolibrary.org/obo/NCBITaxon_7227,http://www.ncbi.nlm.nih.gov/gene/35838,-2.19271,2.84371e-08,OSD-207
https://purl.org/okn/frink/kg/spoke-genelab/node/OSD-207-b85a532693b63036252b8f9e7c546d9f,CG30151,http://purl.obolibrary.org/obo/NCBITaxon_7227,http://www.ncbi.nlm.nih.gov/gene/246484,1.2072,0.00437475,OSD-207
https://purl.org/okn/frink/kg/spoke-genelab/node/OSD-207-b85a532693b63036252b8f9e7c546d9f,ND4,http://purl.obolibrary.org/obo/NCBITaxon_7227,http://www.ncbi.nlm.nih.gov/gene/19893551,-1.35977,0.00123761,OSD-207
https://purl.org/okn/frink/kg/spoke-genelab/node/OSD-207-b85a532693b63036252b8f9e7c546d9f,CG4716,http://purl.obolibrary.org/obo/NCBITaxon_7227,http://www.ncbi.nlm.nih.gov/gene/36471,1.18171,1.85247e-06,OSD-207
https://purl.org/okn/frink/kg/spoke-genelab/node/OSD-207-b85a532693b63036252b8f9e7c546d9f,Nepl6,http://purl.obolibrary.org/obo/NCBITaxon_7227,http://www.ncbi.nlm.nih.gov/gene/33893,1.47364,1.0239e-05,OSD-207
https://purl.org/okn/frink/kg/spoke-genelab/node/OSD-207-b85a532693b63036252b8f9e7c546d9f,CAH5,http://purl.obolibrary.org/obo/NCBITaxon_7227,http://www.ncbi.nlm.nih.gov/gene/50102,7.57749,1.97346e-05,OSD-207
https://purl.org/okn/frink/kg/spoke-genelab/node/OSD-207-b85a532693b63036252b8f9e7c546d9f,wisp,http://purl.obolibrary.org/obo/NCBITaxon_7227,http://www.ncbi.nlm.nih.gov/gene/32152,1.40308,0.0260462,OSD-207
https://purl.org/okn/frink/kg/spoke-genelab/node/OSD-207-b85a532693b63036252b8f9e7c546d9f,CG17777,http://purl.obolibrary.org/obo/NCBITaxon_7227,http://www.ncbi.nlm.nih.gov/gene/50374,-2.36269,1.08587e-06,OSD-207
https://purl.org/okn/frink/kg/spoke-genelab/node/OSD-207-b85a532693b63036252b8f9e7c546d9f,edin,http://purl.obolibrary.org/obo/NCBITaxon_7227,http://www.ncbi.nlm.nih.gov/gene/317900,6.92673,2.2154e-07,OSD-207
https://purl.org/okn/frink/kg/spoke-genelab/node/OSD-207-b85a532693b63036252b8f9e7c546d9f,lncRNA:CR44905,http://purl.obolibrary.org/obo/NCBITaxon_7227,http://www.ncbi.nlm.nih.gov/gene/19836130,-3.51534,0.00857577,OSD-207
https://purl.org/okn/frink/kg/spoke-genelab/node/OSD-207-b85a532693b63036252b8f9e7c546d9f,CG10116,http://purl.obolibrary.org/obo/NCBITaxon_7227,http://www.ncbi.nlm.nih.gov/gene/39515,2.14741,0.000624403,OSD-207
https://purl.org/okn/frink/kg/spoke-genelab/node/OSD-207-b85a532693b63036252b8f9e7c546d9f,ect,http://purl.obolibrary.org/obo/NCBITaxon_7227,http://www.ncbi.nlm.nih.gov/gene/44135,-2.45593,1.0478e-07,OSD-207
https://purl.org/okn/frink/kg/spoke-genelab/node/OSD-207-b85a532693b63036252b8f9e7c546d9f,CG16978,http://purl.obolibrary.org/obo/NCBITaxon_7227,http://www.ncbi.nlm.nih.gov/gene/50446,-1.17766,0.00475506,OSD-207
https://purl.org/okn/frink/kg/spoke-genelab/node/OSD-207-b85a532693b63036252b8f9e7c546d9f,CG15617,http://purl.obolibrary.org/obo/NCBITaxon_7227,http://www.ncbi.nlm.nih.gov/gene/36871,-2.43668,0.0166786,OSD-207
https://purl.org/okn/frink/kg/spoke-genelab/node/OSD-207-b85a532693b63036252b8f9e7c546d9f,CG11459,http://purl.obolibrary.org/obo/NCBITaxon_7227,http://www.ncbi.nlm.nih.gov/gene/40741,1.25396,0.0010842,OSD-207
https://purl.org/okn/frink/kg/spoke-genelab/node/OSD-207-b85a532693b63036252b8f9e7c546d9f,comm2,http://purl.obolibrary.org/obo/NCBITaxon_7227,http://www.ncbi.nlm.nih.gov/gene/39716,-1.36897,0.000904197,OSD-207
https://purl.org/okn/frink/kg/spoke-genelab/node/OSD-207-b85a532693b63036252b8f9e7c546d9f,Pzl,http://purl.obolibrary.org/obo/NCBITaxon_7227,http://www.ncbi.nlm.nih.gov/gene/26067051,-3.4871,6.12976e-07,OSD-207
https://purl.org/okn/frink/kg/spoke-genelab/node/OSD-207-b85a532693b63036252b8f9e7c546d9f,CG15153,http://purl.obolibrary.org/obo/NCBITaxon_7227,http://www.ncbi.nlm.nih.gov/gene/35080,-3.71807,0.0407224,OSD-207
https://purl.org/okn/frink/kg/spoke-genelab/node/OSD-207-b85a532693b63036252b8f9e7c546d9f,ds,http://purl.obolibrary.org/obo/NCBITaxon_7227,http://www.ncbi.nlm.nih.gov/gene/33245,-2.65107,2.31554e-13,OSD-207
https://purl.org/okn/frink/kg/spoke-genelab/node/OSD-207-b85a532693b63036252b8f9e7c546d9f,CG31809,http://purl.obolibrary.org/obo/NCBITaxon_7227,http://www.ncbi.nlm.nih.gov/gene/318954,1.12594,1.31873e-05,OSD-207
https://purl.org/okn/frink/kg/spoke-genelab/node/OSD-207-b85a532693b63036252b8f9e7c546d9f,Cpr92A,http://purl.obolibrary.org/obo/NCBITaxon_7227,http://www.ncbi.nlm.nih.gov/gene/42333,-6.315,1.348e-05,OSD-207
https://purl.org/okn/frink/kg/spoke-genelab/node/OSD-207-b85a532693b63036252b8f9e7c546d9f,CG14301,http://purl.obolibrary.org/obo/NCBITaxon_7227,http://www.ncbi.nlm.nih.gov/gene/42235,-3.21183,2.29818e-08,OSD-207
https://purl.org/okn/frink/kg/spoke-genelab/node/OSD-207-b85a532693b63036252b8f9e7c546d9f,lncRNA:dntRL,http://purl.obolibrary.org/obo/NCBITaxon_7227,http://www.ncbi.nlm.nih.gov/gene/26067251,1.64262,0.0434829,OSD-207
https://purl.org/okn/frink/kg/spoke-genelab/node/OSD-207-b85a532693b63036252b8f9e7c546d9f,Rgk1,http://purl.obolibrary.org/obo/NCBITaxon_7227,http://www.ncbi.nlm.nih.gov/gene/14462605,-1.877,1.64747e-06,OSD-207
https://purl.org/okn/frink/kg/spoke-genelab/node/OSD-207-b85a532693b63036252b8f9e7c546d9f,GNBP-like3,http://purl.obolibrary.org/obo/NCBITaxon_7227,http://www.ncbi.nlm.nih.gov/gene/37313,3.82353,0.000294607,OSD-207
https://purl.org/okn/frink/kg/spoke-genelab/node/OSD-207-b85a532693b63036252b8f9e7c546d9f,lncRNA:CR45327,http://purl.obolibrary.org/obo/NCBITaxon_7227,http://www.ncbi.nlm.nih.gov/gene/19836258,-2.85144,7.64159e-10,OSD-207
https://purl.org/okn/frink/kg/spoke-genelab/node/OSD-207-b85a532693b63036252b8f9e7c546d9f,CG6429,http://purl.obolibrary.org/obo/NCBITaxon_7227,http://www.ncbi.nlm.nih.gov/gene/36893,1.12798,4.40189e-05,OSD-207
https://purl.org/okn/frink/kg/spoke-genelab/node/OSD-207-b85a532693b63036252b8f9e7c546d9f,CG34172,http://purl.obolibrary.org/obo/NCBITaxon_7227,http://www.ncbi.nlm.nih.gov/gene/5740746,-3.02859,2.58176e-13,OSD-207
https://purl.org/okn/frink/kg/spoke-genelab/node/OSD-207-b85a532693b63036252b8f9e7c546d9f,CG42342,http://purl.obolibrary.org/obo/NCBITaxon_7227,http://www.ncbi.nlm.nih.gov/gene/7354466,-1.07261,3.30067e-09,OSD-207
https://purl.org/okn/frink/kg/spoke-genelab/node/OSD-207-b85a532693b63036252b8f9e7c546d9f,hbs,http://purl.obolibrary.org/obo/NCBITaxon_7227,http://www.ncbi.nlm.nih.gov/gene/44129,-1.08687,8.7203e-07,OSD-207
https://purl.org/okn/frink/kg/spoke-genelab/node/OSD-207-b85a532693b63036252b8f9e7c546d9f,miple2,http://purl.obolibrary.org/obo/NCBITaxon_7227,http://www.ncbi.nlm.nih.gov/gene/44787,-3.0864,2.79925e-09,OSD-207
https://purl.org/okn/frink/kg/spoke-genelab/node/OSD-207-b85a532693b63036252b8f9e7c546d9f,CG9903,http://purl.obolibrary.org/obo/NCBITaxon_7227,http://www.ncbi.nlm.nih.gov/gene/32621,-3.57691,0.00516572,OSD-207
https://purl.org/okn/frink/kg/spoke-genelab/node/OSD-207-b85a532693b63036252b8f9e7c546d9f,Or67c,http://purl.obolibrary.org/obo/NCBITaxon_7227,http://www.ncbi.nlm.nih.gov/gene/39189,1.48654,0.0163918,OSD-207
https://purl.org/okn/frink/kg/spoke-genelab/node/OSD-207-b85a532693b63036252b8f9e7c546d9f,CG30062,http://purl.obolibrary.org/obo/NCBITaxon_7227,http://www.ncbi.nlm.nih.gov/gene/246428,-3.56036,7.15595e-07,OSD-207
https://purl.org/okn/frink/kg/spoke-genelab/node/OSD-207-b85a532693b63036252b8f9e7c546d9f,CG34227,http://purl.obolibrary.org/obo/NCBITaxon_7227,http://www.ncbi.nlm.nih.gov/gene/36186,3.81474,2.45684e-19,OSD-207
https://purl.org/okn/frink/kg/spoke-genelab/node/OSD-207-b85a532693b63036252b8f9e7c546d9f,CG4462,http://purl.obolibrary.org/obo/NCBITaxon_7227,http://www.ncbi.nlm.nih.gov/gene/42376,-1.88971,7.09601e-09,OSD-207
https://purl.org/okn/frink/kg/spoke-genelab/node/OSD-207-b85a532693b63036252b8f9e7c546d9f,Hexo1,http://purl.obolibrary.org/obo/NCBITaxon_7227,http://www.ncbi.nlm.nih.gov/gene/38528,-1.07802,0.000710496,OSD-207
https://purl.org/okn/frink/kg/spoke-genelab/node/OSD-207-b85a532693b63036252b8f9e7c546d9f,dmrt11E,http://purl.obolibrary.org/obo/NCBITaxon_7227,http://www.ncbi.nlm.nih.gov/gene/32291,-4.20011,0.0146211,OSD-207
https://purl.org/okn/frink/kg/spoke-genelab/node/OSD-207-b85a532693b63036252b8f9e7c546d9f,Cyt-c-p,http://purl.obolibrary.org/obo/NCBITaxon_7227,http://www.ncbi.nlm.nih.gov/gene/34996,-1.43106,3.12605e-12,OSD-207
https://purl.org/okn/frink/kg/spoke-genelab/node/OSD-207-b85a532693b63036252b8f9e7c546d9f,Muc91C,http://purl.obolibrary.org/obo/NCBITaxon_7227,http://www.ncbi.nlm.nih.gov/gene/42246,-1.57661,0.0166527,OSD-207
https://purl.org/okn/frink/kg/spoke-genelab/node/OSD-207-b85a532693b63036252b8f9e7c546d9f,NimB3,http://purl.obolibrary.org/obo/NCBITaxon_7227,http://www.ncbi.nlm.nih.gov/gene/3885611,1.17001,0.0104371,OSD-207
https://purl.org/okn/frink/kg/spoke-genelab/node/OSD-207-b85a532693b63036252b8f9e7c546d9f,CG11345,http://purl.obolibrary.org/obo/NCBITaxon_7227,http://www.ncbi.nlm.nih.gov/gene/38548,-9.33254,0.00217292,OSD-207
https://purl.org/okn/frink/kg/spoke-genelab/node/OSD-207-b85a532693b63036252b8f9e7c546d9f,CG18754,http://purl.obolibrary.org/obo/NCBITaxon_7227,http://www.ncbi.nlm.nih.gov/gene/59145,1.87756,0.00452341,OSD-207
https://purl.org/okn/frink/kg/spoke-genelab/node/OSD-207-b85a532693b63036252b8f9e7c546d9f,CG18477|CG31780,http://purl.obolibrary.org/obo/NCBITaxon_7227,http://www.ncbi.nlm.nih.gov/gene/318937,1.62915,0.000722405,OSD-207
https://purl.org/okn/frink/kg/spoke-genelab/node/OSD-207-b85a532693b63036252b8f9e7c546d9f,Vajk2,http://purl.obolibrary.org/obo/NCBITaxon_7227,http://www.ncbi.nlm.nih.gov/gene/34811,-8.23982,1.15128e-14,OSD-207
https://purl.org/okn/frink/kg/spoke-genelab/node/OSD-207-b85a532693b63036252b8f9e7c546d9f,Sid,http://purl.obolibrary.org/obo/NCBITaxon_7227,http://www.ncbi.nlm.nih.gov/gene/43390,3.16687,0.00119772,OSD-207
https://purl.org/okn/frink/kg/spoke-genelab/node/OSD-207-b85a532693b63036252b8f9e7c546d9f,CG8736,http://purl.obolibrary.org/obo/NCBITaxon_7227,http://www.ncbi.nlm.nih.gov/gene/35841,-9.76007,1.10204e-15,OSD-207
https://purl.org/okn/frink/kg/spoke-genelab/node/OSD-207-b85a532693b63036252b8f9e7c546d9f,LanB1,http://purl.obolibrary.org/obo/NCBITaxon_7227,http://www.ncbi.nlm.nih.gov/gene/34068,-1.00781,9.71443e-08,OSD-207
https://purl.org/okn/frink/kg/spoke-genelab/node/OSD-207-b85a532693b63036252b8f9e7c546d9f,Acp1,http://purl.obolibrary.org/obo/NCBITaxon_7227,http://www.ncbi.nlm.nih.gov/gene/34052,-12.1844,3.22065e-20,OSD-207
https://purl.org/okn/frink/kg/spoke-genelab/node/OSD-207-b85a532693b63036252b8f9e7c546d9f,CG1136,http://purl.obolibrary.org/obo/NCBITaxon_7227,http://www.ncbi.nlm.nih.gov/gene/38479,-1.09213,0.000335674,OSD-207
https://purl.org/okn/frink/kg/spoke-genelab/node/OSD-207-b85a532693b63036252b8f9e7c546d9f,qsm,http://purl.obolibrary.org/obo/NCBITaxon_7227,http://www.ncbi.nlm.nih.gov/gene/47065,-1.19265,2.06144e-05,OSD-207
https://purl.org/okn/frink/kg/spoke-genelab/node/OSD-207-b85a532693b63036252b8f9e7c546d9f,d,http://purl.obolibrary.org/obo/NCBITaxon_7227,http://www.ncbi.nlm.nih.gov/gene/34179,-2.91267,1.30471e-06,OSD-207
https://purl.org/okn/frink/kg/spoke-genelab/node/OSD-207-b85a532693b63036252b8f9e7c546d9f,NimB2,http://purl.obolibrary.org/obo/NCBITaxon_7227,http://www.ncbi.nlm.nih.gov/gene/260645,1.10988,0.000595991,OSD-207
https://purl.org/okn/frink/kg/spoke-genelab/node/OSD-207-b85a532693b63036252b8f9e7c546d9f,Hsp67Ba,http://purl.obolibrary.org/obo/NCBITaxon_7227,http://www.ncbi.nlm.nih.gov/gene/39076,-2.06214,8.71065e-15,OSD-207
https://purl.org/okn/frink/kg/spoke-genelab/node/OSD-207-b85a532693b63036252b8f9e7c546d9f,CG43091,http://purl.obolibrary.org/obo/NCBITaxon_7227,http://www.ncbi.nlm.nih.gov/gene/12798514,1.52813,5.2314e-06,OSD-207
https://purl.org/okn/frink/kg/spoke-genelab/node/OSD-207-b85a532693b63036252b8f9e7c546d9f,CG43103,http://purl.obolibrary.org/obo/NCBITaxon_7227,http://www.ncbi.nlm.nih.gov/gene/12798325,1.04166,0.000215976,OSD-207
https://purl.org/okn/frink/kg/spoke-genelab/node/OSD-207-b85a532693b63036252b8f9e7c546d9f,SmydA-3,http://purl.obolibrary.org/obo/NCBITaxon_7227,http://www.ncbi.nlm.nih.gov/gene/34502,-2.29131,6.81597e-10,OSD-207
https://purl.org/okn/frink/kg/spoke-genelab/node/OSD-207-b85a532693b63036252b8f9e7c546d9f,sisRNA:CR46357,http://purl.obolibrary.org/obo/NCBITaxon_7227,http://www.ncbi.nlm.nih.gov/gene/39877399,1.77688,0.0235772,OSD-207
https://purl.org/okn/frink/kg/spoke-genelab/node/OSD-207-b85a532693b63036252b8f9e7c546d9f,CG14540,http://purl.obolibrary.org/obo/NCBITaxon_7227,http://www.ncbi.nlm.nih.gov/gene/43145,-3.15947,0.0106477,OSD-207
https://purl.org/okn/frink/kg/spoke-genelab/node/OSD-207-b85a532693b63036252b8f9e7c546d9f,Tep2,http://purl.obolibrary.org/obo/NCBITaxon_7227,http://www.ncbi.nlm.nih.gov/gene/34044,1.66448,1.40634e-05,OSD-207
https://purl.org/okn/frink/kg/spoke-genelab/node/OSD-207-b85a532693b63036252b8f9e7c546d9f,asRNA:CR33945,http://purl.obolibrary.org/obo/NCBITaxon_7227,http://www.ncbi.nlm.nih.gov/gene/3772292,-2.33128,0.0170281,OSD-207
https://purl.org/okn/frink/kg/spoke-genelab/node/OSD-207-b85a532693b63036252b8f9e7c546d9f,CG4269,http://purl.obolibrary.org/obo/NCBITaxon_7227,http://www.ncbi.nlm.nih.gov/gene/37578,5.30479,1.50063e-17,OSD-207
https://purl.org/okn/frink/kg/spoke-genelab/node/OSD-207-b85a532693b63036252b8f9e7c546d9f,CG34382,http://purl.obolibrary.org/obo/NCBITaxon_7227,http://www.ncbi.nlm.nih.gov/gene/5740788,-2.40149,0.00824444,OSD-207
https://purl.org/okn/frink/kg/spoke-genelab/node/OSD-207-b85a532693b63036252b8f9e7c546d9f,CG15046,http://purl.obolibrary.org/obo/NCBITaxon_7227,http://www.ncbi.nlm.nih.gov/gene/32833,1.61167,8.83486e-05,OSD-207
https://purl.org/okn/frink/kg/spoke-genelab/node/OSD-207-b85a532693b63036252b8f9e7c546d9f,CG46307,http://purl.obolibrary.org/obo/NCBITaxon_7227,http://www.ncbi.nlm.nih.gov/gene/30522396,-1.30898,0.0037952,OSD-207
https://purl.org/okn/frink/kg/spoke-genelab/node/OSD-207-b85a532693b63036252b8f9e7c546d9f,GV1,http://purl.obolibrary.org/obo/NCBITaxon_7227,http://www.ncbi.nlm.nih.gov/gene/38238,-1.05354,0.00133338,OSD-207
https://purl.org/okn/frink/kg/spoke-genelab/node/OSD-207-b85a532693b63036252b8f9e7c546d9f,CG16799,http://purl.obolibrary.org/obo/NCBITaxon_7227,http://www.ncbi.nlm.nih.gov/gene/37340,1.74988,6.12689e-13,OSD-207
https://purl.org/okn/frink/kg/spoke-genelab/node/OSD-207-b85a532693b63036252b8f9e7c546d9f,CG14752,http://purl.obolibrary.org/obo/NCBITaxon_7227,http://www.ncbi.nlm.nih.gov/gene/35840,-3.31171,2.13491e-07,OSD-207
https://purl.org/okn/frink/kg/spoke-genelab/node/OSD-207-b85a532693b63036252b8f9e7c546d9f,NAAT1,http://purl.obolibrary.org/obo/NCBITaxon_7227,http://www.ncbi.nlm.nih.gov/gene/31457,2.09695,6.24929e-19,OSD-207
https://purl.org/okn/frink/kg/spoke-genelab/node/OSD-207-b85a532693b63036252b8f9e7c546d9f,CG43980,http://purl.obolibrary.org/obo/NCBITaxon_7227,http://www.ncbi.nlm.nih.gov/gene/2768995,-3.89436,2.04814e-06,OSD-207
https://purl.org/okn/frink/kg/spoke-genelab/node/OSD-207-b85a532693b63036252b8f9e7c546d9f,CG16898,http://purl.obolibrary.org/obo/NCBITaxon_7227,http://www.ncbi.nlm.nih.gov/gene/37276,-1.21797,0.014543,OSD-207
https://purl.org/okn/frink/kg/spoke-genelab/node/OSD-207-b85a532693b63036252b8f9e7c546d9f,Cyp4e3,http://purl.obolibrary.org/obo/NCBITaxon_7227,http://www.ncbi.nlm.nih.gov/gene/34291,1.8612,0.00321383,OSD-207
https://purl.org/okn/frink/kg/spoke-genelab/node/OSD-207-b85a532693b63036252b8f9e7c546d9f,Npc2h,http://purl.obolibrary.org/obo/NCBITaxon_7227,http://www.ncbi.nlm.nih.gov/gene/43649,-1.85613,1.0007e-09,OSD-207
https://purl.org/okn/frink/kg/spoke-genelab/node/OSD-207-b85a532693b63036252b8f9e7c546d9f,GstE14,http://purl.obolibrary.org/obo/NCBITaxon_7227,http://www.ncbi.nlm.nih.gov/gene/36467,-1.38428,0.000190421,OSD-207
https://purl.org/okn/frink/kg/spoke-genelab/node/OSD-207-b85a532693b63036252b8f9e7c546d9f,CG9826,http://purl.obolibrary.org/obo/NCBITaxon_7227,http://www.ncbi.nlm.nih.gov/gene/37625,4.25786,0.000176882,OSD-207
https://purl.org/okn/frink/kg/spoke-genelab/node/OSD-207-b85a532693b63036252b8f9e7c546d9f,Loxl2,http://purl.obolibrary.org/obo/NCBITaxon_7227,http://www.ncbi.nlm.nih.gov/gene/37485,-1.67074,2.4818e-06,OSD-207
https://purl.org/okn/frink/kg/spoke-genelab/node/OSD-207-b85a532693b63036252b8f9e7c546d9f,lncRNA:CR43651,http://purl.obolibrary.org/obo/NCBITaxon_7227,http://www.ncbi.nlm.nih.gov/gene/14462569,4.20953,4.10468e-14,OSD-207
https://purl.org/okn/frink/kg/spoke-genelab/node/OSD-207-b85a532693b63036252b8f9e7c546d9f,CG11180,http://purl.obolibrary.org/obo/NCBITaxon_7227,http://www.ncbi.nlm.nih.gov/gene/37330,1.10457,0.000313215,OSD-207
https://purl.org/okn/frink/kg/spoke-genelab/node/OSD-207-b85a532693b63036252b8f9e7c546d9f,CG4115,http://purl.obolibrary.org/obo/NCBITaxon_7227,http://www.ncbi.nlm.nih.gov/gene/41499,-1.51657,0.00382575,OSD-207
https://purl.org/okn/frink/kg/spoke-genelab/node/OSD-207-b85a532693b63036252b8f9e7c546d9f,hid,http://purl.obolibrary.org/obo/NCBITaxon_7227,http://www.ncbi.nlm.nih.gov/gene/40009,-1.15268,0.00116469,OSD-207
https://purl.org/okn/frink/kg/spoke-genelab/node/OSD-207-b85a532693b63036252b8f9e7c546d9f,lncRNA:CR43856,http://purl.obolibrary.org/obo/NCBITaxon_7227,http://www.ncbi.nlm.nih.gov/gene/14462767,-2.14788,0.00943032,OSD-207
https://purl.org/okn/frink/kg/spoke-genelab/node/OSD-207-b85a532693b63036252b8f9e7c546d9f,lncRNA:CR43817,http://purl.obolibrary.org/obo/NCBITaxon_7227,http://www.ncbi.nlm.nih.gov/gene/14462796,-5.6935,0.00445428,OSD-207
https://purl.org/okn/frink/kg/spoke-genelab/node/OSD-207-b85a532693b63036252b8f9e7c546d9f,Ccp84Ad,http://purl.obolibrary.org/obo/NCBITaxon_7227,http://www.ncbi.nlm.nih.gov/gene/40822,-9.18401,9.32864e-05,OSD-207
https://purl.org/okn/frink/kg/spoke-genelab/node/OSD-207-b85a532693b63036252b8f9e7c546d9f,CG11585,http://purl.obolibrary.org/obo/NCBITaxon_7227,http://www.ncbi.nlm.nih.gov/gene/32365,-3.77618,0.0266989,OSD-207
https://purl.org/okn/frink/kg/spoke-genelab/node/OSD-207-b85a532693b63036252b8f9e7c546d9f,CG43814,http://purl.obolibrary.org/obo/NCBITaxon_7227,http://www.ncbi.nlm.nih.gov/gene/14462795,-6.59122,0.00105329,OSD-207
https://purl.org/okn/frink/kg/spoke-genelab/node/OSD-207-b85a532693b63036252b8f9e7c546d9f,ATPCL,http://purl.obolibrary.org/obo/NCBITaxon_7227,http://www.ncbi.nlm.nih.gov/gene/36760,-1.15325,0.00186685,OSD-207
https://purl.org/okn/frink/kg/spoke-genelab/node/OSD-207-b85a532693b63036252b8f9e7c546d9f,CG10936,http://purl.obolibrary.org/obo/NCBITaxon_7227,http://www.ncbi.nlm.nih.gov/gene/37000,-4.18751,1.56543e-10,OSD-207
https://purl.org/okn/frink/kg/spoke-genelab/node/OSD-207-b85a532693b63036252b8f9e7c546d9f,Hsp68,http://purl.obolibrary.org/obo/NCBITaxon_7227,http://www.ncbi.nlm.nih.gov/gene/42852,-3.0114,0.0010278,OSD-207
https://purl.org/okn/frink/kg/spoke-genelab/node/OSD-207-b85a532693b63036252b8f9e7c546d9f,lncRNA:CR44185,http://purl.obolibrary.org/obo/NCBITaxon_7227,http://www.ncbi.nlm.nih.gov/gene/14462644,3.50313,0.00701268,OSD-207
https://purl.org/okn/frink/kg/spoke-genelab/node/OSD-207-b85a532693b63036252b8f9e7c546d9f,CG30269,http://purl.obolibrary.org/obo/NCBITaxon_7227,http://www.ncbi.nlm.nih.gov/gene/37600,1.27853,0.000203144,OSD-207
https://purl.org/okn/frink/kg/spoke-genelab/node/OSD-207-b85a532693b63036252b8f9e7c546d9f,Prx2540-1,http://purl.obolibrary.org/obo/NCBITaxon_7227,http://www.ncbi.nlm.nih.gov/gene/246663,2.05948,0.00114885,OSD-207
https://purl.org/okn/frink/kg/spoke-genelab/node/OSD-207-b85a532693b63036252b8f9e7c546d9f,CG30273,http://purl.obolibrary.org/obo/NCBITaxon_7227,http://www.ncbi.nlm.nih.gov/gene/246520,1.27428,1.51772e-05,OSD-207
https://purl.org/okn/frink/kg/spoke-genelab/node/OSD-207-b85a532693b63036252b8f9e7c546d9f,PGRP-LF,http://purl.obolibrary.org/obo/NCBITaxon_7227,http://www.ncbi.nlm.nih.gov/gene/39064,2.3266,7.27515e-11,OSD-207
https://purl.org/okn/frink/kg/spoke-genelab/node/OSD-207-b85a532693b63036252b8f9e7c546d9f,CecC,http://purl.obolibrary.org/obo/NCBITaxon_7227,http://www.ncbi.nlm.nih.gov/gene/43599,4.70713,0.00057274,OSD-207
https://purl.org/okn/frink/kg/spoke-genelab/node/OSD-207-b85a532693b63036252b8f9e7c546d9f,Dl,http://purl.obolibrary.org/obo/NCBITaxon_7227,http://www.ncbi.nlm.nih.gov/gene/42313,-1.13983,0.000555351,OSD-207
https://purl.org/okn/frink/kg/spoke-genelab/node/OSD-207-b85a532693b63036252b8f9e7c546d9f,lncRNA:CR43838,http://purl.obolibrary.org/obo/NCBITaxon_7227,http://www.ncbi.nlm.nih.gov/gene/14462416,-1.03494,0.000554838,OSD-207
https://purl.org/okn/frink/kg/spoke-genelab/node/OSD-207-b85a532693b63036252b8f9e7c546d9f,SmydA-7,http://purl.obolibrary.org/obo/NCBITaxon_7227,http://www.ncbi.nlm.nih.gov/gene/36916,-1.10209,5.79811e-06,OSD-207
https://purl.org/okn/frink/kg/spoke-genelab/node/OSD-207-b85a532693b63036252b8f9e7c546d9f,Alp10,http://purl.obolibrary.org/obo/NCBITaxon_7227,http://www.ncbi.nlm.nih.gov/gene/38632,5.10894,8.35635e-05,OSD-207
https://purl.org/okn/frink/kg/spoke-genelab/node/OSD-207-b85a532693b63036252b8f9e7c546d9f,asRNA:CR44968,http://purl.obolibrary.org/obo/NCBITaxon_7227,http://www.ncbi.nlm.nih.gov/gene/19835428,-3.85236,0.013275,OSD-207
https://purl.org/okn/frink/kg/spoke-genelab/node/OSD-207-b85a532693b63036252b8f9e7c546d9f,Cpr64Aa,http://purl.obolibrary.org/obo/NCBITaxon_7227,http://www.ncbi.nlm.nih.gov/gene/38508,-7.86085,7.92957e-06,OSD-207
https://purl.org/okn/frink/kg/spoke-genelab/node/OSD-207-b85a532693b63036252b8f9e7c546d9f,Cht7,http://purl.obolibrary.org/obo/NCBITaxon_7227,http://www.ncbi.nlm.nih.gov/gene/38370,-5.08629,7.85696e-08,OSD-207
https://purl.org/okn/frink/kg/spoke-genelab/node/OSD-207-b85a532693b63036252b8f9e7c546d9f,lncRNA:CR43700,http://purl.obolibrary.org/obo/NCBITaxon_7227,http://www.ncbi.nlm.nih.gov/gene/14462798,1.41893,0.000140335,OSD-207
https://purl.org/okn/frink/kg/spoke-genelab/node/OSD-207-b85a532693b63036252b8f9e7c546d9f,Cpr62Bc,http://purl.obolibrary.org/obo/NCBITaxon_7227,http://www.ncbi.nlm.nih.gov/gene/38241,-5.84052,2.15205e-08,OSD-207
https://purl.org/okn/frink/kg/spoke-genelab/node/OSD-207-b85a532693b63036252b8f9e7c546d9f,asRNA:CR44062,http://purl.obolibrary.org/obo/NCBITaxon_7227,http://www.ncbi.nlm.nih.gov/gene/14462506,-3.64687,0.000770031,OSD-207
https://purl.org/okn/frink/kg/spoke-genelab/node/OSD-207-b85a532693b63036252b8f9e7c546d9f,lncRNA:CR44708,http://purl.obolibrary.org/obo/NCBITaxon_7227,http://www.ncbi.nlm.nih.gov/gene/19835283,-1.76739,0.00901485,OSD-207
https://purl.org/okn/frink/kg/spoke-genelab/node/OSD-207-b85a532693b63036252b8f9e7c546d9f,Srr,http://purl.obolibrary.org/obo/NCBITaxon_7227,http://www.ncbi.nlm.nih.gov/gene/41117,1.54433,0.000129236,OSD-207
https://purl.org/okn/frink/kg/spoke-genelab/node/OSD-207-b85a532693b63036252b8f9e7c546d9f,CG17290,http://purl.obolibrary.org/obo/NCBITaxon_7227,http://www.ncbi.nlm.nih.gov/gene/36938,3.35427,0.00153394,OSD-207
https://purl.org/okn/frink/kg/spoke-genelab/node/OSD-207-b85a532693b63036252b8f9e7c546d9f,CG15382,http://purl.obolibrary.org/obo/NCBITaxon_7227,http://www.ncbi.nlm.nih.gov/gene/33391,-1.12414,0.00026184,OSD-207
https://purl.org/okn/frink/kg/spoke-genelab/node/OSD-207-b85a532693b63036252b8f9e7c546d9f,CG4927,http://purl.obolibrary.org/obo/NCBITaxon_7227,http://www.ncbi.nlm.nih.gov/gene/36852,1.44061,2.91682e-05,OSD-207
https://purl.org/okn/frink/kg/spoke-genelab/node/OSD-207-b85a532693b63036252b8f9e7c546d9f,CG15701,http://purl.obolibrary.org/obo/NCBITaxon_7227,http://www.ncbi.nlm.nih.gov/gene/36801,1.02694,0.0226862,OSD-207
https://purl.org/okn/frink/kg/spoke-genelab/node/OSD-207-b85a532693b63036252b8f9e7c546d9f,CG13305,http://purl.obolibrary.org/obo/NCBITaxon_7227,http://www.ncbi.nlm.nih.gov/gene/38992,-1.57838,8.18396e-05,OSD-207
https://purl.org/okn/frink/kg/spoke-genelab/node/OSD-207-b85a532693b63036252b8f9e7c546d9f,lncRNA:CR44628,http://purl.obolibrary.org/obo/NCBITaxon_7227,http://www.ncbi.nlm.nih.gov/gene/19835486,-2.38938,0.000397177,OSD-207
https://purl.org/okn/frink/kg/spoke-genelab/node/OSD-207-b85a532693b63036252b8f9e7c546d9f,CG13795,http://purl.obolibrary.org/obo/NCBITaxon_7227,http://www.ncbi.nlm.nih.gov/gene/34049,1.42618,0.00031577,OSD-207
https://purl.org/okn/frink/kg/spoke-genelab/node/OSD-207-b85a532693b63036252b8f9e7c546d9f,CrebA,http://purl.obolibrary.org/obo/NCBITaxon_7227,http://www.ncbi.nlm.nih.gov/gene/39682,1.16376,0.0204492,OSD-207
https://purl.org/okn/frink/kg/spoke-genelab/node/OSD-207-b85a532693b63036252b8f9e7c546d9f,Cpr76Bb,http://purl.obolibrary.org/obo/NCBITaxon_7227,http://www.ncbi.nlm.nih.gov/gene/40121,-8.23823,1.0698e-08,OSD-207
https://purl.org/okn/frink/kg/spoke-genelab/node/OSD-207-b85a532693b63036252b8f9e7c546d9f,CG2875,http://purl.obolibrary.org/obo/NCBITaxon_7227,http://www.ncbi.nlm.nih.gov/gene/31326,1.16165,4.53159e-05,OSD-207
https://purl.org/okn/frink/kg/spoke-genelab/node/OSD-207-b85a532693b63036252b8f9e7c546d9f,CG13403,http://purl.obolibrary.org/obo/NCBITaxon_7227,http://www.ncbi.nlm.nih.gov/gene/32366,-4.04445,0.018781,OSD-207
https://purl.org/okn/frink/kg/spoke-genelab/node/OSD-207-b85a532693b63036252b8f9e7c546d9f,NP15.6,http://purl.obolibrary.org/obo/NCBITaxon_7227,http://www.ncbi.nlm.nih.gov/gene/42282,-1.11558,4.56755e-12,OSD-207
https://purl.org/okn/frink/kg/spoke-genelab/node/OSD-207-b85a532693b63036252b8f9e7c546d9f,alphaTub85E,http://purl.obolibrary.org/obo/NCBITaxon_7227,http://www.ncbi.nlm.nih.gov/gene/41183,-5.12843,3.68976e-05,OSD-207
https://purl.org/okn/frink/kg/spoke-genelab/node/OSD-207-b85a532693b63036252b8f9e7c546d9f,lncRNA:CR44946,http://purl.obolibrary.org/obo/NCBITaxon_7227,http://www.ncbi.nlm.nih.gov/gene/19836094,-2.58398,0.000883736,OSD-207
https://purl.org/okn/frink/kg/spoke-genelab/node/OSD-207-b85a532693b63036252b8f9e7c546d9f,CG4168,http://purl.obolibrary.org/obo/NCBITaxon_7227,http://www.ncbi.nlm.nih.gov/gene/34889,-1.31231,3.72796e-11,OSD-207
https://purl.org/okn/frink/kg/spoke-genelab/node/OSD-207-b85a532693b63036252b8f9e7c546d9f,CG13376,http://purl.obolibrary.org/obo/NCBITaxon_7227,http://www.ncbi.nlm.nih.gov/gene/3346142,-1.98574,0.000159293,OSD-207
https://purl.org/okn/frink/kg/spoke-genelab/node/OSD-207-b85a532693b63036252b8f9e7c546d9f,net,http://purl.obolibrary.org/obo/NCBITaxon_7227,http://www.ncbi.nlm.nih.gov/gene/45339,1.29542,0.00466731,OSD-207
https://purl.org/okn/frink/kg/spoke-genelab/node/OSD-207-b85a532693b63036252b8f9e7c546d9f,Ccp84Aa,http://purl.obolibrary.org/obo/NCBITaxon_7227,http://www.ncbi.nlm.nih.gov/gene/40825,-9.70786,5.19405e-06,OSD-207
https://purl.org/okn/frink/kg/spoke-genelab/node/OSD-207-b85a532693b63036252b8f9e7c546d9f,Ir54a,http://purl.obolibrary.org/obo/NCBITaxon_7227,http://www.ncbi.nlm.nih.gov/gene/37022,-6.3235,0.000217377,OSD-207
https://purl.org/okn/frink/kg/spoke-genelab/node/OSD-207-b85a532693b63036252b8f9e7c546d9f,CG43155,http://purl.obolibrary.org/obo/NCBITaxon_7227,http://www.ncbi.nlm.nih.gov/gene/32092,-1.18608,0.0111582,OSD-207
https://purl.org/okn/frink/kg/spoke-genelab/node/OSD-207-b85a532693b63036252b8f9e7c546d9f,Dyrk2,http://purl.obolibrary.org/obo/NCBITaxon_7227,http://www.ncbi.nlm.nih.gov/gene/34831,-1.07639,3.0387e-05,OSD-207
https://purl.org/okn/frink/kg/spoke-genelab/node/OSD-207-b85a532693b63036252b8f9e7c546d9f,CG13699,http://purl.obolibrary.org/obo/NCBITaxon_7227,http://www.ncbi.nlm.nih.gov/gene/40008,-7.43145,1.70419e-07,OSD-207
https://purl.org/okn/frink/kg/spoke-genelab/node/OSD-207-b85a532693b63036252b8f9e7c546d9f,org-1,http://purl.obolibrary.org/obo/NCBITaxon_7227,http://www.ncbi.nlm.nih.gov/gene/31778,-2.25705,0.0435725,OSD-207
https://purl.org/okn/frink/kg/spoke-genelab/node/OSD-207-b85a532693b63036252b8f9e7c546d9f,CG16713,http://purl.obolibrary.org/obo/NCBITaxon_7227,http://www.ncbi.nlm.nih.gov/gene/33591,1.87815,0.0121716,OSD-207
https://purl.org/okn/frink/kg/spoke-genelab/node/OSD-207-b85a532693b63036252b8f9e7c546d9f,PH4alphaMP,http://purl.obolibrary.org/obo/NCBITaxon_7227,http://www.ncbi.nlm.nih.gov/gene/43624,-1.03198,0.0104999,OSD-207
https://purl.org/okn/frink/kg/spoke-genelab/node/OSD-207-b85a532693b63036252b8f9e7c546d9f,CG11843,http://purl.obolibrary.org/obo/NCBITaxon_7227,http://www.ncbi.nlm.nih.gov/gene/43432,1.77584,3.89819e-05,OSD-207
https://purl.org/okn/frink/kg/spoke-genelab/node/OSD-207-b85a532693b63036252b8f9e7c546d9f,CG4615,http://purl.obolibrary.org/obo/NCBITaxon_7227,http://www.ncbi.nlm.nih.gov/gene/31656,-1.05584,1.27332e-08,OSD-207
https://purl.org/okn/frink/kg/spoke-genelab/node/OSD-207-b85a532693b63036252b8f9e7c546d9f,CG1632,http://purl.obolibrary.org/obo/NCBITaxon_7227,http://www.ncbi.nlm.nih.gov/gene/31763,-1.62625,1.28308e-08,OSD-207
https://purl.org/okn/frink/kg/spoke-genelab/node/OSD-207-b85a532693b63036252b8f9e7c546d9f,CG5172,http://purl.obolibrary.org/obo/NCBITaxon_7227,http://www.ncbi.nlm.nih.gov/gene/32711,-10.7691,3.74638e-14,OSD-207
https://purl.org/okn/frink/kg/spoke-genelab/node/OSD-207-b85a532693b63036252b8f9e7c546d9f,CG17224,http://purl.obolibrary.org/obo/NCBITaxon_7227,http://www.ncbi.nlm.nih.gov/gene/33510,3.53712,2.64958e-14,OSD-207
https://purl.org/okn/frink/kg/spoke-genelab/node/OSD-207-b85a532693b63036252b8f9e7c546d9f,TpnC25D,http://purl.obolibrary.org/obo/NCBITaxon_7227,http://www.ncbi.nlm.nih.gov/gene/33752,-2.3099,1.29378e-08,OSD-207
https://purl.org/okn/frink/kg/spoke-genelab/node/OSD-207-b85a532693b63036252b8f9e7c546d9f,CG1103,http://purl.obolibrary.org/obo/NCBITaxon_7227,http://www.ncbi.nlm.nih.gov/gene/40547,-1.02734,0.00164436,OSD-207
https://purl.org/okn/frink/kg/spoke-genelab/node/OSD-207-b85a532693b63036252b8f9e7c546d9f,CG5835,http://purl.obolibrary.org/obo/NCBITaxon_7227,http://www.ncbi.nlm.nih.gov/gene/42296,1.34003,3.72378e-09,OSD-207
https://purl.org/okn/frink/kg/spoke-genelab/node/OSD-207-b85a532693b63036252b8f9e7c546d9f,Fit2,http://purl.obolibrary.org/obo/NCBITaxon_7227,http://www.ncbi.nlm.nih.gov/gene/39907,-1.51302,9.03938e-08,OSD-207
https://purl.org/okn/frink/kg/spoke-genelab/node/OSD-207-b85a532693b63036252b8f9e7c546d9f,CG10799,http://purl.obolibrary.org/obo/NCBITaxon_7227,http://www.ncbi.nlm.nih.gov/gene/36472,1.35496,3.02601e-08,OSD-207
https://purl.org/okn/frink/kg/spoke-genelab/node/OSD-207-b85a532693b63036252b8f9e7c546d9f,CG1441,http://purl.obolibrary.org/obo/NCBITaxon_7227,http://www.ncbi.nlm.nih.gov/gene/36029,1.24823,2.41568e-08,OSD-207
https://purl.org/okn/frink/kg/spoke-genelab/node/OSD-207-b85a532693b63036252b8f9e7c546d9f,CG1208,http://purl.obolibrary.org/obo/NCBITaxon_7227,http://www.ncbi.nlm.nih.gov/gene/40727,-1.29615,0.00250837,OSD-207
https://purl.org/okn/frink/kg/spoke-genelab/node/OSD-207-b85a532693b63036252b8f9e7c546d9f,CG7714,http://purl.obolibrary.org/obo/NCBITaxon_7227,http://www.ncbi.nlm.nih.gov/gene/42250,-5.05877,0.000659571,OSD-207
https://purl.org/okn/frink/kg/spoke-genelab/node/OSD-207-b85a532693b63036252b8f9e7c546d9f,asRNA:CR45281,http://purl.obolibrary.org/obo/NCBITaxon_7227,http://www.ncbi.nlm.nih.gov/gene/19836134,-1.19391,0.000297629,OSD-207
https://purl.org/okn/frink/kg/spoke-genelab/node/OSD-207-b85a532693b63036252b8f9e7c546d9f,CG13731,http://purl.obolibrary.org/obo/NCBITaxon_7227,http://www.ncbi.nlm.nih.gov/gene/39938,-3.9429,0.0239195,OSD-207
https://purl.org/okn/frink/kg/spoke-genelab/node/OSD-207-b85a532693b63036252b8f9e7c546d9f,CG14743,http://purl.obolibrary.org/obo/NCBITaxon_7227,http://www.ncbi.nlm.nih.gov/gene/35860,7.7231,5.9062e-07,OSD-207
https://purl.org/okn/frink/kg/spoke-genelab/node/OSD-207-b85a532693b63036252b8f9e7c546d9f,COX6B,http://purl.obolibrary.org/obo/NCBITaxon_7227,http://www.ncbi.nlm.nih.gov/gene/32989,-1.12296,1.9765e-14,OSD-207
https://purl.org/okn/frink/kg/spoke-genelab/node/OSD-207-b85a532693b63036252b8f9e7c546d9f,slbo,http://purl.obolibrary.org/obo/NCBITaxon_7227,http://www.ncbi.nlm.nih.gov/gene/37889,-1.72542,0.000170754,OSD-207
https://purl.org/okn/frink/kg/spoke-genelab/node/OSD-207-b85a532693b63036252b8f9e7c546d9f,lncRNA:CR42868,http://purl.obolibrary.org/obo/NCBITaxon_7227,http://www.ncbi.nlm.nih.gov/gene/19835116,1.27295,0.000413174,OSD-207
https://purl.org/okn/frink/kg/spoke-genelab/node/OSD-207-b85a532693b63036252b8f9e7c546d9f,asRNA:CR43159,http://purl.obolibrary.org/obo/NCBITaxon_7227,http://www.ncbi.nlm.nih.gov/gene/12797909,-1.48879,0.02233,OSD-207
https://purl.org/okn/frink/kg/spoke-genelab/node/OSD-207-b85a532693b63036252b8f9e7c546d9f,CG43236,http://purl.obolibrary.org/obo/NCBITaxon_7227,http://www.ncbi.nlm.nih.gov/gene/12798466,4.52375,1.14357e-06,OSD-207
https://purl.org/okn/frink/kg/spoke-genelab/node/OSD-207-b85a532693b63036252b8f9e7c546d9f,CG43277,http://purl.obolibrary.org/obo/NCBITaxon_7227,http://www.ncbi.nlm.nih.gov/gene/12798350,-3.84094,0.0364101,OSD-207
https://purl.org/okn/frink/kg/spoke-genelab/node/OSD-207-b85a532693b63036252b8f9e7c546d9f,CG14304,http://purl.obolibrary.org/obo/NCBITaxon_7227,http://www.ncbi.nlm.nih.gov/gene/42232,-5.30366,3.8537e-06,OSD-207
https://purl.org/okn/frink/kg/spoke-genelab/node/OSD-207-b85a532693b63036252b8f9e7c546d9f,asRNA:CR45144,http://purl.obolibrary.org/obo/NCBITaxon_7227,http://www.ncbi.nlm.nih.gov/gene/19834727,-2.11608,0.00986897,OSD-207
https://purl.org/okn/frink/kg/spoke-genelab/node/OSD-207-b85a532693b63036252b8f9e7c546d9f,CG14937,http://purl.obolibrary.org/obo/NCBITaxon_7227,http://www.ncbi.nlm.nih.gov/gene/34591,-1.58355,1.8331e-05,OSD-207
https://purl.org/okn/frink/kg/spoke-genelab/node/OSD-207-b85a532693b63036252b8f9e7c546d9f,lncRNA:CR44411,http://purl.obolibrary.org/obo/NCBITaxon_7227,http://www.ncbi.nlm.nih.gov/gene/19836059,-1.82613,0.0468018,OSD-207
https://purl.org/okn/frink/kg/spoke-genelab/node/OSD-207-b85a532693b63036252b8f9e7c546d9f,CG34456,http://purl.obolibrary.org/obo/NCBITaxon_7227,http://www.ncbi.nlm.nih.gov/gene/5740168,4.0481,3.42416e-08,OSD-207
https://purl.org/okn/frink/kg/spoke-genelab/node/OSD-207-b85a532693b63036252b8f9e7c546d9f,Cbp53E,http://purl.obolibrary.org/obo/NCBITaxon_7227,http://www.ncbi.nlm.nih.gov/gene/36905,-1.47563,6.98313e-12,OSD-207
https://purl.org/okn/frink/kg/spoke-genelab/node/OSD-207-b85a532693b63036252b8f9e7c546d9f,CG8630,http://purl.obolibrary.org/obo/NCBITaxon_7227,http://www.ncbi.nlm.nih.gov/gene/41629,-1.53937,0.00603842,OSD-207
https://purl.org/okn/frink/kg/spoke-genelab/node/OSD-207-b85a532693b63036252b8f9e7c546d9f,NijC,http://purl.obolibrary.org/obo/NCBITaxon_7227,http://www.ncbi.nlm.nih.gov/gene/41568,-1.09669,0.0151637,OSD-207
https://purl.org/okn/frink/kg/spoke-genelab/node/OSD-207-b85a532693b63036252b8f9e7c546d9f,CG17738,http://purl.obolibrary.org/obo/NCBITaxon_7227,http://www.ncbi.nlm.nih.gov/gene/41490,3.06176,0.000109664,OSD-207
https://purl.org/okn/frink/kg/spoke-genelab/node/OSD-207-b85a532693b63036252b8f9e7c546d9f,CG13044,http://purl.obolibrary.org/obo/NCBITaxon_7227,http://www.ncbi.nlm.nih.gov/gene/39795,-11.6975,1.07704e-07,OSD-207
https://purl.org/okn/frink/kg/spoke-genelab/node/OSD-207-b85a532693b63036252b8f9e7c546d9f,lncRNA:CR45457,http://purl.obolibrary.org/obo/NCBITaxon_7227,http://www.ncbi.nlm.nih.gov/gene/19834867,-3.36928,2.7802e-09,OSD-207
https://purl.org/okn/frink/kg/spoke-genelab/node/OSD-207-b85a532693b63036252b8f9e7c546d9f,SkpB,http://purl.obolibrary.org/obo/NCBITaxon_7227,http://www.ncbi.nlm.nih.gov/gene/36298,-3.64892,1.30842e-07,OSD-207
https://purl.org/okn/frink/kg/spoke-genelab/node/OSD-207-b85a532693b63036252b8f9e7c546d9f,CG14694,http://purl.obolibrary.org/obo/NCBITaxon_7227,http://www.ncbi.nlm.nih.gov/gene/41307,-1.29494,6.74948e-06,OSD-207
https://purl.org/okn/frink/kg/spoke-genelab/node/OSD-207-b85a532693b63036252b8f9e7c546d9f,CG17325,http://purl.obolibrary.org/obo/NCBITaxon_7227,http://www.ncbi.nlm.nih.gov/gene/50467,2.89865,1.13371e-11,OSD-207
https://purl.org/okn/frink/kg/spoke-genelab/node/OSD-207-b85a532693b63036252b8f9e7c546d9f,CG13962,http://purl.obolibrary.org/obo/NCBITaxon_7227,http://www.ncbi.nlm.nih.gov/gene/35270,-3.70844,0.0163918,OSD-207
https://purl.org/okn/frink/kg/spoke-genelab/node/OSD-207-b85a532693b63036252b8f9e7c546d9f,Nepl13,http://purl.obolibrary.org/obo/NCBITaxon_7227,http://www.ncbi.nlm.nih.gov/gene/42699,1.39626,0.000236919,OSD-207
https://purl.org/okn/frink/kg/spoke-genelab/node/OSD-207-b85a532693b63036252b8f9e7c546d9f,CG42565,http://purl.obolibrary.org/obo/NCBITaxon_7227,http://www.ncbi.nlm.nih.gov/gene/37598,1.38485,0.0193332,OSD-207
https://purl.org/okn/frink/kg/spoke-genelab/node/OSD-207-b85a532693b63036252b8f9e7c546d9f,CG13067,http://purl.obolibrary.org/obo/NCBITaxon_7227,http://www.ncbi.nlm.nih.gov/gene/39785,-2.64619,5.53719e-09,OSD-207
https://purl.org/okn/frink/kg/spoke-genelab/node/OSD-207-b85a532693b63036252b8f9e7c546d9f,CG11529,http://purl.obolibrary.org/obo/NCBITaxon_7227,http://www.ncbi.nlm.nih.gov/gene/39395,1.44973,0.000392707,OSD-207
https://purl.org/okn/frink/kg/spoke-genelab/node/OSD-207-b85a532693b63036252b8f9e7c546d9f,CG15399,http://purl.obolibrary.org/obo/NCBITaxon_7227,http://www.ncbi.nlm.nih.gov/gene/33472,-1.41507,0.00230123,OSD-207
https://purl.org/okn/frink/kg/spoke-genelab/node/OSD-207-b85a532693b63036252b8f9e7c546d9f,asRNA:CR43637,http://purl.obolibrary.org/obo/NCBITaxon_7227,http://www.ncbi.nlm.nih.gov/gene/12798097,-3.13099,0.000365881,OSD-207
https://purl.org/okn/frink/kg/spoke-genelab/node/OSD-207-b85a532693b63036252b8f9e7c546d9f,ATPsynD,http://purl.obolibrary.org/obo/NCBITaxon_7227,http://www.ncbi.nlm.nih.gov/gene/42291,-1.24921,2.46758e-12,OSD-207
https://purl.org/okn/frink/kg/spoke-genelab/node/OSD-207-b85a532693b63036252b8f9e7c546d9f,asRNA:CR43683,http://purl.obolibrary.org/obo/NCBITaxon_7227,http://www.ncbi.nlm.nih.gov/gene/14462735,1.45307,0.00293141,OSD-207
https://purl.org/okn/frink/kg/spoke-genelab/node/OSD-207-b85a532693b63036252b8f9e7c546d9f,lncRNA:CR44441,http://purl.obolibrary.org/obo/NCBITaxon_7227,http://www.ncbi.nlm.nih.gov/gene/19835575,1.8201,0.0183526,OSD-207
https://purl.org/okn/frink/kg/spoke-genelab/node/OSD-207-b85a532693b63036252b8f9e7c546d9f,fz,http://purl.obolibrary.org/obo/NCBITaxon_7227,http://www.ncbi.nlm.nih.gov/gene/45307,-1.03315,4.60182e-07,OSD-207
https://purl.org/okn/frink/kg/spoke-genelab/node/OSD-207-b85a532693b63036252b8f9e7c546d9f,asRNA:CR44370,http://purl.obolibrary.org/obo/NCBITaxon_7227,http://www.ncbi.nlm.nih.gov/gene/19834935,-1.17353,0.00431796,OSD-207
https://purl.org/okn/frink/kg/spoke-genelab/node/OSD-207-b85a532693b63036252b8f9e7c546d9f,CG14118,http://purl.obolibrary.org/obo/NCBITaxon_7227,http://www.ncbi.nlm.nih.gov/gene/39465,-4.29651,3.32608e-06,OSD-207
https://purl.org/okn/frink/kg/spoke-genelab/node/OSD-207-b85a532693b63036252b8f9e7c546d9f,lncRNA:CR43493,http://purl.obolibrary.org/obo/NCBITaxon_7227,http://www.ncbi.nlm.nih.gov/gene/12798219,1.04978,0.00628483,OSD-207
https://purl.org/okn/frink/kg/spoke-genelab/node/OSD-207-b85a532693b63036252b8f9e7c546d9f,nau,http://purl.obolibrary.org/obo/NCBITaxon_7227,http://www.ncbi.nlm.nih.gov/gene/42799,-1.34245,0.000328489,OSD-207
https://purl.org/okn/frink/kg/spoke-genelab/node/OSD-207-b85a532693b63036252b8f9e7c546d9f,asRNA:CR45951,http://purl.obolibrary.org/obo/NCBITaxon_7227,http://www.ncbi.nlm.nih.gov/gene/26067278,-1.45177,6.09754e-08,OSD-207
https://purl.org/okn/frink/kg/spoke-genelab/node/OSD-207-b85a532693b63036252b8f9e7c546d9f,Spn88Eb,http://purl.obolibrary.org/obo/NCBITaxon_7227,http://www.ncbi.nlm.nih.gov/gene/41829,2.56126,0.00191641,OSD-207
https://purl.org/okn/frink/kg/spoke-genelab/node/OSD-207-b85a532693b63036252b8f9e7c546d9f,CG14957,http://purl.obolibrary.org/obo/NCBITaxon_7227,http://www.ncbi.nlm.nih.gov/gene/38386,-4.12443,0.0160003,OSD-207
https://purl.org/okn/frink/kg/spoke-genelab/node/OSD-207-b85a532693b63036252b8f9e7c546d9f,CG2150,http://purl.obolibrary.org/obo/NCBITaxon_7227,http://www.ncbi.nlm.nih.gov/gene/43745,-5.51177,0.000194869,OSD-207
https://purl.org/okn/frink/kg/spoke-genelab/node/OSD-207-b85a532693b63036252b8f9e7c546d9f,CG15822,http://purl.obolibrary.org/obo/NCBITaxon_7227,http://www.ncbi.nlm.nih.gov/gene/38273,-1.13055,0.000909493,OSD-207
https://purl.org/okn/frink/kg/spoke-genelab/node/OSD-207-b85a532693b63036252b8f9e7c546d9f,wbl,http://purl.obolibrary.org/obo/NCBITaxon_7227,http://www.ncbi.nlm.nih.gov/gene/37206,-1.04027,0.0146774,OSD-207
https://purl.org/okn/frink/kg/spoke-genelab/node/OSD-207-b85a532693b63036252b8f9e7c546d9f,CG45045,http://purl.obolibrary.org/obo/NCBITaxon_7227,http://www.ncbi.nlm.nih.gov/gene/19836048,6.5966,1.74123e-08,OSD-207
https://purl.org/okn/frink/kg/spoke-genelab/node/OSD-207-b85a532693b63036252b8f9e7c546d9f,Inx5,http://purl.obolibrary.org/obo/NCBITaxon_7227,http://www.ncbi.nlm.nih.gov/gene/32901,-4.80408,0.00255773,OSD-207
https://purl.org/okn/frink/kg/spoke-genelab/node/OSD-207-b85a532693b63036252b8f9e7c546d9f,CG14795,http://purl.obolibrary.org/obo/NCBITaxon_7227,http://www.ncbi.nlm.nih.gov/gene/31109,-2.10539,4.13767e-07,OSD-207
https://purl.org/okn/frink/kg/spoke-genelab/node/OSD-207-b85a532693b63036252b8f9e7c546d9f,lncRNA:CR44768,http://purl.obolibrary.org/obo/NCBITaxon_7227,http://www.ncbi.nlm.nih.gov/gene/19835438,-3.82825,0.0077289,OSD-207
https://purl.org/okn/frink/kg/spoke-genelab/node/OSD-207-b85a532693b63036252b8f9e7c546d9f,AANATL7,http://purl.obolibrary.org/obo/NCBITaxon_7227,http://www.ncbi.nlm.nih.gov/gene/31236,-1.27006,1.94612e-05,OSD-207
https://purl.org/okn/frink/kg/spoke-genelab/node/OSD-207-b85a532693b63036252b8f9e7c546d9f,CG13046,http://purl.obolibrary.org/obo/NCBITaxon_7227,http://www.ncbi.nlm.nih.gov/gene/39791,-7.16702,3.22009e-08,OSD-207
https://purl.org/okn/frink/kg/spoke-genelab/node/OSD-207-b85a532693b63036252b8f9e7c546d9f,CG42354,http://purl.obolibrary.org/obo/NCBITaxon_7227,http://www.ncbi.nlm.nih.gov/gene/7354437,-1.12175,0.00873416,OSD-207
https://purl.org/okn/frink/kg/spoke-genelab/node/OSD-207-b85a532693b63036252b8f9e7c546d9f,CG17717,http://purl.obolibrary.org/obo/NCBITaxon_7227,http://www.ncbi.nlm.nih.gov/gene/31592,-2.65242,0.000178708,OSD-207
https://purl.org/okn/frink/kg/spoke-genelab/node/OSD-207-b85a532693b63036252b8f9e7c546d9f,Irbp,http://purl.obolibrary.org/obo/NCBITaxon_7227,http://www.ncbi.nlm.nih.gov/gene/117419,1.51765,2.04814e-06,OSD-207
https://purl.org/okn/frink/kg/spoke-genelab/node/OSD-207-b85a532693b63036252b8f9e7c546d9f,Cyp4d1,http://purl.obolibrary.org/obo/NCBITaxon_7227,http://www.ncbi.nlm.nih.gov/gene/31188,2.26258,3.4745e-06,OSD-207
https://purl.org/okn/frink/kg/spoke-genelab/node/OSD-207-b85a532693b63036252b8f9e7c546d9f,sesB,http://purl.obolibrary.org/obo/NCBITaxon_7227,http://www.ncbi.nlm.nih.gov/gene/32007,-1.67233,2.67509e-20,OSD-207
https://purl.org/okn/frink/kg/spoke-genelab/node/OSD-207-b85a532693b63036252b8f9e7c546d9f,Hsp70Bbb,http://purl.obolibrary.org/obo/NCBITaxon_7227,http://www.ncbi.nlm.nih.gov/gene/50022,-5.88501,1.16165e-09,OSD-207
https://purl.org/okn/frink/kg/spoke-genelab/node/OSD-207-b85a532693b63036252b8f9e7c546d9f,CG42305,http://purl.obolibrary.org/obo/NCBITaxon_7227,http://www.ncbi.nlm.nih.gov/gene/7354382,2.89865,1.13371e-11,OSD-207
https://purl.org/okn/frink/kg/spoke-genelab/node/OSD-207-b85a532693b63036252b8f9e7c546d9f,CG34461,http://purl.obolibrary.org/obo/NCBITaxon_7227,http://www.ncbi.nlm.nih.gov/gene/5740547,-4.3301,1.04046e-11,OSD-207
https://purl.org/okn/frink/kg/spoke-genelab/node/OSD-207-b85a532693b63036252b8f9e7c546d9f,UQCR-14,http://purl.obolibrary.org/obo/NCBITaxon_7227,http://www.ncbi.nlm.nih.gov/gene/32586,-1.08109,7.14226e-13,OSD-207
https://purl.org/okn/frink/kg/spoke-genelab/node/OSD-207-b85a532693b63036252b8f9e7c546d9f,Cpr76Bd,http://purl.obolibrary.org/obo/NCBITaxon_7227,http://www.ncbi.nlm.nih.gov/gene/40123,-7.24511,3.86212e-11,OSD-207
https://purl.org/okn/frink/kg/spoke-genelab/node/OSD-207-b85a532693b63036252b8f9e7c546d9f,CG42867,http://purl.obolibrary.org/obo/NCBITaxon_7227,http://www.ncbi.nlm.nih.gov/gene/10178781,1.99253,3.22187e-05,OSD-207
https://purl.org/okn/frink/kg/spoke-genelab/node/OSD-207-b85a532693b63036252b8f9e7c546d9f,Mtp,http://purl.obolibrary.org/obo/NCBITaxon_7227,http://www.ncbi.nlm.nih.gov/gene/35362,1.27068,3.90699e-05,OSD-207
https://purl.org/okn/frink/kg/spoke-genelab/node/OSD-207-b85a532693b63036252b8f9e7c546d9f,lncRNA:CR44392,http://purl.obolibrary.org/obo/NCBITaxon_7227,http://www.ncbi.nlm.nih.gov/gene/19835950,2.56746,0.0466869,OSD-207
https://purl.org/okn/frink/kg/spoke-genelab/node/OSD-207-b85a532693b63036252b8f9e7c546d9f,lncRNA:CR44754,http://purl.obolibrary.org/obo/NCBITaxon_7227,http://www.ncbi.nlm.nih.gov/gene/19836162,-2.29309,4.00022e-08,OSD-207
https://purl.org/okn/frink/kg/spoke-genelab/node/OSD-207-b85a532693b63036252b8f9e7c546d9f,CG13056,http://purl.obolibrary.org/obo/NCBITaxon_7227,http://www.ncbi.nlm.nih.gov/gene/50267,-7.30196,8.10289e-07,OSD-207
https://purl.org/okn/frink/kg/spoke-genelab/node/OSD-207-b85a532693b63036252b8f9e7c546d9f,PGRP-SB1,http://purl.obolibrary.org/obo/NCBITaxon_7227,http://www.ncbi.nlm.nih.gov/gene/39870,5.1056,9.12854e-12,OSD-207
https://purl.org/okn/frink/kg/spoke-genelab/node/OSD-207-b85a532693b63036252b8f9e7c546d9f,CG9593,http://purl.obolibrary.org/obo/NCBITaxon_7227,http://www.ncbi.nlm.nih.gov/gene/41912,-1.31285,0.0103487,OSD-207
https://purl.org/okn/frink/kg/spoke-genelab/node/OSD-207-b85a532693b63036252b8f9e7c546d9f,CG18528,http://purl.obolibrary.org/obo/NCBITaxon_7227,http://www.ncbi.nlm.nih.gov/gene/42906,-1.38678,0.0011122,OSD-207
https://purl.org/okn/frink/kg/spoke-genelab/node/OSD-207-b85a532693b63036252b8f9e7c546d9f,scpr-A,http://purl.obolibrary.org/obo/NCBITaxon_7227,http://www.ncbi.nlm.nih.gov/gene/41358,1.75609,0.0469293,OSD-207
https://purl.org/okn/frink/kg/spoke-genelab/node/OSD-207-b85a532693b63036252b8f9e7c546d9f,Ance-5,http://purl.obolibrary.org/obo/NCBITaxon_7227,http://www.ncbi.nlm.nih.gov/gene/37980,1.19031,4.94815e-05,OSD-207
https://purl.org/okn/frink/kg/spoke-genelab/node/OSD-207-b85a532693b63036252b8f9e7c546d9f,asRNA:CR42860,http://purl.obolibrary.org/obo/NCBITaxon_7227,http://www.ncbi.nlm.nih.gov/gene/10178962,-1.06801,0.00466731,OSD-207
https://purl.org/okn/frink/kg/spoke-genelab/node/OSD-207-b85a532693b63036252b8f9e7c546d9f,CG31028,http://purl.obolibrary.org/obo/NCBITaxon_7227,http://www.ncbi.nlm.nih.gov/gene/43586,-1.64651,7.4606e-05,OSD-207
https://purl.org/okn/frink/kg/spoke-genelab/node/OSD-207-b85a532693b63036252b8f9e7c546d9f,asRNA:CR45894,http://purl.obolibrary.org/obo/NCBITaxon_7227,http://www.ncbi.nlm.nih.gov/gene/26067222,-1.61969,0.0293697,OSD-207
https://purl.org/okn/frink/kg/spoke-genelab/node/OSD-207-b85a532693b63036252b8f9e7c546d9f,CG43920,http://purl.obolibrary.org/obo/NCBITaxon_7227,http://www.ncbi.nlm.nih.gov/gene/19835957,5.96418,5.22111e-05,OSD-207
https://purl.org/okn/frink/kg/spoke-genelab/node/OSD-207-b85a532693b63036252b8f9e7c546d9f,CG30323,http://purl.obolibrary.org/obo/NCBITaxon_7227,http://www.ncbi.nlm.nih.gov/gene/246539,-1.22982,0.00527057,OSD-207
https://purl.org/okn/frink/kg/spoke-genelab/node/OSD-207-b85a532693b63036252b8f9e7c546d9f,GILT2,http://purl.obolibrary.org/obo/NCBITaxon_7227,http://www.ncbi.nlm.nih.gov/gene/42788,1.60667,7.97636e-09,OSD-207
https://purl.org/okn/frink/kg/spoke-genelab/node/OSD-207-b85a532693b63036252b8f9e7c546d9f,CG43841,http://purl.obolibrary.org/obo/NCBITaxon_7227,http://www.ncbi.nlm.nih.gov/gene/14462410,4.15721,0.012175,OSD-207
https://purl.org/okn/frink/kg/spoke-genelab/node/OSD-207-b85a532693b63036252b8f9e7c546d9f,CG11378,http://purl.obolibrary.org/obo/NCBITaxon_7227,http://www.ncbi.nlm.nih.gov/gene/31060,-1.01855,0.00201097,OSD-207
https://purl.org/okn/frink/kg/spoke-genelab/node/OSD-207-b85a532693b63036252b8f9e7c546d9f,Alp6,http://purl.obolibrary.org/obo/NCBITaxon_7227,http://www.ncbi.nlm.nih.gov/gene/35981,-1.27998,0.00561189,OSD-207
https://purl.org/okn/frink/kg/spoke-genelab/node/OSD-207-b85a532693b63036252b8f9e7c546d9f,CG43345,http://purl.obolibrary.org/obo/NCBITaxon_7227,http://www.ncbi.nlm.nih.gov/gene/35387,-1.07413,7.71218e-06,OSD-207
https://purl.org/okn/frink/kg/spoke-genelab/node/OSD-207-b85a532693b63036252b8f9e7c546d9f,Gasp,http://purl.obolibrary.org/obo/NCBITaxon_7227,http://www.ncbi.nlm.nih.gov/gene/40745,-4.15911,1.78685e-12,OSD-207
https://purl.org/okn/frink/kg/spoke-genelab/node/OSD-207-b85a532693b63036252b8f9e7c546d9f,CG42821,http://purl.obolibrary.org/obo/NCBITaxon_7227,http://www.ncbi.nlm.nih.gov/gene/3885579,1.81459,1.27184e-08,OSD-207
https://purl.org/okn/frink/kg/spoke-genelab/node/OSD-207-b85a532693b63036252b8f9e7c546d9f,p38c,http://purl.obolibrary.org/obo/NCBITaxon_7227,http://www.ncbi.nlm.nih.gov/gene/2768679,2.26509,0.00125203,OSD-207
https://purl.org/okn/frink/kg/spoke-genelab/node/OSD-207-b85a532693b63036252b8f9e7c546d9f,Mal-A8,http://purl.obolibrary.org/obo/NCBITaxon_7227,http://www.ncbi.nlm.nih.gov/gene/35830,4.29515,0.0165349,OSD-207
https://purl.org/okn/frink/kg/spoke-genelab/node/OSD-207-b85a532693b63036252b8f9e7c546d9f,lncRNA:CR44748,http://purl.obolibrary.org/obo/NCBITaxon_7227,http://www.ncbi.nlm.nih.gov/gene/19835249,1.37904,0.0032315,OSD-207
https://purl.org/okn/frink/kg/spoke-genelab/node/OSD-207-b85a532693b63036252b8f9e7c546d9f,lncRNA:CR44709,http://purl.obolibrary.org/obo/NCBITaxon_7227,http://www.ncbi.nlm.nih.gov/gene/19835109,-3.88416,0.00355668,OSD-207
https://purl.org/okn/frink/kg/spoke-genelab/node/OSD-207-b85a532693b63036252b8f9e7c546d9f,PGRP-SA,http://purl.obolibrary.org/obo/NCBITaxon_7227,http://www.ncbi.nlm.nih.gov/gene/32099,2.41932,4.67093e-05,OSD-207
https://purl.org/okn/frink/kg/spoke-genelab/node/OSD-207-b85a532693b63036252b8f9e7c546d9f,CG34002,http://purl.obolibrary.org/obo/NCBITaxon_7227,http://www.ncbi.nlm.nih.gov/gene/3885644,3.3814,0.0224392,OSD-207
https://purl.org/okn/frink/kg/spoke-genelab/node/OSD-207-b85a532693b63036252b8f9e7c546d9f,CG44251,http://purl.obolibrary.org/obo/NCBITaxon_7227,http://www.ncbi.nlm.nih.gov/gene/36429,-2.66533,0.0325112,OSD-207
https://purl.org/okn/frink/kg/spoke-genelab/node/OSD-207-b85a532693b63036252b8f9e7c546d9f,CG13643,http://purl.obolibrary.org/obo/NCBITaxon_7227,http://www.ncbi.nlm.nih.gov/gene/50074,-3.10983,0.00381605,OSD-207
https://purl.org/okn/frink/kg/spoke-genelab/node/OSD-207-b85a532693b63036252b8f9e7c546d9f,lncRNA:CR44598,http://purl.obolibrary.org/obo/NCBITaxon_7227,http://www.ncbi.nlm.nih.gov/gene/19834982,-1.83656,0.0389616,OSD-207
https://purl.org/okn/frink/kg/spoke-genelab/node/OSD-207-b85a532693b63036252b8f9e7c546d9f,Cpr49Ah,http://purl.obolibrary.org/obo/NCBITaxon_7227,http://www.ncbi.nlm.nih.gov/gene/36354,-4.05094,0.000154369,OSD-207
https://purl.org/okn/frink/kg/spoke-genelab/node/OSD-207-b85a532693b63036252b8f9e7c546d9f,lncRNA:CR44514,http://purl.obolibrary.org/obo/NCBITaxon_7227,http://www.ncbi.nlm.nih.gov/gene/19834856,-4.09876,0.0227182,OSD-207
https://purl.org/okn/frink/kg/spoke-genelab/node/OSD-207-b85a532693b63036252b8f9e7c546d9f,IM4,http://purl.obolibrary.org/obo/NCBITaxon_7227,http://www.ncbi.nlm.nih.gov/gene/50126,1.52032,0.00145064,OSD-207
https://purl.org/okn/frink/kg/spoke-genelab/node/OSD-207-b85a532693b63036252b8f9e7c546d9f,CG42866,http://purl.obolibrary.org/obo/NCBITaxon_7227,http://www.ncbi.nlm.nih.gov/gene/10178853,3.91826,0.0148004,OSD-207
https://purl.org/okn/frink/kg/spoke-genelab/node/OSD-207-b85a532693b63036252b8f9e7c546d9f,Mlc1,http://purl.obolibrary.org/obo/NCBITaxon_7227,http://www.ncbi.nlm.nih.gov/gene/43323,-3.99468,3.4019e-14,OSD-207
https://purl.org/okn/frink/kg/spoke-genelab/node/OSD-207-b85a532693b63036252b8f9e7c546d9f,fit,http://purl.obolibrary.org/obo/NCBITaxon_7227,http://www.ncbi.nlm.nih.gov/gene/42578,1.8981,0.00596968,OSD-207
https://purl.org/okn/frink/kg/spoke-genelab/node/OSD-207-b85a532693b63036252b8f9e7c546d9f,hemo,http://purl.obolibrary.org/obo/NCBITaxon_7227,http://www.ncbi.nlm.nih.gov/gene/12798465,1.67172,0.0423024,OSD-207
https://purl.org/okn/frink/kg/spoke-genelab/node/OSD-207-b85a532693b63036252b8f9e7c546d9f,Hsp70Ba|Hsp70Bb|Hsp70Bc,http://purl.obolibrary.org/obo/NCBITaxon_7227,http://www.ncbi.nlm.nih.gov/gene/44921,-6.55868,1.33988e-10,OSD-207
https://purl.org/okn/frink/kg/spoke-genelab/node/OSD-207-b85a532693b63036252b8f9e7c546d9f,CG3288,http://purl.obolibrary.org/obo/NCBITaxon_7227,http://www.ncbi.nlm.nih.gov/gene/40307,-1.33768,0.00966126,OSD-207
https://purl.org/okn/frink/kg/spoke-genelab/node/OSD-207-b85a532693b63036252b8f9e7c546d9f,yellow-d2,http://purl.obolibrary.org/obo/NCBITaxon_7227,http://www.ncbi.nlm.nih.gov/gene/37704,-12.4307,3.24922e-10,OSD-207
https://purl.org/okn/frink/kg/spoke-genelab/node/OSD-207-b85a532693b63036252b8f9e7c546d9f,lncRNA:CR41257,http://purl.obolibrary.org/obo/NCBITaxon_7227,http://www.ncbi.nlm.nih.gov/gene/19835919,5.14042,0.000382658,OSD-207
https://purl.org/okn/frink/kg/spoke-genelab/node/OSD-207-b85a532693b63036252b8f9e7c546d9f,CG4267,http://purl.obolibrary.org/obo/NCBITaxon_7227,http://www.ncbi.nlm.nih.gov/gene/33405,1.63392,3.38684e-07,OSD-207
https://purl.org/okn/frink/kg/spoke-genelab/node/OSD-207-b85a532693b63036252b8f9e7c546d9f,SmydA-1,http://purl.obolibrary.org/obo/NCBITaxon_7227,http://www.ncbi.nlm.nih.gov/gene/36581,-1.65896,3.56186e-07,OSD-207
https://purl.org/okn/frink/kg/spoke-genelab/node/OSD-207-b85a532693b63036252b8f9e7c546d9f,CG33252,http://purl.obolibrary.org/obo/NCBITaxon_7227,http://www.ncbi.nlm.nih.gov/gene/2768903,-2.02463,0.0478892,OSD-207
https://purl.org/okn/frink/kg/spoke-genelab/node/OSD-207-b85a532693b63036252b8f9e7c546d9f,CG30339,http://purl.obolibrary.org/obo/NCBITaxon_7227,http://www.ncbi.nlm.nih.gov/gene/246549,-2.96479,4.81755e-05,OSD-207
https://purl.org/okn/frink/kg/spoke-genelab/node/OSD-207-b85a532693b63036252b8f9e7c546d9f,pirk,http://purl.obolibrary.org/obo/NCBITaxon_7227,http://www.ncbi.nlm.nih.gov/gene/37468,3.88045,7.55287e-13,OSD-207
https://purl.org/okn/frink/kg/spoke-genelab/node/OSD-207-b85a532693b63036252b8f9e7c546d9f,CG32750,http://purl.obolibrary.org/obo/NCBITaxon_7227,http://www.ncbi.nlm.nih.gov/gene/326238,-1.12428,0.0217144,OSD-207
https://purl.org/okn/frink/kg/spoke-genelab/node/OSD-207-b85a532693b63036252b8f9e7c546d9f,lncRNA:CR42721,http://purl.obolibrary.org/obo/NCBITaxon_7227,http://www.ncbi.nlm.nih.gov/gene/10178845,-1.89888,0.0423551,OSD-207
https://purl.org/okn/frink/kg/spoke-genelab/node/OSD-207-b85a532693b63036252b8f9e7c546d9f,rt,http://purl.obolibrary.org/obo/NCBITaxon_7227,http://www.ncbi.nlm.nih.gov/gene/39297,-1.47678,9.12854e-12,OSD-207
https://purl.org/okn/frink/kg/spoke-genelab/node/OSD-207-b85a532693b63036252b8f9e7c546d9f,dunk,http://purl.obolibrary.org/obo/NCBITaxon_7227,http://www.ncbi.nlm.nih.gov/gene/4379900,-1.23559,0.00580401,OSD-207
https://purl.org/okn/frink/kg/spoke-genelab/node/OSD-207-b85a532693b63036252b8f9e7c546d9f,asRNA:CR44806,http://purl.obolibrary.org/obo/NCBITaxon_7227,http://www.ncbi.nlm.nih.gov/gene/19835270,-1.49002,0.0178452,OSD-207
https://purl.org/okn/frink/kg/spoke-genelab/node/OSD-207-b85a532693b63036252b8f9e7c546d9f,CG31808,http://purl.obolibrary.org/obo/NCBITaxon_7227,http://www.ncbi.nlm.nih.gov/gene/10178782,-1.23793,3.24123e-08,OSD-207
https://purl.org/okn/frink/kg/spoke-genelab/node/OSD-207-b85a532693b63036252b8f9e7c546d9f,Dbp73D,http://purl.obolibrary.org/obo/NCBITaxon_7227,http://www.ncbi.nlm.nih.gov/gene/39871,1.0962,1.34111e-05,OSD-207
https://purl.org/okn/frink/kg/spoke-genelab/node/OSD-207-b85a532693b63036252b8f9e7c546d9f,CG42391,http://purl.obolibrary.org/obo/NCBITaxon_7227,http://www.ncbi.nlm.nih.gov/gene/7354405,1.60244,0.0365965,OSD-207
https://purl.org/okn/frink/kg/spoke-genelab/node/OSD-207-b85a532693b63036252b8f9e7c546d9f,CG12974,http://purl.obolibrary.org/obo/NCBITaxon_7227,http://www.ncbi.nlm.nih.gov/gene/40350,-1.81297,0.0365615,OSD-207
https://purl.org/okn/frink/kg/spoke-genelab/node/OSD-207-b85a532693b63036252b8f9e7c546d9f,lncRNA:CR46108,http://purl.obolibrary.org/obo/NCBITaxon_7227,http://www.ncbi.nlm.nih.gov/gene/26067425,-1.78166,0.023936,OSD-207
https://purl.org/okn/frink/kg/spoke-genelab/node/OSD-207-b85a532693b63036252b8f9e7c546d9f,lncRNA:CR43363,http://purl.obolibrary.org/obo/NCBITaxon_7227,http://www.ncbi.nlm.nih.gov/gene/12798015,-3.57296,0.0477432,OSD-207
https://purl.org/okn/frink/kg/spoke-genelab/node/OSD-207-b85a532693b63036252b8f9e7c546d9f,CG11891,http://purl.obolibrary.org/obo/NCBITaxon_7227,http://www.ncbi.nlm.nih.gov/gene/3772439,-1.02328,0.0153192,OSD-207
https://purl.org/okn/frink/kg/spoke-genelab/node/OSD-207-b85a532693b63036252b8f9e7c546d9f,Pxd,http://purl.obolibrary.org/obo/NCBITaxon_7227,http://www.ncbi.nlm.nih.gov/gene/2768671,-9.12409,2.12368e-09,OSD-207
https://purl.org/okn/frink/kg/spoke-genelab/node/OSD-207-b85a532693b63036252b8f9e7c546d9f,CG11752,http://purl.obolibrary.org/obo/NCBITaxon_7227,http://www.ncbi.nlm.nih.gov/gene/32076,-1.19136,3.90249e-09,OSD-207
https://purl.org/okn/frink/kg/spoke-genelab/node/OSD-207-b85a532693b63036252b8f9e7c546d9f,snsl,http://purl.obolibrary.org/obo/NCBITaxon_7227,http://www.ncbi.nlm.nih.gov/gene/33696,-2.06534,0.000111008,OSD-207
https://purl.org/okn/frink/kg/spoke-genelab/node/OSD-207-b85a532693b63036252b8f9e7c546d9f,CG43675,http://purl.obolibrary.org/obo/NCBITaxon_7227,http://www.ncbi.nlm.nih.gov/gene/14462445,1.00119,0.0126815,OSD-207
https://purl.org/okn/frink/kg/spoke-genelab/node/OSD-207-b85a532693b63036252b8f9e7c546d9f,CG34281,http://purl.obolibrary.org/obo/NCBITaxon_7227,http://www.ncbi.nlm.nih.gov/gene/50039,-3.99018,0.0349738,OSD-207
https://purl.org/okn/frink/kg/spoke-genelab/node/OSD-207-b85a532693b63036252b8f9e7c546d9f,zye,http://purl.obolibrary.org/obo/NCBITaxon_7227,http://www.ncbi.nlm.nih.gov/gene/40255,-2.31187,0.0063089,OSD-207
https://purl.org/okn/frink/kg/spoke-genelab/node/OSD-207-b85a532693b63036252b8f9e7c546d9f,CG10814,http://purl.obolibrary.org/obo/NCBITaxon_7227,http://www.ncbi.nlm.nih.gov/gene/36481,7.59172,7.27432e-07,OSD-207
https://purl.org/okn/frink/kg/spoke-genelab/node/OSD-207-b85a532693b63036252b8f9e7c546d9f,snoRNA:Psi28S-291,http://purl.obolibrary.org/obo/NCBITaxon_7227,http://www.ncbi.nlm.nih.gov/gene/3772053,1.65349,0.0226779,OSD-207
https://purl.org/okn/frink/kg/spoke-genelab/node/OSD-207-b85a532693b63036252b8f9e7c546d9f,CG18563,http://purl.obolibrary.org/obo/NCBITaxon_7227,http://www.ncbi.nlm.nih.gov/gene/35050,2.34899,0.0321206,OSD-207
https://purl.org/okn/frink/kg/spoke-genelab/node/OSD-207-b85a532693b63036252b8f9e7c546d9f,lncRNA:CR44831,http://purl.obolibrary.org/obo/NCBITaxon_7227,http://www.ncbi.nlm.nih.gov/gene/19835371,-1.30986,6.86901e-07,OSD-207
https://purl.org/okn/frink/kg/spoke-genelab/node/OSD-207-b85a532693b63036252b8f9e7c546d9f,SclA,http://purl.obolibrary.org/obo/NCBITaxon_7227,http://www.ncbi.nlm.nih.gov/gene/19835657,-1.14852,0.00942444,OSD-207
https://purl.org/okn/frink/kg/spoke-genelab/node/OSD-207-b85a532693b63036252b8f9e7c546d9f,lncRNA:CR45128,http://purl.obolibrary.org/obo/NCBITaxon_7227,http://www.ncbi.nlm.nih.gov/gene/19835854,2.42975,0.00895742,OSD-207
https://purl.org/okn/frink/kg/spoke-genelab/node/OSD-207-b85a532693b63036252b8f9e7c546d9f,BomS2,http://purl.obolibrary.org/obo/NCBITaxon_7227,http://www.ncbi.nlm.nih.gov/gene/49802,2.21217,0.000260526,OSD-207
https://purl.org/okn/frink/kg/spoke-genelab/node/OSD-207-b85a532693b63036252b8f9e7c546d9f,asRNA:CR45151,http://purl.obolibrary.org/obo/NCBITaxon_7227,http://www.ncbi.nlm.nih.gov/gene/19835439,-2.76083,0.0211399,OSD-207
https://purl.org/okn/frink/kg/spoke-genelab/node/OSD-207-b85a532693b63036252b8f9e7c546d9f,CG43341,http://purl.obolibrary.org/obo/NCBITaxon_7227,http://www.ncbi.nlm.nih.gov/gene/12798088,-1.43125,0.000664203,OSD-207
https://purl.org/okn/frink/kg/spoke-genelab/node/OSD-207-b85a532693b63036252b8f9e7c546d9f,snoRNA:Tudor-SN-a,http://purl.obolibrary.org/obo/NCBITaxon_7227,http://www.ncbi.nlm.nih.gov/gene/12798543,1.93857,0.0176338,OSD-207
https://purl.org/okn/frink/kg/spoke-genelab/node/OSD-207-b85a532693b63036252b8f9e7c546d9f,asRNA:CR43470,http://purl.obolibrary.org/obo/NCBITaxon_7227,http://www.ncbi.nlm.nih.gov/gene/12798366,-3.06768,0.0174368,OSD-207
https://purl.org/okn/frink/kg/spoke-genelab/node/OSD-207-b85a532693b63036252b8f9e7c546d9f,asRNA:CR43463,http://purl.obolibrary.org/obo/NCBITaxon_7227,http://www.ncbi.nlm.nih.gov/gene/12798215,-3.98845,3.303e-05,OSD-207
https://purl.org/okn/frink/kg/spoke-genelab/node/OSD-207-b85a532693b63036252b8f9e7c546d9f,Listericin,http://purl.obolibrary.org/obo/NCBITaxon_7227,http://www.ncbi.nlm.nih.gov/gene/36183,3.26578,8.62821e-13,OSD-207
https://purl.org/okn/frink/kg/spoke-genelab/node/OSD-207-b85a532693b63036252b8f9e7c546d9f,CG7367,http://purl.obolibrary.org/obo/NCBITaxon_7227,http://www.ncbi.nlm.nih.gov/gene/34094,2.19491,3.41124e-05,OSD-207
https://purl.org/okn/frink/kg/spoke-genelab/node/OSD-207-b85a532693b63036252b8f9e7c546d9f,Arc1,http://purl.obolibrary.org/obo/NCBITaxon_7227,http://www.ncbi.nlm.nih.gov/gene/36595,1.47367,0.00453498,OSD-207
https://purl.org/okn/frink/kg/spoke-genelab/node/OSD-207-b85a532693b63036252b8f9e7c546d9f,CG45273,http://purl.obolibrary.org/obo/NCBITaxon_7227,http://www.ncbi.nlm.nih.gov/gene/19835434,-2.72696,0.000416937,OSD-207
https://purl.org/okn/frink/kg/spoke-genelab/node/OSD-207-b85a532693b63036252b8f9e7c546d9f,lncRNA:CR45280,http://purl.obolibrary.org/obo/NCBITaxon_7227,http://www.ncbi.nlm.nih.gov/gene/19835573,3.56531,0.00540609,OSD-207
https://purl.org/okn/frink/kg/spoke-genelab/node/OSD-207-b85a532693b63036252b8f9e7c546d9f,CG33939,http://purl.obolibrary.org/obo/NCBITaxon_7227,http://www.ncbi.nlm.nih.gov/gene/26067037,-2.61173,3.17832e-06,OSD-207
https://purl.org/okn/frink/kg/spoke-genelab/node/OSD-207-b85a532693b63036252b8f9e7c546d9f,LysE,http://purl.obolibrary.org/obo/NCBITaxon_7227,http://www.ncbi.nlm.nih.gov/gene/38128,-5.49407,0.0109697,OSD-207
https://purl.org/okn/frink/kg/spoke-genelab/node/OSD-207-b85a532693b63036252b8f9e7c546d9f,CG17127,http://purl.obolibrary.org/obo/NCBITaxon_7227,http://www.ncbi.nlm.nih.gov/gene/34489,-2.33196,0.000391998,OSD-207
https://purl.org/okn/frink/kg/spoke-genelab/node/OSD-207-b85a532693b63036252b8f9e7c546d9f,Lip4,http://purl.obolibrary.org/obo/NCBITaxon_7227,http://www.ncbi.nlm.nih.gov/gene/34450,1.47752,0.0106276,OSD-207
https://purl.org/okn/frink/kg/spoke-genelab/node/OSD-207-b85a532693b63036252b8f9e7c546d9f,lncRNA:CR44964,http://purl.obolibrary.org/obo/NCBITaxon_7227,http://www.ncbi.nlm.nih.gov/gene/19834745,1.48356,0.00289219,OSD-207
https://purl.org/okn/frink/kg/spoke-genelab/node/OSD-207-b85a532693b63036252b8f9e7c546d9f,asRNA:CR44962,http://purl.obolibrary.org/obo/NCBITaxon_7227,http://www.ncbi.nlm.nih.gov/gene/19836135,1.01828,0.0321823,OSD-207
https://purl.org/okn/frink/kg/spoke-genelab/node/OSD-207-b85a532693b63036252b8f9e7c546d9f,Ssk,http://purl.obolibrary.org/obo/NCBITaxon_7227,http://www.ncbi.nlm.nih.gov/gene/40207,-1.25622,0.00959828,OSD-207
https://purl.org/okn/frink/kg/spoke-genelab/node/OSD-207-b85a532693b63036252b8f9e7c546d9f,TTLL3B,http://purl.obolibrary.org/obo/NCBITaxon_7227,http://www.ncbi.nlm.nih.gov/gene/33946,-2.61559,0.0016854,OSD-207
https://purl.org/okn/frink/kg/spoke-genelab/node/OSD-207-b85a532693b63036252b8f9e7c546d9f,slam,http://purl.obolibrary.org/obo/NCBITaxon_7227,http://www.ncbi.nlm.nih.gov/gene/33890,1.24534,0.0312148,OSD-207
https://purl.org/okn/frink/kg/spoke-genelab/node/OSD-207-b85a532693b63036252b8f9e7c546d9f,asRNA:CR43425,http://purl.obolibrary.org/obo/NCBITaxon_7227,http://www.ncbi.nlm.nih.gov/gene/12798288,-1.54925,0.00072321,OSD-207
https://purl.org/okn/frink/kg/spoke-genelab/node/OSD-207-b85a532693b63036252b8f9e7c546d9f,daw,http://purl.obolibrary.org/obo/NCBITaxon_7227,http://www.ncbi.nlm.nih.gov/gene/33474,1.26453,0.00244166,OSD-207
https://purl.org/okn/frink/kg/spoke-genelab/node/OSD-207-b85a532693b63036252b8f9e7c546d9f,Nse1,http://purl.obolibrary.org/obo/NCBITaxon_7227,http://www.ncbi.nlm.nih.gov/gene/33938,1.40312,0.00612526,OSD-207
https://purl.org/okn/frink/kg/spoke-genelab/node/OSD-207-b85a532693b63036252b8f9e7c546d9f,PGRP-SD,http://purl.obolibrary.org/obo/NCBITaxon_7227,http://www.ncbi.nlm.nih.gov/gene/38858,2.10035,3.21921e-05,OSD-207
https://purl.org/okn/frink/kg/spoke-genelab/node/OSD-207-b85a532693b63036252b8f9e7c546d9f,lncRNA:CR43452,http://purl.obolibrary.org/obo/NCBITaxon_7227,http://www.ncbi.nlm.nih.gov/gene/12798494,-5.7597,4.29373e-10,OSD-207
https://purl.org/okn/frink/kg/spoke-genelab/node/OSD-207-b85a532693b63036252b8f9e7c546d9f,sha,http://purl.obolibrary.org/obo/NCBITaxon_7227,http://www.ncbi.nlm.nih.gov/gene/36213,-3.01,0.0273232,OSD-207
https://purl.org/okn/frink/kg/spoke-genelab/node/OSD-207-b85a532693b63036252b8f9e7c546d9f,CG8028,http://purl.obolibrary.org/obo/NCBITaxon_7227,http://www.ncbi.nlm.nih.gov/gene/32923,-3.06816,0.0301297,OSD-207
https://purl.org/okn/frink/kg/spoke-genelab/node/OSD-207-b85a532693b63036252b8f9e7c546d9f,CG13676,http://purl.obolibrary.org/obo/NCBITaxon_7227,http://www.ncbi.nlm.nih.gov/gene/38906,-6.56851,1.79649e-12,OSD-207
https://purl.org/okn/frink/kg/spoke-genelab/node/OSD-207-b85a532693b63036252b8f9e7c546d9f,Uhg1,http://purl.obolibrary.org/obo/NCBITaxon_7227,http://www.ncbi.nlm.nih.gov/gene/3772106,1.30303,0.000608528,OSD-207
https://purl.org/okn/frink/kg/spoke-genelab/node/OSD-207-b85a532693b63036252b8f9e7c546d9f,Dro,http://purl.obolibrary.org/obo/NCBITaxon_7227,http://www.ncbi.nlm.nih.gov/gene/36635,5.10668,1.46159e-08,OSD-207
https://purl.org/okn/frink/kg/spoke-genelab/node/OSD-207-b85a532693b63036252b8f9e7c546d9f,lncRNA:CR45668,http://purl.obolibrary.org/obo/NCBITaxon_7227,http://www.ncbi.nlm.nih.gov/gene/19835358,-1.34948,0.0037075,OSD-207
https://purl.org/okn/frink/kg/spoke-genelab/node/OSD-207-b85a532693b63036252b8f9e7c546d9f,CG34215,http://purl.obolibrary.org/obo/NCBITaxon_7227,http://www.ncbi.nlm.nih.gov/gene/5740170,4.18967,2.47307e-34,OSD-207
https://purl.org/okn/frink/kg/spoke-genelab/node/OSD-207-b85a532693b63036252b8f9e7c546d9f,CG13965,http://purl.obolibrary.org/obo/NCBITaxon_7227,http://www.ncbi.nlm.nih.gov/gene/35280,1.65424,0.0215609,OSD-207
https://purl.org/okn/frink/kg/spoke-genelab/node/OSD-207-b85a532693b63036252b8f9e7c546d9f,CG17450|CG32819|CG32820,http://purl.obolibrary.org/obo/NCBITaxon_7227,http://www.ncbi.nlm.nih.gov/gene/49952,1.27465,0.0102912,OSD-207
https://purl.org/okn/frink/kg/spoke-genelab/node/OSD-207-b85a532693b63036252b8f9e7c546d9f,CG15767,http://purl.obolibrary.org/obo/NCBITaxon_7227,http://www.ncbi.nlm.nih.gov/gene/31508,-4.05156,0.0181814,OSD-207
https://purl.org/okn/frink/kg/spoke-genelab/node/OSD-207-b85a532693b63036252b8f9e7c546d9f,Hayan,http://purl.obolibrary.org/obo/NCBITaxon_7227,http://www.ncbi.nlm.nih.gov/gene/32831,2.26629,8.71468e-07,OSD-207
https://purl.org/okn/frink/kg/spoke-genelab/node/OSD-207-b85a532693b63036252b8f9e7c546d9f,CG33914,http://purl.obolibrary.org/obo/NCBITaxon_7227,http://www.ncbi.nlm.nih.gov/gene/3772464,-1.02917,0.0092319,OSD-207
https://purl.org/okn/frink/kg/spoke-genelab/node/OSD-207-b85a532693b63036252b8f9e7c546d9f,CG5028,http://purl.obolibrary.org/obo/NCBITaxon_7227,http://www.ncbi.nlm.nih.gov/gene/43102,-1.094,6.63542e-14,OSD-207
https://purl.org/okn/frink/kg/spoke-genelab/node/OSD-207-b85a532693b63036252b8f9e7c546d9f,asRNA:CR43426,http://purl.obolibrary.org/obo/NCBITaxon_7227,http://www.ncbi.nlm.nih.gov/gene/12798470,-1.18963,0.00214998,OSD-207
https://purl.org/okn/frink/kg/spoke-genelab/node/OSD-207-b85a532693b63036252b8f9e7c546d9f,Cpr97Ea,http://purl.obolibrary.org/obo/NCBITaxon_7227,http://www.ncbi.nlm.nih.gov/gene/43258,-11.291,3.49388e-12,OSD-207
https://purl.org/okn/frink/kg/spoke-genelab/node/OSD-207-b85a532693b63036252b8f9e7c546d9f,Cpr97Eb,http://purl.obolibrary.org/obo/NCBITaxon_7227,http://www.ncbi.nlm.nih.gov/gene/43259,-6.78592,1.34008e-12,OSD-207
https://purl.org/okn/frink/kg/spoke-genelab/node/OSD-207-b85a532693b63036252b8f9e7c546d9f,asRNA:CR44891,http://purl.obolibrary.org/obo/NCBITaxon_7227,http://www.ncbi.nlm.nih.gov/gene/19836009,2.09673,0.0298189,OSD-207
https://purl.org/okn/frink/kg/spoke-genelab/node/OSD-207-b85a532693b63036252b8f9e7c546d9f,CG13618,http://purl.obolibrary.org/obo/NCBITaxon_7227,http://www.ncbi.nlm.nih.gov/gene/42924,1.0868,0.00377014,OSD-207
https://purl.org/okn/frink/kg/spoke-genelab/node/OSD-207-b85a532693b63036252b8f9e7c546d9f,CG30340,http://purl.obolibrary.org/obo/NCBITaxon_7227,http://www.ncbi.nlm.nih.gov/gene/246550,-2.61686,0.027801,OSD-207
https://purl.org/okn/frink/kg/spoke-genelab/node/OSD-207-b85a532693b63036252b8f9e7c546d9f,IM14,http://purl.obolibrary.org/obo/NCBITaxon_7227,http://www.ncbi.nlm.nih.gov/gene/3885603,1.77691,0.0230993,OSD-207
https://purl.org/okn/frink/kg/spoke-genelab/node/OSD-207-b85a532693b63036252b8f9e7c546d9f,asRNA:CR44850,http://purl.obolibrary.org/obo/NCBITaxon_7227,http://www.ncbi.nlm.nih.gov/gene/19836238,-3.10155,0.0218736,OSD-207
https://purl.org/okn/frink/kg/spoke-genelab/node/OSD-207-b85a532693b63036252b8f9e7c546d9f,Mip,http://purl.obolibrary.org/obo/NCBITaxon_7227,http://www.ncbi.nlm.nih.gov/gene/39933,1.53864,5.39946e-14,OSD-207
https://purl.org/okn/frink/kg/spoke-genelab/node/OSD-207-b85a532693b63036252b8f9e7c546d9f,reb,http://purl.obolibrary.org/obo/NCBITaxon_7227,http://www.ncbi.nlm.nih.gov/gene/36275,-4.59312,6.50577e-09,OSD-207
https://purl.org/okn/frink/kg/spoke-genelab/node/OSD-207-b85a532693b63036252b8f9e7c546d9f,Rcd7,http://purl.obolibrary.org/obo/NCBITaxon_7227,http://www.ncbi.nlm.nih.gov/gene/40126,-1.3569,9.47488e-05,OSD-207
https://purl.org/okn/frink/kg/spoke-genelab/node/OSD-207-b85a532693b63036252b8f9e7c546d9f,Gr64e,http://purl.obolibrary.org/obo/NCBITaxon_7227,http://www.ncbi.nlm.nih.gov/gene/3771916,-1.27102,0.0040134,OSD-207
https://purl.org/okn/frink/kg/spoke-genelab/node/OSD-207-b85a532693b63036252b8f9e7c546d9f,IM18,http://purl.obolibrary.org/obo/NCBITaxon_7227,http://www.ncbi.nlm.nih.gov/gene/3772138,7.10143,2.13191e-09,OSD-207
https://purl.org/okn/frink/kg/spoke-genelab/node/OSD-207-b85a532693b63036252b8f9e7c546d9f,CG17450|CG32819|CG32820,http://purl.obolibrary.org/obo/NCBITaxon_7227,http://www.ncbi.nlm.nih.gov/gene/318227,1.27465,0.0102912,OSD-207
https://purl.org/okn/frink/kg/spoke-genelab/node/OSD-207-b85a532693b63036252b8f9e7c546d9f,CG17450|CG32819|CG32820,http://purl.obolibrary.org/obo/NCBITaxon_7227,http://www.ncbi.nlm.nih.gov/gene/318228,1.27465,0.0102912,OSD-207
https://purl.org/okn/frink/kg/spoke-genelab/node/OSD-207-b85a532693b63036252b8f9e7c546d9f,Grd,http://purl.obolibrary.org/obo/NCBITaxon_7227,http://www.ncbi.nlm.nih.gov/gene/39984,-1.49101,3.92508e-10,OSD-207
https://purl.org/okn/frink/kg/spoke-genelab/node/OSD-207-b85a532693b63036252b8f9e7c546d9f,CG13038,http://purl.obolibrary.org/obo/NCBITaxon_7227,http://www.ncbi.nlm.nih.gov/gene/50268,-8.50284,6.00405e-07,OSD-207
https://purl.org/okn/frink/kg/spoke-genelab/node/OSD-207-b85a532693b63036252b8f9e7c546d9f,lncRNA:CR42715,http://purl.obolibrary.org/obo/NCBITaxon_7227,http://www.ncbi.nlm.nih.gov/gene/26067095,2.00349,0.0227533,OSD-207
https://purl.org/okn/frink/kg/spoke-genelab/node/OSD-207-b85a532693b63036252b8f9e7c546d9f,Sgs1,http://purl.obolibrary.org/obo/NCBITaxon_7227,http://www.ncbi.nlm.nih.gov/gene/33701,-2.79808,0.0001321,OSD-207
https://purl.org/okn/frink/kg/spoke-genelab/node/OSD-207-b85a532693b63036252b8f9e7c546d9f,CG12643,http://purl.obolibrary.org/obo/NCBITaxon_7227,http://www.ncbi.nlm.nih.gov/gene/50416,-2.38305,5.02365e-05,OSD-207
https://purl.org/okn/frink/kg/spoke-genelab/node/OSD-207-b85a532693b63036252b8f9e7c546d9f,ckd,http://purl.obolibrary.org/obo/NCBITaxon_7227,http://www.ncbi.nlm.nih.gov/gene/38402,-2.66357,0.000228591,OSD-207
https://purl.org/okn/frink/kg/spoke-genelab/node/OSD-207-b85a532693b63036252b8f9e7c546d9f,Idgf1,http://purl.obolibrary.org/obo/NCBITaxon_7227,http://www.ncbi.nlm.nih.gov/gene/34978,1.72033,5.36626e-06,OSD-207
https://purl.org/okn/frink/kg/spoke-genelab/node/OSD-207-b85a532693b63036252b8f9e7c546d9f,lncRNA:CR42874,http://purl.obolibrary.org/obo/NCBITaxon_7227,http://www.ncbi.nlm.nih.gov/gene/10178915,-1.68249,5.22111e-05,OSD-207
https://purl.org/okn/frink/kg/spoke-genelab/node/OSD-207-b85a532693b63036252b8f9e7c546d9f,CG43071,http://purl.obolibrary.org/obo/NCBITaxon_7227,http://www.ncbi.nlm.nih.gov/gene/12798340,2.58953,5.23215e-07,OSD-207
https://purl.org/okn/frink/kg/spoke-genelab/node/OSD-207-b85a532693b63036252b8f9e7c546d9f,CG4374,http://purl.obolibrary.org/obo/NCBITaxon_7227,http://www.ncbi.nlm.nih.gov/gene/42767,-2.75839,4.25823e-09,OSD-207
https://purl.org/okn/frink/kg/spoke-genelab/node/OSD-207-b85a532693b63036252b8f9e7c546d9f,Uhg8,http://purl.obolibrary.org/obo/NCBITaxon_7227,http://www.ncbi.nlm.nih.gov/gene/8674065,1.10397,0.010261,OSD-207
https://purl.org/okn/frink/kg/spoke-genelab/node/OSD-207-b85a532693b63036252b8f9e7c546d9f,CG34375,http://purl.obolibrary.org/obo/NCBITaxon_7227,http://www.ncbi.nlm.nih.gov/gene/42715,-2.26839,1.59623e-06,OSD-207
https://purl.org/okn/frink/kg/spoke-genelab/node/OSD-207-b85a532693b63036252b8f9e7c546d9f,Obp56d,http://purl.obolibrary.org/obo/NCBITaxon_7227,http://www.ncbi.nlm.nih.gov/gene/37266,1.28603,1.36666e-05,OSD-207
https://purl.org/okn/frink/kg/spoke-genelab/node/OSD-207-b85a532693b63036252b8f9e7c546d9f,MP1,http://purl.obolibrary.org/obo/NCBITaxon_7227,http://www.ncbi.nlm.nih.gov/gene/40541,1.22405,3.16619e-06,OSD-207
https://purl.org/okn/frink/kg/spoke-genelab/node/OSD-207-b85a532693b63036252b8f9e7c546d9f,CG7031,http://purl.obolibrary.org/obo/NCBITaxon_7227,http://www.ncbi.nlm.nih.gov/gene/42704,-9.11782,1.20804e-06,OSD-207
https://purl.org/okn/frink/kg/spoke-genelab/node/OSD-207-b85a532693b63036252b8f9e7c546d9f,Cpr56F,http://purl.obolibrary.org/obo/NCBITaxon_7227,http://www.ncbi.nlm.nih.gov/gene/37299,-6.99628,6.16116e-05,OSD-207
https://purl.org/okn/frink/kg/spoke-genelab/node/OSD-207-b85a532693b63036252b8f9e7c546d9f,CG14591,http://purl.obolibrary.org/obo/NCBITaxon_7227,http://www.ncbi.nlm.nih.gov/gene/35531,-1.15693,1.5041e-09,OSD-207
https://purl.org/okn/frink/kg/spoke-genelab/node/OSD-207-b85a532693b63036252b8f9e7c546d9f,CG14544,http://purl.obolibrary.org/obo/NCBITaxon_7227,http://www.ncbi.nlm.nih.gov/gene/43170,1.07435,0.0118161,OSD-207
https://purl.org/okn/frink/kg/spoke-genelab/node/OSD-207-b85a532693b63036252b8f9e7c546d9f,Pvf3,http://purl.obolibrary.org/obo/NCBITaxon_7227,http://www.ncbi.nlm.nih.gov/gene/33995,-1.27753,8.50861e-11,OSD-207
https://purl.org/okn/frink/kg/spoke-genelab/node/OSD-207-b85a532693b63036252b8f9e7c546d9f,CG7135,http://purl.obolibrary.org/obo/NCBITaxon_7227,http://www.ncbi.nlm.nih.gov/gene/32793,-1.11975,0.0185191,OSD-207
https://purl.org/okn/frink/kg/spoke-genelab/node/OSD-207-b85a532693b63036252b8f9e7c546d9f,CG12896,http://purl.obolibrary.org/obo/NCBITaxon_7227,http://www.ncbi.nlm.nih.gov/gene/36101,2.35176,4.14785e-05,OSD-207
https://purl.org/okn/frink/kg/spoke-genelab/node/OSD-207-b85a532693b63036252b8f9e7c546d9f,CG18641,http://purl.obolibrary.org/obo/NCBITaxon_7227,http://www.ncbi.nlm.nih.gov/gene/33429,-4.84257,2.41174e-11,OSD-207
https://purl.org/okn/frink/kg/spoke-genelab/node/OSD-207-b85a532693b63036252b8f9e7c546d9f,CG34148,http://purl.obolibrary.org/obo/NCBITaxon_7227,http://www.ncbi.nlm.nih.gov/gene/326250,1.45267,0.0186981,OSD-207
https://purl.org/okn/frink/kg/spoke-genelab/node/OSD-207-b85a532693b63036252b8f9e7c546d9f,l(2)efl,http://purl.obolibrary.org/obo/NCBITaxon_7227,http://www.ncbi.nlm.nih.gov/gene/37744,-1.41594,8.34047e-05,OSD-207
https://purl.org/okn/frink/kg/spoke-genelab/node/OSD-207-b85a532693b63036252b8f9e7c546d9f,Nop56,http://purl.obolibrary.org/obo/NCBITaxon_7227,http://www.ncbi.nlm.nih.gov/gene/42633,1.00115,0.00201097,OSD-207
https://purl.org/okn/frink/kg/spoke-genelab/node/OSD-207-b85a532693b63036252b8f9e7c546d9f,Nph,http://purl.obolibrary.org/obo/NCBITaxon_7227,http://www.ncbi.nlm.nih.gov/gene/43559,1.10929,4.25601e-07,OSD-207
https://purl.org/okn/frink/kg/spoke-genelab/node/OSD-207-b85a532693b63036252b8f9e7c546d9f,spz3,http://purl.obolibrary.org/obo/NCBITaxon_7227,http://www.ncbi.nlm.nih.gov/gene/34077,-1.89696,6.25186e-06,OSD-207
https://purl.org/okn/frink/kg/spoke-genelab/node/OSD-207-b85a532693b63036252b8f9e7c546d9f,yellow-f,http://purl.obolibrary.org/obo/NCBITaxon_7227,http://www.ncbi.nlm.nih.gov/gene/41595,1.22063,0.00222667,OSD-207
https://purl.org/okn/frink/kg/spoke-genelab/node/OSD-207-b85a532693b63036252b8f9e7c546d9f,lncRNA:CR45471,http://purl.obolibrary.org/obo/NCBITaxon_7227,http://www.ncbi.nlm.nih.gov/gene/19834754,-1.56037,0.000129506,OSD-207
https://purl.org/okn/frink/kg/spoke-genelab/node/OSD-207-b85a532693b63036252b8f9e7c546d9f,DptB,http://purl.obolibrary.org/obo/NCBITaxon_7227,http://www.ncbi.nlm.nih.gov/gene/37184,5.44062,1.54627e-07,OSD-207
https://purl.org/okn/frink/kg/spoke-genelab/node/OSD-207-b85a532693b63036252b8f9e7c546d9f,Tpi,http://purl.obolibrary.org/obo/NCBITaxon_7227,http://www.ncbi.nlm.nih.gov/gene/43582,-1.05777,1.52762e-09,OSD-207
https://purl.org/okn/frink/kg/spoke-genelab/node/OSD-207-b85a532693b63036252b8f9e7c546d9f,CG17298,http://purl.obolibrary.org/obo/NCBITaxon_7227,http://www.ncbi.nlm.nih.gov/gene/42529,-10.836,4.6894e-05,OSD-207
https://purl.org/okn/frink/kg/spoke-genelab/node/OSD-207-b85a532693b63036252b8f9e7c546d9f,CG16743,http://purl.obolibrary.org/obo/NCBITaxon_7227,http://www.ncbi.nlm.nih.gov/gene/34517,1.4067,2.12977e-05,OSD-207
https://purl.org/okn/frink/kg/spoke-genelab/node/OSD-207-b85a532693b63036252b8f9e7c546d9f,CG4335,http://purl.obolibrary.org/obo/NCBITaxon_7227,http://www.ncbi.nlm.nih.gov/gene/42421,1.48827,2.41296e-06,OSD-207
https://purl.org/okn/frink/kg/spoke-genelab/node/OSD-207-b85a532693b63036252b8f9e7c546d9f,CG43402,http://purl.obolibrary.org/obo/NCBITaxon_7227,http://www.ncbi.nlm.nih.gov/gene/12797876,1.70628,9.09836e-05,OSD-207
https://purl.org/okn/frink/kg/spoke-genelab/node/OSD-207-b85a532693b63036252b8f9e7c546d9f,Tm2,http://purl.obolibrary.org/obo/NCBITaxon_7227,http://www.ncbi.nlm.nih.gov/gene/41853,-2.5369,1.31714e-12,OSD-207
https://purl.org/okn/frink/kg/spoke-genelab/node/OSD-207-b85a532693b63036252b8f9e7c546d9f,nerfin-1,http://purl.obolibrary.org/obo/NCBITaxon_7227,http://www.ncbi.nlm.nih.gov/gene/44786,2.18861,0.00297181,OSD-207
https://purl.org/okn/frink/kg/spoke-genelab/node/OSD-207-b85a532693b63036252b8f9e7c546d9f,CG44014,http://purl.obolibrary.org/obo/NCBITaxon_7227,http://www.ncbi.nlm.nih.gov/gene/41893,1.46437,0.000416937,OSD-207
https://purl.org/okn/frink/kg/spoke-genelab/node/OSD-207-b85a532693b63036252b8f9e7c546d9f,asp,http://purl.obolibrary.org/obo/NCBITaxon_7227,http://www.ncbi.nlm.nih.gov/gene/42946,-1.94231,0.0109214,OSD-207
https://purl.org/okn/frink/kg/spoke-genelab/node/OSD-207-b85a532693b63036252b8f9e7c546d9f,Hsc70-1,http://purl.obolibrary.org/obo/NCBITaxon_7227,http://www.ncbi.nlm.nih.gov/gene/39542,-1.04494,1.39151e-08,OSD-207
https://purl.org/okn/frink/kg/spoke-genelab/node/OSD-207-b85a532693b63036252b8f9e7c546d9f,CG4459,http://purl.obolibrary.org/obo/NCBITaxon_7227,http://www.ncbi.nlm.nih.gov/gene/42377,-1.69151,0.000478222,OSD-207
https://purl.org/okn/frink/kg/spoke-genelab/node/OSD-207-b85a532693b63036252b8f9e7c546d9f,AOX2,http://purl.obolibrary.org/obo/NCBITaxon_7227,http://www.ncbi.nlm.nih.gov/gene/41895,-1.00189,0.0368378,OSD-207
https://purl.org/okn/frink/kg/spoke-genelab/node/OSD-207-b85a532693b63036252b8f9e7c546d9f,CG17108,http://purl.obolibrary.org/obo/NCBITaxon_7227,http://www.ncbi.nlm.nih.gov/gene/34471,1.0427,0.00384308,OSD-207
https://purl.org/okn/frink/kg/spoke-genelab/node/OSD-207-b85a532693b63036252b8f9e7c546d9f,Pglym78,http://purl.obolibrary.org/obo/NCBITaxon_7227,http://www.ncbi.nlm.nih.gov/gene/43447,-1.01011,3.79176e-06,OSD-207
https://purl.org/okn/frink/kg/spoke-genelab/node/OSD-207-b85a532693b63036252b8f9e7c546d9f,Gr77a,http://purl.obolibrary.org/obo/NCBITaxon_7227,http://www.ncbi.nlm.nih.gov/gene/117476,-2.71249,0.023623,OSD-207
https://purl.org/okn/frink/kg/spoke-genelab/node/OSD-207-b85a532693b63036252b8f9e7c546d9f,CR31427,http://purl.obolibrary.org/obo/NCBITaxon_7227,http://www.ncbi.nlm.nih.gov/gene/43464,2.66156,1.21984e-07,OSD-207
https://purl.org/okn/frink/kg/spoke-genelab/node/OSD-207-b85a532693b63036252b8f9e7c546d9f,ND-B17.2,http://purl.obolibrary.org/obo/NCBITaxon_7227,http://www.ncbi.nlm.nih.gov/gene/33443,-1.07789,1.26864e-11,OSD-207
https://purl.org/okn/frink/kg/spoke-genelab/node/OSD-207-b85a532693b63036252b8f9e7c546d9f,rho-6,http://purl.obolibrary.org/obo/NCBITaxon_7227,http://www.ncbi.nlm.nih.gov/gene/34640,-1.25679,0.0260681,OSD-207
https://purl.org/okn/frink/kg/spoke-genelab/node/OSD-207-b85a532693b63036252b8f9e7c546d9f,blw,http://purl.obolibrary.org/obo/NCBITaxon_7227,http://www.ncbi.nlm.nih.gov/gene/37617,-1.5349,1.77845e-11,OSD-207
https://purl.org/okn/frink/kg/spoke-genelab/node/OSD-207-b85a532693b63036252b8f9e7c546d9f,GlyS,http://purl.obolibrary.org/obo/NCBITaxon_7227,http://www.ncbi.nlm.nih.gov/gene/41823,-2.043,1.89621e-08,OSD-207
https://purl.org/okn/frink/kg/spoke-genelab/node/OSD-207-b85a532693b63036252b8f9e7c546d9f,CG6280,http://purl.obolibrary.org/obo/NCBITaxon_7227,http://www.ncbi.nlm.nih.gov/gene/36522,-3.36623,1.60881e-05,OSD-207
https://purl.org/okn/frink/kg/spoke-genelab/node/OSD-207-b85a532693b63036252b8f9e7c546d9f,CG14280,http://purl.obolibrary.org/obo/NCBITaxon_7227,http://www.ncbi.nlm.nih.gov/gene/42312,-1.88393,0.00449316,OSD-207
https://purl.org/okn/frink/kg/spoke-genelab/node/OSD-207-b85a532693b63036252b8f9e7c546d9f,Ugt35E2,http://purl.obolibrary.org/obo/NCBITaxon_7227,http://www.ncbi.nlm.nih.gov/gene/53506,-1.28851,8.9997e-05,OSD-207
https://purl.org/okn/frink/kg/spoke-genelab/node/OSD-207-b85a532693b63036252b8f9e7c546d9f,Mhc,http://purl.obolibrary.org/obo/NCBITaxon_7227,http://www.ncbi.nlm.nih.gov/gene/35007,-2.93999,4.65371e-11,OSD-207
https://purl.org/okn/frink/kg/spoke-genelab/node/OSD-207-b85a532693b63036252b8f9e7c546d9f,CG14062,http://purl.obolibrary.org/obo/NCBITaxon_7227,http://www.ncbi.nlm.nih.gov/gene/43389,-5.02694,0.00163379,OSD-207
https://purl.org/okn/frink/kg/spoke-genelab/node/OSD-207-b85a532693b63036252b8f9e7c546d9f,E(spl)m2-BFM,http://purl.obolibrary.org/obo/NCBITaxon_7227,http://www.ncbi.nlm.nih.gov/gene/43155,-1.28642,0.00526467,OSD-207
https://purl.org/okn/frink/kg/spoke-genelab/node/OSD-207-b85a532693b63036252b8f9e7c546d9f,HmgD,http://purl.obolibrary.org/obo/NCBITaxon_7227,http://www.ncbi.nlm.nih.gov/gene/37481,1.191,5.55426e-16,OSD-207
https://purl.org/okn/frink/kg/spoke-genelab/node/OSD-207-b85a532693b63036252b8f9e7c546d9f,ACXD,http://purl.obolibrary.org/obo/NCBITaxon_7227,http://www.ncbi.nlm.nih.gov/gene/38284,1.20478,8.31412e-11,OSD-207
https://purl.org/okn/frink/kg/spoke-genelab/node/OSD-207-b85a532693b63036252b8f9e7c546d9f,CG3270,http://purl.obolibrary.org/obo/NCBITaxon_7227,http://www.ncbi.nlm.nih.gov/gene/35575,-2.02836,3.07171e-13,OSD-207
https://purl.org/okn/frink/kg/spoke-genelab/node/OSD-207-b85a532693b63036252b8f9e7c546d9f,ItgaPS4,http://purl.obolibrary.org/obo/NCBITaxon_7227,http://www.ncbi.nlm.nih.gov/gene/36693,2.44055,0.000800104,OSD-207
https://purl.org/okn/frink/kg/spoke-genelab/node/OSD-207-b85a532693b63036252b8f9e7c546d9f,slf,http://purl.obolibrary.org/obo/NCBITaxon_7227,http://www.ncbi.nlm.nih.gov/gene/33678,-1.41135,2.1605e-06,OSD-207
https://purl.org/okn/frink/kg/spoke-genelab/node/OSD-207-b85a532693b63036252b8f9e7c546d9f,Hr4,http://purl.obolibrary.org/obo/NCBITaxon_7227,http://www.ncbi.nlm.nih.gov/gene/31162,-2.30008,0.000749756,OSD-207
https://purl.org/okn/frink/kg/spoke-genelab/node/OSD-207-b85a532693b63036252b8f9e7c546d9f,CG43897,http://purl.obolibrary.org/obo/NCBITaxon_7227,http://www.ncbi.nlm.nih.gov/gene/39153,-1.27279,9.96291e-13,OSD-207
https://purl.org/okn/frink/kg/spoke-genelab/node/OSD-207-b85a532693b63036252b8f9e7c546d9f,aurA,http://purl.obolibrary.org/obo/NCBITaxon_7227,http://www.ncbi.nlm.nih.gov/gene/41446,1.82923,1.30471e-06,OSD-207
https://purl.org/okn/frink/kg/spoke-genelab/node/OSD-207-b85a532693b63036252b8f9e7c546d9f,MtnB,http://purl.obolibrary.org/obo/NCBITaxon_7227,http://www.ncbi.nlm.nih.gov/gene/42424,2.08385,9.89391e-05,OSD-207
https://purl.org/okn/frink/kg/spoke-genelab/node/OSD-207-b85a532693b63036252b8f9e7c546d9f,TotX,http://purl.obolibrary.org/obo/NCBITaxon_7227,http://www.ncbi.nlm.nih.gov/gene/117460,2.22193,0.00526072,OSD-207
https://purl.org/okn/frink/kg/spoke-genelab/node/OSD-207-b85a532693b63036252b8f9e7c546d9f,amd,http://purl.obolibrary.org/obo/NCBITaxon_7227,http://www.ncbi.nlm.nih.gov/gene/35188,-1.16984,0.0061711,OSD-207
https://purl.org/okn/frink/kg/spoke-genelab/node/OSD-207-b85a532693b63036252b8f9e7c546d9f,Inx2,http://purl.obolibrary.org/obo/NCBITaxon_7227,http://www.ncbi.nlm.nih.gov/gene/31646,-1.28261,2.07655e-08,OSD-207
https://purl.org/okn/frink/kg/spoke-genelab/node/OSD-207-b85a532693b63036252b8f9e7c546d9f,Tsp42Ei,http://purl.obolibrary.org/obo/NCBITaxon_7227,http://www.ncbi.nlm.nih.gov/gene/35618,1.08015,5.04092e-08,OSD-207
https://purl.org/okn/frink/kg/spoke-genelab/node/OSD-207-b85a532693b63036252b8f9e7c546d9f,CG45076,http://purl.obolibrary.org/obo/NCBITaxon_7227,http://www.ncbi.nlm.nih.gov/gene/19834760,-1.03022,8.20672e-05,OSD-207
https://purl.org/okn/frink/kg/spoke-genelab/node/OSD-207-b85a532693b63036252b8f9e7c546d9f,Had1,http://purl.obolibrary.org/obo/NCBITaxon_7227,http://www.ncbi.nlm.nih.gov/gene/32592,-1.29017,0.0366877,OSD-207
https://purl.org/okn/frink/kg/spoke-genelab/node/OSD-207-b85a532693b63036252b8f9e7c546d9f,CG44008,http://purl.obolibrary.org/obo/NCBITaxon_7227,http://www.ncbi.nlm.nih.gov/gene/14462750,1.70606,2.85233e-06,OSD-207
https://purl.org/okn/frink/kg/spoke-genelab/node/OSD-207-b85a532693b63036252b8f9e7c546d9f,Cp38,http://purl.obolibrary.org/obo/NCBITaxon_7227,http://www.ncbi.nlm.nih.gov/gene/31788,6.2161,0.00648174,OSD-207
https://purl.org/okn/frink/kg/spoke-genelab/node/OSD-207-b85a532693b63036252b8f9e7c546d9f,CG8192,http://purl.obolibrary.org/obo/NCBITaxon_7227,http://www.ncbi.nlm.nih.gov/gene/36723,-2.86384,8.9997e-05,OSD-207
https://purl.org/okn/frink/kg/spoke-genelab/node/OSD-207-b85a532693b63036252b8f9e7c546d9f,UQCR-11,http://purl.obolibrary.org/obo/NCBITaxon_7227,http://www.ncbi.nlm.nih.gov/gene/5740185,-1.22555,3.30067e-09,OSD-207
https://purl.org/okn/frink/kg/spoke-genelab/node/OSD-207-b85a532693b63036252b8f9e7c546d9f,CG42694,http://purl.obolibrary.org/obo/NCBITaxon_7227,http://www.ncbi.nlm.nih.gov/gene/10178792,1.26928,6.07341e-05,OSD-207
https://purl.org/okn/frink/kg/spoke-genelab/node/OSD-207-b85a532693b63036252b8f9e7c546d9f,CG8157,http://purl.obolibrary.org/obo/NCBITaxon_7227,http://www.ncbi.nlm.nih.gov/gene/36700,2.04299,9.94981e-08,OSD-207
https://purl.org/okn/frink/kg/spoke-genelab/node/OSD-207-b85a532693b63036252b8f9e7c546d9f,lncRNA:CR43126,http://purl.obolibrary.org/obo/NCBITaxon_7227,http://www.ncbi.nlm.nih.gov/gene/12798284,-1.10212,1.48893e-06,OSD-207
https://purl.org/okn/frink/kg/spoke-genelab/node/OSD-207-b85a532693b63036252b8f9e7c546d9f,CG30287,http://purl.obolibrary.org/obo/NCBITaxon_7227,http://www.ncbi.nlm.nih.gov/gene/246530,4.8189,2.28599e-09,OSD-207
https://purl.org/okn/frink/kg/spoke-genelab/node/OSD-207-b85a532693b63036252b8f9e7c546d9f,trol,http://purl.obolibrary.org/obo/NCBITaxon_7227,http://www.ncbi.nlm.nih.gov/gene/45320,-1.64064,1.57881e-11,OSD-207
https://purl.org/okn/frink/kg/spoke-genelab/node/OSD-207-b85a532693b63036252b8f9e7c546d9f,HHEX,http://purl.obolibrary.org/obo/NCBITaxon_7227,http://www.ncbi.nlm.nih.gov/gene/42495,-1.86639,0.0414851,OSD-207
https://purl.org/okn/frink/kg/spoke-genelab/node/OSD-207-b85a532693b63036252b8f9e7c546d9f,Ir75a,http://purl.obolibrary.org/obo/NCBITaxon_7227,http://www.ncbi.nlm.nih.gov/gene/39982,1.47092,0.000189499,OSD-207
https://purl.org/okn/frink/kg/spoke-genelab/node/OSD-207-b85a532693b63036252b8f9e7c546d9f,SmydA-2,http://purl.obolibrary.org/obo/NCBITaxon_7227,http://www.ncbi.nlm.nih.gov/gene/40075,-2.36125,3.07943e-08,OSD-207
https://purl.org/okn/frink/kg/spoke-genelab/node/OSD-207-b85a532693b63036252b8f9e7c546d9f,CG17211,http://purl.obolibrary.org/obo/NCBITaxon_7227,http://www.ncbi.nlm.nih.gov/gene/34639,-1.3812,7.12014e-06,OSD-207
https://purl.org/okn/frink/kg/spoke-genelab/node/OSD-207-b85a532693b63036252b8f9e7c546d9f,Cpr49Ag,http://purl.obolibrary.org/obo/NCBITaxon_7227,http://www.ncbi.nlm.nih.gov/gene/36353,-2.85827,4.66454e-06,OSD-207
https://purl.org/okn/frink/kg/spoke-genelab/node/OSD-207-b85a532693b63036252b8f9e7c546d9f,CG6329,http://purl.obolibrary.org/obo/NCBITaxon_7227,http://www.ncbi.nlm.nih.gov/gene/36529,-1.8723,3.70458e-14,OSD-207
https://purl.org/okn/frink/kg/spoke-genelab/node/OSD-207-b85a532693b63036252b8f9e7c546d9f,Sb,http://purl.obolibrary.org/obo/NCBITaxon_7227,http://www.ncbi.nlm.nih.gov/gene/41958,-2.05836,4.50411e-06,OSD-207
https://purl.org/okn/frink/kg/spoke-genelab/node/OSD-207-b85a532693b63036252b8f9e7c546d9f,Syngr,http://purl.obolibrary.org/obo/NCBITaxon_7227,http://www.ncbi.nlm.nih.gov/gene/36533,-1.13856,1.32253e-14,OSD-207
https://purl.org/okn/frink/kg/spoke-genelab/node/OSD-207-b85a532693b63036252b8f9e7c546d9f,CG14797,http://purl.obolibrary.org/obo/NCBITaxon_7227,http://www.ncbi.nlm.nih.gov/gene/31123,-2.80416,0.00137144,OSD-207
https://purl.org/okn/frink/kg/spoke-genelab/node/OSD-207-b85a532693b63036252b8f9e7c546d9f,CG14050,http://purl.obolibrary.org/obo/NCBITaxon_7227,http://www.ncbi.nlm.nih.gov/gene/31218,1.25672,0.0221909,OSD-207
https://purl.org/okn/frink/kg/spoke-genelab/node/OSD-207-b85a532693b63036252b8f9e7c546d9f,CG6701,http://purl.obolibrary.org/obo/NCBITaxon_7227,http://www.ncbi.nlm.nih.gov/gene/36550,1.36142,0.000278961,OSD-207
https://purl.org/okn/frink/kg/spoke-genelab/node/OSD-207-b85a532693b63036252b8f9e7c546d9f,Prm,http://purl.obolibrary.org/obo/NCBITaxon_7227,http://www.ncbi.nlm.nih.gov/gene/39002,-3.19214,8.54705e-11,OSD-207
https://purl.org/okn/frink/kg/spoke-genelab/node/OSD-207-b85a532693b63036252b8f9e7c546d9f,Galphaq,http://purl.obolibrary.org/obo/NCBITaxon_7227,http://www.ncbi.nlm.nih.gov/gene/36384,-1.23994,5.59329e-10,OSD-207
https://purl.org/okn/frink/kg/spoke-genelab/node/OSD-207-b85a532693b63036252b8f9e7c546d9f,Cp36,http://purl.obolibrary.org/obo/NCBITaxon_7227,http://www.ncbi.nlm.nih.gov/gene/31787,4.21585,0.0219548,OSD-207
https://purl.org/okn/frink/kg/spoke-genelab/node/OSD-207-b85a532693b63036252b8f9e7c546d9f,Nna1,http://purl.obolibrary.org/obo/NCBITaxon_7227,http://www.ncbi.nlm.nih.gov/gene/32329,-1.29951,0.00115118,OSD-207
https://purl.org/okn/frink/kg/spoke-genelab/node/OSD-207-b85a532693b63036252b8f9e7c546d9f,Achl,http://purl.obolibrary.org/obo/NCBITaxon_7227,http://www.ncbi.nlm.nih.gov/gene/36605,1.72188,6.3011e-07,OSD-207
https://purl.org/okn/frink/kg/spoke-genelab/node/OSD-207-b85a532693b63036252b8f9e7c546d9f,fs(1)M3,http://purl.obolibrary.org/obo/NCBITaxon_7227,http://www.ncbi.nlm.nih.gov/gene/45994,-1.56818,0.0001012,OSD-207
https://purl.org/okn/frink/kg/spoke-genelab/node/OSD-207-b85a532693b63036252b8f9e7c546d9f,hui,http://purl.obolibrary.org/obo/NCBITaxon_7227,http://www.ncbi.nlm.nih.gov/gene/36648,1.02936,0.00398526,OSD-207
https://purl.org/okn/frink/kg/spoke-genelab/node/OSD-207-b85a532693b63036252b8f9e7c546d9f,CG12868,http://purl.obolibrary.org/obo/NCBITaxon_7227,http://www.ncbi.nlm.nih.gov/gene/36620,1.13149,0.0125708,OSD-207
https://purl.org/okn/frink/kg/spoke-genelab/node/OSD-207-b85a532693b63036252b8f9e7c546d9f,fon,http://purl.obolibrary.org/obo/NCBITaxon_7227,http://www.ncbi.nlm.nih.gov/gene/35211,1.11315,0.000528964,OSD-207
https://purl.org/okn/frink/kg/spoke-genelab/node/OSD-207-b85a532693b63036252b8f9e7c546d9f,ninaE,http://purl.obolibrary.org/obo/NCBITaxon_7227,http://www.ncbi.nlm.nih.gov/gene/42367,1.95275,3.38673e-33,OSD-207
https://purl.org/okn/frink/kg/spoke-genelab/node/OSD-207-b85a532693b63036252b8f9e7c546d9f,Gr8a,http://purl.obolibrary.org/obo/NCBITaxon_7227,http://www.ncbi.nlm.nih.gov/gene/31865,-1.87736,0.0250954,OSD-207
https://purl.org/okn/frink/kg/spoke-genelab/node/OSD-207-b85a532693b63036252b8f9e7c546d9f,lncRNA:CR31044,http://purl.obolibrary.org/obo/NCBITaxon_7227,http://www.ncbi.nlm.nih.gov/gene/10178917,1.98082,0.000454531,OSD-207
https://purl.org/okn/frink/kg/spoke-genelab/node/OSD-207-b85a532693b63036252b8f9e7c546d9f,Dhc62B,http://purl.obolibrary.org/obo/NCBITaxon_7227,http://www.ncbi.nlm.nih.gov/gene/38226,1.65271,0.000133528,OSD-207
https://purl.org/okn/frink/kg/spoke-genelab/node/OSD-207-b85a532693b63036252b8f9e7c546d9f,bdl,http://purl.obolibrary.org/obo/NCBITaxon_7227,http://www.ncbi.nlm.nih.gov/gene/33635,-1.61536,1.90807e-11,OSD-207
https://purl.org/okn/frink/kg/spoke-genelab/node/OSD-207-b85a532693b63036252b8f9e7c546d9f,Cyp6a8,http://purl.obolibrary.org/obo/NCBITaxon_7227,http://www.ncbi.nlm.nih.gov/gene/36666,1.92414,7.25173e-09,OSD-207
https://purl.org/okn/frink/kg/spoke-genelab/node/OSD-207-b85a532693b63036252b8f9e7c546d9f,scaf,http://purl.obolibrary.org/obo/NCBITaxon_7227,http://www.ncbi.nlm.nih.gov/gene/35505,-1.08646,6.78321e-05,OSD-207
https://purl.org/okn/frink/kg/spoke-genelab/node/OSD-207-b85a532693b63036252b8f9e7c546d9f,CG33474,http://purl.obolibrary.org/obo/NCBITaxon_7227,http://www.ncbi.nlm.nih.gov/gene/2768725,1.88241,8.77339e-07,OSD-207
https://purl.org/okn/frink/kg/spoke-genelab/node/OSD-207-b85a532693b63036252b8f9e7c546d9f,CG18302,http://purl.obolibrary.org/obo/NCBITaxon_7227,http://www.ncbi.nlm.nih.gov/gene/34452,-2.9338,6.68729e-06,OSD-207
https://purl.org/okn/frink/kg/spoke-genelab/node/OSD-207-b85a532693b63036252b8f9e7c546d9f,CG15322,http://purl.obolibrary.org/obo/NCBITaxon_7227,http://www.ncbi.nlm.nih.gov/gene/33012,-1.59863,0.0411154,OSD-207
https://purl.org/okn/frink/kg/spoke-genelab/node/OSD-207-b85a532693b63036252b8f9e7c546d9f,CG13639,http://purl.obolibrary.org/obo/NCBITaxon_7227,http://www.ncbi.nlm.nih.gov/gene/12798257,-3.20847,0.000158444,OSD-207
https://purl.org/okn/frink/kg/spoke-genelab/node/OSD-207-b85a532693b63036252b8f9e7c546d9f,Actn,http://purl.obolibrary.org/obo/NCBITaxon_7227,http://www.ncbi.nlm.nih.gov/gene/31166,-2.23844,2.93977e-10,OSD-207
https://purl.org/okn/frink/kg/spoke-genelab/node/OSD-207-b85a532693b63036252b8f9e7c546d9f,tn,http://purl.obolibrary.org/obo/NCBITaxon_7227,http://www.ncbi.nlm.nih.gov/gene/37190,-2.10688,0.000185943,OSD-207
https://purl.org/okn/frink/kg/spoke-genelab/node/OSD-207-b85a532693b63036252b8f9e7c546d9f,CG12374,http://purl.obolibrary.org/obo/NCBITaxon_7227,http://www.ncbi.nlm.nih.gov/gene/36410,-4.24101,0.0357675,OSD-207
https://purl.org/okn/frink/kg/spoke-genelab/node/OSD-207-b85a532693b63036252b8f9e7c546d9f,lncRNA:CR33948,http://purl.obolibrary.org/obo/NCBITaxon_7227,http://www.ncbi.nlm.nih.gov/gene/3772461,-3.46983,0.0461379,OSD-207
https://purl.org/okn/frink/kg/spoke-genelab/node/OSD-207-b85a532693b63036252b8f9e7c546d9f,CG32284,http://purl.obolibrary.org/obo/NCBITaxon_7227,http://www.ncbi.nlm.nih.gov/gene/317956,-1.72826,0.0289469,OSD-207
https://purl.org/okn/frink/kg/spoke-genelab/node/OSD-207-b85a532693b63036252b8f9e7c546d9f,Act88F,http://purl.obolibrary.org/obo/NCBITaxon_7227,http://www.ncbi.nlm.nih.gov/gene/41885,-4.94756,5.92373e-08,OSD-207
https://purl.org/okn/frink/kg/spoke-genelab/node/OSD-207-b85a532693b63036252b8f9e7c546d9f,e,http://purl.obolibrary.org/obo/NCBITaxon_7227,http://www.ncbi.nlm.nih.gov/gene/42521,-1.51967,8.50083e-05,OSD-207
https://purl.org/okn/frink/kg/spoke-genelab/node/OSD-207-b85a532693b63036252b8f9e7c546d9f,CG34247,http://purl.obolibrary.org/obo/NCBITaxon_7227,http://www.ncbi.nlm.nih.gov/gene/5740480,-2.83887,0.0141772,OSD-207
https://purl.org/okn/frink/kg/spoke-genelab/node/OSD-207-b85a532693b63036252b8f9e7c546d9f,naz,http://purl.obolibrary.org/obo/NCBITaxon_7227,http://www.ncbi.nlm.nih.gov/gene/42204,-1.3822,6.08472e-06,OSD-207
https://purl.org/okn/frink/kg/spoke-genelab/node/OSD-207-b85a532693b63036252b8f9e7c546d9f,CG14221,http://purl.obolibrary.org/obo/NCBITaxon_7227,http://www.ncbi.nlm.nih.gov/gene/32961,2.31161,2.28194e-11,OSD-207
https://purl.org/okn/frink/kg/spoke-genelab/node/OSD-207-b85a532693b63036252b8f9e7c546d9f,CG12716,http://purl.obolibrary.org/obo/NCBITaxon_7227,http://www.ncbi.nlm.nih.gov/gene/32248,-1.52144,0.0327495,OSD-207
https://purl.org/okn/frink/kg/spoke-genelab/node/OSD-207-b85a532693b63036252b8f9e7c546d9f,spn-D,http://purl.obolibrary.org/obo/NCBITaxon_7227,http://www.ncbi.nlm.nih.gov/gene/318579,4.35103,0.00377014,OSD-207
https://purl.org/okn/frink/kg/spoke-genelab/node/OSD-207-b85a532693b63036252b8f9e7c546d9f,boss,http://purl.obolibrary.org/obo/NCBITaxon_7227,http://www.ncbi.nlm.nih.gov/gene/43146,-1.05584,3.85157e-07,OSD-207
https://purl.org/okn/frink/kg/spoke-genelab/node/OSD-207-b85a532693b63036252b8f9e7c546d9f,CG13144,http://purl.obolibrary.org/obo/NCBITaxon_7227,http://www.ncbi.nlm.nih.gov/gene/34444,-3.68763,4.69208e-05,OSD-207
https://purl.org/okn/frink/kg/spoke-genelab/node/OSD-207-b85a532693b63036252b8f9e7c546d9f,TwdlW,http://purl.obolibrary.org/obo/NCBITaxon_7227,http://www.ncbi.nlm.nih.gov/gene/42075,-1.17042,0.0144039,OSD-207
https://purl.org/okn/frink/kg/spoke-genelab/node/OSD-207-b85a532693b63036252b8f9e7c546d9f,CG15888,http://purl.obolibrary.org/obo/NCBITaxon_7227,http://www.ncbi.nlm.nih.gov/gene/41630,-6.84078,0.00276562,OSD-207
https://purl.org/okn/frink/kg/spoke-genelab/node/OSD-207-b85a532693b63036252b8f9e7c546d9f,Twdlbeta,http://purl.obolibrary.org/obo/NCBITaxon_7227,http://www.ncbi.nlm.nih.gov/gene/36265,-2.11123,0.00766615,OSD-207
https://purl.org/okn/frink/kg/spoke-genelab/node/OSD-207-b85a532693b63036252b8f9e7c546d9f,CG8888,http://purl.obolibrary.org/obo/NCBITaxon_7227,http://www.ncbi.nlm.nih.gov/gene/36293,-1.22561,9.44116e-05,OSD-207
https://purl.org/okn/frink/kg/spoke-genelab/node/OSD-207-b85a532693b63036252b8f9e7c546d9f,CG8854,http://purl.obolibrary.org/obo/NCBITaxon_7227,http://www.ncbi.nlm.nih.gov/gene/36324,-1.72493,4.22067e-07,OSD-207
https://purl.org/okn/frink/kg/spoke-genelab/node/OSD-207-b85a532693b63036252b8f9e7c546d9f,CG8501,http://purl.obolibrary.org/obo/NCBITaxon_7227,http://www.ncbi.nlm.nih.gov/gene/36347,-2.79223,1.14925e-08,OSD-207
https://purl.org/okn/frink/kg/spoke-genelab/node/OSD-207-b85a532693b63036252b8f9e7c546d9f,Cpr49Ae,http://purl.obolibrary.org/obo/NCBITaxon_7227,http://www.ncbi.nlm.nih.gov/gene/36351,-4.7375,1.53847e-32,OSD-207
https://purl.org/okn/frink/kg/spoke-genelab/node/OSD-207-b85a532693b63036252b8f9e7c546d9f,CG10341,http://purl.obolibrary.org/obo/NCBITaxon_7227,http://www.ncbi.nlm.nih.gov/gene/35125,1.05435,0.000131754,OSD-207
https://purl.org/okn/frink/kg/spoke-genelab/node/OSD-207-b85a532693b63036252b8f9e7c546d9f,CG1545,http://purl.obolibrary.org/obo/NCBITaxon_7227,http://www.ncbi.nlm.nih.gov/gene/32036,-1.03529,0.00357124,OSD-207
https://purl.org/okn/frink/kg/spoke-genelab/node/OSD-207-b85a532693b63036252b8f9e7c546d9f,CG18304,http://purl.obolibrary.org/obo/NCBITaxon_7227,http://www.ncbi.nlm.nih.gov/gene/33969,-1.45402,9.8781e-06,OSD-207
https://purl.org/okn/frink/kg/spoke-genelab/node/OSD-207-b85a532693b63036252b8f9e7c546d9f,Tsp,http://purl.obolibrary.org/obo/NCBITaxon_7227,http://www.ncbi.nlm.nih.gov/gene/33941,-1.10693,8.02721e-12,OSD-207
https://purl.org/okn/frink/kg/spoke-genelab/node/OSD-207-b85a532693b63036252b8f9e7c546d9f,Osi5,http://purl.obolibrary.org/obo/NCBITaxon_7227,http://www.ncbi.nlm.nih.gov/gene/40759,2.09054,0.0416136,OSD-207
https://purl.org/okn/frink/kg/spoke-genelab/node/OSD-207-b85a532693b63036252b8f9e7c546d9f,eys,http://purl.obolibrary.org/obo/NCBITaxon_7227,http://www.ncbi.nlm.nih.gov/gene/3771890,-1.81697,7.1951e-13,OSD-207
https://purl.org/okn/frink/kg/spoke-genelab/node/OSD-207-b85a532693b63036252b8f9e7c546d9f,COX5B,http://purl.obolibrary.org/obo/NCBITaxon_7227,http://www.ncbi.nlm.nih.gov/gene/33918,-1.24819,4.91832e-13,OSD-207
https://purl.org/okn/frink/kg/spoke-genelab/node/OSD-207-b85a532693b63036252b8f9e7c546d9f,HemK1,http://purl.obolibrary.org/obo/NCBITaxon_7227,http://www.ncbi.nlm.nih.gov/gene/33902,-1.18771,4.12207e-09,OSD-207
https://purl.org/okn/frink/kg/spoke-genelab/node/OSD-207-b85a532693b63036252b8f9e7c546d9f,CG9498,http://purl.obolibrary.org/obo/NCBITaxon_7227,http://www.ncbi.nlm.nih.gov/gene/33885,1.35892,0.00520938,OSD-207
https://purl.org/okn/frink/kg/spoke-genelab/node/OSD-207-b85a532693b63036252b8f9e7c546d9f,CG9150,http://purl.obolibrary.org/obo/NCBITaxon_7227,http://www.ncbi.nlm.nih.gov/gene/33856,1.38763,7.74423e-08,OSD-207
https://purl.org/okn/frink/kg/spoke-genelab/node/OSD-207-b85a532693b63036252b8f9e7c546d9f,CG7214,http://purl.obolibrary.org/obo/NCBITaxon_7227,http://www.ncbi.nlm.nih.gov/gene/34053,-10.9848,1.54746e-16,OSD-207
https://purl.org/okn/frink/kg/spoke-genelab/node/OSD-207-b85a532693b63036252b8f9e7c546d9f,Rab3,http://purl.obolibrary.org/obo/NCBITaxon_7227,http://www.ncbi.nlm.nih.gov/gene/36127,-1.08226,1.76693e-20,OSD-207
https://purl.org/okn/frink/kg/spoke-genelab/node/OSD-207-b85a532693b63036252b8f9e7c546d9f,CG12507,http://purl.obolibrary.org/obo/NCBITaxon_7227,http://www.ncbi.nlm.nih.gov/gene/32580,-5.168,0.00204043,OSD-207
https://purl.org/okn/frink/kg/spoke-genelab/node/OSD-207-b85a532693b63036252b8f9e7c546d9f,CG17036,http://purl.obolibrary.org/obo/NCBITaxon_7227,http://www.ncbi.nlm.nih.gov/gene/34679,-1.02318,0.0073784,OSD-207
https://purl.org/okn/frink/kg/spoke-genelab/node/OSD-207-b85a532693b63036252b8f9e7c546d9f,spok,http://purl.obolibrary.org/obo/NCBITaxon_7227,http://www.ncbi.nlm.nih.gov/gene/5740359,2.15361,0.0159016,OSD-207
https://purl.org/okn/frink/kg/spoke-genelab/node/OSD-207-b85a532693b63036252b8f9e7c546d9f,bt,http://purl.obolibrary.org/obo/NCBITaxon_7227,http://www.ncbi.nlm.nih.gov/gene/43814,-1.19518,6.91507e-07,OSD-207
https://purl.org/okn/frink/kg/spoke-genelab/node/OSD-207-b85a532693b63036252b8f9e7c546d9f,CG5225,http://purl.obolibrary.org/obo/NCBITaxon_7227,http://www.ncbi.nlm.nih.gov/gene/42053,-5.38226,0.00229364,OSD-207
https://purl.org/okn/frink/kg/spoke-genelab/node/OSD-207-b85a532693b63036252b8f9e7c546d9f,CG14892,http://purl.obolibrary.org/obo/NCBITaxon_7227,http://www.ncbi.nlm.nih.gov/gene/42016,-1.71114,8.651e-05,OSD-207
https://purl.org/okn/frink/kg/spoke-genelab/node/OSD-207-b85a532693b63036252b8f9e7c546d9f,CG34251,http://purl.obolibrary.org/obo/NCBITaxon_7227,http://www.ncbi.nlm.nih.gov/gene/5740860,-2.92954,0.041249,OSD-207
https://purl.org/okn/frink/kg/spoke-genelab/node/OSD-207-b85a532693b63036252b8f9e7c546d9f,SmydA-9,http://purl.obolibrary.org/obo/NCBITaxon_7227,http://www.ncbi.nlm.nih.gov/gene/31859,-1.48344,2.08447e-05,OSD-207
https://purl.org/okn/frink/kg/spoke-genelab/node/OSD-207-b85a532693b63036252b8f9e7c546d9f,Hsp83,http://purl.obolibrary.org/obo/NCBITaxon_7227,http://www.ncbi.nlm.nih.gov/gene/38389,-1.27263,9.06884e-05,OSD-207
https://purl.org/okn/frink/kg/spoke-genelab/node/OSD-207-b85a532693b63036252b8f9e7c546d9f,muc,http://purl.obolibrary.org/obo/NCBITaxon_7227,http://www.ncbi.nlm.nih.gov/gene/34021,-1.4358,3.15072e-11,OSD-207
https://purl.org/okn/frink/kg/spoke-genelab/node/OSD-207-b85a532693b63036252b8f9e7c546d9f,P58IPK,http://purl.obolibrary.org/obo/NCBITaxon_7227,http://www.ncbi.nlm.nih.gov/gene/41161,1.16433,0.00153619,OSD-207
https://purl.org/okn/frink/kg/spoke-genelab/node/OSD-207-b85a532693b63036252b8f9e7c546d9f,Rbm13,http://purl.obolibrary.org/obo/NCBITaxon_7227,http://www.ncbi.nlm.nih.gov/gene/31818,1.01044,0.000462051,OSD-207
https://purl.org/okn/frink/kg/spoke-genelab/node/OSD-207-b85a532693b63036252b8f9e7c546d9f,spdo,http://purl.obolibrary.org/obo/NCBITaxon_7227,http://www.ncbi.nlm.nih.gov/gene/318559,-2.0259,3.37973e-08,OSD-207
https://purl.org/okn/frink/kg/spoke-genelab/node/OSD-207-b85a532693b63036252b8f9e7c546d9f,Duox,http://purl.obolibrary.org/obo/NCBITaxon_7227,http://www.ncbi.nlm.nih.gov/gene/33477,-3.41713,2.47253e-11,OSD-207
https://purl.org/okn/frink/kg/spoke-genelab/node/OSD-207-b85a532693b63036252b8f9e7c546d9f,CG1698,http://purl.obolibrary.org/obo/NCBITaxon_7227,http://www.ncbi.nlm.nih.gov/gene/36006,-2.76549,3.98271e-07,OSD-207
https://purl.org/okn/frink/kg/spoke-genelab/node/OSD-207-b85a532693b63036252b8f9e7c546d9f,CG10962,http://purl.obolibrary.org/obo/NCBITaxon_7227,http://www.ncbi.nlm.nih.gov/gene/31824,1.75892,0.000119233,OSD-207
https://purl.org/okn/frink/kg/spoke-genelab/node/OSD-207-b85a532693b63036252b8f9e7c546d9f,ppk7,http://purl.obolibrary.org/obo/NCBITaxon_7227,http://www.ncbi.nlm.nih.gov/gene/33886,2.6354,0.00304575,OSD-207
https://purl.org/okn/frink/kg/spoke-genelab/node/OSD-207-b85a532693b63036252b8f9e7c546d9f,CG14340,http://purl.obolibrary.org/obo/NCBITaxon_7227,http://www.ncbi.nlm.nih.gov/gene/33287,-1.78386,2.03895e-07,OSD-207
https://purl.org/okn/frink/kg/spoke-genelab/node/OSD-207-b85a532693b63036252b8f9e7c546d9f,l(2)k05911,http://purl.obolibrary.org/obo/NCBITaxon_7227,http://www.ncbi.nlm.nih.gov/gene/34731,2.29131,0.00132603,OSD-207
https://purl.org/okn/frink/kg/spoke-genelab/node/OSD-207-b85a532693b63036252b8f9e7c546d9f,CG15247,http://purl.obolibrary.org/obo/NCBITaxon_7227,http://www.ncbi.nlm.nih.gov/gene/31919,-1.0881,9.17808e-08,OSD-207
https://purl.org/okn/frink/kg/spoke-genelab/node/OSD-207-b85a532693b63036252b8f9e7c546d9f,mtDNA-helicase,http://purl.obolibrary.org/obo/NCBITaxon_7227,http://www.ncbi.nlm.nih.gov/gene/34307,1.29552,0.000420474,OSD-207
https://purl.org/okn/frink/kg/spoke-genelab/node/OSD-207-b85a532693b63036252b8f9e7c546d9f,Gdh,http://purl.obolibrary.org/obo/NCBITaxon_7227,http://www.ncbi.nlm.nih.gov/gene/42832,-1.12061,2.54349e-06,OSD-207
https://purl.org/okn/frink/kg/spoke-genelab/node/OSD-207-b85a532693b63036252b8f9e7c546d9f,CG15309,http://purl.obolibrary.org/obo/NCBITaxon_7227,http://www.ncbi.nlm.nih.gov/gene/31949,-1.02412,9.56315e-05,OSD-207
https://purl.org/okn/frink/kg/spoke-genelab/node/OSD-207-b85a532693b63036252b8f9e7c546d9f,CG7203,http://purl.obolibrary.org/obo/NCBITaxon_7227,http://www.ncbi.nlm.nih.gov/gene/34055,-8.74394,1.79301e-17,OSD-207
https://purl.org/okn/frink/kg/spoke-genelab/node/OSD-207-b85a532693b63036252b8f9e7c546d9f,sand,http://purl.obolibrary.org/obo/NCBITaxon_7227,http://www.ncbi.nlm.nih.gov/gene/35777,-1.06058,0.00379233,OSD-207
https://purl.org/okn/frink/kg/spoke-genelab/node/OSD-207-b85a532693b63036252b8f9e7c546d9f,prt,http://purl.obolibrary.org/obo/NCBITaxon_7227,http://www.ncbi.nlm.nih.gov/gene/117368,-1.00122,0.000192166,OSD-207
https://purl.org/okn/frink/kg/spoke-genelab/node/OSD-207-b85a532693b63036252b8f9e7c546d9f,Ir21a,http://purl.obolibrary.org/obo/NCBITaxon_7227,http://www.ncbi.nlm.nih.gov/gene/33157,-1.82251,0.000290874,OSD-207
https://purl.org/okn/frink/kg/spoke-genelab/node/OSD-207-b85a532693b63036252b8f9e7c546d9f,Myo61F,http://purl.obolibrary.org/obo/NCBITaxon_7227,http://www.ncbi.nlm.nih.gov/gene/38153,1.03504,0.0240209,OSD-207
https://purl.org/okn/frink/kg/spoke-genelab/node/OSD-207-b85a532693b63036252b8f9e7c546d9f,pim,http://purl.obolibrary.org/obo/NCBITaxon_7227,http://www.ncbi.nlm.nih.gov/gene/34404,1.47807,0.0385347,OSD-207
https://purl.org/okn/frink/kg/spoke-genelab/node/OSD-207-b85a532693b63036252b8f9e7c546d9f,CG11409,http://purl.obolibrary.org/obo/NCBITaxon_7227,http://www.ncbi.nlm.nih.gov/gene/31078,-3.0822,6.65244e-11,OSD-207
https://purl.org/okn/frink/kg/spoke-genelab/node/OSD-207-b85a532693b63036252b8f9e7c546d9f,C901,http://purl.obolibrary.org/obo/NCBITaxon_7227,http://www.ncbi.nlm.nih.gov/gene/32032,1.26515,0.026268,OSD-207
https://purl.org/okn/frink/kg/spoke-genelab/node/OSD-207-b85a532693b63036252b8f9e7c546d9f,goe,http://purl.obolibrary.org/obo/NCBITaxon_7227,http://www.ncbi.nlm.nih.gov/gene/32660,-1.25168,9.16175e-07,OSD-207
https://purl.org/okn/frink/kg/spoke-genelab/node/OSD-207-b85a532693b63036252b8f9e7c546d9f,Axs,http://purl.obolibrary.org/obo/NCBITaxon_7227,http://www.ncbi.nlm.nih.gov/gene/32645,-1.07159,3.06363e-05,OSD-207
https://purl.org/okn/frink/kg/spoke-genelab/node/OSD-207-b85a532693b63036252b8f9e7c546d9f,upd2,http://purl.obolibrary.org/obo/NCBITaxon_7227,http://www.ncbi.nlm.nih.gov/gene/32805,5.02649,2.06838e-08,OSD-207
https://purl.org/okn/frink/kg/spoke-genelab/node/OSD-207-b85a532693b63036252b8f9e7c546d9f,CG31559,http://purl.obolibrary.org/obo/NCBITaxon_7227,http://www.ncbi.nlm.nih.gov/gene/40749,-3.53065,0.0269849,OSD-207
https://purl.org/okn/frink/kg/spoke-genelab/node/OSD-207-b85a532693b63036252b8f9e7c546d9f,NPF,http://purl.obolibrary.org/obo/NCBITaxon_7227,http://www.ncbi.nlm.nih.gov/gene/42018,1.13075,4.32403e-09,OSD-207
https://purl.org/okn/frink/kg/spoke-genelab/node/OSD-207-b85a532693b63036252b8f9e7c546d9f,vri,http://purl.obolibrary.org/obo/NCBITaxon_7227,http://www.ncbi.nlm.nih.gov/gene/33759,1.3546,3.24312e-09,OSD-207
https://purl.org/okn/frink/kg/spoke-genelab/node/OSD-207-b85a532693b63036252b8f9e7c546d9f,Cyp4ad1,http://purl.obolibrary.org/obo/NCBITaxon_7227,http://www.ncbi.nlm.nih.gov/gene/35821,2.2196,0.0144524,OSD-207
https://purl.org/okn/frink/kg/spoke-genelab/node/OSD-207-b85a532693b63036252b8f9e7c546d9f,Acp65Aa,http://purl.obolibrary.org/obo/NCBITaxon_7227,http://www.ncbi.nlm.nih.gov/gene/38710,-3.05626,0.000575601,OSD-207
https://purl.org/okn/frink/kg/spoke-genelab/node/OSD-207-b85a532693b63036252b8f9e7c546d9f,Act79B,http://purl.obolibrary.org/obo/NCBITaxon_7227,http://www.ncbi.nlm.nih.gov/gene/40444,-3.82149,2.84311e-07,OSD-207
https://purl.org/okn/frink/kg/spoke-genelab/node/OSD-207-b85a532693b63036252b8f9e7c546d9f,AANAT1,http://purl.obolibrary.org/obo/NCBITaxon_7227,http://www.ncbi.nlm.nih.gov/gene/37867,-1.31508,5.76186e-08,OSD-207
https://purl.org/okn/frink/kg/spoke-genelab/node/OSD-207-b85a532693b63036252b8f9e7c546d9f,TM4SF,http://purl.obolibrary.org/obo/NCBITaxon_7227,http://www.ncbi.nlm.nih.gov/gene/37786,-2.21346,3.49557e-20,OSD-207
https://purl.org/okn/frink/kg/spoke-genelab/node/OSD-207-b85a532693b63036252b8f9e7c546d9f,Cpr47Ef,http://purl.obolibrary.org/obo/NCBITaxon_7227,http://www.ncbi.nlm.nih.gov/gene/36194,-3.97151,2.83472e-12,OSD-207
https://purl.org/okn/frink/kg/spoke-genelab/node/OSD-207-b85a532693b63036252b8f9e7c546d9f,twi,http://purl.obolibrary.org/obo/NCBITaxon_7227,http://www.ncbi.nlm.nih.gov/gene/37655,-1.44934,0.0155155,OSD-207
https://purl.org/okn/frink/kg/spoke-genelab/node/OSD-207-b85a532693b63036252b8f9e7c546d9f,Gapdh1,http://purl.obolibrary.org/obo/NCBITaxon_7227,http://www.ncbi.nlm.nih.gov/gene/35728,-1.65959,1.69609e-10,OSD-207
https://purl.org/okn/frink/kg/spoke-genelab/node/OSD-207-b85a532693b63036252b8f9e7c546d9f,r-l,http://purl.obolibrary.org/obo/NCBITaxon_7227,http://www.ncbi.nlm.nih.gov/gene/42493,-1.07094,0.0273294,OSD-207
https://purl.org/okn/frink/kg/spoke-genelab/node/OSD-207-b85a532693b63036252b8f9e7c546d9f,CG43109,http://purl.obolibrary.org/obo/NCBITaxon_7227,http://www.ncbi.nlm.nih.gov/gene/12798341,1.41577,0.0242189,OSD-207
https://purl.org/okn/frink/kg/spoke-genelab/node/OSD-207-b85a532693b63036252b8f9e7c546d9f,CG2004,http://purl.obolibrary.org/obo/NCBITaxon_7227,http://www.ncbi.nlm.nih.gov/gene/31809,1.70923,0.00052446,OSD-207
https://purl.org/okn/frink/kg/spoke-genelab/node/OSD-207-b85a532693b63036252b8f9e7c546d9f,Jra,http://purl.obolibrary.org/obo/NCBITaxon_7227,http://www.ncbi.nlm.nih.gov/gene/36057,1.02505,0.000515276,OSD-207
https://purl.org/okn/frink/kg/spoke-genelab/node/OSD-207-b85a532693b63036252b8f9e7c546d9f,Lime,http://purl.obolibrary.org/obo/NCBITaxon_7227,http://www.ncbi.nlm.nih.gov/gene/36023,1.9157,0.000575159,OSD-207
https://purl.org/okn/frink/kg/spoke-genelab/node/OSD-207-b85a532693b63036252b8f9e7c546d9f,CG1537,http://purl.obolibrary.org/obo/NCBITaxon_7227,http://www.ncbi.nlm.nih.gov/gene/32037,-1.91328,9.57307e-11,OSD-207
https://purl.org/okn/frink/kg/spoke-genelab/node/OSD-207-b85a532693b63036252b8f9e7c546d9f,Nmdmc,http://purl.obolibrary.org/obo/NCBITaxon_7227,http://www.ncbi.nlm.nih.gov/gene/47895,1.93349,0.0176001,OSD-207
https://purl.org/okn/frink/kg/spoke-genelab/node/OSD-207-b85a532693b63036252b8f9e7c546d9f,CG2918,http://purl.obolibrary.org/obo/NCBITaxon_7227,http://www.ncbi.nlm.nih.gov/gene/31215,1.01058,0.00441838,OSD-207
https://purl.org/okn/frink/kg/spoke-genelab/node/OSD-207-b85a532693b63036252b8f9e7c546d9f,lncRNA:CR34046,http://purl.obolibrary.org/obo/NCBITaxon_7227,http://www.ncbi.nlm.nih.gov/gene/12798059,-3.32245,0.0309277,OSD-207
https://purl.org/okn/frink/kg/spoke-genelab/node/OSD-207-b85a532693b63036252b8f9e7c546d9f,Ipk1,http://purl.obolibrary.org/obo/NCBITaxon_7227,http://www.ncbi.nlm.nih.gov/gene/37360,1.39794,3.02793e-06,OSD-207
https://purl.org/okn/frink/kg/spoke-genelab/node/OSD-207-b85a532693b63036252b8f9e7c546d9f,CG16723,http://purl.obolibrary.org/obo/NCBITaxon_7227,http://www.ncbi.nlm.nih.gov/gene/42781,2.46553,0.0451928,OSD-207
https://purl.org/okn/frink/kg/spoke-genelab/node/OSD-207-b85a532693b63036252b8f9e7c546d9f,CG32816,http://purl.obolibrary.org/obo/NCBITaxon_7227,http://www.ncbi.nlm.nih.gov/gene/318225,-1.91589,0.000312238,OSD-207
https://purl.org/okn/frink/kg/spoke-genelab/node/OSD-207-b85a532693b63036252b8f9e7c546d9f,sun,http://purl.obolibrary.org/obo/NCBITaxon_7227,http://www.ncbi.nlm.nih.gov/gene/44046,-1.1963,1.77906e-10,OSD-207
https://purl.org/okn/frink/kg/spoke-genelab/node/OSD-207-b85a532693b63036252b8f9e7c546d9f,Gad1,http://purl.obolibrary.org/obo/NCBITaxon_7227,http://www.ncbi.nlm.nih.gov/gene/38484,-1.77247,2.64657e-22,OSD-207
https://purl.org/okn/frink/kg/spoke-genelab/node/OSD-207-b85a532693b63036252b8f9e7c546d9f,CG7860,http://purl.obolibrary.org/obo/NCBITaxon_7227,http://www.ncbi.nlm.nih.gov/gene/32488,-3.30089,3.4365e-07,OSD-207
https://purl.org/okn/frink/kg/spoke-genelab/node/OSD-207-b85a532693b63036252b8f9e7c546d9f,Ugt35B1,http://purl.obolibrary.org/obo/NCBITaxon_7227,http://www.ncbi.nlm.nih.gov/gene/41333,-1.85328,7.31287e-07,OSD-207
https://purl.org/okn/frink/kg/spoke-genelab/node/OSD-207-b85a532693b63036252b8f9e7c546d9f,CG7990,http://purl.obolibrary.org/obo/NCBITaxon_7227,http://www.ncbi.nlm.nih.gov/gene/32909,-1.05225,7.70106e-13,OSD-207
https://purl.org/okn/frink/kg/spoke-genelab/node/OSD-207-b85a532693b63036252b8f9e7c546d9f,CG7322,http://purl.obolibrary.org/obo/NCBITaxon_7227,http://www.ncbi.nlm.nih.gov/gene/32880,-1.16046,0.000548452,OSD-207
https://purl.org/okn/frink/kg/spoke-genelab/node/OSD-207-b85a532693b63036252b8f9e7c546d9f,Ggt-1,http://purl.obolibrary.org/obo/NCBITaxon_7227,http://www.ncbi.nlm.nih.gov/gene/32839,1.25295,9.29513e-07,OSD-207
https://purl.org/okn/frink/kg/spoke-genelab/node/OSD-207-b85a532693b63036252b8f9e7c546d9f,CG2121,http://purl.obolibrary.org/obo/NCBITaxon_7227,http://www.ncbi.nlm.nih.gov/gene/35814,-1.06403,1.93134e-05,OSD-207
https://purl.org/okn/frink/kg/spoke-genelab/node/OSD-207-b85a532693b63036252b8f9e7c546d9f,CG9782,http://purl.obolibrary.org/obo/NCBITaxon_7227,http://www.ncbi.nlm.nih.gov/gene/32632,-4.59237,3.17996e-12,OSD-207
https://purl.org/okn/frink/kg/spoke-genelab/node/OSD-207-b85a532693b63036252b8f9e7c546d9f,CG4239,http://purl.obolibrary.org/obo/NCBITaxon_7227,http://www.ncbi.nlm.nih.gov/gene/32606,-1.91373,1.3617e-13,OSD-207
https://purl.org/okn/frink/kg/spoke-genelab/node/OSD-207-b85a532693b63036252b8f9e7c546d9f,CG12698,http://purl.obolibrary.org/obo/NCBITaxon_7227,http://www.ncbi.nlm.nih.gov/gene/32570,2.52965,0.0226779,OSD-207
https://purl.org/okn/frink/kg/spoke-genelab/node/OSD-207-b85a532693b63036252b8f9e7c546d9f,CG9572,http://purl.obolibrary.org/obo/NCBITaxon_7227,http://www.ncbi.nlm.nih.gov/gene/33013,-1.24539,2.99853e-06,OSD-207
https://purl.org/okn/frink/kg/spoke-genelab/node/OSD-207-b85a532693b63036252b8f9e7c546d9f,ND-B18,http://purl.obolibrary.org/obo/NCBITaxon_7227,http://www.ncbi.nlm.nih.gov/gene/32434,-1.18183,2.6508e-07,OSD-207
https://purl.org/okn/frink/kg/spoke-genelab/node/OSD-207-b85a532693b63036252b8f9e7c546d9f,LanA,http://purl.obolibrary.org/obo/NCBITaxon_7227,http://www.ncbi.nlm.nih.gov/gene/38723,-1.19886,1.68506e-05,OSD-207
https://purl.org/okn/frink/kg/spoke-genelab/node/OSD-207-b85a532693b63036252b8f9e7c546d9f,CG14406,http://purl.obolibrary.org/obo/NCBITaxon_7227,http://www.ncbi.nlm.nih.gov/gene/32421,-3.21667,0.0436568,OSD-207
https://purl.org/okn/frink/kg/spoke-genelab/node/OSD-207-b85a532693b63036252b8f9e7c546d9f,fiz,http://purl.obolibrary.org/obo/NCBITaxon_7227,http://www.ncbi.nlm.nih.gov/gene/32420,-2.79622,0.00105404,OSD-207
https://purl.org/okn/frink/kg/spoke-genelab/node/OSD-207-b85a532693b63036252b8f9e7c546d9f,CG9512,http://purl.obolibrary.org/obo/NCBITaxon_7227,http://www.ncbi.nlm.nih.gov/gene/32419,-1.94553,0.00173433,OSD-207
https://purl.org/okn/frink/kg/spoke-genelab/node/OSD-207-b85a532693b63036252b8f9e7c546d9f,Mlc2,http://purl.obolibrary.org/obo/NCBITaxon_7227,http://www.ncbi.nlm.nih.gov/gene/43587,-3.63993,1.61527e-14,OSD-207
https://purl.org/okn/frink/kg/spoke-genelab/node/OSD-207-b85a532693b63036252b8f9e7c546d9f,CG17193,http://purl.obolibrary.org/obo/NCBITaxon_7227,http://www.ncbi.nlm.nih.gov/gene/50044,-1.15315,1.49654e-09,OSD-207
https://purl.org/okn/frink/kg/spoke-genelab/node/OSD-207-b85a532693b63036252b8f9e7c546d9f,CG33757,http://purl.obolibrary.org/obo/NCBITaxon_7227,http://www.ncbi.nlm.nih.gov/gene/3772602,-3.37283,0.0452402,OSD-207
https://purl.org/okn/frink/kg/spoke-genelab/node/OSD-207-b85a532693b63036252b8f9e7c546d9f,Gr98b,http://purl.obolibrary.org/obo/NCBITaxon_7227,http://www.ncbi.nlm.nih.gov/gene/117327,2.63019,0.0159817,OSD-207
https://purl.org/okn/frink/kg/spoke-genelab/node/OSD-207-b85a532693b63036252b8f9e7c546d9f,Mur89F,http://purl.obolibrary.org/obo/NCBITaxon_7227,http://www.ncbi.nlm.nih.gov/gene/42080,-2.74604,0.0411803,OSD-207
https://purl.org/okn/frink/kg/spoke-genelab/node/OSD-207-b85a532693b63036252b8f9e7c546d9f,Ets96B,http://purl.obolibrary.org/obo/NCBITaxon_7227,http://www.ncbi.nlm.nih.gov/gene/42952,-1.58998,0.0123742,OSD-207
https://purl.org/okn/frink/kg/spoke-genelab/node/OSD-207-b85a532693b63036252b8f9e7c546d9f,CG30265,http://purl.obolibrary.org/obo/NCBITaxon_7227,http://www.ncbi.nlm.nih.gov/gene/37622,2.07456,0.0197314,OSD-207
https://purl.org/okn/frink/kg/spoke-genelab/node/OSD-207-b85a532693b63036252b8f9e7c546d9f,ort,http://purl.obolibrary.org/obo/NCBITaxon_7227,http://www.ncbi.nlm.nih.gov/gene/45910,-1.45864,1.27053e-18,OSD-207
https://purl.org/okn/frink/kg/spoke-genelab/node/OSD-207-b85a532693b63036252b8f9e7c546d9f,inaF-A,http://purl.obolibrary.org/obo/NCBITaxon_7227,http://www.ncbi.nlm.nih.gov/gene/5740676,-1.61066,0.00812956,OSD-207
https://purl.org/okn/frink/kg/spoke-genelab/node/OSD-207-b85a532693b63036252b8f9e7c546d9f,Ir92a,http://purl.obolibrary.org/obo/NCBITaxon_7227,http://www.ncbi.nlm.nih.gov/gene/42415,-3.03189,0.000294898,OSD-207
https://purl.org/okn/frink/kg/spoke-genelab/node/OSD-207-b85a532693b63036252b8f9e7c546d9f,CG12869,http://purl.obolibrary.org/obo/NCBITaxon_7227,http://www.ncbi.nlm.nih.gov/gene/36616,-1.63376,0.00513947,OSD-207
https://purl.org/okn/frink/kg/spoke-genelab/node/OSD-207-b85a532693b63036252b8f9e7c546d9f,Or13a,http://purl.obolibrary.org/obo/NCBITaxon_7227,http://www.ncbi.nlm.nih.gov/gene/32562,-1.36657,0.016684,OSD-207
https://purl.org/okn/frink/kg/spoke-genelab/node/OSD-207-b85a532693b63036252b8f9e7c546d9f,Or42b,http://purl.obolibrary.org/obo/NCBITaxon_7227,http://www.ncbi.nlm.nih.gov/gene/35516,-1.95307,0.0393888,OSD-207
https://purl.org/okn/frink/kg/spoke-genelab/node/OSD-207-b85a532693b63036252b8f9e7c546d9f,Jheh1,http://purl.obolibrary.org/obo/NCBITaxon_7227,http://www.ncbi.nlm.nih.gov/gene/251984,1.11258,0.00943432,OSD-207
https://purl.org/okn/frink/kg/spoke-genelab/node/OSD-207-b85a532693b63036252b8f9e7c546d9f,CG13226,http://purl.obolibrary.org/obo/NCBITaxon_7227,http://www.ncbi.nlm.nih.gov/gene/36184,2.91371,0.0199847,OSD-207
https://purl.org/okn/frink/kg/spoke-genelab/node/OSD-207-b85a532693b63036252b8f9e7c546d9f,Ipk2,http://purl.obolibrary.org/obo/NCBITaxon_7227,http://www.ncbi.nlm.nih.gov/gene/33236,1.17381,6.91087e-07,OSD-207
https://purl.org/okn/frink/kg/spoke-genelab/node/OSD-207-b85a532693b63036252b8f9e7c546d9f,CG45060,http://purl.obolibrary.org/obo/NCBITaxon_7227,http://www.ncbi.nlm.nih.gov/gene/19835394,-4.27354,0.0444261,OSD-207
https://purl.org/okn/frink/kg/spoke-genelab/node/OSD-207-b85a532693b63036252b8f9e7c546d9f,Cpr47Ea,http://purl.obolibrary.org/obo/NCBITaxon_7227,http://www.ncbi.nlm.nih.gov/gene/36188,-5.70903,9.26716e-12,OSD-207
https://purl.org/okn/frink/kg/spoke-genelab/node/OSD-207-b85a532693b63036252b8f9e7c546d9f,Try29F,http://purl.obolibrary.org/obo/NCBITaxon_7227,http://www.ncbi.nlm.nih.gov/gene/34226,-1.06293,0.00374755,OSD-207
https://purl.org/okn/frink/kg/spoke-genelab/node/OSD-207-b85a532693b63036252b8f9e7c546d9f,Act87E,http://purl.obolibrary.org/obo/NCBITaxon_7227,http://www.ncbi.nlm.nih.gov/gene/48632,-1.96584,3.7583e-09,OSD-207
https://purl.org/okn/frink/kg/spoke-genelab/node/OSD-207-b85a532693b63036252b8f9e7c546d9f,sna,http://purl.obolibrary.org/obo/NCBITaxon_7227,http://www.ncbi.nlm.nih.gov/gene/34908,-3.42946,0.0466101,OSD-207
https://purl.org/okn/frink/kg/spoke-genelab/node/OSD-207-b85a532693b63036252b8f9e7c546d9f,CG31087,http://purl.obolibrary.org/obo/NCBITaxon_7227,http://www.ncbi.nlm.nih.gov/gene/43062,-3.12115,0.0452193,OSD-207
https://purl.org/okn/frink/kg/spoke-genelab/node/OSD-207-b85a532693b63036252b8f9e7c546d9f,eIF4E6,http://purl.obolibrary.org/obo/NCBITaxon_7227,http://www.ncbi.nlm.nih.gov/gene/43422,2.58592,3.34766e-06,OSD-207
https://purl.org/okn/frink/kg/spoke-genelab/node/OSD-207-b85a532693b63036252b8f9e7c546d9f,CG6026,http://purl.obolibrary.org/obo/NCBITaxon_7227,http://www.ncbi.nlm.nih.gov/gene/42287,-1.1979,0.0336102,OSD-207
https://purl.org/okn/frink/kg/spoke-genelab/node/OSD-207-b85a532693b63036252b8f9e7c546d9f,CG5966,http://purl.obolibrary.org/obo/NCBITaxon_7227,http://www.ncbi.nlm.nih.gov/gene/31532,2.40614,0.0444855,OSD-207
https://purl.org/okn/frink/kg/spoke-genelab/node/OSD-207-b85a532693b63036252b8f9e7c546d9f,TotB,http://purl.obolibrary.org/obo/NCBITaxon_7227,http://www.ncbi.nlm.nih.gov/gene/42474,4.31814,0.00781922,OSD-207
https://purl.org/okn/frink/kg/spoke-genelab/node/OSD-207-b85a532693b63036252b8f9e7c546d9f,CG14778,http://purl.obolibrary.org/obo/NCBITaxon_7227,http://www.ncbi.nlm.nih.gov/gene/31100,-1.46868,1.36666e-07,OSD-207
https://purl.org/okn/frink/kg/spoke-genelab/node/OSD-207-b85a532693b63036252b8f9e7c546d9f,Ptth,http://purl.obolibrary.org/obo/NCBITaxon_7227,http://www.ncbi.nlm.nih.gov/gene/33238,1.26919,0.00673226,OSD-207
https://purl.org/okn/frink/kg/spoke-genelab/node/OSD-207-b85a532693b63036252b8f9e7c546d9f,Tsp42Ed,http://purl.obolibrary.org/obo/NCBITaxon_7227,http://www.ncbi.nlm.nih.gov/gene/35613,2.15977,3.30096e-08,OSD-207
https://purl.org/okn/frink/kg/spoke-genelab/node/OSD-207-b85a532693b63036252b8f9e7c546d9f,CG8170,http://purl.obolibrary.org/obo/NCBITaxon_7227,http://www.ncbi.nlm.nih.gov/gene/35908,-2.75538,2.09658e-12,OSD-207
https://purl.org/okn/frink/kg/spoke-genelab/node/OSD-207-b85a532693b63036252b8f9e7c546d9f,GstE13,http://purl.obolibrary.org/obo/NCBITaxon_7227,http://www.ncbi.nlm.nih.gov/gene/35928,-1.64888,5.73126e-10,OSD-207
https://purl.org/okn/frink/kg/spoke-genelab/node/OSD-207-b85a532693b63036252b8f9e7c546d9f,CG9759,http://purl.obolibrary.org/obo/NCBITaxon_7227,http://www.ncbi.nlm.nih.gov/gene/41661,5.47201,6.40701e-32,OSD-207
https://purl.org/okn/frink/kg/spoke-genelab/node/OSD-207-b85a532693b63036252b8f9e7c546d9f,ec,http://purl.obolibrary.org/obo/NCBITaxon_7227,http://www.ncbi.nlm.nih.gov/gene/31339,-2.04358,1.38367e-08,OSD-207
https://purl.org/okn/frink/kg/spoke-genelab/node/OSD-207-b85a532693b63036252b8f9e7c546d9f,Ser,http://purl.obolibrary.org/obo/NCBITaxon_7227,http://www.ncbi.nlm.nih.gov/gene/43275,-1.37618,6.1018e-05,OSD-207
https://purl.org/okn/frink/kg/spoke-genelab/node/OSD-207-b85a532693b63036252b8f9e7c546d9f,tut,http://purl.obolibrary.org/obo/NCBITaxon_7227,http://www.ncbi.nlm.nih.gov/gene/317996,1.28013,0.00385836,OSD-207
https://purl.org/okn/frink/kg/spoke-genelab/node/OSD-207-b85a532693b63036252b8f9e7c546d9f,betaTub85D,http://purl.obolibrary.org/obo/NCBITaxon_7227,http://www.ncbi.nlm.nih.gov/gene/41124,-1.97315,5.92649e-07,OSD-207
https://purl.org/okn/frink/kg/spoke-genelab/node/OSD-207-b85a532693b63036252b8f9e7c546d9f,CG4586,http://purl.obolibrary.org/obo/NCBITaxon_7227,http://www.ncbi.nlm.nih.gov/gene/31641,-2.98507,0.00470134,OSD-207
https://purl.org/okn/frink/kg/spoke-genelab/node/OSD-207-b85a532693b63036252b8f9e7c546d9f,CG15890,http://purl.obolibrary.org/obo/NCBITaxon_7227,http://www.ncbi.nlm.nih.gov/gene/32401,-1.00282,0.000200178,OSD-207
https://purl.org/okn/frink/kg/spoke-genelab/node/OSD-207-b85a532693b63036252b8f9e7c546d9f,CG7737,http://purl.obolibrary.org/obo/NCBITaxon_7227,http://www.ncbi.nlm.nih.gov/gene/36174,-1.19467,9.96713e-09,OSD-207
https://purl.org/okn/frink/kg/spoke-genelab/node/OSD-207-b85a532693b63036252b8f9e7c546d9f,CG14693,http://purl.obolibrary.org/obo/NCBITaxon_7227,http://www.ncbi.nlm.nih.gov/gene/41299,-1.69579,0.00276562,OSD-207
https://purl.org/okn/frink/kg/spoke-genelab/node/OSD-207-b85a532693b63036252b8f9e7c546d9f,Kal1,http://purl.obolibrary.org/obo/NCBITaxon_7227,http://www.ncbi.nlm.nih.gov/gene/42865,-2.13249,6.68283e-13,OSD-207
https://purl.org/okn/frink/kg/spoke-genelab/node/OSD-207-b85a532693b63036252b8f9e7c546d9f,CG11125,http://purl.obolibrary.org/obo/NCBITaxon_7227,http://www.ncbi.nlm.nih.gov/gene/35669,1.59804,7.13453e-08,OSD-207
https://purl.org/okn/frink/kg/spoke-genelab/node/OSD-207-b85a532693b63036252b8f9e7c546d9f,mh,http://purl.obolibrary.org/obo/NCBITaxon_7227,http://www.ncbi.nlm.nih.gov/gene/32480,1.11242,0.00430957,OSD-207
https://purl.org/okn/frink/kg/spoke-genelab/node/OSD-207-b85a532693b63036252b8f9e7c546d9f,Muc12Ea,http://purl.obolibrary.org/obo/NCBITaxon_7227,http://www.ncbi.nlm.nih.gov/gene/32384,2.06113,0.00133523,OSD-207
https://purl.org/okn/frink/kg/spoke-genelab/node/OSD-207-b85a532693b63036252b8f9e7c546d9f,CG15721,http://purl.obolibrary.org/obo/NCBITaxon_7227,http://www.ncbi.nlm.nih.gov/gene/32247,6.43554,4.30418e-05,OSD-207
https://purl.org/okn/frink/kg/spoke-genelab/node/OSD-207-b85a532693b63036252b8f9e7c546d9f,CG1971,http://purl.obolibrary.org/obo/NCBITaxon_7227,http://www.ncbi.nlm.nih.gov/gene/43755,1.12507,0.000261658,OSD-207
https://purl.org/okn/frink/kg/spoke-genelab/node/OSD-207-b85a532693b63036252b8f9e7c546d9f,Myo31DF,http://purl.obolibrary.org/obo/NCBITaxon_7227,http://www.ncbi.nlm.nih.gov/gene/34445,1.26976,0.00062601,OSD-207
https://purl.org/okn/frink/kg/spoke-genelab/node/OSD-207-b85a532693b63036252b8f9e7c546d9f,Cht2,http://purl.obolibrary.org/obo/NCBITaxon_7227,http://www.ncbi.nlm.nih.gov/gene/38223,-2.2952,1.86641e-06,OSD-207
https://purl.org/okn/frink/kg/spoke-genelab/node/OSD-207-b85a532693b63036252b8f9e7c546d9f,CG13955,http://purl.obolibrary.org/obo/NCBITaxon_7227,http://www.ncbi.nlm.nih.gov/gene/35968,-3.16147,0.0402126,OSD-207
https://purl.org/okn/frink/kg/spoke-genelab/node/OSD-207-b85a532693b63036252b8f9e7c546d9f,Spindly,http://purl.obolibrary.org/obo/NCBITaxon_7227,http://www.ncbi.nlm.nih.gov/gene/33578,1.21678,0.0126556,OSD-207
https://purl.org/okn/frink/kg/spoke-genelab/node/OSD-207-b85a532693b63036252b8f9e7c546d9f,CG44006,http://purl.obolibrary.org/obo/NCBITaxon_7227,http://www.ncbi.nlm.nih.gov/gene/14462878,1.35735,7.92748e-05,OSD-207
https://purl.org/okn/frink/kg/spoke-genelab/node/OSD-207-b85a532693b63036252b8f9e7c546d9f,Ugt302K1,http://purl.obolibrary.org/obo/NCBITaxon_7227,http://www.ncbi.nlm.nih.gov/gene/53502,-1.16006,0.00925916,OSD-207
https://purl.org/okn/frink/kg/spoke-genelab/node/OSD-207-b85a532693b63036252b8f9e7c546d9f,ATPsyngamma,http://purl.obolibrary.org/obo/NCBITaxon_7227,http://www.ncbi.nlm.nih.gov/gene/43507,-1.34838,1.4505e-11,OSD-207
https://purl.org/okn/frink/kg/spoke-genelab/node/OSD-207-b85a532693b63036252b8f9e7c546d9f,pon,http://purl.obolibrary.org/obo/NCBITaxon_7227,http://www.ncbi.nlm.nih.gov/gene/31394,2.49071,0.000401073,OSD-207
https://purl.org/okn/frink/kg/spoke-genelab/node/OSD-207-b85a532693b63036252b8f9e7c546d9f,Mur2B,http://purl.obolibrary.org/obo/NCBITaxon_7227,http://www.ncbi.nlm.nih.gov/gene/31111,1.31559,1.4888e-09,OSD-207
https://purl.org/okn/frink/kg/spoke-genelab/node/OSD-207-b85a532693b63036252b8f9e7c546d9f,mst,http://purl.obolibrary.org/obo/NCBITaxon_7227,http://www.ncbi.nlm.nih.gov/gene/33119,1.28929,5.19897e-07,OSD-207
https://purl.org/okn/frink/kg/spoke-genelab/node/OSD-207-b85a532693b63036252b8f9e7c546d9f,CG13010,http://purl.obolibrary.org/obo/NCBITaxon_7227,http://www.ncbi.nlm.nih.gov/gene/32643,-3.08451,0.0259822,OSD-207
https://purl.org/okn/frink/kg/spoke-genelab/node/OSD-207-b85a532693b63036252b8f9e7c546d9f,Mct1,http://purl.obolibrary.org/obo/NCBITaxon_7227,http://www.ncbi.nlm.nih.gov/gene/31198,-1.3207,0.0178996,OSD-207
https://purl.org/okn/frink/kg/spoke-genelab/node/OSD-207-b85a532693b63036252b8f9e7c546d9f,MFS12,http://purl.obolibrary.org/obo/NCBITaxon_7227,http://www.ncbi.nlm.nih.gov/gene/35745,-2.61311,0.0348139,OSD-207
https://purl.org/okn/frink/kg/spoke-genelab/node/OSD-207-b85a532693b63036252b8f9e7c546d9f,tyn,http://purl.obolibrary.org/obo/NCBITaxon_7227,http://www.ncbi.nlm.nih.gov/gene/3354987,-1.07147,2.24991e-06,OSD-207
https://purl.org/okn/frink/kg/spoke-genelab/node/OSD-207-b85a532693b63036252b8f9e7c546d9f,Prx2540-2,http://purl.obolibrary.org/obo/NCBITaxon_7227,http://www.ncbi.nlm.nih.gov/gene/36098,1.56824,0.00942127,OSD-207
https://purl.org/okn/frink/kg/spoke-genelab/node/OSD-207-b85a532693b63036252b8f9e7c546d9f,Aatf,http://purl.obolibrary.org/obo/NCBITaxon_7227,http://www.ncbi.nlm.nih.gov/gene/33943,1.02315,2.42227e-05,OSD-207
https://purl.org/okn/frink/kg/spoke-genelab/node/OSD-207-b85a532693b63036252b8f9e7c546d9f,CG17258,http://purl.obolibrary.org/obo/NCBITaxon_7227,http://www.ncbi.nlm.nih.gov/gene/33517,1.33168,0.0163564,OSD-207
https://purl.org/okn/frink/kg/spoke-genelab/node/OSD-207-b85a532693b63036252b8f9e7c546d9f,CG1394,http://purl.obolibrary.org/obo/NCBITaxon_7227,http://www.ncbi.nlm.nih.gov/gene/32059,-2.1029,0.0297522,OSD-207
https://purl.org/okn/frink/kg/spoke-genelab/node/OSD-207-b85a532693b63036252b8f9e7c546d9f,dpy,http://purl.obolibrary.org/obo/NCBITaxon_7227,http://www.ncbi.nlm.nih.gov/gene/318824,-1.15198,2.32207e-05,OSD-207
https://purl.org/okn/frink/kg/spoke-genelab/node/OSD-207-b85a532693b63036252b8f9e7c546d9f,Gip,http://purl.obolibrary.org/obo/NCBITaxon_7227,http://www.ncbi.nlm.nih.gov/gene/31960,-1.07532,0.000201306,OSD-207
https://purl.org/okn/frink/kg/spoke-genelab/node/OSD-207-b85a532693b63036252b8f9e7c546d9f,Efhc1.1,http://purl.obolibrary.org/obo/NCBITaxon_7227,http://www.ncbi.nlm.nih.gov/gene/32528,1.01842,0.03312,OSD-207
https://purl.org/okn/frink/kg/spoke-genelab/node/OSD-207-b85a532693b63036252b8f9e7c546d9f,topi,http://purl.obolibrary.org/obo/NCBITaxon_7227,http://www.ncbi.nlm.nih.gov/gene/41199,-1.69483,0.00126188,OSD-207
https://purl.org/okn/frink/kg/spoke-genelab/node/OSD-207-b85a532693b63036252b8f9e7c546d9f,Prip,http://purl.obolibrary.org/obo/NCBITaxon_7227,http://www.ncbi.nlm.nih.gov/gene/36237,-1.13787,6.0604e-05,OSD-207
https://purl.org/okn/frink/kg/spoke-genelab/node/OSD-207-b85a532693b63036252b8f9e7c546d9f,CG11997,http://purl.obolibrary.org/obo/NCBITaxon_7227,http://www.ncbi.nlm.nih.gov/gene/41093,-1.50681,0.0274661,OSD-207
https://purl.org/okn/frink/kg/spoke-genelab/node/OSD-207-b85a532693b63036252b8f9e7c546d9f,CG4766,http://purl.obolibrary.org/obo/NCBITaxon_7227,http://www.ncbi.nlm.nih.gov/gene/31533,-1.15736,1.96838e-19,OSD-207
https://purl.org/okn/frink/kg/spoke-genelab/node/OSD-207-b85a532693b63036252b8f9e7c546d9f,Crys,http://purl.obolibrary.org/obo/NCBITaxon_7227,http://www.ncbi.nlm.nih.gov/gene/34604,-7.44764,1.99886e-20,OSD-207
https://purl.org/okn/frink/kg/spoke-genelab/node/OSD-207-b85a532693b63036252b8f9e7c546d9f,CG34370,http://purl.obolibrary.org/obo/NCBITaxon_7227,http://www.ncbi.nlm.nih.gov/gene/5740565,-1.13171,9.56477e-14,OSD-207
https://purl.org/okn/frink/kg/spoke-genelab/node/OSD-207-b85a532693b63036252b8f9e7c546d9f,Cyt-c-d,http://purl.obolibrary.org/obo/NCBITaxon_7227,http://www.ncbi.nlm.nih.gov/gene/34995,-1.62854,0.0103688,OSD-207
https://purl.org/okn/frink/kg/spoke-genelab/node/OSD-207-b85a532693b63036252b8f9e7c546d9f,Spn55B,http://purl.obolibrary.org/obo/NCBITaxon_7227,http://www.ncbi.nlm.nih.gov/gene/49803,1.77287,0.00128856,OSD-207
https://purl.org/okn/frink/kg/spoke-genelab/node/OSD-207-b85a532693b63036252b8f9e7c546d9f,CCAP-R,http://purl.obolibrary.org/obo/NCBITaxon_7227,http://www.ncbi.nlm.nih.gov/gene/2768688,-1.4509,9.51994e-05,OSD-207
https://purl.org/okn/frink/kg/spoke-genelab/node/OSD-207-b85a532693b63036252b8f9e7c546d9f,CG31370,http://purl.obolibrary.org/obo/NCBITaxon_7227,http://www.ncbi.nlm.nih.gov/gene/43060,1.32264,0.000861642,OSD-207
https://purl.org/okn/frink/kg/spoke-genelab/node/OSD-207-b85a532693b63036252b8f9e7c546d9f,nrv2,http://purl.obolibrary.org/obo/NCBITaxon_7227,http://www.ncbi.nlm.nih.gov/gene/33953,-1.53872,6.72219e-13,OSD-207
https://purl.org/okn/frink/kg/spoke-genelab/node/OSD-207-b85a532693b63036252b8f9e7c546d9f,PCNA,http://purl.obolibrary.org/obo/NCBITaxon_7227,http://www.ncbi.nlm.nih.gov/gene/37290,-1.38118,0.000932008,OSD-207
https://purl.org/okn/frink/kg/spoke-genelab/node/OSD-207-b85a532693b63036252b8f9e7c546d9f,CG17625,http://purl.obolibrary.org/obo/NCBITaxon_7227,http://www.ncbi.nlm.nih.gov/gene/42678,-5.03092,1.67403e-06,OSD-207
https://purl.org/okn/frink/kg/spoke-genelab/node/OSD-207-b85a532693b63036252b8f9e7c546d9f,CG8861,http://purl.obolibrary.org/obo/NCBITaxon_7227,http://www.ncbi.nlm.nih.gov/gene/41109,-1.12049,3.73777e-09,OSD-207
https://purl.org/okn/frink/kg/spoke-genelab/node/OSD-207-b85a532693b63036252b8f9e7c546d9f,CG15484,http://purl.obolibrary.org/obo/NCBITaxon_7227,http://www.ncbi.nlm.nih.gov/gene/34682,2.48765,0.00172698,OSD-207
https://purl.org/okn/frink/kg/spoke-genelab/node/OSD-207-b85a532693b63036252b8f9e7c546d9f,Irp-1B,http://purl.obolibrary.org/obo/NCBITaxon_7227,http://www.ncbi.nlm.nih.gov/gene/41269,1.12684,0.00146684,OSD-207
https://purl.org/okn/frink/kg/spoke-genelab/node/OSD-207-b85a532693b63036252b8f9e7c546d9f,Nepl12,http://purl.obolibrary.org/obo/NCBITaxon_7227,http://www.ncbi.nlm.nih.gov/gene/41172,1.43029,0.00631083,OSD-207
https://purl.org/okn/frink/kg/spoke-genelab/node/OSD-207-b85a532693b63036252b8f9e7c546d9f,CG10623,http://purl.obolibrary.org/obo/NCBITaxon_7227,http://www.ncbi.nlm.nih.gov/gene/35153,-1.04188,0.00194866,OSD-207
https://purl.org/okn/frink/kg/spoke-genelab/node/OSD-207-b85a532693b63036252b8f9e7c546d9f,ZnT33D,http://purl.obolibrary.org/obo/NCBITaxon_7227,http://www.ncbi.nlm.nih.gov/gene/326167,1.26785,0.0012207,OSD-207
https://purl.org/okn/frink/kg/spoke-genelab/node/OSD-207-b85a532693b63036252b8f9e7c546d9f,CG18568,http://purl.obolibrary.org/obo/NCBITaxon_7227,http://www.ncbi.nlm.nih.gov/gene/36549,5.2459,0.0029674,OSD-207
https://purl.org/okn/frink/kg/spoke-genelab/node/OSD-207-b85a532693b63036252b8f9e7c546d9f,Mpcp2,http://purl.obolibrary.org/obo/NCBITaxon_7227,http://www.ncbi.nlm.nih.gov/gene/39587,-1.05197,3.17996e-12,OSD-207
https://purl.org/okn/frink/kg/spoke-genelab/node/OSD-207-b85a532693b63036252b8f9e7c546d9f,Agpat2,http://purl.obolibrary.org/obo/NCBITaxon_7227,http://www.ncbi.nlm.nih.gov/gene/34176,1.02857,0.00191211,OSD-207
https://purl.org/okn/frink/kg/spoke-genelab/node/OSD-207-b85a532693b63036252b8f9e7c546d9f,CG14132,http://purl.obolibrary.org/obo/NCBITaxon_7227,http://www.ncbi.nlm.nih.gov/gene/50290,-1.55655,3.34028e-06,OSD-207
https://purl.org/okn/frink/kg/spoke-genelab/node/OSD-207-b85a532693b63036252b8f9e7c546d9f,AstA-R2,http://purl.obolibrary.org/obo/NCBITaxon_7227,http://www.ncbi.nlm.nih.gov/gene/43393,-1.0181,0.000670838,OSD-207
https://purl.org/okn/frink/kg/spoke-genelab/node/OSD-207-b85a532693b63036252b8f9e7c546d9f,yps,http://purl.obolibrary.org/obo/NCBITaxon_7227,http://www.ncbi.nlm.nih.gov/gene/39377,1.47542,3.04236e-13,OSD-207
https://purl.org/okn/frink/kg/spoke-genelab/node/OSD-207-b85a532693b63036252b8f9e7c546d9f,CG31776,http://purl.obolibrary.org/obo/NCBITaxon_7227,http://www.ncbi.nlm.nih.gov/gene/33568,-1.03922,0.0100315,OSD-207
https://purl.org/okn/frink/kg/spoke-genelab/node/OSD-207-b85a532693b63036252b8f9e7c546d9f,Spn28Dc,http://purl.obolibrary.org/obo/NCBITaxon_7227,http://www.ncbi.nlm.nih.gov/gene/34091,2.71233,0.00151087,OSD-207
https://purl.org/okn/frink/kg/spoke-genelab/node/OSD-207-b85a532693b63036252b8f9e7c546d9f,CG9389,http://purl.obolibrary.org/obo/NCBITaxon_7227,http://www.ncbi.nlm.nih.gov/gene/40347,-1.23208,0.0284726,OSD-207
https://purl.org/okn/frink/kg/spoke-genelab/node/OSD-207-b85a532693b63036252b8f9e7c546d9f,Ntl,http://purl.obolibrary.org/obo/NCBITaxon_7227,http://www.ncbi.nlm.nih.gov/gene/34046,-3.31929,7.46576e-05,OSD-207
https://purl.org/okn/frink/kg/spoke-genelab/node/OSD-207-b85a532693b63036252b8f9e7c546d9f,Acbp2,http://purl.obolibrary.org/obo/NCBITaxon_7227,http://www.ncbi.nlm.nih.gov/gene/38784,-1.03773,0.00499862,OSD-207
https://purl.org/okn/frink/kg/spoke-genelab/node/OSD-207-b85a532693b63036252b8f9e7c546d9f,CG13634,http://purl.obolibrary.org/obo/NCBITaxon_7227,http://www.ncbi.nlm.nih.gov/gene/42951,-5.12431,0.00182059,OSD-207
https://purl.org/okn/frink/kg/spoke-genelab/node/OSD-207-b85a532693b63036252b8f9e7c546d9f,CG17005,http://purl.obolibrary.org/obo/NCBITaxon_7227,http://www.ncbi.nlm.nih.gov/gene/34249,-2.55836,1.03121e-07,OSD-207
https://purl.org/okn/frink/kg/spoke-genelab/node/OSD-207-b85a532693b63036252b8f9e7c546d9f,ACXC,http://purl.obolibrary.org/obo/NCBITaxon_7227,http://www.ncbi.nlm.nih.gov/gene/34689,-2.35395,0.0127038,OSD-207
https://purl.org/okn/frink/kg/spoke-genelab/node/OSD-207-b85a532693b63036252b8f9e7c546d9f,ATPsynC,http://purl.obolibrary.org/obo/NCBITaxon_7227,http://www.ncbi.nlm.nih.gov/gene/43693,-1.50465,4.44004e-12,OSD-207
https://purl.org/okn/frink/kg/spoke-genelab/node/OSD-207-b85a532693b63036252b8f9e7c546d9f,Cyp4p1,http://purl.obolibrary.org/obo/NCBITaxon_7227,http://www.ncbi.nlm.nih.gov/gene/45524,1.46251,6.05035e-06,OSD-207
https://purl.org/okn/frink/kg/spoke-genelab/node/OSD-207-b85a532693b63036252b8f9e7c546d9f,Ahcy,http://purl.obolibrary.org/obo/NCBITaxon_7227,http://www.ncbi.nlm.nih.gov/gene/32471,1.60226,6.00405e-07,OSD-207
https://purl.org/okn/frink/kg/spoke-genelab/node/OSD-207-b85a532693b63036252b8f9e7c546d9f,wupA,http://purl.obolibrary.org/obo/NCBITaxon_7227,http://www.ncbi.nlm.nih.gov/gene/32794,-2.4837,1.97977e-12,OSD-207
https://purl.org/okn/frink/kg/spoke-genelab/node/OSD-207-b85a532693b63036252b8f9e7c546d9f,Sdic1,http://purl.obolibrary.org/obo/NCBITaxon_7227,http://www.ncbi.nlm.nih.gov/gene/43984,4.48755,0.0477932,OSD-207
https://purl.org/okn/frink/kg/spoke-genelab/node/OSD-207-b85a532693b63036252b8f9e7c546d9f,vnd,http://purl.obolibrary.org/obo/NCBITaxon_7227,http://www.ncbi.nlm.nih.gov/gene/31003,-1.42375,0.0338489,OSD-207
https://purl.org/okn/frink/kg/spoke-genelab/node/OSD-207-b85a532693b63036252b8f9e7c546d9f,Cpr49Af,http://purl.obolibrary.org/obo/NCBITaxon_7227,http://www.ncbi.nlm.nih.gov/gene/36352,-2.59053,7.84751e-05,OSD-207
https://purl.org/okn/frink/kg/spoke-genelab/node/OSD-207-b85a532693b63036252b8f9e7c546d9f,Mcm7,http://purl.obolibrary.org/obo/NCBITaxon_7227,http://www.ncbi.nlm.nih.gov/gene/39014,-1.10128,0.00649568,OSD-207
https://purl.org/okn/frink/kg/spoke-genelab/node/OSD-207-b85a532693b63036252b8f9e7c546d9f,Ir75b,http://purl.obolibrary.org/obo/NCBITaxon_7227,http://www.ncbi.nlm.nih.gov/gene/8673994,1.3669,0.0256811,OSD-207
https://purl.org/okn/frink/kg/spoke-genelab/node/OSD-207-b85a532693b63036252b8f9e7c546d9f,Cyp4c3,http://purl.obolibrary.org/obo/NCBITaxon_7227,http://www.ncbi.nlm.nih.gov/gene/43663,-1.85321,3.79176e-06,OSD-207
https://purl.org/okn/frink/kg/spoke-genelab/node/OSD-207-b85a532693b63036252b8f9e7c546d9f,rau,http://purl.obolibrary.org/obo/NCBITaxon_7227,http://www.ncbi.nlm.nih.gov/gene/33814,1.98577,9.60842e-08,OSD-207
https://purl.org/okn/frink/kg/spoke-genelab/node/OSD-207-b85a532693b63036252b8f9e7c546d9f,ATPsynB,http://purl.obolibrary.org/obo/NCBITaxon_7227,http://www.ncbi.nlm.nih.gov/gene/39143,-1.11552,5.53719e-09,OSD-207
https://purl.org/okn/frink/kg/spoke-genelab/node/OSD-207-b85a532693b63036252b8f9e7c546d9f,VAChT,http://purl.obolibrary.org/obo/NCBITaxon_7227,http://www.ncbi.nlm.nih.gov/gene/42795,-1.10939,9.96713e-09,OSD-207
https://purl.org/okn/frink/kg/spoke-genelab/node/OSD-207-b85a532693b63036252b8f9e7c546d9f,CG9657,http://purl.obolibrary.org/obo/NCBITaxon_7227,http://www.ncbi.nlm.nih.gov/gene/31674,-1.66573,7.0861e-07,OSD-207
https://purl.org/okn/frink/kg/spoke-genelab/node/OSD-207-b85a532693b63036252b8f9e7c546d9f,CG7430,http://purl.obolibrary.org/obo/NCBITaxon_7227,http://www.ncbi.nlm.nih.gov/gene/39988,-1.30775,4.56755e-12,OSD-207
https://purl.org/okn/frink/kg/spoke-genelab/node/OSD-207-b85a532693b63036252b8f9e7c546d9f,SoYb,http://purl.obolibrary.org/obo/NCBITaxon_7227,http://www.ncbi.nlm.nih.gov/gene/34331,1.2547,3.63086e-06,OSD-207
https://purl.org/okn/frink/kg/spoke-genelab/node/OSD-207-b85a532693b63036252b8f9e7c546d9f,ND-42,http://purl.obolibrary.org/obo/NCBITaxon_7227,http://www.ncbi.nlm.nih.gov/gene/42591,-1.13511,3.29637e-11,OSD-207
https://purl.org/okn/frink/kg/spoke-genelab/node/OSD-207-b85a532693b63036252b8f9e7c546d9f,lncRNA:CR45018,http://purl.obolibrary.org/obo/NCBITaxon_7227,http://www.ncbi.nlm.nih.gov/gene/19835567,1.16612,3.21233e-05,OSD-207
https://purl.org/okn/frink/kg/spoke-genelab/node/OSD-207-b85a532693b63036252b8f9e7c546d9f,CG10177,http://purl.obolibrary.org/obo/NCBITaxon_7227,http://www.ncbi.nlm.nih.gov/gene/42772,-2.42963,0.00885731,OSD-207
https://purl.org/okn/frink/kg/spoke-genelab/node/OSD-207-b85a532693b63036252b8f9e7c546d9f,CG42365,http://purl.obolibrary.org/obo/NCBITaxon_7227,http://www.ncbi.nlm.nih.gov/gene/37469,1.23315,0.00289219,OSD-207
https://purl.org/okn/frink/kg/spoke-genelab/node/OSD-207-b85a532693b63036252b8f9e7c546d9f,Sodh-2,http://purl.obolibrary.org/obo/NCBITaxon_7227,http://www.ncbi.nlm.nih.gov/gene/41313,-1.36672,0.00292404,OSD-207
https://purl.org/okn/frink/kg/spoke-genelab/node/OSD-207-b85a532693b63036252b8f9e7c546d9f,CG13247,http://purl.obolibrary.org/obo/NCBITaxon_7227,http://www.ncbi.nlm.nih.gov/gene/40247,-1.41782,0.0181514,OSD-207
https://purl.org/okn/frink/kg/spoke-genelab/node/OSD-207-b85a532693b63036252b8f9e7c546d9f,scpr-C,http://purl.obolibrary.org/obo/NCBITaxon_7227,http://www.ncbi.nlm.nih.gov/gene/41348,2.06523,0.000300815,OSD-207
https://purl.org/okn/frink/kg/spoke-genelab/node/OSD-207-b85a532693b63036252b8f9e7c546d9f,CG43691,http://purl.obolibrary.org/obo/NCBITaxon_7227,http://www.ncbi.nlm.nih.gov/gene/14462585,7.2356,0.000506603,OSD-207
https://purl.org/okn/frink/kg/spoke-genelab/node/OSD-207-b85a532693b63036252b8f9e7c546d9f,Elba2,http://purl.obolibrary.org/obo/NCBITaxon_7227,http://www.ncbi.nlm.nih.gov/gene/33442,2.04695,1.36666e-05,OSD-207
https://purl.org/okn/frink/kg/spoke-genelab/node/OSD-207-b85a532693b63036252b8f9e7c546d9f,CG15530,http://purl.obolibrary.org/obo/NCBITaxon_7227,http://www.ncbi.nlm.nih.gov/gene/43589,-3.31595,0.000958326,OSD-207
https://purl.org/okn/frink/kg/spoke-genelab/node/OSD-207-b85a532693b63036252b8f9e7c546d9f,SIFa,http://purl.obolibrary.org/obo/NCBITaxon_7227,http://www.ncbi.nlm.nih.gov/gene/3346202,-1.80191,1.75082e-06,OSD-207
https://purl.org/okn/frink/kg/spoke-genelab/node/OSD-207-b85a532693b63036252b8f9e7c546d9f,COX5A,http://purl.obolibrary.org/obo/NCBITaxon_7227,http://www.ncbi.nlm.nih.gov/gene/41432,-1.14669,5.96502e-12,OSD-207
https://purl.org/okn/frink/kg/spoke-genelab/node/OSD-207-b85a532693b63036252b8f9e7c546d9f,AGO3,http://purl.obolibrary.org/obo/NCBITaxon_7227,http://www.ncbi.nlm.nih.gov/gene/3355150,1.4048,0.000393244,OSD-207
https://purl.org/okn/frink/kg/spoke-genelab/node/OSD-207-b85a532693b63036252b8f9e7c546d9f,upd3,http://purl.obolibrary.org/obo/NCBITaxon_7227,http://www.ncbi.nlm.nih.gov/gene/3346149,4.71095,5.21993e-06,OSD-207
https://purl.org/okn/frink/kg/spoke-genelab/node/OSD-207-b85a532693b63036252b8f9e7c546d9f,CAH4,http://purl.obolibrary.org/obo/NCBITaxon_7227,http://www.ncbi.nlm.nih.gov/gene/42965,-2.38566,0.0169896,OSD-207
https://purl.org/okn/frink/kg/spoke-genelab/node/OSD-207-b85a532693b63036252b8f9e7c546d9f,CG13203,http://purl.obolibrary.org/obo/NCBITaxon_7227,http://www.ncbi.nlm.nih.gov/gene/36229,-1.04362,0.000154116,OSD-207
https://purl.org/okn/frink/kg/spoke-genelab/node/OSD-207-b85a532693b63036252b8f9e7c546d9f,Sam-S,http://purl.obolibrary.org/obo/NCBITaxon_7227,http://www.ncbi.nlm.nih.gov/gene/48552,1.23009,0.000301096,OSD-207
https://purl.org/okn/frink/kg/spoke-genelab/node/OSD-207-b85a532693b63036252b8f9e7c546d9f,Ugt305A1,http://purl.obolibrary.org/obo/NCBITaxon_7227,http://www.ncbi.nlm.nih.gov/gene/59217,1.74335,0.00529595,OSD-207
https://purl.org/okn/frink/kg/spoke-genelab/node/OSD-207-b85a532693b63036252b8f9e7c546d9f,CG13700,http://purl.obolibrary.org/obo/NCBITaxon_7227,http://www.ncbi.nlm.nih.gov/gene/40013,2.81533,0.0155164,OSD-207
https://purl.org/okn/frink/kg/spoke-genelab/node/OSD-207-b85a532693b63036252b8f9e7c546d9f,CG11318,http://purl.obolibrary.org/obo/NCBITaxon_7227,http://www.ncbi.nlm.nih.gov/gene/43678,3.83412,0.00912131,OSD-207
https://purl.org/okn/frink/kg/spoke-genelab/node/OSD-207-b85a532693b63036252b8f9e7c546d9f,CG10005,http://purl.obolibrary.org/obo/NCBITaxon_7227,http://www.ncbi.nlm.nih.gov/gene/41451,-1.87049,0.00181401,OSD-207
https://purl.org/okn/frink/kg/spoke-genelab/node/OSD-207-b85a532693b63036252b8f9e7c546d9f,Gpo1,http://purl.obolibrary.org/obo/NCBITaxon_7227,http://www.ncbi.nlm.nih.gov/gene/47611,-1.05952,7.02327e-07,OSD-207
https://purl.org/okn/frink/kg/spoke-genelab/node/OSD-207-b85a532693b63036252b8f9e7c546d9f,CG15545,http://purl.obolibrary.org/obo/NCBITaxon_7227,http://www.ncbi.nlm.nih.gov/gene/43658,-2.91878,4.36725e-07,OSD-207
https://purl.org/okn/frink/kg/spoke-genelab/node/OSD-207-b85a532693b63036252b8f9e7c546d9f,CycE,http://purl.obolibrary.org/obo/NCBITaxon_7227,http://www.ncbi.nlm.nih.gov/gene/34924,-1.03395,0.000362875,OSD-207
https://purl.org/okn/frink/kg/spoke-genelab/node/OSD-207-b85a532693b63036252b8f9e7c546d9f,Scp1,http://purl.obolibrary.org/obo/NCBITaxon_7227,http://www.ncbi.nlm.nih.gov/gene/3355102,-5.37708,2.6709e-10,OSD-207
https://purl.org/okn/frink/kg/spoke-genelab/node/OSD-207-b85a532693b63036252b8f9e7c546d9f,Nnf1b,http://purl.obolibrary.org/obo/NCBITaxon_7227,http://www.ncbi.nlm.nih.gov/gene/318874,2.39773,5.70041e-06,OSD-207
https://purl.org/okn/frink/kg/spoke-genelab/node/OSD-207-b85a532693b63036252b8f9e7c546d9f,Obp83b,http://purl.obolibrary.org/obo/NCBITaxon_7227,http://www.ncbi.nlm.nih.gov/gene/40738,1.51558,3.48477e-06,OSD-207
https://purl.org/okn/frink/kg/spoke-genelab/node/OSD-207-b85a532693b63036252b8f9e7c546d9f,CG33514,http://purl.obolibrary.org/obo/NCBITaxon_7227,http://www.ncbi.nlm.nih.gov/gene/3346239,-1.59204,0.0133502,OSD-207
https://purl.org/okn/frink/kg/spoke-genelab/node/OSD-207-b85a532693b63036252b8f9e7c546d9f,Cyt-c1L,http://purl.obolibrary.org/obo/NCBITaxon_7227,http://www.ncbi.nlm.nih.gov/gene/43457,-1.25744,0.0159161,OSD-207
https://purl.org/okn/frink/kg/spoke-genelab/node/OSD-207-b85a532693b63036252b8f9e7c546d9f,CG14410,http://purl.obolibrary.org/obo/NCBITaxon_7227,http://www.ncbi.nlm.nih.gov/gene/32409,2.22747,0.00986897,OSD-207
https://purl.org/okn/frink/kg/spoke-genelab/node/OSD-207-b85a532693b63036252b8f9e7c546d9f,CG16736,http://purl.obolibrary.org/obo/NCBITaxon_7227,http://www.ncbi.nlm.nih.gov/gene/41101,3.79042,0.00343303,OSD-207
https://purl.org/okn/frink/kg/spoke-genelab/node/OSD-207-b85a532693b63036252b8f9e7c546d9f,CG42663,http://purl.obolibrary.org/obo/NCBITaxon_7227,http://www.ncbi.nlm.nih.gov/gene/36403,-1.14933,3.26049e-08,OSD-207
https://purl.org/okn/frink/kg/spoke-genelab/node/OSD-207-b85a532693b63036252b8f9e7c546d9f,CG17261,http://purl.obolibrary.org/obo/NCBITaxon_7227,http://www.ncbi.nlm.nih.gov/gene/33522,-1.11329,0.0306646,OSD-207
https://purl.org/okn/frink/kg/spoke-genelab/node/OSD-207-b85a532693b63036252b8f9e7c546d9f,CG42272,http://purl.obolibrary.org/obo/NCBITaxon_7227,http://www.ncbi.nlm.nih.gov/gene/318020,-1.42232,0.00105162,OSD-207
https://purl.org/okn/frink/kg/spoke-genelab/node/OSD-207-b85a532693b63036252b8f9e7c546d9f,CG11674,http://purl.obolibrary.org/obo/NCBITaxon_7227,http://www.ncbi.nlm.nih.gov/gene/32374,-3.54894,0.0397407,OSD-207
https://purl.org/okn/frink/kg/spoke-genelab/node/OSD-207-b85a532693b63036252b8f9e7c546d9f,GlyP,http://purl.obolibrary.org/obo/NCBITaxon_7227,http://www.ncbi.nlm.nih.gov/gene/33386,-2.92076,1.82493e-13,OSD-207
https://purl.org/okn/frink/kg/spoke-genelab/node/OSD-207-b85a532693b63036252b8f9e7c546d9f,CG15418,http://purl.obolibrary.org/obo/NCBITaxon_7227,http://www.ncbi.nlm.nih.gov/gene/33585,-2.20768,0.0384379,OSD-207
https://purl.org/okn/frink/kg/spoke-genelab/node/OSD-207-b85a532693b63036252b8f9e7c546d9f,CG6333,http://purl.obolibrary.org/obo/NCBITaxon_7227,http://www.ncbi.nlm.nih.gov/gene/39953,2.57594,6.43653e-08,OSD-207
https://purl.org/okn/frink/kg/spoke-genelab/node/OSD-207-b85a532693b63036252b8f9e7c546d9f,FANCI,http://purl.obolibrary.org/obo/NCBITaxon_7227,http://www.ncbi.nlm.nih.gov/gene/35895,1.11984,0.00110665,OSD-207
https://purl.org/okn/frink/kg/spoke-genelab/node/OSD-207-b85a532693b63036252b8f9e7c546d9f,AOX4,http://purl.obolibrary.org/obo/NCBITaxon_7227,http://www.ncbi.nlm.nih.gov/gene/41897,1.18685,0.0218007,OSD-207
https://purl.org/okn/frink/kg/spoke-genelab/node/OSD-207-b85a532693b63036252b8f9e7c546d9f,knon,http://purl.obolibrary.org/obo/NCBITaxon_7227,http://www.ncbi.nlm.nih.gov/gene/36845,-3.54709,0.0489192,OSD-207
https://purl.org/okn/frink/kg/spoke-genelab/node/OSD-207-b85a532693b63036252b8f9e7c546d9f,CycB3,http://purl.obolibrary.org/obo/NCBITaxon_7227,http://www.ncbi.nlm.nih.gov/gene/42971,2.27079,1.52077e-07,OSD-207
https://purl.org/okn/frink/kg/spoke-genelab/node/OSD-207-b85a532693b63036252b8f9e7c546d9f,CG12256,http://purl.obolibrary.org/obo/NCBITaxon_7227,http://www.ncbi.nlm.nih.gov/gene/14462452,2.55988,0.000880796,OSD-207
https://purl.org/okn/frink/kg/spoke-genelab/node/OSD-207-b85a532693b63036252b8f9e7c546d9f,Spn43Aa,http://purl.obolibrary.org/obo/NCBITaxon_7227,http://www.ncbi.nlm.nih.gov/gene/45041,-2.47392,0.00137108,OSD-207
https://purl.org/okn/frink/kg/spoke-genelab/node/OSD-207-b85a532693b63036252b8f9e7c546d9f,CG14342,http://purl.obolibrary.org/obo/NCBITaxon_7227,http://www.ncbi.nlm.nih.gov/gene/33310,-1.32068,0.000694333,OSD-207
https://purl.org/okn/frink/kg/spoke-genelab/node/OSD-207-b85a532693b63036252b8f9e7c546d9f,stg,http://purl.obolibrary.org/obo/NCBITaxon_7227,http://www.ncbi.nlm.nih.gov/gene/43466,-1.88811,0.000928058,OSD-207
https://purl.org/okn/frink/kg/spoke-genelab/node/OSD-207-b85a532693b63036252b8f9e7c546d9f,Zasp52,http://purl.obolibrary.org/obo/NCBITaxon_7227,http://www.ncbi.nlm.nih.gov/gene/36740,-1.52058,8.61571e-13,OSD-207
https://purl.org/okn/frink/kg/spoke-genelab/node/OSD-207-b85a532693b63036252b8f9e7c546d9f,CG17118,http://purl.obolibrary.org/obo/NCBITaxon_7227,http://www.ncbi.nlm.nih.gov/gene/34478,-1.53194,0.0235961,OSD-207
https://purl.org/okn/frink/kg/spoke-genelab/node/OSD-207-b85a532693b63036252b8f9e7c546d9f,CG32447,http://purl.obolibrary.org/obo/NCBITaxon_7227,http://www.ncbi.nlm.nih.gov/gene/40412,-1.59867,9.82044e-06,OSD-207
https://purl.org/okn/frink/kg/spoke-genelab/node/OSD-207-b85a532693b63036252b8f9e7c546d9f,insc,http://purl.obolibrary.org/obo/NCBITaxon_7227,http://www.ncbi.nlm.nih.gov/gene/37355,1.0404,0.0022679,OSD-207
https://purl.org/okn/frink/kg/spoke-genelab/node/OSD-207-b85a532693b63036252b8f9e7c546d9f,CG4836,http://purl.obolibrary.org/obo/NCBITaxon_7227,http://www.ncbi.nlm.nih.gov/gene/42387,2.78043,0.0455673,OSD-207
https://purl.org/okn/frink/kg/spoke-genelab/node/OSD-207-b85a532693b63036252b8f9e7c546d9f,CG4681,http://purl.obolibrary.org/obo/NCBITaxon_7227,http://www.ncbi.nlm.nih.gov/gene/37928,-1.58499,0.0295065,OSD-207
https://purl.org/okn/frink/kg/spoke-genelab/node/OSD-207-b85a532693b63036252b8f9e7c546d9f,COX4,http://purl.obolibrary.org/obo/NCBITaxon_7227,http://www.ncbi.nlm.nih.gov/gene/35279,-1.04273,1.75203e-11,OSD-207
https://purl.org/okn/frink/kg/spoke-genelab/node/OSD-207-b85a532693b63036252b8f9e7c546d9f,Desi,http://purl.obolibrary.org/obo/NCBITaxon_7227,http://www.ncbi.nlm.nih.gov/gene/41292,-1.59212,0.0362284,OSD-207
https://purl.org/okn/frink/kg/spoke-genelab/node/OSD-207-b85a532693b63036252b8f9e7c546d9f,CG8478,http://purl.obolibrary.org/obo/NCBITaxon_7227,http://www.ncbi.nlm.nih.gov/gene/41194,1.79487,0.000574082,OSD-207
https://purl.org/okn/frink/kg/spoke-genelab/node/OSD-207-b85a532693b63036252b8f9e7c546d9f,CG7024,http://purl.obolibrary.org/obo/NCBITaxon_7227,http://www.ncbi.nlm.nih.gov/gene/31407,-1.06947,0.0475568,OSD-207
https://purl.org/okn/frink/kg/spoke-genelab/node/OSD-207-b85a532693b63036252b8f9e7c546d9f,CG32228,http://purl.obolibrary.org/obo/NCBITaxon_7227,http://www.ncbi.nlm.nih.gov/gene/326202,-1.29448,0.0155028,OSD-207
https://purl.org/okn/frink/kg/spoke-genelab/node/OSD-207-b85a532693b63036252b8f9e7c546d9f,CG42323,http://purl.obolibrary.org/obo/NCBITaxon_7227,http://www.ncbi.nlm.nih.gov/gene/32825,-3.57173,0.000107745,OSD-207
https://purl.org/okn/frink/kg/spoke-genelab/node/OSD-207-b85a532693b63036252b8f9e7c546d9f,Lfg,http://purl.obolibrary.org/obo/NCBITaxon_7227,http://www.ncbi.nlm.nih.gov/gene/36418,2.51676,3.74757e-08,OSD-207
https://purl.org/okn/frink/kg/spoke-genelab/node/OSD-207-b85a532693b63036252b8f9e7c546d9f,DIP-zeta,http://purl.obolibrary.org/obo/NCBITaxon_7227,http://www.ncbi.nlm.nih.gov/gene/34231,-1.0326,3.22705e-09,OSD-207
https://purl.org/okn/frink/kg/spoke-genelab/node/OSD-207-b85a532693b63036252b8f9e7c546d9f,CG3604,http://purl.obolibrary.org/obo/NCBITaxon_7227,http://www.ncbi.nlm.nih.gov/gene/33593,1.73244,3.89819e-05,OSD-207
https://purl.org/okn/frink/kg/spoke-genelab/node/OSD-207-b85a532693b63036252b8f9e7c546d9f,Cyp4ae1,http://purl.obolibrary.org/obo/NCBITaxon_7227,http://www.ncbi.nlm.nih.gov/gene/31193,-1.02434,4.98634e-07,OSD-207
https://purl.org/okn/frink/kg/spoke-genelab/node/OSD-207-b85a532693b63036252b8f9e7c546d9f,Snap25,http://purl.obolibrary.org/obo/NCBITaxon_7227,http://www.ncbi.nlm.nih.gov/gene/3355084,-1.05938,1.24819e-08,OSD-207
https://purl.org/okn/frink/kg/spoke-genelab/node/OSD-207-b85a532693b63036252b8f9e7c546d9f,CG43245,http://purl.obolibrary.org/obo/NCBITaxon_7227,http://www.ncbi.nlm.nih.gov/gene/12798172,-3.68735,0.0263952,OSD-207
https://purl.org/okn/frink/kg/spoke-genelab/node/OSD-207-b85a532693b63036252b8f9e7c546d9f,ATPsynG,http://purl.obolibrary.org/obo/NCBITaxon_7227,http://www.ncbi.nlm.nih.gov/gene/46069,-1.21476,4.99125e-13,OSD-207
https://purl.org/okn/frink/kg/spoke-genelab/node/OSD-207-b85a532693b63036252b8f9e7c546d9f,CG14257,http://purl.obolibrary.org/obo/NCBITaxon_7227,http://www.ncbi.nlm.nih.gov/gene/43257,-2.27017,4.86957e-09,OSD-207
https://purl.org/okn/frink/kg/spoke-genelab/node/OSD-207-b85a532693b63036252b8f9e7c546d9f,CG12206,http://purl.obolibrary.org/obo/NCBITaxon_7227,http://www.ncbi.nlm.nih.gov/gene/31316,-4.54231,1.42808e-06,OSD-207
https://purl.org/okn/frink/kg/spoke-genelab/node/OSD-207-b85a532693b63036252b8f9e7c546d9f,CG3679,http://purl.obolibrary.org/obo/NCBITaxon_7227,http://www.ncbi.nlm.nih.gov/gene/32591,2.39448,0.000677294,OSD-207
https://purl.org/okn/frink/kg/spoke-genelab/node/OSD-207-b85a532693b63036252b8f9e7c546d9f,CG13743,http://purl.obolibrary.org/obo/NCBITaxon_7227,http://www.ncbi.nlm.nih.gov/gene/35911,-1.24543,2.18134e-18,OSD-207
https://purl.org/okn/frink/kg/spoke-genelab/node/OSD-207-b85a532693b63036252b8f9e7c546d9f,Cyp4p2,http://purl.obolibrary.org/obo/NCBITaxon_7227,http://www.ncbi.nlm.nih.gov/gene/35946,1.46876,0.0233589,OSD-207
https://purl.org/okn/frink/kg/spoke-genelab/node/OSD-207-b85a532693b63036252b8f9e7c546d9f,vkg,http://purl.obolibrary.org/obo/NCBITaxon_7227,http://www.ncbi.nlm.nih.gov/gene/33726,-1.71196,1.09305e-09,OSD-207
https://purl.org/okn/frink/kg/spoke-genelab/node/OSD-207-b85a532693b63036252b8f9e7c546d9f,CG3823,http://purl.obolibrary.org/obo/NCBITaxon_7227,http://www.ncbi.nlm.nih.gov/gene/31573,-1.2482,0.00814116,OSD-207
https://purl.org/okn/frink/kg/spoke-genelab/node/OSD-207-b85a532693b63036252b8f9e7c546d9f,CG13215,http://purl.obolibrary.org/obo/NCBITaxon_7227,http://www.ncbi.nlm.nih.gov/gene/36182,4.63571,0.000176701,OSD-207
https://purl.org/okn/frink/kg/spoke-genelab/node/OSD-207-b85a532693b63036252b8f9e7c546d9f,CG31473,http://purl.obolibrary.org/obo/NCBITaxon_7227,http://www.ncbi.nlm.nih.gov/gene/318753,-1.56778,8.67328e-06,OSD-207
https://purl.org/okn/frink/kg/spoke-genelab/node/OSD-207-b85a532693b63036252b8f9e7c546d9f,Trf4-2,http://purl.obolibrary.org/obo/NCBITaxon_7227,http://www.ncbi.nlm.nih.gov/gene/42983,2.15734,0.0325335,OSD-207
https://purl.org/okn/frink/kg/spoke-genelab/node/OSD-207-b85a532693b63036252b8f9e7c546d9f,Rh50,http://purl.obolibrary.org/obo/NCBITaxon_7227,http://www.ncbi.nlm.nih.gov/gene/38589,-1.64917,1.76834e-14,OSD-207
https://purl.org/okn/frink/kg/spoke-genelab/node/OSD-207-b85a532693b63036252b8f9e7c546d9f,CG8568,http://purl.obolibrary.org/obo/NCBITaxon_7227,http://www.ncbi.nlm.nih.gov/gene/32728,-2.81608,9.71443e-08,OSD-207
https://purl.org/okn/frink/kg/spoke-genelab/node/OSD-207-b85a532693b63036252b8f9e7c546d9f,CG14814,http://purl.obolibrary.org/obo/NCBITaxon_7227,http://www.ncbi.nlm.nih.gov/gene/31139,1.01466,0.00490679,OSD-207
https://purl.org/okn/frink/kg/spoke-genelab/node/OSD-207-b85a532693b63036252b8f9e7c546d9f,CG13742,http://purl.obolibrary.org/obo/NCBITaxon_7227,http://www.ncbi.nlm.nih.gov/gene/35916,2.69955,1.38315e-11,OSD-207
https://purl.org/okn/frink/kg/spoke-genelab/node/OSD-207-b85a532693b63036252b8f9e7c546d9f,eIF4E7,http://purl.obolibrary.org/obo/NCBITaxon_7227,http://www.ncbi.nlm.nih.gov/gene/31059,-4.6824,0.0115976,OSD-207
https://purl.org/okn/frink/kg/spoke-genelab/node/OSD-207-b85a532693b63036252b8f9e7c546d9f,CG31777,http://purl.obolibrary.org/obo/NCBITaxon_7227,http://www.ncbi.nlm.nih.gov/gene/261617,1.08535,0.002347,OSD-207
https://purl.org/okn/frink/kg/spoke-genelab/node/OSD-207-b85a532693b63036252b8f9e7c546d9f,dpr15,http://purl.obolibrary.org/obo/NCBITaxon_7227,http://www.ncbi.nlm.nih.gov/gene/41473,-1.00787,1.25809e-10,OSD-207
https://purl.org/okn/frink/kg/spoke-genelab/node/OSD-207-b85a532693b63036252b8f9e7c546d9f,CG33673,http://purl.obolibrary.org/obo/NCBITaxon_7227,http://www.ncbi.nlm.nih.gov/gene/3772423,3.63139,0.018866,OSD-207
https://purl.org/okn/frink/kg/spoke-genelab/node/OSD-207-b85a532693b63036252b8f9e7c546d9f,lectin-24A,http://purl.obolibrary.org/obo/NCBITaxon_7227,http://www.ncbi.nlm.nih.gov/gene/53543,4.35989,1.42064e-10,OSD-207
https://purl.org/okn/frink/kg/spoke-genelab/node/OSD-207-b85a532693b63036252b8f9e7c546d9f,PLCXD,http://purl.obolibrary.org/obo/NCBITaxon_7227,http://www.ncbi.nlm.nih.gov/gene/34623,-1.07938,4.91757e-07,OSD-207
https://purl.org/okn/frink/kg/spoke-genelab/node/OSD-207-b85a532693b63036252b8f9e7c546d9f,Zwilch,http://purl.obolibrary.org/obo/NCBITaxon_7227,http://www.ncbi.nlm.nih.gov/gene/59247,1.62304,0.00980506,OSD-207
https://purl.org/okn/frink/kg/spoke-genelab/node/OSD-207-b85a532693b63036252b8f9e7c546d9f,mey,http://purl.obolibrary.org/obo/NCBITaxon_7227,http://www.ncbi.nlm.nih.gov/gene/43715,-2.4683,0.0272793,OSD-207
https://purl.org/okn/frink/kg/spoke-genelab/node/OSD-207-b85a532693b63036252b8f9e7c546d9f,CG17672,http://purl.obolibrary.org/obo/NCBITaxon_7227,http://www.ncbi.nlm.nih.gov/gene/4379911,-2.56852,0.0217133,OSD-207
https://purl.org/okn/frink/kg/spoke-genelab/node/OSD-207-b85a532693b63036252b8f9e7c546d9f,Calx,http://purl.obolibrary.org/obo/NCBITaxon_7227,http://www.ncbi.nlm.nih.gov/gene/42481,-1.03368,2.50276e-11,OSD-207
https://purl.org/okn/frink/kg/spoke-genelab/node/OSD-207-b85a532693b63036252b8f9e7c546d9f,wcd,http://purl.obolibrary.org/obo/NCBITaxon_7227,http://www.ncbi.nlm.nih.gov/gene/36831,1.33415,3.56867e-06,OSD-207
https://purl.org/okn/frink/kg/spoke-genelab/node/OSD-207-b85a532693b63036252b8f9e7c546d9f,CG14566,http://purl.obolibrary.org/obo/NCBITaxon_7227,http://www.ncbi.nlm.nih.gov/gene/40421,-2.29454,0.012695,OSD-207
https://purl.org/okn/frink/kg/spoke-genelab/node/OSD-207-b85a532693b63036252b8f9e7c546d9f,CG12826,http://purl.obolibrary.org/obo/NCBITaxon_7227,http://www.ncbi.nlm.nih.gov/gene/35710,2.58069,0.00452542,OSD-207
https://purl.org/okn/frink/kg/spoke-genelab/node/OSD-207-b85a532693b63036252b8f9e7c546d9f,CG32726,http://purl.obolibrary.org/obo/NCBITaxon_7227,http://www.ncbi.nlm.nih.gov/gene/318175,1.81324,4.44004e-12,OSD-207
https://purl.org/okn/frink/kg/spoke-genelab/node/OSD-207-b85a532693b63036252b8f9e7c546d9f,Mdh2,http://purl.obolibrary.org/obo/NCBITaxon_7227,http://www.ncbi.nlm.nih.gov/gene/42185,-1.37075,9.99129e-16,OSD-207
https://purl.org/okn/frink/kg/spoke-genelab/node/OSD-207-b85a532693b63036252b8f9e7c546d9f,Idh3a,http://purl.obolibrary.org/obo/NCBITaxon_7227,http://www.ncbi.nlm.nih.gov/gene/32940,-1.54658,1.51851e-14,OSD-207
https://purl.org/okn/frink/kg/spoke-genelab/node/OSD-207-b85a532693b63036252b8f9e7c546d9f,CG31465,http://purl.obolibrary.org/obo/NCBITaxon_7227,http://www.ncbi.nlm.nih.gov/gene/42577,2.39179,0.0341372,OSD-207
https://purl.org/okn/frink/kg/spoke-genelab/node/OSD-207-b85a532693b63036252b8f9e7c546d9f,CG18273,http://purl.obolibrary.org/obo/NCBITaxon_7227,http://www.ncbi.nlm.nih.gov/gene/30991,1.04318,0.000503482,OSD-207
https://purl.org/okn/frink/kg/spoke-genelab/node/OSD-207-b85a532693b63036252b8f9e7c546d9f,fw,http://purl.obolibrary.org/obo/NCBITaxon_7227,http://www.ncbi.nlm.nih.gov/gene/32162,-2.24223,1.26864e-11,OSD-207
https://purl.org/okn/frink/kg/spoke-genelab/node/OSD-207-b85a532693b63036252b8f9e7c546d9f,CG32037,http://purl.obolibrary.org/obo/NCBITaxon_7227,http://www.ncbi.nlm.nih.gov/gene/326183,-1.59105,6.32005e-05,OSD-207
https://purl.org/okn/frink/kg/spoke-genelab/node/OSD-207-b85a532693b63036252b8f9e7c546d9f,E(spl)m3-HLH,http://purl.obolibrary.org/obo/NCBITaxon_7227,http://www.ncbi.nlm.nih.gov/gene/43156,-1.43847,2.23809e-05,OSD-207
https://purl.org/okn/frink/kg/spoke-genelab/node/OSD-207-b85a532693b63036252b8f9e7c546d9f,cyr,http://purl.obolibrary.org/obo/NCBITaxon_7227,http://www.ncbi.nlm.nih.gov/gene/31733,-1.76746,0.00851255,OSD-207
https://purl.org/okn/frink/kg/spoke-genelab/node/OSD-207-b85a532693b63036252b8f9e7c546d9f,Irk1,http://purl.obolibrary.org/obo/NCBITaxon_7227,http://www.ncbi.nlm.nih.gov/gene/42742,1.07676,0.000266018,OSD-207
https://purl.org/okn/frink/kg/spoke-genelab/node/OSD-207-b85a532693b63036252b8f9e7c546d9f,Vha68-1,http://purl.obolibrary.org/obo/NCBITaxon_7227,http://www.ncbi.nlm.nih.gov/gene/45668,-1.15658,4.50503e-18,OSD-207
https://purl.org/okn/frink/kg/spoke-genelab/node/OSD-207-b85a532693b63036252b8f9e7c546d9f,Rpi,http://purl.obolibrary.org/obo/NCBITaxon_7227,http://www.ncbi.nlm.nih.gov/gene/246599,-1.45589,5.96502e-12,OSD-207
https://purl.org/okn/frink/kg/spoke-genelab/node/OSD-207-b85a532693b63036252b8f9e7c546d9f,Ugt37B1,http://purl.obolibrary.org/obo/NCBITaxon_7227,http://www.ncbi.nlm.nih.gov/gene/53584,-4.17897,0.00626702,OSD-207
https://purl.org/okn/frink/kg/spoke-genelab/node/OSD-207-b85a532693b63036252b8f9e7c546d9f,Mink,http://purl.obolibrary.org/obo/NCBITaxon_7227,http://www.ncbi.nlm.nih.gov/gene/42982,1.74903,8.50083e-05,OSD-207
https://purl.org/okn/frink/kg/spoke-genelab/node/OSD-207-b85a532693b63036252b8f9e7c546d9f,Cyp6t3,http://purl.obolibrary.org/obo/NCBITaxon_7227,http://www.ncbi.nlm.nih.gov/gene/36318,1.03111,0.000978739,OSD-207
https://purl.org/okn/frink/kg/spoke-genelab/node/OSD-207-b85a532693b63036252b8f9e7c546d9f,Peritrophin-15a,http://purl.obolibrary.org/obo/NCBITaxon_7227,http://www.ncbi.nlm.nih.gov/gene/50433,4.38258,0.00269674,OSD-207
https://purl.org/okn/frink/kg/spoke-genelab/node/OSD-207-b85a532693b63036252b8f9e7c546d9f,tej,http://purl.obolibrary.org/obo/NCBITaxon_7227,http://www.ncbi.nlm.nih.gov/gene/36590,-1.93644,0.00817397,OSD-207
https://purl.org/okn/frink/kg/spoke-genelab/node/OSD-207-b85a532693b63036252b8f9e7c546d9f,CG11327,http://purl.obolibrary.org/obo/NCBITaxon_7227,http://www.ncbi.nlm.nih.gov/gene/33940,-2.97839,0.00408155,OSD-207
https://purl.org/okn/frink/kg/spoke-genelab/node/OSD-207-b85a532693b63036252b8f9e7c546d9f,FoxP,http://purl.obolibrary.org/obo/NCBITaxon_7227,http://www.ncbi.nlm.nih.gov/gene/41182,-1.26662,3.04236e-13,OSD-207
https://purl.org/okn/frink/kg/spoke-genelab/node/OSD-207-b85a532693b63036252b8f9e7c546d9f,CG8664,http://purl.obolibrary.org/obo/NCBITaxon_7227,http://www.ncbi.nlm.nih.gov/gene/32719,-6.77445,0.00206385,OSD-207
https://purl.org/okn/frink/kg/spoke-genelab/node/OSD-207-b85a532693b63036252b8f9e7c546d9f,CG14567,http://purl.obolibrary.org/obo/NCBITaxon_7227,http://www.ncbi.nlm.nih.gov/gene/40420,3.01534,1.534e-07,OSD-207
https://purl.org/okn/frink/kg/spoke-genelab/node/OSD-207-b85a532693b63036252b8f9e7c546d9f,CG13168,http://purl.obolibrary.org/obo/NCBITaxon_7227,http://www.ncbi.nlm.nih.gov/gene/36327,-1.88801,0.00223216,OSD-207
https://purl.org/okn/frink/kg/spoke-genelab/node/OSD-207-b85a532693b63036252b8f9e7c546d9f,CG31445,http://purl.obolibrary.org/obo/NCBITaxon_7227,http://www.ncbi.nlm.nih.gov/gene/326140,1.27621,4.18798e-08,OSD-207
https://purl.org/okn/frink/kg/spoke-genelab/node/OSD-207-b85a532693b63036252b8f9e7c546d9f,CR11023,http://purl.obolibrary.org/obo/NCBITaxon_7227,http://www.ncbi.nlm.nih.gov/gene/33155,5.07323,0.000398275,OSD-207
https://purl.org/okn/frink/kg/spoke-genelab/node/OSD-207-b85a532693b63036252b8f9e7c546d9f,CG31760,http://purl.obolibrary.org/obo/NCBITaxon_7227,http://www.ncbi.nlm.nih.gov/gene/34642,-1.0196,6.29407e-11,OSD-207
https://purl.org/okn/frink/kg/spoke-genelab/node/OSD-207-b85a532693b63036252b8f9e7c546d9f,AANATL2,http://purl.obolibrary.org/obo/NCBITaxon_7227,http://www.ncbi.nlm.nih.gov/gene/33874,-1.55435,1.98438e-06,OSD-207
https://purl.org/okn/frink/kg/spoke-genelab/node/OSD-207-b85a532693b63036252b8f9e7c546d9f,dgt5,http://purl.obolibrary.org/obo/NCBITaxon_7227,http://www.ncbi.nlm.nih.gov/gene/36364,1.0704,0.000102292,OSD-207
https://purl.org/okn/frink/kg/spoke-genelab/node/OSD-207-b85a532693b63036252b8f9e7c546d9f,CG11249,http://purl.obolibrary.org/obo/NCBITaxon_7227,http://www.ncbi.nlm.nih.gov/gene/40409,-3.43107,0.00393854,OSD-207
https://purl.org/okn/frink/kg/spoke-genelab/node/OSD-207-b85a532693b63036252b8f9e7c546d9f,UQCR-C1,http://purl.obolibrary.org/obo/NCBITaxon_7227,http://www.ncbi.nlm.nih.gov/gene/41800,-1.00463,8.02721e-12,OSD-207
https://purl.org/okn/frink/kg/spoke-genelab/node/OSD-207-b85a532693b63036252b8f9e7c546d9f,Uhg4,http://purl.obolibrary.org/obo/NCBITaxon_7227,http://www.ncbi.nlm.nih.gov/gene/8673973,1.74672,5.788e-11,OSD-207
https://purl.org/okn/frink/kg/spoke-genelab/node/OSD-207-b85a532693b63036252b8f9e7c546d9f,Mlp84B,http://purl.obolibrary.org/obo/NCBITaxon_7227,http://www.ncbi.nlm.nih.gov/gene/40849,-1.85849,2.22008e-10,OSD-207
https://purl.org/okn/frink/kg/spoke-genelab/node/OSD-207-b85a532693b63036252b8f9e7c546d9f,CG33468,http://purl.obolibrary.org/obo/NCBITaxon_7227,http://www.ncbi.nlm.nih.gov/gene/2768833,2.40374,0.000378393,OSD-207
https://purl.org/okn/frink/kg/spoke-genelab/node/OSD-207-b85a532693b63036252b8f9e7c546d9f,CG13272,http://purl.obolibrary.org/obo/NCBITaxon_7227,http://www.ncbi.nlm.nih.gov/gene/35013,-2.21303,2.80467e-06,OSD-207
https://purl.org/okn/frink/kg/spoke-genelab/node/OSD-207-b85a532693b63036252b8f9e7c546d9f,RpS21,http://purl.obolibrary.org/obo/NCBITaxon_7227,http://www.ncbi.nlm.nih.gov/gene/33487,1.10759,1.01179e-06,OSD-207
https://purl.org/okn/frink/kg/spoke-genelab/node/OSD-207-b85a532693b63036252b8f9e7c546d9f,lncRNA:CR32160,http://purl.obolibrary.org/obo/NCBITaxon_7227,http://www.ncbi.nlm.nih.gov/gene/12797918,-5.85052,0.00100886,OSD-207
https://purl.org/okn/frink/kg/spoke-genelab/node/OSD-207-b85a532693b63036252b8f9e7c546d9f,CG30466,http://purl.obolibrary.org/obo/NCBITaxon_7227,http://www.ncbi.nlm.nih.gov/gene/246629,1.35229,1.2042e-05,OSD-207
https://purl.org/okn/frink/kg/spoke-genelab/node/OSD-207-b85a532693b63036252b8f9e7c546d9f,CG43131,http://purl.obolibrary.org/obo/NCBITaxon_7227,http://www.ncbi.nlm.nih.gov/gene/12798230,-4.19497,0.0208314,OSD-207
https://purl.org/okn/frink/kg/spoke-genelab/node/OSD-207-b85a532693b63036252b8f9e7c546d9f,ATPsynO,http://purl.obolibrary.org/obo/NCBITaxon_7227,http://www.ncbi.nlm.nih.gov/gene/41845,-1.29821,2.39568e-10,OSD-207
https://purl.org/okn/frink/kg/spoke-genelab/node/OSD-207-b85a532693b63036252b8f9e7c546d9f,Nep5,http://purl.obolibrary.org/obo/NCBITaxon_7227,http://www.ncbi.nlm.nih.gov/gene/43255,1.68946,0.000442087,OSD-207
https://purl.org/okn/frink/kg/spoke-genelab/node/OSD-207-b85a532693b63036252b8f9e7c546d9f,CG14662,http://purl.obolibrary.org/obo/NCBITaxon_7227,http://www.ncbi.nlm.nih.gov/gene/40614,-1.92698,0.000236906,OSD-207
https://purl.org/okn/frink/kg/spoke-genelab/node/OSD-207-b85a532693b63036252b8f9e7c546d9f,Apoltp,http://purl.obolibrary.org/obo/NCBITaxon_7227,http://www.ncbi.nlm.nih.gov/gene/34283,1.4091,2.08659e-06,OSD-207
https://purl.org/okn/frink/kg/spoke-genelab/node/OSD-207-b85a532693b63036252b8f9e7c546d9f,MAGE,http://purl.obolibrary.org/obo/NCBITaxon_7227,http://www.ncbi.nlm.nih.gov/gene/40860,1.04407,4.692e-09,OSD-207
https://purl.org/okn/frink/kg/spoke-genelab/node/OSD-207-b85a532693b63036252b8f9e7c546d9f,CG16782,http://purl.obolibrary.org/obo/NCBITaxon_7227,http://www.ncbi.nlm.nih.gov/gene/31313,-4.64664,0.0121704,OSD-207
https://purl.org/okn/frink/kg/spoke-genelab/node/OSD-207-b85a532693b63036252b8f9e7c546d9f,CG5321,http://purl.obolibrary.org/obo/NCBITaxon_7227,http://www.ncbi.nlm.nih.gov/gene/32399,1.13062,0.00580545,OSD-207
https://purl.org/okn/frink/kg/spoke-genelab/node/OSD-207-b85a532693b63036252b8f9e7c546d9f,CG11322,http://purl.obolibrary.org/obo/NCBITaxon_7227,http://www.ncbi.nlm.nih.gov/gene/33949,-2.69787,0.010261,OSD-207
https://purl.org/okn/frink/kg/spoke-genelab/node/OSD-207-b85a532693b63036252b8f9e7c546d9f,CG43778,http://purl.obolibrary.org/obo/NCBITaxon_7227,http://www.ncbi.nlm.nih.gov/gene/34738,-1.3833,2.79941e-12,OSD-207
https://purl.org/okn/frink/kg/spoke-genelab/node/OSD-207-b85a532693b63036252b8f9e7c546d9f,CG6073,http://purl.obolibrary.org/obo/NCBITaxon_7227,http://www.ncbi.nlm.nih.gov/gene/43180,1.01117,0.00034642,OSD-207
https://purl.org/okn/frink/kg/spoke-genelab/node/OSD-207-b85a532693b63036252b8f9e7c546d9f,vret,http://purl.obolibrary.org/obo/NCBITaxon_7227,http://www.ncbi.nlm.nih.gov/gene/42695,1.32572,0.00574999,OSD-207
https://purl.org/okn/frink/kg/spoke-genelab/node/OSD-207-b85a532693b63036252b8f9e7c546d9f,Obp69a,http://purl.obolibrary.org/obo/NCBITaxon_7227,http://www.ncbi.nlm.nih.gov/gene/39411,1.0793,0.000324667,OSD-207
https://purl.org/okn/frink/kg/spoke-genelab/node/OSD-207-b85a532693b63036252b8f9e7c546d9f,Cyp4e2,http://purl.obolibrary.org/obo/NCBITaxon_7227,http://www.ncbi.nlm.nih.gov/gene/35822,1.0164,4.55052e-06,OSD-207
https://purl.org/okn/frink/kg/spoke-genelab/node/OSD-207-b85a532693b63036252b8f9e7c546d9f,CG6891,http://purl.obolibrary.org/obo/NCBITaxon_7227,http://www.ncbi.nlm.nih.gov/gene/32865,-2.73377,0.00018697,OSD-207
https://purl.org/okn/frink/kg/spoke-genelab/node/OSD-207-b85a532693b63036252b8f9e7c546d9f,CG15468,http://purl.obolibrary.org/obo/NCBITaxon_7227,http://www.ncbi.nlm.nih.gov/gene/31426,3.34267,0.0362284,OSD-207
https://purl.org/okn/frink/kg/spoke-genelab/node/OSD-207-b85a532693b63036252b8f9e7c546d9f,CG31516,http://purl.obolibrary.org/obo/NCBITaxon_7227,http://www.ncbi.nlm.nih.gov/gene/318776,3.15288,0.0119997,OSD-207
https://purl.org/okn/frink/kg/spoke-genelab/node/OSD-207-b85a532693b63036252b8f9e7c546d9f,CG14298,http://purl.obolibrary.org/obo/NCBITaxon_7227,http://www.ncbi.nlm.nih.gov/gene/42259,-1.16035,0.00296698,OSD-207
https://purl.org/okn/frink/kg/spoke-genelab/node/OSD-207-b85a532693b63036252b8f9e7c546d9f,CG30395,http://purl.obolibrary.org/obo/NCBITaxon_7227,http://www.ncbi.nlm.nih.gov/gene/246589,-2.31043,0.0399082,OSD-207
https://purl.org/okn/frink/kg/spoke-genelab/node/OSD-207-b85a532693b63036252b8f9e7c546d9f,CG2816,http://purl.obolibrary.org/obo/NCBITaxon_7227,http://www.ncbi.nlm.nih.gov/gene/33595,-1.69943,7.16692e-05,OSD-207
https://purl.org/okn/frink/kg/spoke-genelab/node/OSD-207-b85a532693b63036252b8f9e7c546d9f,Lcp9,http://purl.obolibrary.org/obo/NCBITaxon_7227,http://www.ncbi.nlm.nih.gov/gene/37963,-4.83323,0.025657,OSD-207
https://purl.org/okn/frink/kg/spoke-genelab/node/OSD-207-b85a532693b63036252b8f9e7c546d9f,Myo81F,http://purl.obolibrary.org/obo/NCBITaxon_7227,http://www.ncbi.nlm.nih.gov/gene/26067052,-1.78959,2.02554e-06,OSD-207
https://purl.org/okn/frink/kg/spoke-genelab/node/OSD-207-b85a532693b63036252b8f9e7c546d9f,Lip3,http://purl.obolibrary.org/obo/NCBITaxon_7227,http://www.ncbi.nlm.nih.gov/gene/41643,-1.36343,0.032973,OSD-207
https://purl.org/okn/frink/kg/spoke-genelab/node/OSD-207-ba2f9251efb7e9053a8dd97f9b3b0245,Act79B,http://purl.obolibrary.org/obo/NCBITaxon_7227,http://www.ncbi.nlm.nih.gov/gene/40444,-2.81901,0.000911458,OSD-207
https://purl.org/okn/frink/kg/spoke-genelab/node/OSD-207-ba2f9251efb7e9053a8dd97f9b3b0245,pre-rRNA:CR45856,http://purl.obolibrary.org/obo/NCBITaxon_7227,http://www.ncbi.nlm.nih.gov/gene/26067184,2.74825,0.0384749,OSD-207
https://purl.org/okn/frink/kg/spoke-genelab/node/OSD-207-ba2f9251efb7e9053a8dd97f9b3b0245,DptA,http://purl.obolibrary.org/obo/NCBITaxon_7227,http://www.ncbi.nlm.nih.gov/gene/37183,4.67888,0.000454722,OSD-207
https://purl.org/okn/frink/kg/spoke-genelab/node/OSD-207-ba2f9251efb7e9053a8dd97f9b3b0245,Sb,http://purl.obolibrary.org/obo/NCBITaxon_7227,http://www.ncbi.nlm.nih.gov/gene/41958,-1.86154,0.00033785,OSD-207
https://purl.org/okn/frink/kg/spoke-genelab/node/OSD-207-ba2f9251efb7e9053a8dd97f9b3b0245,opm,http://purl.obolibrary.org/obo/NCBITaxon_7227,http://www.ncbi.nlm.nih.gov/gene/32435,1.34886,0.00933822,OSD-207
https://purl.org/okn/frink/kg/spoke-genelab/node/OSD-207-ba2f9251efb7e9053a8dd97f9b3b0245,asRNA:CR44181,http://purl.obolibrary.org/obo/NCBITaxon_7227,http://www.ncbi.nlm.nih.gov/gene/14462738,2.47369,3.07019e-07,OSD-207
https://purl.org/okn/frink/kg/spoke-genelab/node/OSD-207-ba2f9251efb7e9053a8dd97f9b3b0245,Col4a1,http://purl.obolibrary.org/obo/NCBITaxon_7227,http://www.ncbi.nlm.nih.gov/gene/33727,-1.38904,0.000100442,OSD-207
https://purl.org/okn/frink/kg/spoke-genelab/node/OSD-207-ba2f9251efb7e9053a8dd97f9b3b0245,asRNA:CR45053,http://purl.obolibrary.org/obo/NCBITaxon_7227,http://www.ncbi.nlm.nih.gov/gene/19835086,2.55733,0.0196649,OSD-207
https://purl.org/okn/frink/kg/spoke-genelab/node/OSD-207-ba2f9251efb7e9053a8dd97f9b3b0245,Crys,http://purl.obolibrary.org/obo/NCBITaxon_7227,http://www.ncbi.nlm.nih.gov/gene/34604,-5.54766,5.45051e-11,OSD-207
https://purl.org/okn/frink/kg/spoke-genelab/node/OSD-207-ba2f9251efb7e9053a8dd97f9b3b0245,alphaTub85E,http://purl.obolibrary.org/obo/NCBITaxon_7227,http://www.ncbi.nlm.nih.gov/gene/41183,-7.49173,1.58968e-05,OSD-207
https://purl.org/okn/frink/kg/spoke-genelab/node/OSD-207-ba2f9251efb7e9053a8dd97f9b3b0245,lncRNA:CR45327,http://purl.obolibrary.org/obo/NCBITaxon_7227,http://www.ncbi.nlm.nih.gov/gene/19836258,-1.73627,0.00247794,OSD-207
https://purl.org/okn/frink/kg/spoke-genelab/node/OSD-207-ba2f9251efb7e9053a8dd97f9b3b0245,DNaseII,http://purl.obolibrary.org/obo/NCBITaxon_7227,http://www.ncbi.nlm.nih.gov/gene/48228,1.17911,0.00286043,OSD-207
https://purl.org/okn/frink/kg/spoke-genelab/node/OSD-207-ba2f9251efb7e9053a8dd97f9b3b0245,CG43341,http://purl.obolibrary.org/obo/NCBITaxon_7227,http://www.ncbi.nlm.nih.gov/gene/12798088,-1.06304,0.0322684,OSD-207
https://purl.org/okn/frink/kg/spoke-genelab/node/OSD-207-ba2f9251efb7e9053a8dd97f9b3b0245,asRNA:CR45185,http://purl.obolibrary.org/obo/NCBITaxon_7227,http://www.ncbi.nlm.nih.gov/gene/19835300,-1.73986,0.00813524,OSD-207
https://purl.org/okn/frink/kg/spoke-genelab/node/OSD-207-ba2f9251efb7e9053a8dd97f9b3b0245,asRNA:CR45712,http://purl.obolibrary.org/obo/NCBITaxon_7227,http://www.ncbi.nlm.nih.gov/gene/19834900,-1.45828,0.0130108,OSD-207
https://purl.org/okn/frink/kg/spoke-genelab/node/OSD-207-ba2f9251efb7e9053a8dd97f9b3b0245,CG45273,http://purl.obolibrary.org/obo/NCBITaxon_7227,http://www.ncbi.nlm.nih.gov/gene/19835434,-2.66297,0.00246481,OSD-207
https://purl.org/okn/frink/kg/spoke-genelab/node/OSD-207-ba2f9251efb7e9053a8dd97f9b3b0245,CG43179,http://purl.obolibrary.org/obo/NCBITaxon_7227,http://www.ncbi.nlm.nih.gov/gene/12797902,3.71734,0.022701,OSD-207
https://purl.org/okn/frink/kg/spoke-genelab/node/OSD-207-ba2f9251efb7e9053a8dd97f9b3b0245,lncRNA:CR45552,http://purl.obolibrary.org/obo/NCBITaxon_7227,http://www.ncbi.nlm.nih.gov/gene/19835715,-4.75733,0.0252359,OSD-207
https://purl.org/okn/frink/kg/spoke-genelab/node/OSD-207-ba2f9251efb7e9053a8dd97f9b3b0245,SERCA,http://purl.obolibrary.org/obo/NCBITaxon_7227,http://www.ncbi.nlm.nih.gov/gene/49297,-1.695,0.000364765,OSD-207
https://purl.org/okn/frink/kg/spoke-genelab/node/OSD-207-ba2f9251efb7e9053a8dd97f9b3b0245,NimA,http://purl.obolibrary.org/obo/NCBITaxon_7227,http://www.ncbi.nlm.nih.gov/gene/318930,-2.03487,6.38412e-06,OSD-207
https://purl.org/okn/frink/kg/spoke-genelab/node/OSD-207-ba2f9251efb7e9053a8dd97f9b3b0245,Uch-L5,http://purl.obolibrary.org/obo/NCBITaxon_7227,http://www.ncbi.nlm.nih.gov/gene/39102,-1.52148,0.000128687,OSD-207
https://purl.org/okn/frink/kg/spoke-genelab/node/OSD-207-ba2f9251efb7e9053a8dd97f9b3b0245,CG42246,http://purl.obolibrary.org/obo/NCBITaxon_7227,http://www.ncbi.nlm.nih.gov/gene/7354415,1.04544,0.000599121,OSD-207
https://purl.org/okn/frink/kg/spoke-genelab/node/OSD-207-ba2f9251efb7e9053a8dd97f9b3b0245,GlyP,http://purl.obolibrary.org/obo/NCBITaxon_7227,http://www.ncbi.nlm.nih.gov/gene/33386,-1.57498,0.000551193,OSD-207
https://purl.org/okn/frink/kg/spoke-genelab/node/OSD-207-ba2f9251efb7e9053a8dd97f9b3b0245,asRNA:CR43936,http://purl.obolibrary.org/obo/NCBITaxon_7227,http://www.ncbi.nlm.nih.gov/gene/19835576,3.12438,0.0283742,OSD-207
https://purl.org/okn/frink/kg/spoke-genelab/node/OSD-207-ba2f9251efb7e9053a8dd97f9b3b0245,CG31904,http://purl.obolibrary.org/obo/NCBITaxon_7227,http://www.ncbi.nlm.nih.gov/gene/319016,-2.65061,0.00480739,OSD-207
https://purl.org/okn/frink/kg/spoke-genelab/node/OSD-207-ba2f9251efb7e9053a8dd97f9b3b0245,Hr4,http://purl.obolibrary.org/obo/NCBITaxon_7227,http://www.ncbi.nlm.nih.gov/gene/31162,-1.92978,0.0132936,OSD-207
https://purl.org/okn/frink/kg/spoke-genelab/node/OSD-207-ba2f9251efb7e9053a8dd97f9b3b0245,Act88F,http://purl.obolibrary.org/obo/NCBITaxon_7227,http://www.ncbi.nlm.nih.gov/gene/41885,-2.58283,0.0190162,OSD-207
https://purl.org/okn/frink/kg/spoke-genelab/node/OSD-207-ba2f9251efb7e9053a8dd97f9b3b0245,lncRNA:CR43651,http://purl.obolibrary.org/obo/NCBITaxon_7227,http://www.ncbi.nlm.nih.gov/gene/14462569,2.4383,6.52037e-05,OSD-207
https://purl.org/okn/frink/kg/spoke-genelab/node/OSD-207-ba2f9251efb7e9053a8dd97f9b3b0245,pre-rRNA:CR45846,http://purl.obolibrary.org/obo/NCBITaxon_7227,http://www.ncbi.nlm.nih.gov/gene/26067174,28.9745,3.58062e-24,OSD-207
https://purl.org/okn/frink/kg/spoke-genelab/node/OSD-207-ba2f9251efb7e9053a8dd97f9b3b0245,scw,http://purl.obolibrary.org/obo/NCBITaxon_7227,http://www.ncbi.nlm.nih.gov/gene/46000,-3.93125,0.0219417,OSD-207
https://purl.org/okn/frink/kg/spoke-genelab/node/OSD-207-ba2f9251efb7e9053a8dd97f9b3b0245,CG42714,http://purl.obolibrary.org/obo/NCBITaxon_7227,http://www.ncbi.nlm.nih.gov/gene/10178862,6.25793,0.011935,OSD-207
https://purl.org/okn/frink/kg/spoke-genelab/node/OSD-207-ba2f9251efb7e9053a8dd97f9b3b0245,fw,http://purl.obolibrary.org/obo/NCBITaxon_7227,http://www.ncbi.nlm.nih.gov/gene/32162,-1.34604,0.000393703,OSD-207
https://purl.org/okn/frink/kg/spoke-genelab/node/OSD-207-ba2f9251efb7e9053a8dd97f9b3b0245,Tm2,http://purl.obolibrary.org/obo/NCBITaxon_7227,http://www.ncbi.nlm.nih.gov/gene/41853,-1.24332,0.00318653,OSD-207
https://purl.org/okn/frink/kg/spoke-genelab/node/OSD-207-ba2f9251efb7e9053a8dd97f9b3b0245,CG43110,http://purl.obolibrary.org/obo/NCBITaxon_7227,http://www.ncbi.nlm.nih.gov/gene/12798330,-1.10178,0.0386608,OSD-207
https://purl.org/okn/frink/kg/spoke-genelab/node/OSD-207-ba2f9251efb7e9053a8dd97f9b3b0245,snRNA:U1:21D,http://purl.obolibrary.org/obo/NCBITaxon_7227,http://www.ncbi.nlm.nih.gov/gene/3772520,-1.16874,0.0351073,OSD-207
https://purl.org/okn/frink/kg/spoke-genelab/node/OSD-207-ba2f9251efb7e9053a8dd97f9b3b0245,Uch,http://purl.obolibrary.org/obo/NCBITaxon_7227,http://www.ncbi.nlm.nih.gov/gene/33397,-1.20797,0.00326818,OSD-207
https://purl.org/okn/frink/kg/spoke-genelab/node/OSD-207-ba2f9251efb7e9053a8dd97f9b3b0245,lncRNA:CR43704,http://purl.obolibrary.org/obo/NCBITaxon_7227,http://www.ncbi.nlm.nih.gov/gene/14462688,-4.99478,0.00635967,OSD-207
https://purl.org/okn/frink/kg/spoke-genelab/node/OSD-207-ba2f9251efb7e9053a8dd97f9b3b0245,CG43896,http://purl.obolibrary.org/obo/NCBITaxon_7227,http://www.ncbi.nlm.nih.gov/gene/39360,5.50147,0.0484018,OSD-207
https://purl.org/okn/frink/kg/spoke-genelab/node/OSD-207-ba2f9251efb7e9053a8dd97f9b3b0245,Nna1,http://purl.obolibrary.org/obo/NCBITaxon_7227,http://www.ncbi.nlm.nih.gov/gene/32329,-1.97606,2.6275e-06,OSD-207
https://purl.org/okn/frink/kg/spoke-genelab/node/OSD-207-ba2f9251efb7e9053a8dd97f9b3b0245,dy,http://purl.obolibrary.org/obo/NCBITaxon_7227,http://www.ncbi.nlm.nih.gov/gene/32130,1.85642,0.000215077,OSD-207
https://purl.org/okn/frink/kg/spoke-genelab/node/OSD-207-ba2f9251efb7e9053a8dd97f9b3b0245,lncRNA:CR43643,http://purl.obolibrary.org/obo/NCBITaxon_7227,http://www.ncbi.nlm.nih.gov/gene/14462521,-3.64096,0.0429952,OSD-207
https://purl.org/okn/frink/kg/spoke-genelab/node/OSD-207-ba2f9251efb7e9053a8dd97f9b3b0245,IBIN,http://purl.obolibrary.org/obo/NCBITaxon_7227,http://www.ncbi.nlm.nih.gov/gene/19835457,5.92164,0.000340915,OSD-207
https://purl.org/okn/frink/kg/spoke-genelab/node/OSD-207-ba2f9251efb7e9053a8dd97f9b3b0245,Rcd7,http://purl.obolibrary.org/obo/NCBITaxon_7227,http://www.ncbi.nlm.nih.gov/gene/40126,-1.13562,0.0105025,OSD-207
https://purl.org/okn/frink/kg/spoke-genelab/node/OSD-207-ba2f9251efb7e9053a8dd97f9b3b0245,CG43071,http://purl.obolibrary.org/obo/NCBITaxon_7227,http://www.ncbi.nlm.nih.gov/gene/12798340,1.45695,0.0123688,OSD-207
https://purl.org/okn/frink/kg/spoke-genelab/node/OSD-207-ba2f9251efb7e9053a8dd97f9b3b0245,CG43679,http://purl.obolibrary.org/obo/NCBITaxon_7227,http://www.ncbi.nlm.nih.gov/gene/14462861,6.22088,0.0120675,OSD-207
https://purl.org/okn/frink/kg/spoke-genelab/node/OSD-207-ba2f9251efb7e9053a8dd97f9b3b0245,mex1,http://purl.obolibrary.org/obo/NCBITaxon_7227,http://www.ncbi.nlm.nih.gov/gene/39677,3.72942,0.000571457,OSD-207
https://purl.org/okn/frink/kg/spoke-genelab/node/OSD-207-ba2f9251efb7e9053a8dd97f9b3b0245,lncRNA:CR44300,http://purl.obolibrary.org/obo/NCBITaxon_7227,http://www.ncbi.nlm.nih.gov/gene/19835805,-2.88569,0.0160871,OSD-207
https://purl.org/okn/frink/kg/spoke-genelab/node/OSD-207-ba2f9251efb7e9053a8dd97f9b3b0245,Actn,http://purl.obolibrary.org/obo/NCBITaxon_7227,http://www.ncbi.nlm.nih.gov/gene/31166,-1.11867,0.00859772,OSD-207
https://purl.org/okn/frink/kg/spoke-genelab/node/OSD-207-ba2f9251efb7e9053a8dd97f9b3b0245,asRNA:CR45152,http://purl.obolibrary.org/obo/NCBITaxon_7227,http://www.ncbi.nlm.nih.gov/gene/19834981,2.60312,0.0329357,OSD-207
https://purl.org/okn/frink/kg/spoke-genelab/node/OSD-207-ba2f9251efb7e9053a8dd97f9b3b0245,lncRNA:CR44809,http://purl.obolibrary.org/obo/NCBITaxon_7227,http://www.ncbi.nlm.nih.gov/gene/19836112,1.52876,0.0130438,OSD-207
https://purl.org/okn/frink/kg/spoke-genelab/node/OSD-207-ba2f9251efb7e9053a8dd97f9b3b0245,lncRNA:CR43314,http://purl.obolibrary.org/obo/NCBITaxon_7227,http://www.ncbi.nlm.nih.gov/gene/12798160,1.08507,0.0277292,OSD-207
https://purl.org/okn/frink/kg/spoke-genelab/node/OSD-207-ba2f9251efb7e9053a8dd97f9b3b0245,Amy-d,http://purl.obolibrary.org/obo/NCBITaxon_7227,http://www.ncbi.nlm.nih.gov/gene/36932,3.7523,0.00392245,OSD-207
https://purl.org/okn/frink/kg/spoke-genelab/node/OSD-207-ba2f9251efb7e9053a8dd97f9b3b0245,asRNA:CR45835,http://purl.obolibrary.org/obo/NCBITaxon_7227,http://www.ncbi.nlm.nih.gov/gene/26067163,1.52957,6.33034e-05,OSD-207
https://purl.org/okn/frink/kg/spoke-genelab/node/OSD-207-ba2f9251efb7e9053a8dd97f9b3b0245,asRNA:CR45141,http://purl.obolibrary.org/obo/NCBITaxon_7227,http://www.ncbi.nlm.nih.gov/gene/19835546,1.26679,0.0151177,OSD-207
https://purl.org/okn/frink/kg/spoke-genelab/node/OSD-207-ba2f9251efb7e9053a8dd97f9b3b0245,Ccp84Ab,http://purl.obolibrary.org/obo/NCBITaxon_7227,http://www.ncbi.nlm.nih.gov/gene/40824,-5.13401,0.000934952,OSD-207
https://purl.org/okn/frink/kg/spoke-genelab/node/OSD-207-ba2f9251efb7e9053a8dd97f9b3b0245,asRNA:CR46074,http://purl.obolibrary.org/obo/NCBITaxon_7227,http://www.ncbi.nlm.nih.gov/gene/26067391,1.0817,0.0428999,OSD-207
https://purl.org/okn/frink/kg/spoke-genelab/node/OSD-207-ba2f9251efb7e9053a8dd97f9b3b0245,lncRNA:CR44912,http://purl.obolibrary.org/obo/NCBITaxon_7227,http://www.ncbi.nlm.nih.gov/gene/19835130,-1.65657,0.0368997,OSD-207
https://purl.org/okn/frink/kg/spoke-genelab/node/OSD-207-ba2f9251efb7e9053a8dd97f9b3b0245,asRNA:CR46134,http://purl.obolibrary.org/obo/NCBITaxon_7227,http://www.ncbi.nlm.nih.gov/gene/26067450,2.33131,0.0366914,OSD-207
https://purl.org/okn/frink/kg/spoke-genelab/node/OSD-207-ba2f9251efb7e9053a8dd97f9b3b0245,lncRNA:CR43857,http://purl.obolibrary.org/obo/NCBITaxon_7227,http://www.ncbi.nlm.nih.gov/gene/14462718,2.28011,0.0344075,OSD-207
https://purl.org/okn/frink/kg/spoke-genelab/node/OSD-207-ba2f9251efb7e9053a8dd97f9b3b0245,lncRNA:CR46351,http://purl.obolibrary.org/obo/NCBITaxon_7227,http://www.ncbi.nlm.nih.gov/gene/39877393,-2.00064,0.0289353,OSD-207
https://purl.org/okn/frink/kg/spoke-genelab/node/OSD-207-ba2f9251efb7e9053a8dd97f9b3b0245,E(spl)m3-HLH,http://purl.obolibrary.org/obo/NCBITaxon_7227,http://www.ncbi.nlm.nih.gov/gene/43156,-1.16266,0.00344277,OSD-207
https://purl.org/okn/frink/kg/spoke-genelab/node/OSD-207-ba2f9251efb7e9053a8dd97f9b3b0245,lncRNA:CR44525,http://purl.obolibrary.org/obo/NCBITaxon_7227,http://www.ncbi.nlm.nih.gov/gene/19834993,-1.70603,0.00875042,OSD-207
https://purl.org/okn/frink/kg/spoke-genelab/node/OSD-207-ba2f9251efb7e9053a8dd97f9b3b0245,asRNA:CR44969,http://purl.obolibrary.org/obo/NCBITaxon_7227,http://www.ncbi.nlm.nih.gov/gene/19835409,1.25606,0.0347201,OSD-207
https://purl.org/okn/frink/kg/spoke-genelab/node/OSD-207-ba2f9251efb7e9053a8dd97f9b3b0245,Act87E,http://purl.obolibrary.org/obo/NCBITaxon_7227,http://www.ncbi.nlm.nih.gov/gene/48632,-1.99516,1.70116e-08,OSD-207
https://purl.org/okn/frink/kg/spoke-genelab/node/OSD-207-ba2f9251efb7e9053a8dd97f9b3b0245,Cks30A,http://purl.obolibrary.org/obo/NCBITaxon_7227,http://www.ncbi.nlm.nih.gov/gene/34250,-2.19633,0.0128954,OSD-207
https://purl.org/okn/frink/kg/spoke-genelab/node/OSD-207-ba2f9251efb7e9053a8dd97f9b3b0245,CG43998,http://purl.obolibrary.org/obo/NCBITaxon_7227,http://www.ncbi.nlm.nih.gov/gene/19836181,2.17166,0.0444166,OSD-207
https://purl.org/okn/frink/kg/spoke-genelab/node/OSD-207-ba2f9251efb7e9053a8dd97f9b3b0245,Cp36,http://purl.obolibrary.org/obo/NCBITaxon_7227,http://www.ncbi.nlm.nih.gov/gene/31787,5.60032,0.00636316,OSD-207
https://purl.org/okn/frink/kg/spoke-genelab/node/OSD-207-ba2f9251efb7e9053a8dd97f9b3b0245,asRNA:CR44431,http://purl.obolibrary.org/obo/NCBITaxon_7227,http://www.ncbi.nlm.nih.gov/gene/19835804,2.10303,0.0355774,OSD-207
https://purl.org/okn/frink/kg/spoke-genelab/node/OSD-207-ba2f9251efb7e9053a8dd97f9b3b0245,Ccp84Ac,http://purl.obolibrary.org/obo/NCBITaxon_7227,http://www.ncbi.nlm.nih.gov/gene/40823,-8.40987,0.0017288,OSD-207
https://purl.org/okn/frink/kg/spoke-genelab/node/OSD-207-ba2f9251efb7e9053a8dd97f9b3b0245,naz,http://purl.obolibrary.org/obo/NCBITaxon_7227,http://www.ncbi.nlm.nih.gov/gene/42204,-1.10758,0.00154719,OSD-207
https://purl.org/okn/frink/kg/spoke-genelab/node/OSD-207-ba2f9251efb7e9053a8dd97f9b3b0245,CG46303,http://purl.obolibrary.org/obo/NCBITaxon_7227,http://www.ncbi.nlm.nih.gov/gene/30522393,2.59011,0.00229469,OSD-207
https://purl.org/okn/frink/kg/spoke-genelab/node/OSD-207-ba2f9251efb7e9053a8dd97f9b3b0245,Sox14,http://purl.obolibrary.org/obo/NCBITaxon_7227,http://www.ncbi.nlm.nih.gov/gene/37822,-1.25976,0.0100171,OSD-207
https://purl.org/okn/frink/kg/spoke-genelab/node/OSD-207-ba2f9251efb7e9053a8dd97f9b3b0245,lncRNA:CR43493,http://purl.obolibrary.org/obo/NCBITaxon_7227,http://www.ncbi.nlm.nih.gov/gene/12798219,1.30012,0.00139127,OSD-207
https://purl.org/okn/frink/kg/spoke-genelab/node/OSD-207-ba2f9251efb7e9053a8dd97f9b3b0245,betaTry,http://purl.obolibrary.org/obo/NCBITaxon_7227,http://www.ncbi.nlm.nih.gov/gene/47901,6.43281,0.00230506,OSD-207
https://purl.org/okn/frink/kg/spoke-genelab/node/OSD-207-ba2f9251efb7e9053a8dd97f9b3b0245,CG45045,http://purl.obolibrary.org/obo/NCBITaxon_7227,http://www.ncbi.nlm.nih.gov/gene/19836048,6.18531,9.53996e-07,OSD-207
https://purl.org/okn/frink/kg/spoke-genelab/node/OSD-207-ba2f9251efb7e9053a8dd97f9b3b0245,lncRNA:CR42646,http://purl.obolibrary.org/obo/NCBITaxon_7227,http://www.ncbi.nlm.nih.gov/gene/10178834,2.86095,0.00710571,OSD-207
https://purl.org/okn/frink/kg/spoke-genelab/node/OSD-207-ba2f9251efb7e9053a8dd97f9b3b0245,Duox,http://purl.obolibrary.org/obo/NCBITaxon_7227,http://www.ncbi.nlm.nih.gov/gene/33477,-1.7113,0.00480376,OSD-207
https://purl.org/okn/frink/kg/spoke-genelab/node/OSD-207-ba2f9251efb7e9053a8dd97f9b3b0245,asRNA:CR44962,http://purl.obolibrary.org/obo/NCBITaxon_7227,http://www.ncbi.nlm.nih.gov/gene/19836135,1.34195,0.0168989,OSD-207
https://purl.org/okn/frink/kg/spoke-genelab/node/OSD-207-ba2f9251efb7e9053a8dd97f9b3b0245,Jon99Ciii|Jon99Cii,http://purl.obolibrary.org/obo/NCBITaxon_7227,http://www.ncbi.nlm.nih.gov/gene/43543,6.39681,0.0230934,OSD-207
https://purl.org/okn/frink/kg/spoke-genelab/node/OSD-207-ba2f9251efb7e9053a8dd97f9b3b0245,CG42764,http://purl.obolibrary.org/obo/NCBITaxon_7227,http://www.ncbi.nlm.nih.gov/gene/10178963,1.57404,0.0108002,OSD-207
https://purl.org/okn/frink/kg/spoke-genelab/node/OSD-207-ba2f9251efb7e9053a8dd97f9b3b0245,asRNA:CR45807,http://purl.obolibrary.org/obo/NCBITaxon_7227,http://www.ncbi.nlm.nih.gov/gene/26067137,1.85656,0.0199398,OSD-207
https://purl.org/okn/frink/kg/spoke-genelab/node/OSD-207-ba2f9251efb7e9053a8dd97f9b3b0245,AdamTS-A,http://purl.obolibrary.org/obo/NCBITaxon_7227,http://www.ncbi.nlm.nih.gov/gene/41887,-1.29893,0.000159883,OSD-207
https://purl.org/okn/frink/kg/spoke-genelab/node/OSD-207-ba2f9251efb7e9053a8dd97f9b3b0245,Mtp,http://purl.obolibrary.org/obo/NCBITaxon_7227,http://www.ncbi.nlm.nih.gov/gene/35362,1.05321,0.00288082,OSD-207
https://purl.org/okn/frink/kg/spoke-genelab/node/OSD-207-ba2f9251efb7e9053a8dd97f9b3b0245,lncRNA:CR44845,http://purl.obolibrary.org/obo/NCBITaxon_7227,http://www.ncbi.nlm.nih.gov/gene/19834829,-2.49527,0.0275298,OSD-207
https://purl.org/okn/frink/kg/spoke-genelab/node/OSD-207-ba2f9251efb7e9053a8dd97f9b3b0245,CG13639,http://purl.obolibrary.org/obo/NCBITaxon_7227,http://www.ncbi.nlm.nih.gov/gene/12798257,-2.1754,0.0289438,OSD-207
https://purl.org/okn/frink/kg/spoke-genelab/node/OSD-207-ba2f9251efb7e9053a8dd97f9b3b0245,Ccp84Aa,http://purl.obolibrary.org/obo/NCBITaxon_7227,http://www.ncbi.nlm.nih.gov/gene/40825,-7.22254,0.000600484,OSD-207
https://purl.org/okn/frink/kg/spoke-genelab/node/OSD-207-ba2f9251efb7e9053a8dd97f9b3b0245,asRNA:CR44703,http://purl.obolibrary.org/obo/NCBITaxon_7227,http://www.ncbi.nlm.nih.gov/gene/19835973,4.86161,0.00933822,OSD-207
https://purl.org/okn/frink/kg/spoke-genelab/node/OSD-207-ba2f9251efb7e9053a8dd97f9b3b0245,lncRNA:CR46108,http://purl.obolibrary.org/obo/NCBITaxon_7227,http://www.ncbi.nlm.nih.gov/gene/26067425,-2.39435,0.00875042,OSD-207
https://purl.org/okn/frink/kg/spoke-genelab/node/OSD-207-ba2f9251efb7e9053a8dd97f9b3b0245,asRNA:CR45396,http://purl.obolibrary.org/obo/NCBITaxon_7227,http://www.ncbi.nlm.nih.gov/gene/19835620,2.59326,0.0196649,OSD-207
https://purl.org/okn/frink/kg/spoke-genelab/node/OSD-207-ba2f9251efb7e9053a8dd97f9b3b0245,asRNA:CR43916,http://purl.obolibrary.org/obo/NCBITaxon_7227,http://www.ncbi.nlm.nih.gov/gene/14462829,2.00164,0.0106171,OSD-207
https://purl.org/okn/frink/kg/spoke-genelab/node/OSD-207-ba2f9251efb7e9053a8dd97f9b3b0245,lncRNA:CR45456,http://purl.obolibrary.org/obo/NCBITaxon_7227,http://www.ncbi.nlm.nih.gov/gene/19835849,-3.87268,0.000573688,OSD-207
https://purl.org/okn/frink/kg/spoke-genelab/node/OSD-207-ba2f9251efb7e9053a8dd97f9b3b0245,lncRNA:CR44206,http://purl.obolibrary.org/obo/NCBITaxon_7227,http://www.ncbi.nlm.nih.gov/gene/19835403,1.72344,0.00516076,OSD-207
https://purl.org/okn/frink/kg/spoke-genelab/node/OSD-207-ba2f9251efb7e9053a8dd97f9b3b0245,Ccp84Ad,http://purl.obolibrary.org/obo/NCBITaxon_7227,http://www.ncbi.nlm.nih.gov/gene/40822,-7.40289,0.00654615,OSD-207
https://purl.org/okn/frink/kg/spoke-genelab/node/OSD-207-ba2f9251efb7e9053a8dd97f9b3b0245,Psa,http://purl.obolibrary.org/obo/NCBITaxon_7227,http://www.ncbi.nlm.nih.gov/gene/38175,-1.30995,0.00665386,OSD-207
https://purl.org/okn/frink/kg/spoke-genelab/node/OSD-207-ba2f9251efb7e9053a8dd97f9b3b0245,lncRNA:CR44754,http://purl.obolibrary.org/obo/NCBITaxon_7227,http://www.ncbi.nlm.nih.gov/gene/19836162,-1.30127,0.00916748,OSD-207
https://purl.org/okn/frink/kg/spoke-genelab/node/OSD-207-ba2f9251efb7e9053a8dd97f9b3b0245,CG45080,http://purl.obolibrary.org/obo/NCBITaxon_7227,http://www.ncbi.nlm.nih.gov/gene/19834892,7.79383,0.0102043,OSD-207
https://purl.org/okn/frink/kg/spoke-genelab/node/OSD-207-ba2f9251efb7e9053a8dd97f9b3b0245,lncRNA:CR44127,http://purl.obolibrary.org/obo/NCBITaxon_7227,http://www.ncbi.nlm.nih.gov/gene/14462544,1.3714,0.0368448,OSD-207
https://purl.org/okn/frink/kg/spoke-genelab/node/OSD-207-ba2f9251efb7e9053a8dd97f9b3b0245,snRNA:U1:95Ca,http://purl.obolibrary.org/obo/NCBITaxon_7227,http://www.ncbi.nlm.nih.gov/gene/3772037,-1.16874,0.0351073,OSD-207
https://purl.org/okn/frink/kg/spoke-genelab/node/OSD-207-ba2f9251efb7e9053a8dd97f9b3b0245,asRNA:CR45601,http://purl.obolibrary.org/obo/NCBITaxon_7227,http://www.ncbi.nlm.nih.gov/gene/19835984,3.86939,0.00330675,OSD-207
https://purl.org/okn/frink/kg/spoke-genelab/node/OSD-207-ba2f9251efb7e9053a8dd97f9b3b0245,asRNA:CR45272,http://purl.obolibrary.org/obo/NCBITaxon_7227,http://www.ncbi.nlm.nih.gov/gene/19835694,4.97162,0.0110528,OSD-207
https://purl.org/okn/frink/kg/spoke-genelab/node/OSD-207-ba2f9251efb7e9053a8dd97f9b3b0245,alphaTry,http://purl.obolibrary.org/obo/NCBITaxon_7227,http://www.ncbi.nlm.nih.gov/gene/48316,6.45164,0.000271015,OSD-207
https://purl.org/okn/frink/kg/spoke-genelab/node/OSD-207-ba2f9251efb7e9053a8dd97f9b3b0245,lncRNA:CR42874,http://purl.obolibrary.org/obo/NCBITaxon_7227,http://www.ncbi.nlm.nih.gov/gene/10178915,-1.49275,0.0020556,OSD-207
https://purl.org/okn/frink/kg/spoke-genelab/node/OSD-207-ba2f9251efb7e9053a8dd97f9b3b0245,LKRSDH,http://purl.obolibrary.org/obo/NCBITaxon_7227,http://www.ncbi.nlm.nih.gov/gene/34064,1.24568,0.0103411,OSD-207
https://purl.org/okn/frink/kg/spoke-genelab/node/OSD-207-ba2f9251efb7e9053a8dd97f9b3b0245,lncRNA:CR45897,http://purl.obolibrary.org/obo/NCBITaxon_7227,http://www.ncbi.nlm.nih.gov/gene/26067225,4.62665,0.0185303,OSD-207
https://purl.org/okn/frink/kg/spoke-genelab/node/OSD-207-ba2f9251efb7e9053a8dd97f9b3b0245,asRNA:CR44704,http://purl.obolibrary.org/obo/NCBITaxon_7227,http://www.ncbi.nlm.nih.gov/gene/19835645,2.14262,0.00906617,OSD-207
https://purl.org/okn/frink/kg/spoke-genelab/node/OSD-207-ba2f9251efb7e9053a8dd97f9b3b0245,Prm,http://purl.obolibrary.org/obo/NCBITaxon_7227,http://www.ncbi.nlm.nih.gov/gene/39002,-1.66367,0.00426674,OSD-207
https://purl.org/okn/frink/kg/spoke-genelab/node/OSD-207-ba2f9251efb7e9053a8dd97f9b3b0245,drd,http://purl.obolibrary.org/obo/NCBITaxon_7227,http://www.ncbi.nlm.nih.gov/gene/318102,-1.49759,0.00133822,OSD-207
https://purl.org/okn/frink/kg/spoke-genelab/node/OSD-207-ba2f9251efb7e9053a8dd97f9b3b0245,asRNA:CR45151,http://purl.obolibrary.org/obo/NCBITaxon_7227,http://www.ncbi.nlm.nih.gov/gene/19835439,2.3571,0.0251741,OSD-207
https://purl.org/okn/frink/kg/spoke-genelab/node/OSD-207-ba2f9251efb7e9053a8dd97f9b3b0245,e,http://purl.obolibrary.org/obo/NCBITaxon_7227,http://www.ncbi.nlm.nih.gov/gene/42521,-1.34019,0.00228033,OSD-207
https://purl.org/okn/frink/kg/spoke-genelab/node/OSD-207-ba2f9251efb7e9053a8dd97f9b3b0245,lncRNA:CR45054,http://purl.obolibrary.org/obo/NCBITaxon_7227,http://www.ncbi.nlm.nih.gov/gene/19835480,1.43592,0.00212182,OSD-207
https://purl.org/okn/frink/kg/spoke-genelab/node/OSD-207-ba2f9251efb7e9053a8dd97f9b3b0245,CG42656,http://purl.obolibrary.org/obo/NCBITaxon_7227,http://www.ncbi.nlm.nih.gov/gene/10178806,2.02806,0.00220464,OSD-207
https://purl.org/okn/frink/kg/spoke-genelab/node/OSD-207-ba2f9251efb7e9053a8dd97f9b3b0245,asRNA:CR45214,http://purl.obolibrary.org/obo/NCBITaxon_7227,http://www.ncbi.nlm.nih.gov/gene/19834913,1.16204,0.0409128,OSD-207
https://purl.org/okn/frink/kg/spoke-genelab/node/OSD-207-ba2f9251efb7e9053a8dd97f9b3b0245,Rpn3,http://purl.obolibrary.org/obo/NCBITaxon_7227,http://www.ncbi.nlm.nih.gov/gene/35176,-1.12943,0.00826872,OSD-207
https://purl.org/okn/frink/kg/spoke-genelab/node/OSD-207-ba2f9251efb7e9053a8dd97f9b3b0245,lncRNA:CR44467,http://purl.obolibrary.org/obo/NCBITaxon_7227,http://www.ncbi.nlm.nih.gov/gene/19835175,2.66472,0.0478821,OSD-207
https://purl.org/okn/frink/kg/spoke-genelab/node/OSD-207-ba2f9251efb7e9053a8dd97f9b3b0245,Mlc2,http://purl.obolibrary.org/obo/NCBITaxon_7227,http://www.ncbi.nlm.nih.gov/gene/43587,-1.72955,0.00177652,OSD-207
https://purl.org/okn/frink/kg/spoke-genelab/node/OSD-207-ba2f9251efb7e9053a8dd97f9b3b0245,lncRNA:CR43452,http://purl.obolibrary.org/obo/NCBITaxon_7227,http://www.ncbi.nlm.nih.gov/gene/12798494,-3.97882,0.000113134,OSD-207
https://purl.org/okn/frink/kg/spoke-genelab/node/OSD-207-ba2f9251efb7e9053a8dd97f9b3b0245,lncRNA:CR45553,http://purl.obolibrary.org/obo/NCBITaxon_7227,http://www.ncbi.nlm.nih.gov/gene/19834776,-3.99299,0.00304345,OSD-207
https://purl.org/okn/frink/kg/spoke-genelab/node/OSD-207-ba2f9251efb7e9053a8dd97f9b3b0245,CG43291,http://purl.obolibrary.org/obo/NCBITaxon_7227,http://www.ncbi.nlm.nih.gov/gene/12797901,1.20849,0.0411157,OSD-207
https://purl.org/okn/frink/kg/spoke-genelab/node/OSD-207-ba2f9251efb7e9053a8dd97f9b3b0245,CG43236,http://purl.obolibrary.org/obo/NCBITaxon_7227,http://www.ncbi.nlm.nih.gov/gene/12798466,2.89932,0.00765237,OSD-207
https://purl.org/okn/frink/kg/spoke-genelab/node/OSD-207-ba2f9251efb7e9053a8dd97f9b3b0245,gammaTry|deltaTry|CG30031,http://purl.obolibrary.org/obo/NCBITaxon_7227,http://www.ncbi.nlm.nih.gov/gene/48343,12.4479,8.18409e-05,OSD-207
https://purl.org/okn/frink/kg/spoke-genelab/node/OSD-207-ba2f9251efb7e9053a8dd97f9b3b0245,gammaTry|deltaTry|CG30031,http://purl.obolibrary.org/obo/NCBITaxon_7227,http://www.ncbi.nlm.nih.gov/gene/36221,12.4479,8.18409e-05,OSD-207
https://purl.org/okn/frink/kg/spoke-genelab/node/OSD-207-ba2f9251efb7e9053a8dd97f9b3b0245,lncRNA:CR45018,http://purl.obolibrary.org/obo/NCBITaxon_7227,http://www.ncbi.nlm.nih.gov/gene/19835567,1.03466,0.00104523,OSD-207
https://purl.org/okn/frink/kg/spoke-genelab/node/OSD-207-ba2f9251efb7e9053a8dd97f9b3b0245,wupA,http://purl.obolibrary.org/obo/NCBITaxon_7227,http://www.ncbi.nlm.nih.gov/gene/32794,-1.07494,0.0116597,OSD-207
https://purl.org/okn/frink/kg/spoke-genelab/node/OSD-207-ba2f9251efb7e9053a8dd97f9b3b0245,asRNA:CR45968,http://purl.obolibrary.org/obo/NCBITaxon_7227,http://www.ncbi.nlm.nih.gov/gene/26067295,3.93464,0.0151177,OSD-207
https://purl.org/okn/frink/kg/spoke-genelab/node/OSD-207-ba2f9251efb7e9053a8dd97f9b3b0245,scra,http://purl.obolibrary.org/obo/NCBITaxon_7227,http://www.ncbi.nlm.nih.gov/gene/35696,-1.04699,0.0020556,OSD-207
https://purl.org/okn/frink/kg/spoke-genelab/node/OSD-207-ba2f9251efb7e9053a8dd97f9b3b0245,asRNA:CR45046,http://purl.obolibrary.org/obo/NCBITaxon_7227,http://www.ncbi.nlm.nih.gov/gene/19834986,2.58326,0.0182115,OSD-207
https://purl.org/okn/frink/kg/spoke-genelab/node/OSD-207-ba2f9251efb7e9053a8dd97f9b3b0245,CG46307,http://purl.obolibrary.org/obo/NCBITaxon_7227,http://www.ncbi.nlm.nih.gov/gene/30522396,-1.07086,0.048774,OSD-207
https://purl.org/okn/frink/kg/spoke-genelab/node/OSD-207-ba2f9251efb7e9053a8dd97f9b3b0245,GLS,http://purl.obolibrary.org/obo/NCBITaxon_7227,http://www.ncbi.nlm.nih.gov/gene/36396,-1.21938,5.79665e-05,OSD-207
https://purl.org/okn/frink/kg/spoke-genelab/node/OSD-207-ba2f9251efb7e9053a8dd97f9b3b0245,asRNA:CR46133,http://purl.obolibrary.org/obo/NCBITaxon_7227,http://www.ncbi.nlm.nih.gov/gene/26067449,2.1364,0.00174022,OSD-207
https://purl.org/okn/frink/kg/spoke-genelab/node/OSD-207-ba2f9251efb7e9053a8dd97f9b3b0245,vnd,http://purl.obolibrary.org/obo/NCBITaxon_7227,http://www.ncbi.nlm.nih.gov/gene/31003,1.76163,0.0104329,OSD-207
https://purl.org/okn/frink/kg/spoke-genelab/node/OSD-207-ba2f9251efb7e9053a8dd97f9b3b0245,CG42354,http://purl.obolibrary.org/obo/NCBITaxon_7227,http://www.ncbi.nlm.nih.gov/gene/7354437,-1.03696,0.0380545,OSD-207
https://purl.org/okn/frink/kg/spoke-genelab/node/OSD-207-ba2f9251efb7e9053a8dd97f9b3b0245,tn,http://purl.obolibrary.org/obo/NCBITaxon_7227,http://www.ncbi.nlm.nih.gov/gene/37190,-2.36228,0.000128687,OSD-207
https://purl.org/okn/frink/kg/spoke-genelab/node/OSD-207-ba2f9251efb7e9053a8dd97f9b3b0245,snRNA:U1:95Cb,http://purl.obolibrary.org/obo/NCBITaxon_7227,http://www.ncbi.nlm.nih.gov/gene/3772474,-1.16874,0.0351073,OSD-207
https://purl.org/okn/frink/kg/spoke-genelab/node/OSD-207-ba2f9251efb7e9053a8dd97f9b3b0245,asRNA:CR46107,http://purl.obolibrary.org/obo/NCBITaxon_7227,http://www.ncbi.nlm.nih.gov/gene/26067424,1.41652,0.0341183,OSD-207
https://purl.org/okn/frink/kg/spoke-genelab/node/OSD-207-ba2f9251efb7e9053a8dd97f9b3b0245,CG42323,http://purl.obolibrary.org/obo/NCBITaxon_7227,http://www.ncbi.nlm.nih.gov/gene/32825,-2.52424,0.0169119,OSD-207
https://purl.org/okn/frink/kg/spoke-genelab/node/OSD-207-ba2f9251efb7e9053a8dd97f9b3b0245,LysS,http://purl.obolibrary.org/obo/NCBITaxon_7227,http://www.ncbi.nlm.nih.gov/gene/38130,7.31523,0.0122395,OSD-207
https://purl.org/okn/frink/kg/spoke-genelab/node/OSD-207-ba2f9251efb7e9053a8dd97f9b3b0245,asRNA:CR44116,http://purl.obolibrary.org/obo/NCBITaxon_7227,http://www.ncbi.nlm.nih.gov/gene/14462721,1.2272,0.0398673,OSD-207
https://purl.org/okn/frink/kg/spoke-genelab/node/OSD-207-ba2f9251efb7e9053a8dd97f9b3b0245,asRNA:CR46005,http://purl.obolibrary.org/obo/NCBITaxon_7227,http://www.ncbi.nlm.nih.gov/gene/26067326,1.48142,0.0419503,OSD-207
https://purl.org/okn/frink/kg/spoke-genelab/node/OSD-207-ba2f9251efb7e9053a8dd97f9b3b0245,CG44250,http://purl.obolibrary.org/obo/NCBITaxon_7227,http://www.ncbi.nlm.nih.gov/gene/19836034,2.87655,0.0444906,OSD-207
https://purl.org/okn/frink/kg/spoke-genelab/node/OSD-207-ba2f9251efb7e9053a8dd97f9b3b0245,asRNA:CR43464,http://purl.obolibrary.org/obo/NCBITaxon_7227,http://www.ncbi.nlm.nih.gov/gene/12797878,-1.83709,6.76249e-05,OSD-207
https://purl.org/okn/frink/kg/spoke-genelab/node/OSD-207-ba2f9251efb7e9053a8dd97f9b3b0245,asRNA:CR45896,http://purl.obolibrary.org/obo/NCBITaxon_7227,http://www.ncbi.nlm.nih.gov/gene/26067224,1.77632,0.0390704,OSD-207
https://purl.org/okn/frink/kg/spoke-genelab/node/OSD-207-ba2f9251efb7e9053a8dd97f9b3b0245,Cpn,http://purl.obolibrary.org/obo/NCBITaxon_7227,http://www.ncbi.nlm.nih.gov/gene/41474,-1.51662,9.8102e-05,OSD-207
https://purl.org/okn/frink/kg/spoke-genelab/node/OSD-207-ba2f9251efb7e9053a8dd97f9b3b0245,Jon99Ciii|Jon99Cii,http://purl.obolibrary.org/obo/NCBITaxon_7227,http://www.ncbi.nlm.nih.gov/gene/43544,6.39681,0.0230934,OSD-207
https://purl.org/okn/frink/kg/spoke-genelab/node/OSD-207-ba2f9251efb7e9053a8dd97f9b3b0245,CG42821,http://purl.obolibrary.org/obo/NCBITaxon_7227,http://www.ncbi.nlm.nih.gov/gene/3885579,1.27082,0.000518427,OSD-207
https://purl.org/okn/frink/kg/spoke-genelab/node/OSD-207-ba2f9251efb7e9053a8dd97f9b3b0245,CG45061,http://purl.obolibrary.org/obo/NCBITaxon_7227,http://www.ncbi.nlm.nih.gov/gene/19835998,4.6195,0.0119566,OSD-207
https://purl.org/okn/frink/kg/spoke-genelab/node/OSD-207-ba2f9251efb7e9053a8dd97f9b3b0245,lncRNA:CR45320,http://purl.obolibrary.org/obo/NCBITaxon_7227,http://www.ncbi.nlm.nih.gov/gene/19835743,2.56134,0.0135736,OSD-207
https://purl.org/okn/frink/kg/spoke-genelab/node/OSD-207-ba2f9251efb7e9053a8dd97f9b3b0245,lncRNA:CR44854,http://purl.obolibrary.org/obo/NCBITaxon_7227,http://www.ncbi.nlm.nih.gov/gene/19836057,-3.55421,0.0419243,OSD-207
https://purl.org/okn/frink/kg/spoke-genelab/node/OSD-207-ba2f9251efb7e9053a8dd97f9b3b0245,asRNA:CR44807,http://purl.obolibrary.org/obo/NCBITaxon_7227,http://www.ncbi.nlm.nih.gov/gene/19835976,2.73605,0.0219104,OSD-207
https://purl.org/okn/frink/kg/spoke-genelab/node/OSD-207-ba2f9251efb7e9053a8dd97f9b3b0245,asRNA:CR43786,http://purl.obolibrary.org/obo/NCBITaxon_7227,http://www.ncbi.nlm.nih.gov/gene/14462618,2.23262,0.0420847,OSD-207
https://purl.org/okn/frink/kg/spoke-genelab/node/OSD-207-ba2f9251efb7e9053a8dd97f9b3b0245,asRNA:CR43463,http://purl.obolibrary.org/obo/NCBITaxon_7227,http://www.ncbi.nlm.nih.gov/gene/12798215,-2.96738,0.00923671,OSD-207
https://purl.org/okn/frink/kg/spoke-genelab/node/OSD-207-ba2f9251efb7e9053a8dd97f9b3b0245,v,http://purl.obolibrary.org/obo/NCBITaxon_7227,http://www.ncbi.nlm.nih.gov/gene/32026,1.11636,0.00711748,OSD-207
https://purl.org/okn/frink/kg/spoke-genelab/node/OSD-207-ba2f9251efb7e9053a8dd97f9b3b0245,conv,http://purl.obolibrary.org/obo/NCBITaxon_7227,http://www.ncbi.nlm.nih.gov/gene/36588,-1.80434,0.000911458,OSD-207
https://purl.org/okn/frink/kg/spoke-genelab/node/OSD-207-ba2f9251efb7e9053a8dd97f9b3b0245,asRNA:CR46128,http://purl.obolibrary.org/obo/NCBITaxon_7227,http://www.ncbi.nlm.nih.gov/gene/26067444,1.97467,0.000505274,OSD-207
https://purl.org/okn/frink/kg/spoke-genelab/node/OSD-207-ba2f9251efb7e9053a8dd97f9b3b0245,amd,http://purl.obolibrary.org/obo/NCBITaxon_7227,http://www.ncbi.nlm.nih.gov/gene/35188,-1.35264,0.00473811,OSD-207
https://purl.org/okn/frink/kg/spoke-genelab/node/OSD-207-ba2f9251efb7e9053a8dd97f9b3b0245,Mhc,http://purl.obolibrary.org/obo/NCBITaxon_7227,http://www.ncbi.nlm.nih.gov/gene/35007,-1.48134,0.00534575,OSD-207
https://purl.org/okn/frink/kg/spoke-genelab/node/OSD-207-ba2f9251efb7e9053a8dd97f9b3b0245,CG43920,http://purl.obolibrary.org/obo/NCBITaxon_7227,http://www.ncbi.nlm.nih.gov/gene/19835957,6.78496,1.58968e-05,OSD-207
https://purl.org/okn/frink/kg/spoke-genelab/node/OSD-207-ba2f9251efb7e9053a8dd97f9b3b0245,Amy-p,http://purl.obolibrary.org/obo/NCBITaxon_7227,http://www.ncbi.nlm.nih.gov/gene/47764,6.92405,5.55372e-06,OSD-207
https://purl.org/okn/frink/kg/spoke-genelab/node/OSD-207-ba2f9251efb7e9053a8dd97f9b3b0245,asRNA:CR43683,http://purl.obolibrary.org/obo/NCBITaxon_7227,http://www.ncbi.nlm.nih.gov/gene/14462735,1.45854,0.00875042,OSD-207
https://purl.org/okn/frink/kg/spoke-genelab/node/OSD-207-ba2f9251efb7e9053a8dd97f9b3b0245,ec,http://purl.obolibrary.org/obo/NCBITaxon_7227,http://www.ncbi.nlm.nih.gov/gene/31339,-1.09946,0.0108002,OSD-207
https://purl.org/okn/frink/kg/spoke-genelab/node/OSD-207-ba2f9251efb7e9053a8dd97f9b3b0245,GlyS,http://purl.obolibrary.org/obo/NCBITaxon_7227,http://www.ncbi.nlm.nih.gov/gene/41823,-1.12335,0.00968405,OSD-207
https://purl.org/okn/frink/kg/spoke-genelab/node/OSD-207-ba2f9251efb7e9053a8dd97f9b3b0245,CG43672,http://purl.obolibrary.org/obo/NCBITaxon_7227,http://www.ncbi.nlm.nih.gov/gene/318910,1.85409,0.0151189,OSD-207
https://purl.org/okn/frink/kg/spoke-genelab/node/OSD-207-ba2f9251efb7e9053a8dd97f9b3b0245,gammaTry|deltaTry|CG30031,http://purl.obolibrary.org/obo/NCBITaxon_7227,http://www.ncbi.nlm.nih.gov/gene/246404,12.4479,8.18409e-05,OSD-207
https://purl.org/okn/frink/kg/spoke-genelab/node/OSD-207-ba2f9251efb7e9053a8dd97f9b3b0245,CG33286,http://purl.obolibrary.org/obo/NCBITaxon_7227,http://www.ncbi.nlm.nih.gov/gene/2768984,-4.61199,0.0196649,OSD-207
https://purl.org/okn/frink/kg/spoke-genelab/node/OSD-207-ba2f9251efb7e9053a8dd97f9b3b0245,CG13721,http://purl.obolibrary.org/obo/NCBITaxon_7227,http://www.ncbi.nlm.nih.gov/gene/38556,-4.13333,0.0366065,OSD-207
https://purl.org/okn/frink/kg/spoke-genelab/node/OSD-207-ba2f9251efb7e9053a8dd97f9b3b0245,CG2150,http://purl.obolibrary.org/obo/NCBITaxon_7227,http://www.ncbi.nlm.nih.gov/gene/43745,-3.90969,0.012428,OSD-207
https://purl.org/okn/frink/kg/spoke-genelab/node/OSD-207-ba2f9251efb7e9053a8dd97f9b3b0245,CG30054,http://purl.obolibrary.org/obo/NCBITaxon_7227,http://www.ncbi.nlm.nih.gov/gene/246420,-1.40284,1.30145e-07,OSD-207
https://purl.org/okn/frink/kg/spoke-genelab/node/OSD-207-ba2f9251efb7e9053a8dd97f9b3b0245,Loxl2,http://purl.obolibrary.org/obo/NCBITaxon_7227,http://www.ncbi.nlm.nih.gov/gene/37485,-1.81579,2.84245e-06,OSD-207
https://purl.org/okn/frink/kg/spoke-genelab/node/OSD-207-ba2f9251efb7e9053a8dd97f9b3b0245,CG14022,http://purl.obolibrary.org/obo/NCBITaxon_7227,http://www.ncbi.nlm.nih.gov/gene/33763,-1.71082,5.69987e-07,OSD-207
https://purl.org/okn/frink/kg/spoke-genelab/node/OSD-207-ba2f9251efb7e9053a8dd97f9b3b0245,CG12970,http://purl.obolibrary.org/obo/NCBITaxon_7227,http://www.ncbi.nlm.nih.gov/gene/36744,2.07643,0.0322403,OSD-207
https://purl.org/okn/frink/kg/spoke-genelab/node/OSD-207-ba2f9251efb7e9053a8dd97f9b3b0245,nau,http://purl.obolibrary.org/obo/NCBITaxon_7227,http://www.ncbi.nlm.nih.gov/gene/42799,-1.04223,0.0239512,OSD-207
https://purl.org/okn/frink/kg/spoke-genelab/node/OSD-207-ba2f9251efb7e9053a8dd97f9b3b0245,CG1136,http://purl.obolibrary.org/obo/NCBITaxon_7227,http://www.ncbi.nlm.nih.gov/gene/38479,-1.00693,0.0038681,OSD-207
https://purl.org/okn/frink/kg/spoke-genelab/node/OSD-207-ba2f9251efb7e9053a8dd97f9b3b0245,CG8560,http://purl.obolibrary.org/obo/NCBITaxon_7227,http://www.ncbi.nlm.nih.gov/gene/38830,2.54402,0.0010526,OSD-207
https://purl.org/okn/frink/kg/spoke-genelab/node/OSD-207-ba2f9251efb7e9053a8dd97f9b3b0245,CG32121,http://purl.obolibrary.org/obo/NCBITaxon_7227,http://www.ncbi.nlm.nih.gov/gene/317867,-1.17359,0.000184924,OSD-207
https://purl.org/okn/frink/kg/spoke-genelab/node/OSD-207-ba2f9251efb7e9053a8dd97f9b3b0245,CG14259,http://purl.obolibrary.org/obo/NCBITaxon_7227,http://www.ncbi.nlm.nih.gov/gene/43261,-1.42167,0.00032489,OSD-207
https://purl.org/okn/frink/kg/spoke-genelab/node/OSD-207-ba2f9251efb7e9053a8dd97f9b3b0245,Spn100A,http://purl.obolibrary.org/obo/NCBITaxon_7227,http://www.ncbi.nlm.nih.gov/gene/43642,2.80063,0.000259743,OSD-207
https://purl.org/okn/frink/kg/spoke-genelab/node/OSD-207-ba2f9251efb7e9053a8dd97f9b3b0245,CG13065,http://purl.obolibrary.org/obo/NCBITaxon_7227,http://www.ncbi.nlm.nih.gov/gene/39786,-8.68954,0.000444131,OSD-207
https://purl.org/okn/frink/kg/spoke-genelab/node/OSD-207-ba2f9251efb7e9053a8dd97f9b3b0245,CG3987,http://purl.obolibrary.org/obo/NCBITaxon_7227,http://www.ncbi.nlm.nih.gov/gene/41822,3.02376,0.0188193,OSD-207
https://purl.org/okn/frink/kg/spoke-genelab/node/OSD-207-ba2f9251efb7e9053a8dd97f9b3b0245,CG11378,http://purl.obolibrary.org/obo/NCBITaxon_7227,http://www.ncbi.nlm.nih.gov/gene/31060,-1.40435,7.91401e-05,OSD-207
https://purl.org/okn/frink/kg/spoke-genelab/node/OSD-207-ba2f9251efb7e9053a8dd97f9b3b0245,CG18528,http://purl.obolibrary.org/obo/NCBITaxon_7227,http://www.ncbi.nlm.nih.gov/gene/42906,-1.50511,0.00161411,OSD-207
https://purl.org/okn/frink/kg/spoke-genelab/node/OSD-207-ba2f9251efb7e9053a8dd97f9b3b0245,CG42336,http://purl.obolibrary.org/obo/NCBITaxon_7227,http://www.ncbi.nlm.nih.gov/gene/36205,1.36476,0.000227211,OSD-207
https://purl.org/okn/frink/kg/spoke-genelab/node/OSD-207-ba2f9251efb7e9053a8dd97f9b3b0245,CG8952,http://purl.obolibrary.org/obo/NCBITaxon_7227,http://www.ncbi.nlm.nih.gov/gene/32525,6.84665,0.000201275,OSD-207
https://purl.org/okn/frink/kg/spoke-genelab/node/OSD-207-ba2f9251efb7e9053a8dd97f9b3b0245,DptB,http://purl.obolibrary.org/obo/NCBITaxon_7227,http://www.ncbi.nlm.nih.gov/gene/37184,4.6496,5.61023e-05,OSD-207
https://purl.org/okn/frink/kg/spoke-genelab/node/OSD-207-ba2f9251efb7e9053a8dd97f9b3b0245,Sec61alpha,http://purl.obolibrary.org/obo/NCBITaxon_7227,http://www.ncbi.nlm.nih.gov/gene/33905,1.04658,0.000161841,OSD-207
https://purl.org/okn/frink/kg/spoke-genelab/node/OSD-207-ba2f9251efb7e9053a8dd97f9b3b0245,Lsp1alpha,http://purl.obolibrary.org/obo/NCBITaxon_7227,http://www.ncbi.nlm.nih.gov/gene/32199,-4.44594,0.0437965,OSD-207
https://purl.org/okn/frink/kg/spoke-genelab/node/OSD-207-ba2f9251efb7e9053a8dd97f9b3b0245,CG34461,http://purl.obolibrary.org/obo/NCBITaxon_7227,http://www.ncbi.nlm.nih.gov/gene/5740547,-1.96137,0.00844707,OSD-207
https://purl.org/okn/frink/kg/spoke-genelab/node/OSD-207-ba2f9251efb7e9053a8dd97f9b3b0245,CG12825,http://purl.obolibrary.org/obo/NCBITaxon_7227,http://www.ncbi.nlm.nih.gov/gene/35726,2.26809,0.00640109,OSD-207
https://purl.org/okn/frink/kg/spoke-genelab/node/OSD-207-ba2f9251efb7e9053a8dd97f9b3b0245,Cyp309a1,http://purl.obolibrary.org/obo/NCBITaxon_7227,http://www.ncbi.nlm.nih.gov/gene/33438,-1.69745,0.000121368,OSD-207
https://purl.org/okn/frink/kg/spoke-genelab/node/OSD-207-ba2f9251efb7e9053a8dd97f9b3b0245,edin,http://purl.obolibrary.org/obo/NCBITaxon_7227,http://www.ncbi.nlm.nih.gov/gene/317900,6.55258,1.34583e-05,OSD-207
https://purl.org/okn/frink/kg/spoke-genelab/node/OSD-207-ba2f9251efb7e9053a8dd97f9b3b0245,knk,http://purl.obolibrary.org/obo/NCBITaxon_7227,http://www.ncbi.nlm.nih.gov/gene/47137,-1.23836,0.016045,OSD-207
https://purl.org/okn/frink/kg/spoke-genelab/node/OSD-207-ba2f9251efb7e9053a8dd97f9b3b0245,Gnmt,http://purl.obolibrary.org/obo/NCBITaxon_7227,http://www.ncbi.nlm.nih.gov/gene/41561,3.98197,0.000237944,OSD-207
https://purl.org/okn/frink/kg/spoke-genelab/node/OSD-207-ba2f9251efb7e9053a8dd97f9b3b0245,CG5157,http://purl.obolibrary.org/obo/NCBITaxon_7227,http://www.ncbi.nlm.nih.gov/gene/39771,2.3822,0.0126506,OSD-207
https://purl.org/okn/frink/kg/spoke-genelab/node/OSD-207-ba2f9251efb7e9053a8dd97f9b3b0245,CG34038,http://purl.obolibrary.org/obo/NCBITaxon_7227,http://www.ncbi.nlm.nih.gov/gene/3885596,-4.86573,0.0241215,OSD-207
https://purl.org/okn/frink/kg/spoke-genelab/node/OSD-207-ba2f9251efb7e9053a8dd97f9b3b0245,CG32107,http://purl.obolibrary.org/obo/NCBITaxon_7227,http://www.ncbi.nlm.nih.gov/gene/317856,4.19312,0.0342511,OSD-207
https://purl.org/okn/frink/kg/spoke-genelab/node/OSD-207-ba2f9251efb7e9053a8dd97f9b3b0245,CG9903,http://purl.obolibrary.org/obo/NCBITaxon_7227,http://www.ncbi.nlm.nih.gov/gene/32621,3.40064,0.0132752,OSD-207
https://purl.org/okn/frink/kg/spoke-genelab/node/OSD-207-ba2f9251efb7e9053a8dd97f9b3b0245,Mtk,http://purl.obolibrary.org/obo/NCBITaxon_7227,http://www.ncbi.nlm.nih.gov/gene/36708,3.97455,0.000149789,OSD-207
https://purl.org/okn/frink/kg/spoke-genelab/node/OSD-207-ba2f9251efb7e9053a8dd97f9b3b0245,wun2,http://purl.obolibrary.org/obo/NCBITaxon_7227,http://www.ncbi.nlm.nih.gov/gene/53558,-1.14198,0.000545253,OSD-207
https://purl.org/okn/frink/kg/spoke-genelab/node/OSD-207-ba2f9251efb7e9053a8dd97f9b3b0245,Obp83g,http://purl.obolibrary.org/obo/NCBITaxon_7227,http://www.ncbi.nlm.nih.gov/gene/170878,-5.21906,2.24301e-06,OSD-207
https://purl.org/okn/frink/kg/spoke-genelab/node/OSD-207-ba2f9251efb7e9053a8dd97f9b3b0245,Rpn9,http://purl.obolibrary.org/obo/NCBITaxon_7227,http://www.ncbi.nlm.nih.gov/gene/42802,-1.59627,0.00112087,OSD-207
https://purl.org/okn/frink/kg/spoke-genelab/node/OSD-207-ba2f9251efb7e9053a8dd97f9b3b0245,CG34382,http://purl.obolibrary.org/obo/NCBITaxon_7227,http://www.ncbi.nlm.nih.gov/gene/5740788,-2.52349,0.0137089,OSD-207
https://purl.org/okn/frink/kg/spoke-genelab/node/OSD-207-ba2f9251efb7e9053a8dd97f9b3b0245,TpnC41C,http://purl.obolibrary.org/obo/NCBITaxon_7227,http://www.ncbi.nlm.nih.gov/gene/35473,-1.85424,0.00566815,OSD-207
https://purl.org/okn/frink/kg/spoke-genelab/node/OSD-207-ba2f9251efb7e9053a8dd97f9b3b0245,ninaD,http://purl.obolibrary.org/obo/NCBITaxon_7227,http://www.ncbi.nlm.nih.gov/gene/326160,-2.89414,0.00220237,OSD-207
https://purl.org/okn/frink/kg/spoke-genelab/node/OSD-207-ba2f9251efb7e9053a8dd97f9b3b0245,CG5885,http://purl.obolibrary.org/obo/NCBITaxon_7227,http://www.ncbi.nlm.nih.gov/gene/34314,1.39188,1.14146e-05,OSD-207
https://purl.org/okn/frink/kg/spoke-genelab/node/OSD-207-ba2f9251efb7e9053a8dd97f9b3b0245,Osi9,http://purl.obolibrary.org/obo/NCBITaxon_7227,http://www.ncbi.nlm.nih.gov/gene/40763,-4.06793,5.79023e-05,OSD-207
https://purl.org/okn/frink/kg/spoke-genelab/node/OSD-207-ba2f9251efb7e9053a8dd97f9b3b0245,CG12017,http://purl.obolibrary.org/obo/NCBITaxon_7227,http://www.ncbi.nlm.nih.gov/gene/38404,-5.56793,0.000100923,OSD-207
https://purl.org/okn/frink/kg/spoke-genelab/node/OSD-207-ba2f9251efb7e9053a8dd97f9b3b0245,CG9616,http://purl.obolibrary.org/obo/NCBITaxon_7227,http://www.ncbi.nlm.nih.gov/gene/41731,1.52947,0.0253635,OSD-207
https://purl.org/okn/frink/kg/spoke-genelab/node/OSD-207-ba2f9251efb7e9053a8dd97f9b3b0245,CG15213,http://purl.obolibrary.org/obo/NCBITaxon_7227,http://www.ncbi.nlm.nih.gov/gene/50316,-1.89566,0.000539158,OSD-207
https://purl.org/okn/frink/kg/spoke-genelab/node/OSD-207-ba2f9251efb7e9053a8dd97f9b3b0245,CG17974,http://purl.obolibrary.org/obo/NCBITaxon_7227,http://www.ncbi.nlm.nih.gov/gene/37441,-5.63372,4.15012e-05,OSD-207
https://purl.org/okn/frink/kg/spoke-genelab/node/OSD-207-ba2f9251efb7e9053a8dd97f9b3b0245,prc,http://purl.obolibrary.org/obo/NCBITaxon_7227,http://www.ncbi.nlm.nih.gov/gene/43930,-3.54413,9.53996e-07,OSD-207
https://purl.org/okn/frink/kg/spoke-genelab/node/OSD-207-ba2f9251efb7e9053a8dd97f9b3b0245,CG8028,http://purl.obolibrary.org/obo/NCBITaxon_7227,http://www.ncbi.nlm.nih.gov/gene/32923,-4.03065,0.0106573,OSD-207
https://purl.org/okn/frink/kg/spoke-genelab/node/OSD-207-ba2f9251efb7e9053a8dd97f9b3b0245,Cpr76Bc,http://purl.obolibrary.org/obo/NCBITaxon_7227,http://www.ncbi.nlm.nih.gov/gene/40122,-3.80517,7.92418e-05,OSD-207
https://purl.org/okn/frink/kg/spoke-genelab/node/OSD-207-ba2f9251efb7e9053a8dd97f9b3b0245,CG14301,http://purl.obolibrary.org/obo/NCBITaxon_7227,http://www.ncbi.nlm.nih.gov/gene/42235,-2.71355,1.54823e-05,OSD-207
https://purl.org/okn/frink/kg/spoke-genelab/node/OSD-207-ba2f9251efb7e9053a8dd97f9b3b0245,lncRNA:CR32553,http://purl.obolibrary.org/obo/NCBITaxon_7227,http://www.ncbi.nlm.nih.gov/gene/318087,1.44454,5.98778e-05,OSD-207
https://purl.org/okn/frink/kg/spoke-genelab/node/OSD-207-ba2f9251efb7e9053a8dd97f9b3b0245,TRAM,http://purl.obolibrary.org/obo/NCBITaxon_7227,http://www.ncbi.nlm.nih.gov/gene/31042,1.04556,0.015257,OSD-207
https://purl.org/okn/frink/kg/spoke-genelab/node/OSD-207-ba2f9251efb7e9053a8dd97f9b3b0245,CG33093,http://purl.obolibrary.org/obo/NCBITaxon_7227,http://www.ncbi.nlm.nih.gov/gene/42654,-5.55926,0.0386608,OSD-207
https://purl.org/okn/frink/kg/spoke-genelab/node/OSD-207-ba2f9251efb7e9053a8dd97f9b3b0245,CG4115,http://purl.obolibrary.org/obo/NCBITaxon_7227,http://www.ncbi.nlm.nih.gov/gene/41499,-1.28732,0.0370553,OSD-207
https://purl.org/okn/frink/kg/spoke-genelab/node/OSD-207-ba2f9251efb7e9053a8dd97f9b3b0245,Tsp5D,http://purl.obolibrary.org/obo/NCBITaxon_7227,http://www.ncbi.nlm.nih.gov/gene/31540,-1.38812,0.000145576,OSD-207
https://purl.org/okn/frink/kg/spoke-genelab/node/OSD-207-ba2f9251efb7e9053a8dd97f9b3b0245,ImpE3,http://purl.obolibrary.org/obo/NCBITaxon_7227,http://www.ncbi.nlm.nih.gov/gene/48239,-1.59496,0.0277529,OSD-207
https://purl.org/okn/frink/kg/spoke-genelab/node/OSD-207-ba2f9251efb7e9053a8dd97f9b3b0245,Sec61beta,http://purl.obolibrary.org/obo/NCBITaxon_7227,http://www.ncbi.nlm.nih.gov/gene/46080,1.23343,9.69666e-05,OSD-207
https://purl.org/okn/frink/kg/spoke-genelab/node/OSD-207-ba2f9251efb7e9053a8dd97f9b3b0245,Ir54a,http://purl.obolibrary.org/obo/NCBITaxon_7227,http://www.ncbi.nlm.nih.gov/gene/37022,-4.36137,0.0291608,OSD-207
https://purl.org/okn/frink/kg/spoke-genelab/node/OSD-207-ba2f9251efb7e9053a8dd97f9b3b0245,CG11658,http://purl.obolibrary.org/obo/NCBITaxon_7227,http://www.ncbi.nlm.nih.gov/gene/39319,-1.07881,0.0003017,OSD-207
https://purl.org/okn/frink/kg/spoke-genelab/node/OSD-207-ba2f9251efb7e9053a8dd97f9b3b0245,CG15024,http://purl.obolibrary.org/obo/NCBITaxon_7227,http://www.ncbi.nlm.nih.gov/gene/50172,-8.72662,0.00624252,OSD-207
https://purl.org/okn/frink/kg/spoke-genelab/node/OSD-207-ba2f9251efb7e9053a8dd97f9b3b0245,yellow-b,http://purl.obolibrary.org/obo/NCBITaxon_7227,http://www.ncbi.nlm.nih.gov/gene/35005,-1.0826,6.22059e-06,OSD-207
https://purl.org/okn/frink/kg/spoke-genelab/node/OSD-207-ba2f9251efb7e9053a8dd97f9b3b0245,CG18179,http://purl.obolibrary.org/obo/NCBITaxon_7227,http://www.ncbi.nlm.nih.gov/gene/39124,2.68055,0.0392822,OSD-207
https://purl.org/okn/frink/kg/spoke-genelab/node/OSD-207-ba2f9251efb7e9053a8dd97f9b3b0245,CG34215,http://purl.obolibrary.org/obo/NCBITaxon_7227,http://www.ncbi.nlm.nih.gov/gene/5740170,2.31969,5.2914e-11,OSD-207
https://purl.org/okn/frink/kg/spoke-genelab/node/OSD-207-ba2f9251efb7e9053a8dd97f9b3b0245,Obp83cd,http://purl.obolibrary.org/obo/NCBITaxon_7227,http://www.ncbi.nlm.nih.gov/gene/40746,-1.18,0.00915872,OSD-207
https://purl.org/okn/frink/kg/spoke-genelab/node/OSD-207-ba2f9251efb7e9053a8dd97f9b3b0245,CG6839,http://purl.obolibrary.org/obo/NCBITaxon_7227,http://www.ncbi.nlm.nih.gov/gene/40067,6.91402,0.00154318,OSD-207
https://purl.org/okn/frink/kg/spoke-genelab/node/OSD-207-ba2f9251efb7e9053a8dd97f9b3b0245,CG11741,http://purl.obolibrary.org/obo/NCBITaxon_7227,http://www.ncbi.nlm.nih.gov/gene/5740784,3.28052,8.46353e-06,OSD-207
https://purl.org/okn/frink/kg/spoke-genelab/node/OSD-207-ba2f9251efb7e9053a8dd97f9b3b0245,frm,http://purl.obolibrary.org/obo/NCBITaxon_7227,http://www.ncbi.nlm.nih.gov/gene/38624,-2.53172,1.58968e-05,OSD-207
https://purl.org/okn/frink/kg/spoke-genelab/node/OSD-207-ba2f9251efb7e9053a8dd97f9b3b0245,CG31106,http://purl.obolibrary.org/obo/NCBITaxon_7227,http://www.ncbi.nlm.nih.gov/gene/318594,2.48226,0.00316086,OSD-207
https://purl.org/okn/frink/kg/spoke-genelab/node/OSD-207-ba2f9251efb7e9053a8dd97f9b3b0245,CG17786,http://purl.obolibrary.org/obo/NCBITaxon_7227,http://www.ncbi.nlm.nih.gov/gene/42879,-1.17848,0.0373852,OSD-207
https://purl.org/okn/frink/kg/spoke-genelab/node/OSD-207-ba2f9251efb7e9053a8dd97f9b3b0245,PH4alphaPV,http://purl.obolibrary.org/obo/NCBITaxon_7227,http://www.ncbi.nlm.nih.gov/gene/43640,4.79057,8.53254e-05,OSD-207
https://purl.org/okn/frink/kg/spoke-genelab/node/OSD-207-ba2f9251efb7e9053a8dd97f9b3b0245,kkv,http://purl.obolibrary.org/obo/NCBITaxon_7227,http://www.ncbi.nlm.nih.gov/gene/45884,-5.56077,2.16443e-06,OSD-207
https://purl.org/okn/frink/kg/spoke-genelab/node/OSD-207-ba2f9251efb7e9053a8dd97f9b3b0245,Ho,http://purl.obolibrary.org/obo/NCBITaxon_7227,http://www.ncbi.nlm.nih.gov/gene/41407,-1.8335,0.000735298,OSD-207
https://purl.org/okn/frink/kg/spoke-genelab/node/OSD-207-ba2f9251efb7e9053a8dd97f9b3b0245,dyw,http://purl.obolibrary.org/obo/NCBITaxon_7227,http://www.ncbi.nlm.nih.gov/gene/31252,-6.19048,1.5022e-09,OSD-207
https://purl.org/okn/frink/kg/spoke-genelab/node/OSD-207-ba2f9251efb7e9053a8dd97f9b3b0245,Fst,http://purl.obolibrary.org/obo/NCBITaxon_7227,http://www.ncbi.nlm.nih.gov/gene/41169,5.0817,0.0129342,OSD-207
https://purl.org/okn/frink/kg/spoke-genelab/node/OSD-207-ba2f9251efb7e9053a8dd97f9b3b0245,CG13063,http://purl.obolibrary.org/obo/NCBITaxon_7227,http://www.ncbi.nlm.nih.gov/gene/39797,-8.85722,0.00915872,OSD-207
https://purl.org/okn/frink/kg/spoke-genelab/node/OSD-207-ba2f9251efb7e9053a8dd97f9b3b0245,fj,http://purl.obolibrary.org/obo/NCBITaxon_7227,http://www.ncbi.nlm.nih.gov/gene/37089,-2.62385,5.8446e-05,OSD-207
https://purl.org/okn/frink/kg/spoke-genelab/node/OSD-207-ba2f9251efb7e9053a8dd97f9b3b0245,CG13670,http://purl.obolibrary.org/obo/NCBITaxon_7227,http://www.ncbi.nlm.nih.gov/gene/38938,1.31402,0.000253091,OSD-207
https://purl.org/okn/frink/kg/spoke-genelab/node/OSD-207-ba2f9251efb7e9053a8dd97f9b3b0245,CG3097,http://purl.obolibrary.org/obo/NCBITaxon_7227,http://www.ncbi.nlm.nih.gov/gene/31503,1.30069,0.018641,OSD-207
https://purl.org/okn/frink/kg/spoke-genelab/node/OSD-207-ba2f9251efb7e9053a8dd97f9b3b0245,CG14565,http://purl.obolibrary.org/obo/NCBITaxon_7227,http://www.ncbi.nlm.nih.gov/gene/40423,-3.85102,0.0444906,OSD-207
https://purl.org/okn/frink/kg/spoke-genelab/node/OSD-207-ba2f9251efb7e9053a8dd97f9b3b0245,CG13056,http://purl.obolibrary.org/obo/NCBITaxon_7227,http://www.ncbi.nlm.nih.gov/gene/50267,-6.04797,0.000198001,OSD-207
https://purl.org/okn/frink/kg/spoke-genelab/node/OSD-207-ba2f9251efb7e9053a8dd97f9b3b0245,Slc45-1,http://purl.obolibrary.org/obo/NCBITaxon_7227,http://www.ncbi.nlm.nih.gov/gene/39055,-1.36874,8.0677e-05,OSD-207
https://purl.org/okn/frink/kg/spoke-genelab/node/OSD-207-ba2f9251efb7e9053a8dd97f9b3b0245,Zasp67,http://purl.obolibrary.org/obo/NCBITaxon_7227,http://www.ncbi.nlm.nih.gov/gene/39148,-3.01536,0.000149789,OSD-207
https://purl.org/okn/frink/kg/spoke-genelab/node/OSD-207-ba2f9251efb7e9053a8dd97f9b3b0245,CG13044,http://purl.obolibrary.org/obo/NCBITaxon_7227,http://www.ncbi.nlm.nih.gov/gene/39795,-9.77416,5.57569e-05,OSD-207
https://purl.org/okn/frink/kg/spoke-genelab/node/OSD-207-ba2f9251efb7e9053a8dd97f9b3b0245,CG7884,http://purl.obolibrary.org/obo/NCBITaxon_7227,http://www.ncbi.nlm.nih.gov/gene/32914,-4.77046,0.000122287,OSD-207
https://purl.org/okn/frink/kg/spoke-genelab/node/OSD-207-ba2f9251efb7e9053a8dd97f9b3b0245,CG11437,http://purl.obolibrary.org/obo/NCBITaxon_7227,http://www.ncbi.nlm.nih.gov/gene/40470,-2.13408,0.000341019,OSD-207
https://purl.org/okn/frink/kg/spoke-genelab/node/OSD-207-ba2f9251efb7e9053a8dd97f9b3b0245,Usp14,http://purl.obolibrary.org/obo/NCBITaxon_7227,http://www.ncbi.nlm.nih.gov/gene/34387,-1.11119,0.00603118,OSD-207
https://purl.org/okn/frink/kg/spoke-genelab/node/OSD-207-ba2f9251efb7e9053a8dd97f9b3b0245,CG5955,http://purl.obolibrary.org/obo/NCBITaxon_7227,http://www.ncbi.nlm.nih.gov/gene/40268,1.09199,0.0220998,OSD-207
https://purl.org/okn/frink/kg/spoke-genelab/node/OSD-207-ba2f9251efb7e9053a8dd97f9b3b0245,CG32036,http://purl.obolibrary.org/obo/NCBITaxon_7227,http://www.ncbi.nlm.nih.gov/gene/39105,-2.42789,0.0361624,OSD-207
https://purl.org/okn/frink/kg/spoke-genelab/node/OSD-207-ba2f9251efb7e9053a8dd97f9b3b0245,Cht5,http://purl.obolibrary.org/obo/NCBITaxon_7227,http://www.ncbi.nlm.nih.gov/gene/41687,-3.70517,5.03236e-06,OSD-207
https://purl.org/okn/frink/kg/spoke-genelab/node/OSD-207-ba2f9251efb7e9053a8dd97f9b3b0245,Cpr56F,http://purl.obolibrary.org/obo/NCBITaxon_7227,http://www.ncbi.nlm.nih.gov/gene/37299,-5.7747,0.000745069,OSD-207
https://purl.org/okn/frink/kg/spoke-genelab/node/OSD-207-ba2f9251efb7e9053a8dd97f9b3b0245,CG13676,http://purl.obolibrary.org/obo/NCBITaxon_7227,http://www.ncbi.nlm.nih.gov/gene/38906,-3.84612,0.000223963,OSD-207
https://purl.org/okn/frink/kg/spoke-genelab/node/OSD-207-ba2f9251efb7e9053a8dd97f9b3b0245,lcs,http://purl.obolibrary.org/obo/NCBITaxon_7227,http://www.ncbi.nlm.nih.gov/gene/33120,7.49489,7.70453e-07,OSD-207
https://purl.org/okn/frink/kg/spoke-genelab/node/OSD-207-ba2f9251efb7e9053a8dd97f9b3b0245,CG13154,http://purl.obolibrary.org/obo/NCBITaxon_7227,http://www.ncbi.nlm.nih.gov/gene/36359,-3.59886,0.0448781,OSD-207
https://purl.org/okn/frink/kg/spoke-genelab/node/OSD-207-ba2f9251efb7e9053a8dd97f9b3b0245,CG34457,http://purl.obolibrary.org/obo/NCBITaxon_7227,http://www.ncbi.nlm.nih.gov/gene/5740661,-2.73957,0.00905526,OSD-207
https://purl.org/okn/frink/kg/spoke-genelab/node/OSD-207-ba2f9251efb7e9053a8dd97f9b3b0245,Jon65Aiii,http://purl.obolibrary.org/obo/NCBITaxon_7227,http://www.ncbi.nlm.nih.gov/gene/38683,7.05248,0.000322821,OSD-207
https://purl.org/okn/frink/kg/spoke-genelab/node/OSD-207-ba2f9251efb7e9053a8dd97f9b3b0245,Dronc,http://purl.obolibrary.org/obo/NCBITaxon_7227,http://www.ncbi.nlm.nih.gov/gene/39173,-1.57951,0.00710571,OSD-207
https://purl.org/okn/frink/kg/spoke-genelab/node/OSD-207-ba2f9251efb7e9053a8dd97f9b3b0245,CG15044,http://purl.obolibrary.org/obo/NCBITaxon_7227,http://www.ncbi.nlm.nih.gov/gene/32834,6.07885,0.001156,OSD-207
https://purl.org/okn/frink/kg/spoke-genelab/node/OSD-207-ba2f9251efb7e9053a8dd97f9b3b0245,CG13678,http://purl.obolibrary.org/obo/NCBITaxon_7227,http://www.ncbi.nlm.nih.gov/gene/38922,-3.3296,0.00705307,OSD-207
https://purl.org/okn/frink/kg/spoke-genelab/node/OSD-207-ba2f9251efb7e9053a8dd97f9b3b0245,Or47b,http://purl.obolibrary.org/obo/NCBITaxon_7227,http://www.ncbi.nlm.nih.gov/gene/36212,1.2903,0.0185328,OSD-207
https://purl.org/okn/frink/kg/spoke-genelab/node/OSD-207-ba2f9251efb7e9053a8dd97f9b3b0245,CG9514,http://purl.obolibrary.org/obo/NCBITaxon_7227,http://www.ncbi.nlm.nih.gov/gene/32418,-2.02395,0.014874,OSD-207
https://purl.org/okn/frink/kg/spoke-genelab/node/OSD-207-ba2f9251efb7e9053a8dd97f9b3b0245,Tsf1,http://purl.obolibrary.org/obo/NCBITaxon_7227,http://www.ncbi.nlm.nih.gov/gene/32821,1.85691,0.00014812,OSD-207
https://purl.org/okn/frink/kg/spoke-genelab/node/OSD-207-ba2f9251efb7e9053a8dd97f9b3b0245,Cpr62Bb,http://purl.obolibrary.org/obo/NCBITaxon_7227,http://www.ncbi.nlm.nih.gov/gene/38240,-1.85658,0.000875231,OSD-207
https://purl.org/okn/frink/kg/spoke-genelab/node/OSD-207-ba2f9251efb7e9053a8dd97f9b3b0245,CG14153,http://purl.obolibrary.org/obo/NCBITaxon_7227,http://www.ncbi.nlm.nih.gov/gene/39208,-1.1959,0.000724426,OSD-207
https://purl.org/okn/frink/kg/spoke-genelab/node/OSD-207-ba2f9251efb7e9053a8dd97f9b3b0245,CG13875,http://purl.obolibrary.org/obo/NCBITaxon_7227,http://www.ncbi.nlm.nih.gov/gene/38024,-1.05641,0.0314994,OSD-207
https://purl.org/okn/frink/kg/spoke-genelab/node/OSD-207-ba2f9251efb7e9053a8dd97f9b3b0245,CG9826,http://purl.obolibrary.org/obo/NCBITaxon_7227,http://www.ncbi.nlm.nih.gov/gene/37625,2.20194,0.0326846,OSD-207
https://purl.org/okn/frink/kg/spoke-genelab/node/OSD-207-ba2f9251efb7e9053a8dd97f9b3b0245,CG17746,http://purl.obolibrary.org/obo/NCBITaxon_7227,http://www.ncbi.nlm.nih.gov/gene/38400,-1.99809,6.78965e-05,OSD-207
https://purl.org/okn/frink/kg/spoke-genelab/node/OSD-207-ba2f9251efb7e9053a8dd97f9b3b0245,CG4455,http://purl.obolibrary.org/obo/NCBITaxon_7227,http://www.ncbi.nlm.nih.gov/gene/34975,-1.1476,0.000104341,OSD-207
https://purl.org/okn/frink/kg/spoke-genelab/node/OSD-207-ba2f9251efb7e9053a8dd97f9b3b0245,Cad74A,http://purl.obolibrary.org/obo/NCBITaxon_7227,http://www.ncbi.nlm.nih.gov/gene/39936,-1.07285,0.00101006,OSD-207
https://purl.org/okn/frink/kg/spoke-genelab/node/OSD-207-ba2f9251efb7e9053a8dd97f9b3b0245,b6,http://purl.obolibrary.org/obo/NCBITaxon_7227,http://www.ncbi.nlm.nih.gov/gene/31124,-2.36552,0.000843174,OSD-207
https://purl.org/okn/frink/kg/spoke-genelab/node/OSD-207-ba2f9251efb7e9053a8dd97f9b3b0245,BomS1,http://purl.obolibrary.org/obo/NCBITaxon_7227,http://www.ncbi.nlm.nih.gov/gene/37100,2.48059,0.00111639,OSD-207
https://purl.org/okn/frink/kg/spoke-genelab/node/OSD-207-ba2f9251efb7e9053a8dd97f9b3b0245,CG11852,http://purl.obolibrary.org/obo/NCBITaxon_7227,http://www.ncbi.nlm.nih.gov/gene/43035,-2.41098,0.000172581,OSD-207
https://purl.org/okn/frink/kg/spoke-genelab/node/OSD-207-ba2f9251efb7e9053a8dd97f9b3b0245,CG33061,http://purl.obolibrary.org/obo/NCBITaxon_7227,http://www.ncbi.nlm.nih.gov/gene/318838,-4.12541,0.0402891,OSD-207
https://purl.org/okn/frink/kg/spoke-genelab/node/OSD-207-ba2f9251efb7e9053a8dd97f9b3b0245,Cda9,http://purl.obolibrary.org/obo/NCBITaxon_7227,http://www.ncbi.nlm.nih.gov/gene/36934,5.32336,0.000104351,OSD-207
https://purl.org/okn/frink/kg/spoke-genelab/node/OSD-207-ba2f9251efb7e9053a8dd97f9b3b0245,thw,http://purl.obolibrary.org/obo/NCBITaxon_7227,http://www.ncbi.nlm.nih.gov/gene/40868,-2.35653,0.000195859,OSD-207
https://purl.org/okn/frink/kg/spoke-genelab/node/OSD-207-ba2f9251efb7e9053a8dd97f9b3b0245,Dr,http://purl.obolibrary.org/obo/NCBITaxon_7227,http://www.ncbi.nlm.nih.gov/gene/45285,1.20645,0.00268341,OSD-207
https://purl.org/okn/frink/kg/spoke-genelab/node/OSD-207-ba2f9251efb7e9053a8dd97f9b3b0245,CG13062,http://purl.obolibrary.org/obo/NCBITaxon_7227,http://www.ncbi.nlm.nih.gov/gene/39799,-4.96205,0.00108101,OSD-207
https://purl.org/okn/frink/kg/spoke-genelab/node/OSD-207-ba2f9251efb7e9053a8dd97f9b3b0245,CG14218,http://purl.obolibrary.org/obo/NCBITaxon_7227,http://www.ncbi.nlm.nih.gov/gene/32949,-5.36992,0.000409772,OSD-207
https://purl.org/okn/frink/kg/spoke-genelab/node/OSD-207-ba2f9251efb7e9053a8dd97f9b3b0245,pip,http://purl.obolibrary.org/obo/NCBITaxon_7227,http://www.ncbi.nlm.nih.gov/gene/40104,-4.06034,3.63447e-05,OSD-207
https://purl.org/okn/frink/kg/spoke-genelab/node/OSD-207-ba2f9251efb7e9053a8dd97f9b3b0245,Lip2,http://purl.obolibrary.org/obo/NCBITaxon_7227,http://www.ncbi.nlm.nih.gov/gene/43980,3.06346,2.16443e-06,OSD-207
https://purl.org/okn/frink/kg/spoke-genelab/node/OSD-207-ba2f9251efb7e9053a8dd97f9b3b0245,CG9928,http://purl.obolibrary.org/obo/NCBITaxon_7227,http://www.ncbi.nlm.nih.gov/gene/34704,1.96351,1.34323e-06,OSD-207
https://purl.org/okn/frink/kg/spoke-genelab/node/OSD-207-ba2f9251efb7e9053a8dd97f9b3b0245,BomS5,http://purl.obolibrary.org/obo/NCBITaxon_7227,http://www.ncbi.nlm.nih.gov/gene/50207,2.68569,1.28763e-05,OSD-207
https://purl.org/okn/frink/kg/spoke-genelab/node/OSD-207-ba2f9251efb7e9053a8dd97f9b3b0245,CG13082,http://purl.obolibrary.org/obo/NCBITaxon_7227,http://www.ncbi.nlm.nih.gov/gene/35244,-2.63788,1.18236e-05,OSD-207
https://purl.org/okn/frink/kg/spoke-genelab/node/OSD-207-ba2f9251efb7e9053a8dd97f9b3b0245,CG11459,http://purl.obolibrary.org/obo/NCBITaxon_7227,http://www.ncbi.nlm.nih.gov/gene/40741,1.67266,4.37923e-05,OSD-207
https://purl.org/okn/frink/kg/spoke-genelab/node/OSD-207-ba2f9251efb7e9053a8dd97f9b3b0245,Osi12,http://purl.obolibrary.org/obo/NCBITaxon_7227,http://www.ncbi.nlm.nih.gov/gene/40766,-4.85037,0.0141747,OSD-207
https://purl.org/okn/frink/kg/spoke-genelab/node/OSD-207-ba2f9251efb7e9053a8dd97f9b3b0245,CG6231,http://purl.obolibrary.org/obo/NCBITaxon_7227,http://www.ncbi.nlm.nih.gov/gene/42339,-1.15069,0.00080677,OSD-207
https://purl.org/okn/frink/kg/spoke-genelab/node/OSD-207-ba2f9251efb7e9053a8dd97f9b3b0245,Ance-2,http://purl.obolibrary.org/obo/NCBITaxon_7227,http://www.ncbi.nlm.nih.gov/gene/34806,-9.78106,2.95696e-06,OSD-207
https://purl.org/okn/frink/kg/spoke-genelab/node/OSD-207-ba2f9251efb7e9053a8dd97f9b3b0245,CG7881,http://purl.obolibrary.org/obo/NCBITaxon_7227,http://www.ncbi.nlm.nih.gov/gene/35521,1.43824,0.0456352,OSD-207
https://purl.org/okn/frink/kg/spoke-genelab/node/OSD-207-ba2f9251efb7e9053a8dd97f9b3b0245,se,http://purl.obolibrary.org/obo/NCBITaxon_7227,http://www.ncbi.nlm.nih.gov/gene/38973,-1.16537,0.0168989,OSD-207
https://purl.org/okn/frink/kg/spoke-genelab/node/OSD-207-ba2f9251efb7e9053a8dd97f9b3b0245,Est-P,http://purl.obolibrary.org/obo/NCBITaxon_7227,http://www.ncbi.nlm.nih.gov/gene/39393,3.31157,7.77922e-10,OSD-207
https://purl.org/okn/frink/kg/spoke-genelab/node/OSD-207-ba2f9251efb7e9053a8dd97f9b3b0245,CG14598,http://purl.obolibrary.org/obo/NCBITaxon_7227,http://www.ncbi.nlm.nih.gov/gene/40893,-2.4618,0.0484764,OSD-207
https://purl.org/okn/frink/kg/spoke-genelab/node/OSD-207-ba2f9251efb7e9053a8dd97f9b3b0245,Mlc1,http://purl.obolibrary.org/obo/NCBITaxon_7227,http://www.ncbi.nlm.nih.gov/gene/43323,-2.23288,0.00019628,OSD-207
https://purl.org/okn/frink/kg/spoke-genelab/node/OSD-207-ba2f9251efb7e9053a8dd97f9b3b0245,CG17707,http://purl.obolibrary.org/obo/NCBITaxon_7227,http://www.ncbi.nlm.nih.gov/gene/5740408,-5.94363,1.15229e-08,OSD-207
https://purl.org/okn/frink/kg/spoke-genelab/node/OSD-207-ba2f9251efb7e9053a8dd97f9b3b0245,CG13024,http://purl.obolibrary.org/obo/NCBITaxon_7227,http://www.ncbi.nlm.nih.gov/gene/39880,-1.75003,0.0124241,OSD-207
https://purl.org/okn/frink/kg/spoke-genelab/node/OSD-207-ba2f9251efb7e9053a8dd97f9b3b0245,Cht6,http://purl.obolibrary.org/obo/NCBITaxon_7227,http://www.ncbi.nlm.nih.gov/gene/31935,-2.33546,5.63097e-05,OSD-207
https://purl.org/okn/frink/kg/spoke-genelab/node/OSD-207-ba2f9251efb7e9053a8dd97f9b3b0245,CG6739,http://purl.obolibrary.org/obo/NCBITaxon_7227,http://www.ncbi.nlm.nih.gov/gene/34037,-2.26607,0.00134347,OSD-207
https://purl.org/okn/frink/kg/spoke-genelab/node/OSD-207-ba2f9251efb7e9053a8dd97f9b3b0245,Oatp33Ea,http://purl.obolibrary.org/obo/NCBITaxon_7227,http://www.ncbi.nlm.nih.gov/gene/34660,-1.14024,0.0212096,OSD-207
https://purl.org/okn/frink/kg/spoke-genelab/node/OSD-207-ba2f9251efb7e9053a8dd97f9b3b0245,CG7298,http://purl.obolibrary.org/obo/NCBITaxon_7227,http://www.ncbi.nlm.nih.gov/gene/40210,35.8495,8.7789e-12,OSD-207
https://purl.org/okn/frink/kg/spoke-genelab/node/OSD-207-ba2f9251efb7e9053a8dd97f9b3b0245,CG18067,http://purl.obolibrary.org/obo/NCBITaxon_7227,http://www.ncbi.nlm.nih.gov/gene/37314,1.60173,0.010837,OSD-207
https://purl.org/okn/frink/kg/spoke-genelab/node/OSD-207-ba2f9251efb7e9053a8dd97f9b3b0245,CG34232,http://purl.obolibrary.org/obo/NCBITaxon_7227,http://www.ncbi.nlm.nih.gov/gene/5740195,1.91567,0.00460857,OSD-207
https://purl.org/okn/frink/kg/spoke-genelab/node/OSD-207-ba2f9251efb7e9053a8dd97f9b3b0245,CG16959,http://purl.obolibrary.org/obo/NCBITaxon_7227,http://www.ncbi.nlm.nih.gov/gene/39648,-1.96518,1.05217e-06,OSD-207
https://purl.org/okn/frink/kg/spoke-genelab/node/OSD-207-ba2f9251efb7e9053a8dd97f9b3b0245,CG13068,http://purl.obolibrary.org/obo/NCBITaxon_7227,http://www.ncbi.nlm.nih.gov/gene/39784,-2.05606,0.0115921,OSD-207
https://purl.org/okn/frink/kg/spoke-genelab/node/OSD-207-ba2f9251efb7e9053a8dd97f9b3b0245,Amyrel,http://purl.obolibrary.org/obo/NCBITaxon_7227,http://www.ncbi.nlm.nih.gov/gene/36863,-5.29023,0.000572614,OSD-207
https://purl.org/okn/frink/kg/spoke-genelab/node/OSD-207-ba2f9251efb7e9053a8dd97f9b3b0245,Ag5r,http://purl.obolibrary.org/obo/NCBITaxon_7227,http://www.ncbi.nlm.nih.gov/gene/44631,3.20139,0.0476263,OSD-207
https://purl.org/okn/frink/kg/spoke-genelab/node/OSD-207-ba2f9251efb7e9053a8dd97f9b3b0245,Phae1,http://purl.obolibrary.org/obo/NCBITaxon_7227,http://www.ncbi.nlm.nih.gov/gene/34637,5.99258,0.0139909,OSD-207
https://purl.org/okn/frink/kg/spoke-genelab/node/OSD-207-ba2f9251efb7e9053a8dd97f9b3b0245,CG11380,http://purl.obolibrary.org/obo/NCBITaxon_7227,http://www.ncbi.nlm.nih.gov/gene/31065,-4.71318,0.000147175,OSD-207
https://purl.org/okn/frink/kg/spoke-genelab/node/OSD-207-ba2f9251efb7e9053a8dd97f9b3b0245,Lcp65Ac,http://purl.obolibrary.org/obo/NCBITaxon_7227,http://www.ncbi.nlm.nih.gov/gene/38708,-2.4314,0.00166848,OSD-207
https://purl.org/okn/frink/kg/spoke-genelab/node/OSD-207-ba2f9251efb7e9053a8dd97f9b3b0245,Gasp,http://purl.obolibrary.org/obo/NCBITaxon_7227,http://www.ncbi.nlm.nih.gov/gene/40745,-3.42785,6.91049e-08,OSD-207
https://purl.org/okn/frink/kg/spoke-genelab/node/OSD-207-ba2f9251efb7e9053a8dd97f9b3b0245,CG13046,http://purl.obolibrary.org/obo/NCBITaxon_7227,http://www.ncbi.nlm.nih.gov/gene/39791,-7.64218,9.38352e-09,OSD-207
https://purl.org/okn/frink/kg/spoke-genelab/node/OSD-207-ba2f9251efb7e9053a8dd97f9b3b0245,retinin,http://purl.obolibrary.org/obo/NCBITaxon_7227,http://www.ncbi.nlm.nih.gov/gene/53564,-2.09342,9.8102e-05,OSD-207
https://purl.org/okn/frink/kg/spoke-genelab/node/OSD-207-ba2f9251efb7e9053a8dd97f9b3b0245,CG3984,http://purl.obolibrary.org/obo/NCBITaxon_7227,http://www.ncbi.nlm.nih.gov/gene/41821,-2.39687,0.00471309,OSD-207
https://purl.org/okn/frink/kg/spoke-genelab/node/OSD-207-ba2f9251efb7e9053a8dd97f9b3b0245,CG15080,http://purl.obolibrary.org/obo/NCBITaxon_7227,http://www.ncbi.nlm.nih.gov/gene/37167,-5.40611,2.2775e-08,OSD-207
https://purl.org/okn/frink/kg/spoke-genelab/node/OSD-207-ba2f9251efb7e9053a8dd97f9b3b0245,CG5731,http://purl.obolibrary.org/obo/NCBITaxon_7227,http://www.ncbi.nlm.nih.gov/gene/34355,-2.10751,0.000149789,OSD-207
https://purl.org/okn/frink/kg/spoke-genelab/node/OSD-207-ba2f9251efb7e9053a8dd97f9b3b0245,CG8927,http://purl.obolibrary.org/obo/NCBITaxon_7227,http://www.ncbi.nlm.nih.gov/gene/41964,-4.40291,5.16878e-05,OSD-207
https://purl.org/okn/frink/kg/spoke-genelab/node/OSD-207-ba2f9251efb7e9053a8dd97f9b3b0245,CG10912,http://purl.obolibrary.org/obo/NCBITaxon_7227,http://www.ncbi.nlm.nih.gov/gene/37059,5.65039,0.0456352,OSD-207
https://purl.org/okn/frink/kg/spoke-genelab/node/OSD-207-ba2f9251efb7e9053a8dd97f9b3b0245,fa2h,http://purl.obolibrary.org/obo/NCBITaxon_7227,http://www.ncbi.nlm.nih.gov/gene/35670,1.02323,0.0429384,OSD-207
https://purl.org/okn/frink/kg/spoke-genelab/node/OSD-207-ba2f9251efb7e9053a8dd97f9b3b0245,CG10936,http://purl.obolibrary.org/obo/NCBITaxon_7227,http://www.ncbi.nlm.nih.gov/gene/37000,-2.34089,0.00213067,OSD-207
https://purl.org/okn/frink/kg/spoke-genelab/node/OSD-207-ba2f9251efb7e9053a8dd97f9b3b0245,yellow-h,http://purl.obolibrary.org/obo/NCBITaxon_7227,http://www.ncbi.nlm.nih.gov/gene/43779,-1.0161,0.0100992,OSD-207
https://purl.org/okn/frink/kg/spoke-genelab/node/OSD-207-ba2f9251efb7e9053a8dd97f9b3b0245,Nplp3,http://purl.obolibrary.org/obo/NCBITaxon_7227,http://www.ncbi.nlm.nih.gov/gene/59235,-5.06452,1.54465e-07,OSD-207
https://purl.org/okn/frink/kg/spoke-genelab/node/OSD-207-ba2f9251efb7e9053a8dd97f9b3b0245,CG12911,http://purl.obolibrary.org/obo/NCBITaxon_7227,http://www.ncbi.nlm.nih.gov/gene/36081,-5.88017,1.21532e-05,OSD-207
https://purl.org/okn/frink/kg/spoke-genelab/node/OSD-207-ba2f9251efb7e9053a8dd97f9b3b0245,CG14125,http://purl.obolibrary.org/obo/NCBITaxon_7227,http://www.ncbi.nlm.nih.gov/gene/39359,5.596,0.0188193,OSD-207
https://purl.org/okn/frink/kg/spoke-genelab/node/OSD-207-ba2f9251efb7e9053a8dd97f9b3b0245,Jon65Aiv,http://purl.obolibrary.org/obo/NCBITaxon_7227,http://www.ncbi.nlm.nih.gov/gene/38682,7.55496,0.000154905,OSD-207
https://purl.org/okn/frink/kg/spoke-genelab/node/OSD-207-ba2f9251efb7e9053a8dd97f9b3b0245,CG33978,http://purl.obolibrary.org/obo/NCBITaxon_7227,http://www.ncbi.nlm.nih.gov/gene/3885646,-1.01659,0.0181503,OSD-207
https://purl.org/okn/frink/kg/spoke-genelab/node/OSD-207-ba2f9251efb7e9053a8dd97f9b3b0245,CG34166,http://purl.obolibrary.org/obo/NCBITaxon_7227,http://www.ncbi.nlm.nih.gov/gene/5740596,1.48655,0.0127225,OSD-207
https://purl.org/okn/frink/kg/spoke-genelab/node/OSD-207-ba2f9251efb7e9053a8dd97f9b3b0245,CG33307,http://purl.obolibrary.org/obo/NCBITaxon_7227,http://www.ncbi.nlm.nih.gov/gene/2768914,1.24017,0.0241709,OSD-207
https://purl.org/okn/frink/kg/spoke-genelab/node/OSD-207-ba2f9251efb7e9053a8dd97f9b3b0245,CG34217,http://purl.obolibrary.org/obo/NCBITaxon_7227,http://www.ncbi.nlm.nih.gov/gene/5740254,-7.02819,1.11326e-07,OSD-207
https://purl.org/okn/frink/kg/spoke-genelab/node/OSD-207-ba2f9251efb7e9053a8dd97f9b3b0245,mtsh,http://purl.obolibrary.org/obo/NCBITaxon_7227,http://www.ncbi.nlm.nih.gov/gene/34141,-1.20661,0.00420306,OSD-207
https://purl.org/okn/frink/kg/spoke-genelab/node/OSD-207-ba2f9251efb7e9053a8dd97f9b3b0245,CG16826,http://purl.obolibrary.org/obo/NCBITaxon_7227,http://www.ncbi.nlm.nih.gov/gene/34741,6.77599,0.00426674,OSD-207
https://purl.org/okn/frink/kg/spoke-genelab/node/OSD-207-ba2f9251efb7e9053a8dd97f9b3b0245,CG16786,http://purl.obolibrary.org/obo/NCBITaxon_7227,http://www.ncbi.nlm.nih.gov/gene/37856,-2.66238,0.00352746,OSD-207
https://purl.org/okn/frink/kg/spoke-genelab/node/OSD-207-ba2f9251efb7e9053a8dd97f9b3b0245,Obp99d,http://purl.obolibrary.org/obo/NCBITaxon_7227,http://www.ncbi.nlm.nih.gov/gene/43496,-1.6468,0.0249822,OSD-207
https://purl.org/okn/frink/kg/spoke-genelab/node/OSD-207-ba2f9251efb7e9053a8dd97f9b3b0245,CG17633,http://purl.obolibrary.org/obo/NCBITaxon_7227,http://www.ncbi.nlm.nih.gov/gene/34297,5.77394,0.0192294,OSD-207
https://purl.org/okn/frink/kg/spoke-genelab/node/OSD-207-ba2f9251efb7e9053a8dd97f9b3b0245,d,http://purl.obolibrary.org/obo/NCBITaxon_7227,http://www.ncbi.nlm.nih.gov/gene/34179,-2.57788,0.000157023,OSD-207
https://purl.org/okn/frink/kg/spoke-genelab/node/OSD-207-ba2f9251efb7e9053a8dd97f9b3b0245,lncRNA:CR30009,http://purl.obolibrary.org/obo/NCBITaxon_7227,http://www.ncbi.nlm.nih.gov/gene/3771726,-3.09726,0.0269767,OSD-207
https://purl.org/okn/frink/kg/spoke-genelab/node/OSD-207-ba2f9251efb7e9053a8dd97f9b3b0245,CG17189,http://purl.obolibrary.org/obo/NCBITaxon_7227,http://www.ncbi.nlm.nih.gov/gene/43263,-1.54115,0.000133889,OSD-207
https://purl.org/okn/frink/kg/spoke-genelab/node/OSD-207-ba2f9251efb7e9053a8dd97f9b3b0245,Vajk2,http://purl.obolibrary.org/obo/NCBITaxon_7227,http://www.ncbi.nlm.nih.gov/gene/34811,-6.75077,2.24934e-09,OSD-207
https://purl.org/okn/frink/kg/spoke-genelab/node/OSD-207-ba2f9251efb7e9053a8dd97f9b3b0245,Cpr97Ea,http://purl.obolibrary.org/obo/NCBITaxon_7227,http://www.ncbi.nlm.nih.gov/gene/43258,-10.4279,1.19561e-10,OSD-207
https://purl.org/okn/frink/kg/spoke-genelab/node/OSD-207-ba2f9251efb7e9053a8dd97f9b3b0245,TpnC47D,http://purl.obolibrary.org/obo/NCBITaxon_7227,http://www.ncbi.nlm.nih.gov/gene/36195,-2.7628,0.00432491,OSD-207
https://purl.org/okn/frink/kg/spoke-genelab/node/OSD-207-ba2f9251efb7e9053a8dd97f9b3b0245,CG10910,http://purl.obolibrary.org/obo/NCBITaxon_7227,http://www.ncbi.nlm.nih.gov/gene/37052,8.37882,2.77332e-05,OSD-207
https://purl.org/okn/frink/kg/spoke-genelab/node/OSD-207-ba2f9251efb7e9053a8dd97f9b3b0245,Cyp4e3,http://purl.obolibrary.org/obo/NCBITaxon_7227,http://www.ncbi.nlm.nih.gov/gene/34291,-3.49322,6.39728e-08,OSD-207
https://purl.org/okn/frink/kg/spoke-genelab/node/OSD-207-ba2f9251efb7e9053a8dd97f9b3b0245,CG12964,http://purl.obolibrary.org/obo/NCBITaxon_7227,http://www.ncbi.nlm.nih.gov/gene/36714,-1.88875,0.0196963,OSD-207
https://purl.org/okn/frink/kg/spoke-genelab/node/OSD-207-ba2f9251efb7e9053a8dd97f9b3b0245,CG7227,http://purl.obolibrary.org/obo/NCBITaxon_7227,http://www.ncbi.nlm.nih.gov/gene/34088,-1.53814,0.0165269,OSD-207
https://purl.org/okn/frink/kg/spoke-genelab/node/OSD-207-ba2f9251efb7e9053a8dd97f9b3b0245,CG34180,http://purl.obolibrary.org/obo/NCBITaxon_7227,http://www.ncbi.nlm.nih.gov/gene/5740541,-3.60092,1.17202e-07,OSD-207
https://purl.org/okn/frink/kg/spoke-genelab/node/OSD-207-ba2f9251efb7e9053a8dd97f9b3b0245,spz3,http://purl.obolibrary.org/obo/NCBITaxon_7227,http://www.ncbi.nlm.nih.gov/gene/34077,-1.65696,0.000491563,OSD-207
https://purl.org/okn/frink/kg/spoke-genelab/node/OSD-207-ba2f9251efb7e9053a8dd97f9b3b0245,Cpr76Bd,http://purl.obolibrary.org/obo/NCBITaxon_7227,http://www.ncbi.nlm.nih.gov/gene/40123,-6.27541,9.63087e-08,OSD-207
https://purl.org/okn/frink/kg/spoke-genelab/node/OSD-207-ba2f9251efb7e9053a8dd97f9b3b0245,cysu,http://purl.obolibrary.org/obo/NCBITaxon_7227,http://www.ncbi.nlm.nih.gov/gene/42100,-8.28557,2.88865e-07,OSD-207
https://purl.org/okn/frink/kg/spoke-genelab/node/OSD-207-ba2f9251efb7e9053a8dd97f9b3b0245,Cdk1,http://purl.obolibrary.org/obo/NCBITaxon_7227,http://www.ncbi.nlm.nih.gov/gene/34411,1.22911,0.00167889,OSD-207
https://purl.org/okn/frink/kg/spoke-genelab/node/OSD-207-ba2f9251efb7e9053a8dd97f9b3b0245,CG4017,http://purl.obolibrary.org/obo/NCBITaxon_7227,http://www.ncbi.nlm.nih.gov/gene/34296,-6.77484,3.92989e-05,OSD-207
https://purl.org/okn/frink/kg/spoke-genelab/node/OSD-207-ba2f9251efb7e9053a8dd97f9b3b0245,CG14304,http://purl.obolibrary.org/obo/NCBITaxon_7227,http://www.ncbi.nlm.nih.gov/gene/42232,-5.99429,3.40002e-06,OSD-207
https://purl.org/okn/frink/kg/spoke-genelab/node/OSD-207-ba2f9251efb7e9053a8dd97f9b3b0245,CG14742,http://purl.obolibrary.org/obo/NCBITaxon_7227,http://www.ncbi.nlm.nih.gov/gene/12797890,-1.84269,0.00301652,OSD-207
https://purl.org/okn/frink/kg/spoke-genelab/node/OSD-207-ba2f9251efb7e9053a8dd97f9b3b0245,CG4408,http://purl.obolibrary.org/obo/NCBITaxon_7227,http://www.ncbi.nlm.nih.gov/gene/42762,1.06232,0.0036228,OSD-207
https://purl.org/okn/frink/kg/spoke-genelab/node/OSD-207-ba2f9251efb7e9053a8dd97f9b3b0245,CG34281,http://purl.obolibrary.org/obo/NCBITaxon_7227,http://www.ncbi.nlm.nih.gov/gene/50039,-3.81873,0.0434722,OSD-207
https://purl.org/okn/frink/kg/spoke-genelab/node/OSD-207-ba2f9251efb7e9053a8dd97f9b3b0245,CG34212,http://purl.obolibrary.org/obo/NCBITaxon_7227,http://www.ncbi.nlm.nih.gov/gene/5740704,5.50721,0.0188489,OSD-207
https://purl.org/okn/frink/kg/spoke-genelab/node/OSD-207-ba2f9251efb7e9053a8dd97f9b3b0245,Kah,http://purl.obolibrary.org/obo/NCBITaxon_7227,http://www.ncbi.nlm.nih.gov/gene/38072,-1.8525,3.62512e-05,OSD-207
https://purl.org/okn/frink/kg/spoke-genelab/node/OSD-207-ba2f9251efb7e9053a8dd97f9b3b0245,hiro,http://purl.obolibrary.org/obo/NCBITaxon_7227,http://www.ncbi.nlm.nih.gov/gene/38083,2.85886,0.0428576,OSD-207
https://purl.org/okn/frink/kg/spoke-genelab/node/OSD-207-ba2f9251efb7e9053a8dd97f9b3b0245,PGRP-SD,http://purl.obolibrary.org/obo/NCBITaxon_7227,http://www.ncbi.nlm.nih.gov/gene/38858,1.90951,0.000792914,OSD-207
https://purl.org/okn/frink/kg/spoke-genelab/node/OSD-207-ba2f9251efb7e9053a8dd97f9b3b0245,CG18746,http://purl.obolibrary.org/obo/NCBITaxon_7227,http://www.ncbi.nlm.nih.gov/gene/59142,4.04986,0.0369248,OSD-207
https://purl.org/okn/frink/kg/spoke-genelab/node/OSD-207-ba2f9251efb7e9053a8dd97f9b3b0245,CG14572,http://purl.obolibrary.org/obo/NCBITaxon_7227,http://www.ncbi.nlm.nih.gov/gene/40422,-6.24068,2.2052e-05,OSD-207
https://purl.org/okn/frink/kg/spoke-genelab/node/OSD-207-ba2f9251efb7e9053a8dd97f9b3b0245,CG6753,http://purl.obolibrary.org/obo/NCBITaxon_7227,http://www.ncbi.nlm.nih.gov/gene/41557,-2.11856,0.000157023,OSD-207
https://purl.org/okn/frink/kg/spoke-genelab/node/OSD-207-ba2f9251efb7e9053a8dd97f9b3b0245,CG14787,http://purl.obolibrary.org/obo/NCBITaxon_7227,http://www.ncbi.nlm.nih.gov/gene/31096,-2.72173,0.000792914,OSD-207
https://purl.org/okn/frink/kg/spoke-genelab/node/OSD-207-ba2f9251efb7e9053a8dd97f9b3b0245,CG13323,http://purl.obolibrary.org/obo/NCBITaxon_7227,http://www.ncbi.nlm.nih.gov/gene/36433,5.48772,0.00732858,OSD-207
https://purl.org/okn/frink/kg/spoke-genelab/node/OSD-207-ba2f9251efb7e9053a8dd97f9b3b0245,serp,http://purl.obolibrary.org/obo/NCBITaxon_7227,http://www.ncbi.nlm.nih.gov/gene/40150,-3.98837,3.7496e-05,OSD-207
https://purl.org/okn/frink/kg/spoke-genelab/node/OSD-207-ba2f9251efb7e9053a8dd97f9b3b0245,CG3713,http://purl.obolibrary.org/obo/NCBITaxon_7227,http://www.ncbi.nlm.nih.gov/gene/50365,-3.22459,3.787e-05,OSD-207
https://purl.org/okn/frink/kg/spoke-genelab/node/OSD-207-ba2f9251efb7e9053a8dd97f9b3b0245,CG6912,http://purl.obolibrary.org/obo/NCBITaxon_7227,http://www.ncbi.nlm.nih.gov/gene/41820,-2.18434,0.00151035,OSD-207
https://purl.org/okn/frink/kg/spoke-genelab/node/OSD-207-ba2f9251efb7e9053a8dd97f9b3b0245,CG9003,http://purl.obolibrary.org/obo/NCBITaxon_7227,http://www.ncbi.nlm.nih.gov/gene/36244,-1.04483,0.00156813,OSD-207
https://purl.org/okn/frink/kg/spoke-genelab/node/OSD-207-ba2f9251efb7e9053a8dd97f9b3b0245,CG16978,http://purl.obolibrary.org/obo/NCBITaxon_7227,http://www.ncbi.nlm.nih.gov/gene/50446,-1.08287,0.0250344,OSD-207
https://purl.org/okn/frink/kg/spoke-genelab/node/OSD-207-ba2f9251efb7e9053a8dd97f9b3b0245,haf,http://purl.obolibrary.org/obo/NCBITaxon_7227,http://www.ncbi.nlm.nih.gov/gene/33339,-1.06109,0.000639935,OSD-207
https://purl.org/okn/frink/kg/spoke-genelab/node/OSD-207-ba2f9251efb7e9053a8dd97f9b3b0245,SsRbeta,http://purl.obolibrary.org/obo/NCBITaxon_7227,http://www.ncbi.nlm.nih.gov/gene/39768,1.04298,0.00013879,OSD-207
https://purl.org/okn/frink/kg/spoke-genelab/node/OSD-207-ba2f9251efb7e9053a8dd97f9b3b0245,Fem-1,http://purl.obolibrary.org/obo/NCBITaxon_7227,http://www.ncbi.nlm.nih.gov/gene/37344,-1.07771,0.00177535,OSD-207
https://purl.org/okn/frink/kg/spoke-genelab/node/OSD-207-ba2f9251efb7e9053a8dd97f9b3b0245,CG42237,http://purl.obolibrary.org/obo/NCBITaxon_7227,http://www.ncbi.nlm.nih.gov/gene/32261,-1.82278,0.0273518,OSD-207
https://purl.org/okn/frink/kg/spoke-genelab/node/OSD-207-ba2f9251efb7e9053a8dd97f9b3b0245,Spn77Bc,http://purl.obolibrary.org/obo/NCBITaxon_7227,http://www.ncbi.nlm.nih.gov/gene/40236,-2.30478,0.00898376,OSD-207
https://purl.org/okn/frink/kg/spoke-genelab/node/OSD-207-ba2f9251efb7e9053a8dd97f9b3b0245,CG7017,http://purl.obolibrary.org/obo/NCBITaxon_7227,http://www.ncbi.nlm.nih.gov/gene/40213,6.04266,0.00603118,OSD-207
https://purl.org/okn/frink/kg/spoke-genelab/node/OSD-207-ba2f9251efb7e9053a8dd97f9b3b0245,CG13643,http://purl.obolibrary.org/obo/NCBITaxon_7227,http://www.ncbi.nlm.nih.gov/gene/50074,-4.23428,0.0003574,OSD-207
https://purl.org/okn/frink/kg/spoke-genelab/node/OSD-207-ba2f9251efb7e9053a8dd97f9b3b0245,Balat,http://purl.obolibrary.org/obo/NCBITaxon_7227,http://www.ncbi.nlm.nih.gov/gene/36417,-1.0104,0.0419503,OSD-207
https://purl.org/okn/frink/kg/spoke-genelab/node/OSD-207-ba2f9251efb7e9053a8dd97f9b3b0245,CG30083,http://purl.obolibrary.org/obo/NCBITaxon_7227,http://www.ncbi.nlm.nih.gov/gene/246444,2.50657,3.43936e-06,OSD-207
https://purl.org/okn/frink/kg/spoke-genelab/node/OSD-207-ba2f9251efb7e9053a8dd97f9b3b0245,SPH93,http://purl.obolibrary.org/obo/NCBITaxon_7227,http://www.ncbi.nlm.nih.gov/gene/35049,3.57176,0.0121816,OSD-207
https://purl.org/okn/frink/kg/spoke-genelab/node/OSD-207-ba2f9251efb7e9053a8dd97f9b3b0245,CG7102,http://purl.obolibrary.org/obo/NCBITaxon_7227,http://www.ncbi.nlm.nih.gov/gene/34079,-1.59988,0.017617,OSD-207
https://purl.org/okn/frink/kg/spoke-genelab/node/OSD-207-ba2f9251efb7e9053a8dd97f9b3b0245,Eip78C,http://purl.obolibrary.org/obo/NCBITaxon_7227,http://www.ncbi.nlm.nih.gov/gene/40345,-1.19296,0.000332752,OSD-207
https://purl.org/okn/frink/kg/spoke-genelab/node/OSD-207-ba2f9251efb7e9053a8dd97f9b3b0245,CG6055,http://purl.obolibrary.org/obo/NCBITaxon_7227,http://www.ncbi.nlm.nih.gov/gene/34027,-2.25441,0.0121287,OSD-207
https://purl.org/okn/frink/kg/spoke-genelab/node/OSD-207-ba2f9251efb7e9053a8dd97f9b3b0245,Tmhs,http://purl.obolibrary.org/obo/NCBITaxon_7227,http://www.ncbi.nlm.nih.gov/gene/38251,-1.33206,0.0122779,OSD-207
https://purl.org/okn/frink/kg/spoke-genelab/node/OSD-207-ba2f9251efb7e9053a8dd97f9b3b0245,Drsl2,http://purl.obolibrary.org/obo/NCBITaxon_7227,http://www.ncbi.nlm.nih.gov/gene/38408,3.48294,0.0234494,OSD-207
https://purl.org/okn/frink/kg/spoke-genelab/node/OSD-207-ba2f9251efb7e9053a8dd97f9b3b0245,CG15414,http://purl.obolibrary.org/obo/NCBITaxon_7227,http://www.ncbi.nlm.nih.gov/gene/33570,-2.46063,4.30337e-05,OSD-207
https://purl.org/okn/frink/kg/spoke-genelab/node/OSD-207-ba2f9251efb7e9053a8dd97f9b3b0245,CG32276,http://purl.obolibrary.org/obo/NCBITaxon_7227,http://www.ncbi.nlm.nih.gov/gene/251645,1.06654,6.05484e-06,OSD-207
https://purl.org/okn/frink/kg/spoke-genelab/node/OSD-207-ba2f9251efb7e9053a8dd97f9b3b0245,CG15506,http://purl.obolibrary.org/obo/NCBITaxon_7227,http://www.ncbi.nlm.nih.gov/gene/43498,-3.13618,1.04749e-05,OSD-207
https://purl.org/okn/frink/kg/spoke-genelab/node/OSD-207-ba2f9251efb7e9053a8dd97f9b3b0245,Cad99C,http://purl.obolibrary.org/obo/NCBITaxon_7227,http://www.ncbi.nlm.nih.gov/gene/43528,-1.07806,0.00080677,OSD-207
https://purl.org/okn/frink/kg/spoke-genelab/node/OSD-207-ba2f9251efb7e9053a8dd97f9b3b0245,Cyp6a16,http://purl.obolibrary.org/obo/NCBITaxon_7227,http://www.ncbi.nlm.nih.gov/gene/19836250,-2.85703,0.0254931,OSD-207
https://purl.org/okn/frink/kg/spoke-genelab/node/OSD-207-ba2f9251efb7e9053a8dd97f9b3b0245,Mco1,http://purl.obolibrary.org/obo/NCBITaxon_7227,http://www.ncbi.nlm.nih.gov/gene/34258,1.72153,0.001156,OSD-207
https://purl.org/okn/frink/kg/spoke-genelab/node/OSD-207-ba2f9251efb7e9053a8dd97f9b3b0245,CG17404,http://purl.obolibrary.org/obo/NCBITaxon_7227,http://www.ncbi.nlm.nih.gov/gene/41482,-5.21396,0.0203036,OSD-207
https://purl.org/okn/frink/kg/spoke-genelab/node/OSD-207-ba2f9251efb7e9053a8dd97f9b3b0245,Cda5,http://purl.obolibrary.org/obo/NCBITaxon_7227,http://www.ncbi.nlm.nih.gov/gene/33158,-2.04516,0.000177325,OSD-207
https://purl.org/okn/frink/kg/spoke-genelab/node/OSD-207-ba2f9251efb7e9053a8dd97f9b3b0245,CG5162,http://purl.obolibrary.org/obo/NCBITaxon_7227,http://www.ncbi.nlm.nih.gov/gene/32709,1.05806,0.0139909,OSD-207
https://purl.org/okn/frink/kg/spoke-genelab/node/OSD-207-ba2f9251efb7e9053a8dd97f9b3b0245,CG33939,http://purl.obolibrary.org/obo/NCBITaxon_7227,http://www.ncbi.nlm.nih.gov/gene/26067037,-1.90654,0.00370285,OSD-207
https://purl.org/okn/frink/kg/spoke-genelab/node/OSD-207-ba2f9251efb7e9053a8dd97f9b3b0245,hll,http://purl.obolibrary.org/obo/NCBITaxon_7227,http://www.ncbi.nlm.nih.gov/gene/34822,-3.16119,0.030277,OSD-207
https://purl.org/okn/frink/kg/spoke-genelab/node/OSD-207-ba2f9251efb7e9053a8dd97f9b3b0245,CG30002,http://purl.obolibrary.org/obo/NCBITaxon_7227,http://www.ncbi.nlm.nih.gov/gene/246384,1.31997,0.0131634,OSD-207
https://purl.org/okn/frink/kg/spoke-genelab/node/OSD-207-ba2f9251efb7e9053a8dd97f9b3b0245,CG33459,http://purl.obolibrary.org/obo/NCBITaxon_7227,http://www.ncbi.nlm.nih.gov/gene/2768847,-4.17146,0.0139909,OSD-207
https://purl.org/okn/frink/kg/spoke-genelab/node/OSD-207-ba2f9251efb7e9053a8dd97f9b3b0245,CG33120,http://purl.obolibrary.org/obo/NCBITaxon_7227,http://www.ncbi.nlm.nih.gov/gene/326260,1.22275,0.000298405,OSD-207
https://purl.org/okn/frink/kg/spoke-genelab/node/OSD-207-ba2f9251efb7e9053a8dd97f9b3b0245,CG1368,http://purl.obolibrary.org/obo/NCBITaxon_7227,http://www.ncbi.nlm.nih.gov/gene/32361,-3.91398,0.00172136,OSD-207
https://purl.org/okn/frink/kg/spoke-genelab/node/OSD-207-ba2f9251efb7e9053a8dd97f9b3b0245,Pu,http://purl.obolibrary.org/obo/NCBITaxon_7227,http://www.ncbi.nlm.nih.gov/gene/37415,-1.47703,0.000840916,OSD-207
https://purl.org/okn/frink/kg/spoke-genelab/node/OSD-207-ba2f9251efb7e9053a8dd97f9b3b0245,slbo,http://purl.obolibrary.org/obo/NCBITaxon_7227,http://www.ncbi.nlm.nih.gov/gene/37889,-1.32526,0.0139155,OSD-207
https://purl.org/okn/frink/kg/spoke-genelab/node/OSD-207-ba2f9251efb7e9053a8dd97f9b3b0245,CG31606,http://purl.obolibrary.org/obo/NCBITaxon_7227,http://www.ncbi.nlm.nih.gov/gene/318842,-4.721,5.44993e-05,OSD-207
https://purl.org/okn/frink/kg/spoke-genelab/node/OSD-207-ba2f9251efb7e9053a8dd97f9b3b0245,CG3819,http://purl.obolibrary.org/obo/NCBITaxon_7227,http://www.ncbi.nlm.nih.gov/gene/40069,6.42397,0.0010456,OSD-207
https://purl.org/okn/frink/kg/spoke-genelab/node/OSD-207-ba2f9251efb7e9053a8dd97f9b3b0245,Cda4,http://purl.obolibrary.org/obo/NCBITaxon_7227,http://www.ncbi.nlm.nih.gov/gene/33144,-5.65049,1.0476e-05,OSD-207
https://purl.org/okn/frink/kg/spoke-genelab/node/OSD-207-ba2f9251efb7e9053a8dd97f9b3b0245,CG31664,http://purl.obolibrary.org/obo/NCBITaxon_7227,http://www.ncbi.nlm.nih.gov/gene/33359,1.65001,0.000573688,OSD-207
https://purl.org/okn/frink/kg/spoke-genelab/node/OSD-207-ba2f9251efb7e9053a8dd97f9b3b0245,CG8736,http://purl.obolibrary.org/obo/NCBITaxon_7227,http://www.ncbi.nlm.nih.gov/gene/35841,-8.47809,3.21094e-11,OSD-207
https://purl.org/okn/frink/kg/spoke-genelab/node/OSD-207-ba2f9251efb7e9053a8dd97f9b3b0245,Cyp6a9,http://purl.obolibrary.org/obo/NCBITaxon_7227,http://www.ncbi.nlm.nih.gov/gene/36663,-1.24862,0.000383254,OSD-207
https://purl.org/okn/frink/kg/spoke-genelab/node/OSD-207-ba2f9251efb7e9053a8dd97f9b3b0245,CG15445,http://purl.obolibrary.org/obo/NCBITaxon_7227,http://www.ncbi.nlm.nih.gov/gene/33094,-1.15247,0.0162163,OSD-207
https://purl.org/okn/frink/kg/spoke-genelab/node/OSD-207-ba2f9251efb7e9053a8dd97f9b3b0245,fln,http://purl.obolibrary.org/obo/NCBITaxon_7227,http://www.ncbi.nlm.nih.gov/gene/40185,-5.37747,1.54823e-05,OSD-207
https://purl.org/okn/frink/kg/spoke-genelab/node/OSD-207-ba2f9251efb7e9053a8dd97f9b3b0245,CG32237,http://purl.obolibrary.org/obo/NCBITaxon_7227,http://www.ncbi.nlm.nih.gov/gene/38584,-2.99633,0.00705307,OSD-207
https://purl.org/okn/frink/kg/spoke-genelab/node/OSD-207-ba2f9251efb7e9053a8dd97f9b3b0245,TpnC25D,http://purl.obolibrary.org/obo/NCBITaxon_7227,http://www.ncbi.nlm.nih.gov/gene/33752,-1.24009,0.0107642,OSD-207
https://purl.org/okn/frink/kg/spoke-genelab/node/OSD-207-ba2f9251efb7e9053a8dd97f9b3b0245,in,http://purl.obolibrary.org/obo/NCBITaxon_7227,http://www.ncbi.nlm.nih.gov/gene/40246,-1.43291,0.00695584,OSD-207
https://purl.org/okn/frink/kg/spoke-genelab/node/OSD-207-ba2f9251efb7e9053a8dd97f9b3b0245,CG6910,http://purl.obolibrary.org/obo/NCBITaxon_7227,http://www.ncbi.nlm.nih.gov/gene/39391,1.92286,0.0002015,OSD-207
https://purl.org/okn/frink/kg/spoke-genelab/node/OSD-207-ba2f9251efb7e9053a8dd97f9b3b0245,Ama,http://purl.obolibrary.org/obo/NCBITaxon_7227,http://www.ncbi.nlm.nih.gov/gene/40831,-3.1656,0.00288082,OSD-207
https://purl.org/okn/frink/kg/spoke-genelab/node/OSD-207-ba2f9251efb7e9053a8dd97f9b3b0245,CG13510,http://purl.obolibrary.org/obo/NCBITaxon_7227,http://www.ncbi.nlm.nih.gov/gene/37596,1.80381,0.0024331,OSD-207
https://purl.org/okn/frink/kg/spoke-genelab/node/OSD-207-ba2f9251efb7e9053a8dd97f9b3b0245,Dgat2,http://purl.obolibrary.org/obo/NCBITaxon_7227,http://www.ncbi.nlm.nih.gov/gene/35719,-2.28736,0.0476153,OSD-207
https://purl.org/okn/frink/kg/spoke-genelab/node/OSD-207-ba2f9251efb7e9053a8dd97f9b3b0245,CG33109,http://purl.obolibrary.org/obo/NCBITaxon_7227,http://www.ncbi.nlm.nih.gov/gene/326258,5.31628,0.00946397,OSD-207
https://purl.org/okn/frink/kg/spoke-genelab/node/OSD-207-ba2f9251efb7e9053a8dd97f9b3b0245,Vajk1,http://purl.obolibrary.org/obo/NCBITaxon_7227,http://www.ncbi.nlm.nih.gov/gene/34809,-4.67559,7.21424e-10,OSD-207
https://purl.org/okn/frink/kg/spoke-genelab/node/OSD-207-ba2f9251efb7e9053a8dd97f9b3b0245,gfzf,http://purl.obolibrary.org/obo/NCBITaxon_7227,http://www.ncbi.nlm.nih.gov/gene/40858,-1.02399,0.00295971,OSD-207
https://purl.org/okn/frink/kg/spoke-genelab/node/OSD-207-ba2f9251efb7e9053a8dd97f9b3b0245,CG13748,http://purl.obolibrary.org/obo/NCBITaxon_7227,http://www.ncbi.nlm.nih.gov/gene/35896,-3.2534,0.000268153,OSD-207
https://purl.org/okn/frink/kg/spoke-genelab/node/OSD-207-ba2f9251efb7e9053a8dd97f9b3b0245,stw,http://purl.obolibrary.org/obo/NCBITaxon_7227,http://www.ncbi.nlm.nih.gov/gene/35494,-1.50135,0.00464266,OSD-207
https://purl.org/okn/frink/kg/spoke-genelab/node/OSD-207-ba2f9251efb7e9053a8dd97f9b3b0245,l(3)72Dr,http://purl.obolibrary.org/obo/NCBITaxon_7227,http://www.ncbi.nlm.nih.gov/gene/39778,-1.08014,0.0222019,OSD-207
https://purl.org/okn/frink/kg/spoke-genelab/node/OSD-207-ba2f9251efb7e9053a8dd97f9b3b0245,CG33510,http://purl.obolibrary.org/obo/NCBITaxon_7227,http://www.ncbi.nlm.nih.gov/gene/3346224,2.38064,0.0414238,OSD-207
https://purl.org/okn/frink/kg/spoke-genelab/node/OSD-207-ba2f9251efb7e9053a8dd97f9b3b0245,sad,http://purl.obolibrary.org/obo/NCBITaxon_7227,http://www.ncbi.nlm.nih.gov/gene/44858,1.22771,0.0278772,OSD-207
https://purl.org/okn/frink/kg/spoke-genelab/node/OSD-207-ba2f9251efb7e9053a8dd97f9b3b0245,CG17930,http://purl.obolibrary.org/obo/NCBITaxon_7227,http://www.ncbi.nlm.nih.gov/gene/41979,3.90065,0.0409128,OSD-207
https://purl.org/okn/frink/kg/spoke-genelab/node/OSD-207-ba2f9251efb7e9053a8dd97f9b3b0245,CG34296,http://purl.obolibrary.org/obo/NCBITaxon_7227,http://www.ncbi.nlm.nih.gov/gene/5740662,-4.44407,0.0293038,OSD-207
https://purl.org/okn/frink/kg/spoke-genelab/node/OSD-207-ba2f9251efb7e9053a8dd97f9b3b0245,Dro,http://purl.obolibrary.org/obo/NCBITaxon_7227,http://www.ncbi.nlm.nih.gov/gene/36635,4.79208,9.33652e-07,OSD-207
https://purl.org/okn/frink/kg/spoke-genelab/node/OSD-207-ba2f9251efb7e9053a8dd97f9b3b0245,alpha-Man-Ic,http://purl.obolibrary.org/obo/NCBITaxon_7227,http://www.ncbi.nlm.nih.gov/gene/318624,3.07898,0.0229649,OSD-207
https://purl.org/okn/frink/kg/spoke-genelab/node/OSD-207-ba2f9251efb7e9053a8dd97f9b3b0245,CG5773,http://purl.obolibrary.org/obo/NCBITaxon_7227,http://www.ncbi.nlm.nih.gov/gene/37053,1.0657,0.024799,OSD-207
https://purl.org/okn/frink/kg/spoke-genelab/node/OSD-207-ba2f9251efb7e9053a8dd97f9b3b0245,Acp1,http://purl.obolibrary.org/obo/NCBITaxon_7227,http://www.ncbi.nlm.nih.gov/gene/34052,-10.2469,1.13761e-13,OSD-207
https://purl.org/okn/frink/kg/spoke-genelab/node/OSD-207-ba2f9251efb7e9053a8dd97f9b3b0245,CG5172,http://purl.obolibrary.org/obo/NCBITaxon_7227,http://www.ncbi.nlm.nih.gov/gene/32711,-9.83156,3.26352e-11,OSD-207
https://purl.org/okn/frink/kg/spoke-genelab/node/OSD-207-ba2f9251efb7e9053a8dd97f9b3b0245,CG17224,http://purl.obolibrary.org/obo/NCBITaxon_7227,http://www.ncbi.nlm.nih.gov/gene/33510,1.26089,0.0263287,OSD-207
https://purl.org/okn/frink/kg/spoke-genelab/node/OSD-207-ba2f9251efb7e9053a8dd97f9b3b0245,CAH5,http://purl.obolibrary.org/obo/NCBITaxon_7227,http://www.ncbi.nlm.nih.gov/gene/50102,5.80927,0.000357752,OSD-207
https://purl.org/okn/frink/kg/spoke-genelab/node/OSD-207-ba2f9251efb7e9053a8dd97f9b3b0245,CG13043,http://purl.obolibrary.org/obo/NCBITaxon_7227,http://www.ncbi.nlm.nih.gov/gene/39796,-12.4748,1.23335e-07,OSD-207
https://purl.org/okn/frink/kg/spoke-genelab/node/OSD-207-ba2f9251efb7e9053a8dd97f9b3b0245,ft,http://purl.obolibrary.org/obo/NCBITaxon_7227,http://www.ncbi.nlm.nih.gov/gene/33627,-2.58598,2.08332e-06,OSD-207
https://purl.org/okn/frink/kg/spoke-genelab/node/OSD-207-ba2f9251efb7e9053a8dd97f9b3b0245,CG15422,http://purl.obolibrary.org/obo/NCBITaxon_7227,http://www.ncbi.nlm.nih.gov/gene/33615,5.51916,0.000419705,OSD-207
https://purl.org/okn/frink/kg/spoke-genelab/node/OSD-207-ba2f9251efb7e9053a8dd97f9b3b0245,CG13041,http://purl.obolibrary.org/obo/NCBITaxon_7227,http://www.ncbi.nlm.nih.gov/gene/39801,-2.93958,0.0449505,OSD-207
https://purl.org/okn/frink/kg/spoke-genelab/node/OSD-207-ba2f9251efb7e9053a8dd97f9b3b0245,obst-A,http://purl.obolibrary.org/obo/NCBITaxon_7227,http://www.ncbi.nlm.nih.gov/gene/33022,-3.61883,0.000292581,OSD-207
https://purl.org/okn/frink/kg/spoke-genelab/node/OSD-207-ba2f9251efb7e9053a8dd97f9b3b0245,Ugt301D1,http://purl.obolibrary.org/obo/NCBITaxon_7227,http://www.ncbi.nlm.nih.gov/gene/35105,-1.55603,3.92546e-09,OSD-207
https://purl.org/okn/frink/kg/spoke-genelab/node/OSD-207-ba2f9251efb7e9053a8dd97f9b3b0245,CG16756,http://purl.obolibrary.org/obo/NCBITaxon_7227,http://www.ncbi.nlm.nih.gov/gene/31460,1.03533,0.0140233,OSD-207
https://purl.org/okn/frink/kg/spoke-genelab/node/OSD-207-ba2f9251efb7e9053a8dd97f9b3b0245,Cht7,http://purl.obolibrary.org/obo/NCBITaxon_7227,http://www.ncbi.nlm.nih.gov/gene/38370,-4.05301,0.000137987,OSD-207
https://purl.org/okn/frink/kg/spoke-genelab/node/OSD-207-ba2f9251efb7e9053a8dd97f9b3b0245,CG13606,http://purl.obolibrary.org/obo/NCBITaxon_7227,http://www.ncbi.nlm.nih.gov/gene/42873,-1.90604,3.60727e-05,OSD-207
https://purl.org/okn/frink/kg/spoke-genelab/node/OSD-207-ba2f9251efb7e9053a8dd97f9b3b0245,CG42249,http://purl.obolibrary.org/obo/NCBITaxon_7227,http://www.ncbi.nlm.nih.gov/gene/32043,-1.54468,0.0198438,OSD-207
https://purl.org/okn/frink/kg/spoke-genelab/node/OSD-207-ba2f9251efb7e9053a8dd97f9b3b0245,Lcp65Ag2|Lcp65Ag1,http://purl.obolibrary.org/obo/NCBITaxon_7227,http://www.ncbi.nlm.nih.gov/gene/38702,-1.64973,0.00105102,OSD-207
https://purl.org/okn/frink/kg/spoke-genelab/node/OSD-207-ba2f9251efb7e9053a8dd97f9b3b0245,CG6933,http://purl.obolibrary.org/obo/NCBITaxon_7227,http://www.ncbi.nlm.nih.gov/gene/40214,4.40466,0.038412,OSD-207
https://purl.org/okn/frink/kg/spoke-genelab/node/OSD-207-ba2f9251efb7e9053a8dd97f9b3b0245,CG11878,http://purl.obolibrary.org/obo/NCBITaxon_7227,http://www.ncbi.nlm.nih.gov/gene/43050,2.8243,0.000118735,OSD-207
https://purl.org/okn/frink/kg/spoke-genelab/node/OSD-207-ba2f9251efb7e9053a8dd97f9b3b0245,Cpr62Bc,http://purl.obolibrary.org/obo/NCBITaxon_7227,http://www.ncbi.nlm.nih.gov/gene/38241,-6.10088,4.84924e-08,OSD-207
https://purl.org/okn/frink/kg/spoke-genelab/node/OSD-207-ba2f9251efb7e9053a8dd97f9b3b0245,SmydA-1,http://purl.obolibrary.org/obo/NCBITaxon_7227,http://www.ncbi.nlm.nih.gov/gene/36581,-1.32326,0.000390133,OSD-207
https://purl.org/okn/frink/kg/spoke-genelab/node/OSD-207-ba2f9251efb7e9053a8dd97f9b3b0245,CG15196,http://purl.obolibrary.org/obo/NCBITaxon_7227,http://www.ncbi.nlm.nih.gov/gene/32084,1.36601,0.0165627,OSD-207
https://purl.org/okn/frink/kg/spoke-genelab/node/OSD-207-ba2f9251efb7e9053a8dd97f9b3b0245,CG17754,http://purl.obolibrary.org/obo/NCBITaxon_7227,http://www.ncbi.nlm.nih.gov/gene/31873,-4.01548,1.2609e-05,OSD-207
https://purl.org/okn/frink/kg/spoke-genelab/node/OSD-207-ba2f9251efb7e9053a8dd97f9b3b0245,verm,http://purl.obolibrary.org/obo/NCBITaxon_7227,http://www.ncbi.nlm.nih.gov/gene/40149,-3.84667,6.88289e-06,OSD-207
https://purl.org/okn/frink/kg/spoke-genelab/node/OSD-207-ba2f9251efb7e9053a8dd97f9b3b0245,CG7031,http://purl.obolibrary.org/obo/NCBITaxon_7227,http://www.ncbi.nlm.nih.gov/gene/42704,-6.8546,0.0003017,OSD-207
https://purl.org/okn/frink/kg/spoke-genelab/node/OSD-207-ba2f9251efb7e9053a8dd97f9b3b0245,CG30062,http://purl.obolibrary.org/obo/NCBITaxon_7227,http://www.ncbi.nlm.nih.gov/gene/246428,-2.81964,0.000539158,OSD-207
https://purl.org/okn/frink/kg/spoke-genelab/node/OSD-207-ba2f9251efb7e9053a8dd97f9b3b0245,CG18641,http://purl.obolibrary.org/obo/NCBITaxon_7227,http://www.ncbi.nlm.nih.gov/gene/33429,-2.12413,0.0137671,OSD-207
https://purl.org/okn/frink/kg/spoke-genelab/node/OSD-207-ba2f9251efb7e9053a8dd97f9b3b0245,CG16743,http://purl.obolibrary.org/obo/NCBITaxon_7227,http://www.ncbi.nlm.nih.gov/gene/34517,1.68304,2.16443e-06,OSD-207
https://purl.org/okn/frink/kg/spoke-genelab/node/OSD-207-ba2f9251efb7e9053a8dd97f9b3b0245,CG11413,http://purl.obolibrary.org/obo/NCBITaxon_7227,http://www.ncbi.nlm.nih.gov/gene/37920,-6.73338,1.4593e-09,OSD-207
https://purl.org/okn/frink/kg/spoke-genelab/node/OSD-207-ba2f9251efb7e9053a8dd97f9b3b0245,Peritrophin-A,http://purl.obolibrary.org/obo/NCBITaxon_7227,http://www.ncbi.nlm.nih.gov/gene/33023,-2.11474,0.0108002,OSD-207
https://purl.org/okn/frink/kg/spoke-genelab/node/OSD-207-ba2f9251efb7e9053a8dd97f9b3b0245,CG13403,http://purl.obolibrary.org/obo/NCBITaxon_7227,http://www.ncbi.nlm.nih.gov/gene/32366,-3.28483,0.0453014,OSD-207
https://purl.org/okn/frink/kg/spoke-genelab/node/OSD-207-ba2f9251efb7e9053a8dd97f9b3b0245,CG32591,http://purl.obolibrary.org/obo/NCBITaxon_7227,http://www.ncbi.nlm.nih.gov/gene/318104,-1.84188,0.00439444,OSD-207
https://purl.org/okn/frink/kg/spoke-genelab/node/OSD-207-ba2f9251efb7e9053a8dd97f9b3b0245,CG15544,http://purl.obolibrary.org/obo/NCBITaxon_7227,http://www.ncbi.nlm.nih.gov/gene/43655,-1.49616,5.09317e-05,OSD-207
https://purl.org/okn/frink/kg/spoke-genelab/node/OSD-207-ba2f9251efb7e9053a8dd97f9b3b0245,l(3)mbn,http://purl.obolibrary.org/obo/NCBITaxon_7227,http://www.ncbi.nlm.nih.gov/gene/38701,-10.2966,3.08793e-06,OSD-207
https://purl.org/okn/frink/kg/spoke-genelab/node/OSD-207-ba2f9251efb7e9053a8dd97f9b3b0245,CG33465,http://purl.obolibrary.org/obo/NCBITaxon_7227,http://www.ncbi.nlm.nih.gov/gene/3885587,-3.37989,0.0476348,OSD-207
https://purl.org/okn/frink/kg/spoke-genelab/node/OSD-207-ba2f9251efb7e9053a8dd97f9b3b0245,pr,http://purl.obolibrary.org/obo/NCBITaxon_7227,http://www.ncbi.nlm.nih.gov/gene/35292,-1.54203,0.000136695,OSD-207
https://purl.org/okn/frink/kg/spoke-genelab/node/OSD-207-ba2f9251efb7e9053a8dd97f9b3b0245,CG13324,http://purl.obolibrary.org/obo/NCBITaxon_7227,http://www.ncbi.nlm.nih.gov/gene/36434,8.29416,0.000180513,OSD-207
https://purl.org/okn/frink/kg/spoke-genelab/node/OSD-207-ba2f9251efb7e9053a8dd97f9b3b0245,GstE14,http://purl.obolibrary.org/obo/NCBITaxon_7227,http://www.ncbi.nlm.nih.gov/gene/36467,-1.12033,0.00924252,OSD-207
https://purl.org/okn/frink/kg/spoke-genelab/node/OSD-207-ba2f9251efb7e9053a8dd97f9b3b0245,CG11714,http://purl.obolibrary.org/obo/NCBITaxon_7227,http://www.ncbi.nlm.nih.gov/gene/3772566,1.70015,0.00413956,OSD-207
https://purl.org/okn/frink/kg/spoke-genelab/node/OSD-207-ba2f9251efb7e9053a8dd97f9b3b0245,CG40298,http://purl.obolibrary.org/obo/NCBITaxon_7227,http://www.ncbi.nlm.nih.gov/gene/3355149,-1.28314,0.03584,OSD-207
https://purl.org/okn/frink/kg/spoke-genelab/node/OSD-207-ba2f9251efb7e9053a8dd97f9b3b0245,Lsp1gamma,http://purl.obolibrary.org/obo/NCBITaxon_7227,http://www.ncbi.nlm.nih.gov/gene/38015,-3.74646,0.0431334,OSD-207
https://purl.org/okn/frink/kg/spoke-genelab/node/OSD-207-ba2f9251efb7e9053a8dd97f9b3b0245,CG3119,http://purl.obolibrary.org/obo/NCBITaxon_7227,http://www.ncbi.nlm.nih.gov/gene/33479,-3.66523,1.68189e-05,OSD-207
https://purl.org/okn/frink/kg/spoke-genelab/node/OSD-207-ba2f9251efb7e9053a8dd97f9b3b0245,up,http://purl.obolibrary.org/obo/NCBITaxon_7227,http://www.ncbi.nlm.nih.gov/gene/32314,-1.5791,0.00137135,OSD-207
https://purl.org/okn/frink/kg/spoke-genelab/node/OSD-207-ba2f9251efb7e9053a8dd97f9b3b0245,CG11345,http://purl.obolibrary.org/obo/NCBITaxon_7227,http://www.ncbi.nlm.nih.gov/gene/38548,-10.894,0.00118732,OSD-207
https://purl.org/okn/frink/kg/spoke-genelab/node/OSD-207-ba2f9251efb7e9053a8dd97f9b3b0245,Inx7,http://purl.obolibrary.org/obo/NCBITaxon_7227,http://www.ncbi.nlm.nih.gov/gene/33027,1.54895,0.0185303,OSD-207
https://purl.org/okn/frink/kg/spoke-genelab/node/OSD-207-ba2f9251efb7e9053a8dd97f9b3b0245,AttC,http://purl.obolibrary.org/obo/NCBITaxon_7227,http://www.ncbi.nlm.nih.gov/gene/36484,3.30904,0.00716423,OSD-207
https://purl.org/okn/frink/kg/spoke-genelab/node/OSD-207-ba2f9251efb7e9053a8dd97f9b3b0245,obst-B,http://purl.obolibrary.org/obo/NCBITaxon_7227,http://www.ncbi.nlm.nih.gov/gene/34336,-4.05581,6.12381e-06,OSD-207
https://purl.org/okn/frink/kg/spoke-genelab/node/OSD-207-ba2f9251efb7e9053a8dd97f9b3b0245,Cpr11A,http://purl.obolibrary.org/obo/NCBITaxon_7227,http://www.ncbi.nlm.nih.gov/gene/32198,-7.39237,1.16329e-05,OSD-207
https://purl.org/okn/frink/kg/spoke-genelab/node/OSD-207-ba2f9251efb7e9053a8dd97f9b3b0245,CG16799,http://purl.obolibrary.org/obo/NCBITaxon_7227,http://www.ncbi.nlm.nih.gov/gene/37340,1.04035,0.0001391,OSD-207
https://purl.org/okn/frink/kg/spoke-genelab/node/OSD-207-ba2f9251efb7e9053a8dd97f9b3b0245,Cpr11B,http://purl.obolibrary.org/obo/NCBITaxon_7227,http://www.ncbi.nlm.nih.gov/gene/32203,-1.53411,0.0394156,OSD-207
https://purl.org/okn/frink/kg/spoke-genelab/node/OSD-207-ba2f9251efb7e9053a8dd97f9b3b0245,CG9400,http://purl.obolibrary.org/obo/NCBITaxon_7227,http://www.ncbi.nlm.nih.gov/gene/32385,-1.92958,0.0147683,OSD-207
https://purl.org/okn/frink/kg/spoke-genelab/node/OSD-207-ba2f9251efb7e9053a8dd97f9b3b0245,twr,http://purl.obolibrary.org/obo/NCBITaxon_7227,http://www.ncbi.nlm.nih.gov/gene/40815,1.10846,2.6275e-06,OSD-207
https://purl.org/okn/frink/kg/spoke-genelab/node/OSD-207-ba2f9251efb7e9053a8dd97f9b3b0245,BomBc3,http://purl.obolibrary.org/obo/NCBITaxon_7227,http://www.ncbi.nlm.nih.gov/gene/50055,2.27559,0.00138921,OSD-207
https://purl.org/okn/frink/kg/spoke-genelab/node/OSD-207-ba2f9251efb7e9053a8dd97f9b3b0245,ckd,http://purl.obolibrary.org/obo/NCBITaxon_7227,http://www.ncbi.nlm.nih.gov/gene/38402,-2.36213,0.00542582,OSD-207
https://purl.org/okn/frink/kg/spoke-genelab/node/OSD-207-ba2f9251efb7e9053a8dd97f9b3b0245,NimC4,http://purl.obolibrary.org/obo/NCBITaxon_7227,http://www.ncbi.nlm.nih.gov/gene/34824,-4.4299,0.000454827,OSD-207
https://purl.org/okn/frink/kg/spoke-genelab/node/OSD-207-ba2f9251efb7e9053a8dd97f9b3b0245,y,http://purl.obolibrary.org/obo/NCBITaxon_7227,http://www.ncbi.nlm.nih.gov/gene/30980,-2.59197,0.00031551,OSD-207
https://purl.org/okn/frink/kg/spoke-genelab/node/OSD-207-ba2f9251efb7e9053a8dd97f9b3b0245,CG11458,http://purl.obolibrary.org/obo/NCBITaxon_7227,http://www.ncbi.nlm.nih.gov/gene/50110,-6.86318,2.90401e-10,OSD-207
https://purl.org/okn/frink/kg/spoke-genelab/node/OSD-207-ba2f9251efb7e9053a8dd97f9b3b0245,CG13085,http://purl.obolibrary.org/obo/NCBITaxon_7227,http://www.ncbi.nlm.nih.gov/gene/35219,1.036,0.00839221,OSD-207
https://purl.org/okn/frink/kg/spoke-genelab/node/OSD-207-ba2f9251efb7e9053a8dd97f9b3b0245,l(2)34Fc,http://purl.obolibrary.org/obo/NCBITaxon_7227,http://www.ncbi.nlm.nih.gov/gene/34838,-2.8353,1.59388e-08,OSD-207
https://purl.org/okn/frink/kg/spoke-genelab/node/OSD-207-ba2f9251efb7e9053a8dd97f9b3b0245,CG3777,http://purl.obolibrary.org/obo/NCBITaxon_7227,http://www.ncbi.nlm.nih.gov/gene/30979,-3.27682,0.00176761,OSD-207
https://purl.org/okn/frink/kg/spoke-genelab/node/OSD-207-ba2f9251efb7e9053a8dd97f9b3b0245,mol,http://purl.obolibrary.org/obo/NCBITaxon_7227,http://www.ncbi.nlm.nih.gov/gene/34872,-1.10939,0.00713122,OSD-207
https://purl.org/okn/frink/kg/spoke-genelab/node/OSD-207-ba2f9251efb7e9053a8dd97f9b3b0245,Or83c,http://purl.obolibrary.org/obo/NCBITaxon_7227,http://www.ncbi.nlm.nih.gov/gene/40744,2.25464,0.0324127,OSD-207
https://purl.org/okn/frink/kg/spoke-genelab/node/OSD-207-ba2f9251efb7e9053a8dd97f9b3b0245,Sirup,http://purl.obolibrary.org/obo/NCBITaxon_7227,http://www.ncbi.nlm.nih.gov/gene/34089,-1.27337,0.0235274,OSD-207
https://purl.org/okn/frink/kg/spoke-genelab/node/OSD-207-ba2f9251efb7e9053a8dd97f9b3b0245,CG13722,http://purl.obolibrary.org/obo/NCBITaxon_7227,http://www.ncbi.nlm.nih.gov/gene/38555,-7.77198,1.54053e-10,OSD-207
https://purl.org/okn/frink/kg/spoke-genelab/node/OSD-207-ba2f9251efb7e9053a8dd97f9b3b0245,IM33,http://purl.obolibrary.org/obo/NCBITaxon_7227,http://www.ncbi.nlm.nih.gov/gene/33592,1.10282,0.015246,OSD-207
https://purl.org/okn/frink/kg/spoke-genelab/node/OSD-207-ba2f9251efb7e9053a8dd97f9b3b0245,nyo,http://purl.obolibrary.org/obo/NCBITaxon_7227,http://www.ncbi.nlm.nih.gov/gene/43716,-4.12483,0.00930694,OSD-207
https://purl.org/okn/frink/kg/spoke-genelab/node/OSD-207-ba2f9251efb7e9053a8dd97f9b3b0245,CG4702,http://purl.obolibrary.org/obo/NCBITaxon_7227,http://www.ncbi.nlm.nih.gov/gene/41472,-4.07129,0.000810231,OSD-207
https://purl.org/okn/frink/kg/spoke-genelab/node/OSD-207-ba2f9251efb7e9053a8dd97f9b3b0245,Tm1,http://purl.obolibrary.org/obo/NCBITaxon_7227,http://www.ncbi.nlm.nih.gov/gene/41852,-1.25121,0.00033785,OSD-207
https://purl.org/okn/frink/kg/spoke-genelab/node/OSD-207-ba2f9251efb7e9053a8dd97f9b3b0245,miple2,http://purl.obolibrary.org/obo/NCBITaxon_7227,http://www.ncbi.nlm.nih.gov/gene/44787,-2.90312,2.0855e-07,OSD-207
https://purl.org/okn/frink/kg/spoke-genelab/node/OSD-207-ba2f9251efb7e9053a8dd97f9b3b0245,GstS1,http://purl.obolibrary.org/obo/NCBITaxon_7227,http://www.ncbi.nlm.nih.gov/gene/36927,-1.24011,0.000122713,OSD-207
https://purl.org/okn/frink/kg/spoke-genelab/node/OSD-207-ba2f9251efb7e9053a8dd97f9b3b0245,CG4984,http://purl.obolibrary.org/obo/NCBITaxon_7227,http://www.ncbi.nlm.nih.gov/gene/37017,-1.63522,0.000779583,OSD-207
https://purl.org/okn/frink/kg/spoke-genelab/node/OSD-207-ba2f9251efb7e9053a8dd97f9b3b0245,BomT2,http://purl.obolibrary.org/obo/NCBITaxon_7227,http://www.ncbi.nlm.nih.gov/gene/50208,1.05418,0.0423444,OSD-207
https://purl.org/okn/frink/kg/spoke-genelab/node/OSD-207-ba2f9251efb7e9053a8dd97f9b3b0245,CG9297,http://purl.obolibrary.org/obo/NCBITaxon_7227,http://www.ncbi.nlm.nih.gov/gene/41688,-1.37365,0.00332387,OSD-207
https://purl.org/okn/frink/kg/spoke-genelab/node/OSD-207-ba2f9251efb7e9053a8dd97f9b3b0245,eg,http://purl.obolibrary.org/obo/NCBITaxon_7227,http://www.ncbi.nlm.nih.gov/gene/40428,-1.35973,0.0263285,OSD-207
https://purl.org/okn/frink/kg/spoke-genelab/node/OSD-207-ba2f9251efb7e9053a8dd97f9b3b0245,CG43386,http://purl.obolibrary.org/obo/NCBITaxon_7227,http://www.ncbi.nlm.nih.gov/gene/31929,-1.9286,0.00695584,OSD-207
https://purl.org/okn/frink/kg/spoke-genelab/node/OSD-207-ba2f9251efb7e9053a8dd97f9b3b0245,BomBc1,http://purl.obolibrary.org/obo/NCBITaxon_7227,http://www.ncbi.nlm.nih.gov/gene/37099,4.24208,0.000249622,OSD-207
https://purl.org/okn/frink/kg/spoke-genelab/node/OSD-207-ba2f9251efb7e9053a8dd97f9b3b0245,asRNA:CR43964,http://purl.obolibrary.org/obo/NCBITaxon_7227,http://www.ncbi.nlm.nih.gov/gene/14462604,2.15684,0.010374,OSD-207
https://purl.org/okn/frink/kg/spoke-genelab/node/OSD-207-ba2f9251efb7e9053a8dd97f9b3b0245,CG14795,http://purl.obolibrary.org/obo/NCBITaxon_7227,http://www.ncbi.nlm.nih.gov/gene/31109,-1.0277,0.0486884,OSD-207
https://purl.org/okn/frink/kg/spoke-genelab/node/OSD-207-ba2f9251efb7e9053a8dd97f9b3b0245,Prx2540-1,http://purl.obolibrary.org/obo/NCBITaxon_7227,http://www.ncbi.nlm.nih.gov/gene/246663,-1.75005,0.0175796,OSD-207
https://purl.org/okn/frink/kg/spoke-genelab/node/OSD-207-ba2f9251efb7e9053a8dd97f9b3b0245,IM4,http://purl.obolibrary.org/obo/NCBITaxon_7227,http://www.ncbi.nlm.nih.gov/gene/50126,1.96908,0.000136695,OSD-207
https://purl.org/okn/frink/kg/spoke-genelab/node/OSD-207-ba2f9251efb7e9053a8dd97f9b3b0245,CG14160,http://purl.obolibrary.org/obo/NCBITaxon_7227,http://www.ncbi.nlm.nih.gov/gene/39177,3.71598,0.0419503,OSD-207
https://purl.org/okn/frink/kg/spoke-genelab/node/OSD-207-ba2f9251efb7e9053a8dd97f9b3b0245,CG13380,http://purl.obolibrary.org/obo/NCBITaxon_7227,http://www.ncbi.nlm.nih.gov/gene/40029,2.19271,0.0115921,OSD-207
https://purl.org/okn/frink/kg/spoke-genelab/node/OSD-207-ba2f9251efb7e9053a8dd97f9b3b0245,CG11391,http://purl.obolibrary.org/obo/NCBITaxon_7227,http://www.ncbi.nlm.nih.gov/gene/42353,-1.11284,0.0364196,OSD-207
https://purl.org/okn/frink/kg/spoke-genelab/node/OSD-207-ba2f9251efb7e9053a8dd97f9b3b0245,Spp,http://purl.obolibrary.org/obo/NCBITaxon_7227,http://www.ncbi.nlm.nih.gov/gene/33227,1.09724,0.000254779,OSD-207
https://purl.org/okn/frink/kg/spoke-genelab/node/OSD-207-ba2f9251efb7e9053a8dd97f9b3b0245,CG10407,http://purl.obolibrary.org/obo/NCBITaxon_7227,http://www.ncbi.nlm.nih.gov/gene/41949,-1.80066,2.77332e-05,OSD-207
https://purl.org/okn/frink/kg/spoke-genelab/node/OSD-207-ba2f9251efb7e9053a8dd97f9b3b0245,Cpr64Aa,http://purl.obolibrary.org/obo/NCBITaxon_7227,http://www.ncbi.nlm.nih.gov/gene/38508,-8.88188,7.95715e-05,OSD-207
https://purl.org/okn/frink/kg/spoke-genelab/node/OSD-207-ba2f9251efb7e9053a8dd97f9b3b0245,CG34172,http://purl.obolibrary.org/obo/NCBITaxon_7227,http://www.ncbi.nlm.nih.gov/gene/5740746,-1.92672,3.61466e-05,OSD-207
https://purl.org/okn/frink/kg/spoke-genelab/node/OSD-207-ba2f9251efb7e9053a8dd97f9b3b0245,CG12998,http://purl.obolibrary.org/obo/NCBITaxon_7227,http://www.ncbi.nlm.nih.gov/gene/32710,-14.5574,2.71483e-19,OSD-207
https://purl.org/okn/frink/kg/spoke-genelab/node/OSD-207-ba2f9251efb7e9053a8dd97f9b3b0245,CG11854,http://purl.obolibrary.org/obo/NCBITaxon_7227,http://www.ncbi.nlm.nih.gov/gene/43037,1.50557,0.00732858,OSD-207
https://purl.org/okn/frink/kg/spoke-genelab/node/OSD-207-ba2f9251efb7e9053a8dd97f9b3b0245,sona,http://purl.obolibrary.org/obo/NCBITaxon_7227,http://www.ncbi.nlm.nih.gov/gene/37762,-1.7225,0.000349804,OSD-207
https://purl.org/okn/frink/kg/spoke-genelab/node/OSD-207-ba2f9251efb7e9053a8dd97f9b3b0245,CG33469,http://purl.obolibrary.org/obo/NCBITaxon_7227,http://www.ncbi.nlm.nih.gov/gene/2768832,1.60767,0.00430051,OSD-207
https://purl.org/okn/frink/kg/spoke-genelab/node/OSD-207-ba2f9251efb7e9053a8dd97f9b3b0245,BaraA2|BaraA1,http://purl.obolibrary.org/obo/NCBITaxon_7227,http://www.ncbi.nlm.nih.gov/gene/36486,1.83943,0.0107936,OSD-207
https://purl.org/okn/frink/kg/spoke-genelab/node/OSD-207-ba2f9251efb7e9053a8dd97f9b3b0245,CG7135,http://purl.obolibrary.org/obo/NCBITaxon_7227,http://www.ncbi.nlm.nih.gov/gene/32793,-1.61573,0.0019045,OSD-207
https://purl.org/okn/frink/kg/spoke-genelab/node/OSD-207-ba2f9251efb7e9053a8dd97f9b3b0245,ppk22,http://purl.obolibrary.org/obo/NCBITaxon_7227,http://www.ncbi.nlm.nih.gov/gene/318593,-2.86992,0.0029401,OSD-207
https://purl.org/okn/frink/kg/spoke-genelab/node/OSD-207-ba2f9251efb7e9053a8dd97f9b3b0245,CG13796,http://purl.obolibrary.org/obo/NCBITaxon_7227,http://www.ncbi.nlm.nih.gov/gene/34051,-1.57446,0.0194601,OSD-207
https://purl.org/okn/frink/kg/spoke-genelab/node/OSD-207-ba2f9251efb7e9053a8dd97f9b3b0245,BaraA2|BaraA1,http://purl.obolibrary.org/obo/NCBITaxon_7227,http://www.ncbi.nlm.nih.gov/gene/2768831,1.83943,0.0107936,OSD-207
https://purl.org/okn/frink/kg/spoke-genelab/node/OSD-207-ba2f9251efb7e9053a8dd97f9b3b0245,CG42846,http://purl.obolibrary.org/obo/NCBITaxon_7227,http://www.ncbi.nlm.nih.gov/gene/10178831,1.13075,0.00369862,OSD-207
https://purl.org/okn/frink/kg/spoke-genelab/node/OSD-207-ba2f9251efb7e9053a8dd97f9b3b0245,PGRP-SB1,http://purl.obolibrary.org/obo/NCBITaxon_7227,http://www.ncbi.nlm.nih.gov/gene/39870,3.45548,3.94595e-05,OSD-207
https://purl.org/okn/frink/kg/spoke-genelab/node/OSD-207-ba2f9251efb7e9053a8dd97f9b3b0245,AttA,http://purl.obolibrary.org/obo/NCBITaxon_7227,http://www.ncbi.nlm.nih.gov/gene/36636,2.83244,0.0293238,OSD-207
https://purl.org/okn/frink/kg/spoke-genelab/node/OSD-207-ba2f9251efb7e9053a8dd97f9b3b0245,CG15554,http://purl.obolibrary.org/obo/NCBITaxon_7227,http://www.ncbi.nlm.nih.gov/gene/43680,-2.7301,0.00146394,OSD-207
https://purl.org/okn/frink/kg/spoke-genelab/node/OSD-207-ba2f9251efb7e9053a8dd97f9b3b0245,Vajk3,http://purl.obolibrary.org/obo/NCBITaxon_7227,http://www.ncbi.nlm.nih.gov/gene/34812,-8.84918,1.32958e-12,OSD-207
https://purl.org/okn/frink/kg/spoke-genelab/node/OSD-207-ba2f9251efb7e9053a8dd97f9b3b0245,Cpr64Ac,http://purl.obolibrary.org/obo/NCBITaxon_7227,http://www.ncbi.nlm.nih.gov/gene/38510,-3.03793,0.0070905,OSD-207
https://purl.org/okn/frink/kg/spoke-genelab/node/OSD-207-ba2f9251efb7e9053a8dd97f9b3b0245,CG15043,http://purl.obolibrary.org/obo/NCBITaxon_7227,http://www.ncbi.nlm.nih.gov/gene/32835,6.44158,0.000217281,OSD-207
https://purl.org/okn/frink/kg/spoke-genelab/node/OSD-207-ba2f9251efb7e9053a8dd97f9b3b0245,CG42319,http://purl.obolibrary.org/obo/NCBITaxon_7227,http://www.ncbi.nlm.nih.gov/gene/36473,-1.09443,6.81358e-05,OSD-207
https://purl.org/okn/frink/kg/spoke-genelab/node/OSD-207-ba2f9251efb7e9053a8dd97f9b3b0245,mthl15,http://purl.obolibrary.org/obo/NCBITaxon_7227,http://www.ncbi.nlm.nih.gov/gene/318914,1.36524,0.0038939,OSD-207
https://purl.org/okn/frink/kg/spoke-genelab/node/OSD-207-ba2f9251efb7e9053a8dd97f9b3b0245,CG34227,http://purl.obolibrary.org/obo/NCBITaxon_7227,http://www.ncbi.nlm.nih.gov/gene/36186,1.61185,0.00115666,OSD-207
https://purl.org/okn/frink/kg/spoke-genelab/node/OSD-207-ba2f9251efb7e9053a8dd97f9b3b0245,CG14770,http://purl.obolibrary.org/obo/NCBITaxon_7227,http://www.ncbi.nlm.nih.gov/gene/31085,-7.49762,1.28763e-05,OSD-207
https://purl.org/okn/frink/kg/spoke-genelab/node/OSD-207-ba2f9251efb7e9053a8dd97f9b3b0245,qless,http://purl.obolibrary.org/obo/NCBITaxon_7227,http://www.ncbi.nlm.nih.gov/gene/43697,-1.33489,0.000253215,OSD-207
https://purl.org/okn/frink/kg/spoke-genelab/node/OSD-207-ba2f9251efb7e9053a8dd97f9b3b0245,ds,http://purl.obolibrary.org/obo/NCBITaxon_7227,http://www.ncbi.nlm.nih.gov/gene/33245,-1.12818,0.00925574,OSD-207
https://purl.org/okn/frink/kg/spoke-genelab/node/OSD-207-ba2f9251efb7e9053a8dd97f9b3b0245,CG42269,http://purl.obolibrary.org/obo/NCBITaxon_7227,http://www.ncbi.nlm.nih.gov/gene/38689,-2.68442,1.7547e-05,OSD-207
https://purl.org/okn/frink/kg/spoke-genelab/node/OSD-207-ba2f9251efb7e9053a8dd97f9b3b0245,Eh,http://purl.obolibrary.org/obo/NCBITaxon_7227,http://www.ncbi.nlm.nih.gov/gene/42101,-5.7517,0.0294561,OSD-207
https://purl.org/okn/frink/kg/spoke-genelab/node/OSD-207-ba2f9251efb7e9053a8dd97f9b3b0245,CG4476,http://purl.obolibrary.org/obo/NCBITaxon_7227,http://www.ncbi.nlm.nih.gov/gene/39056,-1.68071,0.00635404,OSD-207
https://purl.org/okn/frink/kg/spoke-genelab/node/OSD-207-ba2f9251efb7e9053a8dd97f9b3b0245,CG9377,http://purl.obolibrary.org/obo/NCBITaxon_7227,http://www.ncbi.nlm.nih.gov/gene/34743,2.43109,5.22494e-07,OSD-207
https://purl.org/okn/frink/kg/spoke-genelab/node/OSD-207-ba2f9251efb7e9053a8dd97f9b3b0245,CG7714,http://purl.obolibrary.org/obo/NCBITaxon_7227,http://www.ncbi.nlm.nih.gov/gene/42250,-6.56785,0.000425386,OSD-207
https://purl.org/okn/frink/kg/spoke-genelab/node/OSD-207-ba2f9251efb7e9053a8dd97f9b3b0245,IM18,http://purl.obolibrary.org/obo/NCBITaxon_7227,http://www.ncbi.nlm.nih.gov/gene/3772138,7.1311,1.40657e-08,OSD-207
https://purl.org/okn/frink/kg/spoke-genelab/node/OSD-207-ba2f9251efb7e9053a8dd97f9b3b0245,dsx,http://purl.obolibrary.org/obo/NCBITaxon_7227,http://www.ncbi.nlm.nih.gov/gene/40940,1.02279,0.000346066,OSD-207
https://purl.org/okn/frink/kg/spoke-genelab/node/OSD-207-ba2f9251efb7e9053a8dd97f9b3b0245,Sclp,http://purl.obolibrary.org/obo/NCBITaxon_7227,http://www.ncbi.nlm.nih.gov/gene/32156,-4.8937,2.1686e-08,OSD-207
https://purl.org/okn/frink/kg/spoke-genelab/node/OSD-207-ba2f9251efb7e9053a8dd97f9b3b0245,Rpn6,http://purl.obolibrary.org/obo/NCBITaxon_7227,http://www.ncbi.nlm.nih.gov/gene/36638,-1.06489,0.00647129,OSD-207
https://purl.org/okn/frink/kg/spoke-genelab/node/OSD-207-ba2f9251efb7e9053a8dd97f9b3b0245,fit,http://purl.obolibrary.org/obo/NCBITaxon_7227,http://www.ncbi.nlm.nih.gov/gene/42578,2.84385,0.000113395,OSD-207
https://purl.org/okn/frink/kg/spoke-genelab/node/OSD-207-ba2f9251efb7e9053a8dd97f9b3b0245,Cpr97Eb,http://purl.obolibrary.org/obo/NCBITaxon_7227,http://www.ncbi.nlm.nih.gov/gene/43259,-5.79032,1.31518e-08,OSD-207
https://purl.org/okn/frink/kg/spoke-genelab/node/OSD-207-ba2f9251efb7e9053a8dd97f9b3b0245,CG17298,http://purl.obolibrary.org/obo/NCBITaxon_7227,http://www.ncbi.nlm.nih.gov/gene/42529,-8.64703,0.00280151,OSD-207
https://purl.org/okn/frink/kg/spoke-genelab/node/OSD-207-ba2f9251efb7e9053a8dd97f9b3b0245,Ccp84Ag,http://purl.obolibrary.org/obo/NCBITaxon_7227,http://www.ncbi.nlm.nih.gov/gene/40819,-4.11788,2.87742e-06,OSD-207
https://purl.org/okn/frink/kg/spoke-genelab/node/OSD-207-ba2f9251efb7e9053a8dd97f9b3b0245,Cpr100A,http://purl.obolibrary.org/obo/NCBITaxon_7227,http://www.ncbi.nlm.nih.gov/gene/43657,-6.81868,1.98278e-11,OSD-207
https://purl.org/okn/frink/kg/spoke-genelab/node/OSD-207-ba2f9251efb7e9053a8dd97f9b3b0245,Tapdelta,http://purl.obolibrary.org/obo/NCBITaxon_7227,http://www.ncbi.nlm.nih.gov/gene/45680,1.12842,2.95995e-06,OSD-207
https://purl.org/okn/frink/kg/spoke-genelab/node/OSD-207-ba2f9251efb7e9053a8dd97f9b3b0245,CG13077,http://purl.obolibrary.org/obo/NCBITaxon_7227,http://www.ncbi.nlm.nih.gov/gene/35252,1.21597,0.00210185,OSD-207
https://purl.org/okn/frink/kg/spoke-genelab/node/OSD-207-ba2f9251efb7e9053a8dd97f9b3b0245,CG13038,http://purl.obolibrary.org/obo/NCBITaxon_7227,http://www.ncbi.nlm.nih.gov/gene/50268,-3.56921,0.0343025,OSD-207
https://purl.org/okn/frink/kg/spoke-genelab/node/OSD-207-ba2f9251efb7e9053a8dd97f9b3b0245,CG10348,http://purl.obolibrary.org/obo/NCBITaxon_7227,http://www.ncbi.nlm.nih.gov/gene/35132,-1.3164,0.028751,OSD-207
https://purl.org/okn/frink/kg/spoke-genelab/node/OSD-207-ba2f9251efb7e9053a8dd97f9b3b0245,CG7896,http://purl.obolibrary.org/obo/NCBITaxon_7227,http://www.ncbi.nlm.nih.gov/gene/43552,-3.68216,2.94745e-05,OSD-207
https://purl.org/okn/frink/kg/spoke-genelab/node/OSD-207-ba2f9251efb7e9053a8dd97f9b3b0245,Pxd,http://purl.obolibrary.org/obo/NCBITaxon_7227,http://www.ncbi.nlm.nih.gov/gene/2768671,-8.5941,9.53466e-08,OSD-207
https://purl.org/okn/frink/kg/spoke-genelab/node/OSD-207-ba2f9251efb7e9053a8dd97f9b3b0245,yellow-d2,http://purl.obolibrary.org/obo/NCBITaxon_7227,http://www.ncbi.nlm.nih.gov/gene/37704,-8.80508,6.01834e-06,OSD-207
https://purl.org/okn/frink/kg/spoke-genelab/node/OSD-207-ba2f9251efb7e9053a8dd97f9b3b0245,reb,http://purl.obolibrary.org/obo/NCBITaxon_7227,http://www.ncbi.nlm.nih.gov/gene/36275,-3.81955,1.28763e-05,OSD-207
https://purl.org/okn/frink/kg/spoke-genelab/node/OSD-207-ba2f9251efb7e9053a8dd97f9b3b0245,CG6484,http://purl.obolibrary.org/obo/NCBITaxon_7227,http://www.ncbi.nlm.nih.gov/gene/36994,1.21098,0.000171157,OSD-207
https://purl.org/okn/frink/kg/spoke-genelab/node/OSD-207-ba2f9251efb7e9053a8dd97f9b3b0245,CG15155,http://purl.obolibrary.org/obo/NCBITaxon_7227,http://www.ncbi.nlm.nih.gov/gene/35087,2.42332,0.0262218,OSD-207
https://purl.org/okn/frink/kg/spoke-genelab/node/OSD-207-ba2f9251efb7e9053a8dd97f9b3b0245,Or92a,http://purl.obolibrary.org/obo/NCBITaxon_7227,http://www.ncbi.nlm.nih.gov/gene/42425,2.68124,0.0083256,OSD-207
https://purl.org/okn/frink/kg/spoke-genelab/node/OSD-207-ba2f9251efb7e9053a8dd97f9b3b0245,CG5697,http://purl.obolibrary.org/obo/NCBITaxon_7227,http://www.ncbi.nlm.nih.gov/gene/42483,-6.40814,4.16917e-07,OSD-207
https://purl.org/okn/frink/kg/spoke-genelab/node/OSD-207-ba2f9251efb7e9053a8dd97f9b3b0245,IM14,http://purl.obolibrary.org/obo/NCBITaxon_7227,http://www.ncbi.nlm.nih.gov/gene/3885603,3.49718,0.000666169,OSD-207
https://purl.org/okn/frink/kg/spoke-genelab/node/OSD-207-ba2f9251efb7e9053a8dd97f9b3b0245,CG4757,http://purl.obolibrary.org/obo/NCBITaxon_7227,http://www.ncbi.nlm.nih.gov/gene/41330,2.25005,1.59882e-05,OSD-207
https://purl.org/okn/frink/kg/spoke-genelab/node/OSD-207-ba2f9251efb7e9053a8dd97f9b3b0245,TpnC4,http://purl.obolibrary.org/obo/NCBITaxon_7227,http://www.ncbi.nlm.nih.gov/gene/35498,-3.8684,0.00581101,OSD-207
https://purl.org/okn/frink/kg/spoke-genelab/node/OSD-207-ba2f9251efb7e9053a8dd97f9b3b0245,SmydA-5,http://purl.obolibrary.org/obo/NCBITaxon_7227,http://www.ncbi.nlm.nih.gov/gene/35538,-1.45531,0.000102363,OSD-207
https://purl.org/okn/frink/kg/spoke-genelab/node/OSD-207-ba2f9251efb7e9053a8dd97f9b3b0245,PGRP-LB,http://purl.obolibrary.org/obo/NCBITaxon_7227,http://www.ncbi.nlm.nih.gov/gene/41379,1.1806,0.0048635,OSD-207
https://purl.org/okn/frink/kg/spoke-genelab/node/OSD-207-ba2f9251efb7e9053a8dd97f9b3b0245,yip7,http://purl.obolibrary.org/obo/NCBITaxon_7227,http://www.ncbi.nlm.nih.gov/gene/38680,8.32415,1.28763e-05,OSD-207
https://purl.org/okn/frink/kg/spoke-genelab/node/OSD-207-ba2f9251efb7e9053a8dd97f9b3b0245,BomT3,http://purl.obolibrary.org/obo/NCBITaxon_7227,http://www.ncbi.nlm.nih.gov/gene/42598,1.00041,0.0434014,OSD-207
https://purl.org/okn/frink/kg/spoke-genelab/node/OSD-207-ba2f9251efb7e9053a8dd97f9b3b0245,Drs,http://purl.obolibrary.org/obo/NCBITaxon_7227,http://www.ncbi.nlm.nih.gov/gene/38419,3.08905,0.000971611,OSD-207
https://purl.org/okn/frink/kg/spoke-genelab/node/OSD-207-ba2f9251efb7e9053a8dd97f9b3b0245,CG11529,http://purl.obolibrary.org/obo/NCBITaxon_7227,http://www.ncbi.nlm.nih.gov/gene/39395,1.37973,0.00242256,OSD-207
https://purl.org/okn/frink/kg/spoke-genelab/node/OSD-207-ba2f9251efb7e9053a8dd97f9b3b0245,Fbp1,http://purl.obolibrary.org/obo/NCBITaxon_7227,http://www.ncbi.nlm.nih.gov/gene/39566,-3.73425,0.0054811,OSD-207
https://purl.org/okn/frink/kg/spoke-genelab/node/OSD-207-ba2f9251efb7e9053a8dd97f9b3b0245,Phae2,http://purl.obolibrary.org/obo/NCBITaxon_7227,http://www.ncbi.nlm.nih.gov/gene/34638,7.36921,0.00149989,OSD-207
https://purl.org/okn/frink/kg/spoke-genelab/node/OSD-207-ba2f9251efb7e9053a8dd97f9b3b0245,CG17107,http://purl.obolibrary.org/obo/NCBITaxon_7227,http://www.ncbi.nlm.nih.gov/gene/34467,1.39438,0.00378578,OSD-207
https://purl.org/okn/frink/kg/spoke-genelab/node/OSD-207-ba2f9251efb7e9053a8dd97f9b3b0245,Cpr72Ec,http://purl.obolibrary.org/obo/NCBITaxon_7227,http://www.ncbi.nlm.nih.gov/gene/39816,-2.54491,9.74881e-10,OSD-207
https://purl.org/okn/frink/kg/spoke-genelab/node/OSD-207-ba2f9251efb7e9053a8dd97f9b3b0245,CG4374,http://purl.obolibrary.org/obo/NCBITaxon_7227,http://www.ncbi.nlm.nih.gov/gene/42767,-1.76848,0.00108167,OSD-207
https://purl.org/okn/frink/kg/spoke-genelab/node/OSD-207-ba2f9251efb7e9053a8dd97f9b3b0245,CG34327,http://purl.obolibrary.org/obo/NCBITaxon_7227,http://www.ncbi.nlm.nih.gov/gene/5740714,-7.76005,3.1418e-14,OSD-207
https://purl.org/okn/frink/kg/spoke-genelab/node/OSD-207-ba2f9251efb7e9053a8dd97f9b3b0245,BomS2,http://purl.obolibrary.org/obo/NCBITaxon_7227,http://www.ncbi.nlm.nih.gov/gene/49802,1.55251,0.0316882,OSD-207
https://purl.org/okn/frink/kg/spoke-genelab/node/OSD-207-ba2f9251efb7e9053a8dd97f9b3b0245,Lcp65Ag2|Lcp65Ag1,http://purl.obolibrary.org/obo/NCBITaxon_7227,http://www.ncbi.nlm.nih.gov/gene/38703,-1.64973,0.00105102,OSD-207
https://purl.org/okn/frink/kg/spoke-genelab/node/OSD-207-ba2f9251efb7e9053a8dd97f9b3b0245,CG8630,http://purl.obolibrary.org/obo/NCBITaxon_7227,http://www.ncbi.nlm.nih.gov/gene/41629,-1.9967,0.00115076,OSD-207
https://purl.org/okn/frink/kg/spoke-genelab/node/OSD-207-ba2f9251efb7e9053a8dd97f9b3b0245,CG16898,http://purl.obolibrary.org/obo/NCBITaxon_7227,http://www.ncbi.nlm.nih.gov/gene/37276,-1.53091,0.00601493,OSD-207
https://purl.org/okn/frink/kg/spoke-genelab/node/OSD-207-ba2f9251efb7e9053a8dd97f9b3b0245,CG17855,http://purl.obolibrary.org/obo/NCBITaxon_7227,http://www.ncbi.nlm.nih.gov/gene/34269,1.20254,0.00120936,OSD-207
https://purl.org/okn/frink/kg/spoke-genelab/node/OSD-207-ba2f9251efb7e9053a8dd97f9b3b0245,CG14258,http://purl.obolibrary.org/obo/NCBITaxon_7227,http://www.ncbi.nlm.nih.gov/gene/43260,-2.4771,0.0017288,OSD-207
https://purl.org/okn/frink/kg/spoke-genelab/node/OSD-207-ba2f9251efb7e9053a8dd97f9b3b0245,CG2233,http://purl.obolibrary.org/obo/NCBITaxon_7227,http://www.ncbi.nlm.nih.gov/gene/31721,1.11529,0.0085219,OSD-207
https://purl.org/okn/frink/kg/spoke-genelab/node/OSD-207-ba2f9251efb7e9053a8dd97f9b3b0245,CG33281,http://purl.obolibrary.org/obo/NCBITaxon_7227,http://www.ncbi.nlm.nih.gov/gene/2768938,-2.65997,0.0100149,OSD-207
https://purl.org/okn/frink/kg/spoke-genelab/node/OSD-207-ba2f9251efb7e9053a8dd97f9b3b0245,tmod,http://purl.obolibrary.org/obo/NCBITaxon_7227,http://www.ncbi.nlm.nih.gov/gene/43633,-2.46975,1.5211e-05,OSD-207
https://purl.org/okn/frink/kg/spoke-genelab/node/OSD-207-ba2f9251efb7e9053a8dd97f9b3b0245,Cpr50Cb,http://purl.obolibrary.org/obo/NCBITaxon_7227,http://www.ncbi.nlm.nih.gov/gene/36525,-4.16152,3.45378e-09,OSD-207
https://purl.org/okn/frink/kg/spoke-genelab/node/OSD-207-ba2f9251efb7e9053a8dd97f9b3b0245,SkpB,http://purl.obolibrary.org/obo/NCBITaxon_7227,http://www.ncbi.nlm.nih.gov/gene/36298,-2.84534,0.000362866,OSD-207
https://purl.org/okn/frink/kg/spoke-genelab/node/OSD-207-ba2f9251efb7e9053a8dd97f9b3b0245,Cpr47Ea,http://purl.obolibrary.org/obo/NCBITaxon_7227,http://www.ncbi.nlm.nih.gov/gene/36188,-4.03974,7.4841e-06,OSD-207
https://purl.org/okn/frink/kg/spoke-genelab/node/OSD-207-ba2f9251efb7e9053a8dd97f9b3b0245,Tehao,http://purl.obolibrary.org/obo/NCBITaxon_7227,http://www.ncbi.nlm.nih.gov/gene/34761,1.96713,0.0106573,OSD-207
https://purl.org/okn/frink/kg/spoke-genelab/node/OSD-207-ba2f9251efb7e9053a8dd97f9b3b0245,SmydA-9,http://purl.obolibrary.org/obo/NCBITaxon_7227,http://www.ncbi.nlm.nih.gov/gene/31859,-1.375,0.000418062,OSD-207
https://purl.org/okn/frink/kg/spoke-genelab/node/OSD-207-ba2f9251efb7e9053a8dd97f9b3b0245,CG12374,http://purl.obolibrary.org/obo/NCBITaxon_7227,http://www.ncbi.nlm.nih.gov/gene/36410,6.29376,0.00426674,OSD-207
https://purl.org/okn/frink/kg/spoke-genelab/node/OSD-207-ba2f9251efb7e9053a8dd97f9b3b0245,Cpr49Ag,http://purl.obolibrary.org/obo/NCBITaxon_7227,http://www.ncbi.nlm.nih.gov/gene/36353,-3.60921,9.90964e-08,OSD-207
https://purl.org/okn/frink/kg/spoke-genelab/node/OSD-207-ba2f9251efb7e9053a8dd97f9b3b0245,Cpr49Ae,http://purl.obolibrary.org/obo/NCBITaxon_7227,http://www.ncbi.nlm.nih.gov/gene/36351,-2.59652,1.97578e-09,OSD-207
https://purl.org/okn/frink/kg/spoke-genelab/node/OSD-207-ba2f9251efb7e9053a8dd97f9b3b0245,CG8501,http://purl.obolibrary.org/obo/NCBITaxon_7227,http://www.ncbi.nlm.nih.gov/gene/36347,-1.21362,0.0411157,OSD-207
https://purl.org/okn/frink/kg/spoke-genelab/node/OSD-207-ba2f9251efb7e9053a8dd97f9b3b0245,Cpr47Ef,http://purl.obolibrary.org/obo/NCBITaxon_7227,http://www.ncbi.nlm.nih.gov/gene/36194,-2.30036,0.000335989,OSD-207
https://purl.org/okn/frink/kg/spoke-genelab/node/OSD-207-ba2f9251efb7e9053a8dd97f9b3b0245,CG1273,http://purl.obolibrary.org/obo/NCBITaxon_7227,http://www.ncbi.nlm.nih.gov/gene/38522,-3.97851,0.000403104,OSD-207
https://purl.org/okn/frink/kg/spoke-genelab/node/OSD-207-ba2f9251efb7e9053a8dd97f9b3b0245,Tsp29Fb,http://purl.obolibrary.org/obo/NCBITaxon_7227,http://www.ncbi.nlm.nih.gov/gene/34212,1.01855,0.00847063,OSD-207
https://purl.org/okn/frink/kg/spoke-genelab/node/OSD-207-ba2f9251efb7e9053a8dd97f9b3b0245,CG1698,http://purl.obolibrary.org/obo/NCBITaxon_7227,http://www.ncbi.nlm.nih.gov/gene/36006,-1.35587,0.0419503,OSD-207
https://purl.org/okn/frink/kg/spoke-genelab/node/OSD-207-ba2f9251efb7e9053a8dd97f9b3b0245,CG32816,http://purl.obolibrary.org/obo/NCBITaxon_7227,http://www.ncbi.nlm.nih.gov/gene/318225,-1.55989,0.0117375,OSD-207
https://purl.org/okn/frink/kg/spoke-genelab/node/OSD-207-ba2f9251efb7e9053a8dd97f9b3b0245,CG12164,http://purl.obolibrary.org/obo/NCBITaxon_7227,http://www.ncbi.nlm.nih.gov/gene/35651,-3.28305,0.000761818,OSD-207
https://purl.org/okn/frink/kg/spoke-genelab/node/OSD-207-ba2f9251efb7e9053a8dd97f9b3b0245,bdl,http://purl.obolibrary.org/obo/NCBITaxon_7227,http://www.ncbi.nlm.nih.gov/gene/33635,-1.26604,1.75905e-06,OSD-207
https://purl.org/okn/frink/kg/spoke-genelab/node/OSD-207-ba2f9251efb7e9053a8dd97f9b3b0245,CG33099,http://purl.obolibrary.org/obo/NCBITaxon_7227,http://www.ncbi.nlm.nih.gov/gene/326254,2.30771,0.0273233,OSD-207
https://purl.org/okn/frink/kg/spoke-genelab/node/OSD-207-ba2f9251efb7e9053a8dd97f9b3b0245,CG7203,http://purl.obolibrary.org/obo/NCBITaxon_7227,http://www.ncbi.nlm.nih.gov/gene/34055,-6.56304,2.19291e-09,OSD-207
https://purl.org/okn/frink/kg/spoke-genelab/node/OSD-207-ba2f9251efb7e9053a8dd97f9b3b0245,Tsp42Eq,http://purl.obolibrary.org/obo/NCBITaxon_7227,http://www.ncbi.nlm.nih.gov/gene/35628,2.86778,0.000566597,OSD-207
https://purl.org/okn/frink/kg/spoke-genelab/node/OSD-207-ba2f9251efb7e9053a8dd97f9b3b0245,CG3270,http://purl.obolibrary.org/obo/NCBITaxon_7227,http://www.ncbi.nlm.nih.gov/gene/35575,-1.72541,6.53094e-09,OSD-207
https://purl.org/okn/frink/kg/spoke-genelab/node/OSD-207-ba2f9251efb7e9053a8dd97f9b3b0245,CG11409,http://purl.obolibrary.org/obo/NCBITaxon_7227,http://www.ncbi.nlm.nih.gov/gene/31078,-1.17368,0.0451416,OSD-207
https://purl.org/okn/frink/kg/spoke-genelab/node/OSD-207-ba2f9251efb7e9053a8dd97f9b3b0245,CG6472,http://purl.obolibrary.org/obo/NCBITaxon_7227,http://www.ncbi.nlm.nih.gov/gene/36895,-1.52975,0.000259743,OSD-207
https://purl.org/okn/frink/kg/spoke-genelab/node/OSD-207-ba2f9251efb7e9053a8dd97f9b3b0245,CG4213,http://purl.obolibrary.org/obo/NCBITaxon_7227,http://www.ncbi.nlm.nih.gov/gene/33209,-3.11837,1.59415e-07,OSD-207
https://purl.org/okn/frink/kg/spoke-genelab/node/OSD-207-ba2f9251efb7e9053a8dd97f9b3b0245,OtopLb,http://purl.obolibrary.org/obo/NCBITaxon_7227,http://www.ncbi.nlm.nih.gov/gene/33539,3.20877,0.0286775,OSD-207
https://purl.org/okn/frink/kg/spoke-genelab/node/OSD-207-ba2f9251efb7e9053a8dd97f9b3b0245,Muc68E,http://purl.obolibrary.org/obo/NCBITaxon_7227,http://www.ncbi.nlm.nih.gov/gene/2768990,4.68776,0.0115429,OSD-207
https://purl.org/okn/frink/kg/spoke-genelab/node/OSD-207-ba2f9251efb7e9053a8dd97f9b3b0245,CG15423,http://purl.obolibrary.org/obo/NCBITaxon_7227,http://www.ncbi.nlm.nih.gov/gene/33616,5.09957,0.000714831,OSD-207
https://purl.org/okn/frink/kg/spoke-genelab/node/OSD-207-ba2f9251efb7e9053a8dd97f9b3b0245,whe,http://purl.obolibrary.org/obo/NCBITaxon_7227,http://www.ncbi.nlm.nih.gov/gene/33121,8.66163,0.000396616,OSD-207
https://purl.org/okn/frink/kg/spoke-genelab/node/OSD-207-ba2f9251efb7e9053a8dd97f9b3b0245,CG15615,http://purl.obolibrary.org/obo/NCBITaxon_7227,http://www.ncbi.nlm.nih.gov/gene/36882,3.50938,0.0205082,OSD-207
https://purl.org/okn/frink/kg/spoke-genelab/node/OSD-207-ba2f9251efb7e9053a8dd97f9b3b0245,CG14495,http://purl.obolibrary.org/obo/NCBITaxon_7227,http://www.ncbi.nlm.nih.gov/gene/37056,-1.96791,0.006492,OSD-207
https://purl.org/okn/frink/kg/spoke-genelab/node/OSD-207-ba2f9251efb7e9053a8dd97f9b3b0245,CG9782,http://purl.obolibrary.org/obo/NCBITaxon_7227,http://www.ncbi.nlm.nih.gov/gene/32632,-2.49539,0.000971611,OSD-207
https://purl.org/okn/frink/kg/spoke-genelab/node/OSD-207-ba2f9251efb7e9053a8dd97f9b3b0245,CG8160,http://purl.obolibrary.org/obo/NCBITaxon_7227,http://www.ncbi.nlm.nih.gov/gene/36701,3.49926,0.0374903,OSD-207
https://purl.org/okn/frink/kg/spoke-genelab/node/OSD-207-ba2f9251efb7e9053a8dd97f9b3b0245,CG15096,http://purl.obolibrary.org/obo/NCBITaxon_7227,http://www.ncbi.nlm.nih.gov/gene/37170,1.42512,0.0058163,OSD-207
https://purl.org/okn/frink/kg/spoke-genelab/node/OSD-207-ba2f9251efb7e9053a8dd97f9b3b0245,CG14406,http://purl.obolibrary.org/obo/NCBITaxon_7227,http://www.ncbi.nlm.nih.gov/gene/32421,-4.72576,0.0278772,OSD-207
https://purl.org/okn/frink/kg/spoke-genelab/node/OSD-207-ba2f9251efb7e9053a8dd97f9b3b0245,resilin,http://purl.obolibrary.org/obo/NCBITaxon_7227,http://www.ncbi.nlm.nih.gov/gene/36880,-2.24855,0.0232831,OSD-207
https://purl.org/okn/frink/kg/spoke-genelab/node/OSD-207-ba2f9251efb7e9053a8dd97f9b3b0245,CG4409,http://purl.obolibrary.org/obo/NCBITaxon_7227,http://www.ncbi.nlm.nih.gov/gene/36840,-1.5346,3.0088e-23,OSD-207
https://purl.org/okn/frink/kg/spoke-genelab/node/OSD-207-ba2f9251efb7e9053a8dd97f9b3b0245,Asph,http://purl.obolibrary.org/obo/NCBITaxon_7227,http://www.ncbi.nlm.nih.gov/gene/36778,-1.49401,9.69666e-05,OSD-207
https://purl.org/okn/frink/kg/spoke-genelab/node/OSD-207-ba2f9251efb7e9053a8dd97f9b3b0245,CG8192,http://purl.obolibrary.org/obo/NCBITaxon_7227,http://www.ncbi.nlm.nih.gov/gene/36723,-3.80267,1.46546e-06,OSD-207
https://purl.org/okn/frink/kg/spoke-genelab/node/OSD-207-ba2f9251efb7e9053a8dd97f9b3b0245,Cyp6a20,http://purl.obolibrary.org/obo/NCBITaxon_7227,http://www.ncbi.nlm.nih.gov/gene/36664,-1.43491,3.34613e-09,OSD-207
https://purl.org/okn/frink/kg/spoke-genelab/node/OSD-207-ba2f9251efb7e9053a8dd97f9b3b0245,CG9512,http://purl.obolibrary.org/obo/NCBITaxon_7227,http://www.ncbi.nlm.nih.gov/gene/32419,-1.91513,0.00674585,OSD-207
https://purl.org/okn/frink/kg/spoke-genelab/node/OSD-207-ba2f9251efb7e9053a8dd97f9b3b0245,CG2556,http://purl.obolibrary.org/obo/NCBITaxon_7227,http://www.ncbi.nlm.nih.gov/gene/32201,1.44683,0.0324416,OSD-207
https://purl.org/okn/frink/kg/spoke-genelab/node/OSD-207-ba2f9251efb7e9053a8dd97f9b3b0245,CR31427,http://purl.obolibrary.org/obo/NCBITaxon_7227,http://www.ncbi.nlm.nih.gov/gene/43464,1.53383,0.0121816,OSD-207
https://purl.org/okn/frink/kg/spoke-genelab/node/OSD-207-ba2f9251efb7e9053a8dd97f9b3b0245,CG34375,http://purl.obolibrary.org/obo/NCBITaxon_7227,http://www.ncbi.nlm.nih.gov/gene/42715,-2.95813,6.53094e-09,OSD-207
https://purl.org/okn/frink/kg/spoke-genelab/node/OSD-207-ba2f9251efb7e9053a8dd97f9b3b0245,CG18367,http://purl.obolibrary.org/obo/NCBITaxon_7227,http://www.ncbi.nlm.nih.gov/gene/37255,-3.10188,0.000225702,OSD-207
https://purl.org/okn/frink/kg/spoke-genelab/node/OSD-207-ba2f9251efb7e9053a8dd97f9b3b0245,Pgant4,http://purl.obolibrary.org/obo/NCBITaxon_7227,http://www.ncbi.nlm.nih.gov/gene/261610,3.29545,0.0493788,OSD-207
https://purl.org/okn/frink/kg/spoke-genelab/node/OSD-207-ba2f9251efb7e9053a8dd97f9b3b0245,Mpcp1,http://purl.obolibrary.org/obo/NCBITaxon_7227,http://www.ncbi.nlm.nih.gov/gene/37297,-1.76691,0.000438652,OSD-207
https://purl.org/okn/frink/kg/spoke-genelab/node/OSD-207-ba2f9251efb7e9053a8dd97f9b3b0245,ara,http://purl.obolibrary.org/obo/NCBITaxon_7227,http://www.ncbi.nlm.nih.gov/gene/39439,1.40609,0.0164485,OSD-207
https://purl.org/okn/frink/kg/spoke-genelab/node/OSD-207-ba2f9251efb7e9053a8dd97f9b3b0245,CG34026,http://purl.obolibrary.org/obo/NCBITaxon_7227,http://www.ncbi.nlm.nih.gov/gene/3885569,7.40986,0.00647129,OSD-207
https://purl.org/okn/frink/kg/spoke-genelab/node/OSD-207-ba2f9251efb7e9053a8dd97f9b3b0245,Or13a,http://purl.obolibrary.org/obo/NCBITaxon_7227,http://www.ncbi.nlm.nih.gov/gene/32562,-1.45233,0.0293596,OSD-207
https://purl.org/okn/frink/kg/spoke-genelab/node/OSD-207-ba2f9251efb7e9053a8dd97f9b3b0245,Sardh,http://purl.obolibrary.org/obo/NCBITaxon_7227,http://www.ncbi.nlm.nih.gov/gene/37026,1.46502,0.000721056,OSD-207
https://purl.org/okn/frink/kg/spoke-genelab/node/OSD-207-ba2f9251efb7e9053a8dd97f9b3b0245,CG31345,http://purl.obolibrary.org/obo/NCBITaxon_7227,http://www.ncbi.nlm.nih.gov/gene/41576,-1.1668,2.87742e-06,OSD-207
https://purl.org/okn/frink/kg/spoke-genelab/node/OSD-207-ba2f9251efb7e9053a8dd97f9b3b0245,CG33346,http://purl.obolibrary.org/obo/NCBITaxon_7227,http://www.ncbi.nlm.nih.gov/gene/2768690,4.68878,0.00288181,OSD-207
https://purl.org/okn/frink/kg/spoke-genelab/node/OSD-207-ba2f9251efb7e9053a8dd97f9b3b0245,CG14340,http://purl.obolibrary.org/obo/NCBITaxon_7227,http://www.ncbi.nlm.nih.gov/gene/33287,-1.0286,0.0133482,OSD-207
https://purl.org/okn/frink/kg/spoke-genelab/node/OSD-207-ba2f9251efb7e9053a8dd97f9b3b0245,CG30281,http://purl.obolibrary.org/obo/NCBITaxon_7227,http://www.ncbi.nlm.nih.gov/gene/246525,-2.29197,0.0209939,OSD-207
https://purl.org/okn/frink/kg/spoke-genelab/node/OSD-207-ba2f9251efb7e9053a8dd97f9b3b0245,Grip,http://purl.obolibrary.org/obo/NCBITaxon_7227,http://www.ncbi.nlm.nih.gov/gene/50391,-1.01431,0.00201213,OSD-207
https://purl.org/okn/frink/kg/spoke-genelab/node/OSD-207-ba2f9251efb7e9053a8dd97f9b3b0245,CG15818,http://purl.obolibrary.org/obo/NCBITaxon_7227,http://www.ncbi.nlm.nih.gov/gene/34019,6.64615,0.00287359,OSD-207
https://purl.org/okn/frink/kg/spoke-genelab/node/OSD-207-ba2f9251efb7e9053a8dd97f9b3b0245,CG4586,http://purl.obolibrary.org/obo/NCBITaxon_7227,http://www.ncbi.nlm.nih.gov/gene/31641,-2.64713,0.0475926,OSD-207
https://purl.org/okn/frink/kg/spoke-genelab/node/OSD-207-ba2f9251efb7e9053a8dd97f9b3b0245,CG30334,http://purl.obolibrary.org/obo/NCBITaxon_7227,http://www.ncbi.nlm.nih.gov/gene/246545,-2.12277,0.0162098,OSD-207
https://purl.org/okn/frink/kg/spoke-genelab/node/OSD-207-ba2f9251efb7e9053a8dd97f9b3b0245,CG34367,http://purl.obolibrary.org/obo/NCBITaxon_7227,http://www.ncbi.nlm.nih.gov/gene/5740879,-1.14851,0.0139909,OSD-207
https://purl.org/okn/frink/kg/spoke-genelab/node/OSD-207-ba2f9251efb7e9053a8dd97f9b3b0245,CG30377,http://purl.obolibrary.org/obo/NCBITaxon_7227,http://www.ncbi.nlm.nih.gov/gene/50252,-1.10717,0.00676007,OSD-207
https://purl.org/okn/frink/kg/spoke-genelab/node/OSD-207-ba2f9251efb7e9053a8dd97f9b3b0245,CG13841,http://purl.obolibrary.org/obo/NCBITaxon_7227,http://www.ncbi.nlm.nih.gov/gene/50061,1.04321,0.00521676,OSD-207
https://purl.org/okn/frink/kg/spoke-genelab/node/OSD-207-ba2f9251efb7e9053a8dd97f9b3b0245,mesh,http://purl.obolibrary.org/obo/NCBITaxon_7227,http://www.ncbi.nlm.nih.gov/gene/43688,3.12607,0.00534575,OSD-207
https://purl.org/okn/frink/kg/spoke-genelab/node/OSD-207-ba2f9251efb7e9053a8dd97f9b3b0245,CG7214,http://purl.obolibrary.org/obo/NCBITaxon_7227,http://www.ncbi.nlm.nih.gov/gene/34053,-8.07872,1.11385e-08,OSD-207
https://purl.org/okn/frink/kg/spoke-genelab/node/OSD-207-ba2f9251efb7e9053a8dd97f9b3b0245,Rpt5,http://purl.obolibrary.org/obo/NCBITaxon_7227,http://www.ncbi.nlm.nih.gov/gene/42805,-1.14806,0.0029401,OSD-207
https://purl.org/okn/frink/kg/spoke-genelab/node/OSD-207-ba2f9251efb7e9053a8dd97f9b3b0245,Cyp6a8,http://purl.obolibrary.org/obo/NCBITaxon_7227,http://www.ncbi.nlm.nih.gov/gene/36666,-1.2029,0.00185601,OSD-207
https://purl.org/okn/frink/kg/spoke-genelab/node/OSD-207-ba2f9251efb7e9053a8dd97f9b3b0245,Rpt4,http://purl.obolibrary.org/obo/NCBITaxon_7227,http://www.ncbi.nlm.nih.gov/gene/31567,-1.20138,0.00676366,OSD-207
https://purl.org/okn/frink/kg/spoke-genelab/node/OSD-207-ba2f9251efb7e9053a8dd97f9b3b0245,CG5254,http://purl.obolibrary.org/obo/NCBITaxon_7227,http://www.ncbi.nlm.nih.gov/gene/31020,-1.5768,0.0108002,OSD-207
https://purl.org/okn/frink/kg/spoke-genelab/node/OSD-207-ba2f9251efb7e9053a8dd97f9b3b0245,Rpt3,http://purl.obolibrary.org/obo/NCBITaxon_7227,http://www.ncbi.nlm.nih.gov/gene/32047,-1.12115,0.00899771,OSD-207
https://purl.org/okn/frink/kg/spoke-genelab/node/OSD-207-ba2f9251efb7e9053a8dd97f9b3b0245,Rpn11,http://purl.obolibrary.org/obo/NCBITaxon_7227,http://www.ncbi.nlm.nih.gov/gene/33738,-1.33973,0.00356212,OSD-207
https://purl.org/okn/frink/kg/spoke-genelab/node/OSD-207-ba2f9251efb7e9053a8dd97f9b3b0245,CG17104,http://purl.obolibrary.org/obo/NCBITaxon_7227,http://www.ncbi.nlm.nih.gov/gene/34465,-2.4817,0.0238137,OSD-207
https://purl.org/okn/frink/kg/spoke-genelab/node/OSD-207-ba2f9251efb7e9053a8dd97f9b3b0245,CG13728,http://purl.obolibrary.org/obo/NCBITaxon_7227,http://www.ncbi.nlm.nih.gov/gene/39937,6.3919,0.0182115,OSD-207
https://purl.org/okn/frink/kg/spoke-genelab/node/OSD-207-ba2f9251efb7e9053a8dd97f9b3b0245,CG14132,http://purl.obolibrary.org/obo/NCBITaxon_7227,http://www.ncbi.nlm.nih.gov/gene/50290,-1.09083,0.00518184,OSD-207
https://purl.org/okn/frink/kg/spoke-genelab/node/OSD-207-ba2f9251efb7e9053a8dd97f9b3b0245,CG17777,http://purl.obolibrary.org/obo/NCBITaxon_7227,http://www.ncbi.nlm.nih.gov/gene/50374,-1.57569,0.00469153,OSD-207
https://purl.org/okn/frink/kg/spoke-genelab/node/OSD-207-ba2f9251efb7e9053a8dd97f9b3b0245,CG5892,http://purl.obolibrary.org/obo/NCBITaxon_7227,http://www.ncbi.nlm.nih.gov/gene/42522,-1.22219,0.0196963,OSD-207
https://purl.org/okn/frink/kg/spoke-genelab/node/OSD-207-ba2f9251efb7e9053a8dd97f9b3b0245,CG5160,http://purl.obolibrary.org/obo/NCBITaxon_7227,http://www.ncbi.nlm.nih.gov/gene/34015,-1.1078,4.47078e-05,OSD-207
https://purl.org/okn/frink/kg/spoke-genelab/node/OSD-207-ba2f9251efb7e9053a8dd97f9b3b0245,eys,http://purl.obolibrary.org/obo/NCBITaxon_7227,http://www.ncbi.nlm.nih.gov/gene/3771890,-1.53265,1.43668e-08,OSD-207
https://purl.org/okn/frink/kg/spoke-genelab/node/OSD-207-ba2f9251efb7e9053a8dd97f9b3b0245,Rpn1,http://purl.obolibrary.org/obo/NCBITaxon_7227,http://www.ncbi.nlm.nih.gov/gene/40174,-1.16957,0.00559101,OSD-207
https://purl.org/okn/frink/kg/spoke-genelab/node/OSD-207-ba2f9251efb7e9053a8dd97f9b3b0245,CG33159,http://purl.obolibrary.org/obo/NCBITaxon_7227,http://www.ncbi.nlm.nih.gov/gene/318901,-1.05408,0.0359919,OSD-207
https://purl.org/okn/frink/kg/spoke-genelab/node/OSD-207-ba2f9251efb7e9053a8dd97f9b3b0245,CG18304,http://purl.obolibrary.org/obo/NCBITaxon_7227,http://www.ncbi.nlm.nih.gov/gene/33969,-1.19099,0.00148209,OSD-207
https://purl.org/okn/frink/kg/spoke-genelab/node/OSD-207-ba2f9251efb7e9053a8dd97f9b3b0245,CG14892,http://purl.obolibrary.org/obo/NCBITaxon_7227,http://www.ncbi.nlm.nih.gov/gene/42016,-1.15277,0.0242255,OSD-207
https://purl.org/okn/frink/kg/spoke-genelab/node/OSD-207-ba2f9251efb7e9053a8dd97f9b3b0245,CG5225,http://purl.obolibrary.org/obo/NCBITaxon_7227,http://www.ncbi.nlm.nih.gov/gene/42053,-5.70129,0.00390883,OSD-207
https://purl.org/okn/frink/kg/spoke-genelab/node/OSD-207-ba2f9251efb7e9053a8dd97f9b3b0245,CG8483,http://purl.obolibrary.org/obo/NCBITaxon_7227,http://www.ncbi.nlm.nih.gov/gene/41623,-2.89317,0.00075374,OSD-207
https://purl.org/okn/frink/kg/spoke-genelab/node/OSD-207-ba2f9251efb7e9053a8dd97f9b3b0245,CG5653,http://purl.obolibrary.org/obo/NCBITaxon_7227,http://www.ncbi.nlm.nih.gov/gene/39024,-1.72583,0.0012003,OSD-207
https://purl.org/okn/frink/kg/spoke-genelab/node/OSD-207-ba2f9251efb7e9053a8dd97f9b3b0245,CG5399,http://purl.obolibrary.org/obo/NCBITaxon_7227,http://www.ncbi.nlm.nih.gov/gene/41900,3.11372,0.0242984,OSD-207
https://purl.org/okn/frink/kg/spoke-genelab/node/OSD-207-ba2f9251efb7e9053a8dd97f9b3b0245,Cpr92F,http://purl.obolibrary.org/obo/NCBITaxon_7227,http://www.ncbi.nlm.nih.gov/gene/42450,-5.55574,1.59882e-05,OSD-207
https://purl.org/okn/frink/kg/spoke-genelab/node/OSD-207-ba2f9251efb7e9053a8dd97f9b3b0245,CG8907,http://purl.obolibrary.org/obo/NCBITaxon_7227,http://www.ncbi.nlm.nih.gov/gene/42050,2.28244,0.0239909,OSD-207
https://purl.org/okn/frink/kg/spoke-genelab/node/OSD-207-ba2f9251efb7e9053a8dd97f9b3b0245,Orct2,http://purl.obolibrary.org/obo/NCBITaxon_7227,http://www.ncbi.nlm.nih.gov/gene/42890,1.0716,0.000641898,OSD-207
https://purl.org/okn/frink/kg/spoke-genelab/node/OSD-207-ba2f9251efb7e9053a8dd97f9b3b0245,sut2,http://purl.obolibrary.org/obo/NCBITaxon_7227,http://www.ncbi.nlm.nih.gov/gene/44269,2.10992,0.00565917,OSD-207
https://purl.org/okn/frink/kg/spoke-genelab/node/OSD-207-ba2f9251efb7e9053a8dd97f9b3b0245,CG18180,http://purl.obolibrary.org/obo/NCBITaxon_7227,http://www.ncbi.nlm.nih.gov/gene/39125,5.49953,0.00573777,OSD-207
https://purl.org/okn/frink/kg/spoke-genelab/node/OSD-207-ba2f9251efb7e9053a8dd97f9b3b0245,CG13563,http://purl.obolibrary.org/obo/NCBITaxon_7227,http://www.ncbi.nlm.nih.gov/gene/37845,-1.98154,0.000714831,OSD-207
https://purl.org/okn/frink/kg/spoke-genelab/node/OSD-207-ba2f9251efb7e9053a8dd97f9b3b0245,CG6723,http://purl.obolibrary.org/obo/NCBITaxon_7227,http://www.ncbi.nlm.nih.gov/gene/41368,-1.3536,8.7789e-12,OSD-207
https://purl.org/okn/frink/kg/spoke-genelab/node/OSD-207-ba2f9251efb7e9053a8dd97f9b3b0245,CG13675,http://purl.obolibrary.org/obo/NCBITaxon_7227,http://www.ncbi.nlm.nih.gov/gene/38907,-5.01323,0.000317075,OSD-207
https://purl.org/okn/frink/kg/spoke-genelab/node/OSD-207-ba2f9251efb7e9053a8dd97f9b3b0245,CG7409,http://purl.obolibrary.org/obo/NCBITaxon_7227,http://www.ncbi.nlm.nih.gov/gene/38870,-1.05865,0.000390133,OSD-207
https://purl.org/okn/frink/kg/spoke-genelab/node/OSD-207-ba2f9251efb7e9053a8dd97f9b3b0245,CG17906,http://purl.obolibrary.org/obo/NCBITaxon_7227,http://www.ncbi.nlm.nih.gov/gene/34224,2.96633,0.0250699,OSD-207
https://purl.org/okn/frink/kg/spoke-genelab/node/OSD-207-ba2f9251efb7e9053a8dd97f9b3b0245,CG15021,http://purl.obolibrary.org/obo/NCBITaxon_7227,http://www.ncbi.nlm.nih.gov/gene/38546,-1.54843,0.00193612,OSD-207
https://purl.org/okn/frink/kg/spoke-genelab/node/OSD-207-ba2f9251efb7e9053a8dd97f9b3b0245,spz5,http://purl.obolibrary.org/obo/NCBITaxon_7227,http://www.ncbi.nlm.nih.gov/gene/38350,-1.17315,0.0186575,OSD-207
https://purl.org/okn/frink/kg/spoke-genelab/node/OSD-207-ba2f9251efb7e9053a8dd97f9b3b0245,CG34112,http://purl.obolibrary.org/obo/NCBITaxon_7227,http://www.ncbi.nlm.nih.gov/gene/4379842,1.47525,0.00980489,OSD-207
https://purl.org/okn/frink/kg/spoke-genelab/node/OSD-207-ba2f9251efb7e9053a8dd97f9b3b0245,Pex7,http://purl.obolibrary.org/obo/NCBITaxon_7227,http://www.ncbi.nlm.nih.gov/gene/38994,-1.22527,0.0269767,OSD-207
https://purl.org/okn/frink/kg/spoke-genelab/node/OSD-207-ba2f9251efb7e9053a8dd97f9b3b0245,CG1946,http://purl.obolibrary.org/obo/NCBITaxon_7227,http://www.ncbi.nlm.nih.gov/gene/35720,-3.51811,0.0431334,OSD-207
https://purl.org/okn/frink/kg/spoke-genelab/node/OSD-207-ba2f9251efb7e9053a8dd97f9b3b0245,CG14273,http://purl.obolibrary.org/obo/NCBITaxon_7227,http://www.ncbi.nlm.nih.gov/gene/34146,2.65945,0.0484631,OSD-207
https://purl.org/okn/frink/kg/spoke-genelab/node/OSD-207-ba2f9251efb7e9053a8dd97f9b3b0245,Swim,http://purl.obolibrary.org/obo/NCBITaxon_7227,http://www.ncbi.nlm.nih.gov/gene/37537,-2.06398,3.89532e-05,OSD-207
https://purl.org/okn/frink/kg/spoke-genelab/node/OSD-207-ba2f9251efb7e9053a8dd97f9b3b0245,CG12974,http://purl.obolibrary.org/obo/NCBITaxon_7227,http://www.ncbi.nlm.nih.gov/gene/40350,2.45161,0.00946977,OSD-207
https://purl.org/okn/frink/kg/spoke-genelab/node/OSD-207-ba2f9251efb7e9053a8dd97f9b3b0245,CG10073,http://purl.obolibrary.org/obo/NCBITaxon_7227,http://www.ncbi.nlm.nih.gov/gene/37225,2.25931,0.00829817,OSD-207
https://purl.org/okn/frink/kg/spoke-genelab/node/OSD-207-ba2f9251efb7e9053a8dd97f9b3b0245,Cpr76Bb,http://purl.obolibrary.org/obo/NCBITaxon_7227,http://www.ncbi.nlm.nih.gov/gene/40121,-5.47005,0.000261166,OSD-207
https://purl.org/okn/frink/kg/spoke-genelab/node/OSD-207-ba2f9251efb7e9053a8dd97f9b3b0245,Hpd,http://purl.obolibrary.org/obo/NCBITaxon_7227,http://www.ncbi.nlm.nih.gov/gene/40263,-1.65219,0.00280305,OSD-207
https://purl.org/okn/frink/kg/spoke-genelab/node/OSD-207-ba2f9251efb7e9053a8dd97f9b3b0245,caup,http://purl.obolibrary.org/obo/NCBITaxon_7227,http://www.ncbi.nlm.nih.gov/gene/39440,1.42083,0.0255658,OSD-207
https://purl.org/okn/frink/kg/spoke-genelab/node/OSD-207-ba2f9251efb7e9053a8dd97f9b3b0245,CG4000,http://purl.obolibrary.org/obo/NCBITaxon_7227,http://www.ncbi.nlm.nih.gov/gene/42451,-3.51629,4.16917e-07,OSD-207
https://purl.org/okn/frink/kg/spoke-genelab/node/OSD-207-ba2f9251efb7e9053a8dd97f9b3b0245,CG33474,http://purl.obolibrary.org/obo/NCBITaxon_7227,http://www.ncbi.nlm.nih.gov/gene/2768725,1.32592,0.00120178,OSD-207
https://purl.org/okn/frink/kg/spoke-genelab/node/OSD-207-ba2f9251efb7e9053a8dd97f9b3b0245,CG8419,http://purl.obolibrary.org/obo/NCBITaxon_7227,http://www.ncbi.nlm.nih.gov/gene/34118,-1.11858,8.68193e-07,OSD-207
https://purl.org/okn/frink/kg/spoke-genelab/node/OSD-207-ba2f9251efb7e9053a8dd97f9b3b0245,SecCl,http://purl.obolibrary.org/obo/NCBITaxon_7227,http://www.ncbi.nlm.nih.gov/gene/39949,1.58325,0.021273,OSD-207
https://purl.org/okn/frink/kg/spoke-genelab/node/OSD-207-ba2f9251efb7e9053a8dd97f9b3b0245,CG13731,http://purl.obolibrary.org/obo/NCBITaxon_7227,http://www.ncbi.nlm.nih.gov/gene/39938,-5.35612,0.00581101,OSD-207
https://purl.org/okn/frink/kg/spoke-genelab/node/OSD-207-ba2f9251efb7e9053a8dd97f9b3b0245,CG13026,http://purl.obolibrary.org/obo/NCBITaxon_7227,http://www.ncbi.nlm.nih.gov/gene/39868,-3.34918,9.8102e-05,OSD-207
https://purl.org/okn/frink/kg/spoke-genelab/node/OSD-207-ba2f9251efb7e9053a8dd97f9b3b0245,tfc,http://purl.obolibrary.org/obo/NCBITaxon_7227,http://www.ncbi.nlm.nih.gov/gene/38141,-1.46655,0.0119566,OSD-207
https://purl.org/okn/frink/kg/spoke-genelab/node/OSD-207-ba2f9251efb7e9053a8dd97f9b3b0245,CG12268,http://purl.obolibrary.org/obo/NCBITaxon_7227,http://www.ncbi.nlm.nih.gov/gene/42833,-1.03432,0.0117881,OSD-207
https://purl.org/okn/frink/kg/spoke-genelab/node/OSD-207-ba2f9251efb7e9053a8dd97f9b3b0245,slif,http://purl.obolibrary.org/obo/NCBITaxon_7227,http://www.ncbi.nlm.nih.gov/gene/40510,-1.05791,0.0165269,OSD-207
https://purl.org/okn/frink/kg/spoke-genelab/node/OSD-207-ba2f9251efb7e9053a8dd97f9b3b0245,CG32855,http://purl.obolibrary.org/obo/NCBITaxon_7227,http://www.ncbi.nlm.nih.gov/gene/318250,-1.09989,0.0190162,OSD-207
https://purl.org/okn/frink/kg/spoke-genelab/node/OSD-207-ba2f9251efb7e9053a8dd97f9b3b0245,CG13071,http://purl.obolibrary.org/obo/NCBITaxon_7227,http://www.ncbi.nlm.nih.gov/gene/39781,-4.42817,2.7143e-12,OSD-207
https://purl.org/okn/frink/kg/spoke-genelab/node/OSD-207-ba2f9251efb7e9053a8dd97f9b3b0245,mthl4,http://purl.obolibrary.org/obo/NCBITaxon_7227,http://www.ncbi.nlm.nih.gov/gene/36960,1.1428,0.00828999,OSD-207
https://purl.org/okn/frink/kg/spoke-genelab/node/OSD-207-ba2f9251efb7e9053a8dd97f9b3b0245,CG14664,http://purl.obolibrary.org/obo/NCBITaxon_7227,http://www.ncbi.nlm.nih.gov/gene/12798232,-3.80442,0.0106877,OSD-207
https://purl.org/okn/frink/kg/spoke-genelab/node/OSD-207-ba2f9251efb7e9053a8dd97f9b3b0245,CG13458,http://purl.obolibrary.org/obo/NCBITaxon_7227,http://www.ncbi.nlm.nih.gov/gene/39646,-1.7721,0.000404325,OSD-207
https://purl.org/okn/frink/kg/spoke-genelab/node/OSD-207-ba2f9251efb7e9053a8dd97f9b3b0245,CG13545,http://purl.obolibrary.org/obo/NCBITaxon_7227,http://www.ncbi.nlm.nih.gov/gene/37675,-6.02008,0.045937,OSD-207
https://purl.org/okn/frink/kg/spoke-genelab/node/OSD-207-ba2f9251efb7e9053a8dd97f9b3b0245,Skp2,http://purl.obolibrary.org/obo/NCBITaxon_7227,http://www.ncbi.nlm.nih.gov/gene/40548,2.8656,0.00389939,OSD-207
https://purl.org/okn/frink/kg/spoke-genelab/node/OSD-207-ba2f9251efb7e9053a8dd97f9b3b0245,CG3223,http://purl.obolibrary.org/obo/NCBITaxon_7227,http://www.ncbi.nlm.nih.gov/gene/40947,-1.78119,0.000727447,OSD-207
https://purl.org/okn/frink/kg/spoke-genelab/node/OSD-207-ba2f9251efb7e9053a8dd97f9b3b0245,CG9759,http://purl.obolibrary.org/obo/NCBITaxon_7227,http://www.ncbi.nlm.nih.gov/gene/41661,1.42333,0.0123205,OSD-207
https://purl.org/okn/frink/kg/spoke-genelab/node/OSD-207-ba2f9251efb7e9053a8dd97f9b3b0245,CG1544,http://purl.obolibrary.org/obo/NCBITaxon_7227,http://www.ncbi.nlm.nih.gov/gene/43689,1.04462,0.0156136,OSD-207
https://purl.org/okn/frink/kg/spoke-genelab/node/OSD-207-ba2f9251efb7e9053a8dd97f9b3b0245,tut,http://purl.obolibrary.org/obo/NCBITaxon_7227,http://www.ncbi.nlm.nih.gov/gene/317996,1.21719,0.0036749,OSD-207
https://purl.org/okn/frink/kg/spoke-genelab/node/OSD-207-ba2f9251efb7e9053a8dd97f9b3b0245,CG7953,http://purl.obolibrary.org/obo/NCBITaxon_7227,http://www.ncbi.nlm.nih.gov/gene/34801,4.71649,0.00187009,OSD-207
https://purl.org/okn/frink/kg/spoke-genelab/node/OSD-207-ba2f9251efb7e9053a8dd97f9b3b0245,CG9737,http://purl.obolibrary.org/obo/NCBITaxon_7227,http://www.ncbi.nlm.nih.gov/gene/43600,-3.40662,0.0307465,OSD-207
https://purl.org/okn/frink/kg/spoke-genelab/node/OSD-207-ba2f9251efb7e9053a8dd97f9b3b0245,CG7179,http://purl.obolibrary.org/obo/NCBITaxon_7227,http://www.ncbi.nlm.nih.gov/gene/34059,5.18811,0.0229858,OSD-207
https://purl.org/okn/frink/kg/spoke-genelab/node/OSD-207-ba2f9251efb7e9053a8dd97f9b3b0245,CG9485,http://purl.obolibrary.org/obo/NCBITaxon_7227,http://www.ncbi.nlm.nih.gov/gene/37435,-1.66122,9.65052e-05,OSD-207
https://purl.org/okn/frink/kg/spoke-genelab/node/OSD-207-ba2f9251efb7e9053a8dd97f9b3b0245,CG14280,http://purl.obolibrary.org/obo/NCBITaxon_7227,http://www.ncbi.nlm.nih.gov/gene/42312,-1.67899,0.0381628,OSD-207
https://purl.org/okn/frink/kg/spoke-genelab/node/OSD-207-ba2f9251efb7e9053a8dd97f9b3b0245,CG15515,http://purl.obolibrary.org/obo/NCBITaxon_7227,http://www.ncbi.nlm.nih.gov/gene/43538,-1.94522,0.00287054,OSD-207
https://purl.org/okn/frink/kg/spoke-genelab/node/OSD-207-ba2f9251efb7e9053a8dd97f9b3b0245,Obp99b,http://purl.obolibrary.org/obo/NCBITaxon_7227,http://www.ncbi.nlm.nih.gov/gene/43497,-3.37267,0.00275421,OSD-207
https://purl.org/okn/frink/kg/spoke-genelab/node/OSD-207-ba2f9251efb7e9053a8dd97f9b3b0245,apolpp,http://purl.obolibrary.org/obo/NCBITaxon_7227,http://www.ncbi.nlm.nih.gov/gene/43827,1.49215,3.66547e-05,OSD-207
https://purl.org/okn/frink/kg/spoke-genelab/node/OSD-207-ba2f9251efb7e9053a8dd97f9b3b0245,Sox100B,http://purl.obolibrary.org/obo/NCBITaxon_7227,http://www.ncbi.nlm.nih.gov/gene/45039,1.44445,0.0450611,OSD-207
https://purl.org/okn/frink/kg/spoke-genelab/node/OSD-207-ba2f9251efb7e9053a8dd97f9b3b0245,CG34247,http://purl.obolibrary.org/obo/NCBITaxon_7227,http://www.ncbi.nlm.nih.gov/gene/5740480,-2.87572,0.012428,OSD-207
https://purl.org/okn/frink/kg/spoke-genelab/node/OSD-207-ba2f9251efb7e9053a8dd97f9b3b0245,Gas8,http://purl.obolibrary.org/obo/NCBITaxon_7227,http://www.ncbi.nlm.nih.gov/gene/31321,1.17439,0.0375429,OSD-207
https://purl.org/okn/frink/kg/spoke-genelab/node/OSD-207-ba2f9251efb7e9053a8dd97f9b3b0245,TM4SF,http://purl.obolibrary.org/obo/NCBITaxon_7227,http://www.ncbi.nlm.nih.gov/gene/37786,-1.49846,7.26434e-09,OSD-207
https://purl.org/okn/frink/kg/spoke-genelab/node/OSD-207-ba2f9251efb7e9053a8dd97f9b3b0245,Acp65Aa,http://purl.obolibrary.org/obo/NCBITaxon_7227,http://www.ncbi.nlm.nih.gov/gene/38710,-2.43032,0.0212569,OSD-207
https://purl.org/okn/frink/kg/spoke-genelab/node/OSD-207-ba2f9251efb7e9053a8dd97f9b3b0245,ppk20,http://purl.obolibrary.org/obo/NCBITaxon_7227,http://www.ncbi.nlm.nih.gov/gene/43486,2.6796,0.0227683,OSD-207
https://purl.org/okn/frink/kg/spoke-genelab/node/OSD-207-ba2f9251efb7e9053a8dd97f9b3b0245,Oxp,http://purl.obolibrary.org/obo/NCBITaxon_7227,http://www.ncbi.nlm.nih.gov/gene/37002,1.85295,2.70194e-06,OSD-207
https://purl.org/okn/frink/kg/spoke-genelab/node/OSD-207-ba2f9251efb7e9053a8dd97f9b3b0245,CG12493,http://purl.obolibrary.org/obo/NCBITaxon_7227,http://www.ncbi.nlm.nih.gov/gene/38575,3.12995,0.0487321,OSD-207
https://purl.org/okn/frink/kg/spoke-genelab/node/OSD-207-ba2f9251efb7e9053a8dd97f9b3b0245,CG13168,http://purl.obolibrary.org/obo/NCBITaxon_7227,http://www.ncbi.nlm.nih.gov/gene/36327,-1.86753,0.00309971,OSD-207
https://purl.org/okn/frink/kg/spoke-genelab/node/OSD-207-ba2f9251efb7e9053a8dd97f9b3b0245,lncRNA:CR32160,http://purl.obolibrary.org/obo/NCBITaxon_7227,http://www.ncbi.nlm.nih.gov/gene/12797918,-5.21285,0.0113593,OSD-207
https://purl.org/okn/frink/kg/spoke-genelab/node/OSD-207-ba2f9251efb7e9053a8dd97f9b3b0245,CG9934,http://purl.obolibrary.org/obo/NCBITaxon_7227,http://www.ncbi.nlm.nih.gov/gene/34699,-1.86895,0.000145576,OSD-207
https://purl.org/okn/frink/kg/spoke-genelab/node/OSD-207-ba2f9251efb7e9053a8dd97f9b3b0245,CG14961,http://purl.obolibrary.org/obo/NCBITaxon_7227,http://www.ncbi.nlm.nih.gov/gene/38414,-1.45074,0.0417927,OSD-207
https://purl.org/okn/frink/kg/spoke-genelab/node/OSD-207-ba2f9251efb7e9053a8dd97f9b3b0245,sit,http://purl.obolibrary.org/obo/NCBITaxon_7227,http://www.ncbi.nlm.nih.gov/gene/42658,-1.72715,0.0448178,OSD-207
https://purl.org/okn/frink/kg/spoke-genelab/node/OSD-207-ba2f9251efb7e9053a8dd97f9b3b0245,dve,http://purl.obolibrary.org/obo/NCBITaxon_7227,http://www.ncbi.nlm.nih.gov/gene/37546,1.03521,0.00211341,OSD-207
https://purl.org/okn/frink/kg/spoke-genelab/node/OSD-207-ba2f9251efb7e9053a8dd97f9b3b0245,Kal1,http://purl.obolibrary.org/obo/NCBITaxon_7227,http://www.ncbi.nlm.nih.gov/gene/42865,-1.3789,3.70521e-05,OSD-207
https://purl.org/okn/frink/kg/spoke-genelab/node/OSD-207-ba2f9251efb7e9053a8dd97f9b3b0245,SoYb,http://purl.obolibrary.org/obo/NCBITaxon_7227,http://www.ncbi.nlm.nih.gov/gene/34331,1.01351,0.000616429,OSD-207
https://purl.org/okn/frink/kg/spoke-genelab/node/OSD-207-ba2f9251efb7e9053a8dd97f9b3b0245,Prx2540-2,http://purl.obolibrary.org/obo/NCBITaxon_7227,http://www.ncbi.nlm.nih.gov/gene/36098,-1.48566,0.0344973,OSD-207
https://purl.org/okn/frink/kg/spoke-genelab/node/OSD-207-ba2f9251efb7e9053a8dd97f9b3b0245,CG15545,http://purl.obolibrary.org/obo/NCBITaxon_7227,http://www.ncbi.nlm.nih.gov/gene/43658,-2.05436,0.00140901,OSD-207
https://purl.org/okn/frink/kg/spoke-genelab/node/OSD-207-ba2f9251efb7e9053a8dd97f9b3b0245,CG18745,http://purl.obolibrary.org/obo/NCBITaxon_7227,http://www.ncbi.nlm.nih.gov/gene/59141,4.3947,0.0250527,OSD-207
https://purl.org/okn/frink/kg/spoke-genelab/node/OSD-207-ba2f9251efb7e9053a8dd97f9b3b0245,tum,http://purl.obolibrary.org/obo/NCBITaxon_7227,http://www.ncbi.nlm.nih.gov/gene/36538,-1.0546,0.0186234,OSD-207
https://purl.org/okn/frink/kg/spoke-genelab/node/OSD-207-ba2f9251efb7e9053a8dd97f9b3b0245,P5CDh2,http://purl.obolibrary.org/obo/NCBITaxon_7227,http://www.ncbi.nlm.nih.gov/gene/32625,2.9048,0.00203969,OSD-207
https://purl.org/okn/frink/kg/spoke-genelab/node/OSD-207-ba2f9251efb7e9053a8dd97f9b3b0245,Faa,http://purl.obolibrary.org/obo/NCBITaxon_7227,http://www.ncbi.nlm.nih.gov/gene/45577,-1.00734,0.00424635,OSD-207
https://purl.org/okn/frink/kg/spoke-genelab/node/OSD-207-ba2f9251efb7e9053a8dd97f9b3b0245,CG15097,http://purl.obolibrary.org/obo/NCBITaxon_7227,http://www.ncbi.nlm.nih.gov/gene/37172,-1.0105,2.24934e-09,OSD-207
https://purl.org/okn/frink/kg/spoke-genelab/node/OSD-207-ba2f9251efb7e9053a8dd97f9b3b0245,tej,http://purl.obolibrary.org/obo/NCBITaxon_7227,http://www.ncbi.nlm.nih.gov/gene/36590,-2.01987,0.0288908,OSD-207
https://purl.org/okn/frink/kg/spoke-genelab/node/OSD-207-ba2f9251efb7e9053a8dd97f9b3b0245,Traf-like,http://purl.obolibrary.org/obo/NCBITaxon_7227,http://www.ncbi.nlm.nih.gov/gene/32611,1.76373,0.0153412,OSD-207
https://purl.org/okn/frink/kg/spoke-genelab/node/OSD-207-ba2f9251efb7e9053a8dd97f9b3b0245,Rpt2,http://purl.obolibrary.org/obo/NCBITaxon_7227,http://www.ncbi.nlm.nih.gov/gene/42828,-1.12099,0.00246174,OSD-207
https://purl.org/okn/frink/kg/spoke-genelab/node/OSD-207-ba2f9251efb7e9053a8dd97f9b3b0245,Ugt305A1,http://purl.obolibrary.org/obo/NCBITaxon_7227,http://www.ncbi.nlm.nih.gov/gene/59217,1.50911,0.0431334,OSD-207
https://purl.org/okn/frink/kg/spoke-genelab/node/OSD-207-ba2f9251efb7e9053a8dd97f9b3b0245,CG9657,http://purl.obolibrary.org/obo/NCBITaxon_7227,http://www.ncbi.nlm.nih.gov/gene/31674,-1.17047,0.00265065,OSD-207
https://purl.org/okn/frink/kg/spoke-genelab/node/OSD-207-ba2f9251efb7e9053a8dd97f9b3b0245,CG10005,http://purl.obolibrary.org/obo/NCBITaxon_7227,http://www.ncbi.nlm.nih.gov/gene/41451,-1.88832,0.0301981,OSD-207
https://purl.org/okn/frink/kg/spoke-genelab/node/OSD-207-ba2f9251efb7e9053a8dd97f9b3b0245,AGO3,http://purl.obolibrary.org/obo/NCBITaxon_7227,http://www.ncbi.nlm.nih.gov/gene/3355150,1.23177,0.0209376,OSD-207
https://purl.org/okn/frink/kg/spoke-genelab/node/OSD-207-ba2f9251efb7e9053a8dd97f9b3b0245,CG3679,http://purl.obolibrary.org/obo/NCBITaxon_7227,http://www.ncbi.nlm.nih.gov/gene/32591,1.45321,0.0484018,OSD-207
https://purl.org/okn/frink/kg/spoke-genelab/node/OSD-207-ba2f9251efb7e9053a8dd97f9b3b0245,CG6980,http://purl.obolibrary.org/obo/NCBITaxon_7227,http://www.ncbi.nlm.nih.gov/gene/42955,-2.72661,0.0177063,OSD-207
https://purl.org/okn/frink/kg/spoke-genelab/node/OSD-207-ba2f9251efb7e9053a8dd97f9b3b0245,CG30289,http://purl.obolibrary.org/obo/NCBITaxon_7227,http://www.ncbi.nlm.nih.gov/gene/246532,1.60882,0.0228094,OSD-207
https://purl.org/okn/frink/kg/spoke-genelab/node/OSD-207-ba2f9251efb7e9053a8dd97f9b3b0245,CG5096,http://purl.obolibrary.org/obo/NCBITaxon_7227,http://www.ncbi.nlm.nih.gov/gene/34410,2.09098,0.00696262,OSD-207
https://purl.org/okn/frink/kg/spoke-genelab/node/OSD-207-ba2f9251efb7e9053a8dd97f9b3b0245,Tsp2A,http://purl.obolibrary.org/obo/NCBITaxon_7227,http://www.ncbi.nlm.nih.gov/gene/31080,2.27906,0.0307465,OSD-207
https://purl.org/okn/frink/kg/spoke-genelab/node/OSD-207-ba2f9251efb7e9053a8dd97f9b3b0245,Scp1,http://purl.obolibrary.org/obo/NCBITaxon_7227,http://www.ncbi.nlm.nih.gov/gene/3355102,-3.28627,0.000791603,OSD-207
https://purl.org/okn/frink/kg/spoke-genelab/node/OSD-207-ba2f9251efb7e9053a8dd97f9b3b0245,Poc1,http://purl.obolibrary.org/obo/NCBITaxon_7227,http://www.ncbi.nlm.nih.gov/gene/39502,1.17818,0.0222293,OSD-207
https://purl.org/okn/frink/kg/spoke-genelab/node/OSD-207-ba2f9251efb7e9053a8dd97f9b3b0245,CNMa,http://purl.obolibrary.org/obo/NCBITaxon_7227,http://www.ncbi.nlm.nih.gov/gene/38242,1.7843,0.000137297,OSD-207
https://purl.org/okn/frink/kg/spoke-genelab/node/OSD-207-ba2f9251efb7e9053a8dd97f9b3b0245,CG31465,http://purl.obolibrary.org/obo/NCBITaxon_7227,http://www.ncbi.nlm.nih.gov/gene/42577,2.71203,0.0194138,OSD-207
https://purl.org/okn/frink/kg/spoke-genelab/node/OSD-207-ba2f9251efb7e9053a8dd97f9b3b0245,Rpn7,http://purl.obolibrary.org/obo/NCBITaxon_7227,http://www.ncbi.nlm.nih.gov/gene/42641,-1.14732,0.00344277,OSD-207
https://purl.org/okn/frink/kg/spoke-genelab/node/OSD-207-ba2f9251efb7e9053a8dd97f9b3b0245,Rpn2,http://purl.obolibrary.org/obo/NCBITaxon_7227,http://www.ncbi.nlm.nih.gov/gene/43449,-1.23111,0.00442571,OSD-207
https://purl.org/okn/frink/kg/spoke-genelab/node/OSD-207-ba2f9251efb7e9053a8dd97f9b3b0245,CG8407,http://purl.obolibrary.org/obo/NCBITaxon_7227,http://www.ncbi.nlm.nih.gov/gene/36303,-1.24271,0.028751,OSD-207
https://purl.org/okn/frink/kg/spoke-genelab/node/OSD-207-ba2f9251efb7e9053a8dd97f9b3b0245,Mct1,http://purl.obolibrary.org/obo/NCBITaxon_7227,http://www.ncbi.nlm.nih.gov/gene/31198,-1.68213,0.00661305,OSD-207
https://purl.org/okn/frink/kg/spoke-genelab/node/OSD-207-ba2f9251efb7e9053a8dd97f9b3b0245,CG7544,http://purl.obolibrary.org/obo/NCBITaxon_7227,http://www.ncbi.nlm.nih.gov/gene/36680,1.06257,3.64061e-05,OSD-207
https://purl.org/okn/frink/kg/spoke-genelab/node/OSD-207-ba2f9251efb7e9053a8dd97f9b3b0245,CG3347,http://purl.obolibrary.org/obo/NCBITaxon_7227,http://www.ncbi.nlm.nih.gov/gene/33538,3.88397,0.0217953,OSD-207
https://purl.org/okn/frink/kg/spoke-genelab/node/OSD-207-ba2f9251efb7e9053a8dd97f9b3b0245,CG32037,http://purl.obolibrary.org/obo/NCBITaxon_7227,http://www.ncbi.nlm.nih.gov/gene/326183,-1.42447,0.00187009,OSD-207
https://purl.org/okn/frink/kg/spoke-genelab/node/OSD-207-ba2f9251efb7e9053a8dd97f9b3b0245,CG1246,http://purl.obolibrary.org/obo/NCBITaxon_7227,http://www.ncbi.nlm.nih.gov/gene/38330,5.10264,5.77059e-06,OSD-207
https://purl.org/okn/frink/kg/spoke-genelab/node/OSD-207-ba2f9251efb7e9053a8dd97f9b3b0245,Lip3,http://purl.obolibrary.org/obo/NCBITaxon_7227,http://www.ncbi.nlm.nih.gov/gene/41643,1.36684,0.0207141,OSD-207
https://purl.org/okn/frink/kg/spoke-genelab/node/OSD-207-ba2f9251efb7e9053a8dd97f9b3b0245,CG12607,http://purl.obolibrary.org/obo/NCBITaxon_7227,http://www.ncbi.nlm.nih.gov/gene/38547,-6.58461,0.00431409,OSD-207
https://purl.org/okn/frink/kg/spoke-genelab/node/OSD-207-ba2f9251efb7e9053a8dd97f9b3b0245,CG10650,http://purl.obolibrary.org/obo/NCBITaxon_7227,http://www.ncbi.nlm.nih.gov/gene/35162,1.9353,0.0194138,OSD-207
https://purl.org/okn/frink/kg/spoke-genelab/node/OSD-207-ba2f9251efb7e9053a8dd97f9b3b0245,CG30395,http://purl.obolibrary.org/obo/NCBITaxon_7227,http://www.ncbi.nlm.nih.gov/gene/246589,-2.96552,0.0126823,OSD-207
https://purl.org/okn/frink/kg/spoke-genelab/node/OSD-207-ba2f9251efb7e9053a8dd97f9b3b0245,Nnf1b,http://purl.obolibrary.org/obo/NCBITaxon_7227,http://www.ncbi.nlm.nih.gov/gene/318874,1.0988,0.0291608,OSD-207
https://purl.org/okn/frink/kg/spoke-genelab/node/OSD-207-ba2f9251efb7e9053a8dd97f9b3b0245,sip2,http://purl.obolibrary.org/obo/NCBITaxon_7227,http://www.ncbi.nlm.nih.gov/gene/33979,3.17407,0.00370285,OSD-207
https://purl.org/okn/frink/kg/spoke-genelab/node/OSD-207-ba2f9251efb7e9053a8dd97f9b3b0245,Cpr49Af,http://purl.obolibrary.org/obo/NCBITaxon_7227,http://www.ncbi.nlm.nih.gov/gene/36352,-2.83692,0.00440821,OSD-207
https://purl.org/okn/frink/kg/spoke-genelab/node/OSD-207-ba2f9251efb7e9053a8dd97f9b3b0245,CG6333,http://purl.obolibrary.org/obo/NCBITaxon_7227,http://www.ncbi.nlm.nih.gov/gene/39953,1.01236,0.0465605,OSD-207
https://purl.org/okn/frink/kg/spoke-genelab/node/OSD-207-ba2f9251efb7e9053a8dd97f9b3b0245,CG3880,http://purl.obolibrary.org/obo/NCBITaxon_7227,http://www.ncbi.nlm.nih.gov/gene/37957,-4.33043,0.00392032,OSD-207
https://purl.org/okn/frink/kg/spoke-genelab/node/OSD-207-ba2f9251efb7e9053a8dd97f9b3b0245,Desi,http://purl.obolibrary.org/obo/NCBITaxon_7227,http://www.ncbi.nlm.nih.gov/gene/41292,-2.12678,0.0151069,OSD-207
https://purl.org/okn/frink/kg/spoke-genelab/node/OSD-207-ba2f9251efb7e9053a8dd97f9b3b0245,CG30001,http://purl.obolibrary.org/obo/NCBITaxon_7227,http://www.ncbi.nlm.nih.gov/gene/246383,1.2249,0.0279178,OSD-207
https://purl.org/okn/frink/kg/spoke-genelab/node/OSD-207-ba2f9251efb7e9053a8dd97f9b3b0245,SmydA-2,http://purl.obolibrary.org/obo/NCBITaxon_7227,http://www.ncbi.nlm.nih.gov/gene/40075,-2.08373,4.57335e-06,OSD-207
https://purl.org/okn/frink/kg/spoke-genelab/node/OSD-207-ba2f9251efb7e9053a8dd97f9b3b0245,CG2444,http://purl.obolibrary.org/obo/NCBITaxon_7227,http://www.ncbi.nlm.nih.gov/gene/32121,-5.10591,7.3651e-07,OSD-207
https://purl.org/okn/frink/kg/spoke-genelab/node/OSD-207-ba2f9251efb7e9053a8dd97f9b3b0245,CG34288,http://purl.obolibrary.org/obo/NCBITaxon_7227,http://www.ncbi.nlm.nih.gov/gene/5740644,2.85033,0.00817773,OSD-207
https://purl.org/okn/frink/kg/spoke-genelab/node/OSD-207-ba2f9251efb7e9053a8dd97f9b3b0245,ATPsynbetaL,http://purl.obolibrary.org/obo/NCBITaxon_7227,http://www.ncbi.nlm.nih.gov/gene/39761,-4.33711,0.0151177,OSD-207
https://purl.org/okn/frink/kg/spoke-genelab/node/OSD-207-ba2f9251efb7e9053a8dd97f9b3b0245,CG6048,http://purl.obolibrary.org/obo/NCBITaxon_7227,http://www.ncbi.nlm.nih.gov/gene/31528,5.73305,0.000916993,OSD-207
https://purl.org/okn/frink/kg/spoke-genelab/node/OSD-207-ba2f9251efb7e9053a8dd97f9b3b0245,CG4210,http://purl.obolibrary.org/obo/NCBITaxon_7227,http://www.ncbi.nlm.nih.gov/gene/41832,2.8439,0.0201424,OSD-207
https://purl.org/okn/frink/kg/spoke-genelab/node/OSD-207-ba2f9251efb7e9053a8dd97f9b3b0245,CG14963,http://purl.obolibrary.org/obo/NCBITaxon_7227,http://www.ncbi.nlm.nih.gov/gene/38383,-2.83548,0.0188489,OSD-207
https://purl.org/okn/frink/kg/spoke-genelab/node/OSD-207-ba2f9251efb7e9053a8dd97f9b3b0245,CG4712,http://purl.obolibrary.org/obo/NCBITaxon_7227,http://www.ncbi.nlm.nih.gov/gene/36469,2.45388,0.0386886,OSD-207
https://purl.org/okn/frink/kg/spoke-genelab/node/OSD-207-ba2f9251efb7e9053a8dd97f9b3b0245,CG13869,http://purl.obolibrary.org/obo/NCBITaxon_7227,http://www.ncbi.nlm.nih.gov/gene/37283,-1.68378,0.00426674,OSD-207
https://purl.org/okn/frink/kg/spoke-genelab/node/OSD-207-ba2f9251efb7e9053a8dd97f9b3b0245,Cyp4c3,http://purl.obolibrary.org/obo/NCBITaxon_7227,http://www.ncbi.nlm.nih.gov/gene/43663,-1.71144,0.000140877,OSD-207
https://purl.org/okn/frink/kg/spoke-genelab/node/OSD-207-ba2f9251efb7e9053a8dd97f9b3b0245,Osi5,http://purl.obolibrary.org/obo/NCBITaxon_7227,http://www.ncbi.nlm.nih.gov/gene/40759,2.12612,0.00285252,OSD-207
https://purl.org/okn/frink/kg/spoke-genelab/node/OSD-207-ba2f9251efb7e9053a8dd97f9b3b0245,CG1979,http://purl.obolibrary.org/obo/NCBITaxon_7227,http://www.ncbi.nlm.nih.gov/gene/40837,2.49743,0.000622286,OSD-207
https://purl.org/okn/frink/kg/spoke-genelab/node/OSD-207-ba2f9251efb7e9053a8dd97f9b3b0245,CG10405,http://purl.obolibrary.org/obo/NCBITaxon_7227,http://www.ncbi.nlm.nih.gov/gene/41996,4.19721,0.0242255,OSD-207
https://purl.org/okn/frink/kg/spoke-genelab/node/OSD-207-ba2f9251efb7e9053a8dd97f9b3b0245,CG13332,http://purl.obolibrary.org/obo/NCBITaxon_7227,http://www.ncbi.nlm.nih.gov/gene/36504,1.18179,0.0151069,OSD-207
https://purl.org/okn/frink/kg/spoke-genelab/node/OSD-207-ba2f9251efb7e9053a8dd97f9b3b0245,CG34386,http://purl.obolibrary.org/obo/NCBITaxon_7227,http://www.ncbi.nlm.nih.gov/gene/5740303,-1.48418,0.0497389,OSD-207
https://purl.org/okn/frink/kg/spoke-genelab/node/OSD-207-ba2f9251efb7e9053a8dd97f9b3b0245,CG6985,http://purl.obolibrary.org/obo/NCBITaxon_7227,http://www.ncbi.nlm.nih.gov/gene/42694,1.50324,0.000128829,OSD-207
https://purl.org/okn/frink/kg/spoke-genelab/node/OSD-207-ba2f9251efb7e9053a8dd97f9b3b0245,CG17005,http://purl.obolibrary.org/obo/NCBITaxon_7227,http://www.ncbi.nlm.nih.gov/gene/34249,-2.82475,3.40002e-06,OSD-207
https://purl.org/okn/frink/kg/spoke-genelab/node/OSD-207-ba2f9251efb7e9053a8dd97f9b3b0245,CG12934,http://purl.obolibrary.org/obo/NCBITaxon_7227,http://www.ncbi.nlm.nih.gov/gene/36124,4.39812,0.0120986,OSD-207
https://purl.org/okn/frink/kg/spoke-genelab/node/OSD-207-ba2f9251efb7e9053a8dd97f9b3b0245,Cyp305a1,http://purl.obolibrary.org/obo/NCBITaxon_7227,http://www.ncbi.nlm.nih.gov/gene/40161,-1.34557,0.00170991,OSD-207
https://purl.org/okn/frink/kg/spoke-genelab/node/OSD-207-ba2f9251efb7e9053a8dd97f9b3b0245,CG11159,http://purl.obolibrary.org/obo/NCBITaxon_7227,http://www.ncbi.nlm.nih.gov/gene/37341,-3.17223,0.0250527,OSD-207
https://purl.org/okn/frink/kg/spoke-genelab/node/OSD-207-ba2f9251efb7e9053a8dd97f9b3b0245,CG15824,http://purl.obolibrary.org/obo/NCBITaxon_7227,http://www.ncbi.nlm.nih.gov/gene/33272,1.81476,0.00301652,OSD-207
https://purl.org/okn/frink/kg/spoke-genelab/node/OSD-207-ba2f9251efb7e9053a8dd97f9b3b0245,CG11263,http://purl.obolibrary.org/obo/NCBITaxon_7227,http://www.ncbi.nlm.nih.gov/gene/39472,1.27985,0.0332239,OSD-207
https://purl.org/okn/frink/kg/spoke-genelab/node/OSD-207-ba2f9251efb7e9053a8dd97f9b3b0245,CG7329,http://purl.obolibrary.org/obo/NCBITaxon_7227,http://www.ncbi.nlm.nih.gov/gene/34457,-6.13208,3.96184e-06,OSD-207
https://purl.org/okn/frink/kg/spoke-genelab/node/OSD-207-ba2f9251efb7e9053a8dd97f9b3b0245,Tsp29Fa,http://purl.obolibrary.org/obo/NCBITaxon_7227,http://www.ncbi.nlm.nih.gov/gene/34211,1.49964,0.0123205,OSD-207
https://purl.org/okn/frink/kg/spoke-genelab/node/OSD-207-ba2f9251efb7e9053a8dd97f9b3b0245,Apoltp,http://purl.obolibrary.org/obo/NCBITaxon_7227,http://www.ncbi.nlm.nih.gov/gene/34283,1.10323,0.00111594,OSD-207
https://purl.org/okn/frink/kg/spoke-genelab/node/OSD-207-ba2f9251efb7e9053a8dd97f9b3b0245,nrv2,http://purl.obolibrary.org/obo/NCBITaxon_7227,http://www.ncbi.nlm.nih.gov/gene/33953,-1.08102,4.57335e-06,OSD-207
https://purl.org/okn/frink/kg/spoke-genelab/node/OSD-207-ba2f9251efb7e9053a8dd97f9b3b0245,dah,http://purl.obolibrary.org/obo/NCBITaxon_7227,http://www.ncbi.nlm.nih.gov/gene/32459,2.48745,0.00897402,OSD-207
https://purl.org/okn/frink/kg/spoke-genelab/node/OSD-207-ba2f9251efb7e9053a8dd97f9b3b0245,CG10801,http://purl.obolibrary.org/obo/NCBITaxon_7227,http://www.ncbi.nlm.nih.gov/gene/31314,-3.96523,0.022701,OSD-207
https://purl.org/okn/frink/kg/spoke-genelab/node/OSD-207-ba2f9251efb7e9053a8dd97f9b3b0245,Obp99a,http://purl.obolibrary.org/obo/NCBITaxon_7227,http://www.ncbi.nlm.nih.gov/gene/43488,2.95487,0.00741501,OSD-207
https://purl.org/okn/frink/kg/spoke-genelab/node/OSD-207-ba2f9251efb7e9053a8dd97f9b3b0245,Spn43Aa,http://purl.obolibrary.org/obo/NCBITaxon_7227,http://www.ncbi.nlm.nih.gov/gene/45041,-3.0352,0.00159917,OSD-207
https://purl.org/okn/frink/kg/spoke-genelab/node/OSD-207-ba2f9251efb7e9053a8dd97f9b3b0245,Trf4-2,http://purl.obolibrary.org/obo/NCBITaxon_7227,http://www.ncbi.nlm.nih.gov/gene/42983,2.81517,0.0150201,OSD-207
https://purl.org/okn/frink/kg/spoke-genelab/node/OSD-207-ba2f9251efb7e9053a8dd97f9b3b0245,Arpc3B,http://purl.obolibrary.org/obo/NCBITaxon_7227,http://www.ncbi.nlm.nih.gov/gene/32696,1.53601,0.0252112,OSD-207
https://purl.org/okn/frink/kg/spoke-genelab/node/OSD-207-ba2f9251efb7e9053a8dd97f9b3b0245,vis,http://purl.obolibrary.org/obo/NCBITaxon_7227,http://www.ncbi.nlm.nih.gov/gene/36372,1.28182,0.0170083,OSD-207
https://purl.org/okn/frink/kg/spoke-genelab/node/OSD-207-ba2f9251efb7e9053a8dd97f9b3b0245,CG12206,http://purl.obolibrary.org/obo/NCBITaxon_7227,http://www.ncbi.nlm.nih.gov/gene/31316,-5.30837,0.000108875,OSD-207
https://purl.org/okn/frink/kg/spoke-genelab/node/OSD-207-ba2f9251efb7e9053a8dd97f9b3b0245,Cht2,http://purl.obolibrary.org/obo/NCBITaxon_7227,http://www.ncbi.nlm.nih.gov/gene/38223,-1.27816,0.0284868,OSD-207
https://purl.org/okn/frink/kg/spoke-genelab/node/OSD-207-ba2f9251efb7e9053a8dd97f9b3b0245,CG32726,http://purl.obolibrary.org/obo/NCBITaxon_7227,http://www.ncbi.nlm.nih.gov/gene/318175,1.10006,0.000220046,OSD-207
https://purl.org/okn/frink/kg/spoke-genelab/node/OSD-207-ba2f9251efb7e9053a8dd97f9b3b0245,CG6891,http://purl.obolibrary.org/obo/NCBITaxon_7227,http://www.ncbi.nlm.nih.gov/gene/32865,-2.68491,0.00103672,OSD-207
https://purl.org/okn/frink/kg/spoke-genelab/node/OSD-207-ba2f9251efb7e9053a8dd97f9b3b0245,CG18095,http://purl.obolibrary.org/obo/NCBITaxon_7227,http://www.ncbi.nlm.nih.gov/gene/34823,-3.63822,0.0375998,OSD-207
https://purl.org/okn/frink/kg/spoke-genelab/node/OSD-207-ba2f9251efb7e9053a8dd97f9b3b0245,CG14780,http://purl.obolibrary.org/obo/NCBITaxon_7227,http://www.ncbi.nlm.nih.gov/gene/31102,2.55782,0.0417295,OSD-207
https://purl.org/okn/frink/kg/spoke-genelab/node/OSD-207-ba2f9251efb7e9053a8dd97f9b3b0245,CG14625,http://purl.obolibrary.org/obo/NCBITaxon_7227,http://www.ncbi.nlm.nih.gov/gene/31066,-1.21037,0.0368404,OSD-207
https://purl.org/okn/frink/kg/spoke-genelab/node/OSD-207-ba2f9251efb7e9053a8dd97f9b3b0245,Rpn10,http://purl.obolibrary.org/obo/NCBITaxon_7227,http://www.ncbi.nlm.nih.gov/gene/40388,-1.17843,0.00647497,OSD-207
https://purl.org/okn/frink/kg/spoke-genelab/node/OSD-207-ba2f9251efb7e9053a8dd97f9b3b0245,CG12256,http://purl.obolibrary.org/obo/NCBITaxon_7227,http://www.ncbi.nlm.nih.gov/gene/14462452,2.2404,0.00954024,OSD-207
https://purl.org/okn/frink/kg/spoke-genelab/node/OSD-207-ba2f9251efb7e9053a8dd97f9b3b0245,Rpt6R,http://purl.obolibrary.org/obo/NCBITaxon_7227,http://www.ncbi.nlm.nih.gov/gene/43635,-5.8867,6.19677e-05,OSD-207
https://purl.org/okn/frink/kg/spoke-genelab/node/OSD-207-ba2f9251efb7e9053a8dd97f9b3b0245,CG1628,http://purl.obolibrary.org/obo/NCBITaxon_7227,http://www.ncbi.nlm.nih.gov/gene/31990,1.38149,0.0250527,OSD-207
https://purl.org/okn/frink/kg/spoke-genelab/node/OSD-207-ba2f9251efb7e9053a8dd97f9b3b0245,scpr-C,http://purl.obolibrary.org/obo/NCBITaxon_7227,http://www.ncbi.nlm.nih.gov/gene/41348,1.49544,0.0284072,OSD-207
https://purl.org/okn/frink/kg/spoke-genelab/node/OSD-207-ba2f9251efb7e9053a8dd97f9b3b0245,CG32447,http://purl.obolibrary.org/obo/NCBITaxon_7227,http://www.ncbi.nlm.nih.gov/gene/40412,-1.3179,0.0019045,OSD-207
https://purl.org/okn/frink/kg/spoke-genelab/node/OSD-207-ba2f9251efb7e9053a8dd97f9b3b0245,CG15023,http://purl.obolibrary.org/obo/NCBITaxon_7227,http://www.ncbi.nlm.nih.gov/gene/38550,-7.25818,0.0417905,OSD-207
https://purl.org/okn/frink/kg/spoke-genelab/node/OSD-207-ba2f9251efb7e9053a8dd97f9b3b0245,CG10000,http://purl.obolibrary.org/obo/NCBITaxon_7227,http://www.ncbi.nlm.nih.gov/gene/43394,4.4635,0.0326846,OSD-207
