osd,symbol,entrez,log2fc,adj_p,tissue,system,species,dir,strict
OSD-352,Tcf7l1,21415,-1.42314,0.0409755,brain,CNS,mouse,DOWN,True
OSD-525,Egf,13645,1.40556,0.0260639,cerebellum,CNS,mouse,UP,True
OSD-525,Sult1c2,69083,2.98257,0.00378569,cerebellum,CNS,mouse,UP,True
OSD-525,Sdf2l1,64136,-1.69136,0.000244738,cerebellum,CNS,mouse,DOWN,True
OSD-525,Adgrg2,237175,1.55002,0.0129905,cerebellum,CNS,mouse,UP,True
OSD-525,Il2ra,16184,-1.31036,0.0253045,cerebellum,CNS,mouse,DOWN,True
OSD-525,Tnc,21923,-1.11376,0.000119694,cerebellum,CNS,mouse,DOWN,True
OSD-525,Ddc,13195,1.45563,6.8531e-13,cerebellum,CNS,mouse,UP,True
OSD-525,Gata3,14462,-2.76927,0.0353765,cerebellum,CNS,mouse,DOWN,True
OSD-525,Lcn2,16819,-2.9068,0.00254868,cerebellum,CNS,mouse,DOWN,True
OSD-525,Creld2,76737,-1.17232,0.000848304,cerebellum,CNS,mouse,DOWN,True
OSD-525,P4ha1,18451,-1.27857,2.70194e-11,cerebellum,CNS,mouse,DOWN,True
OSD-525,Acsm3,20216,2.84438,0.0208321,cerebellum,CNS,mouse,UP,True
OSD-525,Alas2,11656,1.04734,0.01864,cerebellum,CNS,mouse,UP,True
OSD-525,Pdia6,71853,-1.00646,9.04131e-05,cerebellum,CNS,mouse,DOWN,True
OSD-525,Enpp3,209558,1.22305,0.0142103,cerebellum,CNS,mouse,UP,True
OSD-525,Slc66a3,217430,1.06259,0.0086504,cerebellum,CNS,mouse,UP,True
OSD-525,Hsph1,15505,-1.23078,6.45098e-06,cerebellum,CNS,mouse,DOWN,True
OSD-525,Serpinc1,11905,-1.33062,0.0103833,cerebellum,CNS,mouse,DOWN,True
OSD-525,Aldob,230163,2.26332,0.0351622,cerebellum,CNS,mouse,UP,True
OSD-525,Lyve1,114332,-1.02183,0.00279966,cerebellum,CNS,mouse,DOWN,True
OSD-525,Cpsf4l,52670,-1.48714,0.000754442,cerebellum,CNS,mouse,DOWN,True
OSD-525,Rbm3,100043257,2.00523,5.43851e-13,cerebellum,CNS,mouse,UP,True
OSD-525,Rdh16,19683,1.60006,0.0463726,cerebellum,CNS,mouse,UP,True
OSD-525,Hspa5,14828,-1.24659,0.00110185,cerebellum,CNS,mouse,DOWN,True
OSD-525,Fos,14281,-1.03118,0.00378569,cerebellum,CNS,mouse,DOWN,True
OSD-525,Map3k15,270672,1.4168,0.00719398,cerebellum,CNS,mouse,UP,True
OSD-525,Calr,12317,-1.04939,9.04535e-07,cerebellum,CNS,mouse,DOWN,True
OSD-525,H4c8,69386,-1.22609,0.00590474,cerebellum,CNS,mouse,DOWN,True
OSD-525,Aox3,71724,1.07591,2.29728e-07,cerebellum,CNS,mouse,UP,True
OSD-525,Sult1a1,20887,1.0075,4.67677e-07,cerebellum,CNS,mouse,UP,True
OSD-525,Oprm1,18390,-1.45074,0.026314,cerebellum,CNS,mouse,DOWN,True
OSD-525,Esrp1,207920,1.44821,0.0411287,cerebellum,CNS,mouse,UP,True
OSD-525,Ptgs2,19225,-1.33324,0.0366529,cerebellum,CNS,mouse,DOWN,True
OSD-525,Il13ra2,16165,1.00903,0.00979515,cerebellum,CNS,mouse,UP,True
OSD-525,Rbm3,19652,2.00523,5.43851e-13,cerebellum,CNS,mouse,UP,True
OSD-525,Rdh9,103142,1.85814,0.00010379,cerebellum,CNS,mouse,UP,True
OSD-525,H4c17,100041230,-1.86174,0.00302542,cerebellum,CNS,mouse,DOWN,True
OSD-525,Spata24,71242,1.02447,0.000185891,cerebellum,CNS,mouse,UP,True
OSD-525,A330076C08Rik,100503592,-1.19535,1.5375e-08,cerebellum,CNS,mouse,DOWN,True
OSD-525,5330429C05Rik,78071,2.84857,1.78031e-05,cerebellum,CNS,mouse,UP,True
OSD-525,Wee2,381759,-1.59148,0.00127342,cerebellum,CNS,mouse,DOWN,True
OSD-525,Cirbp,12696,1.67306,6.94344e-12,cerebellum,CNS,mouse,UP,True
OSD-525,Pm20d1,212933,1.20532,0.000871485,cerebellum,CNS,mouse,UP,True
OSD-525,Dnah14,240960,1.64977,0.00312097,cerebellum,CNS,mouse,UP,True
OSD-525,Hspa1b,15511,-2.62511,0.000267264,cerebellum,CNS,mouse,DOWN,True
OSD-525,Gm15462,108168861,1.81562,0.0174068,cerebellum,CNS,mouse,UP,True
OSD-525,Snord13,100217422,-1.65145,0.0403881,cerebellum,CNS,mouse,DOWN,True
OSD-525,Manf,74840,-1.0753,0.000534396,cerebellum,CNS,mouse,DOWN,True
OSD-525,Nxpe2,78252,1.05588,0.0317684,cerebellum,CNS,mouse,UP,True
OSD-525,Tktl2,74419,2.26195,0.00850636,cerebellum,CNS,mouse,UP,True
OSD-525,Cryab,12955,-1.04154,1.04666e-11,cerebellum,CNS,mouse,DOWN,True
OSD-525,Stbd1,52331,-1.37128,0.0109945,cerebellum,CNS,mouse,DOWN,True
OSD-525,Ucp2,22228,1.06079,0.00547255,cerebellum,CNS,mouse,UP,True
OSD-525,Ccdc192,75444,1.09513,0.0118003,cerebellum,CNS,mouse,UP,True
OSD-525,Tm6sf2,107770,-1.48308,0.0359615,cerebellum,CNS,mouse,DOWN,True
OSD-525,Glb1l2,244757,1.23102,0.000185891,cerebellum,CNS,mouse,UP,True
OSD-525,Gja5,14613,-1.00246,0.00827317,cerebellum,CNS,mouse,DOWN,True
OSD-525,Gm31616,102633901,1.81957,0.049683,cerebellum,CNS,mouse,UP,True
OSD-525,Btc,12223,-1.19052,0.00270064,cerebellum,CNS,mouse,DOWN,True
OSD-525,Olfr859,258519,3.95375,0.0118671,cerebellum,CNS,mouse,UP,True
OSD-525,Crh,12918,-1.36639,0.0409708,cerebellum,CNS,mouse,DOWN,True
OSD-525,Zglp1,100009600,-2.63923,0.0300658,cerebellum,CNS,mouse,DOWN,True
OSD-525,Gm32389,102634919,1.14582,0.0339623,cerebellum,CNS,mouse,UP,True
OSD-525,Tmem220,338369,1.54188,1.08699e-05,cerebellum,CNS,mouse,UP,True
OSD-525,Parpbp,75317,1.88745,0.0070178,cerebellum,CNS,mouse,UP,True
OSD-525,Dmrtc1a,70887,1.36508,3.27761e-05,cerebellum,CNS,mouse,UP,True
OSD-525,Chst9,71367,1.55881,3.02295e-10,cerebellum,CNS,mouse,UP,True
OSD-525,Henmt1,66715,1.12814,0.00635397,cerebellum,CNS,mouse,UP,True
OSD-525,Slc22a2,20518,1.15779,0.0471941,cerebellum,CNS,mouse,UP,True
OSD-525,Gm13304,100504346,1.6283,4.67677e-07,cerebellum,CNS,mouse,UP,True
OSD-525,4921507G05Rik,66709,-1.62362,0.0494315,cerebellum,CNS,mouse,DOWN,True
OSD-525,Mir9-3hg,101694,1.12215,1.97082e-09,cerebellum,CNS,mouse,UP,True
OSD-525,A230009B12Rik,319750,-1.2185,4.18967e-05,cerebellum,CNS,mouse,DOWN,True
OSD-525,Slc26a8,224661,1.08733,0.0283514,cerebellum,CNS,mouse,UP,True
OSD-525,Glod5,69824,1.79492,0.0137771,cerebellum,CNS,mouse,UP,True
OSD-525,Hsf3,245525,1.4394,0.00104241,cerebellum,CNS,mouse,UP,True
OSD-525,A330033J07Rik,320614,1.52991,5.01897e-08,cerebellum,CNS,mouse,UP,True
OSD-525,Kap,16483,-18.4497,2.51334e-07,cerebellum,CNS,mouse,DOWN,True
OSD-525,Itgad,381924,1.73182,0.00112624,cerebellum,CNS,mouse,UP,True
OSD-525,Gdpd4,233537,-1.36639,0.0135246,cerebellum,CNS,mouse,DOWN,True
OSD-525,Chat,12647,4.55395,0.0317835,cerebellum,CNS,mouse,UP,True
OSD-525,Tgtp2,100039796,-1.19382,0.00337742,cerebellum,CNS,mouse,DOWN,True
OSD-525,Cltrn,57394,1.62373,0.0359615,cerebellum,CNS,mouse,UP,True
OSD-525,Bfsp2,107993,-1.46298,0.000175496,cerebellum,CNS,mouse,DOWN,True
OSD-525,Ctla2b,13025,-1.07349,0.0164119,cerebellum,CNS,mouse,DOWN,True
OSD-525,1700102P08Rik,112418,-1.61448,0.000221166,cerebellum,CNS,mouse,DOWN,True
OSD-525,Gm19705,100503460,1.14884,0.0125092,cerebellum,CNS,mouse,UP,True
OSD-525,2700054A10Rik,72578,1.11892,5.01897e-08,cerebellum,CNS,mouse,UP,True
OSD-525,A3galt2,215493,-2.41624,2.11929e-06,cerebellum,CNS,mouse,DOWN,True
OSD-525,Garin2,70897,-1.62248,0.01032,cerebellum,CNS,mouse,DOWN,True
OSD-525,Elmo3,234683,1.15932,0.0070178,cerebellum,CNS,mouse,UP,True
OSD-525,Hspb1,15507,-1.40243,0.000823005,cerebellum,CNS,mouse,DOWN,True
OSD-525,Cd180,17079,1.2852,0.0153241,cerebellum,CNS,mouse,UP,True
OSD-525,Cst7,13011,-1.97464,0.0301289,cerebellum,CNS,mouse,DOWN,True
OSD-525,Ascl1,17172,1.26778,7.13011e-05,cerebellum,CNS,mouse,UP,True
OSD-525,Cxcr6,80901,-2.51046,0.0389015,cerebellum,CNS,mouse,DOWN,True
OSD-525,Kif22,110033,1.37089,0.00652663,cerebellum,CNS,mouse,UP,True
OSD-525,Hspa1a,193740,-1.36417,0.0150473,cerebellum,CNS,mouse,DOWN,True
OSD-525,Noxred1,71275,-1.16676,0.000534396,cerebellum,CNS,mouse,DOWN,True
OSD-525,Ahsa2,268390,-1.13997,2.51334e-07,cerebellum,CNS,mouse,DOWN,True
OSD-525,Opn3,13603,-1.28521,6.06088e-17,cerebellum,CNS,mouse,DOWN,True
OSD-525,Gm15510,102640192,1.20144,1.86348e-07,cerebellum,CNS,mouse,UP,True
OSD-525,Cd300lb,217304,-1.9744,0.000836979,cerebellum,CNS,mouse,DOWN,True
OSD-525,H3c14,15077,-1.05277,1.67649e-05,cerebellum,CNS,mouse,DOWN,True
OSD-525,Igfn1,226438,2.13564,0.0033062,cerebellum,CNS,mouse,UP,True
OSD-525,Ms4a4b,60361,-2.44922,0.0126525,cerebellum,CNS,mouse,DOWN,True
OSD-525,Gm16062,100504104,-1.5555,9.89916e-14,cerebellum,CNS,mouse,DOWN,True
OSD-525,Mall,228576,-1.00173,0.0430096,cerebellum,CNS,mouse,DOWN,True
OSD-525,Lrriq1,74978,1.53577,0.00228326,cerebellum,CNS,mouse,UP,True
OSD-525,Slc16a8,57274,3.24738,0.028279,cerebellum,CNS,mouse,UP,True
OSD-525,0610040F04Rik,75394,1.05697,0.0484083,cerebellum,CNS,mouse,UP,True
OSD-525,Tssk5,73542,1.07069,0.00456721,cerebellum,CNS,mouse,UP,True
OSD-525,Gabrr2,14409,1.18747,0.0201235,cerebellum,CNS,mouse,UP,True
OSD-525,Thbs3,21827,1.21746,0.00299135,cerebellum,CNS,mouse,UP,True
OSD-525,Fcrls,80891,-1.08588,4.37493e-06,cerebellum,CNS,mouse,DOWN,True
OSD-525,Aoc2,237940,-1.4381,0.00417557,cerebellum,CNS,mouse,DOWN,True
OSD-525,Or8b53,258783,2.05119,0.000715333,cerebellum,CNS,mouse,UP,True
OSD-525,0610040B10Rik,67672,1.00808,8.13655e-05,cerebellum,CNS,mouse,UP,True
OSD-525,Avil,11567,-2.01476,0.00110185,cerebellum,CNS,mouse,DOWN,True
OSD-525,Dok3,27261,-1.81816,0.00492633,cerebellum,CNS,mouse,DOWN,True
OSD-525,Serpina3g,20715,-2.11076,0.0222679,cerebellum,CNS,mouse,DOWN,True
OSD-525,Hmga1b,111241,-8.31182,0.000100853,cerebellum,CNS,mouse,DOWN,True
OSD-525,Gm10069,791299,-1.25902,0.000179584,cerebellum,CNS,mouse,DOWN,True
OSD-525,H4c14,97122,-1.07341,1.59395e-07,cerebellum,CNS,mouse,DOWN,True
OSD-525,Sele,20339,-6.00188,0.00806719,cerebellum,CNS,mouse,DOWN,True
OSD-525,Igsf5,72058,1.40535,0.0122909,cerebellum,CNS,mouse,UP,True
OSD-525,Cfap57,68625,-1.10205,0.0359661,cerebellum,CNS,mouse,DOWN,True
OSD-525,Plekhg4,102075,-1.49992,0.000137589,cerebellum,CNS,mouse,DOWN,True
OSD-525,Cnn1,12797,-2.25336,0.00850822,cerebellum,CNS,mouse,DOWN,True
OSD-525,Ccl11,20292,-1.82424,0.028279,cerebellum,CNS,mouse,DOWN,True
OSD-525,Gm8251,102636082,-1.38071,0.000233731,cerebellum,CNS,mouse,DOWN,True
OSD-525,B230319C09Rik,320775,1.0307,0.0161575,cerebellum,CNS,mouse,UP,True
OSD-525,Defb42,619548,1.29043,9.14082e-11,cerebellum,CNS,mouse,UP,True
OSD-525,Spta1,20739,1.52636,0.0191222,cerebellum,CNS,mouse,UP,True
OSD-525,Fbxl22,74165,-2.00015,8.13583e-14,cerebellum,CNS,mouse,DOWN,True
OSD-525,Ctsw,13041,-1.95463,0.00447036,cerebellum,CNS,mouse,DOWN,True
OSD-525,Snord13,115490494,-1.65145,0.0403881,cerebellum,CNS,mouse,DOWN,True
OSD-525,Thap6,381650,1.20857,0.0158301,cerebellum,CNS,mouse,UP,True
OSD-525,Serpinh1,12406,-1.21673,1.22972e-09,cerebellum,CNS,mouse,DOWN,True
OSD-525,Clic3,69454,2.61412,0.0431215,cerebellum,CNS,mouse,UP,True
OSD-525,Serpina3f,238393,-4.21489,0.0317835,cerebellum,CNS,mouse,DOWN,True
OSD-525,Derl3,70377,-1.71095,0.042721,cerebellum,CNS,mouse,DOWN,True
OSD-525,Fgf20,80857,1.115,0.045581,cerebellum,CNS,mouse,UP,True
OSD-525,Ooep,67968,2.19659,0.00528552,cerebellum,CNS,mouse,UP,True
OSD-525,H2bc6,319179,-1.01003,2.98308e-07,cerebellum,CNS,mouse,DOWN,True
OSD-525,Adgre4,52614,-2.55241,0.010837,cerebellum,CNS,mouse,DOWN,True
OSD-525,Gm4767,210583,2.51688,0.00644945,cerebellum,CNS,mouse,UP,True
OSD-561,Col8a1,12837,-1.93343,0.0359363,cerebellum,CNS,mouse,DOWN,True
OSD-561,Snord3b2,19859,22.5253,3.99792e-06,cerebellum,CNS,mouse,UP,True
OSD-561,Gm10222,100142658,-23.8448,0.000511506,cerebellum,CNS,mouse,DOWN,True
OSD-561,Snord3b1,19858,22.5271,0.00079646,cerebellum,CNS,mouse,UP,True
OSD-561,Snord3b3,19860,22.5271,0.00079646,cerebellum,CNS,mouse,UP,True
OSD-562,Gm12671,654475,-20.3619,0.000345304,hippocampus,CNS,mouse,DOWN,True
OSD-563,Chrna3,110834,2.1486,0.000795328,cerebellum,CNS,mouse,UP,True
OSD-563,Tcf7l2,21416,2.32141,0.0454008,cerebellum,CNS,mouse,UP,True
OSD-564,Rps25,75617,-1.13618,0.00271331,hippocampus,CNS,mouse,DOWN,True
OSD-564,Rpl35,66489,-1.09947,0.00181838,hippocampus,CNS,mouse,DOWN,True
OSD-564,Rpl32,19951,-1.05634,0.00637846,hippocampus,CNS,mouse,DOWN,True
OSD-564,Rpl12,269261,-1.12433,0.00105318,hippocampus,CNS,mouse,DOWN,True
OSD-564,Rpl41,67945,-1.11684,0.00143852,hippocampus,CNS,mouse,DOWN,True
OSD-564,Rps12,20042,-1.30945,0.00118508,hippocampus,CNS,mouse,DOWN,True
OSD-564,Aqp1,11826,1.05079,0.026187,hippocampus,CNS,mouse,UP,True
OSD-564,Ccnb1,268697,-1.22766,0.00576456,hippocampus,CNS,mouse,DOWN,True
OSD-564,Rps19,20085,-1.11006,0.00246176,hippocampus,CNS,mouse,DOWN,True
OSD-564,Rpl9-ps6,100042823,-1.55328,0.000471016,hippocampus,CNS,mouse,DOWN,True
OSD-564,Snora73a,100306944,-1.68675,0.0110744,hippocampus,CNS,mouse,DOWN,True
OSD-564,Lpl,16956,1.11854,0.0223178,hippocampus,CNS,mouse,UP,True
OSD-564,Mrps25,64658,1.24342,0.00079813,hippocampus,CNS,mouse,UP,True
OSD-564,Bola2,66162,-1.01438,0.0212052,hippocampus,CNS,mouse,DOWN,True
OSD-564,Rps21,66481,-1.35446,0.000801649,hippocampus,CNS,mouse,DOWN,True
OSD-564,Rpl36,54217,-1.22397,0.000885182,hippocampus,CNS,mouse,DOWN,True
OSD-564,Rpl9,20005,-1.31144,0.00278492,hippocampus,CNS,mouse,DOWN,True
OSD-564,Rgs18,64214,-1.76801,0.0352547,hippocampus,CNS,mouse,DOWN,True
OSD-564,Mlxipl,58805,-1.37644,0.025546,hippocampus,CNS,mouse,DOWN,True
OSD-564,Snrpg,68011,-1.05205,0.000573473,hippocampus,CNS,mouse,DOWN,True
OSD-564,Rpl22l1,68028,-1.10876,0.00494075,hippocampus,CNS,mouse,DOWN,True
OSD-564,Hbb-b1,15129,-1.42691,0.0398924,hippocampus,CNS,mouse,DOWN,True
OSD-564,COX2,17709,-1.36496,0.0183184,hippocampus,CNS,mouse,DOWN,True
OSD-564,Rpl39,67248,-1.09145,0.00590837,hippocampus,CNS,mouse,DOWN,True
OSD-564,Cmah,12763,-1.84561,0.005447,hippocampus,CNS,mouse,DOWN,True
OSD-564,Hbb-b1,100503605,-1.42691,0.0398924,hippocampus,CNS,mouse,DOWN,True
OSD-564,Ikzf3,22780,-1.9602,0.00694405,hippocampus,CNS,mouse,DOWN,True
OSD-564,Rny3,19874,-1.35372,0.0475244,hippocampus,CNS,mouse,DOWN,True
OSD-564,Atp5mk,66477,-1.09776,0.00349487,hippocampus,CNS,mouse,DOWN,True
OSD-564,Rps27a,78294,-1.09757,0.002428,hippocampus,CNS,mouse,DOWN,True
OSD-564,Atp5mk,102639577,-1.09776,0.00349487,hippocampus,CNS,mouse,DOWN,True
OSD-564,Erhrt-ps,100042777,-1.03222,0.0143168,hippocampus,CNS,mouse,DOWN,True
OSD-564,Ndufb4,100041273,-1.08111,0.00249361,hippocampus,CNS,mouse,DOWN,True
OSD-564,Gm10076,100126819,-1.32666,0.000233889,hippocampus,CNS,mouse,DOWN,True
OSD-564,Rpl37a,19981,-1.0227,0.005447,hippocampus,CNS,mouse,DOWN,True
OSD-564,Zfp560,434377,-1.00858,0.000379898,hippocampus,CNS,mouse,DOWN,True
OSD-564,Adam4,11498,-1.11383,0.0144414,hippocampus,CNS,mouse,DOWN,True
OSD-564,Psmg4,69666,-1.01656,0.00512934,hippocampus,CNS,mouse,DOWN,True
OSD-564,Rps24,20088,-1.06106,0.00534784,hippocampus,CNS,mouse,DOWN,True
OSD-564,Rpl17,319195,-1.25323,0.00078763,hippocampus,CNS,mouse,DOWN,True
OSD-564,Rps18,20084,-1.06174,0.00864462,hippocampus,CNS,mouse,DOWN,True
OSD-564,Ndufb4,100042503,-1.08111,0.00249361,hippocampus,CNS,mouse,DOWN,True
OSD-564,Sh2b2,23921,1.40007,0.0226191,hippocampus,CNS,mouse,UP,True
OSD-564,Rpl35a,57808,-1.23948,0.00175932,hippocampus,CNS,mouse,DOWN,True
OSD-564,Gm26448,115487256,-1.94282,4.14037e-08,hippocampus,CNS,mouse,DOWN,True
OSD-564,Polr2k,17749,-1.22021,0.000124927,hippocampus,CNS,mouse,DOWN,True
OSD-564,Chchd1,66121,-1.02002,0.00316498,hippocampus,CNS,mouse,DOWN,True
OSD-564,Ndufb4,68194,-1.08111,0.00249361,hippocampus,CNS,mouse,DOWN,True
OSD-564,Zfas1,68949,-1.57031,0.000172385,hippocampus,CNS,mouse,DOWN,True
OSD-564,Rps23-ps1,100038875,-1.25739,0.0487148,hippocampus,CNS,mouse,DOWN,True
OSD-564,Rpl36-ps12,100043718,-1.28795,0.0195952,hippocampus,CNS,mouse,DOWN,True
OSD-564,Rac2,19354,1.78758,0.0114273,hippocampus,CNS,mouse,UP,True
OSD-564,Pet100,100503890,-1.00607,0.00731029,hippocampus,CNS,mouse,DOWN,True
OSD-564,Chrna1os,102633437,-1.08566,0.0223615,hippocampus,CNS,mouse,DOWN,True
OSD-564,Snora26,100313943,-2.43734,1.9549e-07,hippocampus,CNS,mouse,DOWN,True
OSD-564,Gt(ROSA)26Sor,14910,-1.00195,0.000924271,hippocampus,CNS,mouse,DOWN,True
OSD-564,2410006H16Rik,69221,-1.41324,0.00118909,hippocampus,CNS,mouse,DOWN,True
OSD-564,4933406I18Rik,71045,-1.27518,0.005447,hippocampus,CNS,mouse,DOWN,True
OSD-564,C920021L13Rik,100042889,-1.19813,0.00672614,hippocampus,CNS,mouse,DOWN,True
OSD-564,Zfx,22764,-1.14624,0.00567773,hippocampus,CNS,mouse,DOWN,True
OSD-564,Gm53058,118027462,-1.03786,0.00372128,hippocampus,CNS,mouse,DOWN,True
OSD-564,Cd209a,170786,-2.2645,0.00183184,hippocampus,CNS,mouse,DOWN,True
OSD-564,Rps3,27050,-1.06591,0.00661164,hippocampus,CNS,mouse,DOWN,True
OSD-564,Gas2,14453,-1.01572,0.0314731,hippocampus,CNS,mouse,DOWN,True
OSD-564,Pik3c2g,18705,2.60022,0.0206811,hippocampus,CNS,mouse,UP,True
OSD-564,Stoml3,229277,1.54671,0.0479777,hippocampus,CNS,mouse,UP,True
OSD-564,Map3k6,53608,1.09754,0.0338207,hippocampus,CNS,mouse,UP,True
OSD-564,Rps14,20044,-1.1457,0.00552982,hippocampus,CNS,mouse,DOWN,True
OSD-564,Gm21586,100862247,-1.25349,0.0194529,hippocampus,CNS,mouse,DOWN,True
OSD-564,Rmrp,19782,-1.62035,7.12202e-05,hippocampus,CNS,mouse,DOWN,True
OSD-564,Llgl2,217325,-1.8057,0.00930421,hippocampus,CNS,mouse,DOWN,True
OSD-564,Zfp264,115485607,-1.73894,0.0482247,hippocampus,CNS,mouse,DOWN,True
OSD-564,Dnah10,56087,1.66904,0.0123243,hippocampus,CNS,mouse,UP,True
OSD-564,Thap1,73754,-1.1327,0.00024649,hippocampus,CNS,mouse,DOWN,True
OSD-564,Cfap47,636104,-1.14184,0.00099993,hippocampus,CNS,mouse,DOWN,True
OSD-564,Rps27l,67941,-1.02688,0.0124528,hippocampus,CNS,mouse,DOWN,True
OSD-564,Omd,27047,-1.01789,0.0466848,hippocampus,CNS,mouse,DOWN,True
OSD-564,Col27a1,373864,-1.09731,0.0478448,hippocampus,CNS,mouse,DOWN,True
OSD-564,Saxo3,100040019,1.58997,0.0469679,hippocampus,CNS,mouse,UP,True
OSD-564,Apoc1,11812,-1.09125,0.0380149,hippocampus,CNS,mouse,DOWN,True
OSD-564,Gpx4-ps2,664781,-1.12113,0.00707447,hippocampus,CNS,mouse,DOWN,True
OSD-564,Sptlc3,228677,1.96747,0.0242262,hippocampus,CNS,mouse,UP,True
OSD-564,Med30,69790,-1.13336,0.0125272,hippocampus,CNS,mouse,DOWN,True
OSD-564,Gm10177,108167643,-1.41191,0.000227913,hippocampus,CNS,mouse,DOWN,True
OSD-564,Gm22009,115489854,-1.31928,0.000182415,hippocampus,CNS,mouse,DOWN,True
OSD-564,Gm22442,115487906,-1.52919,4.37193e-10,hippocampus,CNS,mouse,DOWN,True
OSD-564,Drc7,330830,1.25848,0.0166015,hippocampus,CNS,mouse,UP,True
OSD-564,Gm57565,115487654,-1.00554,0.031058,hippocampus,CNS,mouse,DOWN,True
OSD-564,Gm24407,115490316,-1.61851,0.00859378,hippocampus,CNS,mouse,DOWN,True
OSD-564,Gm25129,115489591,-1.82392,8.75115e-05,hippocampus,CNS,mouse,DOWN,True
OSD-564,Rn7s1,103948,-1.58937,4.39431e-07,hippocampus,CNS,mouse,DOWN,True
OSD-564,1600020E01Rik,72012,-1.2649,0.000278506,hippocampus,CNS,mouse,DOWN,True
OSD-564,Ndufb1,102631912,-1.04463,0.00729932,hippocampus,CNS,mouse,DOWN,True
OSD-564,Rn7s2,103949,-1.7586,5.84793e-05,hippocampus,CNS,mouse,DOWN,True
OSD-564,4930513N10Rik,319960,-2.10911,0.0127367,hippocampus,CNS,mouse,DOWN,True
OSD-564,Rtl9,209540,1.19943,0.0097471,hippocampus,CNS,mouse,UP,True
OSD-564,Gm13861,100039184,-1.26146,0.0232837,hippocampus,CNS,mouse,DOWN,True
OSD-564,Ube2srt,100039535,-2.67866,2.67475e-06,hippocampus,CNS,mouse,DOWN,True
OSD-564,Scn11a,24046,1.96002,0.0207402,hippocampus,CNS,mouse,UP,True
OSD-564,Abhd11os,69812,-1.40133,0.00150896,hippocampus,CNS,mouse,DOWN,True
OSD-564,Slc9a4,110895,1.40863,0.0475244,hippocampus,CNS,mouse,UP,True
OSD-564,S100a4,20198,-1.25471,0.00117112,hippocampus,CNS,mouse,DOWN,True
OSD-564,Gm25989,115488715,-1.79912,0.00195729,hippocampus,CNS,mouse,DOWN,True
OSD-564,Gbx1,231044,-1.97876,0.00773333,hippocampus,CNS,mouse,DOWN,True
OSD-564,Gm54112,118568512,-1.47903,0.0100716,hippocampus,CNS,mouse,DOWN,True
OSD-564,Gm21992,102902673,-1.01476,0.0128883,hippocampus,CNS,mouse,DOWN,True
OSD-564,Wnt7a,22421,1.45829,8.01736e-08,hippocampus,CNS,mouse,UP,True
OSD-564,Ghsr,208188,1.51247,0.0302363,hippocampus,CNS,mouse,UP,True
OSD-564,Arhgap36,75404,1.02336,0.00932346,hippocampus,CNS,mouse,UP,True
OSD-564,Gm25107,115486124,-2.20927,2.05061e-06,hippocampus,CNS,mouse,DOWN,True
OSD-564,Ptcra,19208,-1.26407,0.0424905,hippocampus,CNS,mouse,DOWN,True
OSD-564,Gm11454,100504589,1.4304,0.0337457,hippocampus,CNS,mouse,UP,True
OSD-564,Crhr2,12922,1.30152,0.0134842,hippocampus,CNS,mouse,UP,True
OSD-564,4930578M01Rik,75951,-1.03852,0.0144786,hippocampus,CNS,mouse,DOWN,True
OSD-564,Gm17750,553095,-1.27136,0.00596825,hippocampus,CNS,mouse,DOWN,True
OSD-564,Ahsp,170812,-3.15974,0.01582,hippocampus,CNS,mouse,DOWN,True
OSD-564,Casr,12374,1.65865,0.000186583,hippocampus,CNS,mouse,UP,True
OSD-564,Retn,57264,-1.74143,0.0468674,hippocampus,CNS,mouse,DOWN,True
OSD-564,Folr1,14275,1.3088,0.00774428,hippocampus,CNS,mouse,UP,True
OSD-564,Gm25492,115490291,-1.27927,0.000320227,hippocampus,CNS,mouse,DOWN,True
OSD-564,Gm26447,115488689,-1.86568,1.88581e-06,hippocampus,CNS,mouse,DOWN,True
OSD-564,LOC108167922,108167922,-1.427,0.0451786,hippocampus,CNS,mouse,DOWN,True
OSD-564,Gm23442,115488838,-1.61687,1.60454e-06,hippocampus,CNS,mouse,DOWN,True
OSD-564,Gm24119,115487534,-1.67104,0.005447,hippocampus,CNS,mouse,DOWN,True
OSD-564,H4c3,319155,-1.02729,0.0194529,hippocampus,CNS,mouse,DOWN,True
OSD-564,Gm5620,434428,1.38136,0.0476705,hippocampus,CNS,mouse,UP,True
OSD-564,Rpl17-ps10,100042880,-1.60869,0.0202995,hippocampus,CNS,mouse,DOWN,True
OSD-564,Fam167a,219148,1.16995,0.0246958,hippocampus,CNS,mouse,UP,True
OSD-564,Gm25541,115489638,-1.56648,0.0430915,hippocampus,CNS,mouse,DOWN,True
OSD-564,Gm24620,115488217,-2.17818,0.000134923,hippocampus,CNS,mouse,DOWN,True
OSD-564,Rhof,23912,1.00478,8.9276e-05,hippocampus,CNS,mouse,UP,True
OSD-564,2610528A11Rik,70045,-1.3433,0.0486187,hippocampus,CNS,mouse,DOWN,True
OSD-564,Rps27,57294,-1.24375,0.00502516,hippocampus,CNS,mouse,DOWN,True
OSD-564,Gm25848,115488713,-2.21588,1.60895e-05,hippocampus,CNS,mouse,DOWN,True
OSD-564,Gm26205,115490270,-2.02606,0.00105318,hippocampus,CNS,mouse,DOWN,True
OSD-564,Samd11,231004,-1.18791,0.0128883,hippocampus,CNS,mouse,DOWN,True
OSD-564,H4c9,319158,-1.00608,0.0212052,hippocampus,CNS,mouse,DOWN,True
OSD-564,Prrg4,228413,1.29758,0.0402697,hippocampus,CNS,mouse,UP,True
OSD-564,Snora78,100306952,-1.77148,3.80193e-05,hippocampus,CNS,mouse,DOWN,True
OSD-564,Bc1,100568459,-1.7825,0.0207166,hippocampus,CNS,mouse,DOWN,True
OSD-564,Cfap100,243538,-1.05836,0.0414999,hippocampus,CNS,mouse,DOWN,True
OSD-564,Fyb2,242594,-1.51139,0.00301638,hippocampus,CNS,mouse,DOWN,True
OSD-564,Gm24727,115487050,-1.29198,0.010086,hippocampus,CNS,mouse,DOWN,True
OSD-564,Adam8,11501,1.52508,0.0122193,hippocampus,CNS,mouse,UP,True
OSD-564,Rps10-ps2,666274,-1.29569,0.0338906,hippocampus,CNS,mouse,DOWN,True
OSD-564,2900076A07Rik,100504421,-1.27164,8.80306e-05,hippocampus,CNS,mouse,DOWN,True
OSD-564,Gm57565,115487892,-1.00554,0.031058,hippocampus,CNS,mouse,DOWN,True
OSD-564,Gm29773,101056072,-1.31927,0.0310163,hippocampus,CNS,mouse,DOWN,True
OSD-564,Gm10033,378466,-1.16834,8.01736e-08,hippocampus,CNS,mouse,DOWN,True
OSD-564,Bcat1,12035,1.10314,0.00105318,hippocampus,CNS,mouse,UP,True
OSD-564,H2ac7,319165,-1.05284,0.0230699,hippocampus,CNS,mouse,DOWN,True
OSD-564,Rnu12,104307,-1.80512,0.000207652,hippocampus,CNS,mouse,DOWN,True
OSD-564,Tmem256,69186,-1.10028,0.00780561,hippocampus,CNS,mouse,DOWN,True
OSD-564,BB218582,102640562,-1.07781,0.005447,hippocampus,CNS,mouse,DOWN,True
OSD-564,Pdzd7,100503041,-1.14913,0.0280668,hippocampus,CNS,mouse,DOWN,True
OSD-564,Glipr1,73690,1.25721,0.00503391,hippocampus,CNS,mouse,UP,True
OSD-564,Snord3b4,19861,-2.0282,0.0280668,hippocampus,CNS,mouse,DOWN,True
OSD-564,2900060B14Rik,68204,-1.04316,0.0393161,hippocampus,CNS,mouse,DOWN,True
OSD-564,Pitx2,18741,4.12991,0.00119319,hippocampus,CNS,mouse,UP,True
OSD-564,C1qtnf12,67389,1.56972,0.000124927,hippocampus,CNS,mouse,UP,True
OSD-564,Gm24265,115490317,-1.54785,0.00675638,hippocampus,CNS,mouse,DOWN,True
OSD-564,Gm26079,115490290,-1.78223,3.31757e-08,hippocampus,CNS,mouse,DOWN,True
OSD-564,Gm23946,115488402,-1.54715,0.0424905,hippocampus,CNS,mouse,DOWN,True
OSD-564,Gm22422,115486004,-1.76069,1.60454e-06,hippocampus,CNS,mouse,DOWN,True
OSD-564,Gm22513,115488051,-1.36172,0.0490575,hippocampus,CNS,mouse,DOWN,True
OSD-564,Gm11423,100503272,-1.10365,0.00980012,hippocampus,CNS,mouse,DOWN,True
OSD-564,Snora21,100302498,-1.39123,0.0336656,hippocampus,CNS,mouse,DOWN,True
OSD-564,Mcoln2,68279,-3.02827,0.0356642,hippocampus,CNS,mouse,DOWN,True
OSD-564,1500035N22Rik,70258,-1.18187,0.0291483,hippocampus,CNS,mouse,DOWN,True
OSD-564,Gm26397,115487043,-1.39815,2.12521e-07,hippocampus,CNS,mouse,DOWN,True
OSD-564,Gm25636,115486823,-2.19289,0.000885182,hippocampus,CNS,mouse,DOWN,True
OSD-564,Ccdc62,208908,-1.15802,0.00204443,hippocampus,CNS,mouse,DOWN,True
OSD-564,Slc22a13b,109280,-2.03993,0.0489455,hippocampus,CNS,mouse,DOWN,True
OSD-564,F2rl2,14064,1.38477,0.0295261,hippocampus,CNS,mouse,UP,True
OSD-564,Gm23297,115486827,-2.15486,0.00530627,hippocampus,CNS,mouse,DOWN,True
OSD-564,Pfdn5,56612,-1.07579,0.00249361,hippocampus,CNS,mouse,DOWN,True
OSD-564,Gm22786,115485822,-2.39002,0.010664,hippocampus,CNS,mouse,DOWN,True
OSD-564,Cyp26b1,232174,1.03222,0.0320682,hippocampus,CNS,mouse,UP,True
OSD-564,Gm25395,115485773,-1.66517,7.53142e-05,hippocampus,CNS,mouse,DOWN,True
OSD-564,Gas2l3,237436,1.19112,0.00350745,hippocampus,CNS,mouse,UP,True
OSD-564,Cops9,66915,-1.10566,0.00366787,hippocampus,CNS,mouse,DOWN,True
OSD-564,Rps27a-ps3,667035,-1.37366,0.00462141,hippocampus,CNS,mouse,DOWN,True
OSD-564,Gm25776,115488078,-1.91778,1.9549e-07,hippocampus,CNS,mouse,DOWN,True
OSD-564,Snora57,118027464,-2.55625,3.58336e-05,hippocampus,CNS,mouse,DOWN,True
OSD-564,H4c18,319161,-1.0446,0.00628261,hippocampus,CNS,mouse,DOWN,True
OSD-564,Snora23,100379145,-1.34885,0.0175166,hippocampus,CNS,mouse,DOWN,True
OSD-564,Unc13d,70450,-1.63447,0.0128539,hippocampus,CNS,mouse,DOWN,True
OSD-564,Cd209b,69165,-1.28848,0.0199323,hippocampus,CNS,mouse,DOWN,True
OSD-564,Gm25394,115488237,-1.90306,0.00725338,hippocampus,CNS,mouse,DOWN,True
OSD-564,Gm26165,115486130,-1.06076,0.0472781,hippocampus,CNS,mouse,DOWN,True
OSD-564,Emx2os,329078,-2.03973,0.00821374,hippocampus,CNS,mouse,DOWN,True
OSD-564,Baiap2l2,207495,2.66278,0.00350745,hippocampus,CNS,mouse,UP,True
OSD-564,Fgf18,14172,1.36343,0.0393613,hippocampus,CNS,mouse,UP,True
OSD-564,Snora9,115487884,-2.4019,4.37193e-10,hippocampus,CNS,mouse,DOWN,True
OSD-564,Zfp992,433791,-1.35317,0.000207254,hippocampus,CNS,mouse,DOWN,True
OSD-564,Scarna13,100306943,-1.27834,0.000186583,hippocampus,CNS,mouse,DOWN,True
OSD-564,Gm35612,102639259,-1.39697,0.0235767,hippocampus,CNS,mouse,DOWN,True
OSD-564,Rn7sk,19817,-1.46574,9.90128e-06,hippocampus,CNS,mouse,DOWN,True
OSD-564,Gm23639,115489002,-2.51318,0.010869,hippocampus,CNS,mouse,DOWN,True
OSD-564,Zim1,22776,1.0147,0.0338207,hippocampus,CNS,mouse,UP,True
OSD-564,Gm22748,115488064,-2.28551,8.22797e-05,hippocampus,CNS,mouse,DOWN,True
OSD-564,Snora34,100217417,-2.07274,0.00359118,hippocampus,CNS,mouse,DOWN,True
OSD-564,Scarna6,100217415,-1.608,0.0207402,hippocampus,CNS,mouse,DOWN,True
OSD-564,Scarna3a,100217414,-1.96225,0.0287165,hippocampus,CNS,mouse,DOWN,True
OSD-564,Ndufaf6,76947,-1.16132,0.00618027,hippocampus,CNS,mouse,DOWN,True
OSD-564,Gm22154,115490050,-1.9785,0.000498529,hippocampus,CNS,mouse,DOWN,True
OSD-564,Rpl10-ps3,100043346,-1.01689,0.032515,hippocampus,CNS,mouse,DOWN,True
OSD-564,A430078I02Rik,320486,-1.14004,0.0456168,hippocampus,CNS,mouse,DOWN,True
OSD-564,Gm24233,115485895,-2.26346,0.000471016,hippocampus,CNS,mouse,DOWN,True
OSD-564,Myh7b,668940,1.33743,0.0342729,hippocampus,CNS,mouse,UP,True
OSD-564,Slc9a3,105243,3.18917,0.00099993,hippocampus,CNS,mouse,UP,True
OSD-564,Snora7a,100217451,-2.10169,2.19587e-05,hippocampus,CNS,mouse,DOWN,True
OSD-564,1700112D23Rik,73611,-1.06158,0.0388384,hippocampus,CNS,mouse,DOWN,True
OSD-564,Pkhd1l1,192190,-3.17394,0.00637846,hippocampus,CNS,mouse,DOWN,True
OSD-564,Gm25788,115490049,-1.89319,3.92805e-07,hippocampus,CNS,mouse,DOWN,True
OSD-612,Zfpm2,22762,-2.00252,0.00941036,cerebral hemisphere,CNS,mouse,DOWN,True
OSD-612,Eda2r,245527,-1.76238,0.00230925,cerebral hemisphere,CNS,mouse,DOWN,True
OSD-612,H2-K2,630499,-2.68294,0.0209076,cerebral hemisphere,CNS,mouse,DOWN,True
OSD-612,Zfp521,225207,-1.99307,0.00707463,cerebral hemisphere,CNS,mouse,DOWN,True
OSD-612,Gm16523,100042584,1.39788,0.0238667,cerebral hemisphere,CNS,mouse,UP,True
OSD-612,Git1,216963,1.37671,0.0379526,cerebral hemisphere,CNS,mouse,UP,True
OSD-612,Cntn2,21367,-1.3775,0.026826,cerebral hemisphere,CNS,mouse,DOWN,True
OSD-612,Gm24727,115487050,-1.01709,0.0442906,cerebral hemisphere,CNS,mouse,DOWN,True
OSD-612,H2-D1,14964,-1.21689,0.03582,cerebral hemisphere,CNS,mouse,DOWN,True
OSD-612,Tll1,21892,-2.49913,0.0227512,cerebral hemisphere,CNS,mouse,DOWN,True
OSD-612,Mast2,17776,1.00386,0.00841999,cerebral hemisphere,CNS,mouse,UP,True
OSD-612,Dusp7,235584,1.1087,0.0373002,cerebral hemisphere,CNS,mouse,UP,True
OSD-612,Lrrc3,237387,1.54972,0.0336823,cerebral hemisphere,CNS,mouse,UP,True
OSD-612,Stard8,236920,1.20899,0.0192327,cerebral hemisphere,CNS,mouse,UP,True
OSD-612,Zfp658,210104,-1.48651,0.00337673,cerebral hemisphere,CNS,mouse,DOWN,True
OSD-612,Aard,239435,-1.22113,0.0108608,cerebral hemisphere,CNS,mouse,DOWN,True
OSD-612,Ly6g6d,114654,-2.93116,0.00741085,cerebral hemisphere,CNS,mouse,DOWN,True
OSD-612,Cit,12704,1.52345,0.0162931,cerebral hemisphere,CNS,mouse,UP,True
OSD-612,Gadd45a,13197,-1.12048,0.00309545,cerebral hemisphere,CNS,mouse,DOWN,True
OSD-612,Cnr1,12801,-1.56906,0.0409698,cerebral hemisphere,CNS,mouse,DOWN,True
OSD-612,Neb,17996,-3.69388,0.00292924,cerebral hemisphere,CNS,mouse,DOWN,True
OSD-612,Cimap1b,70113,-2.10865,0.0150047,cerebral hemisphere,CNS,mouse,DOWN,True
OSD-612,Cgn,70737,-1.2277,0.0157717,cerebral hemisphere,CNS,mouse,DOWN,True
OSD-612,Etv1,14009,-1.62346,0.0361297,cerebral hemisphere,CNS,mouse,DOWN,True
OSD-612,Gprc5c,70355,-2.8968,0.00704052,cerebral hemisphere,CNS,mouse,DOWN,True
OSD-612,Tmem229b,268567,-1.33612,0.0431124,cerebral hemisphere,CNS,mouse,DOWN,True
OSD-612,A930011G23Rik,320292,1.28873,0.0416055,cerebral hemisphere,CNS,mouse,UP,True
OSD-612,Cdkn1b,12576,-1.36691,0.00482029,cerebral hemisphere,CNS,mouse,DOWN,True
OSD-612,Pik3r3,18710,-1.24645,0.0478601,cerebral hemisphere,CNS,mouse,DOWN,True
OSD-612,A930011G23Rik,319818,1.28873,0.0416055,cerebral hemisphere,CNS,mouse,UP,True
OSD-612,Csf2rb2,12984,1.92597,0.0322937,cerebral hemisphere,CNS,mouse,UP,True
OSD-612,Gm10033,378466,-1.03352,0.0060824,cerebral hemisphere,CNS,mouse,DOWN,True
OSD-612,B3gnt5,108105,-4.15276,0.000339322,cerebral hemisphere,CNS,mouse,DOWN,True
OSD-612,Airn,104103,-2.90644,0.000728373,cerebral hemisphere,CNS,mouse,DOWN,True
OSD-612,Rec8,56739,-2.43379,0.0309912,cerebral hemisphere,CNS,mouse,DOWN,True
OSD-612,Nxpe4,244853,1.08114,0.0254047,cerebral hemisphere,CNS,mouse,UP,True
OSD-612,Nyx,236690,-1.54434,0.0465301,cerebral hemisphere,CNS,mouse,DOWN,True
OSD-612,2900026A02Rik,243219,1.2195,0.0221673,cerebral hemisphere,CNS,mouse,UP,True
OSD-612,Acrbp,54137,-1.3169,0.0449263,cerebral hemisphere,CNS,mouse,DOWN,True
OSD-612,Cep76,225659,-3.10854,0.00236742,cerebral hemisphere,CNS,mouse,DOWN,True
OSD-612,Ephb2,13844,-1.33967,0.0418363,cerebral hemisphere,CNS,mouse,DOWN,True
OSD-612,Dact1,59036,-1.80998,0.0436405,cerebral hemisphere,CNS,mouse,DOWN,True
OSD-612,Syce2,71846,-1.08206,0.0351865,cerebral hemisphere,CNS,mouse,DOWN,True
OSD-612,Arhgap15,76117,1.50258,0.0400622,cerebral hemisphere,CNS,mouse,UP,True
OSD-612,Rgs9bp,243923,2.01005,0.0252892,cerebral hemisphere,CNS,mouse,UP,True
OSD-612,Zfpm1,22761,1.21948,0.0319197,cerebral hemisphere,CNS,mouse,UP,True
OSD-612,Stap2,106766,-2.46856,0.0111454,cerebral hemisphere,CNS,mouse,DOWN,True
OSD-612,Upk1b,22268,1.49084,0.0451153,cerebral hemisphere,CNS,mouse,UP,True
OSD-612,Prokr1,58182,2.27278,0.0135497,cerebral hemisphere,CNS,mouse,UP,True
OSD-612,Sprn,212518,1.17602,0.00277942,cerebral hemisphere,CNS,mouse,UP,True
OSD-612,Gcnt1,14537,-2.58203,0.0062849,cerebral hemisphere,CNS,mouse,DOWN,True
OSD-612,1700034H15Rik,98736,1.32734,0.0467453,cerebral hemisphere,CNS,mouse,UP,True
OSD-612,Poln,272158,1.37812,0.0161531,cerebral hemisphere,CNS,mouse,UP,True
OSD-612,Fat2,245827,-7.78002,7.4539e-05,cerebral hemisphere,CNS,mouse,DOWN,True
OSD-612,Tnni3k,435766,2.95671,0.0161363,cerebral hemisphere,CNS,mouse,UP,True
OSD-612,Gm2694,100040294,-3.5276,0.000583642,cerebral hemisphere,CNS,mouse,DOWN,True
OSD-612,Pi15,94227,-1.48205,0.016889,cerebral hemisphere,CNS,mouse,DOWN,True
OSD-612,Stum,381310,2.31167,0.0189971,cerebral hemisphere,CNS,mouse,UP,True
OSD-612,Zfp523,224656,1.18059,0.0497162,cerebral hemisphere,CNS,mouse,UP,True
OSD-612,Selenom,114679,-1.61148,0.00707463,cerebral hemisphere,CNS,mouse,DOWN,True
OSD-612,Dsp,109620,2.31826,0.0192327,cerebral hemisphere,CNS,mouse,UP,True
OSD-612,Ugt2b5,22238,-5.01121,0.0365865,cerebral hemisphere,CNS,mouse,DOWN,True
OSD-612,Marchf10,632687,1.91697,0.0330052,cerebral hemisphere,CNS,mouse,UP,True
OSD-612,Tmem62,96957,-1.21133,0.0156186,cerebral hemisphere,CNS,mouse,DOWN,True
OSD-612,Snrk,20623,-1.69929,0.0212794,cerebral hemisphere,CNS,mouse,DOWN,True
OSD-612,Pkp3,56460,-6.72239,1.784e-05,cerebral hemisphere,CNS,mouse,DOWN,True
OSD-612,Galnt7,108150,-1.45928,0.0187615,cerebral hemisphere,CNS,mouse,DOWN,True
OSD-612,Mpp4,227157,-2.70789,0.00337673,cerebral hemisphere,CNS,mouse,DOWN,True
OSD-612,Ntn1,18208,-1.34575,0.0126208,cerebral hemisphere,CNS,mouse,DOWN,True
OSD-612,Lrrc2,74249,-1.53448,0.0336823,cerebral hemisphere,CNS,mouse,DOWN,True
OSD-612,Map3k10,269881,1.19653,0.0301479,cerebral hemisphere,CNS,mouse,UP,True
OSD-612,Usp3,235441,-1.52816,0.0282511,cerebral hemisphere,CNS,mouse,DOWN,True
OSD-612,Alms1,236266,-1.46088,0.0459828,cerebral hemisphere,CNS,mouse,DOWN,True
OSD-612,Srpk3,56504,1.24032,0.0196311,cerebral hemisphere,CNS,mouse,UP,True
OSD-612,Zfhx2,239102,1.04293,4.95693e-05,cerebral hemisphere,CNS,mouse,UP,True
OSD-612,Spc24,67629,-1.2385,0.0418815,cerebral hemisphere,CNS,mouse,DOWN,True
OSD-612,Atl2,56298,-1.02007,0.0262595,cerebral hemisphere,CNS,mouse,DOWN,True
OSD-612,Septin4,18952,-1.5082,0.00896451,cerebral hemisphere,CNS,mouse,DOWN,True
OSD-612,Fam81a,76886,1.65769,0.0293766,cerebral hemisphere,CNS,mouse,UP,True
OSD-612,H1f5,56702,-1.25563,0.0173398,cerebral hemisphere,CNS,mouse,DOWN,True
OSD-612,Colq,102639719,-2.67912,0.0206279,cerebral hemisphere,CNS,mouse,DOWN,True
OSD-612,Colq,382864,-2.67912,0.0206279,cerebral hemisphere,CNS,mouse,DOWN,True
OSD-612,Mpp7,75739,-1.77483,0.0123687,cerebral hemisphere,CNS,mouse,DOWN,True
OSD-612,Dlgap4,228836,1.00084,0.0188633,cerebral hemisphere,CNS,mouse,UP,True
OSD-612,Kcnq3,110862,1.55031,0.0185785,cerebral hemisphere,CNS,mouse,UP,True
OSD-612,R3hdm1,226412,1.63013,0.00883597,cerebral hemisphere,CNS,mouse,UP,True
OSD-612,Agbl2,271813,-1.99342,0.0233448,cerebral hemisphere,CNS,mouse,DOWN,True
OSD-612,Adra1b,11548,1.85071,0.000688046,cerebral hemisphere,CNS,mouse,UP,True
OSD-612,Fbxl22,74165,-1.75978,0.0445616,cerebral hemisphere,CNS,mouse,DOWN,True
OSD-612,Ltbp2,16997,-3.29987,0.0335555,cerebral hemisphere,CNS,mouse,DOWN,True
OSD-612,Sema4c,20353,-1.21328,0.0417056,cerebral hemisphere,CNS,mouse,DOWN,True
OSD-612,Nos1,18125,-1.39686,0.0315008,cerebral hemisphere,CNS,mouse,DOWN,True
OSD-612,Gnmt,14711,-3.30831,0.0325614,cerebral hemisphere,CNS,mouse,DOWN,True
OSD-612,Fgf13,14168,1.37044,0.0403013,cerebral hemisphere,CNS,mouse,UP,True
OSD-612,Traf3ip2,103213,-1.0028,0.0476426,cerebral hemisphere,CNS,mouse,DOWN,True
OSD-612,Polg2,50776,-1.08477,0.0433713,cerebral hemisphere,CNS,mouse,DOWN,True
OSD-612,Tmem8b,242409,1.15504,0.0124993,cerebral hemisphere,CNS,mouse,UP,True
OSD-612,Apc,11789,1.0527,0.00741085,cerebral hemisphere,CNS,mouse,UP,True
OSD-612,Kif21b,16565,1.1635,0.00431009,cerebral hemisphere,CNS,mouse,UP,True
OSD-612,Metrn,70083,-1.46828,0.0261012,cerebral hemisphere,CNS,mouse,DOWN,True
OSD-612,Cd300lb,217304,-5.10856,0.0141848,cerebral hemisphere,CNS,mouse,DOWN,True
OSD-612,Arhgap42,71544,1.19001,0.0161363,cerebral hemisphere,CNS,mouse,UP,True
OSD-612,Meis1,17268,-2.42013,0.00762279,cerebral hemisphere,CNS,mouse,DOWN,True
OSD-612,Aldh1l2,216188,-1.04168,0.0418569,cerebral hemisphere,CNS,mouse,DOWN,True
OSD-612,Akr1b7,11997,-7.0616,0.00212275,cerebral hemisphere,CNS,mouse,DOWN,True
OSD-612,Rad54l,19366,-1.40112,0.0376406,cerebral hemisphere,CNS,mouse,DOWN,True
OSD-612,Hpcal1,53602,-2.30524,0.00278395,cerebral hemisphere,CNS,mouse,DOWN,True
OSD-612,Nuf2,66977,-1.12845,0.0356263,cerebral hemisphere,CNS,mouse,DOWN,True
OSD-612,Cnnm4,94220,-1.17255,0.047772,cerebral hemisphere,CNS,mouse,DOWN,True
OSD-612,Pcsk6,18553,-1.59267,0.0344559,cerebral hemisphere,CNS,mouse,DOWN,True
OSD-612,Homer3,26558,-3.53897,0.00144922,cerebral hemisphere,CNS,mouse,DOWN,True
OSD-612,Icmt,57295,-1.62542,0.0400353,cerebral hemisphere,CNS,mouse,DOWN,True
OSD-612,Shf,435684,-1.66913,0.0326813,cerebral hemisphere,CNS,mouse,DOWN,True
OSD-612,Ptpn22,19260,-2.75494,0.0101878,cerebral hemisphere,CNS,mouse,DOWN,True
OSD-612,Hectd4,269700,1.04615,0.00642557,cerebral hemisphere,CNS,mouse,UP,True
OSD-612,Neurl2,415115,-1.19597,0.0492538,cerebral hemisphere,CNS,mouse,DOWN,True
OSD-612,Nsg1,18196,-1.38555,0.00509486,cerebral hemisphere,CNS,mouse,DOWN,True
OSD-612,Snora7a,100217451,-1.17465,0.0334145,cerebral hemisphere,CNS,mouse,DOWN,True
OSD-612,Fgf7,14178,-3.55532,0.0036319,cerebral hemisphere,CNS,mouse,DOWN,True
OSD-612,Zfp472,224691,-1.08849,0.0102456,cerebral hemisphere,CNS,mouse,DOWN,True
OSD-612,Chrdl1,83453,1.47157,0.0477055,cerebral hemisphere,CNS,mouse,UP,True
OSD-612,Chn2,69993,-3.80414,0.000224875,cerebral hemisphere,CNS,mouse,DOWN,True
OSD-612,Gm25791,115487273,-1.27244,0.0157335,cerebral hemisphere,CNS,mouse,DOWN,True
OSD-612,Chl1,12661,-1.05504,0.0467453,cerebral hemisphere,CNS,mouse,DOWN,True
OSD-612,Pvalb,19293,-2.76072,0.0110075,cerebral hemisphere,CNS,mouse,DOWN,True
OSD-612,Lcp2,16822,1.36652,0.0433793,cerebral hemisphere,CNS,mouse,UP,True
OSD-612,Nr2f1,13865,1.08943,0.0331038,cerebral hemisphere,CNS,mouse,UP,True
OSD-612,Tmem266,244886,-2.06102,0.0376406,cerebral hemisphere,CNS,mouse,DOWN,True
OSD-612,C130074G19Rik,226777,1.15621,0.020102,cerebral hemisphere,CNS,mouse,UP,True
OSD-612,Cdh7,241201,-1.2865,0.0115103,cerebral hemisphere,CNS,mouse,DOWN,True
OSD-612,Ttbk1,106763,1.19813,0.00350702,cerebral hemisphere,CNS,mouse,UP,True
OSD-612,Nek2,18005,-2.92636,0.00505421,cerebral hemisphere,CNS,mouse,DOWN,True
OSD-612,Prkca,18750,1.03095,0.0246695,cerebral hemisphere,CNS,mouse,UP,True
OSD-612,Rap1gap2,380711,1.03489,0.0138893,cerebral hemisphere,CNS,mouse,UP,True
OSD-612,Dbi,13167,-1.15381,0.00545916,cerebral hemisphere,CNS,mouse,DOWN,True
OSD-612,4930447N08Rik,71647,4.98437,0.000821584,cerebral hemisphere,CNS,mouse,UP,True
OSD-612,Nab2,17937,-1.21766,0.0194986,cerebral hemisphere,CNS,mouse,DOWN,True
OSD-612,Lgr5,14160,-1.53232,0.0156123,cerebral hemisphere,CNS,mouse,DOWN,True
OSD-612,Olfm3,229759,-1.93179,0.00896045,cerebral hemisphere,CNS,mouse,DOWN,True
OSD-612,Erg28,58520,-1.12572,0.014661,cerebral hemisphere,CNS,mouse,DOWN,True
OSD-612,Trpv4,63873,1.26569,0.039693,cerebral hemisphere,CNS,mouse,UP,True
OSD-612,Fam107b,66540,-2.37344,0.00840833,cerebral hemisphere,CNS,mouse,DOWN,True
OSD-612,B4galt2,53418,1.20929,0.0473163,cerebral hemisphere,CNS,mouse,UP,True
OSD-612,Adhfe1,76187,1.17643,0.0371751,cerebral hemisphere,CNS,mouse,UP,True
OSD-612,Iqschfp,100505386,2.08676,0.0187278,cerebral hemisphere,CNS,mouse,UP,True
OSD-612,Homer2,26557,1.71434,0.0203217,cerebral hemisphere,CNS,mouse,UP,True
OSD-612,Slc22a4,30805,-2.24516,0.0101878,cerebral hemisphere,CNS,mouse,DOWN,True
OSD-612,Arg1,11846,-3.37323,0.0218191,cerebral hemisphere,CNS,mouse,DOWN,True
OSD-612,Dyrk2,69181,1.06173,0.0315661,cerebral hemisphere,CNS,mouse,UP,True
OSD-612,Skor2,664805,-7.13076,0.00236742,cerebral hemisphere,CNS,mouse,DOWN,True
OSD-612,Wwc1,211652,1.27773,0.0146786,cerebral hemisphere,CNS,mouse,UP,True
OSD-612,Cnksr3,215748,-2.30784,0.0366143,cerebral hemisphere,CNS,mouse,DOWN,True
OSD-612,Tspan4,64540,-1.7715,0.00981233,cerebral hemisphere,CNS,mouse,DOWN,True
OSD-612,Traf1,22029,-2.69783,0.00283138,cerebral hemisphere,CNS,mouse,DOWN,True
OSD-612,Dpf3,70127,-1.66299,0.0493974,cerebral hemisphere,CNS,mouse,DOWN,True
OSD-612,Pou6f2,218030,1.6536,0.0287885,cerebral hemisphere,CNS,mouse,UP,True
OSD-612,Abhd16a,193742,-1.38465,0.0286797,cerebral hemisphere,CNS,mouse,DOWN,True
OSD-612,Nsmf,56876,1.93707,0.0115104,cerebral hemisphere,CNS,mouse,UP,True
OSD-612,Sdc1,20969,-2.82607,0.00450986,cerebral hemisphere,CNS,mouse,DOWN,True
OSD-612,Dpysl4,26757,-1.28117,0.0436974,cerebral hemisphere,CNS,mouse,DOWN,True
OSD-612,Als2,74018,-1.94375,0.0211449,cerebral hemisphere,CNS,mouse,DOWN,True
OSD-612,Olfm5,244180,1.93109,0.0450162,cerebral hemisphere,CNS,mouse,UP,True
OSD-612,Ropn1,76378,3.00838,0.0320658,cerebral hemisphere,CNS,mouse,UP,True
OSD-612,Zic2,22772,-2.33327,0.0403013,cerebral hemisphere,CNS,mouse,DOWN,True
OSD-612,Tex15,104271,1.49015,0.0337928,cerebral hemisphere,CNS,mouse,UP,True
OSD-612,R3hdm2,71750,1.08636,0.0382633,cerebral hemisphere,CNS,mouse,UP,True
OSD-612,Otub2,68149,1.06216,0.0156627,cerebral hemisphere,CNS,mouse,UP,True
OSD-612,Tmem44,224090,1.60446,0.043912,cerebral hemisphere,CNS,mouse,UP,True
OSD-612,Nupr1,56312,1.31291,0.0293297,cerebral hemisphere,CNS,mouse,UP,True
OSD-612,Nrg3,18183,1.18402,0.0387787,cerebral hemisphere,CNS,mouse,UP,True
OSD-612,Cyp27a1,104086,-1.43983,0.00224139,cerebral hemisphere,CNS,mouse,DOWN,True
OSD-612,Pms1,227099,-1.05365,0.0457189,cerebral hemisphere,CNS,mouse,DOWN,True
OSD-612,Slc2a5,56485,2.2499,0.0161531,cerebral hemisphere,CNS,mouse,UP,True
OSD-612,Ptgs2os2,102639566,3.18083,0.0348197,cerebral hemisphere,CNS,mouse,UP,True
OSD-612,F630040K05Rik,433111,1.4142,0.0497162,cerebral hemisphere,CNS,mouse,UP,True
OSD-612,Tspan9,109246,-1.70879,0.034198,cerebral hemisphere,CNS,mouse,DOWN,True
OSD-612,H6pd,100198,-1.3218,0.0334145,cerebral hemisphere,CNS,mouse,DOWN,True
OSD-612,Krt24,75706,-3.69701,0.0360167,cerebral hemisphere,CNS,mouse,DOWN,True
OSD-612,Acap3,140500,1.26304,0.000483363,cerebral hemisphere,CNS,mouse,UP,True
OSD-612,Cd38,12494,-1.40322,0.0320622,cerebral hemisphere,CNS,mouse,DOWN,True
OSD-612,A2m,232345,-2.7838,0.0200452,cerebral hemisphere,CNS,mouse,DOWN,True
OSD-612,Il22,50929,-6.63794,0.0118323,cerebral hemisphere,CNS,mouse,DOWN,True
OSD-612,Il22b,116849,-6.75971,0.0126022,cerebral hemisphere,CNS,mouse,DOWN,True
OSD-612,Asph,65973,-1.25584,0.048003,cerebral hemisphere,CNS,mouse,DOWN,True
OSD-612,Calb1,12307,-2.03193,0.010347,cerebral hemisphere,CNS,mouse,DOWN,True
OSD-612,Mapk12,29857,-2.16566,0.0060824,cerebral hemisphere,CNS,mouse,DOWN,True
OSD-612,Allc,94041,3.53684,0.0262737,cerebral hemisphere,CNS,mouse,UP,True
OSD-612,Pitpnm2,19679,1.41878,0.0387787,cerebral hemisphere,CNS,mouse,UP,True
OSD-612,Tmprss5,80893,-2.24349,0.0377155,cerebral hemisphere,CNS,mouse,DOWN,True
OSD-612,Cabp1,29867,1.10601,0.0206063,cerebral hemisphere,CNS,mouse,UP,True
OSD-612,Pan3,72587,-1.15064,0.0414471,cerebral hemisphere,CNS,mouse,DOWN,True
OSD-612,Dgkg,110197,-1.67891,0.0121464,cerebral hemisphere,CNS,mouse,DOWN,True
OSD-612,Slc41a3,71699,-2.09807,0.0281306,cerebral hemisphere,CNS,mouse,DOWN,True
OSD-612,Cntn6,53870,-1.53011,0.0387787,cerebral hemisphere,CNS,mouse,DOWN,True
OSD-612,Plce1,74055,-1.2587,0.0321361,cerebral hemisphere,CNS,mouse,DOWN,True
OSD-612,Prim1,19075,-1.01588,0.000161025,cerebral hemisphere,CNS,mouse,DOWN,True
OSD-612,Afap1l2,226250,-1.90575,0.0126208,cerebral hemisphere,CNS,mouse,DOWN,True
OSD-612,Tdo2,56720,-3.56945,0.00204378,cerebral hemisphere,CNS,mouse,DOWN,True
OSD-612,Rnf19b,75234,-1.24581,0.0466155,cerebral hemisphere,CNS,mouse,DOWN,True
OSD-612,Marveld2,218518,-2.20065,0.0200595,cerebral hemisphere,CNS,mouse,DOWN,True
OSD-612,E2f1,13555,1.61074,0.0184827,cerebral hemisphere,CNS,mouse,UP,True
OSD-612,Ebp,13595,-1.20471,0.0261504,cerebral hemisphere,CNS,mouse,DOWN,True
OSD-612,Mrgprf,211577,-2.20439,0.0393715,cerebral hemisphere,CNS,mouse,DOWN,True
OSD-612,Acsm5,272428,-2.40758,0.00380343,cerebral hemisphere,CNS,mouse,DOWN,True
OSD-612,Mtss1,211401,-1.42667,0.0425945,cerebral hemisphere,CNS,mouse,DOWN,True
OSD-612,Barhl2,104382,-4.72077,0.0273465,cerebral hemisphere,CNS,mouse,DOWN,True
OSD-612,Zranb1,360216,-1.11379,0.0334145,cerebral hemisphere,CNS,mouse,DOWN,True
OSD-612,Gm40518,105245003,7.14231,0.00926751,cerebral hemisphere,CNS,mouse,UP,True
OSD-612,Xkr7,228787,-1.97559,0.0379047,cerebral hemisphere,CNS,mouse,DOWN,True
OSD-612,Ccdc28b,66264,-1.24722,0.0239739,cerebral hemisphere,CNS,mouse,DOWN,True
OSD-612,Adamts10,224697,-1.76274,0.0334145,cerebral hemisphere,CNS,mouse,DOWN,True
OSD-612,Rorc,19885,-1.91156,0.0171326,cerebral hemisphere,CNS,mouse,DOWN,True
OSD-612,Tnfrsf12a,27279,-1.6167,0.0421691,cerebral hemisphere,CNS,mouse,DOWN,True
OSD-612,Serinc2,230779,-2.51233,0.0260947,cerebral hemisphere,CNS,mouse,DOWN,True
OSD-612,Tnfrsf11a,21934,1.0612,0.0141208,cerebral hemisphere,CNS,mouse,UP,True
OSD-612,Gabra6,14399,-9.80021,1.08598e-05,cerebral hemisphere,CNS,mouse,DOWN,True
OSD-612,Epb41,269587,-1.59185,0.0211449,cerebral hemisphere,CNS,mouse,DOWN,True
OSD-612,Itga8,241226,1.00088,0.046897,cerebral hemisphere,CNS,mouse,UP,True
OSD-612,4930447F24Rik,76873,-3.8648,0.0254322,cerebral hemisphere,CNS,mouse,DOWN,True
OSD-612,Cdk14,18647,1.249,0.0491686,cerebral hemisphere,CNS,mouse,UP,True
OSD-612,Pde3a,54611,-1.50727,0.0062849,cerebral hemisphere,CNS,mouse,DOWN,True
OSD-612,Fgf11,14166,-1.11075,0.00814212,cerebral hemisphere,CNS,mouse,DOWN,True
OSD-612,Med30,69790,-1.0022,0.0138893,cerebral hemisphere,CNS,mouse,DOWN,True
OSD-612,Kank2,235041,-1.75261,0.035727,cerebral hemisphere,CNS,mouse,DOWN,True
OSD-612,Gpr153,100129,1.76395,0.00351782,cerebral hemisphere,CNS,mouse,UP,True
OSD-612,Sipa1l1,217692,1.54139,0.0451478,cerebral hemisphere,CNS,mouse,UP,True
OSD-612,Myo15,17910,-3.0494,0.0214559,cerebral hemisphere,CNS,mouse,DOWN,True
OSD-612,Rab27a,11891,-1.18049,0.0158134,cerebral hemisphere,CNS,mouse,DOWN,True
OSD-612,Leo1,235497,-1.064,0.018333,cerebral hemisphere,CNS,mouse,DOWN,True
OSD-612,Reln,19699,-2.04241,0.00741085,cerebral hemisphere,CNS,mouse,DOWN,True
OSD-612,Nrep,27528,-2.30991,0.0179453,cerebral hemisphere,CNS,mouse,DOWN,True
OSD-612,Tmtc4,70551,-1.02538,0.0191445,cerebral hemisphere,CNS,mouse,DOWN,True
OSD-612,Ptchd1,211612,-1.08843,0.0433793,cerebral hemisphere,CNS,mouse,DOWN,True
OSD-612,Klk6,19144,-2.50105,0.00315173,cerebral hemisphere,CNS,mouse,DOWN,True
OSD-612,6330415G19Rik,320020,-1.28101,0.0316161,cerebral hemisphere,CNS,mouse,DOWN,True
OSD-612,P2ry2,18442,1.50043,0.0221664,cerebral hemisphere,CNS,mouse,UP,True
OSD-612,Car8,12319,-4.20661,0.00887973,cerebral hemisphere,CNS,mouse,DOWN,True
OSD-612,Gm12369,100417941,3.04318,0.00852866,cerebral hemisphere,CNS,mouse,UP,True
OSD-612,Bpifa6,545477,4.21459,0.0235863,cerebral hemisphere,CNS,mouse,UP,True
OSD-612,Zfp264,115485607,-1.41702,0.0395351,cerebral hemisphere,CNS,mouse,DOWN,True
OSD-612,Iqsec3,243621,1.12796,0.0437661,cerebral hemisphere,CNS,mouse,UP,True
OSD-612,Klhl33,546611,-1.44587,0.0310099,cerebral hemisphere,CNS,mouse,DOWN,True
OSD-612,Ucma,68527,-4.09826,0.000754767,cerebral hemisphere,CNS,mouse,DOWN,True
OSD-612,Jak3,16453,1.00794,0.025755,cerebral hemisphere,CNS,mouse,UP,True
OSD-612,Gm15083,102639720,-3.09315,0.0293365,cerebral hemisphere,CNS,mouse,DOWN,True
OSD-612,Nkx3-1,18095,2.77724,3.70248e-07,cerebral hemisphere,CNS,mouse,UP,True
OSD-612,Ildr2,100039795,1.66745,0.0382753,cerebral hemisphere,CNS,mouse,UP,True
OSD-612,Gm35287,102638811,-3.62369,0.00241909,cerebral hemisphere,CNS,mouse,DOWN,True
OSD-612,1700124L16Rik,67934,-1.61854,0.0291109,cerebral hemisphere,CNS,mouse,DOWN,True
OSD-612,Chd7,320790,-2.40283,0.0142158,cerebral hemisphere,CNS,mouse,DOWN,True
OSD-612,Il20rb,213208,-5.14051,0.00378377,cerebral hemisphere,CNS,mouse,DOWN,True
OSD-612,Neurod1,18012,-4.70537,0.00450986,cerebral hemisphere,CNS,mouse,DOWN,True
OSD-612,Rgl3,71746,-2.04786,0.0349064,cerebral hemisphere,CNS,mouse,DOWN,True
OSD-612,Zfp947,210853,-2.04158,0.000677571,cerebral hemisphere,CNS,mouse,DOWN,True
OSD-612,Ppp1r17,19051,-7.66122,1.11097e-05,cerebral hemisphere,CNS,mouse,DOWN,True
OSD-612,Gm46637,108168397,1.45048,0.0393715,cerebral hemisphere,CNS,mouse,UP,True
OSD-612,Synpo,104027,1.63689,0.0492978,cerebral hemisphere,CNS,mouse,UP,True
OSD-612,Greb1l,381157,2.42608,0.0102212,cerebral hemisphere,CNS,mouse,UP,True
OSD-612,5430421F17Rik,74489,-3.95209,0.00539763,cerebral hemisphere,CNS,mouse,DOWN,True
OSD-612,Ebf1,13591,-1.96443,0.000682942,cerebral hemisphere,CNS,mouse,DOWN,True
OSD-612,Nlrp3,216799,1.47302,0.0494848,cerebral hemisphere,CNS,mouse,UP,True
OSD-612,Zic1,22771,-2.6805,0.0389247,cerebral hemisphere,CNS,mouse,DOWN,True
OSD-612,Plscr1,22038,-1.04547,0.0433713,cerebral hemisphere,CNS,mouse,DOWN,True
OSD-612,Kcne5,66240,-1.06489,0.0418815,cerebral hemisphere,CNS,mouse,DOWN,True
OSD-612,Slc25a37,67712,1.11177,0.0214852,cerebral hemisphere,CNS,mouse,UP,True
OSD-612,Cacnb3,12297,1.69392,0.0228612,cerebral hemisphere,CNS,mouse,UP,True
OSD-612,Gm32113,102634564,-8.44541,0.000165446,cerebral hemisphere,CNS,mouse,DOWN,True
OSD-612,Gas2l1,78926,1.17568,0.0418815,cerebral hemisphere,CNS,mouse,UP,True
OSD-612,Bcdin3d,75284,-1.0483,0.0249138,cerebral hemisphere,CNS,mouse,DOWN,True
OSD-612,6530402F18Rik,76220,1.20814,0.0354932,cerebral hemisphere,CNS,mouse,UP,True
OSD-612,Mras,17532,1.03519,0.041706,cerebral hemisphere,CNS,mouse,UP,True
OSD-612,Rab6b,270192,1.24145,0.00896451,cerebral hemisphere,CNS,mouse,UP,True
OSD-612,Ipw,16353,1.11611,0.00639275,cerebral hemisphere,CNS,mouse,UP,True
OSD-612,Zmiz2,52915,1.14296,0.006535,cerebral hemisphere,CNS,mouse,UP,True
OSD-612,Fam13a,58909,-1.42359,0.0371312,cerebral hemisphere,CNS,mouse,DOWN,True
OSD-612,Tmem240,381582,-1.19602,0.0492978,cerebral hemisphere,CNS,mouse,DOWN,True
OSD-612,Pcdhgb6,93703,-1.02196,0.00707463,cerebral hemisphere,CNS,mouse,DOWN,True
OSD-612,Lhx5,16873,-2.69082,0.0370746,cerebral hemisphere,CNS,mouse,DOWN,True
OSD-612,Cdk6,12571,1.1833,0.0469595,cerebral hemisphere,CNS,mouse,UP,True
OSD-612,4933406I18Rik,71045,1.0632,0.00990508,cerebral hemisphere,CNS,mouse,UP,True
OSD-612,Calb2,12308,-2.61865,0.0303922,cerebral hemisphere,CNS,mouse,DOWN,True
OSD-612,Fxyd3,17178,-2.20549,0.0491686,cerebral hemisphere,CNS,mouse,DOWN,True
OSD-612,Gm19554,100503099,1.05063,0.0309052,cerebral hemisphere,CNS,mouse,UP,True
OSD-612,Ldlrap1,100017,-1.63928,0.0425945,cerebral hemisphere,CNS,mouse,DOWN,True
OSD-612,Wnt4,22417,1.22317,0.00965265,cerebral hemisphere,CNS,mouse,UP,True
OSD-612,Camta2,216874,1.16268,0.00151098,cerebral hemisphere,CNS,mouse,UP,True
OSD-612,Fzd7,14369,-1.62615,0.0294932,cerebral hemisphere,CNS,mouse,DOWN,True
OSD-612,Umodl1,52020,2.48615,0.0122385,cerebral hemisphere,CNS,mouse,UP,True
OSD-612,Gm31518,102633771,2.52118,0.00906146,cerebral hemisphere,CNS,mouse,UP,True
OSD-612,Gm34567,102637865,3.69021,0.00320861,cerebral hemisphere,CNS,mouse,UP,True
OSD-612,Vwde,232585,-4.7256,0.02202,cerebral hemisphere,CNS,mouse,DOWN,True
OSD-612,Cox7b2,78174,-1.97588,0.0397668,cerebral hemisphere,CNS,mouse,DOWN,True
OSD-612,Dlec1,320256,1.38115,0.0334145,cerebral hemisphere,CNS,mouse,UP,True
OSD-612,Gm14113,668920,-1.1612,0.0334364,cerebral hemisphere,CNS,mouse,DOWN,True
OSD-612,Gm5083,328235,-3.58529,0.0336823,cerebral hemisphere,CNS,mouse,DOWN,True
OSD-612,Pde9a,18585,-1.39566,0.0191445,cerebral hemisphere,CNS,mouse,DOWN,True
OSD-612,Glis3,226075,1.01063,0.0425945,cerebral hemisphere,CNS,mouse,UP,True
OSD-612,Armh4,67419,-1.8469,0.0100065,cerebral hemisphere,CNS,mouse,DOWN,True
OSD-612,Dipk2a,68861,-1.80126,0.0222461,cerebral hemisphere,CNS,mouse,DOWN,True
OSD-612,Gm25449,115486689,-2.2698,0.0348561,cerebral hemisphere,CNS,mouse,DOWN,True
OSD-612,Gm33152,102635943,-6.53892,0.005831,cerebral hemisphere,CNS,mouse,DOWN,True
OSD-612,Hes3,15207,-4.33271,0.0102456,cerebral hemisphere,CNS,mouse,DOWN,True
OSD-612,Rnf128,66889,-1.02043,0.00320861,cerebral hemisphere,CNS,mouse,DOWN,True
OSD-612,Megf11,214058,-2.79399,0.00555818,cerebral hemisphere,CNS,mouse,DOWN,True
OSD-612,Ndn,17984,-1.3187,0.0062849,cerebral hemisphere,CNS,mouse,DOWN,True
OSD-612,Gtdc1,227835,1.02846,0.0450162,cerebral hemisphere,CNS,mouse,UP,True
OSD-612,4833412C05Rik,73904,2.29338,0.0239739,cerebral hemisphere,CNS,mouse,UP,True
OSD-612,Slc25a23,66972,1.03516,0.0118705,cerebral hemisphere,CNS,mouse,UP,True
OSD-612,Pik3cd,18707,1.17796,0.00179422,cerebral hemisphere,CNS,mouse,UP,True
OSD-612,Ror1,26563,-2.41133,0.0220404,cerebral hemisphere,CNS,mouse,DOWN,True
OSD-612,Mtus1,102103,-1.3498,0.0235455,cerebral hemisphere,CNS,mouse,DOWN,True
OSD-612,Dusp10,63953,-1.77529,0.0107315,cerebral hemisphere,CNS,mouse,DOWN,True
OSD-612,Lhfp,108927,-1.40515,0.0490623,cerebral hemisphere,CNS,mouse,DOWN,True
OSD-612,Btg1,12226,-2.20666,0.00292782,cerebral hemisphere,CNS,mouse,DOWN,True
OSD-612,Wscd2,320916,-1.8142,0.028901,cerebral hemisphere,CNS,mouse,DOWN,True
OSD-612,Gchfr,320415,-2.40435,0.00883173,cerebral hemisphere,CNS,mouse,DOWN,True
OSD-612,Ust,338362,-1.79461,0.0087036,cerebral hemisphere,CNS,mouse,DOWN,True
OSD-612,Atxn1,20238,1.00504,0.030544,cerebral hemisphere,CNS,mouse,UP,True
OSD-612,Epha8,13842,-1.60537,0.0262595,cerebral hemisphere,CNS,mouse,DOWN,True
OSD-612,Khnyn,219094,-1.47069,0.0232338,cerebral hemisphere,CNS,mouse,DOWN,True
OSD-612,Plekhd1os,68354,-4.02663,0.0349064,cerebral hemisphere,CNS,mouse,DOWN,True
OSD-612,Shank1,243961,1.69073,0.0155902,cerebral hemisphere,CNS,mouse,UP,True
OSD-612,Lancl3,236285,-1.59848,0.00705056,cerebral hemisphere,CNS,mouse,DOWN,True
OSD-612,Erfe,227358,3.02805,0.0403069,cerebral hemisphere,CNS,mouse,UP,True
OSD-612,Trmt9b,319582,-2.52078,0.00292782,cerebral hemisphere,CNS,mouse,DOWN,True
OSD-612,Lhx5as1,102634302,-2.7789,0.0296801,cerebral hemisphere,CNS,mouse,DOWN,True
OSD-612,Sh3bgr,50795,-3.52533,0.000628047,cerebral hemisphere,CNS,mouse,DOWN,True
OSD-612,Gm35546,102639175,2.36819,0.0490623,cerebral hemisphere,CNS,mouse,UP,True
OSD-612,Dio3os,353504,-2.978,0.0159053,cerebral hemisphere,CNS,mouse,DOWN,True
OSD-612,Gm16574,100417422,-3.06774,0.011781,cerebral hemisphere,CNS,mouse,DOWN,True
OSD-612,Akain1,320722,-1.82173,0.0243523,cerebral hemisphere,CNS,mouse,DOWN,True
OSD-612,Gm35853,102639573,1.85659,0.0231144,cerebral hemisphere,CNS,mouse,UP,True
OSD-612,9330102E08Rik,330427,1.47356,0.00537953,cerebral hemisphere,CNS,mouse,UP,True
OSD-612,Lysmd3,80289,-1.03175,0.000847141,cerebral hemisphere,CNS,mouse,DOWN,True
OSD-612,Znrf1,170737,1.08253,0.0407952,cerebral hemisphere,CNS,mouse,UP,True
OSD-612,Il15,16168,-1.86119,0.0065026,cerebral hemisphere,CNS,mouse,DOWN,True
OSD-612,Irf2,16363,1.15519,0.00990508,cerebral hemisphere,CNS,mouse,UP,True
OSD-612,Sorbs2,234214,1.04095,0.00594311,cerebral hemisphere,CNS,mouse,UP,True
OSD-612,Nol4l,329540,1.07458,0.00144922,cerebral hemisphere,CNS,mouse,UP,True
OSD-612,Sdk1,330222,1.1612,0.0103871,cerebral hemisphere,CNS,mouse,UP,True
OSD-612,Mgll,23945,1.26793,0.0162931,cerebral hemisphere,CNS,mouse,UP,True
OSD-612,Rif1,51869,-1.5471,0.00651419,cerebral hemisphere,CNS,mouse,DOWN,True
OSD-612,Cenpe,229841,1.25592,0.0349028,cerebral hemisphere,CNS,mouse,UP,True
OSD-612,Lrrc3b,218763,-1.32934,0.0133436,cerebral hemisphere,CNS,mouse,DOWN,True
OSD-612,Erich5,239368,2.08242,0.0108711,cerebral hemisphere,CNS,mouse,UP,True
OSD-612,Gm33680,102636677,-1.25017,0.00270859,cerebral hemisphere,CNS,mouse,DOWN,True
OSD-612,Slc1a6,20513,-3.8201,0.000435902,cerebral hemisphere,CNS,mouse,DOWN,True
OSD-612,Fam181a,100504156,1.1749,0.0343329,cerebral hemisphere,CNS,mouse,UP,True
OSD-612,Pkd2l1,329064,-2.89952,0.00441143,cerebral hemisphere,CNS,mouse,DOWN,True
OSD-612,Gjd2,14617,-1.17955,0.000183337,cerebral hemisphere,CNS,mouse,DOWN,True
OSD-612,Ttyh2,117160,-1.1195,0.0318867,cerebral hemisphere,CNS,mouse,DOWN,True
OSD-612,Tmem109,68539,-1.19906,0.0447385,cerebral hemisphere,CNS,mouse,DOWN,True
OSD-612,Syt2,20980,-2.57225,0.00241909,cerebral hemisphere,CNS,mouse,DOWN,True
OSD-612,Atoh7,53404,-3.47375,0.0111404,cerebral hemisphere,CNS,mouse,DOWN,True
OSD-612,Cdcp3,71395,-4.70869,0.00377216,cerebral hemisphere,CNS,mouse,DOWN,True
OSD-612,CK137956,635169,2.35709,0.0287434,cerebral hemisphere,CNS,mouse,UP,True
OSD-612,Nlrp10,244202,-3.14683,0.00592137,cerebral hemisphere,CNS,mouse,DOWN,True
OSD-612,Arhgef33,381112,-6.2276,0.000208855,cerebral hemisphere,CNS,mouse,DOWN,True
OSD-612,Spred3,101809,1.05412,0.0267214,cerebral hemisphere,CNS,mouse,UP,True
OSD-612,Sycp1,20957,-9.23263,0.00296624,cerebral hemisphere,CNS,mouse,DOWN,True
OSD-612,Fut1,14343,-5.33651,0.0182848,cerebral hemisphere,CNS,mouse,DOWN,True
OSD-612,Rag1,19373,-3.51012,0.0103477,cerebral hemisphere,CNS,mouse,DOWN,True
OSD-612,Slc6a5,104245,-4.78101,0.00196762,cerebral hemisphere,CNS,mouse,DOWN,True
OSD-612,Cabp2,29866,-6.70172,0.00366211,cerebral hemisphere,CNS,mouse,DOWN,True
OSD-612,Aqp6,11831,-4.23546,0.0118391,cerebral hemisphere,CNS,mouse,DOWN,True
OSD-612,Mrln,69563,-4.27493,0.00981233,cerebral hemisphere,CNS,mouse,DOWN,True
OSD-612,Galnt13,271786,-1.31299,0.0195662,cerebral hemisphere,CNS,mouse,DOWN,True
OSD-612,Gm10654,665828,-3.25228,0.0228612,cerebral hemisphere,CNS,mouse,DOWN,True
OSD-612,Krt28,70843,-2.76951,0.0459828,cerebral hemisphere,CNS,mouse,DOWN,True
OSD-612,Vwa7,27762,-3.59865,0.00168097,cerebral hemisphere,CNS,mouse,DOWN,True
OSD-612,Gp1bb,14724,1.15404,0.0459828,cerebral hemisphere,CNS,mouse,UP,True
OSD-612,Grik2,14806,-1.00783,0.0371751,cerebral hemisphere,CNS,mouse,DOWN,True
OSD-612,Actbl2,238880,-4.86921,0.0103871,cerebral hemisphere,CNS,mouse,DOWN,True
OSD-612,Fstl4,320027,1.1158,0.0161363,cerebral hemisphere,CNS,mouse,UP,True
OSD-612,Myh3,17883,1.57045,0.0327267,cerebral hemisphere,CNS,mouse,UP,True
OSD-612,Arxes1,76219,-1.3135,0.00365165,cerebral hemisphere,CNS,mouse,DOWN,True
OSD-612,Ccl17,20295,1.79614,0.00814212,cerebral hemisphere,CNS,mouse,UP,True
OSD-612,Sh2d4b,328381,1.06053,0.0301049,cerebral hemisphere,CNS,mouse,UP,True
OSD-612,Skor1,207667,-3.42407,0.0146254,cerebral hemisphere,CNS,mouse,DOWN,True
OSD-612,Unc13a,382018,1.05463,0.00142549,cerebral hemisphere,CNS,mouse,UP,True
OSD-612,Tfap2a,21418,-2.56102,0.0218089,cerebral hemisphere,CNS,mouse,DOWN,True
OSD-612,Plekhs1,226245,1.99784,0.00525267,cerebral hemisphere,CNS,mouse,UP,True
OSD-612,Emilin3,280635,-4.91355,0.00161105,cerebral hemisphere,CNS,mouse,DOWN,True
OSD-612,Shc3,20418,1.86773,0.0255241,cerebral hemisphere,CNS,mouse,UP,True
OSD-612,Mab21l1,17116,-3.85017,0.0256181,cerebral hemisphere,CNS,mouse,DOWN,True
OSD-612,Cbln1,12404,-5.4604,0.00435131,cerebral hemisphere,CNS,mouse,DOWN,True
OSD-612,Crtam,54698,-8.58637,0.000324832,cerebral hemisphere,CNS,mouse,DOWN,True
OSD-612,Ccdc63,330188,-3.283,0.0274231,cerebral hemisphere,CNS,mouse,DOWN,True
OSD-612,Ccdc116,76872,1.37322,0.0333823,cerebral hemisphere,CNS,mouse,UP,True
OSD-612,Dusp9,75590,1.23885,0.0349064,cerebral hemisphere,CNS,mouse,UP,True
OSD-612,Tfap2b,21419,-2.21403,0.0243523,cerebral hemisphere,CNS,mouse,DOWN,True
OSD-612,Cd70,21948,-5.76774,0.0062849,cerebral hemisphere,CNS,mouse,DOWN,True
OSD-612,Scnn1g,20278,-3.25954,0.0325641,cerebral hemisphere,CNS,mouse,DOWN,True
OSD-612,Ebf3,13593,-1.99239,0.0393367,cerebral hemisphere,CNS,mouse,DOWN,True
OSD-612,Actrt3,76652,-1.8715,0.000380958,cerebral hemisphere,CNS,mouse,DOWN,True
OSD-612,Vwa3a,233813,1.39729,0.0242146,cerebral hemisphere,CNS,mouse,UP,True
OSD-612,Pax6,18508,-1.98937,0.0332566,cerebral hemisphere,CNS,mouse,DOWN,True
OSD-612,Cdh15,12555,-3.68687,0.000688046,cerebral hemisphere,CNS,mouse,DOWN,True
OSD-612,Il16,16170,-3.86409,0.0232175,cerebral hemisphere,CNS,mouse,DOWN,True
OSD-612,Nxf7,170722,2.42408,0.0404435,cerebral hemisphere,CNS,mouse,UP,True
OSD-612,Il23a,83430,-3.78668,0.047235,cerebral hemisphere,CNS,mouse,DOWN,True
OSD-612,Fam189a1,70638,1.5219,0.0334145,cerebral hemisphere,CNS,mouse,UP,True
OSD-612,Gm24924,115488991,-8.16624,0.0203918,cerebral hemisphere,CNS,mouse,DOWN,True
OSD-612,Dlgap3,242667,1.51899,0.0478601,cerebral hemisphere,CNS,mouse,UP,True
OSD-612,Disp3,242748,1.01379,0.021236,cerebral hemisphere,CNS,mouse,UP,True
OSD-612,Cdh18,320865,-1.56157,0.0180338,cerebral hemisphere,CNS,mouse,DOWN,True
OSD-612,9630028H03Rik,320684,-5.0578,0.0344861,cerebral hemisphere,CNS,mouse,DOWN,True
OSD-612,Cenpm,66570,1.14664,0.0379026,cerebral hemisphere,CNS,mouse,UP,True
OSD-612,Col2a1,12824,-2.50004,0.047573,cerebral hemisphere,CNS,mouse,DOWN,True
OSD-612,Slc5a1,20537,-6.35761,0.0177364,cerebral hemisphere,CNS,mouse,DOWN,True
OSD-612,Kctd8,243043,-1.32284,0.0043457,cerebral hemisphere,CNS,mouse,DOWN,True
OSD-612,Septin5,18951,1.15971,0.0195662,cerebral hemisphere,CNS,mouse,UP,True
OSD-612,Tmem74bos,228767,-3.92335,0.00684836,cerebral hemisphere,CNS,mouse,DOWN,True
OSD-612,Thegl,71868,-2.94185,0.01124,cerebral hemisphere,CNS,mouse,DOWN,True
OSD-612,Scube1,64706,2.21321,0.0138893,cerebral hemisphere,CNS,mouse,UP,True
OSD-612,Btn2a2,238555,1.32471,0.0191445,cerebral hemisphere,CNS,mouse,UP,True
OSD-612,Iqcj,208426,2.69277,0.0136124,cerebral hemisphere,CNS,mouse,UP,True
OSD-612,Robo3,19649,2.70012,0.015823,cerebral hemisphere,CNS,mouse,UP,True
OSD-612,Ldoc1,434784,-3.3367,0.00294544,cerebral hemisphere,CNS,mouse,DOWN,True
OSD-612,St6gal2,240119,1.75237,0.0433793,cerebral hemisphere,CNS,mouse,UP,True
OSD-612,Gm10635,100038575,2.51935,0.0117115,cerebral hemisphere,CNS,mouse,UP,True
OSD-612,Cwh43,231293,2.47204,0.0225143,cerebral hemisphere,CNS,mouse,UP,True
OSD-612,Hmga2-ps1,15365,1.74299,0.0127878,cerebral hemisphere,CNS,mouse,UP,True
OSD-612,Pcdhb8,93879,-1.6254,0.00246859,cerebral hemisphere,CNS,mouse,DOWN,True
OSD-612,Ebf2,13592,-2.36739,0.00220944,cerebral hemisphere,CNS,mouse,DOWN,True
OSD-612,Nrk,27206,-5.53207,0.00204378,cerebral hemisphere,CNS,mouse,DOWN,True
OSD-612,Nppc,18159,-1.23669,0.0239739,cerebral hemisphere,CNS,mouse,DOWN,True
OSD-612,Catsperz,67077,1.96209,0.0216937,cerebral hemisphere,CNS,mouse,UP,True
OSD-612,Mybpc3,17868,-4.39689,0.0132511,cerebral hemisphere,CNS,mouse,DOWN,True
OSD-612,Sln,66402,-2.74942,0.00441143,cerebral hemisphere,CNS,mouse,DOWN,True
OSD-612,Mcm2,17216,-1.01701,0.0227587,cerebral hemisphere,CNS,mouse,DOWN,True
OSD-612,Gm15179,100503248,-6.14965,0.0400056,cerebral hemisphere,CNS,mouse,DOWN,True
OSD-612,Shisa8,435145,-4.36174,0.000774852,cerebral hemisphere,CNS,mouse,DOWN,True
OSD-612,Lincmd1,105661730,-5.78639,0.0169697,cerebral hemisphere,CNS,mouse,DOWN,True
OSD-612,Zdhhc8,27801,1.00655,0.0227121,cerebral hemisphere,CNS,mouse,UP,True
OSD-612,Cntnap4,170571,-1.6942,0.00682731,cerebral hemisphere,CNS,mouse,DOWN,True
OSD-612,En2,13799,-5.85241,0.0118705,cerebral hemisphere,CNS,mouse,DOWN,True
OSD-612,9530059O14Rik,319626,1.83578,0.0136124,cerebral hemisphere,CNS,mouse,UP,True
OSD-612,Miat,330166,1.9855,0.0234894,cerebral hemisphere,CNS,mouse,UP,True
OSD-612,Snph,241727,1.32499,0.0334638,cerebral hemisphere,CNS,mouse,UP,True
OSD-612,Krt25,70810,-4.53073,0.00777667,cerebral hemisphere,CNS,mouse,DOWN,True
OSD-612,Rnf225,381845,-2.08899,0.0107407,cerebral hemisphere,CNS,mouse,DOWN,True
OSD-612,St18,240690,-3.42519,0.00151216,cerebral hemisphere,CNS,mouse,DOWN,True
OSD-612,Nt5c1b,70881,-4.66932,0.0239739,cerebral hemisphere,CNS,mouse,DOWN,True
OSD-612,Grb7,14786,-1.92721,0.0158044,cerebral hemisphere,CNS,mouse,DOWN,True
OSD-612,3632454L22Rik,320606,-1.82303,0.0035047,cerebral hemisphere,CNS,mouse,DOWN,True
OSD-612,Tgm5,74176,-4.19563,0.0215457,cerebral hemisphere,CNS,mouse,DOWN,True
OSD-612,Olfr78,170639,2.01553,0.031004,cerebral hemisphere,CNS,mouse,UP,True
OSD-612,H2-M5,240095,1.76954,0.0377155,cerebral hemisphere,CNS,mouse,UP,True
OSD-612,Bok,51800,1.40697,0.0116745,cerebral hemisphere,CNS,mouse,UP,True
OSD-612,Dact3,629378,1.51759,0.0286073,cerebral hemisphere,CNS,mouse,UP,True
OSD-612,Ctnna3,216033,-1.95953,0.0175355,cerebral hemisphere,CNS,mouse,DOWN,True
OSD-612,Ntng2,171171,1.62158,0.0213772,cerebral hemisphere,CNS,mouse,UP,True
OSD-612,Steap2,74051,-1.7282,0.0102212,cerebral hemisphere,CNS,mouse,DOWN,True
OSD-612,Sp5,64406,-2.30131,0.00601826,cerebral hemisphere,CNS,mouse,DOWN,True
OSD-612,Tnni3,21954,-1.7373,0.0260981,cerebral hemisphere,CNS,mouse,DOWN,True
OSD-612,Grid2,14804,-2.31213,0.0065271,cerebral hemisphere,CNS,mouse,DOWN,True
OSD-612,Tmem59l,67937,-1.39611,0.00193787,cerebral hemisphere,CNS,mouse,DOWN,True
OSD-612,Wnt9a,216795,2.06842,0.0185855,cerebral hemisphere,CNS,mouse,UP,True
OSD-612,1700047M11Rik,67330,-1.4973,0.0198615,cerebral hemisphere,CNS,mouse,DOWN,True
OSD-612,Dlx4os,320453,-2.91684,0.0379026,cerebral hemisphere,CNS,mouse,DOWN,True
OSD-612,Gpr4,319197,1.20733,0.047235,cerebral hemisphere,CNS,mouse,UP,True
OSD-612,Clec10a,17312,-1.40761,0.0286354,cerebral hemisphere,CNS,mouse,DOWN,True
OSD-612,Lct,226413,2.76701,0.00415278,cerebral hemisphere,CNS,mouse,UP,True
OSD-612,Mybpc1,109272,-4.10291,0.0327267,cerebral hemisphere,CNS,mouse,DOWN,True
OSD-612,Comp,12845,-3.73045,0.00114477,cerebral hemisphere,CNS,mouse,DOWN,True
OSD-612,Nipal2,223473,-1.05585,0.0377211,cerebral hemisphere,CNS,mouse,DOWN,True
OSD-612,Sgpp2,433323,-1.58336,0.0287383,cerebral hemisphere,CNS,mouse,DOWN,True
OSD-612,Endou,19011,1.35218,0.0397668,cerebral hemisphere,CNS,mouse,UP,True
OSD-612,Tdgf1,21667,-2.43935,0.0370746,cerebral hemisphere,CNS,mouse,DOWN,True
OSD-612,4833417C18Rik,73906,-1.28081,0.0382633,cerebral hemisphere,CNS,mouse,DOWN,True
OSD-612,Ark2c,225743,1.58489,0.00193787,cerebral hemisphere,CNS,mouse,UP,True
OSD-612,Gm11841,623671,1.47262,0.0378489,cerebral hemisphere,CNS,mouse,UP,True
OSD-612,Lhx1,16869,-4.97571,0.00674405,cerebral hemisphere,CNS,mouse,DOWN,True
OSD-612,Fbxo41,330369,1.03627,0.00266901,cerebral hemisphere,CNS,mouse,UP,True
OSD-612,Stac,20840,-2.98566,0.00158087,cerebral hemisphere,CNS,mouse,DOWN,True
OSD-612,Tdrd9,74691,2.94604,0.0169697,cerebral hemisphere,CNS,mouse,UP,True
OSD-612,Pcp2,18545,-10.5301,6.83018e-06,cerebral hemisphere,CNS,mouse,DOWN,True
OSD-612,Cdc42bpg,240505,-1.50558,0.0278247,cerebral hemisphere,CNS,mouse,DOWN,True
OSD-612,Chil5,229687,-3.87153,0.00467311,cerebral hemisphere,CNS,mouse,DOWN,True
OSD-612,Mpl,17480,3.13806,0.00174921,cerebral hemisphere,CNS,mouse,UP,True
OSD-612,4833422M21Rik,75768,1.21821,0.0492978,cerebral hemisphere,CNS,mouse,UP,True
OSD-612,Nwd2,319807,1.4331,0.00906146,cerebral hemisphere,CNS,mouse,UP,True
OSD-612,Gm19026,100418138,1.22242,0.0442906,cerebral hemisphere,CNS,mouse,UP,True
OSD-612,Ifitm10,320802,-1.52505,0.0370958,cerebral hemisphere,CNS,mouse,DOWN,True
OSD-612,Vwa3b,70853,1.95966,0.00725692,cerebral hemisphere,CNS,mouse,UP,True
OSD-612,Trim62,67525,-2.37728,0.00707463,cerebral hemisphere,CNS,mouse,DOWN,True
OSD-612,Casq2,12373,-1.97046,0.0218475,cerebral hemisphere,CNS,mouse,DOWN,True
OSD-612,Unc5b,107449,-1.8067,0.0165083,cerebral hemisphere,CNS,mouse,DOWN,True
OSD-612,A930024E05Rik,109202,-2.05803,0.0429665,cerebral hemisphere,CNS,mouse,DOWN,True
OSD-612,Zfp882,382019,-1.04886,0.0114092,cerebral hemisphere,CNS,mouse,DOWN,True
OSD-612,Kcnj12,16515,-2.11848,0.0258153,cerebral hemisphere,CNS,mouse,DOWN,True
OSD-612,Pidd1,57913,1.09406,0.017845,cerebral hemisphere,CNS,mouse,UP,True
OSD-612,Dnah9,237806,1.35934,0.0342299,cerebral hemisphere,CNS,mouse,UP,True
OSD-612,Trpc3,22065,-1.73506,0.0259374,cerebral hemisphere,CNS,mouse,DOWN,True
OSD-612,Fbxo5,67141,-1.37523,0.0138893,cerebral hemisphere,CNS,mouse,DOWN,True
OSD-612,Inpp5d,16331,1.38997,0.0211449,cerebral hemisphere,CNS,mouse,UP,True
OSD-612,Ptpn3,545622,1.45691,0.0103871,cerebral hemisphere,CNS,mouse,UP,True
OSD-612,Adamts4,240913,-1.11981,0.0127264,cerebral hemisphere,CNS,mouse,DOWN,True
OSD-612,Syt17,110058,1.86402,0.0191445,cerebral hemisphere,CNS,mouse,UP,True
OSD-612,Rnf122,68867,-2.48252,0.00364113,cerebral hemisphere,CNS,mouse,DOWN,True
OSD-612,Bex4,406217,-1.32276,0.000237126,cerebral hemisphere,CNS,mouse,DOWN,True
OSD-612,Psma8,73677,1.23668,0.0138209,cerebral hemisphere,CNS,mouse,UP,True
OSD-612,Kcnk10,72258,-2.22729,0.0122385,cerebral hemisphere,CNS,mouse,DOWN,True
OSD-612,Frzb,20378,1.65637,0.00391216,cerebral hemisphere,CNS,mouse,UP,True
OSD-612,Bcl2l15,229672,-6.08223,0.00144922,cerebral hemisphere,CNS,mouse,DOWN,True
OSD-612,Mkrn3,22652,-1.28644,0.032904,cerebral hemisphere,CNS,mouse,DOWN,True
OSD-612,Car9,230099,-4.29404,0.0118323,cerebral hemisphere,CNS,mouse,DOWN,True
OSD-612,Rhod,11854,-2.25104,0.0236605,cerebral hemisphere,CNS,mouse,DOWN,True
OSD-612,Mmp23,26561,-2.67747,0.025323,cerebral hemisphere,CNS,mouse,DOWN,True
OSD-612,Col6a4,68553,1.95185,0.0432916,cerebral hemisphere,CNS,mouse,UP,True
OSD-612,Abcc12,244562,-2.8787,0.0211449,cerebral hemisphere,CNS,mouse,DOWN,True
OSD-612,Dao,13142,-7.61556,0.0008902,cerebral hemisphere,CNS,mouse,DOWN,True
OSD-612,Aplnr,23796,-2.21256,0.0183728,cerebral hemisphere,CNS,mouse,DOWN,True
OSD-612,Rgs8,67792,-2.40843,0.00903709,cerebral hemisphere,CNS,mouse,DOWN,True
OSD-612,Klhl29,208439,1.01973,0.0397826,cerebral hemisphere,CNS,mouse,UP,True
OSD-612,Kcnb1,16500,1.60724,0.0497162,cerebral hemisphere,CNS,mouse,UP,True
OSD-612,Defb42,619548,-3.71765,0.0142664,cerebral hemisphere,CNS,mouse,DOWN,True
OSD-612,Scx,20289,-1.79349,0.047235,cerebral hemisphere,CNS,mouse,DOWN,True
OSD-612,Tuft1,22156,-1.40064,0.0403013,cerebral hemisphere,CNS,mouse,DOWN,True
OSD-612,Gdf10,14560,-2.76144,0.0034262,cerebral hemisphere,CNS,mouse,DOWN,True
OSD-612,Tmprss3,140765,-7.3322,0.00151098,cerebral hemisphere,CNS,mouse,DOWN,True
OSD-612,Evx2,14029,-4.90398,0.0379077,cerebral hemisphere,CNS,mouse,DOWN,True
OSD-612,C1qtnf12,67389,2.42251,0.00136763,cerebral hemisphere,CNS,mouse,UP,True
OSD-612,Tnfsf9,21950,-3.29852,0.00511697,cerebral hemisphere,CNS,mouse,DOWN,True
OSD-612,Pkib,18768,-2.07938,0.0220565,cerebral hemisphere,CNS,mouse,DOWN,True
OSD-612,H3f3b,15081,-1.18346,0.00517782,cerebral hemisphere,CNS,mouse,DOWN,True
OSD-612,Hk2,15277,-1.77036,0.0435141,cerebral hemisphere,CNS,mouse,DOWN,True
OSD-612,Cnpy1,269637,-7.35705,0.00158087,cerebral hemisphere,CNS,mouse,DOWN,True
OSD-612,Tead4,21679,-2.27066,0.0202462,cerebral hemisphere,CNS,mouse,DOWN,True
OSD-612,Cux2,13048,1.51814,0.0328154,cerebral hemisphere,CNS,mouse,UP,True
OSD-612,Gja6,414089,1.77288,0.0206279,cerebral hemisphere,CNS,mouse,UP,True
OSD-612,Grm4,268934,-2.38579,0.0204324,cerebral hemisphere,CNS,mouse,DOWN,True
OSD-612,Ly6g6e,70274,-2.51636,0.00369992,cerebral hemisphere,CNS,mouse,DOWN,True
OSD-612,Mdfi,17240,-3.16831,0.0273759,cerebral hemisphere,CNS,mouse,DOWN,True
OSD-612,Ppp1r9b,217124,1.09029,0.0459935,cerebral hemisphere,CNS,mouse,UP,True
OSD-612,Eomes,13813,-5.43439,0.00419872,cerebral hemisphere,CNS,mouse,DOWN,True
OSD-612,Rps6ka1,20111,-1.94981,0.0137957,cerebral hemisphere,CNS,mouse,DOWN,True
OSD-612,Timp4,110595,-1.18176,0.045942,cerebral hemisphere,CNS,mouse,DOWN,True
OSD-612,Msx2,17702,-3.24072,0.00498161,cerebral hemisphere,CNS,mouse,DOWN,True
OSD-612,Spag6,381350,2.02745,0.0102212,cerebral hemisphere,CNS,mouse,UP,True
OSD-612,Ccne2,12448,-1.1935,0.0289099,cerebral hemisphere,CNS,mouse,DOWN,True
OSD-612,Fcor,100503924,-1.43135,0.0161363,cerebral hemisphere,CNS,mouse,DOWN,True
OSD-612,Klhl38,268807,1.22135,0.0110392,cerebral hemisphere,CNS,mouse,UP,True
OSD-612,Nlk,18099,1.0259,0.0497162,cerebral hemisphere,CNS,mouse,UP,True
OSD-612,M5C1000I18Rik,102633151,1.42697,0.00537953,cerebral hemisphere,CNS,mouse,UP,True
OSD-612,Adgrl1,330814,1.04274,0.0132511,cerebral hemisphere,CNS,mouse,UP,True
OSD-612,Zfp385c,278304,-4.26587,0.00250668,cerebral hemisphere,CNS,mouse,DOWN,True
OSD-612,Lhx1os,78365,-5.67034,0.009254,cerebral hemisphere,CNS,mouse,DOWN,True
OSD-612,Runx2,12393,1.51015,0.0344861,cerebral hemisphere,CNS,mouse,UP,True
OSD-612,Nptxr,73340,1.21036,0.00198179,cerebral hemisphere,CNS,mouse,UP,True
OSD-612,Pde1c,18575,-2.18156,0.0147799,cerebral hemisphere,CNS,mouse,DOWN,True
OSD-612,Ppfia3,76787,1.25937,0.00351877,cerebral hemisphere,CNS,mouse,UP,True
OSD-612,Dnah11,13411,-3.62964,0.0435417,cerebral hemisphere,CNS,mouse,DOWN,True
OSD-612,Gipc2,54120,-1.73798,0.00511697,cerebral hemisphere,CNS,mouse,DOWN,True
OSD-612,Cidea,12683,-1.6673,0.0138893,cerebral hemisphere,CNS,mouse,DOWN,True
OSD-612,Cbln3,56410,-9.39792,2.07856e-06,cerebral hemisphere,CNS,mouse,DOWN,True
OSD-612,Tprn,97031,-1.61125,0.0349064,cerebral hemisphere,CNS,mouse,DOWN,True
OSD-612,Kcng4,66733,-2.67367,0.0351865,cerebral hemisphere,CNS,mouse,DOWN,True
OSD-612,Nova2,384569,1.47541,0.000383937,cerebral hemisphere,CNS,mouse,UP,True
OSD-612,Prr35,100034748,-4.15962,0.00240959,cerebral hemisphere,CNS,mouse,DOWN,True
OSD-612,Bsn,12217,1.22615,0.000332446,cerebral hemisphere,CNS,mouse,UP,True
OSD-612,B3gat1,76898,1.29932,0.00332872,cerebral hemisphere,CNS,mouse,UP,True
OSD-612,6430571L13Rik,235599,-2.84018,0.00337673,cerebral hemisphere,CNS,mouse,DOWN,True
OSD-612,Slc13a1,55961,-5.47665,0.0118391,cerebral hemisphere,CNS,mouse,DOWN,True
OSD-612,Gm36608,102640578,-1.37028,0.0149681,cerebral hemisphere,CNS,mouse,DOWN,True
OSD-612,Gm18398,100417103,1.96819,0.0485703,cerebral hemisphere,CNS,mouse,UP,True
OSD-612,Cep72,74470,-3.33165,0.00230925,cerebral hemisphere,CNS,mouse,DOWN,True
OSD-612,Gm3226,100041240,1.02988,0.0101878,cerebral hemisphere,CNS,mouse,UP,True
OSD-612,Adamts18,208936,-3.04188,0.00254753,cerebral hemisphere,CNS,mouse,DOWN,True
OSD-612,Eif3s6-ps2,16343,1.95057,0.0494217,cerebral hemisphere,CNS,mouse,UP,True
OSD-612,Tssk5,73542,-6.3198,0.0470229,cerebral hemisphere,CNS,mouse,DOWN,True
OSD-612,Atp2a3,53313,-3.10727,0.00378377,cerebral hemisphere,CNS,mouse,DOWN,True
OSD-612,Col24a1,71355,2.48099,0.0177364,cerebral hemisphere,CNS,mouse,UP,True
OSD-612,Ptprr,19279,-2.15934,0.00382081,cerebral hemisphere,CNS,mouse,DOWN,True
OSD-612,Sost,74499,-2.82325,0.0108711,cerebral hemisphere,CNS,mouse,DOWN,True
OSD-612,Sgcg,24053,-2.9544,0.0336823,cerebral hemisphere,CNS,mouse,DOWN,True
OSD-612,Pld5,319455,-2.64695,0.0062849,cerebral hemisphere,CNS,mouse,DOWN,True
OSD-612,Uncx,22255,-4.87605,0.00614358,cerebral hemisphere,CNS,mouse,DOWN,True
OSD-612,Rapgefl1,268480,1.32709,0.00126764,cerebral hemisphere,CNS,mouse,UP,True
OSD-612,Syngap1,240057,1.73665,0.0218447,cerebral hemisphere,CNS,mouse,UP,True
OSD-612,Capn6,12338,1.02015,0.0140598,cerebral hemisphere,CNS,mouse,UP,True
OSD-612,Zfp967,100303732,1.30055,0.0387622,cerebral hemisphere,CNS,mouse,UP,True
OSD-612,Dusp5,240672,-2.87816,0.00839604,cerebral hemisphere,CNS,mouse,DOWN,True
OSD-612,Ppm1d,53892,-1.56562,0.0101664,cerebral hemisphere,CNS,mouse,DOWN,True
OSD-612,Syt4,20983,-1.15981,0.0191492,cerebral hemisphere,CNS,mouse,DOWN,True
OSD-612,Zfp652os,432396,1.14898,0.0464669,cerebral hemisphere,CNS,mouse,UP,True
OSD-612,Pitpnm3,327958,1.05408,0.00152188,cerebral hemisphere,CNS,mouse,UP,True
OSD-612,Plekhf1,72287,-1.49535,0.0486074,cerebral hemisphere,CNS,mouse,DOWN,True
OSD-612,Kit,16590,-1.70882,0.0187615,cerebral hemisphere,CNS,mouse,DOWN,True
OSD-612,Olfm4,380924,-1.16999,0.012001,cerebral hemisphere,CNS,mouse,DOWN,True
OSD-612,Pkp1,18772,2.21397,0.0178914,cerebral hemisphere,CNS,mouse,UP,True
OSD-612,Rad51c,114714,-1.19493,0.0102288,cerebral hemisphere,CNS,mouse,DOWN,True
OSD-612,Svep1,64817,-2.8221,0.00519676,cerebral hemisphere,CNS,mouse,DOWN,True
OSD-612,Lbx1,16814,-6.01981,0.00264779,cerebral hemisphere,CNS,mouse,DOWN,True
OSD-612,Brsk1,381979,1.18564,0.0416734,cerebral hemisphere,CNS,mouse,UP,True
OSD-612,Cdsn,386463,2.17995,0.0494502,cerebral hemisphere,CNS,mouse,UP,True
OSD-612,Tg,21819,-2.99806,0.0132511,cerebral hemisphere,CNS,mouse,DOWN,True
OSD-612,Tnnc1,21924,1.6194,0.00474695,cerebral hemisphere,CNS,mouse,UP,True
OSD-612,Corin,53419,-3.11056,0.0230417,cerebral hemisphere,CNS,mouse,DOWN,True
OSD-612,Gm7854,665934,-1.74878,0.0203997,cerebral hemisphere,CNS,mouse,DOWN,True
OSD-612,1700109H08Rik,77036,-1.13409,0.0241661,cerebral hemisphere,CNS,mouse,DOWN,True
OSD-612,Gria4,14802,-1.96388,0.0108608,cerebral hemisphere,CNS,mouse,DOWN,True
OSD-612,Acot5,217698,1.57747,0.00925656,cerebral hemisphere,CNS,mouse,UP,True
OSD-612,Dio2,13371,1.35291,0.0492978,cerebral hemisphere,CNS,mouse,UP,True
OSD-612,Fap,14089,1.31997,0.0465729,cerebral hemisphere,CNS,mouse,UP,True
OSD-612,Cacna2d2,56808,-1.38092,0.0202242,cerebral hemisphere,CNS,mouse,DOWN,True
OSD-612,Gm15787,100504007,1.07502,0.0344714,cerebral hemisphere,CNS,mouse,UP,True
OSD-612,Atxn7l3,217218,1.14907,0.00594311,cerebral hemisphere,CNS,mouse,UP,True
OSD-612,Pax2,18504,-5.23904,0.0338826,cerebral hemisphere,CNS,mouse,DOWN,True
OSD-612,Kcnab2,16498,1.41907,0.0216272,cerebral hemisphere,CNS,mouse,UP,True
OSD-612,Klhl30,70788,1.22229,0.0432916,cerebral hemisphere,CNS,mouse,UP,True
OSD-613,Rps21,66481,-1.0082,0.00763877,cerebral hemisphere,CNS,mouse,DOWN,True
OSD-613,H2bc22,319188,-1.19277,0.0104988,cerebral hemisphere,CNS,mouse,DOWN,True
OSD-613,Gpr55,227326,-1.54598,0.0224272,cerebral hemisphere,CNS,mouse,DOWN,True
OSD-613,Pou2f2,18987,1.00647,0.0369457,cerebral hemisphere,CNS,mouse,UP,True
OSD-613,Rps13,68052,-1.08235,0.0100579,cerebral hemisphere,CNS,mouse,DOWN,True
OSD-613,Nlrc5,434341,-1.17116,0.0492783,cerebral hemisphere,CNS,mouse,DOWN,True
OSD-613,Ndufb4,100042503,1.76321,0.015829,cerebral hemisphere,CNS,mouse,UP,True
OSD-613,Slc1a5,20514,-1.28749,0.0312996,cerebral hemisphere,CNS,mouse,DOWN,True
OSD-613,Cdca7,66953,-1.19257,0.00132393,cerebral hemisphere,CNS,mouse,DOWN,True
OSD-613,Gm25099,115490089,-2.99094,0.00143331,cerebral hemisphere,CNS,mouse,DOWN,True
OSD-613,Scarna6,100217415,-1.66114,0.00667742,cerebral hemisphere,CNS,mouse,DOWN,True
OSD-613,Snhg8,69895,-1.24069,0.00321094,cerebral hemisphere,CNS,mouse,DOWN,True
OSD-613,Gm23639,115489002,-2.61333,0.0229005,cerebral hemisphere,CNS,mouse,DOWN,True
OSD-613,Gm25395,115485773,-1.56338,0.0206167,cerebral hemisphere,CNS,mouse,DOWN,True
OSD-613,H4f16,320332,-1.47196,0.0132902,cerebral hemisphere,CNS,mouse,DOWN,True
OSD-613,2900060B14Rik,68204,-1.26453,0.00399419,cerebral hemisphere,CNS,mouse,DOWN,True
OSD-613,Slc39a2,214922,-1.32599,0.0132902,cerebral hemisphere,CNS,mouse,DOWN,True
OSD-613,Gm25890,115489767,-1.31056,0.010487,cerebral hemisphere,CNS,mouse,DOWN,True
OSD-613,Gm25360,115487690,-1.70949,0.0175972,cerebral hemisphere,CNS,mouse,DOWN,True
OSD-613,Gm22614,115489778,-1.31056,0.010487,cerebral hemisphere,CNS,mouse,DOWN,True
OSD-613,Snord17,100313519,-1.00644,0.0123965,cerebral hemisphere,CNS,mouse,DOWN,True
OSD-613,Hypk,67693,-1.38031,0.0147837,cerebral hemisphere,CNS,mouse,DOWN,True
OSD-613,Gm24265,115490317,-1.55377,0.0156327,cerebral hemisphere,CNS,mouse,DOWN,True
OSD-613,Gm23472,115487687,-2.05565,0.0256117,cerebral hemisphere,CNS,mouse,DOWN,True
OSD-613,Gm7536,665189,3.31243,0.00082108,cerebral hemisphere,CNS,mouse,UP,True
OSD-613,Gm23444,115487915,-2.05565,0.0256117,cerebral hemisphere,CNS,mouse,DOWN,True
OSD-613,H4c8,69386,-1.2437,0.0148228,cerebral hemisphere,CNS,mouse,DOWN,True
OSD-613,Gm24233,115485895,-4.33662,0.00826223,cerebral hemisphere,CNS,mouse,DOWN,True
OSD-613,Fign,60344,1.37781,0.013844,cerebral hemisphere,CNS,mouse,UP,True
OSD-613,Gm22513,115488051,-1.28605,0.020584,cerebral hemisphere,CNS,mouse,DOWN,True
OSD-613,Gm26448,115487256,-1.64252,0.00725628,cerebral hemisphere,CNS,mouse,DOWN,True
OSD-613,Cachd1,320508,1.14018,0.0481113,cerebral hemisphere,CNS,mouse,UP,True
OSD-613,Doc2g,60425,-4.27209,0.0218058,cerebral hemisphere,CNS,mouse,DOWN,True
OSD-613,Snora21,100302498,-2.08641,0.0145833,cerebral hemisphere,CNS,mouse,DOWN,True
OSD-613,Snora74a,436583,-1.62916,0.00235071,cerebral hemisphere,CNS,mouse,DOWN,True
OSD-613,Snord22,100127111,-2.71872,0.00577806,cerebral hemisphere,CNS,mouse,DOWN,True
OSD-613,Rpl36,54217,-1.249,0.00257228,cerebral hemisphere,CNS,mouse,DOWN,True
OSD-613,Snora30,100217442,-2.58017,0.0304963,cerebral hemisphere,CNS,mouse,DOWN,True
OSD-613,Gm15500,100043295,25.9399,2.40925e-06,cerebral hemisphere,CNS,mouse,UP,True
OSD-613,Gm22973,115488085,-2.53724,0.0150665,cerebral hemisphere,CNS,mouse,DOWN,True
OSD-613,Rnu12,104307,-2.4046,0.000235433,cerebral hemisphere,CNS,mouse,DOWN,True
OSD-613,Gm23297,115486827,-3.77203,0.0109867,cerebral hemisphere,CNS,mouse,DOWN,True
OSD-613,Rbm3,19652,-1.25498,1.90613e-05,cerebral hemisphere,CNS,mouse,DOWN,True
OSD-613,Gm26130,115488839,-2.72672,0.025683,cerebral hemisphere,CNS,mouse,DOWN,True
OSD-613,Gm22422,115486004,-1.84223,0.0341826,cerebral hemisphere,CNS,mouse,DOWN,True
OSD-613,Snord15b,449631,-1.31812,0.0393523,cerebral hemisphere,CNS,mouse,DOWN,True
OSD-613,Snora73b,100306945,-2.08512,0.000814433,cerebral hemisphere,CNS,mouse,DOWN,True
OSD-613,Atp5e,67126,-1.23253,0.0397684,cerebral hemisphere,CNS,mouse,DOWN,True
OSD-613,H2ac8,319166,-1.36098,0.0304963,cerebral hemisphere,CNS,mouse,DOWN,True
OSD-613,Gm23442,115488838,-1.95547,0.0195136,cerebral hemisphere,CNS,mouse,DOWN,True
OSD-613,Gm25788,115490049,-1.44914,0.00812848,cerebral hemisphere,CNS,mouse,DOWN,True
OSD-613,Snora44,100217418,-1.1801,0.0250269,cerebral hemisphere,CNS,mouse,DOWN,True
OSD-613,Hpcal1,53602,1.22981,0.000814433,cerebral hemisphere,CNS,mouse,UP,True
OSD-613,Snora7a,100217451,-1.95593,0.0049719,cerebral hemisphere,CNS,mouse,DOWN,True
OSD-613,Snora9,115487884,-2.6649,0.00152079,cerebral hemisphere,CNS,mouse,DOWN,True
OSD-613,Ap1s3,252903,1.42358,0.0130871,cerebral hemisphere,CNS,mouse,UP,True
OSD-613,Cdc37,12539,1.07153,0.0299307,cerebral hemisphere,CNS,mouse,UP,True
OSD-613,Lgals4,16855,-1.96427,0.021435,cerebral hemisphere,CNS,mouse,DOWN,True
OSD-613,Cyp26b1,232174,1.83319,0.0148318,cerebral hemisphere,CNS,mouse,UP,True
OSD-613,Rbm3,100043257,-1.25498,1.90613e-05,cerebral hemisphere,CNS,mouse,DOWN,True
OSD-613,Dbp,13170,-1.20197,1.63119e-06,cerebral hemisphere,CNS,mouse,DOWN,True
OSD-613,Inmt,21743,-2.00091,5.64488e-05,cerebral hemisphere,CNS,mouse,DOWN,True
OSD-613,Arntl,11865,1.04614,8.37025e-10,cerebral hemisphere,CNS,mouse,UP,True
OSD-613,Samsn1,67742,-1.04092,0.0495996,cerebral hemisphere,CNS,mouse,DOWN,True
OSD-613,Duox2,214593,-4.38108,0.0304963,cerebral hemisphere,CNS,mouse,DOWN,True
OSD-613,Snord15a,449630,-1.71904,0.0267727,cerebral hemisphere,CNS,mouse,DOWN,True
OSD-613,Cenpp,66336,-1.0525,0.0330696,cerebral hemisphere,CNS,mouse,DOWN,True
OSD-613,Fmc1,66117,-1.05311,0.0102946,cerebral hemisphere,CNS,mouse,DOWN,True
OSD-613,Crybg2,230806,-1.84101,0.025683,cerebral hemisphere,CNS,mouse,DOWN,True
OSD-613,Mgam,232714,-4.82834,0.0087246,cerebral hemisphere,CNS,mouse,DOWN,True
OSD-613,Gm22154,115490050,-2.52039,0.0170991,cerebral hemisphere,CNS,mouse,DOWN,True
OSD-613,Tbc1d2,381605,-1.01512,0.0408397,cerebral hemisphere,CNS,mouse,DOWN,True
OSD-613,Ier2,15936,-1.1593,0.00433653,cerebral hemisphere,CNS,mouse,DOWN,True
OSD-613,Cysltr2,70086,1.25942,0.0494757,cerebral hemisphere,CNS,mouse,UP,True
OSD-613,Gm5620,434428,1.74731,0.0140636,cerebral hemisphere,CNS,mouse,UP,True
OSD-613,Rbm38,56190,1.55079,0.0245768,cerebral hemisphere,CNS,mouse,UP,True
OSD-613,Snora73a,100306944,-1.99016,0.000235433,cerebral hemisphere,CNS,mouse,DOWN,True
OSD-613,Pmch,110312,3.61108,0.0441674,cerebral hemisphere,CNS,mouse,UP,True
OSD-613,Gm14113,668920,-1.08913,0.0212388,cerebral hemisphere,CNS,mouse,DOWN,True
OSD-613,Pin4-ps,105247253,1.96822,0.0405629,cerebral hemisphere,CNS,mouse,UP,True
OSD-613,Ccdc110,212392,1.30188,0.004917,cerebral hemisphere,CNS,mouse,UP,True
OSD-613,Pde4c,110385,-1.23869,0.0368117,cerebral hemisphere,CNS,mouse,DOWN,True
OSD-613,Chrm5,213788,2.51752,0.0315875,cerebral hemisphere,CNS,mouse,UP,True
OSD-613,9530057J20Rik,78672,-3.22405,0.0130007,cerebral hemisphere,CNS,mouse,DOWN,True
OSD-613,Gm53058,118027462,-1.14321,0.0311734,cerebral hemisphere,CNS,mouse,DOWN,True
OSD-613,Garin5a,75538,-1.33668,0.00226574,cerebral hemisphere,CNS,mouse,DOWN,True
OSD-613,Ccdc88b,78317,-1.16085,0.00834511,cerebral hemisphere,CNS,mouse,DOWN,True
OSD-613,Stt3a,16430,1.00908,0.0134277,cerebral hemisphere,CNS,mouse,UP,True
OSD-613,Scml4,268297,1.49449,0.00201229,cerebral hemisphere,CNS,mouse,UP,True
OSD-613,Stab1,192187,-1.00071,0.0234067,cerebral hemisphere,CNS,mouse,DOWN,True
OSD-613,Slc16a11,216867,-1.00353,0.0343653,cerebral hemisphere,CNS,mouse,DOWN,True
OSD-613,Gm35853,102639573,-1.68113,0.0301668,cerebral hemisphere,CNS,mouse,DOWN,True
OSD-613,Wbp11,60321,1.04019,0.00828292,cerebral hemisphere,CNS,mouse,UP,True
OSD-613,Kiss1,280287,3.07886,0.0419149,cerebral hemisphere,CNS,mouse,UP,True
OSD-613,Gm25129,115489591,-1.11952,0.0382821,cerebral hemisphere,CNS,mouse,DOWN,True
OSD-613,Rn7s1,103948,-1.02378,0.0146903,cerebral hemisphere,CNS,mouse,DOWN,True
OSD-613,Snora26,100313943,-2.56846,0.0167338,cerebral hemisphere,CNS,mouse,DOWN,True
OSD-613,Rpph1,85029,-1.15427,0.0267727,cerebral hemisphere,CNS,mouse,DOWN,True
OSD-613,Lime1,72699,-1.40282,0.000373227,cerebral hemisphere,CNS,mouse,DOWN,True
OSD-613,Gm23262,115486847,-1.64194,0.00456575,cerebral hemisphere,CNS,mouse,DOWN,True
OSD-613,Rmrp,19782,-1.6017,0.000814433,cerebral hemisphere,CNS,mouse,DOWN,True
OSD-613,Snhg20,76972,-2.47882,8.69012e-05,cerebral hemisphere,CNS,mouse,DOWN,True
OSD-613,Plcz1,114875,1.69262,0.0168631,cerebral hemisphere,CNS,mouse,UP,True
OSD-613,Alx4,11695,-1.96214,0.0178531,cerebral hemisphere,CNS,mouse,DOWN,True
OSD-613,Ccl3,20302,-1.68414,0.0301841,cerebral hemisphere,CNS,mouse,DOWN,True
OSD-613,Rnu1a1,19842,-1.3236,0.0405167,cerebral hemisphere,CNS,mouse,DOWN,True
OSD-613,Gm22068,115487842,-1.3236,0.0405167,cerebral hemisphere,CNS,mouse,DOWN,True
OSD-613,Gm22634,115488074,-1.3236,0.0405167,cerebral hemisphere,CNS,mouse,DOWN,True
OSD-613,Glra3,110304,1.32354,0.00908903,cerebral hemisphere,CNS,mouse,UP,True
OSD-613,Ghsr,208188,3.62095,0.0267727,cerebral hemisphere,CNS,mouse,UP,True
OSD-613,Gm17750,553095,-1.56226,0.012497,cerebral hemisphere,CNS,mouse,DOWN,True
OSD-613,H2bc14,319186,-1.2459,0.00752075,cerebral hemisphere,CNS,mouse,DOWN,True
OSD-613,Rpl7a-ps11,641660,-23.0585,5.64488e-05,cerebral hemisphere,CNS,mouse,DOWN,True
OSD-613,Npy2r,18167,1.35558,0.0436763,cerebral hemisphere,CNS,mouse,UP,True
OSD-613,Nppa,230899,-3.30642,0.0275427,cerebral hemisphere,CNS,mouse,DOWN,True
OSD-613,Acbd7,78245,-2.42087,0.0450354,cerebral hemisphere,CNS,mouse,DOWN,True
OSD-613,Prss56,69453,-2.77307,0.00670052,cerebral hemisphere,CNS,mouse,DOWN,True
OSD-613,Gm54112,118568512,-1.53228,0.00826223,cerebral hemisphere,CNS,mouse,DOWN,True
OSD-613,Casr,12374,3.16702,0.0433692,cerebral hemisphere,CNS,mouse,UP,True
OSD-613,Gm25989,115488715,-2.848,0.000814433,cerebral hemisphere,CNS,mouse,DOWN,True
OSD-613,Gm22634,115488060,-1.3236,0.0405167,cerebral hemisphere,CNS,mouse,DOWN,True
OSD-613,Gm26079,115490290,-2.02053,0.000909107,cerebral hemisphere,CNS,mouse,DOWN,True
OSD-613,Gdf1,14559,-9.11386,0.000814433,cerebral hemisphere,CNS,mouse,DOWN,True
OSD-613,Ftl1-ps2,434624,-1.00462,0.0373838,cerebral hemisphere,CNS,mouse,DOWN,True
OSD-613,H2bc12,319184,-1.48859,0.0102946,cerebral hemisphere,CNS,mouse,DOWN,True
OSD-613,Snhg9,73474,-2.14189,0.00129806,cerebral hemisphere,CNS,mouse,DOWN,True
OSD-613,H4c2,326620,-1.17497,0.0346823,cerebral hemisphere,CNS,mouse,DOWN,True
OSD-613,Gm23946,115488402,-1.61274,0.0130194,cerebral hemisphere,CNS,mouse,DOWN,True
OSD-613,Hcst,23900,-1.53526,0.0343808,cerebral hemisphere,CNS,mouse,DOWN,True
OSD-613,Cdc6,23834,-1.4616,0.0152756,cerebral hemisphere,CNS,mouse,DOWN,True
OSD-613,S100a5,20199,-6.84519,0.00752312,cerebral hemisphere,CNS,mouse,DOWN,True
OSD-613,Iyd,70337,1.97148,0.0405469,cerebral hemisphere,CNS,mouse,UP,True
OSD-613,B3gnt2,53625,1.91058,0.00177839,cerebral hemisphere,CNS,mouse,UP,True
OSD-613,AU023762,102688,1.23167,0.00422279,cerebral hemisphere,CNS,mouse,UP,True
OSD-613,H4c11,319159,-1.61096,0.00230715,cerebral hemisphere,CNS,mouse,DOWN,True
OSD-613,Eomes,13813,-4.42541,0.0168314,cerebral hemisphere,CNS,mouse,DOWN,True
OSD-613,Gm26447,115488689,-2.46472,0.000275333,cerebral hemisphere,CNS,mouse,DOWN,True
OSD-613,Gm22634,115488075,-1.32361,0.0382821,cerebral hemisphere,CNS,mouse,DOWN,True
OSD-613,Ghrh,14601,4.59324,0.0267727,cerebral hemisphere,CNS,mouse,UP,True
OSD-613,Gm22634,115488065,-1.3236,0.0405167,cerebral hemisphere,CNS,mouse,DOWN,True
OSD-613,Snora15,100113364,-2.77542,0.0267727,cerebral hemisphere,CNS,mouse,DOWN,True
OSD-613,Id3,15903,-1.44183,3.06448e-05,cerebral hemisphere,CNS,mouse,DOWN,True
OSD-613,Kntc1,208628,-1.66242,0.0168631,cerebral hemisphere,CNS,mouse,DOWN,True
OSD-613,Gm25492,115490291,-2.17119,0.00168558,cerebral hemisphere,CNS,mouse,DOWN,True
OSD-613,Gm22634,115488077,-1.32361,0.0382821,cerebral hemisphere,CNS,mouse,DOWN,True
OSD-613,Cpa6,329093,-2.87075,0.0315875,cerebral hemisphere,CNS,mouse,DOWN,True
OSD-613,Chn1os3,329427,-4.75635,0.0348823,cerebral hemisphere,CNS,mouse,DOWN,True
OSD-613,C4a,625018,-1.94722,0.0153161,cerebral hemisphere,CNS,mouse,DOWN,True
OSD-613,Snora78,100306952,-3.32451,2.97311e-05,cerebral hemisphere,CNS,mouse,DOWN,True
OSD-613,Gm25541,115489638,-3.37428,0.00124983,cerebral hemisphere,CNS,mouse,DOWN,True
OSD-613,Gm25848,115488713,-1.72216,0.015503,cerebral hemisphere,CNS,mouse,DOWN,True
OSD-613,Sp8,320145,-3.11985,0.0262862,cerebral hemisphere,CNS,mouse,DOWN,True
OSD-613,Adcyap1,11516,1.4049,0.0136695,cerebral hemisphere,CNS,mouse,UP,True
OSD-613,Gm22748,115488064,-1.81368,0.0312996,cerebral hemisphere,CNS,mouse,DOWN,True
OSD-613,H2ac19,319192,-1.04685,0.00725628,cerebral hemisphere,CNS,mouse,DOWN,True
OSD-613,H4c18,319161,-1.19726,0.0393523,cerebral hemisphere,CNS,mouse,DOWN,True
OSD-613,Gm25394,115488237,-2.63219,0.000814433,cerebral hemisphere,CNS,mouse,DOWN,True
OSD-613,Tafa3,329731,-3.09493,0.0403229,cerebral hemisphere,CNS,mouse,DOWN,True
OSD-613,Or7d10,258336,-4.04377,0.0109572,cerebral hemisphere,CNS,mouse,DOWN,True
OSD-613,Gm22767,115490051,-2.39174,0.000605843,cerebral hemisphere,CNS,mouse,DOWN,True
OSD-613,Gm26316,115487919,-2.4455,0.00447703,cerebral hemisphere,CNS,mouse,DOWN,True
OSD-613,Prr7,432763,-1.12781,0.0296043,cerebral hemisphere,CNS,mouse,DOWN,True
OSD-613,Gm25107,115486124,-2.39244,0.000106047,cerebral hemisphere,CNS,mouse,DOWN,True
OSD-613,Gm22270,115490266,-1.42268,0.0397684,cerebral hemisphere,CNS,mouse,DOWN,True
OSD-613,Gm25776,115488078,-2.67604,0.00168558,cerebral hemisphere,CNS,mouse,DOWN,True
OSD-613,Gm1673,381633,-1.05873,0.0304963,cerebral hemisphere,CNS,mouse,DOWN,True
OSD-613,Gm22634,115488073,-1.32361,0.0382821,cerebral hemisphere,CNS,mouse,DOWN,True
OSD-613,H2bc9,319182,-1.12902,0.0162688,cerebral hemisphere,CNS,mouse,DOWN,True
OSD-613,Pkib,18768,1.67245,4.83125e-07,cerebral hemisphere,CNS,mouse,UP,True
OSD-613,Gm12500,791415,-1.05,0.046864,cerebral hemisphere,CNS,mouse,DOWN,True
OSD-613,Bpifb9b,433492,19.5478,0.000308572,cerebral hemisphere,CNS,mouse,UP,True
OSD-613,Spata31f1b,100043920,22.9981,0.000407992,cerebral hemisphere,CNS,mouse,UP,True
OSD-613,Spata31f1b,100862261,22.9981,0.000407992,cerebral hemisphere,CNS,mouse,UP,True
OSD-347,CG15203,32038,-1.2033,0.000905686,heart,CARDIOVASC,fly,DOWN,True
OSD-347,CG5399,41900,-1.66812,7.33335e-06,heart,CARDIOVASC,fly,DOWN,True
OSD-347,CG7203,34055,-7.47309,1.46104e-10,heart,CARDIOVASC,fly,DOWN,True
OSD-347,neb,35293,1.35282,0.017837,heart,CARDIOVASC,fly,UP,True
OSD-347,CG12071,43660,-3.08679,0.0309306,heart,CARDIOVASC,fly,DOWN,True
OSD-347,Cyp4d1,31188,-3.18529,0.00892654,heart,CARDIOVASC,fly,DOWN,True
OSD-347,CG32259,317942,-2.60096,0.00892654,heart,CARDIOVASC,fly,DOWN,True
OSD-347,Cyp9h1,36412,-1.27057,0.00976639,heart,CARDIOVASC,fly,DOWN,True
OSD-347,CG4000,42451,-2.90085,0.0412222,heart,CARDIOVASC,fly,DOWN,True
OSD-347,Act79B,40444,-4.36016,0.00131663,heart,CARDIOVASC,fly,DOWN,True
OSD-347,CG31832,318970,-2.60154,0.000764658,heart,CARDIOVASC,fly,DOWN,True
OSD-347,CG32191,317903,-1.1786,0.00166823,heart,CARDIOVASC,fly,DOWN,True
OSD-347,CG8249,36742,-1.3655,0.00383581,heart,CARDIOVASC,fly,DOWN,True
OSD-347,Cpr47Ea,36188,-8.09468,0.00760177,heart,CARDIOVASC,fly,DOWN,True
OSD-347,sosie,42961,-1.76163,0.00600876,heart,CARDIOVASC,fly,DOWN,True
OSD-347,CngB,37479,-1.15741,1.03992e-05,heart,CARDIOVASC,fly,DOWN,True
OSD-347,goe,32660,-1.21098,0.000314938,heart,CARDIOVASC,fly,DOWN,True
OSD-347,MFS9,42426,-7.05589,0.00760177,heart,CARDIOVASC,fly,DOWN,True
OSD-347,Acp1,34052,-7.39973,4.10085e-05,heart,CARDIOVASC,fly,DOWN,True
OSD-347,CG30280,37522,-1.15921,0.0478829,heart,CARDIOVASC,fly,DOWN,True
OSD-347,Act88F,41885,-5.44497,1.21374e-06,heart,CARDIOVASC,fly,DOWN,True
OSD-347,CG34327,5740714,-4.31244,0.000702262,heart,CARDIOVASC,fly,DOWN,True
OSD-347,e,42521,-3.87779,5.56163e-05,heart,CARDIOVASC,fly,DOWN,True
OSD-347,CG7214,34053,-5.44867,1.73268e-06,heart,CARDIOVASC,fly,DOWN,True
OSD-347,ths,36258,1.07889,0.00760177,heart,CARDIOVASC,fly,UP,True
OSD-347,NimC2,34818,-1.20678,0.00760177,heart,CARDIOVASC,fly,DOWN,True
OSD-347,CG8646,36394,1.83574,0.0403927,heart,CARDIOVASC,fly,UP,True
OSD-347,mldr,31568,1.00699,0.0459046,heart,CARDIOVASC,fly,UP,True
OSD-347,Cpr49Ae,36351,-2.72357,0.0343687,heart,CARDIOVASC,fly,DOWN,True
OSD-347,Cyp304a1,41586,-2.59582,0.0326825,heart,CARDIOVASC,fly,DOWN,True
OSD-347,Scp1,3355102,-7.26134,4.94307e-06,heart,CARDIOVASC,fly,DOWN,True
OSD-347,AsnS,2768965,-1.25207,0.018524,heart,CARDIOVASC,fly,DOWN,True
OSD-347,IM14,3885603,-6.57513,0.00943782,heart,CARDIOVASC,fly,DOWN,True
OSD-347,CG30281,246525,-1.30549,0.0139594,heart,CARDIOVASC,fly,DOWN,True
OSD-347,Cpr92F,42450,-11.7436,2.49155e-08,heart,CARDIOVASC,fly,DOWN,True
OSD-347,CG43402,12797876,-1.04578,8.34529e-05,heart,CARDIOVASC,fly,DOWN,True
OSD-347,Rh6,41889,2.06966,0.011202,heart,CARDIOVASC,fly,UP,True
OSD-347,CG33465,3885587,-3.40984,0.00994005,heart,CARDIOVASC,fly,DOWN,True
OSD-347,CG7560,39276,-1.65033,1.09724e-08,heart,CARDIOVASC,fly,DOWN,True
OSD-347,CG8745,39530,-1.60037,0.00032414,heart,CARDIOVASC,fly,DOWN,True
OSD-347,LysP,38129,-9.29259,0.0124606,heart,CARDIOVASC,fly,DOWN,True
OSD-347,TkR99D,43551,-4.15045,0.0489774,heart,CARDIOVASC,fly,DOWN,True
OSD-347,Fbp2,34259,-5.93345,0.0317867,heart,CARDIOVASC,fly,DOWN,True
OSD-347,yellow-d,37703,-6.9098,0.00881311,heart,CARDIOVASC,fly,DOWN,True
OSD-347,Idgf5,37104,-1.2732,0.0297315,heart,CARDIOVASC,fly,DOWN,True
OSD-347,y,30980,-7.53312,0.00453673,heart,CARDIOVASC,fly,DOWN,True
OSD-347,CG33109,326258,-6.36695,0.000335646,heart,CARDIOVASC,fly,DOWN,True
OSD-347,ninaD,326160,-1.93374,0.00760177,heart,CARDIOVASC,fly,DOWN,True
OSD-347,CG43064,12798207,-1.55214,0.0345406,heart,CARDIOVASC,fly,DOWN,True
OSD-347,CG12824,35727,-1.15348,0.0152182,heart,CARDIOVASC,fly,DOWN,True
OSD-347,kkv,45884,-4.85526,0.000519484,heart,CARDIOVASC,fly,DOWN,True
OSD-347,Nplp3,59235,-8.12066,1.21374e-06,heart,CARDIOVASC,fly,DOWN,True
OSD-347,Vajk3,34812,-6.24355,0.000548257,heart,CARDIOVASC,fly,DOWN,True
OSD-347,fln,40185,-7.28881,0.00275856,heart,CARDIOVASC,fly,DOWN,True
OSD-347,NimC4,34824,-2.55258,0.000548257,heart,CARDIOVASC,fly,DOWN,True
OSD-347,l(2)34Fc,34838,-1.44935,0.0252994,heart,CARDIOVASC,fly,DOWN,True
OSD-347,obst-A,33022,-1.84561,0.0415943,heart,CARDIOVASC,fly,DOWN,True
OSD-347,alpha-Est1,40909,-1.21515,0.00499407,heart,CARDIOVASC,fly,DOWN,True
OSD-347,Cpr97Ea,43258,-3.31038,0.0156552,heart,CARDIOVASC,fly,DOWN,True
OSD-347,Cpr100A,43657,-4.43248,7.33335e-06,heart,CARDIOVASC,fly,DOWN,True
OSD-347,CG8927,41964,-5.17368,0.0268505,heart,CARDIOVASC,fly,DOWN,True
OSD-347,Cpr62Bc,38241,-7.43674,3.66205e-05,heart,CARDIOVASC,fly,DOWN,True
OSD-347,CG8736,35841,-5.12948,6.32483e-07,heart,CARDIOVASC,fly,DOWN,True
OSD-347,CG15080,37167,-3.69791,0.00146673,heart,CARDIOVASC,fly,DOWN,True
OSD-347,Npc2h,43649,-1.41652,0.00113724,heart,CARDIOVASC,fly,DOWN,True
OSD-347,CG16786,37856,-3.13458,0.0152182,heart,CARDIOVASC,fly,DOWN,True
OSD-347,Cda5,33158,-2.11602,0.00976639,heart,CARDIOVASC,fly,DOWN,True
OSD-347,nolo,35424,-2.3892,0.0225977,heart,CARDIOVASC,fly,DOWN,True
OSD-347,CG3999,41253,-1.05688,0.00943782,heart,CARDIOVASC,fly,DOWN,True
OSD-347,Cpr97Eb,43259,-3.9256,0.00011014,heart,CARDIOVASC,fly,DOWN,True
OSD-347,CG6912,41820,-1.12931,0.0119484,heart,CARDIOVASC,fly,DOWN,True
OSD-347,verm,40149,-2.20835,0.00559611,heart,CARDIOVASC,fly,DOWN,True
OSD-347,TpnC4,35498,-5.7461,0.0105384,heart,CARDIOVASC,fly,DOWN,True
OSD-347,Cda4,33144,-4.37277,0.00892654,heart,CARDIOVASC,fly,DOWN,True
OSD-347,Cht7,38370,-7.44574,5.56163e-05,heart,CARDIOVASC,fly,DOWN,True
OSD-347,nrv3,35408,-1.17334,0.0204807,heart,CARDIOVASC,fly,DOWN,True
OSD-347,Cpr76Bd,40123,-3.34557,7.60311e-05,heart,CARDIOVASC,fly,DOWN,True
OSD-347,serp,40150,-1.79646,0.0343687,heart,CARDIOVASC,fly,DOWN,True
OSD-347,CG4757,41330,1.543,0.0152182,heart,CARDIOVASC,fly,UP,True
OSD-347,exp,36276,-4.07177,0.0431376,heart,CARDIOVASC,fly,DOWN,True
OSD-347,Vajk2,34811,-5.65551,0.00166823,heart,CARDIOVASC,fly,DOWN,True
OSD-347,CG1368,32361,-6.45793,0.0235479,heart,CARDIOVASC,fly,DOWN,True
OSD-347,CG11425,40472,-1.97044,0.0227414,heart,CARDIOVASC,fly,DOWN,True
OSD-347,CG12998,32710,-7.63091,0.000689302,heart,CARDIOVASC,fly,DOWN,True
OSD-347,Cht6,31935,-4.59175,6.76657e-05,heart,CARDIOVASC,fly,DOWN,True
OSD-347,CG7896,43552,-3.19437,0.0478829,heart,CARDIOVASC,fly,DOWN,True
OSD-347,CG3597,33420,-1.75851,1.92882e-11,heart,CARDIOVASC,fly,DOWN,True
OSD-347,S-Lap1,38986,-6.11749,0.0156994,heart,CARDIOVASC,fly,DOWN,True
OSD-347,scaf,35505,-1.43955,0.0240479,heart,CARDIOVASC,fly,DOWN,True
OSD-347,KFase,33907,-1.32541,0.000104279,heart,CARDIOVASC,fly,DOWN,True
OSD-347,Send1,33407,-6.4089,0.0267279,heart,CARDIOVASC,fly,DOWN,True
OSD-347,MtnB,42424,2.44287,1.33512e-19,heart,CARDIOVASC,fly,UP,True
OSD-347,TM4SF,37786,-2.66827,0.000734522,heart,CARDIOVASC,fly,DOWN,True
OSD-347,CG13731,39938,-5.0936,0.00379794,heart,CARDIOVASC,fly,DOWN,True
OSD-347,CG3604,33593,2.70595,0.00822321,heart,CARDIOVASC,fly,UP,True
OSD-347,tj,35227,-1.28274,6.73496e-08,heart,CARDIOVASC,fly,DOWN,True
OSD-347,CG17026,39739,-2.43557,0.0128297,heart,CARDIOVASC,fly,DOWN,True
OSD-347,pnr,44849,-1.00206,7.92382e-07,heart,CARDIOVASC,fly,DOWN,True
OSD-347,CG14814,31139,2.15904,0.0114859,heart,CARDIOVASC,fly,UP,True
OSD-347,Cyp6a2,35587,2.00849,0.00377298,heart,CARDIOVASC,fly,UP,True
OSD-347,mtDNA-helicase,34307,1.37015,0.0052197,heart,CARDIOVASC,fly,UP,True
OSD-347,Acp65Aa,38710,-6.0273,0.0105446,heart,CARDIOVASC,fly,DOWN,True
OSD-347,CG7997,36829,-1.49371,8.60392e-07,heart,CARDIOVASC,fly,DOWN,True
OSD-347,CG15765,31513,-2.03351,0.0057813,heart,CARDIOVASC,fly,DOWN,True
OSD-347,CG10621,35152,-1.23675,0.0193173,heart,CARDIOVASC,fly,DOWN,True
OSD-347,CG14406,32421,-1.80493,0.00719455,heart,CARDIOVASC,fly,DOWN,True
OSD-347,fw,32162,-3.14877,0.000193272,heart,CARDIOVASC,fly,DOWN,True
OSD-347,CG10516,39738,-1.05123,0.000819181,heart,CARDIOVASC,fly,DOWN,True
OSD-347,Oseg6,37245,2.26502,0.045071,heart,CARDIOVASC,fly,UP,True
OSD-347,ec,31339,-2.99733,7.63049e-05,heart,CARDIOVASC,fly,DOWN,True
OSD-347,KP78b,41361,-2.14465,0.0351938,heart,CARDIOVASC,fly,DOWN,True
OSD-347,CG11835,33232,-1.95716,0.0203976,heart,CARDIOVASC,fly,DOWN,True
OSD-347,Oat,40145,-1.1618,9.02779e-05,heart,CARDIOVASC,fly,DOWN,True
OSD-347,Spn28Dc,34091,1.04498,0.0318809,heart,CARDIOVASC,fly,UP,True
OSD-347,CG17032,39736,-1.43642,4.88515e-06,heart,CARDIOVASC,fly,DOWN,True
OSD-347,Plod,39265,-1.1315,2.08506e-06,heart,CARDIOVASC,fly,DOWN,True
OSD-347,Vmat,3346192,-1.21753,0.00516852,heart,CARDIOVASC,fly,DOWN,True
OSD-347,bnb,32872,-1.45518,0.00169044,heart,CARDIOVASC,fly,DOWN,True
OSD-347,nemy,36395,-1.77067,0.00114179,heart,CARDIOVASC,fly,DOWN,True
OSD-347,ple,38746,-3.17089,1.21299e-05,heart,CARDIOVASC,fly,DOWN,True
OSD-347,b,34791,-1.32119,0.00654821,heart,CARDIOVASC,fly,DOWN,True
OSD-347,CG43163,38966,-2.14992,0.00104864,heart,CARDIOVASC,fly,DOWN,True
OSD-347,pHCl-1,39730,-1.38877,0.041366,heart,CARDIOVASC,fly,DOWN,True
OSD-347,CG44250,19836034,1.19866,0.00721014,heart,CARDIOVASC,fly,UP,True
OSD-347,KaiR1D,42473,-2.35506,0.0375285,heart,CARDIOVASC,fly,DOWN,True
OSD-347,Ggamma30A,45234,-1.15061,0.0412665,heart,CARDIOVASC,fly,DOWN,True
OSD-347,t,31863,-1.74839,0.0118706,heart,CARDIOVASC,fly,DOWN,True
OSD-347,CG16756,31460,-1.06939,0.000800629,heart,CARDIOVASC,fly,DOWN,True
OSD-347,CG6495,34486,-1.98465,0.000134594,heart,CARDIOVASC,fly,DOWN,True
OSD-347,Jheh1,251984,1.1703,2.9988e-05,heart,CARDIOVASC,fly,UP,True
OSD-347,Ac78C,40333,-1.18284,5.16485e-07,heart,CARDIOVASC,fly,DOWN,True
OSD-347,Gycbeta100B,43682,-1.04128,0.0342686,heart,CARDIOVASC,fly,DOWN,True
OSD-347,CG5618,40241,-1.19856,0.000142693,heart,CARDIOVASC,fly,DOWN,True
OSD-347,CG1461,32381,-1.09757,0.00384468,heart,CARDIOVASC,fly,DOWN,True
OSD-347,CG14275,34144,-1.30959,0.00624785,heart,CARDIOVASC,fly,DOWN,True
OSD-347,Ebp,38009,-7.40566,0.0139504,heart,CARDIOVASC,fly,DOWN,True
OSD-347,Inx5,32901,-6.19724,0.00190738,heart,CARDIOVASC,fly,DOWN,True
OSD-347,CG2121,35814,-1.72834,0.0153576,heart,CARDIOVASC,fly,DOWN,True
OSD-347,Had1,32592,-2.52256,0.00684532,heart,CARDIOVASC,fly,DOWN,True
OSD-347,CG10232,42800,-1.70296,0.00119916,heart,CARDIOVASC,fly,DOWN,True
OSD-347,CG12268,42833,-1.74378,0.00340629,heart,CARDIOVASC,fly,DOWN,True
OSD-347,CG5909,43274,-2.11971,7.59307e-07,heart,CARDIOVASC,fly,DOWN,True
OSD-347,Cyp6a8,36666,3.6385,7.02703e-06,heart,CARDIOVASC,fly,UP,True
OSD-347,sas,40861,-1.81624,0.00515285,heart,CARDIOVASC,fly,DOWN,True
OSD-347,nahoda,37641,-1.22998,0.0308493,heart,CARDIOVASC,fly,DOWN,True
OSD-347,CecA1,43597,2.13016,0.00398771,heart,CARDIOVASC,fly,UP,True
OSD-347,CG15515,43538,-4.14227,0.00493926,heart,CARDIOVASC,fly,DOWN,True
OSD-347,S-Lap7,36524,-6.18495,0.0349186,heart,CARDIOVASC,fly,DOWN,True
OSD-347,Npc2g,43648,-1.37347,3.89106e-08,heart,CARDIOVASC,fly,DOWN,True
OSD-347,Syt7,43783,-1.56369,0.00271061,heart,CARDIOVASC,fly,DOWN,True
OSD-347,CG3699,31046,-1.51438,0.0348338,heart,CARDIOVASC,fly,DOWN,True
OSD-347,CG6891,32865,-1.07237,8.19031e-07,heart,CARDIOVASC,fly,DOWN,True
OSD-347,CG17104,34465,-5.28301,2.62743e-09,heart,CARDIOVASC,fly,DOWN,True
OSD-347,CAH8,42625,1.85682,0.0320811,heart,CARDIOVASC,fly,UP,True
OSD-347,cpx,64877,-1.06867,7.63049e-05,heart,CARDIOVASC,fly,DOWN,True
OSD-347,mAChR-A,37892,-2.09754,0.0368075,heart,CARDIOVASC,fly,DOWN,True
OSD-347,CG32444,40406,-1.65777,0.000214807,heart,CARDIOVASC,fly,DOWN,True
OSD-347,dnd,42580,-1.769,0.00159738,heart,CARDIOVASC,fly,DOWN,True
OSD-347,CG30197,246513,-1.05027,0.0192259,heart,CARDIOVASC,fly,DOWN,True
OSD-347,CG30431,35549,-1.31034,0.00910126,heart,CARDIOVASC,fly,DOWN,True
OSD-347,CG31121,42975,-1.08795,0.0430432,heart,CARDIOVASC,fly,DOWN,True
OSD-347,CG31248,40853,-1.03506,0.00692413,heart,CARDIOVASC,fly,DOWN,True
OSD-347,ssp7,318146,-1.30783,0.000695294,heart,CARDIOVASC,fly,DOWN,True
OSD-347,Grik,42476,-2.51246,7.46751e-08,heart,CARDIOVASC,fly,DOWN,True
OSD-347,AGBE,326264,-1.12959,1.90249e-05,heart,CARDIOVASC,fly,DOWN,True
OSD-347,CG9427,41164,-5.4419,0.00504996,heart,CARDIOVASC,fly,DOWN,True
OSD-347,ImpL1,39499,-7.00368,9.25647e-06,heart,CARDIOVASC,fly,DOWN,True
OSD-347,Acp36DE,35096,-6.15073,0.0392826,heart,CARDIOVASC,fly,DOWN,True
OSD-347,Hsc70-1,39542,-1.43847,0.0290234,heart,CARDIOVASC,fly,DOWN,True
OSD-347,CG8192,36723,-3.38408,0.0114773,heart,CARDIOVASC,fly,DOWN,True
OSD-347,CG15760,32324,-1.13373,0.0123068,heart,CARDIOVASC,fly,DOWN,True
OSD-347,CG4847,36973,-1.01644,5.78777e-05,heart,CARDIOVASC,fly,DOWN,True
OSD-347,zye,40255,-5.38302,0.00127121,heart,CARDIOVASC,fly,DOWN,True
OSD-347,KP78a,41362,-2.72486,0.0177764,heart,CARDIOVASC,fly,DOWN,True
OSD-347,GlyP,33386,-1.53724,7.49017e-09,heart,CARDIOVASC,fly,DOWN,True
OSD-347,CG9782,32632,-4.68741,1.28946e-07,heart,CARDIOVASC,fly,DOWN,True
OSD-347,CG7607,39263,-1.68498,0.000252054,heart,CARDIOVASC,fly,DOWN,True
OSD-347,CG18131,33331,3.06947,0.0015573,heart,CARDIOVASC,fly,UP,True
OSD-347,CG13877,38036,-1.59914,0.000116,heart,CARDIOVASC,fly,DOWN,True
OSD-347,Arr2,38993,-3.84958,0.00546622,heart,CARDIOVASC,fly,DOWN,True
OSD-347,CG7744,37239,1.01755,0.0405871,heart,CARDIOVASC,fly,UP,True
OSD-347,Vm26Aa,33829,-4.92018,0.00953497,heart,CARDIOVASC,fly,DOWN,True
OSD-347,Dh44,41170,2.68856,0.0239995,heart,CARDIOVASC,fly,UP,True
OSD-347,DAT,36849,-3.36393,5.61035e-09,heart,CARDIOVASC,fly,DOWN,True
OSD-347,CG18327,36567,-1.88954,1.2465e-06,heart,CARDIOVASC,fly,DOWN,True
OSD-347,CG8854,36324,-1.69719,0.00356446,heart,CARDIOVASC,fly,DOWN,True
OSD-347,Yp3,32339,-1.10678,0.000534966,heart,CARDIOVASC,fly,DOWN,True
OSD-347,CG18302,34452,-6.31774,0.0184058,heart,CARDIOVASC,fly,DOWN,True
OSD-347,Hpd,40263,-1.48192,0.000366252,heart,CARDIOVASC,fly,DOWN,True
OSD-347,CG14591,35531,-2.04989,0.0356498,heart,CARDIOVASC,fly,DOWN,True
OSD-347,plh,40615,-1.13151,0.0147712,heart,CARDIOVASC,fly,DOWN,True
OSD-347,CG1773,35999,-1.12119,0.0080887,heart,CARDIOVASC,fly,DOWN,True
OSD-347,CG10702,35181,1.83706,0.0356498,heart,CARDIOVASC,fly,UP,True
OSD-347,CG15279,34863,-1.30356,0.0395714,heart,CARDIOVASC,fly,DOWN,True
OSD-347,AdamTS-B,31490,-1.15186,5.95958e-05,heart,CARDIOVASC,fly,DOWN,True
OSD-347,bowl,33602,-1.34338,0.000131751,heart,CARDIOVASC,fly,DOWN,True
OSD-347,CG14105,39507,-1.11693,0.00654821,heart,CARDIOVASC,fly,DOWN,True
OSD-347,Cyp4ac1,33754,-1.17073,7.72214e-07,heart,CARDIOVASC,fly,DOWN,True
OSD-347,Fmo-1,37814,-1.30136,0.0395714,heart,CARDIOVASC,fly,DOWN,True
OSD-347,CG13458,39646,-1.05769,0.0216696,heart,CARDIOVASC,fly,DOWN,True
OSD-347,Amy-d,36932,2.97798,0.00107385,heart,CARDIOVASC,fly,UP,True
OSD-347,CCKLR-17D3,32864,-1.82659,1.57431e-07,heart,CARDIOVASC,fly,DOWN,True
OSD-347,Faa,45577,-1.15687,0.00431016,heart,CARDIOVASC,fly,DOWN,True
OSD-347,CG6908,41410,1.69357,0.0015573,heart,CARDIOVASC,fly,UP,True
OSD-347,Arr1,35078,-6.53778,0.0222394,heart,CARDIOVASC,fly,DOWN,True
OSD-347,CG12075,31815,-1.9826,0.00473699,heart,CARDIOVASC,fly,DOWN,True
OSD-347,sced,35564,3.30674,0.0113013,heart,CARDIOVASC,fly,UP,True
OSD-347,RhoGEF64C,38578,-4.11241,2.58856e-05,heart,CARDIOVASC,fly,DOWN,True
OSD-347,CG7460,39973,-1.20418,0.0456377,heart,CARDIOVASC,fly,DOWN,True
OSD-347,CG7149,34063,-1.09222,0.00045186,heart,CARDIOVASC,fly,DOWN,True
OSD-347,Cyp6g1,36316,1.60703,0.0115307,heart,CARDIOVASC,fly,UP,True
OSD-347,ninaE,42367,-4.3326,2.58856e-05,heart,CARDIOVASC,fly,DOWN,True
OSD-347,CG7860,32488,-1.84054,0.000403901,heart,CARDIOVASC,fly,DOWN,True
OSD-347,CG9572,33013,-1.2037,0.0059041,heart,CARDIOVASC,fly,DOWN,True
OSD-347,sano,37185,-1.23501,0.0226992,heart,CARDIOVASC,fly,DOWN,True
OSD-347,Ripalpha,34351,1.63347,0.0251265,heart,CARDIOVASC,fly,UP,True
OSD-347,CecA1,43596,2.13016,0.00398771,heart,CARDIOVASC,fly,UP,True
OSD-347,Gen,38594,1.15819,0.00416799,heart,CARDIOVASC,fly,UP,True
OSD-347,Cyp12d1-p,246648,5.76681,0.0112479,heart,CARDIOVASC,fly,UP,True
OSD-347,GNBP-like3,37313,1.41258,0.0177741,heart,CARDIOVASC,fly,UP,True
OSD-347,CG31469,261628,-1.05135,0.027122,heart,CARDIOVASC,fly,DOWN,True
OSD-347,CG43095,12798518,-1.47163,0.0164239,heart,CARDIOVASC,fly,DOWN,True
OSD-347,CG30098,246456,-1.3552,0.0443814,heart,CARDIOVASC,fly,DOWN,True
OSD-347,CG12581,40522,-1.09844,0.00343879,heart,CARDIOVASC,fly,DOWN,True
OSD-347,zfh2,43795,-1.02826,6.47833e-05,heart,CARDIOVASC,fly,DOWN,True
OSD-347,ect,44135,-1.32348,0.0204131,heart,CARDIOVASC,fly,DOWN,True
OSD-347,Cyp6t1,33127,-1.33883,0.000695294,heart,CARDIOVASC,fly,DOWN,True
OSD-347,unc-5,36703,-1.63818,0.00278334,heart,CARDIOVASC,fly,DOWN,True
OSD-347,Nepl4,33889,-1.14254,7.16009e-05,heart,CARDIOVASC,fly,DOWN,True
OSD-347,CG42662,10178847,3.1959,0.027122,heart,CARDIOVASC,fly,UP,True
OSD-347,ft,33627,-2.2425,0.00343879,heart,CARDIOVASC,fly,DOWN,True
OSD-347,CG42502,8674072,-1.10767,0.00047055,heart,CARDIOVASC,fly,DOWN,True
OSD-347,Lsp1alpha,32199,-7.91425,3.02795e-54,heart,CARDIOVASC,fly,DOWN,True
OSD-347,asRNA:CR45046,19834986,-2.9034,0.000316066,heart,CARDIOVASC,fly,DOWN,True
OSD-347,knk,47137,-2.80801,0.00157304,heart,CARDIOVASC,fly,DOWN,True
OSD-347,Diedel,43474,-2.47404,2.80838e-05,heart,CARDIOVASC,fly,DOWN,True
OSD-347,lncRNA:alphagamma-element:CR32865,3772597,-1.34324,0.000695294,heart,CARDIOVASC,fly,DOWN,True
OSD-347,rst,31290,-1.22927,0.0285148,heart,CARDIOVASC,fly,DOWN,True
OSD-347,fit,42578,-2.93628,8.13344e-09,heart,CARDIOVASC,fly,DOWN,True
OSD-347,asRNA:CR45601,19835984,-1.09481,0.00176454,heart,CARDIOVASC,fly,DOWN,True
OSD-347,conv,36588,-2.436,0.000548774,heart,CARDIOVASC,fly,DOWN,True
OSD-347,CG34148,326250,-1.2826,7.49017e-09,heart,CARDIOVASC,fly,DOWN,True
OSD-347,CG33511,3346223,-2.80862,0.043255,heart,CARDIOVASC,fly,DOWN,True
OSD-347,CG14661,40611,-2.64628,1.93936e-09,heart,CARDIOVASC,fly,DOWN,True
OSD-347,CG33460,3885588,-1.05896,0.0398383,heart,CARDIOVASC,fly,DOWN,True
OSD-347,CG6034,39974,-1.44971,0.000734499,heart,CARDIOVASC,fly,DOWN,True
OSD-347,Adgf-A,39976,-1.46547,8.19031e-07,heart,CARDIOVASC,fly,DOWN,True
OSD-347,asRNA:CR44031,14462361,-2.22579,0.00563659,heart,CARDIOVASC,fly,DOWN,True
OSD-347,GstE7,37112,1.29674,0.00173111,heart,CARDIOVASC,fly,UP,True
OSD-347,CG43094,12798517,-2.45556,0.0276866,heart,CARDIOVASC,fly,DOWN,True
OSD-347,asRNA:CR45366,19835501,-1.87416,0.0135769,heart,CARDIOVASC,fly,DOWN,True
OSD-347,CG10570,50466,-1.10767,0.00047055,heart,CARDIOVASC,fly,DOWN,True
OSD-347,Fst,41169,4.42789,0.00669062,heart,CARDIOVASC,fly,UP,True
OSD-347,Cp15,38999,5.1291,0.0496723,heart,CARDIOVASC,fly,UP,True
OSD-347,dyw,31252,-4.76975,1.64196e-08,heart,CARDIOVASC,fly,DOWN,True
OSD-347,CG11843,43432,-1.7949,0.0259524,heart,CARDIOVASC,fly,DOWN,True
OSD-347,pwn,44011,-3.12504,0.00743011,heart,CARDIOVASC,fly,DOWN,True
OSD-347,snRNA:U11,4379906,5.28512,0.0378528,heart,CARDIOVASC,fly,UP,True
OSD-347,CG32669,326229,-1.34283,0.0238389,heart,CARDIOVASC,fly,DOWN,True
OSD-347,BaraA2,36486,1.24752,0.00138195,heart,CARDIOVASC,fly,UP,True
OSD-347,BaraA2,2768831,1.24752,0.00138195,heart,CARDIOVASC,fly,UP,True
OSD-347,CG13380,40029,7.68251,0.0222377,heart,CARDIOVASC,fly,UP,True
OSD-347,TotA,44121,-1.68243,0.0336462,heart,CARDIOVASC,fly,DOWN,True
OSD-347,lncRNA:CR43432,12797906,-2.1579,5.62712e-05,heart,CARDIOVASC,fly,DOWN,True
OSD-347,qsm,47065,-1.15351,0.0416081,heart,CARDIOVASC,fly,DOWN,True
OSD-347,CG17707,5740408,-3.23799,0.00495618,heart,CARDIOVASC,fly,DOWN,True
OSD-347,CG44251,36429,1.21669,0.000749679,heart,CARDIOVASC,fly,UP,True
OSD-347,CG31321,318681,-2.2054,0.000335748,heart,CARDIOVASC,fly,DOWN,True
OSD-347,Tmc,26067066,-1.55656,0.0132599,heart,CARDIOVASC,fly,DOWN,True
OSD-347,CG42700,36330,-2.14406,1.07454e-05,heart,CARDIOVASC,fly,DOWN,True
OSD-347,spdo,318559,-2.15773,0.0188624,heart,CARDIOVASC,fly,DOWN,True
OSD-347,CG9689,31922,-2.97754,0.00384468,heart,CARDIOVASC,fly,DOWN,True
OSD-347,Tsp42Ep,35626,-1.31411,1.18633e-06,heart,CARDIOVASC,fly,DOWN,True
OSD-347,CG6739,34037,-3.41352,0.00682637,heart,CARDIOVASC,fly,DOWN,True
OSD-347,Obp56a,37264,-7.76085,0.000620189,heart,CARDIOVASC,fly,DOWN,True
OSD-347,CG6006,41962,-1.33585,0.000122945,heart,CARDIOVASC,fly,DOWN,True
OSD-347,Cyp4ac2,33755,-1.14953,8.00756e-05,heart,CARDIOVASC,fly,DOWN,True
OSD-347,CG11069,42976,-1.76789,0.0205526,heart,CARDIOVASC,fly,DOWN,True
OSD-347,CG9717,43636,-1.05891,0.0375285,heart,CARDIOVASC,fly,DOWN,True
OSD-347,CG1648,36009,1.06908,0.00157304,heart,CARDIOVASC,fly,UP,True
OSD-347,CG9452,40119,-1.31115,0.00484973,heart,CARDIOVASC,fly,DOWN,True
OSD-347,CG15506,43498,-3.08542,0.000573938,heart,CARDIOVASC,fly,DOWN,True
OSD-347,Cad74A,39936,-3.26933,0.00548772,heart,CARDIOVASC,fly,DOWN,True
OSD-347,CG31475,42303,-3.64355,0.0093618,heart,CARDIOVASC,fly,DOWN,True
OSD-347,Myo10A,32028,-1.63792,0.0131483,heart,CARDIOVASC,fly,DOWN,True
OSD-347,CG33939,26067037,-3.15206,0.00189193,heart,CARDIOVASC,fly,DOWN,True
OSD-347,CG18563,35050,-1.75341,0.0419208,heart,CARDIOVASC,fly,DOWN,True
OSD-347,CG7763,36235,-2.1368,0.000511191,heart,CARDIOVASC,fly,DOWN,True
OSD-347,CG2016,40612,-5.61784,1.36668e-06,heart,CARDIOVASC,fly,DOWN,True
OSD-347,Gagr,39824,-1.21689,0.0296212,heart,CARDIOVASC,fly,DOWN,True
OSD-347,f,32718,-4.02776,0.0387565,heart,CARDIOVASC,fly,DOWN,True
OSD-347,hwt,32202,-1.63962,0.0050948,heart,CARDIOVASC,fly,DOWN,True
OSD-347,ds,33245,-4.83331,3.48001e-09,heart,CARDIOVASC,fly,DOWN,True
OSD-347,BomS2,49802,1.36157,6.88666e-05,heart,CARDIOVASC,fly,UP,True
OSD-347,CG43980,2768995,-5.07642,0.0210096,heart,CARDIOVASC,fly,DOWN,True
OSD-347,Lsp1beta,33274,-5.52738,4.1095e-13,heart,CARDIOVASC,fly,DOWN,True
OSD-347,IM4,50126,1.19892,0.00359625,heart,CARDIOVASC,fly,UP,True
OSD-347,TpnC47D,36195,-1.23884,0.00847302,heart,CARDIOVASC,fly,DOWN,True
OSD-347,spz3,34077,-1.87665,0.0145149,heart,CARDIOVASC,fly,DOWN,True
OSD-347,CG33510,3346224,-2.15372,0.00495618,heart,CARDIOVASC,fly,DOWN,True
OSD-347,CG15772,31498,-4.61627,4.92667e-18,heart,CARDIOVASC,fly,DOWN,True
OSD-347,CG1124,40613,-2.64714,0.00189255,heart,CARDIOVASC,fly,DOWN,True
OSD-347,Jhe,36780,-2.57071,0.00781702,heart,CARDIOVASC,fly,DOWN,True
OSD-347,CG5326,42655,-1.70864,0.0314948,heart,CARDIOVASC,fly,DOWN,True
OSD-347,CG3777,30979,-3.38885,0.00127121,heart,CARDIOVASC,fly,DOWN,True
OSD-347,cysu,42100,-7.68894,0.000797335,heart,CARDIOVASC,fly,DOWN,True
OSD-347,CG5955,40268,-2.38106,0.000194331,heart,CARDIOVASC,fly,DOWN,True
OSD-347,Sid,43390,1.3254,0.0228728,heart,CARDIOVASC,fly,UP,True
OSD-347,Cyp6w1,35543,2.99939,4.4115e-10,heart,CARDIOVASC,fly,UP,True
OSD-347,CG13606,42873,-3.37321,0.000131751,heart,CARDIOVASC,fly,DOWN,True
OSD-347,TotB,42474,-2.55155,9.92427e-05,heart,CARDIOVASC,fly,DOWN,True
OSD-347,PH4alphaMP,43624,-2.62692,9.16984e-05,heart,CARDIOVASC,fly,DOWN,True
OSD-347,CG11594,38473,-1.17875,0.0121882,heart,CARDIOVASC,fly,DOWN,True
OSD-347,Cyp4e3,34291,-1.35717,0.0112218,heart,CARDIOVASC,fly,DOWN,True
OSD-347,CG15199,32051,-1.35818,0.00202008,heart,CARDIOVASC,fly,DOWN,True
OSD-347,Cyp6a16,19836250,-3.64336,3.48586e-05,heart,CARDIOVASC,fly,DOWN,True
OSD-347,CR31427,43464,-1.26425,0.0271087,heart,CARDIOVASC,fly,DOWN,True
OSD-347,haf,33339,-4.71621,7.08499e-09,heart,CARDIOVASC,fly,DOWN,True
OSD-347,CG4374,42767,-2.77263,0.003264,heart,CARDIOVASC,fly,DOWN,True
OSD-347,CG10352,32147,-1.1254,3.58572e-06,heart,CARDIOVASC,fly,DOWN,True
OSD-347,SkpB,36298,-3.96402,0.000734522,heart,CARDIOVASC,fly,DOWN,True
OSD-347,CG16772,35281,3.0048,3.75064e-05,heart,CARDIOVASC,fly,UP,True
OSD-347,CARPB,31915,-1.17544,0.000322868,heart,CARDIOVASC,fly,DOWN,True
OSD-347,TotX,117460,-2.86751,2.93916e-12,heart,CARDIOVASC,fly,DOWN,True
OSD-347,TpnC41C,35473,-6.10327,2.89497e-09,heart,CARDIOVASC,fly,DOWN,True
OSD-347,CG10936,37000,-2.57717,1.4699e-13,heart,CARDIOVASC,fly,DOWN,True
OSD-347,Obp83ef,40747,-1.21943,0.00237648,heart,CARDIOVASC,fly,DOWN,True
OSD-347,rhi,44879,3.3908,0.0108738,heart,CARDIOVASC,fly,UP,True
OSD-347,CG10348,35132,-2.53027,2.76881e-05,heart,CARDIOVASC,fly,DOWN,True
OSD-347,b6,31124,-2.92138,0.0108738,heart,CARDIOVASC,fly,DOWN,True
OSD-347,Yp2,31938,-1.17844,1.90249e-05,heart,CARDIOVASC,fly,DOWN,True
OSD-347,IRSp53,39258,-1.34253,0.00662874,heart,CARDIOVASC,fly,DOWN,True
OSD-347,Kul,43501,-1.18785,0.0187661,heart,CARDIOVASC,fly,DOWN,True
OSD-347,CG42269,38689,-3.2568,0.000153533,heart,CARDIOVASC,fly,DOWN,True
OSD-347,Peritrophin-A,33023,-3.13437,2.28092e-08,heart,CARDIOVASC,fly,DOWN,True
OSD-347,GstS1,36927,-1.12127,0.000879377,heart,CARDIOVASC,fly,DOWN,True
OSD-347,Dgat2,35719,1.7945,0.00460782,heart,CARDIOVASC,fly,UP,True
OSD-347,firl,34627,-1.26433,1.88004e-28,heart,CARDIOVASC,fly,DOWN,True
OSD-347,CG34205,37526,-4.01887,0.0251736,heart,CARDIOVASC,fly,DOWN,True
OSD-347,CG6330,43240,-1.04976,0.00741948,heart,CARDIOVASC,fly,DOWN,True
OSD-347,Cyp4s3,32444,-1.39902,0.000200329,heart,CARDIOVASC,fly,DOWN,True
OSD-347,CG11459,40741,-2.77609,1.1073500000000001e-18,heart,CARDIOVASC,fly,DOWN,True
OSD-347,CG43092,12798515,-1.32646,0.00934429,heart,CARDIOVASC,fly,DOWN,True
OSD-347,CG33307,2768914,1.09334,0.0342625,heart,CARDIOVASC,fly,UP,True
OSD-347,CG15544,43655,-1.85205,0.0299914,heart,CARDIOVASC,fly,DOWN,True
OSD-347,CG13155,36346,-2.30473,2.2375e-06,heart,CARDIOVASC,fly,DOWN,True
OSD-347,BomS3,50209,1.33306,0.00608912,heart,CARDIOVASC,fly,UP,True
OSD-347,hgo,34552,-1.50138,9.90428e-05,heart,CARDIOVASC,fly,DOWN,True
OSD-347,CG7227,34088,-3.16125,8.42815e-12,heart,CARDIOVASC,fly,DOWN,True
OSD-347,CG14787,31096,-2.61591,0.0310206,heart,CARDIOVASC,fly,DOWN,True
OSD-347,CG31664,33359,-2.00666,0.00164789,heart,CARDIOVASC,fly,DOWN,True
OSD-347,obst-B,34336,-4.80596,2.93916e-12,heart,CARDIOVASC,fly,DOWN,True
OSD-347,Cpr49Ah,36354,-9.27494,0.00682637,heart,CARDIOVASC,fly,DOWN,True
OSD-347,CG30090,246448,-1.55724,1.77833e-05,heart,CARDIOVASC,fly,DOWN,True
OSD-347,CG41520,5740294,-1.71456,0.000107166,heart,CARDIOVASC,fly,DOWN,True
OSD-347,pip,40104,-6.45124,9.16984e-05,heart,CARDIOVASC,fly,DOWN,True
OSD-347,Tie,38559,-1.19057,0.0291233,heart,CARDIOVASC,fly,DOWN,True
OSD-347,Cys,41767,-1.15092,0.00240085,heart,CARDIOVASC,fly,DOWN,True
OSD-347,CG31997,319064,-1.10313,0.0499665,heart,CARDIOVASC,fly,DOWN,True
OSD-347,CG31028,43586,-2.51899,6.77589e-07,heart,CARDIOVASC,fly,DOWN,True
OSD-347,ckd,38402,-4.01546,0.00691073,heart,CARDIOVASC,fly,DOWN,True
OSD-347,Gnmt,41561,2.87062,0.000447985,heart,CARDIOVASC,fly,UP,True
OSD-347,p38c,2768679,-1.16032,0.00263998,heart,CARDIOVASC,fly,DOWN,True
OSD-347,CG14439,31614,-1.28904,0.00576113,heart,CARDIOVASC,fly,DOWN,True
OSD-347,Nepl14,42700,-1.2879,3.48586e-05,heart,CARDIOVASC,fly,DOWN,True
OSD-347,Pxd,2768671,-5.71844,0.000256751,heart,CARDIOVASC,fly,DOWN,True
OSD-347,Lrt,37342,-1.16568,0.0442332,heart,CARDIOVASC,fly,DOWN,True
OSD-347,Mink,42982,2.56649,0.00920414,heart,CARDIOVASC,fly,UP,True
OSD-347,Cpr62Bb,38240,-2.65366,0.0209803,heart,CARDIOVASC,fly,DOWN,True
OSD-347,Vdup1,38023,-1.45393,0.000259615,heart,CARDIOVASC,fly,DOWN,True
OSD-347,CG42365,37469,-1.43784,5.85239e-06,heart,CARDIOVASC,fly,DOWN,True
OSD-347,CG11550,43731,-2.80381,0.0426387,heart,CARDIOVASC,fly,DOWN,True
OSD-347,sona,37762,-3.27674,6.76108e-06,heart,CARDIOVASC,fly,DOWN,True
OSD-347,CG14567,40420,1.68278,0.030368,heart,CARDIOVASC,fly,UP,True
OSD-347,Cyt-c-d,34995,-3.70865,0.0128139,heart,CARDIOVASC,fly,DOWN,True
OSD-347,Obp83g,170878,-2.81352,0.0276866,heart,CARDIOVASC,fly,DOWN,True
OSD-347,Obp99a,43488,-1.95322,8.69321e-05,heart,CARDIOVASC,fly,DOWN,True
OSD-347,pot,32154,-1.39627,0.00547268,heart,CARDIOVASC,fly,DOWN,True
OSD-347,CG40198,3354922,-5.03839,1.78842e-06,heart,CARDIOVASC,fly,DOWN,True
OSD-347,CG12470,30977,-1.70242,0.0335983,heart,CARDIOVASC,fly,DOWN,True
OSD-347,CG15556,43681,-2.85196,0.0392199,heart,CARDIOVASC,fly,DOWN,True
OSD-347,yellow-d2,37704,-7.42993,0.000161003,heart,CARDIOVASC,fly,DOWN,True
OSD-347,Kal1,42865,-1.67464,7.73403e-05,heart,CARDIOVASC,fly,DOWN,True
OSD-347,Mat89Ba,41973,1.11668,7.63049e-05,heart,CARDIOVASC,fly,UP,True
OSD-347,CG5199,40265,1.65172,0.0146065,heart,CARDIOVASC,fly,UP,True
OSD-347,CG33172,32526,1.01035,0.0180479,heart,CARDIOVASC,fly,UP,True
OSD-347,Obp83cd,40746,-1.65535,0.0034805,heart,CARDIOVASC,fly,DOWN,True
OSD-347,B9d1,41888,1.49158,0.0108738,heart,CARDIOVASC,fly,UP,True
OSD-347,Cyp305a1,40161,-1.10183,0.0310206,heart,CARDIOVASC,fly,DOWN,True
OSD-347,CG4962,39793,-4.50144,0.0276866,heart,CARDIOVASC,fly,DOWN,True
OSD-347,uif,33983,-3.29525,9.44492e-10,heart,CARDIOVASC,fly,DOWN,True
OSD-347,Cad99C,43528,-1.9295,0.000441592,heart,CARDIOVASC,fly,DOWN,True
OSD-347,CG33281,2768938,-2.53222,4.35348e-10,heart,CARDIOVASC,fly,DOWN,True
OSD-347,Phk-3,37997,-1.20813,8.76072e-05,heart,CARDIOVASC,fly,DOWN,True
OSD-347,mtt,35832,-2.66223,0.00908911,heart,CARDIOVASC,fly,DOWN,True
OSD-347,lectin-24A,53543,-1.83804,0.00892407,heart,CARDIOVASC,fly,DOWN,True
OSD-347,CG42336,36205,-1.46153,1.51261e-07,heart,CARDIOVASC,fly,DOWN,True
OSD-347,CG40485,3355165,-4.32201,0.00479176,heart,CARDIOVASC,fly,DOWN,True
OSD-347,stw,35494,-2.88287,2.02763e-08,heart,CARDIOVASC,fly,DOWN,True
OSD-347,CG12699,36944,-6.38373,0.0278923,heart,CARDIOVASC,fly,DOWN,True
OSD-347,Kaz1-ORFB,3772691,-1.20653,0.000782816,heart,CARDIOVASC,fly,DOWN,True
OSD-347,mdlc,42397,1.31756,0.0277584,heart,CARDIOVASC,fly,UP,True
OSD-347,CG13676,38906,-4.51043,5.69796e-07,heart,CARDIOVASC,fly,DOWN,True
OSD-347,CG15550,43666,-1.39629,0.0374863,heart,CARDIOVASC,fly,DOWN,True
OSD-347,qvr,2768718,-1.05999,0.00567074,heart,CARDIOVASC,fly,DOWN,True
OSD-347,yellow-e,41653,-5.23041,0.000360767,heart,CARDIOVASC,fly,DOWN,True
OSD-347,Gasp,40745,-3.40597,5.00875e-10,heart,CARDIOVASC,fly,DOWN,True
OSD-347,Trf4-2,42983,7.23123,0.00202008,heart,CARDIOVASC,fly,UP,True
OSD-347,Cpr49Ab,36345,-3.44241,3.72074e-12,heart,CARDIOVASC,fly,DOWN,True
OSD-347,CG14153,39208,-1.96898,3.89106e-08,heart,CARDIOVASC,fly,DOWN,True
OSD-347,srl,40562,1.41919,0.0274131,heart,CARDIOVASC,fly,UP,True
OSD-347,CG33110,42659,-1.27793,0.000531871,heart,CARDIOVASC,fly,DOWN,True
OSD-347,CG13965,35280,2.11428,0.00127261,heart,CARDIOVASC,fly,UP,True
OSD-347,CG33978,3885646,-3.77296,2.09826e-09,heart,CARDIOVASC,fly,DOWN,True
OSD-347,CG32037,326183,-1.4621,0.0330053,heart,CARDIOVASC,fly,DOWN,True
OSD-347,Nnf1b,318874,2.23941,0.04311,heart,CARDIOVASC,fly,UP,True
OSD-347,CG3984,41821,-1.88916,4.38136e-05,heart,CARDIOVASC,fly,DOWN,True
OSD-347,CG14259,43261,-1.6283,0.000360767,heart,CARDIOVASC,fly,DOWN,True
OSD-347,GV1,38238,-1.69211,0.00213339,heart,CARDIOVASC,fly,DOWN,True
OSD-347,scpr-C,41348,-2.43124,0.0361889,heart,CARDIOVASC,fly,DOWN,True
OSD-347,Cbs,33081,1.14385,1.68644e-06,heart,CARDIOVASC,fly,UP,True
OSD-580,Epb41,269587,1.32236,0.0156389,heart right ventricle,CARDIOVASC,mouse,UP,True
OSD-580,Cyp4a12b,13118,17.9237,7.6547e-07,heart right ventricle,CARDIOVASC,mouse,UP,True
OSD-580,Gm25189,115489620,-18.8843,2.76235e-08,heart right ventricle,CARDIOVASC,mouse,DOWN,True
OSD-580,Gc,14473,-15.6016,1.16982e-08,heart right ventricle,CARDIOVASC,mouse,DOWN,True
OSD-580,Ube2o,217342,1.55547,0.0140864,heart right ventricle,CARDIOVASC,mouse,UP,True
OSD-580,Prxl2a,70564,1.39175,0.0219023,heart right ventricle,CARDIOVASC,mouse,UP,True
OSD-580,Sult1d1,53315,-16.2593,1.08929e-10,heart right ventricle,CARDIOVASC,mouse,DOWN,True
OSD-580,Mpp1,17524,1.04849,0.0213731,heart right ventricle,CARDIOVASC,mouse,UP,True
OSD-580,Sec14l3,380683,18.9199,1.07257e-11,heart right ventricle,CARDIOVASC,mouse,UP,True
OSD-580,Gda,14544,1.5102,0.00667484,heart right ventricle,CARDIOVASC,mouse,UP,True
OSD-580,Slc44a4,70129,15.7295,2.0887e-06,heart right ventricle,CARDIOVASC,mouse,UP,True
OSD-580,Slc25a37,67712,1.91095,0.023216,heart right ventricle,CARDIOVASC,mouse,UP,True
OSD-580,Mthfd2,17768,1.48291,0.00150473,heart right ventricle,CARDIOVASC,mouse,UP,True
OSD-580,Dcaf12,68970,1.00369,0.00943466,heart right ventricle,CARDIOVASC,mouse,UP,True
OSD-580,Serpina1c,20702,-16.0808,1.31061e-07,heart right ventricle,CARDIOVASC,mouse,DOWN,True
OSD-580,Gm24924,115488991,-26.0806,9.693559999999999e-21,heart right ventricle,CARDIOVASC,mouse,DOWN,True
OSD-580,Rag2,19374,-15.721,0.000196877,heart right ventricle,CARDIOVASC,mouse,DOWN,True
OSD-580,Sftpd,20390,-15.6145,1.58155e-05,heart right ventricle,CARDIOVASC,mouse,DOWN,True
OSD-580,Rsad2,58185,1.90513,0.0213731,heart right ventricle,CARDIOVASC,mouse,UP,True
OSD-580,AI662270,100043636,2.03721,0.0024426,heart right ventricle,CARDIOVASC,mouse,UP,True
OSD-580,Sftpc,20389,-16.4159,2.0887e-06,heart right ventricle,CARDIOVASC,mouse,DOWN,True
OSD-580,Glycam1,14663,-17.5506,0.00359549,heart right ventricle,CARDIOVASC,mouse,DOWN,True
OSD-580,Iqgap3,404710,-1.32594,0.0332776,heart right ventricle,CARDIOVASC,mouse,DOWN,True
OSD-580,Scgb3a2,117158,14.9646,0.000592165,heart right ventricle,CARDIOVASC,mouse,UP,True
OSD-580,Pbk,52033,-2.06388,0.0252618,heart right ventricle,CARDIOVASC,mouse,DOWN,True
OSD-580,Elovl3,12686,-5.91158,0.00906745,heart right ventricle,CARDIOVASC,mouse,DOWN,True
OSD-580,Ces1c,13884,16.2058,1.31708e-08,heart right ventricle,CARDIOVASC,mouse,UP,True
OSD-580,Rpl7a-ps11,641660,-45.1383,3.44125e-14,heart right ventricle,CARDIOVASC,mouse,DOWN,True
OSD-580,Pde2a,207728,-23.3618,5.69258e-05,heart right ventricle,CARDIOVASC,mouse,DOWN,True
OSD-580,Ucp1,22227,-6.04929,0.00199038,heart right ventricle,CARDIOVASC,mouse,DOWN,True
OSD-580,Reg3g,19695,18.4241,1.62059e-09,heart right ventricle,CARDIOVASC,mouse,UP,True
OSD-599,Dpysl2,12934,-1.02978,0.00354807,heart,CARDIOVASC,mouse,DOWN,True
OSD-599,Cidec,14311,-5.88435,0.000503605,heart,CARDIOVASC,mouse,DOWN,True
OSD-599,Mybphl,68753,-9.70057,1.8662e-05,heart,CARDIOVASC,mouse,DOWN,True
OSD-599,Arntl,11865,1.38768,0.0184561,heart,CARDIOVASC,mouse,UP,True
OSD-599,Aplnr,23796,1.20996,0.00302359,heart,CARDIOVASC,mouse,UP,True
OSD-599,Lars2,102436,-1.48889,0.000479891,heart,CARDIOVASC,mouse,DOWN,True
OSD-599,Rspo1,192199,-2.68124,0.0363651,heart,CARDIOVASC,mouse,DOWN,True
OSD-599,Eps8l1,67425,1.26862,0.0414742,heart,CARDIOVASC,mouse,UP,True
OSD-599,Igfbp6,16012,-1.28369,0.00377435,heart,CARDIOVASC,mouse,DOWN,True
OSD-599,Shisa6,380702,2.56821,0.0382768,heart,CARDIOVASC,mouse,UP,True
OSD-599,Ppp1r7,66385,1.13938,2.52661e-06,heart,CARDIOVASC,mouse,UP,True
OSD-599,Ccn4,22402,-2.25556,0.0310964,heart,CARDIOVASC,mouse,DOWN,True
OSD-599,Rp1,19888,-2.28577,0.000112514,heart,CARDIOVASC,mouse,DOWN,True
OSD-599,Gm10222,100142658,1.00342,0.000137218,heart,CARDIOVASC,mouse,UP,True
OSD-599,Frem2,242022,1.04058,0.0222723,heart,CARDIOVASC,mouse,UP,True
OSD-599,Peg3,18616,-1.50589,0.00988878,heart,CARDIOVASC,mouse,DOWN,True
OSD-599,Itga2b,16399,-2.69302,0.0152362,heart,CARDIOVASC,mouse,DOWN,True
OSD-599,Plppr5,75769,-6.74193,0.00302359,heart,CARDIOVASC,mouse,DOWN,True
OSD-599,Aim2,383619,1.90829,0.0296381,heart,CARDIOVASC,mouse,UP,True
OSD-599,Cracd,320827,-2.39205,0.00290674,heart,CARDIOVASC,mouse,DOWN,True
OSD-599,Myl7,17898,-11.9929,1.59452e-12,heart,CARDIOVASC,mouse,DOWN,True
OSD-599,Prkar2b,19088,-2.43037,0.00297766,heart,CARDIOVASC,mouse,DOWN,True
OSD-599,Slit3,20564,-1.99601,0.0460242,heart,CARDIOVASC,mouse,DOWN,True
OSD-599,Mlana,77836,-7.28623,0.000200074,heart,CARDIOVASC,mouse,DOWN,True
OSD-599,Rgs7,24012,-2.02629,0.00404666,heart,CARDIOVASC,mouse,DOWN,True
OSD-599,Zfp467,68910,-1.21953,0.0277354,heart,CARDIOVASC,mouse,DOWN,True
OSD-599,Ahnak2,100041194,-1.07779,0.0402642,heart,CARDIOVASC,mouse,DOWN,True
OSD-599,Retn,57264,-6.99751,0.000403637,heart,CARDIOVASC,mouse,DOWN,True
OSD-599,Rab3b,69908,-4.68707,1.96795e-05,heart,CARDIOVASC,mouse,DOWN,True
OSD-599,Myl4,17896,-9.09282,1.85079e-10,heart,CARDIOVASC,mouse,DOWN,True
OSD-599,Lgals3,16854,-2.53138,0.000936491,heart,CARDIOVASC,mouse,DOWN,True
OSD-599,Pkhd1l1,192190,-3.02151,4.62875e-12,heart,CARDIOVASC,mouse,DOWN,True
OSD-599,Cytl1,231162,-1.89223,0.000174024,heart,CARDIOVASC,mouse,DOWN,True
OSD-599,Cdcp1,109332,-4.41995,0.0434489,heart,CARDIOVASC,mouse,DOWN,True
OSD-599,Cilp2,68709,-10.1161,0.000900043,heart,CARDIOVASC,mouse,DOWN,True
OSD-599,Inmt,21743,-1.45762,0.00302359,heart,CARDIOVASC,mouse,DOWN,True
OSD-599,Pwwp4c,434797,-7.43052,0.000466541,heart,CARDIOVASC,mouse,DOWN,True
OSD-599,Npy1r,18166,-2.2487,0.0396923,heart,CARDIOVASC,mouse,DOWN,True
OSD-599,Scube2,56788,1.53149,1.24934e-06,heart,CARDIOVASC,mouse,UP,True
OSD-599,Ramp1,51801,-1.01216,0.0494696,heart,CARDIOVASC,mouse,DOWN,True
OSD-599,Gpm6a,234267,-1.90529,0.0296381,heart,CARDIOVASC,mouse,DOWN,True
OSD-599,Rn7s1,103948,-2.86924,0.00360954,heart,CARDIOVASC,mouse,DOWN,True
OSD-599,Acta2,11475,1.01635,0.00783623,heart,CARDIOVASC,mouse,UP,True
OSD-599,Tppp3,67971,-1.12006,0.00718865,heart,CARDIOVASC,mouse,DOWN,True
OSD-599,Cntn2,21367,-4.29399,1.29244e-06,heart,CARDIOVASC,mouse,DOWN,True
OSD-599,Atp2a1,11937,-2.6128,0.0388845,heart,CARDIOVASC,mouse,DOWN,True
OSD-599,Stard10,56018,-3.12201,0.00462218,heart,CARDIOVASC,mouse,DOWN,True
OSD-599,Nova1,664883,-1.77707,0.00246286,heart,CARDIOVASC,mouse,DOWN,True
OSD-599,Adamts19,240322,-2.8632,0.00780002,heart,CARDIOVASC,mouse,DOWN,True
OSD-599,5430431A17Rik,71368,-1.29416,0.000580265,heart,CARDIOVASC,mouse,DOWN,True
OSD-599,Cyp1b1,13078,-1.45681,0.0161658,heart,CARDIOVASC,mouse,DOWN,True
OSD-599,Zfp579,68490,-2.00539,0.00031617,heart,CARDIOVASC,mouse,DOWN,True
OSD-599,Tmem163,72160,-9.15212,0.00177816,heart,CARDIOVASC,mouse,DOWN,True
OSD-599,Nrtn,18188,-1.13197,0.0167406,heart,CARDIOVASC,mouse,DOWN,True
OSD-599,Olfm1,56177,-2.97418,0.0218917,heart,CARDIOVASC,mouse,DOWN,True
OSD-599,Igfals,16005,1.41182,0.00566221,heart,CARDIOVASC,mouse,UP,True
OSD-599,Tmem240,381582,-3.43577,0.0183639,heart,CARDIOVASC,mouse,DOWN,True
OSD-599,Dkk3,50781,-6.02261,3.04888e-05,heart,CARDIOVASC,mouse,DOWN,True
OSD-599,Cyp26b1,232174,1.45043,0.0439886,heart,CARDIOVASC,mouse,UP,True
OSD-599,Rxfp1,381489,-7.35409,0.000905732,heart,CARDIOVASC,mouse,DOWN,True
OSD-599,Soat1,20652,-1.34466,0.0312795,heart,CARDIOVASC,mouse,DOWN,True
OSD-599,Gm49333,110599584,5.79875,0.0310964,heart,CARDIOVASC,mouse,UP,True
OSD-599,Fgf12,14167,-7.63545,8.4069e-05,heart,CARDIOVASC,mouse,DOWN,True
OSD-599,Stmnd1,380842,-5.36469,0.0346406,heart,CARDIOVASC,mouse,DOWN,True
OSD-599,Igf2,16002,-1.03263,0.00275691,heart,CARDIOVASC,mouse,DOWN,True
OSD-599,Nppa,230899,-6.67352,8.70694e-05,heart,CARDIOVASC,mouse,DOWN,True
OSD-599,Cacna1h,58226,-2.77872,0.0435927,heart,CARDIOVASC,mouse,DOWN,True
OSD-599,Rn7s2,103949,-2.86924,0.00360954,heart,CARDIOVASC,mouse,DOWN,True
OSD-599,Sphkap,77629,-4.90825,0.00041362,heart,CARDIOVASC,mouse,DOWN,True
OSD-599,Pum3,52874,-1.19482,0.00988878,heart,CARDIOVASC,mouse,DOWN,True
OSD-599,Sln,66402,-11.4189,1.96795e-05,heart,CARDIOVASC,mouse,DOWN,True
OSD-599,Sbk2,381836,-3.2185,0.034021,heart,CARDIOVASC,mouse,DOWN,True
OSD-599,Scn10a,20264,-1.94673,0.0471837,heart,CARDIOVASC,mouse,DOWN,True
OSD-599,Drd2,13489,-2.93055,0.00571549,heart,CARDIOVASC,mouse,DOWN,True
OSD-599,Sbk3,381835,-7.49786,3.23049e-06,heart,CARDIOVASC,mouse,DOWN,True
OSD-599,Cdcp3,71395,-3.48904,0.0388845,heart,CARDIOVASC,mouse,DOWN,True
OSD-599,Plin1,103968,-6.20799,0.000994122,heart,CARDIOVASC,mouse,DOWN,True
OSD-599,Grin2c,14813,-2.32153,0.0399901,heart,CARDIOVASC,mouse,DOWN,True
OSD-599,Rcor2,104383,1.37198,0.00780002,heart,CARDIOVASC,mouse,UP,True
OSD-599,Ppl,19041,-1.98104,1.78745e-05,heart,CARDIOVASC,mouse,DOWN,True
OSD-599,Lmntd1,74071,-7.55615,0.000403637,heart,CARDIOVASC,mouse,DOWN,True
OSD-599,Lgi1,56839,1.29399,0.00703149,heart,CARDIOVASC,mouse,UP,True
OSD-599,Nle1,217011,-1.22071,0.0184561,heart,CARDIOVASC,mouse,DOWN,True
OSD-599,Bmp3,110075,-8.9025,0.0310964,heart,CARDIOVASC,mouse,DOWN,True
OSD-599,Lamb3,16780,-1.01594,0.0135931,heart,CARDIOVASC,mouse,DOWN,True
OSD-599,Ptgfr,19220,-3.20056,0.00476887,heart,CARDIOVASC,mouse,DOWN,True
OSD-599,Adipoq,11450,-6.30608,0.00111682,heart,CARDIOVASC,mouse,DOWN,True
OSD-599,Gng2,14702,-1.89416,0.00918395,heart,CARDIOVASC,mouse,DOWN,True
OSD-599,Pdlim3,53318,-1.30004,0.0457043,heart,CARDIOVASC,mouse,DOWN,True
OSD-599,Slc7a7,20540,-2.08637,0.0399361,heart,CARDIOVASC,mouse,DOWN,True
OSD-207,Myo61F,38153,1.18726,0.0107948,head,FLYHEAD,fly,UP,True
OSD-207,Kaz-m1,43154,6.28127,0.000152584,head,FLYHEAD,fly,UP,True
OSD-207,odd,33583,1.54759,0.0167312,head,FLYHEAD,fly,UP,True
OSD-207,Acp1,34052,-10.1316,6.33916e-14,head,FLYHEAD,fly,DOWN,True
OSD-207,gammaTry,48343,18.9191,1.71707e-10,head,FLYHEAD,fly,UP,True
OSD-207,v,32026,1.04062,0.00579518,head,FLYHEAD,fly,UP,True
OSD-207,Tm2,41853,-1.57808,2.75939e-05,head,FLYHEAD,fly,DOWN,True
OSD-207,Odc2,35767,1.00023,0.048196,head,FLYHEAD,fly,UP,True
OSD-207,ninaC,34012,-1.58692,9.12263e-17,head,FLYHEAD,fly,DOWN,True
OSD-207,e,42521,-1.41882,0.000394041,head,FLYHEAD,fly,DOWN,True
OSD-207,fzo,42745,1.18591,0.0104576,head,FLYHEAD,fly,UP,True
OSD-207,Grd,39984,-1.67171,2.14419e-11,head,FLYHEAD,fly,DOWN,True
OSD-207,Ubc84D,40900,1.72485,0.000914626,head,FLYHEAD,fly,UP,True
OSD-207,gammaTry,246404,18.9191,1.71707e-10,head,FLYHEAD,fly,UP,True
OSD-207,Ahcy,32471,1.46661,9.52658e-06,head,FLYHEAD,fly,UP,True
OSD-207,Act79B,40444,-1.94894,0.0164163,head,FLYHEAD,fly,DOWN,True
OSD-207,MtnB,42424,2.02834,0.000352134,head,FLYHEAD,fly,UP,True
OSD-207,Syt1,33473,-1.03707,1.36286e-12,head,FLYHEAD,fly,DOWN,True
OSD-207,Itgbn,35368,2.24973,0.00182287,head,FLYHEAD,fly,UP,True
OSD-207,Cp38,31788,4.90061,0.0283636,head,FLYHEAD,fly,UP,True
OSD-207,Cp19,39000,-1.92408,0.0244976,head,FLYHEAD,fly,DOWN,True
OSD-207,gammaTry,36221,18.9191,1.71707e-10,head,FLYHEAD,fly,UP,True
OSD-207,Hdc,36076,-1.38286,3.45564e-19,head,FLYHEAD,fly,DOWN,True
OSD-207,Pepck1,37131,1.75394,0.0120308,head,FLYHEAD,fly,UP,True
OSD-207,Ccp84Ab,40824,-4.65827,0.00160899,head,FLYHEAD,fly,DOWN,True
OSD-207,Cds,43950,-1.00082,2.44087e-13,head,FLYHEAD,fly,DOWN,True
OSD-207,ninaB,41678,-1.14044,1.26335e-08,head,FLYHEAD,fly,DOWN,True
OSD-207,Cyp6a2,35587,-1.5141,0.000690962,head,FLYHEAD,fly,DOWN,True
OSD-207,Cp36,31787,5.51355,0.00282622,head,FLYHEAD,fly,UP,True
OSD-207,ec,31339,-1.14265,0.00389258,head,FLYHEAD,fly,DOWN,True
OSD-207,Cyp4d1,31188,1.46912,0.00342926,head,FLYHEAD,fly,UP,True
OSD-207,fs(1)M3,45994,-1.25621,0.0389862,head,FLYHEAD,fly,DOWN,True
OSD-207,inaD,37629,-1.01349,7.59936e-19,head,FLYHEAD,fly,DOWN,True
OSD-207,Calx,42481,-1.24346,1.76324e-15,head,FLYHEAD,fly,DOWN,True
OSD-207,Ccp84Ad,40822,-7.50261,0.00230064,head,FLYHEAD,fly,DOWN,True
OSD-207,alphaTry,48316,4.92827,0.00447127,head,FLYHEAD,fly,UP,True
OSD-207,Cyp4c3,43663,-1.93554,6.7823e-06,head,FLYHEAD,fly,DOWN,True
OSD-207,w,31271,-3.67373,0.00523964,head,FLYHEAD,fly,DOWN,True
OSD-207,inaC,36897,-1.0629,3.45624e-15,head,FLYHEAD,fly,DOWN,True
OSD-207,betaTry,47901,4.81893,0.0201836,head,FLYHEAD,fly,UP,True
OSD-207,Ag5r,44631,6.05991,7.49826e-06,head,FLYHEAD,fly,UP,True
OSD-207,Act57B,37368,-1.94624,0.000110954,head,FLYHEAD,fly,DOWN,True
OSD-207,Galphaq,36384,-1.04496,4.02791e-07,head,FLYHEAD,fly,DOWN,True
OSD-207,TpnC73F,39916,1.15106,0.0103309,head,FLYHEAD,fly,UP,True
OSD-207,Actn,31166,-1.41524,0.000169812,head,FLYHEAD,fly,DOWN,True
OSD-207,Prm,39002,-1.78714,0.000678387,head,FLYHEAD,fly,DOWN,True
OSD-207,Gad1,38484,-1.16552,6.4767e-10,head,FLYHEAD,fly,DOWN,True
OSD-207,fw,32162,-1.67774,1.67679e-06,head,FLYHEAD,fly,DOWN,True
OSD-207,sob,33581,1.08464,0.00338468,head,FLYHEAD,fly,UP,True
OSD-207,Sgs1,33701,-1.93707,0.00146774,head,FLYHEAD,fly,DOWN,True
OSD-207,Pcp,33985,-1.6406,0.00786225,head,FLYHEAD,fly,DOWN,True
OSD-207,aub,34524,1.3067,0.021299,head,FLYHEAD,fly,UP,True
OSD-207,Mlc2,43587,-2.17042,1.27485e-05,head,FLYHEAD,fly,DOWN,True
OSD-207,Spat,31587,1.00251,0.000192936,head,FLYHEAD,fly,UP,True
OSD-207,RyR,49090,-1.03624,1.83405e-09,head,FLYHEAD,fly,DOWN,True
OSD-207,Ccp84Aa,40825,-7.49613,0.000548807,head,FLYHEAD,fly,DOWN,True
OSD-207,Ser,43275,1.18457,0.00118074,head,FLYHEAD,fly,UP,True
OSD-207,GlyP,33386,-1.75604,2.54499e-05,head,FLYHEAD,fly,DOWN,True
OSD-207,CycA,39340,1.22467,0.00351006,head,FLYHEAD,fly,UP,True
OSD-207,DNaseII,48228,1.04149,0.00434748,head,FLYHEAD,fly,UP,True
OSD-207,Akh,38495,6.46004,3.63485e-08,head,FLYHEAD,fly,UP,True
OSD-207,Mlp84B,40849,-1.10823,0.000383377,head,FLYHEAD,fly,DOWN,True
OSD-207,CG15865,32641,5.48452,0.000176743,head,FLYHEAD,fly,UP,True
OSD-207,DptA,37183,3.29944,0.00970255,head,FLYHEAD,fly,UP,True
OSD-207,Ets65A,38700,-1.01094,6.82338e-11,head,FLYHEAD,fly,DOWN,True
OSD-207,Gbeta76C,40148,-1.50585,4.64854e-19,head,FLYHEAD,fly,DOWN,True
OSD-207,Crys,34604,-2.30781,0.00847621,head,FLYHEAD,fly,DOWN,True
OSD-207,cn,35724,-2.88195,0.032128,head,FLYHEAD,fly,DOWN,True
OSD-207,Faa,45577,-1.06221,0.00102637,head,FLYHEAD,fly,DOWN,True
OSD-207,boss,43146,-1.49617,6.64134e-13,head,FLYHEAD,fly,DOWN,True
OSD-207,Gyc32E,34553,1.58763,0.00375127,head,FLYHEAD,fly,UP,True
OSD-207,ort,45910,-1.32034,8.20178e-14,head,FLYHEAD,fly,DOWN,True
OSD-207,Cyp6a8,36666,-2.24219,2.47664e-11,head,FLYHEAD,fly,DOWN,True
OSD-207,Dhc98D,43379,-1.09631,0.00594048,head,FLYHEAD,fly,DOWN,True
OSD-207,NT1,38558,-1.82059,0.0210538,head,FLYHEAD,fly,DOWN,True
OSD-207,obst-B,34336,-2.97286,0.000658032,head,FLYHEAD,fly,DOWN,True
OSD-207,CG33301,2768917,2.37168,1.1265e-05,head,FLYHEAD,fly,UP,True
OSD-207,lncRNA:CR44754,19836162,-1.46001,0.00224283,head,FLYHEAD,fly,DOWN,True
OSD-207,asRNA:CR45875,26067203,-1.14105,0.0041183,head,FLYHEAD,fly,DOWN,True
OSD-207,nau,42799,-1.28057,0.00688617,head,FLYHEAD,fly,DOWN,True
OSD-207,CG34208,5740805,-1.55811,0.015242,head,FLYHEAD,fly,DOWN,True
OSD-207,inaF-B,8674114,-1.25466,7.86181e-14,head,FLYHEAD,fly,DOWN,True
OSD-207,CG34148,326250,2.93874,7.5115e-07,head,FLYHEAD,fly,UP,True
OSD-207,CG10710,39525,-1.02431,0.0011863,head,FLYHEAD,fly,DOWN,True
OSD-207,KP78b,41361,-1.21916,0.0278276,head,FLYHEAD,fly,DOWN,True
OSD-207,RecQ4,53438,1.03056,0.0095568,head,FLYHEAD,fly,UP,True
OSD-207,CG40298,3355149,-2.76746,1.61362e-07,head,FLYHEAD,fly,DOWN,True
OSD-207,CG18563,35050,2.41131,0.0292614,head,FLYHEAD,fly,UP,True
OSD-207,CG17264,33511,2.33829,2.33857e-07,head,FLYHEAD,fly,UP,True
OSD-207,5.8SrRNA:CR45842,26067170,1.81779,0.000886644,head,FLYHEAD,fly,UP,True
OSD-207,Vajk2,34811,-5.32671,1.49872e-06,head,FLYHEAD,fly,DOWN,True
OSD-207,CG1561,32108,-1.14944,2.62878e-06,head,FLYHEAD,fly,DOWN,True
OSD-207,LManI,34436,1.10075,0.000166912,head,FLYHEAD,fly,UP,True
OSD-207,lncRNA:CR43452,12798494,-3.54806,0.000302104,head,FLYHEAD,fly,DOWN,True
OSD-207,Mtp,35362,1.26595,6.62158e-05,head,FLYHEAD,fly,UP,True
OSD-207,Xport-A,42373,-1.38777,2.4611300000000003e-18,head,FLYHEAD,fly,DOWN,True
OSD-207,lncRNA:CR45758,19835268,-1.41598,0.00889626,head,FLYHEAD,fly,DOWN,True
OSD-207,asRNA:CR43159,12797909,1.44298,0.0126656,head,FLYHEAD,fly,UP,True
OSD-207,CG42336,36205,1.19101,0.000614213,head,FLYHEAD,fly,UP,True
OSD-207,loj,38698,1.04237,4.07902e-05,head,FLYHEAD,fly,UP,True
OSD-207,CG14770,31085,-3.75675,0.0309037,head,FLYHEAD,fly,DOWN,True
OSD-207,asRNA:CR45804,26067134,-1.89859,0.00523964,head,FLYHEAD,fly,DOWN,True
OSD-207,Xport-B,8673993,-1.35782,7.78367e-17,head,FLYHEAD,fly,DOWN,True
OSD-207,Vago,32040,2.43658,9.53499e-09,head,FLYHEAD,fly,UP,True
OSD-207,prc,43930,-2.80798,6.72299e-05,head,FLYHEAD,fly,DOWN,True
OSD-207,CG43071,12798340,1.3236,0.0123217,head,FLYHEAD,fly,UP,True
OSD-207,asRNA:CR43425,12798288,-1.36979,0.0057193,head,FLYHEAD,fly,DOWN,True
OSD-207,Pdh,39812,-1.33226,1.2192e-05,head,FLYHEAD,fly,DOWN,True
OSD-207,CG13305,38992,-2.18581,3.81921e-08,head,FLYHEAD,fly,DOWN,True
OSD-207,CG31704,318906,1.19679,0.00192545,head,FLYHEAD,fly,UP,True
OSD-207,sr,42162,-1.21017,4.37602e-09,head,FLYHEAD,fly,DOWN,True
OSD-207,shd,39592,1.35327,0.0479095,head,FLYHEAD,fly,UP,True
OSD-207,CG7910,40956,1.16497,0.0313708,head,FLYHEAD,fly,UP,True
OSD-207,CG4914,39597,-1.14856,0.018739,head,FLYHEAD,fly,DOWN,True
OSD-207,CG42249,32043,-1.56404,0.00783595,head,FLYHEAD,fly,DOWN,True
OSD-207,CG42239,7354422,1.09863,1.2145e-06,head,FLYHEAD,fly,UP,True
OSD-207,asRNA:CR45894,26067222,-2.22679,0.00456357,head,FLYHEAD,fly,DOWN,True
OSD-207,lncRNA:CR43651,14462569,2.38686,0.00010178,head,FLYHEAD,fly,UP,True
OSD-207,CG31955,319045,1.23441,0.0028151,head,FLYHEAD,fly,UP,True
OSD-207,lncRNA:CR44831,19835371,-2.07306,4.23459e-09,head,FLYHEAD,fly,DOWN,True
OSD-207,CG10041,41496,1.47519,0.00730992,head,FLYHEAD,fly,UP,True
OSD-207,tfc,38141,-1.64033,0.00140902,head,FLYHEAD,fly,DOWN,True
OSD-207,up,32314,-2.10101,1.92307e-06,head,FLYHEAD,fly,DOWN,True
OSD-207,RnrL,34392,1.11756,0.00011344,head,FLYHEAD,fly,UP,True
OSD-207,CG34220,5740467,8.83477,8.20848e-09,head,FLYHEAD,fly,UP,True
OSD-207,CG15155,35087,2.91454,0.00216091,head,FLYHEAD,fly,UP,True
OSD-207,lncRNA:CR46035,26067354,-1.20543,0.00266688,head,FLYHEAD,fly,DOWN,True
OSD-207,CG4374,42767,-1.15943,0.0283437,head,FLYHEAD,fly,DOWN,True
OSD-207,CG42795,41252,-1.12541,5.29617e-15,head,FLYHEAD,fly,DOWN,True
OSD-207,CG13063,39797,-7.91625,0.010783,head,FLYHEAD,fly,DOWN,True
OSD-207,CG7560,39276,1.28396,0.000116436,head,FLYHEAD,fly,UP,True
OSD-207,spz5,38350,-1.42354,0.0016018,head,FLYHEAD,fly,DOWN,True
OSD-207,CG10560,43065,-1.39893,0.00185572,head,FLYHEAD,fly,DOWN,True
OSD-207,CG8757,39528,-1.07731,0.0154196,head,FLYHEAD,fly,DOWN,True
OSD-207,Cyp12d1-p,246648,1.27628,0.0082115,head,FLYHEAD,fly,UP,True
OSD-207,Sec61beta,46080,1.05958,0.00038099,head,FLYHEAD,fly,UP,True
OSD-207,to,43036,2.07037,0.00010284,head,FLYHEAD,fly,UP,True
OSD-207,Cyp309a1,33438,1.50746,0.000182926,head,FLYHEAD,fly,UP,True
OSD-207,CG34212,5740704,5.04742,0.0235498,head,FLYHEAD,fly,UP,True
OSD-207,CG33521,3346141,-1.53348,2.43096e-06,head,FLYHEAD,fly,DOWN,True
OSD-207,CG14034,33751,-3.74554,0.00313381,head,FLYHEAD,fly,DOWN,True
OSD-207,CG2150,43745,-4.04915,0.0136746,head,FLYHEAD,fly,DOWN,True
OSD-207,CG33460,3885588,1.31491,0.00356108,head,FLYHEAD,fly,UP,True
OSD-207,Fum2,31606,1.89788,0.0393289,head,FLYHEAD,fly,UP,True
OSD-207,Tsp5D,31540,-1.41536,3.14493e-05,head,FLYHEAD,fly,DOWN,True
OSD-207,CG31904,319016,-3.26951,0.000133201,head,FLYHEAD,fly,DOWN,True
OSD-207,CG30090,246448,2.28388,0.000713359,head,FLYHEAD,fly,UP,True
OSD-207,pre-rRNA:CR45856,26067184,2.83994,0.0133683,head,FLYHEAD,fly,UP,True
OSD-207,lncRNA:CR43900,14462580,1.36649,0.0395993,head,FLYHEAD,fly,UP,True
OSD-207,CG14906,42030,1.54394,0.00135968,head,FLYHEAD,fly,UP,True
OSD-207,reb,36275,-3.34834,0.000109994,head,FLYHEAD,fly,DOWN,True
OSD-207,brk,31665,1.44448,1.29795e-09,head,FLYHEAD,fly,UP,True
OSD-207,CG10910,37052,7.34769,0.000894338,head,FLYHEAD,fly,UP,True
OSD-207,veil,36968,-1.07597,0.0011369,head,FLYHEAD,fly,DOWN,True
OSD-207,lncRNA:CR44506,19834936,-1.00852,0.0132297,head,FLYHEAD,fly,DOWN,True
OSD-207,Cpr62Bc,38241,-4.81731,9.79453e-06,head,FLYHEAD,fly,DOWN,True
OSD-207,LysP,38129,10.0391,0.000420584,head,FLYHEAD,fly,UP,True
OSD-207,CG15024,50172,-6.49869,0.0295992,head,FLYHEAD,fly,DOWN,True
OSD-207,TpnC41C,35473,-3.36361,7.77505e-09,head,FLYHEAD,fly,DOWN,True
OSD-207,CG33120,326260,1.33187,1.82561e-05,head,FLYHEAD,fly,UP,True
OSD-207,asRNA:CR45600,19835798,-1.42832,0.0038232,head,FLYHEAD,fly,DOWN,True
OSD-207,CG11380,31065,-4.88642,0.000650848,head,FLYHEAD,fly,DOWN,True
OSD-207,Nepl13,42699,1.56837,4.78231e-05,head,FLYHEAD,fly,UP,True
OSD-207,CG15043,32835,7.01717,1.58444e-05,head,FLYHEAD,fly,UP,True
OSD-207,TRAM,31042,1.19342,0.0018007,head,FLYHEAD,fly,UP,True
OSD-207,CG33293,2768659,1.48263,0.000246601,head,FLYHEAD,fly,UP,True
OSD-207,CG30083,246444,1.85411,0.000451471,head,FLYHEAD,fly,UP,True
OSD-207,Sr-CI,33621,1.05071,0.000831812,head,FLYHEAD,fly,UP,True
OSD-207,jhamt,34977,1.13645,0.00680944,head,FLYHEAD,fly,UP,True
OSD-207,CG3168,31612,1.83882,5.06181e-05,head,FLYHEAD,fly,UP,True
OSD-207,tgy,32896,5.73695,0.000150642,head,FLYHEAD,fly,UP,True
OSD-207,Ccp84Ag,40819,-4.39756,8.85867e-05,head,FLYHEAD,fly,DOWN,True
OSD-207,CG7884,32914,-3.00943,0.0213167,head,FLYHEAD,fly,DOWN,True
OSD-207,asRNA:CR46089,26067406,1.96579,0.0353888,head,FLYHEAD,fly,UP,True
OSD-207,CG8854,36324,-1.26758,0.00118322,head,FLYHEAD,fly,DOWN,True
OSD-207,CG43085,12797926,2.77849,2.02681e-07,head,FLYHEAD,fly,UP,True
OSD-207,lncRNA:CR44946,19836094,-2.05322,2.06299e-06,head,FLYHEAD,fly,DOWN,True
OSD-207,CG44251,36429,3.39406,0.00793756,head,FLYHEAD,fly,UP,True
OSD-207,Spn85F,41221,-1.69338,0.0142136,head,FLYHEAD,fly,DOWN,True
OSD-207,CG5955,40268,1.26342,0.00264258,head,FLYHEAD,fly,UP,True
OSD-207,CaBP1,34976,1.06075,0.0438479,head,FLYHEAD,fly,UP,True
OSD-207,CG8501,36347,-1.80431,0.000824423,head,FLYHEAD,fly,DOWN,True
OSD-207,p38c,2768679,1.76888,0.0152996,head,FLYHEAD,fly,UP,True
OSD-207,CG10116,39515,2.17399,0.00232754,head,FLYHEAD,fly,UP,True
OSD-207,CG13323,36433,6.74783,0.000224504,head,FLYHEAD,fly,UP,True
OSD-207,CG7135,32793,-1.90919,5.68331e-05,head,FLYHEAD,fly,DOWN,True
OSD-207,CG10912,37059,6.07651,0.0150246,head,FLYHEAD,fly,UP,True
OSD-207,Cda4,33144,-4.77817,0.000169406,head,FLYHEAD,fly,DOWN,True
OSD-207,CG1368,32361,-3.84217,0.00462075,head,FLYHEAD,fly,DOWN,True
OSD-207,CG13618,42924,1.09907,0.00462671,head,FLYHEAD,fly,UP,True
OSD-207,SmydA-3,34502,-1.65578,3.90368e-05,head,FLYHEAD,fly,DOWN,True
OSD-207,PGRP-SB1,39870,2.209,0.00680286,head,FLYHEAD,fly,UP,True
OSD-207,asRNA:CR43465,12798571,2.17033,0.0425169,head,FLYHEAD,fly,UP,True
OSD-207,Osi9,40763,-5.69647,1.54115e-07,head,FLYHEAD,fly,DOWN,True
OSD-207,CG14160,39177,7.22006,0.000188942,head,FLYHEAD,fly,UP,True
OSD-207,Tsp42Ej,35620,-1.18479,7.39138e-13,head,FLYHEAD,fly,DOWN,True
OSD-207,lncRNA:CR45597,19835539,-1.42725,0.00101558,head,FLYHEAD,fly,DOWN,True
OSD-207,CG30062,246428,-1.94371,0.0201017,head,FLYHEAD,fly,DOWN,True
OSD-207,Nepl20,43412,1.0468,0.00296903,head,FLYHEAD,fly,UP,True
OSD-207,CG11334,43713,1.1005,4.65407e-05,head,FLYHEAD,fly,UP,True
OSD-207,CG42714,10178862,5.44416,0.0187159,head,FLYHEAD,fly,UP,True
OSD-207,Spp,33227,1.07182,0.000120636,head,FLYHEAD,fly,UP,True
OSD-207,Cpr47Ea,36188,-2.61768,0.00285079,head,FLYHEAD,fly,DOWN,True
OSD-207,CG15021,38546,-1.98114,1.1401e-05,head,FLYHEAD,fly,DOWN,True
OSD-207,CG7017,40213,7.77932,9.99206e-05,head,FLYHEAD,fly,UP,True
OSD-207,lncRNA:CR45414,19836143,-1.78174,0.0244628,head,FLYHEAD,fly,DOWN,True
OSD-207,CG14795,31109,-1.46745,0.00453407,head,FLYHEAD,fly,DOWN,True
OSD-207,CG13041,39801,-5.39921,0.000239488,head,FLYHEAD,fly,DOWN,True
OSD-207,asRNA:CR45800,26067130,-1.05924,0.0247133,head,FLYHEAD,fly,DOWN,True
OSD-207,CG15629,33679,-1.01253,0.0100134,head,FLYHEAD,fly,DOWN,True
OSD-207,CG8170,35908,-1.6977,7.58438e-05,head,FLYHEAD,fly,DOWN,True
OSD-207,lncRNA:CR42868,19835116,1.01433,0.00660178,head,FLYHEAD,fly,UP,True
OSD-207,CG33510,3346224,2.01536,0.0031684,head,FLYHEAD,fly,UP,True
OSD-207,asRNA:CR43480,12798148,-1.35001,4.1533e-08,head,FLYHEAD,fly,DOWN,True
OSD-207,CG42662,10178847,-1.98991,0.00925762,head,FLYHEAD,fly,DOWN,True
OSD-207,euc,42271,-1.20486,0.00162629,head,FLYHEAD,fly,DOWN,True
OSD-207,lncRNA:CR44206,19835403,1.85086,0.0045945,head,FLYHEAD,fly,UP,True
OSD-207,Rab3-GEF,32442,-1.0094,1.8404599999999998e-21,head,FLYHEAD,fly,DOWN,True
OSD-207,Mf,41824,-1.0835,3.97166e-05,head,FLYHEAD,fly,DOWN,True
OSD-207,CG6808,41394,1.4505,0.000387838,head,FLYHEAD,fly,UP,True
OSD-207,asRNA:CR45131,19835632,-1.21885,3.6546e-06,head,FLYHEAD,fly,DOWN,True
OSD-207,Cyp49a1,36105,1.8874,0.0114305,head,FLYHEAD,fly,UP,True
OSD-207,lncRNA:CR44851,19835363,2.28968,0.000309903,head,FLYHEAD,fly,UP,True
OSD-207,lncRNA:CR45706,19835718,-1.00204,0.0168119,head,FLYHEAD,fly,DOWN,True
OSD-207,CG42807,36511,2.14214,0.0219249,head,FLYHEAD,fly,UP,True
OSD-207,Gart,33986,1.10041,0.0179459,head,FLYHEAD,fly,UP,True
OSD-207,CG4020,31522,1.77194,3.05993e-06,head,FLYHEAD,fly,UP,True
OSD-207,CG40485,3355165,-1.25047,1.48749e-06,head,FLYHEAD,fly,DOWN,True
OSD-207,Tsp42Ed,35613,1.08444,0.0105617,head,FLYHEAD,fly,UP,True
OSD-207,CG8860,36310,1.10595,7.22112e-06,head,FLYHEAD,fly,UP,True
OSD-207,CG13044,39795,-9.73408,2.0738e-05,head,FLYHEAD,fly,DOWN,True
OSD-207,CG45061,19835998,3.88135,0.0171324,head,FLYHEAD,fly,UP,True
OSD-207,CG11529,39395,1.12554,0.009809,head,FLYHEAD,fly,UP,True
OSD-207,CG13704,38588,4.50224,0.00155842,head,FLYHEAD,fly,UP,True
OSD-207,CG10513,43051,-1.94987,1.30224e-05,head,FLYHEAD,fly,DOWN,True
OSD-207,CG33469,2768832,1.53643,0.00366827,head,FLYHEAD,fly,UP,True
OSD-207,CG13606,42873,-1.08799,0.0162511,head,FLYHEAD,fly,DOWN,True
OSD-207,CG3246,33564,1.01351,0.00317925,head,FLYHEAD,fly,UP,True
OSD-207,Nplp3,59235,-4.81662,1.77973e-07,head,FLYHEAD,fly,DOWN,True
OSD-207,CG11459,40741,1.11832,0.00529265,head,FLYHEAD,fly,UP,True
OSD-207,kek4,34718,-1.24838,1.25685e-11,head,FLYHEAD,fly,DOWN,True
OSD-207,CG4239,32606,-1.20311,1.01291e-05,head,FLYHEAD,fly,DOWN,True
OSD-207,Cpr47Ef,36194,-2.89016,9.53731e-07,head,FLYHEAD,fly,DOWN,True
OSD-207,Lcp65Ag2,38702,-2.7686,2.0395e-07,head,FLYHEAD,fly,DOWN,True
OSD-207,Lcp65Ag2,38703,-2.7686,2.0395e-07,head,FLYHEAD,fly,DOWN,True
OSD-207,TpnC4,35498,4.25242,0.00115671,head,FLYHEAD,fly,UP,True
OSD-207,Nepl14,42700,1.55338,0.000102074,head,FLYHEAD,fly,UP,True
OSD-207,Lime,36023,1.23042,0.0132109,head,FLYHEAD,fly,UP,True
OSD-207,CG7214,34053,-9.76891,9.24091e-13,head,FLYHEAD,fly,DOWN,True
OSD-207,CG13563,37845,-1.61186,0.00465398,head,FLYHEAD,fly,DOWN,True
OSD-207,lncRNA:CR44628,19835486,-1.59691,0.0267413,head,FLYHEAD,fly,DOWN,True
OSD-207,CG13482,39577,3.32315,0.00825678,head,FLYHEAD,fly,UP,True
OSD-207,Spn88Eb,41829,1.9853,0.0229022,head,FLYHEAD,fly,UP,True
OSD-207,lectin-37Da,3346222,7.24711,7.48166e-06,head,FLYHEAD,fly,UP,True
OSD-207,CG34327,5740714,-3.74832,0.000239944,head,FLYHEAD,fly,DOWN,True
OSD-207,CG2909,31958,1.29659,1.7627e-07,head,FLYHEAD,fly,UP,True
OSD-207,Cpr50Cb,36525,-2.70989,0.000133624,head,FLYHEAD,fly,DOWN,True
OSD-207,Cyp4s3,32444,1.09327,0.0187116,head,FLYHEAD,fly,UP,True
OSD-207,retinin,53564,-2.47621,4.7281e-07,head,FLYHEAD,fly,DOWN,True
OSD-207,CG7768,39573,3.3632,0.00022151,head,FLYHEAD,fly,UP,True
OSD-207,CheA7a,31672,-10.0457,1.54011e-05,head,FLYHEAD,fly,DOWN,True
OSD-207,PPO1,37044,1.62022,0.000550873,head,FLYHEAD,fly,UP,True
OSD-207,Strica,35528,1.29417,0.0106216,head,FLYHEAD,fly,UP,True
OSD-207,CG13857,42627,-5.7069,0.00115176,head,FLYHEAD,fly,DOWN,True
OSD-207,asRNA:CR44370,19834935,-1.36048,0.00431645,head,FLYHEAD,fly,DOWN,True
OSD-207,asRNA:CR43481,12798374,2.28215,0.00464717,head,FLYHEAD,fly,UP,True
OSD-207,CG2993,40924,-1.0761,1.76324e-15,head,FLYHEAD,fly,DOWN,True
OSD-207,CG18746,59142,5.01973,0.0154189,head,FLYHEAD,fly,UP,True
OSD-207,CG10936,37000,-3.2595,2.15647e-06,head,FLYHEAD,fly,DOWN,True
OSD-207,CG11893,43056,2.05869,0.0365649,head,FLYHEAD,fly,UP,True
OSD-207,asRNA:CR44386,19835093,2.89016,0.0167636,head,FLYHEAD,fly,UP,True
OSD-207,Mal-B1,34597,1.80251,0.00297205,head,FLYHEAD,fly,UP,True
OSD-207,CG17224,33510,3.44687,1.48379e-13,head,FLYHEAD,fly,UP,True
OSD-207,Decay,42008,7.58715,0.000559217,head,FLYHEAD,fly,UP,True
OSD-207,CG45087,19834964,1.75394,0.0120308,head,FLYHEAD,fly,UP,True
OSD-207,CG4984,37017,-1.09658,0.0203813,head,FLYHEAD,fly,DOWN,True
OSD-207,h,38995,1.24697,0.0172974,head,FLYHEAD,fly,UP,True
OSD-207,sona,37762,-1.22229,0.00843312,head,FLYHEAD,fly,DOWN,True
OSD-207,NimC1,34816,1.23069,0.00121868,head,FLYHEAD,fly,UP,True
OSD-207,Nse1,33938,1.19487,0.0308166,head,FLYHEAD,fly,UP,True
OSD-207,CG43732,14462486,-1.00405,0.000307275,head,FLYHEAD,fly,DOWN,True
OSD-207,CG10738,39516,-1.09287,5.52794e-05,head,FLYHEAD,fly,DOWN,True
OSD-207,CG5011,50196,4.79766,0.0203976,head,FLYHEAD,fly,UP,True
OSD-207,CG7203,34055,-6.63923,2.87057e-10,head,FLYHEAD,fly,DOWN,True
OSD-207,CG3999,41253,1.42309,0.00913985,head,FLYHEAD,fly,UP,True
OSD-207,CG14645,50160,8.90876,9.97498e-08,head,FLYHEAD,fly,UP,True
OSD-207,lncRNA:CR45269,19836219,1.76914,0.00622251,head,FLYHEAD,fly,UP,True
OSD-207,Marf1,49895,1.26658,0.00768992,head,FLYHEAD,fly,UP,True
OSD-207,lncRNA:CR44725,19835497,3.79438,0.00849237,head,FLYHEAD,fly,UP,True
OSD-207,CG32036,39105,-1.79584,0.0492159,head,FLYHEAD,fly,DOWN,True
OSD-207,lncRNA:CR44111,14462389,-1.50287,0.0244442,head,FLYHEAD,fly,DOWN,True
OSD-207,antdh,32058,-1.09616,0.00140856,head,FLYHEAD,fly,DOWN,True
OSD-207,CG14304,42232,-4.88628,0.00016103,head,FLYHEAD,fly,DOWN,True
OSD-207,CG3906,37721,12.4179,3.70946e-13,head,FLYHEAD,fly,UP,True
OSD-207,CG11458,50110,-7.48966,9.24091e-13,head,FLYHEAD,fly,DOWN,True
OSD-207,Hand,34379,2.12499,0.0345038,head,FLYHEAD,fly,UP,True
OSD-207,BomT2,50208,1.19394,0.00862487,head,FLYHEAD,fly,UP,True
OSD-207,Gasp,40745,-2.80994,5.39867e-06,head,FLYHEAD,fly,DOWN,True
OSD-207,spirit,31797,1.20392,2.15169e-07,head,FLYHEAD,fly,UP,True
OSD-207,shams,43008,1.25909,6.6629e-05,head,FLYHEAD,fly,UP,True
OSD-207,alpha-Est2,40908,1.13183,0.0153717,head,FLYHEAD,fly,UP,True
OSD-207,CG14905,42024,-1.55711,0.00473368,head,FLYHEAD,fly,DOWN,True
OSD-207,CG3987,41822,2.91829,0.013046,head,FLYHEAD,fly,UP,True
OSD-207,CG8630,41629,-1.4686,0.0117945,head,FLYHEAD,fly,DOWN,True
OSD-207,lncRNA:CR43417,12798319,1.1012,0.000938907,head,FLYHEAD,fly,UP,True
OSD-207,CBP,31669,-1.03452,0.0162941,head,FLYHEAD,fly,DOWN,True
OSD-207,CG5246,42072,3.31579,0.00878565,head,FLYHEAD,fly,UP,True
OSD-207,CG34180,5740541,-2.57735,0.000133624,head,FLYHEAD,fly,DOWN,True
OSD-207,CG3777,30979,-4.12055,1.95011e-05,head,FLYHEAD,fly,DOWN,True
OSD-207,Phk-3,37997,1.85254,7.47619e-08,head,FLYHEAD,fly,UP,True
OSD-207,Cpr50Ca,36523,-1.75853,0.0472526,head,FLYHEAD,fly,DOWN,True
OSD-207,Cpr97Eb,43259,-4.29622,1.93599e-05,head,FLYHEAD,fly,DOWN,True
OSD-207,pre-mod(mdg4)-C,19835476,-2.74165,0.0239353,head,FLYHEAD,fly,DOWN,True
OSD-207,Cpr97Ea,43258,-8.29981,2.85811e-07,head,FLYHEAD,fly,DOWN,True
OSD-207,CG3097,31503,1.1222,0.0267295,head,FLYHEAD,fly,UP,True
OSD-207,Gyg,37419,-1.32531,2.15213e-09,head,FLYHEAD,fly,DOWN,True
OSD-207,alpha-Est5,40905,1.12523,4.44729e-05,head,FLYHEAD,fly,UP,True
OSD-207,Vajk4,36950,-1.25884,6.74366e-06,head,FLYHEAD,fly,DOWN,True
OSD-207,lncRNA:CR46351,39877393,-3.53292,0.017428,head,FLYHEAD,fly,DOWN,True
OSD-207,Cyp6g2,36317,3.7082,1.65767e-06,head,FLYHEAD,fly,UP,True
OSD-207,CG43175,12798449,4.83955,0.00286684,head,FLYHEAD,fly,UP,True
OSD-207,CG17189,43263,-1.53219,5.23078e-05,head,FLYHEAD,fly,DOWN,True
OSD-207,CG13177,5740215,-2.83082,0.0401238,head,FLYHEAD,fly,DOWN,True
OSD-207,CG15153,35080,6.56186,2.40785e-06,head,FLYHEAD,fly,UP,True
OSD-207,se,38973,-1.22669,0.0048844,head,FLYHEAD,fly,DOWN,True
OSD-207,CG12483,50161,-2.66861,0.00108092,head,FLYHEAD,fly,DOWN,True
OSD-207,Pu,37415,-1.29511,0.00169195,head,FLYHEAD,fly,DOWN,True
OSD-207,CR42875,10178955,-1.34791,0.000393373,head,FLYHEAD,fly,DOWN,True
OSD-207,RNaseZ,36086,1.19278,0.00332841,head,FLYHEAD,fly,UP,True
OSD-207,CG13643,50074,-3.78886,0.000894338,head,FLYHEAD,fly,DOWN,True
OSD-207,lncRNA:CR44197,14462756,1.37435,0.000810384,head,FLYHEAD,fly,UP,True
OSD-207,CG14186,40196,-1.05708,2.91417e-10,head,FLYHEAD,fly,DOWN,True
OSD-207,CG11407,42354,-1.16583,6.0497e-06,head,FLYHEAD,fly,DOWN,True
OSD-207,lncRNA:CR43314,12798160,1.30457,0.00277047,head,FLYHEAD,fly,UP,True
OSD-207,CG16786,37856,-3.11719,0.000173011,head,FLYHEAD,fly,DOWN,True
OSD-207,CG4269,37578,1.74285,0.00974996,head,FLYHEAD,fly,UP,True
OSD-207,CG7668,40190,1.11699,8.39732e-07,head,FLYHEAD,fly,UP,True
OSD-207,CG13360,31025,-1.0576,0.0327154,head,FLYHEAD,fly,DOWN,True
OSD-207,CG42363,7354406,1.31857,0.000182926,head,FLYHEAD,fly,UP,True
OSD-207,Muc68D,39326,10.3733,5.15148e-11,head,FLYHEAD,fly,UP,True
OSD-207,CG6675,35439,-2.32137,7.29678e-05,head,FLYHEAD,fly,DOWN,True
OSD-207,CG33939,26067037,-1.59841,0.010873,head,FLYHEAD,fly,DOWN,True
OSD-207,arg,46717,1.19276,0.0281768,head,FLYHEAD,fly,UP,True
OSD-207,mthl3,36961,1.34515,0.000862747,head,FLYHEAD,fly,UP,True
OSD-207,CG42489,8674035,-1.15566,0.00527922,head,FLYHEAD,fly,DOWN,True
OSD-207,CG4461,39074,-1.31416,9.48454e-05,head,FLYHEAD,fly,DOWN,True
OSD-207,Vajk1,34809,-1.80657,0.0216113,head,FLYHEAD,fly,DOWN,True
OSD-207,miple2,44787,-1.32361,0.0211681,head,FLYHEAD,fly,DOWN,True
OSD-207,Vajk3,34812,-6.66679,5.87509e-08,head,FLYHEAD,fly,DOWN,True
OSD-207,CG1208,40727,-1.01624,0.0259776,head,FLYHEAD,fly,DOWN,True
OSD-207,Loxl2,37485,-2.02325,2.06489e-08,head,FLYHEAD,fly,DOWN,True
OSD-207,CG14125,39359,8.61691,2.94349e-05,head,FLYHEAD,fly,UP,True
OSD-207,Cht4,49815,7.62963,2.60043e-06,head,FLYHEAD,fly,UP,True
OSD-207,CG8299,36751,2.54443,0.0187898,head,FLYHEAD,fly,UP,True
OSD-207,Nazo,40976,4.81059,0.000201488,head,FLYHEAD,fly,UP,True
OSD-207,CG10096,3772183,3.34961,0.000289767,head,FLYHEAD,fly,UP,True
OSD-207,drm,49638,1.18785,0.0286039,head,FLYHEAD,fly,UP,True
OSD-207,CG34205,37526,-3.6791,0.0445005,head,FLYHEAD,fly,DOWN,True
OSD-207,CG7031,42704,-4.39806,0.0137468,head,FLYHEAD,fly,DOWN,True
OSD-207,CG5773,37053,1.65452,4.95347e-05,head,FLYHEAD,fly,UP,True
OSD-207,CG13962,35270,2.54208,0.00694297,head,FLYHEAD,fly,UP,True
OSD-207,CG5172,32711,-8.48078,7.49735e-09,head,FLYHEAD,fly,DOWN,True
OSD-207,CG15247,31919,-1.00704,4.38413e-06,head,FLYHEAD,fly,DOWN,True
OSD-207,Had2,36624,1.06178,2.53163e-06,head,FLYHEAD,fly,UP,True
OSD-207,SmydA-9,31859,-1.40019,0.00011417,head,FLYHEAD,fly,DOWN,True
OSD-207,CG10553,43064,-1.17129,0.00870542,head,FLYHEAD,fly,DOWN,True
OSD-207,dunk,4379900,-1.25383,0.00646712,head,FLYHEAD,fly,DOWN,True
OSD-207,asRNA:CR45046,19834986,3.55641,0.000185871,head,FLYHEAD,fly,UP,True
OSD-207,lncRNA:CR32636,26067085,2.10466,8.34668e-05,head,FLYHEAD,fly,UP,True
OSD-207,GstE14,36467,-1.44938,0.000155041,head,FLYHEAD,fly,DOWN,True
OSD-207,CG6839,40067,8.58008,3.04953e-05,head,FLYHEAD,fly,UP,True
OSD-207,CG17974,37441,-3.08377,0.00357295,head,FLYHEAD,fly,DOWN,True
OSD-207,CG34215,5740170,2.63861,1.33921e-14,head,FLYHEAD,fly,UP,True
OSD-207,CG17754,31873,-1.95586,0.0346361,head,FLYHEAD,fly,DOWN,True
OSD-207,CG3829,38000,1.2794,1.69262e-06,head,FLYHEAD,fly,UP,True
OSD-207,Jon65Aiv,38682,5.95443,0.00273657,head,FLYHEAD,fly,UP,True
OSD-207,CG17707,5740408,-3.01806,0.00409858,head,FLYHEAD,fly,DOWN,True
OSD-207,NtR,43935,1.11844,6.80288e-05,head,FLYHEAD,fly,UP,True
OSD-207,CG42362,7354407,1.31857,0.000182926,head,FLYHEAD,fly,UP,True
OSD-207,IM18,3772138,4.54938,0.000253897,head,FLYHEAD,fly,UP,True
OSD-207,Hr38,35332,-1.21813,0.000647177,head,FLYHEAD,fly,DOWN,True
OSD-207,CG13038,50268,-4.14236,0.0157298,head,FLYHEAD,fly,DOWN,True
OSD-207,CG15506,43498,-1.91858,0.00600174,head,FLYHEAD,fly,DOWN,True
OSD-207,ppk22,318593,-2.52623,0.0131883,head,FLYHEAD,fly,DOWN,True
OSD-207,CG15554,43680,-2.17081,0.0110319,head,FLYHEAD,fly,DOWN,True
OSD-207,CG32633,326225,9.36379,6.90243e-06,head,FLYHEAD,fly,UP,True
OSD-207,CG9701,39872,2.05104,4.38453e-05,head,FLYHEAD,fly,UP,True
OSD-207,jtb,36838,1.11891,0.00738329,head,FLYHEAD,fly,UP,True
OSD-207,Mtk,36708,2.38446,0.0199345,head,FLYHEAD,fly,UP,True
OSD-207,Tm1,41852,-1.58159,5.75716e-07,head,FLYHEAD,fly,DOWN,True
OSD-207,lncRNA:CR45444,19835633,2.59936,0.0155674,head,FLYHEAD,fly,UP,True
OSD-207,Or13a,32562,-1.70744,0.0124517,head,FLYHEAD,fly,DOWN,True
OSD-207,CG11835,33232,-1.22196,0.000119395,head,FLYHEAD,fly,DOWN,True
OSD-207,CG3868,39580,3.83477,0.0470798,head,FLYHEAD,fly,UP,True
OSD-207,CG34172,5740746,-1.88625,1.75404e-05,head,FLYHEAD,fly,DOWN,True
OSD-207,pip,40104,-4.29423,4.27235e-05,head,FLYHEAD,fly,DOWN,True
OSD-207,Ugt35B1,41333,-2.04248,2.58086e-06,head,FLYHEAD,fly,DOWN,True
OSD-207,CG12017,38404,-3.85451,0.00343905,head,FLYHEAD,fly,DOWN,True
OSD-207,haf,33339,-1.15082,6.15637e-05,head,FLYHEAD,fly,DOWN,True
OSD-207,CG18480,34920,8.30516,7.24716e-05,head,FLYHEAD,fly,UP,True
OSD-207,lncRNA:CR45533,19835128,-1.15392,3.42566e-07,head,FLYHEAD,fly,DOWN,True
OSD-207,CG13676,38906,-3.30502,0.000852225,head,FLYHEAD,fly,DOWN,True
OSD-207,CG11409,31078,-1.44123,0.0062427,head,FLYHEAD,fly,DOWN,True
OSD-207,CG34166,5740596,2.97346,3.54411e-09,head,FLYHEAD,fly,UP,True
OSD-207,CG1632,31763,-1.69573,8.44187e-09,head,FLYHEAD,fly,DOWN,True
OSD-207,wun2,53558,-1.15481,0.000240332,head,FLYHEAD,fly,DOWN,True
OSD-207,CG33057,318833,1.24737,0.00134797,head,FLYHEAD,fly,UP,True
OSD-207,sisRNA:CR46364,39877406,1.18676,0.0271575,head,FLYHEAD,fly,UP,True
OSD-207,lncRNA:CR43256,12798068,1.96772,0.0151069,head,FLYHEAD,fly,UP,True
OSD-207,asRNA:CR44181,14462738,1.12427,0.0240715,head,FLYHEAD,fly,UP,True
OSD-207,CG11891,3772439,-1.71941,3.4397e-05,head,FLYHEAD,fly,DOWN,True
OSD-207,CG45080,19834892,22.7913,9.306e-17,head,FLYHEAD,fly,UP,True
OSD-207,lncRNA:CR45542,19835448,-2.47767,0.0442999,head,FLYHEAD,fly,DOWN,True
OSD-207,CG7896,43552,-2.37393,0.00575799,head,FLYHEAD,fly,DOWN,True
OSD-207,Alp10,38632,4.24681,0.000384496,head,FLYHEAD,fly,UP,True
OSD-207,CG4702,41472,-2.74461,0.0278118,head,FLYHEAD,fly,DOWN,True
OSD-207,CG15213,50316,-1.95177,0.000378837,head,FLYHEAD,fly,DOWN,True
OSD-207,CG15120,37248,1.2374,0.00633731,head,FLYHEAD,fly,UP,True
OSD-207,CG4716,36471,1.13778,8.02659e-06,head,FLYHEAD,fly,UP,True
OSD-207,CG13062,39799,-4.14821,0.00950787,head,FLYHEAD,fly,DOWN,True
OSD-207,asRNA:CR45951,26067278,-1.67691,4.4747e-09,head,FLYHEAD,fly,DOWN,True
OSD-207,CG13056,50267,-5.67247,0.00033954,head,FLYHEAD,fly,DOWN,True
OSD-207,CG42711,10178864,1.05593,0.00203454,head,FLYHEAD,fly,UP,True
OSD-207,CG17721,41354,1.37819,1.14474e-06,head,FLYHEAD,fly,UP,True
OSD-207,CG30080,246441,2.55566,0.0130429,head,FLYHEAD,fly,UP,True
OSD-207,CG13699,40008,-3.82664,0.00938197,head,FLYHEAD,fly,DOWN,True
OSD-207,CheA75a,40011,-25.0313,4.64854e-19,head,FLYHEAD,fly,DOWN,True
OSD-207,lncRNA:CR44526,19834941,1.94104,0.00437539,head,FLYHEAD,fly,UP,True
OSD-207,Cpr72Ec,39816,-1.43527,0.000595345,head,FLYHEAD,fly,DOWN,True
OSD-207,yip7,38680,5.92664,0.0016471,head,FLYHEAD,fly,UP,True
OSD-207,CG42319,36473,-1.66214,1.83074e-11,head,FLYHEAD,fly,DOWN,True
OSD-207,CG13024,39880,-1.44964,0.0261613,head,FLYHEAD,fly,DOWN,True
OSD-207,RPA2,35364,1.20151,0.000452766,head,FLYHEAD,fly,UP,True
OSD-207,Cpr11B,32203,-1.38407,0.0400206,head,FLYHEAD,fly,DOWN,True
OSD-207,CG11345,38548,-8.7768,0.00534869,head,FLYHEAD,fly,DOWN,True
OSD-207,lncRNA:CR32385,3772463,2.24626,0.0331342,head,FLYHEAD,fly,UP,True
OSD-207,CG16775,39993,6.39611,0.000955976,head,FLYHEAD,fly,UP,True
OSD-207,CG10026,35226,1.07769,0.00760356,head,FLYHEAD,fly,UP,True
OSD-207,CG15784,31461,2.0243,9.84513e-05,head,FLYHEAD,fly,UP,True
OSD-207,CG8028,32923,-3.53372,0.0150306,head,FLYHEAD,fly,DOWN,True
OSD-207,CG33926,39092,5.42383,2.21561e-07,head,FLYHEAD,fly,UP,True
OSD-207,Cyp12c1,40037,2.331,1.72088e-14,head,FLYHEAD,fly,UP,True
OSD-207,CG6933,40214,6.25162,0.00141907,head,FLYHEAD,fly,UP,True
OSD-207,CG8654,37275,1.35876,0.0152629,head,FLYHEAD,fly,UP,True
OSD-207,asRNA:CR44321,19835586,1.57553,0.0321787,head,FLYHEAD,fly,UP,True
OSD-207,Mpcp1,37297,-2.17053,2.04783e-06,head,FLYHEAD,fly,DOWN,True
OSD-207,CG13428,37317,-8.81801,6.07372e-05,head,FLYHEAD,fly,DOWN,True
OSD-207,lncRNA:CR45361,19834877,3.18329,0.000556812,head,FLYHEAD,fly,UP,True
OSD-207,vanin-like,31551,8.28078,3.47299e-06,head,FLYHEAD,fly,UP,True
OSD-207,CG15096,37170,1.4317,0.00222216,head,FLYHEAD,fly,UP,True
OSD-207,CG43968,14462915,3.13152,0.00040044,head,FLYHEAD,fly,UP,True
OSD-207,Phae1,34637,6.58002,0.0081138,head,FLYHEAD,fly,UP,True
OSD-207,TTLL6A,37253,-2.87954,0.0191902,head,FLYHEAD,fly,DOWN,True
OSD-207,fit,42578,2.88035,2.54499e-05,head,FLYHEAD,fly,UP,True
OSD-207,BaraA2,2768831,-7.64926,0.00402362,head,FLYHEAD,fly,DOWN,True
OSD-207,BaraA2,36486,-7.64926,0.00402362,head,FLYHEAD,fly,DOWN,True
OSD-207,CG7460,39973,1.94541,1.45918e-06,head,FLYHEAD,fly,UP,True
OSD-207,Zip89B,41975,1.06812,0.000909844,head,FLYHEAD,fly,UP,True
OSD-207,Obp56a,37264,-1.29171,0.0482569,head,FLYHEAD,fly,DOWN,True
OSD-207,CG15649,37371,4.60919,0.0445005,head,FLYHEAD,fly,UP,True
OSD-207,Cda9,36934,6.39754,4.07378e-07,head,FLYHEAD,fly,UP,True
OSD-207,CG18641,33429,-1.92141,0.0184141,head,FLYHEAD,fly,DOWN,True
OSD-207,lncRNA:CR44467,19835175,2.6307,0.0295683,head,FLYHEAD,fly,UP,True
OSD-207,lectin-33A,53516,3.45919,0.0100134,head,FLYHEAD,fly,UP,True
OSD-207,CG13280,35015,-1.45966,0.00190842,head,FLYHEAD,fly,DOWN,True
OSD-207,Teh3,50170,-1.17839,3.46268e-16,head,FLYHEAD,fly,DOWN,True
OSD-207,CG16826,34741,8.93517,3.80425e-05,head,FLYHEAD,fly,UP,True
OSD-207,CG5506,39992,8.59083,1.28529e-08,head,FLYHEAD,fly,UP,True
OSD-207,asRNA:CR43959,14462393,-1.3002,0.0413017,head,FLYHEAD,fly,DOWN,True
OSD-207,Ance-2,34806,-6.24955,0.00237871,head,FLYHEAD,fly,DOWN,True
OSD-207,ppk25,2768722,-1.58585,4.48664e-05,head,FLYHEAD,fly,DOWN,True
OSD-207,lncRNA:CR44809,19836112,1.56309,0.00466995,head,FLYHEAD,fly,UP,True
OSD-207,CG17109,42730,2.65633,0.00600249,head,FLYHEAD,fly,UP,True
OSD-207,Cda5,33158,-2.09677,3.46127e-05,head,FLYHEAD,fly,DOWN,True
OSD-207,Cpr76Bb,40121,-5.07147,0.00138929,head,FLYHEAD,fly,DOWN,True
OSD-207,CG31626,318859,-1.63118,0.023361,head,FLYHEAD,fly,DOWN,True
OSD-207,kkv,45884,-4.79737,2.15111e-05,head,FLYHEAD,fly,DOWN,True
OSD-207,Hsp67Bc,39071,-1.23336,0.000152514,head,FLYHEAD,fly,DOWN,True
OSD-207,atk,40266,1.76465,0.0305283,head,FLYHEAD,fly,UP,True
OSD-207,CG15221,32127,-1.19287,0.000223784,head,FLYHEAD,fly,DOWN,True
OSD-207,CG13607,42859,1.80836,0.00562075,head,FLYHEAD,fly,UP,True
OSD-207,TpnC47D,36195,-1.99513,0.0464813,head,FLYHEAD,fly,DOWN,True
OSD-207,CG7881,35521,1.29136,0.0447937,head,FLYHEAD,fly,UP,True
OSD-207,yellow-d2,37704,-5.59825,0.00221585,head,FLYHEAD,fly,DOWN,True
OSD-207,lncRNA:CR45327,19836258,-2.24497,3.43722e-05,head,FLYHEAD,fly,DOWN,True
OSD-207,Cpr76Bd,40123,-5.16684,9.28824e-06,head,FLYHEAD,fly,DOWN,True
OSD-207,CG5885,34314,1.19548,7.38299e-05,head,FLYHEAD,fly,UP,True
OSD-207,CG13641,42969,2.92189,0.000630704,head,FLYHEAD,fly,UP,True
OSD-207,lncRNA:CR42839,10178956,4.75587,0.00849237,head,FLYHEAD,fly,UP,True
OSD-207,PGRP-SC2,35862,3.42893,0.00688081,head,FLYHEAD,fly,UP,True
OSD-207,St2,41098,-5.59022,0.0003319,head,FLYHEAD,fly,DOWN,True
OSD-207,Kif3C,43820,-1.0836,2.53163e-06,head,FLYHEAD,fly,DOWN,True
OSD-207,lncRNA:CR45647,19835150,2.99731,0.0118637,head,FLYHEAD,fly,UP,True
OSD-207,CG43920,19835957,3.55226,0.0211179,head,FLYHEAD,fly,UP,True
OSD-207,CG9547,33911,1.32863,0.00185365,head,FLYHEAD,fly,UP,True
OSD-207,CG11391,42353,-1.52947,0.00087416,head,FLYHEAD,fly,DOWN,True
OSD-207,CG3902,40059,1.27438,1.09443e-05,head,FLYHEAD,fly,UP,True
OSD-207,mthl2,38636,1.08229,0.0164792,head,FLYHEAD,fly,UP,True
OSD-207,CG9394,37399,-1.048,0.000234246,head,FLYHEAD,fly,DOWN,True
OSD-207,CG11437,40470,-1.93931,0.00336782,head,FLYHEAD,fly,DOWN,True
OSD-207,DptB,37184,2.4322,0.0338576,head,FLYHEAD,fly,UP,True
OSD-207,slbo,37889,-1.34836,0.0136284,head,FLYHEAD,fly,DOWN,True
OSD-207,LUBEL,33950,-1.34115,4.98577e-07,head,FLYHEAD,fly,DOWN,True
OSD-207,CG13065,39786,-7.90639,0.00101419,head,FLYHEAD,fly,DOWN,True
OSD-207,CG14565,40423,-4.46627,0.0301419,head,FLYHEAD,fly,DOWN,True
OSD-207,CG8927,41964,-4.98794,1.0394e-06,head,FLYHEAD,fly,DOWN,True
OSD-207,Obp83g,170878,-4.14588,0.000228913,head,FLYHEAD,fly,DOWN,True
OSD-207,CG12868,36620,1.58,0.000453878,head,FLYHEAD,fly,UP,True
OSD-207,ninaA,33271,-1.16499,9.72478e-09,head,FLYHEAD,fly,DOWN,True
OSD-207,CG9485,37435,-1.2159,0.00283938,head,FLYHEAD,fly,DOWN,True
OSD-207,Mlc1,43323,-2.58094,2.61305e-06,head,FLYHEAD,fly,DOWN,True
OSD-207,Cpr65Au,59158,-1.05522,0.00578182,head,FLYHEAD,fly,DOWN,True
OSD-207,Achl,36605,-1.26571,0.000570662,head,FLYHEAD,fly,DOWN,True
OSD-207,asRNA:CR44911,19835639,-3.30462,0.0377559,head,FLYHEAD,fly,DOWN,True
OSD-207,tld,42945,1.52215,0.00112033,head,FLYHEAD,fly,UP,True
OSD-207,fln,40185,3.01205,0.0185056,head,FLYHEAD,fly,UP,True
OSD-207,lncRNA:CR43857,14462718,3.32396,0.000503298,head,FLYHEAD,fly,UP,True
OSD-207,CG15186,40797,-1.33805,2.09682e-13,head,FLYHEAD,fly,DOWN,True
OSD-207,CG1136,38479,-1.04524,0.0010875,head,FLYHEAD,fly,DOWN,True
OSD-207,TotM,33764,3.99515,0.000138594,head,FLYHEAD,fly,UP,True
OSD-207,Oatp33Ea,34660,-1.49062,0.000658032,head,FLYHEAD,fly,DOWN,True
OSD-207,asRNA:CR43477,12797891,4.57148,0.0384224,head,FLYHEAD,fly,UP,True
OSD-207,Cpr100A,43657,-5.80138,6.04422e-09,head,FLYHEAD,fly,DOWN,True
OSD-207,asRNA:CR45185,19835300,-1.8601,0.00216228,head,FLYHEAD,fly,DOWN,True
OSD-207,CG31104,43054,-1.53832,0.0470409,head,FLYHEAD,fly,DOWN,True
OSD-207,CG17298,42529,-9.11402,0.00102685,head,FLYHEAD,fly,DOWN,True
OSD-207,CG6472,36895,-1.12139,0.00411386,head,FLYHEAD,fly,DOWN,True
OSD-207,CG2736,37998,1.04839,0.00595323,head,FLYHEAD,fly,UP,True
OSD-207,Cpr62Bb,38240,-1.6035,0.00232539,head,FLYHEAD,fly,DOWN,True
OSD-207,CG13059,39803,-5.80701,5.48685e-05,head,FLYHEAD,fly,DOWN,True
OSD-207,CG33310,2768910,-1.12643,0.0321787,head,FLYHEAD,fly,DOWN,True
OSD-207,CG12766,38462,1.44574,0.0155674,head,FLYHEAD,fly,UP,True
OSD-207,resilin,36880,-3.14065,0.00087416,head,FLYHEAD,fly,DOWN,True
OSD-207,TpnC25D,33752,-1.8359,1.41288e-05,head,FLYHEAD,fly,DOWN,True
OSD-207,CG44013,14462476,8.92314,1.97276e-05,head,FLYHEAD,fly,UP,True
OSD-207,Lip2,43980,1.80767,0.00419256,head,FLYHEAD,fly,UP,True
OSD-207,CG16772,35281,-1.92441,0.0244971,head,FLYHEAD,fly,DOWN,True
OSD-207,Or63a,38354,-1.09841,0.00489195,head,FLYHEAD,fly,DOWN,True
OSD-207,lncRNA:CR43883,14462825,-1.63636,0.00502489,head,FLYHEAD,fly,DOWN,True
OSD-207,Acp65Aa,38710,-3.83355,0.0016306,head,FLYHEAD,fly,DOWN,True
OSD-207,CG44195,14462837,-1.73565,3.26588e-12,head,FLYHEAD,fly,DOWN,True
OSD-207,CG3635,35447,-1.47523,0.00162956,head,FLYHEAD,fly,DOWN,True
OSD-207,Cyp6a21,36665,-1.0193,0.00059313,head,FLYHEAD,fly,DOWN,True
OSD-207,Cht9,37392,6.6345,1.9955e-05,head,FLYHEAD,fly,UP,True
OSD-207,Lip4,34450,1.3091,0.0302239,head,FLYHEAD,fly,UP,True
OSD-207,lncRNA:CR43716,14462698,2.58176,0.00183298,head,FLYHEAD,fly,UP,True
OSD-207,CG4335,42421,1.19949,0.000285621,head,FLYHEAD,fly,UP,True
OSD-207,Cyp6d2,37594,2.25611,0.000894338,head,FLYHEAD,fly,UP,True
OSD-207,antr,246647,3.47746,0.00125551,head,FLYHEAD,fly,UP,True
OSD-207,ckd,38402,-1.85822,0.0217522,head,FLYHEAD,fly,DOWN,True
OSD-207,TM4SF,37786,-1.66573,1.46218e-11,head,FLYHEAD,fly,DOWN,True
OSD-207,CG13026,39868,-4.49797,1.83805e-08,head,FLYHEAD,fly,DOWN,True
OSD-207,Sirup,34089,-1.55094,0.00170239,head,FLYHEAD,fly,DOWN,True
OSD-207,CheB42b,2768717,-3.91996,0.0249817,head,FLYHEAD,fly,DOWN,True
OSD-207,CG17127,34489,-2.50372,0.000460943,head,FLYHEAD,fly,DOWN,True
OSD-207,CG17738,41490,3.30751,9.12968e-05,head,FLYHEAD,fly,UP,True
OSD-207,CG17930,41979,5.27214,0.00768282,head,FLYHEAD,fly,UP,True
OSD-207,CG13003,32675,-1.05538,0.0134925,head,FLYHEAD,fly,DOWN,True
OSD-207,CG9380,38011,4.18363,0.00029648,head,FLYHEAD,fly,UP,True
OSD-207,TwdlE,34075,-2.04117,5.22394e-05,head,FLYHEAD,fly,DOWN,True
OSD-207,FASN3,3355111,-1.08148,0.00131601,head,FLYHEAD,fly,DOWN,True
OSD-207,CG9988,43388,7.03947,0.00359676,head,FLYHEAD,fly,UP,True
OSD-207,lncRNA:CR44121,14462724,-1.89354,0.00841321,head,FLYHEAD,fly,DOWN,True
OSD-207,lncRNA:CR43199,19835479,-1.08034,0.00422363,head,FLYHEAD,fly,DOWN,True
OSD-207,CG14022,33763,-1.52518,3.5509e-06,head,FLYHEAD,fly,DOWN,True
OSD-207,ppk15,43188,4.28564,2.91921e-05,head,FLYHEAD,fly,UP,True
OSD-207,CG15152,35082,6.2228,0.000604355,head,FLYHEAD,fly,UP,True
OSD-207,CG15080,37167,-3.36234,0.000471361,head,FLYHEAD,fly,DOWN,True
OSD-207,CG4757,41330,1.86331,0.0001826,head,FLYHEAD,fly,UP,True
OSD-207,CG18540,37097,-6.2339,0.0230046,head,FLYHEAD,fly,DOWN,True
OSD-207,SsRbeta,39768,1.01716,6.6284e-05,head,FLYHEAD,fly,UP,True
OSD-207,lncRNA:CR45242,19836038,-1.92092,0.00934395,head,FLYHEAD,fly,DOWN,True
OSD-207,Art2,33631,-1.07776,0.0198509,head,FLYHEAD,fly,DOWN,True
OSD-207,CG34452,5740876,5.01269,0.004874,head,FLYHEAD,fly,UP,True
OSD-207,CG6739,34037,-2.16962,0.000989983,head,FLYHEAD,fly,DOWN,True
OSD-207,lncRNA:CR44120,14462723,-1.57689,0.0310126,head,FLYHEAD,fly,DOWN,True
OSD-207,CG34324,32302,9.04657,3.23989e-08,head,FLYHEAD,fly,UP,True
OSD-207,Dro,36635,3.42343,0.000314364,head,FLYHEAD,fly,UP,True
OSD-207,fj,37089,-2.397,0.000148623,head,FLYHEAD,fly,DOWN,True
OSD-207,CG14191,32893,-4.50035,5.43496e-05,head,FLYHEAD,fly,DOWN,True
OSD-207,asRNA:CR44053,14462402,1.39593,0.02714,head,FLYHEAD,fly,UP,True
OSD-207,CG9297,41688,-1.91446,3.68576e-06,head,FLYHEAD,fly,DOWN,True
OSD-207,Cpr76Bc,40122,-2.6386,0.00575944,head,FLYHEAD,fly,DOWN,True
OSD-207,CG11854,43037,1.49814,0.00352655,head,FLYHEAD,fly,UP,True
OSD-207,CG8192,36723,-1.99852,0.0119019,head,FLYHEAD,fly,DOWN,True
OSD-207,CG5731,34355,-1.41394,0.0114387,head,FLYHEAD,fly,DOWN,True
OSD-207,CG16898,37276,2.17283,5.83953e-06,head,FLYHEAD,fly,UP,True
OSD-207,CG14259,43261,-1.30212,0.000442231,head,FLYHEAD,fly,DOWN,True
OSD-207,CG13082,35244,-1.22795,0.0443828,head,FLYHEAD,fly,DOWN,True
OSD-207,Acox57D-d,37446,1.2692,0.000657543,head,FLYHEAD,fly,UP,True
OSD-207,lncRNA:CR44135,14462451,2.21256,0.0440798,head,FLYHEAD,fly,UP,True
OSD-207,frac,38850,1.47218,0.0379063,head,FLYHEAD,fly,UP,True
OSD-207,CG11353,38560,2.09487,3.92222e-05,head,FLYHEAD,fly,UP,True
OSD-207,CG9095,32447,-1.09068,0.0163963,head,FLYHEAD,fly,DOWN,True
OSD-207,yellow-e,41653,-3.44283,3.08854e-05,head,FLYHEAD,fly,DOWN,True
OSD-207,CG9289,34195,1.60554,0.00236042,head,FLYHEAD,fly,UP,True
OSD-207,Cyp4ac2,33755,1.46389,0.000392012,head,FLYHEAD,fly,UP,True
OSD-207,snsl,33696,-1.67587,0.00636261,head,FLYHEAD,fly,DOWN,True
OSD-207,SPH93,35049,2.84178,0.0308475,head,FLYHEAD,fly,UP,True
OSD-207,exp,36276,-1.46602,0.00395419,head,FLYHEAD,fly,DOWN,True
OSD-207,Cpr73D,39897,-1.07126,6.31374e-07,head,FLYHEAD,fly,DOWN,True
OSD-207,CG14495,37056,-1.89355,0.00464717,head,FLYHEAD,fly,DOWN,True
OSD-207,CG7997,36829,1.009,0.024721,head,FLYHEAD,fly,UP,True
OSD-207,Arc1,36595,2.27424,9.72701e-06,head,FLYHEAD,fly,UP,True
OSD-207,CG7227,34088,1.85167,0.00143402,head,FLYHEAD,fly,UP,True
OSD-207,CG14502,37092,-3.06918,0.000635611,head,FLYHEAD,fly,DOWN,True
OSD-207,Jon65Aiii,38683,5.40106,0.00453407,head,FLYHEAD,fly,UP,True
OSD-207,Diedel,43474,4.43067,0.000713602,head,FLYHEAD,fly,UP,True
OSD-207,CG13321,36430,6.95344,2.90618e-05,head,FLYHEAD,fly,UP,True
OSD-207,CG4408,42762,1.34816,4.45528e-05,head,FLYHEAD,fly,UP,True
OSD-207,Hpd,40263,-1.88294,0.000157941,head,FLYHEAD,fly,DOWN,True
OSD-207,CG10911,37058,6.06998,0.0144452,head,FLYHEAD,fly,UP,True
OSD-207,CG13868,37302,1.02967,0.0069808,head,FLYHEAD,fly,UP,True
OSD-207,whe,33121,7.59556,0.00317713,head,FLYHEAD,fly,UP,True
OSD-207,Rcd7,40126,-1.39457,0.000573268,head,FLYHEAD,fly,DOWN,True
OSD-207,CG15449,33079,-1.45038,0.00445798,head,FLYHEAD,fly,DOWN,True
OSD-207,Cht7,38370,-3.69116,0.000226941,head,FLYHEAD,fly,DOWN,True
OSD-207,Cbp53E,36905,-1.0392,3.87434e-06,head,FLYHEAD,fly,DOWN,True
OSD-207,CG9514,32418,-1.9776,0.0106863,head,FLYHEAD,fly,DOWN,True
OSD-207,CG9497,33884,-1.0095,0.0121599,head,FLYHEAD,fly,DOWN,True
OSD-207,lncRNA:CR45204,19835167,1.39919,0.0310231,head,FLYHEAD,fly,UP,True
OSD-207,CG15044,32834,4.69654,0.0145396,head,FLYHEAD,fly,UP,True
OSD-207,serp,40150,-2.89671,0.00183782,head,FLYHEAD,fly,DOWN,True
OSD-207,CG12825,35726,1.66711,0.0324752,head,FLYHEAD,fly,UP,True
OSD-207,CG3819,40069,5.08193,0.0082105,head,FLYHEAD,fly,UP,True
OSD-207,CG12974,40350,1.97752,0.0281506,head,FLYHEAD,fly,UP,True
OSD-207,CG45045,19836048,3.23376,0.0105391,head,FLYHEAD,fly,UP,True
OSD-207,CG8665,35407,1.34962,0.00618905,head,FLYHEAD,fly,UP,True
OSD-207,CG42565,37598,1.69548,0.00504817,head,FLYHEAD,fly,UP,True
OSD-207,CG43064,12798207,2.85024,7.94519e-06,head,FLYHEAD,fly,UP,True
OSD-207,Pxd,2768671,-5.26898,0.000667703,head,FLYHEAD,fly,DOWN,True
OSD-207,asRNA:CR44179,14462519,2.91981,0.00171512,head,FLYHEAD,fly,UP,True
OSD-207,asRNA:CR45182,19835848,-1.31911,0.0338089,head,FLYHEAD,fly,DOWN,True
OSD-207,eys,3771890,-1.82481,9.24091e-13,head,FLYHEAD,fly,DOWN,True
OSD-207,obst-A,33022,-3.00582,0.00149731,head,FLYHEAD,fly,DOWN,True
OSD-207,verm,40149,-2.63096,0.00160222,head,FLYHEAD,fly,DOWN,True
OSD-207,SteXh:CG42398,7354447,2.87198,0.0346457,head,FLYHEAD,fly,UP,True
OSD-207,CG3713,50365,-4.1073,1.67367e-07,head,FLYHEAD,fly,DOWN,True
OSD-207,Sec61gamma,32968,1.02465,0.00061331,head,FLYHEAD,fly,UP,True
OSD-207,CG13376,3346142,-1.47204,0.0176009,head,FLYHEAD,fly,DOWN,True
OSD-207,CG11413,37920,-3.89179,0.000530684,head,FLYHEAD,fly,DOWN,True
OSD-207,MsrA,39675,2.19604,0.000140279,head,FLYHEAD,fly,UP,True
OSD-207,CG8492,38866,-1.86475,0.0023174,head,FLYHEAD,fly,DOWN,True
OSD-207,CG14626,31064,-2.91575,0.00169172,head,FLYHEAD,fly,DOWN,True
OSD-207,lncRNA:CR44775,19835092,5.79799,0.0054724,head,FLYHEAD,fly,UP,True
OSD-207,CG17404,41482,-5.60718,0.00586232,head,FLYHEAD,fly,DOWN,True
OSD-207,zye,40255,-2.96152,0.000947494,head,FLYHEAD,fly,DOWN,True
OSD-207,Listericin,36183,1.22331,0.0151141,head,FLYHEAD,fly,UP,True
OSD-207,CG15414,33570,-1.24285,0.0400828,head,FLYHEAD,fly,DOWN,True
OSD-207,CG34227,36186,1.68519,0.00020656,head,FLYHEAD,fly,UP,True
OSD-207,lncRNA:CR44716,19836025,-3.2232,0.0242986,head,FLYHEAD,fly,DOWN,True
OSD-207,CG10799,36472,1.03364,5.03906e-05,head,FLYHEAD,fly,UP,True
OSD-207,slam,33890,1.612,0.004083,head,FLYHEAD,fly,UP,True
OSD-207,slif,40510,-1.10006,0.00597258,head,FLYHEAD,fly,DOWN,True
OSD-207,asRNA:CR45281,19836134,-1.33896,7.13654e-08,head,FLYHEAD,fly,DOWN,True
OSD-207,lncRNA:CR45918,26067246,-1.05405,0.00633758,head,FLYHEAD,fly,DOWN,True
OSD-207,lncRNA:CR45054,19835480,1.65572,0.000380615,head,FLYHEAD,fly,UP,True
OSD-207,mtsh,34141,-1.15197,0.0279756,head,FLYHEAD,fly,DOWN,True
OSD-207,CG11741,5740784,2.27422,0.00142806,head,FLYHEAD,fly,UP,True
OSD-207,Arc2,36597,2.05209,0.000116602,head,FLYHEAD,fly,UP,True
OSD-207,edin,317900,3.06604,0.0364372,head,FLYHEAD,fly,UP,True
OSD-207,Cpr11A,32198,-3.30795,0.0483523,head,FLYHEAD,fly,DOWN,True
OSD-207,CG17267,42454,-2.74543,0.0001826,head,FLYHEAD,fly,DOWN,True
OSD-207,CG16959,39648,-1.12026,0.00526594,head,FLYHEAD,fly,DOWN,True
OSD-207,CG6329,36529,-1.2721,7.15267e-07,head,FLYHEAD,fly,DOWN,True
OSD-207,plh,40615,-1.08314,0.00162956,head,FLYHEAD,fly,DOWN,True
OSD-207,Cht8,37390,7.71799,2.75479e-08,head,FLYHEAD,fly,UP,True
OSD-207,CG9400,32385,-2.57212,0.000220497,head,FLYHEAD,fly,DOWN,True
OSD-207,CG43219,12798437,-1.23182,8.49333e-06,head,FLYHEAD,fly,DOWN,True
OSD-207,sug,36424,1.82696,0.00244872,head,FLYHEAD,fly,UP,True
OSD-207,Alp9,38633,6.55754,4.94661e-08,head,FLYHEAD,fly,UP,True
OSD-207,CG31300,326132,-1.01197,0.00757253,head,FLYHEAD,fly,DOWN,True
OSD-207,CG4476,39056,-1.90144,0.000750446,head,FLYHEAD,fly,DOWN,True
OSD-207,rdgC,40224,-1.10717,3.43643e-16,head,FLYHEAD,fly,DOWN,True
OSD-207,CG43679,14462861,5.80245,0.0233862,head,FLYHEAD,fly,UP,True
OSD-207,Tmhs,38251,-1.95127,0.000235793,head,FLYHEAD,fly,DOWN,True
OSD-207,CG31664,33359,3.22217,1.38406e-14,head,FLYHEAD,fly,UP,True
OSD-207,mthl14,318046,1.93651,0.000382823,head,FLYHEAD,fly,UP,True
OSD-207,PGRP-SA,32099,1.53893,0.015551,head,FLYHEAD,fly,UP,True
OSD-207,CG42326,35838,-1.71002,4.69651e-05,head,FLYHEAD,fly,DOWN,True
OSD-207,CG7402,39994,-1.37749,9.25918e-05,head,FLYHEAD,fly,DOWN,True
OSD-207,CG32751,318189,6.08842,0.000698417,head,FLYHEAD,fly,UP,True
OSD-207,Agpat1,32230,-1.19103,5.43285e-08,head,FLYHEAD,fly,DOWN,True
OSD-207,CG4860,41480,1.89035,0.000138206,head,FLYHEAD,fly,UP,True
OSD-207,sisRNA:CR46358,39877400,-4.46299,0.00538582,head,FLYHEAD,fly,DOWN,True
OSD-207,d,34179,-1.54186,0.0187611,head,FLYHEAD,fly,DOWN,True
OSD-207,Obp56d,37266,1.05503,0.000632646,head,FLYHEAD,fly,UP,True
OSD-207,tmod,43633,-1.7264,0.00178593,head,FLYHEAD,fly,DOWN,True
OSD-207,Syngr,36533,-1.01128,1.94626e-11,head,FLYHEAD,fly,DOWN,True
OSD-207,CG5707,48422,1.01578,0.00102637,head,FLYHEAD,fly,UP,True
OSD-207,CG9572,33013,-1.02193,0.000252844,head,FLYHEAD,fly,DOWN,True
OSD-207,CG13722,38555,-5.2227,1.60359e-05,head,FLYHEAD,fly,DOWN,True
OSD-207,CG4168,34889,-1.31044,2.07034e-10,head,FLYHEAD,fly,DOWN,True
OSD-207,CG13043,39796,-8.33019,7.83181e-05,head,FLYHEAD,fly,DOWN,True
OSD-207,Drsl2,38408,3.69053,0.00331229,head,FLYHEAD,fly,UP,True
OSD-207,lncRNA:CR44718,19835872,-2.92017,0.00142792,head,FLYHEAD,fly,DOWN,True
OSD-207,Mco4,326221,7.23602,8.35246e-05,head,FLYHEAD,fly,UP,True
OSD-207,CG31675,318879,-1.01406,0.000150469,head,FLYHEAD,fly,DOWN,True
OSD-207,CG43673,14462401,8.13964,1.64689e-06,head,FLYHEAD,fly,UP,True
OSD-207,ect,44135,-1.65832,0.000985024,head,FLYHEAD,fly,DOWN,True
OSD-207,CG8353,34123,1.86669,5.83953e-06,head,FLYHEAD,fly,UP,True
OSD-207,CG31975,319052,1.87082,0.0345915,head,FLYHEAD,fly,UP,True
OSD-207,CG2983,33485,2.99684,0.0190196,head,FLYHEAD,fly,UP,True
OSD-207,Cpr49Ae,36351,-2.57587,5.65155e-10,head,FLYHEAD,fly,DOWN,True
OSD-207,dyw,31252,-2.62321,0.0138794,head,FLYHEAD,fly,DOWN,True
OSD-207,Phae2,34638,7.06044,0.00294126,head,FLYHEAD,fly,UP,True
OSD-207,TotC,117462,2.54468,0.0204422,head,FLYHEAD,fly,UP,True
OSD-207,Balat,36417,-1.16718,0.00746625,head,FLYHEAD,fly,DOWN,True
OSD-207,CG13403,32366,-4.38566,0.0122881,head,FLYHEAD,fly,DOWN,True
OSD-207,lncRNA:CR45881,26067209,-1.19973,0.0080702,head,FLYHEAD,fly,DOWN,True
OSD-207,CG7409,38870,-1.57735,3.62399e-09,head,FLYHEAD,fly,DOWN,True
OSD-207,Cht6,31935,-1.96301,0.000390669,head,FLYHEAD,fly,DOWN,True
OSD-207,CG18598,42188,-1.22137,2.53317e-12,head,FLYHEAD,fly,DOWN,True
OSD-207,CG8736,35841,-6.94601,3.25254e-08,head,FLYHEAD,fly,DOWN,True
OSD-207,CG16799,37340,1.24826,6.80196e-07,head,FLYHEAD,fly,UP,True
OSD-207,y,30980,-2.42789,0.000612839,head,FLYHEAD,fly,DOWN,True
OSD-207,CG12224,41453,1.67389,0.000531607,head,FLYHEAD,fly,UP,True
OSD-207,Swim,37537,-1.00672,0.0453961,head,FLYHEAD,fly,DOWN,True
OSD-207,Cpr64Aa,38508,-8.37854,7.67264e-05,head,FLYHEAD,fly,DOWN,True
OSD-207,asRNA:CR43463,12798215,-2.83413,0.00763338,head,FLYHEAD,fly,DOWN,True
OSD-207,CG13492,37487,5.40938,0.00149946,head,FLYHEAD,fly,UP,True
OSD-207,CG7497,39966,-1.01389,0.0109857,head,FLYHEAD,fly,DOWN,True
OSD-207,Cyp4aa1,36752,1.28737,0.0034739,head,FLYHEAD,fly,UP,True
OSD-207,CG14246,3772140,-3.06986,8.33297e-05,head,FLYHEAD,fly,DOWN,True
OSD-207,NimC4,34824,-2.67624,0.0301021,head,FLYHEAD,fly,DOWN,True
OSD-207,CG6753,41557,-1.43238,0.00787495,head,FLYHEAD,fly,DOWN,True
OSD-207,TotA,44121,2.95801,0.00282223,head,FLYHEAD,fly,UP,True
OSD-207,CG33281,2768938,-3.13948,0.00325171,head,FLYHEAD,fly,DOWN,True
OSD-207,l(3)mbn,38701,-6.29867,0.00707576,head,FLYHEAD,fly,DOWN,True
OSD-207,ImpE1,45879,-1.92004,5.09098e-08,head,FLYHEAD,fly,DOWN,True
OSD-207,CG2233,31721,1.59797,1.60708e-05,head,FLYHEAD,fly,UP,True
OSD-207,asRNA:CR43468,12798427,-1.04278,0.00201739,head,FLYHEAD,fly,DOWN,True
OSD-207,CG6912,41820,1.47792,0.023697,head,FLYHEAD,fly,UP,True
OSD-207,PGRP-SC1a,35859,3.87278,0.0359504,head,FLYHEAD,fly,UP,True
OSD-207,CG42269,38689,-2.45928,3.88056e-05,head,FLYHEAD,fly,DOWN,True
OSD-207,CG30054,246420,-1.08542,4.10619e-05,head,FLYHEAD,fly,DOWN,True
OSD-207,l(2)34Fc,34838,-1.42598,0.00531285,head,FLYHEAD,fly,DOWN,True
OSD-207,Peritrophin-A,33023,-2.71988,0.000292492,head,FLYHEAD,fly,DOWN,True
OSD-207,Cpr49Ag,36353,-1.79886,0.00706545,head,FLYHEAD,fly,DOWN,True
OSD-207,frma,31464,1.3359,9.3415e-06,head,FLYHEAD,fly,UP,True
OSD-207,lncRNA:CR44089,14462496,-2.90451,0.0488771,head,FLYHEAD,fly,DOWN,True
OSD-207,ppk10,3885617,1.55088,0.0467078,head,FLYHEAD,fly,UP,True
OSD-207,CheB42a,2768721,-1.43411,0.00157596,head,FLYHEAD,fly,DOWN,True
OSD-207,CG13324,36434,5.63727,0.0057439,head,FLYHEAD,fly,UP,True
OSD-207,CG14591,35531,-1.35024,2.68679e-12,head,FLYHEAD,fly,DOWN,True
OSD-207,CG33655,8674081,-1.12432,0.0114876,head,FLYHEAD,fly,DOWN,True
OSD-207,Ugt35E1,53504,-2.97605,0.000157551,head,FLYHEAD,fly,DOWN,True
OSD-207,CG15406,33542,3.72857,0.0392259,head,FLYHEAD,fly,UP,True
OSD-207,CG14742,12797890,-1.75342,0.00260041,head,FLYHEAD,fly,DOWN,True
OSD-207,Ance-5,37980,1.05481,0.000538535,head,FLYHEAD,fly,UP,True
OSD-207,CG30098,246456,4.63694,9.1969e-05,head,FLYHEAD,fly,UP,True
OSD-207,asRNA:CR44106,14462493,7.85851,7.07032e-05,head,FLYHEAD,fly,UP,True
OSD-207,CG14301,42235,-2.57588,1.91523e-05,head,FLYHEAD,fly,DOWN,True
OSD-207,Zasp66,38988,-1.14581,1.44964e-12,head,FLYHEAD,fly,DOWN,True
OSD-207,Myo28B1,53515,-1.29676,1.21001e-08,head,FLYHEAD,fly,DOWN,True
OSD-207,CG5653,39024,-1.37948,0.00620108,head,FLYHEAD,fly,DOWN,True
OSD-207,Ae2,39147,-1.17281,1.42388e-24,head,FLYHEAD,fly,DOWN,True
OSD-207,exex,38884,1.70078,0.0324431,head,FLYHEAD,fly,UP,True
OSD-207,PGRP-SC1a,35861,3.87278,0.0359504,head,FLYHEAD,fly,UP,True
OSD-207,Muc96D,318737,1.88648,0.0491249,head,FLYHEAD,fly,UP,True
OSD-207,GlyS,41823,-1.29778,0.000787129,head,FLYHEAD,fly,DOWN,True
OSD-207,CG14340,33287,-1.79766,4.24948e-06,head,FLYHEAD,fly,DOWN,True
OSD-207,Task6,41671,-1.10664,1.82493e-14,head,FLYHEAD,fly,DOWN,True
OSD-207,CG44014,41893,1.01437,0.021899,head,FLYHEAD,fly,UP,True
OSD-207,CG33346,2768690,5.73012,0.00228496,head,FLYHEAD,fly,UP,True
OSD-207,Nep4,42449,-1.42754,9.25651e-08,head,FLYHEAD,fly,DOWN,True
OSD-207,CG33099,326254,2.02081,0.0350338,head,FLYHEAD,fly,UP,True
OSD-207,Pex7,38994,-1.32057,0.00700776,head,FLYHEAD,fly,DOWN,True
OSD-207,CG14050,31218,1.61581,0.00283084,head,FLYHEAD,fly,UP,True
OSD-207,CG14459,40476,-1.0186,0.00011434,head,FLYHEAD,fly,DOWN,True
OSD-207,trol,45320,-1.10677,1.51094e-05,head,FLYHEAD,fly,DOWN,True
OSD-207,Ir68a,39269,-1.33393,3.63817e-05,head,FLYHEAD,fly,DOWN,True
OSD-207,CG32368,317997,4.38371,6.45083e-08,head,FLYHEAD,fly,UP,True
OSD-207,Ugt37C1,53583,2.93722,4.63192e-05,head,FLYHEAD,fly,UP,True
OSD-207,CG4462,42376,-1.06079,0.00307048,head,FLYHEAD,fly,DOWN,True
OSD-207,chp,43690,-1.35149,7.44946e-13,head,FLYHEAD,fly,DOWN,True
OSD-207,CG34367,5740879,-1.47725,0.000578084,head,FLYHEAD,fly,DOWN,True
OSD-207,Ass,40812,1.13467,0.0317283,head,FLYHEAD,fly,UP,True
OSD-207,CG34236,5740183,4.02276,0.0109762,head,FLYHEAD,fly,UP,True
OSD-207,AGBE,326264,-1.17267,0.00389222,head,FLYHEAD,fly,DOWN,True
OSD-207,Muc68E,2768990,4.18412,0.0149629,head,FLYHEAD,fly,UP,True
OSD-207,RabX5,38209,-1.03628,0.000740085,head,FLYHEAD,fly,DOWN,True
OSD-207,Ugt35C1,53507,1.17507,0.00670752,head,FLYHEAD,fly,UP,True
OSD-207,Unc-89,3346201,-1.20684,0.000713602,head,FLYHEAD,fly,DOWN,True
OSD-207,CG8419,34118,-1.44551,8.05148e-10,head,FLYHEAD,fly,DOWN,True
OSD-207,ppk6,37286,2.93629,0.0140608,head,FLYHEAD,fly,UP,True
OSD-207,lncRNA:CR30121,12798336,3.01796,0.0497471,head,FLYHEAD,fly,UP,True
OSD-207,CG34026,3885569,6.35291,0.0118953,head,FLYHEAD,fly,UP,True
OSD-207,Nna1,32329,-1.39238,0.000689693,head,FLYHEAD,fly,DOWN,True
OSD-207,Nplp2,50286,1.48116,0.000132277,head,FLYHEAD,fly,UP,True
OSD-207,Root,42860,1.83203,0.0114723,head,FLYHEAD,fly,UP,True
OSD-207,CG44008,14462750,1.19096,0.00196733,head,FLYHEAD,fly,UP,True
OSD-207,Ca-alpha1T,31550,-1.12752,3.87497e-16,head,FLYHEAD,fly,DOWN,True
OSD-207,CG17777,50374,-1.5174,0.00308527,head,FLYHEAD,fly,DOWN,True
OSD-207,CG17440,31879,1.84549,0.00477403,head,FLYHEAD,fly,UP,True
OSD-207,CG43134,12798107,9.24016,4.12504e-08,head,FLYHEAD,fly,UP,True
OSD-207,Fatp2,37657,1.20565,0.00597624,head,FLYHEAD,fly,UP,True
OSD-207,CG18748,59144,6.3392,0.0016314,head,FLYHEAD,fly,UP,True
OSD-207,CG31087,43062,4.11991,0.0296842,head,FLYHEAD,fly,UP,True
OSD-207,SERCA,49297,-1.86458,1.96108e-05,head,FLYHEAD,fly,DOWN,True
OSD-207,CG13545,37675,-5.97182,0.0262028,head,FLYHEAD,fly,DOWN,True
OSD-207,CG34045,3885656,6.0278,7.11133e-06,head,FLYHEAD,fly,UP,True
OSD-207,CG10073,37225,2.29725,0.000712763,head,FLYHEAD,fly,UP,True
OSD-207,comm2,39716,1.20695,0.00517238,head,FLYHEAD,fly,UP,True
OSD-207,Loxl1,43712,1.55685,0.00596003,head,FLYHEAD,fly,UP,True
OSD-207,CG5399,41900,3.54999,0.00368419,head,FLYHEAD,fly,UP,True
OSD-207,CG5391,42611,-2.84632,0.0358853,head,FLYHEAD,fly,DOWN,True
OSD-207,rdhB,42614,-1.29573,0.000252299,head,FLYHEAD,fly,DOWN,True
OSD-207,CG45060,19835394,5.1434,0.0192952,head,FLYHEAD,fly,UP,True
OSD-207,CG13806,38292,9.27335,3.08081e-06,head,FLYHEAD,fly,UP,True
OSD-207,CG6280,36522,-2.16644,0.00745481,head,FLYHEAD,fly,DOWN,True
OSD-207,CG9759,41661,1.63502,0.00124979,head,FLYHEAD,fly,UP,True
OSD-207,Spn42Db,35599,3.13073,0.018658,head,FLYHEAD,fly,UP,True
OSD-207,CAH8,42625,-1.00974,0.0321974,head,FLYHEAD,fly,DOWN,True
OSD-207,CG7059,42626,-1.18544,0.000104871,head,FLYHEAD,fly,DOWN,True
OSD-207,CG14300,3346166,5.48664,0.0487831,head,FLYHEAD,fly,UP,True
OSD-207,Socs36E,35085,1.50055,0.00297696,head,FLYHEAD,fly,UP,True
OSD-207,CG15818,34019,9.03585,2.37357e-05,head,FLYHEAD,fly,UP,True
OSD-207,OdsH,32758,-2.31552,0.0377375,head,FLYHEAD,fly,DOWN,True
OSD-207,tn,37190,-1.69458,0.0041475,head,FLYHEAD,fly,DOWN,True
OSD-207,Cpr92F,42450,-3.51961,0.00477604,head,FLYHEAD,fly,DOWN,True
OSD-207,Mhc,35007,-1.99095,2.19454e-05,head,FLYHEAD,fly,DOWN,True
OSD-207,Oatp33Eb,34662,6.78784,0.000262488,head,FLYHEAD,fly,UP,True
OSD-207,CG4000,42451,-3.47069,1.3598e-07,head,FLYHEAD,fly,DOWN,True
OSD-207,CG13639,12798257,-2.57274,0.00547925,head,FLYHEAD,fly,DOWN,True
OSD-207,CG8620,50310,1.41596,0.00127921,head,FLYHEAD,fly,UP,True
OSD-207,Cyp309a2,33439,1.32055,0.000767368,head,FLYHEAD,fly,UP,True
OSD-207,CG5418,34663,1.5971,0.0362554,head,FLYHEAD,fly,UP,True
OSD-207,CG14907,42031,1.56871,0.00372167,head,FLYHEAD,fly,UP,True
OSD-207,wat,43420,1.23477,0.011798,head,FLYHEAD,fly,UP,True
OSD-207,spdo,318559,-1.19364,0.0215227,head,FLYHEAD,fly,DOWN,True
OSD-207,CG32855,318250,-1.92287,1.16098e-06,head,FLYHEAD,fly,DOWN,True
OSD-207,ppk20,43486,2.15341,0.0363531,head,FLYHEAD,fly,UP,True
OSD-207,NimA,318930,-2.28464,1.25337e-07,head,FLYHEAD,fly,DOWN,True
OSD-207,Grik,42476,-1.09077,2.46435e-05,head,FLYHEAD,fly,DOWN,True
OSD-207,rdgA,31826,-1.394,7.25467e-11,head,FLYHEAD,fly,DOWN,True
OSD-207,GLS,36396,-1.12101,8.59251e-05,head,FLYHEAD,fly,DOWN,True
OSD-207,Cpn,41474,-1.68431,2.68895e-06,head,FLYHEAD,fly,DOWN,True
OSD-207,kcc,37800,-1.1554,1.31538e-08,head,FLYHEAD,fly,DOWN,True
OSD-207,CG14062,43389,-4.65304,0.00477604,head,FLYHEAD,fly,DOWN,True
OSD-207,cu,41339,1.06643,0.00167067,head,FLYHEAD,fly,UP,True
OSD-207,mthl4,36960,1.0572,0.0104858,head,FLYHEAD,fly,UP,True
OSD-207,inaF-A,5740676,-2.90313,2.16476e-06,head,FLYHEAD,fly,DOWN,True
OSD-207,CG15478,31679,-1.08244,1.25846e-06,head,FLYHEAD,fly,DOWN,True
OSD-207,CG1273,38522,-4.00655,0.00894202,head,FLYHEAD,fly,DOWN,True
OSD-207,CG33159,318901,-1.18363,0.00750324,head,FLYHEAD,fly,DOWN,True
OSD-207,CG15529,43584,-1.27842,2.869e-06,head,FLYHEAD,fly,DOWN,True
OSD-207,CG14688,41275,1.21129,0.00125552,head,FLYHEAD,fly,UP,True
OSD-207,Nepl6,33893,1.26518,0.000261762,head,FLYHEAD,fly,UP,True
OSD-207,Mppe,36285,-1.13613,1.12129e-12,head,FLYHEAD,fly,DOWN,True
OSD-207,drd,318102,-1.38644,0.00139203,head,FLYHEAD,fly,DOWN,True
OSD-207,upd2,32805,2.68816,0.00266845,head,FLYHEAD,fly,UP,True
OSD-207,Gat,43805,-1.1101,0.000604138,head,FLYHEAD,fly,DOWN,True
OSD-207,Mur29B,319014,7.19172,5.48877e-06,head,FLYHEAD,fly,UP,True
OSD-207,lncRNA:CR43126,12798284,-1.04621,1.26259e-05,head,FLYHEAD,fly,DOWN,True
OSD-207,CG31077,318583,10.7068,1.83405e-09,head,FLYHEAD,fly,UP,True
OSD-207,Obp99b,43497,2.65274,0.0112404,head,FLYHEAD,fly,UP,True
OSD-207,CG17211,34639,-1.84144,3.54411e-09,head,FLYHEAD,fly,DOWN,True
OSD-207,CG11693,40984,-3.17344,0.0317776,head,FLYHEAD,fly,DOWN,True
OSD-207,CG9427,41164,-1.25336,3.92574e-08,head,FLYHEAD,fly,DOWN,True
OSD-207,CG15515,43538,-1.93619,0.00285539,head,FLYHEAD,fly,DOWN,True
OSD-207,CG30431,35549,1.73353,0.00245914,head,FLYHEAD,fly,UP,True
OSD-207,CAH7,41238,-1.02804,2.63999e-05,head,FLYHEAD,fly,DOWN,True
OSD-207,eIF4E6,43422,1.38529,0.0194423,head,FLYHEAD,fly,UP,True
OSD-207,sand,35777,-1.88766,2.226e-07,head,FLYHEAD,fly,DOWN,True
OSD-207,CG32115,317862,1.05845,0.00430424,head,FLYHEAD,fly,UP,True
OSD-207,CG7715,42251,4.24041,0.0016018,head,FLYHEAD,fly,UP,True
OSD-207,CG1674,43780,-1.27555,3.70227e-07,head,FLYHEAD,fly,DOWN,True
OSD-207,CG14323,42121,3.02383,0.0221959,head,FLYHEAD,fly,UP,True
OSD-207,mesh,43688,3.06752,0.00263318,head,FLYHEAD,fly,UP,True
OSD-207,prom,246493,-1.3879,9.46988e-14,head,FLYHEAD,fly,DOWN,True
OSD-207,CG43402,12797876,1.9186,1.51721e-05,head,FLYHEAD,fly,UP,True
OSD-207,Ilp3,39151,-1.13718,1.6035e-08,head,FLYHEAD,fly,DOWN,True
OSD-207,AOX2,41895,1.29379,0.0134452,head,FLYHEAD,fly,UP,True
OSD-207,l(2)k05911,34731,1.66048,0.0289718,head,FLYHEAD,fly,UP,True
OSD-207,Ugt35E2,53506,-1.50703,1.23372e-05,head,FLYHEAD,fly,DOWN,True
OSD-207,Vha100-4,42214,2.77824,0.0317125,head,FLYHEAD,fly,UP,True
OSD-207,CG31523,326148,1.24729,0.00547854,head,FLYHEAD,fly,UP,True
OSD-207,Cul6,39474,1.58643,1.38935e-07,head,FLYHEAD,fly,UP,True
OSD-207,Ir21a,33157,-1.19275,0.0319359,head,FLYHEAD,fly,DOWN,True
OSD-207,CG14687,41297,-1.31969,2.46567e-06,head,FLYHEAD,fly,DOWN,True
OSD-207,CG31174,318616,3.59845,1.12493e-05,head,FLYHEAD,fly,UP,True
OSD-207,TotB,42474,4.15791,0.0069808,head,FLYHEAD,fly,UP,True
OSD-207,Cyp304a1,41586,4.95154,2.682e-07,head,FLYHEAD,fly,UP,True
OSD-207,CG14892,42016,-2.02285,2.25045e-05,head,FLYHEAD,fly,DOWN,True
OSD-207,CG18180,39125,4.066,0.0358948,head,FLYHEAD,fly,UP,True
OSD-207,naz,42204,-1.29351,8.54903e-05,head,FLYHEAD,fly,DOWN,True
OSD-207,CG31345,41576,-1.66766,1.10162e-12,head,FLYHEAD,fly,DOWN,True
OSD-207,CG32816,318225,-1.22586,0.0379517,head,FLYHEAD,fly,DOWN,True
OSD-207,Pgant4,261610,3.29878,0.0269259,head,FLYHEAD,fly,UP,True
OSD-207,Duox,33477,-1.43183,0.0111073,head,FLYHEAD,fly,DOWN,True
OSD-207,FipoQ,43475,-1.22271,0.00188058,head,FLYHEAD,fly,DOWN,True
OSD-207,CG3397,41454,1.29359,0.00308725,head,FLYHEAD,fly,UP,True
OSD-207,CG11029,33804,6.74233,1.37418e-06,head,FLYHEAD,fly,UP,True
OSD-207,t,31863,-1.46783,4.393e-12,head,FLYHEAD,fly,DOWN,True
OSD-207,Kal1,42865,-1.85321,1.54145e-09,head,FLYHEAD,fly,DOWN,True
OSD-207,Cyp6d4,42682,1.44506,0.000238969,head,FLYHEAD,fly,UP,True
OSD-207,CG3448,39094,1.35519,4.78835e-05,head,FLYHEAD,fly,UP,True
OSD-207,gom,43934,3.56352,0.0340736,head,FLYHEAD,fly,UP,True
OSD-207,CheB38c,35346,-5.2101,0.00735529,head,FLYHEAD,fly,DOWN,True
OSD-207,CG33468,2768833,2.33388,0.0010627,head,FLYHEAD,fly,UP,True
OSD-207,CG13743,35911,-1.07797,2.09682e-13,head,FLYHEAD,fly,DOWN,True
OSD-207,CG7208,42172,-2.50191,0.000914626,head,FLYHEAD,fly,DOWN,True
OSD-207,Cht12,246535,5.62744,0.0120185,head,FLYHEAD,fly,UP,True
OSD-207,CG5235,39758,1.12889,0.000516261,head,FLYHEAD,fly,UP,True
OSD-207,CG9766,40539,-1.26598,1.51531e-11,head,FLYHEAD,fly,DOWN,True
OSD-207,Tpc2,37983,1.70351,0.00913985,head,FLYHEAD,fly,UP,True
OSD-207,CG13810,38278,7.60064,0.000421512,head,FLYHEAD,fly,UP,True
OSD-207,CG8407,36303,-1.24057,0.0174665,head,FLYHEAD,fly,DOWN,True
OSD-207,CG15023,38550,-6.36294,0.0482879,head,FLYHEAD,fly,DOWN,True
OSD-207,CG15879,38274,1.05096,0.00152393,head,FLYHEAD,fly,UP,True
OSD-207,CG6656,42576,-1.0486,3.76881e-16,head,FLYHEAD,fly,DOWN,True
OSD-207,CG4781,37943,5.25455,0.00351329,head,FLYHEAD,fly,UP,True
OSD-207,CG6967,36922,2.06363,0.0139241,head,FLYHEAD,fly,UP,True
OSD-207,CG8292,34125,1.22301,0.00526829,head,FLYHEAD,fly,UP,True
OSD-207,CG13337,36518,1.60211,0.0191648,head,FLYHEAD,fly,UP,True
OSD-207,CG10445,40938,1.02737,0.0221959,head,FLYHEAD,fly,UP,True
OSD-207,CG11155,43822,-1.06578,2.72958e-09,head,FLYHEAD,fly,DOWN,True
OSD-207,CG32812,31074,1.44203,0.0174911,head,FLYHEAD,fly,UP,True
OSD-207,Rh50,38589,-1.22889,4.38835e-08,head,FLYHEAD,fly,DOWN,True
OSD-207,Chs2,40442,6.88811,5.95397e-09,head,FLYHEAD,fly,UP,True
OSD-207,Nnf1b,318874,1.48511,0.00994875,head,FLYHEAD,fly,UP,True
OSD-207,Cyp4ac1,33754,1.38328,7.29463e-08,head,FLYHEAD,fly,UP,True
OSD-207,CG13659,43059,1.55261,0.00607456,head,FLYHEAD,fly,UP,True
OSD-207,CG11384,31061,5.62729,0.011674,head,FLYHEAD,fly,UP,True
OSD-207,CG42331,42948,-1.09256,0.00178493,head,FLYHEAD,fly,DOWN,True
OSD-207,Zip99C,43533,2.4785,1.31586e-06,head,FLYHEAD,fly,UP,True
OSD-207,glob1,41930,1.14302,7.03712e-08,head,FLYHEAD,fly,UP,True
OSD-207,CR11023,33155,2.51971,0.00816472,head,FLYHEAD,fly,UP,True
OSD-207,CG18088,34219,2.96822,0.00467753,head,FLYHEAD,fly,UP,True
OSD-207,CG1246,38330,2.17914,0.0390461,head,FLYHEAD,fly,UP,True
OSD-207,CG14257,43257,-1.62037,0.000150642,head,FLYHEAD,fly,DOWN,True
OSD-207,CG1468,31920,1.10566,0.00047086,head,FLYHEAD,fly,UP,True
OSD-207,Slimp,318604,1.08382,0.00126525,head,FLYHEAD,fly,UP,True
OSD-207,CG3277,33543,1.00208,0.0207211,head,FLYHEAD,fly,UP,True
OSD-207,lovit,26067050,-1.23871,1.71707e-10,head,FLYHEAD,fly,DOWN,True
OSD-207,CG31821,34938,6.02554,0.000332472,head,FLYHEAD,fly,UP,True
OSD-207,CG4259,33385,1.23796,0.00562075,head,FLYHEAD,fly,UP,True
OSD-207,Kebab,48440,1.57037,0.0198304,head,FLYHEAD,fly,UP,True
OSD-207,CG12206,31316,-5.23167,0.000403313,head,FLYHEAD,fly,DOWN,True
OSD-207,CG6891,32865,-1.62165,0.0438479,head,FLYHEAD,fly,DOWN,True
OSD-207,Arpc3B,32696,1.61952,0.00889626,head,FLYHEAD,fly,UP,True
OSD-207,inaF-C,5740497,-1.37481,6.1047e-06,head,FLYHEAD,fly,DOWN,True
OSD-207,CG13168,36327,-2.93581,8.52672e-05,head,FLYHEAD,fly,DOWN,True
OSD-207,Lfg,36418,1.11392,0.024721,head,FLYHEAD,fly,UP,True
OSD-207,Scp1,3355102,-4.19443,2.24783e-06,head,FLYHEAD,fly,DOWN,True
OSD-207,CG10623,35153,-1.03582,0.00307048,head,FLYHEAD,fly,DOWN,True
OSD-207,CG13272,35013,-2.02778,4.61388e-05,head,FLYHEAD,fly,DOWN,True
OSD-207,CG15418,33585,2.41396,0.0233882,head,FLYHEAD,fly,UP,True
OSD-207,CG10086,40920,5.7501,0.00367081,head,FLYHEAD,fly,UP,True
OSD-207,topi,41199,-2.75339,4.10501e-06,head,FLYHEAD,fly,DOWN,True
OSD-207,Adgf-A2,64879,-1.26783,0.0363701,head,FLYHEAD,fly,DOWN,True
OSD-207,Cyp305a1,40161,-1.06153,0.00899096,head,FLYHEAD,fly,DOWN,True
OSD-207,CG42365,37469,1.27058,0.00263769,head,FLYHEAD,fly,UP,True
OSD-207,Spn28Dc,34091,-2.0265,0.0254205,head,FLYHEAD,fly,DOWN,True
OSD-207,CG6048,31528,4.02276,0.0168886,head,FLYHEAD,fly,UP,True
OSD-207,upd3,3346149,3.77223,0.00023289,head,FLYHEAD,fly,UP,True
OSD-207,bdl,33635,-1.36825,3.3337e-08,head,FLYHEAD,fly,DOWN,True
OSD-207,Cyt-c-d,34995,-3.10152,5.1713e-05,head,FLYHEAD,fly,DOWN,True
OSD-207,CG10801,31314,3.02319,0.00855929,head,FLYHEAD,fly,UP,True
OSD-207,CG18747,59143,2.5783,0.0154189,head,FLYHEAD,fly,UP,True
OSD-207,Cht10,3355116,1.30076,3.92224e-06,head,FLYHEAD,fly,UP,True
OSD-207,CG12112,31794,1.02623,0.00244248,head,FLYHEAD,fly,UP,True
OSD-207,Desi,41292,-3.95269,0.00126028,head,FLYHEAD,fly,DOWN,True
OSD-207,CG6293,41259,-1.33728,0.00019587,head,FLYHEAD,fly,DOWN,True
OSD-207,Ptp52F,36790,1.13779,0.00326198,head,FLYHEAD,fly,UP,True
OSD-207,CG3345,33192,-1.40899,7.35502e-10,head,FLYHEAD,fly,DOWN,True
OSD-207,CG15347,31779,2.53012,1.00888e-05,head,FLYHEAD,fly,UP,True
OSD-207,CG3927,37576,-2.51347,0.00670752,head,FLYHEAD,fly,DOWN,True
OSD-207,CG14075,40071,5.99701,2.06856e-09,head,FLYHEAD,fly,UP,True
OSD-207,Myo81F,26067052,-1.25665,0.00468235,head,FLYHEAD,fly,DOWN,True
OSD-207,Ady43A,44750,-1.41418,0.00215102,head,FLYHEAD,fly,DOWN,True
OSD-207,CG11997,41093,-1.19234,0.0259377,head,FLYHEAD,fly,DOWN,True
OSD-207,CG31231,318638,1.99529,0.0421103,head,FLYHEAD,fly,UP,True
OSD-207,Rev7,40677,1.12843,1.25103e-07,head,FLYHEAD,fly,UP,True
OSD-207,Psf1,38136,1.42104,0.00162499,head,FLYHEAD,fly,UP,True
OSD-207,psd,33830,1.35608,0.0319263,head,FLYHEAD,fly,UP,True
OSD-207,Ote,37090,1.9225,1.41783e-06,head,FLYHEAD,fly,UP,True
OSD-207,CG42825,39179,7.11976,1.72413e-05,head,FLYHEAD,fly,UP,True
OSD-207,CG3679,32591,1.67156,0.0374468,head,FLYHEAD,fly,UP,True
OSD-207,CG4783,42381,8.29147,1.12342e-07,head,FLYHEAD,fly,UP,True
OSD-207,Mcm10,35390,1.18206,0.0203396,head,FLYHEAD,fly,UP,True
OSD-207,CG14356,41722,2.12057,0.0133739,head,FLYHEAD,fly,UP,True
OSD-207,Spc25,41585,4.04937,8.12976e-08,head,FLYHEAD,fly,UP,True
OSD-207,AstA-R2,43393,-1.40787,2.91921e-05,head,FLYHEAD,fly,DOWN,True
OSD-207,CG31055,318574,3.82135,0.0011369,head,FLYHEAD,fly,UP,True
OSD-207,CG8539,38842,1.14459,0.000713061,head,FLYHEAD,fly,UP,True
OSD-207,CG42255,39334,2.67921,0.00977752,head,FLYHEAD,fly,UP,True
OSD-207,CG7567,43479,8.45925,1.14794e-05,head,FLYHEAD,fly,UP,True
OSD-207,shps,42892,1.74013,0.00207081,head,FLYHEAD,fly,UP,True
OSD-207,Paics,32228,1.31247,0.0282708,head,FLYHEAD,fly,UP,True
OSD-207,Scp2,42015,-1.40715,4.03195e-07,head,FLYHEAD,fly,DOWN,True
OSD-207,CG31633,33931,1.0119,9.84637e-06,head,FLYHEAD,fly,UP,True
OSD-207,CG13060,39802,-5.2324,0.0179141,head,FLYHEAD,fly,DOWN,True
OSD-207,CG4714,36470,1.4412,0.0106457,head,FLYHEAD,fly,UP,True
OSD-207,CG10062,37224,-1.12768,0.00828372,head,FLYHEAD,fly,DOWN,True
OSD-207,wupA,32794,-1.58024,2.03799e-05,head,FLYHEAD,fly,DOWN,True
OSD-207,CG17637,40275,-3.14705,0.0068792,head,FLYHEAD,fly,DOWN,True
OSD-207,Idh3a,32940,-1.05726,4.01925e-07,head,FLYHEAD,fly,DOWN,True
OSD-207,Oxp,37002,1.35482,0.00109582,head,FLYHEAD,fly,UP,True
OSD-207,Zwilch,59247,1.10409,0.0436936,head,FLYHEAD,fly,UP,True
OSD-207,Spn55B,49803,1.80683,0.00138929,head,FLYHEAD,fly,UP,True
OSD-207,CG11672,40977,8.30531,2.98831e-06,head,FLYHEAD,fly,UP,True
OSD-207,CG32037,326183,-2.03445,0.000170329,head,FLYHEAD,fly,DOWN,True
OSD-207,CG5819,37547,1.1546,0.00125817,head,FLYHEAD,fly,UP,True
OSD-207,TbCMF46,34318,1.12635,0.0171592,head,FLYHEAD,fly,UP,True
OSD-207,Wnt10,34011,-1.11433,0.0016018,head,FLYHEAD,fly,DOWN,True
OSD-207,CG10405,41996,5.52104,0.00112254,head,FLYHEAD,fly,UP,True
OSD-207,Shmt,31524,1.19323,0.00307998,head,FLYHEAD,fly,UP,True
OSD-207,CG32432,40310,-1.04838,9.86738e-13,head,FLYHEAD,fly,DOWN,True
OSD-207,vrs,41537,1.17864,0.0227886,head,FLYHEAD,fly,UP,True
OSD-207,apolpp,43827,1.19766,0.000496162,head,FLYHEAD,fly,UP,True
OSD-207,CG14132,50290,-1.18862,0.00092713,head,FLYHEAD,fly,DOWN,True
OSD-207,Charon,33303,2.51189,6.5473e-07,head,FLYHEAD,fly,UP,True
OSD-207,CG14183,40192,1.11534,0.0130365,head,FLYHEAD,fly,UP,True
OSD-207,CG9389,40347,2.4795,4.33048e-06,head,FLYHEAD,fly,UP,True
OSD-207,CG43066,37129,-1.12911,7.07395e-16,head,FLYHEAD,fly,DOWN,True
OSD-207,tyn,3354987,-1.14088,1.22671e-05,head,FLYHEAD,fly,DOWN,True
OSD-207,key,37967,1.15626,5.20721e-06,head,FLYHEAD,fly,UP,True
OSD-207,CG18745,59141,7.26609,0.000416164,head,FLYHEAD,fly,UP,True
OSD-207,CNMa,38242,1.30342,0.0066204,head,FLYHEAD,fly,UP,True
OSD-207,CG16782,31313,-6.21807,0.00188424,head,FLYHEAD,fly,DOWN,True
OSD-207,Fbxl4,32378,-1.30764,4.54205e-27,head,FLYHEAD,fly,DOWN,True
OSD-207,CG33494,2768686,1.30847,6.40062e-05,head,FLYHEAD,fly,UP,True
OSD-207,dpy,318824,-1.30389,2.39634e-06,head,FLYHEAD,fly,DOWN,True
OSD-207,Btnd,31552,2.19537,0.00611684,head,FLYHEAD,fly,UP,True
OSD-207,GATAe,41945,6.36103,0.000506116,head,FLYHEAD,fly,UP,True
OSD-207,Cht2,38223,-1.10471,0.0388039,head,FLYHEAD,fly,DOWN,True
OSD-207,Uros2,41908,-1.05534,0.0115301,head,FLYHEAD,fly,DOWN,True
OSD-207,CG14298,42259,-1.24438,0.00209621,head,FLYHEAD,fly,DOWN,True
OSD-207,ACXC,34689,-2.27015,0.0017122,head,FLYHEAD,fly,DOWN,True
OSD-207,CG31636,318865,-1.98908,4.42517e-08,head,FLYHEAD,fly,DOWN,True
OSD-207,CG12493,38575,5.71955,0.000270272,head,FLYHEAD,fly,UP,True
OSD-207,CG8563,38826,-1.73427,0.0111327,head,FLYHEAD,fly,DOWN,True
OSD-207,CG6696,32856,-3.19043,0.041367,head,FLYHEAD,fly,DOWN,True
OSD-207,lncRNA:CR32160,12797918,-3.89247,0.0457724,head,FLYHEAD,fly,DOWN,True
OSD-207,Fign,33544,2.17834,0.000966431,head,FLYHEAD,fly,UP,True
OSD-207,obst-H,39681,2.93774,0.048608,head,FLYHEAD,fly,UP,True
OSD-207,CG32454,318037,-1.25908,0.0451343,head,FLYHEAD,fly,DOWN,True
OSD-207,Rpt6R,43635,-3.0807,0.0383408,head,FLYHEAD,fly,DOWN,True
OSD-207,Whamy,41198,2.41292,0.00591182,head,FLYHEAD,fly,UP,True
OSD-207,Oat,40145,1.18007,0.001565,head,FLYHEAD,fly,UP,True
OSD-207,CG10307,37477,-1.16301,0.000505827,head,FLYHEAD,fly,DOWN,True
OSD-207,homer,33944,-1.174,2.4611300000000003e-18,head,FLYHEAD,fly,DOWN,True
OSD-207,lectin-37Db,3346221,6.60793,0.000570662,head,FLYHEAD,fly,UP,True
OSD-207,CG12256,14462452,3.81053,3.57821e-07,head,FLYHEAD,fly,UP,True
OSD-207,CG12910,36082,-1.15846,3.51698e-06,head,FLYHEAD,fly,DOWN,True
OSD-207,CG32447,40412,-1.77809,2.37219e-05,head,FLYHEAD,fly,DOWN,True
OSD-207,CG1090,40551,-1.03994,3.85388e-13,head,FLYHEAD,fly,DOWN,True
OSD-207,CG12934,36124,3.42757,0.0388306,head,FLYHEAD,fly,UP,True
OSD-207,CG10361,39333,1.092,0.00598458,head,FLYHEAD,fly,UP,True
OSD-207,CG7990,32909,-1.09849,2.61152e-13,head,FLYHEAD,fly,DOWN,True
OSD-207,scpr-C,41348,1.7576,0.00324296,head,FLYHEAD,fly,UP,True
OSD-207,CG12826,35710,2.32358,0.00735529,head,FLYHEAD,fly,UP,True
OSD-207,Irp-1B,41269,1.00319,0.00642147,head,FLYHEAD,fly,UP,True
OSD-207,CG9657,31674,-1.18552,0.000907843,head,FLYHEAD,fly,DOWN,True
OSD-207,CG9411,32392,5.60409,6.44027e-05,head,FLYHEAD,fly,UP,True
OSD-207,Sting,36016,2.60412,1.88414e-06,head,FLYHEAD,fly,UP,True
OSD-207,CG9782,32632,-2.97025,2.92883e-05,head,FLYHEAD,fly,DOWN,True
OSD-207,cyr,31733,-1.46469,0.0428691,head,FLYHEAD,fly,DOWN,True
OSD-207,Osi17,40774,3.07559,0.00525562,head,FLYHEAD,fly,UP,True
OSD-207,CG31370,43060,1.45437,0.000315386,head,FLYHEAD,fly,UP,True
OSD-207,Pvf2,33994,1.10597,0.0241377,head,FLYHEAD,fly,UP,True
OSD-207,Traf-like,32611,1.53458,0.0251847,head,FLYHEAD,fly,UP,True
OSD-207,Sox21a,39567,-1.62545,0.00261249,head,FLYHEAD,fly,DOWN,True
OSD-207,CG6569,42573,4.34456,7.66228e-06,head,FLYHEAD,fly,UP,True
OSD-207,CG10516,39738,1.5712,0.0244442,head,FLYHEAD,fly,UP,True
OSD-207,mthl8,38013,2.03344,1.1593600000000001e-24,head,FLYHEAD,fly,UP,True
OSD-207,SLC22A,40437,1.92476,0.00395998,head,FLYHEAD,fly,UP,True
OSD-207,AOX4,41897,1.44768,0.0107092,head,FLYHEAD,fly,UP,True
OSD-207,P58IPK,41161,1.63392,1.72962e-05,head,FLYHEAD,fly,UP,True
OSD-207,CG31776,33568,-1.50332,0.000263427,head,FLYHEAD,fly,DOWN,True
OSD-207,CG14374,50026,1.9514,0.0359707,head,FLYHEAD,fly,UP,True
OSD-207,CG30088,246447,3.83508,0.0462754,head,FLYHEAD,fly,UP,True
OSD-207,CG14636,40526,1.76975,0.000169689,head,FLYHEAD,fly,UP,True
OSD-207,CG32726,318175,1.21444,1.83842e-05,head,FLYHEAD,fly,UP,True
OSD-207,Adgf-D,41679,-1.16792,3.39997e-09,head,FLYHEAD,fly,DOWN,True
OSD-207,Muc14A,318097,2.37425,0.0324617,head,FLYHEAD,fly,UP,True
OSD-207,AttB,36637,3.61015,0.00148251,head,FLYHEAD,fly,UP,True
OSD-207,CG30271,246518,1.00901,0.0136496,head,FLYHEAD,fly,UP,True
OSD-207,GstE4,37109,1.57034,0.000349338,head,FLYHEAD,fly,UP,True
OSD-207,CG6465,41274,-1.18996,6.66325e-06,head,FLYHEAD,fly,DOWN,True
OSD-207,CG10864,42222,-1.03065,0.00595809,head,FLYHEAD,fly,DOWN,True
OSD-207,CG8478,41194,1.71295,0.00375546,head,FLYHEAD,fly,UP,True
OSD-207,Cyp313a1,41759,2.22051,0.00126211,head,FLYHEAD,fly,UP,True
OSD-207,CG30274,246521,1.20886,0.0351223,head,FLYHEAD,fly,UP,True
OSD-207,scpr-B,41357,2.91161,0.0091126,head,FLYHEAD,fly,UP,True
OSD-207,CG13069,50271,2.31515,0.0186167,head,FLYHEAD,fly,UP,True
OSD-207,CG15545,43658,-1.95329,0.00311937,head,FLYHEAD,fly,DOWN,True
OSD-207,CG30339,246549,-2.29958,0.0301533,head,FLYHEAD,fly,DOWN,True
OSD-207,Orco,40650,1.66237,8.95506e-05,head,FLYHEAD,fly,UP,True
OSD-207,RNaseP:RNA,3772418,-1.70685,1.8814e-09,head,FLYHEAD,fly,DOWN,True
OSD-207,CG14297,42260,-1.68405,0.0359707,head,FLYHEAD,fly,DOWN,True
OSD-207,CG5862,42516,1.12075,1.2904e-10,head,FLYHEAD,fly,UP,True
OSD-207,CG15547,43661,-2.51825,2.46453e-10,head,FLYHEAD,fly,DOWN,True
OSD-207,CG15210,50323,-1.01047,6.9585e-05,head,FLYHEAD,fly,DOWN,True
OSD-207,Cubn,326235,-1.07845,0.000128028,head,FLYHEAD,fly,DOWN,True
OSD-207,Ugt302K1,53502,-3.6079,7.97335e-12,head,FLYHEAD,fly,DOWN,True
OSD-207,Dtg,41558,-1.0124,0.0292701,head,FLYHEAD,fly,DOWN,True
OSD-207,CG18600,42201,1.28538,5.64837e-06,head,FLYHEAD,fly,UP,True
OSD-207,Or65b,318012,1.18825,0.006896,head,FLYHEAD,fly,UP,True
OSD-207,FASN2,117361,-2.00255,0.00597929,head,FLYHEAD,fly,DOWN,True
OSD-207,CG31029,318562,-1.07666,0.0496482,head,FLYHEAD,fly,DOWN,True
OSD-207,CG1544,43689,-1.54881,8.42254e-05,head,FLYHEAD,fly,DOWN,True
OSD-207,Ilp1,39149,-1.60105,0.00797204,head,FLYHEAD,fly,DOWN,True
OSD-207,CG12268,42833,-1.2514,0.00126542,head,FLYHEAD,fly,DOWN,True
OSD-207,CR31427,43464,-1.44712,0.0296807,head,FLYHEAD,fly,DOWN,True
OSD-207,CCHa2,41648,1.09538,0.00869507,head,FLYHEAD,fly,UP,True
OSD-207,CG3288,40307,-1.30543,0.0184373,head,FLYHEAD,fly,DOWN,True
OSD-207,CG5618,40241,1.47929,3.21416e-05,head,FLYHEAD,fly,UP,True
OSD-207,CG31810,318955,2.62133,0.0474303,head,FLYHEAD,fly,UP,True
OSD-207,Syx18,42933,1.30897,2.04283e-09,head,FLYHEAD,fly,UP,True
OSD-207,CG9396,41156,1.22362,0.00698557,head,FLYHEAD,fly,UP,True
OSD-207,p24-2,318890,-10.6605,1.0328000000000001e-19,head,FLYHEAD,fly,DOWN,True
OSD-207,phu,41135,-3.47552,0.00147609,head,FLYHEAD,fly,DOWN,True
OSD-207,CG10005,41451,-3.05955,0.0114788,head,FLYHEAD,fly,DOWN,True
OSD-207,CG5984,43281,-1.03847,0.00735796,head,FLYHEAD,fly,DOWN,True
OSD-207,CG14313,42176,1.44357,0.0207602,head,FLYHEAD,fly,UP,True
OSD-207,CG5245,41530,1.68815,0.00147784,head,FLYHEAD,fly,UP,True
OSD-207,Or19b,260693,1.0842,0.0498726,head,FLYHEAD,fly,UP,True
OSD-207,Hsp70Bbb,50022,3.40595,0.00196441,head,FLYHEAD,fly,UP,True
OSD-207,CG14689,41283,-3.12581,0.0162772,head,FLYHEAD,fly,DOWN,True
OSD-207,CG11999,40637,1.13842,1.0382e-05,head,FLYHEAD,fly,UP,True
OSD-207,CG6688,42716,-1.46517,0.047008,head,FLYHEAD,fly,DOWN,True
OSD-207,CG13827,42751,1.05919,0.000151563,head,FLYHEAD,fly,UP,True
OSD-207,CG33229,2768996,1.30326,1.27431e-06,head,FLYHEAD,fly,UP,True
OSD-207,CG6908,41410,-1.18833,0.000615404,head,FLYHEAD,fly,DOWN,True
OSD-207,P5cr-2,42106,-1.12099,0.00512184,head,FLYHEAD,fly,DOWN,True
OSD-207,CG17104,34465,-3.02618,0.00652507,head,FLYHEAD,fly,DOWN,True
OSD-207,CG13627,42941,-1.81967,0.0062863,head,FLYHEAD,fly,DOWN,True
OSD-207,CG1236,40708,1.39498,7.74353e-06,head,FLYHEAD,fly,UP,True
OSD-207,CG32572,32657,-2.43395,0.0328277,head,FLYHEAD,fly,DOWN,True
OSD-207,CG31516,318776,3.05466,0.0227602,head,FLYHEAD,fly,UP,True
OSD-207,Nepl12,41172,-2.32596,2.28499e-05,head,FLYHEAD,fly,DOWN,True
OSD-207,Ugt37A3,41574,-8.26418,1.74035e-19,head,FLYHEAD,fly,DOWN,True
OSD-207,GstD11,41512,1.07042,0.00404898,head,FLYHEAD,fly,UP,True
OSD-207,scpr-A,41358,3.3195,0.000678911,head,FLYHEAD,fly,UP,True
OSD-207,lncRNA:CR32582,26067084,1.93459,5.91963e-06,head,FLYHEAD,fly,UP,True
OSD-207,Gr64f,117477,1.29918,0.0482905,head,FLYHEAD,fly,UP,True
OSD-207,CG15539,43627,-2.62788,0.00465301,head,FLYHEAD,fly,DOWN,True
OSD-207,Ir41a,2768714,1.659,0.00293814,head,FLYHEAD,fly,UP,True
OSD-207,Lsd-1,42810,1.14709,0.00494836,head,FLYHEAD,fly,UP,True
OSD-207,CG33914,3772464,-1.13798,0.0201578,head,FLYHEAD,fly,DOWN,True
OSD-207,Manf,41983,1.59312,1.27431e-06,head,FLYHEAD,fly,UP,True
OSD-207,CG42846,10178831,1.14935,0.00250044,head,FLYHEAD,fly,UP,True
OSD-207,CG30002,246384,1.50401,0.00294827,head,FLYHEAD,fly,UP,True
OSD-207,cona,42213,1.62911,0.0398994,head,FLYHEAD,fly,UP,True
OSD-207,lncRNA:CR45893,26067221,2.23272,0.043997,head,FLYHEAD,fly,UP,True
OSD-207,asRNA:CR44207,14462573,-1.55105,0.0231641,head,FLYHEAD,fly,DOWN,True
OSD-207,lncRNA:CR43973,14462864,1.5877,0.0297575,head,FLYHEAD,fly,UP,True
OSD-207,lncRNA:CR43928,14462683,-5.83648,0.00353116,head,FLYHEAD,fly,DOWN,True
OSD-207,Col4a1,33727,-1.54946,5.67099e-06,head,FLYHEAD,fly,DOWN,True
OSD-207,CG43236,12798466,3.44305,0.000751981,head,FLYHEAD,fly,UP,True
OSD-207,Or47b,36212,2.02511,8.74773e-05,head,FLYHEAD,fly,UP,True
OSD-207,CG10184,42783,2.30801,4.43406e-05,head,FLYHEAD,fly,UP,True
OSD-207,CecA1,43596,4.90331,0.000263427,head,FLYHEAD,fly,UP,True
OSD-207,BomT3,42598,1.28346,0.0052691,head,FLYHEAD,fly,UP,True
OSD-207,CG42486,8673962,1.17358,0.0128179,head,FLYHEAD,fly,UP,True
OSD-207,Cyp12a5,42293,-1.06068,4.14245e-09,head,FLYHEAD,fly,DOWN,True
OSD-207,CG30091,246449,7.24461,0.00437726,head,FLYHEAD,fly,UP,True
OSD-207,CG42656,10178806,1.95164,0.00306351,head,FLYHEAD,fly,UP,True
OSD-207,Or92a,42425,2.9527,0.00531982,head,FLYHEAD,fly,UP,True
OSD-207,Tapdelta,45680,1.17948,5.02605e-07,head,FLYHEAD,fly,UP,True
OSD-207,Or22a,33335,2.30449,0.0147636,head,FLYHEAD,fly,UP,True
OSD-207,nxf2,39843,1.04788,0.0185292,head,FLYHEAD,fly,UP,True
OSD-207,Or9a,31975,2.12323,0.0223279,head,FLYHEAD,fly,UP,True
OSD-207,asRNA:CR45629,19835901,-2.33379,5.21113e-06,head,FLYHEAD,fly,DOWN,True
OSD-207,TBC1D5,41628,1.15854,0.00289201,head,FLYHEAD,fly,UP,True
OSD-207,CG9452,40119,1.09184,0.00295125,head,FLYHEAD,fly,UP,True
OSD-207,Cks30A,34250,-1.48207,0.0430591,head,FLYHEAD,fly,DOWN,True
OSD-207,CecA1,43597,4.90331,0.000263427,head,FLYHEAD,fly,UP,True
OSD-207,CG11425,40472,-1.61788,0.00145538,head,FLYHEAD,fly,DOWN,True
OSD-207,Sil1,43034,2.69289,2.51076e-06,head,FLYHEAD,fly,UP,True
OSD-207,asRNA:CR46246,26067556,-7.31651,6.9921e-07,head,FLYHEAD,fly,DOWN,True
OSD-207,CG13670,38938,1.66021,1.3732e-06,head,FLYHEAD,fly,UP,True
OSD-207,lncRNA:roX2,3772415,6.7231,3.54823e-08,head,FLYHEAD,fly,UP,True
OSD-207,CG10814,36481,4.98891,0.00381919,head,FLYHEAD,fly,UP,True
OSD-207,Or83c,40744,2.64945,0.0241232,head,FLYHEAD,fly,UP,True
OSD-207,asRNA:CR33945,3772292,-3.02098,0.0185696,head,FLYHEAD,fly,DOWN,True
OSD-207,btv,35073,1.10005,0.00299715,head,FLYHEAD,fly,UP,True
OSD-207,asRNA:CR43872,14462890,-2.07118,0.0431194,head,FLYHEAD,fly,DOWN,True
OSD-207,CG31205,318626,-1.36052,0.00300547,head,FLYHEAD,fly,DOWN,True
OSD-207,lncRNA:CR42874,10178915,-1.58211,0.00740372,head,FLYHEAD,fly,DOWN,True
OSD-207,Spn42Dd,49808,1.07829,0.000552205,head,FLYHEAD,fly,UP,True
OSD-207,lncRNA:CR44281,19835420,2.27376,0.0119089,head,FLYHEAD,fly,UP,True
OSD-207,Ant2,32008,-1.13536,0.00381478,head,FLYHEAD,fly,DOWN,True
OSD-207,Lsp1beta,33274,-3.10575,0.00256842,head,FLYHEAD,fly,DOWN,True
OSD-207,CG9928,34704,1.01197,0.0228848,head,FLYHEAD,fly,UP,True
OSD-207,asRNA:CR43683,14462735,1.25296,0.0215152,head,FLYHEAD,fly,UP,True
OSD-207,lncRNA:CR45156,19835983,3.00169,0.00271361,head,FLYHEAD,fly,UP,True
OSD-207,Ugt37A2,41573,-6.36007,0.00100255,head,FLYHEAD,fly,DOWN,True
OSD-207,asRNA:CR45144,19834727,-2.92323,0.000962694,head,FLYHEAD,fly,DOWN,True
OSD-207,lncRNA:CR42862,10178964,1.20004,1.08293e-13,head,FLYHEAD,fly,UP,True
OSD-207,Fst,41169,-5.65031,0.00540117,head,FLYHEAD,fly,DOWN,True
OSD-207,ergic53,44679,1.36697,1.12461e-07,head,FLYHEAD,fly,UP,True
OSD-207,CG17271,42463,1.04264,7.13558e-06,head,FLYHEAD,fly,UP,True
OSD-207,Sec61alpha,33905,1.05404,8.95377e-05,head,FLYHEAD,fly,UP,True
OSD-207,lncRNA:CR44566,19834836,-1.04062,6.56995e-06,head,FLYHEAD,fly,DOWN,True
OSD-207,Grasp65,40177,1.19509,6.92348e-06,head,FLYHEAD,fly,UP,True
OSD-207,lncRNA:CR45388,19835942,2.31294,0.02338,head,FLYHEAD,fly,UP,True
OSD-207,CG45095,19835207,-2.60008,0.000301529,head,FLYHEAD,fly,DOWN,True
OSD-207,BBS8,33217,1.12606,0.00138372,head,FLYHEAD,fly,UP,True
OSD-207,Or22b,33336,2.44064,0.0181711,head,FLYHEAD,fly,UP,True
OSD-207,lncRNA:CR45456,19835849,-1.8805,0.0189031,head,FLYHEAD,fly,DOWN,True
OSD-207,lncRNA:CR45457,19834867,-2.11613,0.000268754,head,FLYHEAD,fly,DOWN,True
OSD-207,lncRNA:CR45338,19835261,-2.97294,0.01772,head,FLYHEAD,fly,DOWN,True
OSD-207,Ero1L,38500,1.20789,5.67008e-05,head,FLYHEAD,fly,UP,True
OSD-207,CG8112,41033,-1.26678,0.00317094,head,FLYHEAD,fly,DOWN,True
OSD-207,lncRNA:roX1,3772376,6.6978,1.16974e-12,head,FLYHEAD,fly,UP,True
OSD-207,Boot,35919,1.20989,0.0309335,head,FLYHEAD,fly,UP,True
OSD-207,CG4962,39793,-5.23371,5.76819e-29,head,FLYHEAD,fly,DOWN,True
OSD-207,Nuak1,41256,-1.31538,2.8420900000000004e-24,head,FLYHEAD,fly,DOWN,True
OSD-207,Cyp6a23,36661,-1.09787,1.50066e-10,head,FLYHEAD,fly,DOWN,True
OSD-207,Sec24CD,33409,1.1114,7.62736e-06,head,FLYHEAD,fly,UP,True
OSD-207,twr,40815,1.29455,9.66514e-09,head,FLYHEAD,fly,UP,True
OSD-207,shv,33220,1.45319,7.62736e-06,head,FLYHEAD,fly,UP,True
OSD-207,CG15546,43659,-1.76277,1.00841e-07,head,FLYHEAD,fly,DOWN,True
OSD-207,Osi8,40762,1.32828,0.00111958,head,FLYHEAD,fly,UP,True
OSD-207,CG32373,318000,2.636,3.23032e-13,head,FLYHEAD,fly,UP,True
OSD-207,CrebA,39682,1.25927,0.0245973,head,FLYHEAD,fly,UP,True
OSD-207,Calr,41166,1.05768,1.71986e-07,head,FLYHEAD,fly,UP,True
OSD-207,CG34459,5740101,1.01177,0.0445324,head,FLYHEAD,fly,UP,True
OSD-207,Ect3,41457,2.00693,0.0034701,head,FLYHEAD,fly,UP,True
OSD-207,Cyp4d21,34036,3.33857,4.10384e-07,head,FLYHEAD,fly,UP,True
OSD-207,Or47a,36187,1.97776,0.0121712,head,FLYHEAD,fly,UP,True
OSD-207,CG7294,34470,2.05351,0.00921637,head,FLYHEAD,fly,UP,True
OSD-207,CG4650,34859,1.44539,2.33886e-07,head,FLYHEAD,fly,UP,True
OSD-207,PGRP-LB,41379,1.74133,4.39784e-06,head,FLYHEAD,fly,UP,True
OSD-207,CG18258,32708,-3.65139,0.0133081,head,FLYHEAD,fly,DOWN,True
OSD-207,Cdk1,34411,1.11809,0.0085582,head,FLYHEAD,fly,UP,True
OSD-207,CG7298,40210,-37.6397,1.4564e-13,head,FLYHEAD,fly,DOWN,True
OSD-207,CG13046,39791,-1.95361,0.0209888,head,FLYHEAD,fly,DOWN,True
OSD-207,Or67c,39189,1.60277,0.0175318,head,FLYHEAD,fly,UP,True
OSD-207,Uba5,32094,1.34557,2.19475e-09,head,FLYHEAD,fly,UP,True
OSD-207,CG33109,326258,6.59031,0.000553425,head,FLYHEAD,fly,UP,True
OSD-207,CG33288,2768968,1.29559,7.24036e-05,head,FLYHEAD,fly,UP,True
OSD-207,Jon99Ciii,43544,-5.23841,0.0172031,head,FLYHEAD,fly,DOWN,True
OSD-207,Jon99Ciii,43543,-5.23841,0.0172031,head,FLYHEAD,fly,DOWN,True
OSD-207,lncRNA:CR46350,39877392,1.61153,0.0152851,head,FLYHEAD,fly,UP,True
OSD-207,Unc-115a,261629,-1.41565,2.2472300000000002e-76,head,FLYHEAD,fly,DOWN,True
OSD-207,sel,36046,2.1261,2.41524e-08,head,FLYHEAD,fly,UP,True
OSD-207,BomS1,37100,1.87263,0.0166296,head,FLYHEAD,fly,UP,True
OSD-207,Cpr92A,42333,-5.14512,0.00749954,head,FLYHEAD,fly,DOWN,True
OSD-207,Mip,39933,1.04862,1.84658e-06,head,FLYHEAD,fly,UP,True
OSD-207,CG4950,39783,-1.15586,0.000280189,head,FLYHEAD,fly,DOWN,True
OSD-207,Gnmt,41561,3.44217,0.00146953,head,FLYHEAD,fly,UP,True
OSD-207,asRNA:CR43257,12797864,-1.5016,0.000838464,head,FLYHEAD,fly,DOWN,True
OSD-207,NUCB1,39978,1.0164,0.000317095,head,FLYHEAD,fly,UP,True
OSD-207,18SrRNA:CR41548,5740812,15.8189,0.0430135,head,FLYHEAD,fly,UP,True
OSD-207,CG2111,31995,-2.12335,0.00535555,head,FLYHEAD,fly,DOWN,True
OSD-207,ems,41697,1.00094,7.72728e-05,head,FLYHEAD,fly,UP,True
OSD-207,asRNA:CR45133,19835075,-3.70343,0.0173463,head,FLYHEAD,fly,DOWN,True
OSD-207,asRNA:CR45874,26067202,-1.45595,0.000334209,head,FLYHEAD,fly,DOWN,True
OSD-207,ArfGAP3,40487,1.02087,3.06315e-05,head,FLYHEAD,fly,UP,True
OSD-207,Tsf1,32821,1.19078,0.0213522,head,FLYHEAD,fly,UP,True
OSD-207,lncRNA:CR42646,10178834,2.24101,0.0113745,head,FLYHEAD,fly,UP,True
OSD-207,Ama,40831,-2.87402,0.00701997,head,FLYHEAD,fly,DOWN,True
OSD-207,RNaseMRP:RNA,3772365,1.25674,0.0478445,head,FLYHEAD,fly,UP,True
OSD-207,Jhe,36780,1.66988,0.000929509,head,FLYHEAD,fly,UP,True
OSD-207,CG9757,41662,-1.55952,0.00662106,head,FLYHEAD,fly,DOWN,True
OSD-207,CG34124,4379887,1.18443,0.0325083,head,FLYHEAD,fly,UP,True
OSD-207,PPO3,44513,-3.3882,0.0101301,head,FLYHEAD,fly,DOWN,True
OSD-207,Hsp70Ba,48582,2.67341,0.0194118,head,FLYHEAD,fly,UP,True
OSD-207,Hsp70Ba,48583,2.67341,0.0194118,head,FLYHEAD,fly,UP,True
OSD-207,Tudor-SN,38045,1.05464,6.11224e-06,head,FLYHEAD,fly,UP,True
OSD-207,CG33791,317974,-1.66613,0.00123273,head,FLYHEAD,fly,DOWN,True
OSD-207,CG17107,34467,1.23131,0.0107645,head,FLYHEAD,fly,UP,True
OSD-207,a5,33317,1.02421,0.000274033,head,FLYHEAD,fly,UP,True
OSD-207,Acp53C14b,36873,2.06602,0.0174482,head,FLYHEAD,fly,UP,True
OSD-207,CG11089,42973,-1.79892,0.00720793,head,FLYHEAD,fly,DOWN,True
OSD-207,CG42764,10178963,1.43307,0.0133003,head,FLYHEAD,fly,UP,True
OSD-207,Membrin,38614,1.37449,2.00707e-06,head,FLYHEAD,fly,UP,True
OSD-207,CG12105,38190,-1.33383,0.00118973,head,FLYHEAD,fly,DOWN,True
OSD-207,l(1)G0320,326234,1.08152,0.000247916,head,FLYHEAD,fly,UP,True
OSD-207,meigo,42510,1.4738,1.05736e-06,head,FLYHEAD,fly,UP,True
OSD-207,sisRNA:CR46357,39877399,1.85896,0.0301898,head,FLYHEAD,fly,UP,True
OSD-207,WRNexo,42208,-1.69133,0.0270319,head,FLYHEAD,fly,DOWN,True
OSD-207,Thor,33569,-1.20964,4.40286e-07,head,FLYHEAD,fly,DOWN,True
OSD-207,Obp99d,43496,-5.0829,4.60906e-16,head,FLYHEAD,fly,DOWN,True
OSD-207,CG34456,5740168,1.85087,0.0217792,head,FLYHEAD,fly,UP,True
OSD-207,Surf4,41864,1.03885,6.87646e-08,head,FLYHEAD,fly,UP,True
OSD-207,nod,32107,1.02059,4.43517e-05,head,FLYHEAD,fly,UP,True
OSD-207,ZnT86D,41342,1.3131,1.75176e-06,head,FLYHEAD,fly,UP,True
OSD-207,lncRNA:CR43493,12798219,-1.29396,0.0103726,head,FLYHEAD,fly,DOWN,True
OSD-207,AttC,36484,3.05221,0.0120127,head,FLYHEAD,fly,UP,True
OSD-207,GstD6,48339,-2.70479,0.002238,head,FLYHEAD,fly,DOWN,True
OSD-207,PGRP-SD,38858,1.75042,0.00181827,head,FLYHEAD,fly,UP,True
OSD-207,bai,42996,1.09122,1.19716e-07,head,FLYHEAD,fly,UP,True
OSD-207,CG15553,43677,1.45704,0.00510345,head,FLYHEAD,fly,UP,True
OSD-207,AttA,36636,2.83536,0.0253742,head,FLYHEAD,fly,UP,True
OSD-207,tun,36743,1.20577,0.000314698,head,FLYHEAD,fly,UP,True
OSD-207,Obp57a,246670,1.75717,2.84133e-06,head,FLYHEAD,fly,UP,True
OSD-207,FMRFa,36030,1.35856,0.000495605,head,FLYHEAD,fly,UP,True
OSD-207,srl,40562,1.0214,0.00815886,head,FLYHEAD,fly,UP,True
OSD-207,CG1418,36035,1.20205,5.70637e-09,head,FLYHEAD,fly,UP,True
OSD-207,CG2065,35707,-1.55011,5.66763e-05,head,FLYHEAD,fly,DOWN,True
OSD-207,CG13077,35252,1.35477,0.000322733,head,FLYHEAD,fly,UP,True
OSD-207,Or67d,39191,2.49788,0.000412601,head,FLYHEAD,fly,UP,True
OSD-207,DnaJ-1,38643,1.34255,0.00323105,head,FLYHEAD,fly,UP,True
OSD-207,IM4,50126,1.21449,0.0270319,head,FLYHEAD,fly,UP,True
OSD-207,CG7367,34094,1.1677,0.0308617,head,FLYHEAD,fly,UP,True
OSD-207,BomBc3,50055,2.14,0.00227577,head,FLYHEAD,fly,UP,True
OSD-207,Unc-115b,41178,-7.48785,1.29818e-11,head,FLYHEAD,fly,DOWN,True
OSD-207,Lsp1gamma,38015,-7.28674,6.02277e-06,head,FLYHEAD,fly,DOWN,True
OSD-207,Spase12,50096,1.41898,1.95704e-10,head,FLYHEAD,fly,UP,True
OSD-207,FarO,45707,-1.51861,1.9267e-06,head,FLYHEAD,fly,DOWN,True
OSD-207,CG32121,317867,-1.13565,0.000377544,head,FLYHEAD,fly,DOWN,True
OSD-207,Hsp70Ba,44921,3.32624,0.00255738,head,FLYHEAD,fly,UP,True
OSD-207,CG13068,39784,-3.76643,0.00515495,head,FLYHEAD,fly,DOWN,True
OSD-207,CG12970,36744,3.16304,0.00291153,head,FLYHEAD,fly,UP,True
OSD-207,hll,34822,-3.53483,0.0107205,head,FLYHEAD,fly,DOWN,True
OSD-207,lncRNA:CR45680,19835761,-1.79101,0.0169066,head,FLYHEAD,fly,DOWN,True
OSD-207,Hsc70-3,32133,1.45965,0.00136185,head,FLYHEAD,fly,UP,True
OSD-207,CG4098,39854,-1.15048,1.48754e-08,head,FLYHEAD,fly,DOWN,True
OSD-207,smp-30,41786,-1.76146,0.00293017,head,FLYHEAD,fly,DOWN,True
OSD-207,Cyp4d14,45706,1.24017,0.0154344,head,FLYHEAD,fly,UP,True
OSD-207,Drs,38419,2.59202,0.00587803,head,FLYHEAD,fly,UP,True
OSD-207,asRNA:CR46195,26067506,1.18964,0.0475295,head,FLYHEAD,fly,UP,True
OSD-207,Gp93,43354,2.00694,4.14636e-06,head,FLYHEAD,fly,UP,True
OSD-207,Nepl17,43408,-1.65191,0.00541679,head,FLYHEAD,fly,DOWN,True
OSD-207,gt,31227,-1.41558,1.09119e-12,head,FLYHEAD,fly,DOWN,True
OSD-207,CG13067,39785,-1.10936,0.0499718,head,FLYHEAD,fly,DOWN,True
OSD-207,CG34437,5740179,-3.25727,9.51375e-06,head,FLYHEAD,fly,DOWN,True
OSD-207,CG31028,43586,-2.66973,1.16488e-08,head,FLYHEAD,fly,DOWN,True
OSD-207,Hsp70Ab,48581,2.71672,0.0138985,head,FLYHEAD,fly,UP,True
OSD-207,Hsp70Ab,44920,2.71672,0.0138985,head,FLYHEAD,fly,UP,True
OSD-207,Nepl4,33889,-2.43337,0.00147784,head,FLYHEAD,fly,DOWN,True
OSD-207,CG30371,35806,6.43183,0.00566116,head,FLYHEAD,fly,UP,True
OSD-207,CG8908,37293,-2.18964,2.04324e-05,head,FLYHEAD,fly,DOWN,True
OSD-207,CG12702,32993,1.71201,0.0496482,head,FLYHEAD,fly,UP,True
OSD-207,Or56a,37269,1.84217,0.00314117,head,FLYHEAD,fly,UP,True
OSD-207,Fmo-1,37814,-1.45899,0.000100304,head,FLYHEAD,fly,DOWN,True
OSD-207,IFT57,33579,1.01749,0.030911,head,FLYHEAD,fly,UP,True
OSD-207,betaTub85D,41124,-1.13556,0.0234853,head,FLYHEAD,fly,DOWN,True
OSD-207,Pdi,39651,1.36626,4.10453e-06,head,FLYHEAD,fly,UP,True
OSD-207,CG9119,38124,-1.20138,0.0463726,head,FLYHEAD,fly,DOWN,True
OSD-207,CG2004,31809,1.42048,0.0107922,head,FLYHEAD,fly,UP,True
OSD-207,Gapdh1,35728,-1.0182,0.000459587,head,FLYHEAD,fly,DOWN,True
OSD-207,SrpRbeta,47283,1.17336,7.85911e-08,head,FLYHEAD,fly,UP,True
OSD-207,SrpRalpha,47251,1.11874,2.57739e-05,head,FLYHEAD,fly,UP,True
OSD-207,Tsp42Ec,35612,-3.70663,0.0231356,head,FLYHEAD,fly,DOWN,True
OSD-207,CG6938,39362,1.15238,0.00956828,head,FLYHEAD,fly,UP,True
OSD-207,CG3376,37884,-1.31123,5.87157e-05,head,FLYHEAD,fly,DOWN,True
OSD-207,CG7906,39575,-2.5211,0.00128099,head,FLYHEAD,fly,DOWN,True
OSD-207,Fkbp14,37449,1.01224,1.22937e-06,head,FLYHEAD,fly,UP,True
OSD-207,GstD1,41503,-1.04744,2.05914e-05,head,FLYHEAD,fly,DOWN,True
OSD-207,bmm,39611,-1.32214,0.00788891,head,FLYHEAD,fly,DOWN,True
OSD-207,CG9498,33885,1.37342,0.0110806,head,FLYHEAD,fly,UP,True
OSD-207,CG14985,38470,1.18222,8.71813e-11,head,FLYHEAD,fly,UP,True
OSD-207,Acbp6,38782,-2.63976,0.0449933,head,FLYHEAD,fly,DOWN,True
OSD-207,GAPsec,38987,-1.05086,7.26482e-07,head,FLYHEAD,fly,DOWN,True
OSD-207,CG12995,32707,-1.76965,0.0444371,head,FLYHEAD,fly,DOWN,True
OSD-207,Tollo,44497,-1.00343,1.84658e-06,head,FLYHEAD,fly,DOWN,True
OSD-207,NimC2,34818,-1.35083,0.00276337,head,FLYHEAD,fly,DOWN,True
OSD-207,CG6638,38979,1.05607,8.14054e-09,head,FLYHEAD,fly,UP,True
OSD-207,Pfas,33847,-1.47683,0.00189811,head,FLYHEAD,fly,DOWN,True
OSD-207,CG2918,31215,1.58346,1.31352e-05,head,FLYHEAD,fly,UP,True
OSD-207,lncRNA:CR45567,19835612,1.48308,0.0156065,head,FLYHEAD,fly,UP,True
OSD-207,DNApol-theta,41571,1.01382,0.000111716,head,FLYHEAD,fly,UP,True
OSD-207,Cyp6a19,36662,-2.15851,0.0444525,head,FLYHEAD,fly,DOWN,True
OSD-207,nkd,44843,1.25635,3.75643e-12,head,FLYHEAD,fly,UP,True
OSD-207,CG13008,32654,-2.2919,1.42769e-05,head,FLYHEAD,fly,DOWN,True
OSD-207,CG10621,35152,-2.76813,0.00721271,head,FLYHEAD,fly,DOWN,True
OSD-207,Twdlbeta,36265,-2.82158,0.018282,head,FLYHEAD,fly,DOWN,True
OSD-207,CG10383,35123,-1.6326,0.00215387,head,FLYHEAD,fly,DOWN,True
OSD-207,CG42284,37621,1.00492,0.00265677,head,FLYHEAD,fly,UP,True
OSD-207,CG13559,37720,1.18564,0.0257922,head,FLYHEAD,fly,UP,True
OSD-207,Bet1,40094,1.0517,2.74161e-07,head,FLYHEAD,fly,UP,True
OSD-207,Gas8,31321,1.31014,0.0216619,head,FLYHEAD,fly,UP,True
OSD-207,CG9706,39876,1.47027,7.55363e-10,head,FLYHEAD,fly,UP,True
OSD-207,sofe,32016,1.00569,0.0162772,head,FLYHEAD,fly,UP,True
OSD-207,Pabp2,35788,1.37745,4.50953e-13,head,FLYHEAD,fly,UP,True
OSD-207,Ugt37B1,53584,2.40977,0.0173366,head,FLYHEAD,fly,UP,True
OSD-207,gudu,34014,1.64976,0.044597,head,FLYHEAD,fly,UP,True
OSD-207,CG42272,318020,-1.15423,0.0379528,head,FLYHEAD,fly,DOWN,True
OSD-207,CG15473,31401,-1.71855,0.0108464,head,FLYHEAD,fly,DOWN,True
OSD-207,CG6333,39953,1.1106,0.0318437,head,FLYHEAD,fly,UP,True
OSD-207,CG15169,35161,1.166,0.00612481,head,FLYHEAD,fly,UP,True
OSD-207,Mgat1,37323,1.2874,1.2719e-08,head,FLYHEAD,fly,UP,True
OSD-207,CysRS,36784,1.22482,8.78009e-08,head,FLYHEAD,fly,UP,True
OSD-207,CG9541,34220,1.19305,0.00287078,head,FLYHEAD,fly,UP,True
OSD-207,AGO3,3355150,1.46276,0.00466279,head,FLYHEAD,fly,UP,True
OSD-207,CG5321,32399,1.15866,0.0111255,head,FLYHEAD,fly,UP,True
OSD-207,CG17005,34249,-1.53205,0.0052691,head,FLYHEAD,fly,DOWN,True
OSD-207,spz4,34572,-2.0585,0.00360856,head,FLYHEAD,fly,DOWN,True
OSD-207,Spindly,33578,1.27932,0.0194305,head,FLYHEAD,fly,UP,True
OSD-207,CG4995,34390,-1.92975,0.0390239,head,FLYHEAD,fly,DOWN,True
OSD-207,Sec13,44437,1.00561,2.15822e-06,head,FLYHEAD,fly,UP,True
OSD-207,spd-2,39850,1.60749,0.00854547,head,FLYHEAD,fly,UP,True
OSD-207,CG12288,35027,1.29383,0.00105183,head,FLYHEAD,fly,UP,True
OSD-207,Sec22,31030,1.05956,2.69886e-06,head,FLYHEAD,fly,UP,True
OSD-207,CG15337,31748,-2.87699,0.00791653,head,FLYHEAD,fly,DOWN,True
OSD-207,Cog6,35953,1.00145,3.78409e-08,head,FLYHEAD,fly,UP,True
OSD-207,Os-C,40942,1.01437,0.00302079,head,FLYHEAD,fly,UP,True
OSD-207,krimp,36804,1.71398,0.00918567,head,FLYHEAD,fly,UP,True
OSD-207,Cdc6,38989,-1.76852,2.20825e-05,head,FLYHEAD,fly,DOWN,True
OSD-207,feo,32015,1.64676,0.0184633,head,FLYHEAD,fly,UP,True
OSD-207,CG34342,5740152,1.22394,0.0107257,head,FLYHEAD,fly,UP,True
OSD-207,CG13010,32643,-2.15911,0.0385984,head,FLYHEAD,fly,DOWN,True
OSD-207,vkg,33726,-1.13258,0.000277666,head,FLYHEAD,fly,DOWN,True
OSD-207,Obp83b,40738,1.18219,0.00112945,head,FLYHEAD,fly,UP,True
OSD-207,CG43110,12798330,-1.20451,0.0206189,head,FLYHEAD,fly,DOWN,True
OSD-207,Orc1,35686,1.49981,0.00383759,head,FLYHEAD,fly,UP,True
OSD-207,Kua,35300,1.15767,0.00727891,head,FLYHEAD,fly,UP,True
OSD-207,mh,32480,1.64319,0.000126338,head,FLYHEAD,fly,UP,True
OSD-207,Obp69a,39411,1.28829,4.24455e-05,head,FLYHEAD,fly,UP,True
OSD-207,CG9876,37668,-1.36552,0.00574505,head,FLYHEAD,fly,DOWN,True
OSD-207,Jhedup,36779,1.39888,1.64872e-05,head,FLYHEAD,fly,UP,True
OSD-207,CG5770,37054,4.493,0.0254813,head,FLYHEAD,fly,UP,True
OSD-207,CG13566,37813,-2.35623,0.0361401,head,FLYHEAD,fly,DOWN,True
OSD-207,CG3880,37957,-4.94054,0.000697066,head,FLYHEAD,fly,DOWN,True
OSD-207,CG11159,37341,-3.56117,0.0272624,head,FLYHEAD,fly,DOWN,True
OSD-207,CG13675,38907,-5.84168,0.000125515,head,FLYHEAD,fly,DOWN,True
OSD-207,CG11350,38554,-5.11707,0.0139759,head,FLYHEAD,fly,DOWN,True
OSD-207,CG11905,39895,-1.28645,0.000360391,head,FLYHEAD,fly,DOWN,True
OSD-207,ppk27,38440,-1.93936,0.0162593,head,FLYHEAD,fly,DOWN,True
OSD-207,CG6083,39305,-1.29293,3.96103e-16,head,FLYHEAD,fly,DOWN,True
OSD-207,CG11300,37760,3.40044,0.0121637,head,FLYHEAD,fly,UP,True
OSD-207,Cyt-c1,38612,-1.15148,2.37381e-11,head,FLYHEAD,fly,DOWN,True
OSD-207,CHMP2B,38599,1.63837,0.000154116,head,FLYHEAD,fly,UP,True
OSD-207,CG15614,36899,-2.40552,0.00473433,head,FLYHEAD,fly,DOWN,True
OSD-207,Plod,39265,-1.15133,7.18222e-05,head,FLYHEAD,fly,DOWN,True
OSD-207,CG13511,37597,4.15258,6.23253e-05,head,FLYHEAD,fly,UP,True
OSD-207,CG13058,39806,-4.71299,0.00680034,head,FLYHEAD,fly,DOWN,True
OSD-207,Asph,36778,-1.48629,1.88102e-05,head,FLYHEAD,fly,DOWN,True
OSD-207,Cpr62Ba,38239,-1.87837,0.00231749,head,FLYHEAD,fly,DOWN,True
OSD-207,CG13458,39646,-2.2554,3.00036e-07,head,FLYHEAD,fly,DOWN,True
OSD-207,CG14990,38486,-4.87163,5.44142e-05,head,FLYHEAD,fly,DOWN,True
OSD-207,CG4982,39794,3.36311,0.0295579,head,FLYHEAD,fly,UP,True
OSD-207,CG6409,39220,1.21437,6.69067e-09,head,FLYHEAD,fly,UP,True
OSD-207,rad50,37564,1.16907,4.08648e-12,head,FLYHEAD,fly,UP,True
OSD-207,Orcokinin,37806,1.7237,4.08179e-09,head,FLYHEAD,fly,UP,True
OSD-207,CG5157,39771,-3.25592,0.000244458,head,FLYHEAD,fly,DOWN,True
OSD-207,CG11714,3772566,-1.52041,0.0028201,head,FLYHEAD,fly,DOWN,True
OSD-207,ppk29,37844,-1.25132,2.84312e-06,head,FLYHEAD,fly,DOWN,True
OSD-207,CG17026,39739,-1.3337,1.88102e-05,head,FLYHEAD,fly,DOWN,True
OSD-207,CG4945,36850,-1.01018,1.99722e-06,head,FLYHEAD,fly,DOWN,True
OSD-207,ATPsynF,37931,-1.19486,3.35036e-09,head,FLYHEAD,fly,DOWN,True
OSD-207,AdenoK,39479,1.16281,2.45275e-09,head,FLYHEAD,fly,UP,True
OSD-207,CG8517,37268,-3.55485,0.0372375,head,FLYHEAD,fly,DOWN,True
OSD-207,levy,37728,-1.02143,1.56114e-10,head,FLYHEAD,fly,DOWN,True
OSD-207,Acp53C14a,36872,-4.06439,0.00422139,head,FLYHEAD,fly,DOWN,True
OSD-207,twz,37456,-1.20883,8.50861e-11,head,FLYHEAD,fly,DOWN,True
OSD-207,CG13869,37283,-2.80863,1.06403e-08,head,FLYHEAD,fly,DOWN,True
OSD-207,CG14968,38406,-1.23932,2.20557e-05,head,FLYHEAD,fly,DOWN,True
OSD-207,Smyd4-2,39414,-1.5176,2.55336e-05,head,FLYHEAD,fly,DOWN,True
OSD-207,Tsp66E,39017,-1.17367,1.9765e-14,head,FLYHEAD,fly,DOWN,True
OSD-207,CG13023,39894,-2.90926,2.40502e-06,head,FLYHEAD,fly,DOWN,True
OSD-207,CG18367,37255,-2.46895,0.00155943,head,FLYHEAD,fly,DOWN,True
OSD-207,CG14490,37041,-1.44313,0.0487017,head,FLYHEAD,fly,DOWN,True
OSD-207,spz6,37956,-5.3555,1.19972e-07,head,FLYHEAD,fly,DOWN,True
OSD-207,CG13040,39804,-5.89147,0.0345758,head,FLYHEAD,fly,DOWN,True
OSD-207,CG5644,39029,-1.22698,5.76879e-13,head,FLYHEAD,fly,DOWN,True
OSD-207,CG13510,37596,1.71395,0.00122293,head,FLYHEAD,fly,UP,True
OSD-207,CG13560,37758,2.44565,0.000952837,head,FLYHEAD,fly,UP,True
OSD-207,CG14109,39512,-1.35763,5.83193e-08,head,FLYHEAD,fly,DOWN,True
OSD-207,RhoGEF4,38806,2.41858,0.00021194,head,FLYHEAD,fly,UP,True
OSD-207,S-Lap1,38986,-1.03548,0.000250511,head,FLYHEAD,fly,DOWN,True
OSD-207,CG9877,37666,2.88648,0.039385,head,FLYHEAD,fly,UP,True
OSD-207,CG7573,39272,-3.2976,0.0169498,head,FLYHEAD,fly,DOWN,True
OSD-207,CG13042,39798,-4.78242,0.0193199,head,FLYHEAD,fly,DOWN,True
OSD-207,GlyT,37772,-1.06014,6.16214e-09,head,FLYHEAD,fly,DOWN,True
OSD-207,CG4998,39808,-3.68809,0.000247054,head,FLYHEAD,fly,DOWN,True
OSD-207,ND-19,37946,-1.2792,8.85949e-11,head,FLYHEAD,fly,DOWN,True
OSD-207,CG15082,37173,1.03555,5.38528e-07,head,FLYHEAD,fly,UP,True
OSD-207,CG12607,38547,-5.32888,0.0110155,head,FLYHEAD,fly,DOWN,True
OSD-207,CG13720,38557,-6.49391,0.0192776,head,FLYHEAD,fly,DOWN,True
OSD-207,CG13285,38623,-1.43682,0.00235726,head,FLYHEAD,fly,DOWN,True
OSD-207,Dnah3,38586,1.02902,0.000537368,head,FLYHEAD,fly,UP,True
OSD-207,CG6910,39391,1.36723,0.00450217,head,FLYHEAD,fly,UP,True
OSD-207,CG13071,39781,-5.51369,5.3124800000000006e-18,head,FLYHEAD,fly,DOWN,True
OSD-207,chrb,39284,-1.02336,8.10528e-05,head,FLYHEAD,fly,DOWN,True
OSD-207,CG12520,39466,1.60014,5.24793e-07,head,FLYHEAD,fly,UP,True
OSD-207,ND-B12,37466,-1.01516,6.58769e-08,head,FLYHEAD,fly,DOWN,True
OSD-207,Sardh,37026,1.15604,0.00332354,head,FLYHEAD,fly,UP,True
OSD-207,CG14838,38851,-3.25924,0.00121922,head,FLYHEAD,fly,DOWN,True
OSD-207,CG11475,37513,-1.54899,9.08713e-05,head,FLYHEAD,fly,DOWN,True
OSD-207,Poc1,39502,1.52489,0.000931431,head,FLYHEAD,fly,UP,True
OSD-207,TrpA1,39015,1.16085,3.56186e-07,head,FLYHEAD,fly,UP,True
OSD-207,Alp8,37540,-3.48907,0.0206929,head,FLYHEAD,fly,DOWN,True
OSD-207,DAT,36849,-1.22828,1.6088e-06,head,FLYHEAD,fly,DOWN,True
OSD-207,BomBc1,37099,3.5444,0.000839254,head,FLYHEAD,fly,UP,True
OSD-207,ppk16,3885612,-2.32041,0.00553467,head,FLYHEAD,fly,DOWN,True
OSD-207,CG14377,41649,-1.68364,0.00386408,head,FLYHEAD,fly,DOWN,True
OSD-207,ppk11,34299,-2.32041,0.00553467,head,FLYHEAD,fly,DOWN,True
OSD-207,CG43222,12798528,-1.12596,1.26628e-05,head,FLYHEAD,fly,DOWN,True
OSD-207,lncRNA:CR45455,19834797,2.15613,0.0242587,head,FLYHEAD,fly,UP,True
OSD-207,CG34305,5740825,-2.21848,0.0124831,head,FLYHEAD,fly,DOWN,True
OSD-207,pinta,42635,1.24265,2.46758e-12,head,FLYHEAD,fly,UP,True
OSD-207,Ir75c,39983,2.0789,0.00343151,head,FLYHEAD,fly,UP,True
OSD-207,CG34038,3885596,-4.10962,0.0312476,head,FLYHEAD,fly,DOWN,True
OSD-207,CG42740,10178837,1.12718,0.00846221,head,FLYHEAD,fly,UP,True
OSD-207,CG10407,41949,-1.7067,1.05791e-05,head,FLYHEAD,fly,DOWN,True
OSD-207,asRNA:CR46136,26067452,1.66345,0.0431032,head,FLYHEAD,fly,UP,True
OSD-207,PPO2,35910,1.32611,0.000131094,head,FLYHEAD,fly,UP,True
OSD-207,CG42237,32261,-2.22947,0.0015236,head,FLYHEAD,fly,DOWN,True
OSD-207,CG34054,3885601,3.32161,1.16088e-08,head,FLYHEAD,fly,UP,True
OSD-207,CG34051,3885660,4.38936,0.00677329,head,FLYHEAD,fly,UP,True
OSD-207,GstS1,36927,-1.46185,3.92647e-07,head,FLYHEAD,fly,DOWN,True
OSD-207,CG14598,40893,-3.64609,0.00210196,head,FLYHEAD,fly,DOWN,True
OSD-207,CG15353,50191,1.03331,0.0291332,head,FLYHEAD,fly,UP,True
OSD-207,CG18599,42191,-1.31411,0.0125701,head,FLYHEAD,fly,DOWN,True
OSD-207,Neb-cGP,50417,-1.09131,4.72639e-09,head,FLYHEAD,fly,DOWN,True
OSD-207,NimC3,48772,-3.71329,0.00465698,head,FLYHEAD,fly,DOWN,True
OSD-207,CG31469,261628,1.39469,1.03263e-09,head,FLYHEAD,fly,UP,True
OSD-207,thw,40868,-1.31857,0.0281591,head,FLYHEAD,fly,DOWN,True
OSD-207,lncRNA:let7C,12798010,1.64656,0.00172347,head,FLYHEAD,fly,UP,True
OSD-207,BomBc2,37102,1.79053,0.00279392,head,FLYHEAD,fly,UP,True
OSD-207,CG12964,36714,-1.75176,0.0157907,head,FLYHEAD,fly,DOWN,True
OSD-207,CG33093,42654,-5.06942,0.0259052,head,FLYHEAD,fly,DOWN,True
OSD-207,CG18067,37314,2.38206,7.85913e-06,head,FLYHEAD,fly,UP,True
OSD-207,lncRNA:CR45555,19834742,-3.41026,0.0347906,head,FLYHEAD,fly,DOWN,True
OSD-207,lncRNA:CR43334,12798545,2.03657,1.69053e-09,head,FLYHEAD,fly,UP,True
OSD-207,snoRNA:660,3772182,-3.28253,0.00813949,head,FLYHEAD,fly,DOWN,True
OSD-207,lncRNA:CR44127,14462544,1.69567,0.00272154,head,FLYHEAD,fly,UP,True
OSD-207,IBIN,19835457,8.20859,3.40173e-08,head,FLYHEAD,fly,UP,True
OSD-207,cysu,42100,-6.4761,1.6088e-06,head,FLYHEAD,fly,DOWN,True
OSD-207,Irc,42049,1.48563,6.93883e-05,head,FLYHEAD,fly,UP,True
OSD-207,asRNA:CR45955,26067282,-2.23149,0.00612959,head,FLYHEAD,fly,DOWN,True
OSD-207,lncRNA:CR44138,14462465,1.35526,0.0182196,head,FLYHEAD,fly,UP,True
OSD-207,CG11406,37877,-1.00745,0.00767931,head,FLYHEAD,fly,DOWN,True
OSD-207,CG7695,42234,1.22432,0.0054256,head,FLYHEAD,fly,UP,True
OSD-207,Crz,41742,1.00697,1.13073e-05,head,FLYHEAD,fly,UP,True
OSD-207,CG43366,35519,-1.89362,7.72397e-06,head,FLYHEAD,fly,DOWN,True
OSD-207,CG7781,34143,-1.05918,1.21304e-07,head,FLYHEAD,fly,DOWN,True
OSD-207,CG5002,37025,1.55493,1.49715e-07,head,FLYHEAD,fly,UP,True
OSD-207,Obp19d,33040,1.02484,2.04494e-09,head,FLYHEAD,fly,UP,True
OSD-207,Hsp27,39078,-3.2867,0.000311151,head,FLYHEAD,fly,DOWN,True
OSD-207,ATPsynbeta,43829,-1.22841,1.28823e-11,head,FLYHEAD,fly,DOWN,True
OSD-207,CG45063,19835490,-4.60061,0.0156248,head,FLYHEAD,fly,DOWN,True
OSD-207,galene,38133,-1.3693,0.00331519,head,FLYHEAD,fly,DOWN,True
OSD-207,CG14856,41790,-1.27306,0.010261,head,FLYHEAD,fly,DOWN,True
OSD-207,asRNA:CR46038,26067357,-2.41677,0.0472933,head,FLYHEAD,fly,DOWN,True
OSD-207,GstE1,37106,1.29093,0.0109752,head,FLYHEAD,fly,UP,True
OSD-207,ImpL2,38513,1.20366,0.0365752,head,FLYHEAD,fly,UP,True
OSD-207,asRNA:CR44843,19836214,1.10758,0.000181076,head,FLYHEAD,fly,UP,True
OSD-207,lncRNA:CR44833,19835614,2.34642,0.00586591,head,FLYHEAD,fly,UP,True
OSD-207,CG13912,38120,1.01231,0.00370235,head,FLYHEAD,fly,UP,True
OSD-207,sPLA2,35665,1.23328,1.48757e-05,head,FLYHEAD,fly,UP,True
OSD-207,lncRNA:CR32553,318087,2.57146,4.29683e-09,head,FLYHEAD,fly,UP,True
OSD-207,Ms,44324,1.22276,2.57413e-08,head,FLYHEAD,fly,UP,True
OSD-207,CG13843,42668,-1.45532,0.024595,head,FLYHEAD,fly,DOWN,True
OSD-207,ATPsyndelta,31950,-1.2687,7.90428e-12,head,FLYHEAD,fly,DOWN,True
OSD-207,ATPsynCF6,42759,-1.09731,1.28184e-09,head,FLYHEAD,fly,DOWN,True
OSD-207,asRNA:CR43454,12798520,1.3363,5.0257e-05,head,FLYHEAD,fly,UP,True
OSD-207,CG11825,36099,1.26973,0.000265086,head,FLYHEAD,fly,UP,True
OSD-207,CG8303,36858,2.31939,7.79406e-15,head,FLYHEAD,fly,UP,True
OSD-207,CG10433,37458,1.30176,1.154e-06,head,FLYHEAD,fly,UP,True
OSD-207,Lst,36853,1.43614,0.000247435,head,FLYHEAD,fly,UP,True
OSD-207,lncRNA:CR43424,12798228,-3.31198,0.000159585,head,FLYHEAD,fly,DOWN,True
OSD-207,asRNA:ASTR,12798245,-3.06542,4.48841e-06,head,FLYHEAD,fly,DOWN,True
OSD-207,CG5290,39998,-1.49586,1.41212e-05,head,FLYHEAD,fly,DOWN,True
OSD-207,lncRNA:CR43461,12797940,2.27795,0.000263494,head,FLYHEAD,fly,UP,True
OSD-207,stac,43002,1.24968,0.00170894,head,FLYHEAD,fly,UP,True
OSD-207,lncRNA:CR43264,12798118,1.36537,0.00773745,head,FLYHEAD,fly,UP,True
OSD-207,Ts,33499,-1.36973,0.0322191,head,FLYHEAD,fly,DOWN,True
OSD-207,asRNA:CR45890,26067218,-6.17363,0.0055033,head,FLYHEAD,fly,DOWN,True
OSD-207,kdn,31579,-1.60067,8.24504e-10,head,FLYHEAD,fly,DOWN,True
OSD-207,GILT3,42787,-1.02871,6.66415e-05,head,FLYHEAD,fly,DOWN,True
OSD-207,CG14615,33129,1.32526,6.69067e-09,head,FLYHEAD,fly,UP,True
OSD-207,CG43218,12798438,-2.25759,0.049795,head,FLYHEAD,fly,DOWN,True
OSD-207,CG42747,38732,-1.4654,3.06413e-08,head,FLYHEAD,fly,DOWN,True
OSD-207,Cad74A,39936,-1.21594,2.01796e-05,head,FLYHEAD,fly,DOWN,True
OSD-207,UQCR-Q,39950,-1.07977,1.01653e-08,head,FLYHEAD,fly,DOWN,True
OSD-207,CG43799,14462714,-2.64171,0.00186984,head,FLYHEAD,fly,DOWN,True
OSD-207,Men-b,43936,-1.40749,6.72219e-13,head,FLYHEAD,fly,DOWN,True
OSD-207,Amyrel,36863,-4.18576,0.00342804,head,FLYHEAD,fly,DOWN,True
OSD-207,ChAT,42249,-1.24543,1.29374e-13,head,FLYHEAD,fly,DOWN,True
OSD-207,in,40246,-1.15188,0.0130626,head,FLYHEAD,fly,DOWN,True
OSD-207,CG7630,50266,-1.1187,1.47132e-09,head,FLYHEAD,fly,DOWN,True
OSD-207,Osi2,40756,-2.72662,0.00107861,head,FLYHEAD,fly,DOWN,True
OSD-207,AQP,36456,-1.4671,9.61347e-08,head,FLYHEAD,fly,DOWN,True
OSD-207,BomS5,50207,2.91908,1.96393e-07,head,FLYHEAD,fly,UP,True
OSD-207,Cpr66D,38990,1.02682,0.00398912,head,FLYHEAD,fly,UP,True
OSD-207,Claspin,326205,-1.26592,0.000949439,head,FLYHEAD,fly,DOWN,True
OSD-207,EbpIII,49821,1.04844,9.16116e-09,head,FLYHEAD,fly,UP,True
OSD-207,Pdha,31406,-1.0957,7.15956e-09,head,FLYHEAD,fly,DOWN,True
OSD-207,CG13931,38212,2.06566,0.00110263,head,FLYHEAD,fly,UP,True
OSD-207,Obp83ef,40747,1.15162,0.00812067,head,FLYHEAD,fly,UP,True
OSD-207,CG17279,42489,1.05189,0.000818307,head,FLYHEAD,fly,UP,True
OSD-207,CG6055,34027,-4.46435,3.52102e-09,head,FLYHEAD,fly,DOWN,True
OSD-207,Hsp26,39075,-3.96244,6.71931e-05,head,FLYHEAD,fly,DOWN,True
OSD-207,Gr59a,117485,3.83159,0.0444775,head,FLYHEAD,fly,UP,True
OSD-207,CG42329,33312,-1.02963,0.0386187,head,FLYHEAD,fly,DOWN,True
OSD-207,Idgf3,34981,1.12538,1.73457e-07,head,FLYHEAD,fly,UP,True
OSD-207,Cyp9b1,35634,1.28488,5.01821e-06,head,FLYHEAD,fly,UP,True
OSD-207,Pgant8,39715,-1.17322,0.0136676,head,FLYHEAD,fly,DOWN,True
OSD-207,Lcp1,35817,-3.87271,2.1052e-05,head,FLYHEAD,fly,DOWN,True
OSD-207,Or98a,43341,1.74276,0.0100353,head,FLYHEAD,fly,UP,True
OSD-207,lncRNA:CR45916,26067244,2.5004,0.00562098,head,FLYHEAD,fly,UP,True
OSD-207,CG9815,37710,-1.13683,8.27224e-06,head,FLYHEAD,fly,DOWN,True
OSD-207,yellow-h,43779,-1.60336,1.39349e-06,head,FLYHEAD,fly,DOWN,True
OSD-207,vir-1,34652,1.5941,1.13371e-11,head,FLYHEAD,fly,UP,True
OSD-207,Idgf2,34979,1.32873,3.6115e-11,head,FLYHEAD,fly,UP,True
OSD-207,CecB,43598,6.69926,1.23772e-06,head,FLYHEAD,fly,UP,True
OSD-207,Ets21C,33229,3.32056,9.23859e-05,head,FLYHEAD,fly,UP,True
OSD-207,l(2)k09022,33960,1.10803,0.000112744,head,FLYHEAD,fly,UP,True
OSD-207,ATP8,19893538,-1.28881,0.00277526,head,FLYHEAD,fly,DOWN,True
OSD-207,CG32512,33085,1.78162,6.01111e-07,head,FLYHEAD,fly,UP,True
OSD-207,CG32551,318085,1.98961,0.0240209,head,FLYHEAD,fly,UP,True
OSD-207,CG4797,37770,1.16052,3.56493e-06,head,FLYHEAD,fly,UP,True
OSD-207,Mid1,37953,-1.12957,1.98673e-12,head,FLYHEAD,fly,DOWN,True
OSD-207,GstE3,37108,1.12978,0.000175228,head,FLYHEAD,fly,UP,True
OSD-207,stw,35494,-1.87147,4.70438e-05,head,FLYHEAD,fly,DOWN,True
OSD-207,CG6974,41815,-4.15307,0.000890184,head,FLYHEAD,fly,DOWN,True
OSD-207,CG13748,35896,-4.01309,4.22067e-07,head,FLYHEAD,fly,DOWN,True
OSD-207,CG14787,31096,-3.37859,3.56493e-06,head,FLYHEAD,fly,DOWN,True
OSD-207,pr,35292,-1.13497,0.00245733,head,FLYHEAD,fly,DOWN,True
OSD-207,CG42246,7354415,1.20963,9.74255e-06,head,FLYHEAD,fly,UP,True
OSD-207,Ho,41407,-1.30233,0.00953782,head,FLYHEAD,fly,DOWN,True
OSD-207,CG42346,3355160,-1.05771,4.64035e-08,head,FLYHEAD,fly,DOWN,True
OSD-207,Cyp6w1,35543,1.46338,0.00126263,head,FLYHEAD,fly,UP,True
OSD-207,rpr,40015,-2.5151,0.000159434,head,FLYHEAD,fly,DOWN,True
OSD-207,lncRNA:CR45382,19835382,2.87654,0.0102957,head,FLYHEAD,fly,UP,True
OSD-207,uif,33983,-1.54206,1.27067e-05,head,FLYHEAD,fly,DOWN,True
OSD-207,CG11878,43050,2.84274,4.21689e-05,head,FLYHEAD,fly,UP,True
OSD-207,mthl15,318914,-1.10016,0.0128631,head,FLYHEAD,fly,DOWN,True
OSD-207,CG12917,36065,3.52865,0.035026,head,FLYHEAD,fly,UP,True
OSD-207,lncRNA:CR45454,19835719,-4.12036,0.00420466,head,FLYHEAD,fly,DOWN,True
OSD-207,CG5162,32709,1.43292,9.52135e-05,head,FLYHEAD,fly,UP,True
OSD-207,gfzf,40858,-1.6202,4.01081e-08,head,FLYHEAD,fly,DOWN,True
OSD-207,CG43210,13084062,1.93795,0.0046673,head,FLYHEAD,fly,UP,True
OSD-207,BomT1,12798334,4.41332,2.05987e-05,head,FLYHEAD,fly,UP,True
OSD-207,ZnT35C,34890,-1.31402,0.0355026,head,FLYHEAD,fly,DOWN,True
OSD-207,roh,246602,-1.10107,1.03449e-13,head,FLYHEAD,fly,DOWN,True
OSD-207,CG11760,41036,-1.06402,0.00214792,head,FLYHEAD,fly,DOWN,True
OSD-207,exu,37345,1.05071,0.00155353,head,FLYHEAD,fly,UP,True
OSD-207,NimB1,34813,1.31554,0.0146774,head,FLYHEAD,fly,UP,True
OSD-207,Tsf3,36800,1.3584,0.000534386,head,FLYHEAD,fly,UP,True
OSD-207,CG32206,40105,-1.05067,6.67561e-13,head,FLYHEAD,fly,DOWN,True
OSD-207,CanA1,43670,-1.16097,9.32708e-05,head,FLYHEAD,fly,DOWN,True
OSD-207,Pop1,31475,1.22574,0.00545823,head,FLYHEAD,fly,UP,True
OSD-207,nAChRbeta3,33228,1.04936,0.000121703,head,FLYHEAD,fly,UP,True
OSD-207,CG31642,326149,-1.50247,0.000552691,head,FLYHEAD,fly,DOWN,True
OSD-207,asRNA:CR43467,12798389,-2.61987,0.0427338,head,FLYHEAD,fly,DOWN,True
OSD-207,CG13678,38922,-2.54799,0.00389931,head,FLYHEAD,fly,DOWN,True
OSD-207,CG10680,35282,1.78492,9.44171e-07,head,FLYHEAD,fly,UP,True
OSD-207,CG15497,42552,1.749,2.2779e-06,head,FLYHEAD,fly,UP,True
OSD-207,CG31343,326133,1.34247,0.0106762,head,FLYHEAD,fly,UP,True
OSD-207,CG4594,34316,1.11282,1.06265e-05,head,FLYHEAD,fly,UP,True
OSD-207,CG46312,30522401,-21.8757,2.27065e-11,head,FLYHEAD,fly,DOWN,True
OSD-207,Atpalpha,48971,-1.08875,2.66296e-09,head,FLYHEAD,fly,DOWN,True
OSD-207,lncRNA:CR45553,19834776,-4.49981,0.000196117,head,FLYHEAD,fly,DOWN,True
OSD-207,conv,36588,-1.81512,0.000171667,head,FLYHEAD,fly,DOWN,True
OSD-207,CG4017,34296,-4.74738,0.000159655,head,FLYHEAD,fly,DOWN,True
OSD-207,ft,33627,-2.9342,2.1008e-09,head,FLYHEAD,fly,DOWN,True
OSD-207,asRNA:CR45213,19835455,-3.66087,0.00530806,head,FLYHEAD,fly,DOWN,True
OSD-207,CG12911,36081,-2.48685,0.00272543,head,FLYHEAD,fly,DOWN,True
OSD-207,CG6034,39974,-3.14245,0.000102383,head,FLYHEAD,fly,DOWN,True
OSD-207,ND5,19893549,-1.05907,0.00323003,head,FLYHEAD,fly,DOWN,True
OSD-207,ATP6,19893539,-1.24084,0.0130495,head,FLYHEAD,fly,DOWN,True
OSD-207,Gagr,39824,1.24846,9.76259e-06,head,FLYHEAD,fly,UP,True
OSD-207,CG10348,35132,-1.75639,0.000500089,head,FLYHEAD,fly,DOWN,True
OSD-207,Est-P,39393,1.17101,0.0286015,head,FLYHEAD,fly,UP,True
OSD-207,E(spl)m7-HLH,43160,-3.59013,0.000534153,head,FLYHEAD,fly,DOWN,True
OSD-207,lncRNA:CR46253,26067563,3.61152,0.0397109,head,FLYHEAD,fly,UP,True
OSD-207,Dsk,45845,1.33505,4.35213e-07,head,FLYHEAD,fly,UP,True
OSD-207,CG14153,39208,-2.34112,1.83316e-14,head,FLYHEAD,fly,DOWN,True
OSD-207,cort,33937,1.34102,0.00014446,head,FLYHEAD,fly,UP,True
OSD-207,stv,39518,-1.25906,2.85233e-06,head,FLYHEAD,fly,DOWN,True
OSD-207,CG7639,36675,-1.08807,4.09226e-08,head,FLYHEAD,fly,DOWN,True
OSD-207,lncRNA:CR45241,19835402,2.88286,0.0225774,head,FLYHEAD,fly,UP,True
OSD-207,CG1774,43722,-1.17308,0.00302533,head,FLYHEAD,fly,DOWN,True
OSD-207,CARPB,31915,1.33515,5.40088e-08,head,FLYHEAD,fly,UP,True
OSD-207,asRNA:CR45190,19836234,-2.41607,0.00227696,head,FLYHEAD,fly,DOWN,True
OSD-207,RpI12,42563,1.18,0.000226055,head,FLYHEAD,fly,UP,True
OSD-207,CG14218,32949,-5.79279,2.12679e-05,head,FLYHEAD,fly,DOWN,True
OSD-207,SdhD,42808,-1.04106,1.4282e-11,head,FLYHEAD,fly,DOWN,True
OSD-207,Mical,41225,-1.25456,1.94517e-05,head,FLYHEAD,fly,DOWN,True
OSD-207,CG33307,2768914,2.95581,4.65371e-11,head,FLYHEAD,fly,UP,True
OSD-207,CG12998,32710,-13.6048,1.68621e-17,head,FLYHEAD,fly,DOWN,True
OSD-207,CG43386,31929,-1.73542,0.00502553,head,FLYHEAD,fly,DOWN,True
OSD-207,CG33978,3885646,-1.36355,0.000190924,head,FLYHEAD,fly,DOWN,True
OSD-207,ReepA,37643,-1.00153,6.91691e-05,head,FLYHEAD,fly,DOWN,True
OSD-207,mol,34872,-1.58459,6.60238e-06,head,FLYHEAD,fly,DOWN,True
OSD-207,rdo,35077,-1.14595,5.71183e-10,head,FLYHEAD,fly,DOWN,True
OSD-207,CG33061,318838,-5.51206,0.000893292,head,FLYHEAD,fly,DOWN,True
OSD-207,Mec2,32905,1.68157,0.00574434,head,FLYHEAD,fly,UP,True
OSD-207,Cht5,41687,-2.62579,0.000611296,head,FLYHEAD,fly,DOWN,True
OSD-207,CG16820,34730,-1.0844,0.0349185,head,FLYHEAD,fly,DOWN,True
OSD-207,CG7296,34469,-1.06428,0.00272301,head,FLYHEAD,fly,DOWN,True
OSD-207,Capa,43541,1.18422,1.06584e-06,head,FLYHEAD,fly,UP,True
OSD-207,CG13116,34288,1.29571,0.000129182,head,FLYHEAD,fly,UP,True
OSD-207,CG31883,326169,-2.93549,0.00186131,head,FLYHEAD,fly,DOWN,True
OSD-207,SmydA-5,35538,-1.48708,3.92137e-07,head,FLYHEAD,fly,DOWN,True
OSD-207,ninaD,326160,-1.95689,0.0216676,head,FLYHEAD,fly,DOWN,True
OSD-207,Gfat1,3354921,-1.4838,0.000220932,head,FLYHEAD,fly,DOWN,True
OSD-207,CG17646,33354,1.30407,4.5719e-05,head,FLYHEAD,fly,UP,True
OSD-207,GstE8,37113,1.24627,0.00553428,head,FLYHEAD,fly,UP,True
OSD-207,CG13640,42967,-4.27676,8.87083e-06,head,FLYHEAD,fly,DOWN,True
OSD-207,Xrp1,42267,1.04248,0.000932503,head,FLYHEAD,fly,UP,True
OSD-207,CG31606,318842,-2.22655,0.019482,head,FLYHEAD,fly,DOWN,True
OSD-207,Cad99C,43528,-1.57731,1.86089e-08,head,FLYHEAD,fly,DOWN,True
OSD-207,Gadd45,35646,2.41567,2.74243e-06,head,FLYHEAD,fly,UP,True
OSD-207,CG43326,12798140,-1.56568,0.00389441,head,FLYHEAD,fly,DOWN,True
OSD-207,CG32591,318104,-2.24472,1.90242e-05,head,FLYHEAD,fly,DOWN,True
OSD-207,stnA,3355164,-1.02248,9.91248e-15,head,FLYHEAD,fly,DOWN,True
OSD-207,stnB,4379834,-1.02248,9.91248e-15,head,FLYHEAD,fly,DOWN,True
OSD-207,CG6553,36537,1.32868,0.00134143,head,FLYHEAD,fly,UP,True
OSD-207,CG43124,12798282,2.63859,0.0267762,head,FLYHEAD,fly,UP,True
OSD-207,Rel,41087,2.31347,3.24353e-05,head,FLYHEAD,fly,UP,True
OSD-207,qless,43697,-1.3549,3.8243e-05,head,FLYHEAD,fly,DOWN,True
OSD-207,Elal,42970,1.15255,0.000958326,head,FLYHEAD,fly,UP,True
OSD-207,CG15528,43575,-1.69852,6.96518e-12,head,FLYHEAD,fly,DOWN,True
OSD-207,Sp212,2768666,1.27376,0.000276004,head,FLYHEAD,fly,UP,True
OSD-207,BomS6,50206,1.46218,0.000244684,head,FLYHEAD,fly,UP,True
OSD-207,Pdhb,43437,-1.31761,1.44636e-11,head,FLYHEAD,fly,DOWN,True
OSD-207,CG42700,36330,-1.14896,8.73495e-11,head,FLYHEAD,fly,DOWN,True
OSD-207,CG13978,43303,-3.74749,0.0130696,head,FLYHEAD,fly,DOWN,True
OSD-207,CG14457,40479,-4.09298,1.29135e-06,head,FLYHEAD,fly,DOWN,True
OSD-207,asRNA:CR45142,19835014,-2.33687,0.0047205,head,FLYHEAD,fly,DOWN,True
OSD-207,CG4377,37489,-1.26431,0.0164051,head,FLYHEAD,fly,DOWN,True
OSD-207,Sclp,32156,-2.24408,0.0101381,head,FLYHEAD,fly,DOWN,True
OSD-207,l(3)72Dr,39778,-1.20856,0.00195261,head,FLYHEAD,fly,DOWN,True
OSD-207,nyo,43716,-5.35974,0.000125515,head,FLYHEAD,fly,DOWN,True
OSD-207,lncRNA:CR44298,19834893,2.02639,0.000349627,head,FLYHEAD,fly,UP,True
OSD-207,stai,33863,-1.3201,1.07744e-08,head,FLYHEAD,fly,DOWN,True
OSD-207,CG12229,39945,-3.78046,0.0188073,head,FLYHEAD,fly,DOWN,True
OSD-207,CG32444,40406,-1.59307,0.000940025,head,FLYHEAD,fly,DOWN,True
OSD-207,CG5177,34017,-1.16545,2.76054e-06,head,FLYHEAD,fly,DOWN,True
OSD-207,Obp56f,246668,-2.11786,0.0146033,head,FLYHEAD,fly,DOWN,True
OSD-207,CG5023,42400,-1.00332,1.28833e-05,head,FLYHEAD,fly,DOWN,True
OSD-207,CG42749,31438,-1.96628,0.0112654,head,FLYHEAD,fly,DOWN,True
OSD-207,CG3308,42527,1.02644,0.000751081,head,FLYHEAD,fly,UP,True
OSD-207,Ipod,31954,1.84326,7.07616e-05,head,FLYHEAD,fly,UP,True
OSD-207,Obp57e,326110,1.68768,0.0290908,head,FLYHEAD,fly,UP,True
OSD-207,Idh3b,42586,-1.20099,1.3617e-13,head,FLYHEAD,fly,DOWN,True
OSD-207,CG13694,33169,2.30778,0.000321746,head,FLYHEAD,fly,UP,True
OSD-207,CG13907,38104,-1.17469,2.84079e-05,head,FLYHEAD,fly,DOWN,True
OSD-207,asRNA:CR45815,26067145,-1.43315,0.0166198,head,FLYHEAD,fly,DOWN,True
OSD-207,CG9733,43601,2.97644,5.39826e-09,head,FLYHEAD,fly,UP,True
OSD-207,IM33,33592,1.47954,0.000131857,head,FLYHEAD,fly,UP,True
OSD-207,Spn31A,34339,-1.02959,8.50083e-05,head,FLYHEAD,fly,DOWN,True
OSD-207,knk,47137,-1.51949,0.000549365,head,FLYHEAD,fly,DOWN,True
OSD-207,nrv3,35408,-1.29044,9.51206e-08,head,FLYHEAD,fly,DOWN,True
OSD-207,Fancd2,2768674,1.06114,0.000240815,head,FLYHEAD,fly,UP,True
OSD-207,CG10337,35247,2.21088,3.27405e-08,head,FLYHEAD,fly,UP,True
OSD-207,Osi15,40771,-4.92999,0.00179037,head,FLYHEAD,fly,DOWN,True
OSD-207,CG30377,50252,-1.51819,4.68659e-06,head,FLYHEAD,fly,DOWN,True
OSD-207,CG30195,37592,-1.24895,3.4622e-05,head,FLYHEAD,fly,DOWN,True
OSD-207,Cpr49Aa,246413,-5.47054,5.94851e-05,head,FLYHEAD,fly,DOWN,True
OSD-207,CG42822,10178916,2.45636,3.74943e-05,head,FLYHEAD,fly,UP,True
OSD-207,CG17278,50050,1.31992,0.00211622,head,FLYHEAD,fly,UP,True
OSD-207,bwa,250736,-1.46369,1.52822e-05,head,FLYHEAD,fly,DOWN,True
OSD-207,trpl,36003,-1.00591,2.80702e-17,head,FLYHEAD,fly,DOWN,True
OSD-207,Spn43Ad,35639,1.06271,0.0112776,head,FLYHEAD,fly,UP,True
OSD-207,CG12994,50350,-1.32171,9.08102e-11,head,FLYHEAD,fly,DOWN,True
OSD-207,Wnt2,35975,1.95728,4.69097e-11,head,FLYHEAD,fly,UP,True
OSD-207,CG3119,33479,-3.00344,0.000101862,head,FLYHEAD,fly,DOWN,True
OSD-207,CG4822,33170,1.54773,1.54157e-08,head,FLYHEAD,fly,UP,True
OSD-207,CG15544,43655,-1.12126,0.000872133,head,FLYHEAD,fly,DOWN,True
OSD-207,asRNA:CR45350,19836035,1.57787,1.28916e-06,head,FLYHEAD,fly,UP,True
OSD-207,Hsp22,3772576,-1.51291,0.0479598,head,FLYHEAD,fly,DOWN,True
OSD-207,CG3699,31046,-1.77542,0.00359245,head,FLYHEAD,fly,DOWN,True
OSD-207,lncRNA:CR45345,19835464,-2.80445,0.0135767,head,FLYHEAD,fly,DOWN,True
OSD-207,CG14655,40594,-1.25316,6.76243e-05,head,FLYHEAD,fly,DOWN,True
OSD-207,CG31475,42303,-1.3429,1.13012e-10,head,FLYHEAD,fly,DOWN,True
OSD-207,CG7763,36235,3.35729,1.68984e-05,head,FLYHEAD,fly,UP,True
OSD-207,Sfp33A3,8674115,1.91257,0.00178089,head,FLYHEAD,fly,UP,True
OSD-207,CG32985,326244,-1.95182,0.0352318,head,FLYHEAD,fly,DOWN,True
OSD-207,CG12880,43328,-1.61453,0.00223216,head,FLYHEAD,fly,DOWN,True
OSD-207,CG13875,38024,-1.78566,5.12987e-06,head,FLYHEAD,fly,DOWN,True
OSD-207,CG5254,31020,-1.16032,0.0379787,head,FLYHEAD,fly,DOWN,True
OSD-207,asRNA:CR45467,19835646,-1.8858,0.00421862,head,FLYHEAD,fly,DOWN,True
OSD-207,Mlp60A,37853,-1.38457,0.000240129,head,FLYHEAD,fly,DOWN,True
OSD-207,tor,35717,2.15242,0.00495592,head,FLYHEAD,fly,UP,True
OSD-207,CG30046,36334,1.60471,3.46874e-08,head,FLYHEAD,fly,UP,True
OSD-207,CG11382,31069,-5.06345,0.000400858,head,FLYHEAD,fly,DOWN,True
OSD-207,lncRNA:CR44651,19834788,1.67106,0.010788,head,FLYHEAD,fly,UP,True
OSD-207,Cpr49Ab,36345,-2.36068,0.00168112,head,FLYHEAD,fly,DOWN,True
OSD-207,fabp,3772232,-1.16032,2.22008e-06,head,FLYHEAD,fly,DOWN,True
OSD-207,CG4741,37939,-1.71946,9.50008e-05,head,FLYHEAD,fly,DOWN,True
OSD-207,U3-55K,3346176,1.12735,0.000310955,head,FLYHEAD,fly,UP,True
OSD-207,CG6723,41368,-1.18712,2.97372e-10,head,FLYHEAD,fly,DOWN,True
OSD-207,CG10352,32147,-1.05738,2.75326e-06,head,FLYHEAD,fly,DOWN,True
OSD-207,Vdup1,38023,-1.25734,9.15155e-07,head,FLYHEAD,fly,DOWN,True
OSD-207,lncRNA:CR45997,26067318,4.48232,5.96213e-05,head,FLYHEAD,fly,UP,True
OSD-207,lncRNA:CR42767,10178874,-2.41879,0.0102912,head,FLYHEAD,fly,DOWN,True
OSD-207,GstE7,37112,1.1321,0.0337947,head,FLYHEAD,fly,UP,True
OSD-207,lncRNA:CR44423,19835580,-1.56888,0.00475321,head,FLYHEAD,fly,DOWN,True
OSD-207,CG40198,3354922,-3.14412,0.00156437,head,FLYHEAD,fly,DOWN,True
OSD-207,CG13721,38556,-6.05619,0.00126263,head,FLYHEAD,fly,DOWN,True
OSD-207,Fbxl7,41935,-1.16165,7.61736e-06,head,FLYHEAD,fly,DOWN,True
OSD-207,ATPsynE,41745,-1.00514,4.01722e-12,head,FLYHEAD,fly,DOWN,True
OSD-207,Spn42Da,49805,1.19783,5.74446e-09,head,FLYHEAD,fly,UP,True
OSD-207,CG18477,34922,1.62915,0.000722405,head,FLYHEAD,fly,UP,True
OSD-207,CG15369,31862,-2.22329,0.00936973,head,FLYHEAD,fly,DOWN,True
OSD-207,CG33098,326253,-2.2308,2.41664e-05,head,FLYHEAD,fly,DOWN,True
OSD-207,ND2,19893529,-1.48012,5.25895e-05,head,FLYHEAD,fly,DOWN,True
OSD-207,COX7C,50246,-1.04242,4.68701e-08,head,FLYHEAD,fly,DOWN,True
OSD-207,CG13314,39030,-1.39675,0.0416926,head,FLYHEAD,fly,DOWN,True
OSD-207,Cyp6d5,41706,1.22714,0.000638287,head,FLYHEAD,fly,UP,True
OSD-207,flz,35902,-1.73048,0.000653412,head,FLYHEAD,fly,DOWN,True
OSD-207,CheA87a,41642,2.35172,0.0144717,head,FLYHEAD,fly,UP,True
OSD-207,apn,41631,-1.95878,0.00201097,head,FLYHEAD,fly,DOWN,True
OSD-207,CG8483,41623,-3.00298,0.000116295,head,FLYHEAD,fly,DOWN,True
OSD-207,CG10126,41579,1.36577,2.24498e-07,head,FLYHEAD,fly,UP,True
OSD-207,lncRNA:CR44300,19835805,-3.44771,9.83971e-05,head,FLYHEAD,fly,DOWN,True
OSD-207,Tep1,34937,3.25179,2.65495e-05,head,FLYHEAD,fly,UP,True
OSD-207,lncRNA:CR46143,26067459,2.58948,0.0443757,head,FLYHEAD,fly,UP,True
OSD-207,snRNA:U2:38ABa,3772126,-2.69248,0.0184177,head,FLYHEAD,fly,DOWN,True
OSD-207,asRNA:CR45714,19835811,2.69452,0.029338,head,FLYHEAD,fly,UP,True
OSD-207,asRNA:CR45366,19835501,1.60238,0.00497119,head,FLYHEAD,fly,UP,True
OSD-207,CG15020,38544,-1.09146,0.0173856,head,FLYHEAD,fly,DOWN,True
OSD-207,lncRNA:CR45243,19835159,-2.71033,0.0154317,head,FLYHEAD,fly,DOWN,True
OSD-207,Ugt301D1,35105,-1.27903,3.40137e-07,head,FLYHEAD,fly,DOWN,True
OSD-207,CG17560,42022,4.71763,0.0207517,head,FLYHEAD,fly,UP,True
OSD-207,CG45218,19836177,2.13587,0.0222396,head,FLYHEAD,fly,UP,True
OSD-207,Zasp67,39148,-3.87616,8.34514e-09,head,FLYHEAD,fly,DOWN,True
OSD-207,CG11700,31564,1.03552,0.012702,head,FLYHEAD,fly,UP,True
OSD-207,CG17786,42879,-2.004,2.04104e-05,head,FLYHEAD,fly,DOWN,True
OSD-207,CG8046,35936,1.3483,0.000851935,head,FLYHEAD,fly,UP,True
OSD-207,CG13022,39896,-1.75172,0.000442616,head,FLYHEAD,fly,DOWN,True
OSD-207,kraken,33265,1.17508,5.43271e-05,head,FLYHEAD,fly,UP,True
OSD-207,CG30026,246399,2.67368,1.13666e-06,head,FLYHEAD,fly,UP,True
OSD-207,CG13705,38587,-4.42539,0.000247807,head,FLYHEAD,fly,DOWN,True
OSD-207,lncRNA:CR45693,19835142,-3.48159,0.0344415,head,FLYHEAD,fly,DOWN,True
OSD-207,CG14258,43260,-1.86054,0.00330247,head,FLYHEAD,fly,DOWN,True
OSD-207,ATPsynCF6L,38592,4.27311,0.0200712,head,FLYHEAD,fly,UP,True
OSD-207,lncRNA:CR45669,19834918,-1.12654,0.00362621,head,FLYHEAD,fly,DOWN,True
OSD-207,CG3984,41821,-5.69117,1.15128e-14,head,FLYHEAD,fly,DOWN,True
OSD-207,CG6330,43240,-1.00608,5.4076e-05,head,FLYHEAD,fly,DOWN,True
OSD-207,ND-ACP,38154,-1.16565,9.57693e-13,head,FLYHEAD,fly,DOWN,True
OSD-207,fest,37220,-4.23089,0.000897564,head,FLYHEAD,fly,DOWN,True
OSD-207,lncRNA:CR44845,19834829,-2.09484,0.0177441,head,FLYHEAD,fly,DOWN,True
OSD-207,AttD,42122,3.13669,0.0183335,head,FLYHEAD,fly,UP,True
OSD-207,BomS3,50209,1.34014,0.0318386,head,FLYHEAD,fly,UP,True
OSD-207,b6,31124,-3.32252,1.11105e-07,head,FLYHEAD,fly,DOWN,True
OSD-207,CG14329,42116,1.63716,0.000862182,head,FLYHEAD,fly,UP,True
OSD-207,Ilp7,31328,-1.67015,0.03312,head,FLYHEAD,fly,DOWN,True
OSD-207,UQCR-6.4,36991,-1.41525,2.83472e-12,head,FLYHEAD,fly,DOWN,True
OSD-207,Obp56h,37271,1.40233,6.77907e-05,head,FLYHEAD,fly,UP,True
OSD-207,Gr58c,37501,2.44904,0.047886,head,FLYHEAD,fly,UP,True
OSD-207,CG43133,12798151,3.85301,0.00786327,head,FLYHEAD,fly,UP,True
OSD-207,CG30151,246484,1.2072,0.00437475,head,FLYHEAD,fly,UP,True
OSD-207,ND4,19893551,-1.35977,0.00123761,head,FLYHEAD,fly,DOWN,True
OSD-207,CAH5,50102,7.57749,1.97346e-05,head,FLYHEAD,fly,UP,True
OSD-207,wisp,32152,1.40308,0.0260462,head,FLYHEAD,fly,UP,True
OSD-207,lncRNA:CR44905,19836130,-3.51534,0.00857577,head,FLYHEAD,fly,DOWN,True
OSD-207,CG16978,50446,-1.17766,0.00475506,head,FLYHEAD,fly,DOWN,True
OSD-207,CG15617,36871,-2.43668,0.0166786,head,FLYHEAD,fly,DOWN,True
OSD-207,Pzl,26067051,-3.4871,6.12976e-07,head,FLYHEAD,fly,DOWN,True
OSD-207,ds,33245,-2.65107,2.31554e-13,head,FLYHEAD,fly,DOWN,True
OSD-207,CG31809,318954,1.12594,1.31873e-05,head,FLYHEAD,fly,UP,True
OSD-207,lncRNA:dntRL,26067251,1.64262,0.0434829,head,FLYHEAD,fly,UP,True
OSD-207,Rgk1,14462605,-1.877,1.64747e-06,head,FLYHEAD,fly,DOWN,True
OSD-207,GNBP-like3,37313,3.82353,0.000294607,head,FLYHEAD,fly,UP,True
OSD-207,CG6429,36893,1.12798,4.40189e-05,head,FLYHEAD,fly,UP,True
OSD-207,CG42342,7354466,-1.07261,3.30067e-09,head,FLYHEAD,fly,DOWN,True
OSD-207,hbs,44129,-1.08687,8.7203e-07,head,FLYHEAD,fly,DOWN,True
OSD-207,CG9903,32621,-3.57691,0.00516572,head,FLYHEAD,fly,DOWN,True
OSD-207,Hexo1,38528,-1.07802,0.000710496,head,FLYHEAD,fly,DOWN,True
OSD-207,dmrt11E,32291,-4.20011,0.0146211,head,FLYHEAD,fly,DOWN,True
OSD-207,Cyt-c-p,34996,-1.43106,3.12605e-12,head,FLYHEAD,fly,DOWN,True
OSD-207,Muc91C,42246,-1.57661,0.0166527,head,FLYHEAD,fly,DOWN,True
OSD-207,NimB3,3885611,1.17001,0.0104371,head,FLYHEAD,fly,UP,True
OSD-207,CG18754,59145,1.87756,0.00452341,head,FLYHEAD,fly,UP,True
OSD-207,CG18477,318937,1.62915,0.000722405,head,FLYHEAD,fly,UP,True
OSD-207,Sid,43390,3.16687,0.00119772,head,FLYHEAD,fly,UP,True
OSD-207,LanB1,34068,-1.00781,9.71443e-08,head,FLYHEAD,fly,DOWN,True
OSD-207,qsm,47065,-1.19265,2.06144e-05,head,FLYHEAD,fly,DOWN,True
OSD-207,NimB2,260645,1.10988,0.000595991,head,FLYHEAD,fly,UP,True
OSD-207,Hsp67Ba,39076,-2.06214,8.71065e-15,head,FLYHEAD,fly,DOWN,True
OSD-207,CG43091,12798514,1.52813,5.2314e-06,head,FLYHEAD,fly,UP,True
OSD-207,CG43103,12798325,1.04166,0.000215976,head,FLYHEAD,fly,UP,True
OSD-207,CG14540,43145,-3.15947,0.0106477,head,FLYHEAD,fly,DOWN,True
OSD-207,Tep2,34044,1.66448,1.40634e-05,head,FLYHEAD,fly,UP,True
OSD-207,CG34382,5740788,-2.40149,0.00824444,head,FLYHEAD,fly,DOWN,True
OSD-207,CG15046,32833,1.61167,8.83486e-05,head,FLYHEAD,fly,UP,True
OSD-207,CG46307,30522396,-1.30898,0.0037952,head,FLYHEAD,fly,DOWN,True
OSD-207,GV1,38238,-1.05354,0.00133338,head,FLYHEAD,fly,DOWN,True
OSD-207,CG14752,35840,-3.31171,2.13491e-07,head,FLYHEAD,fly,DOWN,True
OSD-207,NAAT1,31457,2.09695,6.24929e-19,head,FLYHEAD,fly,UP,True
OSD-207,CG43980,2768995,-3.89436,2.04814e-06,head,FLYHEAD,fly,DOWN,True
OSD-207,Cyp4e3,34291,1.8612,0.00321383,head,FLYHEAD,fly,UP,True
OSD-207,Npc2h,43649,-1.85613,1.0007e-09,head,FLYHEAD,fly,DOWN,True
OSD-207,CG9826,37625,4.25786,0.000176882,head,FLYHEAD,fly,UP,True
OSD-207,CG11180,37330,1.10457,0.000313215,head,FLYHEAD,fly,UP,True
OSD-207,CG4115,41499,-1.51657,0.00382575,head,FLYHEAD,fly,DOWN,True
OSD-207,hid,40009,-1.15268,0.00116469,head,FLYHEAD,fly,DOWN,True
OSD-207,lncRNA:CR43856,14462767,-2.14788,0.00943032,head,FLYHEAD,fly,DOWN,True
OSD-207,lncRNA:CR43817,14462796,-5.6935,0.00445428,head,FLYHEAD,fly,DOWN,True
OSD-207,CG11585,32365,-3.77618,0.0266989,head,FLYHEAD,fly,DOWN,True
OSD-207,CG43814,14462795,-6.59122,0.00105329,head,FLYHEAD,fly,DOWN,True
OSD-207,ATPCL,36760,-1.15325,0.00186685,head,FLYHEAD,fly,DOWN,True
OSD-207,Hsp68,42852,-3.0114,0.0010278,head,FLYHEAD,fly,DOWN,True
OSD-207,lncRNA:CR44185,14462644,3.50313,0.00701268,head,FLYHEAD,fly,UP,True
OSD-207,CG30269,37600,1.27853,0.000203144,head,FLYHEAD,fly,UP,True
OSD-207,Prx2540-1,246663,2.05948,0.00114885,head,FLYHEAD,fly,UP,True
OSD-207,CG30273,246520,1.27428,1.51772e-05,head,FLYHEAD,fly,UP,True
OSD-207,PGRP-LF,39064,2.3266,7.27515e-11,head,FLYHEAD,fly,UP,True
OSD-207,CecC,43599,4.70713,0.00057274,head,FLYHEAD,fly,UP,True
OSD-207,Dl,42313,-1.13983,0.000555351,head,FLYHEAD,fly,DOWN,True
OSD-207,lncRNA:CR43838,14462416,-1.03494,0.000554838,head,FLYHEAD,fly,DOWN,True
OSD-207,SmydA-7,36916,-1.10209,5.79811e-06,head,FLYHEAD,fly,DOWN,True
OSD-207,asRNA:CR44968,19835428,-3.85236,0.013275,head,FLYHEAD,fly,DOWN,True
OSD-207,lncRNA:CR43700,14462798,1.41893,0.000140335,head,FLYHEAD,fly,UP,True
OSD-207,asRNA:CR44062,14462506,-3.64687,0.000770031,head,FLYHEAD,fly,DOWN,True
OSD-207,lncRNA:CR44708,19835283,-1.76739,0.00901485,head,FLYHEAD,fly,DOWN,True
OSD-207,Srr,41117,1.54433,0.000129236,head,FLYHEAD,fly,UP,True
OSD-207,CG17290,36938,3.35427,0.00153394,head,FLYHEAD,fly,UP,True
OSD-207,CG15382,33391,-1.12414,0.00026184,head,FLYHEAD,fly,DOWN,True
OSD-207,CG4927,36852,1.44061,2.91682e-05,head,FLYHEAD,fly,UP,True
OSD-207,CG15701,36801,1.02694,0.0226862,head,FLYHEAD,fly,UP,True
OSD-207,CG13795,34049,1.42618,0.00031577,head,FLYHEAD,fly,UP,True
OSD-207,CG2875,31326,1.16165,4.53159e-05,head,FLYHEAD,fly,UP,True
OSD-207,NP15.6,42282,-1.11558,4.56755e-12,head,FLYHEAD,fly,DOWN,True
OSD-207,alphaTub85E,41183,-5.12843,3.68976e-05,head,FLYHEAD,fly,DOWN,True
OSD-207,net,45339,1.29542,0.00466731,head,FLYHEAD,fly,UP,True
OSD-207,Ir54a,37022,-6.3235,0.000217377,head,FLYHEAD,fly,DOWN,True
OSD-207,CG43155,32092,-1.18608,0.0111582,head,FLYHEAD,fly,DOWN,True
OSD-207,Dyrk2,34831,-1.07639,3.0387e-05,head,FLYHEAD,fly,DOWN,True
OSD-207,org-1,31778,-2.25705,0.0435725,head,FLYHEAD,fly,DOWN,True
OSD-207,CG16713,33591,1.87815,0.0121716,head,FLYHEAD,fly,UP,True
OSD-207,PH4alphaMP,43624,-1.03198,0.0104999,head,FLYHEAD,fly,DOWN,True
OSD-207,CG11843,43432,1.77584,3.89819e-05,head,FLYHEAD,fly,UP,True
OSD-207,CG4615,31656,-1.05584,1.27332e-08,head,FLYHEAD,fly,DOWN,True
OSD-207,CG1103,40547,-1.02734,0.00164436,head,FLYHEAD,fly,DOWN,True
OSD-207,CG5835,42296,1.34003,3.72378e-09,head,FLYHEAD,fly,UP,True
OSD-207,Fit2,39907,-1.51302,9.03938e-08,head,FLYHEAD,fly,DOWN,True
OSD-207,CG1441,36029,1.24823,2.41568e-08,head,FLYHEAD,fly,UP,True
OSD-207,CG7714,42250,-5.05877,0.000659571,head,FLYHEAD,fly,DOWN,True
OSD-207,CG13731,39938,-3.9429,0.0239195,head,FLYHEAD,fly,DOWN,True
OSD-207,CG14743,35860,7.7231,5.9062e-07,head,FLYHEAD,fly,UP,True
OSD-207,COX6B,32989,-1.12296,1.9765e-14,head,FLYHEAD,fly,DOWN,True
OSD-207,CG43277,12798350,-3.84094,0.0364101,head,FLYHEAD,fly,DOWN,True
OSD-207,CG14937,34591,-1.58355,1.8331e-05,head,FLYHEAD,fly,DOWN,True
OSD-207,lncRNA:CR44411,19836059,-1.82613,0.0468018,head,FLYHEAD,fly,DOWN,True
OSD-207,NijC,41568,-1.09669,0.0151637,head,FLYHEAD,fly,DOWN,True
OSD-207,SkpB,36298,-3.64892,1.30842e-07,head,FLYHEAD,fly,DOWN,True
OSD-207,CG14694,41307,-1.29494,6.74948e-06,head,FLYHEAD,fly,DOWN,True
OSD-207,CG17325,50467,2.89865,1.13371e-11,head,FLYHEAD,fly,UP,True
OSD-207,CG15399,33472,-1.41507,0.00230123,head,FLYHEAD,fly,DOWN,True
OSD-207,asRNA:CR43637,12798097,-3.13099,0.000365881,head,FLYHEAD,fly,DOWN,True
OSD-207,ATPsynD,42291,-1.24921,2.46758e-12,head,FLYHEAD,fly,DOWN,True
OSD-207,lncRNA:CR44441,19835575,1.8201,0.0183526,head,FLYHEAD,fly,UP,True
OSD-207,fz,45307,-1.03315,4.60182e-07,head,FLYHEAD,fly,DOWN,True
OSD-207,CG14118,39465,-4.29651,3.32608e-06,head,FLYHEAD,fly,DOWN,True
OSD-207,CG14957,38386,-4.12443,0.0160003,head,FLYHEAD,fly,DOWN,True
OSD-207,CG15822,38273,-1.13055,0.000909493,head,FLYHEAD,fly,DOWN,True
OSD-207,wbl,37206,-1.04027,0.0146774,head,FLYHEAD,fly,DOWN,True
OSD-207,Inx5,32901,-4.80408,0.00255773,head,FLYHEAD,fly,DOWN,True
OSD-207,lncRNA:CR44768,19835438,-3.82825,0.0077289,head,FLYHEAD,fly,DOWN,True
OSD-207,AANATL7,31236,-1.27006,1.94612e-05,head,FLYHEAD,fly,DOWN,True
OSD-207,CG42354,7354437,-1.12175,0.00873416,head,FLYHEAD,fly,DOWN,True
OSD-207,CG17717,31592,-2.65242,0.000178708,head,FLYHEAD,fly,DOWN,True
OSD-207,Irbp,117419,1.51765,2.04814e-06,head,FLYHEAD,fly,UP,True
OSD-207,sesB,32007,-1.67233,2.6750899999999998e-20,head,FLYHEAD,fly,DOWN,True
OSD-207,CG42305,7354382,2.89865,1.13371e-11,head,FLYHEAD,fly,UP,True
OSD-207,CG34461,5740547,-4.3301,1.04046e-11,head,FLYHEAD,fly,DOWN,True
OSD-207,UQCR-14,32586,-1.08109,7.14226e-13,head,FLYHEAD,fly,DOWN,True
OSD-207,CG42867,10178781,1.99253,3.22187e-05,head,FLYHEAD,fly,UP,True
OSD-207,lncRNA:CR44392,19835950,2.56746,0.0466869,head,FLYHEAD,fly,UP,True
OSD-207,CG9593,41912,-1.31285,0.0103487,head,FLYHEAD,fly,DOWN,True
OSD-207,CG18528,42906,-1.38678,0.0011122,head,FLYHEAD,fly,DOWN,True
OSD-207,asRNA:CR42860,10178962,-1.06801,0.00466731,head,FLYHEAD,fly,DOWN,True
OSD-207,CG30323,246539,-1.22982,0.00527057,head,FLYHEAD,fly,DOWN,True
OSD-207,GILT2,42788,1.60667,7.97636e-09,head,FLYHEAD,fly,UP,True
OSD-207,CG43841,14462410,4.15721,0.012175,head,FLYHEAD,fly,UP,True
OSD-207,CG11378,31060,-1.01855,0.00201097,head,FLYHEAD,fly,DOWN,True
OSD-207,Alp6,35981,-1.27998,0.00561189,head,FLYHEAD,fly,DOWN,True
OSD-207,CG43345,35387,-1.07413,7.71218e-06,head,FLYHEAD,fly,DOWN,True
OSD-207,CG42821,3885579,1.81459,1.27184e-08,head,FLYHEAD,fly,UP,True
OSD-207,Mal-A8,35830,4.29515,0.0165349,head,FLYHEAD,fly,UP,True
OSD-207,lncRNA:CR44748,19835249,1.37904,0.0032315,head,FLYHEAD,fly,UP,True
OSD-207,lncRNA:CR44709,19835109,-3.88416,0.00355668,head,FLYHEAD,fly,DOWN,True
OSD-207,CG34002,3885644,3.3814,0.0224392,head,FLYHEAD,fly,UP,True
OSD-207,lncRNA:CR44598,19834982,-1.83656,0.0389616,head,FLYHEAD,fly,DOWN,True
OSD-207,Cpr49Ah,36354,-4.05094,0.000154369,head,FLYHEAD,fly,DOWN,True
OSD-207,lncRNA:CR44514,19834856,-4.09876,0.0227182,head,FLYHEAD,fly,DOWN,True
OSD-207,CG42866,10178853,3.91826,0.0148004,head,FLYHEAD,fly,UP,True
OSD-207,hemo,12798465,1.67172,0.0423024,head,FLYHEAD,fly,UP,True
OSD-207,lncRNA:CR41257,19835919,5.14042,0.000382658,head,FLYHEAD,fly,UP,True
OSD-207,CG4267,33405,1.63392,3.38684e-07,head,FLYHEAD,fly,UP,True
OSD-207,SmydA-1,36581,-1.65896,3.56186e-07,head,FLYHEAD,fly,DOWN,True
OSD-207,CG33252,2768903,-2.02463,0.0478892,head,FLYHEAD,fly,DOWN,True
OSD-207,pirk,37468,3.88045,7.55287e-13,head,FLYHEAD,fly,UP,True
OSD-207,CG32750,326238,-1.12428,0.0217144,head,FLYHEAD,fly,DOWN,True
OSD-207,lncRNA:CR42721,10178845,-1.89888,0.0423551,head,FLYHEAD,fly,DOWN,True
OSD-207,rt,39297,-1.47678,9.12854e-12,head,FLYHEAD,fly,DOWN,True
OSD-207,asRNA:CR44806,19835270,-1.49002,0.0178452,head,FLYHEAD,fly,DOWN,True
OSD-207,CG31808,10178782,-1.23793,3.24123e-08,head,FLYHEAD,fly,DOWN,True
OSD-207,Dbp73D,39871,1.0962,1.34111e-05,head,FLYHEAD,fly,UP,True
OSD-207,CG42391,7354405,1.60244,0.0365965,head,FLYHEAD,fly,UP,True
OSD-207,lncRNA:CR46108,26067425,-1.78166,0.023936,head,FLYHEAD,fly,DOWN,True
OSD-207,lncRNA:CR43363,12798015,-3.57296,0.0477432,head,FLYHEAD,fly,DOWN,True
OSD-207,CG11752,32076,-1.19136,3.90249e-09,head,FLYHEAD,fly,DOWN,True
OSD-207,CG43675,14462445,1.00119,0.0126815,head,FLYHEAD,fly,UP,True
OSD-207,CG34281,50039,-3.99018,0.0349738,head,FLYHEAD,fly,DOWN,True
OSD-207,snoRNA:Psi28S-291,3772053,1.65349,0.0226779,head,FLYHEAD,fly,UP,True
OSD-207,SclA,19835657,-1.14852,0.00942444,head,FLYHEAD,fly,DOWN,True
OSD-207,lncRNA:CR45128,19835854,2.42975,0.00895742,head,FLYHEAD,fly,UP,True
OSD-207,BomS2,49802,2.21217,0.000260526,head,FLYHEAD,fly,UP,True
OSD-207,asRNA:CR45151,19835439,-2.76083,0.0211399,head,FLYHEAD,fly,DOWN,True
OSD-207,CG43341,12798088,-1.43125,0.000664203,head,FLYHEAD,fly,DOWN,True
OSD-207,snoRNA:Tudor-SN-a,12798543,1.93857,0.0176338,head,FLYHEAD,fly,UP,True
OSD-207,asRNA:CR43470,12798366,-3.06768,0.0174368,head,FLYHEAD,fly,DOWN,True
OSD-207,CG45273,19835434,-2.72696,0.000416937,head,FLYHEAD,fly,DOWN,True
OSD-207,lncRNA:CR45280,19835573,3.56531,0.00540609,head,FLYHEAD,fly,UP,True
OSD-207,LysE,38128,-5.49407,0.0109697,head,FLYHEAD,fly,DOWN,True
OSD-207,lncRNA:CR44964,19834745,1.48356,0.00289219,head,FLYHEAD,fly,UP,True
OSD-207,asRNA:CR44962,19836135,1.01828,0.0321823,head,FLYHEAD,fly,UP,True
OSD-207,Ssk,40207,-1.25622,0.00959828,head,FLYHEAD,fly,DOWN,True
OSD-207,TTLL3B,33946,-2.61559,0.0016854,head,FLYHEAD,fly,DOWN,True
OSD-207,daw,33474,1.26453,0.00244166,head,FLYHEAD,fly,UP,True
OSD-207,sha,36213,-3.01,0.0273232,head,FLYHEAD,fly,DOWN,True
OSD-207,Uhg1,3772106,1.30303,0.000608528,head,FLYHEAD,fly,UP,True
OSD-207,lncRNA:CR45668,19835358,-1.34948,0.0037075,head,FLYHEAD,fly,DOWN,True
OSD-207,CG13965,35280,1.65424,0.0215609,head,FLYHEAD,fly,UP,True
OSD-207,CG17450,49952,1.27465,0.0102912,head,FLYHEAD,fly,UP,True
OSD-207,CG15767,31508,-4.05156,0.0181814,head,FLYHEAD,fly,DOWN,True
OSD-207,Hayan,32831,2.26629,8.71468e-07,head,FLYHEAD,fly,UP,True
OSD-207,CG5028,43102,-1.094,6.63542e-14,head,FLYHEAD,fly,DOWN,True
OSD-207,asRNA:CR43426,12798470,-1.18963,0.00214998,head,FLYHEAD,fly,DOWN,True
OSD-207,asRNA:CR44891,19836009,2.09673,0.0298189,head,FLYHEAD,fly,UP,True
OSD-207,CG30340,246550,-2.61686,0.027801,head,FLYHEAD,fly,DOWN,True
OSD-207,IM14,3885603,1.77691,0.0230993,head,FLYHEAD,fly,UP,True
OSD-207,asRNA:CR44850,19836238,-3.10155,0.0218736,head,FLYHEAD,fly,DOWN,True
OSD-207,Gr64e,3771916,-1.27102,0.0040134,head,FLYHEAD,fly,DOWN,True
OSD-207,CG17450,318227,1.27465,0.0102912,head,FLYHEAD,fly,UP,True
OSD-207,CG17450,318228,1.27465,0.0102912,head,FLYHEAD,fly,UP,True
OSD-207,lncRNA:CR42715,26067095,2.00349,0.0227533,head,FLYHEAD,fly,UP,True
OSD-207,CG12643,50416,-2.38305,5.02365e-05,head,FLYHEAD,fly,DOWN,True
OSD-207,Idgf1,34978,1.72033,5.36626e-06,head,FLYHEAD,fly,UP,True
OSD-207,Uhg8,8674065,1.10397,0.010261,head,FLYHEAD,fly,UP,True
OSD-207,CG34375,42715,-2.26839,1.59623e-06,head,FLYHEAD,fly,DOWN,True
OSD-207,MP1,40541,1.22405,3.16619e-06,head,FLYHEAD,fly,UP,True
OSD-207,Cpr56F,37299,-6.99628,6.16116e-05,head,FLYHEAD,fly,DOWN,True
OSD-207,CG14544,43170,1.07435,0.0118161,head,FLYHEAD,fly,UP,True
OSD-207,Pvf3,33995,-1.27753,8.50861e-11,head,FLYHEAD,fly,DOWN,True
OSD-207,CG12896,36101,2.35176,4.14785e-05,head,FLYHEAD,fly,UP,True
OSD-207,l(2)efl,37744,-1.41594,8.34047e-05,head,FLYHEAD,fly,DOWN,True
OSD-207,Nop56,42633,1.00115,0.00201097,head,FLYHEAD,fly,UP,True
OSD-207,Nph,43559,1.10929,4.25601e-07,head,FLYHEAD,fly,UP,True
OSD-207,spz3,34077,-1.89696,6.25186e-06,head,FLYHEAD,fly,DOWN,True
OSD-207,yellow-f,41595,1.22063,0.00222667,head,FLYHEAD,fly,UP,True
OSD-207,lncRNA:CR45471,19834754,-1.56037,0.000129506,head,FLYHEAD,fly,DOWN,True
OSD-207,Tpi,43582,-1.05777,1.52762e-09,head,FLYHEAD,fly,DOWN,True
OSD-207,CG16743,34517,1.4067,2.12977e-05,head,FLYHEAD,fly,UP,True
OSD-207,nerfin-1,44786,2.18861,0.00297181,head,FLYHEAD,fly,UP,True
OSD-207,asp,42946,-1.94231,0.0109214,head,FLYHEAD,fly,DOWN,True
OSD-207,Hsc70-1,39542,-1.04494,1.39151e-08,head,FLYHEAD,fly,DOWN,True
OSD-207,CG4459,42377,-1.69151,0.000478222,head,FLYHEAD,fly,DOWN,True
OSD-207,CG17108,34471,1.0427,0.00384308,head,FLYHEAD,fly,UP,True
OSD-207,Pglym78,43447,-1.01011,3.79176e-06,head,FLYHEAD,fly,DOWN,True
OSD-207,Gr77a,117476,-2.71249,0.023623,head,FLYHEAD,fly,DOWN,True
OSD-207,ND-B17.2,33443,-1.07789,1.26864e-11,head,FLYHEAD,fly,DOWN,True
OSD-207,rho-6,34640,-1.25679,0.0260681,head,FLYHEAD,fly,DOWN,True
OSD-207,blw,37617,-1.5349,1.77845e-11,head,FLYHEAD,fly,DOWN,True
OSD-207,CG14280,42312,-1.88393,0.00449316,head,FLYHEAD,fly,DOWN,True
OSD-207,E(spl)m2-BFM,43155,-1.28642,0.00526467,head,FLYHEAD,fly,DOWN,True
OSD-207,HmgD,37481,1.191,5.55426e-16,head,FLYHEAD,fly,UP,True
OSD-207,ACXD,38284,1.20478,8.31412e-11,head,FLYHEAD,fly,UP,True
OSD-207,CG3270,35575,-2.02836,3.07171e-13,head,FLYHEAD,fly,DOWN,True
OSD-207,ItgaPS4,36693,2.44055,0.000800104,head,FLYHEAD,fly,UP,True
OSD-207,slf,33678,-1.41135,2.1605e-06,head,FLYHEAD,fly,DOWN,True
OSD-207,Hr4,31162,-2.30008,0.000749756,head,FLYHEAD,fly,DOWN,True
OSD-207,CG43897,39153,-1.27279,9.96291e-13,head,FLYHEAD,fly,DOWN,True
OSD-207,aurA,41446,1.82923,1.30471e-06,head,FLYHEAD,fly,UP,True
OSD-207,TotX,117460,2.22193,0.00526072,head,FLYHEAD,fly,UP,True
OSD-207,amd,35188,-1.16984,0.0061711,head,FLYHEAD,fly,DOWN,True
OSD-207,Inx2,31646,-1.28261,2.07655e-08,head,FLYHEAD,fly,DOWN,True
OSD-207,Tsp42Ei,35618,1.08015,5.04092e-08,head,FLYHEAD,fly,UP,True
OSD-207,CG45076,19834760,-1.03022,8.20672e-05,head,FLYHEAD,fly,DOWN,True
OSD-207,Had1,32592,-1.29017,0.0366877,head,FLYHEAD,fly,DOWN,True
OSD-207,UQCR-11,5740185,-1.22555,3.30067e-09,head,FLYHEAD,fly,DOWN,True
OSD-207,CG42694,10178792,1.26928,6.07341e-05,head,FLYHEAD,fly,UP,True
OSD-207,CG8157,36700,2.04299,9.94981e-08,head,FLYHEAD,fly,UP,True
OSD-207,CG30287,246530,4.8189,2.28599e-09,head,FLYHEAD,fly,UP,True
OSD-207,HHEX,42495,-1.86639,0.0414851,head,FLYHEAD,fly,DOWN,True
OSD-207,Ir75a,39982,1.47092,0.000189499,head,FLYHEAD,fly,UP,True
OSD-207,SmydA-2,40075,-2.36125,3.07943e-08,head,FLYHEAD,fly,DOWN,True
OSD-207,Sb,41958,-2.05836,4.50411e-06,head,FLYHEAD,fly,DOWN,True
OSD-207,CG14797,31123,-2.80416,0.00137144,head,FLYHEAD,fly,DOWN,True
OSD-207,CG6701,36550,1.36142,0.000278961,head,FLYHEAD,fly,UP,True
OSD-207,hui,36648,1.02936,0.00398526,head,FLYHEAD,fly,UP,True
OSD-207,fon,35211,1.11315,0.000528964,head,FLYHEAD,fly,UP,True
OSD-207,ninaE,42367,1.95275,3.38673e-33,head,FLYHEAD,fly,UP,True
OSD-207,Gr8a,31865,-1.87736,0.0250954,head,FLYHEAD,fly,DOWN,True
OSD-207,lncRNA:CR31044,10178917,1.98082,0.000454531,head,FLYHEAD,fly,UP,True
OSD-207,Dhc62B,38226,1.65271,0.000133528,head,FLYHEAD,fly,UP,True
OSD-207,scaf,35505,-1.08646,6.78321e-05,head,FLYHEAD,fly,DOWN,True
OSD-207,CG33474,2768725,1.88241,8.77339e-07,head,FLYHEAD,fly,UP,True
OSD-207,CG18302,34452,-2.9338,6.68729e-06,head,FLYHEAD,fly,DOWN,True
OSD-207,CG15322,33012,-1.59863,0.0411154,head,FLYHEAD,fly,DOWN,True
OSD-207,CG12374,36410,-4.24101,0.0357675,head,FLYHEAD,fly,DOWN,True
OSD-207,lncRNA:CR33948,3772461,-3.46983,0.0461379,head,FLYHEAD,fly,DOWN,True
OSD-207,CG32284,317956,-1.72826,0.0289469,head,FLYHEAD,fly,DOWN,True
OSD-207,Act88F,41885,-4.94756,5.92373e-08,head,FLYHEAD,fly,DOWN,True
OSD-207,CG34247,5740480,-2.83887,0.0141772,head,FLYHEAD,fly,DOWN,True
OSD-207,CG14221,32961,2.31161,2.28194e-11,head,FLYHEAD,fly,UP,True
OSD-207,CG12716,32248,-1.52144,0.0327495,head,FLYHEAD,fly,DOWN,True
OSD-207,spn-D,318579,4.35103,0.00377014,head,FLYHEAD,fly,UP,True
OSD-207,CG13144,34444,-3.68763,4.69208e-05,head,FLYHEAD,fly,DOWN,True
OSD-207,TwdlW,42075,-1.17042,0.0144039,head,FLYHEAD,fly,DOWN,True
OSD-207,CG15888,41630,-6.84078,0.00276562,head,FLYHEAD,fly,DOWN,True
OSD-207,CG8888,36293,-1.22561,9.44116e-05,head,FLYHEAD,fly,DOWN,True
OSD-207,CG10341,35125,1.05435,0.000131754,head,FLYHEAD,fly,UP,True
OSD-207,CG1545,32036,-1.03529,0.00357124,head,FLYHEAD,fly,DOWN,True
OSD-207,CG18304,33969,-1.45402,9.8781e-06,head,FLYHEAD,fly,DOWN,True
OSD-207,Tsp,33941,-1.10693,8.02721e-12,head,FLYHEAD,fly,DOWN,True
OSD-207,Osi5,40759,2.09054,0.0416136,head,FLYHEAD,fly,UP,True
OSD-207,COX5B,33918,-1.24819,4.91832e-13,head,FLYHEAD,fly,DOWN,True
OSD-207,HemK1,33902,-1.18771,4.12207e-09,head,FLYHEAD,fly,DOWN,True
OSD-207,CG9150,33856,1.38763,7.74423e-08,head,FLYHEAD,fly,UP,True
OSD-207,Rab3,36127,-1.08226,1.7669299999999998e-20,head,FLYHEAD,fly,DOWN,True
OSD-207,CG12507,32580,-5.168,0.00204043,head,FLYHEAD,fly,DOWN,True
OSD-207,CG17036,34679,-1.02318,0.0073784,head,FLYHEAD,fly,DOWN,True
OSD-207,spok,5740359,2.15361,0.0159016,head,FLYHEAD,fly,UP,True
OSD-207,bt,43814,-1.19518,6.91507e-07,head,FLYHEAD,fly,DOWN,True
OSD-207,CG5225,42053,-5.38226,0.00229364,head,FLYHEAD,fly,DOWN,True
OSD-207,CG34251,5740860,-2.92954,0.041249,head,FLYHEAD,fly,DOWN,True
OSD-207,Hsp83,38389,-1.27263,9.06884e-05,head,FLYHEAD,fly,DOWN,True
OSD-207,muc,34021,-1.4358,3.15072e-11,head,FLYHEAD,fly,DOWN,True
OSD-207,Rbm13,31818,1.01044,0.000462051,head,FLYHEAD,fly,UP,True
OSD-207,CG1698,36006,-2.76549,3.98271e-07,head,FLYHEAD,fly,DOWN,True
OSD-207,CG10962,31824,1.75892,0.000119233,head,FLYHEAD,fly,UP,True
OSD-207,ppk7,33886,2.6354,0.00304575,head,FLYHEAD,fly,UP,True
OSD-207,mtDNA-helicase,34307,1.29552,0.000420474,head,FLYHEAD,fly,UP,True
OSD-207,Gdh,42832,-1.12061,2.54349e-06,head,FLYHEAD,fly,DOWN,True
OSD-207,CG15309,31949,-1.02412,9.56315e-05,head,FLYHEAD,fly,DOWN,True
OSD-207,prt,117368,-1.00122,0.000192166,head,FLYHEAD,fly,DOWN,True
OSD-207,pim,34404,1.47807,0.0385347,head,FLYHEAD,fly,UP,True
OSD-207,C901,32032,1.26515,0.026268,head,FLYHEAD,fly,UP,True
OSD-207,goe,32660,-1.25168,9.16175e-07,head,FLYHEAD,fly,DOWN,True
OSD-207,Axs,32645,-1.07159,3.06363e-05,head,FLYHEAD,fly,DOWN,True
OSD-207,CG31559,40749,-3.53065,0.0269849,head,FLYHEAD,fly,DOWN,True
OSD-207,NPF,42018,1.13075,4.32403e-09,head,FLYHEAD,fly,UP,True
OSD-207,vri,33759,1.3546,3.24312e-09,head,FLYHEAD,fly,UP,True
OSD-207,Cyp4ad1,35821,2.2196,0.0144524,head,FLYHEAD,fly,UP,True
OSD-207,AANAT1,37867,-1.31508,5.76186e-08,head,FLYHEAD,fly,DOWN,True
OSD-207,twi,37655,-1.44934,0.0155155,head,FLYHEAD,fly,DOWN,True
OSD-207,r-l,42493,-1.07094,0.0273294,head,FLYHEAD,fly,DOWN,True
OSD-207,CG43109,12798341,1.41577,0.0242189,head,FLYHEAD,fly,UP,True
OSD-207,Jra,36057,1.02505,0.000515276,head,FLYHEAD,fly,UP,True
OSD-207,CG1537,32037,-1.91328,9.57307e-11,head,FLYHEAD,fly,DOWN,True
OSD-207,Nmdmc,47895,1.93349,0.0176001,head,FLYHEAD,fly,UP,True
OSD-207,lncRNA:CR34046,12798059,-3.32245,0.0309277,head,FLYHEAD,fly,DOWN,True
OSD-207,Ipk1,37360,1.39794,3.02793e-06,head,FLYHEAD,fly,UP,True
OSD-207,CG16723,42781,2.46553,0.0451928,head,FLYHEAD,fly,UP,True
OSD-207,sun,44046,-1.1963,1.77906e-10,head,FLYHEAD,fly,DOWN,True
OSD-207,CG7860,32488,-3.30089,3.4365e-07,head,FLYHEAD,fly,DOWN,True
OSD-207,CG7322,32880,-1.16046,0.000548452,head,FLYHEAD,fly,DOWN,True
OSD-207,Ggt-1,32839,1.25295,9.29513e-07,head,FLYHEAD,fly,UP,True
OSD-207,CG2121,35814,-1.06403,1.93134e-05,head,FLYHEAD,fly,DOWN,True
OSD-207,CG12698,32570,2.52965,0.0226779,head,FLYHEAD,fly,UP,True
OSD-207,ND-B18,32434,-1.18183,2.6508e-07,head,FLYHEAD,fly,DOWN,True
OSD-207,LanA,38723,-1.19886,1.68506e-05,head,FLYHEAD,fly,DOWN,True
OSD-207,CG14406,32421,-3.21667,0.0436568,head,FLYHEAD,fly,DOWN,True
OSD-207,fiz,32420,-2.79622,0.00105404,head,FLYHEAD,fly,DOWN,True
OSD-207,CG9512,32419,-1.94553,0.00173433,head,FLYHEAD,fly,DOWN,True
OSD-207,CG17193,50044,-1.15315,1.49654e-09,head,FLYHEAD,fly,DOWN,True
OSD-207,CG33757,3772602,-3.37283,0.0452402,head,FLYHEAD,fly,DOWN,True
OSD-207,Gr98b,117327,2.63019,0.0159817,head,FLYHEAD,fly,UP,True
OSD-207,Mur89F,42080,-2.74604,0.0411803,head,FLYHEAD,fly,DOWN,True
OSD-207,Ets96B,42952,-1.58998,0.0123742,head,FLYHEAD,fly,DOWN,True
OSD-207,CG30265,37622,2.07456,0.0197314,head,FLYHEAD,fly,UP,True
OSD-207,Ir92a,42415,-3.03189,0.000294898,head,FLYHEAD,fly,DOWN,True
OSD-207,CG12869,36616,-1.63376,0.00513947,head,FLYHEAD,fly,DOWN,True
OSD-207,Or42b,35516,-1.95307,0.0393888,head,FLYHEAD,fly,DOWN,True
OSD-207,Jheh1,251984,1.11258,0.00943432,head,FLYHEAD,fly,UP,True
OSD-207,CG13226,36184,2.91371,0.0199847,head,FLYHEAD,fly,UP,True
OSD-207,Ipk2,33236,1.17381,6.91087e-07,head,FLYHEAD,fly,UP,True
OSD-207,Try29F,34226,-1.06293,0.00374755,head,FLYHEAD,fly,DOWN,True
OSD-207,Act87E,48632,-1.96584,3.7583e-09,head,FLYHEAD,fly,DOWN,True
OSD-207,sna,34908,-3.42946,0.0466101,head,FLYHEAD,fly,DOWN,True
OSD-207,CG6026,42287,-1.1979,0.0336102,head,FLYHEAD,fly,DOWN,True
OSD-207,CG5966,31532,2.40614,0.0444855,head,FLYHEAD,fly,UP,True
OSD-207,CG14778,31100,-1.46868,1.36666e-07,head,FLYHEAD,fly,DOWN,True
OSD-207,Ptth,33238,1.26919,0.00673226,head,FLYHEAD,fly,UP,True
OSD-207,GstE13,35928,-1.64888,5.73126e-10,head,FLYHEAD,fly,DOWN,True
OSD-207,tut,317996,1.28013,0.00385836,head,FLYHEAD,fly,UP,True
OSD-207,CG4586,31641,-2.98507,0.00470134,head,FLYHEAD,fly,DOWN,True
OSD-207,CG15890,32401,-1.00282,0.000200178,head,FLYHEAD,fly,DOWN,True
OSD-207,CG7737,36174,-1.19467,9.96713e-09,head,FLYHEAD,fly,DOWN,True
OSD-207,CG14693,41299,-1.69579,0.00276562,head,FLYHEAD,fly,DOWN,True
OSD-207,CG11125,35669,1.59804,7.13453e-08,head,FLYHEAD,fly,UP,True
OSD-207,Muc12Ea,32384,2.06113,0.00133523,head,FLYHEAD,fly,UP,True
OSD-207,CG15721,32247,6.43554,4.30418e-05,head,FLYHEAD,fly,UP,True
OSD-207,CG1971,43755,1.12507,0.000261658,head,FLYHEAD,fly,UP,True
OSD-207,Myo31DF,34445,1.26976,0.00062601,head,FLYHEAD,fly,UP,True
OSD-207,CG13955,35968,-3.16147,0.0402126,head,FLYHEAD,fly,DOWN,True
OSD-207,CG44006,14462878,1.35735,7.92748e-05,head,FLYHEAD,fly,UP,True
OSD-207,ATPsyngamma,43507,-1.34838,1.4505e-11,head,FLYHEAD,fly,DOWN,True
OSD-207,pon,31394,2.49071,0.000401073,head,FLYHEAD,fly,UP,True
OSD-207,Mur2B,31111,1.31559,1.4888e-09,head,FLYHEAD,fly,UP,True
OSD-207,mst,33119,1.28929,5.19897e-07,head,FLYHEAD,fly,UP,True
OSD-207,Mct1,31198,-1.3207,0.0178996,head,FLYHEAD,fly,DOWN,True
OSD-207,MFS12,35745,-2.61311,0.0348139,head,FLYHEAD,fly,DOWN,True
OSD-207,Prx2540-2,36098,1.56824,0.00942127,head,FLYHEAD,fly,UP,True
OSD-207,Aatf,33943,1.02315,2.42227e-05,head,FLYHEAD,fly,UP,True
OSD-207,CG17258,33517,1.33168,0.0163564,head,FLYHEAD,fly,UP,True
OSD-207,CG1394,32059,-2.1029,0.0297522,head,FLYHEAD,fly,DOWN,True
OSD-207,Gip,31960,-1.07532,0.000201306,head,FLYHEAD,fly,DOWN,True
OSD-207,Efhc1.1,32528,1.01842,0.03312,head,FLYHEAD,fly,UP,True
OSD-207,Prip,36237,-1.13787,6.0604e-05,head,FLYHEAD,fly,DOWN,True
OSD-207,CG4766,31533,-1.15736,1.96838e-19,head,FLYHEAD,fly,DOWN,True
OSD-207,CG34370,5740565,-1.13171,9.56477e-14,head,FLYHEAD,fly,DOWN,True
OSD-207,CCAP-R,2768688,-1.4509,9.51994e-05,head,FLYHEAD,fly,DOWN,True
OSD-207,nrv2,33953,-1.53872,6.72219e-13,head,FLYHEAD,fly,DOWN,True
OSD-207,PCNA,37290,-1.38118,0.000932008,head,FLYHEAD,fly,DOWN,True
OSD-207,CG17625,42678,-5.03092,1.67403e-06,head,FLYHEAD,fly,DOWN,True
OSD-207,CG8861,41109,-1.12049,3.73777e-09,head,FLYHEAD,fly,DOWN,True
OSD-207,CG15484,34682,2.48765,0.00172698,head,FLYHEAD,fly,UP,True
OSD-207,ZnT33D,326167,1.26785,0.0012207,head,FLYHEAD,fly,UP,True
OSD-207,CG18568,36549,5.2459,0.0029674,head,FLYHEAD,fly,UP,True
OSD-207,Mpcp2,39587,-1.05197,3.17996e-12,head,FLYHEAD,fly,DOWN,True
OSD-207,Agpat2,34176,1.02857,0.00191211,head,FLYHEAD,fly,UP,True
OSD-207,yps,39377,1.47542,3.04236e-13,head,FLYHEAD,fly,UP,True
OSD-207,Ntl,34046,-3.31929,7.46576e-05,head,FLYHEAD,fly,DOWN,True
OSD-207,Acbp2,38784,-1.03773,0.00499862,head,FLYHEAD,fly,DOWN,True
OSD-207,CG13634,42951,-5.12431,0.00182059,head,FLYHEAD,fly,DOWN,True
OSD-207,ATPsynC,43693,-1.50465,4.44004e-12,head,FLYHEAD,fly,DOWN,True
OSD-207,Cyp4p1,45524,1.46251,6.05035e-06,head,FLYHEAD,fly,UP,True
OSD-207,Sdic1,43984,4.48755,0.0477932,head,FLYHEAD,fly,UP,True
OSD-207,vnd,31003,-1.42375,0.0338489,head,FLYHEAD,fly,DOWN,True
OSD-207,Cpr49Af,36352,-2.59053,7.84751e-05,head,FLYHEAD,fly,DOWN,True
OSD-207,Mcm7,39014,-1.10128,0.00649568,head,FLYHEAD,fly,DOWN,True
OSD-207,Ir75b,8673994,1.3669,0.0256811,head,FLYHEAD,fly,UP,True
OSD-207,rau,33814,1.98577,9.60842e-08,head,FLYHEAD,fly,UP,True
OSD-207,ATPsynB,39143,-1.11552,5.53719e-09,head,FLYHEAD,fly,DOWN,True
OSD-207,VAChT,42795,-1.10939,9.96713e-09,head,FLYHEAD,fly,DOWN,True
OSD-207,CG7430,39988,-1.30775,4.56755e-12,head,FLYHEAD,fly,DOWN,True
OSD-207,SoYb,34331,1.2547,3.63086e-06,head,FLYHEAD,fly,UP,True
OSD-207,ND-42,42591,-1.13511,3.29637e-11,head,FLYHEAD,fly,DOWN,True
OSD-207,lncRNA:CR45018,19835567,1.16612,3.21233e-05,head,FLYHEAD,fly,UP,True
OSD-207,CG10177,42772,-2.42963,0.00885731,head,FLYHEAD,fly,DOWN,True
OSD-207,Sodh-2,41313,-1.36672,0.00292404,head,FLYHEAD,fly,DOWN,True
OSD-207,CG13247,40247,-1.41782,0.0181514,head,FLYHEAD,fly,DOWN,True
OSD-207,CG43691,14462585,7.2356,0.000506603,head,FLYHEAD,fly,UP,True
OSD-207,Elba2,33442,2.04695,1.36666e-05,head,FLYHEAD,fly,UP,True
OSD-207,CG15530,43589,-3.31595,0.000958326,head,FLYHEAD,fly,DOWN,True
OSD-207,SIFa,3346202,-1.80191,1.75082e-06,head,FLYHEAD,fly,DOWN,True
OSD-207,COX5A,41432,-1.14669,5.96502e-12,head,FLYHEAD,fly,DOWN,True
OSD-207,CAH4,42965,-2.38566,0.0169896,head,FLYHEAD,fly,DOWN,True
OSD-207,CG13203,36229,-1.04362,0.000154116,head,FLYHEAD,fly,DOWN,True
OSD-207,Sam-S,48552,1.23009,0.000301096,head,FLYHEAD,fly,UP,True
OSD-207,Ugt305A1,59217,1.74335,0.00529595,head,FLYHEAD,fly,UP,True
OSD-207,CG13700,40013,2.81533,0.0155164,head,FLYHEAD,fly,UP,True
OSD-207,CG11318,43678,3.83412,0.00912131,head,FLYHEAD,fly,UP,True
OSD-207,Gpo1,47611,-1.05952,7.02327e-07,head,FLYHEAD,fly,DOWN,True
OSD-207,CycE,34924,-1.03395,0.000362875,head,FLYHEAD,fly,DOWN,True
OSD-207,CG33514,3346239,-1.59204,0.0133502,head,FLYHEAD,fly,DOWN,True
OSD-207,Cyt-c1L,43457,-1.25744,0.0159161,head,FLYHEAD,fly,DOWN,True
OSD-207,CG14410,32409,2.22747,0.00986897,head,FLYHEAD,fly,UP,True
OSD-207,CG16736,41101,3.79042,0.00343303,head,FLYHEAD,fly,UP,True
OSD-207,CG42663,36403,-1.14933,3.26049e-08,head,FLYHEAD,fly,DOWN,True
OSD-207,CG17261,33522,-1.11329,0.0306646,head,FLYHEAD,fly,DOWN,True
OSD-207,CG11674,32374,-3.54894,0.0397407,head,FLYHEAD,fly,DOWN,True
OSD-207,FANCI,35895,1.11984,0.00110665,head,FLYHEAD,fly,UP,True
OSD-207,knon,36845,-3.54709,0.0489192,head,FLYHEAD,fly,DOWN,True
OSD-207,CycB3,42971,2.27079,1.52077e-07,head,FLYHEAD,fly,UP,True
OSD-207,Spn43Aa,45041,-2.47392,0.00137108,head,FLYHEAD,fly,DOWN,True
OSD-207,CG14342,33310,-1.32068,0.000694333,head,FLYHEAD,fly,DOWN,True
OSD-207,stg,43466,-1.88811,0.000928058,head,FLYHEAD,fly,DOWN,True
OSD-207,Zasp52,36740,-1.52058,8.61571e-13,head,FLYHEAD,fly,DOWN,True
OSD-207,CG17118,34478,-1.53194,0.0235961,head,FLYHEAD,fly,DOWN,True
OSD-207,insc,37355,1.0404,0.0022679,head,FLYHEAD,fly,UP,True
OSD-207,CG4836,42387,2.78043,0.0455673,head,FLYHEAD,fly,UP,True
OSD-207,CG4681,37928,-1.58499,0.0295065,head,FLYHEAD,fly,DOWN,True
OSD-207,COX4,35279,-1.04273,1.75203e-11,head,FLYHEAD,fly,DOWN,True
OSD-207,CG7024,31407,-1.06947,0.0475568,head,FLYHEAD,fly,DOWN,True
OSD-207,CG32228,326202,-1.29448,0.0155028,head,FLYHEAD,fly,DOWN,True
OSD-207,CG42323,32825,-3.57173,0.000107745,head,FLYHEAD,fly,DOWN,True
OSD-207,DIP-zeta,34231,-1.0326,3.22705e-09,head,FLYHEAD,fly,DOWN,True
OSD-207,CG3604,33593,1.73244,3.89819e-05,head,FLYHEAD,fly,UP,True
OSD-207,Cyp4ae1,31193,-1.02434,4.98634e-07,head,FLYHEAD,fly,DOWN,True
OSD-207,Snap25,3355084,-1.05938,1.24819e-08,head,FLYHEAD,fly,DOWN,True
OSD-207,CG43245,12798172,-3.68735,0.0263952,head,FLYHEAD,fly,DOWN,True
OSD-207,ATPsynG,46069,-1.21476,4.99125e-13,head,FLYHEAD,fly,DOWN,True
OSD-207,Cyp4p2,35946,1.46876,0.0233589,head,FLYHEAD,fly,UP,True
OSD-207,CG3823,31573,-1.2482,0.00814116,head,FLYHEAD,fly,DOWN,True
OSD-207,CG13215,36182,4.63571,0.000176701,head,FLYHEAD,fly,UP,True
OSD-207,CG31473,318753,-1.56778,8.67328e-06,head,FLYHEAD,fly,DOWN,True
OSD-207,Trf4-2,42983,2.15734,0.0325335,head,FLYHEAD,fly,UP,True
OSD-207,CG8568,32728,-2.81608,9.71443e-08,head,FLYHEAD,fly,DOWN,True
OSD-207,CG14814,31139,1.01466,0.00490679,head,FLYHEAD,fly,UP,True
OSD-207,CG13742,35916,2.69955,1.38315e-11,head,FLYHEAD,fly,UP,True
OSD-207,eIF4E7,31059,-4.6824,0.0115976,head,FLYHEAD,fly,DOWN,True
OSD-207,CG31777,261617,1.08535,0.002347,head,FLYHEAD,fly,UP,True
OSD-207,dpr15,41473,-1.00787,1.25809e-10,head,FLYHEAD,fly,DOWN,True
OSD-207,CG33673,3772423,3.63139,0.018866,head,FLYHEAD,fly,UP,True
OSD-207,lectin-24A,53543,4.35989,1.42064e-10,head,FLYHEAD,fly,UP,True
OSD-207,PLCXD,34623,-1.07938,4.91757e-07,head,FLYHEAD,fly,DOWN,True
OSD-207,mey,43715,-2.4683,0.0272793,head,FLYHEAD,fly,DOWN,True
OSD-207,CG17672,4379911,-2.56852,0.0217133,head,FLYHEAD,fly,DOWN,True
OSD-207,wcd,36831,1.33415,3.56867e-06,head,FLYHEAD,fly,UP,True
OSD-207,CG14566,40421,-2.29454,0.012695,head,FLYHEAD,fly,DOWN,True
OSD-207,Mdh2,42185,-1.37075,9.99129e-16,head,FLYHEAD,fly,DOWN,True
OSD-207,CG31465,42577,2.39179,0.0341372,head,FLYHEAD,fly,UP,True
OSD-207,CG18273,30991,1.04318,0.000503482,head,FLYHEAD,fly,UP,True
OSD-207,E(spl)m3-HLH,43156,-1.43847,2.23809e-05,head,FLYHEAD,fly,DOWN,True
OSD-207,Irk1,42742,1.07676,0.000266018,head,FLYHEAD,fly,UP,True
OSD-207,Vha68-1,45668,-1.15658,4.50503e-18,head,FLYHEAD,fly,DOWN,True
OSD-207,Rpi,246599,-1.45589,5.96502e-12,head,FLYHEAD,fly,DOWN,True
OSD-207,Mink,42982,1.74903,8.50083e-05,head,FLYHEAD,fly,UP,True
OSD-207,Cyp6t3,36318,1.03111,0.000978739,head,FLYHEAD,fly,UP,True
OSD-207,Peritrophin-15a,50433,4.38258,0.00269674,head,FLYHEAD,fly,UP,True
OSD-207,tej,36590,-1.93644,0.00817397,head,FLYHEAD,fly,DOWN,True
OSD-207,CG11327,33940,-2.97839,0.00408155,head,FLYHEAD,fly,DOWN,True
OSD-207,FoxP,41182,-1.26662,3.04236e-13,head,FLYHEAD,fly,DOWN,True
OSD-207,CG8664,32719,-6.77445,0.00206385,head,FLYHEAD,fly,DOWN,True
OSD-207,CG14567,40420,3.01534,1.534e-07,head,FLYHEAD,fly,UP,True
OSD-207,CG31445,326140,1.27621,4.18798e-08,head,FLYHEAD,fly,UP,True
OSD-207,CG31760,34642,-1.0196,6.29407e-11,head,FLYHEAD,fly,DOWN,True
OSD-207,AANATL2,33874,-1.55435,1.98438e-06,head,FLYHEAD,fly,DOWN,True
OSD-207,dgt5,36364,1.0704,0.000102292,head,FLYHEAD,fly,UP,True
OSD-207,CG11249,40409,-3.43107,0.00393854,head,FLYHEAD,fly,DOWN,True
OSD-207,UQCR-C1,41800,-1.00463,8.02721e-12,head,FLYHEAD,fly,DOWN,True
OSD-207,Uhg4,8673973,1.74672,5.788e-11,head,FLYHEAD,fly,UP,True
OSD-207,RpS21,33487,1.10759,1.01179e-06,head,FLYHEAD,fly,UP,True
OSD-207,CG30466,246629,1.35229,1.2042e-05,head,FLYHEAD,fly,UP,True
OSD-207,CG43131,12798230,-4.19497,0.0208314,head,FLYHEAD,fly,DOWN,True
OSD-207,ATPsynO,41845,-1.29821,2.39568e-10,head,FLYHEAD,fly,DOWN,True
OSD-207,Nep5,43255,1.68946,0.000442087,head,FLYHEAD,fly,UP,True
OSD-207,CG14662,40614,-1.92698,0.000236906,head,FLYHEAD,fly,DOWN,True
OSD-207,Apoltp,34283,1.4091,2.08659e-06,head,FLYHEAD,fly,UP,True
OSD-207,MAGE,40860,1.04407,4.692e-09,head,FLYHEAD,fly,UP,True
OSD-207,CG11322,33949,-2.69787,0.010261,head,FLYHEAD,fly,DOWN,True
OSD-207,CG43778,34738,-1.3833,2.79941e-12,head,FLYHEAD,fly,DOWN,True
OSD-207,CG6073,43180,1.01117,0.00034642,head,FLYHEAD,fly,UP,True
OSD-207,vret,42695,1.32572,0.00574999,head,FLYHEAD,fly,UP,True
OSD-207,Cyp4e2,35822,1.0164,4.55052e-06,head,FLYHEAD,fly,UP,True
OSD-207,CG15468,31426,3.34267,0.0362284,head,FLYHEAD,fly,UP,True
OSD-207,CG30395,246589,-2.31043,0.0399082,head,FLYHEAD,fly,DOWN,True
OSD-207,CG2816,33595,-1.69943,7.16692e-05,head,FLYHEAD,fly,DOWN,True
OSD-207,Lcp9,37963,-4.83323,0.025657,head,FLYHEAD,fly,DOWN,True
OSD-207,Lip3,41643,-1.36343,0.032973,head,FLYHEAD,fly,DOWN,True
OSD-207,opm,32435,1.34886,0.00933822,head,FLYHEAD,fly,UP,True
OSD-207,asRNA:CR45053,19835086,2.55733,0.0196649,head,FLYHEAD,fly,UP,True
OSD-207,asRNA:CR45712,19834900,-1.45828,0.0130108,head,FLYHEAD,fly,DOWN,True
OSD-207,CG43179,12797902,3.71734,0.022701,head,FLYHEAD,fly,UP,True
OSD-207,lncRNA:CR45552,19835715,-4.75733,0.0252359,head,FLYHEAD,fly,DOWN,True
OSD-207,Uch-L5,39102,-1.52148,0.000128687,head,FLYHEAD,fly,DOWN,True
OSD-207,asRNA:CR43936,19835576,3.12438,0.0283742,head,FLYHEAD,fly,UP,True
OSD-207,pre-rRNA:CR45846,26067174,28.9745,3.58062e-24,head,FLYHEAD,fly,UP,True
OSD-207,scw,46000,-3.93125,0.0219417,head,FLYHEAD,fly,DOWN,True
OSD-207,snRNA:U1:21D,3772520,-1.16874,0.0351073,head,FLYHEAD,fly,DOWN,True
OSD-207,Uch,33397,-1.20797,0.00326818,head,FLYHEAD,fly,DOWN,True
OSD-207,lncRNA:CR43704,14462688,-4.99478,0.00635967,head,FLYHEAD,fly,DOWN,True
OSD-207,CG43896,39360,5.50147,0.0484018,head,FLYHEAD,fly,UP,True
OSD-207,dy,32130,1.85642,0.000215077,head,FLYHEAD,fly,UP,True
OSD-207,lncRNA:CR43643,14462521,-3.64096,0.0429952,head,FLYHEAD,fly,DOWN,True
OSD-207,mex1,39677,3.72942,0.000571457,head,FLYHEAD,fly,UP,True
OSD-207,asRNA:CR45152,19834981,2.60312,0.0329357,head,FLYHEAD,fly,UP,True
OSD-207,Amy-d,36932,3.7523,0.00392245,head,FLYHEAD,fly,UP,True
OSD-207,asRNA:CR45835,26067163,1.52957,6.33034e-05,head,FLYHEAD,fly,UP,True
OSD-207,asRNA:CR45141,19835546,1.26679,0.0151177,head,FLYHEAD,fly,UP,True
OSD-207,asRNA:CR46074,26067391,1.0817,0.0428999,head,FLYHEAD,fly,UP,True
OSD-207,lncRNA:CR44912,19835130,-1.65657,0.0368997,head,FLYHEAD,fly,DOWN,True
OSD-207,asRNA:CR46134,26067450,2.33131,0.0366914,head,FLYHEAD,fly,UP,True
OSD-207,lncRNA:CR44525,19834993,-1.70603,0.00875042,head,FLYHEAD,fly,DOWN,True
OSD-207,asRNA:CR44969,19835409,1.25606,0.0347201,head,FLYHEAD,fly,UP,True
OSD-207,CG43998,19836181,2.17166,0.0444166,head,FLYHEAD,fly,UP,True
OSD-207,asRNA:CR44431,19835804,2.10303,0.0355774,head,FLYHEAD,fly,UP,True
OSD-207,Ccp84Ac,40823,-8.40987,0.0017288,head,FLYHEAD,fly,DOWN,True
OSD-207,CG46303,30522393,2.59011,0.00229469,head,FLYHEAD,fly,UP,True
OSD-207,Sox14,37822,-1.25976,0.0100171,head,FLYHEAD,fly,DOWN,True
OSD-207,asRNA:CR45807,26067137,1.85656,0.0199398,head,FLYHEAD,fly,UP,True
OSD-207,AdamTS-A,41887,-1.29893,0.000159883,head,FLYHEAD,fly,DOWN,True
OSD-207,asRNA:CR44703,19835973,4.86161,0.00933822,head,FLYHEAD,fly,UP,True
OSD-207,asRNA:CR45396,19835620,2.59326,0.0196649,head,FLYHEAD,fly,UP,True
OSD-207,asRNA:CR43916,14462829,2.00164,0.0106171,head,FLYHEAD,fly,UP,True
OSD-207,Psa,38175,-1.30995,0.00665386,head,FLYHEAD,fly,DOWN,True
OSD-207,snRNA:U1:95Ca,3772037,-1.16874,0.0351073,head,FLYHEAD,fly,DOWN,True
OSD-207,asRNA:CR45601,19835984,3.86939,0.00330675,head,FLYHEAD,fly,UP,True
OSD-207,asRNA:CR45272,19835694,4.97162,0.0110528,head,FLYHEAD,fly,UP,True
OSD-207,LKRSDH,34064,1.24568,0.0103411,head,FLYHEAD,fly,UP,True
OSD-207,lncRNA:CR45897,26067225,4.62665,0.0185303,head,FLYHEAD,fly,UP,True
OSD-207,asRNA:CR44704,19835645,2.14262,0.00906617,head,FLYHEAD,fly,UP,True
OSD-207,asRNA:CR45214,19834913,1.16204,0.0409128,head,FLYHEAD,fly,UP,True
OSD-207,Rpn3,35176,-1.12943,0.00826872,head,FLYHEAD,fly,DOWN,True
OSD-207,CG43291,12797901,1.20849,0.0411157,head,FLYHEAD,fly,UP,True
OSD-207,asRNA:CR45968,26067295,3.93464,0.0151177,head,FLYHEAD,fly,UP,True
OSD-207,scra,35696,-1.04699,0.0020556,head,FLYHEAD,fly,DOWN,True
OSD-207,asRNA:CR46133,26067449,2.1364,0.00174022,head,FLYHEAD,fly,UP,True
OSD-207,snRNA:U1:95Cb,3772474,-1.16874,0.0351073,head,FLYHEAD,fly,DOWN,True
OSD-207,asRNA:CR46107,26067424,1.41652,0.0341183,head,FLYHEAD,fly,UP,True
OSD-207,LysS,38130,7.31523,0.0122395,head,FLYHEAD,fly,UP,True
OSD-207,asRNA:CR44116,14462721,1.2272,0.0398673,head,FLYHEAD,fly,UP,True
OSD-207,asRNA:CR46005,26067326,1.48142,0.0419503,head,FLYHEAD,fly,UP,True
OSD-207,CG44250,19836034,2.87655,0.0444906,head,FLYHEAD,fly,UP,True
OSD-207,asRNA:CR43464,12797878,-1.83709,6.76249e-05,head,FLYHEAD,fly,DOWN,True
OSD-207,asRNA:CR45896,26067224,1.77632,0.0390704,head,FLYHEAD,fly,UP,True
OSD-207,lncRNA:CR45320,19835743,2.56134,0.0135736,head,FLYHEAD,fly,UP,True
OSD-207,lncRNA:CR44854,19836057,-3.55421,0.0419243,head,FLYHEAD,fly,DOWN,True
OSD-207,asRNA:CR44807,19835976,2.73605,0.0219104,head,FLYHEAD,fly,UP,True
OSD-207,asRNA:CR43786,14462618,2.23262,0.0420847,head,FLYHEAD,fly,UP,True
OSD-207,asRNA:CR46128,26067444,1.97467,0.000505274,head,FLYHEAD,fly,UP,True
OSD-207,Amy-p,47764,6.92405,5.55372e-06,head,FLYHEAD,fly,UP,True
OSD-207,CG43672,318910,1.85409,0.0151189,head,FLYHEAD,fly,UP,True
OSD-207,CG33286,2768984,-4.61199,0.0196649,head,FLYHEAD,fly,DOWN,True
OSD-207,CG8560,38830,2.54402,0.0010526,head,FLYHEAD,fly,UP,True
OSD-207,Spn100A,43642,2.80063,0.000259743,head,FLYHEAD,fly,UP,True
OSD-207,CG8952,32525,6.84665,0.000201275,head,FLYHEAD,fly,UP,True
OSD-207,Lsp1alpha,32199,-4.44594,0.0437965,head,FLYHEAD,fly,DOWN,True
OSD-207,CG32107,317856,4.19312,0.0342511,head,FLYHEAD,fly,UP,True
OSD-207,Rpn9,42802,-1.59627,0.00112087,head,FLYHEAD,fly,DOWN,True
OSD-207,CG9616,41731,1.52947,0.0253635,head,FLYHEAD,fly,UP,True
OSD-207,ImpE3,48239,-1.59496,0.0277529,head,FLYHEAD,fly,DOWN,True
OSD-207,CG11658,39319,-1.07881,0.0003017,head,FLYHEAD,fly,DOWN,True
OSD-207,yellow-b,35005,-1.0826,6.22059e-06,head,FLYHEAD,fly,DOWN,True
OSD-207,CG18179,39124,2.68055,0.0392822,head,FLYHEAD,fly,UP,True
OSD-207,Obp83cd,40746,-1.18,0.00915872,head,FLYHEAD,fly,DOWN,True
OSD-207,frm,38624,-2.53172,1.58968e-05,head,FLYHEAD,fly,DOWN,True
OSD-207,CG31106,318594,2.48226,0.00316086,head,FLYHEAD,fly,UP,True
OSD-207,PH4alphaPV,43640,4.79057,8.53254e-05,head,FLYHEAD,fly,UP,True
OSD-207,Slc45-1,39055,-1.36874,8.0677e-05,head,FLYHEAD,fly,DOWN,True
OSD-207,Usp14,34387,-1.11119,0.00603118,head,FLYHEAD,fly,DOWN,True
OSD-207,lcs,33120,7.49489,7.70453e-07,head,FLYHEAD,fly,UP,True
OSD-207,CG13154,36359,-3.59886,0.0448781,head,FLYHEAD,fly,DOWN,True
OSD-207,CG34457,5740661,-2.73957,0.00905526,head,FLYHEAD,fly,DOWN,True
OSD-207,Dronc,39173,-1.57951,0.00710571,head,FLYHEAD,fly,DOWN,True
OSD-207,CG17746,38400,-1.99809,6.78965e-05,head,FLYHEAD,fly,DOWN,True
OSD-207,CG4455,34975,-1.1476,0.000104341,head,FLYHEAD,fly,DOWN,True
OSD-207,CG11852,43035,-2.41098,0.000172581,head,FLYHEAD,fly,DOWN,True
OSD-207,Dr,45285,1.20645,0.00268341,head,FLYHEAD,fly,UP,True
OSD-207,Osi12,40766,-4.85037,0.0141747,head,FLYHEAD,fly,DOWN,True
OSD-207,CG6231,42339,-1.15069,0.00080677,head,FLYHEAD,fly,DOWN,True
OSD-207,CG34232,5740195,1.91567,0.00460857,head,FLYHEAD,fly,UP,True
OSD-207,Lcp65Ac,38708,-2.4314,0.00166848,head,FLYHEAD,fly,DOWN,True
OSD-207,fa2h,35670,1.02323,0.0429384,head,FLYHEAD,fly,UP,True
OSD-207,CG34217,5740254,-7.02819,1.11326e-07,head,FLYHEAD,fly,DOWN,True
OSD-207,CG17633,34297,5.77394,0.0192294,head,FLYHEAD,fly,UP,True
OSD-207,lncRNA:CR30009,3771726,-3.09726,0.0269767,head,FLYHEAD,fly,DOWN,True
OSD-207,Kah,38072,-1.8525,3.62512e-05,head,FLYHEAD,fly,DOWN,True
OSD-207,hiro,38083,2.85886,0.0428576,head,FLYHEAD,fly,UP,True
OSD-207,CG14572,40422,-6.24068,2.2052e-05,head,FLYHEAD,fly,DOWN,True
OSD-207,CG9003,36244,-1.04483,0.00156813,head,FLYHEAD,fly,DOWN,True
OSD-207,Fem-1,37344,-1.07771,0.00177535,head,FLYHEAD,fly,DOWN,True
OSD-207,Spn77Bc,40236,-2.30478,0.00898376,head,FLYHEAD,fly,DOWN,True
OSD-207,CG7102,34079,-1.59988,0.017617,head,FLYHEAD,fly,DOWN,True
OSD-207,Eip78C,40345,-1.19296,0.000332752,head,FLYHEAD,fly,DOWN,True
OSD-207,CG32276,251645,1.06654,6.05484e-06,head,FLYHEAD,fly,UP,True
OSD-207,Cyp6a16,19836250,-2.85703,0.0254931,head,FLYHEAD,fly,DOWN,True
OSD-207,Mco1,34258,1.72153,0.001156,head,FLYHEAD,fly,UP,True
OSD-207,CG33459,2768847,-4.17146,0.0139909,head,FLYHEAD,fly,DOWN,True
OSD-207,Cyp6a9,36663,-1.24862,0.000383254,head,FLYHEAD,fly,DOWN,True
OSD-207,CG15445,33094,-1.15247,0.0162163,head,FLYHEAD,fly,DOWN,True
OSD-207,CG32237,38584,-2.99633,0.00705307,head,FLYHEAD,fly,DOWN,True
OSD-207,Dgat2,35719,-2.28736,0.0476153,head,FLYHEAD,fly,DOWN,True
OSD-207,sad,44858,1.22771,0.0278772,head,FLYHEAD,fly,UP,True
OSD-207,CG34296,5740662,-4.44407,0.0293038,head,FLYHEAD,fly,DOWN,True
OSD-207,alpha-Man-Ic,318624,3.07898,0.0229649,head,FLYHEAD,fly,UP,True
OSD-207,CG15422,33615,5.51916,0.000419705,head,FLYHEAD,fly,UP,True
OSD-207,CG16756,31460,1.03533,0.0140233,head,FLYHEAD,fly,UP,True
OSD-207,CG15196,32084,1.36601,0.0165627,head,FLYHEAD,fly,UP,True
OSD-207,CG33465,3885587,-3.37989,0.0476348,head,FLYHEAD,fly,DOWN,True
OSD-207,Inx7,33027,1.54895,0.0185303,head,FLYHEAD,fly,UP,True
OSD-207,CG13085,35219,1.036,0.00839221,head,FLYHEAD,fly,UP,True
OSD-207,eg,40428,-1.35973,0.0263285,head,FLYHEAD,fly,DOWN,True
OSD-207,asRNA:CR43964,14462604,2.15684,0.010374,head,FLYHEAD,fly,UP,True
OSD-207,CG13380,40029,2.19271,0.0115921,head,FLYHEAD,fly,UP,True
OSD-207,CG13796,34051,-1.57446,0.0194601,head,FLYHEAD,fly,DOWN,True
OSD-207,Cpr64Ac,38510,-3.03793,0.0070905,head,FLYHEAD,fly,DOWN,True
OSD-207,Eh,42101,-5.7517,0.0294561,head,FLYHEAD,fly,DOWN,True
OSD-207,CG9377,34743,2.43109,5.22494e-07,head,FLYHEAD,fly,UP,True
OSD-207,dsx,40940,1.02279,0.000346066,head,FLYHEAD,fly,UP,True
OSD-207,Rpn6,36638,-1.06489,0.00647129,head,FLYHEAD,fly,DOWN,True
OSD-207,CG6484,36994,1.21098,0.000171157,head,FLYHEAD,fly,UP,True
OSD-207,CG5697,42483,-6.40814,4.16917e-07,head,FLYHEAD,fly,DOWN,True
OSD-207,Fbp1,39566,-3.73425,0.0054811,head,FLYHEAD,fly,DOWN,True
OSD-207,CG17855,34269,1.20254,0.00120936,head,FLYHEAD,fly,UP,True
OSD-207,Tehao,34761,1.96713,0.0106573,head,FLYHEAD,fly,UP,True
OSD-207,Tsp29Fb,34212,1.01855,0.00847063,head,FLYHEAD,fly,UP,True
OSD-207,CG12164,35651,-3.28305,0.000761818,head,FLYHEAD,fly,DOWN,True
OSD-207,Tsp42Eq,35628,2.86778,0.000566597,head,FLYHEAD,fly,UP,True
OSD-207,CG4213,33209,-3.11837,1.59415e-07,head,FLYHEAD,fly,DOWN,True
OSD-207,OtopLb,33539,3.20877,0.0286775,head,FLYHEAD,fly,UP,True
OSD-207,CG15423,33616,5.09957,0.000714831,head,FLYHEAD,fly,UP,True
OSD-207,CG15615,36882,3.50938,0.0205082,head,FLYHEAD,fly,UP,True
OSD-207,CG8160,36701,3.49926,0.0374903,head,FLYHEAD,fly,UP,True
OSD-207,CG4409,36840,-1.5346,3.0088e-23,head,FLYHEAD,fly,DOWN,True
OSD-207,Cyp6a20,36664,-1.43491,3.34613e-09,head,FLYHEAD,fly,DOWN,True
OSD-207,CG2556,32201,1.44683,0.0324416,head,FLYHEAD,fly,UP,True
OSD-207,ara,39439,1.40609,0.0164485,head,FLYHEAD,fly,UP,True
OSD-207,CG30281,246525,-2.29197,0.0209939,head,FLYHEAD,fly,DOWN,True
OSD-207,Grip,50391,-1.01431,0.00201213,head,FLYHEAD,fly,DOWN,True
OSD-207,CG30334,246545,-2.12277,0.0162098,head,FLYHEAD,fly,DOWN,True
OSD-207,CG13841,50061,1.04321,0.00521676,head,FLYHEAD,fly,UP,True
OSD-207,Rpt5,42805,-1.14806,0.0029401,head,FLYHEAD,fly,DOWN,True
OSD-207,Rpt4,31567,-1.20138,0.00676366,head,FLYHEAD,fly,DOWN,True
OSD-207,Rpt3,32047,-1.12115,0.00899771,head,FLYHEAD,fly,DOWN,True
OSD-207,Rpn11,33738,-1.33973,0.00356212,head,FLYHEAD,fly,DOWN,True
OSD-207,CG13728,39937,6.3919,0.0182115,head,FLYHEAD,fly,UP,True
OSD-207,CG5892,42522,-1.22219,0.0196963,head,FLYHEAD,fly,DOWN,True
OSD-207,CG5160,34015,-1.1078,4.47078e-05,head,FLYHEAD,fly,DOWN,True
OSD-207,Rpn1,40174,-1.16957,0.00559101,head,FLYHEAD,fly,DOWN,True
OSD-207,CG8907,42050,2.28244,0.0239909,head,FLYHEAD,fly,UP,True
OSD-207,Orct2,42890,1.0716,0.000641898,head,FLYHEAD,fly,UP,True
OSD-207,sut2,44269,2.10992,0.00565917,head,FLYHEAD,fly,UP,True
OSD-207,CG17906,34224,2.96633,0.0250699,head,FLYHEAD,fly,UP,True
OSD-207,CG34112,4379842,1.47525,0.00980489,head,FLYHEAD,fly,UP,True
OSD-207,CG1946,35720,-3.51811,0.0431334,head,FLYHEAD,fly,DOWN,True
OSD-207,CG14273,34146,2.65945,0.0484631,head,FLYHEAD,fly,UP,True
OSD-207,caup,39440,1.42083,0.0255658,head,FLYHEAD,fly,UP,True
OSD-207,SecCl,39949,1.58325,0.021273,head,FLYHEAD,fly,UP,True
OSD-207,CG14664,12798232,-3.80442,0.0106877,head,FLYHEAD,fly,DOWN,True
OSD-207,Skp2,40548,2.8656,0.00389939,head,FLYHEAD,fly,UP,True
OSD-207,CG3223,40947,-1.78119,0.000727447,head,FLYHEAD,fly,DOWN,True
OSD-207,CG7953,34801,4.71649,0.00187009,head,FLYHEAD,fly,UP,True
OSD-207,CG9737,43600,-3.40662,0.0307465,head,FLYHEAD,fly,DOWN,True
OSD-207,CG7179,34059,5.18811,0.0229858,head,FLYHEAD,fly,UP,True
OSD-207,Sox100B,45039,1.44445,0.0450611,head,FLYHEAD,fly,UP,True
OSD-207,CG9934,34699,-1.86895,0.000145576,head,FLYHEAD,fly,DOWN,True
OSD-207,CG14961,38414,-1.45074,0.0417927,head,FLYHEAD,fly,DOWN,True
OSD-207,sit,42658,-1.72715,0.0448178,head,FLYHEAD,fly,DOWN,True
OSD-207,dve,37546,1.03521,0.00211341,head,FLYHEAD,fly,UP,True
OSD-207,tum,36538,-1.0546,0.0186234,head,FLYHEAD,fly,DOWN,True
OSD-207,P5CDh2,32625,2.9048,0.00203969,head,FLYHEAD,fly,UP,True
OSD-207,CG15097,37172,-1.0105,2.24934e-09,head,FLYHEAD,fly,DOWN,True
OSD-207,Rpt2,42828,-1.12099,0.00246174,head,FLYHEAD,fly,DOWN,True
OSD-207,CG6980,42955,-2.72661,0.0177063,head,FLYHEAD,fly,DOWN,True
OSD-207,CG30289,246532,1.60882,0.0228094,head,FLYHEAD,fly,UP,True
OSD-207,CG5096,34410,2.09098,0.00696262,head,FLYHEAD,fly,UP,True
OSD-207,Tsp2A,31080,2.27906,0.0307465,head,FLYHEAD,fly,UP,True
OSD-207,Rpn7,42641,-1.14732,0.00344277,head,FLYHEAD,fly,DOWN,True
OSD-207,Rpn2,43449,-1.23111,0.00442571,head,FLYHEAD,fly,DOWN,True
OSD-207,CG7544,36680,1.06257,3.64061e-05,head,FLYHEAD,fly,UP,True
OSD-207,CG3347,33538,3.88397,0.0217953,head,FLYHEAD,fly,UP,True
OSD-207,CG10650,35162,1.9353,0.0194138,head,FLYHEAD,fly,UP,True
OSD-207,sip2,33979,3.17407,0.00370285,head,FLYHEAD,fly,UP,True
OSD-207,CG30001,246383,1.2249,0.0279178,head,FLYHEAD,fly,UP,True
OSD-207,CG2444,32121,-5.10591,7.3651e-07,head,FLYHEAD,fly,DOWN,True
OSD-207,CG34288,5740644,2.85033,0.00817773,head,FLYHEAD,fly,UP,True
OSD-207,ATPsynbetaL,39761,-4.33711,0.0151177,head,FLYHEAD,fly,DOWN,True
OSD-207,CG4210,41832,2.8439,0.0201424,head,FLYHEAD,fly,UP,True
OSD-207,CG14963,38383,-2.83548,0.0188489,head,FLYHEAD,fly,DOWN,True
OSD-207,CG4712,36469,2.45388,0.0386886,head,FLYHEAD,fly,UP,True
OSD-207,CG1979,40837,2.49743,0.000622286,head,FLYHEAD,fly,UP,True
OSD-207,CG13332,36504,1.18179,0.0151069,head,FLYHEAD,fly,UP,True
OSD-207,CG34386,5740303,-1.48418,0.0497389,head,FLYHEAD,fly,DOWN,True
OSD-207,CG6985,42694,1.50324,0.000128829,head,FLYHEAD,fly,UP,True
OSD-207,CG15824,33272,1.81476,0.00301652,head,FLYHEAD,fly,UP,True
OSD-207,CG11263,39472,1.27985,0.0332239,head,FLYHEAD,fly,UP,True
OSD-207,CG7329,34457,-6.13208,3.96184e-06,head,FLYHEAD,fly,DOWN,True
OSD-207,Tsp29Fa,34211,1.49964,0.0123205,head,FLYHEAD,fly,UP,True
OSD-207,dah,32459,2.48745,0.00897402,head,FLYHEAD,fly,UP,True
OSD-207,Obp99a,43488,2.95487,0.00741501,head,FLYHEAD,fly,UP,True
OSD-207,vis,36372,1.28182,0.0170083,head,FLYHEAD,fly,UP,True
OSD-207,CG18095,34823,-3.63822,0.0375998,head,FLYHEAD,fly,DOWN,True
OSD-207,CG14780,31102,2.55782,0.0417295,head,FLYHEAD,fly,UP,True
OSD-207,CG14625,31066,-1.21037,0.0368404,head,FLYHEAD,fly,DOWN,True
OSD-207,Rpn10,40388,-1.17843,0.00647497,head,FLYHEAD,fly,DOWN,True
OSD-207,CG1628,31990,1.38149,0.0250527,head,FLYHEAD,fly,UP,True
OSD-207,CG10000,43394,4.4635,0.0326846,head,FLYHEAD,fly,UP,True
OSD-255,Rbm3,100043257,-0.286319,0.0321168,retina,OCULAR,mouse,DOWN,False
OSD-255,Gm12758,100126229,0.525764,0.000736478,retina,OCULAR,mouse,UP,False
OSD-255,Rusc2,100213,-0.258645,0.0358581,retina,OCULAR,mouse,DOWN,False
OSD-255,Gm19410,100502846,0.663563,0.037889,retina,OCULAR,mouse,UP,False
OSD-255,Klhl3,100503085,-0.309517,0.00640167,retina,OCULAR,mouse,DOWN,False
OSD-255,Tpbgl,100503386,-0.329769,0.0168167,retina,OCULAR,mouse,DOWN,False
OSD-255,Cbarp,100503659,-0.3058,0.00349577,retina,OCULAR,mouse,DOWN,False
OSD-255,Tra2a,101214,0.225746,0.0418169,retina,OCULAR,mouse,UP,False
OSD-255,Dohh,102115,-0.371377,0.00318428,retina,OCULAR,mouse,DOWN,False
OSD-255,Gm16638,102631889,0.825831,0.00224855,retina,OCULAR,mouse,UP,False
OSD-255,B230220B15Rik,102634835,0.294722,0.00687983,retina,OCULAR,mouse,UP,False
OSD-255,Slc6a8,102857,-0.196886,0.026103,retina,OCULAR,mouse,DOWN,False
OSD-255,Ccdc117,104479,0.239476,0.0185737,retina,OCULAR,mouse,UP,False
OSD-255,Slc16a6,104681,-0.189921,0.0201498,retina,OCULAR,mouse,DOWN,False
OSD-255,Mbnl2,105559,-0.218022,0.0378611,retina,OCULAR,mouse,DOWN,False
OSD-255,Csdc2,105859,-0.195792,0.00539352,retina,OCULAR,mouse,DOWN,False
OSD-255,Cmc4,105886298,0.63945,0.0251158,retina,OCULAR,mouse,UP,False
OSD-255,Trip10,106628,0.282367,0.0217632,retina,OCULAR,mouse,UP,False
OSD-255,Btaf1,107182,0.267023,1.44569e-10,retina,OCULAR,mouse,UP,False
OSD-255,Pdzd8,107368,-0.171778,0.0133245,retina,OCULAR,mouse,DOWN,False
OSD-255,Unc5a,107448,0.288238,0.00687983,retina,OCULAR,mouse,UP,False
OSD-255,Guca1b,107477,-0.350933,0.000374698,retina,OCULAR,mouse,DOWN,False
OSD-255,Eprs,107508,-0.163267,0.0415174,retina,OCULAR,mouse,DOWN,False
OSD-255,Ssr1,107513,-0.117628,0.0485687,retina,OCULAR,mouse,DOWN,False
OSD-255,Mylk,107589,0.231532,0.0305671,retina,OCULAR,mouse,UP,False
OSD-255,Rapgef1,107746,-0.172822,0.0278502,retina,OCULAR,mouse,DOWN,False
OSD-255,Pom121,107939,-0.210312,0.00532039,retina,OCULAR,mouse,DOWN,False
OSD-255,Ogt,108155,0.230796,0.0174998,retina,OCULAR,mouse,UP,False
OSD-255,Mlec,109154,0.437395,0.0328448,retina,OCULAR,mouse,UP,False
OSD-255,Abr,109934,-0.173472,0.0237417,retina,OCULAR,mouse,DOWN,False
OSD-255,Tmbim6,110213,-0.135976,0.0399684,retina,OCULAR,mouse,DOWN,False
OSD-255,Scn4a,110880,0.480155,0.00401847,retina,OCULAR,mouse,UP,False
OSD-255,Acadm,11364,-0.56573,1.21905e-05,retina,OCULAR,mouse,DOWN,False
OSD-255,Actb,11461,-0.240136,0.0183432,retina,OCULAR,mouse,DOWN,False
OSD-255,Actg1,11465,-0.233377,1.97599e-07,retina,OCULAR,mouse,DOWN,False
OSD-255,Dscaml1,114873,-0.453308,4.78956e-10,retina,OCULAR,mouse,DOWN,False
OSD-255,Gm24119,115487534,0.940454,0.027436,retina,OCULAR,mouse,UP,False
OSD-255,Adrb1,11554,-0.312015,0.00539352,retina,OCULAR,mouse,DOWN,False
OSD-255,Pnpla3,116939,0.412747,0.0165107,retina,OCULAR,mouse,UP,False
OSD-255,Aqp1,11826,0.482923,4.79857e-07,retina,OCULAR,mouse,UP,False
OSD-255,Rhoc,11853,-0.432123,0.0474364,retina,OCULAR,mouse,DOWN,False
OSD-255,Atp5a1,11946,-0.157009,0.036621,retina,OCULAR,mouse,DOWN,False
OSD-255,Atp10a,11982,0.621435,0.0410029,retina,OCULAR,mouse,UP,False
OSD-255,Slc7a1,11987,-0.412868,0.00185102,retina,OCULAR,mouse,DOWN,False
OSD-255,Bnip3,12176,0.359738,0.00713367,retina,OCULAR,mouse,UP,False
OSD-255,Commd3,12238,0.218048,0.0361876,retina,OCULAR,mouse,UP,False
OSD-255,Car8,12319,-0.370207,7.37935e-07,retina,OCULAR,mouse,DOWN,False
OSD-255,Camk2a,12322,-0.282287,0.026103,retina,OCULAR,mouse,DOWN,False
OSD-255,Casp7,12369,-0.513338,0.00718846,retina,OCULAR,mouse,DOWN,False
OSD-255,Ctnna1,12385,0.2242,0.00532039,retina,OCULAR,mouse,UP,False
OSD-255,Cdh4,12561,-0.268826,0.0245149,retina,OCULAR,mouse,DOWN,False
OSD-255,Cdr2,12585,-0.20171,0.040037,retina,OCULAR,mouse,DOWN,False
OSD-255,Ckmt1,12716,0.232695,0.0439178,retina,OCULAR,mouse,UP,False
OSD-255,Clcn3,12725,0.227154,0.0099104,retina,OCULAR,mouse,UP,False
OSD-255,Col19a1,12823,-0.708092,0.00170699,retina,OCULAR,mouse,DOWN,False
OSD-255,Col4a2,12827,-0.337,0.0140368,retina,OCULAR,mouse,DOWN,False
OSD-255,Cys1,12879,0.50871,0.00532953,retina,OCULAR,mouse,UP,False
OSD-255,Cpt1a,12894,-0.480525,1.82706e-07,retina,OCULAR,mouse,DOWN,False
OSD-255,Crym,12971,-0.40003,0.0491045,retina,OCULAR,mouse,DOWN,False
OSD-255,Cst3,13010,-0.285595,0.000860818,retina,OCULAR,mouse,DOWN,False
OSD-255,Dclk1,13175,-0.29717,0.0296123,retina,OCULAR,mouse,DOWN,False
OSD-255,Dio2,13371,-0.674203,0.0052147,retina,OCULAR,mouse,DOWN,False
OSD-255,Dlg1,13383,0.208184,0.0486969,retina,OCULAR,mouse,UP,False
OSD-255,Doc2b,13447,-0.315452,7.00564e-06,retina,OCULAR,mouse,DOWN,False
OSD-255,Drd4,13491,0.800694,3.1775e-58,retina,OCULAR,mouse,UP,False
OSD-255,Mapre1,13589,0.272368,0.0103319,retina,OCULAR,mouse,UP,False
OSD-255,Eef2,13629,0.140465,0.00350877,retina,OCULAR,mouse,UP,False
OSD-255,Eif4g2,13690,-0.177884,0.0245149,retina,OCULAR,mouse,DOWN,False
OSD-255,Khdrbs3,13992,0.203156,0.0323506,retina,OCULAR,mouse,UP,False
OSD-255,Fasn,14104,-0.290617,0.0177648,retina,OCULAR,mouse,DOWN,False
OSD-255,Fgf13,14168,0.311853,0.026103,retina,OCULAR,mouse,UP,False
OSD-255,Gnaz,14687,0.318878,0.000273376,retina,OCULAR,mouse,UP,False
OSD-255,Pdia3,14827,0.212127,0.026103,retina,OCULAR,mouse,UP,False
OSD-255,Hspa5,14828,0.342938,0.000150969,retina,OCULAR,mouse,UP,False
OSD-255,Guca1a,14913,-0.223351,0.0174998,retina,OCULAR,mouse,DOWN,False
OSD-255,Hcls1,15163,-0.448627,0.026103,retina,OCULAR,mouse,DOWN,False
OSD-255,Hcn1,15165,-0.319629,1.32745e-05,retina,OCULAR,mouse,DOWN,False
OSD-255,Hdac5,15184,-0.227789,0.0207096,retina,OCULAR,mouse,DOWN,False
OSD-255,Hdc,15186,-0.423397,0.000367707,retina,OCULAR,mouse,DOWN,False
OSD-255,Hk2,15277,0.280133,0.00674444,retina,OCULAR,mouse,UP,False
OSD-255,Hmgb3,15354,-0.499437,0.00173202,retina,OCULAR,mouse,DOWN,False
OSD-255,Hnrnpa1,15382,-0.203309,0.0283393,retina,OCULAR,mouse,DOWN,False
OSD-255,Hspa8,15481,0.369984,0.000104884,retina,OCULAR,mouse,UP,False
OSD-255,Hsp90aa1,15519,0.270404,0.0237417,retina,OCULAR,mouse,UP,False
OSD-255,Ide,15925,0.400035,8.61517e-08,retina,OCULAR,mouse,UP,False
OSD-255,Jchain,16069,-0.50867,0.0474364,retina,OCULAR,mouse,DOWN,False
OSD-255,Ipw,16353,0.248012,0.00713367,retina,OCULAR,mouse,UP,False
OSD-255,Kif1b,16561,-0.370307,0.00249604,retina,OCULAR,mouse,DOWN,False
OSD-255,Mfn2,170731,-0.140989,0.0431987,retina,OCULAR,mouse,DOWN,False
OSD-255,Arr3,170735,-0.300777,0.000518182,retina,OCULAR,mouse,DOWN,False
OSD-255,Glmn,170823,-0.68253,4.1072e-14,retina,OCULAR,mouse,DOWN,False
OSD-255,Slc3a2,17254,-0.195218,0.0162655,retina,OCULAR,mouse,DOWN,False
OSD-255,Pias2,17344,0.203024,0.0168167,retina,OCULAR,mouse,UP,False
OSD-255,Sik1,17691,-0.553086,0.02426,retina,OCULAR,mouse,DOWN,False
OSD-255,Map1a,17754,-0.200692,0.0133245,retina,OCULAR,mouse,DOWN,False
OSD-255,Map1b,17755,-0.218984,0.0228587,retina,OCULAR,mouse,DOWN,False
OSD-255,Map4,17758,-0.145645,0.00887309,retina,OCULAR,mouse,DOWN,False
OSD-255,Mast2,17776,-0.219754,0.0355846,retina,OCULAR,mouse,DOWN,False
OSD-255,Ncam1,17967,-0.169382,0.000854404,retina,OCULAR,mouse,DOWN,False
OSD-255,Nin,18080,0.303808,0.00168851,retina,OCULAR,mouse,UP,False
OSD-255,Nktr,18087,0.342808,0.0171897,retina,OCULAR,mouse,UP,False
OSD-255,Nr4a3,18124,-1.07983,0.0432703,retina,OCULAR,mouse,DOWN,True
OSD-255,Nptx1,18164,-0.249271,0.000104884,retina,OCULAR,mouse,DOWN,False
OSD-255,Mybbp1a,18432,-0.233925,0.037889,retina,OCULAR,mouse,DOWN,False
OSD-255,P4ha1,18451,0.245031,0.00687983,retina,OCULAR,mouse,UP,False
OSD-255,Per1,18626,-0.311015,0.000273376,retina,OCULAR,mouse,DOWN,False
OSD-255,Per3,18628,0.242689,0.0259575,retina,OCULAR,mouse,UP,False
OSD-255,Pgk1,18655,0.183536,0.0321477,retina,OCULAR,mouse,UP,False
OSD-255,Pla2r1,18779,-0.289271,0.0182834,retina,OCULAR,mouse,DOWN,False
OSD-255,Prnp,19122,0.179539,0.0114905,retina,OCULAR,mouse,UP,False
OSD-255,Pros1,19128,-0.676351,0.0391227,retina,OCULAR,mouse,DOWN,False
OSD-255,Prox1,19130,-0.155259,0.0147297,retina,OCULAR,mouse,DOWN,False
OSD-255,Prph,19132,0.811131,0.0148624,retina,OCULAR,mouse,UP,False
OSD-255,Lgmn,19141,0.199323,0.0203119,retina,OCULAR,mouse,UP,False
OSD-255,Npepps,19155,0.218946,0.0340948,retina,OCULAR,mouse,UP,False
OSD-255,Prpf8,192159,-0.227698,0.00443278,retina,OCULAR,mouse,DOWN,False
OSD-255,Ptp4a1,19243,1.33519,0.026103,retina,OCULAR,mouse,UP,True
OSD-255,Rab11b,19326,-0.186569,0.0147405,retina,OCULAR,mouse,DOWN,False
OSD-255,Abhd16a,193742,-0.205026,0.0453729,retina,OCULAR,mouse,DOWN,False
OSD-255,Ranbp2,19386,-0.186065,0.00687983,retina,OCULAR,mouse,DOWN,False
OSD-255,Rbm3,19652,-0.286319,0.0321168,retina,OCULAR,mouse,DOWN,False
OSD-255,Rbp3,19661,-0.220858,0.00043482,retina,OCULAR,mouse,DOWN,False
OSD-255,Rcvrn,19674,0.259282,0.00228831,retina,OCULAR,mouse,UP,False
OSD-255,Rlbp1,19771,-0.246562,0.0226509,retina,OCULAR,mouse,DOWN,False
OSD-255,Rs1,20147,-0.332257,3.70546e-05,retina,OCULAR,mouse,DOWN,False
OSD-255,Sag,20215,-0.644363,6.88608e-21,retina,OCULAR,mouse,DOWN,False
OSD-255,Sema6c,20360,-0.518518,0.0168167,retina,OCULAR,mouse,DOWN,False
OSD-255,Slc20a2,20516,-0.308896,0.0286738,retina,OCULAR,mouse,DOWN,False
OSD-255,Slc7a5,20539,-0.35787,0.00033216,retina,OCULAR,mouse,DOWN,False
OSD-255,Hltf,20585,0.259387,0.000108091,retina,OCULAR,mouse,UP,False
OSD-255,Snrnp70,20637,0.193656,0.0279339,retina,OCULAR,mouse,UP,False
OSD-255,Sntb2,20650,0.190988,0.0479759,retina,OCULAR,mouse,UP,False
OSD-255,Sp4,20688,0.216305,0.000473114,retina,OCULAR,mouse,UP,False
OSD-255,Ubald1,207740,-0.189254,0.014595,retina,OCULAR,mouse,DOWN,False
OSD-255,Stc1,20855,-0.451626,0.00887309,retina,OCULAR,mouse,DOWN,False
OSD-255,Eif4g1,208643,-0.194529,0.0198281,retina,OCULAR,mouse,DOWN,False
OSD-255,Stxbp1,20910,-0.35947,9.79759e-06,retina,OCULAR,mouse,DOWN,False
OSD-255,Syt1,20979,-0.128604,0.0133245,retina,OCULAR,mouse,DOWN,False
OSD-255,Ddx46,212880,-0.230923,0.00443278,retina,OCULAR,mouse,DOWN,False
OSD-255,Prdm9,213389,0.277399,0.0392143,retina,OCULAR,mouse,UP,False
OSD-255,Med16,216154,-0.238952,0.0156467,retina,OCULAR,mouse,DOWN,False
OSD-255,Zfc3h1,216345,0.17658,0.0163744,retina,OCULAR,mouse,UP,False
OSD-255,Pde8b,218461,0.323395,0.0214424,retina,OCULAR,mouse,UP,False
OSD-255,Ubb-ps,218963,-0.26529,0.00173202,retina,OCULAR,mouse,DOWN,False
OSD-255,Akap11,219181,0.174418,0.0201943,retina,OCULAR,mouse,UP,False
OSD-255,Tnfsf12,21944,-0.240838,0.0268552,retina,OCULAR,mouse,DOWN,False
OSD-255,Tnks,21951,-0.202379,0.0127858,retina,OCULAR,mouse,DOWN,False
OSD-255,Hsp90b1,22027,0.247924,3.13851e-05,retina,OCULAR,mouse,UP,False
OSD-255,Trpc1,22063,-0.318779,0.033785,retina,OCULAR,mouse,DOWN,False
OSD-255,Zrsr1,22183,0.248803,0.00252713,retina,OCULAR,mouse,UP,False
OSD-255,Ubb,22187,-0.232415,0.00672629,retina,OCULAR,mouse,DOWN,False
OSD-255,Ubc,22190,-0.338544,3.98708e-12,retina,OCULAR,mouse,DOWN,False
OSD-255,Vldlr,22359,-0.173406,0.0136538,retina,OCULAR,mouse,DOWN,False
OSD-255,Them6,223626,-0.253474,0.00621844,retina,OCULAR,mouse,DOWN,False
OSD-255,Vtn,22370,-0.230575,0.000515878,retina,OCULAR,mouse,DOWN,False
OSD-255,Pak2,224105,-0.178232,0.0163397,retina,OCULAR,mouse,DOWN,False
OSD-255,Xbp1,22433,0.327615,0.0300094,retina,OCULAR,mouse,UP,False
OSD-255,Pcare,225004,-0.360965,1.29423e-05,retina,OCULAR,mouse,DOWN,False
OSD-255,Fhod3,225288,-0.187439,0.0480062,retina,OCULAR,mouse,DOWN,False
OSD-255,Ubtd1,226122,-0.365552,0.00403508,retina,OCULAR,mouse,DOWN,False
OSD-255,Zfp207,22680,0.187324,0.027436,retina,OCULAR,mouse,UP,False
OSD-255,Zdhhc5,228136,0.222327,0.00201286,retina,OCULAR,mouse,UP,False
OSD-255,Lrp4,228357,-0.362372,0.0133245,retina,OCULAR,mouse,DOWN,False
OSD-255,Ddx27,228889,-0.218582,0.0432703,retina,OCULAR,mouse,DOWN,False
OSD-255,Nol6,230082,-0.292745,0.0110305,retina,OCULAR,mouse,DOWN,False
OSD-255,Adgrb2,230775,-0.543818,2.16854e-05,retina,OCULAR,mouse,DOWN,False
OSD-255,Sesn2,230784,-0.406478,0.00208533,retina,OCULAR,mouse,DOWN,False
OSD-255,Gckr,231103,0.687456,0.00330094,retina,OCULAR,mouse,UP,False
OSD-255,Sdad1,231452,-0.491598,0.0434417,retina,OCULAR,mouse,DOWN,False
OSD-255,Gak,231580,-0.151046,0.0479759,retina,OCULAR,mouse,DOWN,False
OSD-255,Iqsec1,232227,-0.345552,1.2951e-08,retina,OCULAR,mouse,DOWN,False
OSD-255,Zscan22,232878,0.248289,0.0466764,retina,OCULAR,mouse,UP,False
OSD-255,Itpkc,233011,-0.31984,0.037889,retina,OCULAR,mouse,DOWN,False
OSD-255,Zfp790,233056,0.29523,0.0451708,retina,OCULAR,mouse,UP,False
OSD-255,Mtmr10,233315,-0.530381,0.0135608,retina,OCULAR,mouse,DOWN,False
OSD-255,Dchs1,233651,-0.361509,0.021902,retina,OCULAR,mouse,DOWN,False
OSD-255,Cbr4,234309,0.40695,0.0261906,retina,OCULAR,mouse,UP,False
OSD-255,Vac14,234729,-0.211298,0.0365342,retina,OCULAR,mouse,DOWN,False
OSD-255,Klhl36,234796,-0.276868,0.00472805,retina,OCULAR,mouse,DOWN,False
OSD-255,Ntm,235106,-0.181958,0.0432703,retina,OCULAR,mouse,DOWN,False
OSD-255,Sik2,235344,0.59557,5.86267e-08,retina,OCULAR,mouse,UP,False
OSD-255,Mindy2,235461,0.144949,0.0338346,retina,OCULAR,mouse,UP,False
OSD-255,Lynx1,23936,-0.217265,7.5428e-05,retina,OCULAR,mouse,DOWN,False
OSD-255,Zfp563,240068,0.299054,0.0393325,retina,OCULAR,mouse,UP,False
OSD-255,Slco5a1,240726,-0.316041,0.0324656,retina,OCULAR,mouse,DOWN,False
OSD-255,Lsm14b,241846,-0.242955,0.0209908,retina,OCULAR,mouse,DOWN,False
OSD-255,Slc1a7,242607,0.177058,0.0472956,retina,OCULAR,mouse,UP,False
OSD-255,Hspb6,243912,-0.248485,0.0133245,retina,OCULAR,mouse,DOWN,False
OSD-255,Mtss2,244654,-0.22166,0.00479518,retina,OCULAR,mouse,DOWN,False
OSD-255,Sprtn,244666,-0.379956,0.0440323,retina,OCULAR,mouse,DOWN,False
OSD-255,Slitrk2,245450,-0.241053,0.0451708,retina,OCULAR,mouse,DOWN,False
OSD-255,Pcmtd2,245867,-0.332177,2.38669e-12,retina,OCULAR,mouse,DOWN,False
OSD-255,Nphp4,260305,0.448772,0.00748706,retina,OCULAR,mouse,UP,False
OSD-255,Ncdn,26562,-0.19371,0.0133245,retina,OCULAR,mouse,DOWN,False
OSD-255,Frmpd2,268729,0.385814,3.13851e-05,retina,OCULAR,mouse,UP,False
OSD-255,Snord32a,27209,0.623667,0.0355846,retina,OCULAR,mouse,UP,False
OSD-255,Cartpt,27220,-0.333865,0.000125157,retina,OCULAR,mouse,DOWN,False
OSD-255,Plekhb1,27276,0.281482,0.00336415,retina,OCULAR,mouse,UP,False
OSD-255,Abca7,27403,0.310216,0.00687983,retina,OCULAR,mouse,UP,False
OSD-255,Prpf19,28000,-0.240397,0.00532039,retina,OCULAR,mouse,DOWN,False
OSD-255,Cabp5,29865,0.287419,0.00173005,retina,OCULAR,mouse,UP,False
OSD-255,H3c10,319152,1.40473,0.0172974,retina,OCULAR,mouse,UP,True
OSD-255,H2ac6,319164,0.42944,0.0324303,retina,OCULAR,mouse,UP,False
OSD-255,H2bc6,319179,0.486581,0.000271176,retina,OCULAR,mouse,UP,False
OSD-255,Dusp4,319520,-0.367025,0.0245149,retina,OCULAR,mouse,DOWN,False
OSD-255,Cacna2d4,319734,0.167169,0.0212527,retina,OCULAR,mouse,UP,False
OSD-255,A930006I01Rik,319854,0.226726,0.037889,retina,OCULAR,mouse,UP,False
OSD-255,C430042M11Rik,320021,0.492977,0.0251141,retina,OCULAR,mouse,UP,False
OSD-255,A330076H08Rik,320026,0.41142,0.0251141,retina,OCULAR,mouse,UP,False
OSD-255,Pik3r5,320207,0.574816,0.0141927,retina,OCULAR,mouse,UP,False
OSD-255,A430035B10Rik,320312,0.421684,0.00249604,retina,OCULAR,mouse,UP,False
OSD-255,Strip2,320609,-0.316586,0.00170699,retina,OCULAR,mouse,DOWN,False
OSD-255,A930033H14Rik,320700,0.329277,0.0133245,retina,OCULAR,mouse,UP,False
OSD-255,A330023F24Rik,320977,0.278645,0.0273486,retina,OCULAR,mouse,UP,False
OSD-255,Pitpnm3,327958,0.474974,5.59142e-10,retina,OCULAR,mouse,UP,False
OSD-255,A930003O13Rik,330052,0.352119,0.0254006,retina,OCULAR,mouse,UP,False
OSD-255,Kctd10,330171,-0.297061,0.0202489,retina,OCULAR,mouse,DOWN,False
OSD-255,Rnf150,330812,0.144438,0.0371255,retina,OCULAR,mouse,UP,False
OSD-255,Tceal5,331532,-0.213236,0.0212527,retina,OCULAR,mouse,DOWN,False
OSD-255,Bend3,331623,-0.576203,0.00687983,retina,OCULAR,mouse,DOWN,False
OSD-255,Gars,353172,-0.267157,7.00564e-06,retina,OCULAR,mouse,DOWN,False
OSD-255,Vgf,381677,-0.844541,2.15926e-11,retina,OCULAR,mouse,DOWN,False
OSD-255,Cpsf6,432508,0.182502,0.027469,retina,OCULAR,mouse,UP,False
OSD-255,Adcy1,432530,-0.432955,2.21319e-07,retina,OCULAR,mouse,DOWN,False
OSD-255,Zscan26,432731,0.164338,0.0133245,retina,OCULAR,mouse,UP,False
OSD-255,Lrrc8b,433926,-0.16052,0.0248661,retina,OCULAR,mouse,DOWN,False
OSD-255,Acd,497652,-0.267912,0.0136538,retina,OCULAR,mouse,DOWN,False
OSD-255,Dkk3,50781,-0.22985,0.011274,retina,OCULAR,mouse,DOWN,False
OSD-255,Hnrnpdl,50926,-0.331926,4.20787e-05,retina,OCULAR,mouse,DOWN,False
OSD-255,Slc7a8,50934,-0.364644,0.0473818,retina,OCULAR,mouse,DOWN,False
OSD-255,Uba2,50995,-0.247892,0.0136538,retina,OCULAR,mouse,DOWN,False
OSD-255,Cdk2ap2,52004,0.305303,0.0137128,retina,OCULAR,mouse,UP,False
OSD-255,Wwc2,52357,0.123514,0.0286738,retina,OCULAR,mouse,UP,False
OSD-255,Ahi1,52906,0.223324,0.0110305,retina,OCULAR,mouse,UP,False
OSD-255,Hpcal1,53602,-0.396585,5.49857e-08,retina,OCULAR,mouse,DOWN,False
OSD-255,Irf7,54123,1.41962,7.21893e-19,retina,OCULAR,mouse,UP,True
OSD-255,Gramd2a,546134,0.257863,0.021902,retina,OCULAR,mouse,UP,False
OSD-255,Ddx21,56200,-0.252723,0.0355846,retina,OCULAR,mouse,DOWN,False
OSD-255,Pals1,56217,0.22012,0.0432703,retina,OCULAR,mouse,UP,False
OSD-255,Higd1a,56295,0.243028,0.0299233,retina,OCULAR,mouse,UP,False
OSD-255,Pfkp,56421,0.357328,0.0217174,retina,OCULAR,mouse,UP,False
OSD-255,Clip1,56430,0.187018,0.0114905,retina,OCULAR,mouse,UP,False
OSD-255,Dnajb2,56812,0.327562,5.0877e-07,retina,OCULAR,mouse,UP,False
OSD-255,Cxcl14,57266,-0.399132,4.51988e-07,retina,OCULAR,mouse,DOWN,False
OSD-255,Wdr46,57315,-0.381324,0.0364969,retina,OCULAR,mouse,DOWN,False
OSD-255,Jph1,57339,-0.69599,0.0328448,retina,OCULAR,mouse,DOWN,False
OSD-255,Noc2l,57741,-0.23982,0.0245332,retina,OCULAR,mouse,DOWN,False
OSD-255,Rgs20,58175,-0.483658,5.24708e-08,retina,OCULAR,mouse,DOWN,False
OSD-255,Rrs1,59014,-0.282151,0.0342856,retina,OCULAR,mouse,DOWN,False
OSD-255,Rcl1,59028,-0.429872,0.0337582,retina,OCULAR,mouse,DOWN,False
OSD-255,Pcbp3,59093,-0.152539,0.0136538,retina,OCULAR,mouse,DOWN,False
OSD-255,Tnfsfm13,619441,-0.644816,3.34539e-06,retina,OCULAR,mouse,DOWN,False
OSD-255,Rad54b,623474,0.792745,9.03728e-09,retina,OCULAR,mouse,UP,False
OSD-255,Gpr88,64378,-0.715582,0.0133245,retina,OCULAR,mouse,DOWN,False
OSD-255,Arl6ip6,65103,0.309033,0.0340948,retina,OCULAR,mouse,UP,False
OSD-255,Ethe1,66071,0.419574,0.0224393,retina,OCULAR,mouse,UP,False
OSD-255,Eif3f,66085,0.161861,0.00228831,retina,OCULAR,mouse,UP,False
OSD-255,Grina,66168,-0.21236,0.000124165,retina,OCULAR,mouse,DOWN,False
OSD-255,Cox14,66379,0.327006,0.0147405,retina,OCULAR,mouse,UP,False
OSD-255,Rnf113a2,66381,0.298421,0.0162137,retina,OCULAR,mouse,UP,False
OSD-255,Pcp4l1,66425,0.338853,0.000112531,retina,OCULAR,mouse,UP,False
OSD-255,Rnf181,66510,0.234818,0.00224855,retina,OCULAR,mouse,UP,False
OSD-255,Asrgl1,66514,-0.218362,0.0452102,retina,OCULAR,mouse,DOWN,False
OSD-255,Uqcrh,66576,0.248341,0.00210644,retina,OCULAR,mouse,UP,False
OSD-255,Frmpd1,666060,0.288635,0.000154441,retina,OCULAR,mouse,UP,False
OSD-255,Pnisr,66625,0.264423,0.0152406,retina,OCULAR,mouse,UP,False
OSD-255,Asf1b,66929,1.03149,0.0118769,retina,OCULAR,mouse,UP,True
OSD-255,Bfar,67118,0.668825,0.027626,retina,OCULAR,mouse,UP,False
OSD-255,Slc25a19,67283,0.39174,0.000374698,retina,OCULAR,mouse,UP,False
OSD-255,Ankrd33b,67434,-0.396726,2.66274e-08,retina,OCULAR,mouse,DOWN,False
OSD-255,Spata6,67946,0.524117,0.0259123,retina,OCULAR,mouse,UP,False
OSD-255,H2bc4,68024,0.507524,4.56476e-12,retina,OCULAR,mouse,UP,False
OSD-255,Vps53,68299,-0.198899,0.0151967,retina,OCULAR,mouse,DOWN,False
OSD-255,Btbd10,68815,0.22167,0.0228587,retina,OCULAR,mouse,UP,False
OSD-255,Zdhhc3,69035,-0.233822,0.0174998,retina,OCULAR,mouse,DOWN,False
OSD-255,Dyrk2,69181,-0.353913,0.0209908,retina,OCULAR,mouse,DOWN,False
OSD-255,Pdzph1,69239,-0.843249,4.76444e-22,retina,OCULAR,mouse,DOWN,False
OSD-255,Pacrg,69310,0.347416,0.0092536,retina,OCULAR,mouse,UP,False
OSD-255,Prss56,69453,-0.945129,4.10012e-05,retina,OCULAR,mouse,DOWN,False
OSD-255,Mapk1ip1,69546,0.314821,2.52829e-05,retina,OCULAR,mouse,UP,False
OSD-255,Wdr20,69641,0.231936,0.0099104,retina,OCULAR,mouse,UP,False
OSD-255,Rpain,69723,0.466725,0.0212595,retina,OCULAR,mouse,UP,False
OSD-255,Dpf3,70127,-0.278096,0.00163043,retina,OCULAR,mouse,DOWN,False
OSD-255,Fam162a,70186,0.278833,0.0452102,retina,OCULAR,mouse,UP,False
OSD-255,St13,70356,0.304975,0.00248505,retina,OCULAR,mouse,UP,False
OSD-255,Mir124-2hg,70441,0.21539,7.72547e-05,retina,OCULAR,mouse,UP,False
OSD-255,Arid5b,71371,-0.258954,0.00715903,retina,OCULAR,mouse,DOWN,False
OSD-255,Cdcp3,71395,-0.698908,1.08183e-09,retina,OCULAR,mouse,DOWN,False
OSD-255,Klhdc3,71765,-0.20105,0.00674444,retina,OCULAR,mouse,DOWN,False
OSD-255,Isyna1,71780,-0.327209,0.0133245,retina,OCULAR,mouse,DOWN,False
OSD-255,2610008E11Rik,72128,0.212351,0.0131278,retina,OCULAR,mouse,UP,False
OSD-255,Wdr89,72338,-0.57124,0.00407204,retina,OCULAR,mouse,DOWN,False
OSD-255,Taf4b,72504,-0.43538,0.0279339,retina,OCULAR,mouse,DOWN,False
OSD-255,Fgfbp3,72514,0.703603,0.000756746,retina,OCULAR,mouse,UP,False
OSD-255,Skida1,72668,-0.244127,0.00687983,retina,OCULAR,mouse,DOWN,False
OSD-255,Ppp2r2b,72930,-0.417235,0.000655325,retina,OCULAR,mouse,DOWN,False
OSD-255,3110056K07Rik,73204,0.346084,0.026103,retina,OCULAR,mouse,UP,False
OSD-255,Nptxr,73340,-0.219872,0.000473114,retina,OCULAR,mouse,DOWN,False
OSD-255,1700001O22Rik,73598,-0.64822,0.0125198,retina,OCULAR,mouse,DOWN,False
OSD-255,Psd,73728,-0.219857,0.0358581,retina,OCULAR,mouse,DOWN,False
OSD-255,Fam110a,73847,0.453837,0.00362423,retina,OCULAR,mouse,UP,False
OSD-255,Grip1,74053,-0.176385,0.0168167,retina,OCULAR,mouse,DOWN,False
OSD-255,Lrrc2,74249,0.38837,0.0387618,retina,OCULAR,mouse,UP,False
OSD-255,Manf,74840,0.338508,0.00885513,retina,OCULAR,mouse,UP,False
OSD-255,Usp47,74996,-0.138542,0.00748706,retina,OCULAR,mouse,DOWN,False
OSD-255,Cfap210,75051,0.292311,0.0056333,retina,OCULAR,mouse,UP,False
OSD-255,Fabp12,75497,0.352318,4.7912e-05,retina,OCULAR,mouse,UP,False
OSD-255,Wnk2,75607,-0.154288,0.0472336,retina,OCULAR,mouse,DOWN,False
OSD-255,Ipo4,75751,-0.351333,0.021902,retina,OCULAR,mouse,DOWN,False
OSD-255,Rab30,75985,-0.287673,0.00479518,retina,OCULAR,mouse,DOWN,False
OSD-255,Arhgap15,76117,0.938961,0.026103,retina,OCULAR,mouse,UP,False
OSD-255,Med13l,76199,-0.489104,3.05194e-10,retina,OCULAR,mouse,DOWN,False
OSD-255,Cfap70,76670,1.12683,0.00569577,retina,OCULAR,mouse,UP,True
OSD-255,Creld2,76737,0.384439,0.025476,retina,OCULAR,mouse,UP,False
OSD-255,H2az2,77605,0.309369,0.00291516,retina,OCULAR,mouse,UP,False
OSD-255,Snapc3,77634,0.273348,0.0253525,retina,OCULAR,mouse,UP,False
OSD-255,A930031H19Rik,77835,-2.06379,1.3962e-09,retina,OCULAR,mouse,DOWN,True
OSD-255,Phf23,78246,0.250924,0.0156276,retina,OCULAR,mouse,UP,False
OSD-255,Pigt,78928,-0.194253,0.000487077,retina,OCULAR,mouse,DOWN,False
OSD-255,Hdac9,79221,-0.284973,2.8424e-06,retina,OCULAR,mouse,DOWN,False
OSD-255,Slc16a3,80879,0.309054,0.000518182,retina,OCULAR,mouse,UP,False
OSD-255,Rnf123,84585,-0.262691,0.00433459,retina,OCULAR,mouse,DOWN,False
OSD-255,Csmd1,94109,-0.476996,0.0054286,retina,OCULAR,mouse,DOWN,False
OSD-255,Slc4a10,94229,0.271147,0.0121272,retina,OCULAR,mouse,UP,False
OSD-255,Stk17b,98267,0.387195,0.0461323,retina,OCULAR,mouse,UP,False
OSD-255,Ehd4,98878,-0.423795,0.0042844,retina,OCULAR,mouse,DOWN,False
OSD-255,Magi3,99470,0.220147,0.0361876,retina,OCULAR,mouse,UP,False
OSD-100,Isg15,100038882,0.925441,0.0270044,left eye,OCULAR,mouse,UP,False
OSD-100,Rpl35rt,100038991,-0.191665,0.0345953,left eye,OCULAR,mouse,DOWN,False
OSD-100,Kcnj13,100040591,0.382722,0.0160296,left eye,OCULAR,mouse,UP,False
OSD-100,R3hdml,100043899,-1.14327,0.00200648,left eye,OCULAR,mouse,DOWN,True
OSD-100,3425401B19Rik,100504518,-0.80615,0.0338435,left eye,OCULAR,mouse,DOWN,False
OSD-100,Upk3b,100647,-0.682534,0.0277344,left eye,OCULAR,mouse,DOWN,False
OSD-100,Ndufb1,102631912,-0.203981,0.0213665,left eye,OCULAR,mouse,DOWN,False
OSD-100,Colq,102639719,-1.15416,0.0394277,left eye,OCULAR,mouse,DOWN,True
OSD-100,Upb1,103149,-1.03639,0.00286851,left eye,OCULAR,mouse,DOWN,True
OSD-100,Tex15,104271,0.421296,0.00632182,left eye,OCULAR,mouse,UP,False
OSD-100,Atf5,107503,-0.317897,0.0484367,left eye,OCULAR,mouse,DOWN,False
OSD-100,Fxyd4,108017,-0.965044,0.0177209,left eye,OCULAR,mouse,DOWN,False
OSD-100,Etfb,110826,-0.303294,0.0339561,left eye,OCULAR,mouse,DOWN,False
OSD-100,Kcnq3,110862,0.348497,0.0492588,left eye,OCULAR,mouse,UP,False
OSD-100,Scn2a,110876,0.272649,0.000112142,left eye,OCULAR,mouse,UP,False
OSD-100,Aldh2,11669,-0.223505,0.00276731,left eye,OCULAR,mouse,DOWN,False
OSD-100,Synpo2,118449,-0.50324,0.0244521,left eye,OCULAR,mouse,DOWN,False
OSD-100,Arntl,11865,0.264445,0.0102838,left eye,OCULAR,mouse,UP,False
OSD-100,Atp5a1,11946,-0.249286,0.00290711,left eye,OCULAR,mouse,DOWN,False
OSD-100,Atp5c1,11949,-0.247269,0.0236232,left eye,OCULAR,mouse,DOWN,False
OSD-100,Atp5j,11957,-0.18926,0.0139287,left eye,OCULAR,mouse,DOWN,False
OSD-100,Bckdhb,12040,-0.344957,0.0106649,left eye,OCULAR,mouse,DOWN,False
OSD-100,C1qbp,12261,-0.201339,0.00412057,left eye,OCULAR,mouse,DOWN,False
OSD-100,Cacnb2,12296,0.251858,0.00321513,left eye,OCULAR,mouse,UP,False
OSD-100,Cav1,12389,-0.340325,0.00563525,left eye,OCULAR,mouse,DOWN,False
OSD-100,Ccnd2,12444,-0.300122,0.0402277,left eye,OCULAR,mouse,DOWN,False
OSD-100,Cdo1,12583,-0.330689,0.00276731,left eye,OCULAR,mouse,DOWN,False
OSD-100,Cox7c,12867,-0.23482,0.0133835,left eye,OCULAR,mouse,DOWN,False
OSD-100,Dag1,13138,-0.147182,0.0157426,left eye,OCULAR,mouse,DOWN,False
OSD-100,Dbp,13170,-0.455127,0.00620225,left eye,OCULAR,mouse,DOWN,False
OSD-100,Lefty1,13590,-0.767779,0.0208017,left eye,OCULAR,mouse,DOWN,False
OSD-100,Egr4,13656,-0.915593,0.0112217,left eye,OCULAR,mouse,DOWN,False
OSD-100,Chchd2,14004,-0.181417,0.0393189,left eye,OCULAR,mouse,DOWN,False
OSD-100,Fbp2,14120,-1.29637,0.0393189,left eye,OCULAR,mouse,DOWN,True
OSD-100,Fech,14151,-0.254291,0.0438676,left eye,OCULAR,mouse,DOWN,False
OSD-100,Fgf14,14169,0.241602,0.0213665,left eye,OCULAR,mouse,UP,False
OSD-100,Fjx1,14221,-0.30702,0.0133835,left eye,OCULAR,mouse,DOWN,False
OSD-100,Gabrr2,14409,0.196965,0.0393189,left eye,OCULAR,mouse,UP,False
OSD-100,Gfpt2,14584,-0.628919,0.00278437,left eye,OCULAR,mouse,DOWN,False
OSD-100,Gnat2,14686,0.234576,0.00620225,left eye,OCULAR,mouse,UP,False
OSD-100,Gpr65,14744,0.810091,0.0467559,left eye,OCULAR,mouse,UP,False
OSD-100,Gpr162,14788,0.231329,0.0235394,left eye,OCULAR,mouse,UP,False
OSD-100,Gstm2,14863,-0.37708,0.00479225,left eye,OCULAR,mouse,DOWN,False
OSD-100,Hadh,15107,-0.425695,0.0230538,left eye,OCULAR,mouse,DOWN,False
OSD-100,Hsd17b10,15108,-0.243348,0.00279113,left eye,OCULAR,mouse,DOWN,False
OSD-100,Has2,15117,-0.878143,0.00138171,left eye,OCULAR,mouse,DOWN,False
OSD-100,Hmgcs2,15360,-0.305952,0.00471529,left eye,OCULAR,mouse,DOWN,False
OSD-100,Nr4a1,15370,-0.599796,0.000338681,left eye,OCULAR,mouse,DOWN,False
OSD-100,Ifit1,15957,0.789058,0.0270434,left eye,OCULAR,mouse,UP,False
OSD-100,Il1a,16175,0.823782,8.56806e-06,left eye,OCULAR,mouse,UP,False
OSD-100,Kcna2,16490,0.210721,0.0263149,left eye,OCULAR,mouse,UP,False
OSD-100,Kcns2,16539,0.358595,0.0207931,left eye,OCULAR,mouse,UP,False
OSD-100,Kif1c,16562,-0.234663,0.00276731,left eye,OCULAR,mouse,DOWN,False
OSD-100,Klf2,16598,-0.402984,0.00276731,left eye,OCULAR,mouse,DOWN,False
OSD-100,Rpsa,16785,-0.223833,0.0403331,left eye,OCULAR,mouse,DOWN,False
OSD-100,Lrp8,16975,0.196481,0.00106025,left eye,OCULAR,mouse,UP,False
OSD-100,Mcl1,17210,-0.163528,0.0201949,left eye,OCULAR,mouse,DOWN,False
OSD-100,Melk,17279,0.334134,0.0443084,left eye,OCULAR,mouse,UP,False
OSD-100,Meox2,17286,-0.569237,0.0245722,left eye,OCULAR,mouse,DOWN,False
OSD-100,Myh2,17882,-0.63668,0.00878661,left eye,OCULAR,mouse,DOWN,False
OSD-100,Myl4,17896,-0.667868,0.0133141,left eye,OCULAR,mouse,DOWN,False
OSD-100,Nfe2l2,18024,-0.224186,0.00392963,left eye,OCULAR,mouse,DOWN,False
OSD-100,Nfil3,18030,0.342703,0.00632182,left eye,OCULAR,mouse,UP,False
OSD-100,Nme2,18103,-0.333778,9.89826e-12,left eye,OCULAR,mouse,DOWN,False
OSD-100,Npas2,18143,0.579196,0.0112217,left eye,OCULAR,mouse,UP,False
OSD-100,Per2,18627,-0.576963,8.56806e-06,left eye,OCULAR,mouse,DOWN,False
OSD-100,Pgr,18667,0.414276,0.0467933,left eye,OCULAR,mouse,UP,False
OSD-100,Plec,18810,-0.214382,0.0139287,left eye,OCULAR,mouse,DOWN,False
OSD-100,Pln,18821,-1.16046,0.00264376,left eye,OCULAR,mouse,DOWN,True
OSD-100,Pstpip2,19201,-0.469964,0.0111742,left eye,OCULAR,mouse,DOWN,False
OSD-100,Hexim1,192231,-0.162164,0.0394277,left eye,OCULAR,mouse,DOWN,False
OSD-100,Ptprn,19275,0.341681,4.42321e-05,left eye,OCULAR,mouse,UP,False
OSD-100,Mtmr11,194126,0.502816,0.0329159,left eye,OCULAR,mouse,UP,False
OSD-100,Klf11,194655,-0.47399,2.32546e-06,left eye,OCULAR,mouse,DOWN,False
OSD-100,Rgs5,19737,0.282254,0.0498123,left eye,OCULAR,mouse,UP,False
OSD-100,Rpl18,19899,-0.227967,0.0167936,left eye,OCULAR,mouse,DOWN,False
OSD-100,Rpl21,19933,-0.196093,0.0438676,left eye,OCULAR,mouse,DOWN,False
OSD-100,Rpl22,19934,-0.187988,0.0139287,left eye,OCULAR,mouse,DOWN,False
OSD-100,Rpl36a,19982,-0.232148,0.00632182,left eye,OCULAR,mouse,DOWN,False
OSD-100,Scn1a,20265,0.301578,0.0156364,left eye,OCULAR,mouse,UP,False
OSD-100,Sftpd,20390,-1.08656,0.0177041,left eye,OCULAR,mouse,DOWN,True
OSD-100,St8sia3,20451,0.322605,0.0339504,left eye,OCULAR,mouse,UP,False
OSD-100,Sst,20604,1.52203,2.32546e-06,left eye,OCULAR,mouse,UP,True
OSD-100,Serpinb6a,20719,-0.279992,0.0293771,left eye,OCULAR,mouse,DOWN,False
OSD-100,Ubap1l,208080,0.245242,0.0498123,left eye,OCULAR,mouse,UP,False
OSD-100,Kntc1,208628,0.830617,0.00276731,left eye,OCULAR,mouse,UP,False
OSD-100,Bhlhe40,20893,-0.2346,0.0314228,left eye,OCULAR,mouse,DOWN,False
OSD-100,Shank2,210274,0.226667,0.00276731,left eye,OCULAR,mouse,UP,False
OSD-100,Asxl3,211961,0.298086,0.0415688,left eye,OCULAR,mouse,UP,False
OSD-100,Taldo1,21351,-0.195514,0.0156364,left eye,OCULAR,mouse,DOWN,False
OSD-100,Tbx3,21386,0.247422,0.0470099,left eye,OCULAR,mouse,UP,False
OSD-100,Rnpep,215615,0.205412,0.0268932,left eye,OCULAR,mouse,UP,False
OSD-100,Hkdc1,216019,0.542492,0.00652534,left eye,OCULAR,mouse,UP,False
OSD-100,Pdxk,216134,-0.265549,2.02753e-05,left eye,OCULAR,mouse,DOWN,False
OSD-100,Tef,21685,-0.288322,0.00652534,left eye,OCULAR,mouse,DOWN,False
OSD-100,Nr1d1,217166,-0.363612,0.0107257,left eye,OCULAR,mouse,DOWN,False
OSD-100,Llgl2,217325,0.175229,0.0233172,left eye,OCULAR,mouse,UP,False
OSD-100,Inmt,21743,-0.67174,0.00305861,left eye,OCULAR,mouse,DOWN,False
OSD-100,Cmpk2,22169,0.404973,0.0484367,left eye,OCULAR,mouse,UP,False
OSD-100,Vdac1,22333,-0.177654,0.0293771,left eye,OCULAR,mouse,DOWN,False
OSD-100,Apol9a,223672,1.79067,0.00223799,left eye,OCULAR,mouse,UP,True
OSD-100,Wnt10b,22410,-0.924969,0.0123274,left eye,OCULAR,mouse,DOWN,False
OSD-100,Clic5,224796,-0.254543,0.0473877,left eye,OCULAR,mouse,DOWN,False
OSD-100,Micos13,224904,-0.313647,0.00278437,left eye,OCULAR,mouse,DOWN,False
OSD-100,Pgm5,226041,-0.427751,0.00200648,left eye,OCULAR,mouse,DOWN,False
OSD-100,Madd,228355,0.205054,0.00383406,left eye,OCULAR,mouse,UP,False
OSD-100,Mylk2,228785,-0.854133,0.0393189,left eye,OCULAR,mouse,DOWN,False
OSD-100,Csde1,229663,-0.138656,0.00419436,left eye,OCULAR,mouse,DOWN,False
OSD-100,Synm,233335,-0.204518,0.0393189,left eye,OCULAR,mouse,DOWN,False
OSD-100,Tufm,233870,-0.212224,0.00449036,left eye,OCULAR,mouse,DOWN,False
OSD-100,Gpr26,233919,0.344637,0.0112217,left eye,OCULAR,mouse,UP,False
OSD-100,Dlat,235339,-0.355894,0.00780106,left eye,OCULAR,mouse,DOWN,False
OSD-100,Klf6,23849,-0.211489,0.00198796,left eye,OCULAR,mouse,DOWN,False
OSD-100,Pappa2,23850,0.838473,9.89826e-12,left eye,OCULAR,mouse,UP,False
OSD-100,Kctd12,239217,-0.26429,0.00382325,left eye,OCULAR,mouse,DOWN,False
OSD-100,Dact2,240025,-0.369647,0.0238264,left eye,OCULAR,mouse,DOWN,False
OSD-100,Spry1,24063,-0.262647,0.00449036,left eye,OCULAR,mouse,DOWN,False
OSD-100,Zbtb37,240869,0.284908,0.0107257,left eye,OCULAR,mouse,UP,False
OSD-100,Klhl21,242785,-0.293033,0.00200648,left eye,OCULAR,mouse,DOWN,False
OSD-100,Mpst,246221,-0.209908,0.0307234,left eye,OCULAR,mouse,DOWN,False
OSD-100,Oas3,246727,1.5628,0.00577501,left eye,OCULAR,mouse,UP,True
OSD-100,Oas2,246728,1.73852,0.00162182,left eye,OCULAR,mouse,UP,True
OSD-100,Oas1a,246730,1.52099,0.000611469,left eye,OCULAR,mouse,UP,True
OSD-100,Gnpda1,26384,0.291987,0.00276731,left eye,OCULAR,mouse,UP,False
OSD-100,Map2k3,26397,-0.336439,0.0288061,left eye,OCULAR,mouse,DOWN,False
OSD-100,Idh2,269951,-0.389207,0.0372066,left eye,OCULAR,mouse,DOWN,False
OSD-100,Galntl6,270049,0.458664,0.0398229,left eye,OCULAR,mouse,UP,False
OSD-100,Atp5mg,27425,-0.247556,0.0394277,left eye,OCULAR,mouse,DOWN,False
OSD-100,Atp5po,28080,-0.308637,0.00263445,left eye,OCULAR,mouse,DOWN,False
OSD-100,Gatd3a,28295,-0.252874,0.0484367,left eye,OCULAR,mouse,DOWN,False
OSD-100,Bag3,29810,-0.268638,0.0236232,left eye,OCULAR,mouse,DOWN,False
OSD-100,Strip2,320609,0.208782,0.0351777,left eye,OCULAR,mouse,UP,False
OSD-100,Krt78,332131,-0.608002,3.81616e-05,left eye,OCULAR,mouse,DOWN,False
OSD-100,Nr1d2,353187,-0.228166,0.0470099,left eye,OCULAR,mouse,DOWN,False
OSD-100,Ajm1,381353,0.216313,0.0364718,left eye,OCULAR,mouse,UP,False
OSD-100,S100a7a,381493,0.930801,0.0299659,left eye,OCULAR,mouse,UP,False
OSD-100,Irs2,384783,-0.178361,0.0467559,left eye,OCULAR,mouse,DOWN,False
OSD-100,Spink7,408198,1.25995,0.0123274,left eye,OCULAR,mouse,UP,True
OSD-100,Mn1,433938,-0.396811,0.00956072,left eye,OCULAR,mouse,DOWN,False
OSD-100,Ech1,51798,-0.438634,0.0229861,left eye,OCULAR,mouse,DOWN,False
OSD-100,Acaa2,52538,-0.441303,0.0123561,left eye,OCULAR,mouse,DOWN,False
OSD-100,Rpl36,54217,-0.253908,0.0236232,left eye,OCULAR,mouse,DOWN,False
OSD-100,Eef1b2,55949,-0.204578,0.0318105,left eye,OCULAR,mouse,DOWN,False
OSD-100,Rplp1,56040,-0.215583,0.0457873,left eye,OCULAR,mouse,DOWN,False
OSD-100,Msln,56047,-0.987865,0.000112142,left eye,OCULAR,mouse,DOWN,False
OSD-100,Txnip,56338,-0.496465,8.56806e-06,left eye,OCULAR,mouse,DOWN,False
OSD-100,Mlycd,56690,-0.288207,0.0268932,left eye,OCULAR,mouse,DOWN,False
OSD-100,Bcam,57278,-0.320432,0.0247158,left eye,OCULAR,mouse,DOWN,False
OSD-100,Smpdl3a,57319,-0.157029,0.0393189,left eye,OCULAR,mouse,DOWN,False
OSD-100,Tbc1d1,57915,0.25141,0.000338681,left eye,OCULAR,mouse,UP,False
OSD-100,Pcbp4,59092,0.147373,0.0473877,left eye,OCULAR,mouse,UP,False
OSD-100,Herpud1,64209,-0.253368,0.00449946,left eye,OCULAR,mouse,DOWN,False
OSD-100,Atp5d,66043,-0.171768,0.00632182,left eye,OCULAR,mouse,DOWN,False
OSD-100,Ndufa9,66108,-0.293361,0.0230197,left eye,OCULAR,mouse,DOWN,False
OSD-100,Uqcr10,66152,-0.227948,0.0313011,left eye,OCULAR,mouse,DOWN,False
OSD-100,Ndufb9,66218,-0.276371,0.0158662,left eye,OCULAR,mouse,DOWN,False
OSD-100,Pla2g12a,66350,-0.336063,0.0268932,left eye,OCULAR,mouse,DOWN,False
OSD-100,Sln,66402,-1.01521,0.0273582,left eye,OCULAR,mouse,DOWN,True
OSD-100,Uqcrh,66576,-0.18872,0.00499263,left eye,OCULAR,mouse,DOWN,False
OSD-100,Eef1d,66656,-0.26748,0.0278744,left eye,OCULAR,mouse,DOWN,False
OSD-100,Snx31,66696,-0.571343,0.0123136,left eye,OCULAR,mouse,DOWN,False
OSD-100,Pccb,66904,-0.257312,0.042466,left eye,OCULAR,mouse,DOWN,False
OSD-100,Ndc80,67052,0.543563,0.0156364,left eye,OCULAR,mouse,UP,False
OSD-100,Atp5e,67126,-0.240636,0.0116062,left eye,OCULAR,mouse,DOWN,False
OSD-100,Ndufa13,67184,-0.242997,0.0327724,left eye,OCULAR,mouse,DOWN,False
OSD-100,Coq10b,67876,-0.268693,0.0094094,left eye,OCULAR,mouse,DOWN,False
OSD-100,Dcxr,67880,-0.453275,0.00620225,left eye,OCULAR,mouse,DOWN,False
OSD-100,Zfp706,68036,-0.185389,0.0467559,left eye,OCULAR,mouse,DOWN,False
OSD-100,Anln,68743,0.49885,0.0107257,left eye,OCULAR,mouse,UP,False
OSD-100,Rnf122,68867,-0.269154,0.0372066,left eye,OCULAR,mouse,DOWN,False
OSD-100,2610027K06Rik,69909,0.719123,0.0247158,left eye,OCULAR,mouse,UP,False
OSD-100,Fars2,69955,-0.278934,0.0138901,left eye,OCULAR,mouse,DOWN,False
OSD-100,Ggnbp1,70772,-0.722917,0.00278437,left eye,OCULAR,mouse,DOWN,False
OSD-100,Atp5pd,71679,-0.193468,0.0196577,left eye,OCULAR,mouse,DOWN,False
OSD-100,Apol9b,71898,1.82503,0.0109721,left eye,OCULAR,mouse,UP,True
OSD-100,Acad10,71985,-0.347662,0.00632182,left eye,OCULAR,mouse,DOWN,False
OSD-100,Cracdl,72097,-0.324718,0.0442228,left eye,OCULAR,mouse,DOWN,False
OSD-100,Aldh1b1,72535,-0.658454,0.0133141,left eye,OCULAR,mouse,DOWN,False
OSD-100,Ttf2,74044,0.285322,0.0243603,left eye,OCULAR,mouse,UP,False
OSD-100,Lonp1,74142,-0.190982,0.00392963,left eye,OCULAR,mouse,DOWN,False
OSD-100,Capsl,75568,-0.874845,0.0123136,left eye,OCULAR,mouse,DOWN,False
OSD-100,Apol7a,75761,0.464907,0.0236305,left eye,OCULAR,mouse,UP,False
OSD-100,Klhl24,75785,-0.210223,0.0125118,left eye,OCULAR,mouse,DOWN,False
OSD-100,Slc38a3,76257,0.200465,0.00392963,left eye,OCULAR,mouse,UP,False
OSD-100,Osbp,76303,-0.152842,0.00768482,left eye,OCULAR,mouse,DOWN,False
OSD-100,Rps9,76846,-0.226492,0.0213665,left eye,OCULAR,mouse,DOWN,False
OSD-100,Cacng7,81904,0.233551,0.0213665,left eye,OCULAR,mouse,UP,False
OSD-100,Ndst3,83398,0.23299,0.0289794,left eye,OCULAR,mouse,UP,False
OSD-100,Nrg4,83961,-0.479752,0.0133141,left eye,OCULAR,mouse,DOWN,False
OSD-100,Lmod2,93677,-0.979559,0.00392963,left eye,OCULAR,mouse,DOWN,False
OSD-397,3830408C21Rik,100040322,0.704276,0.0412288,retina,OCULAR,mouse,UP,False
OSD-397,AA413626,100359413,1.66185,0.0474158,retina,OCULAR,mouse,UP,True
OSD-397,Upk3b,100647,-1.27465,0.00808138,retina,OCULAR,mouse,DOWN,True
OSD-397,D8Ertd738e,101966,-0.482465,0.0454732,retina,OCULAR,mouse,DOWN,False
OSD-397,Psme4,103554,0.426428,0.040783,retina,OCULAR,mouse,UP,False
OSD-397,Snrpd2,107686,-0.554948,0.0454732,retina,OCULAR,mouse,DOWN,False
OSD-397,Msra,110265,-0.410184,0.013331,retina,OCULAR,mouse,DOWN,False
OSD-397,Cox6b1,110323,-0.764099,0.046323,retina,OCULAR,mouse,DOWN,False
OSD-397,Agtr2,11609,1.41521,0.0491947,retina,OCULAR,mouse,UP,True
OSD-397,Ect2,13605,0.965323,0.045436,retina,OCULAR,mouse,UP,False
OSD-397,Bloc1s1,14533,-0.612629,0.0454732,retina,OCULAR,mouse,DOWN,False
OSD-397,Hmgb1,15289,-0.445851,0.0403903,retina,OCULAR,mouse,DOWN,False
OSD-397,Nr4a1,15370,-0.97425,0.00808138,retina,OCULAR,mouse,DOWN,False
OSD-397,Hspa8,15481,-0.542688,0.0118057,retina,OCULAR,mouse,DOWN,False
OSD-397,Htr3a,15561,-1.05915,0.0142951,retina,OCULAR,mouse,DOWN,True
OSD-397,Nab2,17937,-0.684601,0.0204474,retina,OCULAR,mouse,DOWN,False
OSD-397,Nr4a3,18124,-1.08812,0.000883504,retina,OCULAR,mouse,DOWN,True
OSD-397,Nudc,18221,-0.326263,0.0449623,retina,OCULAR,mouse,DOWN,False
OSD-397,Pld3,18807,-0.40575,0.045436,retina,OCULAR,mouse,DOWN,False
OSD-397,Sst,20604,1.56375,0.00211199,retina,OCULAR,mouse,UP,True
OSD-397,Pde2a,207728,-23.9991,1.74892e-11,retina,OCULAR,mouse,DOWN,True
OSD-397,Dhx37,208144,-0.605539,0.00947526,retina,OCULAR,mouse,DOWN,False
OSD-397,Stc1,20855,-0.821819,0.0454732,retina,OCULAR,mouse,DOWN,False
OSD-397,Thnsl1,208967,0.427972,0.00947526,retina,OCULAR,mouse,UP,False
OSD-397,Med22,20933,-0.461428,0.0403903,retina,OCULAR,mouse,DOWN,False
OSD-397,Psmd2,21762,-0.56745,0.0454732,retina,OCULAR,mouse,DOWN,False
OSD-397,Dclre1c,227525,0.608582,0.0412288,retina,OCULAR,mouse,UP,False
OSD-397,Ppp1r37,232947,-0.483059,0.040783,retina,OCULAR,mouse,DOWN,False
OSD-397,Cdr2l,237988,-0.52353,0.0412288,retina,OCULAR,mouse,DOWN,False
OSD-397,Insl5,23919,1.25502,0.00211199,retina,OCULAR,mouse,UP,True
OSD-397,Mrps12,24030,-0.619757,0.040783,retina,OCULAR,mouse,DOWN,False
OSD-397,Ccdc85b,240514,-0.470359,0.0129158,retina,OCULAR,mouse,DOWN,False
OSD-397,Spry2,24064,-0.331497,0.0412288,retina,OCULAR,mouse,DOWN,False
OSD-397,Pgap1,241062,0.486689,0.0494294,retina,OCULAR,mouse,UP,False
OSD-397,9330159M07Rik,319673,0.585967,0.00947526,retina,OCULAR,mouse,UP,False
OSD-397,A430035B10Rik,320312,0.551306,0.00947526,retina,OCULAR,mouse,UP,False
OSD-397,Col8a2,329941,-0.815177,0.046323,retina,OCULAR,mouse,DOWN,False
OSD-397,Zdhhc18,503610,-0.937385,0.0308832,retina,OCULAR,mouse,DOWN,False
OSD-397,H1f2,50708,-0.519962,0.0493116,retina,OCULAR,mouse,DOWN,False
OSD-397,Sap30l,50724,-0.321192,0.0491947,retina,OCULAR,mouse,DOWN,False
OSD-397,Cers3,545975,2.61934,0.00211199,retina,OCULAR,mouse,UP,True
OSD-397,Ndufa13,67184,-0.449963,0.0491947,retina,OCULAR,mouse,DOWN,False
OSD-397,Atg101,68118,-0.443654,0.0491947,retina,OCULAR,mouse,DOWN,False
OSD-397,Metrn,70083,-0.552668,0.0449623,retina,OCULAR,mouse,DOWN,False
OSD-397,1810055G02Rik,72056,-0.345885,0.0487368,retina,OCULAR,mouse,DOWN,False
OSD-397,Snip1,76793,-0.388528,0.0351926,retina,OCULAR,mouse,DOWN,False
OSD-397,Hnrnpm,76936,-0.515058,0.046323,retina,OCULAR,mouse,DOWN,False
OSD-397,A930007I19Rik,77779,0.732172,0.0308832,retina,OCULAR,mouse,UP,False
OSD-397,Pofut2,80294,-0.326783,0.0449623,retina,OCULAR,mouse,DOWN,False
OSD-397,Tmem62,96957,0.86385,0.0319996,retina,OCULAR,mouse,UP,False
OSD-162,Mup10,100039008,21.4796,5.42774e-05,eye,OCULAR,mouse,UP,True
OSD-162,Gm4724,100043915,0.702874,0.0159968,eye,OCULAR,mouse,UP,False
OSD-162,Gm16573,102635191,6.21485,0.0251464,eye,OCULAR,mouse,UP,True
OSD-162,Ren1,19701,3.53217,0.0350563,eye,OCULAR,mouse,UP,True
OSD-162,Upk3a,22270,-1.69596,0.0294156,eye,OCULAR,mouse,DOWN,True
OSD-162,Ms4a8a,64381,-1.447,0.00895214,eye,OCULAR,mouse,DOWN,True
OSD-194,Gm4294,100043209,-22.9515,5.22446e-06,retina,OCULAR,mouse,DOWN,True
OSD-194,Gm23925,115489589,21.6732,3.32884e-05,retina,OCULAR,mouse,UP,True
