model_entrez,model_symbol,human_entrez,human_symbol,species
117586,A1bg,1,A1BG,mouse
17960,Nat1,10,NAT2,mouse
17962,Nat3,10,NAT2,mouse
17961,Nat2,10,NAT2,mouse
11486,Ada,100,ADA,mouse
12558,Cdh2,1000,CDH2,mouse
23797,Akt3,10000,AKT3,mouse
69792,Med6,10001,MED6,mouse
23958,Nr2e3,10002,NR2E3,mouse
72560,Naalad2,10003,NAALAD2,mouse
278672,Duxbl1,100033411,DUXB,mouse
13202,Ddt,100037417,DDT|DDTL,mouse
381204,Naaladl1,10004,NAALADL1,mouse
233186,Siglecf,100049587,SIGLEC14,mouse
170789,Acot8,10005,ACOT8,mouse
11308,Abi1,10006,ABI1,mouse
26384,Gnpda1,10007,GNPDA1,mouse
57442,Kcne3,10008,KCNE3,mouse
56805,Zbtb33,10009,ZBTB33,mouse
69895,Snhg8,100093630,SNHG8,mouse
12560,Cdh3,1001,CDH3,mouse
21353,Tank,10010,TANK,mouse
107939,Pom121,100101267,POM121C,mouse
330228,Spdye4b,100101268,SPDYE12,mouse
74673,Spdye4a,100101268,SPDYE12,mouse
328918,Zscan30,100101467,ZSCAN30,mouse
66405,Mcts2,100101490,MCTS2,mouse
68995,Mcts1,100101490,MCTS2,mouse
24068,Sra1,10011,SRA1,mouse
115490071,Gm24837,100113379,SNORD121A,mouse
115487312,Gm23008,100113382,SNORD105B,mouse
621976,Tmem170b,100113407,TMEM170B,mouse
115489637,Gm22676,100124540,SNORA11C,mouse
100503872,Hotair,100124700,HOTAIR,mouse
100009600,Zglp1,100125288,ZGLP1,mouse
791069,Mir301b,100126318,MIR301B,mouse
735308,Mir216b,100126319,MIR216B,mouse
735284,Mir708,100126333,MIR708,mouse
100124433,Mir208b,100126336,MIR208B,mouse
100124491,Mir874,100126343,MIR874,mouse
723899,Mir365-1,100126355,MIR365A,mouse
76743,Gje1,100126572,GJE1,mouse
225583,Minar2,100127206,MINAR2,mouse
100038514,Gm11837,100127983,C8orf88,mouse
68233,Fam229a,100128071,FAM229A,mouse
692132,Trappc3l,100128327,TRAPPC3L,mouse
338320,Mia2,100128553,CTAGE4,mouse
432479,4930404N11Rik,100128569,TEKTIP1,mouse
67695,Ost4,100128731,OST4,mouse
101056084,Cirop,100128908,CIROP,mouse
382639,Zbtb42,100128927,ZBTB42,mouse
368204,Khdc1a,100129128,KHDC1L,mouse
433278,Khdc1c,100129128,KHDC1L,mouse
98582,Khdc1b,100129128,KHDC1L,mouse
100504309,Smim27,100129250,SMIM27,mouse
66533,2310050C09Rik,100129271,C1orf68,mouse
381820,Smim10l1,100129361,SMIM10L1,mouse
70291,Mkrn2os,100129480,MKRN2OS,mouse
100039899,Tex13d,100129520,TEX13C,mouse
637093,Tex13c1,100129520,TEX13C,mouse
384198,Fam47e,100129583,FAM47E,mouse
100039596,Tcf24,100129654,TCF24,mouse
69314,Izumo3,100129669,IZUMO3,mouse
100039139,Ccdc152,100129792,CCDC152,mouse
75180,Tmem269,100129924,TMEM269,mouse
277773,Fam205c,100129969,FAM205C,mouse
15185,Hdac6,10013,HDAC6,mouse
76974,Urah,100130015,URAHP,mouse
54128,Pmm2,100130283,PMM2|LOC100130283,mouse
75799,4930444P10Rik,100130301,C8orf89,mouse
668433,4930544D05Rik,100130311,C17orf107,mouse
433215,Tmem262,100130348,TMEM262,mouse
434325,Tmem221,100130519,TMEM221,mouse
68800,Prr32,100130613,PRR32,mouse
668210,Atp6v1fnb,100130705,ATP6V1FNB,mouse
73314,Lrrc69,100130742,LRRC69,mouse
75040,Efcab10,100130771,EFCAB10,mouse
381835,Sbk3,100130827,SBK3,mouse
77032,Tstd3,100130890,TSTD3,mouse
68528,Smim6,100130933,SMIM6,mouse
668110,Syce1l,100130958,SYCE1L,mouse
73862,Spata48,100130988,SPATA48,mouse
54201,Zfp316,100131017,ZNF316,mouse
330470,Bsph1,100131137,BSPH1,mouse
226654,Tstd1,100131187,TSTD1,mouse
227094,Nemp2,100131211,NEMP2,mouse
383787,Ankrd63,100131244,ANKRD63,mouse
68243,A930018P22Rik,100131378,C11orf91,mouse
381373,Sp9,100131390,SP9,mouse
100043123,Cd300ld4,100131439,CD300LD,mouse
100043125,Cd300ld5,100131439,CD300LD,mouse
217305,Cd300ld,100131439,CD300LD,mouse
217303,Cd300a,100131439,CD300LD,mouse
629970,Cd300ld2,100131439,CD300LD,mouse
382551,Cd300ld3,100131439,CD300LD,mouse
384059,Tlr12,100131451,TLR12P,mouse
13168,Dbil5,100131454,DBIL5P,mouse
623166,Prr23a1,100131608,PRR23D1|PRR23D2,mouse
623186,Prr23a2,100131608,PRR23D1|PRR23D2,mouse
546157,7420426K07Rik,100131608,PRR23D1|PRR23D2,mouse
71979,Prr23a3,100131608,PRR23D1|PRR23D2,mouse
100503043,Armcx4,100131755,ARMCX4,mouse
100503890,Pet100,100131801,PET100,mouse
574403,Insyn2b,100131897,INSYN2B,mouse
330463,Zfp78,100131980,ZNF705G|ZNF705B,mouse
100039899,Tex13d,100132015,TEX13D,mouse
637093,Tex13c1,100132015,TEX13D,mouse
329934,Foxo6,100132074,FOXO6,mouse
235634,Fam240a,100132146,FAM240A,mouse
330463,Zfp78,100132396,ZNF705G|ZNF705B,mouse
100039801,Cldn24,100132463,CLDN24,mouse
16705,Krtap9-1,100132476,KRTAP4-7,mouse
100415785,Gm11559,100132476,KRTAP4-7,mouse
432600,Gm11568,100132476,KRTAP4-7,mouse
76444,Krtap4-7,100132476,KRTAP4-7,mouse
68673,Krtap4-2,100132476,KRTAP4-7,mouse
670533,Gm11567,100132476,KRTAP4-7,mouse
77803,Shisal2b,100132916,SHISAL2B,mouse
434800,Smim9,100132963,SMIM9,mouse
100042465,Gm3858,100132994,CXorf49B,mouse
102634296,Gm4779,100132994,CXorf49B,mouse
382231,8030474K03Rik,100132994,CXorf49B,mouse
71088,4933412E24Rik,100132994,CXorf49B,mouse
623186,Prr23a2,100133251,PRR23D1|PRR23D2,mouse
623166,Prr23a1,100133251,PRR23D1|PRR23D2,mouse
546157,7420426K07Rik,100133251,PRR23D1|PRR23D2,mouse
71979,Prr23a3,100133251,PRR23D1|PRR23D2,mouse
72628,Hoxaas3|LOC115490409,100133311,HOXA-AS3,mouse
12484,Cd24a,100133941,CD24,mouse
69535,Ten1,100134934,TEN1,mouse
69665,Upk3bl,100134938,UPK3BL1,mouse
433466,Jmjd7,100137047,JMJD7,mouse
211429,Pla2g4b,100137049,PLA2G4B,mouse
15184,Hdac5,10014,HDAC5,mouse
77727,6030468B19Rik,100141515,C17orf99,mouse
338320,Mia2,100142659,CTAGE8,mouse
18571,Pdcd6ip,10015,PDCD6IP,mouse
18570,Pdcd6,10016,PDCD6,mouse
100861491,n-R5s136,100169760,RNA5S9,mouse
12049,Bcl2l10,10017,BCL2L10,mouse
632778,Erich4,100170765,ERICH4,mouse
103551,Epop,100170841,EPOP,mouse
12125,Bcl2l11,10018,BCL2L11,mouse
66119,Tomm6,100188893,TOMM6,mouse
16923,Sh2b3,10019,SH2B3,mouse
67430,4921536K21Rik,100190949,C5orf52,mouse
271944,C2cd4d,100191040,C2CD4D,mouse
12561,Cdh4,1002,CDH4,mouse
50798,Gne,10020,GNE,mouse
330953,Hcn4,10021,HCN4,mouse
23919,Insl5,10022,INSL5,mouse
14296,Frat1,10023,FRAT1,mouse
27412,Peg12,10023,FRAT1,mouse
78733,Troap,10024,TROAP,mouse
216154,Med16,10025,MED16,mouse
329777,Pigk,10026,PIGK,mouse
381112,Arhgef33,100271715,ARHGEF33,mouse
105980076,Mef2b|Mef2bl,100271849,BORCS8-MEF2B|MEF2B,mouse
17259,Mef2b|Mef2bl,100271849,BORCS8-MEF2B|MEF2B,mouse
104103,Airn,100271873,AIRN,mouse
54153,Rasa4,100271927,RASA4B,mouse
105886298,Cmc4,100272147,CMC4,mouse
631145,Fam90a1b,100287045,FAM90A26,mouse
97476,Fam90a1a,100287045,FAM90A26,mouse
68767,Washc1,100287171,WASHC1,mouse
100416706,Zfp729b,100287226,ZNF729,mouse
212281,Zfp729a,100287226,ZNF729,mouse
408068,Zfp738,100287226,ZNF729,mouse
13531,Usp17la,100287238,USP17L13,mouse
13532,Usp17lc,100287238,USP17L13,mouse
625530,Usp17le,100287238,USP17L13,mouse
381944,Usp17lb,100287238,USP17L13,mouse
384701,Usp17ld,100287238,USP17L13,mouse
545893,Mansc4,100287284,MANSC4,mouse
100043332,Ankrd66,100287718,ANKRD66,mouse
242800,Ttc34,100287898,TTC34,mouse
53600,Timm23,100287932,TIMM23,mouse
436008,Gm5737,100288072,SDR42E2,mouse
245263,Gm4981,100288687,DUX4,mouse
278672,Duxbl1,100288687,DUX4,mouse
74399,Duxf3|Dux,100288687,DUX4,mouse
110829,Lims1,100288695,LIMS4,mouse
433752,Frg2f1,100288801,FRG2C,mouse
100040937,Cldn34b1,100288814,CLDN34,mouse
100039763,Cldn34c6,100288814,CLDN34,mouse
238829,Cldn34b3,100288814,CLDN34,mouse
625591,Cldn34c2,100288814,CLDN34,mouse
619294,Cldn34b4,100288814,CLDN34,mouse
635396,Cldn34a,100288814,CLDN34,mouse
73347,Cldn34b2,100288814,CLDN34,mouse
73934,Cldn34c4,100288814,CLDN34,mouse
74987,Cldn34d,100288814,CLDN34,mouse
73061,Cldn34c1,100288814,CLDN34,mouse
102637973,B3galt9,100288842,B3GALT9,mouse
272643,Prss43,100288960,PRSS43P,mouse
71576,Tmem238l,100289255,TMEM238L,mouse
238680,Cntnap3,100289279,CNTNAP3C,mouse
116746,Defb6,100289462,DEFB4A|DEFB4B,mouse
246080,Defb7,100289462,DEFB4A|DEFB4B,mouse
244334,Defb8,100289462,DEFB4A|DEFB4B,mouse
27358,Defb3,100289462,DEFB4A|DEFB4B,mouse
56519,Defb4,100289462,DEFB4A|DEFB4B,mouse
81007,Defb5,100289462,DEFB4A|DEFB4B,mouse
675812,Zfp605,100289635,ZNF605,mouse
22768,Zfy2,100293516,ZNF587B,mouse
22767,Zfy1,100293516,ZNF587B,mouse
12562,Cdh5,1003,CDH5,mouse
65257,Asb3,100302652,ASB3|GPR75-ASB3,mouse
78878,Ftx,100302692,FTX,mouse
66676,Tmed7,100302736,TMED7-TICAM2,mouse
115488064,Gm22748,100302743,SNORA80B,mouse
433424,Zeb2os,100303491,ZEB2-AS1,mouse
100048644,Pet117,100303755,PET117,mouse
606497,Otx2os1,100309464,OTX2-AS1,mouse
330228,Spdye4b,100310812,SPDYE2B,mouse
74673,Spdye4a,100310812,SPDYE2B,mouse
66729,Ankrd61,100310846,ANKRD61,mouse
735309,Mir449c,100313923,MIR449C,mouse
751865,Sap25,100316904,SAP25,mouse
100503240,Trpc5os,100329135,TRPC5OS,mouse
27221,Chaf1a,10036,CHAF1A,mouse
67366,Tmed11,100379220,TMED11P,mouse
11546,Parp2,10038,PARP2,mouse
667118,Zbed6,100381270,ZBED6,mouse
235587,Parp3,10039,PARP3,mouse
12563,Cdh6,1004,CDH6,mouse
71943,Tom1l1,10040,TOM1L1,mouse
70823,Hmgxb4,10042,HMGXB4,mouse
280667,Adam1b,100420505,ADAM1B,mouse
119065974,Hspa14|Gm45902,100421372,LOC100421372,mouse
110785,Iglc1,100423062,IGLL5,mouse
16136,Igll1,100423062,IGLL5,mouse
110787,Iglc3,100423062,IGLL5,mouse
110786,Iglc2,100423062,IGLL5,mouse
404736,Iglc4,100423062,IGLL5,mouse
21968,Tom1,10043,TOM1,mouse
27387,Sh2d3c,10044,SH2D3C,mouse
333639,Mamld1,10046,MAMLD1,mouse
13012,Cst8,10047,CST8,mouse
56705,Ranbp9,10048,RANBP9,mouse
23950,Dnajb6,10049,DNAJB6,mouse
100503199,5430416N02Rik,100499177,THAP9-AS1,mouse
72386,2610035D17Rik|Gm57578,100499467,LINC00511|LINC00673,mouse
381522,Ccdc180,100499483,CCDC180,mouse
241201,Cdh7,1005,CDH7,mouse
319848,Slc17a4,10050,SLC17A4,mouse
100503036,1700015G11Rik,100500938,CCDC179,mouse
100505386,Iqschfp,100505385,SCHIP1|IQCJ-SCHIP1,mouse
75524,Tex48,100505478,TEX48,mouse
100043272,Inafm2,100505573,INAFM2,mouse
68127,B230217C12Rik,100505576,LINC00672,mouse
192852,Lrrc3c,100505591,LRRC3C,mouse
70951,Spata1,100505741,SPATA1,mouse
330228,Spdye4b,100505767,SPDYE18,mouse
74673,Spdye4a,100505767,SPDYE18,mouse
100616095,Snhg18,100505806,SNHG18,mouse
68554,Cebpzos,100505876,CEBPZOS,mouse
407795,Smim31,100505989,SMIM31,mouse
78217,Tmem210,100505993,TMEM210,mouse
434280,Sox1ot,100505996,SOX1-OT,mouse
100038489,Apela,100506013,APELA,mouse
71156,Lrrc72,100506049,LRRC72,mouse
11841,Arf2,100506084,ARL17A|ARL17B|LOC100996709,mouse
100039968,Tmem35b,100506144,TMEM35B,mouse
235907,Zfp65,100506243,KRBOX1,mouse
105242658,Hotairm1|Hotairm2,100506311,HOTAIRM1,mouse
627821,Epp13,100506374,EDDM13|LOC124900420,mouse
66297,Pantr1,100506421,PANTR1,mouse
629141,Gm9999,100506540,SPTY2D1OS,mouse
71868,Thegl,100506564,THEGL,mouse
76405,1700018B08Rik,100506581,C16orf95,mouse
18260,Ocln,100506658,OCLN,mouse
20555,Slfn1,100506736,SLFN12L,mouse
20557,Slfn3,100506736,SLFN12L,mouse
20556,Slfn2,100506736,SLFN12L,mouse
20558,Slfn4,100506736,SLFN12L,mouse
12364,Casp12,100506742,CASP12,mouse
67320,Iqcf4,100506840,IQCF4P,mouse
100039953,Gfy,100507003,GFY,mouse
69563,Mrln,100507027,MRLN,mouse
69952,Tunar,100507043,TUNAR,mouse
100503386,Tpbgl,100507050,TPBGL,mouse
381667,Lrcol1,100507055,LRCOL1,mouse
433653,Gimd1,100507096,GIMD1,mouse
330385,9530026P05Rik,100507098,ADAMTS9-AS2,mouse
100504474,Smlr1,100507203,SMLR1,mouse
66293,Snhg16,100507246,SNHG16,mouse
319748,Zfp865,100507290,ZNF865,mouse
72632,Smim18,100507341,SMIM18,mouse
434008,Tmem178b,100507421,TMEM178B,mouse
243864,Mill2,100507436,MICA,mouse
266815,Mill1,100507436,MICA,mouse
105245869,Sox21os1,100507533,SOX21-AS1,mouse
102637511,Strit1,100507537,STRIT1,mouse
115488819,Gm17251,100507567,RAB11B-AS1,mouse
100044509,Tgfbr3l,100507588,TGFBR3L,mouse
102632837,Rnf212b,100507650,RNF212B,mouse
66501,1700029H14Rik,100507747,C13orf46,mouse
11832,Aqp7,100509620,AQP7B,mouse
70099,Smc4,10051,SMC4,mouse
14615,Gjc1,10052,GJC1,mouse
17076,Ly75,100526664,LY75-CD302,mouse
230157,Tmeff1,100526694,MSANTD3-TMEFF1,mouse
56275,Rbm14,100526737,RBM14-RBM4,mouse
69928,Cenps,100526739,CENPS-CORT,mouse
74434,Sohlh2,100526761,CCDC169-SOHLH2,mouse
66700,Chmp3,100526767,RNF103-CHMP3,mouse
75526,Eppin,100526773,EPPIN-WFDC6,mouse
435766,Tnni3k,100526835,FPGT-TNNI3K,mouse
67037,Pmf1,100527963,PMF1-BGLAP,mouse
66784,Fam187a,100528020,FAM187A,mouse
14426,Galnt4,100528030,POC1B-GALNT4,mouse
27007,Klrk1,100528032,KLRK1|KLRC4-KLRK1,mouse
245607,Gprasp2,100528062,GPRASP2|ARMCX5-GPRASP2,mouse
70237,Bhlhb9,100528062,GPRASP2|ARMCX5-GPRASP2,mouse
110606,Fntb,100529261,FNTB|CHURC1-FNTB,mouse
11768,Ap1m2,10053,AP1M2,mouse
68197,Ndufc2,100532726,NDUFC2-KCTD14,mouse
12151,Bmi1,100532731,COMMD3-BMI1,mouse
17965,Nbl1,100532736,NBL1|MICOS10-NBL1,mouse
170755,Sgk3,100533105,C8orf44-SGK3,mouse
75758,9130401M01Rik,100533106,ZHX1-C8orf76,mouse
67510,Tvp23b,100533496,TVP23C-CDRT4,mouse
57905,Isy1,100534599,ISY1-RAB43,mouse
50995,Uba2,10054,UBA2,mouse
56459,Sae1,10055,SAE1,mouse
23874,Farsb,10056,FARSB,mouse
27416,Abcc5,10057,ABCC5,mouse
74104,Abcb6,10058,ABCB6,mouse
74006,Dnm1l,10059,DNM1L,mouse
12564,Cdh8,1006,CDH8,mouse
20928,Abcc9,10060,ABCC9,mouse
27407,Abcf2,10061,ABCF2,mouse
387199,Mir203,100616173,MIR203B,mouse
22259,Nr1h3,10062,NR1H3,mouse
12856,Cox17,10063,COX17,mouse
384198,Fam47e,100631383,FAM47E-STBD1,mouse
53600,Timm23,100652748,TIMM23B,mouse
381260,Gm973,100652824,KIAA2012,mouse
58251,Cep295nl,100653515,CEP295NL,mouse
24044,Scamp2,10066,SCAMP2,mouse
24045,Scamp3,10067,SCAMP3,mouse
16068,Il18bp,10068,IL18BP,mouse
53858,Rwdd2b,10069,RWDD2B,mouse
12565,Cdh9,1007,CDH9,mouse
102633301,Gm31160,10071,MUC12,mouse
75221,Dpp3,10072,DPP3,mouse
66069,Snupn,10073,SNUPN,mouse
59026,Huwe1,10075,HUWE1,mouse
19273,Ptpru,10076,PTPRU,mouse
27027,Tspan32,10077,TSPAN32,mouse
56844,Tssc4,10078,TSSC4,mouse
11981,Atp9a,10079,ATP9A,mouse
320873,Cdh10,1008,CDH10,mouse
50996,Pdcd7,10081,PDCD7,mouse
23888,Gpc6,10082,GPC6,mouse
102371,Myzap,100820829,MYZAP,mouse
72088,Ush1c,10083,USH1C,mouse
54633,Pqbp1,10084,PQBP1,mouse
13612,Edil3,10085,EDIL3,mouse
654498,Hhla1,10086,HHLA1,mouse
100503583,Fsbp,100861412,FSBP,mouse
105180375,Tmem265,100862671,TMEM265,mouse
68018,Cert1,10087,CERT1,mouse
115487004,Gm26002,100873741,RNU6-26P,mouse
115486659,Gm23239,100873814,RNU1-17P,mouse
115490060,Gm23738,100873815,RNU1-18P,mouse
115488862,Gm23102,100873833,RNU5F-6P,mouse
115489624,Gm26505,100873863,RNU1-22P,mouse
667306,Gm11634,100874261,CCDC200,mouse
103214,Ifngas1,100885789,IFNG-AS1,mouse
73635,Ptges3l,100885848,PTGES3L,mouse
69684,Aarsd1,100885850,PTGES3L-AARSD1,mouse
16530,Kcnk7,10089,KCNK7,mouse
12552,Cdh11,1009,CDH11,mouse
338362,Ust,10090,UST,mouse
67771,Arpc5,10092,ARPC5,mouse
68089,Arpc4,10093,ARPC4,mouse
56378,Arpc3,10094,ARPC3,mouse
11867,Arpc1b,10095,ARPC1B,mouse
74117,Actr3,10096,ACTR3,mouse
66713,Actr2,10097,ACTR2,mouse
56224,Tspan5,10098,TSPAN5,mouse
56434,Tspan3,10099,TSPAN3,mouse
100039239,Ctxnd1,100996492,CTXND1,mouse
67654,4930558C23Rik,100996521,CTXND2,mouse
66117,Fmc1,100996928,FMC1-LUC7L2,mouse
66459,Pyurf,100996939,PYURF,mouse
11501,Adam8,101,ADAM8,mouse
215654,Cdh12,1010,CDH12,mouse
70747,Tspan2,10100,TSPAN2,mouse
26426,Nubp2,10101,NUBP2,mouse
66399,Tsfm,10102,TSFM,mouse
66805,Tspan1,10103,TSPAN1,mouse
105675,Ppif,10105,PPIF,mouse
99412,Golga2,101059918,GOLGA8R,mouse
100040019,Saxo3,101059948,LOC101059948,mouse
52468,Ctdsp2,10106,CTDSP2,mouse
67028,2610002M06Rik,101060146,CHMP1B2P,mouse
330463,Zfp78,101060200,ZNF891,mouse
19824,Trim10,10107,TRIM10,mouse
76709,Arpc2,10109,ARPC2,mouse
27219,Sgk2,10110,SGK2,mouse
19360,Rad50,10111,RAD50,mouse
19348,Kif20a,10112,KIF20A,mouse
50907,Preb,10113,PREB,mouse
15259,Hipk3,10114,HIPK3,mouse
14155,Fem1b,10116,FEM1B,mouse
13801,Enam,10117,ENAM,mouse
12554,Cdh13,1012,CDH13,mouse
226977,Actr1b,10120,ACTR1B,mouse
54130,Actr1a,10121,ACTR1A,mouse
320982,Arl4c,10123,ARL4C,mouse
11861,Arl4a,10124,ARL4A,mouse
19419,Rasgrp1,10125,RASGRP1,mouse
54152,Dnal4,10126,DNAL4,mouse
74120,Zfp263,10127,ZNF263,mouse
72416,Lrpprc,10128,LRPPRC,mouse
320365,Fry,10129,FRY,mouse
12555,Cdh15,1013,CDH15,mouse
71853,Pdia6,10130,PDIA6,mouse
68015,Trap1,10131,TRAP1,mouse
71648,Optn,10133,OPTN,mouse
27061,Bcap31,10134,BCAP31,mouse
59027,Nampt,10135,NAMPT,mouse
242711,Cela3a,10136,CELA3A,mouse
67868,Cela3b,10136,CELA3A,mouse
75710,Rbm12,10137,RBM12,mouse
67057,Yaf2,10138,YAF2,mouse
76688,Arfrp1,10139,ARFRP1,mouse
12556,Cdh16,1014,CDH16,mouse
22057,Tob1,10140,TOB1,mouse
613262,BC029722,101410538,MMP24OS,mouse
100986,Akap9,10142,AKAP9,mouse
403395,Clec3a,10143,CLEC3A,mouse
58909,Fam13a,10144,FAM13A,mouse
27041,G3bp1,10146,G3BP1,mouse
234373,Sugp2,10147,SUGP2,mouse
50498,Ebi3,10148,EBI3,mouse
237175,Adgrg2,10149,ADGRG2,mouse
12557,Cdh17,1015,CDH17,mouse
105559,Mbnl2,10150,MBNL2,mouse
329165,Abi2,10152,ABI2,mouse
12607,Cebpz,10153,CEBPZ,mouse
54712,Plxnc1,10154,PLXNC1,mouse
21849,Trim28,10155,TRIM28,mouse
54153,Rasa4,10156,RASA4,mouse
30956,Aass,10157,AASS,mouse
67182,Pdzk1ip1,10158,PDZK1IP1,mouse
70495,Atp6ap2,10159,ATP6AP2,mouse
320865,Cdh18,1016,CDH18,mouse
223254,Farp1,10160,FARP1,mouse
67168,Lpar6,10161,LPAR6,mouse
14792,Lpcat3,10162,LPCAT3,mouse
242687,Wasf2,10163,WASF2,mouse
26887,Chst4,10164,CHST4,mouse
50799,Slc25a13,10165,SLC25A13,mouse
18408,Slc25a15,10166,SLC25A15,mouse
378702,Serf2,10169,SERF2,mouse
12566,Cdk2,1017,CDK2,mouse
241452,Dhrs9,10170,DHRS9,mouse
59028,Rcl1,10171,RCL1,mouse
22768,Zfy2,10172,ZNF256,mouse
22767,Zfy1,10172,ZNF256,mouse
20410,Sorbs3,10174,SORBS3,mouse
12793,Cnih1,10175,CNIH1,mouse
23963,Tenm1,10178,TENM1,mouse
67010,Rbm7,10179,RBM7,mouse
69681,Cdk3,1018,CDK3,mouse
19654,Rbm6,10180,RBM6,mouse
83486,Rbm5,10181,RBM5,mouse
218454,Lhfpl2,10184,LHFPL2,mouse
108927,Lhfp,10186,LHFPL6,mouse
51789,Tnk2,10188,TNK2,mouse
100043231,Alyreffm6,10189,ALYREF,mouse
100043235,Alyreffm7,10189,ALYREF,mouse
100043239,Alyreffm8,10189,ALYREF,mouse
100043247,Alyreffm9,10189,ALYREF,mouse
21681,Alyref,10189,ALYREF,mouse
56009,Alyref2,10189,ALYREF,mouse
435615,Alyreffm3,10189,ALYREF,mouse
70988,4931428L18Rik|Gm29669,10189,ALYREF,mouse
12567,Cdk4,1019,CDK4,mouse
98258,Txndc9,10190,TXNDC9,mouse
69642,Mlip,101927189,LOC101927189,mouse
121811722,Smim36,101927367,SMIM36,mouse
74297,Ccdc182,101927581,CCDC182,mouse
628686,D030068K23Rik,101927957,LINC01572,mouse
102637705,Ly6l,101928108,LY6L,mouse
75328,Fam243,101928147,C21orf140,mouse
320846,Gjd2os,101928174,GJD2-DT,mouse
665186,Zpld2,101928303,ZPLD2P,mouse
66364,Pigbos1,101928527,PIGBOS1,mouse
75033,Mei4,101928601,MEI4,mouse
432582,Ccdc92b,101928991,CCDC92B,mouse
403185,Cfap97d2,101929355,CFAP97D2,mouse
71149,Tex52,101929469,TEX52,mouse
100415915,A530072M11Rik,101929709,RIPK2-DT,mouse
653016,Mymx,101929726,MYMX,mouse
100041253,Gm16513,101929983,PRAMEF27,mouse
100041179,Gm3183,101929983,PRAMEF27,mouse
100041102,Pramel42,101929983,PRAMEF27,mouse
100012,Oog3,101929983,PRAMEF27,mouse
100041077,Pramel61,101929983,PRAMEF27,mouse
100041032,Pramel38,101929983,PRAMEF27,mouse
100041296,Pramel47,101929983,PRAMEF27,mouse
100040861,Gm13057,101929983,PRAMEF27,mouse
100041806,LOC100041806,101929983,PRAMEF27,mouse
100039010,LOC100039010,101929983,PRAMEF27,mouse
100039087,Gm2042,101929983,PRAMEF27,mouse
108168683,LOC108168683,101929983,PRAMEF27,mouse
100039315,Pramel51,101929983,PRAMEF27,mouse
242736,Pramel12,101929983,PRAMEF27,mouse
242737,Oog4,101929983,PRAMEF27,mouse
194227,Pramel25,101929983,PRAMEF27,mouse
194225,Pramel27,101929983,PRAMEF27,mouse
193322,Oog1,101929983,PRAMEF27,mouse
384077,Pramel5,101929983,PRAMEF27,mouse
626943,Pramel14,101929983,PRAMEF27,mouse
381570,Oog2,101929983,PRAMEF27,mouse
545693,Gm13043,101929983,PRAMEF27,mouse
381590,Pramel32,101929983,PRAMEF27,mouse
545662,Pramel17,101929983,PRAMEF27,mouse
381654,Pramel34,101929983,PRAMEF27,mouse
626922,Pramel28,101929983,PRAMEF27,mouse
347710,Pramel4,101929983,PRAMEF27,mouse
626995,Pramel30,101929983,PRAMEF27,mouse
320549,Pramel48,101929983,PRAMEF27,mouse
627009,Pramel15,101929983,PRAMEF27,mouse
277666,Pramel24,101929983,PRAMEF27,mouse
332923,Pramel19,101929983,PRAMEF27,mouse
433779,Pramel31,101929983,PRAMEF27,mouse
277667,Pramel23,101929983,PRAMEF27,mouse
381569,Pramel26,101929983,PRAMEF27,mouse
347711,Pramel6,101929983,PRAMEF27,mouse
277668,Pramel22,101929983,PRAMEF27,mouse
329986,Pramel20,101929983,PRAMEF27,mouse
347712,Pramel7,101929983,PRAMEF27,mouse
381535,Pramel18,101929983,PRAMEF27,mouse
381536,Gm12789,101929983,PRAMEF27,mouse
665802,Pramel35,101929983,PRAMEF27,mouse
666203,Pramel50,101929983,PRAMEF27,mouse
77632,Pramel13,101929983,PRAMEF27,mouse
83491,Pramel1,101929983,PRAMEF27,mouse
97187,Pramel29,101929983,PRAMEF27,mouse
436336,Gm5767,101929989,LITAFD,mouse
67588,Rnf41,10193,RNF41,mouse
110796,Tshz1,10194,TSHZ1,mouse
208624,Alg3,10195,ALG3,mouse
115489840,Gm24046,101954267,RNVU1-15,mouse
115486615,Gm23928,101954269,RNVU1-17,mouse
71974,Prmt3,10196,PRMT3,mouse
19192,Psme3,10197,PSME3,mouse
269702,Mphosph9,10198,MPHOSPH9,mouse
67973,Mphosph10,10199,MPHOSPH10,mouse
11487,Adam10,102,ADAM10,mouse
12568,Cdk5,1020,CDK5,mouse
68533,Mphosph6,10200,MPHOSPH6,mouse
54369,Nme6,10201,NME6,mouse
71412,Dhrs2,10202,DHRS2,mouse
54598,Calcrl,10203,CALCRL,mouse
100043462,Nutf2-ps1,10204,NUTF2,mouse
68051,Nutf2,10204,NUTF2,mouse
14012,Mpzl2,10205,MPZL2,mouse
66597,Trim13,10206,TRIM13,mouse
12695,Patj,10207,PATJ,mouse
231915,Uspl1,10208,USPL1,mouse
20918,Eif1,10209,EIF1,mouse
12571,Cdk6,1021,CDK6,mouse
106021,Topors,10210,TOPORS,mouse
14251,Flot1,10211,FLOT1,mouse
68278,Ddx39a,10212,DDX39A,mouse
59029,Psmd14,10213,PSMD14,mouse
385312,Ssxb10,10214,SSX3,mouse
387131,Ssxb9,10214,SSX3,mouse
546263,Gm14459,10214,SSX3,mouse
382206,Ssx9,10214,SSX3,mouse
67985,Ssxb1,10214,SSX3,mouse
668976,Ssxb6,10214,SSX3,mouse
50913,Olig2,10215,OLIG2,mouse
102216272,Taf9|Ak6,102157402,AK6,mouse
96875,Prg4,10216,PRG4,mouse
69274,Ctdspl,10217,CTDSPL,mouse
654812,Angptl7,10218,ANGPTL7,mouse
50928,Klrg1,10219,KLRG1,mouse
12572,Cdk7,1022,CDK7,mouse
14561,Gdf11,10220,GDF11,mouse
211770,Trib1,10221,TRIB1,mouse
59290,Gpa33,10223,GPA33,mouse
84544,Cd96,10225,CD96,mouse
66905,Plin3,10226,PLIN3,mouse
68294,Mfsd10,10227,MFSD10,mouse
58244,Stx6,10228,STX6,mouse
66276,1810009A15Rik,102288414,C11orf98,mouse
12850,Coq7,10229,COQ7,mouse
53901,Rcan2,10231,RCAN2,mouse
56047,Msln,10232,MSLN,mouse
16977,Lrrc23,10233,LRRC23,mouse
74511,Lrrc17,10234,LRRC17,mouse
19395,Rasgrp2,10235,RASGRP2,mouse
74326,Hnrnpr,10236,HNRNPR,mouse
110172,Slc35b1,10237,SLC35B1,mouse
71833,Dcaf7,10238,DCAF7,mouse
11778,Ap3s2,10239,AP3S2,mouse
264064,Cdk8,1024,CDK8,mouse
57312,Mrps31,10240,MRPS31,mouse
76815,Calcoco2,10241,CALCOCO2,mouse
72413,Kcnmb2,10242,KCNMB2,mouse
268566,Gphn,10243,GPHN,mouse
227746,Rabepk,10244,RABEPK,mouse
21855,Timm17b,10245,TIMM17B,mouse
218103,Slc17a2,10246,SLC17A2,mouse
15473,Rida,10247,RIDA,mouse
74097,Pop7,10248,POP7,mouse
107146,Glyat,10249,GLYAT,mouse
240549,Gm4952,10249,GLYAT,mouse
107951,Cdk9,1025,CDK9,mouse
51796,Srrm1,10250,SRRM1,mouse
236576,Spry3,10251,SPRY3,mouse
24063,Spry1,10252,SPRY1,mouse
24064,Spry2,10253,SPRY2,mouse
56324,Stam2,10254,STAM2,mouse
194231,Cnksr1,10256,CNKSR1,mouse
239273,Abcc4,10257,ABCC4,mouse
12575,Cdkn1a,1026,CDKN1A,mouse
102442,Dennd4a,10260,DENND4A,mouse
80719,Igsf6,10261,IGSF6,mouse
107701,Sf3b4,10262,SF3B4,mouse
52004,Cdk2ap2,10263,CDK2AP2,mouse
54352,Irx5,10265,IRX5,mouse
54409,Ramp2,10266,RAMP2,mouse
51801,Ramp1,10267,RAMP1,mouse
56089,Ramp3,10268,RAMP3,mouse
230709,Zmpste24,10269,ZMPSTE24,mouse
12576,Cdkn1b,1027,CDKN1B,mouse
56399,Akap8,10270,AKAP8,mouse
83554,Fstl3,10272,FSTL3,mouse
72997,Kantr,102723508,KANTR,mouse
270599,Gm648,102723631,CT45A10,mouse
211548,Nomo1,102723728,NOMO2|LOC102723728,mouse
102638837,Tle7,102723796,TLE7,mouse
620858,Gm13539,102723971,LOC102723971,mouse
102639178,Gm35549,102724231,C3orf86P,mouse
319508,Syt15,102724488,SYT15B,mouse
677289,Prr33,102724536,PRR33,mouse
101055863,Msantd5f2,102724657,MSANTD5,mouse
193286,BC049762,102724657,MSANTD5,mouse
242502,Msantd5f1,102724657,MSANTD5,mouse
622699,Msantd5,102724657,MSANTD5,mouse
433719,Gm11487,102724657,MSANTD5,mouse
623281,Msantd5f9,102724657,MSANTD5,mouse
56424,Stub1,10273,STUB1,mouse
20842,Stag1,10274,STAG1,mouse
56349,Net1,10276,NET1,mouse
63958,Ube4b,10277,UBE4B,mouse
13644,Efs,10278,EFS,mouse
54373,Prss16,10279,PRSS16,mouse
12577,Cdkn1c,1028,CDKN1C,mouse
18391,Sigmar1,10280,SIGMAR1,mouse
27373,Csnk1e,102800317,TPTEP2-CSNK1E,mouse
12068,Bet1,10282,BET1,mouse
67285,Cwc27,10283,CWC27,mouse
100041953,Sap18b,10284,SAP18,mouse
20220,Sap18,10284,SAP18,mouse
76479,Smndc1,10285,SMNDC1,mouse
68183,Bcas2,10286,BCAS2,mouse
56470,Rgs19,10287,RGS19,mouse
18733,Pirb,10288,LILRB2,mouse
68969,Eif1b,10289,EIF1B,mouse
12578,Cdkn2a,1029,CDKN2A,mouse
12579,Cdkn2b,1029,CDKN2A,mouse
11790,Speg,10290,SPEG,mouse
67465,Sf3a1,10291,SF3A1,mouse
22036,Traip,10293,TRAIP,mouse
56445,Dnaja2,10294,DNAJA2,mouse
12041,Bckdk,10295,BCKDK,mouse
59003,Maea,10296,MAEA,mouse
23805,Apc2,10297,APC2,mouse
70584,Pak4,10298,PAK4,mouse
223455,Marchf6,10299,MARCHF6,mouse
56417,Adar,103,ADAR,mouse
12579,Cdkn2b,1030,CDKN2B,mouse
74187,Katnb1,10300,KATNB1,mouse
330959,Snapc5,10302,SNAPC5,mouse
225372,Apbb3,10307,APBB3,mouse
100216455,Gm14124,10308,ZNF267,mouse
102640477,Gm14412,10308,ZNF267,mouse
241944,Zfp267,10308,ZNF267,mouse
22688,Zfp26,10308,ZNF267,mouse
381067,Zfp229,10308,ZNF267,mouse
630579,Zfp808,10308,ZNF267,mouse
218630,Ccno,10309,CCNO,mouse
12580,Cdkn2c,1031,CDKN2C,mouse
13185,Vps26c,10311,VPS26C,mouse
27060,Tcirg1,10312,TCIRG1,mouse
20168,Rtn3,10313,RTN3,mouse
14768,Lancl1,10314,LANCL1,mouse
103164605,Paupar,103157000,PAX6-AS1|PAUPAR,mouse
14767,Nmur1,10316,NMUR1,mouse
93961,B3galt5,10317,B3GALT5,mouse
57783,Tnip1,10318,TNIP1,mouse
23928,Lamc3,10319,LAMC3,mouse
12581,Cdkn2d,1032,CDKN2D,mouse
22778,Ikzf1,10320,IKZF1,mouse
11572,Crisp3,10321,CRISP3,mouse
11571,Crisp1,10321,CRISP3,mouse
232187,Smyd5,10322,SMYD5,mouse
228003,Klhl41,10324,KLHL41,mouse
245670,Rragb,10325,RRAGB,mouse
100038947,Sirpb1c,10326,SIRPB1,mouse
19261,Sirpa,10326,SIRPB1,mouse
381484,Gm5150,10326,SIRPB1,mouse
320832,Sirpb1a,10326,SIRPB1,mouse
751864,Gm9733,10326,SIRPB1,mouse
668101,Sirpb1b,10326,SIRPB1,mouse
58810,Akr1a1,10327,AKR1A1,mouse
18117,Emc8,10328,EMC8,mouse
216395,Rxylt1,10329,RXYLT1,mouse
72391,Cdkn3,1033,CDKN3,mouse
56530,Cnpy2,10330,CNPY2,mouse
72297,B3gnt3,10331,B3GNT3,mouse
170779,Cd209d,10332,CLEC4M,mouse
70192,Cd209g,10332,CLEC4M,mouse
69165,Cd209b,10332,CLEC4M,mouse
69142,Cd209f,10332,CLEC4M,mouse
21899,Tlr6,10333,TLR6,mouse
17540,Irag1,10335,IRAG1,mouse
69587,Pcgf3,10336,PCGF3,mouse
21787,Tfg,10342,TFG,mouse
18766,Pkdrej,10343,PKDREJ,mouse
541307,Ccl26,10344,CCL26,mouse
76757,Trdn,10345,TRDN,mouse
333307,Trim75,10346,TRIM22,mouse
27403,Abca7,10347,ABCA7,mouse
217262,Abca9,10350,ABCA9,mouse
217258,Abca8a,10351,ABCA8,mouse
27404,Abca8b,10351,ABCA8,mouse
70560,Wars2,10352,WARS2,mouse
12583,Cdo1,1036,CDO1,mouse
18150,Npm3,10360,NPM3,mouse
328440,Npm2,10361,NPM2,mouse
15353,Hmg20b,10362,HMG20B,mouse
66867,Hmg20a,10363,HMG20A,mouse
16598,Klf2,10365,KLF2,mouse
216001,Micu1,10367,MICU1,mouse
54376,Cacng3,10368,CACNG3,mouse
12300,Cacng2,10369,CACNG2,mouse
17684,Cited2,10370,CITED2,mouse
20346,Sema3a,10371,SEMA3A,mouse
22143,Tuba1b,10376,TUBA1B,mouse
16391,Irf9,10379,IRF9,mouse
23827,Bpnt1,10380,BPNT1,mouse
22152,Tubb3,10381,TUBB3,mouse
22153,Tubb4a,10382,TUBB4A,mouse
227613,Tubb4b,10383,TUBB4B,mouse
238555,Btn2a2,10385,BTN2A2,mouse
320558,Sycp2,10388,SYCP2,mouse
107815,Scml2,10389,SCML2,mouse
12585,Cdr2,1039,CDR2,mouse
99712,Cept1,10390,CEPT1,mouse
235431,Coro2b,10391,CORO2B,mouse
67938,Myl12b,103910,MYL12B,mouse
107607,Nod1,10392,NOD1,mouse
68999,Anapc10,10393,ANAPC10,mouse
53856,Prg3,10394,PRG3,mouse
50768,Dlc1,10395,DLC1,mouse
11980,Atp8a1,10396,ATP8A1,mouse
17988,Ndrg1,10397,NDRG1,mouse
98932,Myl9,10398,MYL9,mouse
14694,Rack1,10399,RACK1,mouse
110532,Adarb1,104,ADARB1,mouse
74596,Cds1,1040,CDS1,mouse
18618,Pemt,10400,PEMT,mouse
229615,Pias3,10401,PIAS3,mouse
54613,St3gal6,10402,ST3GAL6,mouse
67052,Ndc80,10403,NDC80,mouse
54381,Cpq,10404,CPQ,mouse
67701,Wfdc2,10406,WFDC2,mouse
70350,Basp1,10409,BASP1,mouse
213002,Ifitm6,10410,IFITM3,mouse
68713,Ifitm1,10410,IFITM3,mouse
80876,Ifitm2,10410,IFITM3,mouse
66141,Ifitm3,10410,IFITM3,mouse
74482,Ifitm7,10410,IFITM3,mouse
223864,Rapgef3,10411,RAPGEF3,mouse
59050,Nsa2,10412,NSA2,mouse
22601,Yap1,10413,YAP1,mouse
100689,Spon2,10417,SPON2,mouse
233744,Spon1,10418,SPON1,mouse
27374,Prmt5,10419,PRMT5,mouse
230661,Tesk2,10420,TESK2,mouse
70233,Cd2bp2,10421,CD2BP2,mouse
98766,Ubac1,10422,UBAC1,mouse
52858,Cdipt,10423,CDIPT,mouse
70804,Pgrmc2,10424,PGRMC2,mouse
23807,Arih2,10425,ARIH2,mouse
259279,Tubgcp3,10426,TUBGCP3,mouse
99683,Sec24b,10427,SEC24B,mouse
23837,Cfdp1,10428,CFDP1,mouse
23833,Cd52,1043,CD52,mouse
69804,Tmem147,10430,TMEM147,mouse
56275,Rbm14,10432,RBM14,mouse
18777,Lypla1,10434,LYPLA1,mouse
104252,Cdc42ep2,10435,CDC42EP2,mouse
14791,Emg1,10436,EMG1,mouse
65972,Ifi30,10437,IFI30,mouse
57316,C1d,10438,C1D,mouse
56177,Olfm1,10439,OLFM1,mouse
12590,Cdx1,1044,CDX1,mouse
21854,Timm17a,10440,TIMM17A,mouse
381695,N4bp2l2,10443,N4BP2L2,mouse
227693,Zer1,10444,ZER1,mouse
51812,Mcrs1,10445,MCRS1,mouse
16980,Lrrn2,10446,LRRN2,mouse
27999,Fam3c,10447,FAM3C,mouse
52538,Acaa2,10449,ACAA2,mouse
12591,Cdx2,1045,CDX2,mouse
56031,Ppie,10450,PPIE,mouse
57257,Vav3,10451,VAV3,mouse
53333,Tomm40,10452,TOMM40,mouse
66513,Tab1,10454,TAB1,mouse
23986,Eci2,10455,ECI2,mouse
69123,Eci3,10455,ECI2,mouse
23897,Hax1,10456,HAX1,mouse
93695,Gpnmb,10457,GPNMB,mouse
108100,Baiap2,10458,BAIAP2,mouse
71890,Mad2l2,10459,MAD2L2,mouse
12592,Cdx4,1046,CDX4,mouse
21335,Tacc3,10460,TACC3,mouse
17289,Mertk,10461,MERTK,mouse
17312,Clec10a,10462,CLEC10A,mouse
216864,Mgl2,10462,CLEC10A,mouse
109108,Slc30a9,10463,SLC30A9,mouse
52023,Pibf1,10464,PIBF1,mouse
66101,Ppih,10465,PPIH,mouse
665989,Gm7879,10465,PPIH,mouse
238123,Cog5,10466,COG5,mouse
70103,Znhit1,10467,ZNHIT1,mouse
14313,Fst,10468,FST,mouse
21856,Timm44,10469,TIMM44,mouse
12745,Clgn,1047,CLGN,mouse
14976,Pfdn6,10471,PFDN6,mouse
30928,Zbtb18,10472,ZBTB18,mouse
115488195,Gm20379,10473,HMGN4,mouse
101206,Tada3,10474,TADA3,mouse
214158,Trim38,10475,TRIM38,mouse
71679,Atp5pd,10476,ATP5PD,mouse
22193,Ube2e3,10477,UBE2E3,mouse
20524,Slc25a17,10478,SLC25A17,mouse
236794,Slc9a6,10479,SLC9A6,mouse
26367,Ceacam2,1048,CEACAM5,mouse
98221,Eif3m,10480,EIF3M,mouse
15408,Hoxb13,10481,HOXB13,mouse
53319,Nxf1,10482,NXF1,mouse
27054,Sec23b,10483,SEC23B,mouse
20334,Sec23a,10484,SEC23A,mouse
100042277,Gm3764,10485,MIR9-1HG,mouse
67252,Cap2,10486,CAP2,mouse
12331,Cap1,10487,CAP1,mouse
12913,Creb3,10488,CREB3,mouse
230654,Lrrc41,10489,LRRC41,mouse
53612,Vti1b,10490,VTI1B,mouse
12921,Crhr1,104909134,CRHR1|LINC02210-CRHR1,mouse
56693,Crtap,10491,CRTAP,mouse
56403,Syncrip,10492,SYNCRIP,mouse
26949,Vat1,10493,VAT1,mouse
59041,Stk25,10494,STK25,mouse
209224,Enox2,10495,ENOX2,mouse
22249,Unc13b,10497,UNC13B,mouse
59035,Carm1,10498,CARM1,mouse
17978,Ncoa2,10499,NCOA2,mouse
94191,Adarb2,105,ADARB2,mouse
12606,Cebpa,1050,CEBPA,mouse
20360,Sema6c,10500,SEMA6C,mouse
20359,Sema6b,10501,SEMA6B,mouse
20355,Sema4f,10505,SEMA4F,mouse
20354,Sema4d,10507,SEMA4D,mouse
20352,Sema4b,10509,SEMA4B,mouse
12608,Cebpb,1051,CEBPB,mouse
20348,Sema3c,10512,SEMA3C,mouse
66884,Appbp2,10513,APPBP2,mouse
18432,Mybbp1a,10514,MYBBP1A,mouse
23876,Fbln5,10516,FBLN5,mouse
213980,Fbxw10,10517,FBXW10,mouse
56506,Cib2,10518,CIB2,mouse
330228,Spdye4b,105180390,SPDYE10|SPDYE13|LOC124906603,mouse
74673,Spdye4a,105180390,SPDYE10|SPDYE13|LOC124906603,mouse
23991,Cib1,10519,CIB1,mouse
12609,Cebpd,1052,CEBPD,mouse
67040,Ddx17,10521,DDX17,mouse
54006,Deaf1,10522,DEAF1,mouse
27967,Cherp,10523,CHERP,mouse
81601,Kat5,10524,KAT5,mouse
12282,Hyou1,10525,HYOU1,mouse
320727,Ipo8,10526,IPO8,mouse
233726,Ipo7,10527,IPO7,mouse
67134,Nop56,10528,NOP56,mouse
74103,Nebl,10529,NEBL,mouse
110794,Cebpe,1053,CEBPE,mouse
69617,Pitrm1,10531,PITRM1,mouse
74244,Atg7,10533,ATG7,mouse
56390,Znrd2,10534,ZNRD2,mouse
69724,Rnaseh2a,10535,RNASEH2A,mouse
14789,P3h3,10536,P3H3,mouse
24108,Ubd,10537,UBD,mouse
74466,Mfsd13b,105371130,MFSD13B,mouse
100503868,Gm19935,105371267,LOC105371267,mouse
100042953,Nfilz,105372267,NFILZ,mouse
100503710,Gng14,105372280,GNG14,mouse
100416956,Pnma6e,105373377,PNMA6F,mouse
100647,Upk3b,105375355,UPK3B,mouse
670833,Gm11213,105376230,TEX53,mouse
102639650,Vamp9,105377307,VAMP9P,mouse
109136,Mmaa,105377467,MMAA|LINC02491,mouse
76237,Tmem275,105378696,TMEM275,mouse
69239,Pdzph1,105379197,PDZPH1P,mouse
53314,Batf,10538,BATF,mouse
30926,Glrx3,10539,GLRX3,mouse
12611,Cebpg,1054,CEBPG,mouse
69654,Dctn2,10540,DCTN2,mouse
67628,Anp32b,10541,ANP32B,mouse
68576,Lamtor5,10542,LAMTOR5,mouse
19124,Procr,10544,PROCR,mouse
74140,Tm9sf1,10548,TM9SF1,mouse
53381,Prdx4,10549,PRDX4,mouse
65106,Arl6ip5,10550,ARL6IP5,mouse
23795,Agr2,10551,AGR2,mouse
56443,Arpc1a,10552,ARPC1A,mouse
53415,Htatip2,10553,HTATIP2,mouse
55979,Agpat1,10554,AGPAT1,mouse
67512,Agpat2,10555,AGPAT2,mouse
54364,Rpp30,10556,RPP30,mouse
227522,Rpp38,10557,RPP38,mouse
268656,Sptlc1,10558,SPTLC1,mouse
24060,Slc35a1,10559,SLC35A1,mouse
12613,Cel,1056,CEL,mouse
116914,Slc19a2,10560,SLC19A2,mouse
99899,Ifi44,10561,IFI44,mouse
380924,Olfm4,10562,OLFM4,mouse
55985,Cxcl13,10563,CXCL13,mouse
99371,Arfgef2,10564,ARFGEF2,mouse
211673,Arfgef1,10565,ARFGEF1,mouse
11642,Akap3,10566,AKAP3,mouse
14470,Rabac1,10567,RABAC1,mouse
20531,Slc34a2,10568,SLC34A2,mouse
193116,Slu7,10569,SLU7,mouse
26757,Dpysl4,10570,DPYSL4,mouse
30954,Siva1,10572,SIVA1,mouse
68611,Mrpl28,10573,MRPL28,mouse
12468,Cct7,10574,CCT7,mouse
12464,Cct4,10575,CCT4,mouse
12461,Cct2,10576,CCT2,mouse
67963,Npc2,10577,NPC2,mouse
57752,Tacc2,10579,TACC2,mouse
12615,Cenpa,1058,CENPA,mouse
20411,Sorbs1,10580,SORBS1,mouse
66141,Ifitm3,10581,IFITM2,mouse
80876,Ifitm2,10581,IFITM2,mouse
74482,Ifitm7,10581,IFITM2,mouse
68713,Ifitm1,10581,IFITM2,mouse
239447,Colec10,10584,COLEC10,mouse
99011,Pomt1,10585,POMT1,mouse
23937,Mab21l2,10586,MAB21L2,mouse
26462,Txnrd2,10587,TXNRD2,mouse
100039707,Mthfsl,10588,MTHFS,mouse
107885,Mthfs,10588,MTHFS,mouse
66556,Drap1,10589,DRAP1,mouse
12616,Cenpb,1059,CENPB,mouse
214189,Scgn,10590,SCGN,mouse
381101,Dnph1,10591,DNPH1,mouse
14211,Smc2,10592,SMC2,mouse
192159,Prpf8,10594,PRPF8,mouse
26918,Ern2,10595,ERN2,mouse
66226,Trappc2,10597,TRAPPC2B,mouse
217737,Ahsa1,10598,AHSA1,mouse
28253,Slco1b2,10599,SLCO1B1,mouse
12617,Cenpc1,1060,CENPC,mouse
74112,Usp16,10600,USP16,mouse
260409,Cdc42ep3,10602,CDC42EP3,mouse
23921,Sh2b2,10603,SH2B2,mouse
218693,Paip1,10605,PAIP1,mouse
67054,Paics,10606,PAICS,mouse
213773,Tbl3,10607,TBL3,mouse
17122,Mxd4,10608,MXD4,mouse
66180,P3h4,10609,P3H4,mouse
20446,St6galnac2,10610,ST6GALNAC2,mouse
56376,Pdlim5,10611,PDLIM5,mouse
55992,Trim3,10612,TRIM3,mouse
226144,Erlin1,10613,ERLIN1,mouse
192231,Hexim1,10614,HEXIM1,mouse
54141,Spag5,10615,SPAG5,mouse
24105,Rbck1,10616,RBCK1,mouse
70527,Stambp,10617,STAMBP,mouse
22134,Tgoln1,10618,TGOLN2,mouse
229841,Cenpe,1062,CENPE,mouse
56380,Arid3b,10620,ARID3B,mouse
70408,Polr3f,10621,POLR3F,mouse
67486,Polr3g,10622,POLR3G,mouse
74414,Polr3c,10623,POLR3C,mouse
117198,Ivns1abp,10625,IVNS1ABP,mouse
94092,Trim16,10626,TRIM16,mouse
67938,Myl12b,10627,MYL12A,mouse
67268,Myl12a,10627,MYL12A,mouse
56338,Txnip,10628,TXNIP,mouse
225895,Taf6l|Gm2518,10629,TAF6L,mouse
108000,Cenpf,1063,CENPF,mouse
14726,Pdpn,10630,PDPN,mouse
50706,Postn,10631,POSTN,mouse
27425,Atp5mg,10632,ATP5MG,mouse
75668,Rasl10a,10633,RASL10A,mouse
78926,Gas2l1,10634,GAS2L1,mouse
19362,Rad51ap1,10635,RAD51AP1,mouse
51791,Rgs14,10636,RGS14,mouse
13590,Lefty1,10637,LEFTY1,mouse
320202,Lefty2,10637,LEFTY1,mouse
105504,Exoc5,10640,EXOC5,mouse
56032,Nprl2,10641,NPRL2,mouse
140486,Igf2bp1,10642,IGF2BP1,mouse
140488,Igf2bp3,10643,IGF2BP3,mouse
319765,Igf2bp2,10644,IGF2BP2,mouse
207565,Camkk2,10645,CAMKK2,mouse
115488450,Gm22290,106478922,RNU6-44P,mouse
115487317,Gm24141,106479580,RNU4-48P,mouse
115488576,Gm25131,106479583,RNU4-54P,mouse
115487317,Gm24141,106479591,RNU4-72P,mouse
115488740,Gm24928,106479640,RNU6-168P,mouse
115488882,Gm26500,106479652,RNU6-194P,mouse
115488884,Gm26375,106479652,RNU6-194P,mouse
115488741,Gm24164,106479659,RNU6-210P,mouse
115490020,Gm26049,106479676,RNU6-247P,mouse
115489076,Gm24400,106479693,RNU6-285P,mouse
115487582,Gm22549,106479709,RNU6-321P,mouse
115488737,Gm22808,106479712,RNU6-329P,mouse
115489349,Gm23462,106479713,RNU6-331P,mouse
115488599,Gm22107,106479720,RNU6-347P,mouse
115488883,Gm23864,106479721,RNU6-349P,mouse
115490449,Gm25205,106479746,RNU6-408P,mouse
115489076,Gm24400,106479754,RNU6-426P,mouse
115487337,Gm23730,106479755,RNU6-429P,mouse
115489185,Gm22364,106479769,RNU6-460P,mouse
115489281,Gm25207,106479773,RNU6-470P,mouse
115486566,Gm23042,106479792,RNU6-509P,mouse
115488251,Gm26064,106479803,RNU6-535P,mouse
115487005,Gm22509,106479806,RNU6-540P,mouse
115489189,Gm25047,106479826,RNU6-588P,mouse
115489368,Gm23318,106479837,RNU6-613P,mouse
115488865,Gm22645,106479841,RNU6-622P,mouse
115487608,Gm24674,106479850,RNU6-640P,mouse
115488586,Gm22951,106479860,RNU6-662P,mouse
115489076,Gm24400,106479874,RNU6-697P,mouse
115489178,Gm23516,106479880,RNU6-710P,mouse
115489281,Gm25207,106479882,RNU6-713P,mouse
115488586,Gm22951,106479892,RNU6-738P,mouse
115486579,Gm22226,106479900,RNU6-756P,mouse
115487847,Gm22753,106479901,RNU6-757P,mouse
115486579,Gm22226,106479957,RNU6-884P,mouse
115489183,Gm25797,106479962,RNU6-895P,mouse
115486565,Gm26062,106479970,RNU6-912P,mouse
115487569,Gm24655,106479970,RNU6-912P,mouse
115488735,Gm24927,106479972,RNU6-919P,mouse
115489782,Gm22935,106479973,RNU6-921P,mouse
115490235,Gm23570,106479989,RNU6-957P,mouse
115488739,Gm23003,106479993,RNU6-967P,mouse
115486579,Gm22226,106480014,RNU6-1017P,mouse
115489572,Gm25147,106480023,RNU6-1040P,mouse
115488249,Gm25020,106480032,RNU6-1060P,mouse
115487582,Gm22549,106480041,RNU6-1082P,mouse
115487623,Gm25269,106480053,RNU6-1106P,mouse
115488601,Gm22208,106480060,RNU6-1123P,mouse
115487933,Gm24149,106480093,RNU6-1205P,mouse
115487021,Gm24669,106480121,RNU6-1272P,mouse
115488455,Gm25204,106480123,RNU6-1277P,mouse
115490449,Gm25205,106480124,RNU6-1278P,mouse
115488594,Gm23737,106480161,RNU1-47P,mouse
115488605,Gm24041,106480164,RNU1-52P,mouse
115487530,Gm22739,106480165,RNU1-56P,mouse
115486637,Gm23741,106480173,RNU1-77P,mouse
115490075,Gm25124,106480174,RNU1-80P,mouse
115488233,Gm23972,106480174,RNU1-80P,mouse
115486595,Gm22809,106480174,RNU1-80P,mouse
115487531,Gm25515,106480174,RNU1-80P,mouse
115489381,Gm23405,106480178,RNVU1-33,mouse
115487668,Gm23240,106480184,RNU1-104P,mouse
115490288,Gm23458,106480185,RNU1-105P,mouse
115488708,Gm25140,106480185,RNU1-105P,mouse
115487512,Gm25587,106480185,RNU1-105P,mouse
115489855,Gm22043,106480185,RNU1-105P,mouse
115489645,Gm25184,106480196,RNU1-139P,mouse
115487314,Gm24764,106480210,RNU2-31P,mouse
115488854,Gm23887,106480211,RNU2-33P,mouse
115489646,Gm24037,106480212,RNU2-35P,mouse
115487921,Gm25475,106480226,RNU2-65P,mouse
432613,Trim80,106480328,TRIM80P,mouse
115489070,Gm23940,106480395,RNU6-580P,mouse
115487611,Gm23448,106480405,RNU6-1028P,mouse
115489647,Gm23118,106480415,RNU2-51P,mouse
115488566,Gm23517,106480415,RNU2-51P,mouse
115488865,Gm22645,106480557,RNU6-159P,mouse
115489066,Gm22443,106480559,RNU6-181P,mouse
115488743,Gm22576,106480570,RNU6-320P,mouse
115487582,Gm22549,106480590,RNU6-560P,mouse
115488111,Gm24499,106480599,RNU6-660P,mouse
115487342,Gm22069,106480599,RNU6-660P,mouse
115486572,Gm23847,106480644,RNU6-1164P,mouse
115489565,Gm23970,106480646,RNU6-1189P,mouse
115490231,Gm22887,106480653,RNU6-1263P,mouse
115490045,Gm23540,106480664,RNU1-63P,mouse
115486572,Gm23847,106480699,RNU6-841P,mouse
115490101,Gm24448,106480703,RNU6-40P,mouse
19817,Rn7sk,106480882,RN7SKP156,mouse
115490319,Gm22249,106481182,RNU4-35P,mouse
115488576,Gm25131,106481189,RNU4-55P,mouse
115487016,Gm23677,106481222,RNU6-144P,mouse
115486579,Gm22226,106481246,RNU6-217P,mouse
115489072,Gm25268,106481275,RNU6-304P,mouse
115489281,Gm25207,106481288,RNU6-345P,mouse
115490005,Gm23055,106481294,RNU6-366P,mouse
115489568,Gm24461,106481305,RNU6-402P,mouse
115488256,Gm22960,106481311,RNU6-421P,mouse
115488455,Gm25204,106481317,RNU6-439P,mouse
115487608,Gm24674,106481325,RNU6-463P,mouse
115487708,Gm22633,106481335,RNU6-492P,mouse
115489174,Gm22359,106481391,RNU6-663P,mouse
115487624,Gm25549,106481399,RNU6-693P,mouse
115488044,Gm22079,106481414,RNU6-742P,mouse
115489164,Gm26314,106481415,RNU6-745P,mouse
115489169,Gm25078,106481421,RNU6-763P,mouse
115490011,Gm25811,106481430,RNU6-790P,mouse
115487569,Gm24655,106481453,RNU6-863P,mouse
115486565,Gm26062,106481453,RNU6-863P,mouse
115488865,Gm22645,106481484,RNU6-965P,mouse
115488462,Gm23242,106481486,RNU6-970P,mouse
115488256,Gm22960,106481531,RNU6-1114P,mouse
115488882,Gm26500,106481545,RNU6-1157P,mouse
115488884,Gm26375,106481545,RNU6-1157P,mouse
115488743,Gm22576,106481558,RNU6-1197P,mouse
115490020,Gm26049,106481560,RNU6-1204P,mouse
115487569,Gm24655,106481576,RNU6-1254P,mouse
115486565,Gm26062,106481576,RNU6-1254P,mouse
115488697,Gm24145,106481606,RNU1-31P,mouse
115490076,Gm25280,106481608,RNU1-38P,mouse
115488081,Gm22220,106481610,RNU1-45P,mouse
115489644,Gm23101,106481611,RNU1-54P,mouse
115488430,Gm25831,106481611,RNU1-54P,mouse
115488709,Gm23692,106481622,RNU1-98P,mouse
115489859,Gm23464,106481635,RNU1-148P,mouse
115489646,Gm24037,106481656,RNU2-69P,mouse
115487317,Gm24141,106481764,RNU4-59P,mouse
115487933,Gm24149,106481766,RNU6-207P,mouse
115487252,Gm23856,106481767,RNU6-278P,mouse
115489857,Gm23054,106481783,RNU1-36P,mouse
115490086,Gm25270,106481872,RNU4-64P,mouse
19782,Rmrp,106481874,RMRPP5,mouse
115488741,Gm24164,106481877,RNU6-133P,mouse
115486572,Gm23847,106481894,RNU6-428P,mouse
115489282,Gm25812,106481909,RNU6-654P,mouse
115487843,Gm25930,106481912,RNU6-702P,mouse
115486566,Gm23042,106481920,RNU6-862P,mouse
115489777,Gm25696,106481923,RNU6-915P,mouse
115486566,Gm23042,106481936,RNU6-1122P,mouse
115489665,Gm22997,106481942,RNU6-1201P,mouse
115489849,Gm23796,106481956,RNU1-94P,mouse
225655,Prelid3a,10650,PRELID3A,mouse
53375,Mtx2,10651,MTX2,mouse
56418,Ykt6,10652,YKT6,mouse
20733,Spint2,10653,SPINT2,mouse
68603,Pmvk,10654,PMVK,mouse
226049,Dmrt2,10655,DMRT2,mouse
13992,Khdrbs3,10656,KHDRBS3,mouse
20218,Khdrbs1,10657,KHDRBS1,mouse
13046,Celf1,10658,CELF1,mouse
14007,Celf2,10659,CELF2,mouse
13884,Ces1c,1066,CES1,mouse
12623,Ces1g,1066,CES1,mouse
104158,Ces1d,1066,CES1,mouse
13897,Ces1e,1066,CES1,mouse
244595,Ces1a,1066,CES1,mouse
234564,Ces1f,1066,CES1,mouse
382044,Ces1b,1066,CES1,mouse
75704,Ces1h,1066,CES1,mouse
16814,Lbx1,10660,LBX1,mouse
16596,Klf1,10661,KLF1,mouse
80901,Cxcr6,10663,CXCR6,mouse
13018,Ctcf,10664,CTCF,mouse
225825,Cd226,10666,CD226,mouse
69955,Fars2,10667,FARS2,mouse
68755,Cgrrf1,10668,CGRRF1,mouse
68567,Cgref1,10669,CGREF1,mouse
68441,Rraga,10670,RRAGA,mouse
22428,Dctn6,10671,DCTN6,mouse
14674,Gna13,10672,GNA13,mouse
24099,Tnfsf13b,10673,TNFSF13B,mouse
29873,Cspg5,10675,CSPG5,mouse
11567,Avil,10677,AVIL,mouse
53625,B3gnt2,10678,B3GNT2,mouse
26369,Cetn1,1068,CETN1,mouse
14697,Gnb5,10681,GNB5,mouse
13595,Ebp,10682,EBP,mouse
214230,Pak6,106821730,PAK6|BUB1B-PAK6,mouse
13389,Dll3,10683,DLL3,mouse
114141,Cldn16,10686,CLDN16,mouse
239157,Pnma2,10687,PNMA2,mouse
26370,Cetn2,1069,CETN2,mouse
14348,Fut9,10690,FUT9,mouse
56809,Gmeb1,10691,GMEB1,mouse
20132,Rrh,10692,RRH,mouse
12467,Cct6b,10693,CCT6B,mouse
12469,Cct8,10694,CCT8,mouse
72029,Cnpy3,10695,CNPY3,mouse
53419,Corin,10699,CORIN,mouse
432530,Adcy1,107,ADCY1,mouse
12626,Cetn3,1070,CETN3,mouse
67046,Tbc1d7,107080638,TBC1D7|TBC1D7-LOC100130357,mouse
68521,Fam189b,10712,FAM189B,mouse
28035,Usp39,10713,USP39,mouse
67967,Pold3,10714,POLD3,mouse
93898,Gdf1|Cers1,10715,CERS1,mouse
21375,Tbr1,10716,TBR1,mouse
67489,Ap4b1,10717,AP4B1,mouse
18183,Nrg3,10718,NRG3,mouse
12631,Cfl1,1072,CFL1,mouse
100559,Ugt2b38,10720,UGT2B11,mouse
112417,Ugt2b37,10720,UGT2B11,mouse
22238,Ugt2b5,10720,UGT2B11,mouse
231396,Ugt2b36,10720,UGT2B11,mouse
243085,Ugt2b35,10720,UGT2B11,mouse
71773,Ugt2b1,10720,UGT2B11,mouse
77782,Polq,10721,POLQ,mouse
20499,Slc12a7,10723,SLC12A7,mouse
76055,Oga,10724,OGA,mouse
54446,Nfat5,10725,NFAT5,mouse
18221,Nudc,10726,NUDC,mouse
56351,Ptges3,10728,PTGES3,mouse
12632,Cfl2,1073,CFL2,mouse
27377,Yme1l1,10730,YME1L1,mouse
277353,Tcfl5,10732,TCFL5,mouse
20873,Plk4,10733,PLK4,mouse
50878,Stag3,10734,STAG3,mouse
20843,Stag2,10735,STAG2,mouse
20472,Six2,10736,SIX2,mouse
192658,Rfpl4,10738,RFPL3,mouse
192658,Rfpl4,10739,RFPL2,mouse
115487685,Gm25663,107397392,SCARNA18B,mouse
26450,Rbbp9,10741,RBBP9,mouse
24004,Rai2,10742,RAI2,mouse
19377,Rai1,10743,RAI1,mouse
30939,Pttg1,10744,PTTG2,mouse
18685,Phtf1,10745,PHTF1,mouse
26405,Map3k2,10746,MAP3K2,mouse
17175,Masp2,10747,MASP2,mouse
16562,Kif1c,10749,KIF1C,mouse
13032,Ctsc,1075,CTSC,mouse
71520,Grap,10750,GRAP,mouse
12661,Chl1,10752,CHL1,mouse
73647,Capn9,10753,CAPN9,mouse
67903,Gipc1,10755,GIPC1,mouse
103213,Traf3ip2,10758,TRAF3IP2,mouse
56096,Plac1,10761,PLAC1,mouse
18141,Nup50,10762,NUP50,mouse
78482,1700123L14Rik,10762,NUP50,mouse
18008,Nes,10763,NES,mouse
75605,Kdm5b,10765,KDM5B,mouse
57259,Tob2,10766,TOB2,mouse
56422,Hbs1l,10767,HBS1L,mouse
229709,Ahcyl1,10768,AHCYL1,mouse
20620,Plk2,10769,PLK2,mouse
66505,Zmynd11,10771,ZMYND11,mouse
14105,Srsf10,10772,SRSF10,mouse
241322,Zbtb6,10773,ZBTB6,mouse
66161,Pop4,10775,POP4,mouse
59046,Arpp19,10776,ARPP19,mouse
74100,Arpp21,10777,ARPP21,mouse
100216455,Gm14124,10780,ZNF234,mouse
667666,Zfp600,10780,ZNF234,mouse
77519,Zfp266,10781,ZNF266,mouse
170936,Zfp369,10782,ZNF274,mouse
65020,Zfp110,10782,ZNF274,mouse
59126,Nek6,10783,NEK6,mouse
57773,Wdr4,10785,WDR4,mouse
105355,Slc17a3,10786,SLC17A3,mouse
50884,Nckap1,10787,NCKAP1,mouse
544963,Iqgap2,10788,IQGAP2,mouse
53620,Vamp5,10791,VAMP5,mouse
433801,Zfp268,10795,ZNF268,mouse
17768,Mthfd2,10797,MTHFD2,mouse
258640,Olfr152,10798,OR5I1,mouse
100040049,Smim38,107984345,SMIM38,mouse
380787,Lbhd2,107984640,LBHD2,mouse
330390,Mdfic2,107986096,MDFIC2,mouse
208366,Rpp40,10799,RPP40,mouse
210044,Adcy2,108,ADCY2,mouse
12638,Cftr,1080,CFTR,mouse
58861,Cysltr1,10800,CYSLTR1,mouse
53860,Septin9,10801,SEPTIN9,mouse
77371,Sec24a,10802,SEC24A,mouse
12769,Ccr9,10803,CCR9,mouse
14623,Gjb6,10804,GJB6,mouse
76816,Sdccag8,10806,SDCCAG8,mouse
68112,Entr1,10807,ENTR1,mouse
15505,Hsph1,10808,HSPH1,mouse
56018,Stard10,10809,STARD10,mouse
12640,Cga,1081,CGA,mouse
245880,Wasf3,10810,WASF3,mouse
241275,Noxa1,10811,NOXA1,mouse
195434,Utp14b,10813,UTP14A,mouse
72554,Utp14a,10813,UTP14A,mouse
12890,Cplx2,10814,CPLX2,mouse
12889,Cplx1,10815,CPLX1,mouse
629747,Spint3,10816,SPINT3,mouse
107971,Frs3,10817,FRS3,mouse
327826,Frs2,10818,FRS2,mouse
16866,Lhb,1082,CGB3,mouse
50877,Neu3,10825,NEU3,mouse
676527,Gm12248,10826,FAXDC2,mouse
67726,Fam114a2,10827,FAM114A2,mouse
27081,Zfp275,10838,ZNF275|LOC105373378,mouse
114872,Psg29,1084,CEACAM3,mouse
243862,Psg22,1084,CEACAM3,mouse
26438,Psg18,1084,CEACAM3,mouse
107747,Aldh1l1,10840,ALDH1L1,mouse
14317,Ftcd,10841,FTCD,mouse
19051,Ppp1r17,10842,PPP1R17,mouse
74237,Tubgcp2,10844,TUBGCP2,mouse
270166,Clpx,10845,CLPX,mouse
23984,Pde10a,10846,PDE10A|LINC00473,mouse
100043597,Srcap,10847,SRCAP,mouse
333654,Ppp1r13l,10848,PPP1R13L,mouse
70333,Polr1g,10849,POLR1G,mouse
100040048,Ccl27a|Ccl27al|Ccl27b,10850,CCL27,mouse
100039863,Ccl27a|Ccl27al|Ccl27b,10850,CCL27,mouse
20301,Ccl27a|Ccl27al|Ccl27b,10850,CCL27,mouse
15442,Hpse,10855,HPSE,mouse
20174,Ruvbl2,10856,RUVBL2,mouse
53328,Pgrmc1,10857,PGRMC1,mouse
13116,Cyp46a1,10858,CYP46A1,mouse
18733,Pirb,10859,LILRB1,mouse
231583,Slc26a1,10861,SLC26A1,mouse
13522,Adam28,10863,ADAM28,mouse
108114,Slc22a7,10864,SLC22A7,mouse
214855,Arid5a,10865,ARID5A,mouse
109246,Tspan9,10867,TSPAN9,mouse
74270,Usp20,10868,USP20,mouse
71472,Usp19,10869,USP19,mouse
26367,Ceacam2,1087,CEACAM7,mouse
23900,Hcst,10870,HCST,mouse
140497,Cd300c2,10871,CD300C,mouse
387565,Cd300c,10871,CD300C,mouse
109264,Me3,10873,ME3,mouse
56183,Nmu,10874,NMU,mouse
14190,Fgl2,10875,FGL2,mouse
219026,Eddm3b,10876,EDDM3A,mouse
545366,Cfhr2,10877,CFHR4,mouse
545366,Cfhr2,10878,CFHR3,mouse
20600,Smr2,10879,SMR3B,mouse
665615,Smr2l,10879,SMR3B,mouse
11471,Actl7b,10880,ACTL7B,mouse
11470,Actl7a,10881,ACTL7A,mouse
23829,C1ql1,10882,C1QL1,mouse
59054,Mrps30,10884,MRPS30,mouse
269470,Wdr3,10885,WDR3,mouse
104443,Npffr2,10886,NPFFR2,mouse
58182,Prokr1,10887,PROKR1,mouse
14608,Gpr83,10888,GPR83,mouse
19325,Rab10,10890,RAB10,mouse
19017,Ppargc1a,10891,PPARGC1A,mouse
240354,Malt1,10892,MALT1,mouse
17391,Mmp24,10893,MMP24,mouse
114332,Lyve1,10894,LYVE1,mouse
68090,Yif1a,10897,YIF1A,mouse
54188,Cpsf4,10898,CPSF4,mouse
23922,Jtb,10899,JTB,mouse
104111,Adcy3,109,ADCY3,mouse
51799,Rundc3a,10900,RUNDC3A,mouse
28200,Dhrs4,10901,DHRS4,mouse
78656,Brd8,10902,BRD8,mouse
194126,Mtmr11,10903,MTMR11,mouse
53619,Blcap,10904,BLCAP,mouse
17156,Man1a2,10905,MAN1A2,mouse
231712,Trafd1,10906,TRAFD1,mouse
27366,Txnl4a|Naa12,10907,TXNL4A,mouse
50767,Pnpla6,10908,PNPLA6,mouse
67955,Sugt1,10910,SUGT1,mouse
24111,Uts2,10911,UTS2,mouse
23882,Gadd45g,10912,GADD45G,mouse
13608,Edar,10913,EDAR,mouse
18789,Papola,10914,PAPOLA,mouse
56070,Tcerg1,10915,TCERG1,mouse
80884,Maged2,10916,MAGED2,mouse
110147,Ehmt2,10919,EHMT2,mouse
108679,Cops8,10920,COPS8,mouse
19826,Rnps1,10921,RNPS1,mouse
66587,Fastk,10922,FASTK,mouse
20024,Sub1,10923,SUB1,mouse
57319,Smpdl3a,10924,SMPDL3A,mouse
27214,Dbf4,10926,DBF4,mouse
20729,Spin1,10927,SPIN1,mouse
19765,Ralbp1,10928,RALBP1,mouse
20382,Srsf2,10929,SRSF8,mouse
245492,4930595M18Rik,10929,SRSF8,mouse
11811,Apobec2,10930,APOBEC2,mouse
21761,Morf4l1|Morf4l1b,10933,MORF4L1,mouse
11757,Prdx3,10935,PRDX3,mouse
237716,Gpr75,10936,GPR75,mouse
13660,Ehd1,10938,EHD1,mouse
69597,Afg3l2,10939,AFG3L2,mouse
67724,Pop1,10940,POP1,mouse
57256,Prss21,10942,PRSS21,mouse
17692,Msl3,10943,MSL3,mouse
73390,Msl3l2,10943,MSL3,mouse
56372,1110004F10Rik,10944,C11orf58,mouse
68137,Kdelr1,10945,KDELR1,mouse
75062,Sf3a3,10946,SF3A3,mouse
64933,Ap3m2,10947,AP3M2,mouse
59045,Stard3,10948,STARD3,mouse
77134,Hnrnpa0,10949,HNRNPA0,mouse
12228,Btg3,10950,BTG3,mouse
12412,Cbx1,10951,CBX1,mouse
66212,Sec61b,10952,SEC61B,mouse
67145,Tomm34,10953,TOMM34,mouse
72599,Pdia5,10954,PDIA5,mouse
26943,Serinc3,10955,SERINC3,mouse
216440,Os9,10956,OS9,mouse
108767,Pnrc1,10957,PNRC1,mouse
56334,Tmed2,10959,TMED2,mouse
66890,Lman2,10960,LMAN2,mouse
67397,Erp29,10961,ERP29,mouse
115490273,Gm23245,109616964,SNORA22B,mouse
115490273,Gm23245,109616965,SNORA22C,mouse
115485611,Gm24888,109616997,SNORA3C,mouse
115489637,Gm22676,109617000,SNORA11F,mouse
115485833,Gm26458,109617003,SNORA24B,mouse
115486124,Gm25107,109617004,SNORA35B,mouse
115488690,Gm24201,109617006,SNORA63B,mouse
115490466,Gm25852,109617007,SNORA63E,mouse
115488712,Gm25777,109617010,SNORA77B,mouse
115489209,Gm23615,109617024,SNORD38C,mouse
56772,Mllt11,10962,MLLT11,mouse
20867,Stip1,10963,STIP1,mouse
15061,Ifi44l,10964,IFI44L,mouse
171281,Acot3,10965,ACOT2,mouse
171210,Acot2,10965,ACOT2,mouse
217698,Acot5,10965,ACOT2,mouse
26897,Acot1,10965,ACOT2,mouse
217371,Rab40b,10966,RAB40B,mouse
69072,Ebna1bp2,10969,EBNA1BP2,mouse
216197,Ckap4,10970,CKAP4,mouse
67053,Rpp14|Htd2,109703458,HTD2,mouse
22630,Ywhaq,10971,YWHAQ,mouse
68581,Tmed10,10972,TMED10,mouse
77987,Ascc3,10973,ASCC3,mouse
94184,Pdxdc1,109731405,PDXDC2P,mouse
66594,Uqcr11,10975,UQCR11,mouse
98985,Clp1,10978,CLP1,mouse
218952,Fermt2,10979,FERMT2,mouse
26893,Cops6,10980,COPS6,mouse
67844,Rab32,10981,RAB32,mouse
212307,Mapre2,10982,MAPRE2,mouse
12453,Ccni,10983,CCNI,mouse
63830,Kcnq1ot1,10984,KCNQ1OT1,mouse
231659,Gcn1,10985,GCN1,mouse
26754,Cops5,10987,COPS5,mouse
56307,Metap2,10988,METAP2,mouse
76614,Immt,10989,IMMT,mouse
100041146,Pira6|Pira13,10990,LILRB5,mouse
100038909,Pira11|Pira6|Pira7|Pira12,10990,LILRB5,mouse
18725,Pira2,10990,LILRB5,mouse
18722,Pira1,10990,LILRB5,mouse
18733,Pirb,10990,LILRB5,mouse
18726,Lilra6,10990,LILRB5,mouse
76257,Slc38a3,10991,SLC38A3,mouse
319322,Sf3b2,10992,SF3B2,mouse
231691,Sds,10993,SDS,mouse
216136,Ilvbl,10994,ILVBL,mouse
26459,Slc27a5,10998,SLC27A5,mouse
26569,Slc27a4,10999,SLC27A4,mouse
26568,Slc27a3,11000,SLC27A3,mouse
26458,Slc27a2,11001,SLC27A2,mouse
73804,Kif2c,11004,KIF2C,mouse
72432,Spink5,11005,SPINK5,mouse
240514,Ccdc85b,11007,CCDC85B,mouse
93672,Il24,11009,IL24,mouse
12643,Chad,1101,CHAD,mouse
73690,Glipr1,11010,GLIPR1,mouse
24086,Tlk2,11011,TLK2,mouse
56538,Klk11,11012,KLK11,mouse
100034363,Tmsb15b2,11013,TMSB15A,mouse
78478,Tmsb15a,11013,TMSB15A,mouse
666244,Tmsb15b1,11013,TMSB15A,mouse
66913,Kdelr2,11014,KDELR2,mouse
105785,Kdelr3,11015,KDELR3,mouse
223922,Atf7,11016,ATF7,mouse
66618,Snrnp27,11017,SNRNP27,mouse
17083,Tmed1,11018,TMED1,mouse
79464,Lias,11019,LIAS,mouse
105670,Rcbtb2,1102,RCBTB2,mouse
67042,Ift27,11020,IFT27,mouse
77407,Rab35,11021,RAB35,mouse
72634,Tdrkh,11022,TDRKH,mouse
22326,Vax1,11023,VAX1,mouse
100038909,Pira11|Pira6|Pira7|Pira12,11024,LILRA1,mouse
100041146,Pira6|Pira13,11024,LILRA1,mouse
18725,Pira2,11024,LILRA1,mouse
18733,Pirb,11024,LILRA1,mouse
18726,Lilra6,11024,LILRA1,mouse
100041146,Pira6|Pira13,11025,LILRB3|LOC102725035|LOC107987425|LOC107987462,mouse
100038909,Pira11|Pira6|Pira7|Pira12,11025,LILRB3|LOC102725035|LOC107987425|LOC107987462,mouse
18733,Pirb,11025,LILRB3|LOC102725035|LOC107987425|LOC107987462,mouse
18722,Pira1,11025,LILRB3|LOC102725035|LOC107987425|LOC107987462,mouse
18725,Pira2,11025,LILRB3|LOC102725035|LOC107987425|LOC107987462,mouse
18726,Lilra6,11025,LILRB3|LOC102725035|LOC107987425|LOC107987462,mouse
100038909,Pira11|Pira6|Pira7|Pira12,11027,LILRA2,mouse
100041146,Pira6|Pira13,11027,LILRA2,mouse
18725,Pira2,11027,LILRA2,mouse
18726,Lilra6,11027,LILRA2,mouse
18733,Pirb,11027,LILRA2,mouse
12647,Chat,1103,CHAT,mouse
19663,Rbpms,11030,RBPMS,mouse
106572,Rab31,11031,RAB31,mouse
231821,Adap1,11033,ADAP1,mouse
56431,Dstn,11034,DSTN,mouse
56532,Ripk3,11035,RIPK3,mouse
71828,Gtf2a1l,11036,GTF2A1L,mouse
77057,Ston1,11037,STON1,mouse
100088,Rcc1,1104,RCC1,mouse
18715,Pim2,11040,PIM2,mouse
108902,B4gat1,11041,B4GAT1,mouse
23947,Mid2,11043,MID2,mouse
210106,Tent4a,11044,TENT4A,mouse
109637,Upk1a,11045,UPK1A,mouse
70484,Slc35d2,11046,SLC35D2,mouse
100043022,Gm9774,11047,ADRM1,mouse
56436,Adrm1,11047,ADRM1,mouse
12648,Chd1,1105,CHD1,mouse
68219,Nudt21,11051,NUDT21,mouse
432508,Cpsf6,11052,CPSF6,mouse
72075,Ogfr,11054,OGFR,mouse
53604,Zpbp,11055,ZPBP,mouse
78394,Ddx52,11056,DDX52,mouse
54608,Abhd2,11057,ABHD2,mouse
107568,Wwp1,11059,WWP1,mouse
110599566,Eef1akmt4,110599564,EEF1AKMT4,mouse
110599589,Asdurf,110599588,ASDURF,mouse
244059,Chd2,1106,CHD2,mouse
66894,Wwp2,11060,WWP2,mouse
16840,Cnmd,11061,CNMD,mouse
71916,Dus4l,11062,DUS4L,mouse
214105,Sox30,11063,SOX30,mouse
26920,Cntrl,11064,CNTRL,mouse
68612,Ube2c,11065,UBE2C,mouse
76167,Snrnp35,11066,SNRNP35,mouse
213393,Depp1,11067,DEPP1,mouse
56368,Cyb561d2,11068,CYB561D2,mouse
56508,Rapgef4,11069,RAPGEF4,mouse
216848,Chd3,1107,CHD3,mouse
56395,Tmem115,11070,TMEM115,mouse
56405,Dusp14,11072,DUSP14,mouse
235559,Topbp1,11073,TOPBP1,mouse
20257,Stmn2,11075,STMN2,mouse
72948,Tppp,11076,TPPP,mouse
74377,Hsf2bp,11077,HSF2BP,mouse
110253,Triobp,11078,TRIOBP,mouse
67830,Rer1,11079,RER1,mouse
107932,Chd4,1108,CHD4,mouse
67035,Dnajb4,11080,DNAJB4,mouse
105247240,Pnma8c,110806277,PNMA8C,mouse
619297,Ccdc194,110806280,CCDC194,mouse
115489946,Gm30191,110806296,C1orf232,mouse
68880,Fam240b,110806297,FAM240B,mouse
16545,Kera,11081,KERA,mouse
71690,Esm1,11082,ESM1,mouse
23856,Dido1,11083,DIDO1,mouse
71078,Adam30,11085,ADAM30,mouse
244486,Adam29,11086,ADAM29,mouse
105349,Akr1c18,1109,AKR1C4,mouse
105387,Akr1c14,1109,AKR1C4,mouse
116852,Akr1c20,1109,AKR1C4,mouse
432720,Akr1c19,1109,AKR1C4,mouse
27384,Akr1c13,1109,AKR1C4,mouse
622402,Akr1c12,1109,AKR1C4,mouse
83702,Akr1c6,1109,AKR1C4,mouse
70861,Akr1cl,1109,AKR1C4,mouse
77337,Akr1c21,1109,AKR1C4,mouse
140858,Wdr5,11091,WDR5,mouse
69987,Spaca9,11092,SPACA9,mouse
279028,Adamts13,11093,ADAMTS13,mouse
381356,Cacfd1,11094,CACFD1,mouse
30806,Adamts8,11095,ADAMTS8,mouse
23794,Adamts5,11096,ADAMTS5,mouse
231042,Nupl2,11097,NUP42,mouse
76453,Prss23,11098,PRSS23,mouse
24000,Ptpn21,11099,PTPN21,mouse
224129,Adcy5,111,ADCY5,mouse
232989,Hnrnpul1,11100,HNRNPUL1,mouse
11907,Ate1,11101,ATE1,mouse
67053,Rpp14|Htd2,11102,RPP14,mouse
52705,Krr1,11103,KRR1,mouse
23924,Katna1,11104,KATNA1,mouse
213389,Prdm9,11105,PRDM7,mouse
102640043,Gm36210,111064650,C19orf85,mouse
70779,Prdm5,11107,PRDM5,mouse
72843,Prdm4,11108,PRDM4,mouse
12649,Chek1,1111,CHEK1,mouse
58875,Hibadh,11112,HIBADH,mouse
12704,Cit,11113,CIT,mouse
75296,Cep43,11116,CEP43,mouse
100952,Emilin1,11117,EMILIN1,mouse
23936,Lynx1,111188157,LYNX1-SLURP2,mouse
102639802,Gm36028,11119,BTN3A1,mouse
71375,Foxn3,1112,FOXN3,mouse
238555,Btn2a2,11120,BTN2A1,mouse
74927,Pmis2,111216276,PMIS2,mouse
74307,1700092M07Rik,111216277,TEX54,mouse
19281,Ptprt,11122,PTPRT,mouse
53902,Rcan3,11123,RCAN3,mouse
14084,Faf1,11124,FAF1,mouse
54215,Cd160,11126,CD160,mouse
16568,Kif3a,11127,KIF3A,mouse
218832,Polr3a,11128,POLR3A,mouse
53609,Clasrp,11129,CLASRP,mouse
12652,Chga,1113,CHGA,mouse
52696,Zwint,11130,ZWINT,mouse
268958,Capn11,11131,CAPN11,mouse
23830,Capn10,11132,CAPN10,mouse
70394,Kptn,11133,KPTN,mouse
104445,Cdc42ep1,11135,CDC42EP1,mouse
30962,Slc7a9,11136,SLC7A9,mouse
103136,Pwp1,11137,PWP1,mouse
54610,Tbc1d8,11138,TBC1D8,mouse
12653,Chgb,1114,CHGB,mouse
12539,Cdc37,11140,CDC37,mouse
331461,Il1rapl1,11141,IL1RAPL1,mouse
18769,Pkig,11142,PKIG,mouse
217127,Kat7,11143,KAT7,mouse
13404,Dmc1,11144,DMC1,mouse
225845,Plaat3,11145,PLAAT3,mouse
170823,Glmn,11146,GLMN,mouse
23828,Bves,11149,BVES,mouse
12721,Coro1a,11151,CORO1A,mouse
54636,Wdr45,11152,WDR45,mouse
231630,Ficd,11153,FICD,mouse
11782,Ap4s1,11154,AP4S1,mouse
24131,Ldb3,11155,LDB3,mouse
19245,Ptp4a3,11156,PTP4A3,mouse
78651,Lsm6,11157,LSM6,mouse
68708,Rabl2,11158,RABL2B,mouse
68708,Rabl2,11159,RABL2A,mouse
12654,Chi3l1,1116,CHI3L1,mouse
244373,Erlin2,11160,ERLIN2,mouse
58520,Erg28,11161,ERG28,mouse
229228,Nudt6,11162,NUDT6,mouse
71207,Nudt4,11163,NUDT4,mouse
53893,Nudt5,11164,NUDT5,mouse
56409,Nudt3,11165,NUDT3,mouse
223227,Sox21,11166,SOX21,mouse
14314,Fstl1,11167,FSTL1,mouse
101739,Psip1,11168,PSIP1,mouse
218973,Wdhd1,11169,WDHD1,mouse
268709,Fam107a,11170,FAM107A,mouse
20901,Strap,11171,STRAP,mouse
27356,Insl6,11172,INSL6,mouse
108153,Adamts7,11173,ADAMTS7,mouse
108154,Adamts6,11174,ADAMTS6,mouse
116848,Baz2a,11176,BAZ2A,mouse
217578,Baz1a,11177,BAZ1A,mouse
211134,Lzts1,11178,LZTS1,mouse
246196,Zfp277,11179,ZNF277,mouse
71884,Chit1,1118,CHIT1,mouse
83669,Wdr6,11180,WDR6,mouse
58866,Treh,11181,TREH,mouse
227659,Slc2a6,11182,SLC2A6,mouse
399510,Map4k5,11183,MAP4K5,mouse
26411,Map4k1,11184,MAP4K1,mouse
21743,Inmt,11185,INMT,mouse
56289,Rassf1,11186,RASSF1,mouse
56460,Pkp3,11187,PKP3,mouse
64652,Nisch,11188,NISCH,mouse
78784,Celf3,11189,CELF3,mouse
12660,Chka,1119,CHKA,mouse
16328,Cep250,11190,CEP250,mouse
22380,Wbp4,11193,WBP4,mouse
74610,Abcb8,11194,ABCB8,mouse
207352,Sec23ip,11196,SEC23IP,mouse
24117,Wif1,11197,WIF1,mouse
114741,Supt16,11198,SUPT16H,mouse
26359,Anxa10,11199,ANXA10,mouse
11512,Adcy6,112,ADCY6,mouse
12651,Chkb,1120,CHKB,mouse
50883,Chek2,11200,CHEK2,mouse
26447,Poli,11201,POLI,mouse
259277,Klk8,11202,KLK8,mouse
12662,Chm,1121,CHM,mouse
93897,Fzd10,11211,FZD10,mouse
114863,Plpbp,11212,PLPBP,mouse
73914,Irak3,11213,IRAK3,mouse
75547,Akap13,11214,AKAP13,mouse
219181,Akap11,11215,AKAP11,mouse
56697,Akap10,11216,AKAP10,mouse
118568222,Tmdd1,112163659,TMDD1,mouse
53975,Ddx20,11218,DDX20,mouse
24102,Trex2,11219,TREX2,mouse
12663,Chml,1122,CHML|OPN3,mouse
63953,Dusp10,11221,DUSP10,mouse
94062,Mrpl3,11222,MRPL3,mouse
100038991,Rpl35rt,11224,RPL35,mouse
66489,Rpl35,11224,RPL35,mouse
207839,Galnt6,11226,GALNT6,mouse
105594,Cphx1,112268164,CPHXL2,mouse
66167,Tma7|Tma7-ps,112268293,LOC112268293,mouse
241391,Galnt5,11227,GALNT5,mouse
71323,Rassf8,11228,RASSF8,mouse
108699,Chn1,1123,CHN1,mouse
54637,Praf2,11230,PRAF2,mouse
140740,Sec63,11231,SEC63,mouse
50776,Polg2,11232,POLG2,mouse
246694,Hps5,11234,HPS5,mouse
56426,Pdcd10,11235,PDCD10,mouse
75841,Rnf139,11236,RNF139,mouse
51902,Rnf24,11237,RNF24,mouse
56078,Car5b,11238,CA5B,mouse
112406,Egln2,112398,EGLN2,mouse
112407,Egln3,112399,EGLN3,mouse
69993,Chn2,1124,CHN2,mouse
18600,Padi2,11240,PADI2,mouse
11798,Xiap,112401,BIRC8,mouse
67037,Pmf1,11243,PMF1,mouse
22770,Zhx1,11244,ZHX1,mouse
115490131,Tmem217rt,112441426,TMEM271,mouse
113002583,Shld3,112441434,SHLD3,mouse
381413,Gpr176,11245,GPR176,mouse
109042,Cavin3,112464,CAVIN3,mouse
104080,Nxph4,11247,NXPH4,mouse
69017,Prrt2,112476,PRRT2,mouse
71151,Eri2,112479,ERI2,mouse
104079,Nxph3,11248,NXPH3,mouse
69215,Sat2,112483,SAT2,mouse
328092,Dtd2,112487,DTD2,mouse
18232,Nxph2,11249,NXPH2,mouse
67371,Gtf3c6,112495,GTF3C6,mouse
93690,Gpr45,11250,GPR45,mouse
14764,Ptgdr2,11251,PTGDR2,mouse
23970,Pacsin2,11252,PACSIN2,mouse
227619,Man1b1,11253,MAN1B1,mouse
56774,Slc6a14,11254,SLC6A14,mouse
99296,Hrh3,11255,HRH3,mouse
170625,Snx18,112574,SNX18,mouse
53598,Dctn3,11258,DCTN3,mouse
78749,Filip1l,11259,FILIP1L,mouse
73192,Xpot,11260,XPOT,mouse
244958,Mrap2,112609,MRAP2,mouse
56398,Chp1,11261,CHP1,mouse
69519,Rwdd2a,112611,RWDD2A,mouse
102545,Cmtm7,112616,CMTM7,mouse
20684,Sp100,11262,SP140,mouse
434484,Sp140,11262,SP140,mouse
59038,Pxmp4,11264,PXMP4,mouse
80915,Dusp12,11266,DUSP12,mouse
27681,Snf8,11267,SNF8,mouse
234733,Ddx19b,11269,DDX19B,mouse
106582,Nrm,11270,NRM,mouse
75538,Garin5a,112703,GARIN5A,mouse
381833,Prb1,11272,PRH1|PRR4,mouse
108841,Rdh13,112724,RDH13,mouse
233871,Atxn2l,11273,ATXN2L,mouse
24110,Usp18,11274,USP18,mouse
257630,Il17f,112744,IL17F,mouse
77113,Klhl2,11275,KLHL2,mouse
76411,Ift43,112752,IFT43,mouse
56216,Stx1b,112755,STX1B,mouse
217030,Synrg,11276,SYNRG,mouse
22040,Trex1,11277,TREX1,mouse
56700,Glmp,112770,GLMP,mouse
16597,Klf12,11278,KLF12,mouse
245671,Klf8,11279,KLF8,mouse
12669,Chrm1,1128,CHRM1,mouse
24046,Scn11a,11280,SCN11A,mouse
56735,Krt71,112802,KRT71,mouse
218030,Pou6f2,11281,POU6F2,mouse
68165,Fdx2,112812,FDX2,mouse
67432,Hoga1,112817,HOGA1,mouse
103534,Mgat4b,11282,MGAT4B,mouse
170716,Cyp4f13,11283,CYP4F8,mouse
208285,Cyp4f17,11283,CYP4F8,mouse
70101,Cyp4f16,11283,CYP4F8,mouse
677156,Cyp4f37,11283,CYP4F8,mouse
64385,Cyp4f14,11283,CYP4F8,mouse
59047,Pnkp,11284,PNKP,mouse
72338,Wdr89,112840,WDR89,mouse
67217,L3hypdh,112849,L3HYPDH,mouse
218271,B4galt7,11285,B4GALT7,mouse
381406,Trp53rka,112858,TP53RK,mouse
76367,Trp53rkb,112858,TP53RK,mouse
75565,Sgf29,112869,SGF29,mouse
271305,Phf21b,112885,PHF21B,mouse
243764,Chrm2,1129,CHRM2,mouse
69091,Vps26b,112936,VPS26B,mouse
70893,Glb1l3,112937,GLB1L3,mouse
66830,Nacc1,112939,NACC1,mouse
216618,Cfap36,112942,CFAP36,mouse
80509,Med8,112950,MED8,mouse
100087,Kti12,112970,KTI12,mouse
11513,Adcy7,113,ADCY7,mouse
17101,Lyst,1130,LYST,mouse
106707,Rpusd1,113000,RPUSD1,mouse
72469,Plcd3,113026,PLCD3,mouse
101488,Slco2b1,11309,SLCO2B1,mouse
114640,Pth2,113091,PTH2,mouse
12671,Chrm3,1131,CHRM3,mouse
22365,Vps45,11311,VPS45,mouse
71804,Mtfr2,113115,MTFR2,mouse
26394,Lypla2,11313,LYPLA2,mouse
67849,Cdca5,113130,CDCA5,mouse
217303,Cd300a,11314,CD300A,mouse
100041194,Ahnak2,113146,AHNAK2,mouse
57320,Park7,11315,PARK7,mouse
59042,Cope,11316,COPE,mouse
19668,Rbpjl,11317,RBPJL,mouse
78935,Saal1,113174,SAAL1,mouse
71564,Izumo4,113177,IZUMO4,mouse
56214,Scamp4,113178,SCAMP4,mouse
100113398,Adat3,113179,ADAT3,mouse
11536,Gpr182,11318,GPR182,mouse
72136,Chst14,113189,CHST14,mouse
70601,Ecd,11319,ECD,mouse
12672,Chrm4,1132,CHRM4,mouse
269181,Mgat4a,11320,MGAT4A,mouse
319996,Golm2,113201,GOLM2,mouse
74254,Gpn1,11321,GPN1,mouse
217353,Tmc6,11322,TMC6,mouse
16552,Kif12,113220,KIF12,mouse
70134,Misp3,113230,MISP3,mouse
52466,Slc46a1,113235,SLC46A1,mouse
14790,Grcc10,113246,C12orf57,mouse
72047,Ddx42,11325,DDX42,mouse
207214,Larp4,113251,LARP4,mouse
278180,Vsig4,11326,VSIG4,mouse
170772,Glcci1,113263,GLCCI1,mouse
217203,Tmem106a,113277,TMEM106A,mouse
69698,Slc52a3,113278,SLC52A3,mouse
27055,Fkbp9,11328,FKBP9,mouse
106504,Stk38,11329,STK38,mouse
213788,Chrm5,1133,CHRM5,mouse
76701,Ctrc,11330,CTRC,mouse
12034,Phb2,11331,PHB2,mouse
70025,Acot7,11332,ACOT7,mouse
231887,Pdap1,11333,PDAP1,mouse
80385,Tusc2,11334,TUSC2,mouse
12417,Cbx3,11335,CBX3,mouse
211446,Exoc3,11336,EXOC3,mouse
56486,Gabarap,11337,GABARAP,mouse
22185,U2af2,11338,U2AF2,mouse
70645,Oip5,11339,OIP5,mouse
11435,Chrna1,1134,CHRNA1,mouse
69639,Exosc8,11340,EXOSC8,mouse
100039624,Gm12166,113402,SFT2D1,mouse
106489,Sft2d1,113402,SFT2D1,mouse
20284,Scrg1,11341,SCRG1,mouse
21766,Tex261,113419,TEX261,mouse
24017,Rnf13,11342,RNF13,mouse
23945,Mgll,11343,MGLL,mouse
23999,Twf2,11344,TWF2,mouse
80284,Smim12,113444,SMIM12,mouse
93739,Gabarapl2,11345,GABARAPL2,mouse
242669,Azin2,113451,AZIN2,mouse
66260,Tmem54,113452,TMEM54,mouse
116621581,Derpc,113455421,DERPC,mouse
214987,Chtf8,113455421,DERPC,mouse
22147,Tuba3b,113457,TUBA3D,mouse
22144,Tuba3a,113457,TUBA3D,mouse
104027,Synpo,11346,SYNPO,mouse
110902,Chrna2,1135,CHRNA2,mouse
191578,Helq,113510,HELQ,mouse
474160,Smim40,113523636,DAXX|SMIM40,mouse
77717,Smim41,113523638,SMIM41,mouse
121811709,Smim39,113523639,SMIM39,mouse
100504164,Cmtm1,113540,CMTM1,mouse
110834,Chrna3,1136,CHRNA3,mouse
71519,Cyp2u1,113612,CYP2U1,mouse
234072,Adprhl1,113622,ADPRHL1,mouse
69572,Mfsd3,113655,MFSD3,mouse
257635,Sdsl,113675,SDSL,mouse
11438,Chrna4,1137,CHRNA4,mouse
546648,Klhdc7b,113730,KLHDC7B,mouse
69287,Odf3,113746,ODF3,mouse
216505,Pik3ip1,113791,PIK3IP1,mouse
110835,Chrna5,1138,CHRNA5,mouse
66715,Henmt1,113802,HENMT1,mouse
213956,Fam83f,113828,FAM83F,mouse
67843,Slc35a4,113829,SLC35A4,mouse
74198,Dtx2,113878,DTX2,mouse
11441,Chrna7,1139,CHRNA7,mouse
11514,Adcy8,114,ADCY8,mouse
11443,Chrnb1,1140,CHRNB1,mouse
68276,Toe1,114034,TOE1,mouse
66138,Bud23,114049,BUD23,mouse
94090,Trim9,114088,TRIM9,mouse
11444,Chrnb2,1141,CHRNB2,mouse
232223,Txnrd3,114112,TXNRD3,mouse
83428,Ucn3,114131,UCN3,mouse
243958,Siglecg,114132,SIGLEC11,mouse
239606,Slc2a13,114134,SLC2A13,mouse
108043,Chrnb3,1142,CHRNB3,mouse
80907,Lactb,114294,LACTB,mouse
108015,Chrnb4,1143,CHRNB4,mouse
71877,Efhc1,114327,EFHC1,mouse
16866,Lhb,114336,CGB2,mouse
11447,Chrnd,1144,CHRND,mouse
27407,Abcf2,114483834,ABCF2-H2BK1,mouse
11448,Chrne,1145,CHRNE,mouse
216799,Nlrp3,114548,NLRP3,mouse
105853,Mal2,114569,MAL2,mouse
171405,Slc22a27,114571,SLC22A9,mouse
236293,Slc22a29,114571,SLC22A9,mouse
236149,Slc22a26,114571,SLC22A9,mouse
207151,Slc22a19,114571,SLC22A9,mouse
319800,Slc22a30,114571,SLC22A9,mouse
434674,Slc22a28,114571,SLC22A9,mouse
449631,Snord15b,114599,SNORD15B,mouse
11449,Chrng,1146,CHRNG,mouse
117149,Tirap,114609,TIRAP,mouse
100653389,Mir155hg,114614,MIR155HG,mouse
27028,Ermap,114625,ERMAP,mouse
237954,Lrrc37a,114659,LRRC37B,mouse
380730,Gm884,114659,LRRC37B,mouse
12675,Chuk,1147,CHUK,mouse
114886,Cygb,114757,CYGB,mouse
12362,Casp1,114769,CARD16,mouse
57757,Pglyrp2,114770,PGLYRP2,mouse
242100,Pglyrp3,114771,PGLYRP3,mouse
76645,Pkd1l2,114780,PKD1L2,mouse
224671,Btbd9,114781,BTBD9,mouse
381983,Lmtk3,114783,LMTK3,mouse
329942,Csmd2,114784,CSMD2,mouse
110962,Mbd6,114785,MBD6,mouse
497097,Xkr4,114786,XKR4,mouse
26913,Gprin1,114787,GPRIN1,mouse
239420,Csmd3,114788,CSMD3,mouse
227731,Slc25a25,114789,SLC25A25,mouse
71728,Stk11ip,114790,STK11IP,mouse
233276,Tubgcp5,114791,TUBGCP5,mouse
212390,Klhl32,114792,KLHL32,mouse
71409,Fmnl2,114793,FMNL2,mouse
207393,Elfn2,114794,ELFN2,mouse
208151,Tmem132b,114795,TMEM132B,mouse
76965,Slitrk1,114798,SLITRK1,mouse
77805,Esco1,114799,ESCO1,mouse
216613,Ccdc85a,114800,CCDC85A,mouse
77220,Tmem200a,114801,TMEM200A,mouse
320713,Mysm1,114803,MYSM1,mouse
217340,Rnf157,114804,RNF157,mouse
271786,Galnt13,114805,GALNT13,mouse
58178,Sorcs1,114815,SORCS1,mouse
208439,Klhl29,114818,KLHL29,mouse
71970,Chchd2l,114821,ZBED9,mouse
14787,Rhpn1,114822,RHPN1,mouse
232798,Leng8,114823,LENG8,mouse
385377,Pnma5,114824,PNMA5,mouse
70802,Pwwp2a,114825,PWWP2A,mouse
319822,Smyd4,114826,SMYD4,mouse
329977,Fhad1,114827,FHAD1,mouse
30925,Slamf6,114836,SLAMF6,mouse
14227,Fkbp2|Gm51400,114841035,LOC114841035,mouse
64291,Osbpl1a,114876,OSBPL1A,mouse
79196,Osbpl5,114879,OSBPL5,mouse
99031,Osbpl6,114880,OSBPL6,mouse
71240,Osbpl7,114881,OSBPL7,mouse
237542,Osbpl8,114882,OSBPL8,mouse
100273,Osbpl9,114883,OSBPL9,mouse
74486,Osbpl10,114884,OSBPL10,mouse
106326,Osbpl11,114885,OSBPL11,mouse
56745,C1qtnf1,114897,C1QTNF1,mouse
69183,C1qtnf2,114898,C1QTNF2,mouse
81799,C1qtnf3,114899,C1QTNF3,mouse
12683,Cidea,1149,CIDEA,mouse
67445,C1qtnf4,114900,C1QTNF4,mouse
235312,C1qtnf5,114902,C1QTNF5,mouse
72709,C1qtnf6,114904,C1QTNF6,mouse
109323,C1qtnf7,114905,C1QTNF7,mouse
67731,Fbxo32,114907,FBXO32,mouse
71929,Tmem123,114908,TMEM123,mouse
102032,Smim19,114926,SMIM19,mouse
245607,Gprasp2,114928,GPRASP2|ARMCX5-GPRASP2,mouse
67568,Mrfap1,114932,MRFAP1L1,mouse
116732,Tsga13,114960,TSGA13,mouse
66461,Ptpmt1,114971,PTPMT1,mouse
76917,Flywch2,114984,FLYWCH2,mouse
71354,Wdr31,114987,WDR31,mouse
246154,Vasn,114990,VASN,mouse
72701,Zfp618,114991,ZNF618,mouse
11515,Adcy9,115,ADCY9,mouse
214763,Cgas,115004,CGAS,mouse
320718,Slc26a9,115019,SLC26A9,mouse
68106,Nt5c3b,115024,NT5C3B,mouse
234388,Ccdc124,115098,CCDC124,mouse
225745,Haus1,115106,HAUS1,mouse
208890,Slc26a7,115111,SLC26A7,mouse
320253,Marchf3,115123,MARCHF3,mouse
330463,Zfp78,115196,ZNF554,mouse
12709,Ckb,1152,CKB,mouse
102926,Atg4a-ps,115201,ATG4A,mouse
666468,Atg4a,115201,ATG4A,mouse
239217,Kctd12,115207,KCTD12,mouse
67013,Oma1,115209,OMA1,mouse
73284,Ddit4l,115265,DDIT4L,mouse
242681,Rab42,115273,RAB42,mouse
67582,Slc25a26,115286,SLC25A26,mouse
50760,Fbxo17,115290,FBXO17,mouse
319263,Pcmtd1,115294,PCMTD1,mouse
12696,Cirbp,1153,CIRBP,mouse
80290,Gpr146,115330,GPR146,mouse
229499,Fcrl1,115350,FCRL1,mouse
329693,Fcrl5,115352,FCRL3,mouse
77809,Lrrc42,115353,LRRC42,mouse
229900,Gbp7,115361,GBP4,mouse
55932,Gbp3,115361,GBP4,mouse
229898,Gbp5,115362,GBP5,mouse
70552,Lrrc56,115399,LRRC56,mouse
12700,Cish,1154,CISH,mouse
75593,Malsu1,115416,MALSU1,mouse
109113,Uhrf2,115426,UHRF2,mouse
66411,Tbcb,1155,TBCB,mouse
71131,Zfp689,115509,ZNF689,mouse
218503,Fcho2,115548,FCHO2,mouse
52666,Arhgef25,115557,ARHGEF25,mouse
100503949,Zfp965,115560,ZNF501,mouse
545490,Zfp973,115560,ZNF501,mouse
71508,Zfp935,115560,ZNF501,mouse
100342,Tent5b,115572,TENT5B,mouse
72049,Tnfrsf13c,115650,TNFRSF13C,mouse
245616,Kir3dl1,115653,KIR3DL3,mouse
245615,Kir3dl2,115653,KIR3DL3,mouse
329416,Nostrin,115677,NOSTRIN,mouse
225638,Alpk2,115701,ALPK2,mouse
233071,Arhgap33,115703,ARHGAP33,mouse
213027,Evi5l,115704,EVI5L,mouse
328162,Trmt61a,115708,TRMT61A,mouse
233046,Rasgrp4,115727,RASGRP4,mouse
216393,D930020B18Rik,115749,C12orf56,mouse
213550,Dis3l,115752,DIS3L,mouse
219144,Arl11,115761,ARL11,mouse
70979,Fancd2os,115795,FANCD2OS,mouse
12715,Ckm,1158,CKM,mouse
72834,Cerox1,115804232,CEROX1,mouse
75732,Iqcd,115811,IQCD,mouse
52585,Dhrs1,115817,DHRS1,mouse
268752,Wdfy2,115825,WDFY2,mouse
67295,Rab3c,115827,RAB3C,mouse
12716,Ckmt1,1159,CKMT1B,mouse
68588,Cthrc1,115908,CTHRC1,mouse
68327,Tsr3,115939,TSR3,mouse
77609,Odad3,115948,ODAD3,mouse
319601,Zfp653,115950,ZNF653,mouse
68718,Rnf166,115992,RNF166,mouse
11516,Adcyap1,116,ADCYAP1,mouse
76722,Ckmt2,1160,CKMT2,mouse
223970,Rmi2,116028,RMI2,mouse
384244,Foxl3,116033993,FOXL3-OT1|FOXL3,mouse
107587,Osr2,116039,OSR2,mouse
320184,Lrrc58,116064,LRRC58,mouse
80289,Lysmd3,116068,LYSMD3,mouse
74481,Batf2,116071,BATF2,mouse
20521,Slc22a12,116085,SLC22A12,mouse
76233,Dnttip1,116092,DNTTIP1,mouse
71991,Ercc8,1161,ERCC8,mouse
74123,Foxp4,116113,FOXP4,mouse
210172,Zfp526,116115,ZNF526,mouse
218763,Lrrc3b,116135,LRRC3B,mouse
71765,Klhdc3,116138,KLHDC3,mouse
103784,Dnaaf10,116143,DNAAF10,mouse
52014,Nus1,116150,NUS1,mouse
67017,Fam210b,116151,FAM210B,mouse
74189,Phactr3,116154,PHACTR3,mouse
224405,Cyyr1,116159,CYYR1,mouse
67272,Cmtm5,116173,CMTM5,mouse
640543,Tgm7,116179,TGM7,mouse
277203,Tm4sf19,116211,TM4SF19,mouse
68034,Fam122a,116224,PABIR1,mouse
67187,Zmynd19,116225,ZMYND19,mouse
66359,Cox20,116228,COX20,mouse
67477,Abhd15,116236,ABHD15,mouse
68385,Tlcd1,116238,TLCD1,mouse
215751,Ginm1,116254,GINM1,mouse
68393,Mogat1,116255,MOGAT1,mouse
117147,Acsm1,116285,ACSM1,mouse
54124,Cks1b,1163,CKS1B,mouse
320492,A830018L16Rik,116328,C8orf34,mouse
208098,Panx3,116337,PANX3,mouse
63954,Rbp7,116362,RBP7,mouse
224661,Slc26a8,116369,SLC26A8,mouse
72585,Lypd1,116372,LYPD1,mouse
237310,Il22ra2,116379,IL22RA2,mouse
66197,Cks2,1164,CKS2,mouse
22768,Zfy2,116412,ZNF837,mouse
22767,Zfy1,116412,ZNF837,mouse
67790,Rab39b,116442,RAB39B,mouse
242443,Grin3a,116443,GRIN3A,mouse
170483,Grin3b,116444,GRIN3B,mouse
72960,Top1mt,116447,TOP1MT,mouse
50914,Olig1,116448,OLIG1,mouse
27278,Clnk,116449,CLNK,mouse
66637,Tsen15,116461,TSEN15,mouse
63913,Niban1,116496,NIBAN1,mouse
211578,Mrgprd,116512,MRGPRD,mouse
66113,Apoa5,116519,APOA5,mouse
244238,Mrgpre,116534,MRGPRE,mouse
211577,Mrgprf,116535,MRGPRF,mouse
68499,Mrpl53,116540,MRPL53,mouse
66047,Mrpl54,116541,MRPL54,mouse
68701,Ppp1r27,116729,PPP1R27,mouse
68172,Rpl39l,116832,RPL39L,mouse
72630,Hspa12b,116835,HSPA12B,mouse
216846,Cntrob,116840,CNTROB,mouse
67826,Snap47,116841,SNAP47,mouse
259301,Leap2,116842,LEAP2,mouse
76306,Slc18b1,116843,SLC18B1,mouse
76905,Lrg1,116844,LRG1,mouse
329650,Med12l,116931,MED12L,mouse
100302601,Snord83b,116938,SNORD83B,mouse
244484,Wdr17,116966,WDR17,mouse
11875,Art5,116969,ART5,mouse
140500,Acap3,116983,ACAP3,mouse
212285,Arap2,116984,ARAP2,mouse
69710,Arap1,116985,ARAP1,mouse
216439,Agap2,116986,AGAP2,mouse
347722,Agap1,116987,AGAP1,mouse
213990,Agap3,116988,AGAP3,mouse
11517,Adcyap1r1,117,ADCYAP1R1,mouse
27878,Tada1,117143,TADA1,mouse
225865,Catsper1,117144,CATSPER1,mouse
75778,Them4,117145,THEM4,mouse
93837,Dach2,117154,DACH2,mouse
212670,Catsper2,117155,CATSPER2,mouse
117158,Scgb3a2,117156,SCGB3A2,mouse
26904,Sh2d1b1,117157,SH2D1B,mouse
545378,Sh2d1b2,117157,SH2D1B,mouse
215001,Wfikkn1,117166,WFIKKN1,mouse
216363,Rab3ip,117177,RAB3IP,mouse
99167,Ssx2ip,117178,SSX2IP,mouse
233230,Mrgprb4,117194,MRGPRX2,mouse
243978,Mrgprx2,117194,MRGPRX2,mouse
233221,Mrgpra1,117194,MRGPRX2,mouse
235854,Mrgpra4,117194,MRGPRX2,mouse
243979,Mrgprb2,117194,MRGPRX2,mouse
233231,Mrgprb1,117194,MRGPRX2,mouse
235712,Mrgpra2b,117194,MRGPRX2,mouse
233222,Mrgpra3,117194,MRGPRX2,mouse
404242,Mrgprx1,117194,MRGPRX2,mouse
404239,Mrgprb5,117194,MRGPRX2,mouse
404238,Mrgprb3,117194,MRGPRX2,mouse
404240,Mrgprb8,117194,MRGPRX2,mouse
668725,Mrgpra9,117194,MRGPRX2,mouse
668727,Mrgpra2a,117194,MRGPRX2,mouse
235712,Mrgpra2b,117195,MRGPRX3,mouse
233222,Mrgpra3,117195,MRGPRX3,mouse
243979,Mrgprb2,117195,MRGPRX3,mouse
233230,Mrgprb4,117195,MRGPRX3,mouse
233221,Mrgpra1,117195,MRGPRX3,mouse
233231,Mrgprb1,117195,MRGPRX3,mouse
235854,Mrgpra4,117195,MRGPRX3,mouse
243978,Mrgprx2,117195,MRGPRX3,mouse
404239,Mrgprb5,117195,MRGPRX3,mouse
404240,Mrgprb8,117195,MRGPRX3,mouse
404242,Mrgprx1,117195,MRGPRX3,mouse
404238,Mrgprb3,117195,MRGPRX3,mouse
668727,Mrgpra2a,117195,MRGPRX3,mouse
668725,Mrgpra9,117195,MRGPRX3,mouse
235712,Mrgpra2b,117196,MRGPRX4,mouse
243979,Mrgprb2,117196,MRGPRX4,mouse
233221,Mrgpra1,117196,MRGPRX4,mouse
233222,Mrgpra3,117196,MRGPRX4,mouse
243978,Mrgprx2,117196,MRGPRX4,mouse
235854,Mrgpra4,117196,MRGPRX4,mouse
233231,Mrgprb1,117196,MRGPRX4,mouse
233230,Mrgprb4,117196,MRGPRX4,mouse
404242,Mrgprx1,117196,MRGPRX4,mouse
404238,Mrgprb3,117196,MRGPRX4,mouse
404239,Mrgprb5,117196,MRGPRX4,mouse
404240,Mrgprb8,117196,MRGPRX4,mouse
668725,Mrgpra9,117196,MRGPRX4,mouse
668727,Mrgpra2a,117196,MRGPRX4,mouse
66727,Plaat5,117245,PLAAT5,mouse
56095,Ftsj3,117246,FTSJ3,mouse
72472,Slc16a10,117247,SLC16A10,mouse
78754,Galnt15,117248,GALNT15,mouse
271424,Ip6k3,117283,IP6K3,mouse
403172,Defb21,117285,DEFB118,mouse
234421,Cib3,117286,CIB3,mouse
380608,Tagap1,117289,TAGAP,mouse
72536,Tagap,117289,TAGAP,mouse
11773,Ap2m1,1173,AP2M1,mouse
11769,Ap1s1,1174,AP1S1,mouse
232910,Ap2s1,1175,AP2S1,mouse
13409,Tmc1,117531,TMC1,mouse
192140,Tmc2,117532,TMC2,mouse
212108,Rln3,117579,RLN3,mouse
13345,Twist2,117581,TWIST2,mouse
72823,Pard3b,117583,PARD3B,mouse
67338,Rffl,117584,RFFL,mouse
11777,Ap3s1,1176,AP3S1,mouse
27274,Zfp354b,117608,ZNF354B,mouse
94088,Trim6,117854,TRIM6,mouse
23844,Clca1,1179,CLCA1,mouse
11518,Add1,118,ADD1,mouse
12723,Clcn1,1180,CLCN1,mouse
12724,Clcn2,1181,CLCN2,mouse
14913,Guca1a,118142757,GUCA1A|LOC118142757,mouse
12725,Clcn3,1182,CLCN3,mouse
12727,Clcn4,1183,CLCN4,mouse
12728,Clcn5,1184,CLCN5,mouse
140499,Ube2j2,118424,UBE2J2,mouse
67774,Borcs5,118426,BORCS5,mouse
229759,Olfm3,118427,OLFM3,mouse
71914,Antxr2,118429,ANTXR2,mouse
436090,Gpr62,118442,GPR62,mouse
72544,Exosc6,118460,EXOSC6,mouse
100504518,3425401B19Rik,118461,C10orf71,mouse
22264,Prap1,118471,PRAP1,mouse
69752,Zfp511,118472,ZNF511,mouse
66121,Chchd1,118487,CHCHD1,mouse
74843,Mss51,118490,MSS51,mouse
76670,Cfap70,118491,CFAP70,mouse
26372,Clcn6,1185,CLCN6,mouse
77490,E130218I03Rik,118568799,ZNF593OS,mouse
26373,Clcn7,1186,CLCN7,mouse
71007,D7Ertd443e,118611,C10orf90,mouse
330660,Btbd16,118663,BTBD16,mouse
69318,Fam24b,118670,FAM24A,mouse
68223,Fam24a,118670,FAM24A,mouse
214580,Pstk,118672,PSTK,mouse
12733,Clcnka,1187,CLCNKA,mouse
56365,Clcnkb,1187,CLCNKA,mouse
382867,Zfp488,118738,ZNF488,mouse
83490,Pik3ap1,118788,PIK3AP1,mouse
12733,Clcnka,1188,CLCNKB,mouse
56365,Clcnkb,1188,CLCNKB,mouse
226123,Morn4,118812,MORN4,mouse
319740,Zfyve27,118813,ZFYVE27,mouse
214766,Mmp21,118856,MMP21,mouse
69156,Comtd1,118881,COMTD1,mouse
70567,Fra10ac1,118924,FRA10AC1,mouse
52024,Ankrd22,118932,ANKRD22,mouse
94279,Sfxn2,118980,SFXN2,mouse
107368,Pdzd8,118987,PDZD8,mouse
11519,Add2,119,ADD2,mouse
66439,Borcs7,119032,BORCS7,mouse
12759,Clu,1191,CLU,mouse
67328,Lyzl1,119180,LYZL2,mouse
114584,Clic1,1192,CLIC1,mouse
68214,Gsto2,119391,GSTO2,mouse
67788,Sfr1,119392,SFR1,mouse
240669,Calhm3,119395,CALHM3,mouse
212070,Clrn3,119467,CLRN3,mouse
12747,Clk1,1195,CLK1,mouse
52717,Anapc16,119504,ANAPC16,mouse
100042332,Reno1,119545628,RENO1,mouse
94281,Sfxn4,119559,SFXN4,mouse
55987,Cpxm2,119587,CPXM2,mouse
12748,Clk2,1196,CLK2,mouse
258246,Olfr594,119678,OR52E2,mouse
259054,Olfr589,119678,OR52E2,mouse
404317,Olfr592,119679,OR52J3,mouse
404407,Olfr587-ps1,119682,OR51L1,mouse
258248,Olfr576,119687,OR51A7,mouse
259089,Olfr571,119692,OR51S1,mouse
259095,Olfr568,119694,OR51F2,mouse
259055,Or52r1b,119695,OR52R1,mouse
259056,Olfr584,119695,OR52R1,mouse
259092,Olfr569,119695,OR52R1,mouse
68170,Iftap,119710,IFTAP,mouse
258984,Olfr1257,119749,OR4C46,mouse
258454,Olfr1202,119749,OR4C46,mouse
258455,Olfr1204,119749,OR4C46,mouse
258980,Olfr1258,119749,OR4C46,mouse
100042690,Or4x15|Or4x18,119764,OR4X2,mouse
257665,Or4x15|Or4x18,119764,OR4X2,mouse
258339,Olfr1269,119764,OR4X2,mouse
258330,Or4x13,119764,OR4X2,mouse
258340,Olfr1265,119764,OR4X2,mouse
18331,Olfr32,119765,OR4B1,mouse
258789,Olfr1271,119765,OR4B1,mouse
258982,Olfr1272,119765,OR4B1,mouse
258977,Or4b1c|Or4b1b,119765,OR4B1,mouse
258987,Olfr1270,119765,OR4B1,mouse
406186,Olfr142,119765,OR4B1,mouse
258322,Olfr554,119772,OR52M1,mouse
259106,Olfr552,119774,OR52K2,mouse
102414,Clk3,1198,CLK3,mouse
16625,Serpina3c,12,SERPINA3,mouse
20717,Serpina3m,12,SERPINA3,mouse
20716,Serpina3n,12,SERPINA3,mouse
238393,Serpina3f,12,SERPINA3,mouse
20715,Serpina3g,12,SERPINA3,mouse
238395,Serpina3j,12,SERPINA3,mouse
20714,Serpina3k,12,SERPINA3,mouse
628900,Serpina3i,12,SERPINA3,mouse
271047,Serpina3b,12,SERPINA3,mouse
74069,Serpina3a,12,SERPINA3,mouse
27360,Add3,120,ADD3,mouse
12751,Tpp1,1200,TPP1,mouse
228366,Large2,120071,LARGE2,mouse
12752,Cln3,1201,CLN3,mouse
234967,Slc36a4,120103,SLC36A4,mouse
270120,Fat3,120114,FAT3,mouse
235135,Tmem45b,120224,TMEM45B,mouse
244209,Cyp2r1,120227,CYP2R1,mouse
13172,Dbx1,120237,DBX1,mouse
211286,Cln5,1203,CLN5,mouse
69358,Lrrc51,120356739,LRTOMT|LRRC51,mouse
100502940,Colca2,120376,COLCA2,mouse
72614,Pih1d2,120379,PIH1D2,mouse
78252,Nxpe2,120406,NXPE2,mouse
270152,Jaml,120425,JAML,mouse
99349,Dnajc24,120526,DNAJC24,mouse
212772,Arl14ep,120534,ARL14EP,mouse
258763,Olfr1104,120586,OR8I2,mouse
12729,Clns1a,1207,CLNS1A,mouse
194433,Olfr707,120775,OR2D3,mouse
258597,Olfr716,120775,OR2D3,mouse
258173,Or2d3b,120775,OR2D3,mouse
384732,Olfr715b,120776,OR2D2,mouse
258776,Olfr715,120776,OR2D2,mouse
258352,Olfr692,120787,OR52W1,mouse
244187,Olfr684,120793,OR56A4,mouse
259047,Olfr683,120793,OR56A4,mouse
109791,Clps,1208,CLPS,mouse
547109,Trim43a,120824,TRIM51G,mouse
666747,Trim43b,120824,TRIM51G,mouse
666731,Trim43c,120824,TRIM51G,mouse
66725,Lrrk2,120892,LRRK2,mouse
56457,Clptm1,1209,CLPTM1,mouse
237465,Ccdc38,120935,CCDC38,mouse
330428,Tmem52b,120939,TMEM52B,mouse
72277,Fam186a,121006,FAM186A,mouse
28109,Nopchap1,121053,NOPCHAP1,mouse
12757,Clta,1211,CLTA,mouse
258315,Olfr767,121129,OR2AP1,mouse
544748,Olfr765,121129,OR2AP1,mouse
258933,Olfr796,121130,OR10P1,mouse
74325,Cltb,1212,CLTB,mouse
70061,Sdr9c7,121214,SDR9C7,mouse
320398,Lrig3,121227,LRIG3,mouse
243274,Tmem132d,121256,TMEM132D,mouse
100561,Slc15a4,121260,SLC15A4,mouse
69159,Rhebl1,121268,RHEBL1,mouse
73302,1700031M16Rik,121273,C12orf54,mouse
239652,Zfp641,121274,ZNF641,mouse
634104,Or10ad1,121275,OR10AD1,mouse
629524,Olfr286,121275,OR10AD1,mouse
545140,Or10ad1c,121275,OR10AD1,mouse
216343,Tph2,121278,TPH2,mouse
67300,Cltc,1213,CLTC,mouse
170574,Sp7,121340,SP7,mouse
74174,Gtsf1,121355,GTSF1,mouse
406222,Krt74,121391,KRT74,mouse
17997,Nedd1,121441,NEDD1,mouse
67454,Ikbip,121457,IKBIP,mouse
17228,Cma1,1215,CMA1,mouse
100041230,H4c17,121504,H4-16,mouse
319160,H4c12,121504,H4-16,mouse
319159,H4c11,121504,H4-16,mouse
319157,H4c6,121504,H4-16,mouse
319155,H4c3,121504,H4-16,mouse
326619,H4c1,121504,H4-16,mouse
319158,H4c9,121504,H4-16,mouse
319161,H4c18,121504,H4-16,mouse
319156,H4c4,121504,H4-16,mouse
320332,H4f16,121504,H4-16,mouse
326620,H4c2,121504,H4-16,mouse
97122,H4c14,121504,H4-16,mouse
69386,H4c8,121504,H4-16,mouse
69187,Erp27,121506,ERP27,mouse
224014,Fgd4,121512,FGD4,mouse
11569,Aebp2,121536,AEBP2,mouse
67341,Ascl4,121549,ASCL4,mouse
74007,Abtb3,121551,BTBD11,mouse
20728,Spic,121599,SPIC,mouse
320091,Ano4,121601,ANO4,mouse
231642,Alkbh2,121642,ALKBH2,mouse
116810,Foxn4,121643,FOXN4,mouse
74585,Sppl3,121665,SPPL3,mouse
71138,Tmem217,121725057,TMEM217|TMEM217B,mouse
75528,Tex29,121793,TEX29,mouse
403183,Mettl21e,121952,METTL21EP,mouse
140498,Rxfp2,122042,RXFP2,mouse
75860,Tex26,122046,TEX26,mouse
105439,Slain1,122060,SLAIN1,mouse
74691,Tdrd9,122402,TDRD9,mouse
74251,Ankrd9,122416,ANKRD9,mouse
102634429,Gm6569,122455339,LOC122455339,mouse
78801,Ak7,122481,AK7,mouse
217845,Ifi27l2b,122509,IFI27L1,mouse
52668,Ifi27,122509,IFI27L1,mouse
76933,Ifi27l2a,122509,IFI27L1,mouse
217648,Gm527,122525,C14orf28,mouse
122526781,4933427D14Rik|Gm57849,122526780,LOC122526780,mouse
78232,Trappc6b,122553,TRAPPC6B,mouse
217887,Clba1,122616,CLBA1,mouse
104759,Pld4,122618,PLD4,mouse
11565,Adss1,122622,ADSS1,mouse
219038,Tppp2,122664,TPPP2,mouse
68836,Mrpl52,122704,MRPL52,mouse
73902,Psmb11,122706,PSMB11,mouse
258485,Olfr724,122742,OR4L1,mouse
259147,Olfr723,122742,OR4L1,mouse
258296,Olfr745,122748,OR11H6,mouse
69706,Lrr1,122769,LRR1,mouse
271005,Klhdc1,122773,KLHDC1,mouse
319710,Frmd6,122786,FRMD6,mouse
67296,Socs4,122809,SOCS4,mouse
70646,Naa30,122830,NAA30,mouse
217674,Gphb5,122876,GPHB5,mouse
71275,Noxred1,122945,NOXRED1,mouse
81703,Jdp2,122953,JDP2,mouse
74316,Isca2,122961,ISCA2,mouse
171282,Acot4,122970,ACOT4,mouse
11520,Plin2,123,PLIN2,mouse
12770,Ccr1l1,1230,CCR1,mouse
12768,Ccr1,1230,CCR1,mouse
76260,Ttc8,123016,TTC8,mouse
74413,Tc2n,123036,TC2N,mouse
238384,Slc24a4,123041,SLC24A4,mouse
214663,Slc25a29,123096,SLC25A29,mouse
70059,Degs2,123099,DEGS2,mouse
546611,Klhl33,123103,KLHL33,mouse
235497,Leo1,123169,LEO1,mouse
12771,Ccr3,1232,CCR3|LOC105377067,mouse
67290,3110040N11Rik,123207,C15orf40,mouse
71599,Senp8,123228,SENP8,mouse
69606,Mtfmt,123263,MTFMT,mouse
330962,Slc51b,123264,SLC51B,mouse
272396,Tarsl2,123283,TARS3,mouse
12773,Ccr4,1233,CCR4,mouse
67044,Higd2a,123346,HIGD2B,mouse
67867,Lrrc28,123355,LRRC28,mouse
12774,Ccr5,1234,CCR5,mouse
12458,Ccr6,1235,CCR6,mouse
244886,Tmem266,123591,TMEM266,mouse
12775,Ccr7,1236,CCR7,mouse
233280,Nipa1,123606,NIPA1,mouse
244071,Agbl1,123624,AGBL1,mouse
235386,Hykk,123688,HYKK,mouse
12776,Ccr8,1237,CCR8,mouse
434204,Whamm,123720,WHAMM,mouse
244091,Fsd2,123722,FSD2,mouse
329502,Pla2g4e,123745,PLA2G4E,mouse
69528,1700030J22Rik,123775,C16orf46,mouse
114662,Prss29,123787,PRSS29P,mouse
59289,Ackr2,1238,ACKR2,mouse
18203,Ntan1,123803,NTAN1,mouse
66086,Cep20,123811,CEP20,mouse
68270,Dnaaf1,123872,DNAAF1,mouse
233799,Acsm2,123876,ACSM2A,mouse
233805,Dcun1d3,123879,DCUN1D3,mouse
234700,Nrn1l,123904,NRN1L,mouse
68119,Cmtm3,123920,CMTM3,mouse
330820,4933402J07Rik,123970,C16orf78,mouse
11522,Adh1,124,ADH1A,mouse
14747,Cmklr1,1240,CMKLR1,mouse
78779,Spata2l,124044,SPATA2L,mouse
320869,Spata33,124045,SPATA33,mouse
71893,Noxo1,124056,NOXO1,mouse
381077,Ccdc78,124093,CCDC78,mouse
16995,Ltb4r1,1241,LTB4R,mouse
434232,Iqck,124152,IQCK,mouse
20234,Sbp,124220,ZG16B,mouse
638345,Sbpl,124220,ZG16B,mouse
30943,Prss30,124221,PRSS30P,mouse
76498,Paqr4,124222,PAQR4,mouse
76014,Zc3h18,124245,ZC3H18,mouse
209776,Gpr139,124274,GPR139,mouse
75796,Cdyl2,124359,CDYL2,mouse
12780,Abcc2|Gm10768,1244,ABCC2,mouse
72615,Anks3,124401,ANKS3,mouse
207740,Ubald1,124402,UBALD1,mouse
71089,Septin12,124404,SEPTIN12,mouse
102637366,Gm10037,124411,KRBOX5,mouse
68742,Tmem219,124446,TMEM219,mouse
67417,Ears2,124454,EARS2,mouse
71607,Snx20,124460,SNX20,mouse
66817,Tmem170,124491,TMEM170A,mouse
74319,Mettl23,124512,METTL23,mouse
327992,Hsf5,124535,HSF5,mouse
258408,Olfr463,124538,OR4D2,mouse
258406,Olfr462,124538,OR4D2,mouse
76626,Msi2,124540,MSI2,mouse
72055,Slc38a10,124565,SLC38A10,mouse
76025,Cant1,124583,CANT1,mouse
16470,Ush1g,124590,USH1G,mouse
217304,Cd300lb,124599,CD300LB,mouse
286942,Kif19a,124602,KIF19,mouse
69376,Zpbp2,124626,ZPBP2,mouse
327951,Cyb5d1,124637,CYB5D1,mouse
246257,Ovca2,124641,OVCA2,mouse
216835,Usp43,124739,USP43,mouse
73634,1700125H20Rik,124773,C17orf64,mouse
328019,Spata32,124783,SPATA32,mouse
71059,Hexim2,124790,HEXIM2,mouse
268490,Lsm12,124801,LSM12,mouse
52715,Ccdc43,124808,CCDC43,mouse
68107,Cntd1,124817,CNTD1,mouse
270893,Tmem132e,124842,TMEM132E,mouse
278507,Wfikkn2,124857,WFIKKN2,mouse
14422,B4galnt2,124872,B4GALNT2,mouse
75622,Spaca3,124912,SPACA3,mouse
216976,Rskr,124923,RSKR,mouse
20370,Sez6,124925,SEZ6,mouse
268445,Ankrd13b,124930,ANKRD13B,mouse
215113,Slc43a2,124935,SLC43A2,mouse
192986,Cyb5d2,124936,CYB5D2,mouse
104457,0610010K14Rik,124944,C17orf49,mouse
193043,Zfp3,124961,ZFP3,mouse
71522,Ggt6,124975,GGT6,mouse
216892,Spns2,124976,SPNS2,mouse
107732,Mrpl10,124995,MRPL10,mouse
192652,Wdr81,124997,WDR81,mouse
11522,Adh1,125,ADH1B,mouse
19817,Rn7sk,125050,RN7SK,mouse
207592,Tbc1d16,125058,TBC1D16,mouse
71562,Afmid,125061,AFMID,mouse
353155,Gjd3,125111,GJD3,mouse
268481,Krt222,125113,KRT222,mouse
406221,Krt40,125115,KRT40,mouse
69747,Zswim7,125150,ZSWIM7,mouse
237781,Mief2,125170,MIEF2,mouse
109342,Slc5a10,125206,SLC5A10,mouse
108654,Fam210a,125228,FAM210A,mouse
240411,Loxhd1,125336,LOXHD1,mouse
225280,Ino80c,125476,INO80C,mouse
72747,Ttc39c,125488,TTC39C,mouse
240479,Dipk1c,125704,DIPK1C,mouse
333329,Cngb1,1258,CNGB1,mouse
74276,Cldnd2,125875,CLDND2,mouse
12788,Cnga1,1259,CNGA1,mouse
71601,Ceacam20,125931,CEACAM20,mouse
71766,Raver1,125950,RAVER1,mouse
257898,Olfr867,125958,OR7D4,mouse
258336,Or7d10,125958,OR7D4,mouse
258822,Olfr39,125958,OR7D4,mouse
258279,Olfr846,125962,OR7G1,mouse
258518,Olfr847,125962,OR7G1,mouse
258516,Olfr850,125962,OR7G1,mouse
259070,Or7g17,125962,OR7G1,mouse
258515,Olfr854,125962,OR7G1,mouse
258560,Olfr843,125962,OR7G1,mouse
18322,Olfr24,125963,OR1M1,mouse
333182,Cox6b2,125965,COX6B2,mouse
171168,Acer1,125981,ACER1,mouse
224904,Micos13,125988,MICOS13,mouse
234988,Mbd3l2,125997,MBD3L2,mouse
11522,Adh1,126,ADH1C,mouse
12789,Cnga2,1260,CNGA2,mouse
66682,Trappc5,126003,TRAPPC5,mouse
18545,Pcp2,126006,PCP2,mouse
232790,Oscar,126014,OSCAR,mouse
330463,Zfp78,126069,ZNF491,mouse
330463,Zfp78,126070,ZNF440,mouse
66962,Swsap1,126074,SWSAP1,mouse
67119,Ccdc159,126075,CCDC159,mouse
12790,Cnga3,1261,CNGA3,mouse
66124,Josd2,126119,JOSD2,mouse
75510,Izumo2,126123,IZUMO2,mouse
78070,Cpt1c,126129,CPT1C,mouse
69748,Aldh16a1,126133,ALDH16A1,mouse
243967,Ntn5,126147,NTN5,mouse
233649,Cnga4,1262,CNGA4,mouse
23968,Nlrp5,126206,NLRP5,mouse
67109,Zfp787,126208,ZNF787,mouse
434156,Eid2b,126272,EID2B,mouse
66443,Tnfaip8l1,126282,TNFAIP8L1,mouse
234413,Zfp961,126295,ZNF57,mouse
210146,Irgq,126298,IRGQ,mouse
232969,Zfp428,126299,ZNF428,mouse
12795,Plk3,1263,PLK3,mouse
71912,Jsrp1,126306,JSRP1|LOC105372240,mouse
208228,Mob3a,126308,MOB3A,mouse
73822,Mfsd12,126321,MFSD12,mouse
209047,Gipc3,126326,GIPC3,mouse
69875,Ndufa11,126328,NDUFA11,mouse
78906,Misp,126353,MISP,mouse
211228,Lrrc25,126364,LRRC25,mouse
257883,Or1i2,126370,OR1I1,mouse
101543,Wtip,126374,WTIP,mouse
22767,Zfy1,126375,ZNF792,mouse
22768,Zfy2,126375,ZNF792,mouse
75692,Nr2c2ap,126382,NR2C2AP,mouse
243912,Hspb6,126393,HSPB6,mouse
12797,Cnn1,1264,CNN1,mouse
70976,Tektl1,126402,CCDC105,mouse
320997,Cyp4f39,126410,CYP4F22,mouse
320435,Rinl,126432,RINL,mouse
233040,Fbxo27,126433,FBXO27,mouse
12798,Cnn2,1265,CNN2,mouse
216166,Plk5,126520,PLK5,mouse
66367,2310022A10Rik,126526,C19orf47,mouse
258939,Olfr63,126541,OR10H4,mouse
234396,Ankle1,126549,ANKLE1,mouse
237397,C2cd4c,126567,C2CD4C,mouse
71994,Cnn3,1266,CNN3,mouse
213054,Gabpb2,126626,GABPB2,mouse
71325,Tchhl1,126637,TCHHL1,mouse
20129,Rptn,126638,RPTN,mouse
68394,Ccdc163,126661,CCDC163,mouse
214547,She,126669,SHE,mouse
69073,Kdf1,126695,KDF1,mouse
12799,Cnp,1267,CNP,mouse
73420,Ccsap,126731,CCSAP,mouse
242735,Lrrc38,126755,LRRC38,mouse
230883,Aadacl3,126767,AADACL3,mouse
433813,Pusl1,126789,PUSL1,mouse
117592,B3galt6,126792,B3GALT6,mouse
12801,Cnr1,1268,CNR1,mouse
242253,Dnai3,126820,DNAI3,mouse
68874,Klhdc9,126823,KLHDC9,mouse
77352,Axdnd1,126859,AXDND1,mouse
242125,Mab21l3,126868,MAB21L3,mouse
12802,Cnr2,1269,CNR2,mouse
212632,Iffo2,126917,IFFO2,mouse
15077,H3c14,126961,H3C14,mouse
319150,H3c2,126961,H3C14,mouse
319151,H3c6,126961,H3C14,mouse
260423,H3c7,126961,H3C14,mouse
319148,H3c3,126961,H3C14,mouse
319149,H3c4,126961,H3C14,mouse
319154,H3c13,126961,H3C14,mouse
97114,H3c15,126961,H3C14,mouse
213603,Slc44a3,126969,SLC44A3,mouse
26876,Adh4,127,ADH4,mouse
12803,Cntf,1270,CNTF,mouse
72522,Atxn7l2,127002,ATXN7L2,mouse
75504,Cfap276,127003,CFAP276,mouse
226791,Lyplal1,127018,LYPLAL1,mouse
258458,Olfr165,127059,OR2M5,mouse
258443,Olfr164,127059,OR2M5,mouse
258458,Olfr165,127062,OR2M3,mouse
258443,Olfr164,127062,OR2M3,mouse
257917,Olfr314,127064,OR2T12,mouse
257958,Olfr301,127066,OR14C36,mouse
257906,Olfr293,127066,OR14C36,mouse
257929,Olfr299,127066,OR14C36,mouse
258850,Olfr295,127066,OR14C36,mouse
258611,Olfr297,127066,OR14C36,mouse
258613,Or14c39,127066,OR14C36,mouse
258222,Olfr310,127066,OR14C36,mouse
12804,Cntfr,1271,CNTFR,mouse
338375,Atp6v1g3,127124,ATP6V1G3,mouse
12805,Cntn1,1272,CNTN1,mouse
66772,Asb17,127247,ASB17,mouse
209584,Tyw3,127253,TYW3,mouse
209601,Erich3,127254,ERICH3,mouse
74435,Lrriq3,127255,LRRIQ3,mouse
67808,Tprgl,127262,TPRG1L,mouse
66469,Prxl2b,127281,PRXL2B,mouse
242702,Myom3,127294,MYOM3,mouse
140477,Dmbx1,127343,DMBX1,mouse
18313,Olfr16,127385,OR10J5,mouse
69469,Tmco2,127391,TMCO2,mouse
66526,Tceanc2,127428,TCEANC2,mouse
242608,Podn,127435,PODN,mouse
109245,Lrrc39,127495,LRRC39,mouse
14621,Gjb4,127534,GJB4,mouse
69317,Hmgb4,127540,HMGB4,mouse
75234,Rnf19b,127544,RNF19B,mouse
215493,A3galt2,127550,A3GALT2,mouse
329702,Dcst2,127579,DCST2,mouse
240960,Dnah14,127602,DNAH14,mouse
258960,Olfr171,127608,OR2AJ1,mouse
258959,Olfr170,127608,OR2AJ1,mouse
258158,Or2aj4,127608,OR2AJ1,mouse
257962,Olfr222,127623,OR2B11,mouse
100503355,Zfp648,127665,ZNF648,mouse
240819,Teddm1a,127670,TEDDM1,mouse
433365,Teddm1b,127670,TEDDM1,mouse
68920,1110065P20Rik,127687,C1orf122,mouse
12842,Col1a1,1277,COL1A1,mouse
230751,Oscp1,127700,OSCP1,mouse
230757,5730409E04Rik,127703,C1orf216,mouse
242721,Klhdc7a,127707,KLHDC7A,mouse
75718,Vwa5b1,127731,VWA5B1,mouse
212190,Ubxn10,127733,UBXN10,mouse
620779,Gm12695,127795,C1orf87,mouse
12843,Col1a2,1278,COL1A2,mouse
68724,Arl8a,127829,ARL8A,mouse
20980,Syt2,127833,SYT2,mouse
68338,Golt1a,127845,GOLT1A,mouse
16589,Uhmk1,127933,UHMK1,mouse
435653,Fcrlb,127943,FCRLB,mouse
11532,Adh5,128,ADH5,mouse
12824,Col2a1,1280,COL2A1,mouse
75820,Wdr64,128025,WDR64,mouse
66523,2810004N23Rik,128061,C1orf131,mouse
434147,D930028M14Rik,128071540,POU2F2-AS2,mouse
280411,Lix1l,128077,LIX1L,mouse
12825,Col3a1,1281,COL3A1,mouse
74717,Spata17,128153,SPATA17,mouse
171211,Edaradd,128178,EDARADD,mouse
12826,Col4a1,1282,COL4A1,mouse
75753,Klf17,128209,KLF17,mouse
230678,Tmem125,128218,TMEM125,mouse
76927,Tsacc,128229,TSACC,mouse
404710,Iqgap3,128239,IQGAP3,mouse
246703,Naxe,128240,NAXE,mouse
213649,Arhgef19,128272,ARHGEF19,mouse
67212,Mrpl55,128308,MRPL55,mouse
382522,H2bu1-ps,128312,H2BU1,mouse
67171,Dram2,128338,DRAM2,mouse
100503311,Pifo,128344,PIFO,mouse
433638,I830077J02Rik,128346,C1orf162,mouse
258224,Olfr1358,128360,OR10T2,mouse
546747,Olfr220,128366,OR6P1,mouse
258756,Olfr414,128366,OR6P1,mouse
258238,Olfr417,128367,OR10X1,mouse
258709,Or10x4,128367,OR10X1,mouse
258710,Olfr419,128368,OR10Z1,mouse
404222,Olfr231,128371,OR6K6,mouse
258717,Olfr429,128372,OR6N1,mouse
68972,Tatdn3,128387,TATDN3,mouse
12827,Col4a2,1284,COL4A2,mouse
140489,Bhlhe23,128408,BHLHE23,mouse
58237,Nkain4,128414,NKAIN4,mouse
277432,Vstm2l,128434,VSTM2L,mouse
319317,Snhg11,128439,SNHG11,mouse
228859,Fitm2,128486,FITM2,mouse
192200,Wfdc12,128488,WFDC12,mouse
75642,Spata25,128497,SPATA25,mouse
12828,Col4a3,1285,COL4A3,mouse
74614,Ocstamp,128506,OCSTAMP,mouse
228911,Tshz2,128553,TSHZ2,mouse
12829,Col4a4,1286,COL4A4,mouse
72221,1700021F07Rik,128602,C20orf85,mouse
100043757,Zfp831,128611,ZNF831,mouse
67231,Tbc1d20,128637,TBC1D20,mouse
751864,Gm9733,128646,SIRPD,mouse
75656,1700020A23Rik,128653,C20orf141,mouse
246313,Prokr2,128674,PROKR2,mouse
12830,Col4a5,1287,COL4A5,mouse
74243,Slx4ip,128710,SLX4IP,mouse
94216,Col4a6,1288,COL4A6,mouse
228756,Cstl1,128817,CSTL1,mouse
13013,Cst9,128821,CST9L,mouse
77705,Cstdc2,128821,CST9L,mouse
13013,Cst9,128822,CST9,mouse
252864,Dusp15,128853,DUSP15,mouse
241732,Tspyl3,128854,TSPY26P,mouse
128932648,Dusp13a,128854680,DUSP13A,mouse
228796,Bpifb6,128859,BPIFB6,mouse
73388,Bpifa3,128861,BPIFA3,mouse
75480,1700003F12Rik,128864,C20orf144,mouse
75608,Chmp4b,128866,CHMP4B,mouse
228812,Pigu,128869,PIGU,mouse
71405,Fam83c,128876,FAM83C,mouse
12831,Col5a1,1289,COL5A1,mouse
14389,Gab2,128954,GAB4,mouse
72307,2510002D24Rik,128977,C22orf39,mouse
27883,Tango2,128989,TANGO2,mouse
12832,Col5a2,1290,COL5A2,mouse
52850,Sgsm1,129049,SGSM1,mouse
140703,Emid1,129080,EMID1,mouse
12833,Col6a1,1291,COL6A1,mouse
223690,Ankrd54,129138,ANKRD54,mouse
12834,Col6a2,1292,COL6A2,mouse
73825,Ppp1r21,129285,PPP1R21,mouse
12835,Col6a3,1293,COL6A3,mouse
232086,Tmem150a,129303,TMEM150A,mouse
12836,Col7a1,1294,COL7A1,mouse
69482,Nup35,129401,NUP35,mouse
241431,Xirp2|Gm1322,129446,XIRP2,mouse
68736,Tyw5,129450,TYW5,mouse
12837,Col8a1,1295,COL8A1,mouse
433292,Nms,129521,NMS,mouse
69541,Lyg1,129530,LYG1,mouse
69028,Mitd1,129531,MITD1,mouse
208718,Dis3l2,129563,DIS3L2,mouse
329941,Col8a2,1296,COL8A2,mouse
22169,Cmpk2,129607,CMPK2,mouse
67216,Mboat2,129642,MBOAT2,mouse
241175,Cntnap5b,129684,CNTNAP5,mouse
620292,Cntnap5c,129684,CNTNAP5,mouse
636808,Cntnap5a,129684,CNTNAP5,mouse
63856,Taf8,129685,TAF8,mouse
12839,Col9a1,1297,COL9A1,mouse
211986,Tmem18,129787,TMEM18,mouse
12840,Col9a2,1298,COL9A2,mouse
70370,Fbln7,129804,FBLN7,mouse
241159,Neu4,129807,NEU4,mouse
241490,Rbm45,129831,RBM45,mouse
75087,4930505A04Rik,129852,C2orf73,mouse
547109,Trim43a,129868,TRIM43|TRIM43B,mouse
666747,Trim43b,129868,TRIM43|TRIM43B,mouse
666731,Trim43c,129868,TRIM43|TRIM43B,mouse
72569,Bbs5,129880,BBS5,mouse
75051,Cfap210,129881,CFAP210,mouse
12841,Col9a3,1299,COL9A3,mouse
67758,Aadac,13,AADAC,mouse
100417514,Adh6b,130,ADH6,mouse
12813,Col10a1,1300,COL10A1,mouse
266645,Acmsd,130013,ACMSD,mouse
70375,Ica1l,130026,ICA1L,mouse
214469,Fam168b,130074,FAM168B,mouse
258381,Olfr460,130075,OR9A4,mouse
12814,Col11a1,1301,COL11A1,mouse
73259,Cib4,130106,CIB4,mouse
19695,Reg3g,130120,REG3G,mouse
18489,Reg3b,130120,REG3G,mouse
30053,Reg3d,130120,REG3G,mouse
74013,Rftn2,130132,RFTN2,mouse
73324,Clhc1,130162,CLHC1,mouse
12815,Col11a2,1302,COL11A2,mouse
213556,Plekhh2,130271,PLEKHH2,mouse
12816,Col12a1,1303,COL12A1,mouse
252903,Ap1s3,130340,AP1S3,mouse
73103,3110009E18Rik,130355,C2orf76,mouse
433323,Sgpp2,130367,SGPP2,mouse
269275,Acvr1c,130399,ACVR1C,mouse
23967,Osr1,130497,OSR1,mouse
12817,Col13a1,1305,COL13A1,mouse
75516,Ttc32,130502,TTC32,mouse
68795,Ubr3,130507,UBR3,mouse
51960,Kctd18,130535,KCTD18,mouse
108812,Flacc1,130540,FLACC1,mouse
101023,Zfp513,130557,ZNF513,mouse
70060,Spata3,130560,SPATA3,mouse
320343,Lypd6,130574,LYPD6,mouse
71897,Lypd6b,130576,LYPD6B,mouse
319625,Galm,130589,GALM,mouse
12819,Col15a1,1306,COL15A1,mouse
319998,Tmem198,130612,TMEM198,mouse
68818,Zfand2b,130617,ZFAND2B,mouse
107581,Col16a1,1307,COL16A1,mouse
68027,Tmem178,130733,TMEM178A,mouse
76668,Mdh1b,130752,MDH1B,mouse
12821,Col17a1,1308,COL17A1,mouse
73667,2410004P03Rik,130813,C2orf50,mouse
217430,Slc66a3,130814,SLC66A3,mouse
381339,Tmem182,130827,TMEM182,mouse
268390,Ahsa2,130872,AHSA2P,mouse
66153,Fbxo36,130888,FBXO36,mouse
69821,Mterf4,130916,MTERF4,mouse
227933,Ccdc148,130940,CCDC148,mouse
110958,M1ap,130951,M1AP,mouse
11529,Adh7,131,ADH7,mouse
12823,Col19a1,1310,COL19A1,mouse
74020,Cpne4,131034,CPNE4,mouse
381045,Mix23,131076,MIX23,mouse
211468,Kcnh8,131096,KCNH8,mouse
12845,Comp,1311,COMP,mouse
67713,Dnajc19,131118,DNAJC19,mouse
229389,Otol1,131149,OTOL1,mouse
18300,Fam3d,131177,FAM3D,mouse
12846,Comt,1312,COMT,mouse
239852,Zpld1,131368,ZPLD1,mouse
69032,Lyzl4,131375,LYZL4,mouse
72330,Klhl40,131377,KLHL40,mouse
12847,Copa,1314,COPA,mouse
636931,Trim71,131405,TRIM71,mouse
78408,Fam131a,131408,FAM131A,mouse
239849,Cd200r4,131450,CD200R1,mouse
57781,Cd200r1,131450,CD200R1,mouse
271375,Cd200r2,131450,CD200R1,mouse
74603,Cd200r3,131450,CD200R1,mouse
385493,AU015836,131474,CHCHD4,mouse
72170,Chchd4,131474,CHCHD4,mouse
70349,Copb1,1315,COPB1,mouse
245308,Zdhhc19,131540,ZDHHC19,mouse
224273,Crybg3,131544,CRYBG3,mouse
73379,Dcbld2,131566,DCBLD2,mouse
74488,Lrrc15,131578,LRRC15,mouse
224093,Fam43a,131583,FAM43A,mouse
23849,Klf6,1316,KLF6,mouse
24100,Tpra1,131601,TPRA1,mouse
66079,Tmem42,131616,TMEM42,mouse
243537,Uroc1,131669,UROC1,mouse
20529,Slc31a1,1317,SLC31A1,mouse
20530,Slc31a2,1318,SLC31A2,mouse
545527,Erich6,131831,ERICH6,mouse
75686,Nudt16,131870,NUDT16,mouse
245026,Col6a6,131873,COL6A6,mouse
100043057,Tmem207,131920,TMEM207,mouse
67011,Mettl6,131965,METTL6,mouse
11534,Adk,132,ADK,mouse
68971,Tamm41,132001,TAMM41,mouse
57890,Il17re,132014,IL17RE,mouse
239766,Rtp1,132112,RTP1,mouse
74267,Iqcf1,132141,IQCF1,mouse
235582,Glyctk,132158,GLYCTK,mouse
67905,Ppm1m,132160,PPM1M,mouse
102633458,Gm11100,132200,C3orf49,mouse
218739,Sntn,132203,SNTN,mouse
72003,Synpr,132204,SYNPR,mouse
434436,Lsmem2,132228,LSMEM2,mouse
171506,H1f8,132243,H1-8,mouse
433904,Ociad2,132299,OCIAD2,mouse
67161,Sclt1,132320,SCLT1,mouse
73852,D3Ertd751e,132321,C4orf33,mouse
100503068,Smim43,132332,SMIM43,mouse
241989,Pabpc4l,132430,PABPC4L,mouse
12854,Cort,1325,CORT,mouse
26410,Map3k8,1326,MAP3K8,mouse
21744,Adad1,132612,ADAD1,mouse
22702,Zfp42,132625,ZFP42,mouse
231506,Lin54,132660,LIN54,mouse
73472,Spata18,132671,SPATA18,mouse
12857,Cox4i1,1327,COX4I1,mouse
70617,Fam241a,132720,FAM241A,mouse
319875,Tmprss11b,132724,TMPRSS11B,mouse
67980,Gnpda2,132789,GNPDA2,mouse
69281,Spata4,132851,SPATA4,mouse
231207,Cpeb2,132864,CPEB2,mouse
68525,Evc2,132884,EVC2,mouse
12859,Cox5b,1329,COX5B,mouse
100040340,Cox5b-ps,1329,COX5B,mouse
384185,Arl9,132946,ARL9,mouse
231326,Aasdh,132949,AASDH,mouse
79455,Pdcl2,132954,PDCL2,mouse
74218,1700016H13Rik,132989,C4orf36,mouse
11535,Adm,133,ADM,mouse
66768,Pacrgl|5730480H06Rik,133015,PACRGL,mouse
70592,Pacrgl|5730480H06Rik,133015,PACRGL,mouse
229801,Tram1l1,133022,TRAM1L1,mouse
21906,Otop1,133060,OTOP1,mouse
320981,Enpp6,133121,ENPP6,mouse
97086,Slc9b2,133308,SLC9B2,mouse
218624,Il31ra,133396,IL31RA,mouse
13723,Emb,133418,EMB,mouse
74441,Slco6c1,133482,SLCO6A1,mouse
70866,Slco6d1,133482,SLCO6A1,mouse
67592,4930524B15Rik,133491,C5orf47,mouse
170826,Ppargc1b,133522,PPARGC1B,mouse
223825,Mroh2b,133558,MROH2B,mouse
268780,Egflam,133584,EGFLAM,mouse
73137,Prrc1,133619,PRRC1,mouse
68646,Nadk2,133686,NADK2,mouse
105887,Ugt3a1,133688,UGT3A1,mouse
223337,Ugt3a2,133688,UGT3A1,mouse
75568,Capsl,133690,CAPSL,mouse
12861,Cox6a1,1337,COX6A1,mouse
57748,Jmy,133746,JMY,mouse
76874,4930469K13Rik,133874,C5orf58,mouse
12862,Cox6a2,1339,COX6A2,mouse
66758,Zfp474,133923,ZNF474,mouse
67433,Ccdc127,133957,CCDC127,mouse
11539,Adora1,134,ADORA1,mouse
110323,Cox6b1,1340,COX6B1,mouse
257888,Olfr1386,134083,OR2Y1,mouse
258027,Olfr1385,134083,OR2Y1,mouse
18307,Olfr10,134083,OR2Y1,mouse
257971,Olfr1382,134083,OR2Y1,mouse
259069,Olfr1389,134083,OR2Y1,mouse
258465,Olfr1387,134083,OR2Y1,mouse
259068,Olfr1390,134083,OR2Y1,mouse
258459,Olfr1388,134083,OR2Y1,mouse
258460,Olfr1391,134083,OR2Y1,mouse
258464,Olfr1384,134083,OR2Y1,mouse
258461,Olfr1381,134083,OR2Y1,mouse
258462,Olfr1392,134083,OR2Y1,mouse
404337,Olfr1383,134083,OR2Y1,mouse
258463,Olfr1393,134083,OR2Y1,mouse
276865,Olfr1371,134083,OR2Y1,mouse
404336,Olfr1380,134083,OR2Y1,mouse
76980,Ube2ql1,134111,UBE2QL1,mouse
69315,1700001L19Rik,134121,C5orf49,mouse
68073,Atpsckmt,134145,ATPSCKMT,mouse
69574,Cmbl,134147,CMBL,mouse
75507,Pou5f2,134187,POU5F2,mouse
78244,Dnajc21,134218,DNAJC21,mouse
106877,Afap1l1,134265,AFAP1L1,mouse
17714,Grpel2,134266,GRPEL2,mouse
380863,Tmem171,134285,TMEM171,mouse
68344,Tmem174,134288,TMEM174,mouse
72290,Lsm11,134353,LSM11,mouse
67463,Poc5,134359,POC5,mouse
240239,Gpr151,134391,GPR151,mouse
170459,Stard4,134429,STARD4,mouse
225348,Wdr36,134430,WDR36,mouse
52653,Nudcd2,134492,NUDCD2,mouse
12864,Cox6c,1345,COX6C,mouse
79560,Ublcp1,134510,UBLCP1,mouse
74156,Acot12,134526,ACOT12,mouse
237761,Sowaha,134548,SOWAHA,mouse
71774,Shroom1,134549,SHROOM1,mouse
78521,B230219D22Rik,134553,C5orf24,mouse
12865,Cox7a1,1346,COX7A1,mouse
66757,Adat2,134637,ADAT2,mouse
12866,Cox7a2,1347,COX7A2,mouse
382089,Ripply2,134701,RIPPLY2,mouse
65099,Irak1bp1,134728,IRAK1BP1,mouse
215890,Clvs2,134829,CLVS2,mouse
503558,Taar9,134860,TAAR9,mouse
111174,Taar1,134864,TAAR1,mouse
66142,Cox7b,1349,COX7B,mouse
78808,Stxbp5,134957,STXBP5,mouse
11540,Adora2a,135,ADORA2A,mouse
12867,Cox7c,1350,COX7C,mouse
12868,Cox8a,1351,COX8A,mouse
211329,Ncoa7,135112,NCOA7,mouse
66847,Hint3,135114,HINT3,mouse
69310,Pacrg,135138,PACRG,mouse
280645,B3gat2,135152,B3GAT2,mouse
68002,Sdhaf4,135154,SDHAF4,mouse
70383,Cox10,1352,COX10,mouse
235505,Cd109,135228,CD109,mouse
19370,Raet1a|Raet1b|Raet1c|Raet1d,135250,RAET1E,mouse
19369,Raet1a|Raet1b|Raet1c|Raet1d,135250,RAET1E,mouse
19368,Raet1a|Raet1b|Raet1c|Raet1d,135250,RAET1E,mouse
379043,Raet1e,135250,RAET1E,mouse
56554,Raet1a|Raet1b|Raet1c|Raet1d,135250,RAET1E,mouse
667281,H60b,135250,RAET1E,mouse
242377,Pm20d2,135293,PM20D2,mouse
272009,Srsf12,135295,SRSF12,mouse
69802,Cox11,1353,COX11,mouse
71583,9130008F23Rik,135398,C6orf141,mouse
210554,Hus1b,135458,HUS1B,mouse
226139,Cox15,1355,COX15,mouse
12870,Cp,1356,CP,mouse
109697,Cpa1,1357,CPA1,mouse
232680,Cpa2,1358,CPA2,mouse
76629,Tmem270,135886,TMEM270,mouse
215061,Trim50,135892,TRIM50,mouse
12873,Cpa3,1359,CPA3,mouse
109218,Tmem139,135932,TMEM139,mouse
11541,Adora2b,136,ADORA2B,mouse
76703,Cpb1,1360,CPB1,mouse
330301,Zfp786,136051,ZNF786,mouse
56373,Cpb2,1361,CPB2,mouse
12874,Cpd,1362,CPD,mouse
140709,Col26a1,136227,COL26A1,mouse
67690,Prss37,136242,PRSS37,mouse
619665,Klf14,136259,KLF14,mouse
75647,Ssmem1,136263,SSMEM1,mouse
626870,Gm11992,136288,C7orf57,mouse
12876,Cpe,1363,CPE,mouse
320590,Svopl,136306,SVOPL,mouse
14489,Mtpn,136319,MTPN|LUZP6,mouse
74354,Lrguk,136332,LRGUK,mouse
117590,Asb10,136371,ASB10,mouse
12740,Cldn4,1364,CLDN4,mouse
57255,Cldn13,1364,CLDN4,mouse
12739,Cldn3,1365,CLDN3,mouse
232717,Prss58,136541,PRSS58,mouse
53624,Cldn7,1366,CLDN7,mouse
633057,Gm7102,136647,MPLKIP,mouse
66308,Mplkip,136647,MPLKIP,mouse
70574,Cpm,1368,CPM,mouse
109267,Ssc4d,136853,SSC4D,mouse
70821,4921507P07Rik,136895,C7orf31,mouse
93721,Cpn1,1369,CPN1,mouse
74068,Asz1,136991,ASZ1,mouse
71756,Cpn2,1370,CPN2,mouse
71908,Cldn23,137075,CLDN23,mouse
12892,Cpox,1371,CPOX,mouse
227231,Cps1,1373,CPS1,mouse
76615,Got1l1,137362,GOT1L1,mouse
68099,Cibar1,137392,CIBAR1,mouse
12894,Cpt1a,1374,CPT1A,mouse
52348,Vps37a,137492,VPS37A,mouse
12895,Cpt1b,1375,CPT1B,mouse
12896,Cpt2,1376,CPT2,mouse
76947,Ndufaf6,137682,NDUFAF6,mouse
72098,Tmem68,137695,TMEM68,mouse
223513,Abra,137735,ABRA,mouse
68311,Lypd2,137797,LYPD2,mouse
12946,Cr1l,1378,CR1,mouse
18092,Nkx2-6,137814,NKX2-6,mouse
213068,Tmem71,137835,TMEM71,mouse
244431,Sgcz,137868,SGCZ,mouse
76187,Adhfe1,137872,ADHFE1,mouse
68053,Ubxn2b,137886,UBXN2B,mouse
12946,Cr1l,1379,CR1L,mouse
102247,Gpat4,137964,GPAT4,mouse
210801,Unc5d,137970,UNC5D,mouse
270035,Letm2,137994,LETM2,mouse
12902,Cr2,1380,CR2,mouse
73828,Dcaf4,138009,DCAF4L2,mouse
76897,Ralyl,138046,RALYL,mouse
52120,Hgsnat,138050,HGSNAT,mouse
76072,Rnf183,138065,RNF183,mouse
12903,Crabp1,1381,CRABP1,mouse
67991,Nacc2,138151,NACC2,mouse
69327,Pierce1,138162,PIERCE1,mouse
67383,Carnmt1,138199,CARNMT1,mouse
12904,Crabp2,1382,CRABP2,mouse
118568407,C19H9orf57,138240,C9orf57,mouse
66206,1110059E24Rik,138241,C9orf85,mouse
67483,Cfap95,138255,CFAP95,mouse
78076,Lcn8,138307,LCN8,mouse
56279,Dipk1b,138311,DIPK1B,mouse
12908,Crat,1384,CRAT,mouse
329384,Ptrh1,138428,PTRH1,mouse
227733,Pip5kl1,138429,PIP5KL1,mouse
270627,Taf1,138474,TAF1L,mouse
12912,Creb1,1385,CREB1,mouse
11909,Atf2,1386,ATF2,mouse
218232,Ptpdc1,138639,PTPDC1,mouse
218304,Prss47,138652,PRSS47P,mouse
12914,Crebbp,1387,CREBBP,mouse
550619,Arid3c,138715,ARID3C,mouse
69961,Rpp25l,138716,RPP25L,mouse
67317,1700022I11Rik,138724,C9orf131,mouse
12915,Atf6b,1388,ATF6B,mouse
258836,Olfr272,138802,OR13C8,mouse
258821,Olfr273,138803,OR13C3,mouse
258857,4930552N02Rik|Olfr275,138805,OR13F1,mouse
258618,Olfr355,138881,OR1L8,mouse
258941,Olfr354,138882,OR1N2,mouse
258943,Olfr353,138883,OR1N1,mouse
258944,Olfr351,138883,OR1N1,mouse
232430,Crebl2,1389,CREBL2,mouse
12916,Crem,1390,CREM,mouse
245446,Slitrk4,139065,SLITRK4,mouse
75352,Magea13,139081,MAGEC3,mouse
108168453,Gm15262,139105,BEND2,mouse
382221,Gm1141,139135,PASD1,mouse
245403,Dcaf12l2,139170,DCAF12L1,mouse
245404,Dcaf12l1,139170,DCAF12L1,mouse
331374,Dgkk,139189,DGKK,mouse
12918,Crh,1392,CRH,mouse
331537,Dnaaf6,139212,DNAAF6,mouse
74708,Dnaaf6,139212,DNAAF6,mouse
245631,Pwwp3b,139221,PWWP3B,mouse
245622,Fam199x,139231,FAM199X,mouse
72345,Amer1,139285,AMER1,mouse
12919,Crhbp,1393,CRHBP,mouse
68117,Apool,139322,APOOL,mouse
245596,Hdx,139324,HDX,mouse
72018,Fundc1,139341,FUNDC1,mouse
236798,Adgrg4,139378,ADGRG4,mouse
12921,Crhr1,1394,CRHR1|LINC02210-CRHR1,mouse
211612,Ptchd1,139411,PTCHD1,mouse
245509,4932429P05Rik,139420,PPP4R3C,mouse
245511,4930415L06Rik,139420,PPP4R3C,mouse
18630,Dcaf8l,139425,DCAF8L1,mouse
12922,Crhr2,1395,CRHR2,mouse
408193,Otud6a,139562,OTUD6A,mouse
331487,Uprt,139596,UPRT,mouse
272790,Magee2,139599,MAGEE2,mouse
12925,Crip1,1396,CRIP1,mouse
71967,Mageb16,139604,MAGEB16,mouse
436240,Foxr2,139628,FOXR2,mouse
68337,Crip2,1397,CRIP2,mouse
210710,Gab3|Gm38425,139716,GAB3,mouse
93843,Pnck,139728,PNCK,mouse
22754,Zfp92,139735,ZFP92,mouse
73360,Actrt1,139741,ACTRT1,mouse
236781,Gpr119,139760,GPR119,mouse
12928,Crk,1398,CRK,mouse
76572,Rbmxl2,139804,RBMXL3,mouse
75974,Dock11,139818,DOCK11,mouse
270624,Spin4,139886,SPIN4,mouse
12929,Crkl,1399,CRKL,mouse
227290,Aamp,14,AAMP,mouse
11542,Adora3|Tmigd3,140,ADORA3,mouse
12933,Crmp1,1400,CRMP1,mouse
12944,Crp,1401,CRP,mouse
117172,2310034C09Rik,140258,KRTAP13-1,mouse
16699,Krtap13,140258,KRTAP13-1,mouse
268905,Krtap13-1,140258,KRTAP13-1,mouse
100041352,Tcp10c,140290,TCP10L,mouse
21462,Tcp10b,140290,TCP10L,mouse
21461,Tcp10a,140290,TCP10L,mouse
12950,Hapln1,1404,HAPLN1,mouse
666339,Muc3,140453,MUC17,mouse
68854,Asb11,140456,ASB11,mouse
76294,Asb5,140458,ASB5,mouse
72323,Asb6,140459,ASB6,mouse
117589,Asb7,140460,ASB7,mouse
78541,Asb8,140461,ASB8,mouse
69299,Asb9,140462,ASB9,mouse
216459,Myl6b,140465,MYL6B,mouse
140482,Zfp358,140467,ZNF358,mouse
329421,Myo3b,140469,MYO3B,mouse
56874,Rnf32,140545,RNF32,mouse
80287,Apobec3,140564,APOBEC3D,mouse
67860,S100a16,140576,S100A16,mouse
246048,Chodl,140578,CHODL,mouse
12951,Crx,1406,CRX,mouse
114679,Selenom,140606,SELENOM,mouse
59125,Nek7,140609,NEK7,mouse
22690,Zfp28,140612,ZFP28,mouse
73353,Actrt2,140625,ACTRT2,mouse
14464,Gata5,140628,GATA5,mouse
22348,Slc32a1,140679,SLC32A1,mouse
228778,6820408C15Rik,140680,C20orf96,mouse
19194,Bpifa2,140683,BPIFA2,mouse
72147,Zbtb46,140685,ZBTB46,mouse
71856,Wfdc3,140686,WFDC3,mouse
654821,Gcnt7,140687,GCNT7,mouse
329540,Nol4l,140688,NOL4L,mouse
228942,Cbln4,140689,CBLN4,mouse
664799,Ctcfl,140690,CTCFL,mouse
70928,Trim69,140691,TRIM69,mouse
629499,Mroh8,140699,MROH8,mouse
12952,Cry1,1407,CRY1,mouse
229011,Samd10,140700,SAMD10,mouse
241850,Abhd16b,140701,ABHD16B,mouse
228788,Ccm2l,140706,CCM2L,mouse
76809,Bri3bp,140707,BRI3BP,mouse
320706,Mtcl2,140710,SOGA1,mouse
383766,Tldc2,140711,TLDC2,mouse
241770,Rims4,140730,RIMS4,mouse
70065,Ankrd60,140731,ANKRD60,mouse
76407,Sun5,140732,SUN5,mouse
72899,Macrod2,140733,MACROD2,mouse
68097,Dynll2,140735,DYNLL2,mouse
170706,Tmem37,140738,TMEM37,mouse
432649,Gm5434,140739,UBE2F,mouse
67921,Ube2f,140739,UBE2F,mouse
237360,Adamts14,140766,ADAMTS14,mouse
22360,Nrsn1,140767,NRSN1,mouse
237782,Smcr8,140775,SMCR8,mouse
12953,Cry2,1408,CRY2,mouse
238217,Rpl10l,140801,RPL10L,mouse
225997,Trpm6,140803,TRPM6,mouse
105866,Krt72,140807,KRT72,mouse
76650,Srxn1,140809,SRXN1,mouse
67067,Romo1,140823,ROMO1,mouse
415115,Neurl2,140825,NEURL2,mouse
100043820,9030622O22Rik,140828,LINC00261,mouse
67538,Zswim3,140831,ZSWIM3,mouse
629756,Wfdc10,140832,WFDC10A,mouse
403171,Banf2,140836,BANF2,mouse
67311,Nanp,140838,NANP,mouse
442835,Defb22,140850,DEFB127,mouse
66328,Scp2d1,140856,SCP2D1,mouse
319909,Ism1,140862,ISM1,mouse
641368,Spint5,140863,SPINT5P,mouse
69553,Ripor3,140876,RIPOR3,mouse
78240,Cst11,140880,CST11,mouse
629114,Defb23,140881,DEFB129,mouse
64453,Zfp280b,140883,ZNF280B,mouse
100038947,Sirpb1c,140885,SIRPA,mouse
19261,Sirpa,140885,SIRPA,mouse
381484,Gm5150,140885,SIRPA,mouse
320832,Sirpb1a,140885,SIRPA,mouse
751864,Gm9733,140885,SIRPA,mouse
668101,Sirpb1b,140885,SIRPA,mouse
93728,Pabpc5,140886,PABPC5,mouse
218543,Srek1,140890,SREK1,mouse
271887,Rbbp8nl,140893,RBBP8NL,mouse
70873,Cnbd2,140894,CNBD2,mouse
12954,Cryaa,1409,CRYAA|LOC102724652,mouse
67333,Stk35,140901,STK35,mouse
100043899,R3hdml,140902,R3HDML,mouse
11544,Adprh,141,ADPRH,mouse
12955,Cryab,1410,CRYAB,mouse
12957,Cryba1,1411,CRYBA1,mouse
12958,Cryba2,1412,CRYBA2,mouse
12959,Cryba4,1413,CRYBA4,mouse
12960,Crybb1,1414,CRYBB1,mouse
12961,Crybb2,1415,CRYBB2,mouse
12962,Crybb3,1417,CRYBB3,mouse
12964,Cryga,1418,CRYGA,mouse
12965,Crygb,1419,CRYGB,mouse
11545,Parp1,142,PARP1,mouse
12966,Crygc,1420,CRYGC,mouse
12967,Crygd,1421,CRYGD,mouse
12968,Cryge,1421,CRYGD,mouse
12969,Crygf,1421,CRYGD,mouse
76580,Mib2,142678,MIB2,mouse
68082,Dusp19,142679,DUSP19,mouse
142681,Slc34a3,142680,SLC34A3,mouse
16429,Itln1|Itlnb,142683,ITLN2,mouse
217371,Rab40b,142684,RAB40A,mouse
78910,Asb15,142685,ASB15,mouse
142687,Asb14,142686,ASB14,mouse
70392,Asb12,142689,ASB12,mouse
12970,Crygs,1427,CRYGS,mouse
12971,Crym,1428,CRYM,mouse
67630,Samd8,142891,SAMD8,mouse
12972,Cryz,1429,CRYZ,mouse
72133,Trub1,142940,TRUB1,mouse
328417,Parp4,143,PARP4,mouse
75739,Mpp7,143098,MPP7,mouse
12974,Cs,1431,CS,mouse
71832,Csl,1431,CS,mouse
268729,Frmpd2,143162,FRMPD2,mouse
53611,Vti1a,143187,VTI1A,mouse
26416,Mapk14,1432,MAPK14,mouse
69496,Dydc1,143241,DYDC1,mouse
276770,Eif5a,143244,EIF5AL1,mouse
226098,Hectd2,143279,HECTD2,mouse
72514,Fgfbp3,143282,FGFBP3,mouse
67507,Spmip5,143379,C10orf82,mouse
78832,Cacul1,143384,CACUL1,mouse
110750,Cse1l,1434,CSE1L,mouse
60510,Syt9,143425,SYT9,mouse
241576,Ldlrad3,143458,LDLRAD3,mouse
73677,Psma8,143471,PSMA8,mouse
259083,Olfr547,143496,OR52B4,mouse
12977,Csf1,1435,CSF1,mouse
258749,Olfr556,143502,OR52I2,mouse
259097,Olfr558,143503,OR51E1,mouse
446101,Xrra1,143570,XRRA1,mouse
12978,Csf1r,1436,CSF1R,mouse
244179,Ubqlnl,143630,UBQLNL,mouse
269328,Muc15,143662,MUC15,mouse
75641,1700029I15Rik,143678,C11orf94,mouse
72826,Fam76b,143684,FAM76B,mouse
75747,Sesn3,143686,SESN3,mouse
330890,Piwil4,143689,PIWIL4,mouse
12981,Csf2,1437,CSF2,mouse
12982,Csf2ra,1438,CSF2RA,mouse
71544,Arhgap42,143872,ARHGAP42,mouse
69149,Kbtbd3,143879,KBTBD3,mouse
244672,Cwf19l2,143884,CWF19L2,mouse
68304,Poglut3,143888,POGLUT3,mouse
12984,Csf2rb2,1439,CSF2RB,mouse
12983,Csf2rb,1439,CSF2RB,mouse
244864,Layn,143903,LAYN,mouse
192653,Ttc36,143941,TTC36,mouse
12985,Csf3,1440,CSF3,mouse
68229,Spindoc,144097,SPINDOC,mouse
12986,Csf3r,1441,CSF3R,mouse
233765,Plekha7,144100,PLEKHA7,mouse
101685,Spty2d1,144108,SPTY2D1,mouse
67893,Tmem86a,144110,TMEM86A,mouse
259036,Olfr713,144124,OR10A5,mouse
259035,Olfr714,144124,OR10A5,mouse
257902,Olfr704,144125,OR2AG1,mouse
258593,Olfr700,144125,OR2AG1,mouse
258591,Olfr695,144125,OR2AG1,mouse
258592,Olfr697,144125,OR2AG1,mouse
258444,Or2ag1b,144125,OR2AG1,mouse
258350,Olfr706,144125,OR2AG1,mouse
258595,Olfr698,144125,OR2AG1,mouse
259034,Olfr705,144125,OR2AG1,mouse
258180,Olfr699,144125,OR2AG1,mouse
258445,Olfr693,144125,OR2AG1,mouse
258589,Olfr703,144125,OR2AG1,mouse
66786,Olfr701,144125,OR2AG1,mouse
77505,Dnhd1,144132,DNHD1,mouse
106042,Prickle1,144165,PRICKLE1,mouse
71761,Amdhd1,144193,AMDHD1,mouse
20527,Slc2a3,144195,SLC2A14,mouse
14599,Gh,1442,CSH1,mouse
75284,Bcdin3d,144233,BCDIN3D,mouse
380959,Alg10b,144245,ALG10B,mouse
14599,Gh,1443,CSH2,mouse
67537,Glipr1l2,144321,GLIPR1L2,mouse
73121,Rflna,144347,RFLNA|ZNF664-RFLNA,mouse
269704,Zfp664,144348,ZNF664,mouse
67636,Etfrf1,144363,ETFRF1,mouse
14599,Gh,1444,CSHL1,mouse
66871,Cpne8,144402,CPNE8,mouse
330189,Tmem120b,144404,TMEM120B,mouse
269701,Cfap251,144406,CFAP251,mouse
319804,Glt1d1,144423,GLT1D1,mouse
382427,Best3,144453,BEST3,mouse
52679,E2f7,144455,E2F7,mouse
12988,Csk,1445,CSK,mouse
74127,Krt80,144501,KRT80,mouse
380654,Cfap54,144535,CFAP54,mouse
270802,Kics2,144577,KICS2,mouse
12990,Csn1s1,1446,CSN1S1,mouse
320135,BC049715,144608,C12orf60,mouse
101358,Fbxl14,144699,FBXL14,mouse
231724,Rad9b,144715,RAD9B,mouse
231717,Pheta1,144717,PHETA1,mouse
12994,Csn3,1448,CSN3,mouse
219170,Fam216b,144809,FAM216B,mouse
210808,Lacc1,144811,LACC1,mouse
15382,Hnrnpa1,144983,HNRNPA1L2,mouse
381694,B3glct,145173,B3GLCT,mouse
93687,Csnk1a1,1452,CSNK1A1,mouse
77974,Rdh12,145226,RDH12,mouse
14836,Gsc,145258,GSC,mouse
68054,Serpina12,145264,SERPINA12,mouse
170952,Prima1,145270,PRIMA1,mouse
73490,Mipol1,145282,MIPOL1,mouse
104318,Csnk1d,1453,CSNK1D,mouse
210762,Ppp1r36,145376,PPP1R36,mouse
625098,Slc38a6,145389,SLC38A6,mouse
27373,Csnk1e,1454,CSNK1E,mouse
67419,Armh4,145407,ARMH4,mouse
100504285,Abhd12b,145447,ABHD12B,mouse
77219,Ptgr2,145482,PTGR2,mouse
217705,Fam161b,145483,FAM161B,mouse
627607,Lrrc74a,145497,LRRC74A,mouse
103236,Csnk1g2,1455,CSNK1G2,mouse
217738,Ism2,145501,ISM2,mouse
75216,Cep128,145508,CEP128,mouse
67881,Mdp1,145553,MDP1,mouse
104718,Ttc7b,145567,TTC7B,mouse
238205,Lrfn5,145581,LRFN5,mouse
70425,Csnk1g3,1456,CSNK1G3,mouse
74401,Terb2,145645,TERB2,mouse
12995,Csnk2a1,1457,CSNK2A1,mouse
244911,C2cd4a,145741,C2CD4A,mouse
75099,Lysmd4,145748,LYSMD4,mouse
76886,Fam81a,145773,FAM81A,mouse
102371,Myzap,145781,GCOM1,mouse
546143,Pierce2,145788,PIERCE2,mouse
78444,Pgpep1l,145814,PGPEP1L,mouse
69478,2300009A05Rik,145853,C15orf61,mouse
67666,Hapln3,145864,HAPLN3,mouse
17293,Mesp2,145873,MESP2,mouse
13000,Csnk2a2,1459,CSNK2A2,mouse
67356,Tmco5,145942,TMCO5A,mouse
83961,Nrg4,145957,NRG4,mouse
11550,Adra1d,146,ADRA1D,mouse
13001,Csnk2b,1460,CSNK2B,mouse
99334,Zscan29,146050,ZSCAN29,mouse
140810,Ttbk2,146057,TTBK2,mouse
68968,Cdan1,146059,CDAN1,mouse
234788,Slc38a8,146167,SLC38A8,mouse
233813,Vwa3a,146177,VWA3A,mouse
246190,Otoa,146183,OTOA,mouse
22751,Zfp90,146198,ZFP90,mouse
13003,Vcan,1462,VCAN,mouse
234695,Carmil2,146206,CARMIL2,mouse
279499,Kctd19,146212,KCTD19,mouse
97487,Cmtm4,146223,CMTM4,mouse
73381,Cmtm2a,146225,CMTM2,mouse
75502,Cmtm2b,146225,CMTM2,mouse
65115,Bean1,146227,BEAN1,mouse
70426,Tekt5,146279,TEKT5,mouse
13004,Ncan,1463,NCAN,mouse
67504,Rnf151,146310,RNF151,mouse
100034748,Prr35,146325,PRR35,mouse
214931,Fbxl16,146330,FBXL16,mouse
78118,4930451I11Rik,146378,C16orf92,mouse
269994,Gsg1l,146395,GSG1L,mouse
121021,Cspg4,1464,CSPG4,mouse
76527,Il34,146433,IL34,mouse
71063,Zfp597,146434,ZNF597,mouse
212733,Bicdl2,146439,BICDL2,mouse
66269,Tmed6,146456,TMED6,mouse
13007,Csrp1,1465,CSRP1,mouse
69234,Zfp688,146542,ZNF688,mouse
77613,Prss36,146547,PRSS36,mouse
239691,AU021092,146556,C16orf89,mouse
74684,Dnaaf8,146562,DNAAF8,mouse
13008,Csrp2,1466,CSRP2,mouse
268510,Mgat5b,146664,MGAT5B,mouse
216810,Tom1l2,146691,TOM1L2,mouse
78777,Tepsin,146705,TEPSIN,mouse
210004,B3gntl1,146712,B3GNTL1,mouse
52897,Rbfox3,146713,RBFOX3,mouse
100043125,Cd300ld5,146722,CD300LF,mouse
100043123,Cd300ld4,146722,CD300LF,mouse
246746,Cd300lf,146722,CD300LF,mouse
217305,Cd300ld,146722,CD300LF,mouse
629970,Cd300ld2,146722,CD300LF,mouse
382551,Cd300ld3,146722,CD300LF,mouse
327954,Dnah2,146754,DNAH2,mouse
237847,Rtn4rl1,146760,RTN4RL1,mouse
75870,Tcam1,146771,TCAM1P,mouse
70894,Efcab3,146779,EFCAB3,mouse
27376,Slc25a10,1468,SLC25A10,mouse
380701,Slc47a2,146802,SLC47A2,mouse
67473,Slc47a1,146802,SLC47A2,mouse
71860,Cfap52,146845,CFAP52,mouse
276920,Ccdc42,146849,CCDC42,mouse
104709,Pik3r6,146850,PIK3R6,mouse
252868,Odf4,146852,ODF4,mouse
66330,1700020L24Rik,146853,C17orf50,mouse
237886,Slfn9,146857,SLFN13,mouse
276950,Slfn8,146857,SLFN13,mouse
56293,Slc35g3,146861,SLC35G3,mouse
217012,Unc45b,146862,UNC45B,mouse
52685,Cd300lg,146894,CD300LG,mouse
70218,Kif18b,146909,KIF18B,mouse
217201,Rundc1,146923,RUNDC1,mouse
268465,Eme1,146956,EME1,mouse
11548,Adra1b,147,ADRA1B,mouse
195040,Tmem199,147007,TMEM199,mouse
216974,Proca1,147011,PROCA1,mouse
70451,Dhrs13,147015,DHRS13,mouse
216858,Kctd11,147040,KCTD11,mouse
13010,Cst3,1471,CST3,mouse
58214,Cst10,1471,CST3,mouse
77583,Notum,147111,NOTUM,mouse
217356,Tmc8,147138,TMC8,mouse
94092,Trim16,147166,TRIM16L,mouse
68524,Wipf2,147179,WIPF2,mouse
70810,Krt25,147183,KRT25,mouse
338417,Scgb1c1,147199,SCGB1C1,mouse
58214,Cst10,1473,CST5,mouse
170461,Stard6,147323,STARD6,mouse
212163,8030462N17Rik,147339,C18orf25,mouse
320924,Ccbe1,147372,CCBE1,mouse
12405,Cbln2,147381,CBLN2,mouse
73720,Cst6,1474,CST6,mouse
230125,Slc25a51,147407,SLC25A52,mouse
16769,Dsg4,147409,DSG4,mouse
225187,Ankrd29,147463,ANKRD29,mouse
494504,Apcdd1,147495,APCDD1,mouse
100034684,Cstdc5,1475,CSTA,mouse
100038854,Cstdc6,1475,CSTA,mouse
209294,Csta1,1475,CSTA,mouse
20863,Stfa3,1475,CSTA,mouse
20862,Stfa2,1475,CSTA,mouse
20861,Stfa1,1475,CSTA,mouse
433016,Cstdc4,1475,CSTA,mouse
408196,Csta3,1475,CSTA,mouse
268885,Stfa2l1,1475,CSTA,mouse
76770,Csta2,1475,CSTA,mouse
13014,Cstb,1476,CSTB,mouse
75690,Vsig10l,147645,VSIG10L,mouse
75202,Spaca6,147650,SPACA6,mouse
22768,Zfy2,147657,ZNF480,mouse
22767,Zfy1,147657,ZNF480,mouse
100271882,Zfp1004,147658,ZNF534,mouse
24132,Zfp53,147658,ZNF534,mouse
208111,Zfp976,147658,ZNF534,mouse
210503,Zfp677,147658,ZNF534,mouse
380850,Gm5141,147658,ZNF534,mouse
408062,Zfp873,147658,ZNF534,mouse
545471,Zfp345,147658,ZNF534,mouse
77117,Zfp934,147658,ZNF534,mouse
100042450,Smim17,147670,SMIM17,mouse
73090,2900092C05Rik,147685,C19orf18,mouse
22768,Zfy2,147686,ZNF418,mouse
22767,Zfy1,147686,ZNF418,mouse
22767,Zfy1,147694,ZNF548,mouse
22768,Zfy2,147694,ZNF548,mouse
232941,Ppm1n,147699,PPM1N,mouse
67337,Cstf1,1477,CSTF1,mouse
232943,Klc3,147700,KLC3,mouse
70080,Igsf23,147710,IGSF23,mouse
232973,Lypd4,147719,LYPD4,mouse
330463,Zfp78,147741,ZNF560,mouse
78052,Tmem190,147744,TMEM190,mouse
233020,Hipk4,147746,HIPK4,mouse
353499,Tmc4,147798,TMC4,mouse
108062,Cstf2,1478,CSTF2,mouse
66056,Zfp524,147807,ZNF524,mouse
654801,Zfp784,147808,ZNF784,mouse
67629,Spc24,147841,SPC24,mouse
384619,Kash5,147872,KASH5,mouse
228410,Cstf3,1479,CSTF3,mouse
629378,Dact3,147906,DACT3,mouse
20475,Six5,147912,SIX5,mouse
232925,Igfl3,147920,IGFL2,mouse
233058,Zfp420,147923,ZNF420,mouse
338354,Zfp780b,147923,ZNF420,mouse
210045,Nlrp4b,147945,NLRP4,mouse
243880,Nlrp4a,147945,NLRP4,mouse
446099,Nlrp4e,147945,NLRP4,mouse
83564,Nlrp4c,147945,NLRP4,mouse
97895,Nlrp4f,147945,NLRP4,mouse
100416477,Zfp582,147948,ZNF582,mouse
213011,Zfp583,147949,ZNF583,mouse
73833,Fam98c,147965,FAM98C,mouse
60594,Capn12,147968,CAPN12,mouse
233115,Dpy19l3,147991,DPY19L3,mouse
11549,Adra1a,148,ADRA1A,mouse
16859,Lgals9,148003,LGALS16,mouse
73032,Ttc9b,148014,TTC9B,mouse
106759,Ticam1,148022,TICAM1,mouse
20834,Znrf4,148066,ZNRF4,mouse
76415,Fam187b,148109,FAM187B,mouse
68709,Cilp2,148113,CILP2,mouse
333193,Proser3,148137,PROSER3,mouse
72230,Zfp558,148156,ZNF558,mouse
58804,Cdc42ep5,148170,CDC42EP5,mouse
18091,Nkx2-5,1482,NKX2-5,mouse
218314,Zfp595,148203,ZNF738,mouse
431706,Zfp457,148203,ZNF738,mouse
629016,Zfp953,148203,ZNF738,mouse
408068,Zfp738,148203,ZNF738,mouse
218314,Zfp595,148213,ZNF681,mouse
431706,Zfp457,148213,ZNF681,mouse
408068,Zfp738,148213,ZNF681,mouse
629016,Zfp953,148213,ZNF681,mouse
78251,Zfp712,148213,ZNF681,mouse
66374,2310011J03Rik,148223,C19orf25,mouse
67331,Atp8b3,148229,ATP8B3,mouse
208666,Diras1,148252,DIRAS1,mouse
330463,Zfp78,148254,ZNF555,mouse
72723,Zfp74,148266,ZNF569,mouse
22698,Zfp39,148268,ZNF570,mouse
54524,Syt6,148281,SYT6,mouse
319266,A130010J15Rik,148304,C1orf74,mouse
78284,Creb3l4,148327,CREB3L4,mouse
230909,Gm572,148345,C1orf127,mouse
71678,Brox,148362,BROX,mouse
231004,Samd11,148398,SAMD11,mouse
75015,Samd13,148418,SAMD13,mouse
66421,2410004B18Rik,148423,C1orf52,mouse
230936,Phf13,148479,PHF13,mouse
229599,Ciart,148523,CIART,mouse
99887,Tlcd4,148534,TLCD4,mouse
381534,Ube2u,148581,UBE2U,mouse
74245,Ctbs,1486,CTBS,mouse
210027,Slc35f3,148641,SLC35F3,mouse
13016,Ctbp1,1487,CTBP1,mouse
13924,Ptprv,148713,PTPRVP,mouse
69585,Hjv,148738,HJV,mouse
213121,Ankrd35,148741,ANKRD35,mouse
329274,Fam163a,148753,FAM163A,mouse
97884,B3galnt2,148789,B3GALNT2,mouse
13017,Ctbp2,1488,CTBP2,mouse
213006,Mfsd4a,148808,MFSD4A,mouse
212933,Pm20d1,148811,PM20D1,mouse
66500,Slc30a7,148867,SLC30A7,mouse
381580,Ccdc27,148870,CCDC27,mouse
13019,Ctf1,1489,CTF1,mouse
654462,Kncn,148930,KNCN,mouse
100465,Mob3c,148932,MOB3C,mouse
230587,Glis1,148979,GLIS1,mouse
14219,Ccn2,1490,CCN2,mouse
69332,Lelp1,149018,LELP1,mouse
381305,Rc3h1,149041,RC3H1,mouse
100504491,Dcdc2b,149069,DCDC2B,mouse
230761,Zfp362,149076,ZNF362,mouse
332942,Ldc1,149086,LDC1P,mouse
77772,Dcst1,149095,DCST1,mouse
107869,Cth,1491,CTH,mouse
72978,Cnih3,149111,CNIH3,mouse
215090,Maneal,149175,MANEAL,mouse
209590,Il23r,149233,IL23R,mouse
240879,Mettl11b,149281,NTMT2,mouse
226610,Fam78b,149297,FAM78B,mouse
12477,Ctla4,1493,CTLA4,mouse
77552,Shisa4,149345,SHISA4,mouse
102058,Exoc8,149371,EXOC8,mouse
230809,Pdik1l,149420,PDIK1L,mouse
171388,Bnipl,149428,BNIPL,mouse
242653,Cldn19,149461,CLDN19,mouse
68625,Cfap57,149465,CFAP57,mouse
66451,2610528J11Rik,149466,C1orf210,mouse
381546,Ccdc24,149473,CCDC24,mouse
78611,Btbd19,149478,BTBD19,mouse
622665,Ccdc17,149483,CCDC17,mouse
74485,Lrrc71,149499,LRRC71,mouse
12385,Ctnna1,1495,CTNNA1,mouse
277744,Srarp,149563,SRARP,mouse
12386,Ctnna2,1496,CTNNA2,mouse
108660,Rnf187,149603,RNF187,mouse
15951,Ifi204,149628,PYHIN1,mouse
100040462,Mndal,149628,PYHIN1,mouse
226695,Ifi205,149628,PYHIN1,mouse
26388,Ifi202b,149628,PYHIN1,mouse
381308,Ifi211,149628,PYHIN1,mouse
75558,Spata45,149643,SPATA45,mouse
619288,Garin4,149647,GARIN4,mouse
246747,Adig,149685,ADIG,mouse
68236,Gtsf1l,149699,GTSF1L,mouse
83429,Ctns,1497,CTNS,mouse
209232,Wfdc5,149708,WFDC5,mouse
56802,Gnasas1,149775,GNAS-AS1,mouse
73747,Shld1,149840,SHLD1,mouse
12387,Ctnnb1,1499,CTNNB1,mouse
99311,Commd7,149951,COMMD7,mouse
381399,Bpifb4,149954,BPIFB4,mouse
241846,Lsm14b,149986,LSM14B,mouse
320355,Lipi,149998,LIPI,mouse
11298,Aanat,15,AANAT,mouse
11551,Adra2a,150,ADRA2A,mouse
12388,Ctnnd1,1500,CTNND1,mouse
385668,Lca5l,150082,LCA5L,mouse
72058,Igsf5,150084,IGSF5,mouse
17691,Sik1,150094,SIK1,mouse
18163,Ctnnd2,1501,CTNND2,mouse
74446,Slc9b1,150159,SLC9B1,mouse
242891,Cct8l1,150160,CCT8L2,mouse
72168,Aifm3,150209,AIFM3,mouse
239731,Rimbp3,150221,RIMBP3C,mouse
69101,Ydjc,150223,YDJC,mouse
333670,Gm867,150248,C22orf15,mouse
100900,Hscb,150274,HSCB,mouse
104479,Ccdc117,150275,CCDC117,mouse
75828,Hormad2,150280,HORMAD2,mouse
75219,Dusp18,150290,DUSP18,mouse
51797,Ctps,1503,CTPS1,mouse
383075,Enthd1,150350,ENTHD1,mouse
57755,Dnajb7,150353,DNAJB7,mouse
214685,Chadl,150356,CHADL,mouse
74369,Mei1,150365,MEI1,mouse
338368,Pheta2,150368,PHETA2,mouse
74039,Nfam1,150372,NFAM1,mouse
75772,Pnpla5,150379,PNPLA5,mouse
72355,Cdpf1,150383,CDPF1,mouse
69737,Ttl,150465,TTL,mouse
70466,Ckap2l,150468,CKAP2L,mouse
226043,Cbwd1,150472,CBWD2,mouse
71840,Tekt4,150483,TEKT4,mouse
12180,Smyd1,150572,SMYD1,mouse
109660,Ctrl,1506,CTRL,mouse
260301,Otos,150677,OTOS,mouse
66915,Cops9,150678,COPS9,mouse
259041,Olfr1414,150681,OR6B3,mouse
258228,Olfr1415,150681,OR6B3,mouse
259040,Olfr1416,150681,OR6B3,mouse
17846,Commd1,150684,COMMD1,mouse
192212,Prom2,150696,PROM2,mouse
319695,Ankar,150709,ANKAR,mouse
330369,Fbxo41,150726,FBXO41,mouse
620631,Ttc30a2,150737,TTC30B,mouse
72421,Ttc30b,150737,TTC30B,mouse
78802,Ttc30a1,150737,TTC30B,mouse
215456,Gpat2,150763,GPAT2,mouse
73338,Itpripl1,150771,ITPRIPL1,mouse
19346,Rab6a,150786,RAB6D,mouse
13030,Ctsb,1508,CTSB,mouse
72750,Fam117b,150864,FAM117B,mouse
13033,Ctsd,1509,CTSD,mouse
69852,Tcf23,150921,TCF23,mouse
242915,Garem2,150946,GAREM2,mouse
74467,Pus10,150962,PUS10,mouse
11552,Adra2b,151,ADRA2B,mouse
13034,Ctse,1510,CTSE,mouse
103080,Septin10,151011,SEPTIN10,mouse
68691,Kansl1l,151050,KANSL1L,mouse
665270,Plb1,151056,PLB1,mouse
13035,Ctsg,1511,CTSG,mouse
71861,Zswim2,151112,ZSWIM2,mouse
241494,Zfp385b,151126,ZNF385B,mouse
227358,Erfe,151176,ERFE,mouse
65103,Arl6ip6,151188,ARL6IP6,mouse
67099,Mettl21a,151194,METTL21A,mouse
227210,Ccnyl1,151195,CCNYL1,mouse
13036,Ctsh,1512,CTSH,mouse
277396,Klhl23,151230,KLHL23|PHOSPHO2-KLHL23,mouse
75276,Ppp1r1c,151242,PPP1R1C,mouse
244495,Sgo2b,151246,SGO2,mouse
68549,Sgo2a,151246,SGO2,mouse
73463,C2cd6,151254,C2CD6,mouse
320106,Slc38a11,151258,SLC38A11,mouse
22626,Slc23a3,151295,SLC23A3,mouse
13038,Ctsk,1513,CTSK,mouse
227289,Gpbar1,151306,GPBAR1,mouse
68126,Fahd2a,151313,FAHD2B,mouse
105005,Lratd1,151354,LRATD1,mouse
381110,Rmdn2,151393,RMDN2,mouse
13039,Ctsl,1514,CTSL,mouse
117066,Cts3,1514,CTSL,mouse
218275,BC051665,1514,CTSL,mouse
26898,Ctsj,1514,CTSL,mouse
56094,Cts8,1514,CTSL,mouse
64139,Ctsm,1514,CTSL,mouse
238057,Gdf7,151449,GDF7,mouse
71781,Slc16a14,151473,SLC16A14,mouse
13039,Ctsl,1515,CTSV,mouse
73390,Msl3l2,151507,MSL3P1,mouse
67855,Asprv1,151516,ASPRV1|PCBP1-AS1,mouse
72137,Wdsub1,151525,WDSUB1,mouse
76654,Upp2,151531,UPP2,mouse
68526,Gpr155,151556,GPR155,mouse
67120,Ttc14,151613,TTC14,mouse
209200,Dtx3l,151636,DTX3L,mouse
320701,Tafa4,151647,TAFA4,mouse
72415,Sgo1,151648,SGO1,mouse
110332,Pp2d1,151649,PP2D1,mouse
211482,Efhb,151651,EFHB,mouse
242083,Ppm1l,151742,PPM1L,mouse
213248,Wdr49,151790,WDR49,mouse
71827,Lrrc34,151827,LRRC34,mouse
211232,Cpne9,151835,CPNE9,mouse
73703,Dppa2,151871,DPPA2,mouse
67896,Ccdc80,151887,CCDC80,mouse
208154,Btla,151888,BTLA,mouse
229445,Ctso,1519,CTSO,mouse
72654,Ccdc12,151903,CCDC12,mouse
239796,Mb21d2,151963,MB21D2,mouse
232314,Ppp4r2,151987,PPP4R2,mouse
11553,Adra2c,152,ADRA2C,mouse
13040,Ctss,1520,CTSS,mouse
268880,Xxylt1,152002,XXYLT1,mouse
73469,Rnf38,152006,RNF38,mouse
384009,Glipr2,152007,GLIPR2,mouse
76378,Ropn1,152015,ROPN1B,mouse
243535,BC048671,152065,C3orf22,mouse
100039681,Zcwpw2,152098,ZCWPW2,mouse
13041,Ctsw,1521,CTSW,mouse
67899,Cmc1,152100,CMC1,mouse
674895,Nek10,152110,NEK10,mouse
67501,Ccdc50,152137,CCDC50,mouse
212514,Spice1,152185,SPICE1,mouse
70031,Cmtm8,152189,CMTM8,mouse
64138,Ctsz,1522,CTSZ,mouse
100502861,Ccdc13,152206,CCDC13,mouse
106264,0610012G03Rik,152217,NCBP2AS2,mouse
232237,Fgd5,152273,FGD5,mouse
13047,Cux1,1523,CUX1,mouse
269784,Cntn4,152330,CNTN4,mouse
13051,Cx3cr1,1524,CX3CR1,mouse
207683,Igsf11,152404,IGSF11,mouse
74663,Tex55,152405,TEX55,mouse
622675,Zfp827,152485,ZNF827,mouse
13052,Cxadr,1525,CXADR,mouse
382097,Gm1123,1525,CXADR,mouse
27059,Sh3d19,152503,SH3D19,mouse
100978,Nfxl1,152518,NFXL1,mouse
70701,Nipal1,152519,NIPAL1,mouse
231474,Paqr3,152559,PAQR3,mouse
330096,Shisa3,152573,SHISA3,mouse
212986,Scfd2,152579,SCFD2,mouse
67555,Mgat4d,152586,MGAT4D,mouse
102640477,Gm14412,152687,ZNF595,mouse
102635315,Gm32687,152687,ZNF595,mouse
22746,Zfp85,152687,ZNF595,mouse
238693,Zfp58,152687,ZNF595,mouse
218314,Zfp595,152687,ZNF595,mouse
238692,Zfp874a,152687,ZNF595,mouse
233987,Zfp958,152687,ZNF595,mouse
76803,Zfp998,152687,ZNF595,mouse
668620,Zfp936,152687,ZNF595,mouse
385380,Tex28,1527,TEX28,mouse
76071,Jakmip1,152789,JAKMIP1,mouse
109672,Cyb5a,1528,CYB5A,mouse
381651,Odaph,152816,ODAPH,mouse
83379,Klb,152831,KLB,mouse
74504,Fam53a,152877,FAM53A,mouse
243382,Ppm1k,152926,PPM1K,mouse
100233207,Gm17359,152940,C4orf45,mouse
78890,Trmt44,152992,TRMT44,mouse
11554,Adrb1,153,ADRB1,mouse
320292,A930011G23Rik|Rasgef1b,153020,RASGEF1B,mouse
69601,Dab2ip,153090,DAB2IP,mouse
268706,Slc38a9,153129,SLC38A9,mouse
246049,Slc36a2,153201,SLC36A2,mouse
100038417,Spink13,153218,SPINK13,mouse
77128,Crebrf,153222,CREBRF,mouse
225523,Cep120,153241,CEP120,mouse
328258,Slc25a48,153328,SLC25A48,mouse
66074,Tmem167,153339,TMEM167A,mouse
72852,Mblac2,153364,MBLAC2,mouse
72745,Tmem161b,153396,TMEM161B,mouse
13056,Cyb561,1534,CYB561,mouse
67222,Srfbp1,153443,SRFBP1,mouse
13057,Cyba,1535,CYBA,mouse
66492,Zmat2,153527,ZMAT2,mouse
218518,Marveld2,153562,MARVELD2,mouse
16372,Irx2,153572,IRX2,mouse
237754,Btnl9,153579,BTNL9,mouse
13058,Cybb,1536,CYBB,mouse
77041,Arsk,153642,ARSK,mouse
238726,Fam81b,153643,FAM81B,mouse
75777,Ttc23l,153657,TTC23L,mouse
66445,Cyc1,1537,CYC1,mouse
240261,Ccdc112,153733,CCDC112,mouse
66849,Ppp1r2,153743,PPP1R2B,mouse
432552,Garin3,153745,GARIN3,mouse
77619,Prelid2,153768,PRELID2,mouse
269016,Sh3rf2,153769,SH3RF2,mouse
69401,Plac8l1,153770,PLAC8L1,mouse
67407,Cylc1,1538,CYLC1,mouse
74315,Rnf145,153830,RNF145,mouse
74914,Cylc2,1539,CYLC2,mouse
11555,Adrb2,154,ADRB2,mouse
74256,Cyld,1540,CYLD,mouse
67797,Snrnp48,154007,SNRNP48,mouse
215748,Cnksr3,154043,CNKSR3,mouse
19368,Raet1a|Raet1b|Raet1c|Raet1d,154064,RAET1L,mouse
19369,Raet1a|Raet1b|Raet1c|Raet1d,154064,RAET1L,mouse
56554,Raet1a|Raet1b|Raet1c|Raet1d,154064,RAET1L,mouse
379043,Raet1e,154064,RAET1L,mouse
268288,Samd3,154075,SAMD3,mouse
353169,Slc2a12,154091,SLC2A12,mouse
218121,Mboat1,154141,MBOAT1,mouse
15192,Hdgfl1,154150,HDGFL1,mouse
240023,Pnldc1,154197,PNLDC1,mouse
268291,Rnf217,154214,RNF217,mouse
432450,Nkain2,154215,NKAIN2,mouse
66991,Khdc3,154288,KHDC3L,mouse
13076,Cyp1a1,1543,CYP1A1,mouse
69329,Cfap206,154313,CFAP206,mouse
13077,Cyp1a2,1544,CYP1A2,mouse
68597,Ccdc167,154467,CCDC167,mouse
13078,Cyp1b1,1545,CYP1B1,mouse
242819,Rundc3b,154661,RUNDC3B,mouse
268379,Abca13,154664,ABCA13,mouse
101148,Bmt2,154743,BMT2,mouse
665180,Clec2l,154790,CLEC2L,mouse
66117,Fmc1,154791,FMC1,mouse
27494,Amot,154796,AMOT,mouse
13086,Cyp2a4,1548,CYP2A6,mouse
13085,Cyp2a12,1548,CYP2A6,mouse
13087,Cyp2a5,1548,CYP2A6,mouse
233005,Cyp2a22,1548,CYP2A6,mouse
69568,Vkorc1l1,154807,VKORC1L1,mouse
75723,Amotl1,154810,AMOTL1,mouse
214704,Iqub,154865,IQUB,mouse
212919,Kctd7,154881,KCTD7,mouse
13086,Cyp2a4,1549,CYP2A7,mouse
13087,Cyp2a5,1549,CYP2A7,mouse
13085,Cyp2a12,1549,CYP2A7,mouse
233005,Cyp2a22,1549,CYP2A7,mouse
11556,Adrb3,155,ADRB3,mouse
77522,Tmem213,155006,TMEM213,mouse
243374,Gimap8,155038,GIMAP8,mouse
214301,Crygn,155051,CRYGN,mouse
69228,Zfp746,155061,ZNF746,mouse
76252,Atp6v0e2,155066,ATP6V0E2,mouse
13113,Cyp3a13,1551,CYP3A7,mouse
13112,Cyp3a11,1551,CYP3A7,mouse
13114,Cyp3a16,1551,CYP3A7,mouse
100041449,Cyp3a59,1551,CYP3A7,mouse
100041375,Cyp3a41b,1551,CYP3A7,mouse
622127,Cyp3a57,1551,CYP3A7,mouse
56388,Cyp3a25,1551,CYP3A7,mouse
53973,Cyp3a41a,1551,CYP3A7,mouse
337924,Cyp3a44,1551,CYP3A7,mouse
435818,Slc2a7,155184,SLC2A7,mouse
231842,Amz1,155185,AMZ1,mouse
13086,Cyp2a4,1553,CYP2A13,mouse
13085,Cyp2a12,1553,CYP2A13,mouse
13087,Cyp2a5,1553,CYP2A13,mouse
233005,Cyp2a22,1553,CYP2A13,mouse
79565,Mettl27,155368,METTL27,mouse
194309,Vps37d,155382,VPS37D,mouse
381626,Rbm33,155435,RBM33,mouse
403205,Agr3,155465,AGR3,mouse
13094,Cyp2b9,1555,CYP2B6,mouse
13089,Cyp2b13,1555,CYP2B6,mouse
13090,Cyp2b19,1555,CYP2B6,mouse
13088,Cyp2b10,1555,CYP2B6,mouse
243881,Cyp2b23,1555,CYP2B6,mouse
13099,Cyp2c40,1558,CYP2C8,mouse
100043108,Cyp2c69,1558,CYP2C8,mouse
13096,Cyp2c37,1558,CYP2C8,mouse
107141,Cyp2c50,1558,CYP2C8,mouse
433247,Cyp2c68,1558,CYP2C8,mouse
404195,Cyp2c54,1558,CYP2C8,mouse
545288,Cyp2c67,1558,CYP2C8,mouse
69888,Cyp2c66,1558,CYP2C8,mouse
72303,Cyp2c65,1558,CYP2C8,mouse
13096,Cyp2c37,1559,CYP2C9,mouse
13097,Cyp2c38,1559,CYP2C9,mouse
13095,Cyp2c29,1559,CYP2C9,mouse
13098,Cyp2c39,1559,CYP2C9,mouse
107141,Cyp2c50,1559,CYP2C9,mouse
110355,Grk2,156,GRK2,mouse
13097,Cyp2c38,1562,CYP2C18,mouse
13098,Cyp2c39,1562,CYP2C18,mouse
13096,Cyp2c37,1562,CYP2C18,mouse
13095,Cyp2c29,1562,CYP2C18,mouse
107141,Cyp2c50,1562,CYP2C18,mouse
72082,Cyp2c55,1562,CYP2C18,mouse
13105,Cyp2d9,1565,CYP2D6|LOC107987478|LOC107987479,mouse
13101,Cyp2d10,1565,CYP2D6|LOC107987478|LOC107987479,mouse
223706,Cyp2d34,1565,CYP2D6|LOC107987478|LOC107987479,mouse
56448,Cyp2d22,1565,CYP2D6|LOC107987478|LOC107987479,mouse
545123,Cyp2d11,1565,CYP2D6|LOC107987478|LOC107987479,mouse
380997,Cyp2d12,1565,CYP2D6|LOC107987478|LOC107987479,mouse
68444,Cyp2d13,1565,CYP2D6|LOC107987478|LOC107987479,mouse
76279,Cyp2d26,1565,CYP2D6|LOC107987478|LOC107987479,mouse
71754,Cyp2d40,1565,CYP2D6|LOC107987478|LOC107987479,mouse
320129,Grk3,157,GRK3,mouse
13106,Cyp2e1,1571,CYP2E1,mouse
13107,Cyp2f2,1572,CYP2F1,mouse
244418,Prag1,157285,PRAG1,mouse
13110,Cyp2j6,1573,CYP2J2,mouse
13109,Cyp2j5,1573,CYP2J2,mouse
100066,Cyp2j11,1573,CYP2J2,mouse
230459,Cyp2j13,1573,CYP2J2,mouse
242546,Cyp2j12,1573,CYP2J2,mouse
546837,Cyp2j7,1573,CYP2J2,mouse
74519,Cyp2j9,1573,CYP2J2,mouse
665095,Cyp2j8,1573,CYP2J2,mouse
73523,Pebp4,157310,PEBP4,mouse
108912,Cdca2,157313,CDCA2,mouse
74868,Tmem65,157378,TMEM65,mouse
98711,Rdh10,157506,RDH10,mouse
125488414,Zftraf1|Gm57852,157542,TMEM276-ZFTRAF1,mouse
68839,Ankrd46,157567,ANKRD46,mouse
71988,Esco2,157570,ESCO2,mouse
50759,Fbxo16,157574,FBXO16,mouse
13114,Cyp3a16,1576,CYP3A4,mouse
100041449,Cyp3a59,1576,CYP3A4,mouse
100041375,Cyp3a41b,1576,CYP3A4,mouse
13112,Cyp3a11,1576,CYP3A4,mouse
13113,Cyp3a13,1576,CYP3A4,mouse
337924,Cyp3a44,1576,CYP3A4,mouse
56388,Cyp3a25,1576,CYP3A4,mouse
622127,Cyp3a57,1576,CYP3A4,mouse
53973,Cyp3a41a,1576,CYP3A4,mouse
268755,Mir124a-1hg,157627,MIR124-1HG,mouse
399603,Lratd2,157638,LRATD2,mouse
67157,Cfap418,157657,CFAP418,mouse
666173,Vps13b,157680,VPS13B,mouse
72148,Tdrp,157695,TDRP,mouse
234086,Erich1,157697,ERICH1,mouse
100041375,Cyp3a41b,1577,CYP3A5,mouse
13112,Cyp3a11,1577,CYP3A5,mouse
13113,Cyp3a13,1577,CYP3A5,mouse
13114,Cyp3a16,1577,CYP3A5,mouse
100041449,Cyp3a59,1577,CYP3A5,mouse
53973,Cyp3a41a,1577,CYP3A5,mouse
337924,Cyp3a44,1577,CYP3A5,mouse
56388,Cyp3a25,1577,CYP3A5,mouse
622127,Cyp3a57,1577,CYP3A5,mouse
74087,Slc7a13,157724,SLC7A13,mouse
58865,Tdh,157739,TDH,mouse
239408,Tmem74,157753,TMEM74,mouse
210998,Fam91a1,157769,FAM91A1,mouse
621080,AI429214,157773,C8orf48,mouse
240697,Mcmdc2,157777,MCMDC2,mouse
74438,Clvs1,157807,CLVS1,mouse
74561,Nkx6-3,157848,NKX6-3,mouse
16532,Kcnu1,157855,KCNU1,mouse
226866,Sbspon,157869,SBSPON,mouse
13118,Cyp4a12b,1579,CYP4A11,mouse
13117,Cyp4a10,1579,CYP4A11,mouse
13119,Cyp4a14,1579,CYP4A11,mouse
100040843,Cyp4a32,1579,CYP4A11,mouse
277753,Cyp4a12a,1579,CYP4A11,mouse
435802,Cyp4a30b,1579,CYP4A11,mouse
666168,Cyp4a31,1579,CYP4A11,mouse
227634,Camsap1,157922,CAMSAP1,mouse
11564,Adsl,158,ADSL,mouse
13120,Cyp4b1,1580,CYP4B1,mouse
242384,Lingo2,158038,LINGO2,mouse
75124,Nxnl2,158046,NXNL2,mouse
381352,Mamdc4,158056,MAMDC4,mouse
620709,Lcn6,158062,LCN6,mouse
68870,Ak8,158067,AK8,mouse
13122,Cyp7a1,1581,CYP7A1,mouse
258616,Olfr357,158131,OR1Q1,mouse
74410,Ttll11,158135,TTLL11,mouse
242505,Rasef,158158,RASEF,mouse
13124,Cyp8b1,1582,CYP8B1,mouse
69863,Ttc39b,158219,TTC39B,mouse
69934,Trmt10b,158234,TRMT10B,mouse
338348,Ttc16,158248,TTC16,mouse
75811,Saxo1,158297,SAXO1,mouse
13070,Cyp11a1,1583,CYP11A1,mouse
329872,Frem1,158326,FREM1,mouse
240613,9930021J03Rik,158358,KIAA2026,mouse
71406,Spaar,158376,SPAAR,mouse
320571,Atp8b5,158381,ATP8B5P,mouse
100041581,Zkscan16,158399,ZNF483,mouse
110115,Cyp11b1,1584,CYP11B1,mouse
13072,Cyp11b2,1584,CYP11B1,mouse
100155,Shoc1,158401,SHOC1,mouse
230259,E130308A19Rik,158405,KIAA1958,mouse
272027,Tstd2,158427,TSTD2,mouse
353211,Prune2,158471,PRUNE2,mouse
110115,Cyp11b1,1585,CYP11B2,mouse
13072,Cyp11b2,1585,CYP11B2,mouse
104836,Cbll1,158506,CBLL2,mouse
207854,Fmr1nb,158521,FMR1NB,mouse
668166,Zxdb,158586,ZXDB,mouse
13074,Cyp17a1,1586,CYP17A1,mouse
11497,Adam3,1587,ADAM3A,mouse
70864,Fam47c,158724,FAM47A,mouse
76763,Mospd2,158747,MOSPD2,mouse
75404,Arhgap36,158763,ARHGAP36,mouse
66611,Ribc1,158787,RIBC1,mouse
434756,Akap14,158798,AKAP14,mouse
13075,Cyp19a1,1588,CYP19A1,mouse
194738,Rhox11,158800,RHOXF1,mouse
382282,Rhox12,158800,RHOXF1,mouse
434769,Rhox10,158800,RHOXF1,mouse
73614,Rhox13,158800,RHOXF1,mouse
17147,Mageb3,158809,MAGEB6,mouse
245536,Gm614,158830,CXorf65,mouse
245533,Awat1,158833,AWAT1,mouse
245532,Awat2,158835,AWAT2,mouse
108672,Zdhhc15,158866,ZDHHC15,mouse
635253,Usp51,158880,USP51,mouse
13079,Cyp21a1,1589,CYP21A2,mouse
594844,Tceal3,158931,TCEAL6,mouse
331532,Tceal5,158931,TCEAL6,mouse
66104,Tceal6,158931,TCEAL6,mouse
69389,H2bw2,158983,H2BW1,mouse
11566,Adss,159,ADSS2,mouse
13079,Cyp21a1,1590,CYP21A1P,mouse
69155,1810030O07Rik,159013,CXorf38,mouse
78755,Fam122b,159090,PABIR2,mouse
73866,Fam122c,159091,PABIR3,mouse
13081,Cyp24a1,1591,CYP24A1,mouse
78787,Usp54,159195,USP54,mouse
13082,Cyp26a1,1592,CYP26A1,mouse
18089,Nkx2-3,159296,NKX2-3,mouse
104086,Cyp27a1,1593,CYP27A1,mouse
240660,Slc35g1,159371,SLC35G1,mouse
13115,Cyp27b1,1594,CYP27B1,mouse
13121,Cyp51,1595,CYP51A1,mouse
381229,Cfap58,159686,CFAP58,mouse
241612,Slc5a12,159963,SLC5A12,mouse
234964,Deup1,159989,DEUP1,mouse
234734,Aars1,16,AARS1,mouse
11771,Ap2a1,160,AP2A1,mouse
13131,Dab1,1600,DAB1,mouse
100312987,Pate1,160065,PATE1,mouse
13132,Dab2,1601,DAB2|LOC112267931,mouse
75311,4930550C14Rik,160140,C11orf65,mouse
13134,Dach1,1602,DACH1,mouse
106557,Ldhal6b,160287,LDHAL6A,mouse
100503879,Gm5901,160298,C11orf42,mouse
13135,Dad1,1603,DAD1,mouse
278279,Tmtc2,160335,TMTC2,mouse
232413,Clec12a,160364,CLEC12A,mouse
13136,Cd55,1604,CD55,mouse
13137,Cd55b,1604,CD55,mouse
237500,Tmtc3,160418,TMTC3,mouse
66605,1700017N19Rik,160419,C12orf50,mouse
216188,Aldh1l2,160428,ALDH1L2,mouse
74071,Lmntd1,160492,LMNTD1,mouse
13138,Dag1,1605,DAG1,mouse
320560,Dennd5b,160518,DENND5B,mouse
13139,Dgka,1606,DGKA,mouse
56149,Tamalin,160622,TAMALIN,mouse
217480,Dgkb,1607,DGKB,mouse
216225,Slc5a8,160728,SLC5A8,mouse
320717,Pptc7,160760,PPTC7,mouse
330188,Ccdc63,160762,CCDC63,mouse
269693,Ccdc60,160777,CCDC60,mouse
110197,Dgkg,1608,DGKG,mouse
380921,Dgkh,160851,DGKH,mouse
108811,Ccdc122,160857,CCDC122,mouse
58245,Gpr180,160897,GPR180,mouse
110524,Dgkq,1609,DGKQ,mouse
11772,Ap2a2,161,AP2A2,mouse
13142,Dao,1610,DAO,mouse
229277,Stoml3,161003,STOML3,mouse
223453,Dap,1611,DAP,mouse
70897,Garin2,161142,GARIN2,mouse
268567,Tmem229b,161145,TMEM229B,mouse
212073,Syne3,161176,SYNE3,mouse
66864,Clec14a,161198,CLEC14A,mouse
69635,Dapk1,1612,DAPK1,mouse
68680,Fitm1,161247,FITM1,mouse
140743,Rem2,161253,REM2,mouse
238257,Tmem30b,161291,TMEM30B,mouse
13144,Dapk3,1613,DAPK3,mouse
320772,Mdga2,161357,MDGA2,mouse
238333,Samd15,161394,SAMD15,mouse
67842,Nop9,161424,NOP9,mouse
319670,Eml5,161436,EML5,mouse
140476,Strc,161497,STRC,mouse
226414,Dars,1615,DARS1,mouse
75556,Cfap161,161502,CFAP161,mouse
74286,Tbc1d21,161514,TBC1D21,mouse
67685,Dnaaf4,161582,DNAAF4,mouse
13163,Daxx,1616,DAXX|SMIM40,mouse
170711,Otud7a,161725,OTUD7A,mouse
114715,Spred1,161742,SPRED1,mouse
382075,Cimap1c,161753,ODF3L1,mouse
13164,Dazl,1618,DAZL,mouse
75894,Adal,161823,ADAL,mouse
241624,Exd1,161829,EXD1,mouse
71313,Fsip1,161835,FSIP1,mouse
22761,Zfpm1,161882,ZFPM1,mouse
75773,Adad2,161931,ADAD2,mouse
11764,Ap1b1,162,AP1B1,mouse
56710,Brinp1,1620,BRINP1,mouse
319622,Itpripl2,162073,ITPRIPL2,mouse
13166,Dbh,1621,DBH,mouse
13167,Dbi,1622,DBI,mouse
22640,Zfp1,162239,ZFP1,mouse
382543,Ankfn1,162282,ANKFN1,mouse
632687,Marchf10,162333,MARCHF10,mouse
215723,Mfsd6l,162387,MFSD6L,mouse
327978,Slfn5,162394,SLFN5,mouse
217214,Nags,162417,NAGS,mouse
67998,Retreg3,162427,RETREG3,mouse
544806,Tmem92,162461,TMEM92,mouse
237928,Phospho1,162466,PHOSPHO1,mouse
246104,Rhbdl3,162494,RHBDL3,mouse
246788,Trpv3,162514,TRPV3,mouse
216867,Slc16a11,162515,SLC16A11,mouse
628100,Fbxo39,162517,FBXO39,mouse
70843,Krt28,162605,KRT28,mouse
432769,Zfp708,162655,ZNF519,mouse
407812,Zfp941,162655,ZNF519,mouse
269033,4930503L19Rik,162681,C18orf54,mouse
56320,Dbn1,1627,DBN1,mouse
13170,Dbp,1628,DBP,mouse
13171,Dbt,1629,DBT,mouse
100216455,Gm14124,162962,ZNF836,mouse
102640477,Gm14412,162962,ZNF836,mouse
22688,Zfp26,162962,ZNF836,mouse
381067,Zfp229,162962,ZNF836,mouse
630579,Zfp808,162962,ZNF836,mouse
22767,Zfy1,162963,ZNF610,mouse
22768,Zfy2,162963,ZNF610,mouse
100216455,Gm14124,162966,ZNF600,mouse
238690,Zfp458,162966,ZNF600,mouse
431706,Zfp457,162966,ZNF600,mouse
667666,Zfp600,162966,ZNF600,mouse
100271882,Zfp1004,162967,ZNF320,mouse
210503,Zfp677,162967,ZNF320,mouse
24132,Zfp53,162967,ZNF320,mouse
208111,Zfp976,162967,ZNF320,mouse
380850,Gm5141,162967,ZNF320,mouse
545471,Zfp345,162967,ZNF320,mouse
408062,Zfp873,162967,ZNF320,mouse
77117,Zfp934,162967,ZNF320,mouse
63872,Zfp296,162979,ZNF296,mouse
67379,Dedd2,162989,DEDD2,mouse
244721,Zfp846,162993,ZNF846|LOC100505555,mouse
71770,Ap2b1,163,AP2B1,mouse
13176,Dcc,1630,DCC,mouse
68490,Zfp579,163033,ZNF579,mouse
244556,Zfp791,163049,ZNF791,mouse
619310,Zfp872,163051,ZNF709,mouse
73729,Zfp383,163087,ZNF383,mouse
386655,Eid2,163126,EID2,mouse
338354,Zfp780b,163131,ZNF780B,mouse
73430,Zfp974,163131,ZNF780B,mouse
71163,Zfp626,163131,ZNF780B,mouse
100504446,Prr22,163154,PRR22,mouse
243914,Lgi4,163175,LGI4,mouse
233066,Syne4,163183,SYNE4,mouse
13177,Eci1,1632,ECI1,mouse
100216455,Gm14124,163223,ZNF676,mouse
667666,Zfp600,163223,ZNF676,mouse
329727,Dennd2c,163259,DENND2C,mouse
13178,Dck,1633,DCK,mouse
100702,Gbp6,163351,GBP6,mouse
17472,Gbp4,163351,GBP6,mouse
236573,Gbp9,163351,GBP6,mouse
626578,Gbp10,163351,GBP6,mouse
634650,Gbp11,163351,GBP6,mouse
76074,Gbp8,163351,GBP6,mouse
13179,Dcn,1634,DCN,mouse
75769,Plppr5,163404,PLPPR5,mouse
320181,Fndc7,163479,FNDC7,mouse
329260,Dennd1b,163486,DENND1B,mouse
320685,Dctd,1635,DCTD,mouse
214575,Tdrd5,163589,TDRD5,mouse
240832,Tor1aip2,163590,TOR1AIP2,mouse
11421,Ace,1636,ACE,mouse
242700,Ifnlr1,163702,IFNLR1,mouse
56222,Cited4,163732,CITED4,mouse
242602,Lexm,163747,LEXM,mouse
229562,Sprr4,163778,SPRR4,mouse
242553,Kank4,163782,KANK4,mouse
72776,Sass6,163786,SASS6,mouse
13190,Dct,1638,DCT,mouse
208768,Sde2,163859,SDE2,mouse
226744,Cnst,163882,CNST,mouse
13191,Dctn1,1639,DCTN1,mouse
625638,Fam43b,163933,FAM43B,mouse
11765,Ap1g1,164,AP1G1,mouse
330149,Hfm1,164045,HFM1,mouse
71904,Paqr7,164091,PAQR7,mouse
13193,Dcx,1641,DCX,mouse
214191,Ttc24,164118,TTC24,mouse
433386,Ccdc185,164127,CCDC185,mouse
67591,Ubl4b,164153,UBL4B,mouse
13194,Ddb1,1642,DDB1,mouse
408190,Wfdc13,164237,WFDC13,mouse
107986,Ddb2,1643,DDB2,mouse
320974,Lrrn4,164312,LRRN4,mouse
69294,Cst13,164380,CST13P,mouse
74711,Ttll9,164395,TTLL9,mouse
13195,Ddc,1644,DDC,mouse
105387,Akr1c14,1645,AKR1C1,mouse
105349,Akr1c18,1645,AKR1C1,mouse
116852,Akr1c20,1645,AKR1C1,mouse
622402,Akr1c12,1645,AKR1C1,mouse
432720,Akr1c19,1645,AKR1C1,mouse
27384,Akr1c13,1645,AKR1C1,mouse
77337,Akr1c21,1645,AKR1C1,mouse
83702,Akr1c6,1645,AKR1C1,mouse
70861,Akr1cl,1645,AKR1C1,mouse
76872,Ccdc116,164592,CCDC116,mouse
105387,Akr1c14,1646,AKR1C2,mouse
116852,Akr1c20,1646,AKR1C2,mouse
105349,Akr1c18,1646,AKR1C2,mouse
432720,Akr1c19,1646,AKR1C2,mouse
27384,Akr1c13,1646,AKR1C2,mouse
622402,Akr1c12,1646,AKR1C2,mouse
70861,Akr1cl,1646,AKR1C2,mouse
77337,Akr1c21,1646,AKR1C2,mouse
83702,Akr1c6,1646,AKR1C2,mouse
192650,Cabp7,164633,CABP7,mouse
71753,Tmprss6,164656,TMPRSS6,mouse
80287,Apobec3,164668,APOBEC3H,mouse
74716,Wbp2nl,164684,WBP2NL,mouse
13197,Gadd45a,1647,GADD45A,mouse
239591,Ttll8,164714,TTLL8,mouse
71227,Daw1,164781,DAW1,mouse
381338,Lonrf2,164832,LONRF2,mouse
13198,Ddit3,1649,DDIT3,mouse
11568,Aebp1,165,AEBP1,mouse
13200,Ddost,1650,DDOST,mouse
76138,Ccdc138,165055,CCDC138,mouse
381628,Adgrf3,165082,ADGRF3,mouse
71863,Tex44,165100,TEX44,mouse
320159,Togaram2,165186,TOGARAM2,mouse
13202,Ddt,1652,DDT|DDTL,mouse
241520,Fam171b,165215,FAM171B,mouse
226359,C1ql2,165257,C1QL2,mouse
104721,Ddx1,1653,DDX1,mouse
217379,Ubxn2a,165324,UBXN2A,mouse
13205,Ddx3x,1654,DDX3X,mouse
13207,Ddx5,1655,DDX5,mouse
51811,Clec4f,165530,CLEC4F,mouse
93838,Dqx1,165545,DQX1,mouse
13209,Ddx6,1656,DDX6,mouse
66183,Sptssb,165679,SPTSSB,mouse
240283,Dmxl1,1657,DMXL1,mouse
56691,Dnajb8,165721,DNAJB8,mouse
239845,Gpr156,165829,GPR156,mouse
217207,Dhx8,1659,DHX8,mouse
22437,Xirp1,165904,XIRP1,mouse
70238,Rnf168,165918,RNF168,mouse
14797,Tle5,166,TLE5,mouse
13211,Dhx9,1660,DHX9,mouse
71797,Chst13,166012,CHST13,mouse
77591,Ddx10,1662,DDX10,mouse
320209,Ddx11,1663,DDX11,mouse
243548,Prickle2,166336,PRICKLE2,mouse
74589,Kbtbd12,166348,KBTBD12,mouse
57815,Spata5,166378,SPATA5,mouse
241950,Bbs12,166379,BBS12,mouse
13204,Dhx15,1665,DHX15,mouse
67460,Decr1,1666,DECR1,mouse
70762,Dclk2,166614,DCLK2,mouse
70693,Adgra3,166647,ADGRA3,mouse
234329,Trim60,166655,TRIM60,mouse
333315,Frem3,166752,FREM3,mouse
109136,Mmaa,166785,MMAA,mouse
75079,Zbtb49,166793,ZBTB49,mouse
68140,Tigd2,166815,TIGD2,mouse
73246,Rassf6,166824,RASSF6,mouse
633285,Rbm46,166863,RBM46,mouse
74442,Sgms2,166929,SGMS2,mouse
218613,Mier3,166968,MIER3,mouse
238896,Cdc20b,166979,CDC20B,mouse
78081,Crisp4,167,CRISP1,mouse
100503970,AY761185,1671,DEFA6,mouse
100041787,Defa40,1671,DEFA6,mouse
100041811,Defa27,1671,DEFA6,mouse
503491,Defa24,1671,DEFA6,mouse
382000,Defa39,1671,DEFA6,mouse
626708,Defa26,1671,DEFA6,mouse
66298,Defa21,1671,DEFA6,mouse
105887,Ugt3a1,167127,UGT3A2,mouse
223337,Ugt3a2,167127,UGT3A2,mouse
100715,Tent2,167153,TENT2,mouse
13214,Defb1,1672,DEFB1,mouse
70640,Dcp2,167227,DCP2,mouse
116746,Defb6,1673,DEFB4A|DEFB4B,mouse
246080,Defb7,1673,DEFB4A|DEFB4B,mouse
244334,Defb8,1673,DEFB4A|DEFB4B,mouse
56519,Defb4,1673,DEFB4A|DEFB4B,mouse
27358,Defb3,1673,DEFB4A|DEFB4B,mouse
81007,Defb5,1673,DEFB4A|DEFB4B,mouse
245269,Nim1k,167359,NIM1K,mouse
13346,Des,1674,DES,mouse
66643,Lix1,167410,LIX1,mouse
238803,Zfp366,167465,ZNF366,mouse
11537,Cfd,1675,CFD,mouse
73942,Fam151b,167555,FAM151B,mouse
13347,Dffa,1676,DFFA,mouse
244954,Prss35,167681,PRSS35,mouse
75782,Lca5,167691,LCA5,mouse
13368,Dffb,1677,DFFB,mouse
30058,Timm8a1,1678,TIMM8A,mouse
94222,Olig3,167826,OLIG3,mouse
378431,Txlnb,167838,TXLNB,mouse
240025,Dact2,168002,DACT2,mouse
66931,1700010I14Rik,168090,C6orf118,mouse
67909,Galntl5,168391,GALNTL5,mouse
386611,Rnf133,168433,RNF133,mouse
218294,Cdc14b,168448,CDC14C,mouse
72123,Ccdc71l,168455,CCDC71L,mouse
171395,Pkd1l1,168507,PKD1L1,mouse
231932,Gimap7,168537,GIMAP7,mouse
68910,Zfp467,168544,ZNF467,mouse
17341,Bhlha15,168620,BHLHA15,mouse
73230,Bmper,168667,BMPER,mouse
54722,Gsdme,1687,GSDME,mouse
627049,Zfp800,168850,ZNF800,mouse
435772,Cnbd1,168975,CNBD1,mouse
12810,Coch,1690,COCH,mouse
239436,Slc30a8,169026,SLC30A8,mouse
69700,Col22a1,169044,COL22A1,mouse
66696,Snx31,169166,SNX31,mouse
100201,Tmem64,169200,TMEM64,mouse
209176,Ido2,169355,IDO2,mouse
279029,Stkld1,169436,STKLD1,mouse
240595,Kcnv2,169522,KCNV2,mouse
241327,Olfml2a,169611,OLFML2A,mouse
226040,Tmem252,169693,TMEM252,mouse
227638,Qsox2,169714,QSOX2,mouse
226075,Glis3,169792,GLIS3,mouse
56314,Zfp113,169834,ZNF883,mouse
67911,Zfp169,169841,ZNF169,mouse
213449,Tent5d,169966,TENT5D,mouse
70864,Fam47c,170062,FAM47B,mouse
245695,Tceanc,170082,TCEANC,mouse
66995,Zcchc18,170261,ZCCHC12,mouse
72693,Zcchc12,170261,ZCCHC12,mouse
11878,Arx,170302,ARX,mouse
105511,Fam170b,170370,FAM170B,mouse
69069,Tmem273,170371,TMEM273,mouse
73068,Fut11,170384,FUT11,mouse
18302,Oit3,170392,OIT3,mouse
101631,Pwwp2b,170394,PWWP2B,mouse
76900,Ssbp4,170463,SSBP4,mouse
26888,Clec4a2,170482,CLEC4C,mouse
381809,Clec4b2,170482,CLEC4C,mouse
474145,Clec4a4,170482,CLEC4C,mouse
69810,Clec4b1,170482,CLEC4C,mouse
73149,Clec4a3,170482,CLEC4C,mouse
70362,Actl10,170487,ACTL10,mouse
72162,Dhx36,170506,DHX36,mouse
16205,Gimap1,170575,GIMAP1,mouse
170458,Gpha2,170589,GPHA2,mouse
268686,S100z,170591,S100Z,mouse
66200,Commd6,170622,COMMD6,mouse
102954,Nudt10,170685,NUDT10,mouse
58242,Nudt11,170685,NUDT10,mouse
235130,Adamts15,170689,ADAMTS15,mouse
271127,Adamts16,170690,ADAMTS16,mouse
233332,Adamts17,170691,ADAMTS17,mouse
208936,Adamts18,170692,ADAMTS18,mouse
78174,Cox7b2,170712,COX7B2,mouse
14843,Gsx2,170825,GSX2,mouse
225030,Kcng3,170850,KCNG3,mouse
76448,Ppp1r18,170954,PPP1R18|LOC107987457,mouse
233058,Zfp420,170960,ZNF721,mouse
73430,Zfp974,170960,ZNF721,mouse
70615,Ankrd24,170961,ANKRD24,mouse
269800,Zfp384,171017,ZNF384,mouse
240322,Adamts19,171019,ADAMTS19,mouse
228790,Asxl1,171023,ASXL1,mouse
118449,Synpo2,171024,SYNPO2,mouse
69363,Spaca4,171169,SPACA4,mouse
228543,Rhov,171177,RHOV,mouse
22195,Ube2l3,171222,UBE2L5,mouse
101613,Nlrp6,171389,NLRP6,mouse
69634,Clybl,171425,CLYBL,mouse
22445,Xlr3a,171482,FAM9A,mouse
22446,Xlr3c,171482,FAM9A,mouse
574437,Xlr3b,171482,FAM9A,mouse
434794,Xlr4a,171482,FAM9A,mouse
27083,Xlr4b,171482,FAM9A,mouse
574438,Xlr5a,171482,FAM9A,mouse
27084,Xlr5c,171482,FAM9A,mouse
627081,Xlr5b,171482,FAM9A,mouse
72891,Xlr4c,171482,FAM9A,mouse
27084,Xlr5c,171483,FAM9B,mouse
574438,Xlr5a,171483,FAM9B,mouse
627081,Xlr5b,171483,FAM9B,mouse
22445,Xlr3a,171484,FAM9C,mouse
22446,Xlr3c,171484,FAM9C,mouse
627081,Xlr5b,171484,FAM9C,mouse
27084,Xlr5c,171484,FAM9C,mouse
27083,Xlr4b,171484,FAM9C,mouse
434794,Xlr4a,171484,FAM9C,mouse
574437,Xlr3b,171484,FAM9C,mouse
574438,Xlr5a,171484,FAM9C,mouse
72891,Xlr4c,171484,FAM9C,mouse
384724,Cyp2t4,171523,CYP2T1P,mouse
102635514,Gm6993,171546,SPTSSA,mouse
104725,Sptssa,171546,SPTSSA,mouse
19208,Ptcra,171558,PTCRA,mouse
78929,Polr3h,171568,POLR3H,mouse
106861,Abhd3,171586,ABHD3,mouse
27369,Dguok,1716,DGUOK,mouse
13360,Dhcr7,1717,DHCR7,mouse
74754,Dhcr24,1718,DHCR24,mouse
13361,Dhfr,1719,DHFR,mouse
114896,Afg3l1,172,AFG3L1P,mouse
56749,Dhodh,1723,DHODH,mouse
330817,Dhps,1725,DHPS,mouse
109754,Cyb5r3,1727,CYB5R3,mouse
18104,Nqo1,1728,NQO1,mouse
13367,Diaph1,1729,DIAPH1,mouse
280662,Afm,173,AFM,mouse
54004,Diaph2,1730,DIAPH2,mouse
54204,Septin1|Gm4532,1731,SEPTIN1,mouse
13370,Dio1,1733,DIO1,mouse
13371,Dio2,1734,DIO2,mouse
107585,Dio3,1735,DIO3,mouse
245474,Dkc1,1736,DKC1,mouse
235339,Dlat,1737,DLAT,mouse
13382,Dld,1738,DLD,mouse
13383,Dlg1,1739,DLG1,mouse
11576,Afp,174,AFP,mouse
23859,Dlg2,1740,DLG2,mouse
53310,Dlg3,1741,DLG3,mouse
13385,Dlg4,1742,DLG4,mouse
78920,Dlst,1743,DLST,mouse
13390,Dlx1,1745,DLX1,mouse
13392,Dlx2,1746,DLX2,mouse
13393,Dlx3,1747,DLX3,mouse
13394,Dlx4,1748,DLX4,mouse
13395,Dlx5,1749,DLX5,mouse
11593,Aga,175,AGA,mouse
13396,Dlx6,1750,DLX6,mouse
12945,Dmbt1,1755,DMBT1,mouse
13405,Dmd,1756,DMD,mouse
192166,Sardh,1757,SARDH,mouse
13406,Dmp1,1758,DMP1,mouse
13429,Dnm1,1759,DNM1,mouse
11595,Acan,176,ACAN,mouse
13400,Dmpk,1760,DMPK,mouse
50796,Dmrt1,1761,DMRT1,mouse
13401,Dmwd,1762,DMWD,mouse
327762,Dna2,1763,DNA2,mouse
110082,Dnah5,1767,DNAH5,mouse
330355,Dnah6,1768,DNAH6,mouse
13417,Dnah8,1769,DNAH8,mouse
11596,Ager,177,AGER,mouse
237806,Dnah9,1770,DNAH9,mouse
13419,Dnase1,1773,DNASE1,mouse
69537,Dnase1l1,1774,DNASE1L1,mouse
66705,Dnase1l2,1775,DNASE1L2,mouse
13421,Dnase1l3,1776,DNASE1L3,mouse
13423,Dnase2a|Gm38426,1777,DNASE2,mouse
13424,Dync1h1,1778,DYNC1H1,mouse
77559,Agl,178,AGL,mouse
13426,Dync1i1,1780,DYNC1I1,mouse
13427,Dync1i2,1781,DYNC1I2,mouse
234663,Dync1li2,1783,DYNC1LI2,mouse
13430,Dnm2,1785,DNM2,mouse
13433,Dnmt1,1786,DNMT1,mouse
13434,Trdmt1,1787,TRDMT1,mouse
13435,Dnmt3a,1788,DNMT3A,mouse
13436,Dnmt3b,1789,DNMT3B,mouse
21673,Dntt,1791,DNTT,mouse
330662,Dock1,1793,DOCK1,mouse
94176,Dock2,1794,DOCK2,mouse
208869,Dock3,1795,DOCK3,mouse
13448,Dok1,1796,DOK1,mouse
112403,Dxo,1797,DXO,mouse
13478,Dpagt1,1798,DPAGT1,mouse
268860,Abat,18,ABAT,mouse
13479,Dpep1,1800,DPEP1,mouse
116905,Dph1,1801,DPH1,mouse
67728,Dph2,1802,DPH2,mouse
13482,Dpp4,1803,DPP4,mouse
13483,Dpp6,1804,DPP6,mouse
56429,Dpt,1805,DPT,mouse
99586,Dpyd,1806,DPYD,mouse
64705,Dpys,1807,DPYS,mouse
12934,Dpysl2,1808,DPYSL2,mouse
22240,Dpysl3,1809,DPYSL3,mouse
11604,Agrp,181,AGRP,mouse
13486,Dr1,1810,DR1,mouse
13487,Slc26a3,1811,SLC26A3,mouse
13488,Drd1,1812,DRD1,mouse
13489,Drd2,1813,DRD2,mouse
13490,Drd3,1814,DRD3,mouse
13491,Drd4,1815,DRD4,mouse
13492,Drd5,1816,DRD5,mouse
13495,Drg2,1819,DRG2,mouse
16449,Jag1,182,JAG1,mouse
13496,Arid3a,1820,ARID3A,mouse
13497,Drp2,1821,DRP2,mouse
13498,Atn1,1822,ATN1,mouse
13505,Dsc1,1823,DSC1,mouse
13506,Dsc2,1824,DSC2,mouse
13507,Dsc3,1825,DSC3,mouse
13508,Dscam,1826,DSCAM,mouse
54720,Rcan1,1827,RCAN1,mouse
13510,Dsg1a,1828,DSG1,mouse
211924,Dsg1c,1828,DSG1,mouse
225256,Dsg1b,1828,DSG1,mouse
13511,Dsg2,1829,DSG2,mouse
11606,Agt,183,AGT,mouse
13512,Dsg3,1830,DSG3,mouse
14605,Tsc22d3,1831,TSC22D3,mouse
109620,Dsp,1832,DSP,mouse
13516,Epyc,1833,EPYC,mouse
666279,Dspp,1834,DSPP,mouse
13521,Slc26a2,1836,SLC26A2,mouse
13527,Dtna,1837,DTNA,mouse
13528,Dtnb,1838,DTNB,mouse
15200,Hbegf,1839,HBEGF,mouse
14357,Dtx1,1840,DTX1,mouse
21915,Dtymk,1841,DTYMK,mouse
407800,Ecm2,1842,ECM2,mouse
19252,Dusp1,1843,DUSP1,mouse
13537,Dusp2,1844,DUSP2,mouse
72349,Dusp3,1845,DUSP3,mouse
319520,Dusp4,1846,DUSP4,mouse
240672,Dusp5,1847,DUSP5,mouse
67603,Dusp6,1848,DUSP6,mouse
235584,Dusp7,1849,DUSP7,mouse
11607,Agtr1a,185,AGTR1,mouse
11608,Agtr1b,185,AGTR1,mouse
18218,Dusp8,1850,DUSP8,mouse
75590,Dusp9,1852,DUSP9,mouse
110074,Dut,1854,DUT,mouse
13542,Dvl1,1855,DVL1,mouse
13543,Dvl2,1856,DVL2,mouse
13544,Dvl3,1857,DVL3,mouse
13548,Dyrk1a,1859,DYRK1A,mouse
11609,Agtr2,186,AGTR2,mouse
30931,Tor1a,1861,TOR1A,mouse
13555,E2f1,1869,E2F1,mouse
23796,Aplnr,187,APLNR,mouse
242705,E2f2,1870,E2F2,mouse
13557,E2f3,1871,E2F3,mouse
104394,E2f4,1874,E2F4,mouse
13559,E2f5,1875,E2F5,mouse
50496,E2f6,1876,E2F6,mouse
13560,E4f1,1877,E4F1,mouse
13591,Ebf1,1879,EBF1,mouse
321019,Gpr183,1880,GPR183,mouse
230857,Ece1,1889,ECE1,mouse
11611,Agxt,189,AGXT,mouse
72962,Tymp,1890,TYMP,mouse
51798,Ech1,1891,ECH1,mouse
93747,Echs1,1892,ECHS1,mouse
13601,Ecm1,1893,ECM1,mouse
13605,Ect2,1894,ECT2,mouse
13607,Eda,1896,EDA,mouse
11303,Abca1,19,ABCA1,mouse
11614,Nr0b1,190,NR0B1,mouse
13609,S1pr1,1901,S1PR1,mouse
14745,Lpar1,1902,LPAR1,mouse
13610,S1pr3,1903,S1PR3,mouse
13614,Edn1,1906,EDN1,mouse
13615,Edn2,1907,EDN2,mouse
13616,Edn3,1908,EDN3,mouse
13617,Ednra,1909,EDNRA,mouse
11615,Ahcyl,191,AHCY,mouse
269378,Ahcy,191,AHCY,mouse
13618,Ednrb,1910,EDNRB,mouse
13619,Phc1,1911,PHC1,mouse
54383,Phc2,1912,PHC2,mouse
13627,Eef1a1,1915,EEF1A1,mouse
13628,Eef1a2,1917,EEF1A2,mouse
72542,Pgam5,192111,PGAM5,mouse
272411,B3gnt6,192134,B3GNT6,mouse
67044,Higd2a,192286,HIGD2A,mouse
75706,Krt24,192666,KRT24,mouse
12879,Cys1,192668,CYS1,mouse
214150,Ago3,192669,AGO3,mouse
76850,Ago4,192670,AGO4,mouse
56807,Scamp5,192683,SCAMP5,mouse
55949,Eef1b2,1933,EEF1B2,mouse
66656,Eef1d,1936,EEF1D,mouse
67160,Eef1g,1937,EEF1G,mouse
13629,Eef2,1938,EEF2,mouse
16865,Eif2d,1939,EIF2D,mouse
13636,Efna1,1942,EFNA1,mouse
13637,Efna2,1943,EFNA2,mouse
13638,Efna3,1944,EFNA3,mouse
13639,Efna4,1945,EFNA4,mouse
13640,Efna5,1946,EFNA5,mouse
13641,Efnb1,1947,EFNB1,mouse
13642,Efnb2,1948,EFNB2,mouse
13643,Efnb3,1949,EFNB3,mouse
13645,Egf,1950,EGF,mouse
107934,Celsr3,1951,CELSR3,mouse
53883,Celsr2,1952,CELSR2,mouse
230971,Megf6,1953,MEGF6,mouse
269878,Megf8,1954,MEGF8,mouse
230316,Megf9,1955,MEGF9,mouse
13649,Egfr,1956,EGFR,mouse
13653,Egr1,1958,EGR1,mouse
242285,Sdr16c5,195814,SDR16C5,mouse
66129,Prxl2c,195827,PRXL2C,mouse
238673,Zfp367,195828,ZNF367,mouse
13654,Egr2,1959,EGR2,mouse
239029,Antxrl,195977,ANTXRL,mouse
11622,Ahr,196,AHR,mouse
13655,Egr3,1960,EGR3,mouse
329078,Emx2os,196047,EMX2OS,mouse
381925,Plpp4,196051,PLPP4,mouse
76894,Mettl15,196074,METTL15,mouse
13656,Egr4,1961,EGR4,mouse
74147,Ehhadh,1962,EHHADH,mouse
319742,Mpzl3,196264,MPZL3,mouse
66541,Immp1l,196294,IMMP1L,mouse
258745,Olfr689,196335,OR56B4,mouse
332131,Krt78,196374,KRT78,mouse
80291,Rilpl2,196383,RILPL2,mouse
56087,Dnah10,196385,DNAH10,mouse
232566,Amn1,196394,AMN1,mouse
100861908,Eif1ad19,1964,EIF1AX,mouse
100042776,Eif1ad6,1964,EIF1AX,mouse
13664,Eif1a,1964,EIF1AX,mouse
100039052,Eif1ad4,1964,EIF1AX,mouse
100039162,Eif1ad17,1964,EIF1AX,mouse
100039042,Eif1ad3,1964,EIF1AX,mouse
435337,Gm5662,1964,EIF1AX,mouse
544881,Eif1ad2,1964,EIF1AX,mouse
666862,Eif1ad10,1964,EIF1AX,mouse
66235,Eif1ax,1964,EIF1AX,mouse
666806,Eif1ad8,1964,EIF1AX,mouse
80904,Dtx3,196403,DTX3,mouse
71664,Mettl7b,196410,METTL7B,mouse
216345,Zfc3h1,196441,ZFC3H1,mouse
237558,Myrfl,196446,MYRFL,mouse
71772,Plbd2,196463,PLBD2,mouse
66716,Ccer1,196477,CCER1,mouse
70511,Eef2kmt,196483,EEF2KMT,mouse
13665,Eif2s1,1965,EIF2S1,mouse
319352,Pianp,196500,PIANP,mouse
319618,Dcp1b,196513,DCP1B,mouse
105722,Ano6,196527,ANO6,mouse
77044,Arid2,196528,ARID2,mouse
433294,Mettl21c,196541,METTL21C,mouse
209354,Eif2b1,1967,EIF2B1,mouse
320736,Vstm4,196740,VSTM4,mouse
212503,Paox,196743,PAOX,mouse
68223,Fam24a,196792,FAM24B,mouse
69318,Fam24b,196792,FAM24B,mouse
26905,Eif2s3x,1968,EIF2S3,mouse
26908,Eif2s3y,1968,EIF2S3,mouse
104110,Adcy4,196883,ADCY4,mouse
13836,Epha2,1969,EPHA2,mouse
75823,Fam227b,196951,FAM227B,mouse
546134,Gramd2a,196996,GRAMD2A,mouse
11625,Ahsg,197,AHSG,mouse
235435,Lctl,197021,LCTL,mouse
22222,Ubr1,197131,UBR1,mouse
67578,Patl2,197135,PATL2,mouse
52815,Ldhd,197257,LDHD,mouse
234730,Fcsk,197258,FCSK,mouse
74568,Mlkl,197259,MLKL,mouse
13681,Eif4a1,1973,EIF4A1,mouse
13999,Gm14288,197320,ZNF778,mouse
73451,Zfp763,197320,ZNF778,mouse
257633,Acsf3,197322,ACSF3,mouse
106618,Wdr90,197335,WDR90,mouse
193838,Eme2,197342,EME2,mouse
381070,Casp16,197350,CASP16P,mouse
268857,Nlrc3,197358,NLRC3,mouse
67711,Nsmce1,197370,NSMCE1,mouse
13682,Eif4a2,1974,EIF4A2,mouse
233887,Zfp553,197407,ZNF48,mouse
75705,Eif4b,1975,EIF4B,mouse
13684,Eif4e,1977,EIF4E,mouse
13685,Eif4ebp1,1978,EIF4EBP1,mouse
13688,Eif4ebp2,1979,EIF4EBP2,mouse
208643,Eif4g1,1981,EIF4G1,mouse
13690,Eif4g2,1982,EIF4G2,mouse
217869,Eif5,1983,EIF5,mouse
276770,Eif5a,1984,EIF5A,mouse
277496,Lkaaear1,198437,LKAAEAR1,mouse
11629,Aif1,199,AIF1,mouse
109901,Cela1,1990,CELA1,mouse
50701,Elane,1991,ELANE,mouse
282663,Serpinb1b,1992,SERPINB1,mouse
380839,Serpinb1c,1992,SERPINB1,mouse
66222,Serpinb1a,1992,SERPINB1,mouse
72507,Dzip1l,199221,DZIP1L,mouse
74052,Ttc21a,199223,TTC21A,mouse
15569,Elavl2,1993,ELAVL2,mouse
15568,Elavl1,1994,ELAVL1,mouse
15571,Elavl3,1995,ELAVL3,mouse
15572,Elavl4,1996,ELAVL4,mouse
69189,Mcemp1,199675,MCEMP1,mouse
619310,Zfp872,199692,ZNF627,mouse
23863,Dand5,199699,DAND5,mouse
13709,Elf1,1997,ELF1,mouse
22689,Zfp27,199704,ZNF585A,mouse
243897,Ggn,199720,GGN,mouse
260299,Cadm4,199731,CADM4,mouse
233073,U2af1l4,199746,U2AF1L4,mouse
100037278,Niban3,199786,NIBAN3,mouse
69257,Elf2,1998,ELF2,mouse
66789,Alg14,199857,ALG14,mouse
230789,Fam76a,199870,FAM76A,mouse
13710,Elf3,1999,ELF3,mouse
242594,Fyb2,199920,FYB2,mouse
230917,Tmem201,199953,TMEM201,mouse
329909,Tmem61,199964,TMEM61,mouse
67513,Faap20,199990,FAAP20,mouse
232345,A2m,2,A2M,mouse
11305,Abca2,20,ABCA2,mouse
56501,Elf4,2000,ELF4,mouse
242603,Cdcp2,200008,CDCP2,mouse
230612,Slc5a9,200010,SLC5A9,mouse
319965,Cc2d1b,200014,CC2D1B,mouse
78373,Nudt17,200035,NUDT17,mouse
109658,Txlna,200081,TXLNA,mouse
13711,Elf5,2001,ELF5,mouse
67344,Dynlt5,200132,DYNLT5,mouse
319455,Pld5,200150,PLD5,mouse
69428,1700016C15Rik,200159,C1orf100,mouse
74362,Spag17,200162,SPAG17,mouse
194219,Slfnl1,200172,SLFNL1,mouse
66059,Krtcap2,200185,KRTCAP2,mouse
74343,Crtc2,200186,CRTC2,mouse
13712,Elk1,2002,ELK1,mouse
216792,Iba57,200205,IBA57,mouse
76426,Fam209,200232,FAM209A,mouse
71673,Rnf215,200312,RNF215,mouse
80287,Apobec3,200316,APOBEC3F,mouse
14237,Foxd4,200350,FOXD4L1,mouse
226356,Cfap221,200373,CFAP221,mouse
13713,Elk3,2004,ELK3,mouse
70853,Vwa3b,200403,VWA3B,mouse
263764,Creg2,200407,CREG2,mouse
194388,Tet3,200424,TET3,mouse
13714,Elk4,2005,ELK4,mouse
66284,Gkn2,200504,GKN2,mouse
74221,Tex37,200523,TEX37,mouse
78321,Ankrd23,200539,ANKRD23,mouse
72103,Aplf,200558,APLF,mouse
18711,Pikfyve,200576,PIKFYVE,mouse
13717,Eln,2006,ELN,mouse
69815,Krtcap3,200634,KRTCAP3,mouse
103765,Tmem17,200728,TMEM17,mouse
114716,Spred2,200734,SPRED2,mouse
74430,Cfap20dc,200844,CFAP20DC,mouse
71393,Kctd6,200845,KCTD6,mouse
239759,Liph,200879,LIPH,mouse
68146,Arl13b,200894,ARL13B,mouse
13361,Dhfr,200895,DHFR2,mouse
68519,Eml1,2009,EML1,mouse
68028,Rpl22l1,200916,RPL22L1,mouse
106407,Slc51a,200931,SLC51A,mouse
268882,Fbxo45,200933,FBXO45,mouse
78267,Klhdc8b,200942,KLHDC8B,mouse
224116,Muc20,200958,MUC20,mouse
328699,Gabrr3,200959,GABRR3,mouse
13726,Emd,2010,EMD,mouse
13728,Mark2,2011,MARK2,mouse
76380,Cep112,201134,CEP112,mouse
68460,Dhrs7c,201140,DHRS7C,mouse
67510,Tvp23b,201158,TVP23C,mouse
73139,Cenpv,201161,CENPV,mouse
216805,Flcn,201163,FLCN,mouse
194908,Pld6,201164,PLD6,mouse
544817,Arhgap27,201176,ARHGAP27,mouse
278304,Zfp385c,201181,ZNF385C,mouse
217125,Samd14,201191,SAMD14,mouse
13730,Emp1,2012,EMP1,mouse
66274,Lyrm9,201229,LYRM9,mouse
69309,Slc16a13,201232,SLC16A13,mouse
20892,Cenpx,201254,CENPX,mouse
217366,Lrrc45,201255,LRRC45,mouse
69806,Slc39a11,201266,SLC39A11,mouse
338364,Trim65,201292,TRIM65,mouse
70450,Unc13d,201294,UNC13D,mouse
66599,Rdm1,201299,RDM1,mouse
13731,Emp2,2013,EMP2,mouse
77577,Spns3,201305,SPNS3,mouse
13732,Emp3,2014,EMP3,mouse
50764,Fbxo15,201456,FBXO15,mouse
19328,Rab12,201475,RAB12,mouse
13733,Adgre1,2015,ADGRE1,mouse
207259,Zbtb7c,201501,ZBTB7C,mouse
22767,Zfy1,201514,ZNF584,mouse
22768,Zfy2,201514,ZNF584,mouse
100043042,Zscan4-ps3,201516,ZSCAN4,mouse
245109,Zscan4c,201516,ZSCAN4,mouse
545912,Zscan4-ps1,201516,ZSCAN4,mouse
665848,Zscan4e,201516,ZSCAN4,mouse
665902,Zscan4f,201516,ZSCAN4,mouse
70757,Hacd2,201562,HACD2,mouse
68292,Stt3b,201595,STT3B,mouse
13796,Emx1,2016,EMX1,mouse
110083,Dnah12,201625,DNAH12,mouse
211948,Pde12,201626,PDE12,mouse
211922,Dennd6a,201627,DENND6A,mouse
100043314,Tigit,201633,TIGIT,mouse
13043,Cttn,2017,CTTN,mouse
75939,4930579G24Rik,201725,C4orf46,mouse
231290,Slc10a4,201780,SLC10A4,mouse
545758,Slc10a4-ps,201780,SLC10A4,mouse
403175,Tigd4,201798,TIGD4,mouse
320782,Tmem154,201799,TMEM154,mouse
13797,Emx2,2018,EMX2,mouse
68552,Smim14,201895,SMIM14,mouse
13798,En1,2019,EN1,mouse
73067,Tmem192,201931,TMEM192,mouse
192174,Rwdd4a,201965,RWDD4,mouse
408022,Primpol,201973,PRIMPOL,mouse
11630,Crybg1,202,CRYBG1,mouse
13799,En2,2020,EN2,mouse
231225,Tapt1,202018,TAPT1,mouse
71242,Spata24,202051,SPATA24,mouse
76594,Dnajc18,202052,DNAJC18,mouse
13804,Endog,2021,ENDOG,mouse
223332,Ranbp3l,202151,RANBP3L,mouse
13805,Eng,2022,ENG,mouse
76041,Ccdc125,202243,CCDC125,mouse
13806,Eno1,2023,ENO1,mouse
433182,Eno1b,2023,ENO1,mouse
238875,Gapt,202309,GAPT,mouse
76469,Cmya5,202333,CMYA5,mouse
269019,Stk32a,202374,STK32A,mouse
21645,Tcte1,202500,TCTE1,mouse
170771,Khdrbs2,202559,KHDRBS2,mouse
13807,Eno2,2026,ENO2,mouse
13808,Eno3,2027,ENO3,mouse
13809,Enpep,2028,ENPEP,mouse
56205,Ensa,2029,ENSA,mouse
231832,Tmem184a,202915,TMEM184A,mouse
11636,Ak1,203,AK1,mouse
63959,Slc29a1,2030,SLC29A1,mouse
268822,Adck5,203054,ADCK5,mouse
22154,Tubb5,203068,TUBB,mouse
71843,R3hcc1,203069,R3HCC1,mouse
71037,Prss55,203074,PRSS55,mouse
67750,4930578I06Rik,203076,C8orf74,mouse
330723,Htra4,203100,HTRA4,mouse
353188,Adam32,203102,ADAM32,mouse
239368,Erich5,203111,ERICH5,mouse
213469,Lgi3,203190,LGI3,mouse
230279,Tmem268,203197,TMEM268,mouse
73205,C9orf72,203228,C9orf72,mouse
320226,Ccdc171,203238,CCDC171,mouse
71254,Naif1,203245,NAIF1,mouse
71901,Fam219a,203259,FAM219A,mouse
622404,Ccdc107,203260,CCDC107,mouse
75691,Anks6,203286,ANKS6,mouse
328572,Ep300,2033,EP300,mouse
66329,Susd3,203328,SUSD3,mouse
13819,Epas1,2034,EPAS1,mouse
194744,Slc25a43,203427,SLC25A43,mouse
213436,Rtl3,203430,RTL3,mouse
27206,Nrk,203447,NRK,mouse
269587,Epb41,2035,EPB41,mouse
236790,Ints6l,203522,INTS6L,mouse
78619,Zfp449,203523,ZNF449,mouse
67048,Vma21,203547,VMA21,mouse
13821,Epb41l1,2036,EPB41L1,mouse
13822,Epb41l2,2037,EPB41L2,mouse
13828,Epb42,2038,EPB42,mouse
233246,Ano5,203859,ANO5|LOC102723370,mouse
13829,Dmtn,2039,DMTN,mouse
11637,Ak2,204,AK2,mouse
13830,Stom,2040,STOM,mouse
13835,Epha1,2041,EPHA1,mouse
13837,Epha3,2042,EPHA3,mouse
545975,Cers3,204219,CERS3,mouse
13838,Epha4,2043,EPHA4,mouse
13839,Epha5,2044,EPHA5,mouse
71830,Pdilt,204474,PDILT,mouse
13841,Epha7,2045,EPHA7,mouse
13842,Epha8,2046,EPHA8,mouse
270190,Ephb1,2047,EPHB1,mouse
13844,Ephb2,2048,EPHB2,mouse
15257,Hipk1,204851,HIPK1,mouse
13845,Ephb3,2049,EPHB3,mouse
242259,Slc44a5,204962,SLC44A5,mouse
11639,Ak4,205,AK4,mouse
13846,Ephb4,2050,EPHB4,mouse
13848,Ephb6,2051,EPHB6,mouse
211383,Amer3,205147,AMER3,mouse
13849,Ephx1,2052,EPHX1,mouse
67885,Mtln,205251,MTLN,mouse
13850,Ephx2,2053,EPHX2,mouse
73467,1700066M21Rik,205327,C2orf69,mouse
13852,Stx2,2054,STX2,mouse
68861,Dipk2a,205428,DIPK2A,mouse
26889,Cln8,2055,CLN8,mouse
320213,Senp5,205564,SENP5,mouse
13856,Epo,2056,EPO,mouse
13857,Epor,2057,EPOR,mouse
207806,Usf3,205717,USF3,mouse
107508,Eprs,2058,EPRS1,mouse
622117,Triml2,205860,TRIML2,mouse
13860,Eps8,2059,EPS8,mouse
13858,Eps15,2060,EPS15,mouse
13864,Nr2f6,2063,NR2F6,mouse
74574,Lvrn,206338,LVRN,mouse
215335,Slc36a1,206358,SLC36A1,mouse
13866,Erbb2,2064,ERBB2,mouse
214568,Gm136,206412,C6orf163,mouse
13867,Erbb3,2065,ERBB3,mouse
13869,Erbb4,2066,ERBB4,mouse
13870,Ercc1,2067,ERCC1,mouse
13871,Ercc2,2068,ERCC2,mouse
13874,Ereg,2069,EREG,mouse
11651,Akt1,207,AKT1,mouse
14051,Eya4,2070,EYA4,mouse
236082,Dhrsx,207063,DHRSX,mouse
13872,Ercc3,2071,ERCC3,mouse
73481,Prss59,207147,PRSS59P,mouse
50505,Ercc4,2072,ERCC4,mouse
22592,Ercc5,2073,ERCC5,mouse
319955,Ercc6,2074,ERCC6,mouse
13875,Erf,2077,ERF,mouse
13876,Erg,2078,ERG,mouse
100042777,Erhrt-ps,2079,ERH,mouse
13877,Erh,2079,ERH,mouse
11652,Akt2,208,AKT2,mouse
78943,Ern1,2081,ERN1,mouse
14113,Fbl,2091,FBL,mouse
13885,Esd,2098,ESD,mouse
13982,Esr1,2099,ESR1,mouse
27410,Abca3,21,ABCA3,mouse
17025,Alad,210,ALAD,mouse
13983,Esr2,2100,ESR2,mouse
26379,Esrra,2101,ESRRA,mouse
26380,Esrrb,2103,ESRRB,mouse
26381,Esrrg,2104,ESRRG,mouse
225363,Etf1,2107,ETF1,mouse
110842,Etfa,2108,ETFA,mouse
110826,Etfb,2109,ETFB,mouse
11655,Alas1,211,ALAS1,mouse
66841,Etfdh,2110,ETFDH,mouse
23871,Ets1,2113,ETS1,mouse
23872,Ets2,2114,ETS2,mouse
14009,Etv1,2115,ETV1,mouse
14008,Etv2,2116,ETV2,mouse
27049,Etv3,2117,ETV3,mouse
18612,Etv4,2118,ETV4,mouse
104156,Etv5,2119,ETV5,mouse
11656,Alas2,212,ALAS2,mouse
14011,Etv6,2120,ETV6,mouse
59056,Evc,2121,EVC,mouse
14013,Mecom,2122,MECOM,mouse
14017,Evi2a,2123,EVI2A,mouse
101488212,Evi2,2124,EVI2B,mouse
216984,Evi2b,2124,EVI2B,mouse
14027,Evpl,2125,EVPL,mouse
14028,Evx1,2128,EVX1,mouse
11657,Alb,213,ALB,mouse
14030,Ewsr1,2130,EWSR1,mouse
14042,Ext1,2131,EXT1,mouse
14043,Ext2,2132,EXT2,mouse
56219,Extl1,2134,EXTL1,mouse
58193,Extl2,2135,EXTL2,mouse
54616,Extl3,2137,EXTL3,mouse
14048,Eya1,2138,EYA1,mouse
14049,Eya2,2139,EYA2,mouse
11658,Alcam,214,ALCAM,mouse
14050,Eya3,2140,EYA3,mouse
14055,Ezh1,2145,EZH1,mouse
14056,Ezh2,2146,EZH2,mouse
14061,F2,2147,F2,mouse
14062,F2r,2149,F2R,mouse
11666,Abcd1,215,ABCD1,mouse
14063,F2rl1,2150,F2RL1,mouse
14064,F2rl2,2151,F2RL2,mouse
14066,F3,2152,F3,mouse
14067,F5,2153,F5,mouse
14068,F7,2155,F7,mouse
14069,F8,2157,F8,mouse
14071,F9,2158,F9,mouse
14058,F10,2159,F10,mouse
11668,Aldh1a1|E030003E18Rik,216,ALDH1A1,mouse
26358,Aldh1a7,216,ALDH1A1,mouse
109821,F11,2160,F11,mouse
58992,F12,2161,F12,mouse
74145,F13a1,2162,F13A1,mouse
14060,F13b,2165,F13B,mouse
14073,Faah,2166,FAAH,mouse
11770,Fabp4,2167,FABP4,mouse
14080,Fabp1,2168,FABP1,mouse
14079,Fabp2,2169,FABP2,mouse
11669,Aldh2,217,ALDH2,mouse
14077,Fabp3,2170,FABP3,mouse
16592,Fabp5,2171,FABP5,mouse
16204,Fabp6,2172,FABP6,mouse
12140,Fabp7,2173,FABP7,mouse
14087,Fanca,2175,FANCA,mouse
14088,Fancc,2176,FANCC,mouse
211651,Fancd2,2177,FANCD2,mouse
72775,Fance,2178,FANCE,mouse
11670,Aldh3a1,218,ALDH3A1,mouse
14081,Acsl1,2180,ACSL1,mouse
74205,Acsl3,2181,ACSL3,mouse
50790,Acsl4,2182,ACSL4,mouse
14085,Fah,2184,FAH,mouse
19229,Ptk2b,2185,PTK2B,mouse
207165,Bptf,2186,BPTF,mouse
237211,Fancb,2187,FANCB,mouse
100040608,Fancf,2188,FANCF,mouse
60534,Fancg,2189,FANCG,mouse
72535,Aldh1b1,219,ALDH1B1,mouse
14089,Fap,2191,FAP,mouse
14114,Fbln1,2192,FBLN1,mouse
209086,Samd9l,219285,SAMD9L,mouse
72125,Amer2,219287,AMER2,mouse
108888,Atad3a,219293,ATAD3C,mouse
66590,Farsa,2193,FARSA,mouse
22217,Usp12,219333,USP12,mouse
211623,Plac9,219348,PLAC9,mouse
14104,Fasn,2194,FASN,mouse
76366,Mtif3,219402,MTIF3,mouse
14842,Gsx1,219409,GSX1,mouse
258453,Olfr1209,219428,OR4C16,mouse
258450,Olfr1199,219428,OR4C16,mouse
258748,Olfr1195,219428,OR4C16,mouse
258896,Olfr1206,219429,OR4C11,mouse
258897,Olfr1201,219429,OR4C11,mouse
258898,Olfr1205,219429,OR4C11,mouse
329460,Olfr1193,219431,OR4S2,mouse
258785,Olfr1230,219432,OR4C6,mouse
258768,Olfr1189,219432,OR4C6,mouse
258638,Olfr1163,219436,OR5D14,mouse
258105,Olfr1162,219436,OR5D14,mouse
258814,Olfr1156,219437,OR5L1,mouse
258846,Olfr1157,219437,OR5L1,mouse
117004,Olfr73,219438,OR5D18,mouse
117005,Olfr74,219438,OR5D18,mouse
258845,Olfr1161,219438,OR5D18,mouse
258586,Olfr1111,219447,OR5AS1,mouse
259016,Olfr1048,219453,OR8K5,mouse
404324,Or8k20,219453,OR8K5,mouse
259018,Olfr1049,219453,OR8K5,mouse
258866,Olfr1008,219453,OR8K5,mouse
257913,Olfr141,219464,OR5T2,mouse
258584,Olfr1101,219464,OR5T2,mouse
258585,Olfr1086,219464,OR5T2,mouse
258725,Olfr1095,219464,OR5T2,mouse
259019,Olfr1045,219477,OR8J1,mouse
258572,Olfr1032,219482,OR5M3,mouse
258571,Olfr1033,219482,OR5M3,mouse
257916,Olfr1031,219484,OR5M8,mouse
257936,Or5m11,219487,OR5M11,mouse
258154,Olfr1029,219487,OR5M11,mouse
259017,Olfr1019,219493,OR5AR1,mouse
14107,Fat1,2195,FAT1,mouse
241528,Lrrc55,219527,LRRC55,mouse
68678,Smtnl1,219537,SMTNL1,mouse
241525,Ypel4,219539,YPEL4,mouse
381379,Med19,219541,MED19,mouse
70920,Tex47,219557,TEX47,mouse
207618,Zfp804b,219578,ZNF804B,mouse
53320,Folh1,219595,FOLH1B,mouse
245827,Fat2,2196,FAT2,mouse
73287,Cabcoco1,219621,CABCOCO1,mouse
327766,Tmem26,219623,TMEM26,mouse
71918,Zcchc24,219654,ZCCHC24,mouse
71233,Enkur,219670,ENKUR,mouse
70882,Armc3,219681,ARMC3,mouse
107449,Unc5b,219699,UNC5B,mouse
14109,Fau,2197,FAU,mouse
216021,Stox1,219736,STOX1,mouse
69894,Fam241b,219738,FAM241B,mouse
71767,Tysnd1,219743,TYSND1,mouse
22750,Zfp9,219749,ZNF25,mouse
225152,Gjd4,219770,GJD4,mouse
67974,Ccny,219771,CCNY,mouse
170799,Rtkn2,219790,RTKN2,mouse
65971,Tbata,219793,TBATA,mouse
76832,Hyls1,219844,HYLS1,mouse
66279,Tmem218,219854,TMEM218,mouse
56857,Slc37a2,219855,SLC37A2,mouse
258744,Olfr875,219858,OR8B12,mouse
258883,Olfr876,219858,OR8B12,mouse
258882,Olfr874,219858,OR8B12,mouse
257959,Olfr1537,219865,OR8G5,mouse
257912,Olfr948,219865,OR8G5,mouse
18343,Olfr44,219865,OR8G5,mouse
258741,Olfr935,219865,OR8G5,mouse
258500,Olfr944,219865,OR8G5,mouse
258499,Olfr945,219865,OR8G5,mouse
258046,Olfr951,219865,OR8G5,mouse
258742,Olfr146,219865,OR8G5,mouse
258328,Olfr954,219865,OR8G5,mouse
258431,Olfr937,219865,OR8G5,mouse
258323,Olfr943,219865,OR8G5,mouse
258826,Olfr27,219865,OR8G5,mouse
259109,Olfr978,219869,OR10G8,mouse
259112,Olfr979,219869,OR10G8,mouse
259110,Olfr980,219869,OR10G8,mouse
259109,Olfr978,219870,OR10G9,mouse
259110,Olfr980,219870,OR10G9,mouse
259112,Olfr979,219870,OR10G9,mouse
258853,Olfr982,219873,OR10S1,mouse
258601,Olfr984,219875,OR4D5,mouse
272589,Tbcel,219899,TBCEL,mouse
14115,Fbln2,2199,FBLN2,mouse
235300,Tlcd5,219902,TLCD5,mouse
353242,Mrpl21,219927,MRPL21,mouse
233979,Tpcn2,219931,TPCN2,mouse
75469,Spata19,219938,SPATA19,mouse
258954,Olfr522,219952,OR6Q1,mouse
258151,Olfr1505,219954,OR9I1,mouse
258792,Olfr1499,219954,OR9I1,mouse
258793,Olfr1502,219954,OR9I1,mouse
258097,Olfr1500,219956,OR9Q1,mouse
258736,Olfr1497,219957,OR9Q2,mouse
258991,Olfr1496,219958,OR1S2,mouse
258991,Olfr1496,219959,OR1S1,mouse
258342,Olfr1491,219960,OR10Q1,mouse
258992,Or10q1,219960,OR10Q1,mouse
258341,Olfr1495,219960,OR10Q1,mouse
258697,Olfr1444,219968,OR5B21,mouse
17476,Mpeg1,219972,MPEG1,mouse
56093,Pfpl,219972,MPEG1,mouse
258677,Olfr76,219982,OR5A1,mouse
258675,Olfr1423,219986,OR4D11,mouse
225929,Patl1,219988,PATL1,mouse
545279,Ms4a15,219995,MS4A15,mouse
11306,Abcb7,22,ABCB7,mouse
56847,Aldh1a3,220,ALDH1A3,mouse
14118,Fbn1,2200,FBN1,mouse
71768,Vwce,220001,VWCE,mouse
225912,Cyb561a3,220002,CYB561A3,mouse
67752,Ppp1r32,220004,PPP1R32,mouse
233537,Gdpd4,220032,GDPD4,mouse
74041,Ddias,220042,DDIAS,mouse
75338,Ccdc83,220047,CCDC83,mouse
72284,LTO1,220064,LTO1,mouse
69358,Lrrc51,220074,LRTOMT|LRRC51,mouse
791260,Tomt,220074,LRTOMT|LRRC51,mouse
75272,Erich6b,220081,ERICH6B,mouse
67926,Cby2,220082,CBY2,mouse
14119,Fbn2,2201,FBN2,mouse
239133,Dleu7,220107,DLEU7|DLEU1-AS1,mouse
629059,Fam124a,220108,FAM124A,mouse
66468,Ska1,220134,SKA1,mouse
74453,Cfap53,220136,CFAP53,mouse
623279,Dok6,220164,DOK6,mouse
216616,Efemp1,2202,EFEMP1,mouse
53404,Atoh7,220202,ATOH7,mouse
71198,Otud1,220213,OTUD1,mouse
72927,Hepacam,220296,HEPACAM,mouse
14121,Fbp1,2203,FBP1,mouse
102644,Oaf,220323,OAF,mouse
332359,Tigd3,220359,TIGD3,mouse
58238,Fam181b,220382,FAM181B,mouse
70054,Ccdc89,220388,CCDC89,mouse
70859,Lrrc63,220416,LRRC63,mouse
320311,Rnf152,220441,RNF152,mouse
14125,Fcer1a,2205,FCER1A,mouse
14126,Ms4a2,2206,MS4A2,mouse
14127,Fcer1g,2207,FCER1G,mouse
11837,Rplp0,220717,RPLP0P6,mouse
14128,Fcer2a,2208,FCER2,mouse
16592,Fabp5,220832,FABP5P3,mouse
226043,Cbwd1,220869,CBWD5,mouse
14129,Fcgr1,2209,FCGR1A,mouse
240186,Zfp438,220929,ZNF438,mouse
791318,Zeb1os1,220930,ZEB1-AS1,mouse
66859,Slc16a9,220963,SLC16A9,mouse
71721,Fam13c,220965,FAM13C,mouse
71779,Marchf8,220972,MARCHF8,mouse
229279,Hnrnpa3,220988,HNRNPA3,mouse
67689,Aldh3b1,221,ALDH3B1,mouse
14129,Fcgr1,2210,FCGR1BP,mouse
70727,Rasgef1a,221002,RASGEF1A,mouse
28193,Reep3,221035,REEP3,mouse
108829,Jmjd1c,221037,JMJD1C,mouse
68527,Ucma,221044,UCMA,mouse
269233,Fam171a1,221061,FAM171A1,mouse
277468,Slc39a12,221074,SLC39A12,mouse
74455,Nsun6,221078,NSUN6,mouse
75869,Arl5b,221079,ARL5B,mouse
68852,Lrrn4cl,221091,LRRN4CL,mouse
68693,Hnrnpul2,221092,HNRNPUL2,mouse
69113,Alkbh3,221120,ALKBH3,mouse
68043,Eef1akmt1,221143,EEF1AKMT1,mouse
219114,Ska3,221150,SKA3,mouse
68514,Micu2,221154,MICU2,mouse
219140,Spata13,221178,SPATA13,mouse
234577,Cpne2,221184,CPNE2,mouse
382045,Adgrg5,221188,ADGRG5,mouse
70993,Prss54,221191,PRSS54,mouse
14131,Fcgr3,2212,FCGR2A,mouse
14130,Fcgr2b,2212,FCGR2A,mouse
75973,Ccdc162,221262,CCDC162P,mouse
633979,Ak9,221264,AK9,mouse
319638,Nt5dc1,221294,NT5DC1,mouse
14130,Fcgr2b,2213,FCGR2B,mouse
14131,Fcgr3,2213,FCGR2B,mouse
270711,Calhm4,221301,CALHM4,mouse
72580,Zup1,221302,ZUP1,mouse
77296,Fam162b,221303,FAM162B,mouse
544696,Tbc1d32,221322,TBC1D32,mouse
320705,Bend6,221336,BEND6,mouse
14857,Gsta1,221357,GSTA5,mouse
100042314,Gsta5,221357,GSTA5,mouse
14858,Gsta2,221357,GSTA5,mouse
100042295,Gsta13,221357,GSTA5,mouse
14859,Gsta3,221357,GSTA5,mouse
353344,Opn5,221391,OPN5,mouse
78249,Adgrf4,221393,ADGRF4,mouse
224792,Adgrf5,221395,ADGRF5,mouse
246256,Fcgr4,2214,FCGR3A,mouse
210510,Tdrd6,221400,TDRD6,mouse
71020,Spats1,221409,SPATS1,mouse
75564,Rsph9,221421,RSPH9,mouse
224813,Lrrc73,221424,LRRC73,mouse
106821,Oard1,221443,OARD1,mouse
319991,Kif6,221458,KIF6,mouse
71138,Tmem217,221468,TMEM217,mouse
26382,Fgd2,221472,FGD2,mouse
74116,Pi16,221476,PI16,mouse
80748,BC004004,221477,C6orf89,mouse
67645,Armc12,221481,ARMC12,mouse
106672,Smim29,221491,SMIM29,mouse
224640,Lemd2,221496,LEMD2,mouse
246256,Fcgr4,2215,FCGR3B,mouse
474156,Zbtb9,221504,ZBTB9,mouse
193736,Zbtb12,221527,ZBTB12,mouse
69662,2310061I04Rik,221545,C6orf136,mouse
319163,H2ac1,221613,H2AC1,mouse
218214,Kdm1b,221656,KDM1B,mouse
666794,Rbm24,221662,RBM24,mouse
328234,Rnf182,221687,RNF182,mouse
218194,Phactr1,221692,PHACTR1,mouse
14132,Fcgrt,2217,FCGRT,mouse
108934,Smim13,221710,SMIM13,mouse
637277,Sycp2l,221711,SYCP2L,mouse
66895,Pxdc1,221749,PXDC1,mouse
666311,Zscan25,221785,ZSCAN25,mouse
246179,Fktn,2218,FKTN,mouse
232585,Vwde,221806,VWDE,mouse
75456,Prps1l1,221823,PRPS1L1,mouse
28071,Polr1f,221830,POLR1F,mouse
320145,Sp8,221833,SP8,mouse
15397,Hoxa11os,221883,HOXA11-AS,mouse
231986,Jazf1,221895,JAZF1,mouse
14134,Fcnb,2219,FCN1,mouse
14133,Fcna,2219,FCN1,mouse
69871,Ppp1r35,221908,PPP1R35,mouse
71951,Gpc2,221914,GPC2,mouse
231841,Brat1,221927,BRAT1,mouse
330222,Sdk1,221935,SDK1,mouse
17425,Foxk1,221937,FOXK1,mouse
75104,Mmd2,221938,MMD2,mouse
231871,Daglb,221955,DAGLB,mouse
231874,Ccz1,221960,CCZ1B,mouse
330267,Thsd7a,221981,THSD7A,mouse
621603,Aldh3b2,222,ALDH3B2,mouse
73458,Aldh3b3,222,ALDH3B2,mouse
14134,Fcnb,2220,FCN2,mouse
14133,Fcna,2220,FCN2,mouse
211739,Vstm2a,222008,VSTM2A,mouse
103694,Tmed4,222068,TMED4,mouse
68235,Mturn,222166,MTURN,mouse
78004,Prr15,222171,PRR15,mouse
58212,Srrm3,222183,SRRM3,mouse
242860,Rsbn1l,222194,RSBN1L,mouse
14137,Fdft1,2222,FDFT1,mouse
231014,Elapor2,222223,ELAPOR2,mouse
71735,Lrwd1,222229,LRWD1,mouse
330050,Fam185a,222234,FAM185A,mouse
320118,Fbxl13,222235,FBXL13,mouse
242864,Napepld,222236,NAPEPLD,mouse
380753,Atxn7l1,222255,ATXN7L1,mouse
68764,Cdhr3,222256,CDHR3,mouse
209645,Bend7,222389,BEND7,mouse
110196,Fdps,2224,FDPS,mouse
140887,Lnx2,222484,LNX2,mouse
54672,Adgrg3,222487,ADGRG3,mouse
319415,Hs3st5,222537,HS3ST5,mouse
210198,Gprc6a,222545,GPRC6A,mouse
320995,Rfx6,222546,RFX6,mouse
215085,Slc35f1,222553,SLC35F1,mouse
208994,Fam83b,222584,FAM83B,mouse
435529,Adgrf2,222611,ADGRF2,mouse
70026,Tspo2,222642,TSPO2,mouse
76589,Unc5cl,222643,UNC5CL,mouse
66989,Kctd20,222658,KCTD20,mouse
69307,Pxt1,222659,PXT1,mouse
328789,Lhfpl5,222662,LHFPL5,mouse
268935,Scube3,222663,SCUBE3,mouse
66707,Nkapl,222698,NKAPL,mouse
71864,Fam217a,222826,FAM217A,mouse
243339,Tmem130,222865,TMEM130,mouse
114712,Ferd3l,222894,FERD3L,mouse
243300,Nyap1,222950,NYAP1,mouse
243328,Slc29a4,222962,SLC29A4,mouse
56752,Aldh9a1,223,ALDH9A1,mouse
14148,Fdx1,2230,FDX1,mouse
232016,Itprid1,223075,ITPRID1,mouse
387524,Znrf2,223082,ZNRF2,mouse
108151,Sema3d,223117,SEMA3D,mouse
14149,Fdxr,2232,FDXR,mouse
14151,Fech,2235,FECH,mouse
14156,Fen1,2237,FEN1,mouse
14735,Gpc4,2239,GPC4,mouse
11671,Aldh3a2,224,ALDH3A2,mouse
14158,Fer,2241,FER,mouse
14159,Fes,2242,FES,mouse
14161,Fga,2243,FGA,mouse
110135,Fgb,2244,FGB,mouse
14163,Fgd1,2245,FGD1,mouse
14164,Fgf1,2246,FGF1,mouse
14173,Fgf2,2247,FGF2,mouse
14174,Fgf3,2248,FGF3,mouse
14175,Fgf4,2249,FGF4,mouse
26874,Abcd2,225,ABCD2,mouse
14176,Fgf5,2250,FGF5,mouse
14177,Fgf6,2251,FGF6,mouse
14178,Fgf7,2252,FGF7,mouse
14179,Fgf8,2253,FGF8,mouse
14180,Fgf9,2254,FGF9,mouse
14165,Fgf10,2255,FGF10,mouse
14166,Fgf11,2256,FGF11,mouse
332110,Mapk15,225689,MAPK15,mouse
14167,Fgf12,2257,FGF12,mouse
14168,Fgf13,2258,FGF13,mouse
14169,Fgf14,2259,FGF14,mouse
11674,Aldoa,226,ALDOA,mouse
353204,Aldoart1,226,ALDOA,mouse
79459,Aldoart2,226,ALDOA,mouse
14182,Fgfr1,2260,FGFR1,mouse
14184,Fgfr3,2261,FGFR3,mouse
103978,Gpc5,2262,GPC5,mouse
14183,Fgfr2,2263,FGFR2,mouse
14186,Fgfr4,2264,FGFR4,mouse
99571,Fgg,2266,FGG,mouse
234199,Fgl1,2267,FGL1,mouse
14191,Fgr,2268,FGR,mouse
14194,Fh1,2271,FH,mouse
14198,Fhit,2272,FHIT,mouse
14199,Fhl1,2273,FHL1,mouse
14202,Fhl4,2273,FHL1,mouse
14200,Fhl2,2274,FHL2,mouse
14201,Fhl3,2275,FHL3,mouse
14205,Vegfd,2277,VEGFD,mouse
192160,Casc3,22794,CASC3,mouse
18074,Nid2,22795,NID2,mouse
76332,Cog2,22796,COG2,mouse
21426,Tfec,22797,TFEC,mouse
14225,Fkbp1a,2280,FKBP1A,mouse
66922,Rras2,22800,RRAS2,mouse
319480,Itga11,22801,ITGA11,mouse
99709,Clca4b,22802,CLCA4,mouse
99663,Clca4a,22802,CLCA4,mouse
24128,Xrn2,22803,XRN2,mouse
22780,Ikzf3,22806,IKZF3,mouse
22779,Ikzf2,22807,IKZF2,mouse
17532,Mras,22808,MRAS,mouse
107503,Atf5,22809,ATF5,mouse
14226,Fkbp1b,2281,FKBP1B,mouse
56447,Copz1,22818,COPZ1,mouse
54161,Copg1,22820,COPG1,mouse
19414,Rasa3,22821,RASA3,mouse
21664,Phlda1,22822,PHLDA1,mouse
17765,Mtf2,22823,MTF2,mouse
18415,Hspa4l,22824,HSPA4L,mouse
68598,Dnajc8,22826,DNAJC8,mouse
67959,Puf60,22827,PUF60,mouse
106583,Scaf8,22828,SCAF8,mouse
100113365,Nlgn4l,22829,NLGN4Y,mouse
382090,Cep162,22832,CEP162,mouse
268469,Zfp652,22834,ZNF652,mouse
22693,Zfp30,22835,ZFP30,mouse
73296,Rhobtb3,22836,RHOBTB3,mouse
319876,Cobll1,22837,COBLL1,mouse
105239,Rnf44,22838,RNF44,mouse
228836,Dlgap4,22839,DLGAP4,mouse
74998,Rab11fip2,22841,RAB11FIP2,mouse
320472,Ppm1e,22843,PPM1E,mouse
666060,Frmpd1,22844,FRMPD1,mouse
227697,Dolk,22845,DOLK,mouse
238328,Vash1,22846,VASH1,mouse
668501,Zfp507,22847,ZNF507,mouse
269774,Aak1,22848,AAK1,mouse
208922,Cpeb3,22849,CPEB3,mouse
240442,Adnp2,22850,ADNP2,mouse
232339,Ankrd26,22852,ANKRD26,mouse
231876,Lmtk2,22853,LMTK2,mouse
80883,Ntng1,22854,NTNG1,mouse
269941,Chsy1,22856,CHSY1,mouse
56542,Cilk1,22858,CILK1,mouse
330814,Adgrl1,22859,ADGRL1,mouse
14227,Fkbp2|Gm51400,2286,FKBP2,mouse
195046,Nlrp1a,22861,NLRP1,mouse
637515,Nlrp1b,22861,NLRP1,mouse
319448,Fndc3a,22862,FNDC3A,mouse
100504663,Atg14,22863,ATG14,mouse
71750,R3hdm2,22864,R3HDM2,mouse
386750,Slitrk3,22865,SLITRK3,mouse
245684,Cnksr2,22866,CNKSR2,mouse
75619,Fastkd2,22868,FASTKD2,mouse
30795,Fkbp3,2287,FKBP3,mouse
243819,Ppp6r1,22870,PPP6R1,mouse
192167,Nlgn1,22871,NLGN1,mouse
69162,Sec31a,22872,SEC31A,mouse
66573,Dzip1,22873,DZIP1,mouse
240753,Plekha6,22874,PLEKHA6,mouse
224794,Enpp4,22875,ENPP4,mouse
101490,Inpp5f,22876,INPP5F,mouse
208104,Mlxip,22877,MLXIP,mouse
75964,Trappc8,22878,TRAPPC8,mouse
270096,Mon1b,22879,MON1B,mouse
14228,Fkbp4,2288,FKBP4,mouse
240069,Morc2b,22880,MORC2,mouse
74522,Morc2a,22880,MORC2,mouse
140577,Ankrd6,22881,ANKRD6,mouse
387609,Zhx2,22882,ZHX2,mouse
65945,Clstn1,22883,CLSTN1,mouse
207615,Wdr37,22884,WDR37,mouse
319713,Ablim3,22885,ABLIM3,mouse
230700,Foxj3,22887,FOXJ3,mouse
140629,Ubox5,22888,UBOX5,mouse
74200,Khdc4,22889,KHDC4,mouse
14229,Fkbp5,2289,FKBP5,mouse
268564,Zbtb1,22890,ZBTB1,mouse
216049,Zfp365,22891,ZNF365,mouse
228536,Bahd1,22893,BAHD1,mouse
72662,Dis3,22894,DIS3,mouse
19894,Rph3a,22895,RPH3A,mouse
214552,Cep164,22897,CEP164,mouse
105841,Dennd3,22898,DENND3,mouse
442801,Arhgef15,22899,ARHGEF15,mouse
230163,Aldob,229,ALDOB,mouse
15228,Foxg1,2290,FOXG1,mouse
74008,Arsg,22901,ARSG,mouse
52822,Rufy3,22902,RUFY3,mouse
228662,Btbd3,22903,BTBD3,mouse
216161,Sbno2,22904,SBNO2,mouse
13855,Epn2,22905,EPN2,mouse
67095,Trak1,22906,TRAK1,mouse
72831,Dhx30,22907,DHX30,mouse
83493,Sacm1l,22908,SACM1L,mouse
330554,Fan1,22909,FAN1,mouse
99512,Wdr47,22911,WDR47,mouse
19383,Raly,22913,RALY,mouse
27007,Klrk1,22914,KLRK1|KLRC4-KLRK1,mouse
70945,Mmrn1,22915,MMRN1,mouse
68092,Ncbp2,22916,NCBP2,mouse
22786,Zp1,22917,ZP1,mouse
17064,Cd93,22918,CD93,mouse
13589,Mapre1,22919,MAPRE1,mouse
16579,Kifap3,22920,KIFAP3,mouse
76467,Msrb2,22921,MSRB2,mouse
100732,Mapre3,22924,MAPRE3,mouse
18779,Pla2r1,22925,PLA2R1,mouse
226641,Atf6,22926,ATF6,mouse
56541,Habp4,22927,HABP4,mouse
20768,Sephs2,22928,SEPHS2,mouse
109079,Sephs1,22929,SEPHS1,mouse
226407,Rab3gap1,22930,RAB3GAP1,mouse
19330,Rab18,22931,RAB18,mouse
22788,Zp3,22932,POMZP3,mouse
64383,Sirt2,22933,SIRT2,mouse
19895,Rpia,22934,RPIA,mouse
192657,Ell2,22936,ELL2,mouse
235623,Scap,22937,SCAP,mouse
66354,Snw1,22938,SNW1,mouse
15227,Foxf1,2294,FOXF1,mouse
210274,Shank2,22941,SHANK2,mouse
13380,Dkk1,22943,DKK1,mouse
16588,Kin,22944,KIN,mouse
12465,Cct5,22948,CCT5,mouse
67103,Ptgr1,22949,PTGR1,mouse
14238,Foxf2,2295,FOXF2,mouse
20534,Slc4a1ap,22950,SLC4A1AP,mouse
13108,Cyp2g1,22952,CYP2G1P,mouse
231602,P2rx2,22953,P2RX2,mouse
69807,Trim32,22954,TRIM32,mouse
29871,Scmh1,22955,SCMH1,mouse
17300,Foxc1,2296,FOXC1,mouse
15229,Foxd1,2297,FOXD1,mouse
72119,Tpx2,22974,TPX2,mouse
55982,Paxip1,22976,PAXIP1,mouse
110198,Akr7a5,22977,AKR7A3,mouse
76952,Nt5c2,22978,NT5C2,mouse
668212,Efr3b,22979,EFR3B,mouse
14237,Foxd4,2298,FOXD4,mouse
66855,Tcf25,22980,TCF25,mouse
78177,Ninl,22981,NINL,mouse
208440,Dip2c,22982,DIP2C,mouse
56527,Mast1,22983,MAST1,mouse
18572,Pdcd11,22984,PDCD11,mouse
56215,Acin1,22985,ACIN1,mouse
66673,Sorcs3,22986,SORCS3,mouse
75209,Sv2c,22987,SV2C,mouse
667772,Myh15,22989,MYH15,mouse
14233,Foxi1,2299,FOXI1,mouse
54604,Pcnx1,22990,PCNX1,mouse
225876,Kdm2a,22992,KDM2A,mouse
106894,Hmgxb3,22993,HMGXB3,mouse
12009,Cep131,22994,CEP131,mouse
99100,Cep152,22995,CEP152,mouse
230603,Ttc39a,22996,TTC39A,mouse
235086,Igsf9b,22997,IGSF9B,mouse
77569,Limch1,22998,LIMCH1,mouse
116837,Rims1,22999,RIMS1,mouse
224742,Abcf1,23,ABCF1,mouse
11676,Aldoc,230,ALDOC,mouse
14241,Foxl1,2300,FOXL1,mouse
72145,Wdfy3,23001,WDFY3,mouse
208846,Daam1,23002,DAAM1,mouse
26390,Mapkbp1,23005,MAPKBP1,mouse
269437,Plch1,23007,PLCH1,mouse
76788,Klhdc10,23008,KLHDC10,mouse
30923,Foxe3,2301,FOXE3,mouse
216344,Rab21,23011,RAB21,mouse
232533,Stk38l,23012,STK38L,mouse
56381,Spen,23013,SPEN,mouse
231670,Fbxo21,23014,FBXO21,mouse
99412,Golga2,23015,GOLGA8A,mouse
66446,Exosc7,23016,EXOSC7,mouse
72393,Faim2,23017,FAIM2,mouse
234594,Cnot1,23019,CNOT1,mouse
15223,Foxj1,2302,FOXJ1,mouse
320632,Snrnp200,23020,SNRNP200,mouse
72333,Palld,23022,PALLD,mouse
330401,Tmcc1,23023,TMCC1,mouse
55983,Pdzrn3,23024,PDZRN3,mouse
382018,Unc13a,23025,UNC13A,mouse
244281,Myo16,23026,MYO16,mouse
99982,Kdm1a,23028,KDM1A,mouse
52202,Rbm34,23029,RBM34,mouse
14234,Foxc2,2303,FOXC2,mouse
193796,Kdm4b,23030,KDM4B,mouse
546071,Mast3,23031,MAST3,mouse
170822,Usp33,23032,USP33,mouse
320615,Dop1a,23033,DOP1A,mouse
74480,Samd4,23034,SAMD4A,mouse
244650,Phlpp2,23035,PHLPP2,mouse
30046,Zfp292,23036,ZNF292,mouse
68070,Pdzd2,23037,PDZD2,mouse
230796,Wdtc1,23038,WDTC1,mouse
65246,Xpo7,23039,XPO7,mouse
110805,Foxe1,2304,FOXE1,mouse
17933,Myt1l,23040,MYT1L,mouse
67074,Mon2,23041,MON2,mouse
94184,Pdxdc1,23042,PDXDC1,mouse
665113,Tnik,23043,TNIK,mouse
16565,Kif21b,23046,KIF21B,mouse
100710,Pds5b,23047,PDS5B,mouse
14269,Fnbp1,23048,FNBP1,mouse
233789,Smg1,23049,SMG1,mouse
14235,Foxm1,2305,FOXM1,mouse
320799,Zhx3,23051,ZHX3,mouse
71946,Endod1,23052,ENDOD1,mouse
268721,Zswim8,23053,ZSWIM8,mouse
56406,Ncoa6,23054,NCOA6,mouse
226518,Nmnat2,23057,NMNAT2,mouse
76779,Cluap1,23059,CLUAP1,mouse
17301,Foxd2,2306,FOXD2,mouse
214812,Zfp609,23060,ZNF609,mouse
76795,Tbc1d9b,23061,TBC1D9B,mouse
74105,Gga2,23062,GGA2,mouse
218914,Wapl,23063,WAPL,mouse
269254,Setx,23064,SETX,mouse
230866,Emc1,23065,EMC1,mouse
67088,Cand2,23066,CAND2,mouse
208043,Setd1b,23067,SETD1B,mouse
14239,Foxs1,2307,FOXS1,mouse
74157,Cmtr1,23070,CMTR1,mouse
76299,Erp44,23071,ERP44,mouse
94253,Hecw1,23072,HECW1,mouse
75089,Uhrf1bp1l,23074,UHRF1BP1L,mouse
20947,Swap70,23075,SWAP70,mouse
72462,Rrp1b,23076,RRP1B,mouse
105689,Mycbp2,23077,MYCBP2,mouse
219189,Vwa8,23078,VWA8,mouse
56458,Foxo1,2308,FOXO1,mouse
78937,Avl9,23080,AVL9,mouse
76804,Kdm4c,23081,KDM4C,mouse
226169,Pprc1,23082,PPRC1,mouse
111173,Erc1,23085,ERC1,mouse
320051,Exph5,23086,EXPH5,mouse
66854,Trim35,23087,TRIM35,mouse
170676,Peg10,23089,PEG10,mouse
56484,Foxo3,2309,FOXO3,mouse
94187,Zfp423,23090,ZNF423,mouse
67302,Zc3h13,23091,ZC3H13,mouse
71302,Arhgap26,23092,ARHGAP26,mouse
320244,Ttll5,23093,TTLL5,mouse
74206,Sipa1l3,23094,SIPA1L3,mouse
16561,Kif1b,23095,KIF1B,mouse
245666,Iqsec2,23096,IQSEC2,mouse
78334,Cdk19,23097,CDK19,mouse
237868,Sarm1,23098,SARM1,mouse
71834,Zbtb43,23099,ZBTB43,mouse
11677,Akr1b1,231,AKR1B1,mouse
56484,Foxo3,2310,FOXO3B,mouse
67016,Tbc1d2b,23102,TBC1D2B,mouse
320027,Fstl4,23105,FSTL4,mouse
218506,Mrps27,23107,MRPS27,mouse
380711,Rap1gap2,23108,RAP1GAP2,mouse
13199,Ddn,23109,DDN,mouse
229285,Spart,23111,SPART,mouse
213988,Tnrc6b,23112,TNRC6B,mouse
78309,Cul9,23113,CUL9,mouse
269116,Nfasc,23114,NFASC,mouse
328108,Togaram1,23116,TOGARAM1,mouse
68652,Tab2,23118,TAB2,mouse
58180,Hic2,23119,HIC2,mouse
14246,Flg,2312,FLG,mouse
319767,Atp10b,23120,ATP10B,mouse
76499,Clasp2,23122,CLASP2,mouse
216874,Camta2,23125,CAMTA2,mouse
229584,Pogz,23126,POGZ,mouse
269132,Colgalt2,23127,COLGALT2,mouse
67784,Plxnd1,23129,PLXND1,mouse
14247,Fli1,2313,FLI1,mouse
329015,Atg2a,23130,ATG2A,mouse
237943,Gpatch8,23131,GPATCH8,mouse
81000,Rad54l2,23132,RAD54L2,mouse
320595,Phf8,23133,PHF8,mouse
216850,Kdm6b,23135,KDM6B,mouse
13823,Epb41l3,23136,EPB41L3,mouse
226026,Smc5,23137,SMC5,mouse
212706,N4bp3,23138,N4BP3,mouse
17776,Mast2,23139,MAST2,mouse
14248,Flii,2314,FLII,mouse
195018,Zzef1,23140,ZZEF1,mouse
71782,Ankle2,23141,ANKLE2,mouse
100737,Dcun1d4,23142,DCUN1D4,mouse
380916,Lrch1,23143,LRCH1,mouse
223642,Zc3h3,23144,ZC3H3,mouse
243369,Sspo,23145,SSPOP,mouse
192950,Nacad,23148,NACAD,mouse
74015,Fcho1,23149,FCHO1,mouse
77836,Mlana,2315,MLANA,mouse
232288,Frmd4b,23150,FRMD4B,mouse
223752,Gramd4,23151,GRAMD4,mouse
71722,Cic,23152,CIC,mouse
26562,Ncdn,23154,NCDN,mouse
229725,Clcc1,23155,CLCC1,mouse
56526,Septin6,23157,SEPTIN6,mouse
71310,Tbc1d9,23158,TBC1D9,mouse
192176,Flna,2316,FLNA,mouse
72515,Wdr43,23160,WDR43,mouse
217463,Snx13,23161,SNX13,mouse
30957,Mapk8ip3,23162,MAPK8IP3,mouse
260302,Gga3,23163,GGA3,mouse
26936,Mprip,23164,MPRIP,mouse
70699,Nup205,23165,NUP205,mouse
192187,Stab1,23166,STAB1,mouse
76740,Efr3a,23167,EFR3A,mouse
76246,Rtf1,23168,RTF1,mouse
242585,Slc35d1,23169,SLC35D1,mouse
286940,Flnb,2317,FLNB,mouse
223723,Ttll12,23170,TTLL12,mouse
333433,Gpd1l,23171,GPD1L,mouse
109359,Abraxas2,23172,ABRAXAS2,mouse
75624,Metap1,23173,METAP1,mouse
142682,Zcchc14,23174,ZCCHC14,mouse
14245,Lpin1,23175,LPIN1,mouse
20362,Septin8,23176,SEPTIN8,mouse
216543,Cep68,23177,CEP68,mouse
269224,Pask,23178,PASK,mouse
19731,Rgl1,23179,RGL1,mouse
68794,Flnc,2318,FLNC,mouse
76438,Rftn1,23180,RFTN1,mouse
64451,Dip2a,23181,DIP2A,mouse
67943,Mesd,23184,MESD,mouse
217980,Larp4b,23185,LARP4B,mouse
217864,Rcor1,23186,RCOR1,mouse
102693,Phldb1,23187,PHLDB1,mouse
107351,Kank1,23189,KANK1,mouse
14252,Flot2,2319,FLOT2,mouse
67812,Ubxn4,23190,UBXN4,mouse
20430,Cyfip1,23191,CYFIP1,mouse
66615,Atg4b,23192,ATG4B,mouse
14376,Ganab,23193,GANAB,mouse
448987,Fbxl7,23194,FBXL7,mouse
100019,Mdn1,23195,MDN1,mouse
218236,Fam120a,23196,FAM120A,mouse
76577,Faf2,23197,FAF2,mouse
103554,Psme4,23198,PSME4,mouse
382034,Gse1,23199,GSE1,mouse
76295,Atp11b,23200,ATP11B,mouse
319604,Fam168a,23201,FAM168A,mouse
66865,Pmpca,23203,PMPCA,mouse
54208,Arl6ip1,23204,ARL6IP1,mouse
94180,Acsbg1,23205,ACSBG1,mouse
69582,Plekhm2,23207,PLEKHM2,mouse
229521,Syt11,23208,SYT11,mouse
170790,Mlc1,23209,MLC1,mouse
14254,Flt1,2321,FLT1,mouse
107817,Jmjd6,23210,JMJD6,mouse
330474,Zc3h4,23211,ZC3H4,mouse
59014,Rrs1,23212,RRS1,mouse
240725,Sulf1,23213,SULF1,mouse
74204,Xpo6,23214,XPO6,mouse
226562,Prrc2c,23215,PRRC2C,mouse
57915,Tbc1d1,23216,TBC1D1,mouse
103406,Zfr2,23217,ZFR2,mouse
235627,Nbeal2,23218,NBEAL2,mouse
67948,Fbxo28,23219,FBXO28,mouse
14255,Flt3,2322,FLT3,mouse
207521,Dtx4,23220,DTX4,mouse
246710,Rhobtb2,23221,RHOBTB2,mouse
107094,Rrp12,23223,RRP12,mouse
319565,Syne2,23224,SYNE2,mouse
54563,Nup210,23225,NUP210,mouse
224860,Plcl2,23228,PLCL2,mouse
236915,Arhgef9,23229,ARHGEF9,mouse
14256,Flt3l,2323,FLT3LG,mouse
271564,Vps13a,23230,VPS13A,mouse
231238,Sel1l3,23231,SEL1L3,mouse
209478,Tbc1d12,23232,TBC1D12,mouse
75914,Exoc6b,23233,EXOC6B,mouse
108671,Dnajc9,23234,DNAJC9,mouse
235344,Sik2,23235,SIK2,mouse
18795,Plcb1,23236,PLCB1,mouse
11838,Arc,23237,ARC,mouse
98432,Phlpp1,23239,PHLPP1,mouse
14257,Flt4,2324,FLT4,mouse
229473,Tmem131l,23240,TMEM131L,mouse
217893,Pacs2,23241,PACS2,mouse
12808,Cobl,23242,COBL,mouse
105522,Ankrd28,23243,ANKRD28,mouse
71521,Pds5a,23244,PDS5A,mouse
56079,Astn2,23245,ASTN2,mouse
12181,Bop1,23246,BOP1,mouse
233865,Katnip,23247,KATNIP,mouse
75137,Rprd2,23248,RPRD2,mouse
50770,Atp11a,23250,ATP11A,mouse
209743,Minar1,23251,MINAR1,mouse
73162,Otud3,23252,OTUD3,mouse
106585,Ankrd12,23253,ANKRD12,mouse
71529,Kazn,23254,KAZN,mouse
68617,Mtcl1,23255,MTCL1,mouse
76983,Scfd1,23256,SCFD1,mouse
19347,Dennd5a,23258,DENND5A,mouse
72108,Ddhd2,23259,DDHD2,mouse
14261,Fmo1,2326,FMO1,mouse
100072,Camta1,23261,CAMTA1,mouse
227399,Ppip5k2,23262,PPIP5K2,mouse
17207,Mcf2l,23263,MCF2L,mouse
20286,Zc3h7b,23264,ZC3H7B,mouse
53413,Exoc7,23265,EXOC7,mouse
99633,Adgrl2,23266,ADGRL2,mouse
71972,Dnmbp,23268,DNMBP,mouse
29808,Mga,23269,MGA,mouse
55990,Fmo2,2327,FMO2,mouse
72480,Tspyl4,23270,TSPYL4,mouse
67886,Camsap2,23271,CAMSAP2,mouse
218850,Tasor,23272,TASOR,mouse
74374,Clec16a,23274,CLEC16A,mouse
80294,Pofut2,23275,POFUT2,mouse
270201,Klhl18,23276,KLHL18,mouse
74148,Cluh,23277,CLUH,mouse
59015,Nup160,23279,NUP160,mouse
14262,Fmo3,2328,FMO3,mouse
77521,Mtus2,23281,MTUS2,mouse
83410,Cstf2t,23283,CSTF2T,mouse
319387,Adgrl3,23284,ADGRL3,mouse
211652,Wwc1,23286,WWC1,mouse
67269,Agtpbp1|A230056J06Rik,23287,AGTPBP1,mouse
74239,Iqce,23288,IQCE,mouse
226564,Fmo4,2329,FMO4,mouse
103583,Fbxw11,23291,FBXW11,mouse
103677,Smg6,23293,SMG6,mouse
224650,Anks1,23294,ANKS1A,mouse
17237,Mgrn1,23295,MGRN1,mouse
76895,Bicd2,23299,BICD2,mouse
14263,Fmo5,2330,FMO5,mouse
234776,Atmin,23300,ATMIN,mouse
216565,Ehbp1,23301,EHBP1,mouse
216881,Wscd1,23302,WSCD1,mouse
16554,Kif13b,23303,KIF13B,mouse
224826,Ubr2,23304,UBR2,mouse
216739,Acsl6,23305,ACSL6,mouse
210035,1700012D01Rik|Nemp1,23306,NEMP1,mouse
338355,Fkbp15,23307,FKBP15,mouse
50723,Icosl,23308,ICOSLG,mouse
20467,Sin3b,23309,SIN3B,mouse
14264,Fmod,2331,FMOD,mouse
78658,Ncapd3,23310,NCAPD3,mouse
235380,Dmxl2,23312,DMXL2,mouse
223739,5031439G07Rik,23313,KIAA0930,mouse
212712,Satb2,23314,SATB2,mouse
77031,Slc9a8,23315,SLC9A8,mouse
13048,Cux2,23316,CUX2,mouse
235567,Dnajc13,23317,DNAJC13,mouse
230594,Tut4,23318,TUT4,mouse
14265,Fmr1,2332,FMR1,mouse
80890,Trim2,23321,TRIM2,mouse
244585,Rpgrip1l,23322,RPGRIP1L,mouse
17160,Man2b2,23324,MAN2B2,mouse
319277,Washc4,23325,WASHC4,mouse
216825,Usp22,23326,USP22,mouse
83814,Nedd4l,23327,NEDD4L,mouse
70097,Sash1,23328,SASH1,mouse
74694,Tbc1d30,23329,TBC1D30,mouse
209683,Ttc28,23331,TTC28,mouse
76707,Clasp1,23332,CLASP1,mouse
244745,Dpy19l1,23333,DPY19L1,mouse
230676,Szt2,23334,SZT2,mouse
104082,Wdr7,23335,WDR7,mouse
233335,Synm,23336,SYNM,mouse
76901,Jade2,23338,JADE2,mouse
269338,Vps39,23339,VPS39,mouse
14266,Aff2,2334,AFF2,mouse
214063,Dnajc16,23341,DNAJC16,mouse
23943,Esyt1,23344,ESYT1,mouse
64009,Syne1,23345,SYNE1,mouse
74355,Smchd1,23347,SMCHD1,mouse
105445,Dock9,23348,DOCK9,mouse
230085,Phf24,23349,PHF24,mouse
14268,Fn1,2335,FN1,mouse
67958,U2surp,23350,U2SURP,mouse
219094,Khnyn,23351,KHNYN,mouse
69116,Ubr4,23352,UBR4,mouse
77053,Sun1,23353,SUN1,mouse
71909,Haus5,23354,HAUS5,mouse
209018,Vps8,23355,VPS8,mouse
68737,Angel1,23357,ANGEL1,mouse
329908,Usp24,23358,USP24,mouse
70638,Fam189a1,23359,FAM189A1,mouse
55935,Fnbp4,23360,FNBP4,mouse
320683,Zfp629,23361,ZNF629,mouse
234353,Psd3,23362,PSD3,mouse
98733,Obsl1,23363,OBSL1,mouse
69632,Arhgef12,23365,ARHGEF12,mouse
68283,9530077C05Rik,23366,KIAA0895,mouse
73158,Larp1,23367,LARP1,mouse
21981,Ppp1r13b,23368,PPP1R13B,mouse
80913,Pum2,23369,PUM2,mouse
102098,Arhgef18,23370,ARHGEF18,mouse
209039,Tns2,23371,TNS2,mouse
382056,Crtc1,23373,CRTC1,mouse
67490,Ufl1,23376,UFL1,mouse
101867,Rrp8,23378,RRP8,mouse
218333,Ice1,23379,ICE1,mouse
14270,Srgap2,23380,SRGAP2,mouse
229512,Smg5,23381,SMG5,mouse
74340,Ahcyl2,23382,AHCYL2,mouse
74549,Mau2,23383,MAU2,mouse
74392,Specc1l,23384,SPECC1L,mouse
59287,Ncstn,23385,NCSTN,mouse
209586,Nudcd3,23386,NUDCD3,mouse
70661,Sik3,23387,SIK3,mouse
76199,Med13l,23389,MED13L,mouse
14272,Fnta,2339,FNTA,mouse
320150,Zdhhc17,23390,ZDHHC17,mouse
230249,Ecpas,23392,ECPAS,mouse
11538,Adnp,23394,ADNP,mouse
102436,Lars2,23395,LARS2,mouse
18717,Pip5k1c,23396,PIP5K1C,mouse
215387,Ncaph,23397,NCAPH,mouse
238831,Ppwd1,23398,PPWD1,mouse
67181,Ctdnep1,23399,CTDNEP1,mouse
74772,Atp13a2,23400,ATP13A2,mouse
212398,Frat2,23401,FRAT2,mouse
243867,Fbxo46,23403,FBXO46,mouse
227715,Exosc2,23404,EXOSC2,mouse
192119,Dicer1,23405,DICER1,mouse
72042,Cotl1,23406,COTL1,mouse
68346,Sirt5,23408,SIRT5,mouse
75387,Sirt4,23409,SIRT4,mouse
64384,Sirt3,23410,SIRT3,mouse
93759,Sirt1,23411,SIRT1,mouse
12238,Commd3,23412,COMMD3,mouse
14299,Ncs1,23413,NCS1,mouse
22762,Zfpm2,23414,ZFPM2,mouse
380728,Kcnh4,23415,KCNH4,mouse
16512,Kcnh3,23416,KCNH3,mouse
56690,Mlycd,23417,MLYCD,mouse
170788,Crb1,23418,CRB1,mouse
110606,Fntb,2342,FNTB|CHURC1-FNTB,mouse
211548,Nomo1,23420,NOMO1,mouse
67733,Itgb3bp,23421,ITGB3BP,mouse
66111,Tmed3,23423,TMED3,mouse
100121,Tdrd7,23424,TDRD7,mouse
74053,Grip1,23426,GRIP1,mouse
50934,Slc7a8,23428,SLC7A8,mouse
56353,Rybp|Rybp-ps,23429,RYBP,mouse
100503895,Tpsab1,23430,TPSD1,mouse
108011,Ap4e1,23431,AP4E1,mouse
240888,Gpr161,23432,GPR161,mouse
104215,Rhoq,23433,RHOQ,mouse
230908,Tardbp,23435,TARDBP,mouse
242711,Cela3a,23436,CELA3B,mouse
67868,Cela3b,23436,CELA3B,mouse
70791,Hars2,23438,HARS2,mouse
67821,Atp1b4,23439,ATP1B4,mouse
18420,Otp,23440,OTP,mouse
229782,Slc35a3,23443,SLC35A3,mouse
100434,Slc44a1,23446,SLC44A1,mouse
101943,Sf3b3,23450,SF3B3,mouse
81898,Sf3b1,23451,SF3B1,mouse
26360,Angptl2,23452,ANGPTL2,mouse
56199,Abcb10,23456,ABCB10,mouse
56325,Abcb9,23457,ABCB9,mouse
53320,Folh1,2346,FOLH1,mouse
76184,Abca6,23460,ABCA6,mouse
217265,Abca5,23461,ABCA5,mouse
15213,Hey1,23462,HEY1,mouse
57295,Icmt,23463,ICMT,mouse
26912,Gcat,23464,GCAT,mouse
494448,Cbx6,23466,CBX6,mouse
73340,Nptxr,23467,NPTXR,mouse
12419,Cbx5,23468,CBX5,mouse
213109,Phf3,23469,PHF3,mouse
72265,Tram1,23471,TRAM1,mouse
12339,Capn7,23473,CAPN7,mouse
66071,Ethe1,23474,ETHE1,mouse
67375,Qprt,23475,QPRT,mouse
57261,Brd4,23476,BRD4,mouse
56529,Sec11a,23478,SEC11A,mouse
66383,Iscu,23479,ISCU,mouse
14275,Folr1,2348,FOLR1,mouse
20335,Sec61g,23480,SEC61G,mouse
64934,Pes1,23481,PES1,mouse
76355,Tgds,23483,TGDS,mouse
68192,Leprotl1,23484,LEPROTL1,mouse
13909,Ces3b,23491,CES3,mouse
382053,Ces3a,23491,CES3,mouse
52609,Cbx7,23492,CBX7,mouse
15214,Hey2,23493,HEY2,mouse
57916,Tnfrsf13b,23495,TNFRSF13B,mouse
107766,Haao,23498,HAAO,mouse
11426,Macf1,23499,MACF1,mouse
14276,Folr2,2350,FOLR2,mouse
76441,Daam2,23500,DAAM2,mouse
211978,Zfyve26,23503,ZFYVE26,mouse
231760,Rimbp2,23504,RIMBP2,mouse
56030,Tmem131,23505,TMEM131,mouse
210982,Bicral,23506,BICRAL,mouse
433926,Lrrc8b,23507,LRRC8B,mouse
69480,Ttc9,23508,TTC9,mouse
140484,Pofut1,23509,POFUT1,mouse
70382,Kctd2,23510,KCTD2,mouse
227699,Nup188,23511,NUP188,mouse
52615,Suz12,23512,SUZ12,mouse
105782,Scrib,23513,SCRIB,mouse
224008,Spidr,23514,SPIDR,mouse
338467,Morc3,23515,MORC3,mouse
213053,Slc39a14,23516,SLC39A14,mouse
72198,Mtrex,23517,MTREX,mouse
226412,R3hdm1,23518,R3HDM1,mouse
11737,Anp32a,23519,ANP32D,mouse
14276,Folr2,2352,FOLR3,mouse
11737,Anp32a,23520,ANP32C,mouse
22121,Rpl13a,23521,RPL13A,mouse
54169,Kat6b,23522,KAT6B,mouse
104248,Cabin1,23523,CABIN1,mouse
75956,Srrm2,23524,SRRM2,mouse
70719,Arhgap45,23526,ARHGAP45,mouse
78618,Acap2,23527,ACAP2,mouse
226442,Zfp281,23528,ZNF281,mouse
56708,Clcf1,23529,CLCF1,mouse
14281,Fos,2353,FOS,mouse
18115,Nnt,23530,NNT,mouse
67468,Mmd,23531,MMD,mouse
77632,Pramel13,23532,PRAME,mouse
320207,Pik3r5,23533,PIK3R5,mouse
320938,Tnpo3,23534,TNPO3,mouse
30947,Adat1,23536,ADAT1,mouse
57274,Slc16a8,23539,SLC16A8,mouse
14282,Fosb,2354,FOSB,mouse
67815,Sec14l2,23541,SEC14L2,mouse
60597,Mapk8ip2,23542,MAPK8IP2,mouse
93686,Rbfox2,23543,RBFOX2,mouse
56747,Sez6l,23544,SEZ6L,mouse
21871,Atp6v0a2,23545,ATP6V0A2,mouse
58867,Syngr4,23546,SYNGR4,mouse
100038909,Pira11|Pira6|Pira7|Pira12,23547,LILRA4,mouse
100041146,Pira6|Pira13,23547,LILRA4,mouse
18725,Pira2,23547,LILRA4,mouse
18726,Lilra6,23547,LILRA4,mouse
18733,Pirb,23547,LILRA4,mouse
67515,Ttc33,23548,TTC33,mouse
13437,Dnpep,23549,DNPEP,mouse
14284,Fosl2,2355,FOSL2,mouse
215632,Psd4,23550,PSD4,mouse
75141,Rasd2,23551,RASD2,mouse
105278,Cdk20,23552,CDK20,mouse
77042,Hyal4,23553,HYAL4,mouse
269831,Tspan12,23554,TSPAN12,mouse
70423,Tspan15,23555,TSPAN15,mouse
27392,Pign,23556,PIGN,mouse
20615,Snapin,23557,SNAPIN,mouse
22378,Wbp2,23558,WBP2,mouse
22377,Wbp1,23559,WBP1,mouse
14287,Fpgs,2356,FPGS,mouse
69237,Gtpbp4,23560,GTPBP4,mouse
56173,Cldn14,23562,CLDN14,mouse
56773,Chst5,23563,CHST5,mouse
51793,Ddah2,23564,DDAH2,mouse
65086,Lpar3,23566,LPAR3,mouse
26919,Zfp346,23567,ZNF346,mouse
107566,Arl2bp,23568,ARL2BP,mouse
18602,Padi4,23569,PADI4,mouse
14293,Fpr1,2357,FPR1,mouse
69219,Ddah1,23576,DDAH1,mouse
14290,Fpr-rs3,2358,FPR2,mouse
14294,Fpr3,2358,FPR2,mouse
14291,Fpr-rs4,2358,FPR2,mouse
14289,Fpr2,2358,FPR2,mouse
321021,Fpr-rs7,2358,FPR2,mouse
321020,Fpr-rs6,2358,FPR2,mouse
56699,Cdc42ep4,23580,CDC42EP4,mouse
12365,Casp14,23581,CASP14,mouse
17151,Ccndbp1,23582,CCNDBP1,mouse
71726,Smug1,23583,SMUG1,mouse
57276,Vsig2,23584,VSIG2,mouse
71817,Tmem50a,23585,TMEM50A,mouse
230073,Ddx58,23586,DDX58,mouse
54351,Elp5,23587,ELP5,mouse
69554,Klhdc2,23588,KLHDC2,mouse
52502,Carhsp1,23589,CARHSP1,mouse
14294,Fpr3,2359,FPR3,mouse
56075,Pdss1,23590,PDSS1,mouse
380664,Lemd3,23592,LEMD3,mouse
56016,Hebp2,23593,HEBP2,mouse
56452,Orc6,23594,ORC6,mouse
50793,Orc3,23595,ORC3,mouse
13603,Opn3,23596,CHML|OPN3,mouse
56360,Acot9,23597,ACOT9,mouse
64833,Acot10,23597,ACOT9,mouse
56218,Patz1,23598,PATZ1,mouse
17117,Amacr,23600,AMACR,mouse
23845,Clec5a,23601,CLEC5A,mouse
23790,Coro1c,23603,CORO1C,mouse
13143,Dapk2,23604,DAPK2,mouse
12488,Cd2ap,23607,CD2AP,mouse
54484,Mkrn1,23608,MKRN1,mouse
67027,Mkrn2,23609,MKRN2,mouse
27280,Phlda3,23612,PHLDA3,mouse
228880,Zmynd8,23613,ZMYND8,mouse
20401,Sh3bp1,23616,SH3BP1,mouse
22115,Tssk2,23617,TSSK2,mouse
18217,Ntsr2,23620,NTSR2,mouse
23821,Bace1,23621,BACE1,mouse
72296,Rusc1,23623,RUSC1,mouse
80794,Cblc,23624,CBLC,mouse
17826,Fam89b,23625,FAM89B,mouse
26972,Spo11,23626,SPO11,mouse
26434,Prnd,23627,PRND,mouse
66240,Kcne5,23630,KCNE5,mouse
23831,Car14,23632,CA14,mouse
16650,Kpna6,23633,KPNA6,mouse
66970,Ssbp2,23635,SSBP2,mouse
18226,Nup62,23636,NUP62,mouse
227800,Rabgap1,23637,RABGAP1,mouse
54562,Lrrc6,23639,DNAAF11,mouse
66245,Hspbp1,23640,HSPBP1,mouse
434784,Ldoc1,23641,LDOC1,mouse
17087,Ly96,23643,LY96,mouse
234699,Edc4,23644,EDC4,mouse
17872,Ppp1r15a,23645,PPP1R15A,mouse
18807,Pld3,23646,PLD3,mouse
76932,Arfip2,23647,ARFIP2,mouse
72475,Ssbp3,23648,SSBP3,mouse
18969,Pola2,23649,POLA2,mouse
72169,Trim29,23650,TRIM29,mouse
140570,Plxnb2,23654,PLXNB2,mouse
26570,Slc7a11,23657,SLC7A11,mouse
66373,Lsm5,23658,LSM5,mouse
192654,Pla2g15,23659,PLA2G15,mouse
22757,Zkscan5,23660,ZKSCAN5,mouse
83921,Cemip2,23670,CEMIP2,mouse
56363,Tmeff2,23671,TMEFF2,mouse
100226,Stx12,23673,STX12,mouse
66106,Smpx,23676,SMPX,mouse
98402,Sh3bp4,23677,SH3BP4,mouse
170755,Sgk3,23678,SGK3,mouse
72433,Rab38,23682,RAB38,mouse
75292,Prkd3,23683,PRKD3,mouse
57814,Kcne4,23704,KCNE4,mouse
54725,Cadm1,23705,CADM1,mouse
14853,Gspt2,23708,GSPT2,mouse
57436,Gabarapl1,23710,GABARAPL1,mouse
74637,Shpk,23729,SHPK,mouse
242474,Tmem245,23731,TMEM245,mouse
230235,Frrs1l,23732,FRRS1L,mouse
58521,Eid1,23741,EID1,mouse
64918,Bhmt2,23743,BHMT2,mouse
114230,Aipl1,23746,AIPL1,mouse
64136,Sdf2l1,23753,SDF2L1,mouse
66053,Ppil2,23759,PPIL2,mouse
56305,Pitpnb,23760,PITPNB,mouse
320951,Pisd,23761,PISD,mouse
74309,Osbp2,23762,OSBP2,mouse
17133,Maff,23764,MAFF,mouse
16172,Il17ra,23765,IL17RA,mouse
71436,Flrt3,23767,FLRT3,mouse
399558,Flrt2,23768,FLRT2,mouse
396184,Flrt1,23769,FLRT1,mouse
14232,Fkbp8,23770,FKBP8,mouse
223770,Brd1,23774,BRD1,mouse
73167,Arhgap8,23779,ARHGAP8,mouse
108956,Apol7c,23780,APOL2,mouse
239552,Apol8,23780,APOL2,mouse
223672,Apol9a,23780,APOL2,mouse
245282,Apol10a,23780,APOL2,mouse
328561,Apol10b,23780,APOL2,mouse
328563,Apol11b,23780,APOL2,mouse
626615,Apol11a,23780,APOL2,mouse
278679,Apol7b,23780,APOL2,mouse
71898,Apol9b,23780,APOL2,mouse
75761,Apol7a,23780,APOL2,mouse
666348,Apol7e,23780,APOL2,mouse
94044,Bcl2l13,23786,BCL2L13,mouse
56462,Mtch1,23787,MTCH1,mouse
56428,Mtch2,23788,MTCH2,mouse
11682,Alk,238,ALK,mouse
11684,Alox12,239,ALOX12,mouse
14297,Fxn,2395,FXN,mouse
11304,Abca4,24,ABCA4,mouse
11689,Alox5,240,ALOX5,mouse
11690,Alox5ap,241,ALOX5AP,mouse
16571,Kif4,24137,KIF4A,mouse
72205,Eml2,24139,EML2,mouse
54632,Ftsj1,24140,FTSJ1,mouse
76161,Lamp5,24141,LAMP5,mouse
56441,Naa80,24142,NAA80,mouse
54723,Tfip11,24144,TFIP11,mouse
55991,Panx1,24145,PANX1,mouse
60363,Cldn15,24146,CLDN15,mouse
14221,Fjx1,24147,FJX1,mouse
68879,Prpf6,24148,PRPF6,mouse
57908,Zfp318,24149,ZNF318,mouse
11686,Alox12b,242,ALOX12B,mouse
14302,Frk,2444,FRK,mouse
70891,Spdya,245711,SPDYA,mouse
68774,Ms4a6d,245802,MS4A6E,mouse
73656,Ms4a6c,245802,MS4A6E,mouse
69774,Ms4a6b,245802,MS4A6E,mouse
215031,Vgll2,245806,VGLL2,mouse
66455,Cnpy4,245812,CNPY4,mouse
442835,Defb22,245911,DEFB108B,mouse
77673,Defb41,245913,DEFB110,mouse
654460,Defb18,245927,DEFB113,mouse
545475,Defb28,245929,DEFB115,mouse
75400,Defb29,245930,DEFB116,mouse
246700,Defb19,245932,DEFB119,mouse
442835,Defb22,245934,DEFB121,mouse
266620,Defb36,245936,DEFB123,mouse
654459,Defb25,245937,DEFB124,mouse
654457,Defb26,245938,DEFB125,mouse
319579,Defb20,245939,DEFB128,mouse
242341,Atp6v0d2,245972,ATP6V0D2,mouse
68775,Atp6v1c2,245973,ATP6V1C2,mouse
11687,Alox15,246,ALOX15,mouse
231464,Cnot6l,246175,CNOT6L,mouse
237891,Gas2l2,246176,GAS2L2,mouse
110198,Akr7a5,246181,AKR7L,mouse
66440,Cdc26,246184,CDC26,mouse
216227,Slc17a8,246213,SLC17A8,mouse
19819,Rnaseh1,246243,RNASEH1,mouse
215951,Afg1l,246269,AFG1L,mouse
237611,Stac3,246329,STAC3,mouse
240518,Peli3,246330,PELI3,mouse
20022,Polr2j,246721,POLR2J2,mouse
66712,Spesp1,246777,SPESP1,mouse
246779,Il27,246778,IL27,mouse
11688,Alox8,247,ALOX15B,mouse
56717,Mtor,2475,MTOR,mouse
11650,Alppl2,248,ALPI,mouse
11648,Akp3,248,ALPI,mouse
76768,Alpi,248,ALPI,mouse
14300,Frg1,2483,FRG1,mouse
20378,Frzb,2487,FRZB,mouse
14308,Fshb,2488,FSHB,mouse
11647,Alpl,249,ALPL,mouse
102920,Cenpi,2491,CENPI,mouse
14309,Fshr,2492,FSHR,mouse
26424,Nr5a2,2494,NR5A2,mouse
14319,Fth1,2495,FTH1,mouse
11350,Abl1,25,ABL1,mouse
11650,Alppl2,250,ALPP,mouse
11648,Akp3,250,ALPP,mouse
76768,Alpi,250,ALPP,mouse
11650,Alppl2,251,ALPG,mouse
11648,Akp3,251,ALPG,mouse
76768,Alpi,251,ALPG,mouse
14325,Ftl1,2512,FTL,mouse
634386,Ftl1-ps2|Ftl1-ps1,2512,FTL,mouse
26423,Nr5a1,2516,NR5A1,mouse
71665,Fuca1,2517,FUCA1,mouse
66848,Fuca2,2519,FUCA2,mouse
14459,Gast,2520,GAST,mouse
233908,Fus,2521,FUS,mouse
14343,Fut1,2523,FUT1,mouse
14344,Fut2,2524,FUT2,mouse
56546,Sec1,2524,FUT2,mouse
14345,Fut4,2526,FUT4,mouse
66241,Tmem9,252839,TMEM9,mouse
14347,Fut7,2529,FUT7,mouse
382913,Neil2,252969,NEIL2,mouse
20913,Stxbp4,252983,STXBP4,mouse
384061,Fndc5,252995,FNDC5,mouse
53618,Fut8,2530,FUT8,mouse
101202,Hepacam2,253012,HEPACAM2,mouse
243078,Tecrl,253017,TECRL,mouse
77996,Cutal,253039,CUTALP,mouse
70750,Kdsr,2531,KDSR,mouse
215476,Prr14l,253143,PRR14L,mouse
384214,Ephx4,253152,EPHX4,mouse
68607,Serhl,253190,SERHL2,mouse
13349,Ackr1,2532,ACKR1,mouse
78757,Rictor,253260,RICTOR,mouse
23880,Fyb,2533,FYB1,mouse
218268,Eif4e1b,253314,EIF4E1B,mouse
14360,Fyn,2534,FYN,mouse
69718,Ipmk,253430,IPMK,mouse
245007,Zbtb38,253461,ZBTB38,mouse
57265,Fzd2,2535,FZD2,mouse
67554,Slc25a30,253512,SLC25A30,mouse
225010,Lclat1,253558,LCLAT1,mouse
239857,Cadm2,253559,CADM2,mouse
53951,Gpatch11,253635,GPATCH11,mouse
212377,Mms22l,253714,MMS22L,mouse
103220,Ttc41,253724,TTC41P,mouse
28006,Washc2,253725,WASHC2C,mouse
13593,Ebf3,253738,EBF3,mouse
71682,Wdr27,253769,WDR27,mouse
241447,Cers6,253782,CERS6,mouse
14377,G6pc,2538,G6PC1,mouse
320183,Msrb3,253827,MSRB3,mouse
75965,Zdhhc20,253832,ZDHHC20,mouse
14380,G6pd2,2539,G6PD,mouse
14381,G6pdx,2539,G6PD,mouse
229096,Ythdf3,253943,YTHDF3,mouse
56784,Ralgapa1,253959,RALGAPA1,mouse
233877,Kctd13,253980,KCTD13,mouse
233879,Asphd1,253982,ASPHD1,mouse
320204,Etfbkmt,254013,ETFBKMT,mouse
66559,Metap1d,254042,METAP1D,mouse
320538,Ubn2,254048,UBN2,mouse
381741,Lrrc43,254050,LRRC43,mouse
382236,Brwd3,254065,BRWD3,mouse
114601,Ehbp1l1,254102,EHBP1L1,mouse
225861,Snx32,254122,SNX32,mouse
631145,Fam90a1b,254158,CXorf58,mouse
70611,Fbxo33,254170,FBXO33,mouse
330010,Ttll10,254173,TTLL10,mouse
78306,Tsga10ip,254187,TSGA10IP,mouse
14385,Slc37a4,2542,SLC37A4,mouse
108937,Rnf169,254225,RNF169,mouse
103511,Calhm5,254228,CALHM5,mouse
270757,Bpifc,254240,BPIFC,mouse
100041576,Lcorl|Gm3414,254251,LCORL,mouse
209707,Lcorl|Gm3414,254251,LCORL,mouse
12794,Cnih2,254263,CNIH2,mouse
329738,Aknad1,254268,AKNAD1,mouse
227696,Phyhd1,254295,PHYHD1,mouse
70605,Zdhhc24,254359,ZDHHC24,mouse
71567,Mcm9,254394,MCM9,mouse
227545,Proser2,254427,PROSER2,mouse
98396,Slc41a1,254428,SLC41A1,mouse
69861,2010003K11Rik,254439,C11orf86,mouse
75178,Meiob,254528,MEIOB,mouse
99010,Lpcat4,254531,LPCAT4,mouse
66387,Nudt8,254552,NUDT8,mouse
101694,Mir9-3hg,254559,MIR9-3HG,mouse
14375,Xrcc6,2547,XRCC6,mouse
332427,Lyg2,254773,LYG2,mouse
76982,Vxn,254778,VXN,mouse
258772,Olfr821,254783,OR6C74,mouse
258547,Olfr803,254786,OR6C3,mouse
258544,Olfr788,254786,OR6C3,mouse
14387,Gaa,2548,GAA,mouse
635702,Naaladl2,254827,NAALADL2,mouse
69186,Tmem256,254863,TMEM256,mouse
332175,Zdhhc23,254887,ZDHHC23,mouse
14388,Gab1,2549,GAB1,mouse
68694,Lce1e,254910,LCE5A,mouse
66195,Lce1g,254910,LCE5A,mouse
26560,Krtap15,254950,KRTAP15-1,mouse
75495,Morn5,254956,MORN5,mouse
258656,Olfr365,254973,OR1L4,mouse
54393,Gabbr1,2550,GABBR1,mouse
546729,Calhm1,255022,CALHM1,mouse
93734,Mpv17l,255027,MPV17L,mouse
68255,Tmem86b,255043,TMEM86B,mouse
100503659,Cbarp,255057,CBARP,mouse
93670,Tac4,255061,TAC4,mouse
14390,Gabpa,2551,GABPA,mouse
241116,Cfap65,255101,CFAP65,mouse
77056,Tmco4,255104,TMCO4,mouse
75784,Cfap299,255119,CFAP299,mouse
271844,Pla2g4f,255189,PLA2G4F,mouse
67402,Txndc8,255220,TXNDC8,mouse
68279,Mcoln2,255231,MCOLN2,mouse
244859,Ankk1,255239,ANKK1,mouse
66606,Lrrc57,255252,LRRC57,mouse
68515,Myadml2,255275,MYADML2,mouse
14391,Gabpb1,2553,GABPB1,mouse
26908,Eif2s3y,255308,EIF2S3B,mouse
26905,Eif2s3x,255308,EIF2S3B,mouse
71920,Epgn,255324,EPGN,mouse
333048,Tmem211,255349,LHFPL7,mouse
330216,Mblac1,255374,MBLAC1,mouse
216198,Tcp11l2,255394,TCP11L2,mouse
14394,Gabra1,2554,GABRA1,mouse
102640477,Gm14412,255403,ZNF718,mouse
102635315,Gm32687,255403,ZNF718,mouse
233987,Zfp958,255403,ZNF718,mouse
76803,Zfp998,255403,ZNF718,mouse
668620,Zfp936,255403,ZNF718,mouse
73863,Tex49,255411,TEX49,mouse
74563,Rasgef1c,255426,RASGEF1C,mouse
218215,Rnf144b,255488,RNF144B,mouse
14395,Gabra2,2555,GABRA2,mouse
244548,Elmod2,255520,ELMOD2,mouse
14396,Gabra3,2556,GABRA3,mouse
319177,H2bc1,255626,H2BC1,mouse
71355,Col24a1,255631,COL24A1,mouse
14397,Gabra4,2557,GABRA4,mouse
259063,Olfr691,255725,OR52B2,mouse
100102,Pcsk9,255738,PCSK9,mouse
114249,Npnt,255743,NPNT,mouse
66061,Dynlt2b,255758,DYNLT2B,mouse
67983,Pdzd9,255762,PDZD9,mouse
66300,Inafm1,255783,INAFM1,mouse
69576,Smco1,255798,SMCO1,mouse
110886,Gabra5,2558,GABRA5,mouse
382062,AB124611,255809,C19orf38,mouse
12029,Bcl6b,255877,BCL6B,mouse
14399,Gabra6,2559,GABRA6,mouse
382030,Cnep1r1,255919,CNEP1R1,mouse
11499,Adam5,255926,ADAM5,mouse
329324,Syt14,255928,SYT14,mouse
72587,Pan3,255967,PAN3,mouse
14400,Gabrb1,2560,GABRB1,mouse
625662,Ankrd31,256006,ANKRD31,mouse
22767,Zfy1,256051,ZNF549,mouse
22768,Zfy2,256051,ZNF549,mouse
665033,Col6a5,256076,COL6A5,mouse
14401,Gabrb2,2561,GABRB2,mouse
71846,Syce2,256126,SYCE2,mouse
217951,Tmem196,256130,TMEM196,mouse
258206,Olfr1264,256144,OR4C3,mouse
665700,Hmcn2,256158,HMCN2,mouse
14402,Gabrb3,2562,GABRB3,mouse
70358,Steap1,256227,STEAP1B|LOC401312,mouse
66174,Nudt14,256281,NUDT14,mouse
19213,Ptf1a,256297,PTF1A,mouse
14403,Gabrd,2563,GABRD,mouse
24083,Natd1,256302,NATD1,mouse
212392,Ccdc110,256309,CCDC110,mouse
72000,Lmntd2,256329,LMNTD2,mouse
235533,Gk5,256356,GK5,mouse
225898,Eml3,256364,EML3,mouse
268297,Scml4,256380,SCML4,mouse
380780,Serpina11,256394,SERPINA11,mouse
14404,Gabre,2564,GABRE,mouse
20447,St6galnac3,256435,ST6GALNAC3,mouse
72175,Mfsd8,256471,MFSD8,mouse
381199,Tmem151a,256472,TMEM151A,mouse
14405,Gabrg1,2565,GABRG1,mouse
70571,Tcerg1l,256536,TCERG1L,mouse
70082,Lysmd2,256586,LYSMD2,mouse
14406,Gabrg2,2566,GABRG2,mouse
382252,Bclaf3,256643,BCLAF3,mouse
213765,Nutm1,256646,NUTM1,mouse
71738,Mamdc2,256691,MAMDC2,mouse
14407,Gabrg3,2567,GABRG3,mouse
544736,Glipr1l3,256710,GLIPR1L1,mouse
69286,Glipr1l1,256710,GLIPR1L1,mouse
78283,Map7d2,256714,MAP7D2,mouse
546144,Wdr72,256764,WDR72,mouse
216643,Gabrp,2568,GABRP,mouse
70909,4921504E06Rik,256815,C10orf67,mouse
258168,Olfr566,256892,OR51F1,mouse
258752,Olfr583,256892,OR51F1,mouse
259091,Olfr585,256892,OR51F1,mouse
14408,Gabrr1,2569,GABRR1,mouse
208990,Npb,256933,NPB,mouse
80880,Kank3,256949,KANK3,mouse
194974,Sun3,256979,SUN3,mouse
218442,Serinc5,256987,SERINC5,mouse
11694,Alx3,257,ALX3,mouse
14409,Gabrr2,2570,GABRR2,mouse
100504425,Tincr,257000,TINCR,mouse
242506,Frmd3,257019,FRMD3,mouse
545391,Catspere2,257044,CATSPERE,mouse
631584,Catspere1,257044,CATSPERE,mouse
106757,Catsperd,257062,CATSPERD,mouse
433022,Plcxd2,257068,PLCXD2,mouse
14415,Gad1,2571,GAD1,mouse
226652,Arhgap30,257106,ARHGAP30,mouse
14525,Gcsam,257144,GCSAM,mouse
235315,Rnf214,257160,RNF214,mouse
214106,4933430I17Rik,257169,C9orf43,mouse
75472,Cfap126,257177,CFAP126,mouse
320840,Negr1,257194,NEGR1,mouse
14417,Gad2,2572,GAD2,mouse
75512,Gpx6,257202,GPX6,mouse
268281,Shprh,257218,SHPRH,mouse
66717,Ccdc96,257236,CCDC96,mouse
245683,Klhl34,257240,KLHL34,mouse
224065,Uts2b,257313,UTS2B,mouse
235406,Snx33,257364,SNX33,mouse
66724,Tab3,257397,TAB3,mouse
72792,2810459M11Rik,257407,C2orf72,mouse
68152,Fam133b,257415,FAM133B,mouse
241589,D430041D05Rik,25758,KIAA1549L,mouse
216148,Shc2,25759,SHC2,mouse
67334,H2ap,25763,H2AP,mouse
67693,Hypk,25764,HYPK,mouse
54614,Prpf40b,25766,PRPF40B,mouse
76376,Slc24a2,25769,SLC24A2,mouse
223754,Tbc1d22a,25771,TBC1D22A,mouse
75886,Gstt4,25774,GSTT4,mouse
73739,Cby1,25776,CBY1,mouse
223697,Sun2,25777,SUN2,mouse
213452,Dstyk,25778,DSTYK,mouse
240168,Rasgrp3,25780,RASGRP3,mouse
98732,Rab3gap2,25782,RAB3GAP2,mouse
623474,Rad54b,25788,RAD54B,mouse
67937,Tmem59l,25789,TMEM59L,mouse
71870,Cfap45,25790,CFAP45,mouse
53972,Ngef,25791,NGEF,mouse
68379,Ciz1,25792,CIZ1,mouse
69754,Fbxo7,25793,FBXO7,mouse
238021,Fscn2,25794,FSCN2,mouse
66171,Pgls,25796,PGLS,mouse
70536,Qpct,25797,QPCT,mouse
55950,Bri3,25798,BRI3,mouse
243834,Zfp324,25799,ZNF324,mouse
11698,Ambn,258,AMBN,mouse
231580,Gak,2580,GAK,mouse
106957,Slc39a6,25800,SLC39A6,mouse
227960,Gca,25801,GCA,mouse
75744,Svip,258010,SVIP,mouse
93689,Lmod1,25802,LMOD1,mouse
30051,Spdef,25803,SPDEF,mouse
50783,Lsm4,25804,LSM4,mouse
68010,Bambi,25805,BAMBI,mouse
24113,Vax2,25806,VAX2,mouse
279766,Rhbdd3,25807,RHBDD3,mouse
319953,Ttll1,25809,TTLL1,mouse
14420,Galc,2581,GALC,mouse
68653,Samm50,25813,SAMM50,mouse
54138,Atxn10,25814,ATXN10,mouse
106869,Tnfaip8,25816,TNFAIP8,mouse
106014,Tafa5,25817,TAFA5,mouse
68668,Klk5,25818,KLK5,mouse
12457,Noct,25819,NOCT,mouse
74246,Gale,2582,GALE,mouse
23806,Arih1,25820,ARIH1,mouse
68291,Mto1,25821,MTO1,mouse
56323,Dnajb5,25822,DNAJB5,mouse
26945,Tpsg1,25823,TPSG1,mouse
54683,Prdx5,25824,PRDX5,mouse
56175,Bace2,25825,BACE2,mouse
80828,Snord82,25826,SNORD82,mouse
72179,Fbxl2,25827,FBXL2,mouse
56551,Txn2,25828,TXN2,mouse
223693,Tmem184b,25829,TMEM184B,mouse
14421,B4galnt1,2583,B4GALNT1,mouse
29859,Sult4a1,25830,SULT4A1,mouse
207304,Hectd1,25831,HECTD1,mouse
18988,Pou2f3,25833,POU2F3,mouse
67569,Mgat4c,25834,MGAT4C,mouse
71175,Nipbl,25836,NIPBL,mouse
328778,Rab26,25837,RAB26,mouse
102339,Cog4,25839,COG4,mouse
14635,Galk1,2584,GALK1,mouse
393082,Mettl7a2,25840,METTL7A,mouse
668178,Tmt1a3,25840,METTL7A,mouse
70152,Mettl7a1,25840,METTL7A,mouse
99382,Abtb2,25841,ABTB2,mouse
66403,Asf1a,25842,ASF1A,mouse
19070,Mob4,25843,MOB4,mouse
28064,Yipf3,25844,YIPF3,mouse
69010,Anapc13,25847,ANAPC13,mouse
231440,Parm1,25849,PARM1,mouse
69976,Galk2,2585,GALK2,mouse
22648,Zfp11,25850,ZNF345,mouse
70381,Tecpr1,25851,TECPR1,mouse
74125,Armc8,25852,ARMC8,mouse
68970,Dcaf12,25853,DCAF12,mouse
212326,Fam149a,25854,FAM149A,mouse
107392,Brms1,25855,BRMS1,mouse
67077,Catsperz,25858,CATSPERZ,mouse
73750,Whrn,25861,WHRN,mouse
224836,Usp49,25862,USP49,mouse
68644,Abhd14a,25864,ABHD14A,mouse
101540,Prkd2,25865,PRKD2,mouse
14427,Galr1,2587,GALR1,mouse
67902,Sumf2,25870,SUMF2,mouse
212547,Nepro,25871,NEPRO,mouse
54217,Rpl36,25873,RPL36,mouse
70456,Mpc2,25874,MPC2,mouse
68614,Letmd1,25875,LETMD1,mouse
70997,Spef1,25876,SPEF1,mouse
223499,Dcaf13,25879,DCAF13,mouse
50917,Galns,2588,GALNS,mouse
66690,Tmem186,25880,TMEM186,mouse
69121,Chrdl2,25884,CHRDL2,mouse
20019,Polr1a,25885,POLR1A,mouse
70235,Poc1a,25886,POC1A,mouse
243963,Zfp473,25888,ZNF473,mouse
14423,Galnt1,2589,GALNT1,mouse
320712,Abi3bp,25890,ABI3BP,mouse
210622,Pamr1,25891,PAMR1,mouse
216781,Trim58,25893,TRIM58,mouse
102075,Plekhg4,25894,PLEKHG4,mouse
100504608,Eef1akmt3,25895,EEF1AKMT3,mouse
77065,Ints7,25896,INTS7,mouse
30945,Rnf19a,25897,RNF19A,mouse
68098,Rchy1,25898,RCHY1,mouse
11699,Ambp,259,AMBP,mouse
108148,Galnt2,2590,GALNT2,mouse
320678,Iffo1,25900,IFFO1,mouse
215814,Ccdc28a,25901,CCDC28A,mouse
270685,Mthfd1l,25902,MTHFD1L,mouse
320078,Olfml2b,25903,OLFML2B,mouse
78893,Cnot10,25904,CNOT10,mouse
75430,Anapc15,25906,ANAPC15,mouse
72309,Tmem158,25907,TMEM158,mouse
226747,Ahctf1,25909,AHCTF1,mouse
14425,Galnt3,2591,GALNT3,mouse
226162,Dpcd,25911,DPCD,mouse
99650,4933434E20Rik,25912,C1orf43,mouse
101185,Pot1a,25913,POT1,mouse
72836,Pot1b,25913,POT1,mouse
246102,Rttn,25914,RTTN,mouse
66706,Ndufaf3,25915,NDUFAF3,mouse
14911,Thumpd3,25917,THUMPD3,mouse
235633,Als2cl,259173,ALS2CL,mouse
14430,Galt,2592,GALT,mouse
58202,Nelfb,25920,NELFB,mouse
228136,Zdhhc5,25921,ZDHHC5,mouse
73442,Hspa12a,259217,HSPA12A,mouse
109168,Atl3,25923,ATL3,mouse
208449,Sgms1,259230,SGMS1,mouse
338370,Nalcn,259232,NALCN,mouse
20776,Tmie,259236,TMIE,mouse
629761,Wfdc11,259239,WFDC11,mouse
245049,Myrip,25924,MYRIP,mouse
629754,Wfdc9,259240,WFDC9,mouse
233222,Mrgpra3,259249,MRGPRX1,mouse
243979,Mrgprb2,259249,MRGPRX1,mouse
233231,Mrgprb1,259249,MRGPRX1,mouse
235712,Mrgpra2b,259249,MRGPRX1,mouse
243978,Mrgprx2,259249,MRGPRX1,mouse
233230,Mrgprb4,259249,MRGPRX1,mouse
233221,Mrgpra1,259249,MRGPRX1,mouse
235854,Mrgpra4,259249,MRGPRX1,mouse
404242,Mrgprx1,259249,MRGPRX1,mouse
404240,Mrgprb8,259249,MRGPRX1,mouse
404238,Mrgprb3,259249,MRGPRX1,mouse
404239,Mrgprb5,259249,MRGPRX1,mouse
668725,Mrgpra9,259249,MRGPRX1,mouse
668727,Mrgpra2a,259249,MRGPRX1,mouse
225207,Zfp521,25925,ZNF521,mouse
68979,Nol11,25926,NOL11,mouse
12316,Aspm,259266,ASPM,mouse
380686,Cnrip1,25927,CNRIP1,mouse
66042,Sostdc1,25928,SOSTDC1,mouse
665775,Bod1l,259282,BOD1L1,mouse
353148,Tas2r139,259285,TAS2R39,mouse
387515,Tas2r144,259286,TAS2R40,mouse
387348,Tas2r120,259289,TAS2R43|TAS2R45,mouse
353165,Tas2r136,259289,TAS2R43|TAS2R45,mouse
216766,Gemin5,25929,GEMIN5,mouse
387348,Tas2r120,259290,TAS2R31,mouse
353165,Tas2r136,259290,TAS2R31,mouse
353165,Tas2r136,259291,TAS2R43|TAS2R45,mouse
387348,Tas2r120,259291,TAS2R43|TAS2R45,mouse
353165,Tas2r136,259292,TAS2R46,mouse
387348,Tas2r120,259292,TAS2R46,mouse
387348,Tas2r120,259293,TAS2R30,mouse
353165,Tas2r136,259293,TAS2R30,mouse
387348,Tas2r120,259294,TAS2R19,mouse
353165,Tas2r136,259294,TAS2R19,mouse
387348,Tas2r120,259295,TAS2R20,mouse
353165,Tas2r136,259295,TAS2R20,mouse
353165,Tas2r136,259296,TAS2R50,mouse
387348,Tas2r120,259296,TAS2R50,mouse
14431,Gamt,2593,GAMT,mouse
104831,Ptpn23,25930,PTPN23,mouse
100328588,Il4i1|Il4i1b,259307,IL4I1,mouse
14204,Il4i1|Il4i1b,259307,IL4I1,mouse
100862261,Spata31f1b|Spata31f1d|Spata31f1c,259308,FAM205A,mouse
100043920,Spata31f1b|Spata31f1d|Spata31f1c,259308,FAM205A,mouse
433698,Fam205a1,259308,FAM205A,mouse
545611,Spata31f1b|Spata31f1d|Spata31f1c,259308,FAM205A,mouse
29876,Clic4,25932,CLIC4,mouse
66536,Nipsnap3b,25934,NIPSNAP3A,mouse
73398,Nipsnap3a,25934,NIPSNAP3A,mouse
381318,Nsl1,25936,NSL1,mouse
97064,Wwtr1,25937,WWTR1,mouse
320487,Heatr5a,25938,HEATR5A,mouse
56045,Samhd1,25939,SAMHD1,mouse
72722,Fam98a,25940,FAM98A|RASGRP3-AS1,mouse
66648,Tpgs2,25941,TPGS2,mouse
20466,Sin3a,25942,SIN3A,mouse
228602,Dnaaf9,25943,DNAAF9,mouse
58998,Nectin3,25945,NECTIN3,mouse
29813,Zfp385a,25946,ZNF385A,mouse
210973,Kbtbd2,25948,KBTBD2,mouse
68592,Syf2,25949,SYF2,mouse
76051,Ganc,2595,GANC,mouse
66568,Rwdd3,25950,RWDD3,mouse
56695,Pnkd,25953,PNKD,mouse
240667,Sec31b,25956,SEC31B,mouse
66625,Pnisr,25957,PNISR,mouse
235041,Kank2,25959,KANK2,mouse
14432,Gap43,2596,GAP43,mouse
78560,Adgra2,25960,ADGRA2,mouse
67725,Nudt13,25961,NUDT13,mouse
66185,Virma,25962,VIRMA,mouse
211499,Tmem87a,25963,TMEM87A,mouse
207781,C2cd2,25966,C2CD2,mouse
14433,Gapdh,2597,GAPDH,mouse
100039229,Gm10358,2597,GAPDH,mouse
20399,Sh2b1,25970,SH2B1,mouse
67387,Unc50,25972,UNC50,mouse
230577,Pars2,25973,PARS2,mouse
67096,Mmachc,25974,MMACHC,mouse
54156,Egfl6,25975,EGFL6,mouse
99929,Tiparp,25976,TIPARP,mouse
67602,Necap1,25977,NECAP1,mouse
68942,Chmp2b,25978,CHMP2B,mouse
216820,Dhrs7b,25979,DHRS7B,mouse
68295,Aar2,25980,AAR2,mouse
110084,Dnah1,25981,DNAH1,mouse
68966,Ngdn,25983,NGDN,mouse
94179,Krt23,25984,KRT23,mouse
244152,Tsku,25987,TSKU,mouse
102423,Hinfp,25988,HINFP,mouse
71742,Ulk3,25989,ULK3,mouse
208777,Sned1,25992,SNED1,mouse
56295,Higd1a,25994,HIGD1A,mouse
104444,Rexo2,25996,REXO2,mouse
108837,Ibtk,25998,IBTK,mouse
76686,Clip3,25999,CLIP3,mouse
243376,Aoc1l1,26,AOC1,mouse
243377,Aoc1l3,26,AOC1,mouse
69761,Aoc1l2,26,AOC1,mouse
76507,Aoc1,26,AOC1,mouse
68449,Tbc1d10b,26000,TBC1D10B,mouse
70510,Rnf167,26001,RNF167,mouse
59012,Moxd1,26002,MOXD1,mouse
70231,Gorasp2,26003,GORASP2,mouse
277939,C2cd3,26005,C2CD3,mouse
225913,Tkfc,26007,TKFC,mouse
108946,Zzz3,26009,ZZZ3,mouse
67198,Spats2l,26010,SPATS2L,mouse
23966,Tenm4,26011,TENM4,mouse
56876,Nsmf,26012,NSMF,mouse
241764,L3mbtl1,26013,L3MBTL1,mouse
68925,Rpap1,26015,RPAP1,mouse
67922,Fam32a,26017,FAM32A,mouse
16206,Lrig1,26018,LRIG1,mouse
326622,Upf2,26019,UPF2,mouse
65107,Lrp10,26020,LRP10,mouse
103743,Tmem98,26022,TMEM98,mouse
71799,Ptcd1,26024,PTCD1,mouse
93724,Pcdhga12,26025,PCDHGA12,mouse
329910,Acot11,26027,ACOT11,mouse
81906,Cyp4x1,260293,CYP4X1,mouse
100609,Nsun5,260294,NSUN5P2,mouse
263406,Plekhg3,26030,PLEKHG3,mouse
71720,Osbpl3,26031,OSBPL3,mouse
382111,Susd5,26032,SUSD5,mouse
226255,Atrnl1,26033,ATRNL1,mouse
320495,Ipcef1,26034,IPCEF1,mouse
93683,Glce,26035,GLCE,mouse
98403,Zfp451,26036,ZNF451,mouse
217692,Sipa1l1,26037,SIPA1L1,mouse
269610,Chd5,26038,CHD5,mouse
269397,Ss18l1,26039,SS18L1,mouse
240427,Setbp1,26040,SETBP1,mouse
99470,Magi3,260425,MAGI3,mouse
353130,Prss33,260429,PRSS33,mouse
224111,Ubxn7,26043,UBXN7,mouse
107065,Lrrtm2,26045,LRRTM2,mouse
78913,Ltn1,26046,LTN1,mouse
66797,Cntnap2,26047,CNTNAP2,mouse
320557,Fam169a,26049,FAM169A,mouse
75409,Slitrk5,26050,SLITRK5,mouse
228852,Ppp1r16b,26051,PPP1R16B,mouse
103967,Dnm3,26052,DNM3,mouse
319974,Auts2,26053,AUTS2,mouse
215351,Senp6,26054,SENP6,mouse
52055,Rab11fip5,26056,RAB11FIP5,mouse
81702,Ankrd17,26057,ANKRD17,mouse
227331,Gigyf2,26058,GIGYF2,mouse
238988,Erc2,26059,ERC2,mouse
72993,Appl1,26060,APPL1,mouse
56794,Hacl1,26061,HACL1,mouse
26378,Decr2,26063,DECR2,mouse
75646,Rai14,26064,RAI14,mouse
67070,Lsm14a,26065,LSM14A,mouse
553127,Rtl8b,26071,RTL8A,mouse
66158,Rtl8a,26071,RTL8A,mouse
72865,Rtl8c,26071,RTL8A,mouse
67811,Poldip2,26073,POLDIP2,mouse
78774,Cfap61,26074,CFAP61,mouse
622434,Arhgef26,26084,ARHGEF26,mouse
626834,Klk13,26085,KLK13,mouse
67839,Gpsm1,26086,GPSM1,mouse
106039,Gga1,26088,GGA1,mouse
76192,Abhd12,26090,ABHD12,mouse
67345,Herc4,26091,HERC4,mouse
208263,Tor1aip1,26092,TOR1AIP1,mouse
243846,Ccdc9,26093,CCDC9,mouse
73828,Dcaf4,26094,DCAF4,mouse
19256,Ptpn20,26095,PTPN20,mouse
66511,Chtop,26097,CHTOP,mouse
214764,Edrf1,26098,EDRF1,mouse
213491,Szrd1,26099,SZRD1,mouse
74781,Wipi2,26100,WIPI2,mouse
239037,Lrit1,26103,LRIT1,mouse
72135,Pygo1,26108,PYGO1,mouse
52570,Ccdc69,26112,CCDC69,mouse
77097,Tanc2,26115,TANC2,mouse
78889,Wsb1,26118,WSB1,mouse
100017,Ldlrap1,26119,LDLRAP1,mouse
68988,Prpf31,26121,PRPF31,mouse
227867,Epc2,26122,EPC2,mouse
67590,Tctn3,26123,TCTN3,mouse
67529,Fgfr1op2,26127,FGFR1OP2,mouse
72320,Kifbp,26128,KIFBP,mouse
66691,Gapvd1,26130,GAPVD1,mouse
56407,Trpc4ap,26133,TRPC4AP,mouse
66870,Serbp1,26135,SERBP1,mouse
21753,Tes,26136,TES,mouse
236749,Tesl1,26136,TES,mouse
56490,Zbtb20,26137,ZBTB20,mouse
101100,Ttll3,26140,TTLL3,mouse
272359,Irf2bp1,26145,IRF2BP1,mouse
74019,Traf3ip1,26146,TRAF3IP1,mouse
74016,Phf19,26147,PHF19,mouse
434215,Lrrc32,2615,LRRC32,mouse
67747,Ribc2,26150,RIBC2,mouse
66176,Nat9,26151,NAT9,mouse
330463,Zfp78,26152,ZNF337,mouse
668303,Kif26a,26153,KIF26A,mouse
74591,Abca12,26154,ABCA12,mouse
57741,Noc2l,26155,NOC2L,mouse
66409,Rsl1d1,26156,RSL1D1,mouse
67661,Ift172,26160,IFT172,mouse
52856,Mtg2,26164,MTG2,mouse
626596,Rgs22,26166,RGS22,mouse
93875,Pcdhb4,26167,PCDHB5,mouse
93883,Pcdhb12,26167,PCDHB5,mouse
93882,Pcdhb11,26167,PCDHB5,mouse
93881,Pcdhb10,26167,PCDHB5,mouse
93879,Pcdhb8,26167,PCDHB5,mouse
93877,Pcdhb6,26167,PCDHB5,mouse
80886,Senp3,26168,SENP3,mouse
353172,Gars,2617,GARS1,mouse
226591,Tiprl,261726,TIPRL,mouse
74051,Steap2,261729,STEAP2,mouse
68510,Ints1,26173,INTS1,mouse
260305,Nphp4,261734,NPHP4,mouse
320351,Tmem251,26175,TMEM251,mouse
14450,Gart,2618,GART,mouse
258859,Olfr161,26184,OR1F2P,mouse
258912,Olfr1378,26188,OR1C1,mouse
258706,Olfr43,26189,OR1A2,mouse
404316,Olfr403,26189,OR1A2,mouse
14451,Gas1,2619,GAS1,mouse
30050,Fbxw2,26190,FBXW2,mouse
19260,Ptpn22,26191,PTPN22,mouse
11702,Amd1,262,AMD1,mouse
100041585,Amd2,262,AMD1,mouse
14453,Gas2,2620,GAS2,mouse
229004,Gmeb2,26205,GMEB2,mouse
433700,Spag8,26206,SPAG8,mouse
71795,Pitpnc1,26207,PITPNC1,mouse
14456,Gas6,2621,GAS6,mouse
218066,Olfr11,26212,OR2B6,mouse
258620,Olfr350,26219,OR1J4,mouse
104346,Gas8,2622,GAS8,mouse
50789,Fbxl3,26224,FBXL3,mouse
75423,Arl5a,26225,ARL5A,mouse
236539,Phgdh,26227,PHGDH,mouse
56792,Stap1,26228,STAP1,mouse
72727,B3gat3,26229,B3GAT3,mouse
14460,Gata1,2623,GATA1,mouse
24001,Tiam2,26230,TIAM2,mouse
234684,Lrrc29,26231,LRRC29,mouse
230904,Fbxo2,26232,FBXO2,mouse
30840,Fbxl6,26233,FBXL6,mouse
242960,Fbxl5,26234,FBXL5,mouse
269514,Fbxl4,26235,FBXL4,mouse
14461,Gata2,2624,GATA2,mouse
108161,Fam50b,26240,FAM50B,mouse
258937,Olfr167,26246,OR2L2,mouse
258922,Olfr267,26248,OR2K2,mouse
100503085,Klhl3,26249,KLHL3,mouse
14462,Gata3,2625,GATA3,mouse
240444,Kcng2,26251,KCNG2,mouse
56619,Clec4e,26253,CLEC4E,mouse
269120,Optc,26254,OPTC,mouse
30939,Pttg1,26255,PTTG3P,mouse
71132,Cabyr,26256,CABYR,mouse
18094,Nkx2-9,26257,NKX2-8,mouse
18457,Bloc1s6,26258,BLOC1S6,mouse
231672,Fbxw8,26259,FBXW8,mouse
14463,Gata4,2626,GATA4,mouse
66822,Fbxo25,26260,FBXO25,mouse
71176,Fbxo24,26261,FBXO24,mouse
74257,Tspan17,26262,TSPAN17,mouse
71999,Fbxo22,26263,FBXO22,mouse
243755,Slc13a4,26266,SLC13A4,mouse
269529,Fbxo10,26267,FBXO10,mouse
71538,Fbxo9,26268,FBXO9,mouse
50753,Fbxo8,26269,FBXO8,mouse
14465,Gata6,2627,GATA6,mouse
50762,Fbxo6,26270,FBXO6,mouse
67141,Fbxo5,26271,FBXO5,mouse
106052,Fbxo4,26272,FBXO4,mouse
57443,Fbxo3,26273,FBXO3,mouse
227095,Hibch,26275,HIBCH,mouse
233405,Vps33b,26276,VPS33B,mouse
28113,Tinf2,26277,TINF2,mouse
50720,Sacs,26278,SACS,mouse
18782,Pla2g2d,26279,PLA2G2D,mouse
67092,Gatm,2628,GATM,mouse
60367,Il1rapl2,26280,IL1RAPL2,mouse
80857,Fgf20,26281,FGF20,mouse
57837,Eral1,26284,ERAL1,mouse
239931,Cldn17,26285,CLDN17,mouse
66251,Arfgap3,26286,ARFGAP3,mouse
56642,Ankrd2,26287,ANKRD2,mouse
229949,Ak5,26289,AK5,mouse
14466,Gba,2629,GBA,mouse
56636,Fgf21,26291,FGF21,mouse
56309,Mycbp,26292,MYCBP,mouse
27414,Sergef,26297,SERGEF,mouse
13661,Ehf,26298,EHF,mouse
227671,Gbgt1,26301,GBGT1,mouse
14467,Nipsnap2,2631,NIPSNAP2,mouse
74185,Gbe1,2632,GBE1,mouse
14468,Gbp2b,2633,GBP1,mouse
14469,Gbp2,2633,GBP1,mouse
14447,Gapdhs,26330,GAPDHS,mouse
18357,Olfr57,26333,OR7A17,mouse
18372,Olfr8,26333,OR7A17,mouse
18316,Olfr19,26333,OR7A17,mouse
259042,Olfr1351,26333,OR7A17,mouse
259074,Olfr1352,26333,OR7A17,mouse
259163,Olfr1354,26333,OR7A17,mouse
258846,Olfr1157,26338,OR5L2,mouse
258814,Olfr1156,26338,OR5L2,mouse
259003,Olfr172,26339,OR5K1,mouse
259002,Olfr173,26339,OR5K1,mouse
14469,Gbp2,2634,GBP2,mouse
14468,Gbp2b,2634,GBP2,mouse
258035,Olfr191,26341,OR5H1,mouse
258392,Olfr190,26341,OR5H1,mouse
258318,Olfr186,26341,OR5H1,mouse
258478,Olfr183,26341,OR5H1,mouse
258319,Olfr187,26341,OR5H1,mouse
258775,Olfr196,26341,OR5H1,mouse
14468,Gbp2b,2635,GBP3,mouse
14469,Gbp2,2635,GBP3,mouse
80888,Hspb8,26353,HSPB8,mouse
30877,Gnl3,26354,GNL3,mouse
70186,Fam162a,26355,FAM162A,mouse
231044,Gbx1,2636,GBX1,mouse
14472,Gbx2,2637,GBX2,mouse
14473,Gc,2638,GC,mouse
270076,Gcdh,2639,GCDH,mouse
14526,Gcg,2641,GCG,mouse
14527,Gcgr,2642,GCGR,mouse
14528,Gch1,2643,GCH1,mouse
320415,Gchfr,2644,GCHFR,mouse
103988,Gck,2645,GCK,mouse
231103,Gckr,2646,GCKR,mouse
16874,Lhx6,26468,LHX6,mouse
19253,Ptpn18,26469,PTPN18,mouse
14533,Bloc1s1,2647,BLOC1S1,mouse
233878,Sez6l2,26470,SEZ6L2,mouse
56312,Nupr1,26471,NUPR1,mouse
18938,Ppp1r14b,26472,PPP1R14B,mouse
66755,Ppp1r14bl,26472,PPP1R14B,mouse
258645,Olfr418,26476,OR10J1,mouse
14534,Kat2a,2648,KAT2A,mouse
14536,Nr6a1,2649,NR6A1,mouse
258606,Olfr229,26492,OR8G2P,mouse
258607,Olfr971,26492,OR8G2P,mouse
258310,Olfr145,26493,OR8B8,mouse
257959,Olfr1537,26494,OR8G1,mouse
18343,Olfr44,26494,OR8G1,mouse
257912,Olfr948,26494,OR8G1,mouse
258046,Olfr951,26494,OR8G1,mouse
258323,Olfr943,26494,OR8G1,mouse
258431,Olfr937,26494,OR8G1,mouse
258826,Olfr27,26494,OR8G1,mouse
258328,Olfr954,26494,OR8G1,mouse
258499,Olfr945,26494,OR8G1,mouse
258500,Olfr944,26494,OR8G1,mouse
258742,Olfr146,26494,OR8G1,mouse
258741,Olfr935,26494,OR8G1,mouse
258380,Olfr461,26495,OR9A1P,mouse
258327,Olfr958,26497,OR10D3,mouse
27260,Plek2,26499,PLEK2,mouse
11704,Amelx,265,AMELX,mouse
14537,Gcnt1,2650,GCNT1,mouse
67608,Narf,26502,NARF,mouse
235504,Slc17a5,26503,SLC17A5,mouse
94220,Cnnm4,26504,CNNM4,mouse
94218,Cnnm3,26505,CNNM3,mouse
83674,Cnnm1,26507,CNNM1,mouse
56198,Heyl,26508,HEYL,mouse
226101,Myof,26509,MYOF,mouse
14538,Gcnt2,2651,GCNT2,mouse
74277,Chic2,26511,CHIC2,mouse
18130,Ints6,26512,INTS6,mouse
14356,Timm10b,26515,TIMM10B,mouse
30055,Timm13,26517,TIMM13,mouse
30059,Timm10,26519,TIMM10,mouse
14539,Opn1mw,2652,OPN1MW,mouse
30056,Timm9,26520,TIMM9,mouse
30057,Timm8b,26521,TIMM8B,mouse
236511,Ago1,26523,AGO1,mouse
50523,Lats2,26524,LATS2,mouse
54450,Il36rn,26525,IL36RN,mouse
70248,Dazap1,26528,DAZAP1,mouse
68133,Gcsh,2653,GCSH,mouse
258939,Olfr63,26532,OR10H3,mouse
258008,Olfr1513,26533,OR10G3,mouse
258424,Or10g3,26533,OR10G3,mouse
258268,Olfr1511,26534,OR10G2,mouse
258423,Olfr1510,26534,OR10G2,mouse
100043474,Or10h5,26538,OR10H2,mouse
100038860,Olfr239,26538,OR10H2,mouse
100038859,Olfr55,26538,OR10H2,mouse
100038859,Olfr55,26539,OR10H1,mouse
100038860,Olfr239,26539,OR10H1,mouse
100043474,Or10h5,26539,OR10H1,mouse
26549,Itgb1bp2,26548,ITGB1BP2,mouse
14559,Gdf1|Cers1,2657,GDF1,mouse
93898,Gdf1|Cers1,2657,GDF1,mouse
56321,Aatf,26574,AATF,mouse
56533,Rgs17,26575,RGS17,mouse
56504,Srpk3,26576,SRPK3,mouse
76477,Pcolce2,26577,PCOLCE2,mouse
20409,Ostf1,26578,OSTF1,mouse
12165,Gdf2,2658,GDF2,mouse
14705,Bscl2,26580,BSCL2,mouse
23892,Grem1,26585,GREM1,mouse
80986,Ckap2,26586,CKAP2,mouse
67308,Mrpl46,26589,MRPL46,mouse
11704,Amelx,266,AMELY,mouse
17700,Mstn,2660,MSTN,mouse
27368,Tbl2,26608,TBL2,mouse
14566,Gdf9,2661,GDF9,mouse
77766,Elp4,26610,ELP4,mouse
14560,Gdf10,2662,GDF10,mouse
14567,Gdi1,2664,GDI1,mouse
18315,Olfr18,26648,OR7E24,mouse
258554,Olfr873,26648,OR7E24,mouse
258553,Olfr872,26648,OR7E24,mouse
258552,Olfr868,26648,OR7E24,mouse
258551,Olfr866,26648,OR7E24,mouse
258550,Olfr869,26648,OR7E24,mouse
14569,Gdi2,2665,GDI2,mouse
258305,Olfr1356,26658,OR7C2,mouse
18372,Olfr8,26659,OR7A5,mouse
18316,Olfr19,26659,OR7A5,mouse
259163,Olfr1354,26659,OR7A5,mouse
259074,Olfr1352,26659,OR7A5,mouse
380683,Sec14l3,266629,SEC14L3,mouse
258305,Olfr1356,26664,OR7C1,mouse
100504116,Brd3os,266655,BRD3OS,mouse
50787,Hs6st3,266722,HS6ST3,mouse
74762,Mdga1,266727,MDGA1,mouse
225872,Npas4,266743,NPAS4,mouse
14573,Gdnf,2668,GDNF,mouse
58243,Nap1l5,266812,NAP1L5,mouse
57271,Olfr1509,26686,OR4E2,mouse
258407,Olfr464,26689,OR4D1,mouse
14579,Gem,2669,GEM,mouse
18356,Olfr56,26693,OR2V1,mouse
77596,Adgrf1,266977,ADGRF1,mouse
23802,Amfr,267,AMFR,mouse
14580,Gfap,2670,GFAP,mouse
319207,Pgbd1,267002,PGBD2,mouse
104307,Rnu12,267010,RNU12,mouse
27425,Atp5mg,267020,ATP5MGL,mouse
11692,Gfer,2671,GFER,mouse
14581,Gfi1,2672,GFI1,mouse
14583,Gfpt1,2673,GFPT1,mouse
14585,Gfra1,2674,GFRA1,mouse
27275,Nufip1,26747,NUFIP1,mouse
14586,Gfra2,2675,GFRA2,mouse
320119,Rps6kc1,26750,RPS6KC1,mouse
24057,Sh3yl1,26751,SH3YL1,mouse
14587,Gfra3,2676,GFRA3,mouse
171283,Havcr1,26762,HAVCR1,mouse
171284,Timd2,26762,HAVCR1,mouse
210535,Timd5,26762,HAVCR1,mouse
407814,BC053393,26762,HAVCR1,mouse
115488269,Gm25804,26768,SNORA73B,mouse
56316,Ggcx,2677,GGCX,mouse
14598,Ggt1,2678,GGT1,mouse
115490267,Gm26387,26782,SNORA66,mouse
115490266,Gm22270,26782,SNORA66,mouse
115487514,Snord59a,26789,SNORD59A,mouse
14598,Ggt1,2679,GGT3P,mouse
115489601,Gm23650,26793,SNORD56,mouse
11705,Amh,268,AMH,mouse
14594,Ggta1,2681,GGTA1,mouse
27208,Snord33,26818,SNORD33,mouse
27209,Snord32a,26819,SNORD32A,mouse
436583,Snora74a,26821,SNORA74A,mouse
115490087,Gm23287,26828,RNU5F-1,mouse
115490088,Gm23143,26828,RNU5F-1,mouse
115490089,Gm25099,26828,RNU5F-1,mouse
115487699,Gm24871,26829,RNU5E-1,mouse
14595,B4galt1,2683,B4GALT1,mouse
115487325,Gm25313,26832,RNU5B-1,mouse
115490316,Gm24407,26834,RNU4-2,mouse
115490317,Gm24265,26835,RNU4-1,mouse
115489260,Gm26020,26854,RNU2-3P,mouse
207182,Ggt7,2686,GGT7,mouse
23887,Ggt5,2687,GGT5,mouse
70358,Steap1,26872,STEAP1,mouse
75475,Oplah,26873,OPLAH,mouse
14599,Gh,2689,GH2,mouse
110542,Amhr2,269,AMHR2,mouse
14600,Ghr,2690,GHR,mouse
14601,Ghrh,2691,GHRH,mouse
14602,Ghrhr,2692,GHRHR,mouse
208188,Ghsr,2693,GHSR,mouse
14603,Cblif,2694,CBLIF,mouse
14607,Gip,2695,GIP,mouse
665615,Smr2l,26952,SMR3A,mouse
240614,Ranbp6,26953,RANBP6,mouse
54160,Copg2,26958,COPG2,mouse
73389,Hbp1,26959,HBP1,mouse
381853,Gipr,2696,GIPR,mouse
26422,Nbea,26960,NBEA,mouse
14609,Gja1,2697,GJA1,mouse
414089,Gja6,2697,GJA1,mouse
66917,Chordc1,26973,CHORDC1,mouse
317717,Sec22a,26984,SEC22A,mouse
55946,Ap3m1,26985,AP3M1,mouse
18458,Pabpc1,26986,PABPC1,mouse
67543,Pabpc6,26986,PABPC1,mouse
54194,Akap8l,26993,AKAP8L,mouse
29864,Rnf11,26994,RNF11,mouse
227682,Trub2,26995,TRUB2,mouse
71862,Gpr160,26996,GPR160,mouse
59083,Fetub,26998,FETUB,mouse
76884,Cyfip2,26999,CYFIP2,mouse
11352,Abl2,27,ABL2,mouse
229665,Ampd1,270,AMPD1,mouse
14611,Gja3,2700,GJA3,mouse
22791,Dnajc2,27000,DNAJC2,mouse
30941,Usp21,27005,USP21,mouse
67112,Fgf22,27006,FGF22,mouse
14612,Gja4,2701,GJA4,mouse
29807,Tpk1,27010,TPK1,mouse
67498,Kcnv1,27012,KCNV1,mouse
69171,Cnppd1,27013,CNPPD1,mouse
12070,Bex3,27018,BEX3,mouse
68922,Dnai1,27019,DNAI1,mouse
14613,Gja5,2702,GJA5,mouse
20320,Nptn,27020,NPTN,mouse
15221,Foxd3,27022,FOXD3,mouse
64290,Foxb1,27023,FOXB1,mouse
14616,Gja8,2703,GJA8,mouse
217716,Mlh3,27030,MLH3,mouse
74025,Nphp3,27031,NPHP3,mouse
235574,Atp2c1,27032,ATP2C1,mouse
58206,Zbtb32,27033,ZBTB32,mouse
66948,Acad8,27034,ACAD8,mouse
237038,Nox1,27035,NOX1,mouse
83382,Siglece,27036,SIGLEC7,mouse
15547,Trmt2a,27037,TRMT2A,mouse
53871,Pkd2l2,27039,PKD2L2,mouse
16797,Lat,27040,LAT,mouse
215193,Utp25,27042,UTP25,mouse
75273,Pelp1,27043,PELP1,mouse
56463,Snd1,27044,SND1,mouse
14618,Gjb1,2705,GJB1,mouse
14619,Gjb2,2706,GJB2,mouse
107765,Ankrd1,27063,ANKRD1,mouse
18196,Nsg1,27065,NSG1,mouse
29819,Stau2,27067,STAU2,mouse
74776,Ppa2,27068,PPA2,mouse
66092,Ghitm,27069,GHITM,mouse
14620,Gjb3,2707,GJB3,mouse
26377,Dapp1,27071,DAPP1,mouse
218035,Vps41,27072,VPS41,mouse
239739,Lamp3,27074,LAMP3,mouse
66109,Tspan13,27075,TSPAN13,mouse
72434,Lypd3,27076,LYPD3,mouse
27078,B9d1,27077,B9D1,mouse
271842,Rpusd2,27079,RPUSD2,mouse
105837,Mtbp,27085,MTBP,mouse
108655,Foxp1,27086,FOXP1,mouse
76898,B3gat1,27087,B3GAT1,mouse
22272,Uqcrq,27089,UQCRQ,mouse
14622,Gjb5,2709,GJB5,mouse
20448,St6galnac4,27090,ST6GALNAC4,mouse
140723,Cacng5,27091,CACNG5,mouse
54377,Cacng4,27092,CACNG4,mouse
100502876,Kcnmb3,27094,KCNMB3,mouse
27096,Trappc3,27095,TRAPPC3,mouse
102162,Taf5l,27097,TAF5L,mouse
109674,Ampd2,271,AMPD2,mouse
14933,Gk,2710,GK,mouse
12301,Cacybp,27101,CACYBP,mouse
15467,Eif2ak1,27102,EIF2AK1,mouse
70807,Arrdc2,27106,ARRDC2,mouse
271377,Zbtb11,27107,ZBTB11,mouse
68055,Dmac2l,27109,DMAC2L,mouse
228765,Sdcbp2,27111,SDCBP2,mouse
620592,Nalf2,27112,NALF2,mouse
170770,Bbc3,27113,BBC3,mouse
29863,Pde7b,27115,PDE7B,mouse
14626,Gk2,2712,GK2,mouse
50722,Dkkl1,27120,DKKL1,mouse
234130,Dkk4,27121,DKK4,mouse
50781,Dkk3,27122,DKK3,mouse
56811,Dkk2,27123,DKK2,mouse
170835,Inpp5j,27124,INPP5J,mouse
93736,Aff4,27125,AFF4,mouse
140557,Smc1b,27127,SMC1B,mouse
72318,Cyth4,27128,CYTH4,mouse
29818,Hspb7,27129,HSPB7,mouse
14933,Gk,2713,GK3P,mouse
16348,Invs,27130,INVS,mouse
69178,Snx5,27131,SNX5,mouse
102278,Cpne7,27132,CPNE7,mouse
238271,Kcnh5,27133,KCNH5,mouse
27375,Tjp3,27134,TJP3,mouse
17450,Morc1,27136,MORC1,mouse
12684,Cideb,27141,CIDEB,mouse
27355,Pald1,27143,PALD1,mouse
70598,Filip1,27145,FILIP1,mouse
58227,Fam184b,27146,FAM184B,mouse
209773,Dennd2a,27147,DENND2A,mouse
269209,Stk36,27148,STK36,mouse
17837,Mug2,27151,CPAMD8,mouse
17836,Mug1,27151,CPAMD8,mouse
640530,Gm7298,27151,CPAMD8,mouse
380614,Intu,27152,INTU,mouse
72306,Zfp777,27153,ZNF777,mouse
268936,Brpf3,27154,BRPF3,mouse
71236,Rsph14,27156,RSPH14,mouse
78797,Ndor1,27158,NDOR1,mouse
104183,Chil4,27159,CHIA,mouse
12655,Chil3,27159,CHIA,mouse
229688,Chil6,27159,CHIA,mouse
229687,Chil5,27159,CHIA,mouse
81600,Chia1,27159,CHIA,mouse
239528,Ago2,27161,AGO2,mouse
67111,Naaa,27163,NAAA,mouse
20689,Sall3,27164,SALL3,mouse
216456,Gls2,27165,GLS2,mouse
66494,Prelid1,27166,PRELID1,mouse
11605,Gla,2717,GLA,mouse
30791,Slc39a1,27173,SLC39A1,mouse
103768,Tubg2,27175,TUBG2,mouse
69677,Il36b,27177,IL36B,mouse
54448,Il36a,27179,IL36A,mouse
83382,Siglece,27180,SIGLEC9,mouse
83382,Siglece,27181,SIGLEC8,mouse
116733,Vps4a,27183,VPS4A,mouse
244667,Disc1,27185,DISC1,mouse
234836,Il17c,27189,IL17C,mouse
14734,Gpc3,2719,GPC3,mouse
56069,Il17b,27190,IL17B,mouse
319200,Gpr82,27197,GPR82,mouse
243270,Hcar1,27198,HCAR1,mouse
239283,Oxgr1,27199,OXGR1,mouse
11717,Ampd3,272,AMPD3,mouse
12091,Glb1,2720,GLB1,mouse
319430,C5ar2,27202,C5AR2,mouse
51885,Tubgcp4,27229,TUBGCP4,mouse
28146,Serp1,27230,SERP1,mouse
69564,Nmrk2,27231,NMRK2,mouse
14711,Gnmt,27232,GNMT|CNPY3-GNMT,mouse
20888,Sult1c1,27233,SULT1C4,mouse
71883,Coq2,27235,COQ2,mouse
99889,Arfip1,27236,ARFIP1,mouse
230972,Arhgef16,27237,ARHGEF16,mouse
209416,Gpkow,27238,GPKOW,mouse
14788,Gpr162,27239,GPR162,mouse
54390,Sit1,27240,SIT1,mouse
319845,Bbs9,27241,BBS9,mouse
94185,Tnfrsf21,27242,TNFRSF21,mouse
68953,Chmp2a,27243,CHMP2A,mouse
140742,Sesn1,27244,SESN1,mouse
230793,Ahdc1,27245,AHDC1,mouse
67845,Rnf115,27246,RNF115,mouse
56748,Nfu1,27247,NFU1,mouse
66753,Erlec1,27248,ERLEC1,mouse
109129,Mmadhc,27249,MMADHC,mouse
18569,Pdcd4,27250,PDCD4,mouse
226541,Klhl20,27252,KLHL20,mouse
219228,Pcdh17,27253,PCDH17,mouse
105859,Csdc2,27254,CSDC2,mouse
53870,Cntn6,27255,CNTN6,mouse
67207,Lsm1,27257,LSM1,mouse
67678,Lsm3,27258,LSM3,mouse
26944,Tinag,27283,TINAG,mouse
56362,Sult1b1,27284,SULT1B1,mouse
24084,Tekt2,27285,TEKT2,mouse
68792,Srpx2,27286,SRPX2,mouse
76572,Rbmxl2,27288,RBMXL2,mouse
223881,Rnd1,27289,RND1,mouse
14629,Gclc,2729,GCLC,mouse
20731,Spink4,27290,SPINK4,mouse
52013,R3hcc1l,27291,R3HCC1L,mouse
66254,Dimt1,27292,DIMT1,mouse
100340,Smpdl3b,27293,SMPDL3B,mouse
71755,Dhdh,27294,DHDH,mouse
53318,Pdlim3,27295,PDLIM3,mouse
73603,Trp53tg5,27296,TP53TG5,mouse
12909,Crcp,27297,CRCP,mouse
58860,Adamdec1,27299,ADAMDEC1,mouse
218038,Amph,273,AMPH,mouse
14630,Gclm,2730,GCLM,mouse
77622,Apex2,27301,APEX2,mouse
12154,Bmp10,27302,BMP10,mouse
207181,Rbms3,27303,RBMS3,mouse
69372,Mocs3,27304,MOCS3,mouse
54486,Hpgds,27306,HPGDS,mouse
30932,Zfp330,27309,ZNF330,mouse
104174,Gldc,2731,GLDC,mouse
75985,Rab30,27314,RAB30,mouse
233575,Pgap2,27315,PGAP2,mouse
19655,Rbmx,27316,RBMX,mouse
19656,Rbmxl1,27316,RBMX,mouse
652988,Gm7324,27316,RBMX,mouse
59058,Bhlhe22,27319,BHLHE22,mouse
244579,Tox3,27324,TOX3,mouse
233833,Tnrc6a,27327,TNRC6A,mouse
245578,Pcdh11x,27328,PCDH11X,mouse
30924,Angptl3,27329,ANGPTL3,mouse
74412,Gle1,2733,GLE1,mouse
67071,Rps6ka6,27330,RPS6KA6,mouse
18139,Zfp638,27332,ZNF638,mouse
73124,Golim4,27333,GOLIM4,mouse
78826,P2ry10,27334,P2RY10,mouse
73830,Eif3k,27335,EIF3K,mouse
72459,Htatsf1,27336,HTATSF1,mouse
100039535,Ube2srt,27338,UBE2S,mouse
77891,Ube2s,27338,UBE2S,mouse
28000,Prpf19,27339,PRPF19,mouse
20340,Glg1,2734,GLG1,mouse
70683,Utp20,27340,UTP20,mouse
74778,Rrp7a,27341,RRP7A,mouse
56715,Rabgef1,27342,RABGEF1,mouse
56626,Poll,27343,POLL,mouse
30052,Pcsk1n,27344,PCSK1N,mouse
58802,Kcnmb4,27345,KCNMB4,mouse
69071,Tmem97,27346,TMEM97,mouse
53416,Stk39,27347,STK39,mouse
30934,Tor1b,27348,TOR1B,mouse
223722,Mcat,27349,MCAT,mouse
14632,Gli1,2735,GLI1,mouse
28075,Desi1,27351,DESI1,mouse
105835,Sgsm3,27352,SGSM3,mouse
14633,Gli2,2736,GLI2,mouse
14634,Gli3,2737,GLI3,mouse
109801,Glo1,2739,GLO1,mouse
30948,Bin1,274,BIN1,mouse
14652,Glp1r,2740,GLP1R,mouse
14654,Glra1,2741,GLRA1,mouse
237213,Glra2,2742,GLRA2,mouse
64704,Htra2,27429,HTRA2,mouse
14658,Glrb,2743,GLRB,mouse
108645,Mat2b,27430,MAT2B,mouse
30933,Tor2a,27433,TOR2A,mouse
54125,Polm,27434,POLM,mouse
78798,Eml4,27436,EML4,mouse
94047,Tmem121b,27439,TMEM121B,mouse
14660,Gls,2744,GLS,mouse
214932,Hdhd5,27440,HDHD5,mouse
330409,Cecr2,27443,CECR2,mouse
26875,Pclo,27445,PCLO,mouse
93692,Glrx,2745,GLRX,mouse
14661,Glud1,2746,GLUD1,mouse
14661,Glud1,2747,GLUD2,mouse
434437,Amt,275,AMT,mouse
14645,Glul,2752,GLUL,mouse
14667,Gm2a,2760,GM2A,mouse
218138,Gmds,2762,GMDS,mouse
63985,Gmfb,2764,GMFB,mouse
15202,Gml2,2765,GML,mouse
625599,Gml,2765,GML,mouse
66355,Gmpr,2766,GMPR,mouse
14672,Gna11,2767,GNA11,mouse
14673,Gna12,2768,GNA12,mouse
14676,Gna15,2769,GNA15,mouse
14677,Gnai1,2770,GNAI1,mouse
14678,Gnai2,2771,GNAI2,mouse
14679,Gnai3,2773,GNAI3,mouse
14680,Gnal,2774,GNAL,mouse
14681,Gnao1,2775,GNAO1,mouse
14682,Gnaq,2776,GNAQ,mouse
14683,Gnas,2778,GNAS,mouse
14685,Gnat1,2779,GNAT1,mouse
100043686,Amy2a1|Amy2a3,278,AMY1C|LOC124905666|LOC124905668|LOC128966568|LOC128966570,mouse
109959,Amy2a5,278,AMY1C|LOC124905666|LOC124905668|LOC128966568|LOC128966570,mouse
11722,Amy1,278,AMY1C|LOC124905666|LOC124905668|LOC128966568|LOC128966570,mouse
100043207,Amy2a1|Amy2a3,278,AMY1C|LOC124905666|LOC124905668|LOC128966568|LOC128966570,mouse
100043684,Amy2a1|Amy2a4,278,AMY1C|LOC124905666|LOC124905668|LOC128966568|LOC128966570,mouse
100043688,Amy2a1|Amy2a2,278,AMY1C|LOC124905666|LOC124905668|LOC128966568|LOC128966570,mouse
14686,Gnat2,2780,GNAT2,mouse
14687,Gnaz,2781,GNAZ,mouse
14688,Gnb1,2782,GNB1,mouse
14693,Gnb2,2783,GNB2,mouse
14695,Gnb3,2784,GNB3,mouse
14704,Gng3,2785,GNG3,mouse
14706,Gng4,2786,GNG4,mouse
14707,Gng5,2787,GNG5,mouse
14708,Gng7,2788,GNG7,mouse
100043207,Amy2a1|Amy2a3,279,AMY2A,mouse
109959,Amy2a5,279,AMY2A,mouse
100043684,Amy2a1|Amy2a4,279,AMY2A,mouse
100043688,Amy2a1|Amy2a2,279,AMY2A,mouse
11722,Amy1,279,AMY2A,mouse
100043686,Amy2a1|Amy2a3,279,AMY2A,mouse
14700,Gng10,2790,GNG10,mouse
66066,Gng11,2791,GNG11,mouse
14699,Gngt1,2792,GNGT1,mouse
14710,Gngt2,2793,GNGT2,mouse
14670,Gnl1,2794,GNL1,mouse
14714,Gnrh1,2796,GNRH1,mouse
14715,Gnrhr,2798,GNRHR,mouse
75612,Gns,2799,GNS,mouse
80908,Abo,28,ABO,mouse
11722,Amy1,280,AMY2B,mouse
100043207,Amy2a1|Amy2a3,280,AMY2B,mouse
100043688,Amy2a1|Amy2a2,280,AMY2B,mouse
100043686,Amy2a1|Amy2a3,280,AMY2B,mouse
109959,Amy2a5,280,AMY2B,mouse
100043684,Amy2a1|Amy2a4,280,AMY2B,mouse
76899,Golga1,2800,GOLGA1,mouse
99412,Golga2,2801,GOLGA2,mouse
269682,Golga3,2802,GOLGA3,mouse
54214,Golga4,2803,GOLGA4,mouse
224139,Golgb1,2804,GOLGB1,mouse
14718,Got1,2805,GOT1,mouse
14719,Got2,2806,GOT2,mouse
72657,Selenoh,280636,SELENOH,mouse
385312,Ssxb10,280658,SSX7,mouse
382206,Ssx9,280658,SSX7,mouse
387131,Ssxb9,280658,SSX7,mouse
546263,Gm14459,280658,SSX7,mouse
668976,Ssxb6,280658,SSX7,mouse
67985,Ssxb1,280658,SSX7,mouse
387131,Ssxb9,280659,SSX8P,mouse
382206,Ssx9,280659,SSX8P,mouse
385312,Ssxb10,280659,SSX8P,mouse
546263,Gm14459,280659,SSX8P,mouse
668976,Ssxb6,280659,SSX8P,mouse
67985,Ssxb1,280659,SSX8P,mouse
387131,Ssxb9,280660,SSX9P,mouse
382206,Ssx9,280660,SSX9P,mouse
546263,Gm14459,280660,SSX9P,mouse
385312,Ssxb10,280660,SSX9P,mouse
668976,Ssxb6,280660,SSX9P,mouse
67985,Ssxb1,280660,SSX9P,mouse
629756,Wfdc10,280664,WFDC10B,mouse
55948,Sfn,2810,SFN,mouse
14723,Gp1ba,2811,GP1BA,mouse
14724,Gp1bb,2812,GP1BB,mouse
67133,Gp2,2813,GP2,mouse
14729,Gp5,2814,GP5,mouse
54368,Gp9,2815,GP9,mouse
14733,Gpc1,2817,GPC1,mouse
14555,Gpd1,2819,GPD1,mouse
14571,Gpd2,2820,GPD2,mouse
14751,Gpi1,2821,GPI,mouse
14756,Gpld1,2822,GPLD1,mouse
19054,Ppp2r3d,28227,PPP2R3B,mouse
234267,Gpm6a,2823,GPM6A,mouse
108115,Slco4a1,28231,SLCO4A1,mouse
108116,Slco3a1,28232,SLCO3A1,mouse
28253,Slco1b2,28234,SLCO1B3,mouse
14758,Gpm6b,2824,GPM6B,mouse
241070,Gpr1,2825,CMKLR2,mouse
12777,Ccr10,2826,CCR10,mouse
338374,Ifnl3,282616,IFNL2,mouse
330496,Ifnl2,282616,IFNL2,mouse
338374,Ifnl3,282617,IFNL3,mouse
330496,Ifnl2,282617,IFNL3,mouse
330496,Ifnl2,282618,IFNL1,mouse
338374,Ifnl3,282618,IFNL1,mouse
66333,Aqp11,282679,AQP11,mouse
14748,Gpr3,2827,GPR3,mouse
257875,Or10ag54,282770,OR10AG1,mouse
259033,Olfr1122,282770,OR10AG1,mouse
404328,Olfr1118,282770,OR10AG1,mouse
258347,Olfr1123,282770,OR10AG1,mouse
259012,Olfr1052,282775,OR5J2,mouse
319197,Gpr4,2828,GPR4,mouse
217371,Rab40b,282808,RAB40AL,mouse
382406,Poc1b,282809,POC1B,mouse
23832,Xcr1,2829,XCR1,mouse
67085,1700024G13Rik,282966,C10orf53,mouse
69064,Fuom,282969,FUOM,mouse
74004,Jakmip3,282973,JAKMIP3,mouse
57740,Stk32c,282974,STK32C,mouse
381778,Igkv16-104,28299,IGKV1-5,mouse
692169,Igkv15-103,28299,IGKV1-5,mouse
73689,Bloc1s2,282991,BLOC1S2,mouse
73713,Rbm20,282996,RBM20,mouse
11730,Ang3|Ang5,283,ANG,mouse
11731,Ang2,283,ANG,mouse
11727,Ang,283,ANG,mouse
219033,Ang4,283,ANG,mouse
630952,Ang6,283,ANG,mouse
503844,Ang3|Ang5,283,ANG,mouse
140741,Gpr6,2830,GPR6,mouse
328250,Nutm2,283008,NUTM2E,mouse
210719,Mkx,283078,MKX,mouse
258454,Olfr1202,283092,OR4C13,mouse
258980,Olfr1258,283092,OR4C13,mouse
258984,Olfr1257,283092,OR4C13,mouse
258455,Olfr1204,283092,OR4C13,mouse
226304,Npbwr1,2831,NPBWR1,mouse
12995,Csnk2a1,283106,CSNK2A3,mouse
18368,Olfr67,283110,OR52Z1P,mouse
258189,Olfr624,283111,OR51V1,mouse
258808,Or51v14,283111,OR51V1,mouse
547109,Trim43a,283116,TRIM49B,mouse
666747,Trim43b,283116,TRIM49B,mouse
666731,Trim43c,283116,TRIM49B,mouse
14955,H19,283120,H19|LOC102724852,mouse
622554,Majin,283129,MAJIN,mouse
107375,Slc25a45,283130,SLC25A45,mouse
66961,Neat1,283131,NEAT1,mouse
80288,Bcl9l,283149,BCL9L,mouse
270150,Ccdc153,283152,CCDC153,mouse
18324,Olfr26,283159,OR8D1,mouse
258433,Olfr933,283159,OR8D1,mouse
258269,Olfr930,283159,OR8D1,mouse
23836,Cdh20,28316,CDH20,mouse
258811,Olfr926,283160,OR8D2,mouse
404322,Olfr924,283160,OR8D2,mouse
258794,Olfr878,283162,OR8B4,mouse
320452,P4ha3,283208,P4HA3,mouse
70974,Pgm2l1,283209,PGM2L1,mouse
72184,Klhl35,283212,KLHL35,mouse
622320,Kctd21,283219,KCTD21,mouse
213573,Cracr2b,283229,CRACR2B,mouse
71448,Tmem80,283232,TMEM80,mouse
78317,Ccdc88b,283234,CCDC88B,mouse
70387,Ttc9c,283237,TTC9C,mouse
104383,Rcor2,283248,RCOR2,mouse
241547,Harbi1,283254,HARBI1,mouse
244198,Olfml1,283298,OLFML1,mouse
12766,Cxcr3,2833,CXCR3,mouse
628870,Otogl,283310,OTOGL,mouse
68744,Zfp740,283337,ZNF740,mouse
192678,Rassf3,283349,RASSF3,mouse
330406,B4galnt3,283358,B4GALNT3,mouse
257985,Olfr782,283365,OR6C6,mouse
258068,Olfr804,283365,OR6C6,mouse
237615,Ankrd52,283373,ANKRD52,mouse
72002,Slc39a5,283375,SLC39A5,mouse
66701,Spryd4,283377,SPRYD4,mouse
243277,Adgrd1,283383,ADGRD1,mouse
74890,Morn3,283385,MORN3,mouse
226278,Prlhr,2834,PRLHR,mouse
320752,Dpy19l2,283417,DPY19L2,mouse
232414,Clec9a,283420,CLEC9A,mouse
237436,Gas2l3,283431,GAS2L3,mouse
231646,Myo1h,283446,MYO1H,mouse
269700,Hectd4,283450,HECTD4,mouse
333050,Ksr2,283455,KSR2,mouse
384281,Gatc,283459,GATC,mouse
545126,CN725425,283461,C12orf40,mouse
239611,Muc19,283463,MUC19,mouse
223827,Gxylt1,283464,GXYLT1,mouse
75002,Tmprss12,283471,TMPRSS12,mouse
101994,Champ1,283489,CHAMP1,mouse
14738,Gpr12,2835,GPR12,mouse
380918,Siah3,283514,SIAH3,mouse
328424,Kcnrg,283518,KCNRG,mouse
71706,Slc46a3,283537,SLC46A3,mouse
70713,Gpr137c,283554,GPR137C,mouse
73422,Prox2,283571,PROX2,mouse
238331,Zdhhc22,283576,ZDHHC22,mouse
382620,Tmed8,283578,TMED8,mouse
69434,Snhg10,283596,SNHG10,mouse
104910,Slc25a47,283600,SLC25A47,mouse
258167,Olfr1182,283617,OR4K3,mouse
71099,Tssk4,283629,TSSK4,mouse
100101807,Fam177a2,283635,FAM177A1|LOC101927178,mouse
73385,Fam177a,283635,FAM177A1|LOC101927178,mouse
217882,Cep170b,283638,CEP170B,mouse
104732,Tedc1,283643,TEDC1,mouse
317750,Slc24a5,283652,SLC24A5,mouse
235472,Prtg,283659,PRTG,mouse
73673,Rec114,283677,REC114,mouse
217369,Uts2r,2837,UTS2R,mouse
330577,Saxo2,283726,SAXO2,mouse
68215,Fam98b,283742,FAM98B,mouse
78390,Pla2g4d,283748,PLA2G4D,mouse
434197,Fam169b,283777,FAM169B,mouse
195180,Ighv9-1,28378,IGHV7-81,mouse
636260,Ighv9-4,28378,IGHV7-81,mouse
629818,Ighv9-2,28378,IGHV7-81,mouse
780825,Ighv9-3,28378,IGHV7-81,mouse
71223,Gpr15,2838,GPR15,mouse
74165,Fbxl22,283807,FBXL22,mouse
211548,Nomo1,283820,NOMO2|LOC102723728,mouse
320022,Terb1,283847,TERB1,mouse
234677,Ces4a,283848,CES4A,mouse
277978,Exoc3l,283849,EXOC3L1,mouse
381073,Npw,283869,NPW,mouse
319259,Bricd5,283870,BRICD5,mouse
67078,Pgp,283871,PGP,mouse
320309,1520401A03Rik,283875,GREP1,mouse
101602,AI467606,283897,C16orf54,mouse
233875,Ino80e,283899,INO80E,mouse
67528,Nudt7,283927,NUDT7,mouse
621239,Nhlrc4,283948,NHLRC4,mouse
214489,Uqcc4,283951,C16orf91,mouse
74720,Tmem114,283953,TMEM114,mouse
353287,Clec18a,283971,CLEC18C,mouse
328035,Fads6,283985,FADS6,mouse
217310,Hid1,283987,HID1,mouse
76265,Tsen54,283989,TSEN54,mouse
319370,Ubald2,283991,UBALD2,mouse
546519,Tmem235,283999,TMEM235,mouse
11600,Angpt1,284,ANGPT1,mouse
574402,Gpr17,2840,GPR17,mouse
71276,Ccdc57,284001,CCDC57,mouse
238023,Hexdc,284004,HEXD,mouse
327956,Vmo1,284013,VMO1,mouse
69066,1810010H24Rik,284018,C17orf58,mouse
380732,Milr1,284021,MILR1,mouse
80515,Rnf227,284023,RNF227,mouse
66338,Cdrt4,284040,CDRT4,mouse
76719,Kansl1,284058,KANSL1,mouse
75437,Cfap97d1,284067,CFAP97D1,mouse
217219,Fam171a2,284069,FAM171A2,mouse
268491,Meioc,284071,MEIOC,mouse
237930,Ttll6,284076,TTLL6,mouse
140859,Nek8,284086,NEK8,mouse
70325,Pigw,284098,PIGW,mouse
110168,Gpr18,2841,GPR18,mouse
629842,Ighv13-2,28410,IGHV3-72,mouse
629822,Ighv7-3,28410,IGHV3-72,mouse
639510,Ighv6-5,28410,IGHV3-72,mouse
632654,Ighv7-4,28410,IGHV3-72,mouse
780799,Ighv7-1,28410,IGHV3-72,mouse
780800,Ighv7-2,28410,IGHV3-72,mouse
217149,Cisd3,284106,CISD3,mouse
57911,Gsdma,284110,GSDMA,mouse
450219,Gsdma3,284110,GSDMA,mouse
76758,Gsdma2,284110,GSDMA,mouse
237831,Slc13a5,284111,SLC13A5,mouse
380705,Tmem102,284114,TMEM102,mouse
19285,Cavin1,284119,CAVIN1,mouse
268512,Slc26a11,284129,SLC26A11,mouse
338371,Endov,284131,ENDOV,mouse
66569,Gdpd1,284161,GDPD1,mouse
208501,Ndufaf8,284184,NDUFAF8,mouse
14760,Gpr19,2842,GPR19,mouse
544896,Ighv5-9,28420,IGHV3-53,mouse
210029,Metrnl,284207,METRNL,mouse
16772,Lama1,284217,LAMA1,mouse
106931,Kctd1,284252,KCTD1,mouse
75577,Dynap,284254,DYNAP,mouse
69556,Bod1,284257,BOD1L2,mouse
620235,Siglec15,284266,SIGLEC15,mouse
225791,Zadh2,284273,PTGR3,mouse
269855,Ssc5d,284297,SSC5D,mouse
239530,Gpr20,2843,GPR20,mouse
22775,Zik1,284307,ZIK1,mouse
100043772,Zfp850,284323,ZNF780A,mouse
112415,Zfp607b,284323,ZNF780A,mouse
22717,Zfp59,284323,ZNF780A,mouse
22718,Zfp60,284323,ZNF780A,mouse
545938,Zfp607a,284323,ZNF780A,mouse
338354,Zfp780b,284323,ZNF780A,mouse
73430,Zfp974,284323,ZNF780A,mouse
71163,Zfp626,284323,ZNF780A,mouse
414069,BC024978,284325,C19orf54,mouse
623131,Prr19,284338,PRR19,mouse
330485,Tmem145,284339,TMEM145,mouse
544896,Ighv5-9,28434,IGHV3-33,mouse
232983,Cxcl17,284340,CXCL17,mouse
101544,Zfp575,284346,ZNF575,mouse
76942,Lypd5,284348,LYPD5,mouse
232947,Ppp1r37,284352,PPP1R37,mouse
69547,Nkpd1,284353,NKPD1,mouse
74490,Mamstr,284358,MAMSTR,mouse
73456,Izumo1,284359,IZUMO1,mouse
69683,Emc10,284361,EMC10,mouse
74054,4931406B18Rik,284369,SIGLECL1,mouse
100216455,Gm14124,284370,ZNF615,mouse
667666,Zfp600,284370,ZNF615,mouse
102640477,Gm14412,284371,ZNF841,mouse
100216455,Gm14124,284371,ZNF841,mouse
22688,Zfp26,284371,ZNF841,mouse
381067,Zfp229,284371,ZNF841,mouse
630579,Zfp808,284371,ZNF841,mouse
69481,Actl9,284382,ACTL9,mouse
258532,Olfr373,284383,OR2Z1,mouse
404315,Olfr372,284383,OR2Z1,mouse
330463,Zfp78,284390,ZNF763,mouse
338346,Gpr21,2844,GPR21,mouse
233064,Wdr62,284403,WDR62,mouse
330502,Zfp82,284406,ZFP82,mouse
330460,Tmem150b,284417,TMEM150B,mouse
243822,Garin5b,284418,GARIN5B,mouse
72273,Smim24,284422,SMIM24,mouse
103775,Slc25a41,284427,SLC25A41,mouse
234988,Mbd3l2,284428,MBD3L5,mouse
100043474,Or10h5,284433,OR10H5,mouse
100038859,Olfr55,284433,OR10H5,mouse
100038860,Olfr239,284433,OR10H5,mouse
319555,Nwd1,284434,NWD1,mouse
73095,Slc25a42,284439,SLC25A42,mouse
100216455,Gm14124,284443,ZNF493,mouse
238690,Zfp458,284443,ZNF493,mouse
431706,Zfp457,284443,ZNF493,mouse
667666,Zfp600,284443,ZNF493,mouse
382384,Odf3l2,284451,ODF3L2,mouse
329731,Tafa3,284467,TAFA3,mouse
66353,Riiad1,284485,RIIAD1,mouse
66198,Them5,284486,THEM5,mouse
73010,Gpr22,2845,GPR22,mouse
259071,Olfr166,284521,OR2L13,mouse
258354,Olfr168,284521,OR2L13,mouse
100775172,Ighv8-13,28454,IGHV2-70,mouse
629930,Ighv8-6,28454,IGHV2-70,mouse
629919,Ighv8-4,28454,IGHV2-70,mouse
13119,Cyp4a14,284541,CYP4A22,mouse
100040843,Cyp4a32,284541,CYP4A22,mouse
13117,Cyp4a10,284541,CYP4A22,mouse
13118,Cyp4a12b,284541,CYP4A22,mouse
435802,Cyp4a30b,284541,CYP4A22,mouse
277753,Cyp4a12a,284541,CYP4A22,mouse
666168,Cyp4a31,284541,CYP4A22,mouse
67646,4930522H14Rik,284546,C1orf185,mouse
78134,Lpar4,2846,LPAR4,mouse
329739,Eeig2,284611,FAM102B,mouse
17306,Sypl2,284612,SYPL2,mouse
72023,Cyb561d1,284613,CYB561D1,mouse
545554,Ankrd34a,284615,ANKRD34A,mouse
192199,Rspo1,284654,RSPO1,mouse
230735,Epha10,284656,EPHA10,mouse
76925,Spata46,284680,SPATA46,mouse
54367,Zfp326,284695,ZNF326,mouse
100503185,Btbd8,284697,BTBD8,mouse
207911,Mchr1,2847,MCHR1,mouse
194237,Rimkla,284716,RIMKLA,mouse
384071,Slc25a34,284723,SLC25A34,mouse
101056205,Gm29797,284739,C20orf204,mouse
381484,Gm5150,284759,SIRPB2,mouse
383563,Gpr25,2848,GPR25,mouse
16699,Krtap13,284827,KRTAP13-4,mouse
117172,2310034C09Rik,284827,KRTAP13-4,mouse
268905,Krtap13-1,284827,KRTAP13-4,mouse
546672,Gm5965,284827,KRTAP13-4,mouse
69696,2310057N15Rik,284827,KRTAP13-4,mouse
233919,Gpr26,2849,GPR26,mouse
103655,Sec14l4,284904,SEC14L4,mouse
71130,Sh2d6,284948,SH2D6,mouse
78016,Ccdc150,284992,CCDC150,mouse
67702,Rnf149,284996,RNF149,mouse
11601,Angpt2,285,ANGPT2,mouse
14761,Gpr27,2850,GPR27,mouse
100294583,Alkal2,285016,ALKAL2,mouse
545428,Ccdc141,285025,CCDC141,mouse
75467,Stpg4,285051,STPG4,mouse
71966,Nkiras2,28511,NKIRAS2,mouse
69721,Nkiras1,28512,NKIRAS1,mouse
231098,Dnajc5g,285126,DNAJC5G,mouse
227485,Cdh19,28513,CDH19,mouse
13388,Dll1,28514,DLL1,mouse
66748,Erich2,285141,ERICH2,mouse
67732,Iah1,285148,IAH1,mouse
626545,Trdv5,28516,TRDV3,mouse
100114901,Trdv4,28517,TRDV2,mouse
213056,Fam126b,285172,FAM126B,mouse
329178,Unc80,285175,UNC80,mouse
100126452,Trav15n-1,28518,TRDV1,mouse
100101491,Trav15d-2-dv6d-2,28518,TRDV1,mouse
386446,Trav15-1-dv6-1,28518,TRDV1,mouse
436545,Trav15-2-dv6-2,28518,TRDV1,mouse
436468,Trav15d-1-dv6d-1,28518,TRDV1,mouse
547424,Trav15n-2,28518,TRDV1,mouse
435626,Rufy4,285180,RUFY4,mouse
67446,Dusp28,285193,DUSP28,mouse
331004,Slc9a9,285195,SLC9A9,mouse
76854,Gper1,2852,GPER1,mouse
101351,Eogt,285203,EOGT,mouse
13840,Epha6,285220,EPHA6,mouse
235612,Fbxw19,285231,FBXW12,mouse
211305,Fbxw13,285231,FBXW12,mouse
546161,Fbxw18,285231,FBXW12,mouse
382109,Fbxw26,285231,FBXW12,mouse
382106,Fbxw24,285231,FBXW12,mouse
382105,Fbxw15,285231,FBXW12,mouse
320082,Fbxw21,285231,FBXW12,mouse
320083,Fbxw16,285231,FBXW12,mouse
382156,Fbxw22,285231,FBXW12,mouse
546160,Fbxw25,285231,FBXW12,mouse
434440,Fbxw20,285231,FBXW12,mouse
50757,Fbxw14,285231,FBXW12,mouse
76998,Fbxw27,285231,FBXW12,mouse
668758,Fbxw28,285231,FBXW12,mouse
67609,4930453N24Rik,285237,C3orf38,mouse
67657,Rabl3,285282,RABL3,mouse
436440,Gpr31b,2853,GPR31,mouse
546157,7420426K07Rik,285311,C3orf56,mouse
623166,Prr23a1,285311,C3orf56,mouse
623186,Prr23a2,285311,C3orf56,mouse
71979,Prr23a3,285311,C3orf56,mouse
242050,Igsf10,285313,IGSF10,mouse
329659,E130311K13Rik,285315,C3orf33,mouse
320234,Ccdc66,285331,CCDC66,mouse
208169,Slc9c1,285335,SLC9C1,mouse
382117,Tcaim,285343,TCAIM,mouse
382118,Zkscan7,285346,ZNF852,mouse
58911,Sumf1,285362,SUMF1|LOC100130207,mouse
101122,Rpusd3,285367,RPUSD3,mouse
210673,Prrt3,285368,PRRT3,mouse
105638,Dph3,285381,DPH3,mouse
72190,2510009E07Rik,285382,C3orf70,mouse
71338,Tprg,285386,TPRG1,mouse
71831,Iqcm,285423,IQCM,mouse
73828,Dcaf4,285429,DCAF4L1,mouse
102294,Cyp4v3,285440,CYP4V2,mouse
231134,Dok7,285489,DOK7,mouse
671564,Rnf212,285498,RNF212,mouse
243385,Gprin3,285513,GPRIN3,mouse
231430,Cox18,285521,COX18,mouse
75581,Yipf7,285525,YIPF7,mouse
72313,Fryl,285527,FRYL,mouse
381476,Stpg2,285555,STPG2,mouse
102634333,1110002E22Rik,285556,C4orf54,mouse
269846,Trbv31,28557,TRBV30,mouse
100124699,Trbv30,28558,TRBV29-1,mouse
69306,Efcab9,285588,EFCAB9,mouse
268396,Sh3pxd2b,285590,SH3PXD2B,mouse
56795,Arl10,285598,ARL10,mouse
14762,Gpr33,2856,GPR33,mouse
72371,2210408I21Rik,285600,KIAA0825,mouse
238725,Gpr150,285601,GPR150,mouse
68857,Dtwd2,285605,DTWD2,mouse
225392,Rell2,285613,RELL2,mouse
106064,Rimoc1,285636,RIMOC1,mouse
215332,Slc36a3,285641,SLC36A3,mouse
16571,Kif4,285643,KIF4B,mouse
18356,Olfr56,285659,OR2V2,mouse
258334,Or2v2,285659,OR2V2,mouse
100124685,Trbv20,28567,TRBV20-1,mouse
71816,Rnf180,285671,RNF180,mouse
67288,Srek1ip1,285672,SREK1IP1,mouse
237758,Zfp454,285676,ZNF454,mouse
23890,Gpr34,2857,GPR34,mouse
68799,Rgmb,285704,RGMB,mouse
103268,Cep57l1,285753,CEP57L1,mouse
73075,Ppil6,285755,PPIL6,mouse
100124679,Trbv15,28576,TRBV12-4,mouse
66686,Dcbld1,285761,DCBLD1,mouse
71213,Cage1,285782,CAGE1,mouse
320111,Prr18,285800,PRR18,mouse
433091,Pnpla1,285848,PNPLA1,mouse
224840,Treml4,285852,TREML4,mouse
66229,Rpl7l1,285855,RPL7L1,mouse
432536,Pom121l12,285877,POM121L12,mouse
64095,Gpr35,2859,GPR35,mouse
330228,Spdye4b,285955,SPDYE1,mouse
74673,Spdye4a,285955,SPDYE1,mouse
100041286,Snhg15,285958,SNHG15,mouse
232748,Tcaf2,285966,TCAF2,mouse
210105,Zfp719,285971,ZNF775,mouse
243372,Zfp775,285971,ZNF775,mouse
547097,B020011L13Rik,285971,ZNF775,mouse
56220,Zfp386,285971,ZNF775,mouse
434178,Zfp141,285971,ZNF775,mouse
213948,Atg9b,285973,ATG9B,mouse
11733,Ank1,286,ANK1,mouse
380755,Lsmem1,286006,LSMEM1,mouse
219149,Xkr6,286046,XKR6,mouse
68501,Nsmce2,286053,NSMCE2,mouse
69020,Zfp707,286075,ZNF707|LOC101928160,mouse
105732,Fam83h,286077,FAM83H,mouse
78506,Micu3,286097,MICU3,mouse
14763,Gpr37,2861,GPR37,mouse
22701,Zfp41,286128,ZFP41,mouse
71145,Scara5,286133,SCARA5,mouse
208820,Triqk,286144,TRIQK,mouse
381510,Dpy19l4,286148,DPY19L4,mouse
78803,Fbxo43,286151,FBXO43,mouse
100124661,Trbv5,28617,TRBV4-1,mouse
269513,Nkain3,286183,NKAIN3,mouse
69312,Ppp1r42,286187,PPP1R42,mouse
241324,Crb2,286204,CRB2,mouse
320271,Scai,286205,SCAI,mouse
227736,Cfap157,286207,CFAP157,mouse
102632152,Gm30302,286234,SPATA31E1,mouse
78124,Spata31,286234,SPATA31E1,mouse
77701,Lcn12,286256,LCN12,mouse
227622,Paxx,286257,PAXX,mouse
97031,Tprn,286262,TPRN,mouse
71111,Gpr39,2863,GPR39,mouse
69136,Tusc1,286319,TUSC1,mouse
241303,Fam78a,286336,FAM78A,mouse
52829,Lurap1l,286343,LURAP1L,mouse
258600,Olfr270,286365,OR13D1,mouse
100125263,Trbc2,28638,TRBC2,mouse
14237,Foxd4,286380,FOXD4L3,mouse
100125263,Trbc2,28639,TRBC1,mouse
233081,Ffar1,2864,FFAR1,mouse
320940,Atp11c,286410,ATP11C,mouse
100101942,Trdv2-1,28643,TRAV38-2DV8,mouse
320913,Trdv2-2,28643,TRAV38-2DV8,mouse
69389,H2bw2,286436,H2BW2,mouse
100101942,Trdv2-1,28644,TRAV38-1,mouse
320913,Trdv2-2,28644,TRAV38-1,mouse
77929,Yipf6,286451,YIPF6,mouse
636104,Cfap47,286464,CFAP47,mouse
103012,Firre,286467,FIRRE,mouse
627813,Trdv1,28648,TRAV34,mouse
68152,Fam133b,286499,FAM133A,mouse
215641,Mageb18,286514,MAGEB18,mouse
627813,Trdv1,28652,TRAV30,mouse
100034363,Tmsb15b2,286527,TMSB15B,mouse
666244,Tmsb15b1,286527,TMSB15B,mouse
547428,Trav19,28653,TRAV29DV5,mouse
547427,Trav18,28655,TRAV27,mouse
100101940,Trav21-dv12,28656,TRAV26-2,mouse
233080,Ffar3,2866,GPR42,mouse
100043308,Trav14n-3,28660,TRAV23DV6,mouse
100043214,Trav14d-2,28660,TRAV23DV6,mouse
100043204,Trav14n-1,28660,TRAV23DV6,mouse
193574,Trav14n-2,28660,TRAV23DV6,mouse
436467,Trav14-1,28660,TRAV23DV6,mouse
547330,Trav14-3,28660,TRAV23DV6,mouse
634322,Trav14d-3-dv8,28660,TRAV23DV6,mouse
630415,Trav14d-1,28660,TRAV23DV6,mouse
100113412,Trav13-4-dv7,28661,TRAV22,mouse
100126460,Trav13n-4,28661,TRAV22,mouse
100042593,Trav13n-2,28661,TRAV22,mouse
100042568,Trav13n-1,28661,TRAV22,mouse
100126469,Trav13-1,28661,TRAV22,mouse
219060,Trav13-5,28661,TRAV22,mouse
639655,Trav13d-4,28661,TRAV22,mouse
547328,Trav13n-3,28661,TRAV22,mouse
638566,Trav13-2,28661,TRAV22,mouse
640931,Trav13d-1,28661,TRAV22,mouse
667547,Trav13d-2,28661,TRAV22,mouse
100126459,Trav16n,28664,TRAV19,mouse
195297,Trav16,28664,TRAV19,mouse
547329,Trav16d-dv11,28664,TRAV19,mouse
100043322,Trav12-2,28665,TRAV18,mouse
100043270,Trav12n-2,28665,TRAV18,mouse
100043177,Trav12d-1,28665,TRAV18,mouse
100043218,Trav12n-1,28665,TRAV18,mouse
100043197,Trav12d-2,28665,TRAV18,mouse
630086,Trav12-1,28665,TRAV18,mouse
654836,Trav12-3,28665,TRAV18,mouse
100126458,Trav8n-2,28666,TRAV17,mouse
674098,Trav8-1,28666,TRAV17,mouse
667604,Trav8d-2,28666,TRAV17,mouse
667476,Trav8d-1,28666,TRAV17,mouse
106347,Ildr1,286676,ILDR1,mouse
100126459,Trav16n,28669,TRAV14DV4,mouse
195297,Trav16,28669,TRAV14DV4,mouse
547329,Trav16d-dv11,28669,TRAV14DV4,mouse
233079,Ffar2,2867,FFAR2,mouse
100101486,Trav10d,28670,TRAV13-2,mouse
100042614,Trav5n-4,28670,TRAV13-2,mouse
21507,Trav5-4,28670,TRAV13-2,mouse
633740,Trav5-1,28670,TRAV13-2,mouse
667583,Trav5d-4,28670,TRAV13-2,mouse
667626,Trav10n,28670,TRAV13-2,mouse
667765,Trav10,28670,TRAV13-2,mouse
100042614,Trav5n-4,28671,TRAV13-1,mouse
100101486,Trav10d,28671,TRAV13-1,mouse
21507,Trav5-4,28671,TRAV13-1,mouse
633740,Trav5-1,28671,TRAV13-1,mouse
667626,Trav10n,28671,TRAV13-1,mouse
667583,Trav5d-4,28671,TRAV13-1,mouse
667765,Trav10,28671,TRAV13-1,mouse
100042410,Trav7d-2,28672,TRAV12-3,mouse
100042419,Trav7d-3,28672,TRAV12-3,mouse
213480,Trav7-6,28672,TRAV12-3,mouse
627273,Trav7d-5,28672,TRAV12-3,mouse
386450,Trav7-4,28672,TRAV12-3,mouse
630061,Trav7-5,28672,TRAV12-3,mouse
547420,Trav7-3,28672,TRAV12-3,mouse
382180,Trav7d-4,28672,TRAV12-3,mouse
636127,Trav7n-4,28672,TRAV12-3,mouse
671652,Trav7-1,28672,TRAV12-3,mouse
667635,Trav7n-5,28672,TRAV12-3,mouse
100042410,Trav7d-2,28673,TRAV12-2,mouse
100042419,Trav7d-3,28673,TRAV12-2,mouse
213480,Trav7-6,28673,TRAV12-2,mouse
386450,Trav7-4,28673,TRAV12-2,mouse
636127,Trav7n-4,28673,TRAV12-2,mouse
630061,Trav7-5,28673,TRAV12-2,mouse
382180,Trav7d-4,28673,TRAV12-2,mouse
627273,Trav7d-5,28673,TRAV12-2,mouse
547420,Trav7-3,28673,TRAV12-2,mouse
671652,Trav7-1,28673,TRAV12-2,mouse
667635,Trav7n-5,28673,TRAV12-2,mouse
100042410,Trav7d-2,28674,TRAV12-1,mouse
100042419,Trav7d-3,28674,TRAV12-1,mouse
213480,Trav7-6,28674,TRAV12-1,mouse
636127,Trav7n-4,28674,TRAV12-1,mouse
630061,Trav7-5,28674,TRAV12-1,mouse
627273,Trav7d-5,28674,TRAV12-1,mouse
382180,Trav7d-4,28674,TRAV12-1,mouse
386450,Trav7-4,28674,TRAV12-1,mouse
547420,Trav7-3,28674,TRAV12-1,mouse
671652,Trav7-1,28674,TRAV12-1,mouse
667635,Trav7n-5,28674,TRAV12-1,mouse
77057,Ston1,286749,STON1-GTF2A1L,mouse
237858,Trarg1,286753,TRARG1,mouse
640196,Trav11d,28676,TRAV10,mouse
100126456,Trav6n-7,28677,TRAV9-2,mouse
100113413,Trav6-7-dv9,28677,TRAV9-2,mouse
100126463,Trav6-4,28677,TRAV9-2,mouse
100042444,Trav6d-6,28677,TRAV9-2,mouse
100126465,Trav6-6,28677,TRAV9-2,mouse
620297,Trav6n-6,28677,TRAV9-2,mouse
277146,Trav6d-4,28677,TRAV9-2,mouse
328483,Trav6-3,28677,TRAV9-2,mouse
627394,Trav6d-3,28677,TRAV9-2,mouse
436539,Trav6-2,28677,TRAV9-2,mouse
385047,Trav6d-7,28677,TRAV9-2,mouse
667449,Trav6-1,28677,TRAV9-2,mouse
100126464,Trav6-5,28678,TRAV9-1,mouse
667481,Trav6d-5,28678,TRAV9-1,mouse
14772,Grk4,2868,GRK4,mouse
72568,Lin9,286826,LIN9,mouse
66949,Trim59,286827,TRIM59,mouse
100043274,Trav9n-3,28683,TRAV8-3,mouse
100038850,Trav9d-3,28683,TRAV8-3,mouse
328482,Trav9d-2,28683,TRAV8-3,mouse
627324,Trav9-1,28683,TRAV8-3,mouse
279882,Trav9n-4,28683,TRAV8-3,mouse
436479,Trav9-2,28683,TRAV8-3,mouse
627777,Trav17,28683,TRAV8-3,mouse
630461,Trav9-4,28683,TRAV8-3,mouse
671927,Trav9d-1,28683,TRAV8-3,mouse
667660,Trav9n-2,28683,TRAV8-3,mouse
328482,Trav9d-2,28685,TRAV8-1,mouse
627777,Trav17,28685,TRAV8-1,mouse
627324,Trav9-1,28685,TRAV8-1,mouse
667660,Trav9n-2,28685,TRAV8-1,mouse
100043202,Trav3d-3,28688,TRAV5,mouse
100043282,Trav3n-3,28688,TRAV5,mouse
211027,Trav3-4,28688,TRAV5,mouse
320898,Trav3-3,28688,TRAV5,mouse
16688,Krt6b,286887,KRT6C,mouse
16687,Krt6a,286887,KRT6C,mouse
432987,Gm5478,286887,KRT6C,mouse
406223,Gm5414,286887,KRT6C,mouse
100042372,Trav2,28689,TRAV4,mouse
14773,Grk5,2869,GRK5,mouse
627171,Trav1,28692,TRAV1-2,mouse
627171,Trav1,28693,TRAV1-1,mouse
109676,Ank2,287,ANK2,mouse
26385,Grk6,2870,GRK6,mouse
78911,Trim42,287015,TRIM42,mouse
17347,Mknk2,2872,MKNK2,mouse
209318,Gps1,2873,GPS1,mouse
56310,Gps2,2874,GPS2,mouse
76282,Gpt,2875,GPT,mouse
14775,Gpx1,2876,GPX1,mouse
14776,Gpx2,2877,GPX2,mouse
16142,Iglv1,28774,IGLV8-61,mouse
16142,Iglv1,28775,IGLV7-46,mouse
14778,Gpx3,2878,GPX3,mouse
404743,Iglv3,28784,IGLV4-69,mouse
404743,Iglv3,28785,IGLV4-60,mouse
404743,Iglv3,28786,IGLV4-3,mouse
625249,Gpx4,2879,GPX4,mouse
381782,Igkv4-50,28796,IGLV3-21,mouse
11735,Ank3,288,ANK3,mouse
381782,Igkv4-50,28802,IGLV3-12,mouse
236047,Igkv4-74,28814,IGLV2-18,mouse
235952,Igkv4-57,28814,IGLV2-18,mouse
434034,Igkv4-90,28814,IGLV2-18,mouse
384410,Igkv4-92,28814,IGLV2-18,mouse
381831,Igkv4-58,28814,IGLV2-18,mouse
381782,Igkv4-50,28814,IGLV2-18,mouse
385253,Igkv4-55,28814,IGLV2-18,mouse
235952,Igkv4-57,28815,IGLV2-14,mouse
236047,Igkv4-74,28815,IGLV2-14,mouse
385253,Igkv4-55,28815,IGLV2-14,mouse
381831,Igkv4-58,28815,IGLV2-14,mouse
434034,Igkv4-90,28815,IGLV2-14,mouse
381782,Igkv4-50,28815,IGLV2-14,mouse
384410,Igkv4-92,28815,IGLV2-14,mouse
236047,Igkv4-74,28816,IGLV2-11,mouse
235952,Igkv4-57,28816,IGLV2-11,mouse
434034,Igkv4-90,28816,IGLV2-11,mouse
384410,Igkv4-92,28816,IGLV2-11,mouse
385253,Igkv4-55,28816,IGLV2-11,mouse
381831,Igkv4-58,28816,IGLV2-11,mouse
381782,Igkv4-50,28816,IGLV2-11,mouse
67305,Gpx7,2882,GPX7,mouse
381782,Igkv4-50,28822,IGLV1-47,mouse
236047,Igkv4-74,28825,IGLV1-40,mouse
243439,Igkv14-100,28825,IGLV1-40,mouse
243431,Igkv9-124,28825,IGLV1-40,mouse
235952,Igkv4-57,28825,IGLV1-40,mouse
385253,Igkv4-55,28825,IGLV1-40,mouse
381782,Igkv4-50,28825,IGLV1-40,mouse
384410,Igkv4-92,28825,IGLV1-40,mouse
628072,Igkv14-130,28825,IGLV1-40,mouse
381831,Igkv4-58,28825,IGLV1-40,mouse
434034,Igkv4-90,28825,IGLV1-40,mouse
667550,Igkv10-94,28825,IGLV1-40,mouse
692161,Igkv19-93,28825,IGLV1-40,mouse
692165,Igkv10-96,28825,IGLV1-40,mouse
110787,Iglc3,28834,IGLC7,mouse
110786,Iglc2,28834,IGLC7,mouse
110785,Iglc1,28834,IGLC7,mouse
404736,Iglc4,28834,IGLC7,mouse
14784,Grb2,2885,GRB2,mouse
14786,Grb7,2886,GRB7,mouse
619846,Igkv5-48,28869,IGKV6D-41,mouse
545850,Igkv5-45,28869,IGKV6D-41,mouse
384417,Igkv5-37,28869,IGKV6D-41,mouse
620017,Igkv5-39,28869,IGKV6D-41,mouse
381783,Igkv5-43,28869,IGKV6D-41,mouse
14783,Grb10,2887,GRB10,mouse
50915,Grb14,2888,GRB14,mouse
243420,Igkv1-135,28881,IGKV2D-30,mouse
243423,Igkv1-132,28881,IGKV2D-30,mouse
620105,Igkv1-35,28881,IGKV2D-30,mouse
381776,Igkv2-112,28881,IGKV2D-30,mouse
628056,Igkv1-131,28881,IGKV2D-30,mouse
628027,Igkv1-133,28881,IGKV2D-30,mouse
692187,Igkv2-137,28881,IGKV2D-30,mouse
16098,Igkv1-117,28882,IGKV2D-29,mouse
381776,Igkv2-112,28882,IGKV2D-29,mouse
434024,Igkv1-122,28882,IGKV2D-29,mouse
381777,Igkv1-110,28882,IGKV2D-29,mouse
107746,Rapgef1,2889,RAPGEF1,mouse
628144,Igkv9-123,28891,IGKV1D-43,mouse
381778,Igkv16-104,28891,IGKV1D-43,mouse
628127,Igkv14-126,28891,IGKV1D-43,mouse
545851,Igkv12-44,28891,IGKV1D-43,mouse
545847,Igkv14-111,28891,IGKV1D-43,mouse
692169,Igkv15-103,28891,IGKV1D-43,mouse
692169,Igkv15-103,28892,IGKV1D-42,mouse
381778,Igkv16-104,28893,IGKV1D-39,mouse
692169,Igkv15-103,28893,IGKV1D-39,mouse
14799,Gria1,2890,GRIA1,mouse
692169,Igkv15-103,28900,IGKV1D-17,mouse
692169,Igkv15-103,28901,IGKV1D-16,mouse
628144,Igkv9-123,28904,IGKV1D-8,mouse
545851,Igkv12-44,28904,IGKV1D-8,mouse
381778,Igkv16-104,28904,IGKV1D-8,mouse
692169,Igkv15-103,28904,IGKV1D-8,mouse
108024,Igkv6-20,28908,IGKV4-1,mouse
108022,Igkv6-15,28908,IGKV4-1,mouse
232065,Igkv8-19,28908,IGKV4-1,mouse
243461,Igkv7-33,28908,IGKV4-1,mouse
434041,Igkv8-27,28908,IGKV4-1,mouse
620126,Igkv8-34,28908,IGKV4-1,mouse
384419,Igkv8-30,28908,IGKV4-1,mouse
381784,Igkv6-25,28908,IGKV4-1,mouse
620191,Igkv6-29,28908,IGKV4-1,mouse
620240,Igkv8-26,28908,IGKV4-1,mouse
620400,Igkv8-21,28908,IGKV4-1,mouse
434039,Igkv6-32,28908,IGKV4-1,mouse
434040,Igkv8-28,28908,IGKV4-1,mouse
637227,Igkv6-23,28908,IGKV4-1,mouse
667859,Igkv8-18,28908,IGKV4-1,mouse
677858,Igkv8-24,28908,IGKV4-1,mouse
667899,Igkv6-13,28908,IGKV4-1,mouse
667865,Igkv6-17,28908,IGKV4-1,mouse
667881,Igkv6-14,28908,IGKV4-1,mouse
640340,Igkv8-16,28908,IGKV4-1,mouse
14800,Gria2,2891,GRIA2,mouse
108004,Igkv3-1,28912,IGKV3-20,mouse
108005,Igkv3-7,28912,IGKV3-20,mouse
626583,Igkv3-2,28912,IGKV3-20,mouse
626347,Igkv3-4,28912,IGKV3-20,mouse
620088,Igkv18-36,28912,IGKV3-20,mouse
667946,Igkv3-3,28912,IGKV3-20,mouse
667924,Igkv3-10,28912,IGKV3-20,mouse
667940,Igkv3-5,28912,IGKV3-20,mouse
667914,Igkv3-12,28912,IGKV3-20,mouse
667928,Igkv3-9,28912,IGKV3-20,mouse
108004,Igkv3-1,28913,IGKV3-15,mouse
108005,Igkv3-7,28913,IGKV3-15,mouse
620088,Igkv18-36,28913,IGKV3-15,mouse
626347,Igkv3-4,28913,IGKV3-15,mouse
626583,Igkv3-2,28913,IGKV3-15,mouse
667924,Igkv3-10,28913,IGKV3-15,mouse
667914,Igkv3-12,28913,IGKV3-15,mouse
667946,Igkv3-3,28913,IGKV3-15,mouse
667940,Igkv3-5,28913,IGKV3-15,mouse
667928,Igkv3-9,28913,IGKV3-15,mouse
108004,Igkv3-1,28914,IGKV3-11,mouse
108005,Igkv3-7,28914,IGKV3-11,mouse
626583,Igkv3-2,28914,IGKV3-11,mouse
620088,Igkv18-36,28914,IGKV3-11,mouse
626347,Igkv3-4,28914,IGKV3-11,mouse
667924,Igkv3-10,28914,IGKV3-11,mouse
667928,Igkv3-9,28914,IGKV3-11,mouse
667946,Igkv3-3,28914,IGKV3-11,mouse
667940,Igkv3-5,28914,IGKV3-11,mouse
667914,Igkv3-12,28914,IGKV3-11,mouse
53623,Gria3,2892,GRIA3,mouse
628268,Igkv2-109,28921,IGKV2-28,mouse
14802,Gria4,2893,GRIA4,mouse
243428,Igkv11-125,28933,IGKV1-33,mouse
628144,Igkv9-123,28933,IGKV1-33,mouse
628127,Igkv14-126,28933,IGKV1-33,mouse
545847,Igkv14-111,28933,IGKV1-33,mouse
384411,Igkv12-89,28935,IGKV1-27,mouse
545851,Igkv12-44,28935,IGKV1-27,mouse
620050,Igkv12-38,28935,IGKV1-27,mouse
628541,Igkv4-69,28935,IGKV1-27,mouse
545847,Igkv14-111,28935,IGKV1-27,mouse
434036,Igkv13-85,28935,IGKV1-27,mouse
619960,Igkv12-41,28935,IGKV1-27,mouse
628127,Igkv14-126,28935,IGKV1-27,mouse
435900,Igkv12-98,28935,IGKV1-27,mouse
692245,Igkv12-46,28935,IGKV1-27,mouse
692152,Igkv13-84,28935,IGKV1-27,mouse
692169,Igkv15-103,28938,IGKV1-16,mouse
14803,Grid1,2894,GRID1,mouse
243428,Igkv11-125,28940,IGKV1-12,mouse
628127,Igkv14-126,28940,IGKV1-12,mouse
545847,Igkv14-111,28940,IGKV1-12,mouse
628144,Igkv9-123,28940,IGKV1-12,mouse
692169,Igkv15-103,28940,IGKV1-12,mouse
545851,Igkv12-44,28942,IGKV1-8,mouse
628144,Igkv9-123,28942,IGKV1-8,mouse
381778,Igkv16-104,28942,IGKV1-8,mouse
692169,Igkv15-103,28942,IGKV1-8,mouse
14804,Grid2,2895,GRID2,mouse
217410,Trib2,28951,TRIB2,mouse
54638,Ccdc22,28952,CCDC22,mouse
19700,Rem1,28954,REM1,mouse
58239,Dexi,28955,DEXI,mouse
83409,Lamtor2,28956,LAMTOR2,mouse
66230,Mrps28,28957,MRPS28,mouse
52469,Coa3,28958,COA3,mouse
65963,Tmem176b,28959,TMEM176B,mouse
14824,Grn,2896,GRN,mouse
69305,Dcps,28960,DCPS,mouse
14628,Ostm1,28962,OSTM1,mouse
216963,Git1,28964,GIT1,mouse
225579,Slc27a6,28965,SLC27A6,mouse
69226,Snx24,28966,SNX24,mouse
381884,Slc6a16,28968,SLC6A16,mouse
66912,Bzw2,28969,BZW2,mouse
14805,Grik1,2897,GRIK1,mouse
70984,4931406C07Rik,28970,C11orf54,mouse
66273,Aamdc,28971,AAMDC,mouse
69019,Spcs1,28972,SPCS1,mouse
66973,Mrps18b,28973,MRPS18B,mouse
101966,D8Ertd738e,28974,C19orf53,mouse
229211,Acad9,28976,ACAD9,mouse
67270,Mrpl42,28977,MRPL42,mouse
75712,Tmem14a,28978,TMEM14A,mouse
14806,Grik2,2898,GRIK2,mouse
12589,Ift81,28981,IFT81,mouse
226844,Flvcr1,28982,FLVCR1,mouse
243084,Tmprss11e,28983,TMPRSS11E,mouse
66214,Rgcc,28984,RGCC,mouse
68995,Mcts1,28985,MCTS1,mouse
75625,Mageh1,28986,MAGEH1,mouse
67619,Nob1,28987,NOB1,mouse
13169,Dbnl,28988,DBNL,mouse
66617,Ntmt1,28989,NTMT1,mouse
14807,Grik3,2899,GRIK3,mouse
66595,Aste1,28990,ASTE1,mouse
66398,Commd5,28991,COMMD5,mouse
107227,Macrod1,28992,MACROD1,mouse
15258,Hipk2,28996,HIPK2,mouse
68537,Mrpl13,28998,MRPL13,mouse
66277,Klf15,28999,KLF15,mouse
109934,Abr,29,ABR,mouse
16790,Anpep,290,ANPEP,mouse
110637,Grik4,2900,GRIK4,mouse
14809,Grik5,2901,GRIK5,mouse
58207,Slc43a3,29015,SLC43A3,mouse
14810,Grin1,2902,GRIN1,mouse
70472,Atad2,29028,ATAD2,mouse
14811,Grin2a,2903,GRIN2A,mouse
69053,1810013L24Rik,29035,C16orf72,mouse
14812,Grin2b,2904,GRIN2B,mouse
14813,Grin2c,2905,GRIN2C,mouse
382245,Vcf2,29057,FAM156A,mouse
70612,Tmem230,29058,TMEM230,mouse
14814,Grin2d,2906,GRIN2D,mouse
101240,Wdr91,29062,WDR91,mouse
78796,Zcchc4,29063,ZCCHC4,mouse
106205,Zc3h7a,29066,ZC3H7A,mouse
235132,Zbtb44,29068,ZBTB44,mouse
66168,Grina,2907,GRINA,mouse
244608,Ccdc113,29070,CCDC113,mouse
59048,C1galt1c1,29071,C1GALT1C1,mouse
235626,Setd2,29072,SETD2,mouse
67681,Mrpl18,29074,MRPL18,mouse
68493,Ndufaf4,29078,NDUFAF4,mouse
67381,Med4,29079,MED4,mouse
14815,Nr3c1,2908,NR3C1,mouse
52713,Ccdc59,29080,CCDC59,mouse
75422,Mettl5,29081,METTL5,mouse
66067,Gtpbp8,29083,GTPBP8,mouse
75454,Phpt1,29085,PHPT1,mouse
68251,Babam1,29086,BABAM1,mouse
77862,Thyn1,29087,THYN1,mouse
27395,Mrpl15,29088,MRPL15,mouse
67196,Ube2t,29089,UBE2T,mouse
232906,Arhgap35,2909,ARHGAP35,mouse
67105,Timm21,29090,TIMM21,mouse
217517,Stxbp6,29091,STXBP6,mouse
216767,Mrpl22,29093,MRPL22,mouse
216551,Lgalsl,29094,LGALSL,mouse
272350,Gm5065,29094,LGALSL,mouse
66844,Ormdl2,29095,ORMDL2,mouse
98417,Cnih4,29097,CNIH4,mouse
57785,Rangrf,29098,RANGRF,mouse
76501,Commd9,29099,COMMD9,mouse
11739,Slc25a4,291,SLC25A4,mouse
66320,Tmem208,29100,TMEM208,mouse
68991,Ssu72,29101,SSU72,mouse
14000,Drosha,29102,DROSHA,mouse
66148,Dnajc15,29103,DNAJC15,mouse
67768,N6amt1,29104,N6AMT1,mouse
14894,Cfap20,29105,CFAP20,mouse
20255,Scg3,29106,SCG3,mouse
56488,Nxt1,29107,NXT1,mouse
66824,Pycard,29108,PYCARD,mouse
234686,Fhod1,29109,FHOD1,mouse
14816,Grm1,2911,GRM1,mouse
56480,Tbk1,29110,TBK1,mouse
69542,2300002M23Rik,29113,C6orf15,mouse
56370,Tagln3,29114,TAGLN3,mouse
57230,Sap30bp,29115,SAP30BP,mouse
218203,Mylip,29116,MYLIP,mouse
26992,Brd7,29117,BRD7,mouse
30959,Ddx25,29118,DDX25,mouse
216033,Ctnna3,29119,CTNNA3,mouse
108068,Grm2,2912,GRM2,mouse
232409,Clec2e,29121,CLEC2D,mouse
435921,Clec2f,29121,CLEC2D,mouse
93694,Clec2d,29121,CLEC2D,mouse
70809,Clec2g,29121,CLEC2D,mouse
94071,Clec2h,29121,CLEC2D,mouse
93675,Clec2i,29121,CLEC2D,mouse
235631,Prss50,29122,PRSS50,mouse
77087,Ankrd11,29123,ANKRD11,mouse
16859,Lgals9,29124,LGALS13,mouse
60533,Cd274,29126,CD274,mouse
26934,Racgap1,29127,RACGAP1,mouse
18140,Uhrf1,29128,UHRF1,mouse
108069,Grm3,2913,GRM3,mouse
268934,Grm4,2914,GRM4,mouse
108071,Grm5,2915,GRM5,mouse
108072,Grm6,2916,GRM6,mouse
108073,Grm7,2917,GRM7,mouse
14823,Grm8,2918,GRM8,mouse
14825,Cxcl1,2919,CXCL1,mouse
20310,Cxcl2,2919,CXCL1,mouse
330122,Cxcl3,2919,CXCL1,mouse
11740,Slc25a5,292,SLC25A5,mouse
14825,Cxcl1,2920,CXCL2,mouse
20310,Cxcl2,2920,CXCL2,mouse
330122,Cxcl3,2920,CXCL2,mouse
14825,Cxcl1,2921,CXCL3,mouse
20310,Cxcl2,2921,CXCL3,mouse
330122,Cxcl3,2921,CXCL3,mouse
225642,Grp,2922,GRP,mouse
14827,Pdia3,2923,PDIA3,mouse
14829,Grpr,2925,GRPR,mouse
231413,Grsf1,2926,GRSF1,mouse
195333,Gsc2,2928,GSC2,mouse
606496,Gsk3a,2931,GSK3A,mouse
56637,Gsk3b,2932,GSK3B,mouse
227753,Gsn,2934,GSN,mouse
14852,Gspt1,2935,GSPT1,mouse
14782,Gsr,2936,GSR,mouse
14854,Gss,2937,GSS,mouse
14858,Gsta2,2938,GSTA1,mouse
100042314,Gsta5,2938,GSTA1,mouse
14857,Gsta1,2938,GSTA1,mouse
14859,Gsta3,2938,GSTA1,mouse
100042295,Gsta13,2938,GSTA1,mouse
14859,Gsta3,2939,GSTA2,mouse
100042295,Gsta13,2939,GSTA2,mouse
14857,Gsta1,2939,GSTA2,mouse
100042314,Gsta5,2939,GSTA2,mouse
14858,Gsta2,2939,GSTA2,mouse
14857,Gsta1,2940,GSTA3,mouse
14859,Gsta3,2940,GSTA3,mouse
100042295,Gsta13,2940,GSTA3,mouse
14858,Gsta2,2940,GSTA3,mouse
100042314,Gsta5,2940,GSTA3,mouse
14864,Gstm3,2944,GSTM1,mouse
14863,Gstm2,2944,GSTM1,mouse
14862,Gstm1,2944,GSTM1,mouse
14867,Gstm6,2944,GSTM1,mouse
68312,Gstm7,2946,GSTM2,mouse
14866,Gstm5,2947,GSTM3,mouse
14865,Gstm4,2948,GSTM4,mouse
14864,Gstm3,2949,GSTM5,mouse
14862,Gstm1,2949,GSTM5,mouse
14867,Gstm6,2949,GSTM5,mouse
14863,Gstm2,2949,GSTM5,mouse
14870,Gstp1,2950,GSTP1,mouse
14869,Gstp2,2950,GSTP1,mouse
225884,Gstp3,2950,GSTP1,mouse
14872,Gstt2,2953,GSTT2,mouse
14874,Gstz1,2954,GSTZ1,mouse
17688,Msh6,2956,MSH6,mouse
83602,Gtf2a1,2957,GTF2A1,mouse
235459,Gtf2a2,2958,GTF2A2,mouse
229906,Gtf2b,2959,GTF2B,mouse
74197,Gtf2e1,2960,GTF2E1,mouse
68153,Gtf2e2,2961,GTF2E2,mouse
98053,Gtf2f1,2962,GTF2F1,mouse
68705,Gtf2f2,2963,GTF2F2,mouse
14884,Gtf2h1,2965,GTF2H1,mouse
23894,Gtf2h2,2966,GTF2H2|GTF2H2C,mouse
209357,Gtf2h3,2967,GTF2H3,mouse
14885,Gtf2h4,2968,GTF2H4,mouse
14886,Gtf2i,2969,GTF2I,mouse
66596,Gtf3a,2971,GTF3A,mouse
72308,Brf1,2972,BRF1,mouse
239134,Gucy1b2,2974,GUCY1B2,mouse
233863,Gtf3c1,2975,GTF3C1,mouse
71752,Gtf3c2,2976,GTF3C2,mouse
17060,Blnk,29760,BLNK,mouse
30940,Usp25,29761,USP25,mouse
80708,Pacsin3,29763,PACSIN3,mouse
50874,Tmod4,29765,TMOD4,mouse
50875,Tmod3,29766,TMOD3|LOC112268148,mouse
50876,Tmod2,29767,TMOD2,mouse
234889,Gucy1a2,2977,GUCY1A2,mouse
105844,Card10,29775,CARD10,mouse
30946,Abt1,29777,ABT1,mouse
14913,Guca1a,2978,GUCA1A|LOC118142757,mouse
170736,Parvb,29780,PARVB,mouse
52683,Ncaph2,29781,NCAPH2,mouse
74134,Cyp2s1,29785,CYP2S1,mouse
67059,Ola1,29789,OLA1,mouse
107477,Guca1b,2979,GUCA1B,mouse
66152,Uqcr10,29796,UQCR10,mouse
106369,Ypel1,29799,YPEL1,mouse
14915,Guca2a,2980,GUCA2A,mouse
70796,Zdhhc1,29800,ZDHHC1,mouse
27801,Zdhhc8,29801,ZDHHC8,mouse
22364,Vpreb3,29802,VPREB3,mouse
58887,Repin1,29803,REPIN1,mouse
14916,Guca2b,2981,GUCA2B,mouse
60596,Gucy1a1,2982,GUCY1A1,mouse
54195,Gucy1b1,2983,GUCY1B1,mouse
14917,Gucy2c,2984,GUCY2C,mouse
195733,Grhl1,29841,GRHL1,mouse
81879,Tfcp2l1,29842,TFCP2L1,mouse
223870,Senp1,29843,SENP1,mouse
69714,Tfpt,29844,TFPT,mouse
56843,Trpm5,29850,TRPM5,mouse
54167,Icos,29851,ICOS,mouse
170644,Ubn1,29855,UBN1,mouse
245650,Gucy2f,2986,GUCY2F,mouse
14923,Guk1,2987,GUK1,mouse
66248,Alg5,29880,ALG5,mouse
237636,Npc1l1,29881,NPC1L1,mouse
99152,Anapc2,29882,ANAPC2,mouse
18983,Cnot7,29883,CNOT7,mouse
231834,Snx8,29886,SNX8,mouse
71982,Snx10,29887,SNX10,mouse
97387,Strn4,29888,STRN4,mouse
230737,Gnl2,29889,GNL2,mouse
109095,Rbm15b,29890,RBM15B,mouse
19183,Psmc3ip,29893,PSMC3IP,mouse
94230,Cpsf1,29894,CPSF1,mouse
17907,Mylpf,29895,MYLPF,mouse
101214,Tra2a,29896,TRA2A,mouse
76123,Gpsm2,29899,GPSM2,mouse
110006,Gusb,2990,GUSB,mouse
66406,Sac3d1,29901,SAC3D1,mouse
68948,Fam216a,29902,FAM216A,mouse
232821,Ccdc106,29903,CCDC106,mouse
13631,Eef2k,29904,EEF2K,mouse
225742,St8sia5,29906,ST8SIA5,mouse
69024,Snx15,29907,SNX15,mouse
229323,Gpr171,29909,GPR171,mouse
170833,Hook2,29911,HOOK2,mouse
71707,Ubiad1,29914,UBIAD1,mouse
67933,Hcfc2,29915,HCFC2,mouse
74479,Snx11,29916,SNX11,mouse
76482,Rmc1,29919,RMC1,mouse
27357,Gyg,2992,GYG1,mouse
69051,Pycr2,29920,PYCR2,mouse
171567,Nme7,29922,NME7,mouse
69573,Hilpda,29923,HILPDA,mouse
13854,Epn1,29924,EPN1,mouse
331026,Gmppb,29925,GMPPB,mouse
69080,Gmppa,29926,GMPPA,mouse
53421,Sec61a1,29927,SEC61A1,mouse
56322,Timm22,29928,TIMM22,mouse
320438,Alg6,29929,ALG6,mouse
14934,Gypa,2993,GYPA,mouse
93872,Pcdhb1,29930,PCDHB1,mouse
56696,Gpr132,29933,GPR132,mouse
55988,Snx12,29934,SNX12,mouse
66208,Nenf,29937,NENF,mouse
14934,Gypa,2994,GYPB,mouse
212898,Dse,29940,DSE,mouse
263803,Pkn3,29941,PKN3,mouse
75029,Purg,29942,PURG,mouse
18599,Padi1,29943,PADI1,mouse
245468,Pnma3,29944,PNMA3,mouse
52206,Anapc4,29945,ANAPC4,mouse
170742,Sertad3,29946,SERTAD3,mouse
54427,Dnmt3l,29947,DNMT3L,mouse
71839,Osgin1,29948,OSGIN1,mouse
329244,Il19,29949,IL19,mouse
71683,Gypc,2995,GYPC,mouse
55942,Sertad1,29950,SERTAD1,mouse
239618,Pdzrn4,29951,PDZRN4,mouse
83768,Dpp7,29952,DPP7,mouse
237553,Trhde,29953,TRHDE,mouse
217734,Pomt2,29954,POMT2,mouse
76893,Cers2,29956,CERS2,mouse
229731,Slc25a24,29957,SLC25A24,mouse
74129,Dmgdh,29958,DMGDH,mouse
192292,Nrbp1,29959,NRBP1,mouse
14934,Gypa,2996,GYPE,mouse
68017,Mrm2,29960,MRM2,mouse
381104,Prickle4,29964,PRICKLE4,mouse
66626,Cdip1,29965,CDIP1,mouse
94186,Strn3,29966,STRN3,mouse
239393,Lrp12,29967,LRP12,mouse
107272,Psat1,29968,PSAT1,mouse
16543,Mdfic,29969,MDFIC,mouse
14936,Gys1,2997,GYS1,mouse
30953,Schip1,29970,SCHIP1|IQCJ-SCHIP1,mouse
69865,A1cf,29974,A1CF,mouse
54609,Ubqln2,29978,UBQLN2,mouse
56085,Ubqln1,29979,UBQLN1,mouse
60364,Donson,29980,DONSON,mouse
641340,Nrbf2,29982,NRBF2,mouse
11854,Rhod,29984,RHOD,mouse
106947,Slc39a3,29985,SLC39A3,mouse
214922,Slc39a2,29986,SLC39A2,mouse
56017,Slc2a8,29988,SLC2A8,mouse
14942,Gzme,2999,GZMH,mouse
14944,Gzmg,2999,GZMH,mouse
14943,Gzmf,2999,GZMH,mouse
14941,Gzmd,2999,GZMH,mouse
245839,Gzmn,2999,GZMH,mouse
170741,Pilrb1,29990,PILRB,mouse
231805,Pilra,29990,PILRB,mouse
545812,Pilrb2,29990,PILRB,mouse
16821,Lcn4,29991,OBP2A,mouse
227627,Obp2a,29991,OBP2A,mouse
383678,Obp2b,29991,OBP2A,mouse
170741,Pilrb1,29992,PILRA,mouse
231805,Pilra,29992,PILRA,mouse
23969,Pacsin1,29993,PACSIN1,mouse
407823,Baz2b,29994,BAZ2B,mouse
30937,Lmcd1,29995,LMCD1,mouse
68077,Nop53,29997,NOP53,mouse
243842,Bicra,29998,BICRA,mouse
56223,Fscn3,29999,FSCN3,mouse
113868,Acaa1a,30,ACAA1,mouse
235674,Acaa1b,30,ACAA1,mouse
14919,Gucy2e,3000,GUCY2D,mouse
212999,Tnpo2,30000,TNPO2,mouse
50527,Ero1a,30001,ERO1A,mouse
58859,Efemp2,30008,EFEMP2,mouse
57765,Tbx21,30009,TBX21,mouse
14938,Gzma,3001,GZMA,mouse
18231,Nxph1,30010,NXPH1,mouse
58194,Sh3kbp1,30011,SH3KBP1,mouse
27140,Tlx3,30012,TLX3,mouse
14944,Gzmg,3002,GZMB,mouse
14943,Gzmf,3002,GZMB,mouse
14942,Gzme,3002,GZMB,mouse
14941,Gzmd,3002,GZMB,mouse
14940,Gzmc,3002,GZMB,mouse
14939,Gzmb,3002,GZMB,mouse
245839,Gzmn,3002,GZMB,mouse
14945,Gzmk,3003,GZMK,mouse
16904,Gzmm,3004,GZMM,mouse
14958,H1f0,3005,H1-0,mouse
50708,H1f2,3006,H1-2,mouse
53945,Slc40a1,30061,SLC40A1,mouse
19434,Rax,30062,RAX,mouse
14957,H1f3,3007,H1-3,mouse
50709,H1f4,3008,H1-4,mouse
56702,H1f5,3009,H1-5,mouse
16952,Anxa1,301,ANXA1,mouse
107970,H1f6,3010,H1-6,mouse
319169,H2ac15,3012,H2AC8,mouse
319170,H2ac22,3012,H2AC8,mouse
319167,H2ac11,3012,H2AC8,mouse
319166,H2ac8,3012,H2AC8,mouse
319165,H2ac7,3012,H2AC8,mouse
319191,H2ac13,3012,H2AC8,mouse
319164,H2ac6,3012,H2AC8,mouse
319171,H2ac24,3012,H2AC8,mouse
319172,H2ac4,3012,H2AC8,mouse
665433,H2ac23,3012,H2AC8,mouse
319173,H2ac10,3013,H2AC7,mouse
15270,H2ax,3014,H2AX,mouse
51788,H2az1,3015,H2AZ1,mouse
319186,H2bc14,3017,H2BC5,mouse
319182,H2bc9,3017,H2BC5,mouse
319181,H2bc8,3017,H2BC5,mouse
319179,H2bc6,3017,H2BC5,mouse
68024,H2bc4,3017,H2BC5,mouse
319178,H2bc3,3018,H2BC3,mouse
12306,Anxa2,302,ANXA2,mouse
15078,H3f3a,3020,H3-3A,mouse
15081,H3f3b,3021,H3-3B,mouse
80838,H1f1,3024,H1-1,mouse
226243,Habp2,3026,HABP2,mouse
15108,Hsd17b10,3028,HSD17B10,mouse
14651,Hagh,3029,HAGH,mouse
97212,Hadha,3030,HADHA,mouse
231086,Hadhb,3032,HADHB,mouse
15107,Hadh,3033,HADH,mouse
15109,Hal,3034,HAL,mouse
15115,Hars,3035,HARS1,mouse
15116,Has1,3036,HAS1,mouse
15117,Has2,3037,HAS2,mouse
15118,Has3,3038,HAS3,mouse
15122,Hba-a1,3039,HBA1,mouse
110257,Hba-a2,3039,HBA1,mouse
15122,Hba-a1,3040,HBA2,mouse
110257,Hba-a2,3040,HBA2,mouse
101488143,Hbb-bt,3043,HBB,mouse
100503605,Hbb-b1|Hbb-bs,3043,HBB,mouse
15129,Hbb-b1|Hbb-bs,3043,HBB,mouse
436003,Hbb-bh2,3043,HBB,mouse
101488143,Hbb-bt,3045,HBD,mouse
100503605,Hbb-b1|Hbb-bs,3045,HBD,mouse
15129,Hbb-b1|Hbb-bs,3045,HBD,mouse
436003,Hbb-bh2,3045,HBD,mouse
15135,Hbb-y,3046,HBE1,mouse
15132,Hbb-bh1,3048,HBG2,mouse
216635,Hbq1a,3049,HBQ1,mouse
544763,Hbq1b,3049,HBQ1,mouse
15126,Hba-x,3050,HBZ,mouse
15159,Hccs,3052,HCCS,mouse
15160,Serpind1,3053,SERPIND1,mouse
15161,Hcfc1,3054,HCFC1,mouse
15162,Hck,3055,HCK,mouse
15163,Hcls1,3059,HCLS1,mouse
11745,Anxa3,306,ANXA3,mouse
15171,Hcrt,3060,HCRT,mouse
230777,Hcrtr1,3061,HCRTR1,mouse
387285,Hcrtr2,3062,HCRTR2,mouse
15194,Htt,3064,HTT,mouse
433759,Hdac1,3065,HDAC1,mouse
15182,Hdac2,3066,HDAC2,mouse
15186,Hdc,3067,HDC,mouse
15191,Hdgf,3068,HDGF,mouse
110611,Hdlbp,3069,HDLBP,mouse
11746,Anxa4,307,ANXA4,mouse
15201,Hells,3070,HELLS,mouse
105855,Nckap1l,3071,NCKAP1L,mouse
15211,Hexa,3073,HEXA,mouse
15212,Hexb,3074,HEXB,mouse
12628,Cfh,3075,CFH,mouse
214403,Cfhr4,3075,CFH,mouse
15216,Hfe,3077,HFE,mouse
50702,Cfhr1,3078,CFHR1,mouse
11747,Anxa5,308,ANXA5,mouse
50702,Cfhr1,3080,CFHR2,mouse
15233,Hgd,3081,HGD,mouse
26559,Hunk,30811,HUNK,mouse
20681,Sox8,30812,SOX8,mouse
114889,Vsx1,30813,VSX1,mouse
26970,Pla2g2e,30814,PLA2G2E,mouse
50935,St6galnac6,30815,ST6GALNAC6,mouse
26364,Adgre5,30817,ADGRE2,mouse
56461,Kcnip3,30818,KCNIP3,mouse
80906,Kcnip2,30819,KCNIP2,mouse
15234,Hgf,3082,HGF,mouse
70357,Kcnip1,30820,KCNIP1,mouse
74322,Cxxc1,30827,CXXC1,mouse
54426,Hgfac,3083,HGFAC,mouse
30944,Zfp354c,30832,ZNF354C,mouse
50773,Nt5c,30833,NT5C,mouse
66136,Polr1h,30834,POLR1H,mouse
170776,Cd209c,30835,CD209,mouse
170786,Cd209a,30835,CD209,mouse
170780,Cd209e,30835,CD209,mouse
170779,Cd209d,30835,CD209,mouse
69165,Cd209b,30835,CD209,mouse
99480,Dnttip2,30836,DNTTIP2,mouse
192157,Socs7,30837,SOCS7,mouse
211323,Nrg1,3084,NRG1,mouse
98878,Ehd4,30844,EHD4,mouse
57440,Ehd3,30845,EHD3,mouse
259300,Ehd2,30846,EHD2,mouse
75669,Pik3r4,30849,PIK3R4,mouse
237988,Cdr2l,30850,CDR2L,mouse
76281,Tax1bp3,30851,TAX1BP3,mouse
15242,Hhex,3087,HHEX,mouse
11749,Anxa6,309,ANXA6,mouse
15248,Hic1,3090,HIC1,mouse
15251,Hif1a,3091,HIF1A,mouse
215114,Hip1,3092,HIP1,mouse
53323,Ube2k,3093,UBE2K,mouse
15254,Hint1,3094,HINT1,mouse
110521,Hivep1,3096,HIVEP1,mouse
66592,Stoml2,30968,STOML2,mouse
15273,Hivep2,3097,HIVEP2,mouse
15275,Hk1,3098,HK1,mouse
15277,Hk2,3099,HK2,mouse
107476,Acaca,31,ACACA,mouse
11750,Anxa7,310,ANXA7,mouse
212032,Hk3,3101,HK3,mouse
100090,Zbtb48,3104,ZBTB48,mouse
110557,H2-Q6,3105,HLA-A,mouse
15040,H2-T23,3105,HLA-A,mouse
14972,H2-K1,3105,HLA-A,mouse
14964,H2-D1,3105,HLA-A,mouse
15018,H2-Q7|H2-Q9,3105,HLA-A,mouse
15006,H2-Q1,3105,HLA-A,mouse
15015,H2-Q4,3105,HLA-A,mouse
15007,H2-Q10,3105,HLA-A,mouse
15013,H2-Q2,3105,HLA-A,mouse
14991,H2-M3,3106,HLA-B,mouse
15015,H2-Q4,3106,HLA-B,mouse
14990,H2-M2,3106,HLA-B,mouse
14985,H2-M10.1,3106,HLA-B,mouse
14972,H2-K1,3106,HLA-B,mouse
14964,H2-D1,3106,HLA-B,mouse
15006,H2-Q1,3106,HLA-B,mouse
15007,H2-Q10,3106,HLA-B,mouse
15013,H2-Q2,3106,HLA-B,mouse
15040,H2-T23,3106,HLA-B,mouse
15018,H2-Q7|H2-Q9,3106,HLA-B,mouse
110557,H2-Q6,3106,HLA-B,mouse
224753,H2-M10.4,3106,HLA-B,mouse
333715,H2-M10.2,3106,HLA-B,mouse
15007,H2-Q10,3107,HLA-C,mouse
14964,H2-D1,3107,HLA-C,mouse
14972,H2-K1,3107,HLA-C,mouse
110557,H2-Q6,3107,HLA-C,mouse
14985,H2-M10.1,3107,HLA-C,mouse
14990,H2-M2,3107,HLA-C,mouse
15015,H2-Q4,3107,HLA-C,mouse
15006,H2-Q1,3107,HLA-C,mouse
15040,H2-T23,3107,HLA-C,mouse
15013,H2-Q2,3107,HLA-C,mouse
14991,H2-M3,3107,HLA-C,mouse
15018,H2-Q7|H2-Q9,3107,HLA-C,mouse
224753,H2-M10.4,3107,HLA-C,mouse
333715,H2-M10.2,3107,HLA-C,mouse
14998,H2-DMa,3108,HLA-DMA,mouse
15000,H2-DMb2,3109,HLA-DMB,mouse
14999,H2-DMb1,3109,HLA-DMB,mouse
11744,Anxa11,311,ANXA11,mouse
15285,Mnx1,3110,MNX1,mouse
15001,H2-Oa,3111,HLA-DOA,mouse
15002,H2-Ob,3112,HLA-DOB,mouse
14960,H2-Aa,3117,HLA-DQA1,mouse
14960,H2-Aa,3118,HLA-DQA1|HLA-DQA2,mouse
14961,H2-Ab1,3119,HLA-DQB1,mouse
69787,Anxa13,312,ANXA13,mouse
14961,H2-Ab1,3120,HLA-DQB2,mouse
100504404,H2-Ea,3122,HLA-DRA,mouse
14969,H2-Eb1,3123,HLA-DRB1,mouse
381091,H2-Eb2,3123,HLA-DRB1,mouse
14969,H2-Eb1,3127,HLA-DRB5,mouse
381091,H2-Eb2,3127,HLA-DRB5,mouse
27052,Aoah,313,AOAH,mouse
217082,Hlf,3131,HLF,mouse
14964,H2-D1,3133,HLA-E,mouse
15007,H2-Q10,3133,HLA-E,mouse
15040,H2-T23,3133,HLA-E,mouse
15006,H2-Q1,3133,HLA-E,mouse
15013,H2-Q2,3133,HLA-E,mouse
15018,H2-Q7|H2-Q9,3133,HLA-E,mouse
110557,H2-Q6,3133,HLA-E,mouse
15015,H2-Q4,3133,HLA-E,mouse
14972,H2-K1,3133,HLA-E,mouse
15006,H2-Q1,3134,HLA-F,mouse
14991,H2-M3,3134,HLA-F,mouse
15040,H2-T23,3134,HLA-F,mouse
15007,H2-Q10,3134,HLA-F,mouse
14985,H2-M10.1,3134,HLA-F,mouse
14990,H2-M2,3134,HLA-F,mouse
15018,H2-Q7|H2-Q9,3134,HLA-F,mouse
14972,H2-K1,3134,HLA-F,mouse
15015,H2-Q4,3134,HLA-F,mouse
15013,H2-Q2,3134,HLA-F,mouse
14964,H2-D1,3134,HLA-F,mouse
110557,H2-Q6,3134,HLA-F,mouse
224753,H2-M10.4,3134,HLA-F,mouse
333715,H2-M10.2,3134,HLA-F,mouse
15007,H2-Q10,3135,HLA-G,mouse
15013,H2-Q2,3135,HLA-G,mouse
15018,H2-Q7|H2-Q9,3135,HLA-G,mouse
15015,H2-Q4,3135,HLA-G,mouse
14972,H2-K1,3135,HLA-G,mouse
15040,H2-T23,3135,HLA-G,mouse
15006,H2-Q1,3135,HLA-G,mouse
14964,H2-D1,3135,HLA-G,mouse
110557,H2-Q6,3135,HLA-G,mouse
237940,Aoc2,314,AOC2,mouse
15064,Mr1,3140,MR1,mouse
110948,Hlcs,3141,HLCS,mouse
15284,Hlx,3142,HLX,mouse
15288,Hmbs,3145,HMBS,mouse
15289,Hmgb1,3146,HMGB1,mouse
97165,Hmgb2,3148,HMGB2,mouse
15354,Hmgb3,3149,HMGB3,mouse
15312,Hmgn1,3150,HMGN1,mouse
15331,Hmgn2,3151,HMGN2,mouse
15356,Hmgcl,3155,HMGCL,mouse
15357,Hmgcr,3156,HMGCR,mouse
208715,Hmgcs1,3157,HMGCS1,mouse
15360,Hmgcs2,3158,HMGCS2,mouse
15361,Hmga1,3159,HMGA1,mouse
111241,Hmga1b,3159,HMGA1,mouse
11761,Aox1,316,AOX1,mouse
15366,Hmmr,3161,HMMR,mouse
15368,Hmox1,3162,HMOX1,mouse
15369,Hmox2,3163,HMOX2,mouse
15370,Nr4a1,3164,NR4A1,mouse
15371,Hmx1,3166,HMX1,mouse
15372,Hmx2,3167,HMX2,mouse
15375,Foxa1,3169,FOXA1,mouse
11783,Apaf1,317,APAF1,mouse
15376,Foxa2,3170,FOXA2,mouse
15377,Foxa3,3171,FOXA3,mouse
15378,Hnf4a,3172,HNF4A,mouse
30942,Hnf4g,3174,HNF4G,mouse
15379,Onecut1,3175,ONECUT1,mouse
140483,Hnmt,3176,HNMT,mouse
66892,Eif4e3,317649,EIF4E3,mouse
105428,Fam149b,317662,FAM149B1,mouse
218341,Rfesd,317671,RFESD,mouse
13340,Slc29a2,3177,SLC29A2,mouse
171263,Vmn1r67,317701,VN1R2,mouse
171228,Vmn1r225,317701,VN1R2,mouse
171226,Vmn1r228,317701,VN1R2,mouse
171265,Vmn1r185,317701,VN1R2,mouse
171225,Vmn1r226,317701,VN1R2,mouse
171227,Vmn1r232,317701,VN1R2,mouse
171224,Vmn1r229,317701,VN1R2,mouse
171264,Vmn1r66,317701,VN1R2,mouse
252910,Vmn1r71,317701,VN1R2,mouse
252904,Vmn1r69,317701,VN1R2,mouse
628580,Vmn1r68,317701,VN1R2,mouse
665525,Vmn1r224,317701,VN1R2,mouse
171188,Vmn1r32,317705,VN1R5,mouse
171187,Vmn1r33,317705,VN1R5,mouse
171189,Vmn1r17,317705,VN1R5,mouse
171183,Vmn1r37,317705,VN1R5,mouse
171200,Vmn1r19,317705,VN1R5,mouse
171186,Vmn1r38,317705,VN1R5,mouse
113858,Vmn1r10,317705,VN1R5,mouse
171185,Vmn1r35,317705,VN1R5,mouse
113859,Vmn1r29,317705,VN1R5,mouse
171184,Vmn1r36,317705,VN1R5,mouse
171190,Vmn1r26,317705,VN1R5,mouse
113850,V1ra8,317705,VN1R5,mouse
113849,Vmn1r52,317705,VN1R5,mouse
113845,Vmn1r48,317705,VN1R5,mouse
171206,Vmn1r27,317705,VN1R5,mouse
171205,Vmn1r8,317705,VN1R5,mouse
171203,Vmn1r9,317705,VN1R5,mouse
171202,Vmn1r16,317705,VN1R5,mouse
171201,Vmn1r21,317705,VN1R5,mouse
171191,Vmn1r24,317705,VN1R5,mouse
171199,Vmn1r18,317705,VN1R5,mouse
171198,Vmn1r28,317705,VN1R5,mouse
171197,Vmn1r23,317705,VN1R5,mouse
171196,Vmn1r22,317705,VN1R5,mouse
171195,Vmn1r30,317705,VN1R5,mouse
171194,Vmn1r4,317705,VN1R5,mouse
171193,Vmn1r6,317705,VN1R5,mouse
171192,Vmn1r5,317705,VN1R5,mouse
113853,Vmn1r53,317705,VN1R5,mouse
113860,Vmn1r11,317705,VN1R5,mouse
113862,Vmn1r13,317705,VN1R5,mouse
113847,Vmn1r43,317705,VN1R5,mouse
113846,Vmn1r47,317705,VN1R5,mouse
113863,Vmn1r15,317705,VN1R5,mouse
113864,Vmn1r14,317705,VN1R5,mouse
113865,Vmn1r25,317705,VN1R5,mouse
113851,Vmn1r54,317705,VN1R5,mouse
113852,Vmn1r50,317705,VN1R5,mouse
113854,Vmn1r44,317705,VN1R5,mouse
113855,Vmn1r40,317705,VN1R5,mouse
113856,Vmn1r46,317705,VN1R5,mouse
113848,Vmn1r42,317705,VN1R5,mouse
24112,Vmn1r49,317705,VN1R5,mouse
22297,Vmn1r45,317705,VN1R5,mouse
22296,Vmn1r51,317705,VN1R5,mouse
434016,Vmn1r7,317705,VN1R5,mouse
625823,Vmn1r1,317705,VN1R5,mouse
626828,Vmn1r31,317705,VN1R5,mouse
546901,Vmn1r34,317705,VN1R5,mouse
546903,Vmn1r39,317705,VN1R5,mouse
434017,Vmn1r20,317705,VN1R5,mouse
626397,Vmn1r12,317705,VN1R5,mouse
66720,Klhl10,317719,KLHL10,mouse
28200,Dhrs4,317749,DHRS4L2,mouse
75801,4930447C04Rik,317761,C14orf39,mouse
668158,Ccdc85c,317762,CCDC85C,mouse
621893,H2ac21,317772,H2AC21,mouse
69663,Ddx51,317781,DDX51,mouse
15382,Hnrnpa1,3178,HNRNPA1,mouse
66401,Nudt2,318,NUDT2,mouse
53379,Hnrnpa2b1,3181,HNRNPA2B1,mouse
15384,Hnrnpab,3182,HNRNPAB,mouse
15381,Hnrnpc,3183,HNRNPC,mouse
11991,Hnrnpd,3184,HNRNPD,mouse
98758,Hnrnpf,3185,HNRNPF,mouse
59013,Hnrnph1,3187,HNRNPH1,mouse
56258,Hnrnph2,3188,HNRNPH2,mouse
432467,Hnrnph3,3189,HNRNPH3,mouse
103161,Apof,319,APOF,mouse
15387,Hnrnpk,3190,HNRNPK,mouse
70846,Ttc6,319089,TTC6,mouse
15388,Hnrnpl,3191,HNRNPL,mouse
215855,Taar6,319100,TAAR6,mouse
223915,Krt73,319101,KRT73,mouse
100217445,Snord8,319103,SNORD8,mouse
51810,Hnrnpu,3192,HNRNPU,mouse
21908,Tlx1,3195,TLX1,mouse
21909,Tlx2,3196,TLX2,mouse
15394,Hoxa1,3198,HOXA1,mouse
15399,Hoxa2,3199,HOXA2,mouse
100705,Acacb,32,ACACB,mouse
319924,Apba1,320,APBA1,mouse
15400,Hoxa3,3200,HOXA3,mouse
15401,Hoxa4,3201,HOXA4,mouse
15402,Hoxa5,3202,HOXA5,mouse
15403,Hoxa6,3203,HOXA6,mouse
15404,Hoxa7,3204,HOXA7,mouse
15405,Hoxa9,3205,HOXA9,mouse
15395,Hoxa10,3206,HOXA10,mouse
15396,Hoxa11,3207,HOXA11,mouse
15444,Hpca,3208,HPCA,mouse
15398,Hoxa13,3209,HOXA13,mouse
11784,Apba2,321,APBA2,mouse
15407,Hoxb1,3211,HOXB1,mouse
103889,Hoxb2,3212,HOXB2,mouse
15410,Hoxb3,3213,HOXB3,mouse
15412,Hoxb4,3214,HOXB4,mouse
15413,Hoxb5,3215,HOXB5,mouse
15414,Hoxb6,3216,HOXB6,mouse
15415,Hoxb7,3217,HOXB7,mouse
15416,Hoxb8,3218,HOXB8,mouse
15417,Hoxb9,3219,HOXB9,mouse
11785,Apbb1,322,APBB1,mouse
15423,Hoxc4,3221,HOXC4,mouse
15424,Hoxc5,3222,HOXC5,mouse
15425,Hoxc6,3223,HOXC6,mouse
15426,Hoxc8,3224,HOXC8,mouse
15427,Hoxc9,3225,HOXC9,mouse
209448,Hoxc10,3226,HOXC10,mouse
109663,Hoxc11,3227,HOXC11,mouse
15421,Hoxc12,3228,HOXC12,mouse
15422,Hoxc13,3229,HOXC13,mouse
11787,Apbb2,323,APBB2,mouse
15429,Hoxd1,3231,HOXD1,mouse
15434,Hoxd3,3232,HOXD3,mouse
15436,Hoxd4,3233,HOXD4,mouse
15437,Hoxd8,3234,HOXD8,mouse
15438,Hoxd9,3235,HOXD9,mouse
15430,Hoxd10,3236,HOXD10,mouse
15431,Hoxd11,3237,HOXD11,mouse
15432,Hoxd12,3238,HOXD12,mouse
15433,Hoxd13,3239,HOXD13,mouse
11789,Apc,324,APC,mouse
15439,Hp,3240,HP,mouse
53602,Hpcal1,3241,HPCAL1,mouse
15445,Hpd,3242,HPD,mouse
15446,Hpgd,3248,HPGD,mouse
15451,Hpn,3249,HPN,mouse
20219,Apcs,325,APCS,mouse
15439,Hp,3250,HPR,mouse
15452,Hprt,3251,HPRT1,mouse
192236,Hps1,3257,HPS1,mouse
11634,Aire,326,AIRE,mouse
15458,Hpx,3263,HPX,mouse
317755,Zar1,326340,ZAR1,mouse
52614,Adgre4,326342,ADGRE4P,mouse
15461,Hras,3265,HRAS,mouse
353283,Eras,3266,ERAS,mouse
58222,Rab37,326624,RAB37,mouse
77697,Mmab,326625,MMAB,mouse
15463,Agfg1,3267,AGFG1,mouse
231801,Agfg2,3268,AGFG2,mouse
15465,Hrh1,3269,HRH1,mouse
235606,Apeh,327,APEH,mouse
15464,Hrc,3270,HRC,mouse
94175,Hrg,3273,HRG,mouse
15466,Hrh2,3274,HRH2,mouse
15468,Prmt2,3275,PRMT2,mouse
15469,Prmt1,3276,PRMT1,mouse
71907,Serpina9,327657,SERPINA9,mouse
11792,Apex1,328,APEX1,mouse
15205,Hes1,3280,HES1,mouse
68196,Hsbp1,3281,HSBP1,mouse
15492,Hsd3b1,3283,HSD3B1,mouse
15496,Hsd3b5,3283,HSD3B1,mouse
100043461,Hsd3b9,3283,HSD3B1,mouse
15494,Hsd3b3,3283,HSD3B1,mouse
100043456,Hsd3b8,3283,HSD3B1,mouse
15497,Hsd3b6,3283,HSD3B1,mouse
15495,Hsd3b4,3283,HSD3B1,mouse
15493,Hsd3b2,3283,HSD3B1,mouse
15494,Hsd3b3,3284,HSD3B2,mouse
15493,Hsd3b2,3284,HSD3B2,mouse
100043456,Hsd3b8,3284,HSD3B2,mouse
15495,Hsd3b4,3284,HSD3B2,mouse
100043461,Hsd3b9,3284,HSD3B2,mouse
15497,Hsd3b6,3284,HSD3B2,mouse
15496,Hsd3b5,3284,HSD3B2,mouse
15492,Hsd3b1,3284,HSD3B2,mouse
11797,Birc2,329,BIRC2,mouse
15483,Hsd11b1,3290,HSD11B1,mouse
15484,Hsd11b2,3291,HSD11B2,mouse
15485,Hsd17b1,3292,HSD17B1,mouse
15487,Hsd17b3,3293,HSD17B3,mouse
15486,Hsd17b2,3294,HSD17B2,mouse
15488,Hsd17b4,3295,HSD17B4,mouse
15499,Hsf1,3297,HSF1,mouse
15500,Hsf2,3298,HSF2,mouse
26386,Hsf4,3299,HSF4,mouse
11363,Acadl,33,ACADL,mouse
11796,Birc3,330,BIRC3,mouse
56812,Dnajb2,3300,DNAJB2,mouse
15502,Dnaja1,3301,DNAJA1,mouse
15511,Hspa1b,3303,HSPA1A,mouse
193740,Hspa1a,3303,HSPA1A,mouse
15511,Hspa1b,3304,HSPA1B,mouse
193740,Hspa1a,3304,HSPA1B,mouse
15482,Hspa1l,3305,HSPA1L,mouse
15512,Hspa2,3306,HSPA2,mouse
15525,Hspa4,3308,HSPA4,mouse
14828,Hspa5,3309,HSPA5,mouse
11798,Xiap,331,XIAP,mouse
15481,Hspa8,3312,HSPA8,mouse
15526,Hspa9,3313,HSPA9,mouse
15507,Hspb1,3315,HSPB1,mouse
69253,Hspb2,3316,HSPB2,mouse
11799,Birc5,332,BIRC5,mouse
15519,Hsp90aa1,3320,HSP90AA1,mouse
78908,Igsf3,3321,IGSF3,mouse
15516,Hsp90ab1,3326,HSP90AB1,mouse
15516,Hsp90ab1,3327,HSP90AB3P,mouse
15510,Hspd1,3329,HSPD1,mouse
11803,Aplp1,333,APLP1,mouse
15528,Hspe1,3336,HSPE1,mouse
628438,Hspe1-rs1,3336,HSPE1,mouse
81489,Dnajb1,3337,DNAJB1,mouse
57431,Dnajc4,3338,DNAJC4,mouse
15530,Hspg2,3339,HSPG2,mouse
71887,Ppm1j,333926,PPM1J,mouse
30927,Snai3,333929,SNAI3,mouse
15077,H3c14,333932,H3C15,mouse
319149,H3c4,333932,H3C15,mouse
319150,H3c2,333932,H3C15,mouse
319148,H3c3,333932,H3C15,mouse
319154,H3c13,333932,H3C15,mouse
260423,H3c7,333932,H3C15,mouse
319151,H3c6,333932,H3C15,mouse
97114,H3c15,333932,H3C15,mouse
11804,Aplp2,334,APLP2,mouse
15531,Ndst1,3340,NDST1,mouse
14236,Foxn2,3344,FOXN2,mouse
11806,Apoa1,335,APOA1,mouse
15550,Htr1a,3350,HTR1A,mouse
15551,Htr1b,3351,HTR1B,mouse
15552,Htr1d,3352,HTR1D,mouse
15557,Htr1f,3355,HTR1F,mouse
15558,Htr2a,3356,HTR2A,mouse
15559,Htr2b,3357,HTR2B,mouse
15560,Htr2c,3358,HTR2C,mouse
15561,Htr3a,3359,HTR3A,mouse
11807,Apoa2,336,APOA2,mouse
15562,Htr4,3360,HTR4,mouse
15563,Htr5a,3361,HTR5A,mouse
15565,Htr6,3362,HTR6,mouse
15566,Htr7,3363,HTR7,mouse
15574,Hus1,3364,HUS1,mouse
11808,Apoa4,337,APOA4,mouse
21923,Tnc,3371,TNC,mouse
15586,Hyal1,3373,HYAL1,mouse
15874,Iapp,3375,IAPP,mouse
105148,Iars,3376,IARS1,mouse
68889,Ubac2,337867,UBAC2,mouse
78923,Chsy3,337876,CHSY3,mouse
71363,Krtap7-1,337878,KRTAP7-1,mouse
16703,Krtap8-1,337879,KRTAP8-1,mouse
16693,Krtap11-1,337880,KRTAP11-1,mouse
170657,Krtap19-1,337882,KRTAP19-1,mouse
77918,Krtap19-3,337882,KRTAP19-1,mouse
71369,Krtap16-3,337882,KRTAP19-1,mouse
16699,Krtap13,337959,KRTAP13-2,mouse
117172,2310034C09Rik,337959,KRTAP13-2,mouse
546672,Gm5965,337959,KRTAP13-2,mouse
268905,Krtap13-1,337959,KRTAP13-2,mouse
69661,2310061N02Rik,337959,KRTAP13-2,mouse
69696,2310057N15Rik,337959,KRTAP13-2,mouse
23927,Krtap14,337960,KRTAP13-3,mouse
268905,Krtap13-1,337960,KRTAP13-3,mouse
16700,Krtap6-1,337966,KRTAP6-1,mouse
100040201,Gm10229,337966,KRTAP6-1,mouse
100040214,Gm10228,337966,KRTAP6-1,mouse
68637,1110025L11Rik,337966,KRTAP6-1,mouse
68484,Krtap6-5,337966,KRTAP6-1,mouse
16700,Krtap6-1,337967,KRTAP6-2,mouse
100040214,Gm10228,337967,KRTAP6-2,mouse
100040201,Gm10229,337967,KRTAP6-2,mouse
68484,Krtap6-5,337967,KRTAP6-2,mouse
68637,1110025L11Rik,337967,KRTAP6-2,mouse
100040214,Gm10228,337968,KRTAP6-3,mouse
100040201,Gm10229,337968,KRTAP6-3,mouse
16700,Krtap6-1,337968,KRTAP6-3,mouse
68484,Krtap6-5,337968,KRTAP6-3,mouse
68637,1110025L11Rik,337968,KRTAP6-3,mouse
170657,Krtap19-1,337970,KRTAP19-3,mouse
170654,Krtap19-4,337970,KRTAP19-3,mouse
77918,Krtap19-3,337970,KRTAP19-3,mouse
170657,Krtap19-1,337972,KRTAP19-5,mouse
170651,Krtap19-2,337972,KRTAP19-5,mouse
77918,Krtap19-3,337972,KRTAP19-5,mouse
170657,Krtap19-1,337973,KRTAP19-6,mouse
77918,Krtap19-3,337973,KRTAP19-6,mouse
102637417,Gm7735|Gm52233,337975,KRTAP20-1,mouse
100040249,Krtap6-3,337975,KRTAP20-1,mouse
100040249,Krtap6-3,337976,KRTAP20-2,mouse
102637192,Gm10061,337976,KRTAP20-2,mouse
102637070,Gm33798|Gm6358|Gm35342,337976,KRTAP20-2,mouse
115488617,1110057P08Rik,337976,KRTAP20-2,mouse
622935,Krtap20-2,337976,KRTAP20-2,mouse
640627,Gm9789,337976,KRTAP20-2,mouse
238055,Apob,338,APOB,mouse
230579,Fam151a,338094,FAM151A,mouse
15891,Ibsp,3381,IBSP,mouse
15893,Ica1,3382,ICA1,mouse
15894,Icam1,3383,ICAM1,mouse
243874,Nlrp9b,338321,NLRP9,mouse
233001,Nlrp9a,338321,NLRP9,mouse
330490,Nlrp9c,338321,NLRP9,mouse
244202,Nlrp10,338322,NLRP10,mouse
76858,Nlrp14,338323,NLRP14,mouse
381493,S100a7a,338324,S100A7A,mouse
68453,Gpihbp1,338328,GPIHBP1,mouse
17474,Clec4d,338339,CLEC4D,mouse
230405,Ifne,338376,IFNE,mouse
226421,Rab7b,338382,RAB7B,mouse
15896,Icam2,3384,ICAM2,mouse
71345,Ano9,338440,ANO9,mouse
80885,Hcar2,338442,HCAR2,mouse
107221,Ffar4,338557,FFAR4,mouse
332396,Kcnk18,338567,KCNK18,mouse
241230,St8sia6,338596,ST8SIA6,mouse
435391,Dusp29,338599,DUSP29,mouse
78369,Icam4,3386,ICAM4,mouse
233271,Luzp2,338645,LUZP2,mouse
382073,Cenatac,338657,CENATAC,mouse
75667,Tmem225,338661,TMEM225,mouse
258854,Olfr985,338662,OR8D4,mouse
258573,Olfr1020,338675,OR5AP2,mouse
68423,Ankrd13d,338692,ANKRD13D,mouse
73845,Ankrd42,338699,ANKRD42,mouse
330671,B4galnt4,338707,B4GALNT4,mouse
258160,Olfr685,338751,OR52L1,mouse
257902,Olfr704,338755,OR2AG2,mouse
258445,Olfr693,338755,OR2AG2,mouse
259034,Olfr705,338755,OR2AG2,mouse
258180,Olfr699,338755,OR2AG2,mouse
258589,Olfr703,338755,OR2AG2,mouse
258591,Olfr695,338755,OR2AG2,mouse
258592,Olfr697,338755,OR2AG2,mouse
258593,Olfr700,338755,OR2AG2,mouse
258350,Olfr706,338755,OR2AG2,mouse
258444,Or2ag1b,338755,OR2AG2,mouse
258595,Olfr698,338755,OR2AG2,mouse
66786,Olfr701,338755,OR2AG2,mouse
239659,C1ql4,338761,C1QL4,mouse
231633,Tmem119,338773,TMEM119,mouse
223917,Krt79,338785,KRT79,mouse
268354,Tafa2,338811,TAFA2,mouse
239126,C1qtnf9,338872,C1QTNF9,mouse
75019,Rnase10,338879,RNASE10,mouse
12677,Vsx2,338917,VSX2,mouse
73893,Tmem202,338949,TMEM202,mouse
11810,Apobec1,339,APOBEC1,mouse
330657,Prss53,339105,PRSS53,mouse
69834,Rab43,339122,RAB43,mouse
72106,Jmjd8,339123,JMJD8,mouse
436062,Cibar2,339145,CIBAR2,mouse
52686,Mettl2,339175,METTL2A,mouse
217071,Gm525,339210,C17orf67,mouse
238011,Enpp7,339221,ENPP7,mouse
66431,Oxld1,339229,OXLD1,mouse
67291,Ccdc137,339230,CCDC137,mouse
70317,Arl16,339231,ARL16,mouse
74026,Msl1,339287,MSL1,mouse
240131,Lrrc30,339291,LRRC30,mouse
225644,Cplx4,339302,CPLX4,mouse
26466,Zfp260,339324,ZNF260,mouse
232934,Mypop,339344,MYPOP,mouse
378430,Nanos2,339345,NANOS2,mouse
66548,Adamtsl5,339366,ADAMTSL5,mouse
75863,Clec4g,339390,CLEC4G,mouse
320747,Lingo4,339398,LINGO4,mouse
15900,Irf8,3394,IRF8,mouse
242093,Rxfp4,339403,RXFP4,mouse
73844,Ankrd45,339416,ANKRD45,mouse
97159,A430005L14Rik,339448,C1orf174,mouse
231003,Klhl17,339451,KLHL17,mouse
381582,Tmem240,339453,TMEM240,mouse
69671,Tmem52,339456,TMEM52,mouse
215378,Brinp3,339479,BRINP3,mouse
67106,Zbtb8os,339487,ZBTB8OS,mouse
332937,Tfap2e,339488,TFAP2E,mouse
218314,Zfp595,339500,ZNF678,mouse
408068,Zfp738,339500,ZNF678,mouse
431706,Zfp457,339500,ZNF678,mouse
629016,Zfp953,339500,ZNF678,mouse
216797,Prss38,339501,PRSS38,mouse
78465,Ccdc190,339512,CCDC190,mouse
381544,Armh1,339541,ARMH1,mouse
381549,Zfp69,339559,ZFP69,mouse
68572,Mrpl58,3396,MRPL58,mouse
103710,Slc35e4,339665,SLC35E4,mouse
73376,Tex33,339669,TEX33,mouse
76505,Smim45,339674,SMIM45,mouse
15901,Id1,3397,ID1,mouse
76857,Spopl,339745,SPOPL,mouse
100040766,Mroh2a,339766,MROH2A,mouse
227357,Espnl,339768,ESPNL,mouse
75434,Fam166c,339778,FAM166C,mouse
76627,Prr30,339779,PRR30,mouse
15902,Id2,3398,ID2,mouse
67358,1700093K21Rik,339804,C2orf74,mouse
51938,Ccdc39,339829,CCDC39,mouse
434438,Iho1,339834,IHO1,mouse
16716,Ky,339855,KY,mouse
73748,Gadl1,339896,GADL1,mouse
15903,Id3,3399,ID3,mouse
235628,Prss42,339906,PRSS42P,mouse
320696,Ccdc158,339965,CCDC158,mouse
194597,Tmprss11a,339967,TMPRSS11A,mouse
244448,Triml1,339976,TRIML1,mouse
231296,Lrrc66,339977,LRRC66,mouse
269642,Nat8l,339983,NAT8L,mouse
11364,Acadm,34,ACADM,mouse
15904,Id4,3400,ID4,mouse
74338,Slc6a19,340024,SLC6A19,mouse
72512,Sting1,340061,STING1,mouse
225497,Fam170a,340069,FAM170A,mouse
545260,Arsi,340075,ARSI,mouse
218440,Ankrd34b,340120,ANKRD34B,mouse
76157,Slc35d3,340146,SLC35D3,mouse
237256,Zc3h12d,340152,ZC3H12D,mouse
238564,Mylk4,340156,MYLK4,mouse
434423,Dppa5a,340168,DPPA5,mouse
71326,Treml1,340205,TREML1,mouse
22255,Uncx,340260,UNCX,mouse
213945,Col28a1,340267,COL28A1,mouse
77706,Abcb5,340273,ABCB5,mouse
231946,Fam221a,340277,FAM221A,mouse
75429,Fam183b,340286,FAM183BP,mouse
338320,Mia2,340307,CTAGE6,mouse
232670,Tspan33,340348,TSPAN33,mouse
76223,Agbl3,340351,AGBL3,mouse
268807,Klhl38,340359,KLHL38,mouse
223649,Nrbp2,340371,NRBP2,mouse
102638882,Gm35339,340390,WDR97,mouse
239405,Rspo2,340419,RSPO2,mouse
100861668,Potefam3b,340441,POTEA,mouse
100040599,Potefam3a,340441,POTEA,mouse
626415,Potefam3e,340441,POTEA,mouse
67575,Potefam1,340441,POTEA,mouse
78672,9530057J20Rik,340441,POTEA,mouse
75196,Ankrd7,340441,POTEA,mouse
665578,Gm7697,340441,POTEA,mouse
68268,Zdhhc21,340481,ZDHHC21,mouse
230379,Acer2,340485,ACER2,mouse
331474,Rtl5,340526,RTL5,mouse
100042480,Nhsl2,340527,NHSL2,mouse
245555,Nexmif,340533,NEXMIF,mouse
594844,Tceal3,340543,TCEAL5,mouse
331532,Tceal5,340543,TCEAL5,mouse
66104,Tceal6,340543,TCEAL5,mouse
78789,Vsig1,340547,VSIG1,mouse
547176,Zc3h12b,340554,ZC3H12B,mouse
73809,Satl1,340562,SATL1,mouse
245403,Dcaf12l2,340578,DCAF12L2,mouse
245404,Dcaf12l1,340578,DCAF12L2,mouse
619287,Rtl4,340595,RTL4,mouse
237091,Lhfpl1,340596,LHFPL1,mouse
102991,Ezhip,340602,EZHIP,mouse
78753,Lipm,340654,LIPM,mouse
546726,Cyp26c1,340665,CYP26C1,mouse
240675,Vwa2,340706,VWA2,mouse
332397,Nanos1,340719,NANOS1,mouse
239038,Lrit2,340745,LRIT2,mouse
15373,Hmx3,340784,HMX3,mouse
102635496,Malrd1,340895,MALRD1,mouse
18419,Otog,340990,OTOG,mouse
11812,Apoc1,341,APOC1,mouse
69809,1810046K07Rik,341032,C11orf53,mouse
69826,Ms4a10,341116,MS4A10,mouse
259066,Olfr520,341152,OR2AT4,mouse
244698,Hephl1,341208,HEPHL1,mouse
259036,Olfr713,341276,OR10A2,mouse
259035,Olfr714,341276,OR10A2,mouse
244199,Ovch2,341277,OVCH2,mouse
69371,Smco2,341346,SMCO2,mouse
54526,Syt10,341359,SYT10,mouse
233801,Acsm4,341392,ACSM4,mouse
208258,Ankrd33,341405,ANKRD33,mouse
257667,Olfr769,341416,OR6C2,mouse
258932,Olfr791,341416,OR6C2,mouse
70069,H1f7,341567,H1-7,mouse
257943,Olfr285|Olfr257,341568,OR8S1,mouse
258278,Olfr284,341568,OR8S1,mouse
259038,Olfr283,341568,OR8S1,mouse
15925,Ide,3416,IDE,mouse
242022,Frem2,341640,FREM2,mouse
330721,Nek5,341676,NEK5,mouse
15926,Idh1,3417,IDH1,mouse
404319,Olfr750,341799,OR6S1,mouse
269951,Idh2,3418,IDH2,mouse
75288,Slc35f4,341880,SLC35F4,mouse
78257,Lrrc9,341883,LRRC9,mouse
67834,Idh3a,3419,IDH3A,mouse
170718,Idh3b,3420,IDH3B,mouse
235379,Gldn,342035,GLDN,mouse
99412,Golga2,342096,GOLGA6A|LOC124907523,mouse
15929,Idh3g,3421,IDH3G,mouse
233424,Tmc3,342125,TMC3,mouse
14260,Fmn1,342184,FMN1,mouse
319554,Idi1,3422,IDI1,mouse
15931,Ids,3423,IDS,mouse
78809,4930562C15Rik,342346,C16orf96,mouse
210162,Zkscan2,342357,ZKSCAN2,mouse
52335,Atxn1l,342371,ATXN1L,mouse
244646,Pkd1l3,342372,PKD1L3,mouse
15932,Idua,3425,IDUA,mouse
217306,Cd300e,342510,CD300E,mouse
276829,Smtnl2,342527,SMTNL2,mouse
16675,Krt27,342574,KRT27,mouse
12630,Cfi,3426,CFI,mouse
237890,Slfn14,342618,SLFN14,mouse
217154,Stac2,342667,STAC2,mouse
102639543,Ifi206,3428,IFI16,mouse
15951,Ifi204,3428,IFI16,mouse
15950,Ifi203,3428,IFI16,mouse
100040462,Mndal,3428,IFI16,mouse
100033459,Ifi208,3428,IFI16,mouse
236312,Ifi209,3428,IFI16,mouse
226691,Ifi207,3428,IFI16,mouse
623121,Ifi213,3428,IFI16,mouse
26388,Ifi202b,3428,IFI16,mouse
545384,Ifi214,3428,IFI16,mouse
75721,4932414N04Rik,342850,ANKRD62,mouse
58188,Vstm2b,342865,VSTM2B,mouse
70227,Zfp619,342892,ZNF850,mouse
233038,Nccrp1,342897,NCCRP1,mouse
68416,Sycn,342898,SYCN,mouse
217845,Ifi27l2b,3429,IFI27,mouse
52668,Ifi27,3429,IFI27,mouse
76933,Ifi27l2a,3429,IFI27,mouse
102635315,Gm32687,342909,ZNF284,mouse
69349,1700008O03Rik,342918,C19orf81,mouse
192658,Rfpl4,342931,RFPL4A,mouse
170734,Zscan5b,342933,ZSCAN5B,mouse
232878,Zscan22,342945,ZSCAN22,mouse
244551,Nanos3,342977,NANOS3,mouse
74337,Palm3,342979,PALM3,mouse
11833,Aqp8,343,AQP8,mouse
70110,Ifi35,3430,IFI35,mouse
74023,Rd3,343035,RD3,mouse
230890,Aadacl4fm4,343066,AADACL4,mouse
435815,Aadacl4,343066,AADACL4,mouse
381572,Aadacl4fm1,343066,AADACL4,mouse
627085,Aadacl4fm2,343066,AADACL4,mouse
546849,AAdacl4fm3,343066,AADACL4,mouse
329993,Aadacl4fm5,343066,AADACL4,mouse
15381,Hnrnpc,343069,HNRNPCL1,mouse
73254,Ccdc18,343099,CCDC18,mouse
102638047,LOC102638047,3431,SP110,mouse
109032,Sp110,3431,SP110,mouse
118568473,LOC118568473,3431,SP110,mouse
257931,Olfr317,343171,OR2W3,mouse
404346,Olfr322,343171,OR2W3,mouse
257917,Olfr314,343172,OR2T8,mouse
68753,Mybphl,343263,MYBPHL,mouse
15958,Ifit2,3433,IFIT2,mouse
112419,Ifit1bl2,3434,IFIT1,mouse
15957,Ifit1,3434,IFIT1,mouse
667373,Ifit1bl1,3434,IFIT1,mouse
677296,Fcrl6,343413,FCRL6,mouse
240776,Kcnt2,343450,KCNT2,mouse
104382,Barhl2,343472,BARHL2,mouse
242646,Dynlt4,343521,DYNLT4,mouse
545481,Arhgap40,343578,ARHGAP40,mouse
228770,Rspo4,343637,RSPO4,mouse
241636,Tgm6,343641,TGM6,mouse
15959,Ifit3,3437,IFIT3,mouse
667370,Ifit3b,3437,IFIT3,mouse
228787,Xkr7,343702,XKR7,mouse
15974,Ifnab,3439,IFNA1,mouse
15968,Ifna5,3439,IFNA1,mouse
15964,Ifna11,3439,IFNA1,mouse
15969,Ifna6,3439,IFNA1,mouse
15970,Ifna7,3439,IFNA1,mouse
15967,Ifna4,3439,IFNA1,mouse
15962,Ifna1,3439,IFNA1,mouse
15965,Ifna2,3439,IFNA1,mouse
15972,Ifna9,3439,IFNA1,mouse
242519,Ifna12,3439,IFNA1,mouse
230396,Ifna13,3439,IFNA1,mouse
230398,Ifna16,3439,IFNA1,mouse
404549,Ifna14,3439,IFNA1,mouse
56184,Msgn1,343930,MSGN1,mouse
72097,Cracdl,343990,CRACDL,mouse
11813,Apoc2,344,APOC2,mouse
105886299,Apoc2l,344,APOC2,mouse
15972,Ifna9,3440,IFNA2,mouse
15968,Ifna5,3440,IFNA2,mouse
15967,Ifna4,3440,IFNA2,mouse
15970,Ifna7,3440,IFNA2,mouse
15962,Ifna1,3440,IFNA2,mouse
15965,Ifna2,3440,IFNA2,mouse
15969,Ifna6,3440,IFNA2,mouse
15974,Ifnab,3440,IFNA2,mouse
15964,Ifna11,3440,IFNA2,mouse
242519,Ifna12,3440,IFNA2,mouse
230396,Ifna13,3440,IFNA2,mouse
230398,Ifna16,3440,IFNA2,mouse
404549,Ifna14,3440,IFNA2,mouse
26910,Figla,344018,FIGLA,mouse
384452,Noto,344022,NOTO,mouse
232853,Zfp954,344065,LOC344065,mouse
232855,Zfp772,344065,LOC344065,mouse
76373,Zfp773,344065,LOC344065,mouse
15969,Ifna6,3441,IFNA4,mouse
15968,Ifna5,3441,IFNA4,mouse
15962,Ifna1,3441,IFNA4,mouse
15974,Ifnab,3441,IFNA4,mouse
15972,Ifna9,3441,IFNA4,mouse
15970,Ifna7,3441,IFNA4,mouse
15965,Ifna2,3441,IFNA4,mouse
15967,Ifna4,3441,IFNA4,mouse
15964,Ifna11,3441,IFNA4,mouse
230396,Ifna13,3441,IFNA4,mouse
242519,Ifna12,3441,IFNA4,mouse
230398,Ifna16,3441,IFNA4,mouse
404549,Ifna14,3441,IFNA4,mouse
210356,Nckap5,344148,NCKAP5,mouse
232077,Foxi3,344167,FOXI3,mouse
14029,Evx2,344191,EVX2,mouse
15970,Ifna7,3442,IFNA5,mouse
15965,Ifna2,3442,IFNA5,mouse
15974,Ifnab,3442,IFNA5,mouse
15972,Ifna9,3442,IFNA5,mouse
15964,Ifna11,3442,IFNA5,mouse
15967,Ifna4,3442,IFNA5,mouse
15962,Ifna1,3442,IFNA5,mouse
15969,Ifna6,3442,IFNA5,mouse
15968,Ifna5,3442,IFNA5,mouse
230396,Ifna13,3442,IFNA5,mouse
242519,Ifna12,3442,IFNA5,mouse
230398,Ifna16,3442,IFNA5,mouse
404549,Ifna14,3442,IFNA5,mouse
15970,Ifna7,3443,IFNA6,mouse
15964,Ifna11,3443,IFNA6,mouse
15969,Ifna6,3443,IFNA6,mouse
15962,Ifna1,3443,IFNA6,mouse
15965,Ifna2,3443,IFNA6,mouse
15972,Ifna9,3443,IFNA6,mouse
15968,Ifna5,3443,IFNA6,mouse
15967,Ifna4,3443,IFNA6,mouse
15974,Ifnab,3443,IFNA6,mouse
230396,Ifna13,3443,IFNA6,mouse
242519,Ifna12,3443,IFNA6,mouse
230398,Ifna16,3443,IFNA6,mouse
404549,Ifna14,3443,IFNA6,mouse
381113,Cdkl4,344387,CDKL4,mouse
15964,Ifna11,3444,IFNA7,mouse
15970,Ifna7,3444,IFNA7,mouse
15972,Ifna9,3444,IFNA7,mouse
15968,Ifna5,3444,IFNA7,mouse
15965,Ifna2,3444,IFNA7,mouse
15969,Ifna6,3444,IFNA7,mouse
15962,Ifna1,3444,IFNA7,mouse
15967,Ifna4,3444,IFNA7,mouse
15974,Ifnab,3444,IFNA7,mouse
230396,Ifna13,3444,IFNA7,mouse
242519,Ifna12,3444,IFNA7,mouse
230398,Ifna16,3444,IFNA7,mouse
404549,Ifna14,3444,IFNA7,mouse
67939,Prorsd1,344405,PRORSD1P,mouse
213043,Aox2,344454,AOX2P,mouse
15970,Ifna7,3445,IFNA8,mouse
15965,Ifna2,3445,IFNA8,mouse
15974,Ifnab,3445,IFNA8,mouse
15968,Ifna5,3445,IFNA8,mouse
15964,Ifna11,3445,IFNA8,mouse
15972,Ifna9,3445,IFNA8,mouse
15962,Ifna1,3445,IFNA8,mouse
15969,Ifna6,3445,IFNA8,mouse
15967,Ifna4,3445,IFNA8,mouse
230396,Ifna13,3445,IFNA8,mouse
242519,Ifna12,3445,IFNA8,mouse
230398,Ifna16,3445,IFNA8,mouse
404549,Ifna14,3445,IFNA8,mouse
237353,Sh3rf3,344558,SH3RF3,mouse
101055758,Gm7592,344561,GPR148,mouse
665378,Gm7609,344561,GPR148,mouse
15964,Ifna11,3446,IFNA10,mouse
15972,Ifna9,3446,IFNA10,mouse
15965,Ifna2,3446,IFNA10,mouse
15968,Ifna5,3446,IFNA10,mouse
15967,Ifna4,3446,IFNA10,mouse
15969,Ifna6,3446,IFNA10,mouse
15962,Ifna1,3446,IFNA10,mouse
15974,Ifnab,3446,IFNA10,mouse
15970,Ifna7,3446,IFNA10,mouse
230398,Ifna16,3446,IFNA10,mouse
230396,Ifna13,3446,IFNA10,mouse
242519,Ifna12,3446,IFNA10,mouse
404549,Ifna14,3446,IFNA10,mouse
68307,Lrriq4,344657,LRRIQ4,mouse
75953,Samd7,344658,SAMD7,mouse
15965,Ifna2,3447,IFNA13,mouse
15962,Ifna1,3447,IFNA13,mouse
15972,Ifna9,3447,IFNA13,mouse
15968,Ifna5,3447,IFNA13,mouse
15970,Ifna7,3447,IFNA13,mouse
15969,Ifna6,3447,IFNA13,mouse
15974,Ifnab,3447,IFNA13,mouse
15967,Ifna4,3447,IFNA13,mouse
15964,Ifna11,3447,IFNA13,mouse
242519,Ifna12,3447,IFNA13,mouse
230398,Ifna16,3447,IFNA13,mouse
230396,Ifna13,3447,IFNA13,mouse
404549,Ifna14,3447,IFNA13,mouse
229357,Gpr149,344758,GPR149,mouse
15974,Ifnab,3448,IFNA14,mouse
15970,Ifna7,3448,IFNA14,mouse
15969,Ifna6,3448,IFNA14,mouse
15965,Ifna2,3448,IFNA14,mouse
15962,Ifna1,3448,IFNA14,mouse
15972,Ifna9,3448,IFNA14,mouse
15967,Ifna4,3448,IFNA14,mouse
15968,Ifna5,3448,IFNA14,mouse
15964,Ifna11,3448,IFNA14,mouse
242519,Ifna12,3448,IFNA14,mouse
230396,Ifna13,3448,IFNA14,mouse
230398,Ifna16,3448,IFNA14,mouse
404549,Ifna14,3448,IFNA14,mouse
208171,Tmprss7,344805,TMPRSS7,mouse
239849,Cd200r4,344807,CD200R1L,mouse
271375,Cd200r2,344807,CD200R1L,mouse
57781,Cd200r1,344807,CD200R1L,mouse
74603,Cd200r3,344807,CD200R1L,mouse
75552,Paqr9,344838,PAQR9,mouse
68553,Col6a4,344875,COL6A4P1,mouse
224055,Rtp2,344892,RTP2,mouse
15965,Ifna2,3449,IFNA16,mouse
15967,Ifna4,3449,IFNA16,mouse
15964,Ifna11,3449,IFNA16,mouse
15974,Ifnab,3449,IFNA16,mouse
15968,Ifna5,3449,IFNA16,mouse
15970,Ifna7,3449,IFNA16,mouse
15969,Ifna6,3449,IFNA16,mouse
15962,Ifna1,3449,IFNA16,mouse
15972,Ifna9,3449,IFNA16,mouse
230398,Ifna16,3449,IFNA16,mouse
242519,Ifna12,3449,IFNA16,mouse
230396,Ifna13,3449,IFNA16,mouse
404549,Ifna14,3449,IFNA16,mouse
239790,Ostn,344901,OSTN,mouse
268878,Atp13a5,344905,ATP13A5,mouse
11814,Apoc3,345,APOC3,mouse
368202,Prss48,345062,PRSS48,mouse
78088,Sowahb,345079,SOWAHB,mouse
15968,Ifna5,3451,IFNA17,mouse
15967,Ifna4,3451,IFNA17,mouse
15972,Ifna9,3451,IFNA17,mouse
15965,Ifna2,3451,IFNA17,mouse
15969,Ifna6,3451,IFNA17,mouse
15964,Ifna11,3451,IFNA17,mouse
15974,Ifnab,3451,IFNA17,mouse
15962,Ifna1,3451,IFNA17,mouse
15970,Ifna7,3451,IFNA17,mouse
230398,Ifna16,3451,IFNA17,mouse
242519,Ifna12,3451,IFNA17,mouse
230396,Ifna13,3451,IFNA17,mouse
404549,Ifna14,3451,IFNA17,mouse
242235,Lrit3,345193,LRIT3,mouse
15965,Ifna2,3452,IFNA21,mouse
15964,Ifna11,3452,IFNA21,mouse
15972,Ifna9,3452,IFNA21,mouse
15962,Ifna1,3452,IFNA21,mouse
15968,Ifna5,3452,IFNA21,mouse
15967,Ifna4,3452,IFNA21,mouse
15974,Ifnab,3452,IFNA21,mouse
15970,Ifna7,3452,IFNA21,mouse
15969,Ifna6,3452,IFNA21,mouse
230398,Ifna16,3452,IFNA21,mouse
230396,Ifna13,3452,IFNA21,mouse
242519,Ifna12,3452,IFNA21,mouse
404549,Ifna14,3452,IFNA21,mouse
403174,Msantd1,345222,MSANTD1,mouse
75750,Slc10a6,345274,SLC10A6,mouse
243168,Hsd17b13,345275,HSD17B13,mouse
15975,Ifnar1,3454,IFNAR1,mouse
75477,Pfn3,345456,PFN3,mouse
214779,Zfp879,345462,ZNF879,mouse
15976,Ifnar2,3455,IFNAR2,mouse
239318,Plcxd3,345557,PLCXD3,mouse
15977,Ifnb1,3456,IFNB1,mouse
15944,Irgm1,345611,IRGM,mouse
16145,Igtp,345611,IRGM,mouse
54396,Irgm2,345611,IRGM,mouse
237730,Fbll1,345630,FBLL1,mouse
622408,Mcidas,345643,MCIDAS,mouse
238880,Actbl2,345651,ACTBL2,mouse
67698,Fam174a,345757,FAM174A,mouse
382793,Mtx3,345778,MTX3,mouse
15978,Ifng,3458,IFNG,mouse
212892,Rsph4a,345895,RSPH4A,mouse
15979,Ifngr1,3459,IFNGR1,mouse
100045792,Ect2l,345930,ECT2L,mouse
15980,Ifngr2,3460,IFNGR2,mouse
22715,Zfp57,346171,ZFP57,mouse
74222,Septin14,346288,SEPTIN14,mouse
238455,Macc1,346389,MACC1,mouse
258292,Or2a12,346525,OR2A12,mouse
18346,Olfr47,346528,OR2A1,mouse
258366,Olfr434,346528,OR2A1,mouse
258647,Olfr435,346528,OR2A1,mouse
242851,Gnat3,346562,GNAT3,mouse
245884,Garin1a,346653,GARIN1A,mouse
20899,Stra8,346673,STRA8,mouse
74253,Klrg2,346689,KLRG2,mouse
11815,Apod,347,APOD,mouse
241877,Slc10a5,347051,SLC10A5,mouse
227717,Qrfp,347148,QRFP,mouse
18328,Or1j1,347168,OR1J1,mouse
259053,Olfr362,347169,OR1B1,mouse
109242,Kif24,347240,KIF24,mouse
75426,Igfbpl1,347252,IGFBPL1,mouse
68016,Cavin4,347273,CAVIN4,mouse
236285,Lancl3,347404,LANCL3,mouse
18630,Dcaf8l,347442,DCAF8L2,mouse
245381,Sowahd,347454,SOWAHD,mouse
258393,Olfr1325,347468,OR13H1,mouse
434778,Ccdc160,347475,CCDC160,mouse
631784,Gm7073,347487,CXorf66,mouse
15982,Ifrd1,3475,IFRD1,mouse
668257,Dgat2l6,347516,DGAT2L6,mouse
212952,Mageb11,347541,MAGEB5,mouse
18518,Igbp1,3476,IGBP1,mouse
14707,Gng5,347687,GNG5P2,mouse
320478,Sox2ot,347689,SOX2-OT,mouse
74342,Lrrtm1,347730,LRRTM1,mouse
216028,Lrrtm3,347731,LRRTM3,mouse
76856,Catsper3,347732,CATSPER3,mouse
73710,Tubb2b,347733,TUBB2B,mouse
73836,Slc35b2,347734,SLC35B2,mouse
230779,Serinc2,347735,SERINC2,mouse
69602,Otop3,347741,OTOP3,mouse
109575,Tbx10,347853,TBX10,mouse
213350,Gatd1,347862,GATD1,mouse
16000,Igf1,3479,IGF1,mouse
105827,Amigo2,347902,AMIGO2,mouse
11816,Apoe,348,APOE,mouse
16001,Igf1r,3480,IGF1R,mouse
272465,Tmem255b,348013,TMEM255B,mouse
71973,Rbpms2,348093,RBPMS2,mouse
330963,Ankdd1a,348094,ANKDD1A,mouse
16002,Igf2,3481,IGF2,mouse
70420,Arpin,348110,ARPIN,mouse
233799,Acsm2,348158,ACSM2B,mouse
353287,Clec18a,348174,CLEC18A,mouse
66965,Ctu2,348180,CTU2,mouse
16004,Igf2r,3482,IGF2R,mouse
66140,Ska2,348235,SKA2,mouse
192173,Mcrip1,348262,MCRIP1,mouse
16005,Igfals,3483,IGFALS,mouse
280621,Selenov,348303,SELENOV,mouse
545667,Shisal2a,348378,SHISAL2A,mouse
16006,Igfbp1,3484,IGFBP1,mouse
277743,Fam131c,348487,FAM131C,mouse
16008,Igfbp2,3485,IGFBP2,mouse
16009,Igfbp3,3486,IGFBP3,mouse
209334,Gen1,348654,GEN1,mouse
16010,Igfbp4,3487,IGFBP4,mouse
68980,Wdr53,348793,WDR53,mouse
16011,Igfbp5,3488,IGFBP5,mouse
100503609,Lnp1,348801,LNP1,mouse
243538,Cfap100,348807,CFAP100,mouse
16012,Igfbp6,3489,IGFBP6,mouse
22598,Slc6a18,348932,SLC6A18,mouse
214112,Nipal4,348938,NIPAL4,mouse
15165,Hcn1,348980,HCN1,mouse
69912,Nup43,348995,NUP43,mouse
29817,Igfbp7,3490,IGFBP7,mouse
16007,Ccn1,3491,CCN1,mouse
269633,Wdr86,349136,WDR86,mouse
118446,Gjc3,349149,GJC3,mouse
320752,Dpy19l2,349152,DPY19L2P2,mouse
238447,Igha,3493,IGHA1,mouse
238447,Igha,3494,IGHA2,mouse
380797,Ighd,3495,IGHD,mouse
74080,Nmnat3,349565,NMNAT3,mouse
76509,Plet1,349633,PLET1,mouse
269295,Rtn4rl2,349667,RTN4RL2,mouse
380792,Ighe,3497,IGHE,mouse
11409,Acads,35,ACADS,mouse
11818,Apoh,350,APOH,mouse
16016,Ighg2b,3501,IGHG2,mouse
404711,Ighg2c,3501,IGHG2,mouse
380795,Ighg3,3501,IGHG2,mouse
16016,Ighg2b,3503,IGHG4,mouse
404711,Ighg2c,3503,IGHG4,mouse
380795,Ighg3,3503,IGHG4,mouse
217302,Gpr142,350383,GPR142,mouse
16019,Ighm,3507,IGHM,mouse
20589,Ighmbp2,3508,IGHMBP2,mouse
11820,App,351,APP,mouse
16069,Jchain,3512,JCHAIN,mouse
16071,Igkc,3514,IGKC,mouse
19664,Rbpj,3516,RBPJ,mouse
436022,Dnaaf3,352909,DNAAF3,mouse
80909,Castor2,352954,CASTOR3,mouse
67719,2310057J18Rik,352999,C6orf58,mouse
11821,Aprt,353,APRT,mouse
170763,Zfp87,353088,ZNF429,mouse
19369,Raet1a|Raet1b|Raet1c|Raet1d,353091,RAET1G,mouse
19368,Raet1a|Raet1b|Raet1c|Raet1d,353091,RAET1G,mouse
56554,Raet1a|Raet1b|Raet1c|Raet1d,353091,RAET1G,mouse
379043,Raet1e,353091,RAET1G,mouse
75695,Rilpl1,353116,RILPL1,mouse
67718,Lce1h,353131,LCE1A,mouse
545547,Lce1j,353132,LCE1B,mouse
631101,Lce1k,353132,LCE1B,mouse
67828,Lce1f,353132,LCE1B,mouse
76585,Lce1i,353132,LCE1B,mouse
73730,Lce1l,353132,LCE1B,mouse
73719,Lce1c,353132,LCE1B,mouse
67127,Lce1a1,353132,LCE1B,mouse
73722,Lce1a2,353132,LCE1B,mouse
68694,Lce1e,353132,LCE1B,mouse
66195,Lce1g,353132,LCE1B,mouse
68720,Lce1b,353132,LCE1B,mouse
69611,Lce1d,353132,LCE1B,mouse
545547,Lce1j,353133,LCE1C,mouse
631101,Lce1k,353133,LCE1C,mouse
67828,Lce1f,353133,LCE1C,mouse
76585,Lce1i,353133,LCE1C,mouse
68694,Lce1e,353133,LCE1C,mouse
67127,Lce1a1,353133,LCE1C,mouse
68720,Lce1b,353133,LCE1C,mouse
73719,Lce1c,353133,LCE1C,mouse
66195,Lce1g,353133,LCE1C,mouse
73730,Lce1l,353133,LCE1C,mouse
73722,Lce1a2,353133,LCE1C,mouse
69611,Lce1d,353133,LCE1C,mouse
67718,Lce1h,353134,LCE1D,mouse
631101,Lce1k,353135,LCE1E,mouse
545547,Lce1j,353135,LCE1E,mouse
67828,Lce1f,353135,LCE1E,mouse
66195,Lce1g,353135,LCE1E,mouse
76585,Lce1i,353135,LCE1E,mouse
67127,Lce1a1,353135,LCE1E,mouse
69611,Lce1d,353135,LCE1E,mouse
73719,Lce1c,353135,LCE1E,mouse
73730,Lce1l,353135,LCE1E,mouse
68694,Lce1e,353135,LCE1E,mouse
68720,Lce1b,353135,LCE1E,mouse
73722,Lce1a2,353135,LCE1E,mouse
545547,Lce1j,353137,LCE1F,mouse
631101,Lce1k,353137,LCE1F,mouse
68720,Lce1b,353137,LCE1F,mouse
73719,Lce1c,353137,LCE1F,mouse
67828,Lce1f,353137,LCE1F,mouse
67127,Lce1a1,353137,LCE1F,mouse
69611,Lce1d,353137,LCE1F,mouse
68694,Lce1e,353137,LCE1F,mouse
73730,Lce1l,353137,LCE1F,mouse
73722,Lce1a2,353137,LCE1F,mouse
66344,Lce3b,353142,LCE3A,mouse
94060,Lce3c,353142,LCE3A,mouse
545548,Lce3a,353143,LCE3B,mouse
630994,Lce3d,353143,LCE3B,mouse
69520,Lce3f,353143,LCE3B,mouse
66344,Lce3b,353143,LCE3B,mouse
94060,Lce3c,353143,LCE3B,mouse
69514,Lce3e,353143,LCE3B,mouse
545548,Lce3a,353144,LCE3C,mouse
630994,Lce3d,353144,LCE3C,mouse
69514,Lce3e,353144,LCE3C,mouse
94060,Lce3c,353144,LCE3C,mouse
66344,Lce3b,353144,LCE3C,mouse
69520,Lce3f,353144,LCE3C,mouse
94060,Lce3c,353145,LCE3E,mouse
66344,Lce3b,353145,LCE3E,mouse
227394,Slco4c1,353189,SLCO4C1,mouse
100038538,Gm10767,353267,RAMACL,mouse
67148,Ramac,353267,RAMACL,mouse
235682,Zfp445,353274,ZNF445,mouse
320864,Krt26,353288,KRT26,mouse
240816,Rgsl1,353299,RGSL1,mouse
654824,Ankrd37,353322,ANKRD37,mouse
16697,Gm10272,353323,KRTAP12-2,mouse
16694,Krtap12-1,353323,KRTAP12-2,mouse
100009614,Gm10024,353323,KRTAP12-2,mouse
102640500,Gm7138,353323,KRTAP12-2,mouse
100502831,Gm19402,353323,KRTAP12-2,mouse
100041250,Gm3233,353323,KRTAP12-2,mouse
100502921,Gm10142,353323,KRTAP12-2,mouse
100191037,Krtap10-4,353323,KRTAP12-2,mouse
100041261,Gm3238,353323,KRTAP12-2,mouse
100041351,Gm3285,353323,KRTAP12-2,mouse
102639995,Gm36176,353323,KRTAP12-2,mouse
100502953,Gm10100,353323,KRTAP12-2,mouse
100040299,Gm2696,353323,KRTAP12-2,mouse
100503388,Gm19668,353323,KRTAP12-2,mouse
100041281,Gm3250,353323,KRTAP12-2,mouse
622629,Gm10318,353323,KRTAP12-2,mouse
634504,Gm7137,353323,KRTAP12-2,mouse
544710,Krtap10-10,353323,KRTAP12-2,mouse
77763,Gm9736,353323,KRTAP12-2,mouse
670895,Gm9508,353323,KRTAP12-2,mouse
670880,Gm9507,353323,KRTAP12-2,mouse
675294,Gm9639,353323,KRTAP12-2,mouse
102639995,Gm36176,353332,KRTAP12-1,mouse
100502953,Gm10100,353332,KRTAP12-1,mouse
102640500,Gm7138,353332,KRTAP12-1,mouse
100502921,Gm10142,353332,KRTAP12-1,mouse
100503388,Gm19668,353332,KRTAP12-1,mouse
100502831,Gm19402,353332,KRTAP12-1,mouse
100191037,Krtap10-4,353332,KRTAP12-1,mouse
100041250,Gm3233,353332,KRTAP12-1,mouse
100041351,Gm3285,353332,KRTAP12-1,mouse
100041261,Gm3238,353332,KRTAP12-1,mouse
100041281,Gm3250,353332,KRTAP12-1,mouse
100040299,Gm2696,353332,KRTAP12-1,mouse
100009614,Gm10024,353332,KRTAP12-1,mouse
622629,Gm10318,353332,KRTAP12-1,mouse
544710,Krtap10-10,353332,KRTAP12-1,mouse
634504,Gm7137,353332,KRTAP12-1,mouse
675294,Gm9639,353332,KRTAP12-1,mouse
77763,Gm9736,353332,KRTAP12-1,mouse
670880,Gm9507,353332,KRTAP12-1,mouse
670895,Gm9508,353332,KRTAP12-1,mouse
100191037,Krtap10-4,353333,KRTAP10-10,mouse
100502831,Gm19402,353333,KRTAP10-10,mouse
100041351,Gm3285,353333,KRTAP10-10,mouse
100041281,Gm3250,353333,KRTAP10-10,mouse
100041261,Gm3238,353333,KRTAP10-10,mouse
102640500,Gm7138,353333,KRTAP10-10,mouse
100040299,Gm2696,353333,KRTAP10-10,mouse
100503388,Gm19668,353333,KRTAP10-10,mouse
634504,Gm7137,353333,KRTAP10-10,mouse
544710,Krtap10-10,353333,KRTAP10-10,mouse
622629,Gm10318,353333,KRTAP10-10,mouse
670895,Gm9508,353333,KRTAP10-10,mouse
675294,Gm9639,353333,KRTAP10-10,mouse
77763,Gm9736,353333,KRTAP10-10,mouse
670880,Gm9507,353333,KRTAP10-10,mouse
353346,Gpr141,353345,GPR141,mouse
22755,Zfp93,353355,ZNF233,mouse
232966,Zfp114,353355,ZNF233,mouse
54678,Zfp108,353355,ZNF233,mouse
56525,Zfp235,353355,ZNF233,mouse
56869,Zfp109,353355,ZNF233,mouse
225471,Ticam2,353376,TICAM2,mouse
272158,Poln,353497,POLN,mouse
12163,Bmp8a,353500,BMP8A,mouse
100038909,Pira11|Pira6|Pira7|Pira12,353514,LILRA5,mouse
100041146,Pira6|Pira13,353514,LILRA5,mouse
18733,Pirb,353514,LILRA5,mouse
232801,Lilra5,353514,LILRA5,mouse
18722,Pira1,353514,LILRA5,mouse
18726,Lilra6,353514,LILRA5,mouse
18725,Pira2,353514,LILRA5,mouse
110787,Iglc3,3537,IGLC1,mouse
110786,Iglc2,3537,IGLC1,mouse
110785,Iglc1,3537,IGLC1,mouse
404736,Iglc4,3537,IGLC1,mouse
16617,Klk1b24,354,KLK3,mouse
16616,Klk1b21,354,KLK3,mouse
16615,Klk1b16,354,KLK3,mouse
16613,Klk1b11,354,KLK3,mouse
16612,Klk1,354,KLK3,mouse
16619,Klk1b27,354,KLK3,mouse
16618,Klk1b26,354,KLK3,mouse
16622,Klk1b5,354,KLK3,mouse
16623,Klk1b1,354,KLK3,mouse
16624,Klk1b8,354,KLK3,mouse
13646,Klk1b22,354,KLK3,mouse
13648,Klk1b9,354,KLK3,mouse
18050,Klk1b3,354,KLK3,mouse
18048,Klk1b4,354,KLK3,mouse
110786,Iglc2,3542,IGLC6,mouse
110785,Iglc1,3542,IGLC6,mouse
404736,Iglc4,3542,IGLC6,mouse
110786,Iglc2,3543,IGLL1,mouse
110785,Iglc1,3543,IGLL1,mouse
16136,Igll1,3543,IGLL1,mouse
110787,Iglc3,3543,IGLL1,mouse
404736,Iglc4,3543,IGLL1,mouse
209268,Igsf1,3547,IGSF1,mouse
16147,Ihh,3549,IHH,mouse
14102,Fas,355,FAS,mouse
24010,Ik,3550,IK,mouse
16150,Ikbkb,3551,IKBKB,mouse
16175,Il1a,3552,IL1A,mouse
16176,Il1b,3553,IL1B,mouse
16177,Il1r1,3554,IL1R1,mouse
16180,Il1rap,3556,IL1RAP,mouse
16181,Il1rn,3557,IL1RN,mouse
16183,Il2,3558,IL2,mouse
16184,Il2ra,3559,IL2RA,mouse
14103,Fasl,356,FASLG,mouse
16185,Il2rb,3560,IL2RB,mouse
16186,Il2rg,3561,IL2RG,mouse
16187,Il3,3562,IL3,mouse
16188,Il3ra,3563,IL3RA,mouse
16189,Il4,3565,IL4,mouse
16190,Il4ra,3566,IL4R,mouse
16191,Il5,3567,IL5,mouse
16192,Il5ra,3568,IL5RA,mouse
16193,Il6,3569,IL6,mouse
110380,Shroom2,357,SHROOM2,mouse
16194,Il6ra,3570,IL6R,mouse
16195,Il6st,3572,IL6ST,mouse
16196,Il7,3574,IL7,mouse
16197,Il7r,3575,IL7R,mouse
227288,Cxcr1,3577,CXCR1,mouse
16198,Il9,3578,IL9,mouse
12765,Cxcr2,3579,CXCR2,mouse
11826,Aqp1,358,AQP1,mouse
16199,Il9r,3581,IL9R,mouse
16153,Il10,3586,IL10,mouse
16154,Il10ra,3587,IL10RA,mouse
16155,Il10rb,3588,IL10RB,mouse
16156,Il11,3589,IL11,mouse
11827,Aqp2,359,AQP2,mouse
16157,Il11ra1,3590,IL11RA,mouse
16158,Il11ra2,3590,IL11RA,mouse
100042555,Gm13305,3590,IL11RA,mouse
16159,Il12a,3592,IL12A,mouse
16160,Il12b,3593,IL12B,mouse
16161,Il12rb1,3594,IL12RB1,mouse
16162,Il12rb2,3595,IL12RB2,mouse
16163,Il13,3596,IL13,mouse
16164,Il13ra1,3597,IL13RA1,mouse
378700,Bpifb3,359710,BPIFB3,mouse
16165,Il13ra2,3598,IL13RA2,mouse
353342,Peg13,359809,PEG13,mouse
76566,Rflnb,359845,RFLNB,mouse
270110,Irf2bp2,359948,IRF2BP2,mouse
66885,Acadsb,36,ACADSB,mouse
11828,Aqp3,360,AQP3,mouse
16168,Il15,3600,IL15,mouse
226470,Zbtb41,360023,ZBTB41,mouse
16169,Il15ra,3601,IL15RA,mouse
432478,Tmprss9,360200,TMPRSS9,mouse
71103,Glt6d1,360203,GLT6D1,mouse
71003,Prss41,360226,PRSS41,mouse
16170,Il16,3603,IL16,mouse
21942,Tnfrsf9,3604,TNFRSF9,mouse
16171,Il17a,3605,IL17A,mouse
16173,Il18,3606,IL18,mouse
68837,Foxk2,3607,FOXK2,mouse
67781,Ilf2,3608,ILF2,mouse
16201,Ilf3,3609,ILF3,mouse
11829,Aqp4,361,AQP4,mouse
16202,Ilk,3611,ILK,mouse
55980,Impa1,3612,IMPA1,mouse
114663,Impa2,3613,IMPA2,mouse
23917,Impdh1,3614,IMPDH1,mouse
23918,Impdh2,3615,IMPDH2,mouse
63859,Impg1,3617,IMPG1,mouse
16319,Incenp,3619,INCENP,mouse
11830,Aqp5,362,AQP5,mouse
15930,Ido1,3620,IDO1,mouse
26356,Ing1,3621,ING1,mouse
69260,Ing2,3622,ING2,mouse
16322,Inha,3623,INHA,mouse
16323,Inhba,3624,INHBA,mouse
16324,Inhbb,3625,INHBB,mouse
16325,Inhbc,3626,INHBC,mouse
15945,Cxcl10,3627,CXCL10,mouse
16329,Inpp1,3628,INPP1,mouse
11831,Aqp6,363,AQP6,mouse
16334,Ins2,3630,INS,mouse
16333,Ins1,3630,INS,mouse
269180,Inpp4a,3631,INPP4A,mouse
212111,Inpp5a,3632,INPP5A,mouse
16330,Inpp5b,3633,INPP5B,mouse
16331,Inpp5d,3635,INPP5D,mouse
16332,Inppl1,3636,INPPL1,mouse
231070,Insig1,3638,INSIG1,mouse
11832,Aqp7,364,AQP7|LOC112267859,mouse
16336,Insl3,3640,INSL3,mouse
53626,Insm1,3642,INSM1,mouse
16337,Insr,3643,INSR,mouse
23920,Insrr,3645,INSRR,mouse
16341,Eif3e,3646,EIF3E,mouse
18609,Pdx1,3651,PDX1,mouse
16351,Ipp,3652,IPP,mouse
16179,Irak1,3654,IRAK1,mouse
16403,Itga6,3655,ITGA6,mouse
108960,Irak2,3656,IRAK2,mouse
64602,Ireb2,3658,IREB2,mouse
16362,Irf1,3659,IRF1,mouse
64008,Aqp9,366,AQP9,mouse
16363,Irf2,3660,IRF2,mouse
54131,Irf3,3661,IRF3,mouse
16364,Irf4,3662,IRF4,mouse
27056,Irf5,3663,IRF5,mouse
54139,Irf6,3664,IRF6,mouse
54123,Irf7,3665,IRF7,mouse
16367,Irs1,3667,IRS1,mouse
57444,Isg20,3669,ISG20,mouse
11835,Ar,367,AR,mouse
16392,Isl1,3670,ISL1,mouse
26968,Islr,3671,ISLR,mouse
109700,Itga1,3672,ITGA1,mouse
16398,Itga2,3673,ITGA2,mouse
16399,Itga2b,3674,ITGA2B,mouse
16400,Itga3,3675,ITGA3,mouse
16401,Itga4,3676,ITGA4,mouse
16402,Itga5,3678,ITGA5,mouse
16404,Itga7,3679,ITGA7,mouse
27421,Abcc6,368,ABCC6,mouse
104099,Itga9,3680,ITGA9,mouse
381924,Itgad,3681,ITGAD,mouse
16407,Itgae,3682,ITGAE,mouse
16408,Itgal,3683,ITGAL,mouse
16409,Itgam,3684,ITGAM,mouse
16410,Itgav,3685,ITGAV,mouse
16411,Itgax,3687,ITGAX,mouse
16412,Itgb1,3688,ITGB1,mouse
16414,Itgb2,3689,ITGB2,mouse
16415,Itgb2l,3689,ITGB2,mouse
11836,Araf,369,ARAF,mouse
16416,Itgb3,3690,ITGB3,mouse
192897,Itgb4,3691,ITGB4,mouse
16418,Eif6,3692,EIF6,mouse
16419,Itgb5,3693,ITGB5,mouse
16420,Itgb6,3694,ITGB6,mouse
16421,Itgb7,3695,ITGB7,mouse
320910,Itgb8,3696,ITGB8,mouse
16424,Itih1,3697,ITIH1,mouse
16425,Itih2,3698,ITIH2,mouse
16426,Itih3,3699,ITIH3,mouse
11370,Acadvl,37,ACADVL,mouse
16427,Itih4,3700,ITIH4,mouse
16428,Itk,3702,ITK,mouse
16430,Stt3a,3703,STT3A,mouse
16434,Itpa,3704,ITPA,mouse
217837,Itpk1,3705,ITPK1,mouse
228550,Itpka,3706,ITPKA,mouse
320404,Itpkb,3707,ITPKB,mouse
16438,Itpr1,3708,ITPR1,mouse
16439,Itpr2,3709,ITPR2,mouse
16440,Itpr3,3710,ITPR3,mouse
56357,Ivd,3712,IVD,mouse
16447,Ivl,3713,IVL,mouse
16450,Jag2,3714,JAG2,mouse
16451,Jak1,3716,JAK1,mouse
16452,Jak2,3717,JAK2,mouse
16453,Jak3,3718,JAK3,mouse
213827,Arcn1,372,ARCN1,mouse
16468,Jarid2,3720,JARID2,mouse
16476,Jun,3725,JUN,mouse
16477,Junb,3726,JUNB,mouse
16478,Jund,3727,JUND,mouse
16480,Jup,3728,JUP,mouse
81003,Trim23,373,TRIM23,mouse
76263,Gstk1,373156,GSTK1,mouse
12521,Cd82,3732,CD82,mouse
85305,Kars,3735,KARS1,mouse
75083,Usp50,373509,USP50,mouse
16485,Kcna1,3736,KCNA1,mouse
16490,Kcna2,3737,KCNA2,mouse
16491,Kcna3,3738,KCNA3,mouse
24110,Usp18,373856,USP41,mouse
213236,Dnd1,373863,DND1,mouse
16492,Kcna4,3739,KCNA4,mouse
11839,Areg,374,AREG,mouse
16493,Kcna5,3741,KCNA5,mouse
16494,Kcna6,3742,KCNA6,mouse
213980,Fbxw10,374286,FBXW10B,mouse
75406,Ndufs7,374291,NDUFS7,mouse
16495,Kcna7,3743,KCNA7,mouse
66866,Nhlrc2,374354,NHLRC2,mouse
75645,Ccdc172,374355,CCDC172,mouse
233733,Galnt18,374378,GALNT18,mouse
67706,Tmem179b,374395,TMEM179B,mouse
242151,Kcna10,3744,KCNA10,mouse
108995,Tbc1d10c,374403,TBC1D10C,mouse
69387,Dnajb13,374407,DNAJB13,mouse
406220,Krt77,374454,KRT77,mouse
237523,Ptprq,374462,PTPRQ,mouse
76640,1700113H08Rik,374470,C12orf42,mouse
16500,Kcnb1,3745,KCNB1,mouse
104816,Aspg,374569,ASPG,mouse
16502,Kcnc1,3746,KCNC1,mouse
21778,Tex9,374618,TEX9,mouse
16576,Kif7,374654,KIF7,mouse
209225,Zfp710,374655,ZNF710,mouse
68695,Hddc3,374659,HDDC3,mouse
268345,Kcnc2,3747,KCNC2,mouse
73407,Tepp,374739,TEPP,mouse
319634,Efcab5,374786,EFCAB5,mouse
16504,Kcnc3,3748,KCNC3,mouse
237954,Lrrc37a,374819,LRRC37A3,mouse
380730,Gm884,374819,LRRC37A3,mouse
70950,Ccdc178,374864,CCDC178,mouse
50771,Atp9b,374868,ATP9B,mouse
76406,Saxo5,374877,TEX45,mouse
235043,Tmem205,374882,TMEM205,mouse
234365,Yjefn3,374887,YJEFN3,mouse
282619,Sbsn,374897,SBSN,mouse
99738,Kcnc4,3749,KCNC4,mouse
232984,B3gnt8,374907,B3GNT8,mouse
321008,Zswim9,374920,ZSWIM9,mouse
22767,Zfy1,374928,ZNF773,mouse
22768,Zfy2,374928,ZNF773,mouse
232855,Zfp772,374928,ZNF773,mouse
232853,Zfp954,374928,ZNF773,mouse
76373,Zfp773,374928,ZNF773,mouse
70433,Draxin,374946,DRAXIN,mouse
329972,Spata21,374955,SPATA21,mouse
69216,Svbp,374969,SVBP,mouse
75173,Tex38,374973,TEX38,mouse
381538,Mroh7,374977,MROH7,mouse
215708,Miga1,374986,MIGA1,mouse
11840,Arf1,375,ARF1,mouse
16506,Kcnd1,3750,KCND1,mouse
73182,Pear1,375033,PEAR1,mouse
108735,Sft2d2,375035,SFT2D2,mouse
338366,Mia3,375056,MIA3,mouse
381310,Stum,375057,STUM,mouse
69627,Fam89a,375061,FAM89A,mouse
16508,Kcnd2,3751,KCND2,mouse
382562,Pfn4,375189,PFN4,mouse
207921,Fam228b,375190,FAM228B,mouse
56543,Kcnd3,3752,KCND3,mouse
68767,Washc1,375260,WASH2P,mouse
71684,Rbm43,375287,RBM43,mouse
228094,Cerkl,375298,CERKL,mouse
16509,Kcne1,3753,KCNE1,mouse
241112,Catip,375307,CATIP,mouse
329207,Rbm44,375316,RBM44,mouse
269788,Lhfpl4,375323,LHFPL4,mouse
671232,Topaz1,375337,TOPAZ1,mouse
112418,1700102P08Rik,375341,C3orf62,mouse
69179,Stimate,375346,STIMATE,mouse
224109,Nrros,375387,NRROS,mouse
382571,Kcnf1,3754,KCNF1,mouse
67392,4833420G17Rik,375444,C5orf34,mouse
328329,Mast4,375449,MAST4,mouse
319719,Simc1,375484,SIMC1,mouse
241794,Kcng1,3755,KCNG1,mouse
319922,Vwc2,375567,VWC2,mouse
16510,Kcnh1,3756,KCNH1,mouse
80979,Slc26a5,375611,SLC26A5,mouse
269629,Lhfpl3,375612,LHFPL3,mouse
333088,Kcp,375616,KCP,mouse
74281,Spatc1,375686,SPATC1,mouse
16511,Kcnh2,3757,KCNH2,mouse
69638,Enho,375704,ENHO,mouse
72351,Ptar1,375743,PTAR1,mouse
76251,Ercc6l2,375748,ERCC6L2,mouse
72931,Swi5,375757,SWI5,mouse
73598,1700001O22Rik,375759,C9orf50,mouse
241274,Pnpla7,375775,PNPLA7,mouse
11603,Agrn,375790,AGRN,mouse
67859,Cysrt1,375791,CYSRT1,mouse
56379,Kcnj1,3758,KCNJ1,mouse
16518,Kcnj2,3759,KCNJ2,mouse
71395,Cdcp3,375940,DMBT1L1,mouse
16519,Kcnj3,3760,KCNJ3,mouse
16520,Kcnj4,3761,KCNJ4,mouse
237560,Lrrc10,376132,LRRC10,mouse
16521,Kcnj5,3762,KCNJ5,mouse
104886,Rab15,376267,RAB15,mouse
16522,Kcnj6,3763,KCNJ6,mouse
16523,Kcnj8,3764,KCNJ8,mouse
26457,Slc27a1,376497,SLC27A1,mouse
16524,Kcnj9,3765,KCNJ9,mouse
16513,Kcnj10,3766,KCNJ10,mouse
16514,Kcnj11,3767,KCNJ11,mouse
16515,Kcnj12,3768,KCNJ12,mouse
100040591,Kcnj13,3769,KCNJ13,mouse
78751,Zc3h6,376940,ZC3H6,mouse
11842,Arf3,377,ARF3,mouse
211480,Kcnj14,3770,KCNJ14,mouse
70788,Klhl30,377007,KLHL30,mouse
16516,Kcnj15,3772,KCNJ15,mouse
16517,Kcnj16,3773,KCNJ16,mouse
16525,Kcnk1,3775,KCNK1,mouse
16526,Kcnk2,3776,KCNK2,mouse
71934,Car13,377677,CA13,mouse
16527,Kcnk3,3777,KCNK3,mouse
16531,Kcnma1,3778,KCNMA1,mouse
72090,Entpd8,377841,ENTPD8,mouse
16533,Kcnmb1,3779,KCNMB1,mouse
11843,Arf4,378,ARF4,mouse
84036,Kcnn1,3780,KCNN1,mouse
140492,Kcnn2,3781,KCNN2,mouse
140493,Kcnn3,3782,KCNN3,mouse
16534,Kcnn4,3783,KCNN4,mouse
16535,Kcnq1,3784,KCNQ1,mouse
16536,Kcnq2,3785,KCNQ2,mouse
110862,Kcnq3,3786,KCNQ3,mouse
16538,Kcns1,3787,KCNS1,mouse
69928,Cenps,378708,CENPS,mouse
16539,Kcns2,3788,KCNS2,mouse
232685,Lncpint,378805,LINC-PINT,mouse
329954,Catsper4,378807,CATSPER4,mouse
105193,Nhlrc1,378884,NHLRC1,mouse
71300,Rnf148,378925,RNF148,mouse
72289,Malat1,378938,MALAT1,mouse
80981,Arl4d,379,ARL4D,mouse
238076,Kcns3,3790,KCNS3,mouse
16542,Kdr,3791,KDR,mouse
23925,Kel,3792,KEL,mouse
16548,Khk,3795,KHK,mouse
16563,Kif2a,3796,KIF2A,mouse
16570,Kif3c,3797,KIF3C,mouse
16572,Kif5a,3798,KIF5A,mouse
16573,Kif5b,3799,KIF5B,mouse
110446,Acat1,38,ACAT1,mouse
16574,Kif5c,3800,KIF5C,mouse
16582,Kifc3,3801,KIFC3,mouse
245615,Kir3dl2,3802,KIR2DL1,mouse
245616,Kir3dl1,3802,KIR2DL1,mouse
245615,Kir3dl2,3804,KIR2DL3,mouse
245616,Kir3dl1,3804,KIR2DL3,mouse
245615,Kir3dl2,3805,KIR2DL4,mouse
245616,Kir3dl1,3805,KIR2DL4,mouse
245616,Kir3dl1,3809,KIR2DS4,mouse
245615,Kir3dl2,3809,KIR2DS4,mouse
11844,Arf5,381,ARF5,mouse
245616,Kir3dl1,3811,KIR3DL1,mouse
245615,Kir3dl2,3811,KIR3DL1,mouse
245616,Kir3dl1,3812,KIR3DL2,mouse
245615,Kir3dl2,3812,KIR3DL2,mouse
280287,Kiss1,3814,KISS1,mouse
16590,Kit,3815,KIT,mouse
16617,Klk1b24,3816,KLK1,mouse
16612,Klk1,3816,KLK1,mouse
13648,Klk1b9,3816,KLK1,mouse
16613,Klk1b11,3816,KLK1,mouse
16624,Klk1b8,3816,KLK1,mouse
13646,Klk1b22,3816,KLK1,mouse
16615,Klk1b16,3816,KLK1,mouse
16623,Klk1b1,3816,KLK1,mouse
16616,Klk1b21,3816,KLK1,mouse
16622,Klk1b5,3816,KLK1,mouse
16619,Klk1b27,3816,KLK1,mouse
16618,Klk1b26,3816,KLK1,mouse
18048,Klk1b4,3816,KLK1,mouse
18050,Klk1b3,3816,KLK1,mouse
16617,Klk1b24,3817,KLK2,mouse
16624,Klk1b8,3817,KLK2,mouse
13648,Klk1b9,3817,KLK2,mouse
16612,Klk1,3817,KLK2,mouse
16613,Klk1b11,3817,KLK2,mouse
16615,Klk1b16,3817,KLK2,mouse
16616,Klk1b21,3817,KLK2,mouse
16623,Klk1b1,3817,KLK2,mouse
16618,Klk1b26,3817,KLK2,mouse
16622,Klk1b5,3817,KLK2,mouse
16619,Klk1b27,3817,KLK2,mouse
13646,Klk1b22,3817,KLK2,mouse
18050,Klk1b3,3817,KLK2,mouse
18048,Klk1b4,3817,KLK2,mouse
16621,Klkb1,3818,KLKB1,mouse
11845,Arf6,382,ARF6,mouse
100043861,Klrb1,3820,KLRB1,mouse
17057,Klrb1a,3820,KLRB1,mouse
17059,Klrb1c,3820,KLRB1,mouse
232408,Klrb1f,3820,KLRB1,mouse
80782,Klrb1b,3820,KLRB1,mouse
16641,Klrc1,3821,KLRC1,mouse
16642,Klrc2,3821,KLRC1,mouse
232415,Klrh1,3821,KLRC1,mouse
243655,Klre1,3821,KLRC1,mouse
58179,Klrc3,3821,KLRC1,mouse
320407,Klri2,3821,KLRC1,mouse
381816,Clec2m,3821,KLRC1,mouse
503550,Klri1,3821,KLRC1,mouse
16642,Klrc2,3822,KLRC2,mouse
232415,Klrh1,3822,KLRC2,mouse
243655,Klre1,3822,KLRC2,mouse
381816,Clec2m,3822,KLRC2,mouse
320407,Klri2,3822,KLRC2,mouse
503550,Klri1,3822,KLRC2,mouse
16643,Klrd1,3824,KLRD1,mouse
16644,Kng1,3827,KNG1,mouse
385643,Kng2,3827,KNG1,mouse
11846,Arg1,383,ARG1,mouse
16593,Klc1,3831,KLC1,mouse
16551,Kif11,3832,KIF11,mouse
16580,Kifc5b,3833,KIFC1,mouse
100502766,Kifc1,3833,KIFC1,mouse
110033,Kif22,3835,KIF22,mouse
16646,Kpna1,3836,KPNA1,mouse
16211,Kpnb1,3837,KPNB1,mouse
100043906,Kpna2rt,3838,KPNA2,mouse
16647,Kpna2,3838,KPNA2,mouse
16648,Kpna3,3839,KPNA3,mouse
11847,Arg2,384,ARG2,mouse
16649,Kpna4,3840,KPNA4,mouse
238799,Tnpo1,3842,TNPO1,mouse
70572,Ipo5,3843,IPO5,mouse
16653,Kras,3845,KRAS,mouse
100043627,Gm4559,3846,KRTAP5-9,mouse
16678,Krt1,3848,KRT1,mouse
16681,Krt2,3849,KRT2,mouse
16682,Krt4,3851,KRT4,mouse
110308,Krt5,3852,KRT5,mouse
432987,Gm5478,3852,KRT5,mouse
16687,Krt6a,3853,KRT6A,mouse
16688,Krt6b,3853,KRT6A,mouse
432987,Gm5478,3853,KRT6A,mouse
406223,Gm5414,3853,KRT6A,mouse
16687,Krt6a,3854,KRT6B,mouse
16688,Krt6b,3854,KRT6B,mouse
406223,Gm5414,3854,KRT6B,mouse
432987,Gm5478,3854,KRT6B,mouse
110310,Krt7,3855,KRT7,mouse
16691,Krt8,3856,KRT8,mouse
107656,Krt9,3857,KRT9,mouse
16661,Krt10,3858,KRT10,mouse
268482,Krt12,3859,KRT12,mouse
16663,Krt13,3860,KRT13,mouse
16664,Krt14,3861,KRT14,mouse
16665,Krt15,3866,KRT15,mouse
243043,Kctd8,386617,KCTD8,mouse
67516,Kctd4,386618,KCTD4,mouse
76399,Il31,386653,IL31,mouse
100503388,Gm19668,386672,KRTAP10-4,mouse
100041351,Gm3285,386672,KRTAP10-4,mouse
100041488,Gm11937,386672,KRTAP10-4,mouse
100502831,Gm19402,386672,KRTAP10-4,mouse
100502803,Gm11562,386672,KRTAP10-4,mouse
100041261,Gm3238,386672,KRTAP10-4,mouse
100041412,Gm11938,386672,KRTAP10-4,mouse
108167466,Gm45618,386672,KRTAP10-4,mouse
100502921,Gm10142,386672,KRTAP10-4,mouse
100043627,Gm4559,386672,KRTAP10-4,mouse
100502953,Gm10100,386672,KRTAP10-4,mouse
105244938,Gm40460,386672,KRTAP10-4,mouse
102639995,Gm36176,386672,KRTAP10-4,mouse
100009614,Gm10024,386672,KRTAP10-4,mouse
100040299,Gm2696,386672,KRTAP10-4,mouse
100041250,Gm3233,386672,KRTAP10-4,mouse
16694,Krtap12-1,386672,KRTAP10-4,mouse
100041281,Gm3250,386672,KRTAP10-4,mouse
100191037,Krtap10-4,386672,KRTAP10-4,mouse
16697,Gm10272,386672,KRTAP10-4,mouse
102640500,Gm7138,386672,KRTAP10-4,mouse
435286,Krtap9-5,386672,KRTAP10-4,mouse
622629,Gm10318,386672,KRTAP10-4,mouse
634504,Gm7137,386672,KRTAP10-4,mouse
435273,Krtap1-3,386672,KRTAP10-4,mouse
544710,Krtap10-10,386672,KRTAP10-4,mouse
629873,Krtap1-4,386672,KRTAP10-4,mouse
670895,Gm9508,386672,KRTAP10-4,mouse
77763,Gm9736,386672,KRTAP10-4,mouse
75586,Krtap9-3,386672,KRTAP10-4,mouse
71623,Krtap5-2,386672,KRTAP10-4,mouse
675294,Gm9639,386672,KRTAP10-4,mouse
71453,Krtap2-4,386672,KRTAP10-4,mouse
670880,Gm9507,386672,KRTAP10-4,mouse
100191037,Krtap10-4,386674,KRTAP10-6,mouse
100041281,Gm3250,386674,KRTAP10-6,mouse
100502921,Gm10142,386674,KRTAP10-6,mouse
16694,Krtap12-1,386674,KRTAP10-6,mouse
108167466,Gm45618,386674,KRTAP10-6,mouse
100041261,Gm3238,386674,KRTAP10-6,mouse
100502953,Gm10100,386674,KRTAP10-6,mouse
102640500,Gm7138,386674,KRTAP10-6,mouse
100043627,Gm4559,386674,KRTAP10-6,mouse
105244938,Gm40460,386674,KRTAP10-6,mouse
100502831,Gm19402,386674,KRTAP10-6,mouse
16697,Gm10272,386674,KRTAP10-6,mouse
100009614,Gm10024,386674,KRTAP10-6,mouse
100503388,Gm19668,386674,KRTAP10-6,mouse
100041351,Gm3285,386674,KRTAP10-6,mouse
100040299,Gm2696,386674,KRTAP10-6,mouse
102639995,Gm36176,386674,KRTAP10-6,mouse
100041250,Gm3233,386674,KRTAP10-6,mouse
622629,Gm10318,386674,KRTAP10-6,mouse
634504,Gm7137,386674,KRTAP10-6,mouse
544710,Krtap10-10,386674,KRTAP10-6,mouse
71623,Krtap5-2,386674,KRTAP10-6,mouse
675294,Gm9639,386674,KRTAP10-6,mouse
77763,Gm9736,386674,KRTAP10-6,mouse
670880,Gm9507,386674,KRTAP10-6,mouse
670895,Gm9508,386674,KRTAP10-6,mouse
100503388,Gm19668,386675,KRTAP10-7,mouse
100041261,Gm3238,386676,KRTAP10-9,mouse
100191037,Krtap10-4,386676,KRTAP10-9,mouse
100043627,Gm4559,386676,KRTAP10-9,mouse
100502953,Gm10100,386676,KRTAP10-9,mouse
100041281,Gm3250,386676,KRTAP10-9,mouse
105244938,Gm40460,386676,KRTAP10-9,mouse
100041250,Gm3233,386676,KRTAP10-9,mouse
102639995,Gm36176,386676,KRTAP10-9,mouse
16694,Krtap12-1,386676,KRTAP10-9,mouse
100009614,Gm10024,386676,KRTAP10-9,mouse
100041351,Gm3285,386676,KRTAP10-9,mouse
102640500,Gm7138,386676,KRTAP10-9,mouse
100503388,Gm19668,386676,KRTAP10-9,mouse
100040299,Gm2696,386676,KRTAP10-9,mouse
16697,Gm10272,386676,KRTAP10-9,mouse
100502831,Gm19402,386676,KRTAP10-9,mouse
100502921,Gm10142,386676,KRTAP10-9,mouse
108167466,Gm45618,386676,KRTAP10-9,mouse
544710,Krtap10-10,386676,KRTAP10-9,mouse
622629,Gm10318,386676,KRTAP10-9,mouse
634504,Gm7137,386676,KRTAP10-9,mouse
71623,Krtap5-2,386676,KRTAP10-9,mouse
77763,Gm9736,386676,KRTAP10-9,mouse
670880,Gm9507,386676,KRTAP10-9,mouse
670895,Gm9508,386676,KRTAP10-9,mouse
675294,Gm9639,386676,KRTAP10-9,mouse
100041281,Gm3250,386677,KRTAP10-1,mouse
100041351,Gm3285,386677,KRTAP10-1,mouse
102640500,Gm7138,386677,KRTAP10-1,mouse
100502831,Gm19402,386677,KRTAP10-1,mouse
100041261,Gm3238,386677,KRTAP10-1,mouse
100041250,Gm3233,386677,KRTAP10-1,mouse
100040299,Gm2696,386677,KRTAP10-1,mouse
100191037,Krtap10-4,386677,KRTAP10-1,mouse
100503388,Gm19668,386677,KRTAP10-1,mouse
544710,Krtap10-10,386677,KRTAP10-1,mouse
622629,Gm10318,386677,KRTAP10-1,mouse
634504,Gm7137,386677,KRTAP10-1,mouse
77763,Gm9736,386677,KRTAP10-1,mouse
675294,Gm9639,386677,KRTAP10-1,mouse
670895,Gm9508,386677,KRTAP10-1,mouse
670880,Gm9507,386677,KRTAP10-1,mouse
100041488,Gm11937,386678,KRTAP10-11,mouse
100041250,Gm3233,386678,KRTAP10-11,mouse
102639995,Gm36176,386678,KRTAP10-11,mouse
108167466,Gm45618,386678,KRTAP10-11,mouse
100040299,Gm2696,386678,KRTAP10-11,mouse
100041351,Gm3285,386678,KRTAP10-11,mouse
16697,Gm10272,386678,KRTAP10-11,mouse
100502803,Gm11562,386678,KRTAP10-11,mouse
100041261,Gm3238,386678,KRTAP10-11,mouse
100502831,Gm19402,386678,KRTAP10-11,mouse
100503388,Gm19668,386678,KRTAP10-11,mouse
100041281,Gm3250,386678,KRTAP10-11,mouse
16694,Krtap12-1,386678,KRTAP10-11,mouse
100009614,Gm10024,386678,KRTAP10-11,mouse
100502921,Gm10142,386678,KRTAP10-11,mouse
100041412,Gm11938,386678,KRTAP10-11,mouse
100191037,Krtap10-4,386678,KRTAP10-11,mouse
100502953,Gm10100,386678,KRTAP10-11,mouse
100043627,Gm4559,386678,KRTAP10-11,mouse
102640500,Gm7138,386678,KRTAP10-11,mouse
105244938,Gm40460,386678,KRTAP10-11,mouse
629873,Krtap1-4,386678,KRTAP10-11,mouse
544710,Krtap10-10,386678,KRTAP10-11,mouse
634504,Gm7137,386678,KRTAP10-11,mouse
435286,Krtap9-5,386678,KRTAP10-11,mouse
622629,Gm10318,386678,KRTAP10-11,mouse
435273,Krtap1-3,386678,KRTAP10-11,mouse
77763,Gm9736,386678,KRTAP10-11,mouse
71623,Krtap5-2,386678,KRTAP10-11,mouse
675294,Gm9639,386678,KRTAP10-11,mouse
670880,Gm9507,386678,KRTAP10-11,mouse
75586,Krtap9-3,386678,KRTAP10-11,mouse
71453,Krtap2-4,386678,KRTAP10-11,mouse
670895,Gm9508,386678,KRTAP10-11,mouse
100041351,Gm3285,386679,KRTAP10-2,mouse
100041250,Gm3233,386679,KRTAP10-2,mouse
100503388,Gm19668,386679,KRTAP10-2,mouse
100502831,Gm19402,386679,KRTAP10-2,mouse
100041281,Gm3250,386679,KRTAP10-2,mouse
102640500,Gm7138,386679,KRTAP10-2,mouse
100191037,Krtap10-4,386679,KRTAP10-2,mouse
100041261,Gm3238,386679,KRTAP10-2,mouse
100040299,Gm2696,386679,KRTAP10-2,mouse
622629,Gm10318,386679,KRTAP10-2,mouse
544710,Krtap10-10,386679,KRTAP10-2,mouse
634504,Gm7137,386679,KRTAP10-2,mouse
675294,Gm9639,386679,KRTAP10-2,mouse
77763,Gm9736,386679,KRTAP10-2,mouse
670880,Gm9507,386679,KRTAP10-2,mouse
670895,Gm9508,386679,KRTAP10-2,mouse
100503388,Gm19668,386680,KRTAP10-5,mouse
100041261,Gm3238,386680,KRTAP10-5,mouse
100041281,Gm3250,386680,KRTAP10-5,mouse
100191037,Krtap10-4,386680,KRTAP10-5,mouse
102640500,Gm7138,386680,KRTAP10-5,mouse
100041250,Gm3233,386680,KRTAP10-5,mouse
100502831,Gm19402,386680,KRTAP10-5,mouse
100041351,Gm3285,386680,KRTAP10-5,mouse
100040299,Gm2696,386680,KRTAP10-5,mouse
544710,Krtap10-10,386680,KRTAP10-5,mouse
634504,Gm7137,386680,KRTAP10-5,mouse
622629,Gm10318,386680,KRTAP10-5,mouse
670880,Gm9507,386680,KRTAP10-5,mouse
675294,Gm9639,386680,KRTAP10-5,mouse
670895,Gm9508,386680,KRTAP10-5,mouse
77763,Gm9736,386680,KRTAP10-5,mouse
100191037,Krtap10-4,386681,KRTAP10-8,mouse
100502831,Gm19402,386681,KRTAP10-8,mouse
102640500,Gm7138,386681,KRTAP10-8,mouse
100041351,Gm3285,386681,KRTAP10-8,mouse
100041281,Gm3250,386681,KRTAP10-8,mouse
100041261,Gm3238,386681,KRTAP10-8,mouse
100503388,Gm19668,386681,KRTAP10-8,mouse
100040299,Gm2696,386681,KRTAP10-8,mouse
100041250,Gm3233,386681,KRTAP10-8,mouse
634504,Gm7137,386681,KRTAP10-8,mouse
544710,Krtap10-10,386681,KRTAP10-8,mouse
622629,Gm10318,386681,KRTAP10-8,mouse
670880,Gm9507,386681,KRTAP10-8,mouse
77763,Gm9736,386681,KRTAP10-8,mouse
670895,Gm9508,386681,KRTAP10-8,mouse
675294,Gm9639,386681,KRTAP10-8,mouse
100502831,Gm19402,386682,KRTAP10-3,mouse
100040299,Gm2696,386682,KRTAP10-3,mouse
100041351,Gm3285,386682,KRTAP10-3,mouse
102640500,Gm7138,386682,KRTAP10-3,mouse
100041250,Gm3233,386682,KRTAP10-3,mouse
100191037,Krtap10-4,386682,KRTAP10-3,mouse
100041281,Gm3250,386682,KRTAP10-3,mouse
100041261,Gm3238,386682,KRTAP10-3,mouse
100503388,Gm19668,386682,KRTAP10-3,mouse
622629,Gm10318,386682,KRTAP10-3,mouse
634504,Gm7137,386682,KRTAP10-3,mouse
544710,Krtap10-10,386682,KRTAP10-3,mouse
77763,Gm9736,386682,KRTAP10-3,mouse
670895,Gm9508,386682,KRTAP10-3,mouse
670880,Gm9507,386682,KRTAP10-3,mouse
675294,Gm9639,386682,KRTAP10-3,mouse
100191037,Krtap10-4,386683,KRTAP12-3,mouse
16694,Krtap12-1,386683,KRTAP12-3,mouse
100041250,Gm3233,386683,KRTAP12-3,mouse
100041281,Gm3250,386683,KRTAP12-3,mouse
102639995,Gm36176,386683,KRTAP12-3,mouse
102640500,Gm7138,386683,KRTAP12-3,mouse
100041261,Gm3238,386683,KRTAP12-3,mouse
100009614,Gm10024,386683,KRTAP12-3,mouse
100040299,Gm2696,386683,KRTAP12-3,mouse
100502953,Gm10100,386683,KRTAP12-3,mouse
100041351,Gm3285,386683,KRTAP12-3,mouse
100503388,Gm19668,386683,KRTAP12-3,mouse
100502831,Gm19402,386683,KRTAP12-3,mouse
100502921,Gm10142,386683,KRTAP12-3,mouse
634504,Gm7137,386683,KRTAP12-3,mouse
544710,Krtap10-10,386683,KRTAP12-3,mouse
622629,Gm10318,386683,KRTAP12-3,mouse
77763,Gm9736,386683,KRTAP12-3,mouse
670895,Gm9508,386683,KRTAP12-3,mouse
670880,Gm9507,386683,KRTAP12-3,mouse
675294,Gm9639,386683,KRTAP12-3,mouse
100041261,Gm3238,386685,KRTAP10-12,mouse
102640500,Gm7138,386685,KRTAP10-12,mouse
100040299,Gm2696,386685,KRTAP10-12,mouse
100041250,Gm3233,386685,KRTAP10-12,mouse
100191037,Krtap10-4,386685,KRTAP10-12,mouse
100503388,Gm19668,386685,KRTAP10-12,mouse
100041351,Gm3285,386685,KRTAP10-12,mouse
100041281,Gm3250,386685,KRTAP10-12,mouse
100502831,Gm19402,386685,KRTAP10-12,mouse
634504,Gm7137,386685,KRTAP10-12,mouse
544710,Krtap10-10,386685,KRTAP10-12,mouse
622629,Gm10318,386685,KRTAP10-12,mouse
670895,Gm9508,386685,KRTAP10-12,mouse
670880,Gm9507,386685,KRTAP10-12,mouse
77763,Gm9736,386685,KRTAP10-12,mouse
675294,Gm9639,386685,KRTAP10-12,mouse
320844,Amigo3,386724,AMIGO3,mouse
381974,Mrgprg,386746,MRGPRG,mouse
16666,Krt16,3868,KRT16,mouse
11848,Rhoa,387,RHOA,mouse
544922,Zkscan4,387032,ZKSCAN4,mouse
72739,Zkscan3,387032,ZKSCAN4,mouse
72655,Snhg5,387066,SNHG5,mouse
66311,Cenpw,387103,CENPW,mouse
67412,Mtcl3,387104,SOGA3,mouse
100038725,Cep85l,387119,CEP85L,mouse
319239,Npsr1,387129,NPSR1,mouse
16667,Krt17,3872,KRT17,mouse
67912,1600012H06Rik,387263,C6orf120,mouse
105243089,Gm39115,387273,KRTAP5-10,mouse
105243090,Gm7579,387273,KRTAP5-10,mouse
105244938,Gm40460,387273,KRTAP5-10,mouse
101055862,Gm29735,387273,KRTAP5-10,mouse
114666,Krtap5-5,387273,KRTAP5-10,mouse
108167466,Gm45618,387273,KRTAP5-10,mouse
50775,Krtap5-4,387273,KRTAP5-10,mouse
71623,Krtap5-2,387273,KRTAP5-10,mouse
227606,Tbpl2,387332,TBPL2,mouse
72181,Nsun4,387338,NSUN4,mouse
210757,Themis,387357,THEMIS,mouse
68895,Rasl11a,387496,RASL11A,mouse
16668,Krt18,3875,KRT18,mouse
100129,Gpr153,387509,GPR153,mouse
407243,Peds1,387521,PEDS1,mouse
407243,Peds1,387522,PEDS1-UBE2V1,mouse
100039795,Ildr2,387597,ILDR2,mouse
171405,Slc22a27,387601,SLC22A25,mouse
207151,Slc22a19,387601,SLC22A25,mouse
236293,Slc22a29,387601,SLC22A25,mouse
236149,Slc22a26,387601,SLC22A25,mouse
434674,Slc22a28,387601,SLC22A25,mouse
319800,Slc22a30,387601,SLC22A25,mouse
72668,Skida1,387640,SKIDA1,mouse
28006,Washc2,387680,WASHC2A,mouse
328381,Sh2d4b,387694,SH2D4B,mouse
70045,2610528A11Rik,387695,C10orf99,mouse
240638,Slc16a12,387700,SLC16A12,mouse
668310,Cc2d2b,387707,CC2D2B,mouse
226265,Eno4,387712,ENO4,mouse
73808,Tex36,387718,TEX36,mouse
77252,9430038I01Rik,387723,C10orf143,mouse
73835,Ifitm5,387733,IFITM5,mouse
100042856,Gvin2,387751,GVINP1,mouse
233752,Insc,387755,INSC,mouse
67606,Fibin,387758,FIBIN,mouse
620695,Gm13889,387763,C11orf96,mouse
171405,Slc22a27,387775,SLC22A10,mouse
236293,Slc22a29,387775,SLC22A10,mouse
207151,Slc22a19,387775,SLC22A10,mouse
434674,Slc22a28,387775,SLC22A10,mouse
319800,Slc22a30,387775,SLC22A10,mouse
67164,Lipt2,387787,LIPT2,mouse
69137,Vstm5,387804,VSTM5,mouse
258607,Olfr971,387815,OR8G3P,mouse
258606,Olfr229,387815,OR8G3P,mouse
71183,Clec12b,387837,CLEC12B,mouse
66532,Rep15,387849,REP15,mouse
239650,Ccdc184,387856,CCDC184,mouse
69784,1500009L16Rik,387882,C12orf75,mouse
546886,Cfap73,387885,CFAP73,mouse
545798,Tmem233,387890,TMEM233,mouse
67956,Kmt5a,387893,KMT5A,mouse
239126,C1qtnf9,387911,C1QTNF9B,mouse
219134,Shisa2,387914,SHISA2,mouse
212114,Nhlrc3,387921,NHLRC3,mouse
72661,Serp2,387923,SERP2,mouse
75266,Tomm20l,387990,TOMM20L,mouse
11852,Rhob,388,RHOB,mouse
16669,Krt19,3880,KRT19,mouse
353326,Rtl1,388015,RTL1,mouse
104885,Tmem179,388021,TMEM179,mouse
16672,Krt34,3881,KRT31,mouse
16660,Krt31,3881,KRT31,mouse
71950,Nanog,388112,NANOGP8,mouse
214239,Ccdc9b,388115,CCDC9B,mouse
244882,Tnfaip8l3,388121,TNFAIP8L3,mouse
75697,C2cd4b,388125,C2CD4B,mouse
319477,Insyn1,388135,INSYN1,mouse
16670,Krt32,3882,KRT32,mouse
104175,Sbk1,388228,SBK1,mouse
544896,Ighv5-9,388255,IGHV3OR16-8,mouse
66714,4921524J17Rik,388272,C16orf87,mouse
71046,4933405L10Rik,388284,C16orf86,mouse
216871,Gltpd2,388323,GLTPD2,mouse
103844,Inca1,388324,INCA1,mouse
327957,Scimp,388325,SCIMP,mouse
75304,4930563E22Rik,388327,C17orf100,mouse
330228,Spdye4b,388333,SPDYE4,mouse
74673,Spdye4a,388333,SPDYE4,mouse
338369,Tmem220,388335,TMEM220,mouse
380702,Shisa6,388336,SHISA6,mouse
192976,Lrrc75a,388341,LRRC75A,mouse
66601,Tmigd1,388364,TMIGD1,mouse
20303,Ccl4,388372,CCL4L2|CCL4L1,mouse
73293,Ccdc103,388389,CCDC103,mouse
104582,Rprml,388394,RPRML,mouse
16672,Krt34,3884,KRT33B,mouse
16671,Krt33b,3884,KRT33B,mouse
77864,Ypel2,388403,YPEL2,mouse
72014,Btbd17,388419,BTBD17,mouse
16672,Krt34,3885,KRT34,mouse
102635315,Gm32687,388523,ZNF728,mouse
102640477,Gm14412,388523,ZNF728,mouse
233987,Zfp958,388523,ZNF728,mouse
22746,Zfp85,388523,ZNF728,mouse
238693,Zfp58,388523,ZNF728,mouse
76803,Zfp998,388523,ZNF728,mouse
668620,Zfp936,388523,ZNF728,mouse
16785,Rpsa,388524,RPSAP58,mouse
243923,Rgs9bp,388531,RGS9BP,mouse
64661,Krtdap,388533,KRTDAP,mouse
233056,Zfp790,388536,ZNF790,mouse
330483,Ceacam16,388551,CEACAM16,mouse
232946,Bloc1s3,388552,BLOC1S3,mouse
243866,Meiosin,388553,MEIOSIN,mouse
232925,Igfl3,388555,IGFL3,mouse
664968,Tmem238,388564,TMEM238,mouse
330463,Zfp78,388567,ZNF749,mouse
243834,Zfp324,388569,ZNF324B,mouse
67389,C1qtnf12,388581,C1QTNF12,mouse
15208,Hes5,388585,HES5,mouse
68859,Smim1,388588,SMIM1,mouse
433809,Rnf207,388591,RNF207,mouse
213989,Tmem82,388595,TMEM82,mouse
53617,Krt35,3886,KRT35,mouse
69539,Trnp1,388610,TRNP1,mouse
69655,Cd164l2,388611,CD164L2,mouse
666048,Trabd2b,388630,TRABD2B,mouse
546840,Ldlrad1,388633,LDLRAD1,mouse
229900,Gbp7,388646,GBP7,mouse
55932,Gbp3,388646,GBP7,mouse
76421,1700028K03Rik,388649,C1orf146,mouse
67266,Dipk1a,388650,DIPK1A,mouse
229706,Slc6a17,388662,SLC6A17,mouse
217779,Lysmd1,388695,LYSMD1,mouse
68723,Hrnr,388697,HRNR,mouse
229574,Flg2,388698,FLG2,mouse
406219,Krt87,3887,KRT81,mouse
64818,Krt81,3887,KRT81,mouse
73545,Cfap141,388701,CFAP141,mouse
226565,Fmo6,388714,FMO6P,mouse
69549,2310009B15Rik,388722,C1orf53,mouse
74626,Tmem81,388730,TMEM81,mouse
170725,Capn8,388743,CAPN8,mouse
67892,Coa6,388753,COA6,mouse
257905,Or14a257,388761,OR14A2,mouse
257904,Olfr294,388761,OR14A2,mouse
258610,Olfr307,388761,OR14A2,mouse
258089,Olfr304,388761,OR14A2,mouse
258609,Olfr305,388761,OR14A2,mouse
228715,Smim26,388789,SMIM26,mouse
100504221,Efcab8,388795,EFCAB8,mouse
76426,Fam209,388799,FAM209B,mouse
114566,Krt82,3888,KRT82,mouse
69533,Krtap26-1,388818,KRTAP26-1,mouse
102638083,Ccdc188,388849,CCDC188,mouse
192734,Lrrc75b,388886,LRRC75B,mouse
100126226,Krt83,3889,KRT83,mouse
406219,Krt87,3889,KRT83,mouse
432628,Mfsd2b,388931,MFSD2B,mouse
225004,Pcare,388939,PCARE,mouse
78469,Tmem247,388946,TMEM247,mouse
22110,Tspyl1,388951,TSPYL6,mouse
233164,Gm4884,388960,C2orf78,mouse
243944,4930433I11Rik,388960,C2orf78,mouse
330513,Gm5114|Gm6124|Gm9271|Gm4454,388960,C2orf78,mouse
434171,Gm5591|Gm1988,388960,C2orf78,mouse
434172,Gm5592,388960,C2orf78,mouse
78653,Bola3,388962,BOLA3,mouse
71837,1700003E16Rik,388963,C2orf81,mouse
68364,0610030E20Rik,388969,C2orf68,mouse
11853,Rhoc,389,RHOC,mouse
16680,Krt84,3890,KRT84,mouse
110895,Slc9a4,389015,SLC9A4,mouse
64406,Sp5,389058,SP5,mouse
241075,Plekhm3,389072,PLEKHM3,mouse
98303,D630023F18Rik,389073,C2orf80,mouse
19711,Resp18,389075,RESP18,mouse
73234,Snorc,389084,SNORC,mouse
258228,Olfr1415,389090,OR6B2,mouse
259040,Olfr1416,389090,OR6B2,mouse
259041,Olfr1414,389090,OR6B2,mouse
53622,Krt85,3891,KRT85,mouse
69398,Cdhr4,389118,CDHR4,mouse
68176,Inka1,389119,INKA1,mouse
75470,Iqcf5,389124,IQCF5,mouse
66175,Mustn1,389125,MUSTN1,mouse
73569,Vgll3,389136,VGLL3,mouse
623186,Prr23a2,389151,PRR23B,mouse
623166,Prr23a1,389151,PRR23B,mouse
546157,7420426K07Rik,389151,PRR23B,mouse
71979,Prr23a3,389151,PRR23B,mouse
623186,Prr23a2,389152,PRR23C,mouse
623166,Prr23a1,389152,PRR23C,mouse
546157,7420426K07Rik,389152,PRR23C,mouse
71979,Prr23a3,389152,PRR23C,mouse
100504689,Plscr5,389158,PLSCR5,mouse
242037,Ankub1,389161,ANKUB1,mouse
624866,Lekr1,389170,LEKR1,mouse
208613,Tmem212,389177,TMEM212,mouse
381634,Gm1043,389197,C4orf50,mouse
16679,Krt86,3892,KRT86,mouse
406219,Krt87,3892,KRT86,mouse
66278,Smim20,389203,SMIM20,mouse
666938,Bend4,389206,BEND4,mouse
433899,Grxcr1,389207,GRXCR1,mouse
243083,Tmprss11f,389208,TMPRSS11F,mouse
432779,Lrrc14b,389257,LRRC14B,mouse
102639868,Anxa2r2,389289,ANXA2R,mouse
100861753,Gm21188,389289,ANXA2R,mouse
67343,Tex43,389320,TEX43,mouse
115488204,Smim32,389332,SMIM32,mouse
381148,Prob1,389333,PROB1,mouse
225443,Gm94,389336,C5orf46,mouse
328967,Arhgef37,389337,ARHGEF37,mouse
69666,Psmg4,389362,PSMG4,mouse
433102,Sfta2,389376,SFTA2,mouse
328788,Clpsl2,389383,CLPSL2,mouse
207819,Bnip5,389384,BNIP5,mouse
435528,Glyatl3,389396,GLYATL3,mouse
404194,Gfral,389400,GFRAL,mouse
380669,Lin28b,389421,LIN28B,mouse
320825,Samd5,389432,SAMD5,mouse
70337,Iyd,389434,IYD,mouse
69034,Nupr1l,389493,NUPR2,mouse
16709,Ktn1,3895,KTN1,mouse
114674,Gtf2ird2,389524,GTF2IRD2B,mouse
66096,Lamtor4,389541,LAMTOR4,mouse
73191,Fezf1,389549,FEZF1,mouse
208164,Fam180a,389558,FAM180A,mouse
319581,Xkr5,389610,XKR5,mouse
100503545,Nuggc,389643,NUGGC,mouse
620393,Alkal1,389658,ALKAL1,mouse
381246,Xkr9,389668,XKR9,mouse
77604,Rbm12b2,389677,RBM12B,mouse
72397,Rbm12b1,389677,RBM12B,mouse
268816,Mroh5,389690,MROH5,mouse
378435,Mafa,389692,MAFA,mouse
16728,L1cam,3897,L1CAM,mouse
78124,Spata31,389730,SPATA31A6,mouse
238663,Spata31d1d,389762,SPATA31D3,mouse
238662,Spata31d1b,389762,SPATA31D3,mouse
238683,Spata31d1c,389762,SPATA31D3,mouse
72219,Spata31d1a,389762,SPATA31D3,mouse
102638268,Spata31d1e,389763,SPATA31D1,mouse
238683,Spata31d1c,389763,SPATA31D1,mouse
238663,Spata31d1d,389763,SPATA31D1,mouse
238662,Spata31d1b,389763,SPATA31D1,mouse
72219,Spata31d1a,389763,SPATA31D1,mouse
70900,4921517D22Rik,389766,C9orf153,mouse
72500,Ier5l,389792,IER5L,mouse
329375,Cfap77,389799,CFAP77,mouse
16763,Lad1,3898,LAD1,mouse
381353,Ajm1,389813,AJM1,mouse
227618,Lrrc26,389816,LRRC26,mouse
66139,Mymk,389827,MYMK,mouse
270672,Map3k15,389840,MAP3K15,mouse
278203,Spaca5,389852,SPACA5,mouse
54651,Usp27x,389856,USP27X,mouse
75064,Zcchc13,389874,ZCCHC13,mouse
279618,Gm715,389895,LOC389895,mouse
93765,Ube2n,389898,UBE2NL,mouse
16764,Aff3,3899,AFF3,mouse
227580,C1ql3,389941,C1QL3,mouse
110460,Acat2,39,ACAT2,mouse
224530,Acat3,39,ACAT2,mouse
74194,Rnd3,390,RND3,mouse
73707,Gucy2g,390003,GUCY2GP,mouse
20231,Nkx1-2,390010,NKX1-2,mouse
259106,Olfr552,390036,OR52K1,mouse
258358,Olfr557,390038,OR51D1,mouse
18369,Olfr68,390054,OR52A5,mouse
18370,Or52a5b,390054,OR52A5,mouse
18365,Olfr65,390058,OR51B6,mouse
259126,Olfr623,390058,OR51B6,mouse
258961,Olfr631,390059,OR51M1,mouse
259124,Olfr638,390061,OR51Q1,mouse
259122,Olfr635,390061,OR51Q1,mouse
258819,Olfr640,390063,OR51I1,mouse
259075,Olfr641,390064,OR51I2,mouse
259058,Olfr646,390066,OR52D1,mouse
258746,Olfr648,390067,OR52H1,mouse
259051,Olfr658,390072,OR52N4,mouse
259143,Olfr503,390072,OR52N4,mouse
257914,Olfr663,390073,OR56B2P,mouse
258743,Olfr661,390073,OR56B2P,mouse
259045,Olfr669,390075,OR52N5,mouse
259061,Olfr668,390077,OR52N2,mouse
259100,Olfr666,390077,OR52N2,mouse
259062,Olfr667,390077,OR52N2,mouse
257910,Olfr671,390078,OR52E6,mouse
258147,Olfr675,390078,OR52E6,mouse
257910,Olfr671,390079,OR52E8,mouse
258147,Olfr675,390079,OR52E8,mouse
258355,Olfr677,390081,OR52E4,mouse
259046,Olfr679,390083,OR56A3,mouse
404318,Or56a3b,390083,OR56A3,mouse
259047,Olfr683,390084,OR56A5,mouse
381411,Accsl,390110,ACCSL,mouse
258636,Olfr1155,390144,OR5D16,mouse
110511,Olfr153,390148,OR5W2,mouse
258633,Olfr1153,390148,OR5W2,mouse
258632,Olfr1138,390148,OR5W2,mouse
258103,Olfr1152,390148,OR5W2,mouse
258631,Olfr1151,390148,OR5W2,mouse
258652,Olfr1131,390148,OR5W2,mouse
258653,Olfr1136,390148,OR5W2,mouse
258630,Olfr1141,390148,OR5W2,mouse
258290,Olfr1143,390148,OR5W2,mouse
258101,Olfr1137,390148,OR5W2,mouse
258833,Olfr1132,390148,OR5W2,mouse
257901,Olfr1096,390151,OR8H2,mouse
258764,Olfr1099,390151,OR8H2,mouse
258587,Olfr1100,390151,OR8H2,mouse
258840,Olfr1097,390151,OR8H2,mouse
257901,Olfr1096,390152,OR8H3,mouse
258587,Olfr1100,390152,OR8H3,mouse
258840,Olfr1097,390152,OR8H3,mouse
258764,Olfr1099,390152,OR8H3,mouse
228228,Olfr1102,390155,OR5T1,mouse
258363,Olfr1093,390155,OR5T1,mouse
258362,Olfr1094,390155,OR5T1,mouse
258575,Olfr1046,390157,OR8K1,mouse
258582,Olfr1022,390167,OR5M10,mouse
258580,Olfr1023,390167,OR5M10,mouse
258582,Olfr1022,390168,OR5M1,mouse
258580,Olfr1023,390168,OR5M1,mouse
257915,Olfr1016,390174,OR9G1,mouse
258757,Or9g19,390174,OR9G1,mouse
258561,Olfr1012,390174,OR9G1,mouse
258562,Or9g8,390174,OR9G1,mouse
258425,Olfr994,390181,OR5AK2,mouse
258427,Olfr993,390181,OR5AK2,mouse
258426,Olfr995,390181,OR5AK2,mouse
258700,Olfr1451,390190,OR5B2,mouse
258696,Olfr1448,390191,OR5B12,mouse
258694,Olfr1445,390191,OR5B12,mouse
258409,Olfr1431,390195,OR5AN1,mouse
258683,Olfr262,390195,OR5AN1,mouse
258682,Olfr1436,390195,OR5AN1,mouse
258681,Olfr235,390195,OR5AN1,mouse
258117,Or5an1b,390195,OR5AN1,mouse
258680,Olfr1434,390195,OR5AN1,mouse
258805,Olfr1426,390197,OR4D10,mouse
258155,Olfr1425,390197,OR4D10,mouse
258676,Olfr1424,390197,OR4D10,mouse
16768,Lag3,3902,LAG3,mouse
258405,Olfr1420,390201,OR10V1,mouse
278795,Lrrc10b,390205,LRRC10B,mouse
269053,Gpr152,390212,GPR152,mouse
547109,Trim43a,390231,TRIM77,mouse
666747,Trim43b,390231,TRIM77,mouse
666731,Trim43c,390231,TRIM77,mouse
64931,Izumo1r,390243,IZUMO1R,mouse
244694,Kdm4d,390245,KDM4E,mouse
244813,Bsx,390259,BSX,mouse
258608,Olfr986,390260,OR6X1,mouse
259110,Olfr980,390264,OR10G4,mouse
259109,Olfr978,390264,OR10G4,mouse
259112,Olfr979,390264,OR10G4,mouse
259109,Olfr978,390265,OR10G7,mouse
259110,Olfr980,390265,OR10G7,mouse
259112,Olfr979,390265,OR10G7,mouse
258869,Olfr147,390271,OR8B3,mouse
258372,Olfr918,390271,OR8B3,mouse
406176,Olfr151,390275,OR8A1,mouse
80706,Olfr160,390275,OR8A1,mouse
52855,Lair1,3903,LAIR1,mouse
258934,Olfr802,390321,OR6C1,mouse
258542,Olfr786,390321,OR6C1,mouse
258935,Olfr790,390323,OR6C75,mouse
258321,Olfr809,390326,OR6C76,mouse
258252,Olfr813,390326,OR6C76,mouse
259165,Or6c70,390327,OR6C70,mouse
258665,Olfr815,390327,OR6C70,mouse
258657,Olfr733,390429,OR4N2,mouse
258659,Olfr732,390429,OR4N2,mouse
258486,Olfr730,390431,OR4K2,mouse
258487,Olfr722,390437,OR4N5,mouse
257884,Olfr744,390439,OR11G2,mouse
219019,Olfr743,390439,OR11G2,mouse
258662,Olfr738,390439,OR11G2,mouse
258661,Olfr740,390439,OR11G2,mouse
258663,Olfr739,390439,OR11G2,mouse
258422,Or11g26,390439,OR11G2,mouse
56858,Olfr749,390442,OR11H4,mouse
258264,Olfr747,390442,OR11H4,mouse
328401,Rnase9,390443,RNASE9,mouse
258420,Olfr221,390445,OR5AU1,mouse
100775173,Ighv1-74,390530,IGHV1OR21-1,mouse
619833,Ighv1-69,390530,IGHV1OR21-1,mouse
380823,Ighv1-64,390530,IGHV1OR21-1,mouse
434609,Ighv1-84,390530,IGHV1OR21-1,mouse
780931,Ighv1-53,390530,IGHV1OR21-1,mouse
780956,Ighv1-63,390530,IGHV1OR21-1,mouse
780932,Ighv1-55,390530,IGHV1OR21-1,mouse
668549,Ighv1-62-3,390530,IGHV1OR21-1,mouse
74492,Kbtbd13,390594,KBTBD13,mouse
208080,Ubap1l,390595,UBAP1L,mouse
207667,Skor1,390598,SKOR1,mouse
16770,Lalba,3906,LALBA,mouse
330998,Ankrd34c,390616,ANKRD34C,mouse
269952,Gdpgp1,390637,GDPGP1,mouse
258441,Or4f6,390648,OR4F6,mouse
258439,Olfr1309,390649,OR4F15,mouse
68509,Ptx4,390667,PTX4,mouse
382035,Pabpn1l,390748,PABPN1L,mouse
259006,Olfr399,390756,OR3A4P,mouse
217151,Arl5c,390790,ARL5C,mouse
16773,Lama2,3908,LAMA2,mouse
246086,Onecut3,390874,ONECUT3,mouse
100503048,Olfr844,390882,OR7G2,mouse
257872,Or7g20,390882,OR7G2,mouse
258598,Olfr828,390882,OR7G2,mouse
258515,Olfr854,390882,OR7G2,mouse
258557,Olfr836,390882,OR7G2,mouse
258559,Olfr830,390882,OR7G2,mouse
258558,Olfr837,390882,OR7G2,mouse
258249,Olfr845,390882,OR7G2,mouse
259070,Or7g17,390882,OR7G2,mouse
258520,Olfr849,390882,OR7G2,mouse
258518,Olfr847,390882,OR7G2,mouse
258517,Olfr855,390882,OR7G2,mouse
258560,Olfr843,390882,OR7G2,mouse
258907,Olfr851,390882,OR7G2,mouse
258279,Olfr846,390882,OR7G2,mouse
258516,Olfr850,390882,OR7G2,mouse
258075,Olfr832,390883,OR7G3,mouse
258074,Olfr834,390883,OR7G3,mouse
18316,Olfr19,390892,OR7A10,mouse
18357,Olfr57,390892,OR7A10,mouse
18372,Olfr8,390892,OR7A10,mouse
259042,Olfr1351,390892,OR7A10,mouse
259163,Olfr1354,390892,OR7A10,mouse
259074,Olfr1352,390892,OR7A10,mouse
16774,Lama3,3909,LAMA3,mouse
110959,Nudt19,390916,NUDT19,mouse
22768,Zfy2,390927,ZNF793,mouse
22767,Zfy1,390927,ZNF793,mouse
101744,Acp7,390928,ACP7,mouse
232974,Erfl,390937,ERFL,mouse
641361,Pinlyp,390940,PINLYP,mouse
15207,Hes3,390992,HES3,mouse
100041179,Gm3183,390999,PRAMEF12,mouse
100041102,Pramel42,390999,PRAMEF12,mouse
100041077,Pramel61,390999,PRAMEF12,mouse
100041032,Pramel38,390999,PRAMEF12,mouse
100041296,Pramel47,390999,PRAMEF12,mouse
108168683,LOC108168683,390999,PRAMEF12,mouse
100039010,LOC100039010,390999,PRAMEF12,mouse
100041806,LOC100041806,390999,PRAMEF12,mouse
100012,Oog3,390999,PRAMEF12,mouse
100039087,Gm2042,390999,PRAMEF12,mouse
100039315,Pramel51,390999,PRAMEF12,mouse
100040861,Gm13057,390999,PRAMEF12,mouse
100041253,Gm16513,390999,PRAMEF12,mouse
194225,Pramel27,390999,PRAMEF12,mouse
242736,Pramel12,390999,PRAMEF12,mouse
242737,Oog4,390999,PRAMEF12,mouse
193322,Oog1,390999,PRAMEF12,mouse
194227,Pramel25,390999,PRAMEF12,mouse
332923,Pramel19,390999,PRAMEF12,mouse
381570,Oog2,390999,PRAMEF12,mouse
381590,Pramel32,390999,PRAMEF12,mouse
545662,Pramel17,390999,PRAMEF12,mouse
347711,Pramel6,390999,PRAMEF12,mouse
381536,Gm12789,390999,PRAMEF12,mouse
381569,Pramel26,390999,PRAMEF12,mouse
381535,Pramel18,390999,PRAMEF12,mouse
626995,Pramel30,390999,PRAMEF12,mouse
381654,Pramel34,390999,PRAMEF12,mouse
277668,Pramel22,390999,PRAMEF12,mouse
384077,Pramel5,390999,PRAMEF12,mouse
329986,Pramel20,390999,PRAMEF12,mouse
347712,Pramel7,390999,PRAMEF12,mouse
277666,Pramel24,390999,PRAMEF12,mouse
626943,Pramel14,390999,PRAMEF12,mouse
347710,Pramel4,390999,PRAMEF12,mouse
626922,Pramel28,390999,PRAMEF12,mouse
320549,Pramel48,390999,PRAMEF12,mouse
433779,Pramel31,390999,PRAMEF12,mouse
277667,Pramel23,390999,PRAMEF12,mouse
627009,Pramel15,390999,PRAMEF12,mouse
545693,Gm13043,390999,PRAMEF12,mouse
83491,Pramel1,390999,PRAMEF12,mouse
77632,Pramel13,390999,PRAMEF12,mouse
665802,Pramel35,390999,PRAMEF12,mouse
97187,Pramel29,390999,PRAMEF12,mouse
666203,Pramel50,390999,PRAMEF12,mouse
56212,Rhog,391,RHOG,mouse
16775,Lama4,3910,LAMA4,mouse
108168683,LOC108168683,391002,PRAMEF8,mouse
100039087,Gm2042,391002,PRAMEF8,mouse
100041077,Pramel61,391002,PRAMEF8,mouse
100041102,Pramel42,391002,PRAMEF8,mouse
100040861,Gm13057,391002,PRAMEF8,mouse
100041296,Pramel47,391002,PRAMEF8,mouse
100041032,Pramel38,391002,PRAMEF8,mouse
100041253,Gm16513,391002,PRAMEF8,mouse
100039010,LOC100039010,391002,PRAMEF8,mouse
100012,Oog3,391002,PRAMEF8,mouse
100041806,LOC100041806,391002,PRAMEF8,mouse
100039315,Pramel51,391002,PRAMEF8,mouse
100041179,Gm3183,391002,PRAMEF8,mouse
242737,Oog4,391002,PRAMEF8,mouse
242736,Pramel12,391002,PRAMEF8,mouse
193322,Oog1,391002,PRAMEF8,mouse
194225,Pramel27,391002,PRAMEF8,mouse
194227,Pramel25,391002,PRAMEF8,mouse
332923,Pramel19,391002,PRAMEF8,mouse
381536,Gm12789,391002,PRAMEF8,mouse
545662,Pramel17,391002,PRAMEF8,mouse
381654,Pramel34,391002,PRAMEF8,mouse
277668,Pramel22,391002,PRAMEF8,mouse
347711,Pramel6,391002,PRAMEF8,mouse
347712,Pramel7,391002,PRAMEF8,mouse
626943,Pramel14,391002,PRAMEF8,mouse
381590,Pramel32,391002,PRAMEF8,mouse
381535,Pramel18,391002,PRAMEF8,mouse
320549,Pramel48,391002,PRAMEF8,mouse
277667,Pramel23,391002,PRAMEF8,mouse
384077,Pramel5,391002,PRAMEF8,mouse
329986,Pramel20,391002,PRAMEF8,mouse
277666,Pramel24,391002,PRAMEF8,mouse
626995,Pramel30,391002,PRAMEF8,mouse
545693,Gm13043,391002,PRAMEF8,mouse
347710,Pramel4,391002,PRAMEF8,mouse
626922,Pramel28,391002,PRAMEF8,mouse
381570,Oog2,391002,PRAMEF8,mouse
627009,Pramel15,391002,PRAMEF8,mouse
433779,Pramel31,391002,PRAMEF8,mouse
381569,Pramel26,391002,PRAMEF8,mouse
97187,Pramel29,391002,PRAMEF8,mouse
83491,Pramel1,391002,PRAMEF8,mouse
77632,Pramel13,391002,PRAMEF8,mouse
666203,Pramel50,391002,PRAMEF8,mouse
665802,Pramel35,391002,PRAMEF8,mouse
100041077,Pramel61,391004,PRAMEF17,mouse
100039010,LOC100039010,391004,PRAMEF17,mouse
100039087,Gm2042,391004,PRAMEF17,mouse
100039315,Pramel51,391004,PRAMEF17,mouse
100041179,Gm3183,391004,PRAMEF17,mouse
100041806,LOC100041806,391004,PRAMEF17,mouse
100041102,Pramel42,391004,PRAMEF17,mouse
100040861,Gm13057,391004,PRAMEF17,mouse
108168683,LOC108168683,391004,PRAMEF17,mouse
100041296,Pramel47,391004,PRAMEF17,mouse
100041253,Gm16513,391004,PRAMEF17,mouse
100012,Oog3,391004,PRAMEF17,mouse
100041032,Pramel38,391004,PRAMEF17,mouse
194227,Pramel25,391004,PRAMEF17,mouse
194225,Pramel27,391004,PRAMEF17,mouse
242737,Oog4,391004,PRAMEF17,mouse
242736,Pramel12,391004,PRAMEF17,mouse
193322,Oog1,391004,PRAMEF17,mouse
627009,Pramel15,391004,PRAMEF17,mouse
433779,Pramel31,391004,PRAMEF17,mouse
545693,Gm13043,391004,PRAMEF17,mouse
381570,Oog2,391004,PRAMEF17,mouse
277668,Pramel22,391004,PRAMEF17,mouse
332923,Pramel19,391004,PRAMEF17,mouse
381590,Pramel32,391004,PRAMEF17,mouse
384077,Pramel5,391004,PRAMEF17,mouse
329986,Pramel20,391004,PRAMEF17,mouse
381536,Gm12789,391004,PRAMEF17,mouse
347712,Pramel7,391004,PRAMEF17,mouse
381654,Pramel34,391004,PRAMEF17,mouse
626995,Pramel30,391004,PRAMEF17,mouse
347710,Pramel4,391004,PRAMEF17,mouse
626943,Pramel14,391004,PRAMEF17,mouse
320549,Pramel48,391004,PRAMEF17,mouse
626922,Pramel28,391004,PRAMEF17,mouse
545662,Pramel17,391004,PRAMEF17,mouse
277666,Pramel24,391004,PRAMEF17,mouse
347711,Pramel6,391004,PRAMEF17,mouse
381569,Pramel26,391004,PRAMEF17,mouse
277667,Pramel23,391004,PRAMEF17,mouse
381535,Pramel18,391004,PRAMEF17,mouse
83491,Pramel1,391004,PRAMEF17,mouse
97187,Pramel29,391004,PRAMEF17,mouse
666203,Pramel50,391004,PRAMEF17,mouse
665802,Pramel35,391004,PRAMEF17,mouse
77632,Pramel13,391004,PRAMEF17,mouse
18781,Pla2g2c,391013,PLA2G2C,mouse
20321,Frrs1,391059,FRRS1,mouse
16776,Lama5,3911,LAMA5,mouse
258267,Olfr370,391107,OR10K2,mouse
258267,Olfr370,391109,OR10K1,mouse
546747,Olfr220,391112,OR6Y1,mouse
258716,Olfr424,391114,OR6K3,mouse
240916,Vsig8,391123,VSIG8,mouse
258373,Olfr323,391189,OR11L1,mouse
258937,Olfr167,391190,OR2L8,mouse
216783,Olfr320,391191,OR2AK2,mouse
258494,Olfr318,391191,OR2AK2,mouse
258064,Or2ak4,391191,OR2AK2,mouse
258493,Olfr319,391191,OR2AK2,mouse
258937,Olfr167,391192,OR2L3,mouse
258443,Olfr164,391194,OR2M2,mouse
258458,Olfr165,391194,OR2M2,mouse
257917,Olfr314,391195,OR2T33,mouse
258458,Olfr165,391196,OR2M7,mouse
258443,Olfr164,391196,OR2M7,mouse
16777,Lamb1,3912,LAMB1,mouse
78239,Spint4,391253,SPINT4,mouse
16779,Lamb2,3913,LAMB2,mouse
69709,Ptrhd1,391356,PTRHD1,mouse
73671,Sult6b1,391365,SULT6B1,mouse
16780,Lamb3,3914,LAMB3,mouse
241073,Dytn,391475,DYTN,mouse
226519,Lamc1,3915,LAMC1,mouse
16783,Lamp1,3916,LAMP1,mouse
260296,Trim61,391712,TRIM61,mouse
333307,Trim75,391714,TRIM75,mouse
234219,Helt,391723,HELT,mouse
16782,Lamc2,3918,LAMC2,mouse
228359,Arhgap1,392,ARHGAP1,mouse
16784,Lamp2,3920,LAMP2,mouse
16785,Rpsa,3921,RPSA,mouse
258990,Olfr447,392138,OR2A25,mouse
242316,Gdf6,392255,GDF6,mouse
242408,Fam221b,392307,FAM221B,mouse
56015,Olfr71,392309,OR13J1,mouse
258656,Olfr365,392390,OR1L6,mouse
258371,Olfr368,392391,OR5C1,mouse
77704,Lcn9,392399,LCN9,mouse
17147,Mageb3,392433,MAGEB6B,mouse
69824,Glod5,392465,GLOD5,mouse
16765,Stmn1,3925,STMN1,mouse
74448,Arl13a,392509,ARL13A,mouse
68092,Ncbp2,392517,NCBP2L,mouse
243312,Elfn1,392617,ELFN1,mouse
319660,Agmo,392636,AGMO,mouse
16796,Lasp1,3927,LASP1,mouse
170935,Grid2ip,392862,GRID2IP,mouse
16803,Lbp,3929,LBP,mouse
171207,Arhgap4,393,ARHGAP4,mouse
98386,Lbr,3930,LBR,mouse
16816,Lcat,3931,LCAT,mouse
16818,Lck,3932,LCK,mouse
16819,Lcn2,3934,LCN2,mouse
18826,Lcp1,3936,LCP1,mouse
16822,Lcp2,3937,LCP2,mouse
226413,Lct,3938,LCT,mouse
16828,Ldha,3939,LDHA,mouse
11855,Arhgap5,394,ARHGAP5,mouse
16832,Ldhb,3945,LDHB,mouse
16833,Ldhc,3948,LDHC,mouse
16835,Ldlr,3949,LDLR,mouse
11856,Arhgap6,395,ARHGAP6,mouse
16841,Lect2,3950,LECT2,mouse
16846,Lep,3952,LEP,mouse
16847,Lepr,3953,LEPR,mouse
56384,Letm1,3954,LETM1,mouse
16848,Lfng,3955,LFNG,mouse
16852,Lgals1,3956,LGALS1,mouse
107753,Lgals2,3957,LGALS2,mouse
16854,Lgals3,3958,LGALS3,mouse
19039,Lgals3bp,3959,LGALS3BP,mouse
192662,Arhgdia,396,ARHGDIA,mouse
16855,Lgals4,3960,LGALS4,mouse
16858,Lgals7,3963,LGALS7|LGALS7B,mouse
56048,Lgals8,3964,LGALS8,mouse
16859,Lgals9,3965,LGALS9,mouse
11857,Arhgdib,397,ARHGDIB,mouse
16866,Lhb,3972,LHB,mouse
16867,Lhcgr,3973,LHCGR,mouse
16869,Lhx1,3975,LHX1,mouse
16878,Lif,3976,LIF,mouse
16880,Lifr,3977,LIFR,mouse
16881,Lig1,3978,LIG1,mouse
14570,Arhgdig,398,ARHGDIG,mouse
16882,Lig3,3980,LIG3,mouse
319583,Lig4,3981,LIG4,mouse
233187,Lim2,3982,LIM2,mouse
226251,Ablim1,3983,ABLIM1,mouse
16885,Limk1,3984,LIMK1,mouse
16886,Limk2,3985,LIMK2,mouse
110829,Lims1,3987,LIMS1,mouse
16889,Lipa,3988,LIPA,mouse
74734,Rhoh,399,RHOH,mouse
15450,Lipc,3990,LIPC,mouse
16890,Lipe,3991,LIPE,mouse
76267,Fads1,3992,FADS1,mouse
217325,Llgl2,3993,LLGL2,mouse
101809,Spred3,399473,SPRED3,mouse
623230,Tmem200b,399474,TMEM200B,mouse
60527,Fads3,3995,FADS3,mouse
71998,Slc25a35,399512,SLC25A35,mouse
16897,Llgl1,3996,LLGL1,mouse
237400,Mex3d,399664,MEX3D,mouse
98952,Eeig1,399665,FAM102A,mouse
320237,Smim10l2a,399668,SMIM10L2A,mouse
101055670,Heatr4,399671,HEATR4,mouse
360013,Myo18a,399687,MYO18A,mouse
329366,Ccdc187,399693,CCDC187,mouse
271849,Shc4,399694,SHC4,mouse
381418,Ctxn2,399697,CTXN2,mouse
70361,Lman1,3998,LMAN1,mouse
233918,4933402N03Rik,399814,C10orf120,mouse
72096,Eef1akmt2,399818,EEF1AKMT2,mouse
270004,Foxi2,399823,FOXI2,mouse
104401,Pcnx3,399909,PCNX3,mouse
102636989,Acte1,399923,ACTE1P,mouse
547109,Trim43a,399939,TRIM49D1,mouse
666747,Trim43b,399939,TRIM49D1,mouse
666731,Trim43c,399939,TRIM49D1,mouse
330941,AI593442,399947,C11orf87,mouse
235345,Hoatz,399949,HOATZ,mouse
73144,Mir100hg,399959,MIR100HG,mouse
330921,Pate2,399967,PATE2,mouse
56872,Pate4,399968,PATE4,mouse
102607,Snx19,399979,SNX19,mouse
11418,Asic2,40,ASIC2,mouse
104303,Arl1,400,ARL1,mouse
16905,Lmna,4000,LMNA,mouse
16906,Lmnb1,4001,LMNB1,mouse
329641,Sertm1,400120,SERTM1,mouse
217682,Plekhd1,400224,PLEKHD1,mouse
319942,A530016L24Rik,400258,C14orf180,mouse
109594,Lmo1,4004,LMO1,mouse
100038347,Fam174b,400451,FAM174B,mouse
16909,Lmo2,4005,LMO2,mouse
66356,Knop1,400506,KNOP1,mouse
68790,Fendrr,400550,FENDRR,mouse
74230,Liat1,400566,C17orf97,mouse
66172,Med11,400569,MED11,mouse
71520,Grap,400581,GRAPL,mouse
70956,Tex19.2,400629,TEX19,mouse
73106,Prss57,400668,PRSS57,mouse
106639,Vmac,400673,VMAC,mouse
54630,Prickle3,4007,PRICKLE3,mouse
243958,Siglecg,400709,SIGLEC16,mouse
100233208,Gm10778,400713,ZNF880,mouse
100043761,Gm14399,400713,ZNF880,mouse
245174,Zfp937,400713,ZNF880,mouse
414758,Zfp950,400713,ZNF880,mouse
628308,Zfp970,400713,ZNF880,mouse
73610,Zfp433,400713,ZNF880,mouse
22767,Zfy1,400720,ZNF772,mouse
22768,Zfy2,400720,ZNF772,mouse
230863,Sh2d5,400745,SH2D5,mouse
230822,Ncmap,400746,NCMAP,mouse
70941,4921539E11Rik,400757,C1orf141,mouse
665574,Gm7694,400793,C1orf226,mouse
380928,Lmo7,4008,LMO7,mouse
246082,Defb15,400830,DEFB132,mouse
360211,Defb34,400830,DEFB132,mouse
442835,Defb22,400830,DEFB132,mouse
228767,Tmem74bos,400831,C20orf202,mouse
74685,Lrrc74b,400891,LRRC74B,mouse
110648,Lmx1a,4009,LMX1A,mouse
103172,Chchd10,400916,CHCHD10,mouse
237711,Eml6,400954,EML6,mouse
232164,Paip2b,400961,PAIP2B,mouse
11859,Phox2a,401,PHOX2A,mouse
16917,Lmx1b,4010,LMX1B,mouse
241516,Fsip2,401024,FSIP2,mouse
102637189,Gm34066,401027,C2orf66,mouse
208372,Asb18,401036,ASB18,mouse
433023,Gm5485,401081,C3orf85,mouse
68725,1110032F04Rik,401097,C3orf80,mouse
381633,Gm1673,401115,C4orf48,mouse
100322896,Dthd1,401124,DTHD1,mouse
73779,Prr27,401137,PRR27,mouse
71421,Amtn,401138,AMTN,mouse
232035,Ccser1,401145,CCSER1,mouse
67704,1810037I17Rik,401152,C4orf3,mouse
52882,Rgs7bp,401190,RGS7BP,mouse
240028,Lnpep,4012,LNPEP,mouse
77422,C330018D20Rik,401207,C5orf63,mouse
380842,Stmnd1,401236,STMND1,mouse
78376,Sapcd1,401251,SAPCD1,mouse
442827,Rab44,401258,RAB44,mouse
114570,Crip3,401262,CRIP3,mouse
244923,Klhl31,401265,KLHL31,mouse
244810,AW551984,4013,VWA5A,mouse
67776,Vwa5a,4013,VWA5A,mouse
242838,Lrrd1,401387,LRRD1,mouse
66520,Smim30,401397,SMIM30,mouse
101359,Prrt4,401399,PRRT4,mouse
16939,Loricrin,4014,LORICRIN,mouse
19331,Rab19,401409,RAB19,mouse
18310,Olfr13,401427,OR2A7,mouse
69126,Rbis,401466,RBIS,mouse
320679,Samd12,401474,SAMD12,mouse
66775,Hacd4,401494,HACD4,mouse
320500,Tmem215,401498,TMEM215,mouse
16948,Lox,4015,LOX,mouse
68512,Tomm5,401505,TOMM5,mouse
66336,Cenpp,401541,CENPP,mouse
242484,D630039A03Rik,401546,C9orf152,mouse
209131,Snx30,401548,SNX30,mouse
76646,Wdr38,401551,WDR38,mouse
68222,Fam166a,401565,FAM166A,mouse
16949,Loxl1,4016,LOXL1,mouse
67062,Slc25a53,401612,SLC25A53,mouse
319764,A730046J19Rik,401613,SERTM2,mouse
71146,Golga7b,401647,GOLGA7B,mouse
258356,Olfr564,401661,OR51C1P,mouse
259117,Olfr560,401661,OR51C1P,mouse
258230,Olfr573-ps1,401663,OR51H1,mouse
259107,Olfr555,401663,OR51H1,mouse
258357,Olfr574,401665,OR51T1,mouse
94352,Loxl2,4017,LOXL2,mouse
668225,Fignl2,401720,FIGNL2,mouse
102638913,Gm6619,4018,LPA,mouse
328783,Mslnl,401827,MSLNL,mouse
100045778,Rnf223,401934,RNF223,mouse
435811,Ldlrad2,401944,LDLRAD2,mouse
56327,Arl2,402,ARL2,mouse
71425,Bpifb9a,402016,BPIFB9P,mouse
70118,Srrd,402055,SRRD,mouse
320460,Vwc2l,402117,VWC2L,mouse
259003,Olfr172,402135,OR5K2,mouse
259002,Olfr173,402135,OR5K2,mouse
100862066,Cfap99,402160,CFAP99,mouse
16956,Lpl,4023,LPL,mouse
18346,Olfr47,402317,OR2A42,mouse
258366,Olfr434,402317,OR2A42,mouse
258647,Olfr435,402317,OR2A42,mouse
227631,Sohlh1,402381,SOHLH1,mouse
331524,Xkrx,402415,XKRX,mouse
76113,Lpo,4025,LPO,mouse
381686,Kpna7,402569,KPNA7,mouse
210126,Lpp,4026,LPP,mouse
77998,Grifin,402635,GRIFIN,mouse
210094,Iglon5,402665,IGLON5,mouse
70240,Ufsp1,402682,UFSP1,mouse
320802,Ifitm10,402778,IFITM10,mouse
56350,Arl3,403,ARL3,mouse
258985,Olfr1256,403253,OR4A47,mouse
258035,Olfr191,403273,OR5H14,mouse
258478,Olfr183,403273,OR5H14,mouse
258392,Olfr190,403273,OR5H14,mouse
258319,Olfr187,403273,OR5H14,mouse
258318,Olfr186,403273,OR5H14,mouse
258775,Olfr196,403273,OR5H14,mouse
258035,Olfr191,403274,OR5H15,mouse
258478,Olfr183,403274,OR5H15,mouse
258319,Olfr187,403274,OR5H15,mouse
258392,Olfr190,403274,OR5H15,mouse
258318,Olfr186,403274,OR5H15,mouse
258775,Olfr196,403274,OR5H15,mouse
259000,Olfr195,403277,OR5K3,mouse
259004,Olfr175,403277,OR5K3,mouse
258998,Olfr176|Olfr177,403277,OR5K3,mouse
259001,Olfr181,403278,OR5K4,mouse
258999,Olfr178,403278,OR5K4,mouse
258178,Olfr180,403278,OR5K4,mouse
258930,Olfr808,403282,OR6C65,mouse
258281,Olfr780,403284,OR6C68,mouse
16970,Irag2,4033,IRAG2,mouse
74411,Plpp6,403313,PLPP6,mouse
71281,Apobec4,403314,APOBEC4,mouse
241311,Zbtb34,403341,ZBTB34,mouse
231798,Lrch4,4034,LRCH4,mouse
16971,Lrp1,4035,LRP1,mouse
14725,Lrp2,4036,LRP2,mouse
435965,Lrp3,4037,LRP3,mouse
228357,Lrp4,4038,LRP4,mouse
16974,Lrp6,4040,LRP6,mouse
330790,Hapln4,404037,HAPLN4,mouse
103841,2210416O15Rik|Cuedc1,404093,CUEDC1,mouse
16973,Lrp5,4041,LRP5,mouse
433180,Spink6,404203,SPINK6,mouse
330695,Ctxn1,404217,CTXN1,mouse
66761,4933417A18Rik,404220,C6orf201,mouse
100073351,Yy2,404281,YY2,mouse
16976,Lrpap1,4043,LRPAP1,mouse
268890,Lsamp,4045,LSAMP,mouse
68918,1190005I06Rik,404550,C16orf74,mouse
16985,Lsp1,4046,LSP1,mouse
67894,Dennd10,404636,DENND10,mouse
66467,Gtf2h5,404672,GTF2H5,mouse
16987,Lss,4047,LSS,mouse
108857,Ankhd1,404734,ANKHD1-EIF4EBP3,mouse
16993,Lta4h,4048,LTA4H,mouse
16992,Lta,4049,LTA,mouse
11863,Arnt,405,ARNT,mouse
16994,Ltb,4050,LTB,mouse
72054,Cyp4f18,4051,CYP4F3,mouse
268977,Ltbp1,4052,LTBP1,mouse
16997,Ltbp2,4053,LTBP2,mouse
16998,Ltbp3,4054,LTBP3,mouse
17000,Ltbr,4055,LTBR,mouse
17001,Ltc4s,4056,LTC4S,mouse
17002,Ltf,4057,LTF,mouse
66811,Duoxa2,405753,DUOXA2,mouse
118567354,Synb|Gm27179,405754,ERVFRD-1,mouse
214292,Syna,405754,ERVFRD-1,mouse
239167,Synb,405754,ERVFRD-1,mouse
17005,Ltk,4058,LTK,mouse
57278,Bcam,4059,BCAM,mouse
11865,Arntl,406,ARNTL,mouse
17022,Lum,4060,LUM,mouse
17069,Ly6e,4061,LY6E,mouse
23934,Ly6h,4062,LY6H,mouse
17085,Ly9,4063,LY9,mouse
17079,Cd180,4064,CD180,mouse
17076,Ly75,4065,LY75,mouse
17095,Lyl1,4066,LYL1,mouse
17096,Lyn,4067,LYN,mouse
20400,Sh2d1a,4068,SH2D1A,mouse
723965,Mirlet7a-2,406882,MIRLET7A2,mouse
723892,Mir100,406892,MIR100,mouse
723824,Mir103-1,406895,MIR103A1,mouse
17105,Lyz2,4069,LYZ,mouse
17110,Lyz1,4069,LYZ,mouse
77397,9530003J23Rik,4069,LYZ,mouse
723826,Mir107,406901,MIR107,mouse
387136,Mir1a-1,406904,MIR1-1,mouse
387147,Mir128-1,406915,MIR128-1,mouse
723815,Mir128-2,406916,MIR128-2,mouse
723953,Mir129-2,406918,MIR129-2,mouse
387149,Mir130a,406919,MIR130A,mouse
723955,Mir135a-2,406926,MIR135A2,mouse
387157,Mir139,406931,MIR139,mouse
387163,Mir145a,406937,MIR145,mouse
387170,Mir152,406943,MIR152,mouse
387177,Mir182,406958,MIR182,mouse
387179,Mir184,406960,MIR184,mouse
387180,Mir185,406961,MIR185,mouse
387182,Mir187,406963,MIR187,mouse
387189,Mir194-1,406969,MIR194-1,mouse
723958,Mir196a-2,406973,MIR196A2,mouse
387194,Mir199a-1,406976,MIR199A1,mouse
387243,Mir200b,406984,MIR200B,mouse
723944,Mir200c,406985,MIR200C,mouse
387200,Mir204,406987,MIR204,mouse
387204,Mir208a,406990,MIR208A,mouse
387206,Mir210,406992,MIR210,mouse
387207,Mir211,406993,MIR211,mouse
387208,Mir212,406994,MIR212,mouse
170735,Arr3,407,ARR3,mouse
56753,Tacstd2,4070,TACSTD2,mouse
723822,Mir218-1,407000,MIR218-1,mouse
723924,Mir218-2,407001,MIR218-2,mouse
723828,Mir222,407007,MIR222,mouse
387218,Mir26a-1,407015,MIR26A1,mouse
723830,Mir28a,407020,MIR28,mouse
723834,Mir301,407027,MIR301A,mouse
387225,Mir30a,407029,MIR30A,mouse
387227,Mir30c-1,407031,MIR30C1,mouse
723837,Mir32,407036,MIR32,mouse
723838,Mir320,407037,MIR320A,mouse
723902,Mir7-1,407044,MIR7-2,mouse
17112,Tm4sf1,4071,TM4SF1,mouse
17075,Epcam,4072,EPCAM,mouse
17113,M6pr,4074,M6PR,mouse
53872,Caprin1,4076,CAPRIN1,mouse
17966,Nbr1,4077,NBR1,mouse
320265,Tafa1,407738,TAFA1,mouse
21944,Tnfsf12,407977,TNFSF12-TNFSF13,mouse
109689,Arrb1,408,ARRB1,mouse
211548,Nomo1,408050,NOMO3,mouse
17116,Mab21l1,4081,MAB21L1,mouse
433178,Spink14,408187,SPINK14,mouse
17118,Marcks,4082,MARCKS,mouse
320116,Fndc9,408263,FNDC9,mouse
17119,Mxd1,4084,MXD1,mouse
56150,Mad2l1,4085,MAD2L1,mouse
17125,Smad1,4086,SMAD1,mouse
17126,Smad2,4087,SMAD2,mouse
17127,Smad3,4088,SMAD3,mouse
17128,Smad4,4089,SMAD4,mouse
216869,Arrb2,409,ARRB2,mouse
17129,Smad5,4090,SMAD5,mouse
17130,Smad6,4091,SMAD6,mouse
17131,Smad7,4092,SMAD7,mouse
55994,Smad9,4093,SMAD9,mouse
17132,Maf,4094,MAF,mouse
17134,Mafg,4097,MAFG,mouse
17136,Mag,4099,MAG,mouse
11419,Asic1,41,ASIC1,mouse
11883,Arsa,410,ARSA,mouse
74279,Magea14,4100,MAGEA1,mouse
70696,Magea9,4100,MAGEA1,mouse
17141,Magea5,4101,MAGEA2,mouse
17140,Magea4,4101,MAGEA2,mouse
70696,Magea9,4101,MAGEA2,mouse
75352,Magea13,4101,MAGEA2,mouse
17141,Magea5,4103,MAGEA4,mouse
17142,Magea6,4103,MAGEA4,mouse
17140,Magea4,4103,MAGEA4,mouse
75352,Magea13,4103,MAGEA4,mouse
70696,Magea9,4103,MAGEA4,mouse
17140,Magea4,4105,MAGEA6,mouse
17142,Magea6,4105,MAGEA6,mouse
17141,Magea5,4105,MAGEA6,mouse
70696,Magea9,4105,MAGEA6,mouse
74279,Magea14,4105,MAGEA6,mouse
17142,Magea6,4107,MAGEA8,mouse
17140,Magea4,4107,MAGEA8,mouse
17141,Magea5,4107,MAGEA8,mouse
75352,Magea13,4107,MAGEA8,mouse
70696,Magea9,4107,MAGEA8,mouse
17142,Magea6,4109,MAGEA10,mouse
17141,Magea5,4109,MAGEA10,mouse
17144,Magea8,4109,MAGEA10,mouse
17139,Magea3,4109,MAGEA10,mouse
17137,Magea1,4109,MAGEA10,mouse
17140,Magea4,4109,MAGEA10,mouse
236852,Magea10,4109,MAGEA10,mouse
74279,Magea14,4109,MAGEA10,mouse
70696,Magea9,4109,MAGEA10,mouse
11881,Arsb,411,ARSB,mouse
17142,Magea6,4110,MAGEA11,mouse
236852,Magea10,4110,MAGEA11,mouse
75352,Magea13,4110,MAGEA11,mouse
70696,Magea9,4110,MAGEA11,mouse
17140,Magea4,4111,MAGEA12,mouse
17141,Magea5,4111,MAGEA12,mouse
70696,Magea9,4111,MAGEA12,mouse
75352,Magea13,4111,MAGEA12,mouse
434903,Mageb4,4112,MAGEB1,mouse
434903,Mageb4,4113,MAGEB2,mouse
434903,Mageb4,4115,MAGEB4,mouse
17149,Magoh,4116,MAGOH,mouse
17152,Mak,4117,MAK,mouse
17153,Mal,4118,MAL,mouse
20905,Sts,412,STS,mouse
17155,Man1a,4121,MAN1A1,mouse
140481,Man2a2,4122,MAN2A2,mouse
73744,Man2c1,4123,MAN2C1,mouse
17158,Man2a1,4124,MAN2A1,mouse
17159,Man2b1,4125,MAN2B1,mouse
110173,Manba,4126,MANBA,mouse
17161,Maoa,4128,MAOA,mouse
109731,Maob,4129,MAOB,mouse
17754,Map1a,4130,MAP1A,mouse
17755,Map1b,4131,MAP1B,mouse
17756,Map2,4133,MAP2,mouse
17758,Map4,4134,MAP4,mouse
17760,Map6,4135,MAP6,mouse
17762,Mapt,4137,MAPT,mouse
226778,Mark1,4139,MARK1,mouse
17169,Mark3,4140,MARK3,mouse
15504,Dnajb3,414061,DNAJB3,mouse
20302,Ccl3,414062,CCL3L1|CCL3L3,mouse
216443,Mars1,4141,MARS1,mouse
78245,Acbd7,414149,ACBD7,mouse
100302688,Gm17455,414152,C10orf105,mouse
66765,4933411K16Rik,414157,C10orf62,mouse
227210,Ccnyl1,414194,CCNYL2,mouse
17171,Mas1,4142,MAS1,mouse
11720,Mat1a,4143,MAT1A,mouse
71829,Ddi1,414301,DDI1,mouse
244332,Defb14,414325,DEFB103B|DEFB103A,mouse
75731,Idnk,414328,IDNK,mouse
332578,Lcn10,414332,LCN10,mouse
232087,Mat2a,4144,MAT2A,mouse
17179,Matk,4145,MATK,mouse
17180,Matn1,4146,MATN1,mouse
17181,Matn2,4147,MATN2,mouse
17182,Matn3,4148,MATN3,mouse
17187,Max,4149,MAX,mouse
69440,Dennd6b,414918,DENND6B,mouse
223665,C030006K11Rik,414919,C8orf82,mouse
17188,Maz,4150,MAZ,mouse
17189,Mb,4151,MB,mouse
223775,Pim3,415116,PIM3,mouse
68159,Stx19,415117,STX19,mouse
17190,Mbd1,4152,MBD1,mouse
17195,Mbl2,4153,MBL2,mouse
56758,Mbnl1,4154,MBNL1,mouse
17196,Mbp,4155,MBP,mouse
17199,Mc1r,4157,MC1R,mouse
17200,Mc2r,4158,MC2R,mouse
17201,Mc3r,4159,MC3R,mouse
17202,Mc4r,4160,MC4R,mouse
17203,Mc5r,4161,MC5R,mouse
84004,Mcam,4162,MCAM,mouse
328949,Mcc,4163,MCC,mouse
56773,Chst5,4166,CHST6,mouse
109904,Mcf2,4168,MCF2,mouse
11870,Art1,417,ART1,mouse
17210,Mcl1,4170,MCL1|ADAMTSL4-AS1,mouse
17216,Mcm2,4171,MCM2,mouse
17215,Mcm3,4172,MCM3,mouse
17217,Mcm4,4173,MCM4,mouse
17218,Mcm5,4174,MCM5,mouse
17219,Mcm6,4175,MCM6,mouse
17220,Mcm7,4176,MCM7,mouse
17221,Cd46,4179,CD46,mouse
17235,Smcp,4184,SMCP,mouse
11488,Adam11,4185,ADAM11,mouse
17240,Mdfi,4188,MDFI,mouse
27362,Dnajb9,4189,DNAJB9,mouse
109979,Art3,419,ART3,mouse
17449,Mdh1,4190,MDH1,mouse
17448,Mdh2,4191,MDH2,mouse
17242,Mdk,4192,MDK,mouse
17246,Mdm2,4193,MDM2,mouse
17248,Mdm4,4194,MDM4,mouse
17436,Me1,4199,ME1,mouse
109978,Art4,420,ART4,mouse
107029,Me2,4200,ME2,mouse
17256,Mea1,4201,MEA1,mouse
17257,Mecp2,4204,MECP2,mouse
17258,Mef2a,4205,MEF2A,mouse
17259,Mef2b|Mef2bl,4207,BORCS8-MEF2B|MEF2B,mouse
17260,Mef2c,4208,MEF2C,mouse
17261,Mef2d,4209,MEF2D,mouse
11877,Arvcf,421,ARVCF,mouse
54483,Mefv,4210,MEFV,mouse
17268,Meis1,4211,MEIS1,mouse
17536,Meis2,4212,MEIS2,mouse
26401,Map3k1,4214,MAP3K1,mouse
26406,Map3k3,4215,MAP3K3,mouse
26407,Map3k4,4216,MAP3K4,mouse
26408,Map3k5,4217,MAP3K5,mouse
17274,Rab8a,4218,RAB8A,mouse
17283,Men1,4221,MEN1,mouse
17285,Meox1,4222,MEOX1,mouse
17286,Meox2,4223,MEOX2,mouse
17287,Mep1a,4224,MEP1A,mouse
17288,Mep1b,4225,MEP1B,mouse
17294,Mest,4232,MEST,mouse
17295,Met,4233,MET,mouse
17299,Mettl1,4234,METTL1,mouse
100034361,Mfap1b,4236,MFAP1,mouse
67532,Mfap1a,4236,MFAP1,mouse
17150,Mfap2,4237,MFAP2,mouse
216760,Mfap3,4238,MFAP3,mouse
76293,Mfap4,4239,MFAP4,mouse
17304,Mfge8,4240,MFGE8,mouse
30060,Meltf,4241,MELTF,mouse
17305,Mfng,4242,MFNG,mouse
17308,Mgat1,4245,MGAT1,mouse
102639117,Scgb2a2,4246,SCGB2A1,mouse
217664,Mgat2,4247,MGAT2,mouse
17309,Mgat3,4248,MGAT3,mouse
107895,Mgat5,4249,MGAT5,mouse
102639117,Scgb2a2,4250,SCGB2A2,mouse
338320,Mia2,4253,MIA2,mouse
17311,Kitl,4254,KITLG,mouse
17314,Mgmt,4255,MGMT,mouse
17313,Mgp,4256,MGP,mouse
56615,Mgst1,4257,MGST1,mouse
211666,Mgst2,4258,MGST2,mouse
66447,Mgst3,4259,MGST3,mouse
12265,Ciita,4261,CIITA,mouse
11886,Asah1,427,ASAH1,mouse
243864,Mill2,4277,MICB,mouse
266815,Mill1,4277,MICB,mouse
17318,Mid1,4281,MID1,mouse
17319,Mif,4282,MIF,mouse
17329,Cxcl9,4283,CXCL9,mouse
17339,Mip,4284,MIP,mouse
70478,Mipep,4285,MIPEP,mouse
17342,Mitf,4286,MITF,mouse
110616,Atxn3,4287,ATXN3,mouse
17345,Mki67,4288,MKI67,mouse
27418,Mkln1,4289,MKLN1,mouse
17172,Ascl1,429,ASCL1,mouse
17349,Mlf1,4291,MLF1,mouse
17350,Mlh1,4292,MLH1,mouse
338372,Map3k9,4293,MAP3K9,mouse
269881,Map3k10,4294,MAP3K10,mouse
26403,Map3k11,4296,MAP3K11,mouse
214162,Kmt2a,4297,KMT2A,mouse
64144,Mllt1,4298,MLLT1,mouse
17355,Aff1,4299,AFF1,mouse
11423,Ache,43,ACHE,mouse
17173,Ascl2,430,ASCL2,mouse
70122,Mllt3,4300,MLLT3,mouse
17356,Afdn,4301,AFDN,mouse
246198,Mllt6,4302,MLLT6,mouse
54601,Foxo4,4303,FOXO4,mouse
110784,Nr3c2,4306,NR3C2,mouse
17364,Trpm1,4308,TRPM1,mouse
17380,Mme,4311,MME,mouse
83995,Mmp1a,4312,MMP1,mouse
17390,Mmp2,4313,MMP2,mouse
17392,Mmp3,4314,MMP3,mouse
17393,Mmp7,4316,MMP7,mouse
17394,Mmp8,4317,MMP8,mouse
624910,Rgs21,431704,RGS21,mouse
215095,Astl,431705,ASTL,mouse
16875,Lhx8,431707,LHX8,mouse
17395,Mmp9,4318,MMP9,mouse
17384,Mmp10,4319,MMP10,mouse
11889,Asgr1,432,ASGR1,mouse
17385,Mmp11,4320,MMP11,mouse
17381,Mmp12,4321,MMP12,mouse
17386,Mmp13,4322,MMP13,mouse
17387,Mmp14,4323,MMP14,mouse
17388,Mmp15,4324,MMP15,mouse
17389,Mmp16,4325,MMP16,mouse
23948,Mmp17,4326,MMP17,mouse
58223,Mmp19,4327,MMP19,mouse
104776,Aldh6a1,4329,ALDH6A1,mouse
11890,Asgr2,433,ASGR2,mouse
433938,Mn1,4330,MN1,mouse
17420,Mnat1,4331,MNAT1,mouse
15951,Ifi204,4332,MNDA,mouse
100040462,Mndal,4332,MNDA,mouse
226695,Ifi205,4332,MNDA,mouse
381308,Ifi211,4332,MNDA,mouse
17428,Mnt,4335,MNT,mouse
17433,Mobp,4336,MOBP,mouse
56738,Mocs1,4337,MOCS1,mouse
17434,Mocs2,4338,MOCS2,mouse
50518,a,434,ASIP,mouse
17441,Mog,4340,MOG,mouse
17451,Mos,4342,MOS,mouse
17454,Mov10,4343,MOV10,mouse
17470,Cd200,4345,CD200,mouse
109900,Asl,435,ASL,mouse
268395,Mpg,4350,MPG,mouse
110119,Mpi,4351,MPI,mouse
17480,Mpl,4352,MPL,mouse
17523,Mpo,4353,MPO,mouse
17524,Mpp1,4354,MPP1,mouse
50997,Mpp2,4355,MPP2,mouse
13384,Mpp3,4356,MPP3,mouse
246221,Mpst,4357,MPST,mouse
17527,Mpv17,4358,MPV17,mouse
17528,Mpz,4359,MPZ,mouse
17533,Mrc1,4360,MRC1,mouse
17535,Mre11a,4361,MRE11,mouse
17250,Abcc1,4363,ABCC1,mouse
107626,Asmt,438,ASMT,mouse
317653,Klk14,43847,KLK14,mouse
69511,Klk12,43849,KLK12,mouse
56495,Get3,439,GET3,mouse
101055862,Gm29735,439915,KRTAP5-5,mouse
114666,Krtap5-5,439915,KRTAP5-5,mouse
50775,Krtap5-4,439915,KRTAP5-5,mouse
50774,Krtap5-1,439915,KRTAP5-5,mouse
67622,Mxra7,439921,MXRA7,mouse
15957,Ifit1,439996,IFIT1B,mouse
112419,Ifit1bl2,439996,IFIT1B,mouse
667373,Ifit1bl1,439996,IFIT1B,mouse
27053,Asns,440,ASNS,mouse
233724,Tmem41b,440026,TMEM41B,mouse
381203,Slc22a20,440044,SLC22A20P,mouse
114666,Krtap5-5,440050,KRTAP5-7,mouse
101055862,Gm29735,440050,KRTAP5-7,mouse
105244938,Gm40460,440050,KRTAP5-7,mouse
105243090,Gm7579,440050,KRTAP5-7,mouse
105243089,Gm39115,440050,KRTAP5-7,mouse
108167466,Gm45618,440050,KRTAP5-7,mouse
50775,Krtap5-4,440050,KRTAP5-7,mouse
71623,Krtap5-2,440050,KRTAP5-7,mouse
100043627,Gm4559,440051,KRTAP5-11,mouse
243621,Iqsec3,440073,IQSEC3,mouse
330463,Zfp78,440077,ZNF705A,mouse
654818,Smco3,440087,SMCO3,mouse
15081,H3f3b,440093,H3-5,mouse
15078,H3f3a,440093,H3-5,mouse
223843,Dbx2,440097,DBX2,mouse
73827,Tmem198b,440104,TMEM198B,mouse
319616,Fzd10os,440119,FZD10-AS1,mouse
207958,Alg11,440138,ALG11,mouse
76789,Mzt1,440145,MZT1,mouse
497071,Rnase13,440163,RNASE13,mouse
626215,Gm6657,440184,CCDC196,mouse
68339,Ccdc88c,440193,CCDC88C,mouse
99412,Golga2,440270,GOLGA8B,mouse
27103,Eif2ak4,440275,EIF2AK4,mouse
208898,Unc13c,440279,UNC13C,mouse
269954,Ttll13,440307,TTLL13,mouse
432995,Smim22,440335,SMIM22,mouse
381922,Cdiptos,440356,CDIPTOSP,mouse
66473,Ctrb1,440387,CTRB2,mouse
52898,Rnasek,440400,RNASEK,mouse
217143,Gpr179,440435,GPR179,mouse
66255,Hsbp1l1,440498,HSBP1L1,mouse
66968,Plin5,440503,PLIN5,mouse
105244402,Gm14444,440515,ZNF506,mouse
234358,Zfp930,440515,ZNF506,mouse
195531,Zfp982,440515,ZNF506,mouse
72139,2610044O15Rik8,440515,ZNF506,mouse
218314,Zfp595,440519,ZNF724,mouse
629016,Zfp953,440519,ZNF724,mouse
431706,Zfp457,440519,ZNF724,mouse
408068,Zfp738,440519,ZNF724,mouse
26367,Ceacam2,440533,PSG8,mouse
100042178,Prdm16os,440556,PRDM16-DT,mouse
100039010,LOC100039010,440561,PRAMEF6,mouse
100041253,Gm16513,440561,PRAMEF6,mouse
100041032,Pramel38,440561,PRAMEF6,mouse
100039087,Gm2042,440561,PRAMEF6,mouse
100041296,Pramel47,440561,PRAMEF6,mouse
100041179,Gm3183,440561,PRAMEF6,mouse
100041077,Pramel61,440561,PRAMEF6,mouse
108168683,LOC108168683,440561,PRAMEF6,mouse
100041102,Pramel42,440561,PRAMEF6,mouse
100012,Oog3,440561,PRAMEF6,mouse
100039315,Pramel51,440561,PRAMEF6,mouse
100040861,Gm13057,440561,PRAMEF6,mouse
100041806,LOC100041806,440561,PRAMEF6,mouse
242737,Oog4,440561,PRAMEF6,mouse
194225,Pramel27,440561,PRAMEF6,mouse
194227,Pramel25,440561,PRAMEF6,mouse
193322,Oog1,440561,PRAMEF6,mouse
242736,Pramel12,440561,PRAMEF6,mouse
381569,Pramel26,440561,PRAMEF6,mouse
381590,Pramel32,440561,PRAMEF6,mouse
433779,Pramel31,440561,PRAMEF6,mouse
626922,Pramel28,440561,PRAMEF6,mouse
627009,Pramel15,440561,PRAMEF6,mouse
277668,Pramel22,440561,PRAMEF6,mouse
320549,Pramel48,440561,PRAMEF6,mouse
277666,Pramel24,440561,PRAMEF6,mouse
626943,Pramel14,440561,PRAMEF6,mouse
384077,Pramel5,440561,PRAMEF6,mouse
347712,Pramel7,440561,PRAMEF6,mouse
545693,Gm13043,440561,PRAMEF6,mouse
381535,Pramel18,440561,PRAMEF6,mouse
347711,Pramel6,440561,PRAMEF6,mouse
381654,Pramel34,440561,PRAMEF6,mouse
381570,Oog2,440561,PRAMEF6,mouse
277667,Pramel23,440561,PRAMEF6,mouse
329986,Pramel20,440561,PRAMEF6,mouse
381536,Gm12789,440561,PRAMEF6,mouse
347710,Pramel4,440561,PRAMEF6,mouse
626995,Pramel30,440561,PRAMEF6,mouse
545662,Pramel17,440561,PRAMEF6,mouse
332923,Pramel19,440561,PRAMEF6,mouse
666203,Pramel50,440561,PRAMEF6,mouse
97187,Pramel29,440561,PRAMEF6,mouse
77632,Pramel13,440561,PRAMEF6,mouse
665802,Pramel35,440561,PRAMEF6,mouse
83491,Pramel1,440561,PRAMEF6,mouse
66576,Uqcrh,440567,UQCRHL,mouse
433771,Micos10,440574,MICOS10,mouse
75429,Fam183b,440585,FAM183A,mouse
230590,Zyg11a,440590,ZYG11A,mouse
229672,Bcl2l15,440603,BCL2L15,mouse
71207,Nudt4,440672,NUDT4B,mouse
15077,H3c14,440686,H3-7,mouse
319154,H3c13,440686,H3-7,mouse
319148,H3c3,440686,H3-7,mouse
319189,H2bc18,440689,H2BC18,mouse
546801,Etv3l,440695,ETV3L,mouse
240899,Lrrc52,440699,LRRC52,mouse
330863,Trim67,440730,TRIM67,mouse
239731,Rimbp3,440804,RIMBP3B,mouse
330166,Miat,440823,MIAT,mouse
435145,Shisa8,440829,SHISA8,mouse
70113,Cimap1b,440836,ODF3B,mouse
14910,Gt(ROSA)26Sor,440944,THUMPD3-AS1,mouse
69384,Tmem89,440955,TMEM89,mouse
100041096,Iqcf6,440956,IQCF6,mouse
66487,Uqcc5,440957,SMIM4,mouse
665563,Mthfd2l,441024,MTHFD2L,mouse
231503,Tmem150c,441027,TMEM150C,mouse
69479,Cfap96,441054,C4orf47,mouse
211147,Marchf11,441061,MARCHF11,mouse
67101,2310039H08Rik,441150,C6orf226,mouse
210573,Tmem151b,441151,TMEM151B,mouse
70579,Zc3h11a,441155,ZC3H11C,mouse
67968,Ooep,441161,OOEP,mouse
215900,Calhm6,441168,CALHM6,mouse
102640477,Gm14412,441234,ZNF716,mouse
102635315,Gm32687,441234,ZNF716,mouse
233987,Zfp958,441234,ZNF716,mouse
76803,Zfp998,441234,ZNF716,mouse
668620,Zfp936,441234,ZNF716,mouse
100929,Tyw1,441250,TYW1B,mouse
330228,Spdye4b,441251,SPDYE7P,mouse
330228,Spdye4b,441272,SPDYE3,mouse
74673,Spdye4a,441272,SPDYE3,mouse
330228,Spdye4b,441273,SPDYE2,mouse
74673,Spdye4a,441273,SPDYE2,mouse
11997,Akr1b7,441282,AKR1B15,mouse
14187,Akr1b8,441282,AKR1B15,mouse
67861,Akr1b10,441282,AKR1B15,mouse
338320,Mia2,441294,CTAGE15,mouse
258397,Or4f7,441308,OR4F21,mouse
239435,Aard,441376,AARD,mouse
378937,Lrrc24,441381,LRRC24,mouse
78124,Spata31,441452,SPATA31C1|SPATA31C2,mouse
328250,Nutm2,441457,NUTM2G,mouse
74472,Stpg3,441476,STPG3,mouse
67122,Nrarp,441478,NRARP,mouse
553127,Rtl8b,441518,RTL8B,mouse
66158,Rtl8a,441518,RTL8B,mouse
72865,Rtl8c,441518,RTL8B,mouse
270599,Gm648,441519,CT45A3|CT45A1,mouse
270599,Gm648,441521,CT45A5,mouse
18648,Pgam1,441531,PGAM4,mouse
227526,Cdnf,441549,CDNF,mouse
258690,Or5b3,441608,OR5B3,mouse
258568,Olfr1457,441608,OR5B3,mouse
258692,Olfr1442,441608,OR5B3,mouse
258693,Olfr1443,441608,OR5B3,mouse
258695,Olfr1453,441608,OR5B3,mouse
258698,Olfr1447,441608,OR5B3,mouse
258699,Olfr1446,441608,OR5B3,mouse
258121,Olfr1465,441608,OR5B3,mouse
258689,Olfr1466,441608,OR5B3,mouse
258120,Olfr1463,441608,OR5B3,mouse
258688,Olfr1462,441608,OR5B3,mouse
258299,Olfr1461,441608,OR5B3,mouse
258684,Olfr1459,441608,OR5B3,mouse
258687,Olfr1454,441608,OR5B3,mouse
258686,Olfr1467,441608,OR5B3,mouse
667271,Olfr1458,441608,OR5B3,mouse
68498,Tspan11,441631,TSPAN11,mouse
258672,Olfr825,441639,OR9K2,mouse
258671,Olfr826,441639,OR9K2,mouse
258658,Olfr734,441670,OR4M1,mouse
242805,Ankrd65,441869,ANKRD65,mouse
108168683,LOC108168683,441873,PRAMEF25|PRAMEF26,mouse
100041179,Gm3183,441873,PRAMEF25|PRAMEF26,mouse
100040861,Gm13057,441873,PRAMEF25|PRAMEF26,mouse
100041806,LOC100041806,441873,PRAMEF25|PRAMEF26,mouse
100012,Oog3,441873,PRAMEF25|PRAMEF26,mouse
100041102,Pramel42,441873,PRAMEF25|PRAMEF26,mouse
100039087,Gm2042,441873,PRAMEF25|PRAMEF26,mouse
100041296,Pramel47,441873,PRAMEF25|PRAMEF26,mouse
100041253,Gm16513,441873,PRAMEF25|PRAMEF26,mouse
100039315,Pramel51,441873,PRAMEF25|PRAMEF26,mouse
100041032,Pramel38,441873,PRAMEF25|PRAMEF26,mouse
100041077,Pramel61,441873,PRAMEF25|PRAMEF26,mouse
100039010,LOC100039010,441873,PRAMEF25|PRAMEF26,mouse
194225,Pramel27,441873,PRAMEF25|PRAMEF26,mouse
242736,Pramel12,441873,PRAMEF25|PRAMEF26,mouse
242737,Oog4,441873,PRAMEF25|PRAMEF26,mouse
193322,Oog1,441873,PRAMEF25|PRAMEF26,mouse
194227,Pramel25,441873,PRAMEF25|PRAMEF26,mouse
329986,Pramel20,441873,PRAMEF25|PRAMEF26,mouse
384077,Pramel5,441873,PRAMEF25|PRAMEF26,mouse
320549,Pramel48,441873,PRAMEF25|PRAMEF26,mouse
626922,Pramel28,441873,PRAMEF25|PRAMEF26,mouse
277667,Pramel23,441873,PRAMEF25|PRAMEF26,mouse
347711,Pramel6,441873,PRAMEF25|PRAMEF26,mouse
277668,Pramel22,441873,PRAMEF25|PRAMEF26,mouse
332923,Pramel19,441873,PRAMEF25|PRAMEF26,mouse
347712,Pramel7,441873,PRAMEF25|PRAMEF26,mouse
545662,Pramel17,441873,PRAMEF25|PRAMEF26,mouse
381654,Pramel34,441873,PRAMEF25|PRAMEF26,mouse
627009,Pramel15,441873,PRAMEF25|PRAMEF26,mouse
381590,Pramel32,441873,PRAMEF25|PRAMEF26,mouse
381570,Oog2,441873,PRAMEF25|PRAMEF26,mouse
347710,Pramel4,441873,PRAMEF25|PRAMEF26,mouse
433779,Pramel31,441873,PRAMEF25|PRAMEF26,mouse
545693,Gm13043,441873,PRAMEF25|PRAMEF26,mouse
626995,Pramel30,441873,PRAMEF25|PRAMEF26,mouse
626943,Pramel14,441873,PRAMEF25|PRAMEF26,mouse
381536,Gm12789,441873,PRAMEF25|PRAMEF26,mouse
381569,Pramel26,441873,PRAMEF25|PRAMEF26,mouse
277666,Pramel24,441873,PRAMEF25|PRAMEF26,mouse
381535,Pramel18,441873,PRAMEF25|PRAMEF26,mouse
77632,Pramel13,441873,PRAMEF25|PRAMEF26,mouse
97187,Pramel29,441873,PRAMEF25|PRAMEF26,mouse
665802,Pramel35,441873,PRAMEF25|PRAMEF26,mouse
666203,Pramel50,441873,PRAMEF25|PRAMEF26,mouse
83491,Pramel1,441873,PRAMEF25|PRAMEF26,mouse
258880,Olfr218,441911,OR10J3,mouse
258881,Olfr1404,441911,OR10J3,mouse
226720,Becn2,441925,BECN2,mouse
258196,Olfr309,441933,OR13G1,mouse
68949,Zfas1,441951,ZFAS1,mouse
20888,Sult1c1,442038,SULT1C3,mouse
270049,Galntl6,442117,GALNTL6,mouse
258280,Olfr1366,442179,OR1F12P,mouse
258481,Olfr137,442185,OR2J1,mouse
258481,Olfr137,442186,OR2J3,mouse
258287,Olfr125,442191,OR14J1,mouse
258219,Olfr94,442197,OR2I1P,mouse
627626,Ptchd4,442213,PTCHD4,mouse
215919,Rfpl4b,442247,RFPL4B,mouse
218314,Zfp595,442319,ZNF727,mouse
629016,Zfp953,442319,ZNF727,mouse
408068,Zfp738,442319,ZNF727,mouse
431706,Zfp457,442319,ZNF727,mouse
258293,Olfr437,442361,OR2A2,mouse
242286,Sdr16c6,442388,SDR16C6P,mouse
14240,Foxb2,442425,FOXB2,mouse
70864,Fam47c,442444,FAM47C,mouse
330228,Spdye4b,442572,SPDYE21,mouse
74673,Spdye4a,442572,SPDYE21,mouse
330228,Spdye4b,442590,SPDYE5,mouse
74673,Spdye4a,442590,SPDYE5,mouse
93677,Lmod2,442721,LMOD2,mouse
723840,Mir326,442900,MIR326,mouse
723841,Mir328,442901,MIR328,mouse
723898,Mir339,442907,MIR339,mouse
723845,Mir340,442908,MIR340,mouse
723909,Mir342,442909,MIR342,mouse
723847,Mir346,442911,MIR346,mouse
11484,Aspa,443,ASPA,mouse
17912,Myo1b,4430,MYO1B,mouse
12705,Cited1,4435,CITED1,mouse
17685,Msh2,4436,MSH2,mouse
17686,Msh3,4437,MSH3,mouse
55993,Msh4,4438,MSH4,mouse
17687,Msh5,4439,MSH5,mouse
65973,Asph,444,ASPH,mouse
17690,Msi1,4440,MSI1,mouse
232925,Igfl3,444882,IGFL4,mouse
11898,Ass1,445,ASS1,mouse
20887,Sult1a1,445329,SULT1A4,mouse
57429,Sult5a1,445329,SULT1A4,mouse
226043,Cbwd1,445571,CBWD3,mouse
677884,Pakap,445815,PALM2AKAP2,mouse
17695,Msmb,4477,MSMB,mouse
17698,Msn,4478,MSN,mouse
20288,Msr1,4481,MSR1,mouse
110265,Msra,4482,MSRA,mouse
15235,Mst1,4485,MST1,mouse
19882,Mst1r,4486,MST1R,mouse
17701,Msx1,4487,MSX1,mouse
17702,Msx2,4488,MSX2,mouse
433619,Kprp,448834,KPRP,mouse
78382,Lce6a,448835,LCE6A,mouse
17748,Mt1,4489,MT1A,mouse
17748,Mt1,4493,MT1E,mouse
17748,Mt1,4494,MT1F,mouse
17748,Mt1,4495,MT1G,mouse
70772,Ggnbp1,449520,GGNBP1,mouse
17748,Mt1,4496,MT1H,mouse
17748,Mt1,4499,MT1M,mouse
17748,Mt1,4500,MT1L,mouse
17748,Mt1,4501,MT1X,mouse
17750,Mt2,4501,MT1X,mouse
17750,Mt2,4502,MT2A,mouse
17751,Mt3,4504,MT3,mouse
66902,Mtap,4507,MTAP,mouse
17705,ATP6,4508,ATP6,mouse
17706,ATP8,4509,ATP8,mouse
17708,COX1,4512,COX1,mouse
17709,COX2,4513,COX2,mouse
17710,COX3,4514,COX3,mouse
17763,Mtcp1,4515,MTCP1,mouse
17711,CYTB,4519,CYTB,mouse
17764,Mtf1,4520,MTF1,mouse
17766,Nudt1,4521,NUDT1,mouse
108156,Mthfd1,4522,MTHFD1,mouse
17769,Mthfr,4524,MTHFR,mouse
76784,Mtif2,4528,MTIF2,mouse
17772,Mtm1,4534,MTM1,mouse
17716,ND1,4535,ND1,mouse
17717,ND2,4536,ND2,mouse
17718,ND3,4537,ND3,mouse
17719,ND4,4538,ND4,mouse
17720,ND4L,4539,ND4L,mouse
17721,ND5,4540,ND5,mouse
17722,ND6,4541,ND6,mouse
17916,Myo1f,4542,MYO1F,mouse
17773,Mtnr1a,4543,MTNR1A,mouse
244701,Mtnr1b,4544,MTNR1B,mouse
17777,Mttp,4547,MTTP,mouse
238505,Mtr,4548,MTR,mouse
210009,Mtrr,4552,MTRR,mouse
17827,Mtx1,4580,MTX1,mouse
17829,Muc1,4582,MUC1,mouse
619309,Muc3a,4584,MUC3A,mouse
140474,Muc4,4585,MUC4,mouse
17833,Muc5ac,4586,MUC5AC,mouse
353328,Muc6,4588,MUC6,mouse
68729,Trim37,4591,TRIM37,mouse
18198,Musk,4593,MUSK,mouse
17850,Mmut,4594,MMUT,mouse
70603,Mutyh,4595,MUTYH,mouse
192156,Mvd,4597,MVD,mouse
17855,Mvk,4598,MVK,mouse
17858,Mx2,4599,MX1,mouse
17857,Mx1,4599,MX1,mouse
11899,Astn1,460,ASTN1,mouse
17858,Mx2,4600,MX2,mouse
17857,Mx1,4600,MX2,mouse
17859,Mxi1,4601,MXI1,mouse
17863,Myb,4602,MYB,mouse
17864,Mybl1,4603,MYBL1,mouse
109272,Mybpc1,4604,MYBPC1,mouse
17865,Mybl2,4605,MYBL2,mouse
233199,Mybpc2,4606,MYBPC2,mouse
17868,Mybpc3,4607,MYBPC3,mouse
53311,Mybph,4608,MYBPH,mouse
107771,Bmyc,4609,MYC,mouse
17869,Myc,4609,MYC,mouse
16918,Mycl,4610,MYCL,mouse
17870,Mycs,4613,MYCN,mouse
18109,Mycn,4613,MYCN,mouse
17874,Myd88,4615,MYD88,mouse
17873,Gadd45b,4616,GADD45B,mouse
17877,Myf5,4617,MYF5,mouse
17878,Myf6,4618,MYF6,mouse
17879,Myh1,4619,MYH1,mouse
11905,Serpinc1,462,SERPINC1,mouse
17882,Myh2,4620,MYH2,mouse
17883,Myh3,4621,MYH3,mouse
17884,Myh4,4622,MYH4,mouse
17888,Myh6,4624,MYH6,mouse
140781,Myh7,4625,MYH7,mouse
17885,Myh8,4626,MYH8,mouse
17886,Myh9,4627,MYH9,mouse
77579,Myh10,4628,MYH10,mouse
17880,Myh11,4629,MYH11,mouse
11906,Zfhx3,463,ZFHX3,mouse
17901,Myl1,4632,MYL1,mouse
17906,Myl2,4633,MYL2,mouse
17897,Myl3,4634,MYL3,mouse
17896,Myl4,4635,MYL4,mouse
17904,Myl6,4637,MYL6,mouse
107589,Mylk,4638,MYLK,mouse
432516,Myo1a,4640,MYO1A,mouse
17913,Myo1c,4641,MYO1C,mouse
338367,Myo1d,4642,MYO1D,mouse
71602,Myo1e,4643,MYO1E,mouse
17918,Myo5a,4644,MYO5A,mouse
17919,Myo5b,4645,MYO5B,mouse
17920,Myo6,4646,MYO6,mouse
17921,Myo7a,4647,MYO7A,mouse
17922,Myo7b,4648,MYO7B,mouse
270163,Myo9a,4649,MYO9A,mouse
17925,Myo9b,4650,MYO9B,mouse
17909,Myo10,4651,MYO10,mouse
17926,Myoc,4653,MYOC,mouse
17927,Myod1,4654,MYOD1,mouse
17928,Myog,4656,MYOG,mouse
17931,Ppp1r12a,4659,PPP1R12A,mouse
11908,Atf1,466,ATF1,mouse
329251,Ppp1r12b,4660,PPP1R12B,mouse
17932,Myt1,4661,MYT1,mouse
17936,Nab1,4664,NAB1,mouse
17937,Nab2,4665,NAB2,mouse
17938,Naca,4666,NACA,mouse
17939,Naga,4668,NAGA,mouse
27419,Naglu,4669,NAGLU,mouse
11910,Atf3,467,ATF3,mouse
76936,Hnrnpm,4670,HNRNPM,mouse
17948,Naip2,4671,NAIP,mouse
17940,Naip1,4671,NAIP,mouse
17951,Naip5,4671,NAIP,mouse
17952,Naip6,4671,NAIP,mouse
53605,Nap1l1,4673,NAP1L1,mouse
17954,Nap1l2,4674,NAP1L2,mouse
54561,Nap1l3,4675,NAP1L3,mouse
17955,Nap1l4,4676,NAP1L4,mouse
70223,Nars,4677,NARS1,mouse
50927,Nasp,4678,NASP,mouse
11911,Atf4,468,ATF4,mouse
26367,Ceacam2,4680,CEACAM6,mouse
17965,Nbl1,4681,NBL1|MICOS10-NBL1,mouse
26425,Nubp1,4682,NUBP1,mouse
27354,Nbn,4683,NBN,mouse
17967,Ncam1,4684,NCAM1,mouse
17968,Ncam2,4685,NCAM2,mouse
433702,Ncbp1,4686,NCBP1,mouse
17970,Ncf2,4688,NCF2,mouse
17972,Ncf4,4689,NCF4,mouse
17973,Nck1,4690,NCK1,mouse
17975,Ncl,4691,NCL,mouse
17984,Ndn,4692,NDN,mouse
17986,Ndp,4693,NDP,mouse
54405,Ndufa1,4694,NDUFA1,mouse
17991,Ndufa2,4695,NDUFA2,mouse
66091,Ndufa3,4696,NDUFA3,mouse
17992,Ndufa4,4697,NDUFA4,mouse
68202,Ndufa5,4698,NDUFA5,mouse
104112,Acly,47,ACLY,mouse
67130,Ndufa6,4700,NDUFA6,mouse
66416,Ndufa7,4701,NDUFA7,mouse
68375,Ndufa8,4702,NDUFA8,mouse
17996,Neb,4703,NEB,mouse
66108,Ndufa9,4704,NDUFA9,mouse
67273,Ndufa10,4705,NDUFA10,mouse
70316,Ndufab1,4706,NDUFAB1,mouse
102631912,Ndufb1,4707,NDUFB1,mouse
68198,Ndufb2,4708,NDUFB2,mouse
66495,Ndufb3,4709,NDUFB3,mouse
108147,Atic,471,ATIC,mouse
100042503,Ndufb4|Ndufb4c|Ndufb4b,4710,NDUFB4,mouse
68194,Ndufb4|Ndufb4c|Ndufb4b,4710,NDUFB4,mouse
66046,Ndufb5,4711,NDUFB5,mouse
230075,Ndufb6,4712,NDUFB6,mouse
66916,Ndufb7,4713,NDUFB7,mouse
67264,Ndufb8,4714,NDUFB8,mouse
66218,Ndufb9,4715,NDUFB9,mouse
68342,Ndufb10,4716,NDUFB10,mouse
66377,Ndufc1,4717,NDUFC1,mouse
68197,Ndufc2,4718,NDUFC2,mouse
227197,Ndufs1,4719,NDUFS1,mouse
11920,Atm,472,ATM,mouse
226646,Ndufs2,4720,NDUFS2,mouse
68349,Ndufs3,4722,NDUFS3,mouse
17995,Ndufv1,4723,NDUFV1,mouse
17993,Ndufs4,4724,NDUFS4,mouse
595136,Ndufs5,4725,NDUFS5,mouse
407785,Ndufs6,4726,NDUFS6,mouse
225887,Ndufs8,4728,NDUFS8,mouse
72900,Ndufv2,4729,NDUFV2,mouse
68703,Rere,473,RERE,mouse
78330,Ndufv3,4731,NDUFV3,mouse
13494,Drg1,4733,DRG1,mouse
17999,Nedd4,4734,NEDD4,mouse
18000,Septin2,4735,SEPTIN2,mouse
19896,Rpl10a,4736,RPL10A,mouse
18002,Nedd8,4738,NEDD8,mouse
18003,Nedd9,4739,NEDD9,mouse
11921,Atoh1,474,ATOH1,mouse
18040,Nefm,4741,NEFM,mouse
237954,Lrrc37a,474170,LRRC37A2,mouse
380730,Gm884,474170,LRRC37A2,mouse
108168642,Gm20918,474343,SPIN2B,mouse
108168578,Gm20825,474343,SPIN2B,mouse
108168638,Gm20830,474343,SPIN2B,mouse
100040160,Gm20826,474343,SPIN2B,mouse
100861879,Gm21292,474343,SPIN2B,mouse
108168466,Spin2f,474343,SPIN2B,mouse
108168658,Gm20914,474343,SPIN2B,mouse
100862118,Spin2-ps10|Spin2i|Spin2e,474343,SPIN2B,mouse
100504429,Spin2d,474343,SPIN2B,mouse
278240,Spin2c,474343,SPIN2B,mouse
70009,Ssty2|Gm21242|Gm21065,474343,SPIN2B,mouse
231931,Gimap6,474344,GIMAP6,mouse
67580,Lrrc18,474354,LRRC18,mouse
14070,F8a,474383,F8A2,mouse
14070,F8a,474384,F8A3,mouse
380684,Nefh,4744,NEFH,mouse
338352,Nell1,4745,NELL1,mouse
18039,Nefl,4747,NEFL,mouse
11927,Atox1,475,ATOX1,mouse
18004,Nek1,4750,NEK1,mouse
18005,Nek2,4751,NEK2,mouse
23954,Nek3,4752,NEK3,mouse
54003,Nell2,4753,NELL2,mouse
18007,Neo1,4756,NEO1,mouse
18010,Neu1,4758,NEU1,mouse
23956,Neu2,4759,NEU2,mouse
11928,Atp1a1,476,ATP1A1,mouse
18012,Neurod1,4760,NEUROD1,mouse
18013,Neurod2,4761,NEUROD2,mouse
18014,Neurog1,4762,NEUROG1,mouse
18015,Nf1,4763,NF1,mouse
98660,Atp1a2,477,ATP1A2,mouse
18016,Nf2,4771,NF2,mouse
18018,Nfatc1,4772,NFATC1,mouse
18019,Nfatc2,4773,NFATC2,mouse
18027,Nfia,4774,NFIA,mouse
18021,Nfatc3,4775,NFATC3,mouse
73181,Nfatc4,4776,NFATC4,mouse
18022,Nfe2,4778,NFE2,mouse
18023,Nfe2l1,4779,NFE2L1,mouse
232975,Atp1a3,478,ATP1A3,mouse
18024,Nfe2l2,4780,NFE2L2,mouse
18028,Nfib,4781,NFIB,mouse
18029,Nfic,4782,NFIC,mouse
18030,Nfil3,4783,NFIL3,mouse
18032,Nfix,4784,NFIX,mouse
192113,Atp12a,479,ATP12A,mouse
18033,Nfkb1,4790,NFKB1,mouse
18034,Nfkb2,4791,NFKB2,mouse
18035,Nfkbia,4792,NFKBIA,mouse
18036,Nfkbib,4793,NFKBIB,mouse
18037,Nfkbie,4794,NFKBIE,mouse
18038,Nfkbil1,4795,NFKBIL1,mouse
72749,Tonsl,4796,TONSL,mouse
235134,Nfrkb,4798,NFRKB,mouse
74164,Nfx1,4799,NFX1,mouse
11428,Aco1,48,ACO1,mouse
27222,Atp1a4,480,ATP1A4,mouse
18044,Nfya,4800,NFYA,mouse
18045,Nfyb,4801,NFYB,mouse
18046,Nfyc,4802,NFYC,mouse
18049,Ngf,4803,NGF,mouse
18053,Ngfr,4804,NGFR,mouse
18071,Nhlh1,4807,NHLH1,mouse
18072,Nhlh2,4808,NHLH2,mouse
20826,Snu13,4809,SNU13,mouse
11931,Atp1b1,481,ATP1B1,mouse
195727,Nhs,4810,NHS,mouse
18073,Nid1,4811,NID1,mouse
18081,Ninj1,4814,NINJ1,mouse
29862,Ninj2,4815,NINJ2,mouse
27045,Nit1,4817,NIT1,mouse
72310,Nkg7,4818,NKG7,mouse
11932,Atp1b2,482,ATP1B2,mouse
18087,Nktr,4820,NKTR,mouse
18088,Nkx2-2,4821,NKX2-2,mouse
18095,Nkx3-1,4824,NKX3-1,mouse
18096,Nkx6-1,4825,NKX6-1,mouse
18111,Nnat,4826,NNAT,mouse
68039,Nmb,4828,NMB,mouse
18101,Nmbr|1700016L04Rik,4829,NMBR,mouse
11933,Atp1b3,483,ATP1B3,mouse
18102,Nme1,4830,NME1,mouse
18103,Nme2,4831,NME2,mouse
79059,Nme3,4832,NME3,mouse
56520,Nme4,4833,NME4,mouse
18105,Nqo2,4835,NQO2,mouse
18107,Nmt1,4836,NMT1,mouse
18113,Nnmt,4837,NNMT,mouse
18119,Nodal,4838,NODAL,mouse
110109,Nop2,4839,NOP2,mouse
53610,Nono,4841,NONO,mouse
18125,Nos1,4842,NOS1,mouse
18126,Nos2,4843,NOS2,mouse
18127,Nos3,4846,NOS3,mouse
72068,Cnot2,4848,CNOT2,mouse
232791,Cnot3,4849,CNOT3,mouse
53621,Cnot4,4850,CNOT4,mouse
18128,Notch1,4851,NOTCH1,mouse
109648,Npy,4852,NPY,mouse
18129,Notch2,4853,NOTCH2,mouse
18131,Notch3,4854,NOTCH3,mouse
18132,Notch4,4855,NOTCH4,mouse
18133,Ccn3,4856,CCN3,mouse
664883,Nova1,4857,NOVA1,mouse
384569,Nova2,4858,NOVA2,mouse
11936,Fxyd2,486,FXYD2,mouse
18950,Pnp,4860,PNP,mouse
667034,Pnp2,4860,PNP,mouse
18142,Npas1,4861,NPAS1,mouse
18143,Npas2,4862,NPAS2,mouse
244879,Npat,4863,NPAT,mouse
18145,Npc1,4864,NPC1,mouse
53885,Nphp1,4867,NPHP1,mouse
54631,Nphs1,4868,NPHS1|LOC107985317,mouse
18148,Npm1,4869,NPM1,mouse
11937,Atp2a1,487,ATP2A1,mouse
230899,Nppa,4878,NPPA,mouse
18158,Nppb,4879,NPPB,mouse
11938,Atp2a2,488,ATP2A2,mouse
18159,Nppc,4880,NPPC,mouse
18160,Npr1,4881,NPR1,mouse
230103,Npr2,4882,NPR2,mouse
18162,Npr3,4883,NPR3,mouse
18164,Nptx1,4884,NPTX1,mouse
53324,Nptx2,4885,NPTX2,mouse
18166,Npy1r,4886,NPY1R,mouse
18167,Npy2r,4887,NPY2R,mouse
18169,Npy6r,4888,NPY6R,mouse
18168,Npy5r,4889,NPY5R,mouse
53313,Atp2a3,489,ATP2A3,mouse
18174,Slc11a2,4891,SLC11A2,mouse
18175,Nrap,4892,NRAP,mouse
18176,Nras,4893,NRAS,mouse
319504,Nrcam,4897,NRCAM,mouse
230598,Nrd1,4898,NRDC,mouse
18181,Nrf1,4899,NRF1,mouse
11434,Acr,49,ACR,mouse
67972,Atp2b1,490,ATP2B1,mouse
64011,Nrgn,4900,NRGN,mouse
18185,Nrl,4901,NRL,mouse
18188,Nrtn,4902,NRTN,mouse
22608,Ybx1,4904,YBX1,mouse
18195,Nsf,4905,NSF,mouse
23959,Nt5e,4907,NT5E,mouse
18205,Ntf3,4908,NTF3,mouse
78405,Ntf5,4909,NTF4,mouse
11941,Atp2b2,491,ATP2B2,mouse
18207,Nthl1,4913,NTHL1,mouse
18211,Ntrk1,4914,NTRK1,mouse
18212,Ntrk2,4915,NTRK2,mouse
18213,Ntrk3|E430016F16Rik,4916,NTRK3,mouse
18209,Ntn3,4917,NTN3,mouse
26563,Ror1,4919,ROR1,mouse
320707,Atp2b3,492,ATP2B3,mouse
26564,Ror2,4920,ROR2,mouse
18214,Ddr2,4921,DDR2,mouse
67405,Nts,4922,NTS,mouse
18216,Ntsr1,4923,NTSR1,mouse
109169,Igip,492311,IGIP,mouse
18220,Nucb1,4924,NUCB1,mouse
53322,Nucb2,4925,NUCB2,mouse
101706,Numa1,4926,NUMA1,mouse
19069,Nup88,4927,NUP88,mouse
269966,Nup98,4928,NUP98,mouse
18227,Nr4a2,4929,NR4A2,mouse
381290,Atp2b4,493,ATP2B4,mouse
67459,Nvl,4931,NVL,mouse
18241,Gpr143,4935,GPR143,mouse
76178,Coa5,493753,COA5,mouse
114643,Oas1c,4938,OAS1,mouse
100535,Oas1d,4938,OAS1,mouse
23961,Oas1b,4938,OAS1,mouse
246729,Oas1h,4938,OAS1,mouse
246730,Oas1a,4938,OAS1,mouse
243262,Oas1f,4938,OAS1,mouse
23960,Oas1g,4938,OAS1,mouse
231699,Oas1e,4938,OAS1,mouse
434246,Trim72,493829,TRIM72,mouse
67006,Cisd2,493856,CISD2,mouse
211936,Ccdc73,493860,CCDC73,mouse
66341,Eid3,493861,EID3,mouse
69590,Gpx8,493869,GPX8,mouse
246728,Oas2,4939,OAS2,mouse
73373,Phospho2,493911,PHOSPHO2,mouse
246727,Oas3,4940,OAS3,mouse
19656,Rbmxl1,494115,RBMXL1,mouse
652988,Gm7324,494115,RBMXL1,mouse
68044,Chac2,494143,CHAC2,mouse
72973,Fbxo47,494188,FBXO47,mouse
18242,Oat,4942,OAT,mouse
209815,Tbc1d25,4943,TBC1D25,mouse
723850,Mir361,494323,MIR361,mouse
723900,Mir375,494324,MIR375,mouse
723889,Mir378a,494327,MIR378A,mouse
723860,Mir383,494332,MIR383,mouse
225743,Ark2c,494470,RNF165,mouse
381375,Pjvk,494513,PJVK,mouse
381759,Wee2,494551,WEE2,mouse
18245,Oaz1,4946,OAZ1,mouse
18247,Oaz2,4947,OAZ2,mouse
18431,Oca2,4948,OCA2,mouse
11944,Atp4a,495,ATP4A,mouse
18261,Ocm,4951,OCM2,mouse
320634,Ocrl,4952,OCRL,mouse
18263,Odc1,4953,ODC1,mouse
18285,Odf1,4956,ODF1,mouse
18286,Odf2,4957,ODF2,mouse
27047,Omd,4958,OMD,mouse
11945,Atp4b,496,ATP4B,mouse
18293,Ogdh,4967,OGDH,mouse
18294,Ogg1,4968,OGG1,mouse
18295,Ogn,4969,OGN,mouse
212937,Tifab,497189,TIFAB,mouse
353287,Clec18a,497190,CLEC18B,mouse
108078,Olr1,4973,OLR1,mouse
18377,Omg,4974,OMG|LOC101927057,mouse
18378,Omp,4975,OMP,mouse
74143,Opa1,4976,OPA1,mouse
407819,BC031181,497661,C18orf32,mouse
330908,Opcml,4978,OPCML,mouse
11946,Atp5a1,498,ATP5F1A,mouse
18383,Tnfrsf11b,4982,TNFRSF11B,mouse
94190,Ophn1,4983,OPHN1,mouse
18386,Oprd1,4985,OPRD1,mouse
114565,Zbtb21,49854,ZBTB21,mouse
244891,Scaper,49855,SCAPER,mouse
59002,Wrap73,49856,WRAP73,mouse
18387,Oprk1,4986,OPRK1,mouse
381457,Crnn,49860,CRNN,mouse
621628,Cldn20,49861,CLDN20,mouse
18389,Oprl1,4987,OPRL1,mouse
18390,Oprm1,4988,OPRM1,mouse
20476,Six6,4990,SIX6,mouse
258153,Olfr412,4991,OR1D2,mouse
258859,Olfr161,4992,OR1F1,mouse
18312,Olfr15,4993,OR2C1,mouse
258702,Olfr410,4994,OR3A1,mouse
258701,Olfr401,4994,OR3A1,mouse
258704,Olfr411,4994,OR3A1,mouse
258703,Olfr402,4994,OR3A1,mouse
18392,Orc1,4998,ORC1,mouse
18393,Orc2,4999,ORC2,mouse
11429,Aco2,50,ACO2,mouse
26428,Orc4,5000,ORC4,mouse
26429,Orc5,5001,ORC5,mouse
18400,Slc22a18,5002,SLC22A18,mouse
18407,Orm3,5004,ORM1,mouse
18406,Orm2,5004,ORM1,mouse
18405,Orm1,5004,ORM1,mouse
18406,Orm2,5005,ORM2,mouse
18405,Orm1,5005,ORM2,mouse
18407,Orm3,5005,ORM2,mouse
76303,Osbp,5007,OSBP,mouse
18413,Osm,5008,OSM,mouse
18416,Otc,5009,OTC,mouse
110695,Aldh7a1,501,ALDH7A1,mouse
18417,Cldn11,5010,CLDN11,mouse
18423,Otx1,5013,OTX1,mouse
18424,Otx2,5015,OTX2,mouse
12659,Ovgp1,5016,OVGP1,mouse
18426,Ovol1,5017,OVOL1,mouse
69089,Oxa1l,5018,OXA1L,mouse
67041,Oxct1,5019,OXCT1,mouse
18429,Oxt,5020,OXT,mouse
18430,Oxtr,5021,OXTR,mouse
18436,P2rx1,5023,P2RX1,mouse
228139,P2rx3,5024,P2RX3,mouse
18438,P2rx4,5025,P2RX4,mouse
94045,P2rx5,5026,P2RX5,mouse
18439,P2rx7,5027,P2RX7,mouse
18441,P2ry1,5028,P2RY1,mouse
18442,P2ry2,5029,P2RY2,mouse
57385,P2ry4,5030,P2RY4,mouse
233571,P2ry6,5031,P2RY6,mouse
18451,P4ha1,5033,P4HA1,mouse
18453,P4hb,5034,P4HB,mouse
73466,Ms4a13,503497,MS4A13,mouse
212518,Sprn,503542,SPRN,mouse
18813,Pa2g4,5036,PA2G4,mouse
23980,Pebp1,5037,PEBP1,mouse
76400,Pbp2,5037,PEBP1,mouse
18550,Furin,5045,FURIN,mouse
18553,Pcsk6,5046,PCSK6,mouse
18472,Pafah1b1,5048,PAFAH1B1,mouse
382985,Rrm2b,50484,RRM2B,mouse
54380,Smarcal1,50485,SMARCAL1,mouse
14373,G0s2,50486,G0S2,mouse
237625,Pla2g3,50487,PLA2G3,mouse
50932,Mink1,50488,MINK1,mouse
246278,Cd207,50489,CD207,mouse
18475,Pafah1b2,5049,PAFAH1B2,mouse
18476,Pafah1b3,5050,PAFAH1B3,mouse
214593,Duox2,50506,DUOX2,mouse
50490,Nox4,50507,NOX4,mouse
224480,Nox3,50508,NOX3,mouse
53867,Col5a3,50509,COL5A3,mouse
100163,Pafah2,5051,PAFAH2,mouse
100043216,Gm4297,50511,SYCP3,mouse
100039065,Gm2030,50511,SYCP3,mouse
20962,Sycp3,50511,SYCP3,mouse
22441,Xlr,50511,SYCP3,mouse
546272,Gm5934,50511,SYCP3,mouse
331416,Gm773,50511,SYCP3,mouse
75514,1700013H16Rik,50511,SYCP3,mouse
70691,3830403N18Rik,50511,SYCP3,mouse
664829,Slx,50511,SYCP3,mouse
319655,Podxl2,50512,PODXL2,mouse
58250,Chst11,50515,CHST11,mouse
18477,Prdx1,5052,PRDX1,mouse
18478,Pah,5053,PAH,mouse
18787,Serpine1,5054,SERPINE1,mouse
18788,Serpinb2,5055,SERPINB2,mouse
18479,Pak1,5058,PAK1,mouse
11947,Atp5b,506,ATP5F1B,mouse
58181,Il20,50604,IL20,mouse
244178,Ubqln3,50613,UBQLN3,mouse
231605,Galnt9,50614,GALNT9,mouse
60504,Il21r,50615,IL21R,mouse
116849,Il22b,50616,IL22,mouse
50929,Il22,50616,IL22,mouse
140494,Atp6v0a4,50617,ATP6V0A4,mouse
20403,Itsn2,50618,ITSN2,mouse
23853,Def6,50619,DEF6,mouse
224105,Pak2,5062,PAK2,mouse
16433,Cuzd1,50624,CUZD1,mouse
54151,Zftraf1|Gm57852,50626,CYHR1,mouse
276919,Gemin4,50628,GEMIN4,mouse
18481,Pak3,5063,PAK3,mouse
68566,Caly,50632,CALY,mouse
404545,Ano7,50636,ANO7,mouse
18483,Palm,5064,PALM,mouse
67452,Pnpla8,50640,PNPLA8,mouse
226970,Arhgef4,50649,ARHGEF4,mouse
71704,Arhgef3,50650,ARHGEF3,mouse
242773,Slc45a1,50651,SLC45A1,mouse
18484,Pam,5066,PAM,mouse
18488,Cntn3,5067,CNTN3,mouse
11925,Neurog3,50674,NEUROG3,mouse
19694,Reg3a,5068,REG3A,mouse
18489,Reg3b,5068,REG3A,mouse
30053,Reg3d,5068,REG3A,mouse
18491,Pappa,5069,PAPPA,mouse
235033,Rdh8,50700,RDH8,mouse
50873,Prkn,5071,PRKN,mouse
98193,Dcaf8,50717,DCAF8,mouse
74108,Parn,5073,PARN,mouse
114774,Pawr,5074,PAWR,mouse
18503,Pax1,5075,PAX1,mouse
18504,Pax2,5076,PAX2,mouse
18505,Pax3,5077,PAX3,mouse
18506,Pax4,5078,PAX4,mouse
18507,Pax5,5079,PAX5,mouse
18508,Pax6,5080,PAX6,mouse
16528,Kcnk4,50801,KCNK4,mouse
100041480,Myef2l,50804,MYEF2,mouse
17876,Myef2,50804,MYEF2,mouse
50916,Irx4,50805,IRX4,mouse
13196,Asap1,50807,ASAP1,mouse
56248,Ak3,50808,AK3,mouse
15441,Hp1bp3,50809,HP1BP3,mouse
18509,Pax7,5081,PAX7,mouse
29877,Hdgfl3,50810,HDGFL3,mouse
26894,Cops7a,50813,COPS7A,mouse
18194,Nsdhl,50814,NSDHL,mouse
67466,Pdcl,5082,PDCL,mouse
18511,Pax9,5083,PAX9,mouse
574417,Tas2r137,50831,TAS2R3,mouse
57253,Tas2r108,50832,TAS2R4,mouse
387347,Tas2r118,50833,TAS2R16,mouse
57254,Tas2r119,50834,TAS2R1,mouse
387349,Tas2r121,50838,TAS2R13,mouse
387339,Tas2r102,50838,TAS2R13,mouse
387351,Tas2r124,50838,TAS2R13,mouse
112408,Tas2r116,50840,TAS2R14|PRH1-TAS2R14,mouse
387352,Tas2r125,50840,TAS2R14|PRH1-TAS2R14,mouse
387616,Tas2r140,50840,TAS2R14|PRH1-TAS2R14,mouse
387354,Tas2r129,50840,TAS2R14|PRH1-TAS2R14,mouse
387345,Tas2r113,50840,TAS2R14|PRH1-TAS2R14,mouse
353166,Tas2r117,50840,TAS2R14|PRH1-TAS2R14,mouse
353167,Tas2r123,50840,TAS2R14|PRH1-TAS2R14,mouse
353325,Tas2r115,50840,TAS2R14|PRH1-TAS2R14,mouse
387344,Tas2r110,50840,TAS2R14|PRH1-TAS2R14,mouse
387343,Tas2r109,50840,TAS2R14|PRH1-TAS2R14,mouse
667992,Tas2r103,50840,TAS2R14|PRH1-TAS2R14,mouse
13363,Dhh,50846,DHH,mouse
16456,F11r,50848,F11R,mouse
77647,Trat1,50852,TRAT1,mouse
22351,Vill,50853,VILL,mouse
56513,Pard6a,50855,PARD6A,mouse
474145,Clec4a4,50856,CLEC4A,mouse
269799,Clec4a1,50856,CLEC4A,mouse
26888,Clec4a2,50856,CLEC4A,mouse
73149,Clec4a3,50856,CLEC4A,mouse
72902,Spock3,50859,SPOCK3,mouse
20262,Stmn3,50861,STMN3,mouse
67150,Rnf141,50862,RNF141,mouse
235106,Ntm,50863,NTM,mouse
15199,Hebp1,50865,HEBP1,mouse
18514,Pbx1,5087,PBX1,mouse
18515,Pbx2,5089,PBX2,mouse
11949,Atp5c1,509,ATP5F1C,mouse
18516,Pbx3,5090,PBX3,mouse
18563,Pcx,5091,PC,mouse
13180,Pcbd1,5092,PCBD1,mouse
23983,Pcbp1,5093,PCBP1,mouse
57810,Cdon,50937,CDON,mouse
224224,Impg2,50939,IMPG2,mouse
18521,Pcbp2,5094,PCBP2,mouse
241489,Pde11a,50940,PDE11A,mouse
20371,Foxp3,50943,FOXP3,mouse
243961,Shank1,50944,SHANK1,mouse
110821,Pcca,5095,PCCA,mouse
66904,Pccb,5096,PCCB,mouse
74499,Sost,50964,SOST,mouse
75599,Pcdh1,5097,PCDH1,mouse
93706,Pcdhgc3,5098,PCDHGC3,mouse
54216,Pcdh7,5099,PCDH7,mouse
73130,Tmed5,50999,TMED5,mouse
11430,Acox1,51,ACOX1,mouse
18530,Pcdh8,5100,PCDH8,mouse
108652,Slc35b3,51000,SLC35B3,mouse
66410,Mterf3,51001,MTERF3,mouse
69786,Tprkb,51002,TPRKB,mouse
67279,Med31,51003,MED31,mouse
217707,Coq6,51004,COQ6,mouse
245847,Amdhd2,51005,AMDHD2,mouse
228875,Slc35c2,51006,SLC35C2,mouse
69090,Ascc1,51008,ASCC1,mouse
116891,Derl2,51009,DERL2,mouse
211712,Pcdh9,5101,PCDH9,mouse
66362,Exosc3,51010,EXOSC3,mouse
68126,Fahd2a,51011,FAHD2A,mouse
66390,Prelid3b,51012,PRELID3B,mouse
66583,Exosc1,51013,EXOSC1,mouse
66676,Tmed7,51014,TMED7,mouse
66307,Isoc1,51015,ISOC1,mouse
85308,Emc9,51016,EMC9,mouse
67223,Rrp15,51018,RRP15,mouse
67282,Washc3,51019,WASHC3,mouse
69692,Hddc2,51020,HDDC2,mouse
66242,Mrps16,51021,MRPS16,mouse
69367,Glrx2,51022,GLRX2,mouse
68735,Mrps18c,51023,MRPS18C,mouse
66437,Fis1,51024,FIS1,mouse
100042179,Pam16l,51025,PAM16,mouse
66449,Pam16,51025,PAM16,mouse
66964,Golt1b,51026,GOLT1B,mouse
69168,Bola1,51027,BOLA1,mouse
70160,Vps36,51028,VPS36,mouse
78825,Desi2,51029,DESI2,mouse
67510,Tvp23b,51030,TVP23B,mouse
67201,Glod4,51031,GLOD4,mouse
13706,Cela2a,51032,CELA2B,mouse
225896,Ubxn1,51035,UBXN1,mouse
268591,Serpina5,5104,SERPINA5,mouse
68040,Zfp593,51042,ZNF593,mouse
22724,Zbtb7b,51043,ZBTB7B,mouse
20451,St8sia3,51046,ST8SIA3,mouse
18534,Pck1,5105,PCK1,mouse
94227,Pi15,51050,PI15,mouse
623503,Prlh,51052,PRLH,mouse
57441,Gmnn,51053,GMNN,mouse
231999,Plekha8,51054,PLEKHA8P1,mouse
66988,Lap3,51056,LAP3,mouse
216560,Wdpcp,51057,WDPCP,mouse
195522,Zfp691,51058,ZNF691,mouse
70363,Fam135b,51059,FAM135B,mouse
74551,Pck2,5106,PCK2,mouse
66073,Txndc12,51060,TXNDC12,mouse
106200,Txndc11,51061,TXNDC11,mouse
73991,Atl1,51062,ATL1,mouse
72691,Calhm2,51063,CALHM2,mouse
67941,Rps27l,51065,RPS27L,mouse
243612,Ssu2,51066,SSUH2,mouse
70120,Yars2,51067,YARS2,mouse
97112,Nmd3,51068,NMD3,mouse
27398,Mrpl2,51069,MRPL2,mouse
66394,Nosip,51070,NOSIP,mouse
232449,Dera,51071,DERA,mouse
76890,Memo1,51072,MEMO1,mouse
66163,Mrpl4,51073,MRPL4,mouse
56369,Apip,51074,APIP,mouse
66958,Tmx2,51075,TMX2,mouse
66388,Cutc,51076,CUTC,mouse
73736,Fcf1,51077,FCF1,mouse
67026,Thap4,51078,THAP4,mouse
67184,Ndufa13,51079,NDUFA13,mouse
18536,Pcm1,5108,PCM1,mouse
50529,Mrps7,51081,MRPS7,mouse
20018,Polr1d,51082,POLR1D,mouse
14419,Gal,51083,GAL,mouse
68631,Cryl1,51084,CRYL1,mouse
58805,Mlxipl,51085,MLXIPL,mouse
435766,Tnni3k,51086,TNNI3K,mouse
53422,Ybx2,51087,YBX2,mouse
71778,Klhl5,51088,KLHL5,mouse
67801,Pllp,51090,PLLP,mouse
211006,Sepsecs,51091,SEPSECS,mouse
214597,Sidt2,51092,SIDT2,mouse
229503,Rrnad1,51093,METTL25B,mouse
72674,Adipor1,51094,ADIPOR1,mouse
70047,Trnt1,51095,TRNT1,mouse
217109,Utp18,51096,UTP18,mouse
109232,Sccpdh,51097,SCCPDH,mouse
245866,Ift52,51098,IFT52,mouse
67469,Abhd5,51099,ABHD5,mouse
18537,Pcmt1,5110,PCMT1,mouse
54673,Sh3glb1,51100,SH3GLB1,mouse
67306,Zc2hc1a,51101,ZC2HC1A,mouse
26922,Mecr,51102,MECR,mouse
69702,Ndufaf1,51103,NDUFAF1,mouse
226016,Abhd17b,51104,ABHD17B,mouse
239510,Phf20l1,51105,PHF20L1,mouse
224481,Tfb1m,51106,TFB1M,mouse
226548,Aph1a,51107,APH1A,mouse
59052,Mettl9,51108,METTL9,mouse
17252,Rdh11,51109,RDH11,mouse
18538,Pcna,5111,PCNA,mouse
212442,Lactb2,51110,LACTB2,mouse
225888,Kmt5b,51111,KMT5B,mouse
217449,Trappc12,51112,TRAPPC12,mouse
208884,Zdhhc9,51114,ZDHHC9,mouse
66302,Rmdn1,51115,RMDN1,mouse
118451,Mrps2,51116,MRPS2,mouse
227683,Coq4,51117,COQ4,mouse
67205,Utp11,51118,UTP11,mouse
66711,Sbds,51119,SBDS,mouse
19941,Rpl26,51121,RPL26L1,mouse
52245,Commd2,51122,COMMD2,mouse
68036,Zfp706,51123,ZNF706,mouse
66191,Ier3ip1,51124,IER3IP1,mouse
57437,Golga7|Gm6829,51125,GOLGA7,mouse
67877,Naa20,51126,NAA20,mouse
56631,Trim17,51127,TRIM17,mouse
66397,Sar1b,51128,SAR1B,mouse
57875,Angptl4,51129,ANGPTL4,mouse
65257,Asb3,51130,ASB3|GPR75-ASB3,mouse
236451,Phf11b,51131,PHF11,mouse
219131,Phf11a,51131,PHF11,mouse
219132,Phf11d,51131,PHF11,mouse
628693,Phf11,51131,PHF11,mouse
628705,Phf11c,51131,PHF11,mouse
19820,Rlim,51132,RLIM,mouse
226823,Kctd3,51133,KCTD3,mouse
77048,Cep83,51134,CEP83,mouse
266632,Irak4,51135,IRAK4,mouse
76892,Rnft1,51136,RNFT1,mouse
26891,Cops4,51138,COPS4,mouse
72999,Insig2,51141,INSIG2,mouse
14004,Chchd2,51142,CHCHD2,mouse
235661,Dync1li1,51143,DYNC1LI1,mouse
56348,Hsd17b12,51144,HSD17B12,mouse
333424,A4gnt,51146,A4GNT,mouse
28019,Ing4,51147,ING4,mouse
99151,Cercam,51148,CERCAM,mouse
68067,Mrnip,51149,MRNIP,mouse
20318,Sdf4,51150,SDF4,mouse
22293,Slc45a2,51151,SLC45A2,mouse
69902,Mrto4,51154,MRTO4,mouse
15374,Jpt1,51155,JPT1,mouse
217847,Serpina10,51156,SERPINA10,mouse
68992,Zfp580,51157,ZNF580,mouse
18541,Pcnt,5116,PCNT,mouse
66914,Vps28,51160,VPS28,mouse
235599,6430571L13Rik,51161,C3orf18,mouse
353156,Egfl7,51162,EGFL7,mouse
83703,Dbr1,51163,DBR1,mouse
67665,Dctn4,51164,DCTN4,mouse
23923,Aadat,51166,AADAT,mouse
266690,Cyb5r4,51167,CYB5R4,mouse
17910,Myo15,51168,MYO15A,mouse
114664,Hsd17b11,51170,HSD17B11,mouse
66065,Hsd17b14,51171,HSD17B14,mouse
27426,Nagpa,51172,NAGPA,mouse
56427,Tubd1,51174,TUBD1,mouse
71924,Tube1,51175,TUBE1,mouse
16842,Lef1,51176,LEF1,mouse
67220,Plekho1,51177,PLEKHO1,mouse
56185,Hao2,51179,HAO2,mouse
18542,Pcolce,5118,PCOLCE,mouse
67880,Dcxr,51181,DCXR,mouse
50497,Hspa14,51182,HSPA14,mouse
68080,Gpn3,51184,GPN3,mouse
58799,Crbn,51185,CRBN,mouse
22381,Tceal9,51186,TCEAL9,mouse
225215,Rsl24d1,51187,RSL24D1,mouse
26901,Ss18l2,51188,SS18L2,mouse
234852,Chmp1a,5119,CHMP1A,mouse
75458,Cklf,51192,CKLF,mouse
67778,Zfp639,51193,ZNF639,mouse
76582,Ipo11|Ipo11-lrrc70,51194,IPO11|IPO11-LRRC70,mouse
268480,Rapgefl1,51195,RAPGEFL1,mouse
74055,Plce1,51196,PLCE1,mouse
18080,Nin,51199,NIN,mouse
71791,Cpa4,51200,CPA4,mouse
70546,Zdhhc2,51201,ZDHHC2,mouse
67755,Ddx47,51202,DDX47,mouse
108907,Nusap1,51203,NUSAP1,mouse
70207,Taco1,51204,TACO1,mouse
66659,Acp6,51205,ACP6,mouse
243816,Gp6,51206,GP6,mouse
27389,Dusp13,51207,DUSP13,mouse
56492,Cldn18,51208,CLDN18,mouse
319642,Rab9b,51209,RAB9B,mouse
18546,Pcp4,5121,PCP4,mouse
111975,Igf2os,51214,IGF2-AS,mouse
73046,Glrx5,51218,GLRX5,mouse
18548,Pcsk1,5122,PCSK1,mouse
69890,Zfp219,51222,ZNF219,mouse
66610,Abi3,51225,ABI3,mouse
56358,Copz2,51226,COPZ2,mouse
56176,Pigp,51227,PIGP,mouse
56356,Gltp,51228,GLTP,mouse
228829,Phf20,51230,PHF20,mouse
101568,Vrk3,51231,VRK3,mouse
50766,Crim1,51232,CRIM1,mouse
68032,Emc4,51234,EMC4,mouse
59053,Hgh1,51236,HGH1,mouse
69816,Mzb1,51237,MZB1,mouse
109346,Ankrd39,51239,ANKRD39,mouse
66272,Cox16,51241,COX16,mouse
232236,Ccdc174,51244,CCDC174,mouse
66940,Shisa5,51246,SHISA5,mouse
67869,Paip2,51247,PAIP2,mouse
72621,Pdzd11,51248,PDZD11,mouse
230657,Tmem69,51249,TMEM69,mouse
18552,Pcsk5,5125,PCSK5,mouse
67851,Mtres1,51250,MTRES1,mouse
107569,Nt5c3,51251,NT5C3A,mouse
381337,Fam178b,51252,FAM178B,mouse
56280,Mrpl37,51253,MRPL37,mouse
66510,Rnf181,51255,RNF181,mouse
67046,Tbc1d7,51256,TBC1D7|TBC1D7-LOC100130357,mouse
224703,Marchf2,51257,MARCHF2,mouse
66493,Mrpl51,51258,MRPL51,mouse
68642,Tmem216,51259,TMEM216,mouse
18549,Pcsk2,5126,PCSK2,mouse
67683,Pbdc1,51260,PBDC1,mouse
107734,Mrpl30,51263,MRPL30,mouse
94064,Mrpl27,51264,MRPL27,mouse
213084,Cdkl3,51265,CDKL3,mouse
56760,Clec1b,51266,CLEC1B,mouse
243653,Clec1a,51267,CLEC1A,mouse
19193,Pipox,51268,PIPOX,mouse
18555,Cdk16,5127,CDK16,mouse
21781,Tfdp1,51270,TFDP3,mouse
67123,Ubap1,51271,UBAP1,mouse
54399,Bet1l,51272,BET1L,mouse
16599,Klf3,51274,KLF3,mouse
217378,Dnajc27,51277,DNAJC27,mouse
15939,Ier5,51278,IER5,mouse
232371,C1rl,51279,C1RL,mouse
237459,Cdk17,5128,CDK17,mouse
105348,Golm1,51280,GOLM1,mouse
241158,Ankmy1,51281,ANKMY1,mouse
19018,Scand1,51282,SCAND1,mouse
67118,Bfar,51283,BFAR,mouse
170743,Tlr7,51284,TLR7,mouse
70784,Rasl12,51285,RASL12,mouse
57754,Cend1,51286,CEND1,mouse
68185,Coa4,51287,COA4,mouse
239336,Rxfp3,51289,RXFP3,mouse
18557,Cdk18,5129,CDK18,mouse
67456,Ergic2,51290,ERGIC2,mouse
78816,Gmip,51291,GMIP,mouse
105446,Gmpr2,51292,GMPR2,mouse
54219,Cd320,51293,CD320,mouse
53601,Pcdh12,51294,PCDH12,mouse
26940,Ecsit,51295,ECSIT,mouse
65221,Slc15a3,51296,SLC15A3,mouse
18843,Bpifa1,51297,BPIFA1,mouse
67135,Bpifa5,51297,BPIFA1,mouse
21830,Theg,51298,THEG,mouse
68404,Nrn1,51299,NRN1,mouse
66043,Atp5d,513,ATP5F1D,mouse
13026,Pcyt1a,5130,PCYT1A,mouse
76916,Timmdc1,51300,TIMMDC1,mouse
218476,Gcnt4,51301,GCNT4,mouse
56050,Cyp39a1,51302,CYP39A1,mouse
66120,Fkbp11,51303,FKBP11,mouse
69035,Zdhhc3,51304,ZDHHC3,mouse
223604,Kcnk9,51305,KCNK9,mouse
225358,Fam13b,51306,FAM13B,mouse
66306,Fam53c,51307,FAM53C|LOC100128966,mouse
225362,Reep2,51308,REEP2,mouse
78248,Armcx1,51309,ARMCX1,mouse
59049,Slc22a17,51310,SLC22A17,mouse
170744,Tlr8,51311,TLR8,mouse
67712,Slc25a37,51312,SLC25A37,mouse
68659,Gask1b,51313,GASK1B,mouse
73412,Nme8,51314,NME8,mouse
57896,Krcc1,51315,KRCC1,mouse
231507,Plac8,51316,PLAC8,mouse
192285,Phf21a,51317,PHF21A,mouse
66223,Mrpl35,51318,MRPL35,mouse
66880,Rsrc1,51319,RSRC1,mouse
20028,Pdc,5132,PDC,mouse
240396,Mex3c,51320,MEX3C,mouse
13929,Amz2,51321,AMZ2,mouse
225131,Wac,51322,WAC,mouse
27965,Spg21,51324,SPG21,mouse
11841,Arf2,51326,ARL17A|ARL17B|LOC100996709,mouse
170812,Ahsp,51327,AHSP,mouse
65105,Arl6ip4,51329,ARL6IP4,mouse
18566,Pdcd1,5133,PDCD1,mouse
27279,Tnfrsf12a,51330,TNFRSF12A,mouse
640524,Sptbn5,51332,SPTBN5,mouse
244216,Zfp771,51333,ZNF771,mouse
71373,Prr16,51334,PRR16,mouse
83485,Ngrn,51335,NGRN,mouse
223626,Them6,51337,THEM6,mouse
60361,Ms4a4b,51338,MS4A4A,mouse
666907,Ms4a4a,51338,MS4A4A,mouse
66607,Ms4a4d,51338,MS4A4A,mouse
64380,Ms4a4c,51338,MS4A4A,mouse
59036,Dact1,51339,DACT1,mouse
18567,Pdcd2,5134,PDCD2,mouse
66877,Crnkl1,51340,CRNKL1,mouse
16969,Zbtb7a,51341,ZBTB7A,mouse
56371,Fzr1,51343,FZR1,mouse
330177,Taok3,51347,TAOK3,mouse
77055,Krt76,51350,KRT76,mouse
102640477,Gm14412,51351,ZNF117|ERV3-1-ZNF117,mouse
102635315,Gm32687,51351,ZNF117|ERV3-1-ZNF117,mouse
233987,Zfp958,51351,ZNF117|ERV3-1-ZNF117,mouse
76803,Zfp998,51351,ZNF117|ERV3-1-ZNF117,mouse
668620,Zfp936,51351,ZNF117|ERV3-1-ZNF117,mouse
329480,Wt1os,51352,WT1-AS,mouse
18573,Pde1a,5136,PDE1A,mouse
270669,Mbtps2,51360,MBTPS2,mouse
77963,Hook1,51361,HOOK1,mouse
71713,Cdc40,51362,CDC40,mouse
77590,Chst15,51363,CHST15,mouse
114602,Zmynd10,51364,ZMYND10,mouse
85031,Pla1a,51365,PLA1A,mouse
70790,Ubr5,51366,UBR5,mouse
117109,Pop5,51367,POP5,mouse
21767,Tex264,51368,TEX264,mouse
18575,Pde1c,5137,PDE1C,mouse
66537,Pomp,51371,POMP,mouse
66167,Tma7|Tma7-ps,51372,TMA7,mouse
66258,Mrps17,51373,MRPS17,mouse
381629,Atraid,51374,ATRAID,mouse
76561,Snx7,51375,SNX7,mouse
56207,Uchl5,51377,UCHL5,mouse
11602,Angpt4,51378,ANGPT4,mouse
54394,Crlf3,51379,CRLF3,mouse
207728,Pde2a,5138,PDE2A,mouse
246277,Csad,51380,CSAD,mouse
73834,Atp6v1d,51382,ATP6V1D,mouse
93735,Wnt16,51384,WNT16,mouse
223691,Eif3l,51386,EIF3L,mouse
66164,Nip7,51388,NIP7,mouse
66521,Rwdd1,51389,RWDD1,mouse
54611,Pde3a,5139,PDE3A,mouse
66253,Aig1,51390,AIG1,mouse
22368,Trpv2,51393,TRPV2,mouse
69456,Commd10,51397,COMMD10,mouse
414077,Wdr83os,51398,WDR83OS,mouse
60409,Trappc4,51399,TRAPPC4,mouse
67126,Atp5e,514,ATP5F1E,mouse
18576,Pde3b,5140,PDE3B,mouse
72590,Ppme1,51400,PPME1,mouse
70078,Nol7,51406,NOL7,mouse
69536,Hemk1,51409,HEMK1,mouse
18577,Pde4a,5141,PDE4A,mouse
668218,Bin2,51411,BIN2,mouse
83766,Actl6b,51412,ACTL6B,mouse
18578,Pde4b,5142,PDE4B,mouse
56332,Amotl2,51421,AMOTL2,mouse
108099,Prkag2,51422,PRKAG2,mouse
27015,Polk,51426,POLK,mouse
212281,Zfp729a,51427,ZNF107,mouse
72935,Ddx41,51428,DDX41,mouse
66616,Snx9,51429,SNX9,mouse
110385,Pde4c,5143,PDE4C,mouse
226551,Suco,51430,SUCO,mouse
59008,Anapc5,51433,ANAPC5,mouse
56317,Anapc7,51434,ANAPC7,mouse
219151,Scara3,51435,SCARA3,mouse
75352,Magea13,51438,MAGEC2,mouse
97863,Fam8a1,51439,FAM8A1,mouse
238871,Pde4d,5144,PDE4D,mouse
170638,Hpcal4,51440,HPCAL4,mouse
213541,Ythdf2,51441,YTHDF2,mouse
170828,Vgll1,51442,VGLL1,mouse
56515,Rnf138,51444,RNF138,mouse
76500,Ip6k2,51447,IP6K2,mouse
66881,Pcyox1,51449,PCYOX1,mouse
225600,Pde6a,5145,PDE6A,mouse
20204,Prrx2,51450,PRRX2,mouse
30949,Lcmt1,51451,LCMT1,mouse
70676,Gulp1,51454,GULP1,mouse
56210,Rev1,51455,REV1,mouse
56315,Rhcg,51458,RHCG,mouse
110855,Pde6c,5146,PDE6C,mouse
54650,Sfmbt1,51460,SFMBT1,mouse
67549,Gpr89,51463,GPR89B,mouse
56228,Ube2j1,51465,UBE2J1,mouse
14026,Evl,51466,EVL,mouse
18582,Pde6d,5147,PDE6D,mouse
100504710,Nat8f6,51471,NAT8B,mouse
100043497,Nat8f7,51471,NAT8B,mouse
93673,Nat8f2,51471,NAT8B,mouse
66116,Nat8f1,51471,NAT8B,mouse
68396,Nat8,51471,NAT8B,mouse
75541,Nat8f4,51471,NAT8B,mouse
93674,Nat8f3,51471,NAT8B,mouse
69049,Nat8f5,51471,NAT8B,mouse
195208,Dcdc2a,51473,DCDC2,mouse
65970,Lima1,51474,LIMA1,mouse
29866,Cabp2,51475,CABP2,mouse
71780,Isyna1,51477,ISYNA1,mouse
15490,Hsd17b7,51478,HSD17B7,mouse
11736,Ankfy1,51479,ANKFY1,mouse
18588,Pde6g,5148,PDE6G,mouse
78600,Pde6h,5149,PDE6H,mouse
227695,Spout1,51490,SPOUT1,mouse
28126,Nop16,51491,NOP16,mouse
28088,Rtcb,51493,RTCB,mouse
57874,Hacd3,51495,HACD3,mouse
329506,Ctdspl2,51496,CTDSPL2,mouse
57314,Nelfcd,51497,NELFCD,mouse
69076,Triap1,51499,TRIAP1,mouse
11950,Atp5pb,515,ATP5PB,mouse
18583,Pde7a,5150,PDE7A,mouse
67669,Hikeshi,51501,HIKESHI,mouse
66070,Cwc15,51503,CWC15,mouse
67674,Trmt112,51504,TRMT112,mouse
66155,Ufc1,51506,UFC1,mouse
66404,Rtf2,51507,RTF2,mouse
18584,Pde8a,5151,PDE8A,mouse
76959,Chmp5,51510,CHMP5,mouse
29870,Gtse1,51512,GTSE1,mouse
76843,Dtl,51514,DTL,mouse
80987,Nckipsd,51517,NCKIPSD,mouse
18585,Pde9a,5152,PDE9A,mouse
107045,Lars,51520,LARS1,mouse
66154,Tmem14c,51522,TMEM14C,mouse
67393,Cxxc5,51523,CXXC5,mouse
72982,Tmem138,51524,TMEM138,mouse
66680,Oser1,51526,OSER1,mouse
66787,Gskip,51527,GSKIP,mouse
104771,Jkamp,51528,JKAMP,mouse
66740,Jkampl,51528,JKAMP,mouse
66156,Anapc11,51529,ANAPC11,mouse
18574,Pde1b,5153,PDE1B,mouse
232679,Zc3hc1,51530,ZC3HC1,mouse
74753,Trmo,51531,TRMO,mouse
71838,Phf7,51533,PHF7,mouse
66201,Vta1,51534,VTA1,mouse
223828,Pphln1,51535,PPHLN1,mouse
67900,Mtfp1,51537,MTFP1,mouse
619605,Zcchc17,51538,ZCCHC17,mouse
18590,Pdgfa,5154,PDGFA,mouse
50880,Scly,51540,SCLY,mouse
245944,Vps54,51542,VPS54,mouse
209011,Sirt7,51547,SIRT7,mouse
50721,Sirt6,51548,SIRT6,mouse
18591,Pdgfb,5155,PDGFB,mouse
67236,Cinp,51550,CINP,mouse
68365,Rab14,51552,RAB14,mouse
252837,Ackr4,51554,ACKR4,mouse
58869,Pex5l,51555,PEX5L,mouse
266744,Lgsn,51557,LGSN,mouse
103466,Nt5dc3,51559,NT5DC3,mouse
18595,Pdgfra,5156,PDGFRA,mouse
270192,Rab6b,51560,RAB6B,mouse
83430,Il23a,51561,IL23A,mouse
217588,Mbip,51562,MBIP,mouse
56233,Hdac7,51564,HDAC7,mouse
71703,Armcx3,51566,ARMCX3,mouse
56196,Tdp2,51567,TDP2,mouse
67890,Ufm1,51569,UFM1,mouse
68797,Pdgfrl,5157,PDGFRL,mouse
223601,Cyrib,51571,CYRIB,mouse
56209,Gde1,51573,GDE1,mouse
28036,Larp7,51574,LARP7,mouse
68280,Gm12666,51574,LARP7,mouse
66580,Esf1,51575,ESF1,mouse
18587,Pde6b,5158,PDE6B,mouse
54375,Azin1,51582,AZIN1,mouse
74737,Pcf11,51585,PCF11,mouse
94112,Med15,51586,MED15,mouse
59004,Pias4,51588,PIAS4,mouse
18596,Pdgfrb,5159,PDGFRB,mouse
94093,Trim33,51592,TRIM33,mouse
83701,Srrt,51593,SRRT,mouse
71169,Nbas,51594,NBAS,mouse
67675,Cuta,51596,CUTA,mouse
54135,Lsr,51599,LSR,mouse
11951,Atp5mc1,516,ATP5MC1,mouse
18597,Pdha1,5160,PDHA1,mouse
623661,Lipt1,51601,LIPT1,mouse
55989,Nop58,51602,NOP58,mouse
71449,Mettl13,51603,METTL13,mouse
78928,Pigt,51604,PIGT,mouse
66926,Trmt6,51605,TRMT6,mouse
108664,Atp6v1h,51606,ATP6V1H,mouse
67604,Get4,51608,GET4,mouse
18598,Pdha2,5161,PDHA2,mouse
69740,Dph5,51611,DPH5,mouse
66366,Ergic3,51614,ERGIC3,mouse
407786,Taf9b,51616,TAF9B,mouse
18197,Nsg2,51617,NSG2,mouse
68263,Pdhb,5162,PDHB,mouse
50794,Klf13,51621,KLF13,mouse
231874,Ccz1,51622,CCZ1,mouse
213575,Dync2li1,51626,DYNC2LI1,mouse
68066,Slc25a39,51629,SLC25A39,mouse
228026,Pdk1,5163,PDK1,mouse
192196,Luc7l2,51631,LUC7L2,mouse
72201,Otud6b,51633,OTUD6B,mouse
209003,Rbmx2,51634,RBMX2,mouse
66375,Dhrs7,51635,DHRS7,mouse
68045,Rtraf,51637,RTRAF,mouse
66055,Sf3b6,51639,SF3B6,mouse
18604,Pdk2,5164,PDK2,mouse
52443,Mrpl48,51642,MRPL48,mouse
68212,Tmbim4,51643,TMBIM4,mouse
68816,Ppil1,51645,PPIL1,mouse
383295,Ypel5,51646,YPEL5,mouse
68523,Ciao2b,51647,CIAO2B,mouse
64656,Mrps23,51649,MRPS23,mouse
236900,Pdk3,5165,PDK3,mouse
14548,Mrps33,51650,MRPS33,mouse
217057,Ptrh2,51651,PTRH2,mouse
66700,Chmp3,51652,CHMP3,mouse
66971,Cdk5rap1,51654,CDK5RAP1,mouse
19416,Rasd1,51655,RASD1,mouse
76571,Styxl1,51657,STYXL1,mouse
272551,Gins2,51659,GINS2,mouse
27273,Pdk4,5166,PDK4,mouse
55951,Mpc1,51660,MPC1,mouse
14231,Fkbp7,51661,FKBP7,mouse
22763,Zfr,51663,ZFR,mouse
65247,Asb1,51665,ASB1,mouse
65255,Asb4,51666,ASB4,mouse
53312,Nub1,51667,NUB1,mouse
72938,Hspb11,51668,HSPB11,mouse
67887,Saraf,51669,SARAF,mouse
18605,Enpp1,5167,ENPP1,mouse
67971,Tppp3,51673,TPPP3,mouse
65256,Asb2,51676,ASB2,mouse
56524,Pals2,51678,PALS2,mouse
18606,Enpp2,5168,ENPP2,mouse
24069,Sufu,51684,SUFU,mouse
53814,Oaz3,51686,OAZ3,mouse
209558,Enpp3,5169,ENPP3,mouse
66094,Lsm7,51690,LSM7,mouse
76522,Lsm8,51691,LSM8,mouse
54451,Cpsf3,51692,CPSF3,mouse
59005,Trappc2l,51693,TRAPPC2L,mouse
380629,Heca,51696,HECA,mouse
56433,Vps29,51699,VPS29,mouse
67942,Atp5g2,517,ATP5MC2,mouse
18607,Pdpk1,5170,PDPK1,mouse
320635,Cyb5r2,51700,CYB5R2,mouse
18099,Nlk,51701,NLK,mouse
433256,Acsl5,51703,ACSL5,mouse
64297,Gprc5b,51704,GPRC5B,mouse
59308,Emcn,51705,EMCN,mouse
72017,Cyb5r1,51706,CYB5R1,mouse
69227,Selenot,51714,SELENOT,mouse
19335,Rab23,51715,RAB23,mouse
104158,Ces1d,51716,CES1P1|LOC107987423,mouse
13884,Ces1c,51716,CES1P1|LOC107987423,mouse
12623,Ces1g,51716,CES1P1|LOC107987423,mouse
382044,Ces1b,51716,CES1P1|LOC107987423,mouse
75704,Ces1h,51716,CES1P1|LOC107987423,mouse
12283,Cab39,51719,CAB39,mouse
23985,Slc26a4,5172,SLC26A4,mouse
20184,Uimc1,51720,UIMC1,mouse
207215,Fbxo40,51725,FBXO40,mouse
67838,Dnajb11,51726,DNAJB11,mouse
66588,Cmpk1,51727,CMPK1,mouse
67005,Polr3k,51728,POLR3K,mouse
60321,Wbp11,51729,WBP11,mouse
18610,Pdyn,5173,PDYN,mouse
103149,Upb1,51733,UPB1,mouse
27361,Msrb1,51734,MSRB1,mouse
192786,Rapgef6,51735,RAPGEF6,mouse
58991,Ghrl,51738,GHRL,mouse
59020,Pdzk1,5174,PDZK1,mouse
80707,Wwox,51741,WWOX,mouse
94246,Arid4b,51742,ARID4B,mouse
18106,Cd244a,51744,CD244,mouse
67684,Luc7l3,51747,LUC7L3,mouse
18613,Pecam1,5175,PECAM1,mouse
269400,Rtel1,51750,RTEL1,mouse
75689,Higd1b,51751,HIGD1B,mouse
80898,Erap1,51752,ERAP1,mouse
242409,Tmem8b,51754,TMEM8B,mouse
69131,Cdk12,51755,CDK12,mouse
227707,BC005624,51759,C9orf78,mouse
20317,Serpinf1,5176,SERPINF1,mouse
110058,Syt17,51760,SYT17,mouse
108168164,Atp8a2|LOC108168164,51761,ATP8A2,mouse
50769,Atp8a2|LOC108168164,51761,ATP8A2,mouse
235442,Rab8b,51762,RAB8B,mouse
19062,Inpp5k,51763,INPP5K,mouse
64337,Gng13,51764,GNG13,mouse
70415,Stk26,51765,STK26,mouse
67623,Tm7sf3,51768,TM7SF3,mouse
233532,Rsf1,51773,RSF1,mouse
65964,Map3k20,51776,MAP3K20,mouse
59006,Myoz2,51778,MYOZ2,mouse
18616,Peg3,5178,PEG3,mouse
277250,Kdm3b,51780,KDM3B,mouse
18619,Penk,5179,PENK,mouse
228033,Atp5g3,518,ATP5MC3,mouse
20474,Six4,51804,SIX4,mouse
230027,Coq3,51805,COQ3,mouse
494124,Calm5,51806,CALML5,mouse
80796,Calm4,51806,CALML5,mouse
53857,Tuba8,51807,TUBA8,mouse
56698,Phax,51808,PHAX,mouse
108150,Galnt7,51809,GALNT7,mouse
18624,Pepd,5184,PEPD,mouse
18626,Per1,5187,PER1,mouse
229487,Gatb,5188,GATB,mouse
71382,Pex1,5189,PEX1,mouse
224824,Pex6,5190,PEX6,mouse
18634,Pex7,5191,PEX7,mouse
668173,Pex10,5192,PEX10,mouse
103737,Pex12,5193,PEX12,mouse
72129,Pex13,5194,PEX13,mouse
56273,Pex14,5195,PEX14,mouse
56744,Pf4,5196,PF4,mouse
56744,Pf4,5197,PF4V1,mouse
237823,Pfas,5198,PFAS,mouse
18636,Cfp,5199,CFP,mouse
11431,Acp1,52,ACP1,mouse
67199,Pfdn1,5201,PFDN1,mouse
18637,Pfdn2,5202,PFDN2,mouse
109054,Pfdn4,5203,PFDN4,mouse
56612,Pfdn5,5204,PFDN5,mouse
54670,Atp8b1,5205,ATP8B1,mouse
18639,Pfkfb1,5207,PFKFB1,mouse
18640,Pfkfb2,5208,PFKFB2,mouse
170768,Pfkfb3,5209,PFKFB3,mouse
11958,Atp5k,521,ATP5ME,mouse
270198,Pfkfb4,5210,PFKFB4,mouse
18641,Pfkl,5211,PFKL,mouse
74199,Vit,5212,VIT,mouse
18642,Pfkm,5213,PFKM,mouse
56421,Pfkp,5214,PFKP,mouse
18643,Pfn1,5216,PFN1,mouse
18645,Pfn2,5217,PFN2,mouse
18647,Cdk14,5218,CDK14,mouse
11957,Atp5j,522,ATP5PF,mouse
58803,Pga5,5222,PGA5,mouse
18648,Pgam1,5223,PGAM1,mouse
56012,Pgam2,5224,PGAM2,mouse
109820,Pgc,5225,PGC,mouse
110208,Pgd,5226,PGD,mouse
18654,Pgf,5228,PGF,mouse
225467,Pggt1b,5229,PGGT1B,mouse
11964,Atp6v1a,523,ATP6V1A,mouse
18655,Pgk1,5230,PGK1,mouse
18663,Pgk2,5232,PGK2,mouse
72157,Pgm1,5236,PGM1,mouse
109785,Pgm3,5238,PGM3,mouse
226041,Pgm5,5239,PGM5,mouse
18667,Pgr,5241,PGR,mouse
18669,Abcb1b,5243,ABCB1,mouse
18671,Abcb1a,5243,ABCB1,mouse
18670,Abcb4,5244,ABCB4,mouse
18673,Phb1,5245,PHB1,mouse
110935,Atp6v1b1,525,ATP6V1B1,mouse
18674,Slc25a3,5250,SLC25A3,mouse
18675,Phex,5251,PHEX,mouse
21652,Phf1,5252,PHF1,mouse
18676,Phf2,5253,PHF2,mouse
18679,Phka1,5255,PHKA1,mouse
110094,Phka2,5256,PHKA2,mouse
102093,Phkb,5257,PHKB,mouse
11966,Atp6v1b2,526,ATP6V1B2,mouse
18682,Phkg1,5260,PHKG1,mouse
68961,Phkg2,5261,PHKG2,mouse
16922,Phyh,5264,PHYH,mouse
20704,Serpina1e,5265,SERPINA1,mouse
20703,Serpina1d,5265,SERPINA1,mouse
20702,Serpina1c,5265,SERPINA1,mouse
20701,Serpina1b,5265,SERPINA1,mouse
20700,Serpina1a,5265,SERPINA1,mouse
20724,Serpinb5,5268,SERPINB5,mouse
238568,Serpinb6d,5269,SERPINB6,mouse
20719,Serpinb6a,5269,SERPINB6,mouse
20708,Serpinb6b,5269,SERPINB6,mouse
435350,Serpinb6e,5269,SERPINB6,mouse
97848,Serpinb6c,5269,SERPINB6,mouse
11984,Atp6v0c,527,ATP6V0C,mouse
20720,Serpine2,5270,SERPINE2,mouse
20725,Serpinb8,5271,SERPINB8,mouse
20709,Serpinb9f,5272,SERPINB9,mouse
20706,Serpinb9b,5272,SERPINB9,mouse
20723,Serpinb9,5272,SERPINB9,mouse
20710,Serpinb9e,5272,SERPINB9,mouse
20707,Serpinb9c,5272,SERPINB9,mouse
20726,Serpinb9d,5272,SERPINB9,mouse
544923,Serpinb9h,5272,SERPINB9,mouse
93806,Serpinb9g,5272,SERPINB9,mouse
241197,Serpinb10,5273,SERPINB10,mouse
20713,Serpini1,5274,SERPINI1,mouse
241196,Serpinb13,5275,SERPINB13,mouse
67931,Serpini2,5276,SERPINI2,mouse
18700,Piga,5277,PIGA,mouse
67292,Pigc,5279,PIGC,mouse
66335,Atp6v1c1,528,ATP6V1C1,mouse
18701,Pigf,5281,PIGF,mouse
110417,Pigh,5283,PIGH,mouse
18703,Pigr,5284,PIGR,mouse
18704,Pik3c2a,5286,PIK3C2A,mouse
240752,Pik3c2b,5287,PIK3C2B,mouse
18705,Pik3c2g,5288,PIK3C2G,mouse
225326,Pik3c3,5289,PIK3C3,mouse
11973,Atp6v1e1,529,ATP6V1E1,mouse
18706,Pik3ca,5290,PIK3CA,mouse
74769,Pik3cb,5291,PIK3CB,mouse
18712,Pim1,5292,PIM1,mouse
18707,Pik3cd,5293,PIK3CD,mouse
30955,Pik3cg,5294,PIK3CG,mouse
18708,Pik3r1,5295,PIK3R1,mouse
18709,Pik3r2,5296,PIK3R2,mouse
224020,Pi4ka,5297,PI4KA,mouse
107650,Pi4kb,5298,PI4KB,mouse
11432,Acp2,53,ACP2,mouse
23988,Pin1,5300,PIN1,mouse
241593,Pin1rt1,5300,PIN1,mouse
69713,Pin4,5303,PIN4,mouse
18716,Pip,5304,PIP,mouse
84543,Sval2,5304,PIP,mouse
18718,Pip4k2a,5305,PIP4K2A,mouse
18738,Pitpna,5306,PITPNA,mouse
18740,Pitx1,5307,PITX1,mouse
18741,Pitx2,5308,PITX2,mouse
18742,Pitx3,5309,PITX3,mouse
18763,Pkd1,5310,PKD1,mouse
18764,Pkd2,5311,PKD2,mouse
18770,Pklr,5313,PKLR,mouse
241035,Pkhd1,5314,PKHD1,mouse
18746,Pkm,5315,PKM,mouse
18771,Pknox1,5316,PKNOX1,mouse
18772,Pkp1,5317,PKP1,mouse
67451,Pkp2,5318,PKP2,mouse
18778,Pla2g1b,5319,PLA2G1B,mouse
18780,Pla2g2a,5320,PLA2G2A,mouse
18783,Pla2g4a,5321,PLA2G4A,mouse
18784,Pla2g5,5322,PLA2G5,mouse
56711,Plag1,5324,PLAG1,mouse
22634,Plagl1,5325,PLAGL1,mouse
54711,Plagl2,5326,PLAGL2,mouse
18791,Plat,5327,PLAT,mouse
18792,Plau,5328,PLAU,mouse
18793,Plaur,5329,PLAUR,mouse
114143,Atp6v0b,533,ATP6V0B,mouse
18796,Plcb2,5330,PLCB2,mouse
18797,Plcb3,5331,PLCB3,mouse
18798,Plcb4,5332,PLCB4,mouse
18799,Plcd1,5333,PLCD1,mouse
14025,Bcl11a,53335,BCL11A,mouse
382239,Cpxcr1,53336,CPXCR1,mouse
83962,Btbd1,53339,BTBD1,mouse
227120,Plcl1,5334,PLCL1,mouse
20686,Spa17,53340,SPA17,mouse
239114,Il17d,53342,IL17D,mouse
74167,Nudt9,53343,NUDT9,mouse
12212,Chic1,53344,CHIC1,mouse
107770,Tm6sf2,53345,TM6SF2,mouse
107769,Tm6sf1,53346,TM6SF1,mouse
328795,Ubash3a,53347,UBASH3A,mouse
217695,Zfyve1,53349,ZFYVE1,mouse
18803,Plcg1,5335,PLCG1,mouse
94217,Lrp1b,53353,LRP1B,mouse
75735,Pank1,53354,PANK1,mouse
20418,Shc3,53358,SHC3,mouse
234779,Plcg2,5336,PLCG2,mouse
18805,Pld1,5337,PLD1,mouse
269113,Nup54,53371,NUP54,mouse
252972,Tpcn1,53373,TPCN1,mouse
18806,Pld2,5338,PLD2,mouse
18810,Plec,5339,PLEC,mouse
66237,Atp6v1g2,534,ATP6V1G2,mouse
18815,Plg,5340,PLG,mouse
224796,Clic5,53405,CLIC5,mouse
71116,Stx18,53407,STX18,mouse
56193,Plek,5341,PLEK,mouse
18815,Plg,5342,PLGLB2,mouse
18815,Plg,5343,PLGLB1,mouse
18816,Serpinf2,5345,SERPINF2,mouse
103968,Plin1,5346,PLIN1,mouse
18817,Plk1,5347,PLK1,mouse
56188,Fxyd1,5348,FXYD1,mouse
17178,Fxyd3,5349,FXYD3,mouse
11975,Atp6v0a1,535,ATP6V0A1,mouse
18821,Pln,5350,PLN,mouse
18822,Plod1,5351,PLOD1,mouse
26432,Plod2,5352,PLOD2,mouse
18823,Plp1,5354,PLP1,mouse
18824,Plp2,5355,PLP2,mouse
620648,Prp2rt,5355,PLP2,mouse
53317,Plrg1,5356,PLRG1,mouse
102502,Pls1,5357,PLS1,mouse
102866,Pls3,5358,PLS3,mouse
18828,Plscr2,5359,PLSCR1,mouse
22038,Plscr1,5359,PLSCR1,mouse
78459,1700057G04Rik,5359,PLSCR1,mouse
18830,Pltp,5360,PLTP,mouse
18844,Plxna1,5361,PLXNA1,mouse
17192,Mbd3,53615,MBD3,mouse
11496,Adam22,53616,ADAM22,mouse
18845,Plxna2,5362,PLXNA2,mouse
63857,Bco1,53630,BCO1,mouse
241113,Prkag3,53632,PRKAG3,mouse
84113,Ptov1,53635,PTOV1,mouse
94226,S1pr5,53637,S1PR5,mouse
235611,Plxnb1,5364,PLXNB1,mouse
140571,Plxnb3,5365,PLXNB3,mouse
58801,Pmaip1,5366,PMAIP1,mouse
110312,Pmch,5367,PMCH,mouse
18155,Pnoc,5368,PNOC,mouse
110312,Pmch,5369,PMCHL1,mouse
54411,Atp6ap1,537,ATP6AP1,mouse
110312,Pmch,5370,PMCHL2,mouse
18854,Pml,5371,PML,mouse
29858,Pmm1,5372,PMM1,mouse
54128,Pmm2,5373,PMM2|LOC100130283,mouse
18857,Pmp2,5375,PMP2,mouse
18858,Pmp22,5376,PMP22,mouse
227099,Pms1,5378,PMS1,mouse
11977,Atp7a,538,ATP7A,mouse
170765,Ripply3,53820,RIPPLY3,mouse
57780,Fxyd7,53822,FXYD7,mouse
59095,Fxyd6,53826,FXYD6,mouse
18301,Fxyd5,53827,FXYD5,mouse
108017,Fxyd4,53828,FXYD4,mouse
74191,P2ry13,53829,P2RY13,mouse
80910,Gpr84,53831,GPR84,mouse
237313,Il20ra,53832,IL20RA,mouse
213208,Il20rb,53833,IL20RB,mouse
116701,Fgfrl1,53834,FGFRL1,mouse
84111,Gpr87,53836,GPR87,mouse
72056,1810055G02Rik,53838,C11orf24,mouse
434218,Trim34b,53840,TRIM34,mouse
94094,Trim34a,53840,TRIM34,mouse
72040,Cdhr5,53841,CDHR5,mouse
75677,Cldn22,53842,CLDN22,mouse
28080,Atp5po,539,ATP5PO,mouse
667663,Myo3a,53904,MYO3A,mouse
99439,Duox1,53905,DUOX1,mouse
19342,Rab4b,53916,RAB4B,mouse
19336,Rab24,53917,RAB24,mouse
105083,Pelo,53918,PELO,mouse
58807,Slco1c1,53919,SLCO1C1,mouse
50911,Exosc9,5393,EXOSC9,mouse
70225,Ppil3,53938,PPIL3,mouse
50912,Exosc10,5394,EXOSC10,mouse
434729,Fthl17f,53940,FTHL17,mouse
83457,Fthl17e,53940,FTHL17,mouse
71996,Fthl17a,53940,FTHL17,mouse
244682,Cntn5,53942,CNTN5,mouse
214897,Csnk1g1,53944,CSNK1G1,mouse
239559,A4galt,53947,A4GALT,mouse
18861,Pms2,5395,PMS2,mouse
18933,Prrx1,5396,PRRX1,mouse
51786,Cpsf2,53981,CPSF2,mouse
11433,Acp5,54,ACP5,mouse
11979,Atp7b,540,ATP7B,mouse
93871,Brwd1,54014,BRWD1,mouse
224674,Slc37a1,54020,SLC37A1,mouse
224344,Rbm11,54033,RBM11,mouse
59093,Pcbp3,54039,PCBP3,mouse
76964,2610028H24Rik,54058,C21orf58,mouse
216119,Ybey,54059,YBEY,mouse
69060,Pnlip,5406,PNLIP,mouse
68936,Smim11,54065,SMIM11,mouse
66578,Mis18a,54069,MIS18A,mouse
18946,Pnliprp1,5407,PNLIPRP1,mouse
18947,Pnliprp2,5408,PNLIPRP2,mouse
252974,Tspear,54084,TSPEAR,mouse
18948,Pnmt,5409,PNMT,mouse
224440,Setd4,54093,SETD4,mouse
52793,Fam3b,54097,FAM3B,mouse
72388,Ripk4,54101,RIPK4,mouse
209195,Clic6,54102,CLIC6,mouse
212167,Gsap,54103,GSAP,mouse
81897,Tlr9,54106,TLR9,mouse
59001,Pole3,54107,POLE3,mouse
93696,Chrac1,54108,CHRAC1,mouse
18949,Pnn,5411,PNN,mouse
64378,Gpr88,54112,GPR88,mouse
24109,Ubl3,5412,UBL3,mouse
18951,Septin5,5413,SEPTIN5,mouse
18952,Septin4,5414,SEPTIN4,mouse
270599,Gm648,541465,CT45A6,mouse
270599,Gm648,541466,CT45A1,mouse
68075,Lurap1,541468,LURAP1,mouse
100043424,Morrbid,541471,MIR4435-2HG,mouse
27393,Mrpl39,54148,MRPL39,mouse
67102,D16Ertd472e,54149,C21orf91,mouse
268759,9930012K11Rik,541565,C8orf58,mouse
68618,Eola1,541578,EOLA2,mouse
114893,Dcun1d1,54165,DCUN1D1,mouse
54339,Tes3-ps,54165,DCUN1D1,mouse
94181,Nans,54187,NANS,mouse
27205,Podxl,5420,PODXL,mouse
13063,Cycs,54205,CYCS,mouse
74155,Errfi1,54206,ERRFI1,mouse
72258,Kcnk10,54207,KCNK10,mouse
83433,Trem2,54209,TREM2,mouse
58217,Trem1,54210,TREM1,mouse
71096,Sntg1,54212,SNTG1,mouse
18968,Pola1,5422,POLA1,mouse
268534,Sntg2,54221,SNTG2,mouse
18970,Polb,5423,POLB,mouse
18971,Pold1,5424,POLD1,mouse
18972,Pold2,5425,POLD2,mouse
18973,Pole,5426,POLE,mouse
18974,Pole2,5427,POLE2,mouse
18975,Polg,5428,POLG,mouse
80905,Polh,5429,POLH,mouse
20020,Polr2a,5430,POLR2A,mouse
231329,Polr2b,5431,POLR2B,mouse
20021,Polr2c,5432,POLR2C,mouse
70771,Gpr173,54328,GPR173,mouse
64450,Gpr85,54329,GPR85,mouse
69241,Polr2d,5433,POLR2D,mouse
14702,Gng2,54331,GNG2,mouse
14545,Gdap1,54332,GDAP1,mouse
66420,Polr2e,5434,POLR2E,mouse
68563,Dpm3,54344,DPM3,mouse
20672,Sox18,54345,SOX18,mouse
381058,Unc93a,54346,UNC93A,mouse
667055,Unc93a2,54346,UNC93A,mouse
69833,Polr2f,5435,POLR2F,mouse
67710,Polr2g,5436,POLR2G,mouse
231162,Cytl1,54360,CYTL1,mouse
22417,Wnt4,54361,WNT4,mouse
15112,Hao1,54363,HAO1,mouse
245841,Polr2h,5437,POLR2H,mouse
69920,Polr2i,5438,POLR2I,mouse
57321,Terf2ip,54386,TERF2IP|LOC105371348,mouse
20022,Polr2j,5439,POLR2J,mouse
17749,Polr2k,5440,POLR2K,mouse
67760,Slc38a2,54407,SLC38A2,mouse
66491,Polr2l,5441,POLR2L,mouse
245537,Nlgn3,54413,NLGN3,mouse
22619,Siae,54414,SIAE,mouse
216151,Polrmt,5442,POLRMT,mouse
18976,Pomc,5443,POMC,mouse
66861,Dnajc10,54431,DNAJC10,mouse
230584,Yipf1,54432,YIPF1,mouse
68147,Gar1,54433,GAR1,mouse
231637,Ssh1,54434,SSH1,mouse
231147,Sh3tc1,54436,SH3TC1,mouse
20357,Sema5b,54437,SEMA5B,mouse
328232,Gfod1,54438,GFOD1,mouse
225432,Rbm27,54439,RBM27,mouse
18979,Pon1,5444,PON1,mouse
74131,Sash3,54440,SASH3,mouse
69259,Kctd5,54442,KCTD5,mouse
68743,Anln,54443,ANLN,mouse
330260,Pon2,5445,PON2,mouse
74030,Rin2|BC039771,54453,RIN2,mouse
320817,Atad2b,54454,ATAD2B,mouse
213499,Fbxo42,54455,FBXO42,mouse
83456,Mov10l1,54456,MOV10L1,mouse
74469,Taf7l,54457,TAF7L,mouse
66151,Prr13,54458,PRR13,mouse
269823,Pon3,5446,PON3,mouse
66292,Mrps21,54460,MRPS21,mouse
30839,Fbxw5,54461,FBXW5,mouse
72972,Ccser2,54462,CCSER2,mouse
66270,Retreg1,54463,RETREG1,mouse
24127,Xrn1,54464,XRN1,mouse
68145,Etaa1,54465,ETAA1,mouse
100504429,Spin2d,54466,SPIN2A,mouse
108168658,Gm20914,54466,SPIN2A,mouse
108168642,Gm20918,54466,SPIN2A,mouse
100862118,Spin2-ps10|Spin2i|Spin2e,54466,SPIN2A,mouse
100861879,Gm21292,54466,SPIN2A,mouse
100040160,Gm20826,54466,SPIN2A,mouse
108168638,Gm20830,54466,SPIN2A,mouse
108168578,Gm20825,54466,SPIN2A,mouse
108168466,Spin2f,54466,SPIN2A,mouse
278240,Spin2c,54466,SPIN2A,mouse
70009,Ssty2|Gm21242|Gm21065,54466,SPIN2A,mouse
70797,Ankib1,54467,ANKIB1,mouse
252875,Mios,54468,MIOS,mouse
65098,Zfand6,54469,ZFAND6,mouse
18984,Por,5447,POR,mouse
278097,Armcx6,54470,ARMCX6,mouse
239555,Mief1,54471,MIEF1,mouse
54473,Tollip,54472,TOLLIP,mouse
66809,Krt20,54474,KRT20,mouse
217011,Nle1,54475,NLE1,mouse
108086,Rnf216,54476,RNF216,mouse
109135,Plekha5,54477,PLEKHA5,mouse
109212,Pimreg,54478,PIMREG,mouse
100910,Chpf2,54480,CHPF2,mouse
229780,Trmt13,54482,TRMT13,mouse
94223,Dgcr8,54487,DGCR8,mouse
18736,Pou1f1,5449,POU1F1,mouse
100559,Ugt2b38,54490,UGT2B28,mouse
112417,Ugt2b37,54490,UGT2B28,mouse
22238,Ugt2b5,54490,UGT2B28,mouse
231396,Ugt2b36,54490,UGT2B28,mouse
243085,Ugt2b35,54490,UGT2B28,mouse
71773,Ugt2b1,54490,UGT2B28,mouse
223433,Otulinl,54491,OTULINL,mouse
240055,Neurl1b,54492,NEURL1B,mouse
434402,Gm5617,54494,C11orf71,mouse
67988,Tmx3,54495,TMX3,mouse
214572,Prmt7,54496,PRMT7,mouse
320473,Heatr5b,54497,HEATR5B,mouse
228608,Smox,54498,SMOX,mouse
68944,Tmco1,54499,TMCO1,mouse
245000,Atr,545,ATR,mouse
18985,Pou2af1,5450,POU2AF1,mouse
245945,Rbm47,54502,RBM47,mouse
243983,Zdhhc13,54503,ZDHHC13,mouse
71287,Cpvl,54504,CPVL,mouse
218629,Dhx29,54505,DHX29,mouse
229595,Adamtsl4,54507,ADAMTSL4,mouse
23912,Rhof,54509,RHOF,mouse
18986,Pou2f1,5451,POU2F1,mouse
73173,Pcdh18,54510,PCDH18,mouse
208982,Hmgcll1,54511,HMGCLL1,mouse
109075,Exosc4,54512,EXOSC4,mouse
13206,Ddx4,54514,DDX4,mouse
108853,Mtrf1l,54516,MTRF1L,mouse
78697,Pus7,54517,PUS7,mouse
54519,Apbb1ip,54518,APBB1IP,mouse
18987,Pou2f2,5452,POU2F2,mouse
70829,Ccdc93,54520,CCDC93,mouse
72404,Wdr44,54521,WDR44,mouse
320816,Ankrd16,54522,ANKRD16,mouse
70396,Asnsd1,54529,ASNSD1,mouse
18991,Pou3f1,5453,POU3F1,mouse
70427,Mier2,54531,MIER2,mouse
99526,Usp53,54532,USP53,mouse
28028,Mrpl50,54534,MRPL50,mouse
240084,Cchcr1,54535,CCHCR1,mouse
107371,Exoc6,54536,EXOC6,mouse
75698,Shld2,54537,SHLD2,mouse
74144,Robo4,54538,ROBO4,mouse
104130,Ndufb11,54539,NDUFB11,mouse
66346,Ndufb11b,54539,NDUFB11,mouse
18992,Pou3f2,5454,POU3F2,mouse
212483,Fam193b,54540,FAM193B,mouse
74747,Ddit4,54541,DDIT4,mouse
319817,Rc3h2,54542,RC3H2,mouse
66169,Tomm7,54543,TOMM7,mouse
74175,Crct1,54544,CRCT1,mouse
268783,Mtmr12,54545,MTMR12,mouse
66825,Rnf186,54546,RNF186,mouse
237979,Sdk2,54549,SDK2,mouse
18993,Pou3f3,5455,POU3F3,mouse
117148,Necab2,54550,NECAB2,mouse
27385,Magel2,54551,MAGEL2,mouse
237107,Gnl3l,54552,GNL3L,mouse
69544,Wdr5b,54554,WDR5B,mouse
234374,Ddx49,54555,DDX49,mouse
71777,Ing3,54556,ING3,mouse
218544,Sgtb,54557,SGTB,mouse
67946,Spata6,54558,SPATA6,mouse
18994,Pou3f4,5456,POU3F4,mouse
54357,Epb41l4b,54566,EPB41L4B,mouse
54485,Dll4,54567,DLL4,mouse
18996,Pou4f1,5457,POU4F1,mouse
394434,Ugt1a9,54575,UGT1A10,mouse
394430,Ugt1a10,54575,UGT1A10,mouse
394432,Ugt1a7c,54575,UGT1A10,mouse
613123,Ugt1a8,54575,UGT1A10,mouse
613123,Ugt1a8,54576,UGT1A8,mouse
394432,Ugt1a7c,54576,UGT1A8,mouse
394434,Ugt1a9,54576,UGT1A8,mouse
394430,Ugt1a10,54576,UGT1A8,mouse
613123,Ugt1a8,54577,UGT1A7,mouse
394430,Ugt1a10,54577,UGT1A7,mouse
394432,Ugt1a7c,54577,UGT1A7,mouse
394434,Ugt1a9,54577,UGT1A7,mouse
394432,Ugt1a7c,54578,UGT1A6,mouse
394435,Ugt1a6b,54578,UGT1A6,mouse
94284,Ugt1a6a,54578,UGT1A6,mouse
18997,Pou4f2,5458,POU4F2,mouse
112405,Egln1,54583,EGLN1,mouse
13972,Gnb1l,54584,GNB1L,mouse
93730,Lztfl1,54585,LZTFL1,mouse
67753,Eqtn,54586,EQTN,mouse
74761,Mxra8,54587,MXRA8,mouse
18998,Pou4f3,5459,POU4F3,mouse
381591,L1td1,54596,L1TD1,mouse
22589,Atrx,546,ATRX,mouse
18999,Pou5f1,5460,POU5F1,mouse
394434,Ugt1a9,54600,UGT1A9,mouse
613123,Ugt1a8,54600,UGT1A9,mouse
394430,Ugt1a10,54600,UGT1A9,mouse
394432,Ugt1a7c,54600,UGT1A9,mouse
76273,Ndfip2,54602,NDFIP2,mouse
52513,Ddx56,54606,DDX56,mouse
68142,Ino80,54617,INO80,mouse
240665,Ccnj,54619,CCNJ,mouse
18999,Pou5f1,5462,POU5F1B,mouse
233902,Fbxl19,54620,FBXL19,mouse
231668,Vsig10,54621,VSIG10,mouse
218639,Arl15,54622,ARL15,mouse
54624,Paf1,54623,PAF1,mouse
547253,Parp14,54625,PARP14,mouse
15206,Hes2,54626,HES2,mouse
74393,Map10,54627,MAP10,mouse
235461,Mindy2,54629,MINDY2,mouse
19009,Pou6f1,5463,POU6F1,mouse
67895,Ppa1,5464,PPA1,mouse
19013,Ppara,5465,PPARA,mouse
22236,Ugt1a2,54657,UGT1A4,mouse
394433,Ugt1a5,54657,UGT1A4,mouse
394436,Ugt1a1,54658,UGT1A1,mouse
22236,Ugt1a2,54659,UGT1A3,mouse
394433,Ugt1a5,54659,UGT1A3,mouse
93892,Pcdhb21,54660,PCDHB18P,mouse
70296,Tbc1d13,54662,TBC1D13,mouse
107071,Wdr74,54663,WDR74,mouse
71900,Tmem106b,54664,TMEM106B,mouse
229675,Rsbn1,54665,RSBN1,mouse
19015,Ppard|1810013A23Rik,5467,PPARD,mouse
16981,Lrrn3,54674,LRRN3,mouse
66586,Crls1,54675,CRLS1,mouse
56055,Gtpbp2,54676,GTPBP2,mouse
74114,Crot,54677,CROT,mouse
19016,Pparg,5468,PPARG,mouse
229937,Znhit6,54680,ZNHIT6,mouse
74443,P4htm,54681,P4HTM,mouse
67729,Mansc1,54682,MANSC1,mouse
19014,Med1,5469,MED1,mouse
16560,Kif1a,547,KIF1A,mouse
19023,Ppef2,5470,PPEF2,mouse
106298,Rrn3,54700,RRN3,mouse
381511,Pdp1,54704,PDP1,mouse
100210,Gpn2,54707,GPN2,mouse
69104,Marchf5,54708,MARCHF5,mouse
231327,Ppat,5471,PPAT,mouse
30952,Cngb3,54714,CNGB3,mouse
268859,Rbfox1,54715,RBFOX1,mouse
102680,Slc6a20a,54716,SLC6A20,mouse
22599,Slc6a20b,54716,SLC6A20,mouse
238555,Btn2a2,54718,BTN2A3P,mouse
73945,Otud4,54726,OTUD4,mouse
672284,Nkx1-1,54729,NKX1-1,mouse
57349,Ppbp,5473,PPBP,mouse
67511,Tmed9,54732,TMED9,mouse
72022,Slc35f2,54733,SLC35F2,mouse
270160,Rab39,54734,RAB39A,mouse
75339,Mphosph8,54737,MPHOSPH8,mouse
260298,Fev,54738,FEV,mouse
327959,Xaf1,54739,XAF1,mouse
230514,Leprot,54741,LEPROT,mouse
76486,Ly6k,54742,LY6K,mouse
105298,Epdr1,54749,EPDR1,mouse
237178,Ppef1,5475,PPEF1,mouse
74202,Fblim1,54751,FBLIM1,mouse
78919,Fndc8,54752,FNDC8,mouse
330230,Zfp853,54753,ZNF853,mouse
328250,Nutm2,54754,NUTM2F,mouse
171463,Il17rd,54756,IL17RD,mouse
208659,Fam20a,54757,FAM20A,mouse
234825,Klhdc4,54758,KLHDC4,mouse
19025,Ctsa,5476,CTSA,mouse
18551,Pcsk4,54760,PCSK4,mouse
207798,Gramd1c,54762,GRAMD1C,mouse
76378,Ropn1,54763,ROPN1,mouse
360216,Zranb1,54764,ZRANB1,mouse
80985,Trim44,54765,TRIM44,mouse
56057,Btg4,54766,BTG4,mouse
244653,Hydin,54768,HYDIN,mouse
68203,Diras2,54769,DIRAS2,mouse
232807,Ppp1r12c,54776,PPP1R12C,mouse
212124,Cfap46,54777,CFAP46,mouse
93836,Rnf111,54778,RNF111,mouse
268373,Ppia,5478,PPIA,mouse
67872,Nsmce4a,54780,NSMCE4A,mouse
72041,Alkbh4,54784,ALKBH4,mouse
71923,Borcs6,54785,BORCS6,mouse
56709,Dnajb12,54788,DNAJB12,mouse
19035,Ppib,5479,PPIB,mouse
214133,Tet2,54790,TET2,mouse
105440,Kctd9,54793,KCTD9,mouse
68667,Trpm4,54795,TRPM4,mouse
242509,Bnc2,54796,BNC2,mouse
67219,Med18,54797,MED18,mouse
100534287,Dchs2,54798,DCHS2,mouse
103537,Mbtd1,54799,MBTD1,mouse
19038,Ppic,5480,PPIC,mouse
75785,Klhl24,54800,KLHL24,mouse
230376,Haus6,54801,HAUS6,mouse
66966,Trit1,54802,TRIT1,mouse
94219,Cnnm2,54805,CNNM2,mouse
52906,Ahi1,54806,AHI1,mouse
22768,Zfy2,54807,ZNF586,mouse
22767,Zfy1,54807,ZNF586,mouse
69190,Dym,54808,DYM,mouse
67738,Ppid,5481,PPID,mouse
54120,Gipc2,54810,GIPC2,mouse
22767,Zfy1,54811,ZNF562,mouse
22768,Zfy2,54811,ZNF562,mouse
77519,Zfp266,54811,ZNF562,mouse
216549,Aftph,54812,AFTPH,mouse
66689,Klhl28,54813,KLHL28,mouse
67369,Qpctl,54814,QPCTL,mouse
234366,Gatad2a,54815,GATAD2A,mouse
235469,Zfp280d,54816,ZNF280D,mouse
67966,Zcchc10,54819,ZCCHC10,mouse
67203,Nde1,54820,NDE1,mouse
236930,Ercc6l,54821,ERCC6L,mouse
58800,Trpm7,54822,TRPM7,mouse
66875,Swt1,54823,SWT1,mouse
268663,Cdhr2,54825,CDHR2,mouse
252876,Gin1,54826,GIN1,mouse
244853,Nxpe4,54827,NXPE4,mouse
192197,Bcas3,54828,BCAS3,mouse
66695,Aspn,54829,ASPN,mouse
279706,Nup62cl,54830,NUP62CL,mouse
212989,Best2,54831,BEST2,mouse
320528,Vps13c,54832,VPS13C,mouse
14547,Gdap2,54834,GDAP2,mouse
192120,Bspry,54836,BSPRY,mouse
226178,Wbp1l,54838,WBP1L|CYP17A1-AS1,mouse
102747,Lrrc49,54839,LRRC49,mouse
66408,Aptx,54840,APTX,mouse
246229,Bivm,54841,BIVM,mouse
98682,Mfsd6,54842,MFSD6,mouse
83671,Sytl2,54843,SYTL2,mouse
207920,Esrp1,54845,ESRP1,mouse
320007,Sidt1,54847,SIDT1,mouse
77669,Arhgef38,54848,ARHGEF38,mouse
23854,Def8,54849,DEF8,mouse
30843,Fbxl12,54850,FBXL12,mouse
56503,Ankrd49,54851,ANKRD49,mouse
74090,Paqr5,54852,PAQR5,mouse
67936,Wdr55,54853,WDR55,mouse
73813,Fam83e,54854,FAM83E,mouse
74645,Tent5c,54855,TENT5C,mouse
76022,Gon4l,54856,GON4L,mouse
71584,Gdpd2,54857,GDPD2,mouse
66522,Pgpep1,54858,PGPEP1,mouse
72341,Elp6,54859,ELP6,mouse
75764,Slx1b,548593,SLX1A,mouse
12716,Ckmt1,548596,CKMT1A,mouse
381213,Ms4a12,54860,MS4A12,mouse
20623,Snrk,54861,SNRK,mouse
212139,Cc2d1a,54862,CC2D1A,mouse
227612,Tor4a,54863,TOR4A,mouse
20022,Polr2j,548644,POLR2J3,mouse
72429,Dnajc25,548645,DNAJC25,mouse
66614,Gpatch4,54865,GPATCH4,mouse
72112,Ppp1r14d,54866,PPP1R14D,mouse
68796,Tmem214,54867,TMEM214,mouse
320534,Tmem104,54868,TMEM104,mouse
67425,Eps8l1,54869,EPS8L1,mouse
69232,Qrich1,54870,QRICH1,mouse
433931,Pigg,54872,PIGG,mouse
114301,Palmd,54873,PALMD,mouse
214459,Fnbp1l,54874,FNBP1L,mouse
338349,Cntln,54875,CNTLN,mouse
227449,Zcchc2,54877,ZCCHC2,mouse
74388,Dpp8,54878,DPP8,mouse
229681,St7l,54879,ST7L,mouse
71458,Bcor,54880,BCOR,mouse
269536,Tex10,54881,TEX10,mouse
108857,Ankhd1,54882,ANKHD1,mouse
67480,Cwc25,54883,CWC25,mouse
67442,Retsat,54884,RETSAT,mouse
245638,Tbc1d8b,54885,TBC1D8B,mouse
272031,Plppr1,54886,PLPPR1,mouse
224648,Bltp3a,54887,UHRF1BP1,mouse
28114,Nsun2,54888,NSUN2,mouse
268420,Alkbh5,54890,ALKBH5,mouse
227195,Ino80d,54891,INO80D,mouse
76044,Ncapg2,54892,NCAPG2,mouse
233315,Mtmr10,54893,MTMR10,mouse
207742,Rnf43,54894,RNF43,mouse
212555,Slc66a1,54896,SLC66A1,mouse
69743,Casz1,54897,CASZ1,mouse
54326,Elovl2,54898,ELOVL2,mouse
218699,Pxk,54899,PXK,mouse
11992,Auh,549,AUH,mouse
240754,Lax1,54900,LAX1,mouse
68916,Cdkal1,54901,CDKAL1,mouse
72795,Ttc19,54902,TTC19,mouse
380718,Mks1,54903,MKS1,mouse
234135,Nsd3,54904,NSD3,mouse
545817,Cyp2w1,54905,CYP2W1,mouse
105203,Tasor2,54906,TASOR2,mouse
70385,Spdl1,54908,SPDL1,mouse
20353,Sema4c,54910,SEMA4C,mouse
102614,Rpp25,54913,RPP25,mouse
230393,Focad,54914,FOCAD,mouse
228994,Ythdf1,54915,YTHDF1,mouse
218989,Tmem260,54916,TMEM260,mouse
67213,Cmtm6,54918,CMTM6,mouse
433956,Dnaaf5,54919,DNAAF5,mouse
66369,Dus2,54920,DUS2,mouse
214987,Chtf8,54921,CHTF8,mouse
69903,Rasip1,54922,RASIP1,mouse
72699,Lime1,54923,LIME1,mouse
67615,Ube2r2,54926,UBE2R2,mouse
66075,Chchd3,54927,CHCHD3,mouse
242291,Bpnt2,54928,BPNT2,mouse
234371,Tmem161a,54929,TMEM161A,mouse
19041,Ppl,5493,PPL,mouse
219072,Haus4,54930,HAUS4,mouse
52575,Trmt10c,54931,TRMT10C,mouse
230726,Rhbdl2,54933,RHBDL2,mouse
69612,Kansl2,54934,KANSL2,mouse
68440,Dusp23,54935,DUSP23,mouse
100206,Adprs,54936,ADPRS,mouse
74434,Sohlh2,54937,SOHLH2,mouse
71984,Sars2,54938,SARS2,mouse
66199,Commd4,54939,COMMD4,mouse
19042,Ppm1a,5494,PPM1A,mouse
68095,Ociad1,54940,OCIAD1,mouse
67664,Rnf125,54941,RNF125,mouse
230234,Abitram,54942,ABITRAM,mouse
246738,Dnajc28,54943,DNAJC28,mouse
71699,Slc41a3,54946,SLC41A3,mouse
270084,Lpcat2,54947,LPCAT2,mouse
94063,Mrpl16,54948,MRPL16,mouse
66072,Sdhaf2,54949,SDHAF2,mouse
19043,Ppm1b,5495,PPM1B,mouse
27784,Commd8,54951,COMMD8,mouse
71787,Trnau1ap,54952,TRNAU1AP,mouse
226499,Odr4,54953,ODR4,mouse
207375,Fam120c,54954,FAM120C,mouse
194268,Airim,54955,C1orf109,mouse
214424,Parp16,54956,PARP16,mouse
234723,Txnl4b,54957,TXNL4B,mouse
69094,Tmem160,54958,TMEM160,mouse
69592,Odam,54959,ODAM,mouse
14208,Ppm1g,5496,PPM1G,mouse
237221,Gemin8,54960,GEMIN8,mouse
245857,Ssh3,54961,SSH3,mouse
66131,Tipin,54962,TIPIN,mouse
68556,Uckl1,54963,UCKL1,mouse
229588,Gm128,54964,C1orf56,mouse
72084,Pigx,54965,PIGX,mouse
75013,Ct55,54967,CT55,mouse
70397,Tmem70,54968,TMEM70,mouse
72612,Hpf1,54969,HPF1,mouse
235330,Ttc12,54970,TTC12,mouse
53325,Banp,54971,BANP,mouse
98170,Tmem132a,54972,TMEM132A,mouse
71957,Ints11,54973,INTS11,mouse
66628,Thg1l,54974,THG1L,mouse
67326,Adissp,54976,C20orf27,mouse
208638,Slc25a38,54977,SLC25A38,mouse
74919,Slc35f6,54978,SLC35F6,mouse
19044,Ppox,5498,PPOX,mouse
232196,C87436,54980,C2orf42,mouse
225994,Nmrk1,54981,NMRK1,mouse
76524,Cln6,54982,CLN6,mouse
72400,Pinx1,54984,PINX1,mouse
353502,Hcfc1r1,54985,HCFC1R1,mouse
209012,Ulk4,54986,ULK4,mouse
74098,Czib,54987,CZIB,mouse
272428,Acsm5,54988,ACSM5,mouse
228491,Zfp770,54989,ZNF770,mouse
19045,Ppp1ca,5499,PPP1CA,mouse
230996,9430015G10Rik,54991,C1orf159,mouse
22691,Zscan2,54993,ZSCAN2,mouse
76425,Gid8,54994,GID8,mouse
71147,Oxsm,54995,OXSM,mouse
67247,Mtarc2,54996,MTARC2,mouse
57816,Tesc,54997,TESC,mouse
66077,Aurkaip1,54998,AURKAIP1,mouse
56318,Acpp,55,ACP3,mouse
11993,Aup1,550,AUP1,mouse
19046,Ppp1cb,5500,PPP1CB,mouse
544752,Tug1,55000,TUG1,mouse
230576,Ttc22,55001,TTC22,mouse
234076,Tmco3,55002,TMCO3,mouse
68083,Pak1ip1,55003,PAK1IP1,mouse
66508,Lamtor1,55004,LAMTOR1,mouse
66084,Rmnd1,55005,RMND1,mouse
73225,Fam118a,55007,FAM118A,mouse
67138,Herc6,55008,HERC6,mouse
69770,Fam174c,55009,FAM174C,mouse
19047,Ppp1cc|Ppp1ccb,5501,PPP1CC,mouse
75317,Parpbp,55010,PARPBP,mouse
68845,Pih1d1,55011,PIH1D1,mouse
59032,Ppp2r3c,55012,PPP2R3C,mouse
66815,Mcub,55013,MCUB,mouse
67727,Stx17,55014,STX17,mouse
328110,Prpf39,55015,PRPF39,mouse
72925,Marchf1,55016,MARCHF1,mouse
58248,1700123O20Rik,55017,C14orf119,mouse
102639132,Ankrd40cl,55018,ANKRD40CL,mouse
58200,Ppp1r1a,5502,PPP1R1A,mouse
239570,Ttc38,55020,TTC38,mouse
98496,Pid1,55022,PID1,mouse
83946,Phip,55023,PHIP,mouse
242248,Bank1,55024,BANK1,mouse
245386,Tmem255a,55026,TMEM255A,mouse
234549,Heatr3,55027,HEATR3,mouse
276852,D11Wsu47e,55028,C17orf80,mouse
78938,Fbxo34,55030,FBXO34,mouse
74996,Usp47,55031,USP47,mouse
74102,Slc35a5,55032,SLC35A5,mouse
231997,Fkbp14,55033,FKBP14,mouse
68591,Mocos,55034,MOCOS,mouse
70930,Nol8,55035,NOL8,mouse
207607,Ccdc40,55036,CCDC40,mouse
69956,Ptcd3,55037,PTCD3,mouse
71963,Cdca4,55038,CDCA4,mouse
68260,Trmt12,55039,TRMT12,mouse
66849,Ppp1r2,5504,PPP1R2,mouse
71889,Epn3,55040,EPN3,mouse
226971,Plekhb2,55041,PLEKHB2,mouse
107305,Vps37c,55048,VPS37C,mouse
66462,Rex1bd,55049,REX1BD,mouse
217827,Nrde2,55051,NRDE2,mouse
66448,Mrpl20,55052,MRPL20,mouse
77040,Atg16l1,55054,ATG16L1,mouse
68014,Zwilch,55055,ZWILCH,mouse
230806,Crybg2,55057,CRYBG2,mouse
140491,Ppp1r3a,5506,PPP1R3A,mouse
96935,Susd4,55061,SUSD4,mouse
52639,Wipi1,55062,WIPI1,mouse
381678,Zcwpw1,55063,ZCWPW1,mouse
216516,Ccdc157,550631,CCDC157,mouse
381218,Spata6l,55064,SPATA6L,mouse
70123,Nbdy,550643,NBDY,mouse
52710,Slc52a2,55065,SLC52A1,mouse
319518,Pdpr,55066,PDPR,mouse
239188,Enox1,55068,ENOX1,mouse
71667,Tmem248,55069,TMEM248,mouse
53412,Ppp1r3c,5507,PPP1R3C,mouse
76375,Det1,55070,DET1,mouse
225995,D030056L22Rik,55071,C9orf40,mouse
268749,Rnf31,55072,RNF31,mouse
170719,Oxr1,55074,OXR1,mouse
72565,Uaca,55075,UACA,mouse
56277,Tmem45a,55076,TMEM45A,mouse
69457,Tmem45a2,55076,TMEM45A,mouse
54713,Fezf2,55079,FEZF2,mouse
213233,Tapbpl,55080,TAPBPL,mouse
73916,Ift57,55081,IFT57,mouse
234023,Arglu1,55082,ARGLU1,mouse
269152,Kif26b,55083,KIF26B,mouse
109205,Sobp,55084,SOBP,mouse
102871,Radx,55086,RADX,mouse
213993,Ccdc186,55088,CCDC186,mouse
69354,Slc38a4,55089,SLC38A4,mouse
228966,Ppp1r3d,5509,PPP1R3D,mouse
192191,Med9,55090,MED9,mouse
214359,Tmem51,55092,TMEM51,mouse
76773,Wdyhv1,55093,NTAQ1,mouse
67471,Gpatch1,55094,GPATCH1,mouse
233033,Samd4b,55095,SAMD4B,mouse
11998,Avp,551,AVP,mouse
66385,Ppp1r7,5510,PPP1R7,mouse
545085,Wdr70,55100,WDR70,mouse
66349,Dmac2,55101,DMAC2,mouse
76559,Atg2b,55102,ATG2B,mouse
78255,Ralgps2,55103,RALGPS2,mouse
67769,Gpatch2,55105,GPATCH2,mouse
20558,Slfn4,55106,SLFN12,mouse
20557,Slfn3,55106,SLFN12,mouse
20556,Slfn2,55106,SLFN12,mouse
20555,Slfn1,55106,SLFN12,mouse
101772,Ano1,55107,ANO1,mouse
100383,Bsdc1,55108,BSDC1,mouse
66549,Aggf1,55109,AGGF1,mouse
100336,Ppp1r8,5511,PPP1R8,mouse
66441,Magohb,55110,MAGOHB,mouse
78670,Plekhj1,55111,PLEKHJ1,mouse
217935,Dync2i1,55112,DYNC2I1,mouse
381560,Xkr8,55113,XKR8,mouse
70497,Arhgap17,55114,ARHGAP17,mouse
230770,Tmem39b,55116,TMEM39B,mouse
103098,Slc6a15,55117,SLC6A15,mouse
72832,Crtac1,55118,CRTAC1,mouse
66921,Prpf38b,55119,PRPF38B,mouse
67030,Fancl,55120,FANCL,mouse
433693,Akirin2,55122,AKIRIN2,mouse
57746,Piwil2,55124,PIWIL2,mouse
70799,Cep192,55125,CEP192,mouse
217995,Heatr1,55127,HEATR1,mouse
101700,Trim68,55128,TRIM68,mouse
102566,Ano10,55129,ANO10,mouse
74934,Odad2,55130,ODAD2,mouse
68272,Rbm28,55131,RBM28,mouse
214048,Larp1b,55132,LARP1B,mouse
78586,Srbd1,55133,SRBD1,mouse
216853,Wrap53,55135,WRAP53,mouse
60344,Fign,55137,FIGN,mouse
631145,Fam90a1b,55138,FAM90A1,mouse
97476,Fam90a1a,55138,FAM90A1,mouse
52231,Ankzf1,55139,ANKZF1,mouse
52040,Ppp1r10,5514,PPP1R10,mouse
74195,Elp3,55140,ELP3,mouse
66296,Haus2,55142,HAUS2,mouse
52276,Cdca8,55143,CDCA8,mouse
231549,Lrrc8d,55144,LRRC8D,mouse
73754,Thap1,55145,THAP1,mouse
72881,Zdhhc4,55146,ZDHHC4,mouse
66622,Ubr7,55148,UBR7,mouse
67440,Mtpap,55149,MTPAP,mouse
19052,Ppp2ca,5515,PPP2CA,mouse
52076,Tmem38b,55151,TMEM38B,mouse
67789,Dalrd3,55152,DALRD3,mouse
231452,Sdad1,55153,SDAD1,mouse
229524,Msto1,55154,MSTO1,mouse
74252,Armc1,55156,ARMC1,mouse
226539,Dars2,55157,DARS2,mouse
234736,Rfwd3,55159,RFWD3,mouse
19053,Ppp2cb,5516,PPP2CB,mouse
72754,Arhgef10l,55160,ARHGEF10L,mouse
67878,Tmem33,55161,TMEM33,mouse
103711,Pnpo,55163,PNPO,mouse
72171,Shq1,55164,SHQ1,mouse
74107,Cep55,55165,CEP55,mouse
83815,Cenpq,55166,CENPQ,mouse
77853,Msl2,55167,MSL2,mouse
68565,Mrps18a,55168,MRPS18A,mouse
99890,Prmt6,55170,PRMT6,mouse
70573,Tbccd1,55171,TBCCD1,mouse
109065,Dnaaf2,55172,DNAAF2,mouse
64657,Mrps10,55173,MRPS10,mouse
70885,Ints10,55174,INTS10,mouse
217194,Klhl11,55175,KLHL11,mouse
57743,Sec61a2,55176,SEC61A2,mouse
67809,Rmdn3,55177,RMDN3,mouse
67390,Mrm3,55178,MRM3,mouse
23873,Faim,55179,FAIM,mouse
623459,Faiml,55179,FAIM,mouse
51792,Ppp2r1a,5518,PPP2R1A,mouse
72635,Lins1,55180,LINS1,mouse
74133,Smg8,55181,SMG8,mouse
66743,Rnf220,55182,RNF220,mouse
51869,Rif1,55183,RIF1,mouse
241688,Dzank1,55184,DZANK1,mouse
192287,Slc25a36,55186,SLC25A36,mouse
230895,Vps13d,55187,VPS13D,mouse
237422,Ric8b,55188,RIC8B,mouse
73699,Ppp2r1b,5519,PPP2R1B,mouse
102954,Nudt10,55190,NUDT11,mouse
58242,Nudt11,55190,NUDT11,mouse
78914,Nadsyn1,55191,NADSYN1,mouse
69408,Dnajc17,55192,DNAJC17,mouse
66923,Pbrm1,55193,PBRM1,mouse
230752,Eva1b,55194,EVA1B,mouse
67082,Ccdc198,55195,CCDC198,mouse
67246,Resf1,55196,RESF1,mouse
225283,Rprd1a,55197,RPRD1A,mouse
216190,Appl2,55198,APPL2,mouse
54140,Avpr1a,552,AVPR1A,mouse
71978,Ppp2r2a,5520,PPP2R2A,mouse
213522,Plekhg6,55200,PLEKHG6,mouse
270058,Map1s,55201,MAP1S,mouse
246316,Lgi2,55203,LGI2,mouse
229593,Golph3l,55204,GOLPH3L,mouse
328977,Zfp532,55205,ZNF532,mouse
243272,Sbno1,55206,SBNO1,mouse
67166,Arl8b,55207,ARL8B,mouse
102323,Dcun1d2,55208,DCUN1D2,mouse
72895,Setd5,55209,SETD5,mouse
72930,Ppp2r2b,5521,PPP2R2B,mouse
108888,Atad3a,55210,ATAD3A,mouse
73693,Dppa4,55211,DPPA4,mouse
71492,Bbs7,55212,BBS7,mouse
71330,Rcbtb1,55213,RCBTB1,mouse
210530,P3h2,55214,P3H2,mouse
208836,Fanci,55215,FANCI,mouse
270156,Nkapd1,55216,NKAPD1,mouse
192289,Tmlhe,55217,TMLHE,mouse
97827,Exd2,55218,EXD2,mouse
66146,Maco1,55219,MACO1,mouse
269643,Ppp2r2c,5522,PPP2R2C,mouse
213417,Klhdc8a,55220,KLHDC8A,mouse
216011,Lrrc20,55222,LRRC20,mouse
67525,Trim62,55223,TRIM62,mouse
214253,Etnk2,55224,ETNK2,mouse
242570,Raver2,55225,RAVER2,mouse
98956,Nat10,55226,NAT10,mouse
214345,Lrrc1,55227,LRRC1,mouse
71691,Pnma8a,55228,PNMA8A,mouse
269614,Pank4,55229,PANK4,mouse
235542,Ppp2r3a,5523,PPP2R3A,mouse
227334,Usp40,55230,USP40,mouse
399599,Ccdc87,55231,CCDC87,mouse
232157,Mob1a,55233,MOB1A,mouse
74255,Smu1,55234,SMU1,mouse
231380,Uba6,55236,UBA6,mouse
432677,Vrtn,55237,VRTN,mouse
234595,Slc38a7,55238,SLC38A7,mouse
270086,Ogfod1,55239,OGFOD1,mouse
110854,Ptpa,5524,PTPA,mouse
68428,Steap3,55240,STEAP3,mouse
170643,Kirrel1,55243,KIRREL1,mouse
380701,Slc47a2,55244,SLC47A1,mouse
67473,Slc47a1,55244,SLC47A1,mouse
56046,Uqcc1,55245,UQCC1,mouse
67179,Ccdc25,55246,CCDC25,mouse
234258,Neil3,55247,NEIL3,mouse
66950,Pacc1,55248,PACC1,mouse
76022,Gon4l,55249,YY1AP1,mouse
226849,Ppp2r5a,5525,PPP2R5A,mouse
58523,Elp2,55250,ELP2,mouse
245867,Pcmtd2,55251,PCMTD2,mouse
75302,Asxl2,55252,ASXL2,mouse
100929,Tyw1,55253,TYW1,mouse
67846,Tmem39a,55254,TMEM39A,mouse
218460,Wdr41,55255,WDR41,mouse
104923,Adi1,55256,ADI1,mouse
73247,Mrgbp,55257,MRGBP,mouse
232078,Thnsl2,55258,THNSL2,mouse
320662,Casc1,55259,DNAI7,mouse
225849,Ppp2r5b,5526,PPP2R5B,mouse
70209,Tmem143,55260,TMEM143,mouse
231807,Trappc14,55262,TRAPPC14,mouse
67226,Tmem19,55266,TMEM19,mouse
52430,Echdc2,55268,ECHDC2,mouse
66645,Pspc1,55269,PSPC1,mouse
26931,Ppp2r5c,5527,PPP2R5C,mouse
214254,Nudt15,55270,NUDT15,mouse
102462,Imp3,55272,IMP3,mouse
67888,Tmem100,55273,TMEM100,mouse
72057,Phf10,55274,PHF10,mouse
68299,Vps53,55275,VPS53,mouse
66681,Pgm2,55276,PGM2,mouse
75578,Fggy,55277,FGGY,mouse
76563,Qrsl1,55278,QRSL1,mouse
72020,Zfp654,55279,ZNF654,mouse
21770,Ppp2r5d,5528,PPP2R5D,mouse
72502,Cwf19l1,55280,CWF19L1,mouse
68487,Tmem140,55281,TMEM140,mouse
270091,Lrrc36,55282,LRRC36,mouse
171166,Mcoln3,55283,MCOLN3,mouse
66799,Ube2w,55284,UBE2W,mouse
237073,Rbm41,55285,RBM41,mouse
76261,0610040J01Rik,55286,C4orf19,mouse
94346,Tmem40,55287,TMEM40,mouse
59040,Rhot1,55288,RHOT1,mouse
382423,Atxn7l3b,552889,ATXN7L3B,mouse
74121,Acoxl,55289,ACOXL,mouse
72429,Dnajc25,552891,DNAJC25-GNG10,mouse
26932,Ppp2r5e,5529,PPP2R5E,mouse
66653,Brf2,55290,BRF2,mouse
66162,Bola2,552900,BOLA2|BOLA2B,mouse
52036,Ppp6r3,55291,PPP6R3,mouse
54122,Uevld,55293,UEVLD,mouse
50754,Fbxw7,55294,FBXW7,mouse
234378,Klhl26,55295,KLHL26,mouse
67249,Tbc1d19,55296,TBC1D19,mouse
67015,Ccdc91,55297,CCDC91,mouse
75212,Rnf121,55298,RNF121,mouse
67832,Brix1,55299,BRIX1,mouse
26361,Avpr1b,553,AVPR1B,mouse
19055,Ppp3ca,5530,PPP3CA,mouse
67073,Pi4k2b,55300,PI4K2B,mouse
99035,Olah,55301,OLAH,mouse
107526,Gimap4,55303,GIMAP4,mouse
228677,Sptlc3,55304,SPTLC3,mouse
13680,Ddx19a,55308,DDX19A,mouse
56420,Ppp4c,5531,PPP4C,mouse
72667,Zfp444,55311,ZNF444,mouse
67898,Pef1,553115,PEF1,mouse
54391,Rfk,55312,RFK,mouse
223978,Cpped1,55313,CPPED1,mouse
70652,Tmem144,55314,TMEM144,mouse
71279,Slc29a3,55315,SLC29A3,mouse
237926,Rsad1,55316,RSAD1,mouse
69596,Ap5s1,55317,AP5S1,mouse
66282,Tma16,55319,TMA16,mouse
19056,Ppp3cb,5532,PPP3CB,mouse
217653,Mis18bp1,55320,MIS18BP1,mouse
108832,Tmem74b,55321,TMEM74B,mouse
77877,6030458C11Rik,55322,C5orf22,mouse
67557,Larp6,55323,LARP6,mouse
27406,Abcf3,55324,ABCF3,mouse
192169,Ufsp2,55325,UFSP2,mouse
52123,Agpat5,55326,AGPAT5,mouse
22343,Lin7c,55327,LIN7C,mouse
67795,Rnls,55328,RNLS,mouse
17427,Mns1,55329,MNS1,mouse
19057,Ppp3cc,5533,PPP3CC,mouse
117197,Bloc1s4,55330,BLOC1S4,mouse
66190,Acer3,55331,ACER3,mouse
71712,Dram1,55332,DRAM1,mouse
105940408,S2bpcox16,55333,SYNJ2BP,mouse
24071,Synj2bp,55333,SYNJ2BP,mouse
328133,Slc39a9,55334,SLC39A9,mouse
66536,Nipsnap3b,55335,NIPSNAP3B,mouse
73398,Nipsnap3a,55335,NIPSNAP3B,mouse
50788,Fbxl8,55336,FBXL8,mouse
319278,Shfl,55337,SHFL,mouse
74320,Wdr33,55339,WDR33,mouse
19058,Ppp3r1,5534,PPP3R1,mouse
317757,Gimap5,55340,GIMAP5,mouse
83408,Gimap3,55340,GIMAP5,mouse
224092,Lsg1,55341,LSG1,mouse
20744,Strbp,55342,STRBP,mouse
228368,Slc35c1,55343,SLC35C1,mouse
403178,Plcxd1,55344,PLCXD1,mouse
71643,Zgrf1,55345,ZGRF1,mouse
320554,Tcp11l1,55346,TCP11L1,mouse
213012,Abhd10,55347,ABHD10,mouse
218865,Chdh,55349,CHDH,mouse
19059,Ppp3r2,5535,PPP3R2,mouse
26464,Vnn3,55350,VNN3P,mouse
64293,Stk32b,55351,STK32B,mouse
66423,Coprs,55352,COPRS,mouse
114128,Laptm4b,55353,LAPTM4B,mouse
381280,A730008H23Rik|Hjurp,55355,HJURP,mouse
242126,Slc22a15,55356,SLC22A15,mouse
381605,Tbc1d2,55357,TBC1D2,mouse
243659,Styk1,55359,STYK1,mouse
19060,Ppp5c,5536,PPP5C,mouse
84095,Pi4k2a,55361,PI4K2A,mouse
224807,Tmem63b,55362,TMEM63B,mouse
93966,Hemgn,55363,HEMGN,mouse
16210,Impact,55364,IMPACT,mouse
66058,Tmem176a,55365,TMEM176A,mouse
107515,Lgr4,55366,LGR4,mouse
57913,Pidd1,55367,PIDD1,mouse
67857,Ppp6c,5537,PPP6C,mouse
71983,Tmco6,55374,TMCO6,mouse
98238,Lrrc59,55379,LRRC59,mouse
19063,Ppt1,5538,PPT1,mouse
17263,Meg3,55384,MEG3,mouse
70024,Mcm10,55388,MCM10,mouse
19064,Ppy,5539,PPY,mouse
12000,Avpr2,554,AVPR2,mouse
70252,Jpx,554203,JPX,mouse
66874,Ncbp3,55421,NCBP3,mouse
723914,Mir448,554212,MIR448,mouse
140476,Strc,554225,STRCP1,mouse
100038947,Sirpb1c,55423,SIRPG,mouse
19261,Sirpa,55423,SIRPG,mouse
320832,Sirpb1a,55423,SIRPG,mouse
381484,Gm5150,55423,SIRPG,mouse
668101,Sirpb1b,55423,SIRPG,mouse
751864,Gm9733,55423,SIRPG,mouse
68352,Aspdh,554235,ASPDH,mouse
320752,Dpy19l2,554236,DPY19L2P1,mouse
67467,Gpalpp1,55425,GPALPP1,mouse
319701,Fbxo48,554251,FBXO48,mouse
108900,Fam72a,554282,FAM72C,mouse
245615,Kir3dl2,554300,KIR2DP1,mouse
245616,Kir3dl1,554300,KIR2DP1,mouse
100041230,H4c17,554313,H4C15,mouse
319160,H4c12,554313,H4C15,mouse
326620,H4c2,554313,H4C15,mouse
320332,H4f16,554313,H4C15,mouse
319159,H4c11,554313,H4C15,mouse
319158,H4c9,554313,H4C15,mouse
326619,H4c1,554313,H4C15,mouse
319157,H4c6,554313,H4C15,mouse
319161,H4c18,554313,H4C15,mouse
319156,H4c4,554313,H4C15,mouse
319155,H4c3,554313,H4C15,mouse
69386,H4c8,554313,H4C15,mouse
97122,H4c14,554313,H4C15,mouse
226418,Yod1,55432,YOD1,mouse
211556,Ap1ar,55435,AP1AR,mouse
227154,Stradb,55437,STRADB,mouse
19131,Prh1,5544,PRB3,mouse
381832,Prpmp5,5544,PRB3,mouse
83380,Prp2,5544,PRB3,mouse
66259,Camk2n1,55450,CAMK2N1,mouse
78752,Csgalnact2,55454,CSGALNACT2,mouse
94315,Prcc,5546,PRCC,mouse
58233,Dnaja4,55466,DNAJA4,mouse
72461,Prcp,5547,PRCP,mouse
73694,Ndufaf7,55471,NDUFAF7,mouse
381038,Parl,55486,PARL,mouse
116847,Prelp,5549,PRELP,mouse
19072,Prep,5550,PREP,mouse
75320,Etnk1,55500,ETNK1,mouse
59031,Chst12,55501,CHST12,mouse
55927,Hes6,55502,HES6,mouse
64177,Trpv6,55503,TRPV6,mouse
29820,Tnfrsf19,55504,TNFRSF19,mouse
66181,Nop10,55505,NOP10,mouse
404634,Macroh2a2,55506,MACROH2A2,mouse
93746,Gprc5d,55507,GPRC5D,mouse
215436,Slc35e3,55508,SLC35E3,mouse
381319,Batf3,55509,BATF3,mouse
18646,Prf1,5551,PRF1,mouse
100048658,Ddx43,55510,DDX43,mouse
58994,Smpd3,55512,SMPD3,mouse
241118,Asic4,55515,ASIC4,mouse
19073,Srgn,5552,SRGN,mouse
114615,Elac1,55520,ELAC1,mouse
28105,Trim36,55521,TRIM36,mouse
209692,Dhtkd1,55526,DHTKD1,mouse
14154,Fem1a,55527,FEM1A,mouse
216622,Fem1al,55527,FEM1A,mouse
72519,Pip4p2,55529,PIP4P2,mouse
19074,Prg2,5553,PRG2,mouse
68666,Svop,55530,SVOP,mouse
270162,Elmod1,55531,ELMOD1,mouse
226781,Slc30a10,55532,SLC30A10,mouse
433586,Maml3,55534,MAML3,mouse
217946,Cdca7l,55536,CDCA7L,mouse
381832,Prpmp5,5554,PRH1,mouse
50905,Il17rb,55540,IL17RB,mouse
56190,Rbm38,55544,RBM38,mouse
381832,Prpmp5,5555,PRH2,mouse
20679,Sox6,55553,SOX6,mouse
317652,Klk15,55554,KLK15,mouse
18846,Plxna3,55558,PLXNA3,mouse
73738,Haus7,55559,HAUS7,mouse
240505,Cdc42bpg,55561,CDC42BPG,mouse
75871,Zfp821,55565,ZNF821,mouse
381917,Dnah3,55567,DNAH3,mouse
171212,Galnt10,55568,GALNT10,mouse
19075,Prim1,5557,PRIM1,mouse
52846,Cnot11,55571,CNOT11,mouse
235169,Foxred1,55572,FOXRED1,mouse
321022,Cdv3,55573,CDV3,mouse
192188,Stab2,55576,STAB2,mouse
56174,Nagk,55577,NAGK,mouse
56790,Supt20,55578,SUPT20H,mouse
19076,Prim2,5558,PRIM2,mouse
75050,Kif27,55582,KIF27,mouse
231252,Chrna9,55584,CHRNA9,mouse
70093,Ube2q1,55585,UBE2Q1,mouse
56727,Miox,55586,MIOX,mouse
67224,Med29,55588,MED29,mouse
140780,Bmp2k,55589,BMP2K,mouse
215008,Vezt,55591,VEZT,mouse
54644,Otud5,55593,OTUD5,mouse
70650,Zcchc8,55596,ZCCHC8,mouse
67225,Rnpc3,55599,RNPC3,mouse
16429,Itln1|Itlnb,55600,ITLN1,mouse
493583,Itln1|Itlnb,55600,ITLN1,mouse
234311,Ddx60,55601,DDX60,mouse
70925,Cdkn2aip,55602,CDKN2AIP,mouse
212943,Tent5a,55603,TENT5A,mouse
68732,Carmil1,55604,CARMIL1,mouse
16564,Kif21a,55605,KIF21A,mouse
243725,Ppp1r9a,55607,PPP1R9A,mouse
102334,Ankrd10,55608,ANKRD10,mouse
208968,Zfp280c,55609,ZNF280C,mouse
73288,Vps50,55610,VPS50,mouse
107260,Otub1,55611,OTUB1,mouse
241639,Fermt1,55612,FERMT1,mouse
16558,Kif16b,55614,KIF16B,mouse
109270,Prr5,55615,PRR5,mouse
230837,Asap3,55616,ASAP3,mouse
75812,Tasp1,55617,TASP1,mouse
210293,Dock10,55619,DOCK10,mouse
105787,Prkaa1,5562,PRKAA1,mouse
106766,Stap2,55620,STAP2,mouse
212528,Trmt1,55621,TRMT1,mouse
74196,Ttc27,55622,TTC27,mouse
233802,Thumpd1,55623,THUMPD1,mouse
68273,Pomgnt1|2510003B16Rik,55624,POMGNT1,mouse
102193,Zdhhc7,55625,ZDHHC7,mouse
228361,Ambra1,55626,AMBRA1,mouse
77626,Smpd4,55627,SMPD4,mouse
240476,Zfp407,55628,ZNF407,mouse
52830,Pnrc2,55629,PNRC2,mouse
108079,Prkaa2,5563,PRKAA2,mouse
72027,Slc39a4,55630,SLC39A4,mouse
67144,Lrrc40,55631,LRRC40,mouse
217558,G2e3,55632,G2E3,mouse
381085,Tbc1d22b,55633,TBC1D22B,mouse
330463,Zfp78,55634,KRBOX4,mouse
76131,Depdc1a,55635,DEPDC1,mouse
320790,Chd7,55636,CHD7,mouse
319613,Sybu,55638,SYBU,mouse
19079,Prkab1,5564,PRKAB1,mouse
217721,Flvcr2,55640,FLVCR2,mouse
208198,Btbd2,55643,BTBD2,mouse
66246,Osgep,55644,OSGEP,mouse
17089,Lyar,55646,LYAR,mouse
19332,Rab20,55647,RAB20,mouse
108097,Prkab2,5565,PRKAB2,mouse
230801,Pigv,55650,PIGV,mouse
52530,Nhp2,55651,NHP2,mouse
67739,Slc48a1,55652,SLC48A1,mouse
69470,Tmem127,55654,TMEM127,mouse
232827,Nlrp2,55655,NLRP2,mouse
72656,Ints8,55656,INTS8,mouse
103836,Zfp692,55657,ZNF692,mouse
70294,Rnf126,55658,RNF126,mouse
18747,Prkaca,5566,PRKACA,mouse
56194,Prpf40a,55660,PRPF40A,mouse
228889,Ddx27,55661,DDX27,mouse
319594,Hif1an,55662,HIF1AN,mouse
269870,Zfp446,55663,ZNF446,mouse
67072,Cdc37l1,55664,CDC37L1,mouse
72046,Urgcp,55665,URGCP,mouse
217365,Nploc4,55666,NPLOC4,mouse
329877,Dennd4c,55667,DENND4C,mouse
70373,Gpatch2l,55668,GPATCH2L,mouse
67414,Mfn1,55669,MFN1,mouse
18749,Prkacb,5567,PRKACB,mouse
74043,Pex26,55670,PEX26,mouse
68734,Ppp4r3a,55671,PPP4R3A,mouse
210148,Slc30a6,55676,SLC30A6,mouse
73473,Iws1,55677,IWS1,mouse
225341,Lims2,55679,LIMS2,mouse
70432,Rufy2,55680,RUFY2,mouse
213326,Scyl2,55681,SCYL2,mouse
226976,Kansl3,55683,KANSL3,mouse
227624,Rabl6,55684,RABL6,mouse
381269,Mreg,55686,MREG,mouse
72026,Trmu,55687,TRMU,mouse
208146,Yeats2,55689,YEATS2,mouse
18767,Pkia,5569,PKIA,mouse
107975,Pacs1,55690,PACS1,mouse
209630,Frmd4a,55691,FRMD4A,mouse
66978,Luc7l,55692,LUC7L,mouse
244694,Kdm4d,55693,KDM4D,mouse
100609,Nsun5,55695,NSUN5,mouse
66810,Rbm22,55696,RBM22,mouse
234729,Vac14,55697,VAC14,mouse
231858,Radil,55698,RADIL,mouse
381314,Iars2,55699,IARS2,mouse
18768,Pkib,5570,PKIB,mouse
245877,Map7d1,55700,MAP7D1,mouse
268739,Arhgef40,55701,ARHGEF40,mouse
72886,Yju2,55702,YJU2,mouse
70428,Polr3b,55703,POLR3B,mouse
108686,Ccdc88a,55704,CCDC88A,mouse
226432,Ipo9,55705,IPO9,mouse
72787,Ndc1,55706,NDC1,mouse
66147,Necap2,55707,NECAP2,mouse
67136,Kbtbd4,55709,KBTBD4,mouse
19082,Prkag1,5571,PRKAG1,mouse
330450,Far2,55711,FAR2,mouse
228876,Zfp334,55713,ZNF334,mouse
23965,Tenm3,55714,TENM3,mouse
114255,Dok4,55715,DOK4,mouse
74775,Lmbr1l,55716,LMBR1L,mouse
207425,Wdr11,55717,WDR11,mouse
26939,Polr3e,55718,POLR3E,mouse
226151,Slf2,55719,SLF2,mouse
104662,Tsr1,55720,TSR1,mouse
230767,Iqcc,55721,IQCC,mouse
74470,Cep72,55722,CEP72,mouse
66929,Asf1b,55723,ASF1B,mouse
71177,Ints13,55726,INTS13,mouse
238386,Btbd7,55727,BTBD7,mouse
333789,N4bp2,55728,N4BP2,mouse
54343,Atf7ip,55729,ATF7IP,mouse
19084,Prkar1a,5573,PRKAR1A,mouse
216971,Fam222b,55731,FAM222B,mouse
381306,BC055324,55732,C1orf112,mouse
226861,Hhat,55733,HHAT,mouse
22722,Zfp64,55734,ZFP64,mouse
230935,Dnajc11,55735,DNAJC11,mouse
65114,Vps35,55737,VPS35,mouse
228998,Arfgap1,55738,ARFGAP1,mouse
69225,Naxd,55739,NAXD,mouse
13800,Enah,55740,ENAH,mouse
108687,Edem2,55741,EDEM2|MMP24-AS1-EDEM2,mouse
57342,Parva,55742,PARVA,mouse
231600,Chfr,55743,CHFR,mouse
74385,Ap5m1,55745,AP5M1,mouse
234865,Nup133,55746,NUP133,mouse
66054,Cndp2,55748,CNDP2,mouse
67500,Ccar1,55749,CCAR1,mouse
19085,Prkar1b,5575,PRKAR1B,mouse
69923,Agk,55750,AGK,mouse
234463,Tmem184c,55751,TMEM184C,mouse
52398,Septin11,55752,SEPTIN11,mouse
239017,Ogdhl,55753,OGDHL,mouse
69981,Tmem30a,55754,TMEM30A,mouse
214444,Cdk5rap2,55755,CDK5RAP2,mouse
210925,Ints9,55756,INTS9,mouse
66435,Uggt2,55757,UGGT2,mouse
214742,Rcor3,55758,RCOR3,mouse
57750,Wdr12,55759,WDR12,mouse
19087,Prkar2a,5576,PRKAR2A,mouse
101437,Dhx32,55760,DHX32,mouse
74569,Ttc17,55761,TTC17,mouse
69940,Exoc1,55763,EXOC1,mouse
81896,Ift122,55764,IFT122,mouse
67313,Inava,55765,INAVA,mouse
232440,H2aj,55766,H2AJ,mouse
59007,Ngly1,55768,NGLY1,mouse
19088,Prkar2b,5577,PRKAR2B,mouse
66482,Exoc2,55770,EXOC2,mouse
270906,Prr11,55771,PRR11,mouse
67581,Tbc1d23,55773,TBC1D23,mouse
104884,Tdp1,55775,TDP1,mouse
67509,Saysd1,55776,SAYSD1,mouse
109241,Mbd5,55777,MBD5,mouse
72805,Zfp839,55778,ZNF839,mouse
212517,Cfap44,55779,CFAP44,mouse
18750,Prkca,5578,PRKCA,mouse
100041574,Ermardl2,55780,ERMARD,mouse
100041621,Gm3435,55780,ERMARD,mouse
381062,Ermard,55780,ERMARD,mouse
67045,Riok2,55781,RIOK2,mouse
234728,Cmtr2,55783,CMTR2,mouse
244049,Mctp2,55784,MCTP2,mouse
13998,Fgd6,55785,FGD6,mouse
100271882,Zfp1004,55786,ZNF415,mouse
210503,Zfp677,55786,ZNF415,mouse
24132,Zfp53,55786,ZNF415,mouse
208111,Zfp976,55786,ZNF415,mouse
545471,Zfp345,55786,ZNF415,mouse
380850,Gm5141,55786,ZNF415,mouse
408062,Zfp873,55786,ZNF415,mouse
77117,Zfp934,55786,ZNF415,mouse
353170,Txlng,55787,TXLNG,mouse
68421,Lmbrd1,55788,LMBRD1,mouse
218581,Depdc1b,55789,DEPDC1B,mouse
18751,Prkcb,5579,PRKCB,mouse
234356,Csgalnact1,55790,CSGALNACT1,mouse
321000,Lrif1,55791,LRIF1,mouse
75007,Mindy1,55793,MINDY1,mouse
71986,Ddx28,55794,DDX28,mouse
234069,Pcid2,55795,PCID2,mouse
171170,Mbnl3,55796,MBNL3,mouse
52686,Mettl2,55798,METTL2B,mouse
12294,Cacna2d3,55799,CACNA2D3,mouse
26362,Axl,558,AXL,mouse
18753,Prkcd,5580,PRKCD,mouse
235281,Scn3b,55800,SCN3B,mouse
75901,Dcp1a,55802,DCP1A,mouse
216991,Adap2,55803,ADAP2,mouse
67620,Lrp2bp,55805,LRP2BP,mouse
15460,Hr,55806,HR,mouse
20445,St6galnac1,55808,ST6GALNAC1,mouse
224829,Trerf1,55809,TRERF1,mouse
18754,Prkce,5581,PRKCE,mouse
60611,Foxj2,55810,FOXJ2,mouse
271639,Adcy10,55811,ADCY10,mouse
104871,Spata7,55812,SPATA7,mouse
216987,Utp6,55813,UTP6,mouse
544971,Bdp1,55814,BDP1,mouse
72236,Tsnaxip1,55815,TSNAXIP1,mouse
76829,Dok5,55816,DOK5,mouse
104263,Kdm3a,55818,KDM3A,mouse
59044,Rnf130,55819,RNF130,mouse
18752,Prkcg,5582,PRKCG,mouse
94041,Allc,55821,ALLC,mouse
71732,Vps11,55823,VPS11,mouse
94212,Pag1,55824,PAG1,mouse
111175,Pecr,55825,PECR,mouse
74106,Dcaf6,55827,DCAF6,mouse
109815,Selenos,55829,SELENOS,mouse
18755,Prkch,5583,PRKCH,mouse
76485,Glt8d1,55830,GLT8D1,mouse
66087,Emc3,55831,EMC3,mouse
71902,Cand1,55832,CAND1,mouse
68926,Ubap2,55833,UBAP2,mouse
219103,Cenpj,55835,CENPJ,mouse
66266,Eapp,55837,EAPP,mouse
72155,Cenpn,55839,CENPN,mouse
18759,Prkci,5584,PRKCI,mouse
106389,Eaf2,55840,EAF2,mouse
76117,Arhgap15,55843,ARHGAP15,mouse
52432,Ppp2r2d,55844,PPP2R2D,mouse
101314,Brk1,55845,BRK1,mouse
101142,Itfg2,55846,ITFG2,mouse
52637,Cisd1,55847,CISD1,mouse
67759,Plgrkt,55848,PLGRKT,mouse
320795,Pkn1,5585,PKN1,mouse
67023,Use1,55850,USE1,mouse
66340,Psenen,55851,PSENEN,mouse
21763,Tex2,55852,TEX2,mouse
69082,Zc3h15,55854,ZC3H15,mouse
66834,Acot13,55856,ACOT13,mouse
228730,Kiz,55857,KIZ,mouse
21982,Tmem165,55858,TMEM165,mouse
12069,Bex2,55859,BEX1,mouse
19716,Bex1,55859,BEX1,mouse
109333,Pkn2,5586,PKN2,mouse
56444,Actr10,55860,ACTR10,mouse
52840,Dbndd2,55861,DBNDD2,mouse
52665,Echdc1,55862,ECHDC1,mouse
68472,Tmem126b,55863,TMEM126B,mouse
70315,Hdac8,55869,HDAC8,mouse
18760,Prkd1,5587,PRKD1,mouse
192195,Ash1l,55870,ASH1L,mouse
226043,Cbwd1,55871,CBWD1,mouse
52033,Pbk,55872,PBK,mouse
57249,Gabrq,55879,GABRQ,mouse
18761,Prkcq,5588,PRKCQ,mouse
59043,Wsb2,55884,WSB2,mouse
109593,Lmo3,55885,LMO3,mouse
382118,Zkscan7,55888,ZKSCAN7,mouse
99412,Golga2,55889,GOLGA6B,mouse
19089,Prkcsh,5589,PRKCSH,mouse
70355,Gprc5c,55890,GPRC5C,mouse
57275,Lenep,55891,LENEP,mouse
80732,Mynn,55892,MYNN,mouse
380912,Zfp395,55893,ZNF395,mouse
244332,Defb14,55894,DEFB103B|DEFB103A,mouse
17292,Mesp1,55897,MESP1,mouse
101869,Unc45a,55898,UNC45A,mouse
18762,Prkcz,5590,PRKCZ,mouse
56229,Thsd1,55901,THSD1,mouse
60525,Acss2,55902,ACSS2,mouse
69188,Kmt2e,55904,KMT2E,mouse
81018,Rnf114,55905,RNF114,mouse
245522,Zc4h2,55906,ZC4H2,mouse
12764,Cmas,55907,CMAS,mouse
624219,Angptl8,55908,ANGPTL8,mouse
57784,Bin3,55909,BIN3,mouse
19090,Prkdc,5591,PRKDC,mouse
171504,Apobr,55911,APOBR,mouse
59079,Erbin,55914,ERBIN,mouse
71835,Lancl2,55915,LANCL2,mouse
237082,Nxt2,55916,NXT2,mouse
80281,Cttnbp2nl,55917,CTTNBP2NL,mouse
19091,Prkg1,5592,PRKG1,mouse
108911,Rcc2,55920,RCC2,mouse
77286,Nkrf,55922,NKRF,mouse
109050,Inka2,55924,INKA2,mouse
66233,Dmap1,55929,DMAP1,mouse
19092,Prkg2,5593,PRKG2,mouse
208943,Myo5c,55930,MYO5C,mouse
55938,Apom,55937,APOM,mouse
26413,Mapk1,5594,MAPK1,mouse
26417,Mapk3,5595,MAPK3,mouse
67178,Zmat5,55954,ZMAT5,mouse
75660,Lin37,55957,LIN37,mouse
242521,Klhl9,55958,KLHL9,mouse
72043,Sulf2,55959,SULF2,mouse
225724,Mapk4,5596,MAPK4,mouse
24050,Septin3,55964,SEPTIN3,mouse
230959,Ajap1,55966,AJAP1,mouse
66414,Ndufa12,55967,NDUFA12,mouse
386649,Nsfl1c,55968,NSFL1C,mouse
67388,Rab5if,55969,RAB5IF,mouse
50772,Mapk6,5597,MAPK6,mouse
14701,Gng12,55970,GNG12,mouse
66898,Baiap2l1,55971,BAIAP2L1,mouse
319653,Slc25a40,55972,SLC25A40,mouse
12033,Bcap29,55973,BCAP29,mouse
19729,Slc50a1,55974,SLC50A1,mouse
52323,Klhl7,55975,KLHL7,mouse
23939,Mapk7,5598,MAPK7,mouse
26419,Mapk8,5599,MAPK8,mouse
12627,Cfc1,55997,CFC1|CFC1B,mouse
83454,Nxf2,55998,NXF5,mouse
11451,Acrv1,56,ACRV1,mouse
19094,Mapk11,5600,MAPK11,mouse
245610,Nxf3,56000,NXF3,mouse
170722,Nxf7,56001,NXF2,mouse
83454,Nxf2,56001,NXF2,mouse
28106,Mydgf,56005,MYDGF,mouse
71997,Smg9,56006,SMG9,mouse
26420,Mapk9,5601,MAPK9,mouse
26414,Mapk10,5602,MAPK10,mouse
26415,Mapk13,5603,MAPK13,mouse
12022,Barx1,56033,BARX1,mouse
54635,Pdgfc,56034,PDGFC,mouse
26395,Map2k1,5604,MAP2K1,mouse
26396,Map2k2,5605,MAP2K2,mouse
208211,Alg1,56052,ALG1,mouse
26397,Map2k3,5606,MAP2K3,mouse
28018,Ubfd1,56061,UBFD1,mouse
237010,Klhl4,56062,KLHL4,mouse
76799,Tmem234,56063,TMEM234,mouse
23938,Map2k5,5607,MAP2K5,mouse
26399,Map2k6,5608,MAP2K6,mouse
26400,Map2k7,5609,MAP2K7,mouse
93708,Pcdhgc5,56097,PCDHGC5,mouse
93707,Pcdhgc4,56098,PCDHGC4,mouse
93704,Pcdhgb7,56099,PCDHGB7,mouse
19106,Eif2ak2,5610,EIF2AK2,mouse
93703,Pcdhgb6,56100,PCDHGB6,mouse
93702,Pcdhgb5,56101,PCDHGB5,mouse
93700,Pcdhgb2,56103,PCDHGB2,mouse
93699,Pcdhgb1,56104,PCDHGB1,mouse
93723,Pcdhga11,56105,PCDHGA11,mouse
93722,Pcdhga10,56106,PCDHGA10,mouse
93717,Pcdhga9,56107,PCDHGA9,mouse
93715,Pcdhga7,56108,PCDHGA7,mouse
93714,Pcdhga6,56109,PCDHGA6,mouse
100037258,Dnajc3,5611,DNAJC3,mouse
93713,Pcdhga5,56110,PCDHGA5,mouse
93712,Pcdhga4,56111,PCDHGA4,mouse
93711,Pcdhga3,56112,PCDHGA3,mouse
93710,Pcdhga2,56113,PCDHGA2,mouse
93709,Pcdhga1,56114,PCDHGA1,mouse
72981,Thap12,5612,THAP12,mouse
93893,Pcdhb22,56121,PCDHB15,mouse
93891,Pcdhb20,56122,PCDHB14,mouse
93887,Pcdhb16,56123,PCDHB13,mouse
93890,Pcdhb19,56124,PCDHB12,mouse
93890,Pcdhb19,56125,PCDHB11,mouse
93889,Pcdhb18,56126,PCDHB10,mouse
93889,Pcdhb18,56127,PCDHB9,mouse
93887,Pcdhb16,56128,PCDHB8,mouse
93886,Pcdhb15,56129,PCDHB7,mouse
19108,Prkx,5613,PRKX,mouse
93884,Pcdhb13,56130,PCDHB6,mouse
93876,Pcdhb5,56131,PCDHB4,mouse
93878,Pcdhb7,56131,PCDHB4,mouse
93880,Pcdhb9,56131,PCDHB4,mouse
93874,Pcdhb3,56132,PCDHB3,mouse
93873,Pcdhb2,56133,PCDHB2,mouse
353237,Pcdhac2,56134,PCDHAC2,mouse
353236,Pcdhac1,56135,PCDHAC1,mouse
192164,Pcdha12,56136,PCDHA13,mouse
12942,Pcdha11,56138,PCDHA11,mouse
192161,Pcdha9,56139,PCDHA10,mouse
12937,Pcdha6,56140,PCDHA8,mouse
12939,Pcdha7,56141,PCDHA7,mouse
353235,Pcdha8,56141,PCDHA7,mouse
12937,Pcdha6,56142,PCDHA6,mouse
12941,Pcdha5,56143,PCDHA5,mouse
12943,Pcdha10,56144,PCDHA4,mouse
12936,Pcdha4,56144,PCDHA4,mouse
192163,Pcdha3,56145,PCDHA3,mouse
353234,Pcdha2,56146,PCDHA2,mouse
116731,Pcdha1,56147,PCDHA1,mouse
104271,Tex15,56154,TEX15,mouse
83560,Tex14,56155,TEX14,mouse
67944,Tex13a,56156,TEX13B,mouse
83555,Tex13b,56156,TEX13B,mouse
67944,Tex13a,56157,TEX13A,mouse
66654,Tex12,56158,TEX12,mouse
83558,Tex11,56159,TEX11,mouse
19108,Prkx,5616,PRKY,mouse
66647,Nsmce3,56160,NSMCE3,mouse
75555,Nscme3l,56160,NSMCE3,mouse
30054,Rnf17,56163,RNF17,mouse
77485,Stk31,56164,STK31,mouse
83561,Tdrd1,56165,TDRD1,mouse
270328,Gsdmc3,56169,GSDMC,mouse
331063,Gsdmc2,56169,GSDMC,mouse
83492,Gsdmc,56169,GSDMC,mouse
74548,Gsdmc4,56169,GSDMC,mouse
13529,Prl8a2,5617,PRL,mouse
107849,Prl2c5,5617,PRL,mouse
19109,Prl,5617,PRL,mouse
19110,Prl4a1,5617,PRL,mouse
19111,Prl6a1,5617,PRL,mouse
19112,Prl8a6,5617,PRL,mouse
19114,Prl7a2,5617,PRL,mouse
19113,Prl7a1,5617,PRL,mouse
18814,Prl7d1,5617,PRL,mouse
18812,Prl2c3|Prl2c4,5617,PRL,mouse
18811,Prl2c2,5617,PRL,mouse
18776,Prl3b1,5617,PRL,mouse
56635,Prl2a1,5617,PRL,mouse
28078,Prl5a1,5617,PRL,mouse
27372,Prl3c1,5617,PRL,mouse
666317,Prl2c1,5617,PRL,mouse
67310,Prl8a9,5617,PRL,mouse
73244,Prl8a1,5617,PRL,mouse
67505,Prl7c1,5617,PRL,mouse
66392,Prl2b1,5617,PRL,mouse
75596,Prl7b1,5617,PRL,mouse
74188,Prl8a8,5617,PRL,mouse
67000,Prl3a1,5617,PRL,mouse
100101919,Dnah7c,56171,DNAH7,mouse
227058,Dnah7b,56171,DNAH7,mouse
627872,Dnah7a,56171,DNAH7,mouse
11732,Ank,56172,ANKH,mouse
19116,Prlr,5618,PRLR,mouse
70380,Mospd1,56180,MOSPD1,mouse
76824,Mtfr1l,56181,MTFR1L,mouse
19118,Prm1,5619,PRM1,mouse
19119,Prm2,5620,PRM2,mouse
320502,Lmod3,56203,LMOD3,mouse
235493,Fam214a,56204,FAM214A,mouse
19122,Prnp,5621,PRNP,mouse
19197,Pspn,5623,PSPN,mouse
19123,Proc,5624,PROC,mouse
71733,Susd2,56241,SUSD2,mouse
208618,Etl4,56243,KIAA1217,mouse
547431,Btnl2,56244,BTNL2,mouse
74387,4932438H23Rik,56245,C21orf62,mouse
77037,Mrap,56246,MRAP,mouse
19125,Prodh,5625,PRODH,mouse
56531,Ylpm1,56252,YLPM1,mouse
54698,Crtam,56253,CRTAM,mouse
109331,Rnf20,56254,RNF20,mouse
52837,Tmx4,56255,TMX4,mouse
214791,Sertad4,56256,SERTAD4,mouse
231803,Mepce,56257,MEPCE,mouse
66642,Ctnnbl1,56259,CTNNBL1,mouse
74182,Gpcpd1,56261,GPCPD1,mouse
241296,Lrrc8a,56262,LRRC8A,mouse
56264,Cpxm1,56265,CPXM1,mouse
229905,Kyat3,56267,KYAT3,mouse
210145,Irgc1,56269,IRGC,mouse
19128,Pros1,5627,PROS1,mouse
66840,Wdr45b,56270,WDR45B,mouse
328660,Bex6,56271,BEX4,mouse
406217,Bex4,56271,BEX4,mouse
66283,Gkn1,56287,GKN1,mouse
93742,Pard3,56288,PARD3,mouse
19130,Prox1,5629,PROX1,mouse
12007,Azgp1,563,AZGP1,mouse
19132,Prph,5630,PRPH,mouse
215257,Il36g,56300,IL36G,mouse
53896,Slc7a10,56301,SLC7A10,mouse
19139,Prps1,5631,PRPS1,mouse
328099,Prps1l3,5631,PRPS1,mouse
75196,Ankrd7,56311,ANKRD7,mouse
56335,Mettl3,56339,METTL3,mouse
110639,Prps2,5634,PRPS2,mouse
381813,Prmt8,56341,PRMT8,mouse
235036,Ppan,56342,PPAN,mouse
29865,Cabp5,56344,CABP5,mouse
67763,Prpsap1,5635,PRPSAP1,mouse
212627,Prpsap2,5636,PRPSAP2,mouse
546336,Prrg1,5638,PRRG1,mouse
65116,Prrg2,5639,PRRG2,mouse
19141,Lgmn,5641,LGMN,mouse
57260,Ltb4r2,56413,LTB4R2,mouse
100040233,Prss3l,5645,PRSS2,mouse
103964,Try5,5645,PRSS2,mouse
114228,Prss1,5645,PRSS2,mouse
22074,Try4,5645,PRSS2,mouse
22073,Prss3,5645,PRSS2,mouse
22072,Prss2,5645,PRSS2,mouse
436522,Try10,5645,PRSS2,mouse
436523,Prss1l,5645,PRSS2,mouse
114228,Prss1,5646,PRSS3,mouse
103964,Try5,5646,PRSS3,mouse
100040233,Prss3l,5646,PRSS3,mouse
22074,Try4,5646,PRSS3,mouse
22073,Prss3,5646,PRSS3,mouse
22072,Prss2,5646,PRSS3,mouse
436523,Prss1l,5646,PRSS3,mouse
436522,Try10,5646,PRSS3,mouse
55936,Ctps2,56474,CTPS2,mouse
67874,Rprm,56475,RPRM,mouse
56838,Ccl28,56477,CCL28,mouse
74203,Eif4enif1,56478,EIF4ENIF1,mouse
226922,Kcnq5,56479,KCNQ5,mouse
17174,Masp1,5648,MASP1,mouse
19699,Reln,5649,RELN,mouse
23993,Klk7,5650,KLK7,mouse
19146,Tmprss15,5651,TMPRSS15,mouse
76560,Prss8,5652,PRSS8,mouse
30045,Dnajc12,56521,DNAJC12,mouse
19144,Klk6,5653,KLK6,mouse
56213,Htra1,5654,HTRA1,mouse
60322,Chst7,56548,CHST7,mouse
69540,Klk10,5655,KLK10,mouse
19152,Prtn3,5657,PRTN3,mouse
19156,Psap,5660,PSAP,mouse
232174,Cyp26b1,56603,CYP26B1,mouse
67475,Ero1b,56605,ERO1B,mouse
117591,Slc2a9,56606,SLC2A9,mouse
66593,Diablo,56616,DIABLO,mouse
73728,Psd,5662,PSD,mouse
64436,Inpp5e,56623,INPP5E,mouse
54447,Asah2,56624,ASAH2,mouse
19164,Psen1,5663,PSEN1,mouse
19165,Psen2,5664,PSEN2,mouse
66165,Bccip,56647,BCCIP,mouse
208691,Eif5a2,56648,EIF5A2,mouse
214523,Tmprss4,56649,TMPRSS4,mouse
224250,Cldnd1,56650,CLDND1,mouse
226153,Twnk,56652,TWNK,mouse
18146,Npdc1,56654,NPDC1,mouse
66979,Pole4,56655,POLE4,mouse
79263,Trim39,56658,TRIM39,mouse
217826,Kcnk13,56659,KCNK13,mouse
210741,Kcnk12,56660,KCNK12,mouse
406218,Panx2,56666,PANX2,mouse
17063,Muc13,56667,MUC13,mouse
84112,Sucnr1,56670,SUCNR1,mouse
57373,Akip1,56672,AKIP1,mouse
57355,BC051019,56673,C11orf16,mouse
56786,Tmem9b,56674,TMEM9B,mouse
78593,Nrip3,56675,NRIP3,mouse
56787,Ascl3,56676,ASCL3,mouse
20224,Sar1a,56681,SAR1A,mouse
68001,Cfap298,56683,CFAP298,mouse
26367,Ceacam2,5669,PSG1,mouse
12010,B2m,567,B2M,mouse
57339,Jph1,56704,JPH1,mouse
26367,Ceacam2,5671,PSG3,mouse
26367,Ceacam2,5672,PSG4,mouse
57264,Retn,56729,RETN,mouse
26367,Ceacam2,5675,PSG6,mouse
54422,Barhl1,56751,BARHL1,mouse
26367,Ceacam2,5676,PSG7,mouse
54418,Fmn2,56776,FMN2,mouse
26367,Ceacam2,5678,PSG9,mouse
244631,Pskh1,5681,PSKH1,mouse
26440,Psma1,5682,PSMA1,mouse
78781,Zc3hav1,56829,ZC3HAV1,mouse
19166,Psma2,5683,PSMA2,mouse
387510,Ifnk,56832,IFNK,mouse
74748,Slamf8,56833,SLAMF8,mouse
107173,Gpr137,56834,GPR137,mouse
19167,Psma3,5684,PSMA3,mouse
56632,Sphk2,56848,SPHK2,mouse
100040972,Tceal7,56849,TCEAL7,mouse
26441,Psma4,5685,PSMA4,mouse
54645,Gripap1,56850,GRIPAP1,mouse
73024,Emc7,56851,EMC7,mouse
58186,Rad18,56852,RAD18,mouse
108013,Celf4,56853,CELF4,mouse
26442,Psma5,5686,PSMA5,mouse
26443,Psma6,5687,PSMA6,mouse
26444,Psma7,5688,PSMA7,mouse
57912,Cdc42se1,56882,CDC42SE1,mouse
213262,Fstl5,56884,FSTL5,mouse
320011,Uggt1,56886,UGGT1,mouse
74287,Kcmf1,56888,KCMF1,mouse
107358,Tm9sf3,56889,TM9SF3,mouse
19170,Psmb1,5689,PSMB1,mouse
17245,Mdm1,56890,MDM1,mouse
16859,Lgals9,56891,LGALS14,mouse
69068,Tcim,56892,TCIM,mouse
94232,Ubqln4,56893,UBQLN4,mouse
28169,Agpat3,56894,AGPAT3,mouse
68262,Agpat4,56895,AGPAT4,mouse
65254,Dpysl5,56896,DPYSL5,mouse
78903,Wrnip1,56897,WRNIP1,mouse
69772,Bdh2,56898,BDH2,mouse
77531,Anks1b,56899,ANKS1B,mouse
26445,Psmb2,5690,PSMB2,mouse
67495,Tmem167b,56900,TMEM167B,mouse
407790,Ndufa4l2,56901,NDUFA4L2,mouse
66249,Pno1,56902,PNO1,mouse
56522,Papolb,56903,PAPOLB,mouse
227700,Sh3glb2,56904,SH3GLB2,mouse
74211,1700017B05Rik,56905,C15orf39,mouse
68166,Spire1,56907,SPIRE1,mouse
26446,Psmb3,5691,PSMB3,mouse
99138,Stard7,56910,STARD7,mouse
224419,Map3k7cl,56911,MAP3K7CL,mouse
76568,Ift46,56912,IFT46,mouse
94192,C1galt1,56913,C1GALT1,mouse
57329,Otor,56914,OTOR,mouse
27998,Exosc5,56915,EXOSC5,mouse
13990,Smarcad1,56916,SMARCAD1,mouse
17537,Meis3,56917,MEIS3,mouse
216877,Dhx33,56919,DHX33,mouse
19172,Psmb4,5692,PSMB4,mouse
218877,Sema3g,56920,SEMA3G,mouse
72039,Mccc1,56922,MCCC1,mouse
216749,Nmur2,56923,NMUR2,mouse
214230,Pak6,56924,PAK6|BUB1B-PAK6,mouse
17035,Lxn,56925,LXN,mouse
103425,Ncln,56926,NCLN,mouse
78308,Gpr108,56927,GPR108,mouse
73218,Sppl2b,56928,SPPL2B,mouse
240263,Fem1c,56929,FEM1C,mouse
19173,Psmb5,5693,PSMB5,mouse
224907,Dus3l,56931,DUS3L,mouse
72605,Car10,56934,CA10,mouse
170748,Smco4,56935,SMCO4,mouse
380768,Ccdc177,56936,CCDC177,mouse
65112,Pmepa1,56937,PMEPA1,mouse
272322,Arntl2,56938,ARNTL2,mouse
19175,Psmb6,5694,PSMB6,mouse
105352,Dusp22,56940,DUSP22,mouse
232210,Hmces,56941,HMCES,mouse
66531,Cmc2,56942,CMC2,mouse
223527,Eny2,56943,ENY2,mouse
99543,Olfml3,56944,OLFML3,mouse
64655,Mrps22,56945,MRPS22,mouse
233545,Emsy,56946,EMSY,mouse
75734,Mff,56947,MFF,mouse
654795,Sdr39u1,56948,SDR39U1,mouse
67439,Xab2,56949,XAB2,mouse
19177,Psmb7,5695,PSMB7,mouse
226830,Smyd2,56950,SMYD2,mouse
213673,9530068E07Rik,56951,C5orf15,mouse
103850,Nt5m,56953,NT5M,mouse
52633,Nit2,56954,NIT2,mouse
94111,Mepe,56955,MEPE,mouse
16876,Lhx9,56956,LHX9,mouse
229603,Otud7b,56957,OTUD7B,mouse
16913,Psmb8,5696,PSMB8,mouse
20420,Shd,56961,SHD,mouse
244058,Rgma,56963,RGMA,mouse
626359,Wdr93,56964,WDR93,mouse
67287,Parp6,56965,PARP6,mouse
268595,D430019H16Rik,56967,C14orf132,mouse
217212,Pyy,5697,PYY,mouse
217218,Atxn7l3,56970,ATXN7L3,mouse
319930,Ceacam19,56971,CEACAM19,mouse
80752,Fam20c,56975,FAM20C,mouse
71069,Stox2,56977,STOX2,mouse
77630,Prdm8,56978,PRDM8,mouse
213389,Prdm9,56979,PRDM9,mouse
330463,Zfp78,56979,PRDM9,mouse
16912,Psmb9,5698,PSMB9,mouse
382066,Prdm10,56980,PRDM10,mouse
100042784,Prdm11,56981,PRDM11,mouse
224143,Poglut1,56983,POGLUT1,mouse
107047,Psmg2,56984,PSMG2,mouse
66358,Adprm,56985,ADPRM,mouse
69185,Dtwd1,56986,DTWD1,mouse
70508,Bbx,56987,BBX,mouse
19171,Psmb10,5699,PSMB10,mouse
72729,Cdc42se2,56990,CDC42SE2,mouse
209737,Kif15,56992,KIF15,mouse
223696,Tomm22,56993,TOMM22,mouse
212862,Chpt1,56994,CHPT1,mouse
68842,Tulp4,56995,TULP4,mouse
83704,Slc12a9,56996,SLC12A9,mouse
67426,Coq8a,56997,COQ8A,mouse
67087,Ctnnbip1,56998,CTNNBIP1,mouse
101401,Adamts9,56999,ADAMTS9,mouse
12012,Baat,570,BAAT,mouse
19179,Psmc1,5700,PSMC1,mouse
71238,Sdhaf3,57001,SDHAF3,mouse
67008,Yae1d1,57002,YAE1,mouse
67163,Ccdc47,57003,CCDC47,mouse
12778,Ackr3,57007,ACKR3,mouse
19181,Psmc2,5701,PSMC2,mouse
73660,Cabp4,57010,CABP4,mouse
14187,Akr1b8,57016,AKR1B10,mouse
11997,Akr1b7,57016,AKR1B10,mouse
67861,Akr1b10,57016,AKR1B10,mouse
67914,Coq9,57017,COQ9,mouse
56706,Ccnl1,57018,CCNL1,mouse
109006,Ciapin1,57019,CIAPIN1,mouse
19182,Psmc3,5702,PSMC3,mouse
71517,Vps35l,57020,VPS35L,mouse
57028,Pdxp,57026,PDXP,mouse
72961,Slc17a7,57030,SLC17A7,mouse
27981,Rsrp1,57035,RSRP1,mouse
217473,Ankmy2,57037,ANKMY2,mouse
109093,Rars2,57038,RARS2,mouse
23996,Psmc4,5704,PSMC4,mouse
65960,Twsg1,57045,TWSG1,mouse
18828,Plscr2,57047,PLSCR2,mouse
78459,1700057G04Rik,57047,PLSCR2,mouse
70310,Plscr3,57048,PLSCR3,mouse
19184,Psmc5,5705,PSMC5,mouse
65961,Utp3,57050,UTP3,mouse
504186,Chrna10,57053,CHRNA10,mouse
57246,Tbx20,57057,TBX20,mouse
67089,Psmc6,5706,PSMC6,mouse
59092,Pcbp4,57060,PCBP4,mouse
27225,Ddx24,57062,DDX24,mouse
70247,Psmd1,5707,PSMD1,mouse
21762,Psmd2,5708,PSMD2,mouse
76464,Knl1,57082,KNL1,mouse
140919,Slc17a6,57084,SLC17A6,mouse
11610,Agtrap,57085,AGTRAP,mouse
235527,Plscr4,57088,PLSCR4,mouse
93685,Entpd7,57089,ENTPD7,mouse
22123,Psmd3,5709,PSMD3,mouse
320664,Cass4,57091,CASS4,mouse
76302,Pcnp,57092,PCNP,mouse
547109,Trim43a,57093,TRIM49,mouse
666731,Trim43c,57093,TRIM49,mouse
666747,Trim43b,57093,TRIM49,mouse
329093,Cpa6,57094,CPA6,mouse
66193,Pithd1,57095,PITHD1,mouse
77945,Rpgrip1,57096,RPGRIP1,mouse
101187,Parp11,57097,PARP11,mouse
74268,Aven,57099,AVEN,mouse
12013,Bach1,571,BACH1|GRIK1-AS2,mouse
19185,Psmd4,5710,PSMD4,mouse
243634,Ano2,57101,ANO2,mouse
28040,D6Wsu163e,57102,C12orf4,mouse
319801,Tigar,57103,TIGAR,mouse
66853,Pnpla2,57104,PNPLA2,mouse
70086,Cysltr2,57105,CYSLTR2,mouse
269854,Nat14,57106,NAT14,mouse
71365,Pdss2,57107,PDSS2,mouse
227656,Rexo4,57109,REXO4,mouse
66998,Psmd5,5711,PSMD5,mouse
27281,Plaat1,57110,PLAAT1,mouse
53868,Rab25,57111,RAB25,mouse
26946,Trpc7,57113,TRPC7,mouse
384997,Pglyrp4,57115,PGLYRP4,mouse
218314,Zfp595,57116,ZNF695,mouse
629016,Zfp953,57116,ZNF695,mouse
408068,Zfp738,57116,ZNF695,mouse
431706,Zfp457,57116,ZNF695,mouse
71793,Ints12,57117,INTS12,mouse
227541,Camk1d,57118,CAMK1D,mouse
75526,Eppin,57119,EPPIN,mouse
94221,Gopc,57120,GOPC,mouse
381810,Lpar5,57121,LPAR5,mouse
103468,Nup107,57122,NUP107,mouse
70445,Cd248,57124,CD248,mouse
72324,Plxdc1,57125,PLXDC1,mouse
232972,Lypd10,57126,CD177,mouse
210155,Lypd11,57126,CD177,mouse
68891,Cd177,57126,CD177,mouse
58176,Rhbg,57127,RHBG,mouse
380840,Lyrm4,57128,LYRM4,mouse
74600,Mrpl47,57129,MRPL47,mouse
17463,Psmd7,5713,PSMD7,mouse
170759,Atp13a1,57130,ATP13A1,mouse
67064,Chmp1b,57132,CHMP1B,mouse
230815,Man1c1,57134,MAN1C1,mouse
71881,Apmap,57136,APMAP,mouse
71746,Rgl3,57139,RGL3,mouse
57296,Psmd8,5714,PSMD8,mouse
108657,Rnpepl1,57140,RNPEPL1,mouse
68585,Rtn4,57142,RTN4,mouse
72113,Adck1,57143,ADCK1,mouse
241656,Pak5,57144,PAK5,mouse
233806,Ldaf1,57146,LDAF1,mouse
240880,Scyl3,57147,SCYL3,mouse
228850,Ralgapb,57148,RALGAPB,mouse
73919,Lyrm1,57149,LYRM1,mouse
67151,Psmd9,5715,PSMD9,mouse
66291,Smim8,57150,SMIM8|LINC01590,mouse
57277,Slurp1,57152,SLURP1,mouse
68682,Slc44a2,57153,SLC44A2,mouse
75788,Smurf1,57154,SMURF1,mouse
217733,Tmem63c,57156,TMEM63C,mouse
68770,Phtf2,57157,PHTF2,mouse
59091,Jph2,57158,JPH2,mouse
58522,Trim54,57159,TRIM54,mouse
53380,Psmd10,5716,PSMD10,mouse
93834,Peli2|Gm6498,57161,PELI2,mouse
67245,Peli1,57162,PELI1,mouse
118454,Gjc2,57165,GJC2,mouse
99377,Sall4,57167,SALL4,mouse
72898,Asphd2,57168,ASPHD2,mouse
98999,Znfx1,57169,ZNFX1,mouse
69077,Psmd11,5717,PSMD11,mouse
57170,Dolpp1,57171,DOLPP1,mouse
215303,Camk1g,57172,CAMK1G,mouse
23789,Coro1b,57175,CORO1B,mouse
68915,Vars2,57176,VARS2,mouse
328365,Zmiz1,57178,ZMIZ1,mouse
97820,4833439L19Rik,57179,KIAA1191,mouse
66997,Psmd12,5718,PSMD12,mouse
242894,Actr3b,57180,ACTR3B,mouse
227059,Slc39a10,57181,SLC39A10,mouse
99696,Ankrd50,57182,ANKRD50,mouse
78323,Fam219b,57184,FAM219B,mouse
74552,Nipal3,57185,NIPAL3,mouse
241694,Ralgapa2,57186,RALGAPA2,mouse
100042165,Thoc2l,57187,THOC2,mouse
331401,Thoc2,57187,THOC2,mouse
269959,Adamtsl3,57188,ADAMTSL3,mouse
243780,Dennd11,57189,DENND11,mouse
23997,Psmd13,5719,PSMD13,mouse
74777,Selenon,57190,SELENON,mouse
94178,Mcoln1,57192,MCOLN1,mouse
11982,Atp10a,57194,ATP10A,mouse
54667,Atp8b2,57198,ATP8B2,mouse
12015,Bad,572,BAD,mouse
19186,Psme1,5720,PSME1,mouse
231287,Atp10d,57205,ATP10D,mouse
72720,Zfp248,57209,ZNF248,mouse
19188,Psme2,5721,PSME2,mouse
621823,Psme2b,5721,PSME2,mouse
106068,Slc45a4,57210,SLC45A4,mouse
215798,Adgrg6,57211,ADGRG6,mouse
66674,Spryd7,57213,SPRYD7,mouse
80982,Cemip,57214,CEMIP,mouse
59016,Thap11,57215,THAP11,mouse
93840,Vangl2,57216,VANGL2,mouse
225049,Ttc7,57217,TTC7A,mouse
215821,Arfgef3,57221,ARFGEF3,mouse
67458,Ergic1,57222,ERGIC1,mouse
104570,Ppp4r3b,57223,PPP4R3B,mouse
215819,Nhsl1,57224,NHSL1,mouse
108755,Lyrm2,57226,LYRM2,mouse
207818,Smagp,57228,SMAGP,mouse
100678,Psph,5723,PSPH,mouse
244962,Snx14,57231,SNX14,mouse
19204,Ptafr,5724,PTAFR,mouse
19205,Ptbp1,5725,PTBP1,mouse
387513,Tas2r138,5726,TAS2R38,mouse
19206,Ptch1,5727,PTCH1,mouse
19211,Pten,5728,PTEN,mouse
94229,Slc4a10,57282,SLC4A10,mouse
19214,Ptgdr,5729,PTGDR,mouse
70036,Dancr,57291,DANCR,mouse
12017,Bag1,573,BAG1,mouse
19215,Ptgds,5730,PTGDS,mouse
19216,Ptger1,5731,PTGER1,mouse
19217,Ptger2,5732,PTGER2,mouse
228714,Kat14,57325,KAT14,mouse
229534,Pbxip1,57326,PBXIP1,mouse
19218,Ptger3,5733,PTGER3,mouse
30951,Cbx8,57332,CBX8,mouse
52377,Rcn3,57333,RCN3,mouse
192651,Zfp286,57335,ZNF286A,mouse
170740,Zfp287,57336,ZNF287,mouse
66315,Senp7,57337,SENP7,mouse
57340,Jph3,57338,JPH3,mouse
19219,Ptger4,5734,PTGER4,mouse
22768,Zfy2,57343,ZNF304,mouse
22767,Zfy1,57343,ZNF304,mouse
57776,Ttyh1,57348,TTYH1,mouse
14617,Gjd2,57369,GJD2,mouse
19220,Ptgfr,5737,PTGFR,mouse
11628,Aicda,57379,AICDA,mouse
19221,Ptgfrn,5738,PTGFRN,mouse
380836,Mrs2,57380,MRS2,mouse
80837,Rhoj,57381,RHOJ,mouse
19222,Ptgir,5739,PTGIR,mouse
57394,Cltrn,57393,CLTRN,mouse
12750,Clk4,57396,CLK4,mouse
19223,Ptgis,5740,PTGIS,mouse
66166,S100a14,57402,S100A14,mouse
19334,Rab22a,57403,RAB22A,mouse
723866,Mir431,574038,MIR431,mouse
77951,Cyp20a1,57404,CYP20A1,mouse
66442,Spc25,57405,SPC25,mouse
66082,Abhd6,57406,ABHD6,mouse
67824,Nmral1,57407,NMRAL1,mouse
319476,Lrtm1,57408,LRTM1,mouse
69674,Mif4gd,57409,MIF4GD,mouse
19226,Pth,5741,PTH,mouse
78891,Scyl1,57410,SCYL1,mouse
57344,As3mt,57412,AS3MT,mouse
69296,Adora3|Tmigd3,57413,TMIGD3,mouse
215160,Rhbdd2,57414,RHBDD2,mouse
218734,3830406C13Rik,57415,C3orf14,mouse
216156,Wdr18,57418,WDR18,mouse
94249,Slc24a3,57419,SLC24A3,mouse
19224,Ptgs1,5742,PTGS1,mouse
19225,Ptgs2,5743,PTGS2,mouse
19227,Pthlh,5744,PTHLH,mouse
109314,Prr9,574414,PRR9,mouse
735253,Mir488,574441,MIR488,mouse
735279,Mir490,574443,MIR490,mouse
751550,Mir146b,574447,MIR146B,mouse
29812,Ndrg3,57446,NDRG3,mouse
29811,Ndrg2,57447,NDRG2,mouse
12211,Birc6,57448,BIRC6,mouse
269608,Plekhg5,57449,PLEKHG5,mouse
19228,Pth1r,5745,PTH1R,mouse
735275,Mir499,574501,MIR499A,mouse
723974,Mir500,574502,MIR500A,mouse
723974,Mir500,574504,MIR502,mouse
100124476,Mir504,574507,MIR504,mouse
751545,Mir505,574508,MIR505,mouse
23964,Tenm2,57451,TENM2,mouse
108760,Galnt16,57452,GALNT16,mouse
114873,Dscaml1,57453,DSCAML1,mouse
552899,Ugt2a2,574537,UGT2A2,mouse
66932,Rexo1,57455,REXO1,mouse
66202,1110059G10Rik,57456,KIAA1143,mouse
319880,Tmcc3,57458,TMCC3,mouse
229542,Gatad2b,57459,GATAD2B,mouse
213527,Pth2r,5746,PTH2R,mouse
319468,Ppm1h,57460,PPM1H,mouse
57905,Isy1,57461,ISY1,mouse
329828,Myorg,57462,MYORG,mouse
229715,Amigo1,57463,AMIGO1,mouse
320609,Strip2,57464,STRIP2,mouse
224617,Tbc1d24,57465,TBC1D24,mouse
224432,Scaf4,57466,SCAF4,mouse
74770,Hhatl,57467,HHATL,mouse
57138,Slc12a5,57468,SLC12A5,mouse
434128,Pnma8b,57469,PNMA8B,mouse
14083,Ptk2,5747,PTK2,mouse
72946,Lrrc47,57470,LRRC47,mouse
77767,Ermn,57471,ERMN,mouse
104625,Cnot6,57472,CNOT6,mouse
269401,Zfp512b,57473,ZNF512B,mouse
102640477,Gm14412,57474,ZNF490,mouse
102635315,Gm32687,57474,ZNF490,mouse
233987,Zfp958,57474,ZNF490,mouse
330788,Zfp866,57474,ZNF490,mouse
668620,Zfp936,57474,ZNF490,mouse
76803,Zfp998,57474,ZNF490,mouse
211945,Plekhh1,57475,PLEKHH1,mouse
235283,Gramd1b,57476,GRAMD1B,mouse
208431,Shroom4,57477,SHROOM4,mouse
76179,Usp31,57478,USP31,mouse
233210,Prr12,57479,PRR12,mouse
213783,Plekhg1,57480,PLEKHG1,mouse
101055983,Gm14569,57481,KIAA1210,mouse
320827,Cracd,57482,CRACD,mouse
330812,Rnf150,57484,RNF150,mouse
75805,Nln,57486,NLN,mouse
52635,Esyt2,57488,ESYT2,mouse
52184,Odf2l,57489,ODF2L,mouse
11624,Ahrr,57491,AHRR,mouse
239985,Arid1b,57492,ARID1B,mouse
77446,Heg1,57493,HEG1,mouse
108653,Rimklb,57494,RIMKLB,mouse
319807,Nwd2,57495,NWD2,mouse
239719,Mrtfb,57496,MRTFB,mouse
70530,Lrfn2,57497,LRFN2,mouse
77480,Kidins220,57498,KIDINS220,mouse
107831,Adgrb1,575,ADGRB1,mouse
613264,1810020O05Rik,57501,CFAP92,mouse
100113365,Nlgn4l,57502,NLGN4X,mouse
116871,Mta3,57504,MTA3,mouse
224805,Aars2,57505,AARS2,mouse
228607,Mavs,57506,MAVS,mouse
269023,Zfp608,57507,ZNF608,mouse
70422,Ints2,57508,INTS2,mouse
102103,Mtus1,57509,MTUS1,mouse
72322,Xpo5,57510,XPO5,mouse
67542,Cog6,57511,COG6,mouse
241263,Gpr158,57512,GPR158,mouse
140721,Caskin2,57513,CASKIN2,mouse
12549,Arhgap31,57514,ARHGAP31,mouse
56442,Serinc1,57515,SERINC1,mouse
668880,Stard9,57519,STARD9,mouse
329152,Hecw2,57520,HECW2,mouse
74370,Rptor,57521,RPTOR,mouse
117600,Srgap1,57522,SRGAP1,mouse
277154,Nynrin,57523,NYNRIN,mouse
268932,Caskin1,57524,CASKIN1,mouse
279653,Pcdh19,57526,PCDH19,mouse
383348,Kctd16,57528,KCTD16,mouse
209540,Rtl9,57529,RTL9,mouse
20459,Ptk6,5753,PTK6,mouse
70737,Cgn,57530,CGN,mouse
209462,Hace1,57531,HACE1,mouse
68564,Nufip2,57532,NUFIP2,mouse
100855,Tbc1d14,57533,TBC1D14,mouse
225164,Mib1,57534,MIB1,mouse
229722,Elapor1,57535,ELAPOR1,mouse
225289,AW554918,57536,KIAA1328,mouse
81840,Sorcs2,57537,SORCS2,mouse
116904,Alpk3,57538,ALPK3,mouse
74682,Wdr35,57539,WDR35,mouse
71461,Ptk7,5754,PTK7,mouse
242748,Disp3,57540,DISP3,mouse
272347,Zfp398,57541,ZNF398,mouse
232539,Klhl42,57542,KLHL42,mouse
70561,Txndc16,57544,TXNDC16,mouse
231214,Cc2d2a,57545,CC2D2A,mouse
382051,Pdp2,57546,PDP2,mouse
93842,Igsf9,57549,IGSF9,mouse
216965,Taok1,57551,TAOK1,mouse
320024,Nceh1,57552,NCEH1,mouse
194401,Mical3,57553,MICAL3,mouse
242274,Lrrc7,57554,LRRC7,mouse
216856,Nlgn2,57555,NLGN2,mouse
20358,Sema6a,57556,SEMA6A,mouse
244144,Usp35,57558,USP35,mouse
76630,Stambpl1,57559,STAMBPL1,mouse
19230,Twf1,5756,TWF1,mouse
68259,Ift80,57560,IFT80,mouse
105171,Arrdc3,57561,ARRDC3,mouse
234915,Cep126,57562,CEP126,mouse
246293,Klhl8,57563,KLHL8,mouse
225266,Klhl14,57565,KLHL14,mouse
79233,Zfp319,57567,ZNF319,mouse
244668,Sipa1l2,57568,SIPA1L2,mouse
244867,Arhgap20,57569,ARHGAP20,mouse
19231,Ptma,5757,PTMA,mouse
76357,Trmt5,57570,TRMT5,mouse
107239,Carns1,57571,CARNS1,mouse
319899,Dock6,57572,DOCK6,mouse
330463,Zfp78,57573,ZNF471,mouse
381270,Marchf4,57574,MARCHF4,mouse
18526,Pcdh10,57575,PCDH10,mouse
16559,Kif17,57576,KIF17,mouse
212153,Ccdc191,57577,CCDC191,mouse
217843,Unc79,57578,UNC79,mouse
68187,Fam135a,57579,FAM135A,mouse
277360,Prex1,57580,PREX1,mouse
227632,Kcnt1,57582,KCNT1,mouse
77106,Tmem181a,57583,TMEM181,mouse
71435,Arhgap21,57584,ARHGAP21,mouse
57354,Cramp1,57585,CRAMP1,mouse
80976,Syt13,57586,SYT13,mouse
66756,Cfap97,57587,CFAP97,mouse
226089,Ric1,57589,RIC1,mouse
69368,Wdfy1,57590,WDFY1,mouse
223701,Mrtfa,57591,MRTFA,mouse
78266,Zfp687,57592,ZNF687,mouse
228598,Ebf4,57593,EBF4,mouse
239099,Homez,57594,HOMEZ,mouse
245469,Pdzd4,57595,PDZD4,mouse
380785,Begain,57596,BEGAIN,mouse
268515,Bahcc1,57597,BAHCC1,mouse
67561,Wdr48,57599,WDR48,mouse
230775,Adgrb2,576,ADGRB2,mouse
329679,Fnip2,57600,FNIP2,mouse
72344,Usp36,57602,USP36,mouse
319582,Trmt9b,57604,TRMT9B,mouse
19679,Pitpnm2,57605,PITPNM2,mouse
75991,Slain2,57606,SLAIN2,mouse
240185,Jcad,57608,JCAD,mouse
239667,Dip2b,57609,DIP2B,mouse
74334,Ranbp10,57610,RANBP10,mouse
320563,Islr2,57611,ISLR2,mouse
74525,Fam234b,57613,FAM234B,mouse
227446,Relch,57614,RELCH,mouse
243931,Tshz3,57616,TSHZ3,mouse
228545,Vps18,57617,VPS18,mouse
27428,Shroom3,57619,SHROOM3,mouse
116873,Stim2,57620,STIM2,mouse
381990,Zbtb2,57621,ZBTB2,mouse
80749,Lrfn1,57622,LRFN1,mouse
380993,Zfat,57623,ZFAT,mouse
241134,Nyap2,57624,NYAP2,mouse
93688,Klhl1,57626,KLHL1,mouse
269109,Dpp10,57628,DPP10,mouse
69202,Ptms,5763,PTMS,mouse
59009,Sh3rf1,57630,SH3RF1,mouse
210297,Lrch2,57631,LRCH2,mouse
16979,Lrrn1,57633,LRRN1,mouse
75560,Ep400,57634,EP400,mouse
58996,Arhgap23,57636,ARHGAP23,mouse
75172,Ccdc146,57639,CCDC146,mouse
19242,Ptn,5764,PTN,mouse
73368,Col20a1,57642,COL20A1,mouse
74464,Zswim5,57643,ZSWIM5,mouse
668940,Myh7b,57644,MYH7B,mouse
71592,Pogk,57645,POGK,mouse
235323,Usp28,57646,USP28,mouse
208144,Dhx37,57647,DHX37,mouse
97130,C77080,57648,KIAA1522,mouse
268448,Phf12,57649,PHF12,mouse
224171,Cip2a,57650,CIP2A,mouse
71101,Uvssa,57654,UVSSA,mouse
52857,Gramd1a,57655,GRAMD1A,mouse
15168,Hcn3,57657,HCN3,mouse
67488,Calcoco1,57658,CALCOCO1,mouse
75580,Zbtb4,57659,ZBTB4,mouse
101471,Phrf1,57661,PHRF1,mouse
69697,Camsap3,57662,CAMSAP3,mouse
57775,Usp29,57663,USP29,mouse
69217,Plekha4,57664,PLEKHA4,mouse
105014,Rdh14,57665,RDH14,mouse
381668,Fbrsl1,57666,FBRSL1,mouse
226352,Epb41l5,57669,EPB41L5,mouse
330286,D630045J12Rik,57670,KIAA1549,mouse
331623,Bend3,57673,BEND3,mouse
672511,Rnf213,57674,RNF213,mouse
243906,Zfp14,57677,ZFP14,mouse
14732,Gpam,57678,GPAM,mouse
74018,Als2,57679,ALS2,mouse
104009,Qsox1,5768,QSOX1,mouse
67772,Chd8,57680,CHD8,mouse
73884,Zdbf2,57683,ZDBF2,mouse
320633,Zbtb26,57684,ZBTB26,mouse
320508,Cachd1,57685,CACHD1,mouse
270097,Vat1l,57687,VAT1L,mouse
67263,Zswim6,57688,ZSWIM6,mouse
241568,Lrrc4c,57689,LRRC4C,mouse
217351,Tnrc6c,57690,TNRC6C,mouse
107528,Magee1,57692,MAGEE1,mouse
244713,Zfp317,57693,ZNF317,mouse
319651,Usp37,57695,USP37,mouse
67848,Ddx55,57696,DDX55,mouse
104806,Fancm,57697,FANCM,mouse
71653,Shtn1,57698,SHTN1,mouse
240058,Cpne5,57699,CPNE5,mouse
210933,Adgrb3,577,ADGRB3,mouse
19246,Ptpn1,5770,PTPN1,mouse
226252,Fhip2a,57700,FHIP2A,mouse
380969,Nckap5l,57701,NCKAP5L,mouse
80744,Cwc22,57703,CWC22,mouse
668115,Gm13697,57703,CWC22,mouse
668107,Gm13696,57703,CWC22,mouse
668119,Gm13691,57703,CWC22,mouse
668100,Gm13693,57703,CWC22,mouse
668096,Gm13698,57703,CWC22,mouse
668113,Gm13694,57703,CWC22,mouse
230101,Gba2,57704,GBA2,mouse
545030,Wdfy4,57705,WDFY4,mouse
227801,Dennd1a,57706,DENND1A,mouse
74347,Meak7,57707,MEAK7,mouse
71148,Mier1,57708,MIER1,mouse
241919,Slc7a14,57709,SLC7A14,mouse
19255,Ptpn2,5771,PTPN2,mouse
207792,BC034090,57710,KIAA1614,mouse
353282,Sfmbt2,57713,SFMBT2,mouse
26456,Sema4g,57715,SEMA4G,mouse
19153,Prx,57716,PRX,mouse
93888,Pcdhb17,57717,PCDHB16,mouse
74521,Ppp4r4,57718,PPP4R4,mouse
382014,Ano8,57719,ANO8,mouse
277463,Gpr107,57720,GPR107,mouse
210529,Mettl14,57721,METTL14,mouse
56741,Igdcc4,57722,IGDCC4,mouse
100502841,Epg5,57724,EPG5,mouse
228869,Ncoa5,57727,NCOA5,mouse
213081,Wdr19,57728,WDR19,mouse
80297,Sptbn4,57731,SPTBN4,mouse
231125,Zfyve28,57732,ZFYVE28,mouse
545622,Ptpn3,5774,PTPN3,mouse
19258,Ptpn4,5775,PTPN4,mouse
56788,Scube2,57758,SCUBE2,mouse
228775,Trib3,57761,TRIB3,mouse
68558,Ankra2,57763,ANKRA2,mouse
15170,Ptpn6,5777,PTPN6,mouse
320139,Ptpn7,5778,PTPN7,mouse
57782,Rbak,57786,RBAK,mouse
232944,Mark4,57787,MARK4,mouse
70616,Sugp1,57794,SUGP1,mouse
240843,Brinp2,57795,BRINP2,mouse
67210,Gatad1,57798,GATAD1,mouse
224624,Rab40c,57799,RAB40C,mouse
12018,Bak1,578,BAK1,mouse
56294,Ptpn9,5780,PTPN9,mouse
69745,Pold4,57804,POLD4,mouse
219158,Ccar2,57805,CCAR2,mouse
19247,Ptpn11,5781,PTPN11,mouse
66438,Hamp2,57817,HAMP,mouse
84506,Hamp,57817,HAMP,mouse
14378,G6pc2,57818,G6PC2,mouse
27756,Lsm2,57819,LSM2,mouse
19248,Ptpn12,5782,PTPN12,mouse
239083,Ccnb1ip1,57820,CCNB1IP1,mouse
74895,Ccdc181,57821,CCDC181,mouse
230824,Grhl3,57822,GRHL3,mouse
75345,Slamf7,57823,SLAMF7,mouse
72065,Rap2c,57826,RAP2C,mouse
114585,D17H6S53E,57827,C6orf47,mouse
320225,Catsperg1,57828,CATSPERG,mouse
76718,Catsperg2,57828,CATSPERG,mouse
19249,Ptpn13,5783,PTPN13,mouse
115486481,Gm45337,57830,KRTAP5-8,mouse
105243089,Gm39115,57830,KRTAP5-8,mouse
105243090,Gm7579,57830,KRTAP5-8,mouse
13117,Cyp4a10,57834,CYP4F11,mouse
100040843,Cyp4a32,57834,CYP4F11,mouse
631304,Cyp4f40,57834,CYP4F11,mouse
435802,Cyp4a30b,57834,CYP4F11,mouse
64385,Cyp4f14,57834,CYP4F11,mouse
666168,Cyp4a31,57834,CYP4F11,mouse
232156,Slc4a5,57835,SLC4A5,mouse
19250,Ptpn14,5784,PTPN14,mouse
19262,Ptpra,5786,PTPRA,mouse
52708,Zfp410,57862,ZNF410,mouse
94332,Cadm3,57863,CADM3,mouse
30936,Slc46a2,57864,SLC46A2,mouse
19263,Ptprb,5787,PTPRB,mouse
19264,Ptprc,5788,PTPRC,mouse
19266,Ptprd,5789,PTPRD,mouse
12020,Nkx3-2,579,NKX3-2,mouse
19265,Ptprcap,5790,PTPRCAP,mouse
19267,Ptpre,5791,PTPRE,mouse
19268,Ptprf,5792,PTPRF,mouse
19270,Ptprg,5793,PTPRG,mouse
545902,Ptprh,5794,PTPRH,mouse
19271,Ptprj,5795,PTPRJ,mouse
19272,Ptprk,5796,PTPRK,mouse
19274,Ptprm,5797,PTPRM,mouse
19275,Ptprn,5798,PTPRN,mouse
19276,Ptprn2,5799,PTPRN2,mouse
11459,Acta1,58,ACTA1,mouse
12021,Bard1,580,BARD1,mouse
19277,Ptpro,5800,PTPRO,mouse
19279,Ptprr,5801,PTPRR,mouse
19280,Ptprs,5802,PTPRS,mouse
19283,Ptprz1,5803,PTPRZ1,mouse
19286,Pts,5805,PTS,mouse
19288,Ptx3,5806,PTX3,mouse
12028,Bax,581,BAX,mouse
19355,Rad1,5810,RAD1,mouse
19290,Pura,5813,PURA,mouse
19291,Purb,5814,PURB,mouse
56195,Ptbp2,58155,PTBP2,mouse
64242,Ngb,58157,NGB,mouse
11923,Neurod4,58158,NEUROD4,mouse
19293,Pvalb,5816,PVALB,mouse
52118,Pvr,5817,PVR,mouse
58235,Nectin1,5818,NECTIN1,mouse
67866,Wfdc1,58189,WFDC1,mouse
19294,Nectin2,5819,NECTIN2,mouse
227292,Ctdsp1,58190,CTDSP1,mouse
66102,Cxcl16,58191,CXCL16,mouse
52028,Bbs1,582,BBS1,mouse
19296,Pvt1,5820,PVT1,mouse
110816,Pwp2,5822,PWP2,mouse
19298,Pex19,5824,PEX19,mouse
19299,Abcd3,5825,ABCD3,mouse
19300,Abcd4,5826,ABCD4,mouse
19301,Pxmp2,5827,PXMP2,mouse
19302,Pex2,5828,PEX2,mouse
19303,Pxn,5829,PXN,mouse
67378,Bbs2,583,BBS2,mouse
19305,Pex5,5830,PEX5,mouse
209027,Pycr1,5831,PYCR1,mouse
56454,Aldh18a1,5832,ALDH18A1,mouse
68671,Pcyt2,5833,PCYT2,mouse
110078,Pygb,5834,PYGB,mouse
110095,Pygl,5836,PYGL,mouse
19309,Pygm,5837,PYGM,mouse
59010,Sqor,58472,SQOR,mouse
27276,Plekhb1,58473,PLEKHB1,mouse
109225,Ms4a7,58475,MS4A7,mouse
68728,Trp53inp2,58476,TP53INP2,mouse
20818,Srprb,58477,SRPRB,mouse
67870,Enoph1,58478,ENOPH1,mouse
69581,Rhou,58480,RHOU,mouse
268973,Nlrc4,58484,NLRC4,mouse
245828,Trappc1,58485,TRAPPC1,mouse
71970,Chchd2l,58486,ZBED5,mouse
233490,Crebzf,58487,CREBZF,mouse
18559,Pctp,58488,PCTP,mouse
70178,Abhd17c,58489,ABHD17C,mouse
70470,Rprd1b,58490,RPRD1B,mouse
268319,BC025920,58492,ZNF77,mouse
66209,Inip,58493,INIP,mouse
67374,Jam2,58494,JAM2,mouse
107586,Ovol2,58495,OVOL2,mouse
266614,Ly6g5b,58496,LY6G5B,mouse
229589,Prune1,58497,PRUNE1,mouse
17898,Myl7,58498,MYL7,mouse
242466,Zfp462,58499,ZNF462,mouse
102774,Bbs4,585,BBS4,mouse
239546,Zfp647,58500,ZNF250,mouse
239027,Arhgap22,58504,ARHGAP22,mouse
66357,Ostc,58505,OSTC,mouse
233208,Scaf1,58506,SCAF1,mouse
231051,Kmt2c,58508,KMT2C,mouse
70312,Cactin,58509,CACTIN,mouse
56189,Prodh2,58510,PRODH2,mouse
56629,Dnase2b,58511,DNASE2B,mouse
242667,Dlgap3,58512,DLGAP3,mouse
13859,Eps15l1,58513,EPS15L1,mouse
80795,Selenok,58515,SELENOK,mouse
56306,Sinhcaf,58516,SINHCAF,mouse
67039,Rbm25,58517,RBM25,mouse
240590,Dmrt3,58524,DMRT3,mouse
22404,Wiz,58525,WIZ,mouse
68041,Mid1ip1,58526,MID1IP1,mouse
73112,Abracl,58527,ABRACL,mouse
52187,Rragd,58528,RRAGD,mouse
59011,Myoz1,58529,MYOZ1,mouse
114654,Ly6g6d,58530,LY6G6D|LY6G6F-LY6G6D,mouse
72183,Snx6,58533,SNX6,mouse
227157,Mpp4,58538,MPP4,mouse
17836,Mug1,5858,PZP,mouse
17837,Mug2,5858,PZP,mouse
640530,Gm7298,5858,PZP,mouse
97541,Qars,5859,QARS1,mouse
12035,Bcat1,586,BCAT1,mouse
110391,Qdpr,5860,QDPR,mouse
19324,Rab1a,5861,RAB1A,mouse
59021,Rab2a,5862,RAB2A,mouse
19732,Rgl2,5863,RGL2,mouse
19339,Rab3a,5864,RAB3A,mouse
69908,Rab3b,5865,RAB3B,mouse
74760,Rab3il1,5866,RAB3IL1,mouse
19341,Rab4a,5867,RAB4A,mouse
271457,Rab5a,5868,RAB5A,mouse
19344,Rab5b,5869,RAB5B,mouse
12036,Bcat2,587,BCAT2,mouse
19346,Rab6a,5870,RAB6A,mouse
26412,Map4k2,5871,MAP4K2,mouse
68328,Rab13,5872,RAB13,mouse
11891,Rab27a,5873,RAB27A,mouse
80718,Rab27b,5874,RAB27B,mouse
56187,Rabggta,5875,RABGGTA,mouse
19352,Rabggtb,5876,RABGGTB,mouse
98710,Rabif,5877,RABIF,mouse
19345,Rab5c,5878,RAB5C,mouse
19353,Rac1,5879,RAC1,mouse
19354,Rac2,5880,RAC2,mouse
170758,Rac3,5881,RAC3,mouse
19367,Rad9a,5883,RAD9A,mouse
19356,Rad17,5884,RAD17,mouse
19357,Rad21,5885,RAD21,mouse
19358,Rad23a,5886,RAD23A,mouse
19359,Rad23b,5887,RAD23B,mouse
19361,Rad51,5888,RAD51,mouse
114714,Rad51c,5889,RAD51C,mouse
19363,Rad51b,5890,RAD51B,mouse
26448,Mok,5891,MOK,mouse
19364,Rad51d,5892,RAD51D,mouse
19365,Rad52,5893,RAD52,mouse
110157,Raf1,5894,RAF1,mouse
19373,Rag1,5896,RAG1,mouse
19374,Rag2,5897,RAG2,mouse
56044,Rala,5898,RALA,mouse
230828,Il22ra1,58985,IL22RA1,mouse
60455,Pgap6,58986,PGAP6,mouse
64143,Ralb,5899,RALB,mouse
11475,Acta2,59,ACTA2,mouse
12038,Bche,590,BCHE,mouse
19730,Ralgds,5900,RALGDS,mouse
19428,Rasl2-9,5901,RAN,mouse
19384,Ran,5901,RAN,mouse
75471,1700009N14Rik,5901,RAN,mouse
19385,Ranbp1,5902,RANBP1,mouse
19386,Ranbp2,5903,RANBP2,mouse
19387,Rangap1,5905,RANGAP1,mouse
109905,Rap1a,5906,RAP1A,mouse
60505,Il21,59067,IL21,mouse
215449,Rap1b,5908,RAP1B,mouse
83965,Enpp5,59084,ENPP5,mouse
110351,Rap1gap,5909,RAP1GAP,mouse
229877,Rap1gds1,5910,RAP1GDS1,mouse
76108,Rap2a,5911,RAP2A,mouse
74012,Rap2b,5912,RAP2B,mouse
19400,Rapsn,5913,RAPSN,mouse
19401,Rara,5914,RARA,mouse
218772,Rarb,5915,RARB,mouse
19411,Rarg,5916,RARG,mouse
104458,Rars,5917,RARS1,mouse
109222,Rarres1,5918,RARRES1,mouse
71660,Rarres2,5919,RARRES2,mouse
218397,Rasa1,5921,RASA1,mouse
114713,Rasa2,5922,RASA2,mouse
19417,Rasgrf1,5923,RASGRF1,mouse
19418,Rasgrf2,5924,RASGRF2,mouse
19645,Rb1,5925,RB1,mouse
238247,Arid4a,5926,ARID4A,mouse
16656,Hivep3,59269,HIVEP3,mouse
214899,Kdm5a,5927,KDM5A,mouse
70967,Eva1c,59271,EVA1C,mouse
70008,Ace2,59272,ACE2,mouse
80889,Tlnrd1,59274,TLNRD1,mouse
57764,Ntn4,59277,NTN4,mouse
19646,Rbbp4,5928,RBBP4,mouse
81905,Cacng8,59283,CACNG8,mouse
81904,Cacng7,59284,CACNG7,mouse
54378,Cacng6,59285,CACNG6,mouse
100038992,Ubl5c,59286,UBL5,mouse
100042786,Ubl5b,59286,UBL5,mouse
66177,Ubl5,59286,UBL5,mouse
213464,Rbbp5,5929,RBBP5,mouse
12039,Bckdha,593,BCKDHA,mouse
19647,Rbbp6,5930,RBBP6,mouse
24058,Sigirr,59307,SIGIRR,mouse
245688,Rbbp7,5931,RBBP7,mouse
225182,Rbbp8,5932,RBBP8,mouse
19650,Rbl1,5933,RBL1,mouse
381359,Prdm12,59335,PRDM12,mouse
230025,Prdm13,59336,PRDM13,mouse
101476,Plekha1,59338,PLEKHA1,mouse
83436,Plekha2,59339,PLEKHA2,mouse
19651,Rbl2,5934,RBL2,mouse
225192,Hrh4,59340,HRH4,mouse
63873,Trpv4,59341,TRPV4,mouse
74617,Scpep1,59342,SCPEP1,mouse
114671,Semp2l2b,59343,SENP2,mouse
231201,Semp2l2a,59343,SENP2,mouse
408191,Semp2l1,59343,SENP2,mouse
75826,Senp2,59343,SENP2,mouse
23801,Aloxe3,59344,ALOXE3,mouse
14696,Gnb4,59345,GNB4,mouse
240756,Klhl12,59349,KLHL12,mouse
19652,Rbm3|Rbm3-ps,5935,RBM3,mouse
381489,Rxfp1,59350,RXFP1,mouse
329252,Lgr6,59352,LGR6,mouse
67564,Tmem35a,59353,TMEM35A,mouse
19653,Rbm4,5936,RBM4,mouse
56878,Rbms1,5937,RBMS1,mouse
56516,Rbms2,5939,RBMS2,mouse
12040,Bckdhb,594,BCKDHB,mouse
19659,Rbp1,5947,RBP1,mouse
19660,Rbp2,5948,RBP2,mouse
100529075,Snord100,594838,SNORD100,mouse
235415,Cplx3,594855,CPLX3,mouse
100043254,Nps,594857,NPS,mouse
19661,Rbp3,5949,RBP3,mouse
12443,Ccnd1,595,CCND1,mouse
19662,Rbp4,5950,RBP4,mouse
19672,Rcn1,5954,RCN1,mouse
26611,Rcn2,5955,RCN2,mouse
14539,Opn1mw,5956,OPN1LW,mouse
19674,Rcvrn,5957,RCVRN,mouse
19682,Rdh5,5959,RDH5,mouse
12043,Bcl2,596,BCL2,mouse
19133,Prph2,5961,PRPH2,mouse
19684,Rdx,5962,RDX,mouse
19691,Recql,5965,RECQL,mouse
19696,Rel,5966,REL,mouse
19692,Reg1,5967,REG1A,mouse
19693,Reg2,5967,REG1A,mouse
19692,Reg1,5968,REG1B,mouse
19693,Reg2,5968,REG1B,mouse
19694,Reg3a,5968,REG1B,mouse
18489,Reg3b,5968,REG1B,mouse
19695,Reg3g,5968,REG1B,mouse
30053,Reg3d,5968,REG1B,mouse
12044,Bcl2a1a,597,BCL2A1,mouse
12045,Bcl2a1b,597,BCL2A1,mouse
12046,Bcl2a1c,597,BCL2A1,mouse
12047,Bcl2a1d,597,BCL2A1,mouse
19697,Rela,5970,RELA,mouse
19698,Relb,5971,RELB,mouse
19701,Ren1,5972,REN,mouse
19702,Ren1|Ren2,5972,REN,mouse
19703,Renbp,5973,RENBP,mouse
19704,Upf1,5976,UPF1,mouse
19708,Dpf2,5977,DPF2,mouse
19712,Rest,5978,REST,mouse
19713,Ret,5979,RET,mouse
12048,Bcl2l1,598,BCL2L1,mouse
19714,Rev3l,5980,REV3L,mouse
19687,Rfc1,5981,RFC1,mouse
19718,Rfc2,5982,RFC2,mouse
69263,Rfc3,5983,RFC3,mouse
106344,Rfc4,5984,RFC4,mouse
72151,Rfc5,5985,RFC5,mouse
19719,Rfng,5986,RFNG,mouse
19720,Trim27,5987,TRIM27,mouse
192658,Rfpl4,5988,RFPL1,mouse
19724,Rfx1,5989,RFX1,mouse
12050,Bcl2l2|Pabpn1,599,BCL2L2,mouse
19725,Rfx2,5990,RFX2,mouse
19726,Rfx3,5991,RFX3,mouse
71137,Rfx4,5992,RFX4,mouse
53970,Rfx5,5993,RFX5,mouse
170767,Rfxap,5994,RFXAP,mouse
57811,Rgr,5995,RGR,mouse
50778,Rgs1,5996,RGS1,mouse
19735,Rgs2,5997,RGS2,mouse
50780,Rgs3,5998,RGS3,mouse
19736,Rgs4,5999,RGS4,mouse
11461,Actb,60,ACTB,mouse
24012,Rgs7,6000,RGS7,mouse
67865,Rgs10,6001,RGS10,mouse
71729,Rgs12,6002,RGS12,mouse
246709,Rgs13,6003,RGS13,mouse
19734,Rgs16,6004,RGS16,mouse
19743,Rhag,6005,RHAG,mouse
19746,Rhd,6006,RHCE,mouse
19746,Rhd,6007,RHD,mouse
19744,Rheb,6009,RHEB,mouse
212541,Rho,6010,RHO,mouse
24013,Grk1,6011,GRK1,mouse
19773,Rln1,6013,RLN1,mouse
19762,Rit2,6014,RIT2,mouse
19763,Ring1,6015,RING1,mouse
19769,Rit1,6016,RIT1,mouse
19771,Rlbp1,6017,RLBP1,mouse
109263,Rlf,6018,RLF,mouse
19773,Rln1,6019,RLN2,mouse
12051,Bcl3,602,BCL3,mouse
19782,Rmrp,6023,RMRP,mouse
103949,Rn7s2,6029,RN7SL1,mouse
70292,Afap1,60312,AFAP1,mouse
77110,Gpbp1l1,60313,GPBP1L1,mouse
60315,Myg1,60314,MYG1,mouse
66294,Fam3a,60343,FAM3A,mouse
19752,Rnase1,6035,RNASE1,mouse
13586,Ear1,6036,RNASE2,mouse
13587,Ear2,6036,RNASE2,mouse
503847,Ear4|Ear14,6036,RNASE2,mouse
54159,Rnase2b,6036,RNASE2,mouse
53877,Ear4|Ear14,6036,RNASE2,mouse
93725,Ear10,6036,RNASE2,mouse
93726,Rnase2a,6036,RNASE2,mouse
93719,Ear6,6036,RNASE2,mouse
13586,Ear1,6037,RNASE3,mouse
13587,Ear2,6037,RNASE3,mouse
54159,Rnase2b,6037,RNASE3,mouse
53877,Ear4|Ear14,6037,RNASE3,mouse
503847,Ear4|Ear14,6037,RNASE3,mouse
93725,Ear10,6037,RNASE3,mouse
93719,Ear6,6037,RNASE3,mouse
93726,Rnase2a,6037,RNASE3,mouse
69534,Avpi1,60370,AVPI1,mouse
58809,Rnase4,6038,RNASE4,mouse
22116,Tsks,60385,TSKS,mouse
67283,Slc25a19,60386,SLC25A19,mouse
78416,Rnase6,6039,RNASE6,mouse
12053,Bcl6,604,BCL6,mouse
245527,Eda2r,60401,EDA2R,mouse
24014,Rnasel,6041,RNASEL,mouse
20336,Exoc4,60412,EXOC4,mouse
228839,Tgif2,60436,TGIF2,mouse
381409,Cdh26,60437,CDH26,mouse
19821,Rnf2,6045,RNF2,mouse
14312,Brd2,6046,BRD2,mouse
12014,Bach2,60468,BACH2,mouse
19822,Rnf4,6047,RNF4,mouse
54197,Rnf5,6048,RNF5,mouse
68801,Elovl5,60481,ELOVL5,mouse
63993,Slc5a7,60482,SLC5A7,mouse
73940,Hapln2,60484,HAPLN2,mouse
64010,Sav1,60485,SAV1,mouse
73681,Trmt11,60487,TRMT11,mouse
232536,Mrps35,60488,MRPS35,mouse
80287,Apobec3,60489,APOBEC3G,mouse
74132,Rnf6,6049,RNF6,mouse
66812,Ppcdc,60490,PPCDC,mouse
65102,Nif3l1,60491,NIF3L1,mouse
66365,Ccdc90b,60492,CCDC90B,mouse
380601,Fastkd5,60493,FASTKD5,mouse
70884,Ccdc81,60494,CCDC81,mouse
545291,Hpse2,60495,HPSE2,mouse
67618,Aasdhppt,60496,AASDHPPT,mouse
77045,Bcl7a,605,BCL7A,mouse
107702,Rnh1,6050,RNH1,mouse
236690,Nyx,60506,NYX,mouse
231093,Agbl5,60509,AGBL5,mouse
215615,Rnpep,6051,RNPEP,mouse
68832,Ldah,60526,LDAH,mouse
68626,Elac2,60528,ELAC2,mouse
11695,Alx4,60529,ALX4,mouse
231279,Guf1,60558,GUF1,mouse
76687,Spcs3,60559,SPCS3,mouse
76219,Arxes1,60559,SPCS3,mouse
76976,Arxes2,60559,SPCS3,mouse
78689,Naa35,60560,NAA35,mouse
72772,Rint1,60561,RINT1,mouse
24015,Abce1,6059,ABCE1,mouse
56367,Scoc,60592,SCOC,mouse
241769,Kcnk15,60598,KCNK15,mouse
71715,Dhx35,60625,DHX35,mouse
101489,Ric8a,60626,RIC8A,mouse
230582,Cyb5rl,606495,CYB5RL,mouse
28010,Miip,60672,MIIP,mouse
68118,Atg101,60673,ATG101,mouse
14455,Gas5,60674,GAS5,mouse
50501,Prok2,60675,PROK2,mouse
23850,Pappa2,60676,PAPPA2,mouse
76183,Celf6,60677,CELF6,mouse
65967,Eefsec,60678,EEFSEC,mouse
319586,Celf5,60680,CELF5,mouse
14230,Fkbp10,60681,FKBP10,mouse
98366,Smap1,60682,SMAP1,mouse
320714,Trappc11,60684,TRAPPC11,mouse
21769,Zfand3,60685,ZFAND3,mouse
74359,4931414P19Rik,60686,C14orf93,mouse
77578,Bcl9,607,BCL9,mouse
100217422,Snord13|Gm57763,6078,SNORD13P3,mouse
449630,Snord15a,6079,SNORD15A,mouse
21935,Tnfrsf17,608,TNFRSF17,mouse
19872,Rny1,6084,RNY1,mouse
19876,Robo1,6091,ROBO1,mouse
268902,Robo2,6092,ROBO2,mouse
19877,Rock1,6093,ROCK1,mouse
19881,Rom1,6094,ROM1,mouse
19883,Rora,6095,RORA,mouse
225998,Rorb,6096,RORB,mouse
19885,Rorc,6097,RORC,mouse
19886,Ros1,6098,ROS1,mouse
15166,Hcn2,610,HCN2,mouse
55934,Rp9,6100,RP9,mouse
19888,Rp1,6101,RP1,mouse
19889,Rp2,6102,RP2,mouse
19893,Rpgr,6103,RPGR,mouse
12057,Opn1sw,611,OPN1SW,mouse
68275,Rpa1,6117,RPA1,mouse
19891,Rpa2,6118,RPA2,mouse
68240,Rpa3,6119,RPA3,mouse
66646,Rpe,6120,RPE,mouse
19892,Rpe65,6121,RPE65,mouse
27367,Rpl3,6122,RPL3,mouse
66211,Rpl3l,6123,RPL3L,mouse
67891,Rpl4,6124,RPL4,mouse
100503670,Rpl5,6125,RPL5,mouse
19988,Rpl6,6128,RPL6,mouse
19989,Rpl7,6129,RPL7,mouse
110279,Bcr,613,BCR,mouse
27176,Rpl7a,6130,RPL7A,mouse
26961,Rpl8,6132,RPL8,mouse
629147,Ctxn3,613212,CTXN3,mouse
100042823,Rpl9-ps6,6133,RPL9,mouse
20005,Rpl9,6133,RPL9,mouse
110954,Rpl10,6134,RPL10,mouse
115489947,Rpl11|Gm57721,6135,RPL11,mouse
67025,Rpl11|Gm57721,6135,RPL11,mouse
269261,Rpl12,6136,RPL12,mouse
270106,Rpl13,6137,RPL13,mouse
66480,Rpl15,6138,RPL15,mouse
319195,Rpl17,6139,RPL17,mouse
19899,Rpl18,6141,RPL18,mouse
76808,Rpl18a,6142,RPL18A,mouse
19921,Rpl19,6143,RPL19,mouse
19933,Rpl21,6144,RPL21,mouse
19934,Rpl22,6146,RPL22,mouse
268449,Rpl23a|Gm46442,6147,RPL23A,mouse
19935,Mrpl23,6150,MRPL23|LOC107987373,mouse
68193,Rpl24,6152,RPL24,mouse
19941,Rpl26,6154,RPL26,mouse
19942,Rpl27,6155,RPL27,mouse
19946,Rpl30,6156,RPL30,mouse
26451,Rpl27a,6157,RPL27A,mouse
19943,Rpl28,6158,RPL28,mouse
19944,Rpl29,6159,RPL29,mouse
114641,Rpl31,6160,RPL31,mouse
19951,Rpl32,6161,RPL32,mouse
619547,Rpl34|Rpl34-ps1,6164,RPL34,mouse
68436,Rpl34|Rpl34-ps1,6164,RPL34,mouse
57808,Rpl35a,6165,RPL35A,mouse
66483,Rpl36al,6166,RPL36AL,mouse
100502825,Rpl37|Rpl37rt,6167,RPL37,mouse
67281,Rpl37|Rpl37rt,6167,RPL37,mouse
19981,Rpl37a,6168,RPL37A,mouse
67671,Rpl38,6169,RPL38,mouse
66821,Bcs1l,617,BCS1L,mouse
67248,Rpl39,6170,RPL39,mouse
67945,Rpl41,6171,RPL41,mouse
100043787,Rpl36a-ps1,6173,RPL36A,mouse
19982,Rpl36a,6173,RPL36A,mouse
66483,Rpl36al,6173,RPL36A,mouse
11837,Rplp0,6175,RPLP0,mouse
56040,Rplp1,6176,RPLP1,mouse
67186,Rplp2,6181,RPLP2,mouse
56282,Mrpl12,6182,MRPL12,mouse
24030,Mrps12,6183,MRPS12,mouse
103963,Rpn1,6184,RPN1,mouse
20014,Rpn2,6185,RPN2,mouse
16898,Rps2,6187,RPS2,mouse
27050,Rps3,6188,RPS3,mouse
20091,Rps3a1,6189,RPS3A,mouse
20102,Rps4x,6191,RPS4X,mouse
574418,Serinc4,619189,SERINC4,mouse
244234,Scart2,619207,SCART1,mouse
244233,Scart1,619207,SCART1,mouse
66337,Fam229b,619208,FAM229B,mouse
170753,Zfp704,619279,ZNF704,mouse
20103,Rps5,6193,RPS5,mouse
234155,Mboat4,619373,MBOAT4,mouse
20104,Rps6,6194,RPS6,mouse
115490276,Gm23202,619499,SNORA27,mouse
20111,Rps6ka1,6195,RPS6KA1,mouse
723874,Mir483,619552,MIR483,mouse
735262,Mir455,619556,MIR455,mouse
20112,Rps6ka2,6196,RPS6KA2,mouse
110651,Rps6ka3,6197,RPS6KA3,mouse
72508,Rps6kb1,6198,RPS6KB1,mouse
58988,Rps6kb2,6199,RPS6KB2,mouse
20115,Rps7,6201,RPS7,mouse
20116,Rps8|Gm15501,6202,RPS8,mouse
76846,Rps9,6203,RPS9,mouse
67097,Rps10,6204,RPS10,mouse
27207,Rps11,6205,RPS11,mouse
20042,Rps12,6206,RPS12,mouse
68052,Rps13,6207,RPS13,mouse
20044,Rps14,6208,RPS14,mouse
20054,Rps15,6209,RPS15,mouse
267019,Rps15a,6210,RPS15A,mouse
20055,Rps16,6217,RPS16,mouse
20068,Rps17,6218,RPS17,mouse
71911,Bdh1,622,BDH1,mouse
100042388,Rps18-ps5,6222,RPS18,mouse
100039740,Rps18-ps6,6222,RPS18,mouse
20084,Rps18,6222,RPS18,mouse
20085,Rps19,6223,RPS19,mouse
67427,Rps20,6224,RPS20,mouse
66481,Rps21,6227,RPS21,mouse
66475,Rps23,6228,RPS23,mouse
20088,Rps24,6229,RPS24,mouse
12061,Bdkrb1,623,BDKRB1,mouse
75617,Rps25,6230,RPS25,mouse
27370,Rps26,6231,RPS26,mouse
100043813,Rps27rt,6232,RPS27,mouse
57294,Rps27,6232,RPS27,mouse
78294,Rps27a,6233,RPS27A,mouse
54127,Rps28,6234,RPS28,mouse
20090,Rps29,6235,RPS29,mouse
56437,Rrad,6236,RRAD,mouse
20130,Rras,6237,RRAS,mouse
81910,Rrbp1,6238,RRBP1,mouse
68750,Rreb1,6239,RREB1,mouse
12062,Bdkrb2,624,BDKRB2,mouse
20133,Rrm1,6240,RRM1,mouse
20135,Rrm2,6241,RRM2,mouse
20166,Rtkn,6242,RTKN,mouse
20147,Rs1,6247,RS1,mouse
69994,Rsc1a1,6248,RSC1A1,mouse
68817,Ddi2,6248,RSC1A1,mouse
56430,Clip1,6249,CLIP1,mouse
20163,Rsu1,6251,RSU1,mouse
104001,Rtn1,6252,RTN1,mouse
20167,Rtn2,6253,RTN2,mouse
20181,Rxra,6256,RXRA,mouse
20182,Rxrb,6257,RXRB,mouse
20183,Rxrg,6258,RXRG,mouse
20187,Ryk,6259,RYK,mouse
20190,Ryr1,6261,RYR1,mouse
20191,Ryr2,6262,RYR2,mouse
20192,Ryr3,6263,RYR3,mouse
12064,Bdnf,627,BDNF,mouse
20193,S100a1,6271,S100A1,mouse
20661,Sort1,6272,SORT1,mouse
628324,S100a2,6273,S100A2,mouse
20197,S100a3,6274,S100A3,mouse
20198,S100a4,6275,S100A4,mouse
20199,S100a5,6276,S100A5,mouse
20200,S100a6,6277,S100A6,mouse
381493,S100a7a,6278,S100A7,mouse
20201,S100a8,6279,S100A8,mouse
20202,S100a9,6280,S100A9,mouse
20194,S100a10,6281,S100A10,mouse
20195,S100a11,6282,S100A11,mouse
20196,S100a13,6284,S100A13,mouse
20203,S100b,6285,S100B,mouse
20208,Saa1,6288,SAA1,mouse
20210,Saa3,6288,SAA1,mouse
20209,Saa2,6288,SAA1,mouse
20208,Saa1,6289,SAA2,mouse
20210,Saa3,6289,SAA2,mouse
20209,Saa2,6289,SAA2,mouse
14962,Cfb,629,CFB,mouse
20210,Saa3,6290,SAA3P,mouse
20211,Saa4,6291,SAA4,mouse
224705,Vps52,6293,VPS52,mouse
224903,Safb,6294,SAFB,mouse
20215,Sag,6295,SAG,mouse
20216,Acsm3,6296,ACSM3,mouse
50524,Sall2,6297,SALL2,mouse
58198,Sall1,6299,SALL1,mouse
29857,Mapk12,6300,MAPK12,mouse
20226,Sars,6301,SARS1,mouse
67125,Tspan31,6302,TSPAN31,mouse
73102,Slc22a23,63027,SLC22A23,mouse
20229,Sat1,6303,SAT1,mouse
320376,Bcorl1,63035,BCORL1,mouse
13706,Cela2a,63036,CELA2A,mouse
20230,Satb1,6304,SATB1,mouse
77980,Sbf1,6305,SBF1,mouse
66234,Msmo1,6307,MSMO1,mouse
235293,Sc5d,6309,SC5D,mouse
12075,Bfsp1,631,BFSP1,mouse
20238,Atxn1,6310,ATXN1,mouse
20239,Atxn2,6311,ATXN2,mouse
246103,Atxn7,6314,ATXN7,mouse
20248,Serpinb3a,6317,SERPINB3,mouse
394252,Serpinb3d,6317,SERPINB3,mouse
383548,Serpinb3b,6317,SERPINB3,mouse
381286,Serpinb3c,6317,SERPINB3,mouse
20248,Serpinb3a,6318,SERPINB4,mouse
383548,Serpinb3b,6318,SERPINB4,mouse
381286,Serpinb3c,6318,SERPINB4,mouse
394252,Serpinb3d,6318,SERPINB4,mouse
20249,Scd1,6319,SCD,mouse
20250,Scd2,6319,SCD,mouse
30049,Scd3,6319,SCD,mouse
329065,Scd4,6319,SCD,mouse
12097,Bglap2,632,BGLAP,mouse
12096,Bglap,632,BGLAP,mouse
12095,Bglap3,632,BGLAP,mouse
20256,Clec11a,6320,CLEC11A,mouse
20265,Scn1a,6323,SCN1A,mouse
20266,Scn1b,6324,SCN1B,mouse
110876,Scn2a,6326,SCN2A,mouse
72821,Scn2b,6327,SCN2B,mouse
20269,Scn3a,6328,SCN3A,mouse
110880,Scn4a,6329,SCN4A,mouse
12111,Bgn,633,BGN,mouse
399548,Scn4b,6330,SCN4B,mouse
20271,Scn5a,6331,SCN5A,mouse
20272,Scn7a,6332,SCN7A,mouse
20273,Scn8a,6334,SCN8A,mouse
20274,Scn9a,6335,SCN9A,mouse
20264,Scn10a,6336,SCN10A,mouse
20276,Scnn1a,6337,SCNN1A,mouse
20277,Scnn1b,6338,SCNN1B,mouse
26365,Ceacam1,634,CEACAM1,mouse
26367,Ceacam2,634,CEACAM1,mouse
20278,Scnn1g,6340,SCNN1G,mouse
52892,Sco1,6341,SCO1,mouse
20280,Scp2,6342,SCP2,mouse
20287,Sct,6343,SCT,mouse
319229,Sctr,6344,SCTR,mouse
106393,Srl,6345,SRL,mouse
20290,Ccl1,6346,CCL1,mouse
20296,Ccl2,6347,CCL2,mouse
20293,Ccl12,6347,CCL2,mouse
20302,Ccl3,6348,CCL3,mouse
20302,Ccl3,6349,CCL3L1|CCL3L3,mouse
12116,Bhmt,635,BHMT,mouse
329008,Bhmt1b,635,BHMT,mouse
20303,Ccl4,6351,CCL4,mouse
20304,Ccl5,6352,CCL5,mouse
20306,Ccl7,6354,CCL7,mouse
20293,Ccl12,6354,CCL7,mouse
20307,Ccl8,6355,CCL8,mouse
20292,Ccl11,6355,CCL8,mouse
20293,Ccl12,6355,CCL8,mouse
20292,Ccl11,6356,CCL11,mouse
20292,Ccl11,6357,CCL13,mouse
12121,Bicd1,636,BICD1,mouse
20295,Ccl17,6361,CCL17,mouse
20302,Ccl3,6362,CCL18,mouse
24047,Ccl19,6363,CCL19,mouse
20297,Ccl20,6364,CCL20,mouse
100504346,Gm13304,6366,CCL21,mouse
100042493,Ccl21b,6366,CCL21,mouse
100504239,Ccl21e,6366,CCL21,mouse
100862177,Ccl21d,6366,CCL21,mouse
18829,Ccl21a,6366,CCL21,mouse
20299,Ccl22,6367,CCL22,mouse
20305,Ccl6,6368,CCL23,mouse
20308,Ccl9,6368,CCL23,mouse
56221,Ccl24,6369,CCL24,mouse
12122,Bid,637,BID,mouse
20300,Ccl25,6370,CCL25,mouse
20311,Cxcl5,6372,CXCL6,mouse
56066,Cxcl11,6373,CXCL11,mouse
20311,Cxcl5,6374,CXCL5,mouse
16963,Xcl1,6375,XCL1,mouse
20312,Cx3cl1,6376,CX3CL1,mouse
12124,Bik,638,BIK,mouse
20969,Sdc1,6382,SDC1,mouse
27364,Srr,63826,SRR,mouse
12032,Bcan,63827,BCAN,mouse
15529,Sdc2,6383,SDC2,mouse
20971,Sdc4,6385,SDC4,mouse
53378,Sdcbp,6386,SDCBP,mouse
20315,Cxcl12,6387,CXCL12,mouse
105501,Abhd4,63874,ABHD4,mouse
27397,Mrpl17,63875,MRPL17,mouse
208076,Pknox2,63876,PKNOX2,mouse
76539,Fam204a,63877,FAM204A,mouse
20316,Sdf2,6388,SDF2,mouse
66945,Sdha,6389,SDHA,mouse
84585,Rnf123,63891,RNF123,mouse
240174,Thada,63892,THADA,mouse
217342,Ube2o,63893,UBE2O,mouse
104799,Vipas39,63894,VIPAS39,mouse
667742,Piezo2,63895,PIEZO2,mouse
217026,Heatr6,63897,HEATR6,mouse
72281,Sh2d4a,63898,SH2D4A,mouse
106338,Nsun3,63899,NSUN3,mouse
12142,Prdm1,639,PRDM1,mouse
67680,Sdhb,6390,SDHB,mouse
107373,Fam111a,63901,FAM111A,mouse
73547,Dusp21,63904,DUSP21,mouse
69161,Manbal,63905,MANBAL,mouse
242691,Gpatch3,63906,GPATCH3,mouse
17957,Napb,63908,NAPB,mouse
66052,Sdhc,6391,SDHC,mouse
228993,Slc17a9,63910,SLC17A9,mouse
17828,Bloc1s5,63915,BLOC1S5,mouse
140579,Elmo2,63916,ELMO2,mouse
231050,Galnt11,63917,GALNT11,mouse
66925,Sdhd,6392,SDHD,mouse
214901,Chtf18,63922,CHTF18,mouse
329278,Tnn,63923,TNN,mouse
14311,Cidec,63924,CIDEC,mouse
329559,Zfp335,63925,ZNF335,mouse
319196,Ankef1,63926,ANKEF1,mouse
70261,Chp2,63928,CHP2,mouse
321003,Xpnpep3,63929,XPNPEP3,mouse
64659,Mrps14,63931,MRPS14,mouse
77644,Steep1,63932,STEEP1,mouse
76137,Mcur1,63933,MCUR1,mouse
384763,Zfp667,63934,ZNF667,mouse
228866,Pcif1,63935,PCIF1,mouse
71532,Fam217b,63939,FAM217B,mouse
106512,Gpsm3,63940,GPSM3,mouse
56846,Necab3,63941,NECAB3,mouse
56299,Fkbpl,63943,FKBPL,mouse
71241,Dmrtc2,63946,DMRTC2,mouse
56296,Dmrtb1,63948,DMRTB1,mouse
242620,Dmrta2,63950,DMRTA2,mouse
242523,Dmrta1,63951,DMRTA1,mouse
110379,Sec13,6396,SEC13,mouse
269582,Clspn,63967,CLSPN,mouse
74136,Sec14l1,6397,SEC14L1,mouse
16553,Kif13a,63971,KIF13A,mouse
11924,Neurog2,63973,NEUROG2,mouse
11922,Neurod6,63974,NEUROD6,mouse
70673,Prdm16,63976,PRDM16,mouse
114604,Prdm15,63977,PRDM15,mouse
383491,Prdm14,63978,PRDM14,mouse
60530,Fignl1,63979,FIGNL1,mouse
209588,Sectm1a,6398,SECTM1,mouse
58210,Sectm1b,6398,SECTM1,mouse
228432,Ano3,63982,ANO3,mouse
66226,Trappc2,6399,TRAPPC2,mouse
66050,0610009B22Rik,6399,TRAPPC2,mouse
12143,Blk,640,BLK,mouse
20338,Sel1l,6400,SEL1L,mouse
246177,Myo1g,64005,MYO1G,mouse
20339,Sele,6401,SELE,mouse
20343,Sell,6402,SELL,mouse
20344,Selp,6403,SELP,mouse
20345,Selplg,6404,SELPLG,mouse
20350,Sema3f,6405,SEMA3F,mouse
53878,Semg1,6406,SEMG1,mouse
329557,Svs3b,6406,SEMG1,mouse
64335,Svs3a,6406,SEMG1,mouse
52808,Tspyl2,64061,TSPYL2,mouse
74213,Rbm26,64062,RBM26,mouse
70835,Prss22,64063,PRSS22,mouse
353371,Oxct2b,64064,OXCT2,mouse
64059,Oxct2a,64064,OXCT2,mouse
64058,Perp,64065,PERP,mouse
234911,Mmp27,64066,MMP27,mouse
27386,Npas3,64067,NPAS3,mouse
53878,Semg1,6407,SEMG2,mouse
329557,Svs3b,6407,SEMG2,mouse
64335,Svs3a,6407,SEMG2,mouse
22295,Cdh23,64072,CDH23,mouse
72275,2200002D01Rik,64073,C19orf33,mouse
76429,Lhpp,64077,LHPP,mouse
114304,Slc28a3,64078,SLC28A3,mouse
71336,Rbks,64080,RBKS,mouse
68371,Pbld1,64081,PBLD,mouse
67307,Pbld2,64081,PBLD,mouse
66629,Golph3,64083,GOLPH3,mouse
64085,Clstn2,64084,CLSTN2,mouse
78038,Mccc2,64087,MCCC2,mouse
74718,Snx16,64089,SNX16,mouse
64082,Popdc2,64091,POPDC2,mouse
67742,Samsn1,64092,SAMSN1,mouse
64075,Smoc1,64093,SMOC1,mouse
64074,Smoc2,64094,SMOC2,mouse
14588,Gfra4,64096,GFRA4,mouse
13824,Epb41l4a,64097,EPB41L4A,mouse
64099,Parvg,64098,PARVG,mouse
12144,Blm,641,BLM,mouse
192198,Lrrc4,64101,LRRC4,mouse
64103,Tnmd,64102,TNMD,mouse
60411,Cenpk,64105,CENPK,mouse
237362,Npffr1,64106,NPFFR1,mouse
67775,Rtp4,64108,RTP4,mouse
57914,Crlf2,64109,CRLF2,mouse
60531,Npvf,64111,NPVF,mouse
64113,Moap1,64112,MOAP1,mouse
69660,Tmbim1,64114,TMBIM1,mouse
74048,Vsir,64115,VSIR,mouse
67547,Slc39a8,64116,SLC39A8,mouse
68730,Dus1l,64118,DUS1L,mouse
54170,Rragc,64121,RRAGC,mouse
63828,Fn3k,64122,FN3K,mouse
170757,Adgrl4,64123,ADGRL4,mouse
257632,Nod2,64127,NOD2,mouse
94242,Tinagl1,64129,TINAGL1,mouse
22342,Lin7b,64130,LIN7B,mouse
233781,Xylt1,64131,XYLT1,mouse
217119,Xylt2,64132,XYLT2,mouse
330463,Zfp78,641339,ZNF674,mouse
71586,Ifih1,64135,IFIH1,mouse
192663,Abcg4,64137,ABCG4,mouse
171281,Acot3,641371,ACOT1,mouse
171210,Acot2,641371,ACOT1,mouse
217698,Acot5,641371,ACOT1,mouse
26897,Acot1,641371,ACOT1,mouse
217700,Acot6,641372,ACOT6,mouse
20363,Selenop,6414,SELENOP,mouse
78287,Rbsn,64145,RBSN,mouse
68023,Pdf,64146,PDF,mouse
16578,Kif9,64147,KIF9,mouse
70591,5730455P16Rik,64149,C17orf75,mouse
20364,Selenow,6415,SELENOW,mouse
353504,Dio3os,64150,DIO3OS,mouse
54392,Ncapg,64151,NCAPG,mouse
71001,Mgat4e,641515,MGAT4EP,mouse
26398,Map2k4,6416,MAP2K4,mouse
320208,Tmem91,641649,TMEM91,mouse
69352,Necab1,64168,NECAB1,mouse
332579,Card9,64170,CARD9,mouse
68545,Ecscr,641700,ECSCR,mouse
72085,Osgepl1,64172,OSGEPL1,mouse
319446,Dpep2,64174,DPEP2,mouse
56401,P3h1,64175,P3H1,mouse
56086,Set,6418,SET,mouse
71854,Dpep3,64180,DPEP3,mouse
219026,Eddm3b,64184,EDDM3B,mouse
74729,Setmar,6419,SETMAR,mouse
104184,Blmh,642,BLMH,mouse
238330,Irf2bpl,64207,IRF2BPL,mouse
78977,Popdc3,64208,POPDC3,mouse
71514,Sfpq,6421,SFPQ,mouse
72199,Mms19,64210,MMS19,mouse
16873,Lhx5,64211,LHX5,mouse
13418,Dnajc1,64215,DNAJC1,mouse
15278,Tfb2m,64216,TFB2M,mouse
20351,Sema4a,64218,SEMA4A,mouse
18744,Pja1,64219,PJA1,mouse
20377,Sfrp1,6422,SFRP1,mouse
20897,Stra6,64220,STRA6,mouse
19649,Robo3,64221,ROBO3,mouse
30935,Tor3a,64222,TOR3A,mouse
56716,Mlst8,64223,MLST8,mouse
80517,Herpud2,64224,HERPUD2,mouse
56298,Atl2,64225,ATL2,mouse
104943,Fam110c,642273,FAM110C,mouse
20319,Sfrp2,6423,SFRP2,mouse
73656,Ms4a6c,64231,MS4A6A,mouse
68774,Ms4a6d,64231,MS4A6A,mouse
69774,Ms4a6b,64231,MS4A6A,mouse
269063,Ms4a5,64232,MS4A5,mouse
213019,Pdlim2,64236,PDLIM2,mouse
20379,Sfrp4,6424,SFRP4,mouse
27409,Abcg5,64240,ABCG5,mouse
67470,Abcg8,64241,ABCG8,mouse
547109,Trim43a,642446,TRIM64B,mouse
666731,Trim43c,642446,TRIM64B,mouse
666747,Trim43b,642446,TRIM64B,mouse
223645,Mroh6,642475,MROH6,mouse
14225,Fkbp1a,642489,FKBP1C,mouse
54612,Sfrp5,6425,SFRP5,mouse
433415,Prrt1b,642515,PRRT1B,mouse
432964,Iqank1,642574,IQANK1,mouse
320722,Akain1,642597,AKAIN1,mouse
110809,Srsf1,6426,SRSF1,mouse
547109,Trim43a,642612,TRIM49C,mouse
666731,Trim43c,642612,TRIM49C,mouse
666747,Trim43b,642612,TRIM49C,mouse
668929,Rad21l,642636,RAD21L1,mouse
20289,Scx,642658,SCX,mouse
15382,Hnrnpa1,642659,HNRNPA1L3,mouse
20382,Srsf2,6427,SRSF2,mouse
20383,Srsf3,6428,SRSF3,mouse
214627,Tent4b,64282,TENT4B,mouse
110596,Arhgef28,64283,ARHGEF28,mouse
19329,Rab17,64284,RAB17,mouse
52670,Cpsf4l,642843,CPSF4L,mouse
13650,Rhbdf1,64285,RHBDF1,mouse
57317,Srsf4,6429,SRSF4,mouse
627214,Insyn2a,642938,INSYN2A,mouse
109349,Fam163b,642968,FAM163B,mouse
381107,Tmem232,642987,TMEM232,mouse
12145,Cxcr5,643,CXCR5,mouse
20384,Srsf5,6430,SRSF5,mouse
66528,Smim5,643008,SMIM5,mouse
69325,1700012B09Rik,643037,C11orf97,mouse
67996,Srsf6,6431,SRSF6,mouse
70579,Zc3h11a,643136,ZC3H11B,mouse
75616,Smim15,643155,SMIM15,mouse
229697,Cym,643160,CYMP,mouse
69134,Fam25a,643161,FAM25A,mouse
57753,Noc3l,64318,NOC3L,mouse
14123,Fbrs,64319,FBRS,mouse
225027,Srsf7,6432,SRSF7,mouse
57751,Rnf25,64320,RNF25,mouse
20671,Sox17,64321,SOX17,mouse
332309,Grxcr2,643226,GRXCR2,mouse
319776,Tmem72,643236,TMEM72,mouse
18193,Nsd1,64324,NSD1,mouse
67443,Map1lc3b,643246,MAP1LC3B2,mouse
26374,Cop1,64326,COP1,mouse
56873,Lmbr1,64327,LMBR1,mouse
57258,Xpo4,64328,XPO4,mouse
231769,Sfswap,6433,SFSWAP,mouse
80859,Nfkbiz,64332,NFKBIZ,mouse
216445,Arhgap9,64333,ARHGAP9,mouse
623781,Gm14137,643338,C15orf62,mouse
100270744,Btbd18,643376,BTBD18,mouse
619301,Tmem253,643382,TMEM253,mouse
328971,Spink10,643394,SPINK9,mouse
433181,Spink11,643394,SPINK9,mouse
78242,Spink12,643394,SPINK9,mouse
77424,Spinkl,643394,SPINK9,mouse
20462,Tra2b,6434,TRA2B,mouse
240633,Lipk,643414,LIPK,mouse
70166,Lipn,643418,LIPN,mouse
58240,Hs1bp3,64342,HS1BP3,mouse
27215,Azi2,64343,AZI2,mouse
53417,Hif3a,64344,HIF3A,mouse
18230,Nxn,64359,NXN,mouse
329360,Rnf224,643596,RNF224,mouse
546118,Ubtfl1,643615,UBTFL6,mouse
100504112,Ccer2,643669,CCER2,mouse
102636082,Gm8251,643677,CCDC168,mouse
60361,Ms4a4b,643680,MS4A4E,mouse
66607,Ms4a4d,643680,MS4A4E,mouse
64380,Ms4a4c,643680,MS4A4E,mouse
666907,Ms4a4a,643680,MS4A4E,mouse
99412,Golga2,643699,GOLGA8N,mouse
81500,Sil1,64374,SIL1,mouse
327744,E130307A14Rik,643749,TRAF3IP2-AS1,mouse
22781,Ikzf4,64375,IKZF4,mouse
67143,Ikzf5,64376,IKZF5,mouse
68947,Chst8,64377,CHST8,mouse
239932,Krtap24-1,643803,KRTAP24-1,mouse
239933,Krtap27-1,643812,KRTAP27-1,mouse
58803,Pga5,643834,PGA3,mouse
22720,Zfp62,643836,ZFP62,mouse
58803,Pga5,643847,PGA4|LOC124906959|LOC128966586,mouse
100504715,Tmppe,643853,TMPPE,mouse
338320,Mia2,643854,CTAGE9,mouse
240047,Mmp25,64386,MMP25,mouse
330228,Spdye4b,643862,SPDYE10,mouse
74673,Spdye4a,643862,SPDYE10,mouse
56410,Cbln3,643866,CBLN3,mouse
23893,Grem2,64388,GREM2,mouse
20388,Sftpb,6439,SFTPB,mouse
320040,Rnf222,643904,RNF222,mouse
71296,Crnde,643911,CRNDE|LOC101927480,mouse
22401,Zmat3,64393,ZMAT3,mouse
23885,Gmcl1,64395,GMCL1,mouse
23885,Gmcl1,64396,GMCL2,mouse
320587,Tmem88b,643965,TMEM88B,mouse
20402,Zfp106,64397,ZNF106,mouse
56217,Pals1,64398,PALS1,mouse
230991,Fndc10,643988,FNDC10,mouse
15245,Hhip,64399,HHIP,mouse
109778,Blvra,644,BLVRA,mouse
20389,Sftpc,6440,SFTPC,mouse
14339,Aktip,64400,AKTIP,mouse
226043,Cbwd1,644019,CBWD6,mouse
239096,Cdh24,64403,CDH24,mouse
100503964,Gm17266,644041,C18orf63,mouse
104010,Cdh22,64405,CDH22,mouse
100504207,Arhgap33os,644050,LINC01529,mouse
64214,Rgs18,64407,RGS18,mouse
544792,Gsg1l2,644070,GSG1L2,mouse
14663,Glycam1,644076,GLYCAM1,mouse
212996,Galnt17,64409,GALNT17,mouse
68332,Sdhaf1,644096,SDHAF1,mouse
20390,Sftpd,6441,SFTPD,mouse
207952,Klhl25,64410,KLHL25,mouse
381142,Arl14epl,644100,ARL14EPL,mouse
106952,Arap3,64411,ARAP3,mouse
74533,Gzf1,64412,GZF1,mouse
193003,Pirt,644139,PIRT,mouse
639545,Exoc1l,644145,EXOC1L,mouse
330319,Wipf3,644150,WIPF3,mouse
107751,Prrxl1,644168,DRGX,mouse
633640,Tmem267,64417,TMEM267,mouse
101118,Tmem168,64418,TMEM168,mouse
75459,Syce3,644186,SYCE3,mouse
97287,Mtmr14,64419,MTMR14,mouse
20391,Sgca,6442,SGCA,mouse
634731,Susd1,64420,SUSD1,mouse
227525,Dclre1c,64421,DCLRE1C,mouse
67841,Atg3,64422,ATG3,mouse
70435,Inf2,64423,INF2,mouse
64424,Polr1e,64425,POLR1E,mouse
71954,Suds3,64426,SUDS3,mouse
67563,Ciao3,64428,CIAO3,mouse
66980,Zdhhc6,64429,ZDHHC6,mouse
24051,Sgcb,6443,SGCB,mouse
67708,Pcnx4,64430,PCNX4,mouse
67019,Actr6,64431,ACTR6,mouse
64658,Mrps25,64432,MRPS25,mouse
433864,Nom1,64434,NOM1,mouse
72693,Zcchc12,644353,ZCCHC18,mouse
66995,Zcchc18,644353,ZCCHC18,mouse
24052,Sgcd,6444,SGCD,mouse
71027,Tmem30c,644444,TMEM30CP,mouse
432611,Dnai2,64446,DNAI2,mouse
24053,Sgcg,6445,SGCG,mouse
228731,Nkx2-4,644524,NKX2-4,mouse
320237,Smim10l2a,644538,SMIM10,mouse
268373,Ppia,644591,PPIAL4G,mouse
320237,Smim10l2a,644596,SMIM10L2B,mouse
20393,Sgk1,6446,SGK1,mouse
100042785,Cldn25,644672,CLDN25,mouse
20394,Scg5,6447,SCG5,mouse
320454,Tmprss11g,644759,TMPRSS11GP,mouse
94109,Csmd1,64478,CSMD1,mouse
27029,Sgsh,6448,SGSH,mouse
69640,Fam83g,644815,FAM83G,mouse
53906,Phgr1,644844,PHGR1,mouse
104362,Meig1,644890,MEIG1,mouse
52551,Sgta,6449,SGTA,mouse
78748,Rassf10,644943,RASSF10,mouse
208211,Alg1,644974,ALG1L2,mouse
69351,Smim23,644994,SMIM23,mouse
233016,Blvrb,645,BLVRB,mouse
50795,Sh3bgr,6450,SH3BGR,mouse
12877,Cpeb1,64506,CPEB1,mouse
56726,Sh3bgrl,6451,SH3BGRL,mouse
624224,Clrn2,645104,CLRN2,mouse
71062,Tekt3,64518,TEKT3,mouse
237403,Lingo3,645191,LINGO3,mouse
24055,Sh3bp2,6452,SH3BP2,mouse
16443,Itsn1,6453,ITSN1,mouse
320203,C130071C03Rik,645323,LINC00461,mouse
100040861,Gm13057,645359,PRAMEF25|PRAMEF26,mouse
100041179,Gm3183,645359,PRAMEF25|PRAMEF26,mouse
100041032,Pramel38,645359,PRAMEF25|PRAMEF26,mouse
100041102,Pramel42,645359,PRAMEF25|PRAMEF26,mouse
100039010,LOC100039010,645359,PRAMEF25|PRAMEF26,mouse
100039087,Gm2042,645359,PRAMEF25|PRAMEF26,mouse
100012,Oog3,645359,PRAMEF25|PRAMEF26,mouse
100041806,LOC100041806,645359,PRAMEF25|PRAMEF26,mouse
100041296,Pramel47,645359,PRAMEF25|PRAMEF26,mouse
100039315,Pramel51,645359,PRAMEF25|PRAMEF26,mouse
108168683,LOC108168683,645359,PRAMEF25|PRAMEF26,mouse
100041253,Gm16513,645359,PRAMEF25|PRAMEF26,mouse
100041077,Pramel61,645359,PRAMEF25|PRAMEF26,mouse
194225,Pramel27,645359,PRAMEF25|PRAMEF26,mouse
242737,Oog4,645359,PRAMEF25|PRAMEF26,mouse
242736,Pramel12,645359,PRAMEF25|PRAMEF26,mouse
193322,Oog1,645359,PRAMEF25|PRAMEF26,mouse
194227,Pramel25,645359,PRAMEF25|PRAMEF26,mouse
381590,Pramel32,645359,PRAMEF25|PRAMEF26,mouse
347710,Pramel4,645359,PRAMEF25|PRAMEF26,mouse
381535,Pramel18,645359,PRAMEF25|PRAMEF26,mouse
384077,Pramel5,645359,PRAMEF25|PRAMEF26,mouse
626995,Pramel30,645359,PRAMEF25|PRAMEF26,mouse
277667,Pramel23,645359,PRAMEF25|PRAMEF26,mouse
320549,Pramel48,645359,PRAMEF25|PRAMEF26,mouse
381654,Pramel34,645359,PRAMEF25|PRAMEF26,mouse
626922,Pramel28,645359,PRAMEF25|PRAMEF26,mouse
381570,Oog2,645359,PRAMEF25|PRAMEF26,mouse
626943,Pramel14,645359,PRAMEF25|PRAMEF26,mouse
627009,Pramel15,645359,PRAMEF25|PRAMEF26,mouse
347711,Pramel6,645359,PRAMEF25|PRAMEF26,mouse
329986,Pramel20,645359,PRAMEF25|PRAMEF26,mouse
381536,Gm12789,645359,PRAMEF25|PRAMEF26,mouse
277668,Pramel22,645359,PRAMEF25|PRAMEF26,mouse
277666,Pramel24,645359,PRAMEF25|PRAMEF26,mouse
347712,Pramel7,645359,PRAMEF25|PRAMEF26,mouse
545662,Pramel17,645359,PRAMEF25|PRAMEF26,mouse
332923,Pramel19,645359,PRAMEF25|PRAMEF26,mouse
545693,Gm13043,645359,PRAMEF25|PRAMEF26,mouse
433779,Pramel31,645359,PRAMEF25|PRAMEF26,mouse
381569,Pramel26,645359,PRAMEF25|PRAMEF26,mouse
666203,Pramel50,645359,PRAMEF25|PRAMEF26,mouse
665802,Pramel35,645359,PRAMEF25|PRAMEF26,mouse
77632,Pramel13,645359,PRAMEF25|PRAMEF26,mouse
83491,Pramel1,645359,PRAMEF25|PRAMEF26,mouse
97187,Pramel29,645359,PRAMEF25|PRAMEF26,mouse
622645,Tmem200c,645369,TMEM200C,mouse
100041806,LOC100041806,645414,PRAMEF19,mouse
100041296,Pramel47,645414,PRAMEF19,mouse
100041179,Gm3183,645414,PRAMEF19,mouse
100041253,Gm16513,645414,PRAMEF19,mouse
100039087,Gm2042,645414,PRAMEF19,mouse
108168683,LOC108168683,645414,PRAMEF19,mouse
100039010,LOC100039010,645414,PRAMEF19,mouse
100012,Oog3,645414,PRAMEF19,mouse
100040861,Gm13057,645414,PRAMEF19,mouse
100041102,Pramel42,645414,PRAMEF19,mouse
100039315,Pramel51,645414,PRAMEF19,mouse
100041032,Pramel38,645414,PRAMEF19,mouse
100041077,Pramel61,645414,PRAMEF19,mouse
194225,Pramel27,645414,PRAMEF19,mouse
193322,Oog1,645414,PRAMEF19,mouse
242736,Pramel12,645414,PRAMEF19,mouse
242737,Oog4,645414,PRAMEF19,mouse
194227,Pramel25,645414,PRAMEF19,mouse
384077,Pramel5,645414,PRAMEF19,mouse
332923,Pramel19,645414,PRAMEF19,mouse
320549,Pramel48,645414,PRAMEF19,mouse
433779,Pramel31,645414,PRAMEF19,mouse
381536,Gm12789,645414,PRAMEF19,mouse
626995,Pramel30,645414,PRAMEF19,mouse
381535,Pramel18,645414,PRAMEF19,mouse
347711,Pramel6,645414,PRAMEF19,mouse
545693,Gm13043,645414,PRAMEF19,mouse
329986,Pramel20,645414,PRAMEF19,mouse
627009,Pramel15,645414,PRAMEF19,mouse
381654,Pramel34,645414,PRAMEF19,mouse
626922,Pramel28,645414,PRAMEF19,mouse
626943,Pramel14,645414,PRAMEF19,mouse
381590,Pramel32,645414,PRAMEF19,mouse
277666,Pramel24,645414,PRAMEF19,mouse
277667,Pramel23,645414,PRAMEF19,mouse
347710,Pramel4,645414,PRAMEF19,mouse
381570,Oog2,645414,PRAMEF19,mouse
545662,Pramel17,645414,PRAMEF19,mouse
277668,Pramel22,645414,PRAMEF19,mouse
347712,Pramel7,645414,PRAMEF19,mouse
381569,Pramel26,645414,PRAMEF19,mouse
83491,Pramel1,645414,PRAMEF19,mouse
665802,Pramel35,645414,PRAMEF19,mouse
666203,Pramel50,645414,PRAMEF19,mouse
97187,Pramel29,645414,PRAMEF19,mouse
77632,Pramel13,645414,PRAMEF19,mouse
100039087,Gm2042,645425,PRAMEF20,mouse
100039315,Pramel51,645425,PRAMEF20,mouse
100012,Oog3,645425,PRAMEF20,mouse
100041806,LOC100041806,645425,PRAMEF20,mouse
100041032,Pramel38,645425,PRAMEF20,mouse
100041179,Gm3183,645425,PRAMEF20,mouse
100041296,Pramel47,645425,PRAMEF20,mouse
100040861,Gm13057,645425,PRAMEF20,mouse
108168683,LOC108168683,645425,PRAMEF20,mouse
100041253,Gm16513,645425,PRAMEF20,mouse
100041102,Pramel42,645425,PRAMEF20,mouse
100039010,LOC100039010,645425,PRAMEF20,mouse
100041077,Pramel61,645425,PRAMEF20,mouse
194225,Pramel27,645425,PRAMEF20,mouse
194227,Pramel25,645425,PRAMEF20,mouse
193322,Oog1,645425,PRAMEF20,mouse
242737,Oog4,645425,PRAMEF20,mouse
242736,Pramel12,645425,PRAMEF20,mouse
545693,Gm13043,645425,PRAMEF20,mouse
627009,Pramel15,645425,PRAMEF20,mouse
381569,Pramel26,645425,PRAMEF20,mouse
277667,Pramel23,645425,PRAMEF20,mouse
626943,Pramel14,645425,PRAMEF20,mouse
433779,Pramel31,645425,PRAMEF20,mouse
347712,Pramel7,645425,PRAMEF20,mouse
626995,Pramel30,645425,PRAMEF20,mouse
381590,Pramel32,645425,PRAMEF20,mouse
381654,Pramel34,645425,PRAMEF20,mouse
381535,Pramel18,645425,PRAMEF20,mouse
347711,Pramel6,645425,PRAMEF20,mouse
626922,Pramel28,645425,PRAMEF20,mouse
277668,Pramel22,645425,PRAMEF20,mouse
381536,Gm12789,645425,PRAMEF20,mouse
381570,Oog2,645425,PRAMEF20,mouse
320549,Pramel48,645425,PRAMEF20,mouse
347710,Pramel4,645425,PRAMEF20,mouse
277666,Pramel24,645425,PRAMEF20,mouse
384077,Pramel5,645425,PRAMEF20,mouse
332923,Pramel19,645425,PRAMEF20,mouse
545662,Pramel17,645425,PRAMEF20,mouse
329986,Pramel20,645425,PRAMEF20,mouse
83491,Pramel1,645425,PRAMEF20,mouse
77632,Pramel13,645425,PRAMEF20,mouse
666203,Pramel50,645425,PRAMEF20,mouse
665802,Pramel35,645425,PRAMEF20,mouse
97187,Pramel29,645425,PRAMEF20,mouse
224019,Tmem191,645426,TMEM191C,mouse
76920,Arrdc5,645432,ARRDC5,mouse
20405,Sh3gl1,6455,SH3GL1,mouse
20404,Sh3gl2,6456,SH3GL2,mouse
66107,Wfdc21,645638,WFDC21P,mouse
20408,Sh3gl3,6457,SH3GL3,mouse
237320,Aldh8a1,64577,ALDH8A1,mouse
64580,Ndst4,64579,NDST4,mouse
56644,Clec7a,64581,CLEC7A,mouse
207209,Ccdc154,645811,CCDC154,mouse
238252,Gpr135,64582,GPR135,mouse
66154,Tmem14c,645843,TMEM14EP,mouse
631145,Fam90a1b,645879,FAM90A12P,mouse
97476,Fam90a1a,645879,FAM90A12P,mouse
78124,Spata31,645961,SPATA31C1|SPATA31C2,mouse
68929,Mospd3,64598,MOSPD3,mouse
57330,Gigyf1,64599,GIGYF1,mouse
12173,Bnc1,646,BNC1,mouse
26971,Pla2g2f,64600,PLA2G2F,mouse
56293,Slc35g3,646000,SLC35G4,mouse
80743,Vps16,64601,VPS16,mouse
76653,Cby3,646019,CBY3,mouse
230126,Shb,6461,SHB,mouse
73261,1700037C18Rik|Gm41410,646174,C16orf90,mouse
20415,Shbg,6462,SHBG,mouse
242707,Lactbl1,646262,LACTBL1,mouse
20416,Shc1,6464,SHC1,mouse
13592,Ebf2,64641,EBF2,mouse
78709,Spink8,646424,SPINK8,mouse
15247,Mfsd14a,64645,MFSD14A,mouse
21884,Fabp9,646480,FABP9,mouse
75497,Fabp12,646486,FABP12,mouse
434439,BC048562,646498,C3orf84,mouse
631145,Fam90a1b,646508,FAM90A27P,mouse
215418,Csrnp1,64651,CSRNP1,mouse
67687,1700011L22Rik,646603,C4orf51,mouse
231903,Urad,646625,URAD,mouse
70163,Lypd8,646627,LYPD8,mouse
381836,Sbk2,646643,SBK2,mouse
627191,Syndig1l,646658,SYNDIG1L,mouse
170734,Zscan5b,646698,ZSCAN5DP,mouse
547109,Trim43a,646754,TRIM64C,mouse
666731,Trim43c,646754,TRIM64C,mouse
666747,Trim43b,646754,TRIM64C,mouse
545824,Zar1l,646799,ZAR1L,mouse
30838,Fbxw4,6468,FBXW4,mouse
17222,Anapc1,64682,ANAPC1,mouse
75729,Fam227a,646851,FAM227A,mouse
381845,Rnf225,646862,RNF225,mouse
74498,Gorasp1,64689,GORASP1,mouse
244885,Sh2d7,646892,SH2D7,mouse
20423,Shh,6469,SHH,mouse
100040293,Mindy4b-ps,646951,MINDY4B,mouse
69453,Prss56,646960,PRSS56,mouse
100039781,Hrct1,646962,HRCT1,mouse
140765,Tmprss3,64699,TMPRSS3,mouse
20425,Shmt1,6470,SHMT1,mouse
224833,AI661453,647024,C6orf132,mouse
26895,Cops7b,64708,COPS7B,mouse
67705,1810058I24Rik,647087,STMP1,mouse
98415,Nucks1,64710,NUCKS1,mouse
328779,Hs3st6,64711,HS3ST6,mouse
14270,Srgap2,647135,SRGAP2B,mouse
69191,Pdia2,64714,PDIA2,mouse
100042960,Gm4131,647166,C13orf42,mouse
319433,Serpine3,647174,SERPINE3,mouse
74154,Unkl,64718,UNKL,mouse
108037,Shmt2,6472,SHMT2,mouse
76422,Mroh3,647215,MROH3P,mouse
226439,Ascl5,647219,ASCL5,mouse
224044,Cyp2ab1,647265,CYP2AB1P,mouse
217874,Rd3l,647286,RD3L,mouse
434769,Rhox10,6473,SHOX,mouse
239789,Gmnc,647309,GMNC,mouse
75671,Tex22,647310,TEX22,mouse
20429,Shox2,6474,SHOX2,mouse
73447,Wdr13,64743,WDR13,mouse
69780,Smap2,64744,SMAP2,mouse
52535,Mettl17,64745,METTL17,mouse
170760,Acbd3,64746,ACBD3,mouse
66868,Mfsd1,64747,MFSD1,mouse
235044,Plppr2,64748,PLPPR2,mouse
66313,Smurf2,64750,SMURF2,mouse
232664,Ccdc136,64753,CCDC136,mouse
69726,Smyd3,64754,SMYD3,mouse
233913,Rusf1,64755,RUSF1,mouse
230649,Atpaf1,64756,ATPAF1,mouse
66112,Mtarc1,64757,MTARC1,mouse
319939,Tns3,64759,TNS3,mouse
69983,Sis,6476,SI,mouse
239170,Fhip2b,64760,FHIP2B,mouse
243771,Parp12,64761,PARP12,mouse
381126,Garem1,64762,GAREM1,mouse
232976,Zfp574,64763,ZNF574,mouse
208647,Creb3l2,64764,CREB3L2,mouse
74648,S100pbp,64766,S100PBP,mouse
75678,Ippk,64768,IPPK,mouse
70088,Meaf6,64769,MEAF6,mouse
20437,Siah1a,6477,SIAH1,mouse
20438,Siah1b,6477,SIAH1,mouse
239839,Ccdc14,64770,CCDC14,mouse
224647,Ilrun,64771,ILRUN,mouse
217364,Engase,64772,ENGASE,mouse
319513,Pced1a,64773,PCED1A,mouse
68721,1110032A03Rik,64776,C11orf1,mouse
66089,Rmnd5b,64777,RMND5B,mouse
72007,Fndc3b,64778,FNDC3B,mouse
234814,Mthfsd,64779,MTHFSD,mouse
20439,Siah2,6478,SIAH2,mouse
171580,Mical1,64780,MICAL1,mouse
223753,Cerk,64781,CERK,mouse
68048,Aen,64782,AEN,mouse
229700,Rbm15,64783,RBM15,mouse
70461,Crtc3,64784,CRTC3,mouse
78833,Gins3,64785,GINS3,mouse
66687,Tbc1d15,64786,TBC1D15,mouse
98845,Eps8l2,64787,EPS8L2,mouse
76483,Lmf1,64788,LMF1,mouse
73172,Exo5,64789,EXO5,mouse
67286,Ift22,64792,IFT22,mouse
70012,Cep85,64793,CEP85,mouse
227674,Ddx31,64794,DDX31,mouse
68477,Rmnd5a,64795,RMND5A,mouse
347740,Norad,647979,NORAD,mouse
97998,Deptor,64798,DEPTOR,mouse
78250,Iqch,64799,IQCH,mouse
12151,Bmi1,648,BMI1,mouse
20440,St6gal1,6480,ST6GAL1,mouse
77627,Efcab6,64800,EFCAB6,mouse
68865,Arv1,64801,ARV1,mouse
66454,Nmnat1,64802,NMNAT1,mouse
70839,P2ry12,64805,P2RY12,mouse
140806,Il25,64806,IL25,mouse
100041449,Cyp3a59,64816,CYP3A43,mouse
100041375,Cyp3a41b,64816,CYP3A43,mouse
13112,Cyp3a11,64816,CYP3A43,mouse
13114,Cyp3a16,64816,CYP3A43,mouse
13113,Cyp3a13,64816,CYP3A43,mouse
53973,Cyp3a41a,64816,CYP3A43,mouse
56388,Cyp3a25,64816,CYP3A43,mouse
337924,Cyp3a44,64816,CYP3A43,mouse
622127,Cyp3a57,64816,CYP3A43,mouse
20442,St3gal1,6482,ST3GAL1,mouse
20444,St3gal2,6483,ST3GAL2,mouse
54325,Elovl1,64834,ELOVL1,mouse
16594,Klc2,64837,KLC2,mouse
64339,Fndc4,64838,FNDC4,mouse
50758,Fbxl17,64839,FBXL17,mouse
20443,St3gal4,6484,ST3GAL4,mouse
53627,Porcn,64840,PORCN,mouse
54342,Gnpnat1,64841,GNPNAT1,mouse
104360,Isl2,64843,ISL2,mouse
57438,Marchf7,64844,MARCHF7,mouse
217116,Spata20,64847,SPATA20,mouse
240255,Ythdc2,64848,YTHDC2,mouse
114644,Slc13a3,64849,SLC13A3,mouse
71760,Etnppl,64850,ETNPPL,mouse
70044,Tut1,64852,TUT1,mouse
108909,Aida,64853,AIDA,mouse
69727,Usp46,64854,USP46,mouse
227737,Niban2,64855,NIBAN2,mouse
246228,Vwa1,64856,VWA1,mouse
101497,Plekhg2,64857,PLEKHG2,mouse
140917,Dclre1b,64858,DCLRE1B,mouse
109019,Nabp1,64859,NABP1,mouse
494468,Armcx5,64860,ARMCX5,mouse
76781,Mettl4,64863,METTL4,mouse
319758,Rfx7,64864,RFX7,mouse
109332,Cdcp1,64866,CDCP1,mouse
20441,St3gal3,6487,ST3GAL3,mouse
76487,Ppp1r3g,648791,PPP1R3G,mouse
219257,Pcdh20,64881,PCDH20,mouse
20449,St8sia1,6489,ST8SIA1,mouse
216578,Papolg,64895,PAPOLG,mouse
72357,2210016L21Rik,64897,C12orf43,mouse
12153,Bmp1,649,BMP1,mouse
20431,Pmel,6490,PMEL,mouse
64899,Lpin3,64900,LPIN3,mouse
66011,Ranbp17,64901,RANBP17,mouse
268782,Agxt2,64902,AGXT2,mouse
20460,Stil,6491,STIL,mouse
170734,Zscan5b,649137,ZSCAN5C,mouse
58208,Bcl11b,64919,BCL11B,mouse
20464,Sim1,6492,SIM1,mouse
213819,Casd1,64921,CASD1,mouse
100061,Lrrc19,64922,LRRC19,mouse
100416956,Pnma6e,649238,PNMA6E,mouse
69048,Slc30a5,64924,SLC30A5,mouse
72454,Ccdc71,64925,CCDC71,mouse
320484,Rasal3,64926,RASAL3,mouse
67009,Ttc23,64927,TTC23,mouse
68463,Mrpl14,64928,MRPL14,mouse
20465,Sim2,6493,SIM2,mouse
20469,Sipa1,6494,SIPA1,mouse
70021,Nt5dc2,64943,NT5DC2,mouse
26886,Cenph,64946,CENPH,mouse
99045,Mrps26,64949,MRPS26,mouse
20471,Six1,6495,SIX1,mouse
64660,Mrps24,64951,MRPS24,mouse
20473,Six3,6496,SIX3,mouse
66407,Mrps15,64960,MRPS15,mouse
67994,Mrps11,64963,MRPS11,mouse
69527,Mrps9,64965,MRPS9,mouse
121022,Mrps6,64968,MRPS6,mouse
77721,Mrps5,64969,MRPS5,mouse
20481,Ski,6497,SKI,mouse
107733,Mrpl41,64975,MRPL41,mouse
18100,Mrpl40,64976,MRPL40,mouse
60441,Mrpl38,64978,MRPL38,mouse
94066,Mrpl36,64979,MRPL36,mouse
20482,Skil,6498,SKIL,mouse
94065,Mrpl34,64981,MRPL34,mouse
75398,Mrpl32,64983,MRPL32,mouse
108077,Skic2,6499,SKIV2L,mouse
12156,Bmp2,650,BMP2,mouse
21402,Skp1,6500,SKP1,mouse
66419,Mrpl11,65003,MRPL11,mouse
78523,Mrpl9,65005,MRPL9,mouse
94061,Mrpl1,65008,MRPL1,mouse
234593,Ndrg4,65009,NDRG4,mouse
171429,Slc26a6,65010,SLC26A6,mouse
216441,Slc26a10,65012,SLC26A10,mouse
68943,Pink1,65018,PINK1,mouse
27401,Skp2,6502,SKP2,mouse
20491,Sla,6503,SLA,mouse
27218,Slamf1,6504,SLAMF1,mouse
20510,Slc1a1,6505,SLC1A1,mouse
52250,Reep1,65055,REEP1,mouse
73274,Gpbp1,65056,GPBP1,mouse
497652,Acd,65057,ACD,mouse
77300,Raph1,65059,RAPH1,mouse
20511,Slc1a2,6506,SLC1A2,mouse
271697,Cdk15,65061,CDK15,mouse
381259,Tmem237,65062,TMEM237,mouse
269198,Nbeal1,65065,NBEAL1,mouse
381072,Abca17,650655,ABCA17P,mouse
20512,Slc1a3,6507,SLC1A3,mouse
65079,Rtn4r,65078,RTN4R,mouse
20536,Slc4a3,6508,SLC4A3,mouse
69163,Mrpl44,65080,MRPL44,mouse
77573,Vps33a,65082,VPS33A,mouse
230082,Nol6,65083,NOL6,mouse
72759,Tmem135,65084,TMEM135,mouse
55963,Slc1a4,6509,SLC1A4,mouse
194952,Jmjd4,65094,JMJD4,mouse
215194,Kri1,65095,KRI1,mouse
110075,Bmp3,651,BMP3,mouse
20514,Slc1a5,6510,SLC1A5,mouse
17357,Marcksl1,65108,MARCKSL1,mouse
68134,Upf3b,65109,UPF3B,mouse
20513,Slc1a6,6511,SLC1A6,mouse
67031,Upf3a,65110,UPF3A,mouse
208606,Rsrc2,65117,RSRC2,mouse
242607,Slc1a7,6512,SLC1A7,mouse
100041296,Pramel47,65121,PRAMEF1,mouse
100041102,Pramel42,65121,PRAMEF1,mouse
100039315,Pramel51,65121,PRAMEF1,mouse
100041032,Pramel38,65121,PRAMEF1,mouse
100039087,Gm2042,65121,PRAMEF1,mouse
100041077,Pramel61,65121,PRAMEF1,mouse
100039010,LOC100039010,65121,PRAMEF1,mouse
100041806,LOC100041806,65121,PRAMEF1,mouse
100040861,Gm13057,65121,PRAMEF1,mouse
108168683,LOC108168683,65121,PRAMEF1,mouse
100012,Oog3,65121,PRAMEF1,mouse
100041253,Gm16513,65121,PRAMEF1,mouse
100041179,Gm3183,65121,PRAMEF1,mouse
193322,Oog1,65121,PRAMEF1,mouse
194227,Pramel25,65121,PRAMEF1,mouse
242737,Oog4,65121,PRAMEF1,mouse
242736,Pramel12,65121,PRAMEF1,mouse
194225,Pramel27,65121,PRAMEF1,mouse
626995,Pramel30,65121,PRAMEF1,mouse
626922,Pramel28,65121,PRAMEF1,mouse
277666,Pramel24,65121,PRAMEF1,mouse
277667,Pramel23,65121,PRAMEF1,mouse
347712,Pramel7,65121,PRAMEF1,mouse
329986,Pramel20,65121,PRAMEF1,mouse
433779,Pramel31,65121,PRAMEF1,mouse
381590,Pramel32,65121,PRAMEF1,mouse
320549,Pramel48,65121,PRAMEF1,mouse
381570,Oog2,65121,PRAMEF1,mouse
545693,Gm13043,65121,PRAMEF1,mouse
381569,Pramel26,65121,PRAMEF1,mouse
545662,Pramel17,65121,PRAMEF1,mouse
332923,Pramel19,65121,PRAMEF1,mouse
626943,Pramel14,65121,PRAMEF1,mouse
381536,Gm12789,65121,PRAMEF1,mouse
627009,Pramel15,65121,PRAMEF1,mouse
381535,Pramel18,65121,PRAMEF1,mouse
381654,Pramel34,65121,PRAMEF1,mouse
277668,Pramel22,65121,PRAMEF1,mouse
384077,Pramel5,65121,PRAMEF1,mouse
347710,Pramel4,65121,PRAMEF1,mouse
347711,Pramel6,65121,PRAMEF1,mouse
665802,Pramel35,65121,PRAMEF1,mouse
666203,Pramel50,65121,PRAMEF1,mouse
77632,Pramel13,65121,PRAMEF1,mouse
97187,Pramel29,65121,PRAMEF1,mouse
83491,Pramel1,65121,PRAMEF1,mouse
100041077,Pramel61,65122,PRAMEF2,mouse
100039010,LOC100039010,65122,PRAMEF2,mouse
100012,Oog3,65122,PRAMEF2,mouse
100041179,Gm3183,65122,PRAMEF2,mouse
100041296,Pramel47,65122,PRAMEF2,mouse
100041102,Pramel42,65122,PRAMEF2,mouse
100039315,Pramel51,65122,PRAMEF2,mouse
100039087,Gm2042,65122,PRAMEF2,mouse
100041253,Gm16513,65122,PRAMEF2,mouse
100041032,Pramel38,65122,PRAMEF2,mouse
100040861,Gm13057,65122,PRAMEF2,mouse
108168683,LOC108168683,65122,PRAMEF2,mouse
100041806,LOC100041806,65122,PRAMEF2,mouse
194225,Pramel27,65122,PRAMEF2,mouse
193322,Oog1,65122,PRAMEF2,mouse
242736,Pramel12,65122,PRAMEF2,mouse
194227,Pramel25,65122,PRAMEF2,mouse
242737,Oog4,65122,PRAMEF2,mouse
381654,Pramel34,65122,PRAMEF2,mouse
626943,Pramel14,65122,PRAMEF2,mouse
381590,Pramel32,65122,PRAMEF2,mouse
381570,Oog2,65122,PRAMEF2,mouse
381569,Pramel26,65122,PRAMEF2,mouse
381536,Gm12789,65122,PRAMEF2,mouse
277667,Pramel23,65122,PRAMEF2,mouse
381535,Pramel18,65122,PRAMEF2,mouse
277668,Pramel22,65122,PRAMEF2,mouse
384077,Pramel5,65122,PRAMEF2,mouse
277666,Pramel24,65122,PRAMEF2,mouse
329986,Pramel20,65122,PRAMEF2,mouse
627009,Pramel15,65122,PRAMEF2,mouse
320549,Pramel48,65122,PRAMEF2,mouse
545693,Gm13043,65122,PRAMEF2,mouse
626995,Pramel30,65122,PRAMEF2,mouse
545662,Pramel17,65122,PRAMEF2,mouse
332923,Pramel19,65122,PRAMEF2,mouse
433779,Pramel31,65122,PRAMEF2,mouse
347710,Pramel4,65122,PRAMEF2,mouse
347711,Pramel6,65122,PRAMEF2,mouse
347712,Pramel7,65122,PRAMEF2,mouse
626922,Pramel28,65122,PRAMEF2,mouse
666203,Pramel50,65122,PRAMEF2,mouse
83491,Pramel1,65122,PRAMEF2,mouse
77632,Pramel13,65122,PRAMEF2,mouse
97187,Pramel29,65122,PRAMEF2,mouse
665802,Pramel35,65122,PRAMEF2,mouse
229543,Ints3,65123,INTS3,mouse
268301,Sowahc,65124,SOWAHC,mouse
232341,Wnk1,65125,WNK1,mouse
20525,Slc2a1,6513,SLC2A1,mouse
100503949,Zfp965,651302,ZKSCAN8P1,mouse
545490,Zfp973,651302,ZKSCAN8P1,mouse
71508,Zfp935,651302,ZKSCAN8P1,mouse
20526,Slc2a2,6514,SLC2A2,mouse
20527,Slc2a3,6515,SLC2A3,mouse
20528,Slc2a4,6517,SLC2A4,mouse
67434,Ankrd33b,651746,ANKRD33B,mouse
56485,Slc2a5,6518,SLC2A5,mouse
20532,Slc3a1,6519,SLC3A1,mouse
12159,Bmp4,652,BMP4,mouse
17254,Slc3a2,6520,SLC3A2,mouse
20533,Slc4a1,6521,SLC4A1,mouse
11994,Pcdh15,65217,PCDH15,mouse
20535,Slc4a2,6522,SLC4A2,mouse
192185,Nadk,65220,NADK,mouse
20537,Slc5a1,6523,SLC5A1,mouse
246787,Slc5a2,6524,SLC5A2,mouse
72572,Spats2,65244,SPATS2,mouse
212168,Zswim4,65249,ZSWIM4,mouse
29856,Smtn,6525,SMTN,mouse
73692,Cplane1,65250,CPLANE1,mouse
225651,Mppe1,65258,MPPE1,mouse
53881,Slc5a3,6526,SLC5A3,mouse
69893,Coa7,65260,COA7,mouse
66194,Pycrl,65263,PYCR3,mouse
268470,Ube2z,65264,UBE2Z,mouse
117171,1110038F14Rik,65265,C8orf33,mouse
69847,Wnk4,65266,WNK4,mouse
279561,Wnk3,65267,WNK3,mouse
75607,Wnk2,65268,WNK2,mouse
64454,Slc5a4b,6527,SLC5A4,mouse
64452,Slc5a4a,6527,SLC5A4,mouse
114479,Slc5a5,6528,SLC5A5,mouse
232333,Slc6a1,6529,SLC6A1,mouse
115487914,Gm25835,652966,SNORD10,mouse
71962,Castor1,652968,CASTOR1,mouse
664805,Skor2,652991,SKOR2,mouse
12160,Bmp5,653,BMP5,mouse
20538,Slc6a2,6530,SLC6A2,mouse
99412,Golga2,653061,GOLGA8S,mouse
99412,Golga2,653073,GOLGA8J,mouse
99412,Golga2,653075,GOLGA8T|GOLGA8K,mouse
71164,Zdhhc11,653082,ZDHHC11B,mouse
13162,Slc6a3,6531,SLC6A3,mouse
73680,Zbtb8a,653121,ZBTB8A,mouse
99412,Golga2,653125,GOLGA8K,mouse
74855,Fam228a,653140,FAM228A,mouse
11752,Anxa8,653145,ANXA8,mouse
258153,Olfr412,653166,OR1D5|OR1D4,mouse
547109,Trim43a,653192,TRIM43B,mouse
666731,Trim43c,653192,TRIM43B,mouse
666747,Trim43b,653192,TRIM43B,mouse
15567,Slc6a4,6532,SLC6A4,mouse
19131,Prh1,653247,PRB2,mouse
381833,Prb1,653247,PRB2,mouse
381832,Prpmp5,653247,PRB2,mouse
83380,Prp2,653247,PRB2,mouse
12627,Cfc1,653275,CFC1|CFC1B,mouse
21366,Slc6a6,6533,SLC6A6,mouse
54447,Asah2,653308,ASAH2B,mouse
74356,4931428F04Rik,653319,KIAA0895L,mouse
70511,Eef2kmt,653333,FAM86B2,mouse
17969,Ncf1,653361,NCF1,mouse
106298,Rrn3,653390,RRN3P2,mouse
240332,Slc6a7,6534,SLC6A7,mouse
14237,Foxd4,653427,FOXD4L5,mouse
208760,Aqp12,653437,AQP12B,mouse
68767,Washc1,653440,WASH6P,mouse
14270,Srgap2,653464,SRGAP2C,mouse
16858,Lgals7,653499,LGALS7|LGALS7B,mouse
102857,Slc6a8,6535,SLC6A8,mouse
268373,Ppia,653505,PPIAL4A,mouse
20387,Sftpa1,653509,SFTPA1,mouse
67549,Gpr89,653519,GPR89A,mouse
625286,Tmem236,653567,TMEM236,mouse
232970,Phldb3,653583,PHLDB3,mouse
14664,Slc6a9,6536,SLC6A9,mouse
15077,H3c14,653604,H3C13,mouse
319154,H3c13,653604,H3C13,mouse
260423,H3c7,653604,H3C13,mouse
319148,H3c3,653604,H3C13,mouse
319149,H3c4,653604,H3C13,mouse
319150,H3c2,653604,H3C13,mouse
319151,H3c6,653604,H3C13,mouse
97114,H3c15,653604,H3C13,mouse
100041179,Gm3183,653619,PRAMEF15,mouse
108168683,LOC108168683,653619,PRAMEF15,mouse
100041253,Gm16513,653619,PRAMEF15,mouse
100041032,Pramel38,653619,PRAMEF15,mouse
100041077,Pramel61,653619,PRAMEF15,mouse
100039315,Pramel51,653619,PRAMEF15,mouse
100039087,Gm2042,653619,PRAMEF15,mouse
100041102,Pramel42,653619,PRAMEF15,mouse
100041296,Pramel47,653619,PRAMEF15,mouse
100039010,LOC100039010,653619,PRAMEF15,mouse
100012,Oog3,653619,PRAMEF15,mouse
100040861,Gm13057,653619,PRAMEF15,mouse
100041806,LOC100041806,653619,PRAMEF15,mouse
194227,Pramel25,653619,PRAMEF15,mouse
194225,Pramel27,653619,PRAMEF15,mouse
242736,Pramel12,653619,PRAMEF15,mouse
242737,Oog4,653619,PRAMEF15,mouse
193322,Oog1,653619,PRAMEF15,mouse
626995,Pramel30,653619,PRAMEF15,mouse
626943,Pramel14,653619,PRAMEF15,mouse
626922,Pramel28,653619,PRAMEF15,mouse
627009,Pramel15,653619,PRAMEF15,mouse
381654,Pramel34,653619,PRAMEF15,mouse
381535,Pramel18,653619,PRAMEF15,mouse
545693,Gm13043,653619,PRAMEF15,mouse
545662,Pramel17,653619,PRAMEF15,mouse
381590,Pramel32,653619,PRAMEF15,mouse
381536,Gm12789,653619,PRAMEF15,mouse
347710,Pramel4,653619,PRAMEF15,mouse
433779,Pramel31,653619,PRAMEF15,mouse
384077,Pramel5,653619,PRAMEF15,mouse
381569,Pramel26,653619,PRAMEF15,mouse
277668,Pramel22,653619,PRAMEF15,mouse
347712,Pramel7,653619,PRAMEF15,mouse
329986,Pramel20,653619,PRAMEF15,mouse
332923,Pramel19,653619,PRAMEF15,mouse
320549,Pramel48,653619,PRAMEF15,mouse
381570,Oog2,653619,PRAMEF15,mouse
277666,Pramel24,653619,PRAMEF15,mouse
347711,Pramel6,653619,PRAMEF15,mouse
277667,Pramel23,653619,PRAMEF15,mouse
97187,Pramel29,653619,PRAMEF15,mouse
666203,Pramel50,653619,PRAMEF15,mouse
83491,Pramel1,653619,PRAMEF15,mouse
665802,Pramel35,653619,PRAMEF15,mouse
77632,Pramel13,653619,PRAMEF15,mouse
99412,Golga2,653641,GOLGA6C,mouse
99412,Golga2,653643,GOLGA6D,mouse
18607,Pdpk1,653650,PDPK2P,mouse
234988,Mbd3l2,653657,MBD3L3,mouse
57439,Tmem183a,653659,TMEM183BP,mouse
56546,Sec1,653677,SEC1P,mouse
14872,Gstt2,653689,GSTT2B,mouse
99412,Golga2,653720,GOLGA8M,mouse
72083,Mzt2,653784,MZT2A,mouse
243616,Slc6a11,6538,SLC6A11,mouse
69036,Zg16,653808,ZG16,mouse
108900,Fam72a,653820,FAM72B,mouse
242894,Actr3b,653857,ACTR3C,mouse
14411,Slc6a12,6539,SLC6A12,mouse
12161,Bmp6,654,BMP6,mouse
14412,Slc6a13,6540,SLC6A13,mouse
11987,Slc7a1,6541,SLC7A1,mouse
11988,Slc7a2,6542,SLC7A2,mouse
18261,Ocm,654231,OCM,mouse
102640477,Gm14412,654254,ZNF732,mouse
102635315,Gm32687,654254,ZNF732,mouse
233987,Zfp958,654254,ZNF732,mouse
668620,Zfp936,654254,ZNF732,mouse
76803,Zfp998,654254,ZNF732,mouse
110891,Slc8a2,6543,SLC8A2,mouse
16859,Lgals9,654346,LGALS9C,mouse
18103,Nme2,654364,NME1-NME2,mouse
211187,Lrtm2,654429,LRTM2,mouse
76972,Snhg20,654434,SNHG20,mouse
631797,Fer1l6,654463,FER1L6,mouse
66162,Bola2,654483,BOLA2|BOLA2B,mouse
224022,Slc7a4,6545,SLC7A4,mouse
208426,Iqcj,654502,IQCJ,mouse
20541,Slc8a1,6546,SLC8A1,mouse
110893,Slc8a3,6547,SLC8A3,mouse
66425,Pcp4l1,654790,PCP4L1,mouse
20544,Slc9a1,6548,SLC9A1,mouse
17969,Ncf1,654816,NCF1B,mouse
17969,Ncf1,654817,NCF1C,mouse
226999,Slc9a2,6549,SLC9A2,mouse
12162,Bmp7,655,BMP7,mouse
105243,Slc9a3,6550,SLC9A3,mouse
277973,Slc9a5,6553,SLC9A5,mouse
20493,Slc10a1,6554,SLC10A1,mouse
20494,Slc10a2,6555,SLC10A2,mouse
18173,Slc11a1,6556,SLC11A1,mouse
20495,Slc12a1,6557,SLC12A1,mouse
20496,Slc12a2,6558,SLC12A2,mouse
20497,Slc12a3,6559,SLC12A3,mouse
12163,Bmp8a,656,BMP8B,mouse
12164,Bmp8b,656,BMP8B,mouse
20498,Slc12a4,6560,SLC12A4,mouse
55961,Slc13a1,6561,SLC13A1,mouse
108052,Slc14a1,6563,SLC14A1,mouse
56643,Slc15a1,6564,SLC15A1,mouse
57738,Slc15a2,6565,SLC15A2,mouse
20501,Slc16a1,6566,SLC16A1,mouse
20502,Slc16a2,6567,SLC16A2,mouse
20504,Slc17a1,6568,SLC17A1,mouse
20505,Slc34a1,6569,SLC34A1,mouse
12166,Bmpr1a,657,BMPR1A,mouse
110877,Slc18a1,6570,SLC18A1,mouse
214084,Slc18a2,6571,SLC18A2,mouse
20508,Slc18a3,6572,SLC18A3,mouse
20509,Slc19a1,6573,SLC19A1,mouse
20515,Slc20a1,6574,SLC20A1,mouse
20516,Slc20a2,6575,SLC20A2,mouse
13358,Slc25a1,6576,SLC25A1,mouse
24059,Slco2a1,6578,SLCO2A1,mouse
108096,Slco1a5,6579,SLCO1A2,mouse
28248,Slco1a1,6579,SLCO1A2,mouse
625716,Gm6614,6579,SLCO1A2,mouse
28250,Slco1a4,6579,SLCO1A2,mouse
28254,Slco1a6,6579,SLCO1A2,mouse
435927,Gm5724,6579,SLCO1A2,mouse
12167,Bmpr1b,658,BMPR1B,mouse
20517,Slc22a1,6580,SLC22A1,mouse
20519,Slc22a3,6581,SLC22A3,mouse
20518,Slc22a2,6582,SLC22A2,mouse
30805,Slc22a4,6583,SLC22A4,mouse
20520,Slc22a5,6584,SLC22A5,mouse
56517,Slc22a21,6584,SLC22A5,mouse
20562,Slit1,6585,SLIT1,mouse
20564,Slit3,6586,SLIT3,mouse
66402,Sln,6588,SLN,mouse
12168,Bmpr2,659,BMPR2,mouse
20568,Slpi,6590,SLPI,mouse
20583,Snai2,6591,SNAI2,mouse
93761,Smarca1,6594,SMARCA1,mouse
67155,Smarca2,6595,SMARCA2,mouse
20585,Hltf,6596,HLTF,mouse
20586,Smarca4,6597,SMARCA4,mouse
117229,Stk33,65975,STK33,mouse
83435,Plekha3,65977,PLEKHA3,mouse
100169,Phactr4,65979,PHACTR4,mouse
20587,Smarcb1,6598,SMARCB1,mouse
105246,Brd9,65980,BRD9,mouse
232560,Caprin2,65981,CAPRIN2,mouse
232875,Zscan18,65982,ZSCAN18,mouse
107022,Gramd3,65983,GRAMD2B,mouse
78894,Aacs,65985,AACS,mouse
229055,Zbtb10,65986,ZBTB10,mouse
233529,Kctd14,65987,KCTD14,mouse
101604,E430018J23Rik,65988,ZNF747,mouse
233893,Zfp764,65988,ZNF747,mouse
106565,Dlk2,65989,DLK2,mouse
20588,Smarcc1,6599,SMARCC1,mouse
214917,Antkmt,65990,ANTKMT,mouse
67391,Fundc2,65991,FUNDC2,mouse
73297,1700034I23Rik,65991,FUNDC2,mouse
77006,Ddrgk1,65992,DDRGK1,mouse
79044,Mrps34,65993,MRPS34,mouse
68939,Rasl11b,65997,RASL11B,mouse
108899,Zfta,65998,ZFTA,mouse
243371,Lrrc61,65999,LRRC61,mouse
12169,Bmx,660,BMX,mouse
81907,Tmem108,66000,TMEM108,mouse
100040843,Cyp4a32,66002,CYP4F12,mouse
13117,Cyp4a10,66002,CYP4F12,mouse
435802,Cyp4a30b,66002,CYP4F12,mouse
631304,Cyp4f40,66002,CYP4F12,mouse
64385,Cyp4f14,66002,CYP4F12,mouse
666168,Cyp4a31,66002,CYP4F12,mouse
23936,Lynx1,66004,LYNX1,mouse
69462,Slurp2,66004,LYNX1,mouse
68038,Chid1,66005,CHID1,mouse
70827,Trak2,66008,TRAK2,mouse
68094,Smarcc2,6601,SMARCC2,mouse
83797,Smarcd1,6602,SMARCD1,mouse
83796,Smarcd2,6603,SMARCD2,mouse
210376,Mtmr9,66036,MTMR9,mouse
75388,Boll,66037,BOLL,mouse
66993,Smarcd3,6604,SMARCD3,mouse
57376,Smarce1,6605,SMARCE1,mouse
20595,Smn1,6606,SMN1,mouse
20595,Smn1,6607,SMN1|SMN2,mouse
319757,Smo,6608,SMO,mouse
20597,Smpd1,6609,SMPD1,mouse
67065,Polr3d,661,POLR3D,mouse
20598,Smpd2,6610,SMPD2,mouse
20603,Sms,6611,SMS,mouse
20610,Sumo3,6612,SUMO3,mouse
170930,Sumo2,6613,SUMO2,mouse
20612,Siglec1,6614,SIGLEC1,mouse
74054,4931406B18Rik,6614,SIGLEC1,mouse
20613,Snai1,6615,SNAI1,mouse
20614,Snap25,6616,SNAP25,mouse
75627,Snapc1,6617,SNAPC1,mouse
102209,Snapc2,6618,SNAPC2,mouse
77634,Snapc3,6619,SNAPC3,mouse
224630,Bnip1,662,BNIP1,mouse
104069,Sncb,6620,SNCB,mouse
227644,Snapc4,6621,SNAPC4,mouse
20617,Snca,6622,SNCA,mouse
20618,Sncg,6623,SNCG,mouse
14086,Fscn1,6624,FSCN1,mouse
20637,Snrnp70,6625,SNRNP70,mouse
53607,Snrpa,6626,SNRPA,mouse
68981,Snrpa1,6627,SNRPA1,mouse
20638,Snrpb,6628,SNRPB,mouse
20639,Snrpb2,6629,SNRPB2,mouse
12175,Bnip2,663,BNIP2,mouse
20630,Snrpc,6631,SNRPC,mouse
20641,Snrpd1,6632,SNRPD1,mouse
107686,Snrpd2,6633,SNRPD2,mouse
67332,Snrpd3,6634,SNRPD3,mouse
20643,Snrpe,6635,SNRPE,mouse
69878,Snrpf,6636,SNRPF,mouse
68011,Snrpg,6637,SNRPG,mouse
20646,Snrpn,6638,SNRPN,mouse
12176,Bnip3,664,BNIP3,mouse
20648,Snta1,6640,SNTA1,mouse
20649,Sntb1,6641,SNTB1,mouse
56440,Snx1,6642,SNX1,mouse
67804,Snx2,6643,SNX2,mouse
20650,Sntb2,6645,SNTB2,mouse
20652,Soat1,6646,SOAT1,mouse
723901,Mir542,664617,MIR542,mouse
20655,Sod1,6647,SOD1,mouse
20656,Sod2,6648,SOD2,mouse
20657,Sod3,6649,SOD3,mouse
12177,Bnip3l,665,BNIP3L,mouse
50817,Capn15,6650,CAPN15,mouse
20658,Son,6651,SON,mouse
20322,Sord,6652,SORD,mouse
20660,Sorl1,6653,SORL1,mouse
20662,Sos1,6654,SOS1,mouse
20663,Sos2,6655,SOS2,mouse
20664,Sox1,6656,SOX1,mouse
20674,Sox2,6657,SOX2,mouse
20675,Sox3,6658,SOX3,mouse
20677,Sox4,6659,SOX4,mouse
51800,Bok,666,BOK,mouse
20678,Sox5,6660,SOX5,mouse
20682,Sox9,6662,SOX9,mouse
20665,Sox10,6663,SOX10,mouse
20666,Sox11,6664,SOX11,mouse
20670,Sox15,6665,SOX15,mouse
20667,Sox12,6666,SOX12,mouse
20683,Sp1,6667,SP1,mouse
78912,Sp2,6668,SP2,mouse
13518,Dst,667,DST,mouse
20687,Sp3,6670,SP3,mouse
20688,Sp4,6671,SP4,mouse
114564,Csprs,6672,SP100,mouse
20684,Sp100,6672,SP100,mouse
671917,LOC671917,6672,SP100,mouse
26942,Spag1,6674,SPAG1,mouse
107652,Uap1,6675,UAP1,mouse
245865,Spag4,6676,SPAG4,mouse
20690,Spam1,6677,SPAM1,mouse
74468,Hyal5,6677,SPAM1,mouse
20692,Sparc,6678,SPARC,mouse
26927,Foxl2,668,FOXL2,mouse
50850,Spast,6683,SPAST,mouse
234847,Spg7,6687,SPG7|LOC101930112,mouse
20375,Spi1,6688,SPI1,mouse
272382,Spib,6689,SPIB,mouse
12183,Bpgm,669,BPGM,mouse
20730,Spink1,6690,SPINK1,mouse
69982,Spink2,6691,SPINK2,mouse
20732,Spint1,6692,SPINT1,mouse
20737,Spn,6693,SPN,mouse
75396,Spp2,6694,SPP2,mouse
20745,Spock1,6695,SPOCK1,mouse
20750,Spp1,6696,SPP1,mouse
20751,Spr,6697,SPR,mouse
20753,Sprr1a,6698,SPRR1A,mouse
20754,Sprr1b,6699,SPRR1B,mouse
68021,Bphl,670,BPHL,mouse
20763,Sprr2i,6700,SPRR2A,mouse
20758,Sprr2d,6700,SPRR2A,mouse
20759,Sprr2e,6700,SPRR2A,mouse
20763,Sprr2i,6701,SPRR2B,mouse
20758,Sprr2d,6701,SPRR2B,mouse
20759,Sprr2e,6701,SPRR2B,mouse
20763,Sprr2i,6703,SPRR2D,mouse
20758,Sprr2d,6703,SPRR2D,mouse
20759,Sprr2e,6703,SPRR2D,mouse
20758,Sprr2d,6704,SPRR2E,mouse
20763,Sprr2i,6704,SPRR2E,mouse
20759,Sprr2e,6704,SPRR2E,mouse
20758,Sprr2d,6705,SPRR2F,mouse
20763,Sprr2i,6705,SPRR2F,mouse
20759,Sprr2e,6705,SPRR2F,mouse
20763,Sprr2i,6706,SPRR2G,mouse
20758,Sprr2d,6706,SPRR2G,mouse
20759,Sprr2e,6706,SPRR2G,mouse
20766,Sprr3,6707,SPRR3,mouse
20739,Spta1,6708,SPTA1,mouse
20740,Sptan1,6709,SPTAN1,mouse
329547,Bpi,671,BPI,mouse
20741,Sptb,6710,SPTB,mouse
20742,Sptbn1,6711,SPTBN1,mouse
20743,Sptbn2,6712,SPTBN2,mouse
20775,Sqle,6713,SQLE,mouse
20779,Src,6714,SRC,mouse
78925,Srd5a1,6715,SRD5A1,mouse
94224,Srd5a2,6716,SRD5A2,mouse
109552,Sri,6717,SRI,mouse
208665,Akr1d1,6718,AKR1D1,mouse
12189,Brca1,672,BRCA1,mouse
20787,Srebf1,6720,SREBF1,mouse
20788,Srebf2,6721,SREBF2,mouse
20807,Srf,6722,SRF,mouse
20810,Srm,6723,SRM,mouse
20811,Srms,6725,SRMS,mouse
27058,Srp9,6726,SRP9,mouse
20813,Srp14,6727,SRP14,mouse
66384,Srp19,6728,SRP19,mouse
100101806,Srp54c,6729,SRP54,mouse
24067,Srp54a,6729,SRP54,mouse
665155,Srp54b,6729,SRP54,mouse
109880,Braf,673,BRAF,mouse
217337,Srp68,6730,SRP68,mouse
66661,Srp72,6731,SRP72,mouse
20815,Srpk1,6732,SRPK1,mouse
20817,Srpk2,6733,SRPK2,mouse
67398,Srpr,6734,SRPRA,mouse
21674,Sry,6736,SRY,mouse
20821,Trim21,6737,TRIM21,mouse
20822,Ro60,6738,RO60,mouse
20823,Ssb,6741,SSB,mouse
381760,Ssbp1,6742,SSBP1,mouse
70599,Itprid2,6744,ITPRID2,mouse
107513,Ssr1,6745,SSR1,mouse
66256,Ssr2,6746,SSR2,mouse
67437,Ssr3,6747,SSR3,mouse
20832,Ssr4,6748,SSR4,mouse
20833,Ssrp1,6749,SSRP1,mouse
12190,Brca2,675,BRCA2,mouse
20604,Sst,6750,SST,mouse
20605,Sstr1,6751,SSTR1,mouse
20606,Sstr2,6752,SSTR2,mouse
20607,Sstr3,6753,SSTR3,mouse
20608,Sstr4,6754,SSTR4,mouse
20609,Sstr5,6755,SSTR5,mouse
387131,Ssxb9,6756,SSX1,mouse
546263,Gm14459,6756,SSX1,mouse
385312,Ssxb10,6756,SSX1,mouse
382206,Ssx9,6756,SSX1,mouse
67985,Ssxb1,6756,SSX1,mouse
668976,Ssxb6,6756,SSX1,mouse
387131,Ssxb9,6758,SSX5,mouse
382206,Ssx9,6758,SSX5,mouse
546263,Gm14459,6758,SSX5,mouse
385312,Ssxb10,6758,SSX5,mouse
668976,Ssxb6,6758,SSX5,mouse
67985,Ssxb1,6758,SSX5,mouse
114642,Brdt,676,BRDT,mouse
268996,Ss18,6760,SS18,mouse
76954,Denn2b,6764,DENND2B,mouse
70356,St13,6767,ST13,mouse
19143,St14,6768,ST14,mouse
20840,Stac,6769,STAC,mouse
12192,Zfp36l1,677,ZFP36L1,mouse
20845,Star,6770,STAR,mouse
20846,Stat1,6772,STAT1,mouse
20847,Stat2,6773,STAT2,mouse
20848,Stat3,6774,STAT3,mouse
20849,Stat4,6775,STAT4,mouse
20850,Stat5a,6776,STAT5A,mouse
20851,Stat5b,6777,STAT5B,mouse
115488238,Gm24507,677765,SCARNA18,mouse
115485866,Gm25913,677769,SCARNA17|SNHG22,mouse
100217416,Snora2b,677794,SNORA2B,mouse
20852,Stat6,6778,STAT6,mouse
115489055,Gm24336,677800,SNORA12,mouse
115487043,Gm26397,677801,SNORA14A,mouse
115490273,Gm23245,677807,SNORA22,mouse
100379145,Snora23,677808,SNORA23,mouse
115485822,Gm22786,677810,SNORA26,mouse
100313943,Snora26,677810,SNORA26,mouse
100316932,Snora28,677811,SNORA28,mouse
100217442,Snora30,677813,SNORA30,mouse
100217417,Snora34,677815,SNORA2C,mouse
115488838,Gm23442,677820,SNORA38,mouse
100217418,Snora44,677825,SNORA44,mouse
115485611,Gm24888,677826,SNORA3B,mouse
115487044,Gm26493,677827,SNORA46,mouse
100217450,Snora47,677828,SNORA47,mouse
115490290,Gm26079,677829,SNORA49,mouse
115487534,Gm24119,677832,SNORA53,mouse
115486827,Gm23297,677833,SNORA54,mouse
115489591,Gm25129,677837,SNORA60,mouse
115488712,Gm25777,677843,SNORA77,mouse
115487536,Gm24241,677845,SNORA79,mouse
12193,Zfp36l2,678,ZFP36L2,mouse
20853,Stau1,6780,STAU1,mouse
20855,Stc1,6781,STC1,mouse
110920,Hspa13,6782,HSPA13,mouse
20860,Sult1e1,6783,SULT1E1,mouse
83603,Elovl4,6785,ELOVL4,mouse
20866,Stim1,6786,STIM1,mouse
23955,Nek4,6787,NEK4,mouse
56274,Stk3,6788,STK3,mouse
58231,Stk4,6789,STK4,mouse
20878,Aurka,6790,AURKA,mouse
382253,Cdkl5,6792,CDKL5,mouse
20868,Stk10,6793,STK10,mouse
20869,Stk11,6794,STK11,mouse
20871,Aurkc,6795,AURKC,mouse
20887,Sult1a1,6799,SULT1A2,mouse
57429,Sult5a1,6799,SULT1A2,mouse
12209,Brs3,680,BRS3,mouse
268980,Strn,6801,STRN,mouse
20907,Stx1a,6804,STX1A,mouse
20908,Stx3,6809,STX3,mouse
20909,Stx4a,6810,STX4,mouse
56389,Stx5a,6811,STX5,mouse
20910,Stxbp1,6812,STXBP1,mouse
20911,Stxbp2,6813,STXBP2,mouse
20912,Stxbp3,6814,STXBP3,mouse
100040244,Styx-ps,6815,STYX,mouse
56291,Styx,6815,STYX,mouse
20887,Sult1a1,6817,SULT1A1,mouse
57429,Sult5a1,6817,SULT1A1,mouse
20887,Sult1a1,6818,SULT1A3,mouse
57429,Sult5a1,6818,SULT1A3,mouse
69083,Sult1c2,6819,SULT1C2,mouse
12215,Bsg,682,BSG,mouse
54200,Sult2b1|Gm5897,6820,SULT2B1,mouse
211389,Suox,6821,SUOX,mouse
100043194,Sult2a2,6822,SULT2A1,mouse
20859,Sult2a1,6822,SULT2A1,mouse
638251,Sult2a7,6822,SULT2A1,mouse
629219,Sult2a6,6822,SULT2A1,mouse
434264,Sult2a5,6822,SULT2A1,mouse
434121,Sult2a4,6822,SULT2A1,mouse
629203,Sult2a3,6822,SULT2A1,mouse
76971,Sult2a8,6822,SULT2A1,mouse
20922,Supt4a,6827,SUPT4H1,mouse
20924,Supt5,6829,SUPT5H,mouse
12182,Bst1,683,BST1,mouse
20926,Supt6,6830,SUPT6H,mouse
338359,Supv3l1,6832,SUPV3L1,mouse
20927,Abcc8,6833,ABCC8,mouse
20930,Surf1,6834,SURF1,mouse
20931,Surf2,6835,SURF2,mouse
20932,Surf4,6836,SURF4,mouse
20933,Med22,6837,MED22,mouse
20935,Surf6,6838,SURF6,mouse
20937,Suv39h1,6839,SUV39H1,mouse
69550,Bst2,684,BST2,mouse
225115,Svil,6840,SVIL,mouse
22317,Vamp1|E130112N10Rik,6843,VAMP1,mouse
22318,Vamp2,6844,VAMP2,mouse
20955,Vamp7,6845,VAMP7,mouse
16963,Xcl1,6846,XCL2,mouse
20957,Sycp1,6847,SYCP1,mouse
12223,Btc,685,BTC,mouse
20963,Syk,6850,SYK,mouse
20964,Syn1,6853,SYN1,mouse
20965,Syn2,6854,SYN2,mouse
20977,Syp,6855,SYP,mouse
19027,Sypl,6856,SYPL1,mouse
20979,Syt1,6857,SYT1,mouse
26363,Btd,686,BTD,mouse
20983,Syt4,6860,SYT4,mouse
53420,Syt5,6861,SYT5,mouse
20997,T,6862,TBXT,mouse
21333,Tac1,6863,TAC1,mouse
21337,Tacr2,6865,TACR2,mouse
21334,Tac2,6866,TAC3,mouse
320165,Tacc1,6867,TACC1,mouse
11491,Adam17,6868,ADAM17,mouse
21336,Tacr1,6869,TACR1,mouse
16601,Klf9,687,KLF9,mouse
21338,Tacr3,6870,TACR3,mouse
217031,Tada2a,6871,TADA2A,mouse
270627,Taf1,6872,TAF1,mouse
319944,Taf2,6873,TAF2,mouse
228980,Taf4,6874,TAF4,mouse
72504,Taf4b,6875,TAF4B,mouse
21345,Tagln,6876,TAGLN,mouse
226182,Taf5,6877,TAF5,mouse
21343,Taf6,6878,TAF6,mouse
24074,Taf7,6879,TAF7,mouse
12224,Klf5,688,KLF5,mouse
108143,Taf9|Ak6,6880,TAF9,mouse
102216272,Taf9|Ak6,6880,TAF9,mouse
24075,Taf10,6881,TAF10,mouse
68776,Taf11,6882,TAF11,mouse
66464,Taf12,6883,TAF12,mouse
99730,Taf13,6884,TAF13,mouse
26409,Map3k7,6885,MAP3K7,mouse
21349,Tal1,6886,TAL1,mouse
21350,Tal2,6887,TAL2,mouse
21351,Taldo1,6888,TALDO1,mouse
218490,Btf3,689,BTF3,mouse
21354,Tap1,6890,TAP1,mouse
21355,Tap2,6891,TAP2,mouse
21356,Tapbp,6892,TAPBP,mouse
212728,Tarbp1,6894,TARBP1,mouse
21357,Tarbp2,6895,TARBP2,mouse
110960,Tars,6897,TARS1,mouse
234724,Tat,6898,TAT,mouse
21380,Tbx1,6899,TBX1,mouse
21367,Cntn2,6900,CNTN2,mouse
66826,Tafazzin,6901,TAFAZZIN,mouse
21371,Tbca,6902,TBCA,mouse
72726,Tbcc,6903,TBCC,mouse
108903,Tbcd,6904,TBCD,mouse
70430,Tbce,6905,TBCE,mouse
331535,Serpina7,6906,SERPINA7,mouse
21372,Tbl1x,6907,TBL1X,mouse
21374,Tbp,6908,TBP,mouse
21385,Tbx2,6909,TBX2,mouse
21388,Tbx5,6910,TBX5,mouse
21389,Tbx6,6911,TBX6,mouse
21384,Tbx15,6913,TBX15,mouse
21390,Tbxa2r,6915,TBXA2R,mouse
21391,Tbxas1,6916,TBXAS1,mouse
21399,Tcea1,6917,TCEA1,mouse
21400,Tcea2,6919,TCEA2,mouse
21401,Tcea3,6920,TCEA3,mouse
100313519,Snord17,692086,SNORD17,mouse
100039672,Msmp,692094,MSMP,mouse
67923,Eloc,6921,ELOC,mouse
100217458,Snord67,692108,SNORD67,mouse
115487307,Gm24289,692149,SCARNA14,mouse
118027464,Snora57,692158,SNORA57,mouse
115486847,Gm23262,692223,SNORD97,mouse
100216537,Snord104,692227,SNORD104,mouse
115488831,Gm25128,692233,SNORD117,mouse
217066,Elobl,6923,ELOB,mouse
67673,Elob,6923,ELOB,mouse
235036,Ppan,692312,PPAN-P2RY11,mouse
27224,Eloa,6924,ELOA,mouse
21413,Tcf4,6925,TCF4,mouse
21386,Tbx3,6926,TBX3,mouse
21405,Hnf1a,6927,HNF1A,mouse
21410,Hnf1b,6928,HNF1B,mouse
21423,Tcf3,6929,TCF3,mouse
751544,Mir532,693124,MIR532,mouse
21414,Tcf7,6932,TCF7,mouse
751557,Mir615,693200,MIR615,mouse
21416,Tcf7l2,6934,TCF7L2,mouse
21417,Zeb1,6935,ZEB1,mouse
330361,Gcfc2,6936,GCFC2,mouse
21406,Tcf12,6938,TCF12,mouse
21407,Tcf15,6939,TCF15,mouse
12226,Btg1,694,BTG1,mouse
21408,Zfp354a,6940,ZNF354A,mouse
106795,Tcf19,6941,TCF19,mouse
105590,Zfp957,6942,TCF20,mouse
21411,Tcf20,6942,TCF20,mouse
21412,Tcf21,6943,TCF21,mouse
21427,Vps72,6944,VPS72,mouse
21428,Mlx,6945,MLX,mouse
21452,Tcn2,6948,TCN2,mouse
21453,Tcof1,6949,TCOF1,mouse
12229,Btk,695,BTK,mouse
21454,Tcp1,6950,TCP1,mouse
21463,Tcp11,6954,TCP11,mouse
12231,Btn1a1,696,BTN1A1,mouse
100124685,Trbv20,6962,TRBV20OR9-2,mouse
107573,Trgc1,6967,TRGC2,mouse
107574,Trgc2,6967,TRGC2,mouse
107575,Trgc3,6967,TRGC2,mouse
107576,Trgc4,6967,TRGC2,mouse
21641,Trgv7,6973,TRGV1,mouse
21641,Trgv7,6974,TRGV2,mouse
21684,Tectb,6975,TECTB,mouse
21641,Trgv7,6976,TRGV3,mouse
21641,Trgv7,6977,TRGV4,mouse
21641,Trgv7,6978,TRGV5,mouse
21641,Trgv7,6982,TRGV8,mouse
21639,Trgv5,6983,TRGV9,mouse
102791,Tcta,6988,TCTA,mouse
12235,Bub1,699,BUB1,mouse
67117,Dynlt3,6990,DYNLT3,mouse
100041639,Dynlt2a2,6991,DYNLT2,mouse
100041586,Dynlt2a3,6991,DYNLT2,mouse
21647,Dynlt2a1,6991,DYNLT2,mouse
76497,Ppp1r11,6992,PPP1R11,mouse
100040531,Dynlt1f,6993,DYNLT1,mouse
100040563,Dynlt1c,6993,DYNLT1,mouse
100310872,Dynlt1a,6993,DYNLT1,mouse
21648,Dynlt1b,6993,DYNLT1,mouse
21665,Tdg,6996,TDG,mouse
21667,Tdgf1,6997,TDGF1,mouse
21667,Tdgf1,6998,TDGF1P3,mouse
56720,Tdo2,6999,TDO2,mouse
11464,Actc1,70,ACTC1,mouse
21672,Prdx2,7001,PRDX2,mouse
21676,Tead1,7003,TEAD1,mouse
21679,Tead4,7004,TEAD4,mouse
21678,Tead3,7005,TEAD3,mouse
21682,Tec,7006,TEC,mouse
21683,Tecta,7007,TECTA|TBCEL-TECTA,mouse
21685,Tef,7008,TEF,mouse
110213,Tmbim6,7009,TMBIM6,mouse
12236,Bub1b,701,BUB1B,mouse
21687,Tek,7010,TEK,mouse
21745,Tep1,7011,TEP1,mouse
21749,Terf1,7013,TERF1,mouse
21750,Terf2,7014,TERF2,mouse
21752,Tert,7015,TERT,mouse
21754,Tesk1,7016,TESK1,mouse
22041,Trf,7018,TF,mouse
21780,Tfam,7019,TFAM,mouse
21418,Tfap2a,7020,TFAP2A,mouse
21419,Tfap2b,7021,TFAP2B,mouse
21420,Tfap2c,7022,TFAP2C,mouse
83383,Tfap4,7023,TFAP4,mouse
21422,Tfcp2,7024,TFCP2,mouse
13865,Nr2f1,7025,NR2F1,mouse
11819,Nr2f2,7026,NR2F2,mouse
21781,Tfdp1,7027,TFDP1,mouse
211586,Tfdp2,7029,TFDP2,mouse
209446,Tfe3,7030,TFE3,mouse
21784,Tff1,7031,TFF1,mouse
21785,Tff2,7032,TFF2,mouse
21786,Tff3,7033,TFF3,mouse
21788,Tfpi,7035,TFPI,mouse
50765,Tfr2,7036,TFR2,mouse
22042,Tfrc,7037,TFRC,mouse
21819,Tg,7038,TG,mouse
21802,Tgfa,7039,TGFA,mouse
21803,Tgfb1,7040,TGFB1,mouse
21804,Tgfb1i1,7041,TGFB1I1,mouse
21808,Tgfb2,7042,TGFB2,mouse
21809,Tgfb3,7043,TGFB3,mouse
13590,Lefty1,7044,LEFTY2,mouse
320202,Lefty2,7044,LEFTY2,mouse
21810,Tgfbi,7045,TGFBI,mouse
21812,Tgfbr1,7046,TGFBR1,mouse
21813,Tgfbr2,7048,TGFBR2,mouse
21814,Tgfbr3,7049,TGFBR3,mouse
53414,Bysl,705,BYSL,mouse
21815,Tgif1,7050,TGIF1,mouse
21816,Tgm1,7051,TGM1,mouse
21817,Tgm2,7052,TGM2,mouse
21818,Tgm3,7053,TGM3,mouse
21823,Th,7054,TH,mouse
21824,Thbd,7056,THBD,mouse
21825,Thbs1,7057,THBS1,mouse
21826,Thbs2,7058,THBS2,mouse
21827,Thbs3,7059,THBS3,mouse
12257,Tspo,706,TSPO,mouse
21828,Thbs4,7060,THBS4,mouse
99681,Tchh,7062,TCHH,mouse
50492,Thop1,7064,THOP1,mouse
21832,Thpo,7066,THPO,mouse
21833,Thra,7067,THRA,mouse
21834,Thrb,7068,THRB,mouse
21835,Thrsp,7069,THRSP,mouse
21838,Thy1,7070,THY1,mouse
21847,Klf10,7071,KLF10,mouse
21841,Tia1,7072,TIA1,mouse
21843,Tial1,7073,TIAL1,mouse
21844,Tiam1,7074,TIAM1,mouse
21846,Tie1,7075,TIE1,mouse
21857,Timp1,7076,TIMP1,mouse
21858,Timp2,7077,TIMP2,mouse
21859,Timp3,7078,TIMP3,mouse
110595,Timp4,7079,TIMP4,mouse
12261,C1qbp,708,C1QBP,mouse
21869,Nkx2-1,7080,NKX2-1,mouse
21872,Tjp1,7082,TJP1,mouse
21877,Tk1,7083,TK1,mouse
57813,Tk2,7084,TK2,mouse
21881,Tkt,7086,TKT,mouse
15898,Icam5,7087,ICAM5,mouse
21885,Tle1,7088,TLE1,mouse
21886,Tle2,7089,TLE2,mouse
21887,Tle3,7090,TLE3,mouse
21888,Tle4,7091,TLE4,mouse
21892,Tll1,7092,TLL1,mouse
24087,Tll2,7093,TLL2,mouse
21894,Tln1,7094,TLN1,mouse
69276,Sec62,7095,SEC62,mouse
21897,Tlr1,7096,TLR1,mouse
24088,Tlr2,7097,TLR2,mouse
142980,Tlr3,7098,TLR3,mouse
21898,Tlr4,7099,TLR4,mouse
11465,Actg1,71,ACTG1,mouse
12258,Serping1,710,SERPING1,mouse
53791,Tlr5,7100,TLR5,mouse
21907,Nr2e1,7101,NR2E1,mouse
21912,Tspan7,7102,TSPAN7,mouse
216350,Tspan8,7103,TSPAN8,mouse
229302,Tm4sf4,7104,TM4SF4,mouse
56496,Tspan6,7105,TSPAN6,mouse
64540,Tspan4,7106,TSPAN4,mouse
83924,Gpr137b,7107,GPR137B,mouse
73166,Tm7sf2,7108,TM7SF2,mouse
216131,Trappc10,7109,TRAPPC10,mouse
232286,Tmf1,7110,TMF1,mouse
21916,Tmod1,7111,TMOD1,mouse
21917,Tmpo,7112,TMPO,mouse
50528,Tmprss2,7113,TMPRSS2,mouse
19241,Tmsb4x,7114,TMSB4X,mouse
12259,C1qa,712,C1QA,mouse
12741,Cldn5,7122,CLDN5,mouse
21922,Clec3b,7123,CLEC3B,mouse
21926,Tnf,7124,TNF,mouse
21925,Tnnc2,7125,TNNC2,mouse
21927,Tnfaip1,7126,TNFAIP1,mouse
21928,Tnfaip2,7127,TNFAIP2,mouse
21929,Tnfaip3,7128,TNFAIP3,mouse
12260,C1qb,713,C1QB,mouse
21930,Tnfaip6,7130,TNFAIP6,mouse
21937,Tnfrsf1a,7132,TNFRSF1A,mouse
21938,Tnfrsf1b,7133,TNFRSF1B,mouse
21924,Tnnc1,7134,TNNC1,mouse
21952,Tnni1,7135,TNNI1,mouse
21953,Tnni2,7136,TNNI2,mouse
21954,Tnni3,7137,TNNI3,mouse
21955,Tnnt1,7138,TNNT1,mouse
21956,Tnnt2,7139,TNNT2,mouse
12262,C1qc,714,C1QC,mouse
21957,Tnnt3,7140,TNNT3,mouse
21958,Tnp1,7141,TNP1,mouse
21959,Tnp2,7142,TNP2,mouse
21960,Tnr,7143,TNR,mouse
21961,Tns1,7145,TNS1,mouse
81877,Tnxb,7148,TNXB,mouse
50909,C1ra,715,C1R,mouse
667277,C1rb,715,C1R,mouse
21969,Top1,7150,TOP1,mouse
21973,Top2a,7153,TOP2A,mouse
21974,Top2b,7155,TOP2B,mouse
21975,Top3a,7156,TOP3A,mouse
22059,Trp53,7157,TP53,mouse
27223,Trp53bp1,7158,TP53BP1,mouse
209456,Trp53bp2,7159,TP53BP2,mouse
317677,C1s2,716,C1S,mouse
50908,C1s1,716,C1S,mouse
22062,Trp73,7161,TP73,mouse
21983,Tpbg,7162,TPBG,mouse
21985,Tpd52,7163,TPD52,mouse
21987,Tpd52l1,7164,TPD52L1,mouse
66314,Tpd52l2,7165,TPD52L2,mouse
21990,Tph1,7166,TPH1,mouse
21991,Tpi1,7167,TPI1,mouse
22003,Tpm1,7168,TPM1,mouse
22004,Tpm2,7169,TPM2,mouse
12263,C2,717,C2,mouse
59069,Tpm3,7170,TPM3,mouse
621054,Tpm3-rs7,7170,TPM3,mouse
326618,Tpm4,7171,TPM4,mouse
22017,Tpmt,7172,TPMT,mouse
22018,Tpo,7173,TPO,mouse
22019,Tpp2,7174,TPP2,mouse
108989,Tpr,7175,TPR,mouse
100503895,Tpsab1,7177,TPSAB1,mouse
17229,Tpsb2,7177,TPSAB1,mouse
22070,Tpt1,7178,TPT1,mouse
12266,C3,718,C3,mouse
22024,Crisp2,7180,CRISP2,mouse
22025,Nr2c1,7181,NR2C1,mouse
22026,Nr2c2,7182,NR2C2,mouse
22027,Hsp90b1,7184,HSP90B1,mouse
22029,Traf1,7185,TRAF1,mouse
22030,Traf2,7186,TRAF2,mouse
22031,Traf3,7187,TRAF3,mouse
22033,Traf5,7188,TRAF5,mouse
22034,Traf6,7189,TRAF6,mouse
12267,C3ar1,719,C3AR1,mouse
22027,Hsp90b1,7190,HSP90B2P,mouse
11468,Actg2,72,ACTG2,mouse
12268,C4b,720,C4A|LOC110384692,mouse
625018,C4a,720,C4A|LOC110384692,mouse
22044,Trh,7200,TRH,mouse
22045,Trhr,7201,TRHR,mouse
12462,Cct3,7203,CCT3,mouse
223435,Trio,7204,TRIO,mouse
22051,Trip6,7205,TRIP6,mouse
12268,C4b,721,C4B,mouse
625018,C4a,721,C4B,mouse
56191,Tro,7216,TRO,mouse
12269,C4bp,722,C4BPA,mouse
22789,Zp3r,722,C4BPA,mouse
22063,Trpc1,7220,TRPC1,mouse
22064,Trpc2,7221,TRPC2,mouse
22065,Trpc3,7222,TRPC3,mouse
22066,Trpc4,7223,TRPC4,mouse
22067,Trpc5,7224,TRPC5,mouse
22068,Trpc6,7225,TRPC6,mouse
28240,Trpm2,7226,TRPM2,mouse
83925,Trps1,7227,TRPS1,mouse
15267,H2ac18,723790,H2AC19,mouse
319192,H2ac19,723790,H2AC19,mouse
723976,Mir652,724022,MIR652,mouse
22099,Tsn,7247,TSN,mouse
64930,Tsc1,7248,TSC1,mouse
22084,Tsc2,7249,TSC2,mouse
22088,Tsg101,7251,TSG101,mouse
22094,Tshb,7252,TSHB,mouse
22095,Tshr,7253,TSHR,mouse
53424,Tsnax,7257,TSNAX,mouse
22110,Tspyl1,7259,TSPYL1,mouse
12337,Capn5,726,CAPN5,mouse
380752,Eipr1,7260,EIPR1,mouse
22113,Phlda2,7262,PHLDA2,mouse
22117,Tst,7263,TST,mouse
22122,Gfus,7264,GFUS,mouse
66827,Ttc1,7265,TTC1,mouse
56354,Dnajc7,7266,DNAJC7,mouse
22129,Ttc3,7267,TTC3,mouse
72354,Ttc4,7268,TTC4,mouse
15139,Hc,727,C5,mouse
98870,AI182371,727,C5,mouse
22130,Ttf1,7270,TTF1,mouse
22137,Ttk,7272,TTK,mouse
22138,Ttn,7273,TTN,mouse
50500,Ttpa,7274,TTPA,mouse
22141,Tub,7275,TUB,mouse
22139,Ttr,7276,TTR,mouse
100216530,Snord118,727676,SNORD118,mouse
22145,Tuba4a,7277,TUBA4A,mouse
22147,Tuba3b,7278,TUBA3C,mouse
22144,Tuba3a,7278,TUBA3C,mouse
68846,Rnf208,727800,RNF208,mouse
320522,Bhlha9,727857,BHLHA9,mouse
382245,Vcf2,727866,FAM156A|FAM156B,mouse
74180,Muc5b,727897,MUC5B,mouse
99412,Golga2,727909,GOLGA8Q|GOLGA8O,mouse
380712,Tlcd2,727910,TLCD2,mouse
408066,Cspg4b,727930,CSPG4BP,mouse
232313,Gxylt2,727936,GXYLT2,mouse
100135657,Rhox3e,727940,RHOXF2B,mouse
100135654,Rhox3c,727940,RHOXF2B,mouse
194738,Rhox11,727940,RHOXF2B,mouse
223658,Mroh1,727957,MROH1,mouse
12273,C5ar1,728,C5AR1,mouse
22151,Tubb2a,7280,TUBB2A,mouse
99412,Golga2,728047,GOLGA8Q|GOLGA8O,mouse
11752,Anxa8,728113,ANXA8L1,mouse
215627,Zbtb8b,728116,ZBTB8B,mouse
328250,Nutm2,728118,NUTM2A,mouse
328250,Nutm2,728130,NUTM2D,mouse
270028,Nalf1,728215,NALF1,mouse
108167466,Gm45618,728224,KRTAP4-8,mouse
100043627,Gm4559,728224,KRTAP4-8,mouse
105244938,Gm40460,728224,KRTAP4-8,mouse
68673,Krtap4-2,728224,KRTAP4-8,mouse
71623,Krtap5-2,728224,KRTAP4-8,mouse
14598,Ggt1,728226,GGTLC3,mouse
224019,Tmem191,728229,TMEM191B,mouse
105244938,Gm40460,728279,KRTAP2-2,mouse
108167466,Gm45618,728279,KRTAP2-2,mouse
100041488,Gm11937,728279,KRTAP2-2,mouse
100041412,Gm11938,728279,KRTAP2-2,mouse
100043627,Gm4559,728279,KRTAP2-2,mouse
100502803,Gm11562,728279,KRTAP2-2,mouse
71623,Krtap5-2,728279,KRTAP2-2,mouse
71453,Krtap2-4,728279,KRTAP2-2,mouse
98314,D2hgdh,728294,D2HGDH,mouse
16704,Krtap19-5,728299,KRTAP19-8,mouse
103733,Tubg1,7283,TUBG1,mouse
434797,Pwwp4c,728317,PWWP4,mouse
574404,Pwwp4a,728317,PWWP4,mouse
574405,Pwwp4b,728317,PWWP4,mouse
546325,Pwwp4d,728317,PWWP4,mouse
100041351,Gm3285,728318,KRTAP9-1,mouse
102640500,Gm7138,728318,KRTAP9-1,mouse
102639995,Gm36176,728318,KRTAP9-1,mouse
100191037,Krtap10-4,728318,KRTAP9-1,mouse
105244938,Gm40460,728318,KRTAP9-1,mouse
100041261,Gm3238,728318,KRTAP9-1,mouse
108167466,Gm45618,728318,KRTAP9-1,mouse
100041250,Gm3233,728318,KRTAP9-1,mouse
100041281,Gm3250,728318,KRTAP9-1,mouse
100043627,Gm4559,728318,KRTAP9-1,mouse
100040299,Gm2696,728318,KRTAP9-1,mouse
100502831,Gm19402,728318,KRTAP9-1,mouse
100503388,Gm19668,728318,KRTAP9-1,mouse
544710,Krtap10-10,728318,KRTAP9-1,mouse
634504,Gm7137,728318,KRTAP9-1,mouse
435286,Krtap9-5,728318,KRTAP9-1,mouse
622629,Gm10318,728318,KRTAP9-1,mouse
670895,Gm9508,728318,KRTAP9-1,mouse
670880,Gm9507,728318,KRTAP9-1,mouse
71623,Krtap5-2,728318,KRTAP9-1,mouse
77763,Gm9736,728318,KRTAP9-1,mouse
675294,Gm9639,728318,KRTAP9-1,mouse
23894,Gtf2h2,728340,GTF2H2C,mouse
381867,Ovol3,728361,OVOL3,mouse
103712,6330403K07Rik,728392,LOC728392,mouse
233870,Tufm,7284,TUFM,mouse
14598,Ggt1,728441,GGT2P,mouse
327747,Mettl24,728464,METTL24,mouse
52838,Dnlz,728489,DNLZ,mouse
20365,Serf1,728492,SERF1A|SERF1B,mouse
99412,Golga2,728498,GOLGA8H,mouse
71166,4933424G06Rik,728537,C2orf92,mouse
544717,1190007I07Rik,728568,C12orf73,mouse
238680,Cntnap3,728577,CNTNAP3B,mouse
75444,Ccdc192,728586,CCDC192,mouse
76002,Ms4a18,728588,MS4A18,mouse
320604,Ccdc169,728591,CCDC169,mouse
68511,Dcdc2c,728597,DCDC2C,mouse
22156,Tuft1,7286,TUFT1,mouse
73332,Ccdc30,728621,CCDC30,mouse
28200,Dhrs4,728635,DHRS4L1,mouse
12537,Cdk11b,728642,CDK11A,mouse
632708,Dmrtc1b,728656,DMRTC1B,mouse
70887,Dmrtc1a,728656,DMRTC1B,mouse
320541,Slc35e2,728661,SLC35E2B,mouse
56347,Eif3c,728689,EIF3CL,mouse
22157,Tulp1,7287,TULP1,mouse
243373,AI854703,728743,LOC728743,mouse
381284,Crocc2,728763,CROCC2,mouse
271144,Ankdd1b,728780,ANKDD1B,mouse
268729,Frmpd2,728798,FRMPD2B,mouse
56734,Tulp2,7288,TULP2,mouse
108900,Fam72a,728833,FAM72D,mouse
73344,1700034J05Rik,728858,C12orf71,mouse
22158,Tulp3,7289,TULP3,mouse
218314,Zfp595,728927,ZNF736,mouse
431706,Zfp457,728927,ZNF736,mouse
408068,Zfp738,728927,ZNF736,mouse
629016,Zfp953,728927,ZNF736,mouse
330463,Zfp78,728957,ZNF705D,mouse
12274,C6,729,C6,mouse
15260,Hira,7290,HIRA,mouse
66646,Rpe,729020,RPEL1,mouse
277898,Slc15a5,729025,SLC15A5,mouse
67663,Tex46,729059,TEX46,mouse
245050,Gask1a,729085,GASK1A,mouse
22160,Twist1,7291,TWIST1,mouse
22164,Tnfsf4,7292,TNFSF4,mouse
12772,Ccr2,729230,CCR2,mouse
20387,Sftpa1,729238,SFTPA2,mouse
328250,Nutm2,729262,NUTM2B,mouse
192651,Zfp286,729288,ZNF286B,mouse
22163,Tnfrsf4,7293,TNFRSF4,mouse
57435,Plin4,729359,PLIN4,mouse
547109,Trim43a,729384,TRIM49D2,mouse
666731,Trim43c,729384,TRIM49D2,mouse
666747,Trim43b,729384,TRIM49D2,mouse
22165,Txk,7294,TXK,mouse
80909,Castor2,729438,CASTOR2,mouse
232933,Ccdc61,729440,CCDC61,mouse
209550,Rad51ap2,729475,RAD51AP2,mouse
22166,Txn1,7295,TXN,mouse
70544,Tmem242,729515,TMEM242,mouse
100041296,Pramel47,729528,PRAMEF14,mouse
100039315,Pramel51,729528,PRAMEF14,mouse
108168683,LOC108168683,729528,PRAMEF14,mouse
100041179,Gm3183,729528,PRAMEF14,mouse
100039087,Gm2042,729528,PRAMEF14,mouse
100040861,Gm13057,729528,PRAMEF14,mouse
100041102,Pramel42,729528,PRAMEF14,mouse
100041806,LOC100041806,729528,PRAMEF14,mouse
100041032,Pramel38,729528,PRAMEF14,mouse
100041077,Pramel61,729528,PRAMEF14,mouse
100041253,Gm16513,729528,PRAMEF14,mouse
100039010,LOC100039010,729528,PRAMEF14,mouse
100012,Oog3,729528,PRAMEF14,mouse
242736,Pramel12,729528,PRAMEF14,mouse
194227,Pramel25,729528,PRAMEF14,mouse
194225,Pramel27,729528,PRAMEF14,mouse
242737,Oog4,729528,PRAMEF14,mouse
193322,Oog1,729528,PRAMEF14,mouse
381654,Pramel34,729528,PRAMEF14,mouse
347710,Pramel4,729528,PRAMEF14,mouse
277668,Pramel22,729528,PRAMEF14,mouse
626922,Pramel28,729528,PRAMEF14,mouse
626995,Pramel30,729528,PRAMEF14,mouse
332923,Pramel19,729528,PRAMEF14,mouse
626943,Pramel14,729528,PRAMEF14,mouse
381569,Pramel26,729528,PRAMEF14,mouse
433779,Pramel31,729528,PRAMEF14,mouse
277667,Pramel23,729528,PRAMEF14,mouse
384077,Pramel5,729528,PRAMEF14,mouse
381535,Pramel18,729528,PRAMEF14,mouse
545693,Gm13043,729528,PRAMEF14,mouse
320549,Pramel48,729528,PRAMEF14,mouse
381570,Oog2,729528,PRAMEF14,mouse
277666,Pramel24,729528,PRAMEF14,mouse
381590,Pramel32,729528,PRAMEF14,mouse
347711,Pramel6,729528,PRAMEF14,mouse
347712,Pramel7,729528,PRAMEF14,mouse
329986,Pramel20,729528,PRAMEF14,mouse
545662,Pramel17,729528,PRAMEF14,mouse
381536,Gm12789,729528,PRAMEF14,mouse
627009,Pramel15,729528,PRAMEF14,mouse
665802,Pramel35,729528,PRAMEF14,mouse
97187,Pramel29,729528,PRAMEF14,mouse
666203,Pramel50,729528,PRAMEF14,mouse
77632,Pramel13,729528,PRAMEF14,mouse
83491,Pramel1,729528,PRAMEF14,mouse
108900,Fam72a,729533,FAM72A,mouse
330228,Spdye4b,729597,SPDYE6,mouse
74673,Spdye4a,729597,SPDYE6,mouse
50493,Txnrd1,7296,TXNRD1,mouse
623166,Prr23a1,729627,PRR23A,mouse
546157,7420426K07Rik,729627,PRR23A,mouse
623186,Prr23a2,729627,PRR23A,mouse
71979,Prr23a3,729627,PRR23A,mouse
73936,Ccdc175,729665,CCDC175,mouse
54721,Tyk2,7297,TYK2,mouse
170938,Zfp617,729747,ZNF878,mouse
240064,Zfp799,729747,ZNF878,mouse
240063,Zfp811,729747,ZNF878,mouse
72431,Ceacam18,729767,CEACAM18,mouse
22171,Tyms,7298,TYMS,mouse
229488,Fhip1a,729830,FHIP1A,mouse
100036521,Umad1,729852,UMAD1,mouse
22173,Tyr,7299,TYR,mouse
75847,Crppa,729920,CRPPA,mouse
232813,Shisa7,729956,SHISA7,mouse
100502950,Gm3336,729966,LOC729966,mouse
378462,Morn2,729967,MORN2,mouse
192658,Rfpl4,729974,RFPL4AL1,mouse
72368,Borcs8,729991,BORCS8,mouse
72555,Shisa9,729993,SHISA9,mouse
109828,C7,730,C7,mouse
102640477,Gm14412,730087,ZNF726,mouse
102635315,Gm32687,730087,ZNF726,mouse
233987,Zfp958,730087,ZNF726,mouse
76803,Zfp998,730087,ZNF726,mouse
668620,Zfp936,730087,ZNF726,mouse
233812,Mosmo,730094,MOSMO,mouse
100862247,Gm21586,730098,LOC730098,mouse
100041579,Gm20878,730098,LOC730098,mouse
22174,Tyro3,7301,TYRO3,mouse
226527,Cryzl2,730102,CRYZL2P,mouse
329831,Cimip2b,730112,FAM166B,mouse
319832,Tmem229a,730130,TMEM229A,mouse
100502590,Tex50,730159,TEX50,mouse
16365,Acod1,730249,ACOD1,mouse
105244402,Gm14444,730291,ZNF735,mouse
234358,Zfp930,730291,ZNF735,mouse
195531,Zfp982,730291,ZNF735,mouse
72139,2610044O15Rik8,730291,ZNF735,mouse
22177,Tyrobp,7305,TYROBP,mouse
22178,Tyrp1,7306,TYRP1,mouse
108121,U2af1,7307,U2AF1,mouse
108167466,Gm45618,730755,KRTAP2-3,mouse
100502803,Gm11562,730755,KRTAP2-3,mouse
105244938,Gm40460,730755,KRTAP2-3,mouse
100041488,Gm11937,730755,KRTAP2-3,mouse
100041412,Gm11938,730755,KRTAP2-3,mouse
100043627,Gm4559,730755,KRTAP2-3,mouse
71453,Krtap2-4,730755,KRTAP2-3,mouse
71623,Krtap5-2,730755,KRTAP2-3,mouse
230558,C8a,731,C8A,mouse
22183,Zrsr1,7310,ZRSR2P1,mouse
22184,Zrsr2,7310,ZRSR2P1,mouse
22186,Uba52,7311,UBA52,mouse
619289,Rfx8,731220,RFX8,mouse
22187,Ubb,7314,UBB,mouse
22190,Ubc,7316,UBC,mouse
22201,Uba1,7317,UBA1,mouse
74153,Uba7,7318,UBA7,mouse
22209,Ube2a,7319,UBE2A,mouse
110382,C8b,732,C8B,mouse
22210,Ube2b,7320,UBE2B,mouse
216080,Ube2d1,7321,UBE2D1,mouse
56550,Ube2d2a,7322,UBE2D2,mouse
66105,Ube2d3,7323,UBE2D3,mouse
22194,Ube2e1,7324,UBE2E1,mouse
218793,Ube2e2,7325,UBE2E2,mouse
67128,Ube2g1,7326,UBE2G1,mouse
22213,Ube2g2,7327,UBE2G2,mouse
22214,Ube2h,7328,UBE2H,mouse
22196,Ube2i,7329,UBE2I,mouse
69379,C8g,733,C8G,mouse
22195,Ube2l3,7332,UBE2L3,mouse
93765,Ube2n,7334,UBE2N,mouse
66589,Ube2v1,7335,UBE2V1,mouse
70620,Ube2v2,7336,UBE2V2,mouse
22215,Ube3a,7337,UBE3A,mouse
209212,Osgin2,734,OSGIN2,mouse
22218,Sumo1,7341,SUMO1,mouse
22221,Ubp1,7342,UBP1,mouse
21429,Ubtf,7343,UBTF,mouse
22223,Uchl1,7345,UCHL1,mouse
50933,Uchl3,7347,UCHL3,mouse
93841,Uchl4,7347,UCHL3,mouse
22268,Upk1b,7348,UPK1B,mouse
22226,Ucn,7349,UCN,mouse
12279,C9,735,C9,mouse
22227,Ucp1,7350,UCP1,mouse
22228,Ucp2,7351,UCP2,mouse
22229,Ucp3,7352,UCP3,mouse
22230,Ufd1,7353,UFD1,mouse
22232,Slc35a2,7355,SLC35A2,mouse
22287,Scgb1a1,7356,SCGB1A1,mouse
22234,Ugcg,7357,UGCG,mouse
22235,Ugdh,7358,UGDH,mouse
216558,Ugp2,7360,UGP2,mouse
112417,Ugt2b37,7363,UGT2B4,mouse
100559,Ugt2b38,7363,UGT2B4,mouse
100727,Ugt2b34,7363,UGT2B4,mouse
243085,Ugt2b35,7363,UGT2B4,mouse
22238,Ugt2b5,7363,UGT2B4,mouse
231396,Ugt2b36,7363,UGT2B4,mouse
71773,Ugt2b1,7363,UGT2B4,mouse
112417,Ugt2b37,7364,UGT2B7,mouse
100559,Ugt2b38,7364,UGT2B7,mouse
231396,Ugt2b36,7364,UGT2B7,mouse
243085,Ugt2b35,7364,UGT2B7,mouse
22238,Ugt2b5,7364,UGT2B7,mouse
71773,Ugt2b1,7364,UGT2B7,mouse
112417,Ugt2b37,7365,UGT2B10,mouse
100559,Ugt2b38,7365,UGT2B10,mouse
231396,Ugt2b36,7365,UGT2B10,mouse
22238,Ugt2b5,7365,UGT2B10,mouse
243085,Ugt2b35,7365,UGT2B10,mouse
71773,Ugt2b1,7365,UGT2B10,mouse
112417,Ugt2b37,7366,UGT2B15,mouse
100559,Ugt2b38,7366,UGT2B15,mouse
231396,Ugt2b36,7366,UGT2B15,mouse
22238,Ugt2b5,7366,UGT2B15,mouse
243085,Ugt2b35,7366,UGT2B15,mouse
71773,Ugt2b1,7366,UGT2B15,mouse
112417,Ugt2b37,7367,UGT2B17,mouse
100559,Ugt2b38,7367,UGT2B17,mouse
231396,Ugt2b36,7367,UGT2B17,mouse
22238,Ugt2b5,7367,UGT2B17,mouse
243085,Ugt2b35,7367,UGT2B17,mouse
71773,Ugt2b1,7367,UGT2B17,mouse
22239,Ugt8a,7368,UGT8,mouse
22242,Umod,7369,UMOD,mouse
80914,Uck2,7371,UCK2,mouse
22247,Umps,7372,UMPS,mouse
12818,Col14a1,7373,COL14A1,mouse
22256,Ung,7374,UNG,mouse
22258,Usp4,7375,USP4,mouse
22260,Nr1h2,7376,NR1H2,mouse
22271,Upp1,7378,UPP1,mouse
22269,Upk2,7379,UPK2,mouse
68505,Vps51,738,VPS51,mouse
22270,Upk3a,7380,UPK3A,mouse
67530,Uqcrb,7381,UQCRB,mouse
22273,Uqcrc1,7384,UQCRC1,mouse
67003,Uqcrc2,7385,UQCRC2,mouse
66694,Uqcrfs1,7386,UQCRFS1,mouse
66576,Uqcrh,7388,UQCRH,mouse
22275,Urod,7389,UROD,mouse
22276,Uros,7390,UROS,mouse
22278,Usf1,7391,USF1,mouse
22282,Usf2,7392,USF2,mouse
230484,Usp1,7398,USP1,mouse
22283,Ush2a,7399,USH2A,mouse
18120,Mrpl49,740,MRPL49,mouse
229320,Clrn1,7401,CLRN1,mouse
22288,Utrn,7402,UTRN,mouse
22289,Kdm6a,7403,KDM6A,mouse
22290,Uty,7404,UTY,mouse
78610,Uvrag,7405,UVRAG,mouse
22321,Vars,7407,VARS1,mouse
22323,Vasp,7408,VASP,mouse
22324,Vav1,7409,VAV1,mouse
29805,Znhit2,741,ZNHIT2,mouse
22325,Vav2,7410,VAV2,mouse
22327,Vbp1,7411,VBP1,mouse
22329,Vcam1,7412,VCAM1,mouse
22330,Vcl,7414,VCL,mouse
269523,Vcp,7415,VCP,mouse
22333,Vdac1,7416,VDAC1,mouse
22334,Vdac2,7417,VDAC2,mouse
22335,Vdac3,7419,VDAC3,mouse
22337,Vdr,7421,VDR,mouse
22339,Vegfa,7422,VEGFA,mouse
22340,Vegfb,7423,VEGFB,mouse
22341,Vegfc,7424,VEGFC,mouse
381677,Vgf,7425,VGF,mouse
22346,Vhl,7428,VHL,mouse
22349,Vil1,7429,VIL1,mouse
22350,Ezr,7430,EZR,mouse
22352,Vim,7431,VIM,mouse
22353,Vip,7432,VIP,mouse
22354,Vipr1,7433,VIPR1,mouse
22355,Vipr2,7434,VIPR2,mouse
22359,Vldlr,7436,VLDLR,mouse
24115,Best1,7439,BEST1,mouse
77015,Mpped2,744,MPPED2,mouse
22363,Vpreb2,7441,VPREB1,mouse
22362,Vpreb1,7441,VPREB1,mouse
193034,Trpv1,7442,TRPV1,mouse
22367,Vrk1,7443,VRK1,mouse
69922,Vrk2,7444,VRK2,mouse
26950,Vsnl1,7447,VSNL1,mouse
22370,Vtn,7448,VTN,mouse
225908,Myrf,745,MYRF,mouse
22371,Vwf,7450,VWF,mouse
22375,Wars,7453,WARS1,mouse
22376,Was,7454,WAS,mouse
22635,Zan,7455,ZAN,mouse
215280,Wipf1,7456,WIPF1,mouse
22384,Eif4h,7458,EIF4H,mouse
69038,Tmem258,746,TMEM258,mouse
269713,Clip2,7461,CLIP2,mouse
56743,Lat2,7462,LAT2,mouse
107684,Coro2a,7464,CORO2A,mouse
22390,Wee1,7465,WEE1,mouse
22393,Wfs1,7466,WFS1,mouse
107823,Nsd2,7468,NSD2,mouse
24116,Nelfa,7469,NELFA,mouse
269060,Dagla,747,DAGLA,mouse
22408,Wnt1,7471,WNT1,mouse
22413,Wnt2,7472,WNT2,mouse
22415,Wnt3,7473,WNT3|LOC101929777,mouse
22418,Wnt5a,7474,WNT5A,mouse
22420,Wnt6,7475,WNT6,mouse
22421,Wnt7a,7476,WNT7A,mouse
22422,Wnt7b,7477,WNT7B,mouse
20890,Wnt8a,7478,WNT8A,mouse
22423,Wnt8b,7479,WNT8B,mouse
22410,Wnt10b,7480,WNT10B,mouse
22411,Wnt11,7481,WNT11,mouse
22414,Wnt2b,7482,WNT2B,mouse
216795,Wnt9a,7483,WNT9A,mouse
22412,Wnt9b,7484,WNT9B,mouse
71446,Get1,7485,GET1,mouse
22427,Wrn,7486,WRN,mouse
22431,Wt1,7490,WT1,mouse
22433,Xbp1,7494,XBP1,mouse
22436,Xdh,7498,XDH,mouse
213742,Xist,7503,XIST,mouse
22439,Xk,7504,XK,mouse
22590,Xpa,7507,XPA,mouse
22591,Xpc,7508,XPC,mouse
170750,Xpnpep1,7511,XPNPEP1,mouse
170745,Xpnpep2,7512,XPNPEP2,mouse
103573,Xpo1,7514,XPO1,mouse
22594,Xrcc1,7515,XRCC1,mouse
57434,Xrcc2,7516,XRCC2,mouse
74335,Xrcc3,7517,XRCC3,mouse
108138,Xrcc4,7518,XRCC4,mouse
57778,Fmnl1,752,FMNL1,mouse
22596,Xrcc5,7520,XRCC5,mouse
22612,Yes1,7525,YES1,mouse
22632,Yy1,7528,YY1,mouse
54401,Ywhab,7529,YWHAB,mouse
52662,Ldlrad4,753,LDLRAD4,mouse
22627,Ywhae,7531,YWHAE,mouse
22628,Ywhag,7532,YWHAG,mouse
22629,Ywhah,7533,YWHAH,mouse
22631,Ywhaz,7534,YWHAZ,mouse
22637,Zap70,7535,ZAP70,mouse
22668,Sf1,7536,SF1,mouse
22695,Zfp36,7538,ZFP36,mouse
22696,Zfp37,7539,ZFP37,mouse
108705,Pttg1ip,754,PTTG1IP,mouse
22666,Zbtb14,7541,ZBTB14,mouse
81909,Zfpl1,7542,ZFPL1,mouse
22764,Zfx,7543,ZFX,mouse
22639,Zfa-ps,7544,ZFY,mouse
22771,Zic1,7545,ZIC1,mouse
22772,Zic2,7546,ZIC2,mouse
22773,Zic3,7547,ZIC3,mouse
72180,Zfp661,7549,ZNF2,mouse
67884,Cfap410,755,CFAP410,mouse
56314,Zfp113,7551,ZNF3,mouse
245595,Zfp711,7552,ZNF711,mouse
223669,Zfp7,7553,ZNF7,mouse
243833,Zfp128,7554,ZNF8,mouse
12785,Cnbp,7555,CNBP,mouse
231866,Zfp12,7559,ZNF12,mouse
102640477,Gm14412,7562,ZNF708,mouse
102635315,Gm32687,7562,ZNF708,mouse
233987,Zfp958,7562,ZNF708,mouse
668620,Zfp936,7562,ZNF708,mouse
76803,Zfp998,7562,ZNF708,mouse
52712,Zkscan6,7566,ZNF18,mouse
330463,Zfp78,7568,ZNF20,mouse
319535,Zfp182,7569,ZNF182,mouse
77975,Tmem50b,757,TMEM50B,mouse
67255,Zfp422,7570,ZNF22,mouse
234725,Zfp612,7571,ZNF23,mouse
59057,Zfp24,7572,ZNF24,mouse
100041979,Gm3604,7576,ZNF28,mouse
269585,Zscan20,7579,ZSCAN20,mouse
223726,Mpped1,758,MPPED1,mouse
232337,Zfp637,7580,ZNF32,mouse
22646,Zfp105,7584,ZNF35,mouse
74570,Zkscan1,7586,ZKSCAN1,mouse
22697,Zscan21,7589,ZSCAN21,mouse
12346,Car1,759,CA1,mouse
109889,Mzf1,7593,MZF1,mouse
22756,Zfp94,7596,ZNF45,mouse
109929,Zbtb25,7597,ZBTB25,mouse
12349,Car2,760,CA2,mouse
12350,Car3,761,CA3,mouse
12351,Car4,762,CA4,mouse
330463,Zfp78,7620,ZNF69,mouse
224656,Zfp523,7629,ZNF76,mouse
12352,Car5a,763,CA5A,mouse
102635315,Gm32687,7638,ZNF221,mouse
218314,Zfp595,7639,ZNF85,mouse
408068,Zfp738,7639,ZNF85,mouse
431706,Zfp457,7639,ZNF85,mouse
629016,Zfp953,7639,ZNF85,mouse
102635315,Gm32687,7643,ZNF90,mouse
102640477,Gm14412,7643,ZNF90,mouse
233987,Zfp958,7643,ZNF90,mouse
76803,Zfp998,7643,ZNF90,mouse
668620,Zfp936,7643,ZNF90,mouse
212281,Zfp729a,7644,ZNF91,mouse
408068,Zfp738,7644,ZNF91,mouse
12353,Car6,765,CA6,mouse
212281,Zfp729a,7652,ZNF99,mouse
408068,Zfp738,7652,ZNF99,mouse
12354,Car7,766,CA7,mouse
12319,Car8,767,CA8,mouse
434377,Zfp560,7675,ZNF121,mouse
115488063,Gm24564,767563,SNORD113-3,mouse
237775,Zfp867,7678,ZNF124,mouse
330463,Zfp78,7678,ZNF124,mouse
230099,Car9,768,CA9,mouse
22652,Mkrn3,7681,MKRN3,mouse
100038570,Prcd,768206,PRCD,mouse
100532,Rell1,768211,RELL1,mouse
76943,Psapl1,768239,PSAPL1,mouse
72465,Zfp131,7690,ZNF131,mouse
22767,Zfy1,7693,ZNF134,mouse
22768,Zfy2,7693,ZNF134,mouse
100043915,Gm4724,7695,ZNF136,mouse
100303732,Zfp967,7695,ZNF136,mouse
100043381,Gm14308,7695,ZNF136,mouse
102633156,Gm14430|Gm4631,7695,ZNF136,mouse
100642166,Gm15446,7695,ZNF136,mouse
101835,AW146154,7695,ZNF136,mouse
100039060,Gm2026,7695,ZNF136,mouse
102642386,Gm6871,7695,ZNF136,mouse
237775,Zfp867,7695,ZNF136,mouse
626832,Gm6710,7695,ZNF136,mouse
626848,Zfp971,7695,ZNF136,mouse
627914,Gm14430|Gm4631,7695,ZNF136,mouse
330788,Zfp866,7695,ZNF136,mouse
329575,Gm14325,7695,ZNF136,mouse
665001,Gm14391,7695,ZNF136,mouse
667962,Zfp966,7695,ZNF136,mouse
668039,Gm14434,7695,ZNF136,mouse
12348,Car11,770,CA11,mouse
77264,Zfp142,7701,ZNF142,mouse
20841,Zfp143,7702,ZNF143,mouse
22658,Pcgf2,7703,PCGF2,mouse
235320,Zbtb16,7704,ZBTB16,mouse
26465,Zfp146,7705,ZNF146,mouse
217069,Trim25,7706,TRIM25,mouse
22661,Zfp148,7707,ZNF148,mouse
22642,Zbtb17,7709,ZBTB17,mouse
76459,Car12,771,CA12,mouse
22768,Zfy2,7710,ZNF154,mouse
22767,Zfy1,7710,ZNF154,mouse
102640477,Gm14412,7712,ZNF157,mouse
22344,Vezf1,7716,VEZF1,mouse
22670,Trim26,7726,TRIM26,mouse
385674,Zfp174,7727,ZNF174,mouse
12286,Cacna1a,773,CACNA1A,mouse
22671,Rnf112,7732,RNF112,mouse
210135,Zfp180,7733,ZNF180,mouse
66381,Rnf113a2,7737,RNF113A,mouse
69942,Rnf113a1,7737,RNF113A,mouse
193452,Zfp184,7738,ZNF184,mouse
22673,Zfp185,7739,ZNF185,mouse
12287,Cacna1b,774,CACNA1B,mouse
432731,Zscan26,7741,ZSCAN26,mouse
230162,Zfp189,7743,ZNF189,mouse
93681,Zkscan8,7745,ZKSCAN8,mouse
170763,Zfp87,7748,ZNF195,mouse
238693,Zfp58,7748,ZNF195,mouse
212569,Zfp273,7748,ZNF195,mouse
238722,Zfp72,7748,ZNF195,mouse
238692,Zfp874a,7748,ZNF195,mouse
218311,Zfp455,7748,ZNF195,mouse
22746,Zfp85,7748,ZNF195,mouse
380855,Rsl1,7748,ZNF195,mouse
408067,Zfp874b,7748,ZNF195,mouse
432770,Rslcan18,7748,ZNF195,mouse
408065,Zfp456,7748,ZNF195,mouse
407812,Zfp941,7748,ZNF195,mouse
72807,Zfp429,7748,ZNF195,mouse
72958,Zfp493,7748,ZNF195,mouse
12288,Cacna1c,775,CACNA1C|CACNA1C-IT2,mouse
76007,Zmym2,7750,ZMYM2,mouse
235907,Zfp65,7752,ZNF200,mouse
80902,Zfp202,7753,ZNF202,mouse
22654,Zfp13,7755,ZNF205,mouse
22680,Zfp207,7756,ZNF207,mouse
212281,Zfp729a,7757,ZNF208,mouse
408068,Zfp738,7757,ZNF208,mouse
12289,Cacna1d,776,CACNA1D,mouse
449521,Zfp213,7760,ZNF213,mouse
22682,Zfand5,7763,ZFAND5,mouse
228913,Zfp217,7764,ZNF217,mouse
22719,Zfp61,7769,ZNF226,mouse
12290,Cacna1e,777,CACNA1E,mouse
57745,Zfp112,7771,ZNF112,mouse
329002,Zfp236,7776,ZNF236,mouse
22782,Slc30a1,7779,SLC30A1,mouse
54652,Cacna1f,778,CACNA1F,mouse
230810,Slc30a2,7780,SLC30A2,mouse
22784,Slc30a3,7781,SLC30A3,mouse
22785,Slc30a4,7782,SLC30A4,mouse
22787,Zp2,7783,ZP2,mouse
22788,Zp3,7784,ZP3,mouse
26404,Map3k12,7786,MAP3K12,mouse
668166,Zxdb,7789,ZXDA,mouse
12292,Cacna1s,779,CACNA1S,mouse
22793,Zyx,7791,ZYX,mouse
269593,Luzp1,7798,LUZP1,mouse
110593,Prdm2,7799,PRDM2,mouse
12305,Ddr1,780,DDR1,mouse
75563,Dnali1,7802,DNALI1,mouse
19243,Ptp4a1,7803,PTP4A1,mouse
16975,Lrp8,7804,LRP8,mouse
16792,Laptm5,7805,LAPTM5,mouse
383103,Tvp23a,780776,TVP23A,mouse
19850,Snord3a,780854,SNORD3D,mouse
140475,Bsnd,7809,BSND,mouse
12293,Cacna2d1,781,CACNA2D1,mouse
229663,Csde1,7812,CSDE1,mouse
14020,Evi5,7813,EVI5,mouse
65111,Dap3,7818,DAP3,mouse
12295,Cacnb1,782,CACNB1,mouse
170484,Nphs2,7827,NPHS2,mouse
12296,Cacnb2,783,CACNB2,mouse
12227,Btg2,7832,BTG2,mouse
69675,Pxdn,7837,PXDN,mouse
12297,Cacnb3,784,CACNB3,mouse
236266,Alms1,7840,ALMS1,mouse
57377,Mogs,7841,MOGS,mouse
22644,Rnf103,7844,RNF103,mouse
22142,Tuba1a,7846,TUBA1A,mouse
18510,Pax8,7849,PAX8,mouse
12298,Cacnb4,785,CACNB4,mouse
16178,Il1r2,7850,IL1R2,mouse
228576,Mall,7851,MALL,mouse
12767,Cxcr4,7852,CXCR4,mouse
14367,Fzd5,7855,FZD5,mouse
20254,Scg2,7857,SCG2,mouse
12299,Cacng1,786,CACNG1,mouse
78783,Brpf1,7862,BRPF1,mouse
15983,Ifrd2,7866,IFRD2,mouse
102626,Mapkapk3,7867,MAPKAPK3,mouse
20347,Sema3b,7869,SEMA3B,mouse
83997,Slmap,7871,SLMAP,mouse
74840,Manf,7873,MANF,mouse
252870,Usp7,7874,USP7,mouse
19349,Rab7,7879,RAB7A,mouse
57279,Slc25a20,788,SLC25A20,mouse
16497,Kcnab1,7881,KCNAB1,mouse
20492,Slbp,7884,SLBP,mouse
66959,Dusp26,78986,DUSP26,mouse
171508,Creld1,78987,CRELD1,mouse
67840,Mrpl57,78988,MRPL57,mouse
71693,Colec11,78989,COLEC11,mouse
68149,Otub2,78990,OTUB2,mouse
240334,Pcyox1l,78991,PCYOX1L,mouse
74766,Yipf2,78992,YIPF2,mouse
233895,Prr14,78994,PRR14,mouse
217216,Hrob,78995,HROB,mouse
78412,Cyren,78996,CYREN,mouse
228858,Gdap1l1,78997,GDAP1L1,mouse
225875,Lrfn4,78999,LRFN4,mouse
69719,Cad,790,CAD,mouse
69885,Aunip,79000,AUNIP,mouse
27973,Vkorc1,79001,VKORC1,mouse
68544,Trir,79002,TRIR,mouse
67139,Mis12,79003,MIS12,mouse
67116,Cuedc2,79004,CUEDC2,mouse
69269,Scnm1,79005,SCNM1|TNFAIP8L2-SCNM1,mouse
70083,Metrn,79006,METRN,mouse
72185,Dbndd1,79007,DBNDD1,mouse
75764,Slx1b,79008,SLX1B,mouse
94213,Ddx50,79009,DDX50,mouse
235604,Camkv,79012,CAMKV,mouse
66498,Dda1,79016,DDA1,mouse
110175,Ggct,79017,GGCT,mouse
66771,Gid4,79018,GID4,mouse
66570,Cenpm,79019,CENPM,mouse
105351,AW209491,79020,C7orf25,mouse
380967,Tmem106c,79022,TMEM106C,mouse
69736,Nup37,79023,NUP37,mouse
332713,Fndc11,79025,FNDC11,mouse
66395,Ahnak,79026,AHNAK,mouse
72611,Zfp655,79027,ZNF655,mouse
214616,Afg2b,79029,SPATA5L1,mouse
20452,St8sia4,7903,ST8SIA4,mouse
68833,Pdcl3,79031,PDCL3,mouse
140546,Eri3,79033,ERI3,mouse
231868,Ents15,79034,INTS15,mouse
69917,Nabp2,79035,NABP2,mouse
75620,Kxd1,79036,KXD1,mouse
102640920,Pvrig,79037,PVRIG,mouse
68520,Zfyve21,79038,ZFYVE21,mouse
71990,Ddx54,79039,DDX54,mouse
74166,Tmem38a,79041,TMEM38A,mouse
66078,Tsen34,79042,TSEN34,mouse
233107,Kctd15,79047,KCTD15,mouse
75420,Secisbp2,79048,SECISBP2,mouse
13476,Reep5,7905,REEP5,mouse
100608,Noc4l,79050,NOC4L,mouse
381903,Alg8,79053,ALG8,mouse
171382,Trpm8,79054,TRPM8,mouse
228413,Prrg4,79056,PRRG4,mouse
208748,Prrg3,79057,PRRG3,mouse
68938,Aspscr1,79058,ASPSCR1,mouse
66836,Tmem223,79064,TMEM223,mouse
245860,Atg9a,79065,ATG9A,mouse
67493,Mettl16,79066,METTL16,mouse
26383,Fto,79068,FTO,mouse
72050,Poglut2,79070,POGLUT2,mouse
170439,Elovl6,79071,ELOVL6,mouse
69577,Fastkd3,79072,FASTKD3,mouse
68539,Tmem109,79073,TMEM109,mouse
98404,AI597479,79074,C2orf49,mouse
72107,Dscc1,79075,DSCC1,mouse
66422,Dctpp1,79077,DCTPP1,mouse
230696,AU022252,79078,C1orf50,mouse
108673,Ccdc86,79080,CCDC86,mouse
102308570,Lbhd1,79081,LBHD1,mouse
171531,Mlph,79083,MLPH,mouse
70465,Wdr77,79084,WDR77,mouse
66972,Slc25a23,79085,SLC25A23,mouse
66818,Smim7,79086,SMIM7,mouse
223774,Alg12,79087,ALG12,mouse
235028,Zfp426,79088,ZNF426,mouse
72053,Tmub2,79089,TMUB2,mouse
67091,Trappc6a,79090,TRAPPC6A,mouse
239706,Mettl22,79091,METTL22,mouse
170720,Card14,79092,CARD14,mouse
69065,Chac1,79094,CHAC1,mouse
73737,Bbln,79095,BBLN,mouse
107197,Uqcc3,790955,UQCC3,mouse
228356,Cstpp1,79096,CSTPP1,mouse
244183,Trim30b|Gm38525,79097,TRIM48,mouse
212439,AA986860,79098,C1orf116,mouse
75316,Taf1d,79101,TAF1D,mouse
213211,Rnf26,79102,RNF26,mouse
668155,Gm9008,79102,RNF26,mouse
227743,Mapkap1,79109,MAPKAP1,mouse
110052,Dek,7913,DEK,mouse
80861,Dhx58,79132,DHX58,mouse
69487,Ndufaf5,79133,NDUFAF5,mouse
226351,Tmem185b,79134,TMEM185B,mouse
68316,Apoo,79135,APOO,mouse
227298,Retreg2,79137,RETREG2,mouse
67819,Derl1,79139,DERL1,mouse
66264,Ccdc28b,79140,CCDC28B,mouse
78246,Phf23,79142,PHF23,mouse
77582,Mboat7,79143,MBOAT7,mouse
66496,Ppdpf,79144,PPDPF,mouse
66433,Chchd7,79145,CHCHD7,mouse
243853,Fkrp,79147,FKRP,mouse
118453,Mmp28,79148,MMP28,mouse
170734,Zscan5b,79149,ZSCAN5A,mouse
214579,Aldh5a1,7915,ALDH5A1,mouse
338521,Fa2h,79152,FA2H,mouse
68616,Gdpd3,79153,GDPD3,mouse
192970,Dhrs11,79154,DHRS11,mouse
231130,Tnip2,79155,TNIP2,mouse
72287,Plekhf1,79156,PLEKHF1,mouse
69900,Mfsd11,79157,MFSD11,mouse
432486,Gnptab,79158,GNPTAB,mouse
97961,Nol12,79159,NOL12,mouse
53761,Prrc2a,7916,PRRC2A,mouse
652925,Tmem243,79161,TMEM243,mouse
69757,Leng1,79165,LENG1,mouse
100038909,Pira11|Pira6|Pira7|Pira12,79168,LILRA6,mouse
100041146,Pira6|Pira13,79168,LILRA6,mouse
18722,Pira1,79168,LILRA6,mouse
18725,Pira2,79168,LILRA6,mouse
18726,Lilra6,79168,LILRA6,mouse
18733,Pirb,79168,LILRA6,mouse
67862,2310033P09Rik,79169,C1orf35,mouse
224727,Bag6,7917,BAG6,mouse
217138,Prr15l,79170,PRR15L,mouse
68035,Rbm42,79171,RBM42,mouse
52504,Cenpo,79172,CENPO,mouse
74666,Brme1,79173,BRME1,mouse
76737,Creld2,79174,CRELD2,mouse
68431,Fbxl15,79176,FBXL15,mouse
105663,Thtpa,79178,THTPA,mouse
81845,Gpank1,7918,GPANK1,mouse
27984,Efhd2,79180,EFHD2,mouse
76080,Ttpal,79183,TTPAL,mouse
210766,Brcc3,79184,BRCC3,mouse
368203,Brcc3dc,79184,BRCC3,mouse
240121,Fsd1,79187,FSD1,mouse
74122,Tmem43,79188,TMEM43,mouse
53817,Ddx39b,7919,DDX39B,mouse
64379,Irx6,79190,IRX6,mouse
16373,Irx3,79191,IRX3,mouse
16371,Irx1,79192,IRX1,mouse
193742,Abhd16a,7920,ABHD16A,mouse
14977,Slc39a7,7922,SLC39A7,mouse
386612,Thoc6,79228,THOC6,mouse
14979,Hsd17b8,7923,HSD17B8,mouse
72230,Zfp558,79230,ZNF557,mouse
27390,Mmel1,79258,MMEL1,mouse
242418,Dcaf10,79269,DCAF10,mouse
258914,Olfr211,79290,OR13A1,mouse
258035,Olfr191,79295,OR5H6,mouse
258318,Olfr186,79295,OR5H6,mouse
258478,Olfr183,79295,OR5H6,mouse
258319,Olfr187,79295,OR5H6,mouse
258775,Olfr196,79295,OR5H6,mouse
258392,Olfr190,79295,OR5H6,mouse
12307,Calb1,793,CALB1,mouse
258478,Olfr183,79310,OR5H2,mouse
258775,Olfr196,79310,OR5H2,mouse
258318,Olfr186,79310,OR5H2,mouse
258035,Olfr191,79310,OR5H2,mouse
258392,Olfr190,79310,OR5H2,mouse
258319,Olfr187,79310,OR5H2,mouse
258275,Olfr729,79317,OR4K5,mouse
258470,Olfr91,7932,OR2H2,mouse
258469,Olfr90,7932,OR2H2,mouse
258448,Olfr92,7932,OR2H2,mouse
258051,Olfr93,7932,OR2H2,mouse
259119,Olfr578,79324,OR51G1,mouse
18367,Olfr66,79339,OR51B4,mouse
18366,Olfr64,79345,OR51B2,mouse
258983,Olfr1260,79346,OR4C5,mouse
27632,Nelfe,7936,NELFE,mouse
76166,Cplane2,79363,CPLANE2,mouse
80292,Zxdc,79364,ZXDC,mouse
79362,Bhlhe41,79365,BHLHE41,mouse
50887,Hmgn5,79366,HMGN5,mouse
229499,Fcrl1,79368,FCRL2,mouse
80891,Fcrls,79368,FCRL2,mouse
231727,B3gnt4,79369,B3GNT4,mouse
66813,Bcl2l14,79370,BCL2L14,mouse
12308,Calb2,794,CALB2,mouse
16988,Lst1,7940,LST1,mouse
27226,Pla2g7,7941,PLA2G7,mouse
74577,Glb1l,79411,GLB1L,mouse
73016,Kremen2,79412,KREMEN2,mouse
233067,Lrfn3,79414,LRFN3,mouse
217370,Cybc1,79415,CYBC1,mouse
21425,Tfeb,7942,TFEB,mouse
231123,Haus3,79441,HAUS3,mouse
74249,Lrrc2,79442,LRRC2,mouse
17281,Fyco1,79443,FYCO1,mouse
329581,Birc7,79444,BIRC7,mouse
212198,Wdr25,79446,WDR25,mouse
67278,Pagr1a,79447,PAGR1,mouse
215728,9230019H11Rik,79465,ULBP3,mouse
77777,Ulbp1,79465,ULBP3,mouse
667918,Or52n1,79473,OR52N1,mouse
258283,Olfr981,79490,OR10G6,mouse
12309,S100g,795,S100G,mouse
258039,Olfr728,79544,OR4K1,mouse
75687,Ripor1,79567,RIPOR1,mouse
68115,Maip1,79568,MAIP1,mouse
13853,Epm2a,7957,EPM2A,mouse
67149,Nkain1,79570,NKAIN1,mouse
74375,Gcc1,79571,GCC1,mouse
224088,Atp13a3,79572,ATP13A3,mouse
234875,Ttc13,79573,TTC13,mouse
99662,Eps8l3,79574,EPS8L3,mouse
64296,Abhd8,79575,ABHD8,mouse
67050,Nkap,79576,NKAP,mouse
214498,Cdc73,79577,CDC73,mouse
52710,Slc52a2,79581,SLC52A2,mouse
66722,Spag16,79582,SPAG16,mouse
234740,Tmem231,79583,TMEM231,mouse
78885,Coro7,79585,CORO7,mouse
74241,Chpf,79586,CHPF,mouse
71941,Cars2,79587,CARS2,mouse
66889,Rnf128,79589,RNF128,mouse
67707,Mrpl24,79590,MRPL24,mouse
71617,Armh3,79591,ARMH3,mouse
68350,Mul1,79594,MUL1,mouse
269003,Sap130,79595,SAP130,mouse
72486,Obi1,79596,OBI1,mouse
74201,Cep97,79598,CEP97,mouse
12310,Calca,796,CALCA,mouse
654470,Tctn1,79600,TCTN1,mouse
68465,Adipor2,79602,ADIPOR2,mouse
67260,Cers4,79603,CERS4,mouse
209966,Pgbd5,79605,PGBD5,mouse
109229,Fam118b,79607,FAM118B,mouse
320360,Ric3,79608,RIC3,mouse
207965,Vcpkmt,79609,VCPKMT,mouse
380660,Acss3,79611,ACSS3,mouse
66897,Naa16,79612,NAA16,mouse
272538,Tango6,79613,TANGO6,mouse
380694,Ccnjl,79616,CCNJL,mouse
219150,Hmbox1,79618,HMBOX1,mouse
67153,Rnaseh2b,79621,RNASEH2B,mouse
78372,Snrnp25,79622,SNRNP25,mouse
71685,Galnt14,79623,GALNT14,mouse
73419,Armt1,79624,ARMT1,mouse
68169,Ndnf,79625,NDNF,mouse
69769,Tnfaip8l2,79626,TNFAIP8L2,mouse
70155,Ogfrl1,79627,OGFRL1,mouse
225608,Sh3tc2,79628,SH3TC2,mouse
77090,Ocel1,79629,OCEL1,mouse
229600,BC028528,79630,C1orf54,mouse
101592,Efl1,79631,EFL1,mouse
75906,Fam184a,79632,FAM184A,mouse
329628,Fat4,79633,FAT4,mouse
74616,Scrn3,79634,SCRN3,mouse
625464,Ccdc121rt2,79635,CCDC121,mouse
625424,Ccdc121rt3,79635,CCDC121,mouse
403180,Ccdc121rt1,79635,CCDC121,mouse
67656,4930548H24Rik,79635,CCDC121,mouse
276905,Armc7,79637,ARMC7,mouse
68777,Tmem53,79639,TMEM53,mouse
328573,4930407I10Rik,79640,C22orf46,mouse
66049,Rogdi,79641,ROGDI,mouse
271970,Arsj,79642,ARSJ,mouse
208092,Chmp6,79643,CHMP6,mouse
57357,Srd5a3,79644,SRD5A3,mouse
66793,Efcab1,79645,CLXN,mouse
211347,Pank3,79646,PANK3,mouse
68050,Akirin1,79647,AKIRIN1,mouse
244329,Mcph1,79648,MCPH1,mouse
320923,Map7d3,79649,MAP7D3,mouse
231872,Aimp2,7965,AIMP2,mouse
101985,Usb1,79650,USB1,mouse
217344,Rhbdf2,79651,RHBDF2,mouse
407831,Tmem204,79652,TMEM204,mouse
76608,Hectd3,79654,HECTD3,mouse
67621,Bend5,79656,BEND5,mouse
71919,Rpap3,79657,RPAP3,mouse
78514,Arhgap10,79658,ARHGAP10,mouse
110350,Dync2h1,79659,DYNC2H1,mouse
244416,Ppp1r3b,79660,PPP1R3B,mouse
72774,Neil1,79661,NEIL1,mouse
66667,Hspbap1,79663,HSPBAP1,mouse
93697,Ice2,79664,ICE2,mouse
67487,Dhx40,79665,DHX40,mouse
71801,Plekhf2,79666,PLEKHF2,mouse
52552,Parp8,79668,PARP8,mouse
212998,BC016579,79669,C3orf52,mouse
214290,Tut7,79670,TUT7,mouse
270151,Nlrx1,79671,NLRX1,mouse
238024,Fn3krp,79672,FN3KRP,mouse
67230,Zfp329,79673,ZNF329,mouse
72789,Veph1,79674,VEPH1,mouse
320720,Fastkd1,79675,FASTKD1,mouse
66627,Ogfod2,79676,OGFOD2,mouse
67241,Smc6,79677,SMC6,mouse
242122,Vtcn1,79679,VTCN1,mouse
71876,Cenpu,79682,CENPU,mouse
224454,Zdhhc14,79683,ZDHHC14,mouse
235184,Msantd2,79684,MSANTD2,mouse
50724,Sap30l,79685,SAP30L,mouse
117167,Steap4,79689,STEAP4,mouse
330217,Gal3st4,79690,GAL3ST4,mouse
106248,Qtrt2,79691,QTRT2,mouse
218100,Zfp322a,79692,ZNF322,mouse
230734,Yrdc,79693,YRDC,mouse
242362,Manea,79694,MANEA,mouse
230145,Galnt12,79695,GALNT12,mouse
72350,Zc2hc1c,79696,ZC2HC1C,mouse
71952,Riox1,79697,RIOX1,mouse
320158,Zmat4,79698,ZMAT4,mouse
414872,Zyg11b,79699,ZYG11B,mouse
116903,Calcb,797,CALCB,mouse
66179,Ogfod3,79701,OGFOD3,mouse
381196,Gm960,79703,C11orf80,mouse
233328,Lrrk1,79705,LRRK1,mouse
66801,Prkrip1,79706,PRKRIP1,mouse
74035,Nol9,79707,NOL9,mouse
234407,Colgalt1,79709,COLGALT1,mouse
75746,Morc4,79710,MORC4,mouse
75751,Ipo4,79711,IPO4,mouse
227835,Gtdc1,79712,GTDC1,mouse
101883,Igflr1,79713,IGFLR1,mouse
66658,Ccdc51,79714,CCDC51,mouse
228961,Npepl1,79716,NPEPL1,mouse
106564,Ppcs,79717,PPCS,mouse
81004,Tbl1xr1,79718,TBL1XR1,mouse
66939,Aagab,79719,AAGAB,mouse
330192,Vps37b,79720,VPS37B,mouse
77318,Ankrd55,79722,ANKRD55,mouse
64707,Suv39h2,79723,SUV39H2,mouse
233890,Zfp768,79724,ZNF768,mouse
319481,Wdr59,79726,WDR59,mouse
83557,Lin28a,79727,LIN28A,mouse
233826,Palb2,79728,PALB2,mouse
66938,Sh3d21,79729,SH3D21,mouse
70918,Nsun7,79730,NSUN7,mouse
244141,Nars2,79731,NARS2,mouse
108961,E2f8,79733,E2F8,mouse
72844,Kctd17,79734,KCTD17,mouse
233204,Tbc1d17,79735,TBC1D17,mouse
68550,Tefm,79736,TEFM,mouse
71769,Bbs10,79738,BBS10,mouse
70892,Ttll7,79739,TTLL7,mouse
213234,Zbbx,79740,ZBBX,mouse
74703,Ccdc7a,79741,CCDC7,mouse
75453,Ccdc7b,79741,CCDC7,mouse
75905,Dipk2b,79742,DIPK2B,mouse
22767,Zfy1,79744,ZNF419,mouse
232855,Zfp772,79744,ZNF419,mouse
232853,Zfp954,79744,ZNF419,mouse
22768,Zfy2,79744,ZNF419,mouse
76373,Zfp773,79744,ZNF419,mouse
78785,Clip4,79745,CLIP4,mouse
67856,Echdc3,79746,ECHDC3,mouse
215772,Adgb,79747,ADGB,mouse
17135,Mafk,7975,MAFK,mouse
68267,Slc25a22,79751,SLC25A22,mouse
66361,Zfand1,79752,ZFAND1,mouse
76793,Snip1,79753,SNIP1,mouse
142688,Asb13,79754,ASB13,mouse
319530,Zfp750,79755,ZNF750,mouse
244219,Zfp668,79759,ZNF668,mouse
14365,Fzd3,7976,FZD3,mouse
69731,Gemin7,79760,GEMIN7,mouse
226777,C130074G19Rik,79762,C1orf115,mouse
67441,Isoc2b,79763,ISOC2,mouse
664994,Isoc2a,79763,ISOC2,mouse
234683,Elmo3,79767,ELMO3,mouse
72425,Katnbl1,79768,KATNBL1,mouse
69672,Txndc15,79770,TXNDC15,mouse
78771,Mctp1,79772,MCTP1,mouse
66790,Grtp1,79774,GRTP1,mouse
80892,Zfhx4,79776,ZFHX4,mouse
67131,Acbd4,79777,ACBD4,mouse
231830,Micall2,79778,MICALL2,mouse
107885,Mthfs,7978,MTERF1,mouse
208595,Mterf1b,7978,MTERF1,mouse
545725,Mterf1a,7978,MTERF1,mouse
66396,Ccdc82,79780,CCDC82,mouse
74918,Iqca,79781,IQCA1,mouse
320352,Lrrc31,79782,LRRC31,mouse
192136,Sugct,79783,SUGCT,mouse
71960,Myh14,79784,MYH14,mouse
632971,Rergl,79785,RERGL,mouse
234796,Klhl36,79786,KLHL36,mouse
224585,Zfp160,79788,ZNF665,mouse
94040,Clmn,79789,CLMN,mouse
20422,Sem1,7979,SEM1,mouse
76454,Fbxo31,79791,FBXO31,mouse
69146,Gsdmd,79792,GSDMD,mouse
76792,Spring1,79794,SPRING1,mouse
102580,Alg9,79796,ALG9,mouse
381410,Zfp408,79797,ZNF408,mouse
233912,Armc5,79798,ARMC5,mouse
72094,Ugt2a3,79799,UGT2A3,mouse
21789,Tfpi2,7980,TFPI2,mouse
241066,Carf,79800,CARF,mouse
20419,Shcbp1,79801,SHCBP1,mouse
78772,Hhipl2,79802,HHIPL2,mouse
20170,Hps6,79803,HPS6,mouse
226841,Vash2,79805,VASH2,mouse
67553,Gstcd,79807,GSTCD,mouse
73668,Ttc21b,79809,TTC21B,mouse
68927,Ptcd2,79810,PTCD2,mouse
66660,Sltm,79811,SLTM,mouse
105450,Mmrn2,79812,MMRN2,mouse
77683,Ehmt1,79813,EHMT1,mouse
75986,Agmat,79814,AGMAT,mouse
223473,Nipal2,79815,NIPAL2,mouse
114606,Tle6,79816,TLE6,mouse
214944,Mob3b,79817,MOB3B,mouse
22767,Zfy1,79818,ZNF552,mouse
22768,Zfy2,79818,ZNF552,mouse
242584,Dnai4,79819,DNAI4,mouse
64213,St7,7982,ST7|ST7-OT3,mouse
271036,Catsperb,79820,CATSPERB,mouse
268970,Arhgap28,79822,ARHGAP28,mouse
73582,Camkmt,79823,CAMKMT,mouse
58229,Efcc1,79825,EFCC1,mouse
71566,Clmp,79827,CLMP,mouse
228019,Mettl8,79828,METTL8,mouse
70999,Naa40,79829,NAA40,mouse
68310,Zmym1,79830,ZMYM1,mouse
77035,Kdm8,79831,KDM8,mouse
99003,Qser1,79832,QSER1,mouse
67242,Gemin6,79833,GEMIN6,mouse
244895,Peak1,79834,PEAK1,mouse
74365,Lonrf3,79836,LONRF3,mouse
117150,Pip4k2c,79837,PIP4K2C,mouse
74424,Tmc5,79838,TMC5,mouse
54324,Arhgef5,7984,ARHGEF5,mouse
75570,Nhej1,79840,NHEJ1,mouse
271813,Agbl2,79841,AGBL2,mouse
75291,Zbtb3,79842,ZBTB3,mouse
241128,Fam124b,79843,FAM124B,mouse
71164,Zdhhc11,79844,ZDHHC11,mouse
68867,Rnf122,79845,RNF122,mouse
207686,Cfap69,79846,CFAP69,mouse
75146,Mfsd13a,79847,MFSD13A,mouse
211660,Cspp1,79848,CSPP1,mouse
170761,Pdzd3,79849,PDZD3,mouse
116972,Tlcd3a,79850,TLCD3A,mouse
71932,Ephx3,79852,EPHX3,mouse
66261,Tm4sf20,79853,TM4SF20,mouse
382083,Snx22,79856,SNX22,mouse
208583,Nek11,79858,NEK11,mouse
238463,Tubal3,79861,TUBAL3,mouse
330463,Zfp78,79862,ZNF669,mouse
68731,Rbfa,79863,RBFA,mouse
70989,Jhy,79864,JHY,mouse
328833,Treml2,79865,TREML2,mouse
77744,Bora,79866,BORA,mouse
67978,Tctn2,79867,TCTN2,mouse
67574,Alg13,79868,ALG13,mouse
269061,Cpsf7,79869,CPSF7,mouse
118452,Baalc,79870,BAALC,mouse
231571,Rpap2,79871,RPAP2,mouse
104836,Cbll1,79872,CBLL1,mouse
213484,Nudt18,79873,NUDT18,mouse
70314,Rabep2,79874,RABEP2,mouse
207596,Thsd4,79875,THSD4,mouse
66663,Uba5,79876,UBA5,mouse
68087,Dcakd,79877,DCAKD,mouse
76457,Ccdc134,79879,CCDC134,mouse
232784,Zfp212,7988,ZNF212,mouse
75553,Zc3h14,79882,ZC3H14,mouse
244550,Podnl1,79883,PODNL1,mouse
213582,Map9,79884,MAP9,mouse
232232,Hdac11,79885,HDAC11,mouse
67770,Caap1,79886,CAAP1,mouse
66857,Plbd1,79887,PLBD1,mouse
210992,Lpcat1,79888,LPCAT1,mouse
217835,Rin3,79890,RIN3,mouse
210711,Mcmbp,79892,MCMBP,mouse
217039,Ggnbp2,79893,GGNBP2,mouse
319475,Zfp672,79894,ZNF672,mouse
241633,Atp8b4,79895,ATP8B4,mouse
208967,Thnsl1,79896,THNSL1,mouse
67676,Rpp21,79897,RPP21|TRIM39-RPP21,mouse
72446,Prr5l,79899,PRR5L,mouse
12311,Calcr,799,CALCR,mouse
73649,Cybrd1,79901,CYBRD1,mouse
445007,Nup85,79902,NUP85,mouse
74763,Naa60,79903,NAA60,mouse
209760,Tmc7,79905,TMC7,mouse
76866,Morn1,79906,MORN1,mouse
80286,Tusc3,7991,TUSC3,mouse
232491,Pyroxd1,79912,PYROXD1,mouse
109275,Actr5,79913,ACTR5,mouse
237877,Atad5,79915,ATAD5,mouse
54634,Magix,79917,MAGIX,mouse
66083,Setd6,79918,SETD6,mouse
71874,Mab21l4,79919,MAB21L4,mouse
217038,Mrm1,79922,MRM1,mouse
71950,Nanog,79923,NANOG,mouse
223780,Adm2,79924,ADM2,mouse
320277,Spef2,79925,SPEF2,mouse
72690,Fam110d,79927,FAM110D,mouse
208158,Map6d1,79929,MAP6D1,mouse
108159,Ubxn8,7993,UBXN8,mouse
27261,Dok3,79930,DOK3,mouse
414084,Tnip3,79931,TNIP3,mouse
100317,AU040320,79932,KIAA0319L,mouse
68760,Synpo2l,79933,SYNPO2L,mouse
76889,Coq8b,79934,COQ8B,mouse
238680,Cntnap3,79937,CNTNAP3,mouse
270066,Slc35e1,79939,SLC35E1,mouse
244349,Kat6a,7994,KAT6A,mouse
100043133,9130023H24Rik,79943,ZNF696,mouse
217666,L2hgdh,79944,L2HGDH,mouse
67422,Dhdds,79947,DHDDS,mouse
216152,Plppr3,79948,PLPPR3,mouse
226245,Plekhs1,79949,PLEKHS1,mouse
433485,Syndig1,79953,SYNDIG1,mouse
217431,Nol10,79954,NOL10,mouse
100503041,Pdzd7,79955,PDZD7,mouse
226090,Ermp1,79956,ERMP1,mouse
68957,Paqr6,79957,PAQR6,mouse
70785,Dennd1c,79958,DENND1C,mouse
225659,Cep76,79959,CEP76,mouse
269424,Jade1,79960,JADE1,mouse
72121,Dennd2d,79961,DENND2D,mouse
72778,Dnajc22,79962,DNAJC22,mouse
241627,Wdr76,79968,WDR76,mouse
73242,Atat1,79969,ATAT1,mouse
68151,Wls,79971,WLS,mouse
214642,Cped1,79974,CPED1,mouse
252973,Grhl2,79977,GRHL2,mouse
215201,Trmt2b,79979,TRMT2B,mouse
66934,Dsn1,79980,DSN1,mouse
70604,Dnajb14,79982,DNAJB14,mouse
69693,Pof1b,79983,POF1B,mouse
64817,Svep1,79987,SVEP1,mouse
264134,Ttc26,79989,TTC26,mouse
217198,Plekhh3,79990,PLEKHH3,mouse
108689,Stn1,79991,STN1,mouse
74559,Elovl7,79993,ELOVL7,mouse
75305,Ankrd53,79998,ANKRD53,mouse
109624,Cald1,800,CALD1,mouse
72373,Psca,8000,PSCA,mouse
381157,Greb1l,80000,GREB1L,mouse
270109,Pcnx2,80003,PCNX2,mouse
77411,Esrp2,80004,ESRP2,mouse
68813,Dock5,80005,DOCK5,mouse
66975,Trappc13,80006,TRAPPC13,mouse
68277,2310057M21Rik,80007,C10orf88,mouse
243025,Tmem156,80008,TMEM156,mouse
110304,Glra3,8001,GLRA3,mouse
74386,Rmi1,80010,RMI1,mouse
102122,Psme3ip1,80011,PSME3IP1,mouse
241915,Phc3,80012,PHC3,mouse
66960,Mindy3,80013,MINDY3,mouse
52357,Wwc2,80014,WWC2,mouse
217830,Dglucy,80017,DGLUCY,mouse
231713,Naa25,80018,NAA25,mouse
226122,Ubtd1,80019,UBTD1,mouse
239554,Foxred2,80020,FOXRED2,mouse
96957,Tmem62,80021,TMEM62,mouse
217328,Myo15b,80022,MYO15B,mouse
228777,Nrsn2,80023,NRSN2,mouse
170756,Slc8b1,80024,SLC8B1,mouse
74450,Pank2,80025,PANK2,mouse
231863,Fbxl18,80028,FBXL18,mouse
214968,Sema6d,80031,SEMA6D,mouse
330463,Zfp78,80032,ZNF556,mouse
77771,Csrnp3,80034,CSRNP3,mouse
226025,Trpm3,80036,TRPM3,mouse
269604,Gpr157,80045,GPR157,mouse
241062,Pgap1,80055,PGAP1,mouse
243499,Lrrtm4,80059,LRRTM4,mouse
75329,Atf7ip2,80063,ATF7IP2,mouse
75763,Dcaf17,80067,DCAF17,mouse
223838,Adamts20,80070,ADAMTS20,mouse
245902,Ccdc15,80071,CCDC15,mouse
67370,Zfp606,80095,ZNF606,mouse
72083,Mzt2,80097,MZT2B,mouse
12313,Calm1,801,CALM1,mouse
22678,Zfp2,80108,ZFP2,mouse
83675,Bicc1,80114,BICC1,mouse
207495,Baiap2l2,80115,BAIAP2L2,mouse
71619,Arl14,80117,ARL14,mouse
208084,Pif1,80119,PIF1,mouse
22625,Map3k19,80122,MAP3K19,mouse
70675,Vcpip1,80124,VCPIP1,mouse
382077,Ccdc33,80125,CCDC33,mouse
72873,Bbof1,80127,BBOF1,mouse
360213,Trim46,80128,TRIM46,mouse
100504234,Ccdc170,80129,CCDC170,mouse
18124,Nr4a3,8013,NR4A3,mouse
72267,Lrrc8e,80131,LRRC8E,mouse
78258,Mroh9,80133,MROH9,mouse
70285,Rpf1,80135,RPF1,mouse
353310,Zfp703,80139,ZNF703,mouse
96979,Ptges2,80142,PTGES2,mouse
66641,Sike1,80143,SIKE1,mouse
231470,Fras1,80144,FRAS1,mouse
66231,Thoc7,80145,THOC7,mouse
67883,Uxs1,80146,UXS1,mouse
66943,Slc66a2,80148,SLC66A2,mouse
230738,Zc3h12a,80149,ZC3H12A,mouse
66514,Asrgl1,80150,ASRGL1,mouse
320394,Cenpt,80152,CENPT,mouse
353190,Edc3,80153,EDC3,mouse
74838,Naa15,80155,NAA15,mouse
231293,Cwh43,80157,CWH43,mouse
212974,Pgghg,80162,PGGHG,mouse
73072,Prr36,80164,PRR36,mouse
269423,Abhd18,80167,ABHD18,mouse
233549,Mogat2,80168,MOGAT2,mouse
68964,Ctc1,80169,CTC1,mouse
67694,Ift74,80173,IFT74,mouse
74646,Spsb1,80176,SPSB1,mouse
68632,Myct1,80177,MYCT1,mouse
72016,Tedc2,80178,TEDC2,mouse
66196,Myo19,80179,MYO19,mouse
271221,Rubcnl,80183,RUBCNL,mouse
216274,Cep290,80184,CEP290,mouse
234138,Tti2,80185,TTI2,mouse
67382,Brd3,8019,BRD3,mouse
66990,Tmem134,80194,TMEM134,mouse
66039,Tmem254,80195,TMEM254,mouse
80751,Rnf34,80196,RNF34,mouse
71711,Mus81,80198,MUS81,mouse
70300,Fuz,80199,FUZ,mouse
216019,Hkdc1,80201,HKDC1,mouse
225055,Fbxo11,80204,FBXO11,mouse
109151,Chd9,80205,CHD9,mouse
225288,Fhod3,80206,FHOD3,mouse
403187,Opa3,80207,OPA3,mouse
214585,Spg11,80208,SPG11,mouse
212127,Proser1,80209,PROSER1,mouse
227720,Nup214,8021,NUP214,mouse
78795,Armc9,80210,ARMC9,mouse
215707,Ccdc92,80212,CCDC92,mouse
68634,Tm2d3,80213,TM2D3,mouse
71481,Alpk1,80216,ALPK1,mouse
100048534,Cfap43,80217,CFAP43,mouse
72117,Naa50,80218,NAA50,mouse
67876,Coq10b,80219,COQ10B,mouse
16871,Lhx3,8022,LHX3,mouse
264895,Acsf2,80221,ACSF2,mouse
71807,Tars2,80222,TARS2,mouse
75767,Rab11fip1,80223,RAB11FIP1,mouse
76826,Nubpl,80224,NUBPL,mouse
269717,Orai2,80228,ORAI2,mouse
216724,Rufy1,80230,RUFY1,mouse
71398,Tasl,80231,TASL,mouse
226757,Wdr26,80232,WDR26,mouse
71885,Faap100,80233,FAAP100,mouse
239827,Pigz,80235,PIGZ,mouse
269344,Ell3,80237,ELL3,mouse
109294,Prex2,80243,PREX2,mouse
28135,Cep63,80254,CEP63,mouse
74150,Slc35f5,80255,SLC35F5,mouse
230088,Fam214b,80256,FAM214B,mouse
74405,Efhc2,80258,EFHC2,mouse
234678,Phaf1,80262,PHAF1,mouse
229644,Trim45,80263,TRIM45,mouse
102637366,Gm10037,80264,ZNF430,mouse
66967,Edem3,80267,EDEM3,mouse
20844,Stam,8027,STAM,mouse
101502,Hsd3b7,80270,HSD3B7,mouse
233011,Itpkc,80271,ITPKC,mouse
17713,Grpel1,80273,GRPEL1,mouse
64706,Scube1,80274,SCUBE1,mouse
80280,Cdk5rap3,80279,CDK5RAP3,mouse
17354,Mllt10,8028,MLLT10,mouse
65969,Cubn,8029,CUBN,mouse
74238,Mterf2,80298,MTERF2,mouse
76551,Ccdc6,8030,CCDC6,mouse
102595,Plekho2,80301,PLEKHO2,mouse
98363,Efhd1,80303,EFHD1,mouse
238037,Wdcp,80304,WDCP,mouse
67976,Trabd,80305,TRABD,mouse
66999,Med28,80306,MED28,mouse
74562,Fer1l4,80307,FER1L4,mouse
319945,Flad1,80308,FLAD1,mouse
77629,Sphkap,80309,SPHKAP,mouse
27057,Ncoa4,8031,NCOA4,mouse
71785,Pdgfd,80310,PDGFD,mouse
236904,Klhl15,80311,KLHL15,mouse
52463,Tet1,80312,TET1,mouse
76612,Lrrc27,80313,LRRC27,mouse
13831,Epc1,80314,EPC1,mouse
67579,Cpeb4,80315,CPEB4,mouse
72739,Zkscan3,80317,ZKSCAN3,mouse
56278,Gkap1,80318,GKAP1,mouse
319478,Cxxc4,80319,CXXC4,mouse
83395,Sp6,80320,SP6,mouse
68121,Cep70,80321,CEP70,mouse
381175,Ccdc68,80323,CCDC68,mouse
56361,Pus1,80324,PUS1,mouse
80283,Abtb1,80325,ABTB1,mouse
22409,Wnt10a,80326,WNT10A,mouse
56554,Raet1a|Raet1b|Raet1c|Raet1d,80328,ULBP2,mouse
77777,Ulbp1,80328,ULBP2,mouse
77777,Ulbp1,80329,ULBP1,mouse
13002,Dnajc5,80331,DNAJC5,mouse
110751,Adam33,80332,ADAM33,mouse
80334,Kcnip4,80333,KCNIP4,mouse
77305,Wdr82,80335,WDR82,mouse
381404,Pabpc1l,80336,PABPC1L,mouse
116939,Pnpla3,80339,PNPLA3,mouse
73132,Slc25a16,8034,SLC25A16,mouse
66557,Bpifb2,80341,BPIFB2,mouse
215243,Traf3ip3,80342,TRAF3IP3,mouse
228684,Sel1l2,80343,SEL1L2,mouse
28199,Dcaf11,80344,DCAF11,mouse
72549,Reep4,80346,REEP4,mouse
71743,Coasy,80347,COASY,mouse
66317,Wdr61,80349,WDR61,mouse
74493,Tnks2,80351,TNKS2,mouse
386454,Rnf39,80352,RNF39,mouse
56392,Shoc2,8036,SHOC2,mouse
11489,Adam12,8038,ADAM12,mouse
58205,Pdcd1lg2,80380,PDCD1LG2,mouse
102657,Cd276,80381,CD276,mouse
66985,Rassf7,8045,RASSF7,mouse
13009,Csrp3,8048,CSRP3,mouse
12314,Calm2,805,CALM2,mouse
27402,Pdhx,8050,PDHX,mouse
14283,Fosl1,8061,FOSL1,mouse
75717,Cul5,8065,CUL5,mouse
66530,Ubxn6,80700,UBXN6,mouse
80721,Slc19a3,80704,SLC19A3,mouse
211484,Tsga10,80705,TSGA10,mouse
100182,Akna,80709,AKNA,mouse
13984,Esx1,80712,ESX1,mouse
80720,Pbx4,80714,PBX4,mouse
245020,Slc35g2,80723,SLC35G2,mouse
338350,Acad12,80724,ACAD10,mouse
71985,Acad10,80724,ACAD10,mouse
56013,Srcin1,80725,SRCIN1,mouse
637079,Iqcn,80726,IQCN,mouse
78339,Ttyh3,80727,TTYH3,mouse
223666,Arhgap39,80728,ARHGAP39,mouse
19244,Ptp4a2,8073,PTP4A2,mouse
210417,Thsd7b,80731,THSD7B,mouse
70129,Slc44a4,80736,SLC44A4,mouse
27762,Vwa7,80737,VWA7,mouse
106722,Mpig6b,80739,MPIG6B,mouse
64654,Fgf23,8074,FGF23,mouse
68468,Ly6g6c,80740,LY6G6C,mouse
114652,Ly6g5c,80741,LY6G5C,mouse
75210,Prr3,80742,PRR3,mouse
72167,Thumpd2,80745,THUMPD2,mouse
381802,Tsen2,80746,TSEN2,mouse
69684,Aarsd1,80755,AARSD1,mouse
69195,Tmem121,80757,TMEM121,mouse
432763,Prr7,80758,PRR7,mouse
433278,Khdc1c,80759,KHDC1,mouse
368204,Khdc1a,80759,KHDC1,mouse
98582,Khdc1b,80759,KHDC1,mouse
50530,Mfap5,8076,MFAP5,mouse
209378,Itih5,80760,ITIH5,mouse
65113,Ndfip1,80762,NDFIP1,mouse
319552,Spx,80763,SPX,mouse
69009,Thap7,80764,THAP7,mouse
170460,Stard5,80765,STARD5,mouse
79554,Cptp,80772,CPTP,mouse
67803,Limd2,80774,LIMD2,mouse
66343,Tmem177,80775,TMEM177,mouse
232987,B9d2,80776,B9D2,mouse
66427,Cyb5b,80777,CYB5B,mouse
115489950,Zfp988,80778,ZNF34,mouse
101056073,Zfp990,80778,ZNF34,mouse
115489953,Gm21411,80778,ZNF34,mouse
108168963,Zfp978,80778,ZNF34,mouse
100041433,Zfp981,80778,ZNF34,mouse
100043034,Rex2,80778,ZNF34,mouse
112422,Zfp979,80778,ZNF34,mouse
100041379,Zfp980,80778,ZNF34,mouse
100503584,Zfp534,80778,ZNF34,mouse
100041677,Zfp984,80778,ZNF34,mouse
210853,Zfp947,80778,ZNF34,mouse
240034,Zfp760,80778,ZNF34,mouse
240038,Zfp994,80778,ZNF34,mouse
240041,Zfp945,80778,ZNF34,mouse
319615,Zfp944,80778,ZNF34,mouse
631624,Gm7072,80778,ZNF34,mouse
626316,Zfp987,80778,ZNF34,mouse
433804,Zfp985,80778,ZNF34,mouse
433791,Zfp992,80778,ZNF34,mouse
75424,Zfp820,80778,ZNF34,mouse
73233,Zfp942,80778,ZNF34,mouse
70081,Zfp995,80778,ZNF34,mouse
74670,Zfp943,80778,ZNF34,mouse
666532,Zfp991,80778,ZNF34,mouse
74149,Zfp946,80778,ZNF34,mouse
22225,Usp5,8078,USP5,mouse
12822,Col18a1,80781,COL18A1,mouse
109077,Ints5,80789,INTS5,mouse
30853,Mlf2,8079,MLF2,mouse
74440,Cmip,80790,CMIP,mouse
12315,Calm3,808,CALM3,mouse
211961,Asxl3,80816,ASXL3,mouse
382010,Cep44,80817,CEP44,mouse
22704,Zfp46,80818,ZNF436,mouse
16651,Sspn,8082,SSPN,mouse
67484,Eepd1,80820,EEPD1,mouse
114874,Ddhd1,80821,DDHD1,mouse
70237,Bhlhb9,80823,BHLHB9,mouse
70686,Dusp16,80824,DUSP16,mouse
109910,Zfp91,80829,ZFP91,mouse
71939,Apol6,80830,APOL6,mouse
108956,Apol7c,80832,APOL4,mouse
245282,Apol10a,80832,APOL4,mouse
239552,Apol8,80832,APOL4,mouse
223672,Apol9a,80832,APOL4,mouse
278679,Apol7b,80832,APOL4,mouse
328563,Apol11b,80832,APOL4,mouse
328561,Apol10b,80832,APOL4,mouse
626615,Apol11a,80832,APOL4,mouse
666348,Apol7e,80832,APOL4,mouse
75761,Apol7a,80832,APOL4,mouse
71898,Apol9b,80832,APOL4,mouse
108956,Apol7c,80833,APOL3,mouse
245282,Apol10a,80833,APOL3,mouse
223672,Apol9a,80833,APOL3,mouse
239552,Apol8,80833,APOL3,mouse
328563,Apol11b,80833,APOL3,mouse
626615,Apol11a,80833,APOL3,mouse
278679,Apol7b,80833,APOL3,mouse
328561,Apol10b,80833,APOL3,mouse
71898,Apol9b,80833,APOL3,mouse
75761,Apol7a,80833,APOL3,mouse
666348,Apol7e,80833,APOL3,mouse
83770,Tas1r2,80834,TAS1R2,mouse
110326,Tas1r1,80835,TAS1R1,mouse
381022,Kmt2d,8085,KMT2D,mouse
79566,Sh3bp5l,80851,SH3BP5L,mouse
243547,Grip2,80852,GRIP2,mouse
338523,Kdm7a,80853,KDM7A,mouse
73251,Setd7,80854,SETD7|LOC105377622,mouse
69605,Lnpk,80856,LNPK,mouse
223921,Aaas,8086,AAAS,mouse
76416,Polr1has,80862,ZNRD1ASP,mouse
260297,Prrt1,80863,PRRT1|LOC100507547,mouse
81701,Egfl8,80864,EGFL8,mouse
14359,Fxr1,8087,FXR1,mouse
64050,Yeats4,8089,YEATS4,mouse
67444,Ilkap,80895,ILKAP,mouse
74091,Npl,80896,NPL,mouse
15364,Hmga2,8091,HMGA2,mouse
216285,Alx1,8092,ALX1,mouse
80893,Tmprss5,80975,TMPRSS5,mouse
100039945,Cdk2ap1rt,8099,CDK2AP1,mouse
13445,Cdk2ap1,8099,CDK2AP1,mouse
60595,Actn4,81,ACTN4,mouse
70405,Calml3,810,CALML3,mouse
21821,Ift88,8100,IFT88,mouse
545486,Tubb1,81027,TUBB1,mouse
22419,Wnt5b,81029,WNT5B,mouse
58203,Zbp1,81030,ZBP1,mouse
170441,Slc2a10,81031,SLC2A10,mouse
192775,Kcnh6,81033,KCNH6,mouse
69906,Slc25a32,81034,SLC25A32,mouse
140792,Colec12,81035,COLEC12,mouse
218335,Clptm1l,81037,CLPTM1L,mouse
257881,Olfr205,81050,OR5AC2,mouse
258479,Olfr203,81050,OR5AC2,mouse
433031,Olfr194,81050,OR5AC2,mouse
54196,Bcl2l2|Pabpn1,8106,PABPN1,mouse
12317,Calr,811,CALR,mouse
70127,Dpf3,8110,DPF3,mouse
238377,Gpr68,8111,GPR68,mouse
258316,Olfr727,81127,OR4K15,mouse
258314,Olfr725,81127,OR4K15,mouse
258313,Olfr726,81127,OR4K15,mouse
21432,Tcl1,8115,TCL1A,mouse
404325,Or8j3b,81168,OR8J3,mouse
259082,Olfr1062,81168,OR8J3,mouse
259019,Olfr1045,81168,OR8J3,mouse
11775,Ap3b2,8120,AP3B2,mouse
258427,Olfr993,81228,OR5AK3P,mouse
258426,Olfr995,81228,OR5AK3P,mouse
258425,Olfr994,81228,OR5AK3P,mouse
11737,Anp32a,8125,ANP32A,mouse
20450,St8sia2,8128,ST8SIA2,mouse
259113,Olfr577,81282,OR51G2,mouse
170639,Olfr78,81285,OR51E2,mouse
12321,Calu,813,CALU,mouse
257921,Olfr1229,81309,OR4C15,mouse
258025,Olfr1211,81309,OR4C15,mouse
258320,Olfr1232,81309,OR4C15,mouse
258815,Olfr1218,81309,OR4C15,mouse
258451,Olfr1215,81309,OR4C15,mouse
258901,Olfr1219,81309,OR4C15,mouse
258902,Olfr1220,81309,OR4C15,mouse
258973,Olfr1228,81309,OR4C15,mouse
258893,Olfr1225,81309,OR4C15,mouse
258177,Olfr1222,81309,OR4C15,mouse
258900,Olfr1213,81309,OR4C15,mouse
258895,Olfr1216,81309,OR4C15,mouse
258241,Olfr1212,81309,OR4C15,mouse
258903,Olfr1217,81309,OR4C15,mouse
258904,Olfr1221,81309,OR4C15,mouse
258894,Olfr1223,81309,OR4C15,mouse
258969,Olfr1226,81309,OR4C15,mouse
17168,Nprl3,8131,NPRL3,mouse
259145,Or4a78,81318,OR4A5,mouse
258788,Olfr1246,81318,OR4A5,mouse
258786,Olfr1238,81318,OR4A5,mouse
258370,Olfr1253,81318,OR4A5,mouse
257984,Olfr1249,81327,OR4A16,mouse
258970,Olfr1242,81327,OR4A16,mouse
258804,Olfr1240,81327,OR4A16,mouse
258967,Olfr1250,81327,OR4A16,mouse
258968,Olfr1247,81327,OR4A16,mouse
258786,Olfr1238,81327,OR4A16,mouse
258784,Or4a72,81327,OR4A16,mouse
258971,Olfr1243,81327,OR4A16,mouse
404331,Or4a79,81327,OR4A16,mouse
258468,Olfr1254,81327,OR4A16,mouse
258447,Olfr1241,81327,OR4A16,mouse
258975,Olfr1234,81328,OR4A15,mouse
258098,Olfr1490,81341,OR10W1,mouse
209239,Gan,8139,GAN,mouse
12326,Camk4,814,CAMK4,mouse
20539,Slc7a5,8140,SLC7A5,mouse
258534,Olfr1361,81406,OR2W6P,mouse
258713,Olfr430,81442,OR6N2,mouse
258302,Olfr420,81448,OR6K2,mouse
258937,Olfr167,81466,OR2L5,mouse
70439,Taf15,8148,TAF15,mouse
102371,Myzap,81488,POLR2M,mouse
28015,Polr2m,81488,POLR2M,mouse
27388,Ptdss2,81490,PTDSS2,mouse
81006,Gpr63,81491,GPR63,mouse
83434,Rsph6a,81492,RSPH6A,mouse
68828,Sync,81493,SYNC,mouse
12322,Camk2a,815,CAMK2A,mouse
75766,Dcstamp,81501,DCSTAMP,mouse
14950,H13,81502,HM13,mouse
11858,Rnd2,8153,RND2,mouse
101513,Mob2,81532,MOB2,mouse
71927,Itfg1,81533,ITFG1,mouse
81535,Sgpp1,81537,SGPP1,mouse
105727,Slc38a1,81539,SLC38A1,mouse
72736,Tmx1,81542,TMX1,mouse
237387,Lrrc3,81543,LRRC3,mouse
233552,Gdpd5,81544,GDPD5,mouse
107035,Fbxo38,81545,FBXO38,mouse
219249,Tdrd3,81550,TDRD3,mouse
56471,Stmn4,81551,STMN4,mouse
232023,Vopp1,81552,VOPP1,mouse
76820,Cyria,81553,CYRIA,mouse
94254,Rcc1l,81554,RCC1L,mouse
67180,Yipf5,81555,YIPF5,mouse
69882,Ints14,81556,INTS14,mouse
215512,Fam117a,81558,FAM117A,mouse
94091,Trim11,81559,TRIM11,mouse
214895,Lman2l,81562,LMAN2L,mouse
69399,1700025G04Rik,81563,C1orf21,mouse
83431,Ndel1,81565,NDEL1,mouse
207785,Csrnp2,81566,CSRNP2,mouse
105245,Txndc5,81567,TXNDC5,mouse
20480,Clpb,81570,CLPB,mouse
68559,Pdrg1,81572,PDRG1,mouse
433667,Ankrd13c,81573,ANKRD13C,mouse
381823,Apold1,81575,APOLD1,mouse
67736,Ccdc130,81576,YJU2B,mouse
70575,Gfod2,81577,GFOD2,mouse
66350,Pla2g12a,81579,PLA2G12A,mouse
12323,Camk2b,816,CAMK2B,mouse
71891,Cdadc1,81602,CDADC1,mouse
93679,Trim8,81603,TRIM8,mouse
68205,Urm1,81605,URM1,mouse
77889,Lbh,81606,LBH,mouse
71740,Nectin4,81607,NECTIN4,mouse
66899,Fip1l1,81608,FIP1L1,mouse
76742,Snx27,81609,SNX27,mouse
12812,Coil,8161,COIL,mouse
71878,Fam83d,81610,FAM83D,mouse
66471,Anp32e,81611,ANP32E,mouse
93790,Nipa2,81614,NIPA2,mouse
72160,Tmem163,81615,TMEM163,mouse
328845,Acsbg2,81616,ACSBG2,mouse
69008,Cab39l,81617,CAB39L,mouse
64294,Itm2c,81618,ITM2C,mouse
52588,Tspan14,81619,TSPAN14,mouse
67177,Cdt1,81620,CDT1,mouse
107250,Kazald1,81621,KAZALD1,mouse
54445,Unc93b1,81622,UNC93B1,mouse
442835,Defb22,81623,DEFB126,mouse
56419,Diaph3,81624,DIAPH3,mouse
71836,Shcbp1l,81626,SHCBP1L,mouse
98685,Trmt1l,81627,TRMT1L,mouse
122152371,Tsc22d4|Spacdr|Gm57848,81628,TSC22D4,mouse
78829,Spacdr,81628,TSC22D4,mouse
58864,Tssk3,81629,TSSK3,mouse
67443,Map1lc3b,81631,MAP1LC3B,mouse
11640,Akap1,8165,AKAP1,mouse
56036,Ccnl2,81669,CCNL2,mouse
75909,Vmp1,81671,VMP1,mouse
79555,BC005537,81688,C6orf62,mouse
432732,AK157302,81689,ISCA1,mouse
69046,Isca1,81689,ISCA1,mouse
434234,Rexo5,81691,REXO5,mouse
93835,Amn,81693,AMN,mouse
258067,Olfr1359,81697,OR2B2,mouse
258536,Or2b2b,81697,OR2B2,mouse
108058,Camk2d,817,CAMK2D,mouse
27411,Slc14a2,8170,SLC14A2,mouse
76088,Dock8,81704,DOCK8,mouse
76142,Ppp1r14c,81706,PPP1R14C,mouse
17123,Madcam1,8174,MADCAM1,mouse
20222,Sf3a2,8175,SF3A2,mouse
13716,Ell,8178,ELL,mouse
94089,Trim7,81786,TRIM7,mouse
74137,Nuak2,81788,NUAK2,mouse
77733,Rnf170,81790,RNF170,mouse
239337,Adamts12,81792,ADAMTS12,mouse
224697,Adamts10,81794,ADAMTS10,mouse
240726,Slco5a1,81796,SLCO5A1,mouse
12325,Camk2g,818,CAMK2G,mouse
74513,Neto2,81831,NETO2,mouse
246317,Neto1,81832,NETO1,mouse
67652,Spaca1,81833,SPACA1,mouse
229658,Vangl1,81839,VANGL1,mouse
384309,Trim56,81844,TRIM56,mouse
319934,Sbf2,81846,SBF2,mouse
68031,Rnf146,81847,RNF146,mouse
24066,Spry4,81848,SPRY4,mouse
26938,St6galnac5,81849,ST6GALNAC5,mouse
629873,Krtap1-4,81851,KRTAP1-1,mouse
435273,Krtap1-3,81851,KRTAP1-1,mouse
69664,Krtap1-5,81851,KRTAP1-1,mouse
75586,Krtap9-3,81851,KRTAP1-1,mouse
66154,Tmem14c,81853,TMEM14B,mouse
94280,Sfxn3,81855,SFXN3,mouse
77200,5430403G16Rik,81856,ZNF611,mouse
668923,Zfp442,81856,ZNF611,mouse
75613,Med25,81857,MED25,mouse
106025,Sharpin,81858,SHARPIN,mouse
22685,Zfp239,8187,ZNF239,mouse
16705,Krtap9-1,81871,KRTAP4-6,mouse
100415785,Gm11559,81871,KRTAP4-6,mouse
432600,Gm11568,81871,KRTAP4-6,mouse
76444,Krtap4-7,81871,KRTAP4-6,mouse
68673,Krtap4-2,81871,KRTAP4-6,mouse
670533,Gm11567,81871,KRTAP4-6,mouse
74192,Arpc5l,81873,ARPC5L,mouse
229504,Isg20l2,81875,ISG20L2,mouse
76308,Rab1b,81876,RAB1B,mouse
76130,Las1l,81887,LAS1L,mouse
68180,Hyi,81888,HYI,mouse
68636,Fahd1,81889,FAHD1,mouse
68188,Sympk,8189,SYMPK,mouse
60507,Qtrt1,81890,QTRT1,mouse
380773,Slirp,81892,SLIRP,mouse
246696,Slc25a28,81894,SLC25A28,mouse
12328,Caml,819,CAMLG,mouse
12587,Mia,8190,MIA,mouse
53895,Clpp,8192,CLPP,mouse
216169,Abhd17a,81926,ABHD17A,mouse
252966,Cables2,81928,CABLES2,mouse
72124,Seh1l,81929,SEH1L,mouse
29861,Dpf1,8193,DPF1,mouse
228421,Kif18a,81930,KIF18A,mouse
212569,Zfp273,81931,ZNF93,mouse
432769,Zfp708,81931,ZNF93,mouse
72748,Hdhd3,81932,HDHD3,mouse
59030,Mkks,8195,MKKS,mouse
12796,Camp,820,CAMP,mouse
14563,Gdf5,8200,GDF5,mouse
17979,Ncoa3,8202,NCOA3,mouse
268903,Nrip1,8204,NRIP1,mouse
110749,Chaf1b,8208,CHAF1B,mouse
28295,Gatd3a,8209,GATD3,mouse
12330,Canx,821,CANX,mouse
13353,Dgcr6,8214,DGCR6,mouse
66863,Lztr1,8216,LZTR1,mouse
12332,Capg,822,CAPG,mouse
27886,Ess2,8220,ESS2,mouse
27204,Syn3,8224,SYN3,mouse
107999,Gtpbp6,8225,GTPBP6,mouse
67365,Pudp,8226,PUDP,mouse
118568424,Akap17a,8227,AKAP17A,mouse
338351,Akap17b,8227,AKAP17A,mouse
12333,Capn1,823,CAPN1,mouse
22184,Zrsr2,8233,ZRSR2,mouse
22183,Zrsr1,8233,ZRSR2,mouse
236733,Usp11,8237,USP11,mouse
22284,Usp9x,8239,USP9X,mouse
12334,Capn2,824,CAPN2,mouse
236732,Rbm10,8241,RBM10,mouse
20591,Kdm5c,8242,KDM5C,mouse
24061,Smc1a,8243,SMC1A,mouse
12335,Capn3,825,CAPN3,mouse
12336,Capns1,826,CAPNS1,mouse
56292,Naa10,8260,NAA10,mouse
14070,F8a,8263,F8A1,mouse
100169864,Ubl4a|Gm44504,8266,UBL4A,mouse
27643,Ubl4a|Gm44504,8266,UBL4A,mouse
12338,Capn6,827,CAPN6,mouse
66192,Lage3,8270,LAGE3,mouse
214601,Slc10a3,8273,SLC10A3,mouse
83553,Tktl1,8277,TKTL1,mouse
20592,Kdm5d,8284,KDM5D,mouse
107868,Usp9y,8287,USP9Y|TTTY15,mouse
13861,Epx,8288,EPX,mouse
93760,Arid1a,8289,ARID1A,mouse
12340,Capza1,829,CAPZA1,mouse
66747,4933400A11Rik,829,CAPZA1,mouse
26903,Dysf,8291,DYSF,mouse
102639719,Colq|LOC102639719,8292,COLQ,mouse
382864,Colq|LOC102639719,8292,COLQ,mouse
20365,Serf1,8293,SERF1A,mouse
100041230,H4c17,8294,H4C9,mouse
319157,H4c6,8294,H4C9,mouse
319156,H4c4,8294,H4C9,mouse
319155,H4c3,8294,H4C9,mouse
326620,H4c2,8294,H4C9,mouse
319161,H4c18,8294,H4C9,mouse
320332,H4f16,8294,H4C9,mouse
326619,H4c1,8294,H4C9,mouse
319159,H4c11,8294,H4C9,mouse
319158,H4c9,8294,H4C9,mouse
319160,H4c12,8294,H4C9,mouse
69386,H4c8,8294,H4C9,mouse
97122,H4c14,8294,H4C9,mouse
100683,Trrap,8295,TRRAP,mouse
12343,Capza2,830,CAPZA2,mouse
233489,Picalm,8301,PICALM,mouse
16641,Klrc1,8302,KLRC4,mouse
16642,Klrc2,8302,KLRC4,mouse
243655,Klre1,8302,KLRC4,mouse
503550,Klri1,8302,KLRC4,mouse
381816,Clec2m,8302,KLRC4,mouse
320407,Klri2,8302,KLRC4,mouse
58179,Klrc3,8302,KLRC4,mouse
20621,Snn,8303,SNN,mouse
93732,Acox2,8309,ACOX2,mouse
12380,Cast,831,CAST,mouse
80911,Acox3,8310,ACOX3,mouse
12005,Axin1,8312,AXIN1,mouse
12006,Axin2,8313,AXIN2,mouse
104416,Bap1,8314,BAP1,mouse
72399,Brap,8315,BRAP,mouse
12545,Cdc7,8317,CDC7,mouse
12544,Cdc45,8318,CDC45,mouse
12345,Capzb,832,CAPZB,mouse
13813,Eomes,8320,EOMES,mouse
14362,Fzd1,8321,FZD1,mouse
14366,Fzd4,8322,FZD4,mouse
14368,Fzd6,8323,FZD6,mouse
14369,Fzd7,8324,FZD7,mouse
14370,Fzd8,8325,FZD8,mouse
245578,Pcdh11x,83259,PCDH11Y,mouse
14371,Fzd9,8326,FZD9,mouse
14582,Gfi1b,8328,GFI1B,mouse
27267,Cars,833,CARS1,mouse
319170,H2ac22,8335,H2AC4,mouse
319165,H2ac7,8335,H2AC4,mouse
319191,H2ac13,8335,H2AC4,mouse
319166,H2ac8,8335,H2AC4,mouse
319169,H2ac15,8335,H2AC4,mouse
319167,H2ac11,8335,H2AC4,mouse
319171,H2ac24,8335,H2AC4,mouse
319172,H2ac4,8335,H2AC4,mouse
319164,H2ac6,8335,H2AC4,mouse
665433,H2ac23,8335,H2AC4,mouse
15267,H2ac18,8337,H2AC18,mouse
319192,H2ac19,8337,H2AC18,mouse
319176,H2ac20,8338,H2AC20,mouse
319179,H2bc6,8339,H2BC8,mouse
319181,H2bc8,8339,H2BC8,mouse
68024,H2bc4,8339,H2BC8,mouse
327958,Pitpnm3,83394,PITPNM3,mouse
12362,Casp1,834,CASP1,mouse
319187,H2bc15,8340,H2BC13,mouse
319180,H2bc7,8340,H2BC13,mouse
319188,H2bc22,8340,H2BC13,mouse
319185,H2bc13,8340,H2BC13,mouse
319184,H2bc12,8340,H2BC13,mouse
319183,H2bc11,8340,H2BC13,mouse
665622,H2bc24,8340,H2BC13,mouse
665596,H2bc23,8340,H2BC13,mouse
12686,Elovl3,83401,ELOVL3,mouse
329693,Fcrl5,83416,FCRL5,mouse
319179,H2bc6,8343,H2BC7,mouse
319181,H2bc8,8343,H2BC7,mouse
68024,H2bc4,8343,H2BC7,mouse
21415,Tcf7l1,83439,TCF7L1,mouse
319179,H2bc6,8344,H2BC6,mouse
319181,H2bc8,8344,H2BC6,mouse
68024,H2bc4,8344,H2BC6,mouse
72141,Adpgk,83440,ADPGK,mouse
73723,Sh3bgrl3,83442,SH3BGRL3,mouse
66125,Sf3b5,83443,SF3B5,mouse
70020,Ino80b,83444,INO80B,mouse
14840,Gsg1,83445,GSG1,mouse
67929,Ccdc70,83446,CCDC70,mouse
73333,Slc25a31,83447,SLC25A31,mouse
78895,Pus7l,83448,PUS7L,mouse
56523,Pmfbp1,83449,PMFBP1,mouse
74665,Drc3,83450,DRC3,mouse
68758,Abhd11,83451,ABHD11,mouse
19338,Rab33b,83452,RAB33B,mouse
319181,H2bc8,8346,H2BC10,mouse
319179,H2bc6,8346,H2BC10,mouse
68024,H2bc4,8346,H2BC10,mouse
66048,Emc6,83460,EMC6,mouse
14793,Cdca3,83461,CDCA3,mouse
17121,Mxd3,83463,MXD3,mouse
208117,Aph1b,83464,APH1B,mouse
68318,Aph1c,83464,APH1B,mouse
74782,Glt8d2,83468,GLT8D2,mouse
319181,H2bc8,8347,H2BC4,mouse
319179,H2bc6,8347,H2BC4,mouse
68024,H2bc4,8347,H2BC4,mouse
71206,Katnal2,83473,KATNAL2,mouse
102115,Dohh,83475,DOHH,mouse
231532,Arhgap24,83478,ARHGAP24,mouse
67997,Ddx59,83479,DDX59,mouse
67049,Pus3,83480,PUS3,mouse
223650,Eppk1,83481,EPPK1,mouse
170729,Scrt1,83482,SCRT1,mouse
84094,Plvap,83483,PLVAP,mouse
319181,H2bc8,8349,H2BC21,mouse
319179,H2bc6,8349,H2BC21,mouse
68024,H2bc4,8349,H2BC21,mouse
12366,Casp2,835,CASP2,mouse
319153,H3c11,8350,H3C1,mouse
360198,H3c1,8350,H3C1,mouse
319152,H3c10,8350,H3C1,mouse
97908,H3c8,8350,H3C1,mouse
319153,H3c11,8351,H3C4,mouse
319152,H3c10,8351,H3C4,mouse
360198,H3c1,8351,H3C4,mouse
97908,H3c8,8351,H3C4,mouse
360198,H3c1,8352,H3C3,mouse
319152,H3c10,8352,H3C3,mouse
319153,H3c11,8352,H3C3,mouse
97908,H3c8,8352,H3C3,mouse
360198,H3c1,8353,H3C6,mouse
319152,H3c10,8353,H3C6,mouse
319153,H3c11,8353,H3C6,mouse
97908,H3c8,8353,H3C6,mouse
74407,Odad4,83538,ODAD4,mouse
71367,Chst9,83539,CHST9,mouse
360198,H3c1,8354,H3C11,mouse
319153,H3c11,8354,H3C11,mouse
319152,H3c10,8354,H3C11,mouse
97908,H3c8,8354,H3C11,mouse
66977,Nuf2,83540,NUF2,mouse
73847,Fam110a,83541,FAM110A,mouse
108897,Aif1l,83543,AIF1L,mouse
105000,Dnal1,83544,DNAL1,mouse
234542,Rtbdn,83546,RTBDN,mouse
280408,Rilp,83547,RILP,mouse
338337,Cog3,83548,COG3,mouse
22245,Uck1,83549,UCK1,mouse
319152,H3c10,8355,H3C8,mouse
360198,H3c1,8355,H3C8,mouse
319153,H3c11,8355,H3C8,mouse
97908,H3c8,8355,H3C8,mouse
245424,Gpr101,83550,GPR101,mouse
215859,Taar8a,83551,TAAR8,mouse
382348,Taar8b,83551,TAAR8,mouse
494546,Taar8c,83551,TAAR8,mouse
235312,C1qtnf5,83552,MFRP,mouse
259172,Mfrp,83552,MFRP,mouse
319152,H3c10,8356,H3C12,mouse
360198,H3c1,8356,H3C12,mouse
319153,H3c11,8356,H3C12,mouse
97908,H3c8,8356,H3C12,mouse
319152,H3c10,8357,H3C10,mouse
360198,H3c1,8357,H3C10,mouse
319153,H3c11,8357,H3C10,mouse
97908,H3c8,8357,H3C10,mouse
319153,H3c11,8358,H3C2,mouse
360198,H3c1,8358,H3C2,mouse
319150,H3c2,8358,H3C2,mouse
319152,H3c10,8358,H3C2,mouse
97908,H3c8,8358,H3C2,mouse
100041230,H4c17,8359,H4C1,mouse
319155,H4c3,8359,H4C1,mouse
326620,H4c2,8359,H4C1,mouse
319156,H4c4,8359,H4C1,mouse
326619,H4c1,8359,H4C1,mouse
319159,H4c11,8359,H4C1,mouse
320332,H4f16,8359,H4C1,mouse
319161,H4c18,8359,H4C1,mouse
319157,H4c6,8359,H4C1,mouse
319158,H4c9,8359,H4C1,mouse
319160,H4c12,8359,H4C1,mouse
97122,H4c14,8359,H4C1,mouse
69386,H4c8,8359,H4C1,mouse
64295,Tmub1,83590,TMUB1,mouse
66816,Thap2,83591,THAP2,mouse
56043,Akr1e1,83592,AKR1E2,mouse
54354,Rassf5,83593,RASSF5,mouse
67993,Nudt12,83594,NUDT12,mouse
20680,Sox7,83595,SOX7,mouse
75736,Bcl2l12,83596,BCL2L12,mouse
235636,Rtp3,83597,RTP3,mouse
12367,Casp3,836,CASP3,mouse
100041230,H4c17,8360,H4C4,mouse
319160,H4c12,8360,H4C4,mouse
319161,H4c18,8360,H4C4,mouse
319159,H4c11,8360,H4C4,mouse
319158,H4c9,8360,H4C4,mouse
326619,H4c1,8360,H4C4,mouse
319157,H4c6,8360,H4C4,mouse
319156,H4c4,8360,H4C4,mouse
326620,H4c2,8360,H4C4,mouse
319155,H4c3,8360,H4C4,mouse
320332,H4f16,8360,H4C4,mouse
69386,H4c8,8360,H4C4,mouse
97122,H4c14,8360,H4C4,mouse
192216,Tmem47,83604,TMEM47,mouse
216527,Ccm2,83605,CCM2,mouse
68778,Gucd1,83606,GUCD1,mouse
225339,Ammecr1l,83607,AMMECR1L,mouse
68046,2700062C07Rik,83608,C18orf21,mouse
100041230,H4c17,8361,H4C6,mouse
319160,H4c12,8361,H4C6,mouse
326619,H4c1,8361,H4C6,mouse
326620,H4c2,8361,H4C6,mouse
319159,H4c11,8361,H4C6,mouse
320332,H4f16,8361,H4C6,mouse
319161,H4c18,8361,H4C6,mouse
319158,H4c9,8361,H4C6,mouse
319157,H4c6,8361,H4C6,mouse
319156,H4c4,8361,H4C6,mouse
319155,H4c3,8361,H4C6,mouse
97122,H4c14,8361,H4C6,mouse
69386,H4c8,8361,H4C6,mouse
100041230,H4c17,8362,H4C12,mouse
319158,H4c9,8362,H4C12,mouse
319161,H4c18,8362,H4C12,mouse
319157,H4c6,8362,H4C12,mouse
319160,H4c12,8362,H4C12,mouse
319156,H4c4,8362,H4C12,mouse
326619,H4c1,8362,H4C12,mouse
326620,H4c2,8362,H4C12,mouse
319159,H4c11,8362,H4C12,mouse
319155,H4c3,8362,H4C12,mouse
320332,H4f16,8362,H4C12,mouse
97122,H4c14,8362,H4C12,mouse
69386,H4c8,8362,H4C12,mouse
100041230,H4c17,8363,H4C11,mouse
319160,H4c12,8363,H4C11,mouse
319157,H4c6,8363,H4C11,mouse
319158,H4c9,8363,H4C11,mouse
326619,H4c1,8363,H4C11,mouse
319159,H4c11,8363,H4C11,mouse
319156,H4c4,8363,H4C11,mouse
319161,H4c18,8363,H4C11,mouse
319155,H4c3,8363,H4C11,mouse
326620,H4c2,8363,H4C11,mouse
320332,H4f16,8363,H4C11,mouse
97122,H4c14,8363,H4C11,mouse
69386,H4c8,8363,H4C11,mouse
72244,1600014C10Rik,83636,C19orf12,mouse
52915,Zmiz2,83637,ZMIZ2,mouse
107242,AI837181,83638,C11orf68,mouse
56746,Tex101,83639,TEX101,mouse
100041230,H4c17,8364,H4C3,mouse
320332,H4f16,8364,H4C3,mouse
319157,H4c6,8364,H4C3,mouse
319158,H4c9,8364,H4C3,mouse
326619,H4c1,8364,H4C3,mouse
319156,H4c4,8364,H4C3,mouse
319159,H4c11,8364,H4C3,mouse
326620,H4c2,8364,H4C3,mouse
319160,H4c12,8364,H4C3,mouse
319161,H4c18,8364,H4C3,mouse
319155,H4c3,8364,H4C3,mouse
97122,H4c14,8364,H4C3,mouse
69386,H4c8,8364,H4C3,mouse
100038538,Gm10767,83640,RAMAC,mouse
67148,Ramac,83640,RAMAC,mouse
66540,Fam107b,83641,FAM107B,mouse
223776,Selenoo,83642,SELENOO,mouse
74186,Ccdc3,83643,CCDC3,mouse
219148,Fam167a,83648,FAM167A,mouse
100041230,H4c17,8365,H4C8,mouse
319159,H4c11,8365,H4C8,mouse
319158,H4c9,8365,H4C8,mouse
320332,H4f16,8365,H4C8,mouse
319160,H4c12,8365,H4C8,mouse
319161,H4c18,8365,H4C8,mouse
319157,H4c6,8365,H4C8,mouse
326620,H4c2,8365,H4C8,mouse
319155,H4c3,8365,H4C8,mouse
319156,H4c4,8365,H4C8,mouse
326619,H4c1,8365,H4C8,mouse
69386,H4c8,8365,H4C8,mouse
97122,H4c14,8365,H4C8,mouse
56293,Slc35g3,83650,SLC35G5,mouse
75465,Dynlrb2,83657,DYNLRB2,mouse
67068,Dynlrb1,83658,DYNLRB1,mouse
21689,Tekt1,83659,TEKT1,mouse
100041230,H4c17,8366,H4C2,mouse
326620,H4c2,8366,H4C2,mouse
319160,H4c12,8366,H4C2,mouse
319159,H4c11,8366,H4C2,mouse
326619,H4c1,8366,H4C2,mouse
320332,H4f16,8366,H4C2,mouse
319155,H4c3,8366,H4C2,mouse
319158,H4c9,8366,H4C2,mouse
319156,H4c4,8366,H4C2,mouse
319161,H4c18,8366,H4C2,mouse
319157,H4c6,8366,H4C2,mouse
69386,H4c8,8366,H4C2,mouse
97122,H4c14,8366,H4C2,mouse
70549,Tln2,83660,TLN2,mouse
64381,Ms4a8a,83661,MS4A8,mouse
80285,Parp9,83666,PARP9,mouse
230784,Sesn2,83667,SESN2,mouse
100041230,H4c17,8367,H4C5,mouse
326620,H4c2,8367,H4C5,mouse
319161,H4c18,8367,H4C5,mouse
319160,H4c12,8367,H4C5,mouse
319159,H4c11,8367,H4C5,mouse
319155,H4c3,8367,H4C5,mouse
319156,H4c4,8367,H4C5,mouse
319157,H4c6,8367,H4C5,mouse
326619,H4c1,8367,H4C5,mouse
320332,H4f16,8367,H4C5,mouse
319158,H4c9,8367,H4C5,mouse
97122,H4c14,8367,H4C5,mouse
69386,H4c8,8367,H4C5,mouse
100041230,H4c17,8368,H4C13,mouse
319158,H4c9,8368,H4C13,mouse
319156,H4c4,8368,H4C13,mouse
319161,H4c18,8368,H4C13,mouse
319157,H4c6,8368,H4C13,mouse
326620,H4c2,8368,H4C13,mouse
319160,H4c12,8368,H4C13,mouse
326619,H4c1,8368,H4C13,mouse
319159,H4c11,8368,H4C13,mouse
319155,H4c3,8368,H4C13,mouse
320332,H4f16,8368,H4C13,mouse
69386,H4c8,8368,H4C13,mouse
97122,H4c14,8368,H4C13,mouse
83691,Crispld1,83690,CRISPLD1,mouse
171486,Cd99l2,83692,CD99L2,mouse
72552,Hsdl1,83693,HSDL1,mouse
238323,Rps6kl1,83694,RPS6KL1,mouse
72440,Rhno1,83695,RHNO1,mouse
76510,Trappc9,83696,TRAPPC9,mouse
240215,Slc4a9,83697,SLC4A9,mouse
140904,Caln1,83698,CALN1,mouse
212531,Sh3bgrl2,83699,SH3BGRL2,mouse
12363,Casp4,837,CASP4,mouse
100041230,H4c17,8370,H4C14,mouse
319156,H4c4,8370,H4C14,mouse
319161,H4c18,8370,H4C14,mouse
319160,H4c12,8370,H4C14,mouse
319155,H4c3,8370,H4C14,mouse
319159,H4c11,8370,H4C14,mouse
319158,H4c9,8370,H4C14,mouse
319157,H4c6,8370,H4C14,mouse
326620,H4c2,8370,H4C14,mouse
320332,H4f16,8370,H4C14,mouse
326619,H4c1,8370,H4C14,mouse
97122,H4c14,8370,H4C14,mouse
69386,H4c8,8370,H4C14,mouse
83964,Jam3,83700,JAM3,mouse
108101,Fermt3,83706,FERMT3,mouse
107328,Trpt1,83707,TRPT1,mouse
60345,Nrip2,83714,NRIP2,mouse
56226,Espn,83715,ESPN,mouse
78892,Crispld2,83716,CRISPLD2,mouse
66090,Ypel3,83719,YPEL3,mouse
109685,Hyal3,8372,HYAL3,mouse
68952,Tlcd3b,83723,TLCD3B,mouse
16326,Inhbe,83729,INHBE,mouse
71340,Riok1,83732,RIOK1,mouse
71803,Slc25a18,83733,SLC25A18,mouse
66795,Atg10,83734,ATG10,mouse
16396,Itch,83737,ITCH,mouse
226896,Tfap2d,83741,TFAP2D,mouse
277010,Marveld1,83742,MARVELD1,mouse
101612,Grwd1,83743,GRWD1,mouse
433801,Zfp268,83744,ZNF484,mouse
381066,Zfp948,83744,ZNF484,mouse
667666,Zfp600,83744,ZNF484,mouse
214669,L3mbtl2,83746,L3MBTL2,mouse
66887,Lonp2,83752,LONP2,mouse
83771,Tas1r3,83756,TAS1R3,mouse
66704,Rbm4b,83759,RBM4B,mouse
67457,Frmd8,83786,FRMD8,mouse
67211,Armc10,83787,ARMC10,mouse
17120,Mad1l1,8379,MAD1L1,mouse
74571,Kcnk16,83795,KCNK16,mouse
12363,Casp4,838,CASP5,mouse
75533,Nme5,8382,NME5,mouse
258706,Olfr43,8383,OR1A1,mouse
404316,Olfr403,8383,OR1A1,mouse
83563,Usp26,83844,USP26,mouse
319508,Syt15,83849,SYT15,mouse
272636,Esyt3,83850,ESYT3,mouse
238266,Syt16,83851,SYT16,mouse
239122,Setdb2,83852,SETDB2,mouse
252967,Ropn1l,83853,ROPN1L,mouse
70726,Angptl6,83854,ANGPTL6,mouse
118445,Klf16,83855,KLF16,mouse
319636,Fsd1l,83856,FSD1L,mouse
387314,Tmtc1,83857,TMTC1,mouse
108888,Atad3a,83858,ATAD3B,mouse
258153,Olfr412,8386,OR1D5|OR1D4,mouse
209361,Taf3,83860,TAF3,mouse
100037282,Rsph3b,83861,RSPH3,mouse
66832,Rsph3a,83861,RSPH3,mouse
215210,Tmem120a,83862,TMEM120A,mouse
193053,Olfr384,8387,OR1E1,mouse
18321,Olfr23,8387,OR1E1,mouse
259010,Olfr393,8387,OR1E1,mouse
259025,Olfr385,8387,OR1E1,mouse
259027,Olfr380,8387,OR1E1,mouse
259024,Olfr381,8387,OR1E1,mouse
259009,Olfr394,8387,OR1E1,mouse
259011,Olfr389,8387,OR1E1,mouse
258435,Olfr382,8387,OR1E1,mouse
259008,Olfr392,8387,OR1E1,mouse
259007,Olfr395,8387,OR1E1,mouse
258344,Olfr390,8387,OR1E1,mouse
258236,Olfr391,8387,OR1E1,mouse
258925,Or1e1,8387,OR1E1,mouse
19376,Rab34,83871,RAB34,mouse
545370,Hmcn1,83872,HMCN1,mouse
229714,Gpr61,83873,GPR61,mouse
103724,Tbc1d10a,83874,TBC1D10A,mouse
170752,Bco2,83875,BCO2,mouse
71263,Mro,83876,MRO,mouse
69742,Tm2d2,83877,TM2D2,mouse
234395,Ushbp1,83878,USHBP1,mouse
66953,Cdca7,83879,CDCA7,mouse
18321,Olfr23,8388,OR1E2,mouse
193053,Olfr384,8388,OR1E2,mouse
258435,Olfr382,8388,OR1E2,mouse
259027,Olfr380,8388,OR1E2,mouse
258344,Olfr390,8388,OR1E2,mouse
259026,Olfr378,8388,OR1E2,mouse
259025,Olfr385,8388,OR1E2,mouse
259024,Olfr381,8388,OR1E2,mouse
258236,Olfr391,8388,OR1E2,mouse
259011,Olfr389,8388,OR1E2,mouse
258923,Olfr1,8388,OR1E2,mouse
259010,Olfr393,8388,OR1E2,mouse
259009,Olfr394,8388,OR1E2,mouse
259008,Olfr392,8388,OR1E2,mouse
259007,Olfr395,8388,OR1E2,mouse
258924,Or1e1c,8388,OR1E2,mouse
27217,Mixl1,83881,MIXL1,mouse
208634,Tspan10,83882,TSPAN10,mouse
83885,Slc25a2,83884,SLC25A2,mouse
213171,Prss27,83886,PRSS27,mouse
100216474,Ttll2,83887,TTLL2,mouse
114675,4932431P20Rik,83889,WDR87,mouse
18321,Olfr23,8389,OR1E3,mouse
193053,Olfr384,8389,OR1E3,mouse
259024,Olfr381,8389,OR1E3,mouse
259027,Olfr380,8389,OR1E3,mouse
259010,Olfr393,8389,OR1E3,mouse
258344,Olfr390,8389,OR1E3,mouse
259026,Olfr378,8389,OR1E3,mouse
259009,Olfr394,8389,OR1E3,mouse
259025,Olfr385,8389,OR1E3,mouse
258925,Or1e1,8389,OR1E3,mouse
258236,Olfr391,8389,OR1E3,mouse
258924,Or1e1c,8389,OR1E3,mouse
259007,Olfr395,8389,OR1E3,mouse
259011,Olfr389,8389,OR1E3,mouse
259008,Olfr392,8389,OR1E3,mouse
258435,Olfr382,8389,OR1E3,mouse
258923,Olfr1,8389,OR1E3,mouse
75571,Spata9,83890,SPATA9,mouse
102141,Snx25,83891,SNX25,mouse
330171,Kctd10,83892,KCTD10,mouse
70862,Spata16,83893,SPATA16,mouse
73301,Ttc29,83894,TTC29,mouse
629873,Krtap1-4,83895,KRTAP1-5,mouse
435273,Krtap1-3,83895,KRTAP1-5,mouse
69664,Krtap1-5,83895,KRTAP1-5,mouse
66380,Krtap3-3,83897,KRTAP3-2,mouse
66708,Krtap3-2,83897,KRTAP3-2,mouse
12368,Casp6,839,CASP6,mouse
14841,Haspin,83903,HASPIN,mouse
258704,Olfr411,8392,OR3A3,mouse
76205,Stard3nl,83930,STARD3NL,mouse
74178,Stk40,83931,STK40,mouse
244666,Sprtn,83932,SPRTN,mouse
170787,Hdac10,83933,HDAC10,mouse
213391,Rassf4,83937,RASSF4,mouse
76633,Lrmda,83938,LRMDA,mouse
229317,Eif2a,83939,EIF2A,mouse
18720,Pip5k1a,8394,PIP5K1A,mouse
69694,Tatdn1,83940,TATDN1,mouse
94043,Tm2d1,83941,TM2D1,mouse
22114,Tssk1,83942,TSSK1B,mouse
93757,Immp2l,83943,IMMP2L,mouse
18719,Pip5k1b,8395,PIP5K1B,mouse
64435,Fcamr,83953,FCAMR,mouse
67457,Frmd8,83957,FRMD8P1,mouse
269356,Slc4a11,83959,SLC4A11,mouse
108083,Pip4k2b,8396,PIP4K2B,mouse
53357,Pla2g6,8398,PLA2G6,mouse
217845,Ifi27l2b,83982,IFI27L2,mouse
52668,Ifi27,83982,IFI27L2,mouse
76933,Ifi27l2a,83982,IFI27L2,mouse
83984,Tssk6,83983,TSSK6,mouse
73658,Spns1,83985,SPNS1,mouse
106581,Fam234a,83986,FAM234A,mouse
434130,Ccdc8,83987,CCDC8,mouse
52589,Ncald,83988,NCALD,mouse
68675,Fam172a,83989,FAM172A,mouse
26565,Pla2g10,8399,PLA2G10|LOC100652777,mouse
237911,Brip1,83990,BRIP1,mouse
30785,Cttnbp2,83992,CTTNBP2,mouse
67709,Reg4,83998,REG4,mouse
84035,Kremen1,83999,KREMEN1,mouse
12369,Casp7,840,CASP7,mouse
214531,Tmprss13,84000,TMPRSS13,mouse
108105,B3gnt5,84002,B3GNT5,mouse
67863,Slc25a11,8402,SLC25A11,mouse
20669,Sox14,8403,SOX14,mouse
380698,Obscn,84033,OBSCN,mouse
246707,Emilin2,84034,EMILIN2,mouse
13602,Sparcl1,8404,SPARCL1,mouse
100043188,Spopfm2,8405,SPOP,mouse
229571,Tdpoz8,8405,SPOP,mouse
20747,Spop,8405,SPOP,mouse
207213,Tdpoz1,8405,SPOP,mouse
399674,Tdpoz3,8405,SPOP,mouse
399673,Tdpoz2,8405,SPOP,mouse
399675,Tdpoz4,8405,SPOP,mouse
436563,Gm5773,8405,SPOP,mouse
383977,Spopfm3,8405,SPOP,mouse
668359,Tdpoz9,8405,SPOP,mouse
231912,Katnal1,84056,KATNAL1,mouse
76915,Mnd1,84057,MND1,mouse
75659,Wdr54,84058,WDR54,mouse
110789,Adgrv1,84059,ADGRV1,mouse
51795,Srpx,8406,SRPX,mouse
269623,Rbm48,84060,RBM48,mouse
67075,Magt1,84061,MAGT1,mouse
94245,Dtnbp1,84062,DTNBP1,mouse
243911,Kirrel2,84063,KIRREL2,mouse
76987,Hdhd2,84064,HDHD2,mouse
52174,Tmem222,84065,TMEM222,mouse
73435,Tex35,84066,TEX35,mouse
74349,Fhip1b,84067,FHIP1B,mouse
76775,Slc10a7,84068,SLC10A7,mouse
231002,Plekhn1,84069,PLEKHN1,mouse
21346,Tagln2,8407,TAGLN2,mouse
545136,Fam186b,84070,FAM186B,mouse
213402,Armc2,84071,ARMC2,mouse
67981,Hormad1,84072,HORMAD1,mouse
104601,Mycbpap,84073,MYCBPAP,mouse
217341,Qrich2,84074,QRICH2,mouse
623046,Fscb,84075,FSCB,mouse
74419,Tktl2,84076,TKTL2,mouse
381798,4930590J08Rik,84077,C3orf20,mouse
211255,Kbtbd7,84078,KBTBD7,mouse
432879,Kbtbd6,84078,KBTBD7,mouse
245886,Ankrd27,84079,ANKRD27,mouse
22241,Ulk1,8408,ULK1,mouse
102124,Enkd1,84080,ENKD1,mouse
237859,Nsrp1,84081,NSRP1,mouse
226409,Zranb3,84083,ZRANB3,mouse
19346,Rab6a,84084,RAB6C,mouse
71865,Fbxo30,84085,FBXO30,mouse
22294,Uxt,8409,UXT,mouse
12370,Casp8,841,CASP8,mouse
56297,Arl6,84100,ARL6,mouse
327799,Usp44,84101,USP44,mouse
338365,Slc41a2,84102,SLC41A2,mouse
67741,4930579F01Rik,84103,C4orf17,mouse
72562,Pcbd2,84105,PCBD2,mouse
378460,Pram1,84106,PRAM1,mouse
22774,Zic4,84107,ZIC4,mouse
71041,Pcgf6,84108,PCGF6,mouse
243407,Qrfprl,84109,QRFPR,mouse
229214,Qrfpr,84109,QRFPR,mouse
216238,Eea1,8411,EEA1,mouse
29815,Bcar3,8412,BCAR3,mouse
67235,Zkscan14,84124,ZNF394,mouse
74978,Lrriq1,84125,LRRIQ1,mouse
235610,Atrip|Gm53191,84126,ATRIP|ATRIP-TREX1,mouse
73674,Wdr75,84128,WDR75,mouse
102632,Acad11,84129,ACAD11,mouse
208518,Cep78,84131,CEP78,mouse
76800,Usp42,84132,USP42,mouse
407821,Znrf3,84133,ZNRF3,mouse
641376,Tomm40l,84134,TOMM40L,mouse
105372,Utp15,84135,UTP15,mouse
66432,Slc7a6os,84138,SLC7A6OS,mouse
73873,Fam161a,84140,FAM161A,mouse
232146,Eva1a,84141,EVA1A,mouse
70681,Abraxas1,84142,ABRAXAS1,mouse
214804,Syde2,84144,SYDE2,mouse
52397,Zfp644,84146,ZNF644,mouse
67773,Kat8,84148,KAT8,mouse
19049,Ppp1r1b,84152,PPP1R1B,mouse
68209,Rnaseh2c,84153,RNASEH2C,mouse
67239,Rpf2,84154,RPF2,mouse
71371,Arid5b,84159,ARID5B,mouse
71790,Anxa9,8416,ANXA9,mouse
229227,4932438A13Rik,84162,KIAA1109,mouse
114674,Gtf2ird2,84163,GTF2IRD2,mouse
75452,Ascc2,84164,ASCC2,mouse
434341,Nlrc5,84166,NLRC5,mouse
72254,1700030K09Rik,84167,C19orf44,mouse
69538,Antxr1,84168,ANTXR1,mouse
53331,Stx7,8417,STX7,mouse
67573,Loxl4,84171,LOXL4,mouse
20017,Polr1b,84172,POLR1B,mouse
232089,Elmod3,84173,ELMOD3,mouse
77799,Sla2,84174,SLA2,mouse
243197,Mfsd7a,84179,SLC49A3,mouse
12763,Cmah,8418,CMAHP,mouse
71389,Chd6,84181,CHD6,mouse
330323,Mindy4,84182,MINDY4,mouse
319885,Zcchc7,84186,ZCCHC7,mouse
209497,Tmem164,84187,TMEM164,mouse
67420,Far1,84188,FAR1,mouse
239250,Slitrk6,84189,SLITRK6,mouse
107993,Bfsp2,8419,BFSP2,mouse
216292,Mettl25,84190,METTL25,mouse
68250,Ciao2a,84191,CIAO2A,mouse
52690,Setd3,84193,SETD3,mouse
170707,Usp48,84196,USP48,mouse
74653,Pomk,84197,POMK,mouse
12371,Casp9,842,CASP9,mouse
399101,Snhg3,8420,SNHG3,mouse
213272,Txndc2,84203,TXNDC2,mouse
108797,Mex3b,84206,MEX3B,mouse
666528,Zfp541,84215,ZNF541,mouse
320709,Tmem117,84216,TMEM117,mouse
332934,Zmynd12,84217,ZMYND12,mouse
268933,Wdr24,84219,WDR24,mouse
76573,Spatc1l,84221,SPATC1L,mouse
69707,Iqcg,84223,IQCG,mouse
574428,Zmynd15,84225,ZMYND15,mouse
102635990,LOC102635990,84226,C2orf16,mouse
330830,Drc7,84229,DRC7,mouse
100604,Lrrc8c,84230,LRRC8C,mouse
224619,Traf7,84231,TRAF7,mouse
68877,Maf1,84232,MAF1,mouse
66271,Tmem126a,84233,TMEM126A,mouse
76867,Rhbdd1,84236,RHBDD1,mouse
224079,Atp13a4,84239,ATP13A4,mouse
170442,Bbox1,8424,BBOX1,mouse
69085,Zcchc9,84240,ZCCHC9,mouse
503610,Zdhhc18,84243,ZDHHC18,mouse
67873,Mri1,84245,MRI1,mouse
28077,Med10,84246,MED10,mouse
223732,Rtl6,84247,RTL6,mouse
69823,Fyttd1,84248,FYTTD1,mouse
74002,Psd2,84249,PSD2,mouse
108075,Ltbp4,8425,LTBP4,mouse
105377,Slf1,84250,SLF1,mouse
73094,Sgip1,84251,SGIP1,mouse
99326,Garnl3,84253,GARNL3,mouse
55984,Camkk1,84254,CAMKK1,mouse
72144,Slc37a3,84255,SLC37A3,mouse
224613,Flywch1,84256,FLYWCH1,mouse
20981,Syt3,84258,SYT3,mouse
76863,Dcun1d5,84259,DCUN1D5,mouse
77832,Tchp,84260,TCHP,mouse
68628,Fbxw9,84261,FBXW9,mouse
66506,Psmg3,84262,PSMG3,mouse
72479,Hsdl2,84263,HSDL2,mouse
68977,Haghl,84264,HAGHL,mouse
69870,Polr3gl,84265,POLR3GL,mouse
66400,Alkbh7,84266,ALKBH7,mouse
70153,2210016F16Rik,84267,C9orf64,mouse
69723,Rpain,84268,RPAIN,mouse
66170,Chchd5,84269,CHCHD5,mouse
101095,Zfp282,8427,ZNF282,mouse
68480,Card19,84270,CARD19,mouse
73826,Poldip3,84271,POLDIP3,mouse
67864,Yipf4,84272,YIPF4,mouse
56412,Noa1,84273,NOA1,mouse
52064,Coq5,84274,COQ5,mouse
70556,Slc25a33,84275,SLC25A33,mouse
66257,Nicn1,84276,NICN1,mouse
66114,Dnajc30,84277,DNAJC30,mouse
73327,Pradc1,84279,PRADC1,mouse
223255,Stk24,8428,STK24,mouse
68815,Btbd10,84280,BTBD10,mouse
67080,1700019D03Rik,84281,C2orf88,mouse
71956,Rnf135,84282,RNF135,mouse
71913,Tmem79,84283,TMEM79,mouse
66566,Ntpcr,84284,NTPCR,mouse
69860,Eif1ad,84285,EIF1AD,mouse
72392,Tmem175,84286,TMEM175,mouse
74168,Zdhhc16,84287,ZDHHC16,mouse
68226,Efcab2,84288,EFCAB2,mouse
66262,Ing5,84289,ING5,mouse
69543,Capns2,84290,CAPNS2,mouse
67836,Wdr83,84292,WDR83,mouse
70564,Prxl2a,84293,PRXL2A,mouse
78581,Utp23,84294,UTP23,mouse
70998,Phf6,84295,PHF6,mouse
109145,Gins4,84296,GINS4,mouse
66225,Llph,84298,LLPH,mouse
103742,Mien1,84299,MIEN1,mouse
67267,Uqcc2,84300,UQCC2,mouse
68817,Ddi2,84301,DDI2,mouse
67063,Pgap4,84302,PGAP4,mouse
66098,Chchd6,84303,CHCHD6,mouse
68323,Nudt22,84304,NUDT22,mouse
78428,Pym1,84305,PYM1,mouse
68079,Pdcd2l,84306,PDCD2L,mouse
69256,Zfp397,84307,ZNF397,mouse
66911,Nudt16l1,84309,NUDT16L1,mouse
23957,Nr0b2,8431,NR0B2,mouse
73212,3110082I17Rik,84310,C7orf50,mouse
67036,Mrpl45,84311,MRPL45,mouse
52592,Brms1l,84312,BRMS1L,mouse
28084,Vps25,84313,VPS25,mouse
66910,Tmem107,84314,TMEM107,mouse
72825,Mon1a,84315,MON1A,mouse
78304,Naa38,84316,NAA38,mouse
69668,Ccdc115,84317,CCDC115,mouse
67200,Ccdc77,84318,CCDC77,mouse
66497,Cmss1,84319,CMSS1,mouse
72482,Acbd6,84320,ACBD6|LHX4-AS1,mouse
73666,Thoc3,84321,THOC3,mouse
66118,Sarnp,84324,SARNP,mouse
68347,Mettl26,84326,METTL26,mouse
72114,Zbed3,84327,ZBED3,mouse
69151,Lzic,84328,LZIC,mouse
74096,Hvcn1,84329,HVCN1,mouse
22286,Utf1,8433,UTF1,mouse
328801,Zfp414,84330,ZNF414,mouse
68241,Mcrip2,84331,MCRIP2,mouse
71200,Dydc2,84332,DYDC2,mouse
76073,Pcgf5,84333,PCGF5,mouse
68020,Coa8,84334,COA8,mouse
67605,Akt1s1,84335,AKT1S1,mouse
76547,Tmem101,84336,TMEM101,mouse
66126,Elof1,84337,ELOF1,mouse
53614,Reck,8434,RECK,mouse
320806,Gfm2,84340,GFM2,mouse
97484,Cog8,84342,COG8,mouse
12807,Hps3,84343,HPS3,mouse
223920,Soat2,8435,SOAT2,mouse
20324,Cavin2,8436,CAVIN2,mouse
77038,Arfgap2,84364,ARFGAP2,mouse
67949,Nifk,84365,NIFK,mouse
19415,Rasal1,8437,RASAL1,mouse
320191,Hook3,84376,HOOK3,mouse
19366,Rad54l,8438,RAD54L,mouse
18201,Nsmaf,8439,NSMAF,mouse
12372,Casq1,844,CASQ1,mouse
17974,Nck2,8440,NCK2,mouse
78896,Ecrg4,84417,ECRG4,mouse
66060,Cystm1,84418,CYSTM1,mouse
433470,AA467197,84419,C15orf48,mouse
14712,Gnpat,8443,GNPAT,mouse
246691,Prok1,84432,PROK1,mouse
108723,Card11,84433,CARD11,mouse
52389,Adgra1,84435,ADGRA1,mouse
100271882,Zfp1004,84436,ZNF528,mouse
24132,Zfp53,84436,ZNF528,mouse
210503,Zfp677,84436,ZNF528,mouse
208111,Zfp976,84436,ZNF528,mouse
380850,Gm5141,84436,ZNF528,mouse
408062,Zfp873,84436,ZNF528,mouse
545471,Zfp345,84436,ZNF528,mouse
77117,Zfp934,84436,ZNF528,mouse
78100,Msantd4,84437,MSANTD4,mouse
214305,Hhipl1,84439,HHIPL1,mouse
226419,Dyrk3,8444,DYRK3,mouse
268451,Rab11fip4,84440,RAB11FIP4,mouse
270118,Maml2,84441,MAML2,mouse
245643,Frmpd3,84443,FRMPD3,mouse
208266,Dot1l,84444,DOT1L,mouse
226154,Lzts2,84445,LZTS2,mouse
381979,Brsk1,84446,BRSK1,mouse
74126,Syvn1,84447,SYVN1,mouse
231148,Ablim2,84448,ABLIM2,mouse
100043915,Gm4724,84449,ZNF333,mouse
102633156,Gm14430|Gm4631,84449,ZNF333,mouse
101835,AW146154,84449,ZNF333,mouse
100039060,Gm2026,84449,ZNF333,mouse
100043381,Gm14308,84449,ZNF333,mouse
100303732,Zfp967,84449,ZNF333,mouse
242747,Zfp933,84449,ZNF333,mouse
626832,Gm6710,84449,ZNF333,mouse
626848,Zfp971,84449,ZNF333,mouse
627914,Gm14430|Gm4631,84449,ZNF333,mouse
329575,Gm14325,84449,ZNF333,mouse
668039,Gm14434,84449,ZNF333,mouse
667962,Zfp966,84449,ZNF333,mouse
665001,Gm14391,84449,ZNF333,mouse
69181,Dyrk2,8445,DYRK2,mouse
269639,Zfp512,84450,ZNF512,mouse
234878,Map3k21,84451,MAP3K21,mouse
230500,Efcab7,84455,EFCAB7,mouse
237339,L3mbtl3,84456,L3MBTL3,mouse
70911,Phyhipl|D630013N20Rik,84457,PHYHIPL,mouse
212391,Lcor,84458,LCOR,mouse
72102,Dusp11,8446,DUSP11,mouse
215693,Zmat1,84460,ZMAT1,mouse
216860,Neurl4,84461,NEURL4,mouse
52864,Slx4,84464,SLX4,mouse
214058,Megf11,84465,MEGF11,mouse
70417,Megf10,84466,MEGF10,mouse
13447,Doc2b,8447,DOC2B,mouse
13446,Doc2a,8448,DOC2A,mouse
69192,Dhx16,8449,DHX16,mouse
67544,Fam120b,84498,FAM120B,mouse
12373,Casq2,845,CASQ2,mouse
72584,Cul4b,8450,CUL4B,mouse
234857,Spire2,84501,SPIRE2,mouse
319984,Jph4,84502,JPH4,mouse
14912,Nkx6-2,84504,NKX6-2,mouse
99375,Cul4a,8451,CUL4A,mouse
71910,Plpp5,84513,PLPP5,mouse
80860,Ghdc,84514,GHDC,mouse
66634,Mcm8,84515,MCM8,mouse
59288,Dctn5,84516,DCTN5,mouse
76652,Actrt3,84517,ACTRT3,mouse
72383,Cnfn,84518,CNFN,mouse
54137,Acrbp,84519,ACRBP,mouse
26554,Cul3,8452,CUL3,mouse
100233175,Gon7,84520,GON7,mouse
67767,Jagn1,84522,JAGN1,mouse
57432,Zc3h8,84524,ZC3H8,mouse
74318,Hopx,84525,HOPX,mouse
399568,Cdin1,84529,CDIN1,mouse
71745,Cul2,8453,CUL2,mouse
68955,Srrm4,84530,SRRM4,mouse
68738,Acss1,84532,ACSS1,mouse
26965,Cul1,8454,CUL1,mouse
243574,Kbtbd8,84541,KBTBD8,mouse
71675,Sanbr,84542,SANBR,mouse
94067,Mrpl43,84545,MRPL43,mouse
319207,Pgbd1,84547,PGBD1,mouse
236848,Tmem185a,84548,TMEM185A,mouse
67920,Mak16,84549,MAK16,mouse
11990,Atrn,8455,ATRN,mouse
93737,Pard6g,84552,PARD6G,mouse
76132,Faxc,84553,FAXC,mouse
66734,Map1lc3a,84557,MAP1LC3A,mouse
15218,Foxn1,8456,FOXN1,mouse
17752,Mt4,84560,MT4,mouse
171286,Slc12a8,84561,SLC12A8,mouse
67328,Lyzl1,84569,LYZL1,mouse
77018,Col25a1,84570,COL25A1,mouse
214505,Gnptg,84572,GNPTG,mouse
74044,Ttf2,8458,TTF2,mouse
22022,Tpst2,8459,TPST2,mouse
12374,Casr,846,CASR,mouse
22021,Tpst1,8460,TPST1,mouse
58220,Pard6b,84612,PARD6B,mouse
240869,Zbtb37,84614,ZBTB37,mouse
105244938,Gm40460,84616,KRTAP4-4,mouse
100043627,Gm4559,84616,KRTAP4-4,mouse
108167466,Gm45618,84616,KRTAP4-4,mouse
71623,Krtap5-2,84616,KRTAP4-4,mouse
68673,Krtap4-2,84616,KRTAP4-4,mouse
67951,Tubb6,84617,TUBB6,mouse
230718,Nt5c1a,84618,NT5C1A,mouse
229007,Zgpat,84619,ZGPAT,mouse
194655,Klf11,8462,KLF11,mouse
240119,St6gal2,84620,ST6GAL2,mouse
67703,Kirrel3,84623,KIRREL3,mouse
68655,Fndc1,84624,FNDC1,mouse
77827,Krba1,84626,KRBA1,mouse
195209,Zfp469,84627,ZNF469,mouse
171171,Ntng2,84628,NTNG2,mouse
231861,Tnrc18,84629,TNRC18,mouse
21677,Tead2,8463,TEAD2,mouse
106763,Ttbk1,84630,TTBK1,mouse
245450,Slitrk2,84631,SLITRK2,mouse
226250,Afap1l2,84632,AFAP1L2,mouse
114229,Kiss1r,84634,KISS1R,mouse
213439,Gpr174,84636,GPR174,mouse
215274,Il1f10,84639,IL1F10,mouse
109115,Supt3,8464,SUPT3H,mouse
74841,Usp38,84640,USP38,mouse
66631,Mfsd14b,84641,MFSD14B,mouse
73470,Kif2b,84643,KIF2B,mouse
27660,1700088E04Rik,84645,C22orf23,mouse
69836,Pla2g12b,84647,PLA2G12B,mouse
94060,Lce3c,84648,LCE3D,mouse
66344,Lce3b,84648,LCE3D,mouse
67800,Dgat2,84649,DGAT2,mouse
68177,Ebpl,84650,EBPL,mouse
408198,Spink7,84651,SPINK7,mouse
79401,Spz1,84654,SPZ1,mouse
74022,Glyr1,84656,GLYR1,mouse
208908,Ccdc62,84660,CCDC62,mouse
66310,Dpy30,84661,DPY30,mouse
83396,Glis2,84662,GLIS2,mouse
68802,Mypn,84665,MYPN,mouse
245195,Retnlg,84666,RETNLB,mouse
57263,Retnlb,84666,RETNLB,mouse
57262,Retnla,84666,RETNLB,mouse
84653,Hes7,84667,HES7,mouse
84652,Fam126a,84668,FAM126A,mouse
237898,Usp32,84669,USP32,mouse
93762,Smarca5,8467,SMARCA5,mouse
224585,Zfp160,84671,ZNF347,mouse
239319,Card6,84674,CARD6,mouse
381485,Trim55,84675,TRIM55,mouse
433766,Trim63,84676,TRIM63,mouse
30841,Kdm2b,84678,KDM2B,mouse
236727,Slc9a7,84679,SLC9A7,mouse
94244,Fkbp6,8468,FKBP6,mouse
329470,Accs,84680,ACCS,mouse
68917,Hint2,84681,HINT2,mouse
56856,Insm2,84684,INSM2,mouse
217124,Ppp1r9b,84687,PPP1R9B,mouse
73721,1110017D15Rik,84688,C9orf24,mouse
383435,Ms4a14,84689,MS4A14,mouse
380709,Spata22,84690,SPATA22,mouse
330277,Garin1b,84691,GARIN1B,mouse
69339,Ccdc54,84692,CCDC54,mouse
73724,Mcee,84693,MCEE,mouse
16950,Loxl3,84695,LOXL3,mouse
57742,Abhd1,84696,ABHD1,mouse
353025,Caps2,84698,CAPS2,mouse
208677,Creb3l3,84699,CREB3L3,mouse
12359,Cat,847,CAT,mouse
234214,Sorbs2,8470,SORBS2,mouse
74376,Myo18b,84700,MYO18B,mouse
84682,Cox4i2,84701,COX4I2,mouse
70359,Gtpbp3,84705,GTPBP3,mouse
108682,Gpt2,84706,GPT2,mouse
12069,Bex2,84707,BEX2,mouse
19716,Bex1,84707,BEX2,mouse
16924,Lnx1,84708,LNX1,mouse
67749,Mgarp,84709,MGARP,mouse
16370,Irs4,8471,IRS4,mouse
15193,Hdgfl2,84717,HDGFL2,mouse
56703,Pigo,84720,PIGO,mouse
56742,Psrc1,84722,PSRC1,mouse
231999,Plekha8,84725,PLEKHA8,mouse
227723,Prrc2b,84726,PRRC2B,mouse
14794,Spsb2,84727,SPSB2|LOC105369632,mouse
108155,Ogt,8473,OGT,mouse
12416,Cbx2,84733,CBX2,mouse
230766,Fam167b,84734,FAM167B,mouse
338403,Cndp1,84735,CNDP1,mouse
106840,Unc119b,84747,UNC119B,mouse
100756,Usp30|Gm16108,84749,USP30,mouse
171167,Fut10,84750,FUT10,mouse
97440,B3gnt9,84752,B3GNT9,mouse
69837,Pcgf1,84759,PCGF1,mouse
226751,Cdc42bpa,8476,CDC42BPA,mouse
381812,Cracr2a,84766,CRACR2A,mouse
547109,Trim43a,84767,TRIM51,mouse
666747,Trim43b,84767,TRIM51,mouse
666731,Trim43c,84767,TRIM51,mouse
234384,Mpv17l2,84769,MPV17L2,mouse
14744,Gpr65,8477,GPR65,mouse
125480935,Tmem276,84773,TMEM276,mouse
74352,Zfp84,84775,ZNF607,mouse
27366,Txnl4a|Naa12,84779,NAA11,mouse
97243,Naa11,84779,NAA11,mouse
232811,Kmt5c,84787,KMT5C,mouse
233876,Hirip3,8479,HIRIP3,mouse
22146,Tuba1c,84790,TUBA1C,mouse
122526778,Fam220a|Sagsin1,84792,FAM220A,mouse
67238,Fam220a|Sagsin1,84792,FAM220A,mouse
74580,Pyroxd2,84795,PYROXD2,mouse
668661,2410002F23Rik,84798,C19orf48,mouse
66679,Rae1,8480,RAE1,mouse
231510,Gpat3,84803,GPAT3,mouse
211798,Mfsd9,84804,MFSD9,mouse
243910,Nfkbid,84807,NFKBID,mouse
74183,Perm1,84808,PERM1,mouse
237222,Ofd1,8481,OFD1,mouse
215051,Bud13,84811,BUD13,mouse
18802,Plcd4,84812,PLCD4,mouse
227721,Plpp7,84814,PLPP7,mouse
170728,Rtn4ip1,84816,RTN4IP1,mouse
52700,Txndc17,84817,TXNDC17,mouse
171095,Il17rc,84818,IL17RC,mouse
20361,Sema7a,8482,SEMA7A,mouse
16907,Lmnb2,84823,LMNB2,mouse
98752,Fcrla,84824,FCRLA,mouse
67158,Sft2d3,84826,SFT2D3,mouse
214425,Cilp,8483,CILP,mouse
109254,Adtrp,84830,ADTRP,mouse
66477,Atp5mk|Gm35857,84833,ATP5MK,mouse
76491,Abhd14b,84836,ABHD14B,mouse
268417,Zkscan17,84838,ZNF496,mouse
14429,Galr3,8484,GALR3,mouse
242642,Hpdl,84842,HPDL,mouse
68479,Phf5a,84844,PHF5A,mouse
212085,Trim52,84851,TRIM52,mouse
218820,Zfp503,84858,ZNF503,mouse
70144,Lrch3,84859,LRCH3,mouse
224023,Klhl22,84861,KLHL22,mouse
67014,Riox2,84864,RIOX2,mouse
243510,Ccdc142,84865,CCDC142,mouse
71687,Tmem25,84866,TMEM25,mouse
19259,Ptpn5,84867,PTPN5,mouse
171285,Havcr2,84868,HAVCR2,mouse
234309,Cbr4,84869,CBR4,mouse
66603,Gemin2,8487,GEMIN2,mouse
72780,Rspo3,84870,RSPO3,mouse
78933,Agbl4,84871,AGBL4,mouse
103284,Zc3h10,84872,ZC3H10,mouse
239853,Adgrg7,84873,ADGRG7,mouse
671535,Parp10,84875,PARP10,mouse
109305,Orai1,84876,ORAI1,mouse
232879,Zbtb45,84878,ZBTB45,mouse
76574,Mfsd2a,84879,MFSD2A,mouse
71989,Rpusd4,84881,RPUSD4,mouse
71361,Aifm2,84883,AIFM2,mouse
66220,Zdhhc12,84885,ZDHHC12,mouse
69551,2310022B05Rik,84886,C1orf198,mouse
66552,Sppl2a,84888,SPPL2A,mouse
11989,Slc7a3,84889,SLC7A3,mouse
211488,Ado,84890,ADO,mouse
332221,Zscan10,84891,ZSCAN10,mouse
215494,Pomgnt2,84892,POMGNT2,mouse
50755,Fbh1,84893,FBH1,mouse
235402,Lingo1,84894,LINGO1,mouse
108958,Miga2,84895,MIGA2,mouse
67979,Atad1,84896,ATAD1,mouse
21376,Tbrg1,84897,TBRG1,mouse
67448,Plxdc2,84898,PLXDC2,mouse
70551,Tmtc4,84899,TMTC4,mouse
19737,Rgs5,8490,RGS5,mouse
269695,Rnft2,84900,RNFT2,mouse
18020,Nfatc2ip,84901,NFATC2IP,mouse
72140,Cep89,84902,CEP89,mouse
230098,Arhgef39,84904,ARHGEF39,mouse
228807,Zfp341,84905,ZNF341,mouse
66488,Fam136a|Gm30502,84908,FAM136A,mouse
72061,Aopep,84909,AOPEP,mouse
225028,Map4k3,8491,MAP4K3,mouse
72477,Tmem87b,84910,TMEM87B,mouse
233060,Zfp382,84911,ZNF382,mouse
58246,Slc35b4,84912,SLC35B4,mouse
71093,Atoh8,84913,ATOH8,mouse
433940,Fam222a,84915,FAM222A,mouse
21771,Utp4,84916,UTP4,mouse
237253,Lrp11,84918,LRP11,mouse
108954,Ppp1r15b,84919,PPP1R15B,mouse
19142,Prss12,8492,PRSS12,mouse
380959,Alg10b,84920,ALG10,mouse
23877,Fiz1,84922,FIZ1,mouse
28081,Fam104a,84923,FAM104A,mouse
72556,Zfp566,84924,ZNF566,mouse
224132,Slc49a4,84925,SLC49A4,mouse
223918,Spryd3,84926,SPRYD3,mouse
72649,Tmem209,84928,TMEM209,mouse
98970,Fibcd1,84929,FIBCD1,mouse
53892,Ppm1d,8493,PPM1D,mouse
67121,Mastl,84930,MASTL,mouse
76338,Rab2b,84932,RAB2B,mouse
75758,9130401M01Rik,84933,C8orf76,mouse
100764,Rita1,84934,RITA1,mouse
70717,Medag,84935,MEDAG,mouse
72008,Zfyve19,84936,ZFYVE19,mouse
170737,Znrf1,84937,ZNRF1,mouse
242557,Atg4c,84938,ATG4C,mouse
68114,Pwwp3a,84939,PWWP3A,mouse
216961,Coro6,84940,CORO6,mouse
209488,Hsh2d,84941,HSH2D,mouse
71968,Wdr73,84942,WDR73,mouse
98558,Mael,84944,MAEL,mouse
68904,Abhd13,84945,ABHD13,mouse
353258,Ltv1,84946,LTV1,mouse
321007,Serac1,84947,SERAC1,mouse
105734,Tigd5,84948,TIGD5,mouse
19024,Ppfibp2,8495,PPFIBP2,mouse
230596,Prpf38a,84950,PRPF38A,mouse
217169,Tns4,84951,TNS4,mouse
68178,Cgnl1,84952,CGNL1,mouse
68047,Mpnd,84954,MPND,mouse
67429,Nudcd1,84955,NUDCD1,mouse
320100,Relt,84957,RELT,mouse
269589,Sytl1,84958,SYTL1,mouse
72828,Ubash3b,84959,UBASH3B,mouse
67533,Ppfibp1,8496,PPFIBP1,mouse
77058,Ccdc183,84960,CCDC183,mouse
72194,Fbxl20,84961,FBXL20,mouse
16475,Ajuba,84962,AJUBA,mouse
233065,Alkbh6,84964,ALKBH6,mouse
230868,Igsf21,84966,IGSF21,mouse
116748,Lsm10,84967,LSM10,mouse
269389,Tox2,84969,TOX2,mouse
68507,Ppfia4,8497,PPFIA4,mouse
635169,CK137956,84970,C1orf94,mouse
235040,Atg4d,84971,ATG4D,mouse
72091,Snhg7,84973,SNHG7,mouse
106073,Mfsd5,84975,MFSD5,mouse
68897,Disp1,84976,DISP1,mouse
228564,Frmd5,84978,FRMD5,mouse
71810,Ranbp3,8498,RANBP3,mouse
100042498,Mir22hg,84981,MIR22HG,mouse
66994,Cep19,84984,CEP19,mouse
239463,Fam83a,84985,FAM83A,mouse
71085,Arhgap19,84986,ARHGAP19,mouse
66379,Cox14,84987,COX14,mouse
73062,Ppp1r16a,84988,PPP1R16A,mouse
327814,Ppfia2,8499,PPFIA2,mouse
76938,Rbm17,84991,RBM17,mouse
66268,Pigyl,84992,PIGY,mouse
69459,Ubl7,84993,UBL7,mouse
233977,Ppfia1,8500,PPFIA1,mouse
70511,Eef2kmt,85002,FAM86B1,mouse
232441,Rerg,85004,RERG,mouse
72947,Phykpl,85007,PHYKPL,mouse
72401,Slc43a1,8501,SLC43A1,mouse
594844,Tceal3,85012,TCEAL3,mouse
331532,Tceal5,85012,TCEAL3,mouse
66104,Tceal6,85012,TCEAL3,mouse
66309,Tmem128,85013,TMEM128,mouse
51875,Tmem141,85014,TMEM141,mouse
77593,Usp45,85015,USP45,mouse
234912,Cfap300,85016,CFAP300,mouse
338363,Tmem241,85019,TMEM241,mouse
227937,Pkp4,8502,PKP4,mouse
19707,Reps1,85021,REPS1,mouse
212090,Tmem60,85025,TMEM60,mouse
106878,Smim3,85027,SMIM3,mouse
100039864,Snhg12,85028,SNHG12,mouse
18710,Pik3r3,8503,PIK3R3,mouse
56535,Pex3,8504,PEX3,mouse
26430,Parg,8505,PARG,mouse
53321,Cntnap1,8506,CNTNAP1,mouse
13803,Enc1,8507,ENC1,mouse
18082,Nipsnap1,8508,NIPSNAP1,mouse
17423,Ndst2,8509,NDST2,mouse
26561,Mmp23,8510,MMP23B,mouse
17194,Mbl1,8512,MBL1P,mouse
67717,Lipf,8513,LIPF,mouse
16498,Kcnab2,8514,KCNAB2,mouse
213119,Itga10,8515,ITGA10,mouse
241226,Itga8,8516,ITGA8,mouse
16151,Ikbkg,8517,IKBKG,mouse
230233,Elp1,8518,ELP1,mouse
80876,Ifitm2,8519,IFITM1,mouse
66141,Ifitm3,8519,IFITM1,mouse
68713,Ifitm1,8519,IFITM1,mouse
74482,Ifitm7,8519,IFITM1,mouse
107435,Hat1,8520,HAT1,mouse
14531,Gcm1,8521,GCM1,mouse
14457,Gas7,8522,GAS7,mouse
104418,Dgkz,8525,DGKZ,mouse
56077,Dgke,8526,DGKE,mouse
227333,Dgkd,8527,DGKD,mouse
70503,Ddo,8528,DDO,mouse
108167466,Gm45618,85285,KRTAP4-1,mouse
100043627,Gm4559,85285,KRTAP4-1,mouse
105244938,Gm40460,85285,KRTAP4-1,mouse
435285,Krtap4-16,85285,KRTAP4-1,mouse
71623,Krtap5-2,85285,KRTAP4-1,mouse
100009614,Gm10024,85289,KRTAP4-5,mouse
100043627,Gm4559,85289,KRTAP4-5,mouse
105244938,Gm40460,85289,KRTAP4-5,mouse
100191037,Krtap10-4,85289,KRTAP4-5,mouse
100041261,Gm3238,85289,KRTAP4-5,mouse
100502921,Gm10142,85289,KRTAP4-5,mouse
108167466,Gm45618,85289,KRTAP4-5,mouse
100041250,Gm3233,85289,KRTAP4-5,mouse
100502831,Gm19402,85289,KRTAP4-5,mouse
100503388,Gm19668,85289,KRTAP4-5,mouse
16694,Krtap12-1,85289,KRTAP4-5,mouse
100502953,Gm10100,85289,KRTAP4-5,mouse
100040299,Gm2696,85289,KRTAP4-5,mouse
100041281,Gm3250,85289,KRTAP4-5,mouse
102639995,Gm36176,85289,KRTAP4-5,mouse
16697,Gm10272,85289,KRTAP4-5,mouse
100041351,Gm3285,85289,KRTAP4-5,mouse
102640500,Gm7138,85289,KRTAP4-5,mouse
544710,Krtap10-10,85289,KRTAP4-5,mouse
622629,Gm10318,85289,KRTAP4-5,mouse
634504,Gm7137,85289,KRTAP4-5,mouse
670895,Gm9508,85289,KRTAP4-5,mouse
71623,Krtap5-2,85289,KRTAP4-5,mouse
675294,Gm9639,85289,KRTAP4-5,mouse
670464,Gm11596,85289,KRTAP4-5,mouse
77763,Gm9736,85289,KRTAP4-5,mouse
68673,Krtap4-2,85289,KRTAP4-5,mouse
670472,Gm11569,85289,KRTAP4-5,mouse
670880,Gm9507,85289,KRTAP4-5,mouse
68768,Krtap4-6,85289,KRTAP4-5,mouse
665998,Krtap4-9,85289,KRTAP4-5,mouse
665992,Krtap4-8,85289,KRTAP4-5,mouse
670496,Gm11564,85289,KRTAP4-5,mouse
670482,Gm11554,85289,KRTAP4-5,mouse
106648,Cyp4f15,8529,CYP4F2,mouse
631304,Cyp4f40,8529,CYP4F2,mouse
64385,Cyp4f14,8529,CYP4F2,mouse
100040248,Gm11563,85290,KRTAP4-3,mouse
665891,Krtap4-1,85290,KRTAP4-3,mouse
68673,Krtap4-2,85290,KRTAP4-3,mouse
670496,Gm11564,85290,KRTAP4-3,mouse
670464,Gm11596,85290,KRTAP4-3,mouse
68768,Krtap4-6,85290,KRTAP4-3,mouse
665992,Krtap4-8,85290,KRTAP4-3,mouse
105244938,Gm40460,85291,KRTAP4-2,mouse
108167466,Gm45618,85291,KRTAP4-2,mouse
100043627,Gm4559,85291,KRTAP4-2,mouse
435285,Krtap4-16,85291,KRTAP4-2,mouse
71623,Krtap5-2,85291,KRTAP4-2,mouse
66380,Krtap3-3,85293,KRTAP3-3,mouse
66708,Krtap3-2,85293,KRTAP3-3,mouse
13011,Cst7,8530,CST7,mouse
16467,Atcay,85300,ATCAY,mouse
373864,Col27a1,85301,COL27A1,mouse
217335,Fbf1,85302,FBF1,mouse
56449,Ybx3,8531,YBX3,mouse
67418,Ppil4,85313,PPIL4,mouse
74229,Paqr8,85315,PAQR8,mouse
242939,Cpz,8532,CPZ,mouse
56072,Lgals12,85329,LGALS12,mouse
26572,Cops3,8533,COPS3,mouse
76969,Chst1,8534,CHST1,mouse
406219,Krt87,85349,KRT87P,mouse
12418,Cbx4,8535,CBX4,mouse
72301,Shisal1,85352,SHISAL1,mouse
58234,Shank3,85358,SHANK3,mouse
13353,Dgcr6,85359,DGCR6L,mouse
52163,Camk1,8536,CAMK1,mouse
71709,Syde1,85360,SYDE1,mouse
20128,Trim30a,85363,TRIM5,mouse
244183,Trim30b|Gm38525,85363,TRIM5,mouse
209387,Trim30d,85363,TRIM5,mouse
319236,Trim12c,85363,TRIM5,mouse
434219,Trim30c,85363,TRIM5,mouse
667823,Trim5,85363,TRIM5,mouse
76681,Trim12a,85363,TRIM5,mouse
67917,Zcchc3,85364,ZCCHC3,mouse
56737,Alg2,85365,ALG2,mouse
228785,Mylk2,85366,MYLK2,mouse
229707,Strip1,85369,STRIP1,mouse
76960,Bcas1,8537,BCAS1,mouse
239731,Rimbp3,85376,RIMBP3,mouse
27008,Micall1,85377,MICALL1,mouse
328580,Tubgcp6,85378,TUBGCP6,mouse
243219,2900026A02Rik,85379,KIAA1671,mouse
12023,Barx2,8538,BARX2,mouse
11800,Api5,8539,API5,mouse
108707,Slx9,85395,SLX9,mouse
67792,Rgs8,85397,RGS8,mouse
228061,Agps,8540,AGPS,mouse
74427,Eaf1,85403,EAF1,mouse
74330,Dnajc14,85406,DNAJC14,mouse
93960,Nkd1,85407,NKD1,mouse
72293,Nkd2,85409,NKD2,mouse
76787,Ppfia3,8541,PPFIA3,mouse
70840,Slc22a16,85413,SLC22A16,mouse
212980,Slc45a3,85414,SLC45A3,mouse
52428,Rhpn2,85415,RHPN2,mouse
65100,Zic5,85416,ZIC5,mouse
209091,Ccnb3,85417,CCNB3,mouse
108956,Apol7c,8542,APOL1,mouse
239552,Apol8,8542,APOL1,mouse
223672,Apol9a,8542,APOL1,mouse
245282,Apol10a,8542,APOL1,mouse
328561,Apol10b,8542,APOL1,mouse
278679,Apol7b,8542,APOL1,mouse
626615,Apol11a,8542,APOL1,mouse
328563,Apol11b,8542,APOL1,mouse
71898,Apol9b,8542,APOL1,mouse
666348,Apol7e,8542,APOL1,mouse
75761,Apol7a,8542,APOL1,mouse
16911,Lmo4,8543,LMO4,mouse
67197,Zcrb1,85437,ZCRB1,mouse
70977,Cabs1,85438,CABS1,mouse
108800,Ston2,85439,STON2,mouse
69656,Pir,8544,PIR,mouse
67299,Dock7,85440,DOCK7,mouse
229003,Helz2,85441,HELZ2,mouse
76484,Kndc1,85442,KNDC1,mouse
245038,Dclk3,85443,DCLK3,mouse
71710,Lrrcc1,85444,LRRCC1,mouse
170571,Cntnap4,85445,CNTNAP4,mouse
239102,Zfhx2,85446,ZFHX2,mouse
228846,D630003M21Rik,85449,KIAA1755,mouse
106143,Cggbp1,8545,CGGBP1,mouse
414801,Itprip,85450,ITPRIP,mouse
217331,Unk,85451,UNK,mouse
544678,Cfap74,85452,CFAP74,mouse
239364,Tspyl5,85453,TSPYL5,mouse
214240,Disp2,85455,DISP2,mouse
228140,Tnks1bp1,85456,TNKS1BP1,mouse
217732,Cipc,85457,CIPC,mouse
330938,Dixdc1,85458,DIXDC1,mouse
319675,Cep295,85459,CEP295,mouse
11774,Ap3b1,8546,AP3B1,mouse
100515,Zfp518b,85460,ZNF518B,mouse
66860,Tanc1,85461,TANC1,mouse
229474,Fhdc1,85462,FHDC1,mouse
244871,Zc3h12c,85463,ZC3H12C,mouse
237860,Ssh2,85464,SSH2,mouse
28042,Selenoi,85465,SELENOI,mouse
16815,Lbx2,85474,LBX2,mouse
28030,Gfm1,85476,GFM1,mouse
20259,Scin,85477,SCIN,mouse
105833,Ccdc65,85478,CCDC65,mouse
66326,Dnajc5b,85479,DNAJC5B,mouse
66352,Blzf1,8548,BLZF1,mouse
53603,Tslp,85480,TSLP,mouse
14160,Lgr5,8549,LGR5,mouse
85029,Rpph1,85495,RPPH1,mouse
17165,Mapkapk5,8550,MAPKAPK5,mouse
545474,Scrt2,85508,SCRT2,mouse
73503,Mbd3l1,85509,MBD3L1,mouse
20893,Bhlhe40,8553,BHLHE40,mouse
56469,Pias1,8554,PIAS1,mouse
218294,Cdc14b,8555,CDC14B,mouse
229776,Cdc14a,8556,CDC14A,mouse
232836,Galp,85569,GALP,mouse
21393,Tcap,8557,TCAP,mouse
234854,Cdk10,8558,CDK10,mouse
67229,Prpf18,8559,PRPF18,mouse
13244,Degs1,8560,DEGS1,mouse
619326,9130409I23Rik,8560,DEGS1,mouse
68184,Denr,8562,DENR,mouse
107829,Thoc5,8563,THOC5,mouse
98256,Kmo,8564,KMO,mouse
107271,Yars,8565,YARS1,mouse
216134,Pdxk,8566,PDXK,mouse
228355,Madd,8567,MADD,mouse
18114,Rrp1,8568,RRP1,mouse
17346,Mknk1,8569,MKNK1,mouse
12389,Cav1,857,CAV1,mouse
16549,Khsrp,8570,KHSRP,mouse
30794,Pdlim4,8572,PDLIM4,mouse
12361,Cask,8573,CASK,mouse
110198,Akr7a5,8574,AKR7A2,mouse
23992,Prkra,8575,PRKRA,mouse
20872,Stk16,8576,STK16,mouse
230157,Tmeff1,8577,TMEFF1,mouse
380713,Scarf1,8578,SCARF1,mouse
12390,Cav2,858,CAV2,mouse
17068,Ly6d,8581,LY6D,mouse
207704,Gtpbp10,85865,GTPBP10|LOC101927446,mouse
12391,Cav3,859,CAV3,mouse
18317,Olfr2,8590,OR6A2,mouse
56456,Actl6a,86,ACTL6A,mouse
12393,Runx2,860,RUNX2,mouse
21943,Tnfsf11,8600,TNFSF11,mouse
58175,Rgs20,8601,RGS20,mouse
75416,Nop14,8602,NOP14,mouse
231128,Fam193a,8603,FAM193A,mouse
78830,Slc25a12,8604,SLC25A12,mouse
232889,Pla2g4c,8605,PLA2G4C,mouse
56505,Ruvbl1,8607,RUVBL1,mouse
103142,Rdh9,8608,RDH16,mouse
107605,Rdh1,8608,RDH16,mouse
216454,Rdh16f2,8608,RDH16,mouse
19683,Rdh16,8608,RDH16,mouse
216453,Rdh19,8608,RDH16,mouse
54150,Rdh7,8608,RDH16,mouse
93691,Klf7,8609,KLF7,mouse
12394,Runx1,861,RUNX1|LOC100506403,mouse
19012,Plpp1,8611,PLPP1,mouse
50784,Plpp2,8612,PLPP2,mouse
67916,Plpp3,8613,PLPP3,mouse
20856,Stc2,8614,STC2,mouse
56041,Uso1,8615,USO1,mouse
27062,Cadps,8618,CADPS,mouse
12395,Runx1t1,862,RUNX1T1,mouse
54615,Npff,8620,NPFF,mouse
69562,Cdk13,8621,CDK13,mouse
218461,Pde8b,8622,PDE8B,mouse
56088,Psmg1,8624,PSMG1,mouse
19727,Rfxank,8625,RFXANK,mouse
22061,Trp63,8626,TP63,mouse
16469,Jrk,8629,JRK,mouse
12398,Cbfa2t3,863,CBFA2T3,mouse
27400,Hsd17b6,8630,HSD17B6,mouse
78473,Skap1,8631,SKAP1,mouse
69926,Dnah17,8632,DNAH17,mouse
22253,Unc5c,8633,UNC5C,mouse
66368,Rtca,8634,RTCA,mouse
100037283,Rnaset2a,8635,RNASET2,mouse
68195,Rnaset2b,8635,RNASET2,mouse
68475,Ssna1,8636,SSNA1,mouse
108112,Eif4ebp3,8637,EIF4EBP3,mouse
231655,Oasl1,8638,OASL,mouse
11754,Aoc3,8639,AOC3,mouse
12399,Runx3,864,RUNX3,mouse
93701,Pcdhgb4,8641,PCDHGB4,mouse
233651,Dchs1,8642,DCHS1,mouse
19207,Ptch2,8643,PTCH2,mouse
116852,Akr1c20,8644,AKR1C3,mouse
105387,Akr1c14,8644,AKR1C3,mouse
105349,Akr1c18,8644,AKR1C3,mouse
27384,Akr1c13,8644,AKR1C3,mouse
622402,Akr1c12,8644,AKR1C3,mouse
432720,Akr1c19,8644,AKR1C3,mouse
70861,Akr1cl,8644,AKR1C3,mouse
77337,Akr1c21,8644,AKR1C3,mouse
83702,Akr1c6,8644,AKR1C3,mouse
16529,Kcnk5,8645,KCNK5,mouse
12667,Chrd,8646,CHRD,mouse
27413,Abcb11,8647,ABCB11,mouse
17977,Ncoa1,8648,NCOA1,mouse
56692,Lamtor3,8649,LAMTOR3,mouse
12400,Cbfb,865,CBFB,mouse
18222,Numb,8650,NUMB,mouse
12703,Socs1,8651,SOCS1,mouse
26900,Ddx3y,8653,DDX3Y,mouse
242202,Pde5a,8654,PDE5A,mouse
408058,BC048507,8655,DYNLL1,mouse
56455,Dynll1,8655,DYNLL1,mouse
21951,Tnks,8658,TNKS,mouse
212647,Aldh4a1,8659,ALDH4A1,mouse
12401,Serpina6,866,SERPINA6,mouse
384783,Irs2,8660,IRS2,mouse
13669,Eif3a,8661,EIF3A,mouse
27979,Eif3b,8662,EIF3B,mouse
56347,Eif3c,8663,EIF3C,mouse
55944,Eif3d,8664,EIF3D,mouse
66085,Eif3f,8665,EIF3F,mouse
53356,Eif3g,8666,EIF3G,mouse
68135,Eif3h,8667,EIF3H,mouse
54709,Eif3i,8668,EIF3I,mouse
100042807,Eif3j2,8669,EIF3J,mouse
78655,Eif3j1,8669,EIF3J,mouse
12402,Cbl,867,CBL,mouse
54403,Slc4a4,8671,SLC4A4,mouse
230861,Eif4g3,8672,EIF4G3,mouse
22320,Vamp8,8673,VAMP8,mouse
53330,Vamp4,8674,VAMP4,mouse
228960,Stx16,8675,STX16,mouse
74732,Stx11,8676,STX11,mouse
56208,Becn1,8678,BECN1,mouse
208650,Cblb,868,CBLB,mouse
211429,Pla2g4b,8681,JMJD7-PLA2G4B,mouse
18611,Pea15a,8682,PEA15,mouse
108014,Srsf9,8683,SRSF9,mouse
17167,Marco,8685,MARCO,mouse
16673,Krt36,8689,KRT36,mouse
12404,Cbln1,869,CBLN1,mouse
77532,Jrkl,8690,JRKL,mouse
15587,Hyal2,8692,HYAL2,mouse
14426,Galnt4,8693,GALNT4,mouse
13350,Dgat1,8694,DGAT1,mouse
52563,Cdc23,8697,CDC23,mouse
13611,S1pr4,8698,S1PR4,mouse
109711,Actn1,87,ACTN1,mouse
13411,Dnah11,8701,DNAH11,mouse
56375,B4galt4,8702,B4GALT4,mouse
57370,B4galt3,8703,B4GALT3,mouse
53418,B4galt2,8704,B4GALT2,mouse
54218,B3galt4,8705,B3GALT4,mouse
26879,B3galnt1,8706,B3GALNT1,mouse
26878,B3galt2,8707,B3GALT2,mouse
26877,B3galt1,8708,B3GALT1,mouse
12406,Serpinh1,871,SERPINH1,mouse
116872,Serpinb7,8710,SERPINB7,mouse
83813,Tnk1,8711,TNK1,mouse
76408,Abcc3,8714,ABCC3,mouse
319211,Nol4,8715,NOL4,mouse
71609,Tradd,8717,TRADD,mouse
71701,Pnpt1,87178,PNPT1,mouse
85030,Tnfrsf25,8718,TNFRSF25,mouse
56453,Mbtps1,8720,MBTPS1,mouse
59022,Edf1,8721,EDF1,mouse
56464,Ctsf,8722,CTSF,mouse
69150,Snx4,8723,SNX4,mouse
54198,Snx3,8724,SNX3,mouse
19777,Uri1,8725,URI1,mouse
13626,Eed,8726,EED,mouse
54366,Ctnnal1,8727,CTNNAL1,mouse
11492,Adam19,8728,ADAM19,mouse
107338,Gbf1,8729,GBF1,mouse
12408,Cbr1,873,CBR1,mouse
435489,Gm5678,873,CBR1,mouse
67897,Rnmt,8731,RNMT,mouse
24018,Rngtt,8732,RNGTT,mouse
14731,Gpaa1,8733,GPAA1,mouse
544791,Myh13,8735,MYH13,mouse
17929,Myom1,8736,MYOM1,mouse
19766,Ripk1,8737,RIPK1,mouse
12905,Cradd,8738,CRADD,mouse
12123,Hrk,8739,HRK,mouse
109857,Cbr3,874,CBR3,mouse
50930,Tnfsf14,8740,TNFSF14,mouse
69583,Tnfsf13,8741,TNFSF13,mouse
21944,Tnfsf12,8742,TNFSF12,mouse
22035,Tnfsf10,8743,TNFSF10,mouse
21950,Tnfsf9,8744,TNFSF9,mouse
23792,Adam23,8745,ADAM23,mouse
56622,Adam21,8747,ADAM21,mouse
23793,Adam25,8748,ADAM20,mouse
546055,Adam39,8748,ADAM20,mouse
384806,Adam20,8748,ADAM20,mouse
12411,Cbs,875,CBS,mouse
11490,Adam15,8751,ADAM15,mouse
11502,Adam9,8754,ADAM9,mouse
11500,Adam7,8756,ADAM7,mouse
110911,Cds2,8760,CDS2,mouse
230721,Pabpc4,8761,PABPC4,mouse
53599,Cd164,8763,CD164,mouse
230979,Tnfrsf14,8764,TNFRSF14,mouse
21933,Tnfrsf10b,8764,TNFRSF14,mouse
53869,Rab11a,8766,RAB11A,mouse
192656,Ripk2,8767,RIPK2,mouse
14082,Fadd,8772,FADD,mouse
20619,Snap23,8773,SNAP23,mouse
108123,Napg,8774,NAPG,mouse
108124,Napa,8775,NAPA,mouse
53332,Mtmr1,8776,MTMR1,mouse
223267,Ggact,87769,GGACT,mouse
17475,Mpdz,8777,MPDZ,mouse
233186,Siglecf,8778,SIGLEC5,mouse
66878,Riok3,8780,RIOK3,mouse
21936,Tnfrsf18,8784,TNFRSF18,mouse
17183,Matn4,8785,MATN4,mouse
50782,Rgs11,8786,RGS11,mouse
19739,Rgs9,8787,RGS9,mouse
13386,Dlk1,8788,DLK1,mouse
14120,Fbp2,8789,FBP2,mouse
75540,Fpgt,8790,FPGT,mouse
21934,Tnfrsf11a,8792,TNFRSF11A,mouse
21933,Tnfrsf10b,8793,TNFRSF10D,mouse
244237,Tnfrsf26,8793,TNFRSF10D,mouse
79201,Tnfrsf23,8793,TNFRSF10D,mouse
79202,Tnfrsf22,8793,TNFRSF10D,mouse
244237,Tnfrsf26,8794,TNFRSF10C,mouse
21933,Tnfrsf10b,8794,TNFRSF10C,mouse
79202,Tnfrsf22,8794,TNFRSF10C,mouse
79201,Tnfrsf23,8794,TNFRSF10C,mouse
21933,Tnfrsf10b,8795,TNFRSF10B,mouse
244237,Tnfrsf26,8795,TNFRSF10B,mouse
79202,Tnfrsf22,8795,TNFRSF10B,mouse
79201,Tnfrsf23,8795,TNFRSF10B,mouse
64929,Scel,8796,SCEL,mouse
21933,Tnfrsf10b,8797,TNFRSF10A,mouse
101320,Dyrk4,8798,DYRK4,mouse
18632,Pex11b,8799,PEX11B,mouse
11472,Actn2,88,ACTN2,mouse
18631,Pex11a,8800,PEX11A,mouse
20917,Suclg2,8801,SUCLG2,mouse
56451,Suclg1,8802,SUCLG1,mouse
20916,Sucla2,8803,SUCLA2,mouse
433375,Creg1,8804,CREG1,mouse
21848,Trim24,8805,TRIM24,mouse
16174,Il18rap,8807,IL18RAP,mouse
107527,Il1rl2,8808,IL1RL2,mouse
16182,Il18r1,8809,IL18R1,mouse
442829,Ccin,881,CCIN,mouse
14428,Galr2,8811,GALR2,mouse
12454,Ccnk,8812,CCNK,mouse
13480,Dpm1,8813,DPM1,mouse
71091,Cdkl1,8814,CDKL1,mouse
23825,Banf1,8815,BANF1,mouse
320808,Dcaf5,8816,DCAF5,mouse
14172,Fgf18,8817,FGF18,mouse
13481,Dpm2,8818,DPM2,mouse
60406,Sap30,8819,SAP30,mouse
15209,Hesx1,8820,HESX1,mouse
234515,Inpp4b,8821,INPP4B,mouse
14171,Fgf17,8822,FGF17,mouse
80903,Fgf16,8823,FGF16,mouse
102022,Ces2a,8824,CES2,mouse
234669,Ces2b,8824,CES2,mouse
234671,Ces2c,8824,CES2,mouse
234673,Ces2e,8824,CES2,mouse
436059,Ces2h,8824,CES2,mouse
72361,Ces2g,8824,CES2,mouse
71903,Ces2f,8824,CES2,mouse
108030,Lin7a,8825,LIN7A,mouse
29875,Iqgap1,8826,IQGAP1,mouse
18187,Nrp2,8828,NRP2,mouse
18186,Nrp1,8829,NRP1,mouse
70266,Kyat1,883,KYAT1,mouse
240057,Syngap1,8831,SYNGAP1,mouse
12523,Cd84,8832,CD84,mouse
229363,Gmps,8833,GMPS,mouse
216821,Tmem11,8834,TMEM11,mouse
216233,Socs2,8835,SOCS2,mouse
14590,Ggh,8836,GGH,mouse
12633,Cflar,8837,CFLAR,mouse
327743,Ccn6,8838,CCN6,mouse
22403,Ccn5,8839,CCN5,mouse
22402,Ccn4,8840,CCN4,mouse
15183,Hdac3,8841,HDAC3,mouse
19126,Prom1,8842,PROM1,mouse
80885,Hcar2,8843,HCAR3,mouse
16706,Ksr1,8844,KSR1,mouse
68420,Ankrd13a,88455,ANKRD13A,mouse
211064,Alkbh1|Nrp,8846,ALKBH1,mouse
21807,Tsc22d1,8848,TSC22D1,mouse
12424,Cck,885,CCK,mouse
18519,Kat2b,8850,KAT2B,mouse
12569,Cdk5r1,8851,CDK5R1,mouse
11643,Akap4,8852,AKAP4,mouse
211914,Asap2,8853,ASAP2,mouse
19378,Aldh1a2,8854,ALDH1A2,mouse
18171,Nr1i2,8856,NR1I2,mouse
215384,Fcgbp,8857,FCGBP,mouse
319482,9530053A07Rik,8857,FCGBP,mouse
66901,Proz,8858,PROZ,mouse
54402,Stk19,8859,STK19,mouse
12425,Cckar,886,CCKAR,mouse
16825,Ldb1,8861,LDB1,mouse
30878,Apln,8862,APLN,mouse
18628,Per3,8863,PER3,mouse
18627,Per2,8864,PER2,mouse
104015,Synj1,8867,SYNJ1,mouse
20454,St3gal5,8869,ST3GAL5,mouse
12426,Cckbr,887,CCKBR,mouse
15937,Ier3,8870,IER3,mouse
20975,Synj2,8871,SYNJ2,mouse
98828,Cdc123,8872,CDC123,mouse
54126,Arhgef7,8874,ARHGEF7,mouse
224823,Rrp36,88745,RRP36,mouse
22361,Vnn1,8876,VNN1,mouse
20698,Sphk1,8877,SPHK1,mouse
18412,Sqstm1,8878,SQSTM1,mouse
20397,Sgpl1,8879,SGPL1,mouse
51886,Fubp1,8880,FUBP1,mouse
69957,Cdc16,8881,CDC16,mouse
22687,Zpr1,8882,ZPR1,mouse
234664,Nae1,8883,NAE1,mouse
330064,Slc5a6,8884,SLC5A6,mouse
66942,Ddx18,8886,DDX18,mouse
52440,Tax1bp1,8887,TAX1BP1,mouse
54387,Mcm3ap,8888,MCM3AP,mouse
79264,Krit1,889,KRIT1,mouse
13667,Eif2b4,8890,EIF2B4,mouse
108067,Eif2b3,8891,EIF2B3,mouse
217715,Eif2b2,8892,EIF2B2,mouse
224045,Eif2b5,8893,EIF2B5,mouse
67204,Eif2s2,8894,EIF2S2,mouse
70568,Cpne3,8895,CPNE3,mouse
231889,Bud31,8896,BUD31,mouse
74302,Mtmr3,8897,MTMR3,mouse
77116,Mtmr2,8898,MTMR2,mouse
19134,Prpf4b,8899,PRPF4B,mouse
11474,Actn3,89,ACTN3,mouse
12428,Ccna2,890,CCNA2,mouse
12427,Ccna1,8900,CCNA1,mouse
266692,Cpne1,8904,CPNE1,mouse
108012,Ap1s2,8905,AP1S2,mouse
11766,Ap1g2,8906,AP1G2,mouse
11767,Ap1m1,8907,AP1M1,mouse
19011,Endou,8909,ENDOU,mouse
268697,Ccnb1,891,CCNB1,mouse
20392,Sgce,8910,SGCE,mouse
239556,Cacna1i,8911,CACNA1I,mouse
58226,Cacna1h,8912,CACNA1H,mouse
12291,Cacna1g,8913,CACNA1G,mouse
21853,Timeless,8914,TIMELESS,mouse
12042,Bcl10,8915,BCL10,mouse
73998,Herc3,8916,HERC3,mouse
51813,Ccnc,892,CCNC,mouse
15204,Herc2,8924,HERC2,mouse
235439,Herc1,8925,HERC1,mouse
20646,Snrpn,8926,SNURF,mouse
84704,Snurf,8926,SNURF,mouse
12217,Bsn,8927,BSN,mouse
14106,Foxh1,8928,FOXH1,mouse
18935,Phox2b,8929,PHOX2B,mouse
17193,Mbd4,8930,MBD4,mouse
17191,Mbd2,8932,MBD2,mouse
553127,Rtl8b,8933,RTL8C,mouse
72865,Rtl8c,8933,RTL8C,mouse
66158,Rtl8a,8933,RTL8C,mouse
226422,Rab29,8934,RAB29,mouse
54353,Skap2,8935,SKAP2,mouse
83767,Wasf1,8936,WASF1,mouse
545192,Baiap3,8938,BAIAP3,mouse
320267,Fubp3,8939,FUBP3,mouse
12444,Ccnd2,894,CCND2,mouse
21976,Top3b,8940,TOP3B,mouse
12570,Cdk5r2,8941,CDK5R2,mouse
70789,Kynu,8942,KYNU,mouse
11776,Ap3d1,8943,AP3D1,mouse
12234,Btrc,8945,BTRC,mouse
12445,Ccnd3,896,CCND3,mouse
360198,H3c1,8968,H3C7,mouse
319152,H3c10,8968,H3C7,mouse
319153,H3c11,8968,H3C7,mouse
97908,H3c8,8968,H3C7,mouse
319190,H2bc21,8970,H2BC11,mouse
243529,H1f10,8971,H1-10,mouse
232714,Mgam,8972,MGAM,mouse
11440,Chrna6,8973,CHRNA6,mouse
18452,P4ha2,8974,P4HA2,mouse
72607,Usp13,8975,USP13,mouse
73178,Wasl,8976,WASL,mouse
22092,Rsph1,89765,RSPH1,mouse
52020,Umodl1,89766,UMODL1,mouse
71869,Serpinb12,89777,SERPINB12,mouse
66957,Serpinb11,89778,SERPINB11,mouse
22416,Wnt3a,89780,WNT3A,mouse
192232,Hps4,89781,HPS4,mouse
239833,Lmln,89782,LMLN,mouse
243958,Siglecg,89790,SIGLEC10,mouse
545276,Gal3st3,89792,GAL3ST3,mouse
260315,Nav3,89795,NAV3,mouse
215690,Nav1,89796,NAV1,mouse
78286,Nav2,89797,NAV2,mouse
12447,Ccne1,898,CCNE1,mouse
54646,Ppp1r3f,89801,PPP1R3F,mouse
11441,Chrna7,89832,CHRFAM7A,mouse
228482,Arhgap11a,89839,ARHGAP11B,mouse
224814,Abcc10,89845,ABCC10,mouse
30938,Fgd3,89846,FGD3,mouse
319262,Fchsd1,89848,FCHSD1,mouse
73683,Atg16l2,89849,ATG16L2,mouse
26433,Plod3,8985,PLOD3,mouse
72543,Mvb12b,89853,MVB12B,mouse
239743,Klhl6,89857,KLHL6,mouse
83382,Siglece,89858,SIGLEC12,mouse
56613,Rps6ka4,8986,RPS6KA4,mouse
89867,Sec16b,89866,SEC16B|CRYZL2P-SEC16B,mouse
114875,Plcz1,89869,PLCZ1,mouse
52331,Stbd1,8987,STBD1,mouse
217593,Slc25a21,89874,SLC25A21,mouse
320214,Cfap91,89876,CFAP91,mouse
56534,Hspb3,8988,HSPB3,mouse
66745,Trpd52l3,89882,TPD52L3,mouse
16872,Lhx4,89884,LHX4,mouse
77905,Fate1,89885,FATE1,mouse
98365,Slamf9,89886,SLAMF9,mouse
232816,Zfp628,89887,ZNF628,mouse
277328,Trpa1,8989,TRPA1,mouse
432879,Kbtbd6,89890,KBTBD6,mouse
71820,Dync2i2,89891,DYNC2I2,mouse
77462,Tmem116,89894,TMEM116,mouse
12449,Ccnf,899,CCNF,mouse
20342,Selenbp2,8991,SELENBP1,mouse
20341,Selenbp1,8991,SELENBP1,mouse
117146,Ube3b,89910,UBE3B,mouse
11974,Atp6v0e,8992,ATP6V0E1,mouse
67254,Bmerb1,89927,BMERB1,mouse
21946,Pglyrp1,8993,PGLYRP1,mouse
170721,Papln,89932,PAPLN,mouse
29806,Limd1,8994,LIMD1,mouse
214952,Rhot2,89941,RHOT2,mouse
244757,Glb1l2,89944,GLB1L2,mouse
240873,Tnfsf18,8995,TNFSF18,mouse
74764,Klc4,89953,KLC4,mouse
72080,Sapcd2,89958,SAPCD2,mouse
78688,Nol3,8996,NOL3,mouse
545156,Kalrn,8997,KALRN,mouse
67610,Rspry1,89970,RSPRY1,mouse
66632,Dph6,89978,DPH6,mouse
53886,Cdkl2,8999,CDKL2,mouse
17961,Nat2,9,NAT1,mouse
17962,Nat3,9,NAT1,mouse
17960,Nat1,9,NAT1,mouse
11477,Acvr1,90,ACVR1,mouse
12450,Ccng1,900,CCNG1,mouse
59090,Midn,90007,MIDN,mouse
15114,Hap1,9001,HAP1,mouse
55925,Syt8,90019,SYT8,mouse
14065,F2rl3,9002,F2RL3,mouse
70348,Ube2cbp,90025,UBE3D,mouse
100504156,Fam181a,90050,FAM181A,mouse
54648,Ccdc120,90060,CCDC120,mouse
12452,Ccng2,901,CCNG2,mouse
208177,Phldb2,90102,PHLDB2,mouse
328643,Vwa5b2,90113,VWA5B2,mouse
109299,Tmem250,90120,TMEM250,mouse
69499,Tsr2,90121,TSR2,mouse
21341,Taf1c,9013,TAF1C,mouse
170738,Kcnh7,90134,KCNH7,mouse
399566,Btbd6,90135,BTBD6,mouse
241556,Tspan18,90139,TSPAN18,mouse
21340,Taf1b,9014,TAF1B,mouse
78767,Efcab11,90141,EFCAB11,mouse
21339,Taf1a,9015,TAF1A,mouse
20523,Slc25a14,9016,SLC25A14,mouse
50786,Hs6st2,90161,HS6ST2,mouse
385354,Frmd7,90167,FRMD7,mouse
280635,Emilin3,90187,EMILIN3,mouse
68481,Mpzl1,9019,MPZL1,mouse
66460,Sys1,90196,SYS1,mouse
277343,Wfdc8,90199,WFDC8,mouse
66671,Ccnh,902,CCNH,mouse
53859,Map3k14,9020,MAP3K14,mouse
101113,Snx21,90203,SNX21,mouse
71971,Zswim1,90204,ZSWIM1,mouse
12702,Socs3,9021,SOCS3,mouse
69454,Clic3,9022,CLIC3,mouse
171530,Ucn2,90226,UCN2,mouse
12642,Ch25h,9023,CH25H,mouse
77034,2510039O18Rik,90231,KIAA2013,mouse
619331,Zfp551,90233,ZNF551,mouse
75770,Brsk2,9024,BRSK2,mouse
107448,Unc5a,90249,UNC5A,mouse
58230,Rnf8,9025,RNF8,mouse
29816,Hip1r,9026,HIP1R,mouse
432940,Otulin,90268,OTULIN,mouse
100043497,Nat8f7,9027,NAT8,mouse
100504710,Nat8f6,9027,NAT8,mouse
434057,Nat8b-ps,9027,NAT8,mouse
75541,Nat8f4,9027,NAT8,mouse
68396,Nat8,9027,NAT8,mouse
66116,Nat8f1,9027,NAT8,mouse
69049,Nat8f5,9027,NAT8,mouse
93674,Nat8f3,9027,NAT8,mouse
93673,Nat8f2,9027,NAT8,mouse
114868,Psg25,90273,CEACAM21,mouse
101434,Ceacam15,90273,CEACAM21,mouse
114871,Psg28,90273,CEACAM21,mouse
26437,Psg17,90273,CEACAM21,mouse
56868,Psg23,90273,CEACAM21,mouse
26439,Psg19,90273,CEACAM21,mouse
384557,Ceacam3,90273,CEACAM21,mouse
574429,Psg26,90273,CEACAM21,mouse
434540,Psg20,90273,CEACAM21,mouse
26436,Psg16,90273,CEACAM21,mouse
26368,Ceacam9,90273,CEACAM21,mouse
381852,Gm5155,90273,CEACAM21,mouse
545925,Psg27,90273,CEACAM21,mouse
72242,Psg21,90273,CEACAM21,mouse
73250,Ceacam5,90273,CEACAM21,mouse
214951,Rhbdl1,9028,RHBDL1,mouse
212516,Efcab12,90288,EFCAB12,mouse
67455,Klhl13,90293,KLHL13,mouse
22385,Baz1b,9031,BAZ1B,mouse
216964,Trp53i13,90313,TP53I13,mouse
100271882,Zfp1004,90317,ZNF616,mouse
210503,Zfp677,90317,ZNF616,mouse
24132,Zfp53,90317,ZNF616,mouse
208111,Zfp976,90317,ZNF616,mouse
380850,Gm5141,90317,ZNF616,mouse
545471,Zfp345,90317,ZNF616,mouse
408062,Zfp873,90317,ZNF616,mouse
77117,Zfp934,90317,ZNF616,mouse
75604,Tm4sf5,9032,TM4SF5,mouse
52132,Ccdc97,90324,CCDC97,mouse
69876,Thap3,90326,THAP3,mouse
329064,Pkd2l1,9033,PKD2L1,mouse
74463,Exoc3l2,90332,EXOC3L2,mouse
224585,Zfp160,90338,ZNF160,mouse
54199,Ccrl2,9034,CCRL2,mouse
100534273,Fer1l5,90342,FER1L5,mouse
233189,Ctu1,90353,CTU1,mouse
52392,Macir,90355,MACIR,mouse
242297,Fam110b,90362,FAM110B,mouse
20356,Sema5a,9037,SEMA5A,mouse
666704,Samd1,90378,SAMD1,mouse
212123,Dcaf15,90379,DCAF15,mouse
215854,Taar5,9038,TAAR5,mouse
77011,Ticrr,90381,TICRR,mouse
22200,Uba3,9039,UBA3,mouse
69790,Med30,90390,MED30,mouse
12455,Ccnt1,904,CCNT1,mouse
22192,Ube2m,9040,UBE2M,mouse
66664,Tmem41a,90407,TMEM41A,mouse
55978,Ift20,90410,IFT20,mouse
193813,Mcfd2,90411,MCFD2,mouse
269336,Ccdc32,90416,CCDC32,mouse
51944,Knstrn,90417,KNSTRN,mouse
74915,Atp6v1e2,90423,ATP6V1E2,mouse
171543,Bmf,90427,BMF,mouse
70834,Spag9,9043,SPAG9,mouse
107182,Btaf1,9044,BTAF1,mouse
52521,Zfp622,90441,ZNF622,mouse
67115,Rpl14,9045,RPL14,mouse
67276,Eri1,90459,ERI1,mouse
13449,Dok2,9046,DOK2,mouse
27371,Sh2d2a,9047,SH2D2A,mouse
11876,Artn,9048,ARTN,mouse
102060,Gadd45gip1,90480,GADD45GIP1,mouse
103266,Tmem263,90488,TMEM263,mouse
11632,Aip,9049,AIP,mouse
72949,Ccnt2,905,CCNT2,mouse
19201,Pstpip2,9050,PSTPIP2,mouse
69297,Lrrc46,90506,LRRC46,mouse
217140,Scrn2,90507,SCRN2,mouse
19200,Pstpip1,9051,PSTPIP1,mouse
232431,Gprc5a,9052,GPRC5A,mouse
77254,Yif1b,90522,YIF1B,mouse
69642,Mlip,90523,MLIP,mouse
435684,Shf,90525,SHF,mouse
213696,Duoxa1,90527,DUOXA1,mouse
78806,Stpg1,90529,STPG1,mouse
17761,Map7,9053,MAP7,mouse
18041,Nfs1,9054,NFS1,mouse
233406,Prc1,9055,PRC1,mouse
215999,Mcu,90550,MCU,mouse
72315,Ccdc74a,90557,CCDC74A,mouse
20540,Slc7a7,9056,SLC7A7,mouse
330836,Slc7a6,9057,SLC7A6,mouse
20500,Slc13a2,9058,SLC13A2,mouse
69773,Timm29,90580,TIMM29,mouse
115489547,Zfp1010,90589,ZNF625,mouse
235956,Zfp825,90589,ZNF625,mouse
234362,Zfp868,90592,ZNF700,mouse
330788,Zfp866,90592,ZNF700,mouse
620419,Zfp963,90592,ZNF700,mouse
636741,Zfp964,90592,ZNF700,mouse
66869,Zfp869,90592,ZNF700,mouse
330463,Zfp78,90594,ZNF439,mouse
23972,Papss2,9060,PAPSS2,mouse
23971,Papss1,9061,PAPSS1,mouse
75530,Lyrm7,90624,LYRM7,mouse
243362,Stard13,90627,STARD13,mouse
17344,Pias2,9063,PIAS2,mouse
100637,N4bp2l1,90634,N4BP2L1,mouse
100494,Zfand2a,90637,ZFAND2A,mouse
68033,Cox19,90639,COX19,mouse
53608,Map3k6,9064,MAP3K6,mouse
105244402,Gm14444,90649,ZNF486,mouse
234358,Zfp930,90649,ZNF486,mouse
195531,Zfp982,90649,ZNF486,mouse
72139,2610044O15Rik8,90649,ZNF486,mouse
54525,Syt7,9066,SYT7,mouse
21372,Tbl1x,90665,TBL1Y,mouse
268747,Carmil3,90668,CARMIL3,mouse
105651,Ppp1r3e,90673,PPP1R3E,mouse
227738,Lrsam1,90678,LRSAM1,mouse
72713,Angptl1,9068,ANGPTL1,mouse
64945,Cldn12,9069,CLDN12,mouse
57895,Ccdc126,90693,CCDC126,mouse
23808,Ash2l,9070,ASH2L,mouse
66286,Sec11c,90701,SEC11C,mouse
58187,Cldn10,9071,CLDN10,mouse
54420,Cldn8,9073,CLDN8,mouse
28081,Fam104a,90736,FAM104B,mouse
54419,Cldn6,9074,CLDN6,mouse
12738,Cldn2,9075,CLDN2,mouse
12737,Cldn1,9076,CLDN1,mouse
68911,Pygo2,90780,PYGO2,mouse
16826,Ldb2,9079,LDB2,mouse
320162,Cep95,90799,CEP95,mouse
12466,Cct6a,908,CCT6A,mouse
56863,Cldn9,9080,CLDN9,mouse
52477,Angel2,90806,ANGEL2,mouse
219024,Pip4p1,90809,PIP4P1,mouse
102182,Prmt9,90826,PRMT9,mouse
233899,Ccdc189,90835,CFAP119,mouse
66684,Tceal8,90843,TCEAL8,mouse
213753,Zfp598,90850,ZNF598,mouse
622480,Spocd1,90853,SPOCD1,mouse
100039052,Eif1ad4,9086,EIF1AY,mouse
100039162,Eif1ad17,9086,EIF1AY,mouse
100039042,Eif1ad3,9086,EIF1AY,mouse
13664,Eif1a,9086,EIF1AY,mouse
100861908,Eif1ad19,9086,EIF1AY,mouse
100042776,Eif1ad6,9086,EIF1AY,mouse
435337,Gm5662,9086,EIF1AY,mouse
544881,Eif1ad2,9086,EIF1AY,mouse
66235,Eif1ax,9086,EIF1AY,mouse
666806,Eif1ad8,9086,EIF1AY,mouse
52009,Jpt2,90861,JPT2,mouse
79043,Spsb3,90864,SPSB3,mouse
77125,Il33,90865,IL33,mouse
19241,Tmsb4x,9087,TMSB4Y,mouse
66928,Dmac1,90871,DMAC1,mouse
242109,Zfp697,90874,ZNF697,mouse
268930,Pkmyt1,9088,PKMYT1,mouse
14755,Pigq,9091,PIGQ,mouse
20227,Sart1,9092,SART1,mouse
83945,Dnaja3,9093,DNAJA3,mouse
211007,Trim41,90933,TRIM41,mouse
212085,Trim52,90933,TRIM41,mouse
22248,Unc119,9094,UNC119,mouse
83993,Tbx19,9095,TBX19,mouse
69524,Esam,90952,ESAM,mouse
57869,Adck2,90956,ADCK2,mouse
106794,Dhx57,90957,DHX57,mouse
76365,Tbx18,9096,TBX18,mouse
59025,Usp14,9097,USP14,mouse
237898,Usp32,9098,USP6,mouse
71591,Zfp251,90987,ZNF251,mouse
53376,Usp2,9099,USP2,mouse
16581,Kifc2,90990,KIFC2,mouse
26427,Creb3l1,90993,CREB3L1,mouse
11479,Acvr1b,91,ACVR1B,mouse
22224,Usp10,9100,USP10,mouse
84092,Usp8,9101,USP8,mouse
22379,Fmnl3,91010,FMNL3,mouse
71949,Cers5,91012,CERS5,mouse
224897,Dpp9,91039,DPP9,mouse
19733,Rgn,9104,RGN,mouse
100503884,Ccdc149,91050,CCDC149,mouse
381201,Ap5b1,91056,AP5B1,mouse
68201,Ccdc34,91057,CCDC34,mouse
219135,Mtmr6,9107,MTMR6,mouse
54384,Mtmr7,9108,MTMR7,mouse
170749,Mtmr4,9110,MTMR4,mouse
217333,Trim47,91107,TRIM47,mouse
64685,Nmi,9111,NMI,mouse
116870,Mta1,9112,MTA1,mouse
218314,Zfp595,91120,ZNF682,mouse
408068,Zfp738,91120,ZNF682,mouse
629016,Zfp953,91120,ZNF682,mouse
431706,Zfp457,91120,ZNF682,mouse
16798,Lats1,9113,LATS1,mouse
320858,L3mbtl4,91133,L3MBTL4,mouse
67453,Slc25a46,91137,SLC25A46,mouse
11972,Atp6v0d1,9114,ATP6V0D1,mouse
329795,Tmem67,91147,TMEM67,mouse
226438,Igfn1,91156,IGFN1,mouse
215474,Sec22c,9117,SEC22C,mouse
224024,Scarf2,91179,SCARF2,mouse
226180,Ina,9118,INA,mouse
77595,Nup210l,91181,NUP210L,mouse
109052,Krt75,9119,KRT75,mouse
12479,Cd1d1,912,CD1D,mouse
12480,Cd1d2,912,CD1D,mouse
104681,Slc16a6,9120,SLC16A6,mouse
217316,Slc16a5,9121,SLC16A5,mouse
229699,Slc16a4,9122,SLC16A4,mouse
14598,Ggt1,91227,GGTLC2,mouse
80879,Slc16a3,9123,SLC16A3,mouse
54132,Pdlim1,9124,PDLIM1,mouse
58184,Cnot9,9125,CNOT9,mouse
68427,Slc39a13,91252,SLC39A13,mouse
13006,Smc3,9126,SMC3,mouse
18440,P2rx6,9127,P2RX6,mouse
69556,Bod1,91272,BOD1,mouse
70052,Prpf4,9128,PRPF4,mouse
66665,Msantd3,91283,MSANTD3,mouse
105847,Lmf2,91289,LMF2,mouse
70767,Prpf3,9129,PRPF3,mouse
68281,4930430F08Rik,91298,C12orf29,mouse
108160,Fam50a,9130,FAM50A,mouse
109284,R3hdm4,91300,R3HDM4,mouse
216157,Tmem259,91304,TMEM259,mouse
26926,Aifm1,9131,AIFM1,mouse
70377,Derl3,91319,DERL3,mouse
60613,Kcnq4,9132,KCNQ4,mouse
12442,Ccnb2,9133,CCNB2,mouse
12448,Ccne2,9134,CCNE2,mouse
54189,Rabep1,9135,RABEP1,mouse
27966,Rrp9,9136,RRP9,mouse
52626,Cdkn2aipnl,91368,CDKN2AIPNL,mouse
71452,Ankrd40,91369,ANKRD40,mouse
227620,Uap1l1,91373,UAP1L1,mouse
16801,Arhgef1,9138,ARHGEF1,mouse
12396,Cbfa2t2,9139,CBFA2T2,mouse
12481,Cd2,914,CD2,mouse
67526,Atg12,9140,ATG12,mouse
228071,Sestd1,91404,SESTD1,mouse
100504125,Btf3l4b,91408,BTF3L4,mouse
70533,Btf3l4,91408,BTF3L4,mouse
72315,Ccdc74a,91409,CCDC74B,mouse
56330,Pdcd5,9141,PDCD5,mouse
68876,Atp23,91419,ATP23,mouse
20974,Syngr3,9143,SYNGR3,mouse
269955,Rccd1,91433,RCCD1,mouse
20973,Syngr2,9144,SYNGR2,mouse
101831,Faap24,91442,FAAP24,mouse
193670,Rnf185,91445,RNF185,mouse
20972,Syngr1,9145,SYNGR1,mouse
74159,Acbd5,91452,ACBD5,mouse
15239,Hgs,9146,HGS,mouse
106522,Pkdcc,91461,PKDCC,mouse
71597,Isx,91464,ISX,mouse
66244,Nemf,9147,NEMF,mouse
18011,Neurl1a,9148,NEURL1,mouse
13549,Dyrk1b,9149,DYRK1B,mouse
12500,Cd3d,915,CD3D,mouse
67655,Ctdp1,9150,CTDP1,mouse
104245,Slc6a5,9152,SLC6A5,mouse
237759,Col23a1,91522,COL23A1,mouse
239647,Pced1b,91523,PCED1B,mouse
329154,Ankrd44,91526,ANKRD44,mouse
269346,Slc28a2,9153,SLC28A2,mouse
381417,Slc28a2b,9153,SLC28A2,mouse
434203,Slc28a1,9154,SLC28A1,mouse
58185,Rsad2,91543,RSAD2,mouse
67586,Ubxn11,91544,UBXN11,mouse
26909,Exo1,9156,EXO1,mouse
72650,Mtrfr,91574,MTRFR,mouse
58249,Fibp,9158,FIBP,mouse
66538,Rps19bp1,91582,RPS19BP1,mouse
243743,Plxna4,91584,PLXNA4,mouse
18554,Pcsk7,9159,PCSK7,mouse
12501,Cd3e,916,CD3E,mouse
66983,Zfp830,91603,ZNF830,mouse
237886,Slfn9,91607,SLFN11,mouse
276950,Slfn8,91607,SLFN11,mouse
276952,Rasl10b,91608,RASL10B,mouse
211151,Churc1,91612,CHURC1,mouse
211896,Depdc7,91614,DEPDC7,mouse
320127,Dgki,9162,DGKI,mouse
68810,Nexn,91624,NEXN,mouse
71981,Tdrd12,91646,TDRD12,mouse
246782,Atpaf2,91647,ATPAF2,mouse
117606,Boc,91653,BOC,mouse
55960,Ebag9,9166,EBAG9,mouse
378425,Nlrp12,91662,NLRP12,mouse
50918,Myadm,91663,MYADM,mouse
100416706,Zfp729b,91664,ZNF845,mouse
238690,Zfp458,91664,ZNF845,mouse
212281,Zfp729a,91664,ZNF845,mouse
212276,Zfp748,91664,ZNF845,mouse
328274,Zfp459,91664,ZNF845,mouse
268670,Zfp759,91664,ZNF845,mouse
78251,Zfp712,91664,ZNF845,mouse
20463,Cox7a2l,9167,COX7A2L,mouse
100043712,Gm9844,9168,TMSB10,mouse
19240,Tmsb10,9168,TMSB10,mouse
171180,Syt12,91683,SYT12,mouse
70454,Cenpl,91687,CENPL,mouse
69029,Smdt1,91689,SMDT1,mouse
72193,Scaf11,9169,SCAF11,mouse
244421,Lonrf1,91694,LONRF1,mouse
74778,Rrp7a,91695,RRP7BP,mouse
12502,Cd3g,917,CD3G,mouse
53978,Lpar2,9170,LPAR2,mouse
71670,Acy3,91703,ACY3,mouse
17930,Myom2,9172,MYOM2,mouse
17082,Il1rl1,9173,IL1RL1,mouse
100039655,Gm9745,91734,IDI2,mouse
320581,Idi2,91734,IDI2,mouse
231386,Ythdc1,91746,YTHDC1,mouse
238317,Mideas,91748,MIDEAS,mouse
100041085,Mfsd4b3-ps,91749,MFSD4B,mouse
215929,Mfsd4b1,91749,MFSD4B,mouse
215928,Mfsd4b5,91749,MFSD4B,mouse
213332,Mfsd4b4,91749,MFSD4B,mouse
72045,Mfsd4b2,91749,MFSD4B,mouse
71751,Map3k13,9175,MAP3K13,mouse
217708,Lin52,91750,LIN52,mouse
241514,Zfp804a,91752,ZNF804A,mouse
217718,Nek9,91754,NEK9,mouse
63955,Cables1,91768,CABLES1,mouse
57014,Htr3b,9177,HTR3B,mouse
385658,Nxpe3,91775,NXPE3,mouse
105513,Chmp7,91782,CHMP7,mouse
11781,Ap4m1,9179,AP4M1,mouse
18414,Osmr,9180,OSMR,mouse
67667,Alkbh8,91801,ALKBH8,mouse
213435,Mylk3,91807,MYLK3,mouse
16800,Arhgef2,9181,ARHGEF2,mouse
237504,Rassf9,9182,RASSF9,mouse
74190,Exoc3l4,91828,EXOC3L4,mouse
26951,Zw10,9183,ZW10,mouse
69641,Wdr20,91833,WDR20,mouse
70948,Wdr20rt,91833,WDR20,mouse
12237,Bub3,9184,BUB3,mouse
194590,Reps2,9185,REPS2,mouse
83453,Chrdl1,91851,CHRDL1,mouse
75600,Calml4,91860,CALML4,mouse
73608,Marveld3,91862,MARVELD3,mouse
328370,Rft1,91869,RFT1,mouse
214111,Slc24a1,9187,SLC24A1,mouse
219022,Ttc5,91875,TTC5,mouse
56200,Ddx21,9188,DDX21,mouse
382137,Fdxacb1,91893,FDXACB1,mouse
66952,2310030G06Rik,91894,C11orf52,mouse
12503,Cd247,919,CD247,mouse
21945,Dedd,9191,DEDD,mouse
276891,Timd4,91937,TIMD4,mouse
20503,Slc16a7,9194,SLC16A7,mouse
75597,Ndufaf2,91942,NDUFAF2,mouse
66412,Arrdc4,91947,ARRDC4,mouse
233824,Cog7,91949,COG7,mouse
16499,Kcnab3,9196,KCNAB3,mouse
68618,Eola1,91966,EOLA1,mouse
11416,Slc33a1,9197,SLC33A1,mouse
170947,Myoz3,91977,MYOZ3,mouse
110012,Tpgs1,91978,TPGS1,mouse
11480,Acvr2a,92,ACVR2A,mouse
12504,Cd4,920,CD4,mouse
30963,Hacd1,9200,HACD1,mouse
69109,Ccnq,92002,CCNQ,mouse
13175,Dclk1,9201,DCLK1,mouse
230125,Slc25a51,92014,SLC25A51,mouse
74478,Snx29,92017,SNX29,mouse
67785,Zmym4,9202,ZMYM4,mouse
56364,Zmym3,9203,ZMYM3,mouse
100177,Zmym6,9204,ZMYM6,mouse
219105,Zmym5,9205,ZMYM5,mouse
16978,Lrrfip1,9208,LRRFIP1,mouse
14598,Ggt1,92086,GGTLC1,mouse
71268,Lrrfip2,9209,LRRFIP2,mouse
209032,Zc3hav1l,92092,ZC3HAV1L,mouse
12507,Cd5,921,CD5,mouse
12155,Bmp15,9210,BMP15,mouse
620631,Ttc30a2,92104,TTC30A,mouse
78802,Ttc30a1,92104,TTC30A,mouse
72421,Ttc30b,92104,TTC30A,mouse
101861,Ints4,92105,INTS4,mouse
218885,Oxnad1,92106,OXNAD1,mouse
56839,Lgi1,9211,LGI1,mouse
20877,Aurkb,9212,AURKB,mouse
319901,Dsel,92126,DSEL,mouse
622473,Ripply1,92129,RIPPLY1,mouse
19775,Xpr1,9213,XPR1,mouse
69169,Fcmr,9214,FCMR,mouse
67154,Mtdh,92140,MTDH,mouse
16795,Large1,9215,LARGE1,mouse
244654,Mtss2,92154,MTSS2,mouse
67020,Tmem88,92162,TMEM88,mouse
56491,Vapb,9217,VAPB,mouse
212508,Mtg1,92170,MTG1,mouse
30960,Vapa,9218,VAPA,mouse
327900,Ubtd2,92181,UBTD2,mouse
23942,Mta2,9219,MTA2,mouse
76747,Dapl1,92196,DAPL1,mouse
11801,Cd5l,922,CD5L,mouse
70769,Nolc1,9221,NOLC1,mouse
170677,Cdhr1,92211,CDHR1,mouse
14924,Magi1|4930511A08Rik,9223,MAGI1,mouse
240892,Dusp27,92235,STYXL2,mouse
226594,Rcsd1,92241,RCSD1,mouse
320506,Lmbrd2,92255,LMBRD2,mouse
66128,Mrps36,92259,MRPS36,mouse
79235,Lrat,9227,LRAT,mouse
244310,Dlgap2,9228,DLGAP2,mouse
22689,Zfp27,92285,ZNF585B,mouse
224997,Dlgap1,9229,DLGAP1,mouse
381122,Capn13,92291,CAPN13,mouse
208213,Tmem132c,92293,TMEM132C,mouse
12511,Cd6,923,CD6,mouse
19326,Rab11b,9230,RAB11B,mouse
68662,Scgb3a1,92304,SCGB3A1,mouse
68366,Tmem129,92305,TMEM129,mouse
71228,Dlg5,9231,DLG5,mouse
72640,Mex3a,92312,MEX3A,mouse
30939,Pttg1,9232,PTTG1,mouse
72149,Strada,92335,STRADA,mouse
75573,Prr29,92340,PRR29,mouse
69962,Mettl18,92342,METTL18,mouse
98376,Gorab,92344,GORAB,mouse
234344,Naf1,92345,NAF1,mouse
75368,4930558K02Rik,92346,C1orf105,mouse
224912,Crb3,92359,CRB3,mouse
72278,Ccpg1,9236,CCPG1,mouse
211949,Spsb4,92369,SPSB4,mouse
235534,Pxylp1,92370,PXYLP1,mouse
21379,Tbrg4,9238,TBRG4,mouse
67871,Mrrf,92399,MRRF,mouse
12516,Cd7,924,CD7,mouse
70481,Pnma1,9240,PNMA1,mouse
67889,Rbm18,92400,RBM18,mouse
18121,Nog,9241,NOG,mouse
17681,Msc,9242,MSC,mouse
66371,Chmp4c,92421,CHMP4C,mouse
12931,Crlf1,9244,CRLF1,mouse
72077,Gcnt3,9245,GCNT3,mouse
56791,Ube2l6,9246,UBE2L6,mouse
107889,Gcm2,9247,GCM2,mouse
14765,Gpr50,9248,GPR50,mouse
100503572,Bbip1,92482,BBIP1,mouse
106557,Ldhal6b,92483,LDHAL6B,mouse
20148,Dhrs3,9249,DHRS3,mouse
12525,Cd8a,925,CD8A,mouse
73086,Rps6ka5,9252,RPS6KA5,mouse
432572,Specc1,92521,SPECC1,mouse
18223,Numbl,9253,NUMBL,mouse
56808,Cacna2d2,9254,CACNA2D2,mouse
13722,Aimp1,9255,AIMP1,mouse
75665,Bicdl1,92558,BICDL1,mouse
207777,Tspoap1,9256,TSPOAP1,mouse
66930,Fank1,92565,FANK1,mouse
68401,G6pc3,92579,G6PC3,mouse
52065,Mfhas1,9258,MFHAS1,mouse
217217,Asb16,92591,ASB16,mouse
101604,E430018J23Rik,92595,ZNF764,mouse
233893,Zfp764,92595,ZNF764,mouse
269997,Zfp747,92595,ZNF764,mouse
78921,Zfp747l1,92595,ZNF764,mouse
68473,Mob1b,92597,MOB1B,mouse
12526,Cd8b1,926,CD8B,mouse
67399,Pdlim7,9260,PDLIM7,mouse
66525,Timm50,92609,TIMM50,mouse
17164,Mapkapk2,9261,MAPKAPK2,mouse
211550,Tifa,92610,TIFA,mouse
98267,Stk17b,9262,STK17B,mouse
19159,Cyth3,9265,CYTH3,mouse
19158,Cyth2,9266,CYTH2,mouse
74528,Mgme1,92667,MGME1,mouse
19157,Cyth1,9267,CYTH1,mouse
66044,Dtd1,92675,DTD1,mouse
68303,Fam114a1,92689,FAM114A1,mouse
271711,Tmem169,92691,TMEM169,mouse
12526,Cd8b1,927,CD8B2,mouse
16413,Itgb1bp1|Gm40855,9270,ITGB1BP1,mouse
57439,Tmem183a,92703,TMEM183A,mouse
215705,Arrdc1,92714,ARRDC1,mouse
67228,Dph7,92715,DPH7,mouse
237987,Otop2,92736,OTOP2,mouse
227325,Dner,92737,DNER,mouse
12055,Bcl7c,9274,BCL7C,mouse
209837,Slc38a5,92745,SLC38A5,mouse
228801,Bpifb1,92747,BPIFB1,mouse
381738,Drc1,92749,DRC1,mouse
12054,Bcl7b,9275,BCL7B,mouse
50797,Copb2,9276,COPB2,mouse
57315,Wdr46,9277,WDR46,mouse
81630,Zbtb22,9278,ZBTB22,mouse
117599,Helb,92797,HELB,mouse
192192,Shkbp1,92799,SHKBP1,mouse
12527,Cd9,928,CD9,mouse
319162,H2ac25,92815,H2AW,mouse
26896,Med14,9282,MED14,mouse
57247,Zfp276,92822,ZNF276,mouse
171469,Gpr37l1,9283,GPR37L1,mouse
70335,Reep6,92840,REEP6,mouse
27993,Imp4,92856,IMP4,mouse
209512,Taar2,9287,TAAR2,mouse
493809,Taar3,9288,TAAR3P,mouse
14766,Adgrg1,9289,ADGRG1,mouse
12475,Cd14,929,CD14,mouse
227326,Gpr55,9290,GPR55,mouse
72692,Hnrnpll,92906,HNRNPLL,mouse
109161,Ube2q2,92912,UBE2Q2,mouse
234582,Ccdc102a,92922,CCDC102A,mouse
620246,Gpr52,9293,GPR52,mouse
212679,Mars2,92935,MARS2,mouse
14739,S1pr2,9294,S1PR2,mouse
77739,Adamtsl1,92949,ADAMTSL1,mouse
69207,Srsf11,9295,SRSF11,mouse
66144,Atp6v1f,9296,ATP6V1F,mouse
69129,Pex11g,92960,PEX11G,mouse
216438,Marchf9,92979,MARCHF9,mouse
270210,Zbtb47,92999,ZBTB47,mouse
11481,Acvr2b,93,ACVR2B,mouse
12478,Cd19,930,CD19,mouse
227327,B3gnt7,93010,B3GNT7,mouse
70881,Nt5c1b,93034,NT5C1B,mouse
192190,Pkhd1l1,93035,PKHD1L1,mouse
100127111,Snord22,9304,SNORD22,mouse
210582,Coq10a,93058,COQ10A,mouse
54607,Socs6,9306,SOCS6,mouse
12522,Cd83,9308,CD83,mouse
75623,Tex30,93081,TEX30,mouse
214854,Neurl3,93082,NEURL3,mouse
73712,Dmkn,93099,DMKN,mouse
12482,Ms4a1,931,MS4A1,mouse
22755,Zfp93,9310,ZNF235,mouse
232966,Zfp114,9310,ZNF235,mouse
56869,Zfp109,9310,ZNF235,mouse
54678,Zfp108,9310,ZNF235,mouse
56525,Zfp235,9310,ZNF235,mouse
56707,Zfp111,9310,ZNF235,mouse
223646,Naprt,93100,NAPRT,mouse
66733,Kcng4,93107,KCNG4,mouse
224090,Tmem44,93109,TMEM44,mouse
171209,Asic3,9311,ASIC3,mouse
98741,Kcnb2,9312,KCNB2,mouse
269999,Orai3,93129,ORAI3,mouse
30800,Mmp20,9313,MMP20,mouse
22768,Zfy2,93134,ZNF561,mouse
22767,Zfy1,93134,ZNF561,mouse
77519,Zfp266,93134,ZNF561,mouse
16600,Klf4,9314,KLF4,mouse
244723,Olfm2,93145,OLFM2,mouse
27528,Nrep,9315,NREP,mouse
225518,Prdm6,93166,PRDM6,mouse
19212,Pter,9317,PTER,mouse
12848,Cops2,9318,COPS2,mouse
67556,Pigm,93183,PIGM,mouse
140559,Igsf8,93185,IGSF8,mouse
69716,Trip13,9319,TRIP13,mouse
69364,Cfap107,93190,CFAP107,mouse
170813,Ms4a3,932,MS4A3,mouse
14897,Trip12,9320,TRIP12,mouse
109181,Trip11,9321,TRIP11,mouse
320655,Pgap3,93210,PGAP3,mouse
106628,Trip10,9322,TRIP10,mouse
211535,Odad1,93233,ODAD1,mouse
94353,Hmgn3,9324,HMGN3,mouse
56404,Trip4,9325,TRIP4,mouse
448850,Znhit3,9326,ZNHIT3,mouse
213409,Lemd1,93273,LEMD1,mouse
70239,Gtf3c5,9328,GTF3C5,mouse
269252,Gtf3c4,9329,GTF3C4,mouse
12483,Cd22,933,CD22,mouse
98488,Gtf3c3,9330,GTF3C3,mouse
56386,B4galt6,9331,B4GALT6,mouse
93671,Cd163,9332,CD163,mouse
76478,Haus8,93323,HAUS8,mouse
74176,Tgm5,9333,TGM5,mouse
56336,B4galt5,9334,B4GALT5,mouse
73711,Mvb12a,93343,MVB12A,mouse
434484,Sp140,93349,SP140L,mouse
69125,Cnot8,9337,CNOT8,mouse
226115,Opalin,93377,OPALIN,mouse
237052,Tceal1,9338,TCEAL1,mouse
236792,Mmgt1,93380,MMGT1,mouse
93896,Glp2r,9340,GLP2R,mouse
59310,Myl10,93408,MYL10,mouse
22319,Vamp3,9341,VAMP3,mouse
67474,Snap29,9342,SNAP29,mouse
74075,Syce1,93426,SYCE1,mouse
20624,Eftud2,9343,EFTUD2,mouse
76813,Armc6,93436,ARMC6,mouse
381921,Taok2,9344,TAOK2,mouse
115486519,LOC115486519,93474,ZNF670,mouse
237775,Zfp867,93474,ZNF670,mouse
236366,5730507C01Rik,93474,ZNF670,mouse
233168,AI987944,93474,ZNF670,mouse
630836,2010315B03Rik,93474,ZNF670,mouse
626391,Zfp951,93474,ZNF670,mouse
637776,Zfp977,93474,ZNF670,mouse
353208,Zfp931,93474,ZNF670,mouse
626802,Gm14322,93474,ZNF670,mouse
668066,Gm14418,93474,ZNF670,mouse
83398,Ndst3,9348,NDST3,mouse
218975,Mapk1ip1l,93487,MAPK1IP1L,mouse
69546,Mapk1ip1,93487,MAPK1IP1L,mouse
65019,Rpl23,9349,RPL23,mouse
234129,Tpte,93492,TPTE2,mouse
12622,Cer1,9350,CER1,mouse
65962,Slc9a3r2,9351,SLC9A3R2,mouse
74032,Sdr42e1,93517,SDR42E1,mouse
53382,Txnl1,9352,TXNL1,mouse
20563,Slit2,9353,SLIT2,mouse
140630,Ube4a,9354,UBE4A,mouse
16870,Lhx2,9355,LHX2,mouse
67492,Zfand4,93550,ZFAND4,mouse
18399,Slc22a6,9356,SLC22A6,mouse
223272,Itgbl1,9358,ITGBL1,mouse
108943,Trmt10a,93587,TRMT10A,mouse
319734,Cacna2d4,93589,CACNA2D4,mouse
210544,Tbc1d31,93594,TBC1D31,mouse
228005,Ppig,9360,PPIG,mouse
74142,Lonp1,9361,LONP1,mouse
230903,Fbxo44,93611,FBXO44,mouse
12891,Cpne6,9362,CPNE6,mouse
67568,Mrfap1,93621,MRFAP1,mouse
67568,Mrfap1,93622,LOC93622,mouse
231151,Tada2b,93624,TADA2B,mouse
271981,Tbck,93627,TBCK,mouse
19337,Rab33a,9363,RAB33A,mouse
100972,Rab28,9364,RAB28,mouse
74094,Tjap1,93643,TJAP1,mouse
214384,Myocd,93649,MYOCD,mouse
16591,Kl,9365,KL,mouse
100503991,Acp4,93650,ACP4,mouse
16866,Lhb,93659,CGB5,mouse
73910,Arhgap18,93663,ARHGAP18,mouse
320405,Cadps2,93664,CADPS2,mouse
56382,Rab9,9367,RAB9A,mouse
26941,Slc9a3r1,9368,SLC9A3R1,mouse
18191,Nrxn3,9369,NRXN3,mouse
11450,Adipoq,9370,ADIPOQ,mouse
16569,Kif3b,9371,KIF3B,mouse
230597,Zfyve9,9372,ZFYVE9,mouse
18786,Plaa,9373,PLAA,mouse
54397,Ppt2,9374,PPT2,mouse
68059,Tm9sf2,9375,TM9SF2,mouse
19879,Slc22a8,9376,SLC22A8,mouse
12858,Cox5a,9377,COX5A,mouse
18189,Nrxn1,9378,NRXN1,mouse
18190,Nrxn2,9379,NRXN2,mouse
76238,Grhpr,9380,GRHPR,mouse
83762,Otof,9381,OTOF,mouse
16834,Cog1,9382,COG1,mouse
22097,Tsix,9383,TSIX,mouse
16891,Lipg,9388,LIPG,mouse
382113,Slc22a14,9389,SLC22A14,mouse
21940,Cd27,939,CD27,mouse
102570,Slc22a13,9390,SLC22A13,mouse
109280,Slc22a13b,9390,SLC22A13,mouse
26371,Ciao1,9391,CIAO1,mouse
73122,Tgfbrap1,9392,TGFBRAP1,mouse
50785,Hs6st1,9394,HS6ST1,mouse
18108,Nmt2,9397,NMT2,mouse
56249,Actr8,93973,ACTR8,mouse
11983,Atpif1,93974,ATP5IF1,mouse
56620,Clec4n,93978,CLEC6A,mouse
74649,Cpa5,93979,CPA5,mouse
630146,Cd101,9398,CD101,mouse
114142,Foxp2,93986,FOXP2,mouse
69106,Stoml1,9399,STOML1,mouse
11482,Acvrl1,94,ACVRL1,mouse
12487,Cd28,940,CD28,mouse
170472,Recql5,9400,RECQL5,mouse
276846,Pigs,94005,PIGS,mouse
68607,Serhl,94009,SERHL,mouse
79456,Recql4,9401,RECQL4,mouse
117160,Ttyh2,94015,TTYH2,mouse
17444,Grap2,9402,GRAP2,mouse
73732,Muc16,94025,MUC16,mouse
195236,Pom121l2,94026,POM121L2,mouse
16866,Lhb,94027,CGB7,mouse
93684,Selenof,9403,SELENOF,mouse
272381,Lrrc4b,94030,LRRC4B,mouse
78558,Htra3,94031,HTRA3,mouse
73047,Camk2n2,94032,CAMK2N2,mouse
67634,Ftmt,94033,FTMT,mouse
240064,Zfp799,94039,ZNF101,mouse
208292,Zfp871,94039,ZNF101,mouse
240066,Zfp870,94039,ZNF101,mouse
240063,Zfp811,94039,ZNF101,mouse
382019,Zfp882,94039,ZNF101,mouse
107321,Lpxn,9404,LPXN,mouse
67043,Syap1,94056,SYAP1,mouse
243813,Leng9,94059,LENG9,mouse
53861,Zranb2,9406,ZRANB2,mouse
231382,Tmprss11d,9407,TMPRSS11D,mouse
14057,Sfxn1,94081,SFXN1,mouse
75482,Hspb9,94086,HSPB9,mouse
18633,Pex16,9409,PEX16,mouse
94282,Sfxn5,94097,SFXN5,mouse
12519,Cd80,941,CD80,mouse
66585,Snrnp40,9410,SNRNP40,mouse
227102,Ormdl1,94101,ORMDL1,mouse
66612,Ormdl3,94103,ORMDL3,mouse
67367,Paxbp1,94104,PAXBP1,mouse
227615,Tmem203,94107,TMEM203,mouse
214137,Arhgap29,9411,ARHGAP29,mouse
16866,Lhb,94115,CGB8,mouse
108098,Med21,9412,MED21,mouse
83672,Sytl3,94120,SYTL3,mouse
27359,Sytl4,94121,SYTL4,mouse
236643,Sytl5,94122,SYTL5,mouse
381217,Entrep1,9413,FAM189A2,mouse
75415,Arhgap12,94134,ARHGAP12,mouse
271209,Rp1l1,94137,RP1L1,mouse
21873,Tjp2,9414,TJP2,mouse
56473,Fads2,9415,FADS2,mouse
74351,Ddx23,9416,DDX23,mouse
244562,Abcc12,94160,ABCC12,mouse
56724,Cript,9419,CRIPT,mouse
12524,Cd86,942,CD86,mouse
13123,Cyp7b1,9420,CYP7B1,mouse
15110,Hand1,9421,HAND1,mouse
18208,Ntn1,9423,NTN1,mouse
30044,Opn4,94233,OPN4,mouse
15220,Foxq1,94234,FOXQ1,mouse
14709,Gng8,94235,GNG8,mouse
77605,H2az2,94239,H2AZ2,mouse
52150,Kcnk6,9424,KCNK6,mouse
108670,Epsti1,94240,EPSTI1,mouse
60599,Trp53inp1,94241,TP53INP1,mouse
12593,Cdyl,9425,CDYL,mouse
13599,Ecel1,9427,ECEL1,mouse
68458,Ppp1r14a,94274,PPP1R14A,mouse
26357,Abcg2,9429,ABCG2,mouse
27405,Abcg3,9429,ABCG2,mouse
21941,Tnfrsf8,943,TNFRSF8,mouse
54371,Chst2,9435,CHST2,mouse
17086,Ncr1,9437,NCR1,mouse
70208,Med23,9439,MED23,mouse
21949,Tnfsf8,944,TNFSF8,mouse
234959,Med17,9440,MED17,mouse
70625,Med26,9441,MED26,mouse
68975,Med27,9442,MED27,mouse
66213,Med7,9443,MED7,mouse
19317,Qk,9444,QKI,mouse
16432,Itm2b,9445,ITM2B,mouse
14873,Gsto1,9446,GSTO1,mouse
383619,Aim2,9447,AIM2,mouse
26921,Map4k4,9448,MAP4K4,mouse
12489,Cd33,945,CD33,mouse
233274,Siglech,945,CD33,mouse
233186,Siglecf,945,CD33,mouse
17084,Ly86,9450,LY86,mouse
13666,Eif2ak3,9451,EIF2AK3,mouse
16431,Itm2a,9452,ITM2A,mouse
14593,Ggps1,9453,GGPS1,mouse
26558,Homer3,9454,HOMER3,mouse
26557,Homer2,9455,HOMER2,mouse
26556,Homer1,9456,HOMER1,mouse
57756,Fhl5,9457,FHL5,mouse
73341,Arhgef6,9459,ARHGEF6,mouse
12489,Cd33,946,SIGLEC6,mouse
233186,Siglecf,946,SIGLEC6,mouse
233274,Siglech,946,SIGLEC6,mouse
226525,Rasal2,9462,RASAL2,mouse
18693,Pick1,9463,PICK1,mouse
15111,Hand2,9464,HAND2,mouse
432442,Akap7,9465,AKAP7,mouse
50931,Il27ra,9466,IL27RA,mouse
24056,Sh3bp5,9467,SH3BP5,mouse
236899,Pcyt1b,9468,PCYT1B,mouse
53374,Chst3,9469,CHST3,mouse
12490,Cd34,947,CD34,mouse
26987,Eif4e2,9470,EIF4E2,mouse
238161,Akap6,9472,AKAP6,mouse
230787,Themis2,9473,THEMIS2,mouse
11793,Atg5,9474,ATG5,mouse
19878,Rock2,9475,ROCK2,mouse
16541,Napsa,9476,NAPSA,mouse
56771,Med20,9477,MED20,mouse
29867,Cabp1,9478,CABP1,mouse
19099,Mapk8ip1,9479,MAPK8IP1,mouse
12491,Cd36,948,CD36,mouse
225631,Onecut2,9480,ONECUT2,mouse
74011,Slc25a27,9481,SLC25A27,mouse
55943,Stx8,9482,STX8,mouse
98388,Chst10,9486,CHST10,mouse
327942,Pigl,9487,PIGL,mouse
55981,Pigb,9488,PIGB,mouse
74451,Pgs1,9489,PGS1,mouse
20778,Scarb1,949,SCARB1,mouse
228769,Psmf1,9491,PSMF1,mouse
71819,Kif23,9493,KIF23,mouse
238276,Akap5,9495,AKAP5,mouse
21387,Tbx4,9496,TBX4,mouse
218756,Slc4a7,9497,SLC4A7,mouse
59033,Slc4a8,9498,SLC4A8,mouse
58916,Myot,9499,MYOT,mouse
109652,Acy1,95,ACY1,mouse
12492,Scarb2,950,SCARB2,mouse
94275,Maged1,9500,MAGED1,mouse
380714,Rph3al,9501,RPH3AL,mouse
240913,Adamts4,9507,ADAMTS4,mouse
330119,Adamts3,9508,ADAMTS3,mouse
216725,Adamts2,9509,ADAMTS2,mouse
12493,Cd37,951,CD37,mouse
11504,Adamts1,9510,ADAMTS1,mouse
73078,Pmpcb,9512,PMPCB,mouse
23879,Fxr2,9513,FXR2,mouse
53897,Gal3st1,9514,GAL3ST1,mouse
207227,Stxbp5l,9515,STXBP5L,mouse
56722,Litaf,9516,LITAF,mouse
20773,Sptlc2,9517,SPTLC2,mouse
23886,Gdf15,9518,GDF15,mouse
237336,Tbpl1,9519,TBPL1,mouse
12494,Cd38,952,CD38,mouse
19155,Npepps,9520,NPEPPS,mouse
66143,Eef1e1,9521,EEF1E1,mouse
107767,Scamp1,9522,SCAMP1,mouse
106529,Tecr,9524,TECR,mouse
20479,Vps4b,9525,VPS4B,mouse
24070,Mpdu1,9526,MPDU1,mouse
53334,Gosr1,9527,GOSR1,mouse
56374,Tmem59,9528,TMEM59,mouse
70369,Bag5,9529,BAG5,mouse
12495,Entpd1,953,ENTPD1,mouse
67384,Bag4,9530,BAG4,mouse
29810,Bag3,9531,BAG3,mouse
213539,Bag2,9532,BAG2,mouse
20016,Polr1c,9533,POLR1C,mouse
100216455,Gm14124,9534,ZNF254,mouse
667666,Zfp600,9534,ZNF254,mouse
78251,Zfp712,9534,ZNF254,mouse
63986,Gmfg,9535,GMFG,mouse
64292,Ptges,9536,PTGES,mouse
277414,Trp53i11,9537,TP53I11,mouse
13663,Ei24,9538,EI24,mouse
12496,Entpd2,954,ENTPD2,mouse
66935,Cir1,9541,CIR1,mouse
100042150,Nrg2,9542,NRG2,mouse
19289,Igdcc3,9543,IGDCC3,mouse
19340,Rab3d,9545,RAB3D,mouse
57267,Apba3,9546,APBA3,mouse
57266,Cxcl14,9547,CXCL14,mouse
12497,Entpd6,955,ENTPD6,mouse
66290,Atp6v1g1,9550,ATP6V1G1,mouse
57423,Atp5mf,9551,ATP5MF,mouse
216873,Spag7,9552,SPAG7,mouse
66845,Mrpl33,9553,MRPL33,mouse
20333,Sec22b,9554,SEC22B,mouse
26914,Macroh2a1,9555,MACROH2A1,mouse
70257,Atp5mj,9556,ATP5MJ,mouse
68058,Chd1l,9557,CHD1L,mouse
30930,Vps26a,9559,VPS26A,mouse
215446,Entpd3,956,ENTPD3,mouse
20303,Ccl4,9560,CCL4L2|CCL4L1,mouse
17330,Minpp1,9562,MINPP1,mouse
100198,H6pd,9563,H6PD,mouse
12927,Bcar1,9564,BCAR1,mouse
14904,Gtpbp1,9567,GTPBP1,mouse
242425,Gabbr2,9568,GABBR2,mouse
83922,Cep41,95681,CEP41,mouse
57080,Gtf2ird1,9569,GTF2IRD1,mouse
12499,Entpd5,957,ENTPD5,mouse
56494,Gosr2,9570,GOSR2,mouse
217166,Nr1d1,9572,NR1D1,mouse
14562,Gdf3,9573,GDF3,mouse
12753,Clock,9575,CLOCK,mouse
50525,Spag6l,9576,SPAG6,mouse
381350,Spag6,9576,SPAG6,mouse
107976,Babam2,9577,BABAM2,mouse
217866,Cdc42bpb,9578,CDC42BPB,mouse
21939,Cd40,958,CD40,mouse
20668,Sox13,9580,SOX13,mouse
213760,Prepl,9581,PREPL,mouse
80287,Apobec3,9582,APOBEC3B,mouse
100862375,Entpd4b,9583,ENTPD4,mouse
67464,Entpd4,9583,ENTPD4,mouse
170791,Rbm39,9584,RBM39,mouse
240641,Kif20b,9585,KIF20B,mouse
231991,Creb5,9586,CREB5,mouse
66591,Mad2l1bp,9587,MAD2L1BP,mouse
11758,Prdx6,9588,PRDX6,mouse
320769,Prdx6b,9588,PRDX6,mouse
60532,Wtap,9589,WTAP,mouse
21947,Cd40lg,959,CD40LG,mouse
83397,Akap12,9590,AKAP12,mouse
15936,Ier2,9592,IER2,mouse
227929,Cytip,9595,CYTIP,mouse
258705,Olfr398,9596,OR1R1P,mouse
12505,Cd44,960,CD44,mouse
18739,Pitpnm1,9600,PITPNM1,mouse
12304,Pdia4,9601,PDIA4,mouse
18025,Nfe2l3,9603,NFE2L3,mouse
56736,Rnf14,9604,RNF14,mouse
72325,Vps9d1,9605,VPS9D1,mouse
27220,Cartpt,9607,CARTPT,mouse
76877,Rab36,9609,RAB36,mouse
16423,Cd47,961,CD47,mouse
225870,Rin1,9610,RIN1,mouse
20185,Ncor1,9611,NCOR1,mouse
20602,Ncor2,9612,NCOR2,mouse
14544,Gda,9615,GDA,mouse
19823,Rnf7,9616,RNF7,mouse
211253,Mtrf1,9617,MTRF1,mouse
22032,Traf4,9618,TRAF4,mouse
11307,Abcg1,9619,ABCG1,mouse
12506,Cd48,962,CD48,mouse
12614,Celsr1,9620,CELSR1,mouse
56640,Klk4,9622,KLK4,mouse
11302,Aatk,9625,AATK,mouse
67847,Sncaip,9627,SNCAIP,mouse
50779,Rgs6,9628,RGS6,mouse
12722,Clca3a1,9629,CLCA3P,mouse
229927,Clca3b,9629,CLCA3P,mouse
80797,Clca3a2,9629,CLCA3P,mouse
12508,Cd53,963,CD53,mouse
14675,Gna14,9630,GNA14,mouse
170762,Nup155,9631,NUP155,mouse
218811,Sec24c,9632,SEC24C,mouse
17771,Tesmin,9633,TESMIN,mouse
229933,Clca2,9635,CLCA2,mouse
100038882,Isg15,9636,ISG15,mouse
225020,Fez2,9637,FEZ2,mouse
235180,Fez1,9638,FEZ1|STT3A-AS1,mouse
234094,Arhgef10,9639,ARHGEF10,mouse
233410,Zfp592,9640,ZNF592,mouse
56489,Ikbke,9641,IKBKE,mouse
56397,Morf4l2,9643,MORF4L2,mouse
14218,Sh3pxd2a,9644,SH3PXD2A,mouse
320878,Mical2,9645,MICAL2,mouse
216742,Fnip1,96459,FNIP1,mouse
22083,Ctr9,9646,CTR9,mouse
68606,Ppm1f,9647,PPM1F,mouse
70297,Gcc2,9648,GCC2,mouse
241308,Ralgps1,9649,RALGPS1,mouse
67472,Mtfr1,9650,MTFR1,mouse
269615,Plch2,9651,PLCH2,mouse
218343,Ttc37,9652,TTC37,mouse
23908,Hs2st1,9653,HS2ST1,mouse
67534,Ttll4,9654,TTLL4,mouse
56468,Socs5,9655,SOCS5,mouse
240087,Mdc1,9656,MDC1,mouse
320299,Iqcb1,9657,IQCB1,mouse
329003,Zfp516,9658,ZNF516,mouse
83679,Pde4dip,9659,PDE4DIP,mouse
12509,Cd59a,966,CD59,mouse
333883,Cd59b,966,CD59,mouse
381644,Cep135,9662,CEP135,mouse
110829,Lims1,96626,LIMS3,mouse
64898,Lpin2,9663,LPIN2,mouse
223989,Marf1,9665,MARF1,mouse
224170,Dzip3,9666,DZIP3,mouse
224902,Safb2,9667,SAFB2,mouse
100216455,Gm14124,9668,ZNF432,mouse
667666,Zfp600,9668,ZNF432,mouse
226982,Eif5b,9669,EIF5B,mouse
12512,Cd63,967,CD63,mouse
230673,Ipo13,9670,IPO13,mouse
320916,Wscd2,9671,WSCD2,mouse
20970,Sdc3,9672,SDC3,mouse
229517,Slc25a44,9673,SLC25A44,mouse
67647,4930523C07Rik,9674,KIAA0040,mouse
75425,Tti1,9675,TTI1,mouse
116940,Tgs1,96764,TGS1,mouse
327655,Ppip5k1,9677,PPIP5K1,mouse
75725,Phf14,9678,PHF14,mouse
77938,Fam53b,9679,FAM53B,mouse
12514,Cd68,968,CD68,mouse
277854,Depdc5,9681,DEPDC5,mouse
230674,Kdm4a,9682,KDM4A,mouse
80750,N4bp1,9683,N4BP1,mouse
223664,Lrrc14,9684,LRRC14,mouse
216705,Clint1,9685,CLINT1,mouse
232334,Vgll4,9686,VGLL4,mouse
268527,Greb1,9687,GREB1,mouse
71805,Nup93,9688,NUP93,mouse
66882,Bzw1,9689,BZW1,mouse
12515,Cd69,969,CD69,mouse
100763,Ube3c,9690,UBE3C,mouse
66132,Prorp,9692,PRORP,mouse
76089,Rapgef2,9693,RAPGEF2,mouse
66736,Emc2,9694,EMC2,mouse
192193,Edem1,9695,EDEM1,mouse
230872,Crocc,9696,CROCC,mouse
170829,Tram2,9697,TRAM2,mouse
80912,Pum1,9698,PUM1,mouse
116838,Rims2,9699,RIMS2,mouse
66204,Acyp1,97,ACYP1,mouse
21948,Cd70,970,CD70,mouse
105988,Espl1,9700,ESPL1,mouse
71474,Ppp6r2,9701,PPP6R2,mouse
74360,Cep57,9702,CEP57,mouse
72503,2610507B11Rik,9703,KIAA0100,mouse
71723,Dhx34,9704,DHX34,mouse
240690,St18,9705,ST18,mouse
29869,Ulk2,9706,ULK2,mouse
93716,Pcdhga8,9708,PCDHGA8,mouse
64209,Herpud1,9709,HERPUD1,mouse
12517,Cd72,971,CD72,mouse
233103,Garre1,9710,GARRE1,mouse
100502698,Rubcn,9711,RUBCN,mouse
98910,Usp6nl,9712,USP6NL,mouse
76156,Fam131b,9715,FAM131B,mouse
11834,Aqr,9716,AQR,mouse
665119,Sec14l5,9717,SEC14L5,mouse
110599584,Gm49333,9718,ECE2,mouse
107522,Ece2,9718,ECE2,mouse
77794,Adamtsl2,9719,ADAMTSL2,mouse
16149,Cd74,972,CD74,mouse
241943,Ccdc144b,9720,CCDC144A,mouse
432839,Gprin2,9721,GPRIN2,mouse
70729,Nos1ap,9722,NOS1AP,mouse
20349,Sema3e,9723,SEMA3E,mouse
195434,Utp14b,9724,UTP14C,mouse
72554,Utp14a,9724,UTP14C,mouse
208795,Tmem63a,9725,TMEM63A,mouse
233905,Zfp646,9726,ZNF646,mouse
215445,Rab11fip3,9727,RAB11FIP3,mouse
70354,Secisbp2l,9728,SECISBP2L,mouse
212448,9330159F19Rik,9729,KIAA0408,mouse
12518,Cd79a,973,CD79A,mouse
321006,Dcaf1,9730,DCAF1,mouse
230967,Cep104,9731,CEP104,mouse
238130,Dock4,9732,DOCK4,mouse
53890,Sart3,9733,SART3,mouse
79221,Hdac9,9734,HDAC9,mouse
208628,Kntc1,9735,KNTC1,mouse
17847,Usp34,9736,USP34,mouse
67298,Gprasp1,9737,GPRASP1,mouse
101565,Ccp110,9738,CCP110,mouse
233904,Setd1a,9739,SETD1A,mouse
15985,Cd79b,974,CD79B,mouse
17775,Laptm4a,9741,LAPTM4A,mouse
106633,Ift140,9742,IFT140,mouse
330914,Arhgap32,9743,ARHGAP32,mouse
216859,Acap1,9744,ACAP1,mouse
243937,Zfp536,9745,ZNF536,mouse
232370,Clstn3,9746,CLSTN3,mouse
77574,Tcaf1,9747,TCAF1,mouse
20874,Slk,9748,SLK,mouse
215789,Phactr2,9749,PHACTR2,mouse
12520,Cd81,975,CD81,mouse
193385,Ripor2,9750,RIPOR2,mouse
241727,Snph,9751,SNPH,mouse
12939,Pcdha7,9752,PCDHA9,mouse
353235,Pcdha8,9752,PCDHA9,mouse
22758,Zscan12,9753,ZSCAN12,mouse
236920,Stard8,9754,STARD8,mouse
73174,Tbkbp1,9755,TBKBP1,mouse
75410,Kmt2b,9757,KMT2B,mouse
333605,Frmpd4,9758,FRMPD4,mouse
208727,Hdac4,9759,HDAC4,mouse
26364,Adgre5,976,ADGRE5,mouse
252838,Tox,9760,TOX,mouse
109154,Mlec,9761,MLEC,mouse
241638,Lzts3,9762,LZTS3,mouse
234797,6430548M08Rik,9764,KIAA0513,mouse
218441,Zfyve16,9765,ZFYVE16,mouse
217684,Susd6,9766,SUSD6,mouse
382207,Jade3,9767,JADE3,mouse
68026,Pclaf,9768,PCLAF,mouse
12476,Cd151,977,CD151,mouse
215653,Rassf2,9770,RASSF2,mouse
217944,Rapgef5,9771,RAPGEF5,mouse
71947,Tmem94,9772,TMEM94,mouse
72567,Bclaf1,9774,BCLAF1,mouse
192170,Eif4a3,9775,EIF4A3,mouse
434080,Eif4a3l2,9775,EIF4A3,mouse
668137,Eif4a3l1,9775,EIF4A3,mouse
51897,Atg13,9776,ATG13,mouse
99237,Tm9sf4,9777,TM9SF4,mouse
320661,D5Ertd579e,9778,KIAA0232,mouse
72238,Tbc1d5,9779,TBC1D5,mouse
72269,Cda,978,CDA,mouse
234839,Piezo1,9780,PIEZO1,mouse
108089,Rnf144a,9781,RNF144A,mouse
17184,Matr3,9782,MATR3,mouse
242662,Rims3,9783,RIMS3,mouse
266781,Snx17,9784,SNX17,mouse
64340,Dhx38,9785,DHX38,mouse
76967,2700049A03Rik,9786,KIAA0586,mouse
218977,Dlgap5,9787,DLGAP5,mouse
211401,Mtss1,9788,MTSS1,mouse
66624,Spcs2,9789,SPCS2,mouse
213895,Bms1,9790,BMS1,mouse
19210,Ptdss1,9791,PTDSS1,mouse
58172,Sertad2,9792,SERTAD2,mouse
75786,Ckap5,9793,CKAP5,mouse
103806,Maml1,9794,MAML1,mouse
105653,Phyhip,9796,PHYHIP,mouse
381801,Tatdn2,9797,TATDN2,mouse
71955,Ist1,9798,IST1,mouse
75572,Acyp2,98,ACYP2,mouse
56284,Mrpl19,9801,MRPL19,mouse
23994,Dazap2,9802,DAZAP2,mouse
67952,Tomm20,9804,TOMM20,mouse
69938,Scrn1,9805,SCRN1,mouse
94214,Spock2,9806,SPOCK2,mouse
27399,Ip6k1,9807,IP6K1,mouse
233900,Rnf40,9810,RNF40,mouse
269037,Ctif,9811,CTIF,mouse
66839,Dele1,9812,DELE1,mouse
230648,Efcab14,9813,EFCAB14,mouse
78887,Sfi1,9814,SFI1,mouse
26431,Git2,9815,GIT2,mouse
382038,Urb2,9816,URB2,mouse
50868,Keap1,9817,KEAP1,mouse
71844,Nup58,9818,NUP58,mouse
72033,Tsc22d2,9819,TSC22D2,mouse
66515,Cul7,9820,CUL7,mouse
12421,Rb1cc1,9821,RB1CC1,mouse
67416,Armcx2,9823,ARMCX2,mouse
228482,Arhgap11a,9824,ARHGAP11A,mouse
263876,Spata2,9825,SPATA2,mouse
213498,Arhgef11,9826,ARHGEF11,mouse
242406,Rgp1,9827,RGP1,mouse
207212,Arhgef17,9828,ARHGEF17,mouse
72685,Dnajc6,9829,DNAJC6,mouse
12534,Cdk1,983,CDK1,mouse
74735,Trim14,9830,TRIM14,mouse
78834,Zfp623,9831,ZNF623,mouse
76217,Jakmip2,9832,JAKMIP2,mouse
17279,Melk,9833,MELK,mouse
329504,Lcmt2,9836,LCMT2,mouse
69270,Gins1,9837,GINS1,mouse
24136,Zeb2,9839,ZEB2,mouse
12537,Cdk11b,984,CDK11B,mouse
67596,Tespa1,9840,TESPA1,mouse
268294,Zbtb24,9841,ZBTB24,mouse
353047,Plekhm1,9842,PLEKHM1,mouse
15203,Heph,9843,HEPH,mouse
140580,Elmo1,9844,ELMO1,mouse
14389,Gab2,9846,GAB2,mouse
74741,C2cd5,9847,C2CD5,mouse
71306,Mfap3l,9848,MFAP3L|LOC101928198,mouse
72672,Zfp518a,9849,ZNF518A,mouse
74477,4933427D14Rik,9851,KIAA0753,mouse
77781,Epm2aip1,9852,EPM2AIP1,mouse
100213,Rusc2,9853,RUSC2,mouse
71764,C2cd2l,9854,C2CD2L,mouse
227377,Farp2,9855,FARP2,mouse
210108,D130043K22Rik,9856,KIAA0319,mouse
74081,Cep350,9857,CEP350,mouse
241289,Ppp1r26,9858,PPP1R26,mouse
545389,Cep170,9859,CEP170|CEP170P1,mouse
269473,Lrig2,9860,LRIG2,mouse
66413,Psmd6,9861,PSMD6,mouse
23989,Med24,9862,MED24,mouse
50791,Magi2,9863,MAGI2,mouse
66873,Tril,9865,TRIL,mouse
330627,Trim66,9866,TRIM66,mouse
224938,Pja2,9867,PJA2,mouse
28185,Tomm70a,9868,TOMM70,mouse
84505,Setdb1,9869,SETDB1,mouse
80877,Lrba,987,LRBA,mouse
68497,Arel1,9870,AREL1,mouse
69608,Sec24d,9871,SEC24D,mouse
207278,Fchsd2,9873,FCHSD2,mouse
228012,Tlk1,9874,TLK1,mouse
207932,Urb1,9875,URB1,mouse
70579,Zc3h11a,9877,ZC3H11A,mouse
268741,Tox4,9878,TOX4,mouse
212880,Ddx46,9879,DDX46,mouse
102635473,Gm32802,988,CDC5L,mouse
102635357,Gm32717,988,CDC5L,mouse
668203,Cdc5lrt6,988,CDC5L,mouse
71702,Cdc5l,988,CDC5L,mouse
668198,Cdc5lrt5,988,CDC5L,mouse
668205,Gm9045,988,CDC5L,mouse
668216,Gm9049,988,CDC5L,mouse
668213,Gm9048,988,CDC5L,mouse
320080,Zbtb39,9880,ZBTB39,mouse
320429,Trank1,9881,TRANK1,mouse
210789,Tbc1d4,9882,TBC1D4,mouse
107939,Pom121,9883,POM121,mouse
237954,Lrrc37a,9884,LRRC37A,mouse
380730,Gm884,9884,LRRC37A,mouse
228983,Osbpl2,9885,OSBPL2|LOC105369209,mouse
69288,Rhobtb1,9886,RHOBTB1,mouse
226517,Smg7,9887,SMG7,mouse
223773,Zbed4,9889,ZBED4,mouse
235072,Septin7,989,SEPTIN7,mouse
229791,Plppr4,9890,PLPPR4,mouse
77976,Nuak1,9891,NUAK1,mouse
20616,Snap91,9892,SNAP91,mouse
71718,Telo2,9894,TELO2,mouse
104859,Tecpr2,9895,TECPR2,mouse
103199,Fig4,9896,FIG4,mouse
223593,Washc5,9897,WASHC5,mouse
74383,Ubap2l,9898,UBAP2L,mouse
64176,Sv2b,9899,SV2B,mouse
23834,Cdc6,990,CDC6,mouse
64051,Sv2a,9900,SV2A,mouse
259302,Srgap3,9901,SRGAP3,mouse
17534,Mrc2,9902,MRC2,mouse
242785,Klhl21,9903,KLHL21,mouse
74111,Rbm19,9904,RBM19,mouse
97761,Sgsm2,9905,SGSM2,mouse
320541,Slc35e2,9906,SLC35E2A,mouse
231855,Ap5z1,9907,AP5Z1,mouse
23881,G3bp2,9908,G3BP2,mouse
229541,Dennd4b,9909,DENND4B,mouse
107995,Cdc20,991,CDC20,mouse
29809,Rabgap1l,9910,RABGAP1L,mouse
68875,Tmcc2,9911,TMCC2,mouse
216831,Arhgap44,9912,ARHGAP44,mouse
72195,Supt7l,9913,SUPT7L,mouse
69047,Atp2c2,9914,ATP2C2,mouse
11864,Arnt2,9915,ARNT2,mouse
215015,Fam20b,9917,FAM20B,mouse
68298,Ncapd2,9918,NCAPD2,mouse
227648,Sec16a,9919,SEC16A,mouse
74901,Kbtbd11,9920,KBTBD11,mouse
50849,Rnf10,9921,RNF10,mouse
232227,Iqsec1,9922,IQSEC1,mouse
230848,Zbtb40,9923,ZBTB40,mouse
103135,Pan2,9924,PAN2,mouse
230119,Zbtb5,9925,ZBTB5,mouse
226856,Lpgat1,9926,LPGAT1,mouse
170731,Mfn2,9927,MFN2,mouse
381293,Kif14,9928,KIF14,mouse
74158,Josd1,9929,JOSD1,mouse
12530,Cdc25a,993,CDC25A,mouse
78455,Helz,9931,HELZ,mouse
52874,Pum3,9933,PUM3,mouse
140795,P2ry14|F630111L10Rik,9934,P2RY14,mouse
16658,Mafb,9935,MAFB,mouse
66205,Cd302,9936,CD302,mouse
55947,Dclre1a,9937,DCLRE1A,mouse
232201,Arhgap25,9938,ARHGAP25,mouse
60365,Rbm8a,9939,RBM8A,mouse
12531,Cdc25b,994,CDC25B,mouse
320256,Dlec1,9940,DLEC1,mouse
208194,Exog,9941,EXOG,mouse
102448,Xylb,9942,XYLB,mouse
108737,Oxsr1,9943,OXSR1,mouse
14584,Gfpt2,9945,GFPT2,mouse
66609,Cryzl1,9946,CRYZL1,mouse
75352,Magea13,9947,MAGEC1,mouse
22388,Wdr1,9948,WDR1,mouse
56068,Ammecr1,9949,AMMECR1,mouse
12532,Cdc25c,995,CDC25C,mouse
27277,Golga5,9950,GOLGA5,mouse
628779,Hs3st4,9951,HS3ST4,mouse
54710,Hs3st3b1,9953,HS3ST3B1,mouse
15478,Hs3st3a1,9955,HS3ST3A1,mouse
195646,Hs3st2,9956,HS3ST2,mouse
15476,Hs3st1,9957,HS3ST1,mouse
14479,Usp15,9958,USP15,mouse
217232,Cdc27,996,CDC27,mouse
235441,Usp3,9960,USP3,mouse
78388,Mvp,9961,MVP,mouse
54338,Slc23a2,9962,SLC23A2,mouse
20522,Slc23a1,9963,SLC23A1,mouse
14170,Fgf15,9965,FGF19,mouse
326623,Tnfsf15,9966,TNFSF15,mouse
230753,Thrap3,9967,THRAP3,mouse
59024,Med12,9968,MED12,mouse
327987,Med13,9969,MED13,mouse
111266,Cdc34b,997,CDC34,mouse
216150,Cdc34,997,CDC34,mouse
12355,Nr1i3,9970,NR1I3,mouse
20186,Nr1h4,9971,NR1H4,mouse
218210,Nup153,9972,NUP153,mouse
12460,Ccs,9973,CCS,mouse
353187,Nr1d2,9975,NR1D2,mouse
56438,Rbx1,9978,RBX1,mouse
12540,Cdc42,998,CDC42,mouse
70028,Dop1b,9980,DOP1B,mouse
14181,Fgfbp1,9982,FGFBP1,mouse
225160,Thoc1,9984,THOC1,mouse
56739,Rec8,9985,REC8,mouse
19671,Rce1,9986,RCE1,mouse
50926,Hnrnpdl,9987,HNRNPDL,mouse
23857,Dmtf1,9988,DMTF1,mouse
70351,Ppp4r1,9989,PPP4R1,mouse
12550,Cdh1,999,CDH1,mouse
107723,Slc12a6,9990,SLC12A6,mouse
230257,Ptbp3,9991,PTBP3,mouse
246133,Kcne2,9992,KCNE2,mouse
13356,Dgcr2,9993,DGCR2,mouse
26885,Casp8ap2,9994,CASP8AP2,mouse
100126824,Sco2,9997,SCO2,mouse
