cid	lat	lon	nPtsGeo	layers	nPts	nObs	nAnalytes	nDet	nDetAnalytes	maxNgL	nFac	nPfasFac	nRingFac	nRingPfasFac	stateFips	stateName	countyFips	countyName	nCounties
5522341972783661056	46.734055	-67.791993	1	EGAD	1	30	30	6	6	1.16	0	0	0	0	23	Maine	23003	Aroostook County	1
5522342419460259840	46.7227675	-67.813995	2	EGAD	2	56	29	0	0		0	0	1	0	23	Maine	23003	Aroostook County	1
5522342453819998208	46.71209283333334	-67.820381	6	EGAD	6	230	30	13	8	2.01	0	0	1	0	23	Maine	23003	Aroostook County	1
5522342488179736576	46.7102716	-67.8073652	5	EGAD	5	173	30	20	12	4.35	0	0	1	0	23	Maine	23003	Aroostook County	1
5522348638572904448	46.658644	-67.863634	1	EGAD	1	30	30	5	5	2.6	0	0	0	0	23	Maine	23003	Aroostook County	1
5522349016530026496	46.653374	-67.864261	1	EGAD	1	30	30	1	1	2.51	0	0	0	0	23	Maine	23003	Aroostook County	1
5522351559150665728	46.545183	-67.907217	1	EGAD	1	110	66	23	17	1.41	0	0	0	0	23	Maine	23003	Aroostook County	1
5522724740269080576	46.475901	-67.833564	1	EGAD	1	28	28	4	4	2.96	0	0	1	0	23	Maine	23003	Aroostook County	1
5522725496183324672	46.509556	-67.853179	1	EGAD	1	300	30	132	16	104.0	0	0	9	0	23	Maine	23003	Aroostook County	1
5522725564902801408	46.496169	-67.845474	1	EGAD	1	245	66	55	20	3.15	0	0	0	0	23	Maine	23003	Aroostook County	1
5522730925021986816	46.433121	-67.920036	1	EGAD	1	29	29	0	0		0	0	0	0	23	Maine	23003	Aroostook County	1
5522749101323583488	46.223403	-67.80236	1	EGAD	1	25	25	0	0		0	0	1	0	23	Maine	23003	Aroostook County	1
5522750406993641472	46.174884	-67.803029	1	EGAD	1	140	66	31	19	2.48	0	0	1	0	23	Maine	23003	Aroostook County	1
5522750613152071680	46.18167	-67.804066	1	EGAD	1	295	66	76	29	4.46	0	0	0	0	23	Maine	23003	Aroostook County	1
5522751437785792512	46.17144	-67.902823	1	EGAD	1	30	30	8	8	4.82	0	0	2	0	23	Maine	23003	Aroostook County	1
5522751506505269248	46.161047499999995	-67.89433500000001	2	EGAD	2	118	30	31	12	3.92	1	0	2	0	23	Maine	23003	Aroostook County	1
5522751643944222720	46.14768	-67.89416	1	EGAD	1	29	29	3	3	1.3	0	0	2	0	23	Maine	23003	Aroostook County	1
5522751678303961088	46.144958333333335	-67.88608366666666	3	EGAD	3	86	30	14	10	4.68	0	0	2	0	23	Maine	23003	Aroostook County	1
5522751712663699456	46.150846	-67.883826	1	EGAD	1	29	29	4	4	0.629	2	0	1	0	23	Maine	23003	Aroostook County	1
5522751850102652928	46.134088	-67.847285	1	EGAD	1	78	39	15	8		1	0	55	0	23	Maine	23003	Aroostook County	1
5522751987541606400	46.163015333333334	-67.83973366666667	3	EGAD	3	87	30	15	10	6.35	2	0	4	0	23	Maine	23003	Aroostook County	1
5522752090620821504	46.14790225	-67.8269675	4	EGAD	4	667	45	245	25	361.0	1	0	7	0	23	Maine	23003	Aroostook County	1
5522752124980559872	46.158367	-67.808616	1	EGAD	1	30	30	10	10	2.27	0	0	4	0	23	Maine	23003	Aroostook County	1
5522752159340298240	46.154284	-67.807745	1	EGAD	1	30	30	3	3	0.607	0	0	2	0	23	Maine	23003	Aroostook County	1
5522752296779251712	46.128679	-67.838115	1	EGAD	0	0	0	0	0		13	0	52	0	23	Maine	23003	Aroostook County	1
5522752468577943552	46.126727	-67.84606500000001	2	EGAD	2	215	66	49	21	2.66	33	0	31	0	23	Maine	23003	Aroostook County	1
5522752502937681920	46.124705	-67.856735625	8	EGAD	8	240	30	58	16	97.8	1	0	52	0	23	Maine	23003	Aroostook County	1
5522752606016897024	46.120734	-67.854646	1	EGAD	1	30	30	3	3	2.8	0	0	40	0	23	Maine	23003	Aroostook County	1
5522752709096112128	46.105307	-67.881531	1	EGAD	1	292	30	18	7	59.5	0	0	2	0	23	Maine	23003	Aroostook County	1
5522752743455850496	46.101003	-67.873645	1	EGAD	1	9	9	0	0		0	0	2	0	23	Maine	23003	Aroostook County	1
5522753087053234176	46.063407	-67.876577	1	EGAD	1	9	9	0	0		0	0	5	0	23	Maine	23003	Aroostook County	1
5522755354795966464	46.095556	-67.993302	1	EGAD	1	138	66	25	14	0.632	0	0	1	0	23	Maine	23003	Aroostook County	1
5522757622538698752	46.1717645	-67.91219849999999	2	EGAD	2	59	30	8	6	2.3	0	0	0	0	23	Maine	23003	Aroostook County	1
5522781158959480832	46.014917	-67.976345	1	EGAD	1	28	28	0	0		0	0	0	0	23	Maine	23003	Aroostook County	1
5522789920692764672	45.993575	-67.799406	1	EGAD	1	29	29	1	1	0.29	0	0	0	0	23	Maine	23003	Aroostook County	1
5522795830567763968	46.111214	-67.794627	1	EGAD	1	27	27	0	0		0	0	6	1	23	Maine	23003	Aroostook County	1
5522796345963839488	46.127568	-67.80514542857142	7	EGAD	7	152	17	14	7	5.65	0	0	14	0	23	Maine	23003	Aroostook County	1
5522796380323577856	46.131100333333336	-67.80198166666666	3	EGAD	3	209	40	59	15	15.7	0	0	5	0	23	Maine	23003	Aroostook County	1
5522796414683316224	46.131325	-67.799112	1	EGAD	1	63	34	19	13	11.68	1	0	6	1	23	Maine	23003	Aroostook County	1
5522796449043054592	46.1272952	-67.798571	15	EGAD	6	639	50	131	26	2290.0	0	0	8	1	23	Maine	23003	Aroostook County	1
5522796483402792960	46.124762	-67.78657	1	EGAD	1	17	17	1	1	1.01	5	1	3	0	23	Maine	23003	Aroostook County	1
5522870288120807424	45.875414	-68.479516	1	EGAD	1	29	29	4	4	1.84	0	0	1	0	23	Maine	23019	Penobscot County	1
5522879084213829632	45.7387	-68.587112	1	EGAD	1	66	33	14	8		0	0	0	0	23	Maine	23019	Penobscot County	1
5522895645607723008	45.575876	-68.428917	1	EGAD	1	96	59	22	16	4.73	0	0	0	0	23	Maine	23003	Aroostook County	2
5522903617067024384	45.654692	-68.59022	1	EGAD	1	30	30	8	8	22.9	0	0	1	1	23	Maine	23019	Penobscot County	1
5522903651426762752	45.655575	-68.60196016666667	6	EGAD	6	332	31	109	20	4430.0	0	0	0	0	23	Maine	23019	Penobscot County	1
5522904922737082368	45.636276	-68.671611	1	EGAD	1	339	44	157	20	42.2	0	0	1	0	23	Maine	23019	Penobscot County	1
5522906984321384448	45.619935	-68.569796	1	EGAD	1	339	44	134	17	87.3	13	2	6	0	23	Maine	23019	Penobscot County	1
5522923683154231296	45.45517649999999	-68.4156035	2	EGAD	2	60	30	8	8	42.2	1	0	1	0	23	Maine	23019	Penobscot County	1
5522923820593184768	45.45440925	-68.36777675	4	EGAD	4	118	30	26	11	11.2	1	0	0	0	23	Maine	23019	Penobscot County	1
5522924164190568448	45.424321	-68.417356	1	EGAD	1	30	30	0	0		0	0	0	0	23	Maine	23019	Penobscot County	1
5522924232910045184	45.416428142857136	-68.44456742857143	7	EGAD	7	263	30	28	10	14.4	0	0	2	0	23	Maine	23019	Penobscot County	1
5522924267269783552	45.431127	-68.433458	1	EGAD	1	29	29	1	1	0.772	0	0	0	0	23	Maine	23019	Penobscot County	1
5522924920104812544	45.43277733333334	-68.44167333333333	3	EGAD	3	146	30	37	11	33.2	0	0	1	0	23	Maine	23019	Penobscot County	1
5522924954464550912	45.420478	-68.446915	1	EGAD	1	29	29	0	0		0	0	1	0	23	Maine	23019	Penobscot County	1
5522934128514695168	45.443611	-68.357325	1	EGAD	1	29	29	1	1	0.36	0	0	1	0	23	Maine	23019	Penobscot County	1
5522973229896957952	45.242402	-67.628476	1	EGAD	1	161	44	58	13	13.6	0	0	2	1	23	Maine	23029	Washington County	1
5522973332976173056	45.240821	-67.630329	1	EGAD	1	115	29	2	1	4.53	1	1	0	0	23	Maine	23029	Washington County	1
5523088300660752384	45.267649	-67.477946	1	EGAD	1	96	59	22	16	7.8	0	0	1	0	23	Maine	23029	Washington County	1
5523089949928194048	45.21805	-67.550011	1	EGAD	1	17	17	4	4	8.74	2	0	5	0	23	Maine	23029	Washington County	1
5523089984287932416	45.220689	-67.571023	1	EGAD	1	17	17	1	1	5.13	5	0	3	0	23	Maine	23029	Washington County	1
5523092939225432064	45.18773899999999	-67.43193	2	EGAD	2	179	30	85	18	326.0	0	0	3	0	23	Maine	23029	Washington County	1
5523094519773396992	45.18971333333334	-67.27361866666666	3	EGAD	2	347	44	138	14	53.4	19	0	22	0	23	Maine	23029	Washington County	1
5523100910684733440	45.16470233333333	-67.24375166666667	3	EGAD	3	88	30	22	14	11.0	8	0	0	0	23	Maine	23029	Washington County	1
5523101013763948544	45.167914	-67.244197	1	EGAD	1	60	30	22	11	17.7	0	0	10	0	23	Maine	23029	Washington County	1
5523101048123686912	45.168237	-67.271838	1	EGAD	1	31	31	1	1	0.354	0	0	10	0	23	Maine	23029	Washington County	1
5523101082483425280	45.17069	-67.27522900000001	3	EGAD	3	123	31	43	19	153.74	2	0	24	0	23	Maine	23029	Washington County	1
5523864280992055296	44.863289	-67.411029	1	EGAD	1	29	29	10	10	14.9	0	0	0	0	23	Maine	23029	Washington County	1
5523871015500775424	44.905547	-67.061069	1	EGAD	1	60	30	0	0		0	0	0	0	23	Maine	23029	Washington County	1
5523871049860513792	44.900640333333335	-67.05473166666667	3	EGAD	3	90	30	1	1	0.398	0	0	0	0	23	Maine	23029	Washington County	1
5523872355530571776	44.909530000000004	-67.0200445	2	EGAD	2	58	29	0	0		0	0	9	0	23	Maine	23029	Washington County	1
5523872458609786880	44.908051	-67.012517	1	EGAD	1	58	29	22	11	16.1	0	0	21	0	23	Maine	23029	Washington County	1
5523872492969525248	44.902881	-66.996303	2	EGAD	1	4	4	4	4		7	0	22	0	23	Maine	23029	Washington County	1
5523873764279844864	44.855031	-66.982832	1	EGAD	1	8	4	7	4		1	0	18	0	23	Maine	23029	Washington County	1
5523881598300192768	44.702056999999996	-67.2892505	2	EGAD	2	58	29	3	3	1.47	0	0	3	0	23	Maine	23029	Washington County	1
5523881632659931136	44.697103	-67.292735	2	EGAD	2	670	33	151	18	76.4	1	0	2	0	23	Maine	23029	Washington County	1
5523882010617053184	44.69853186206896	-67.29896686206897	29	EGAD	29	8789	44	2039	25	1674.87	2	0	3	0	23	Maine	23029	Washington County	1
5523882044976791552	44.700704333333334	-67.29469133333333	3	EGAD	3	62	21	36	14	144421.0	0	0	5	0	23	Maine	23029	Washington County	1
5523889157442633728	44.7816105	-67.399662	2	EGAD	2	58	29	0	0		0	0	0	0	23	Maine	23029	Washington County	1
5523890944149028864	44.71134	-67.474258	1	EGAD	1	150	30	39	13	89.9	8	0	32	0	23	Maine	23029	Washington County	1
5523891356465889280	44.7188915	-67.452535	2	EGAD	2	345	44	144	15	54.9	11	0	27	0	23	Maine	23029	Washington County	1
5523892078020395008	44.74053	-67.385998	1	EGAD	0	0	0	0	0		1	0	5	0	23	Maine	23029	Washington County	1
5523895239116324864	44.66387	-67.456356	1	EGAD	1	58	29	0	0		1	0	0	0	23	Maine	23029	Washington County	1
5523895273476063232	44.6645082	-67.4611624	5	EGAD	5	142	30	20	10	6.58	0	0	1	0	23	Maine	23029	Washington County	1
5523896338627952640	44.700494	-67.475698	1	EGAD	1	29	29	3	3	4.92	1	0	24	0	23	Maine	23029	Washington County	1
5523905547037835264	44.66310725	-67.29679675	4	EGAD	4	84	21	9	6	1.47	0	0	0	0	23	Maine	23029	Washington County	1
5523905787556003840	44.640804	-67.29395099999999	2	EGAD	2	102	22	45	11	329.97	2	0	2	2	23	Maine	23029	Washington County	1
5523905821915742208	44.645213	-67.283234	1	EGAD	1	30	21	15	9	55.24	2	2	2	0	23	Maine	23029	Washington County	1
5523905924994957312	44.664356789473686	-67.29167760526316	38	EGAD	38	1440	55	526	32	1208.0	0	0	1	0	23	Maine	23029	Washington County	1
5523906165513125888	44.6367745	-67.26467600000001	2	EGAD	2	82	22	37	12	916.577	0	0	0	0	23	Maine	23029	Washington County	1
5523906268592340992	44.635692000000006	-67.26617200000001	2	EGAD	2	102	22	13	5	4.01	0	0	0	0	23	Maine	23029	Washington County	1
5523992717694074880	44.5567	-67.569996	1	EGAD	1	27	27	0	0		0	0	3	0	23	Maine	23029	Washington County	1
5523992855133028352	44.5549801	-67.5784251	10	EGAD	10	232	27	0	0		3	0	0	0	23	Maine	23029	Washington County	1
5524834771802259456	44.168959	-68.663603	1	EGAD	1	17	17	0	0		0	0	6	0	23	Maine	23009	Hancock County	1
5524834840521736192	44.174895785714284	-68.67887471428571	14	EGAD	14	415	30	107	20	984.0	1	0	3	0	23	Maine	23009	Hancock County	1
5524834874881474560	44.168189999999996	-68.686322	4	EGAD	4	154	40	13	10	4.19	1	0	2	0	23	Maine	23009	Hancock County	1
5524834943600951296	44.178062499999996	-68.69059150000001	2	EGAD	2	60	30	9	5	3.63	1	0	3	0	23	Maine	23009	Hancock County	1
5524837383142375424	44.171743	-68.83881	1	EGAD	1	58	29	18	10	5.23	0	0	0	0	23	Maine	23013	Knox County	1
5524845595119845376	44.04208	-68.839793	1	EGAD	1	341	44	157	22	22.9	4	0	9	0	23	Maine	23013	Knox County	1
5525178059948294144	43.591776	-70.20734	1	EGAD	1	340	44	143	17	94.7	0	0	10	0	23	Maine	23005	Cumberland County	1
5525203864111808512	43.7553675	-69.848274	2	EGAD	2	71	36	0	0		0	0	0	0	23	Maine	23023	Sagadahoc County	1
5525211869930848256	43.77211	-70.0138265	2	EGAD	2	48	24	0	0		0	0	5	0	23	Maine	23005	Cumberland County	1
5525211938650324992	43.778099	-70.01768	4	EGAD	4	52	13	4	2		0	0	2	0	23	Maine	23005	Cumberland County	1
5525211973010063360	43.787028	-70.013583	4	WQP	4	156	13	12	2		0	0	3	0	23	Maine	23005	Cumberland County	1
5525214343832010752	43.88174833333333	-69.94495166666667	3	EGAD	3	12	4	0	0		0	0	1	0	23	Maine	23005	Cumberland County	1
5525214481270964224	43.879209	-69.92604711111112	9	EGAD	9	106	22	67	15	390.0	0	0	1	0	23	Maine	23005	Cumberland County	1
5525214653069656064	43.854489	-69.938165	2	EGAD	2	26	13	1	1		0	0	0	0	23	Maine	23005	Cumberland County	1
5525214687429394432	43.849739	-69.93346	1	EGAD	1	13	13	1	1		0	0	0	0	23	Maine	23005	Cumberland County	1
5525214721789132800	43.842267888888884	-69.940802	9	EGAD+WQP	9	260	26	12	2		0	0	0	0	23	Maine	23005	Cumberland County	1
5525218432640876544	43.897339	-69.816059	1	EGAD	0	0	0	0	0		1	0	10	0	23	Maine	23023	Sagadahoc County	1
5525218570079830016	43.906438	-69.814184	1	EGAD	1	145	30	44	12	71.3	7	0	74	1	23	Maine	23023	Sagadahoc County	1
5525218604439568384	43.909628	-69.815257	1	EGAD	1	150	30	35	10	45.8	43	1	47	0	23	Maine	23023	Sagadahoc County	1
5525219085475905536	43.93090177777778	-69.80366477777778	9	EGAD	9	1292	45	493	23	5495.2	4	2	15	0	23	Maine	23023	Sagadahoc County	1
5525219360353812480	43.919293	-69.834357	1	EGAD	1	6	3	4	2		1	0	36	0	23	Maine	23023	Sagadahoc County	1
5525219875749888000	43.936566	-69.914576	1	EGAD	1	27	27	13	13	29.175	0	0	1	0	23	Maine	23023	Sagadahoc County	1
5525219978829103104	43.93499775	-69.91468825	4	EGAD	4	162	43	50	22		1	0	1	0	23	Maine	23023	Sagadahoc County	1
5525220288066748416	43.898408	-69.912407	1	EGAD	1	16	16	4	4	5.41	0	0	28	2	23	Maine	23005	Cumberland County	1
5525220425505701888	43.88567991666667	-69.9215088888889	36	EGAD	36	824	37	451	22	7444.49	1	0	7	2	23	Maine	23005	Cumberland County	1
5525220459865440256	43.89131875	-69.91831025	4	EGAD	4	14	4	2	2		1	1	14	1	23	Maine	23005	Cumberland County	1
5525220494225178624	43.89349903773585	-69.92705728301887	53	EGAD	53	991	37	601	25	104265.0	6	1	19	1	23	Maine	23005	Cumberland County	1
5525220528584916992	43.887490578947364	-69.92915371052631	38	EGAD	38	7527	33	2669	23	7901.0	0	0	12	2	23	Maine	23005	Cumberland County	1
5525220562944655360	43.8889025	-69.93814649999999	2	EGAD	2	7	4	0	0		1	0	9	1	23	Maine	23005	Cumberland County	1
5525220597304393728	43.896718058823524	-69.93273576470588	17	EGAD	17	202	19	147	15	8800.0	3	0	25	1	23	Maine	23005	Cumberland County	1
5525220631664132096	43.903777842105264	-69.92831678947368	19	EGAD	19	483	39	273	15	2043.15	6	0	26	1	23	Maine	23005	Cumberland County	1
5525220666023870464	43.902318199999996	-69.9221086	15	EGAD	15	376	32	167	14	1264.97	7	0	26	2	23	Maine	23005	Cumberland County	1
5525220803462823936	43.9157724	-69.94606639999999	5	EGAD	5	363	44	190	23	160.0	2	0	63	2	23	Maine	23005	Cumberland County	2
5525220872182300672	43.9072155	-69.94250299999999	2	EGAD	2	8	4	0	0		5	0	20	0	23	Maine	23005	Cumberland County	1
5525221250139422720	43.921101	-69.96343	1	EGAD	1	220	66	55	20	15.1	20	1	57	1	23	Maine	23005	Cumberland County	2
5525221456297852928	43.923703	-69.938263	1	EGAD	0	0	0	0	0		2	0	25	1	23	Maine	23023	Sagadahoc County	1
5525221525017329664	43.935174	-69.919727	2	EGAD	2	79	27	37	14	115.231	0	0	4	0	23	Maine	23023	Sagadahoc County	1
5525221628096544768	43.938488	-69.919569	1	EGAD	1	27	27	14	14	92.121	0	0	1	0	23	Maine	23023	Sagadahoc County	1
5525221902974451712	43.962574	-69.929527	1	EGAD	0	0	0	0	0		1	0	0	0	23	Maine	23023	Sagadahoc County	1
5525224479954829312	44.051902875	-69.86222825	8	EGAD	8	647	31	327	23	1730.0	0	0	1	0	23	Maine	23023	Sagadahoc County	1
5525224651753521152	44.0644535	-69.85350224999999	8	EGAD	8	211	31	38	14	6.95	0	0	1	0	23	Maine	23023	Sagadahoc County	1
5525224686113259520	44.0708078	-69.8545862	5	EGAD	5	123	30	21	7	1.34	0	0	0	0	23	Maine	23023	Sagadahoc County	1
5525224720472997888	44.075554000000004	-69.85478333333333	3	EGAD	3	89	30	22	10	4.58	0	0	0	0	23	Maine	23023	Sagadahoc County	1
5525224754832736256	44.0784005	-69.85430099999999	2	EGAD	2	59	30	7	5	0.92	0	0	0	0	23	Maine	23023	Sagadahoc County	1
5525224926631428096	44.08201	-69.829885	1	EGAD	1	30	30	3	3	2.38	0	0	8	0	23	Maine	23023	Sagadahoc County	1
5525224995350904832	44.077121	-69.811992	1	EGAD	1	35	35	0	0		0	0	5	1	23	Maine	23023	Sagadahoc County	1
5525225132789858304	44.0562925	-69.837576	2	EGAD	2	60	30	0	0		0	0	0	0	23	Maine	23023	Sagadahoc County	1
5525225304588550144	44.076625	-69.8115858	5	EGAD	5	175	35	0	0		0	0	5	1	23	Maine	23023	Sagadahoc County	1
5525225338948288512	44.082104	-69.800747	1	EGAD	1	8	4	7	4		3	1	12	0	23	Maine	23023	Sagadahoc County	1
5525229977512968192	43.943462	-69.822687	1	EGAD	1	144	30	87	20	870.0	1	1	5	0	23	Maine	23023	Sagadahoc County	1
5525230114951921664	43.93627033333333	-69.80013933333333	3	EGAD	3	333	37	81	14	83.279	0	0	10	2	23	Maine	23023	Sagadahoc County	1
5525233138608898048	44.004841	-69.6616305	2	EGAD	2	347	44	170	20	280.0	4	1	13	0	23	Maine	23015	Lincoln County	1
5525233413486804992	44.032156	-69.6713325	2	EGAD	2	59	30	10	10	8.64	0	0	6	0	23	Maine	23015	Lincoln County	1
5525233482206281728	44.035388	-69.66112799999999	2	EGAD	2	57	31	26	17	90.5	0	0	1	0	23	Maine	23015	Lincoln County	1
5525233516566020096	44.036485	-69.66537805882353	17	EGAD	17	518	31	186	19	407.8	1	0	1	0	23	Maine	23015	Lincoln County	1
5525235921747705856	44.032221	-69.533753	1	EGAD	1	339	44	155	20	27.7	7	0	18	0	23	Maine	23015	Lincoln County	1
5525236334064566272	44.024652	-69.515202	1	EGAD	1	30	30	8	8	2.53	2	0	17	0	23	Maine	23015	Lincoln County	1
5525236471503519744	44.020436000000004	-69.482225	2	EGAD	2	60	30	7	7	17.8	0	0	1	0	23	Maine	23015	Lincoln County	1
5525236505863258112	44.018825666666665	-69.4771145	6	EGAD	6	300	30	76	15	48.8	0	0	1	0	23	Maine	23015	Lincoln County	1
5525240457233170432	43.84975675	-69.632265	4	EGAD	4	519	44	204	17	36.0	8	0	18	1	23	Maine	23015	Lincoln County	1
5525241934701920256	43.895909	-69.709359	2	EGAD	2	59	30	8	5	1.851	0	0	0	0	23	Maine	23015	Lincoln County	1
5525242072140873728	43.898992	-69.708959	1	EGAD	1	30	30	5	5	4.12	0	0	0	0	23	Maine	23015	Lincoln County	1
5525242106500612096	43.898605	-69.707907	2	EGAD	2	60	30	13	10	6.06	0	0	0	0	23	Maine	23015	Lincoln County	1
5525245782992617472	43.800886	-69.756122	1	EGAD	1	21	21	5	5	12.1	1	0	0	0	23	Maine	23023	Sagadahoc County	1
5525247535339274240	43.810132	-69.630531	1	EGAD	1	60	30	6	4	0.755	0	0	0	0	23	Maine	23015	Lincoln County	1
5525285880807292928	44.097205	-69.3791	1	EGAD	0	0	0	0	0		8	0	9	0	23	Maine	23015	Lincoln County	1
5525286258764414976	44.134426	-69.353131	1	EGAD	1	339	44	153	17	40.3	0	0	1	0	23	Maine	23015	Lincoln County	1
5525286636721537024	44.134329	-69.347345	1	EGAD	1	119	30	45	13	26.9	1	0	0	0	23	Maine	23015	Lincoln County	1
5525289248061652992	44.120188999999996	-69.1837105	2	EGAD	2	59	30	18	11	2.25	0	0	0	0	23	Maine	23013	Knox County	1
5525289454220083200	44.090642	-69.198639	1	EGAD	1	118	30	42	12	11.5	1	0	4	0	23	Maine	23013	Knox County	1
5525298971867611136	44.103524500000006	-69.106043	2	EGAD	2	344	44	175	19	91.8	24	2	71	1	23	Maine	23013	Knox County	1
5525299143666302976	44.08886	-69.131859	1	EGAD	0	0	0	0	0		7	2	48	1	23	Maine	23013	Knox County	1
5525299315464994816	44.07949516666667	-69.08938783333333	6	EGAD	6	568	30	137	15	44.8	1	0	0	0	23	Maine	23013	Knox County	1
5525299349824733184	44.07533	-69.093436	1	EGAD	1	29	29	17	17		0	0	9	1	23	Maine	23013	Knox County	1
5525300380616884224	44.071119	-69.181647	1	EGAD	1	340	44	153	21	49.5	5	0	14	0	23	Maine	23013	Knox County	1
5525300861653221376	44.106962	-69.135801	2	EGAD	2	294	31	184	22	1670.0	0	0	12	0	23	Maine	23013	Knox County	1
5525301205250605056	44.119718	-69.123253	1	EGAD	0	0	0	0	0		2	0	59	1	23	Maine	23013	Knox County	1
5525308764393046016	44.209666	-69.062473	1	EGAD	1	340	44	176	23	101.0	14	0	28	4	23	Maine	23013	Knox County	1
5525308798752784384	44.197639	-69.067468	1	EGAD	1	150	31	87	19	1180.0	19	2	31	2	23	Maine	23013	Knox County	1
5525309211069644800	44.210424	-69.072409	1	EGAD	1	4	4	3	3		7	2	35	2	23	Maine	23013	Knox County	1
5525309520307290112	44.230579	-69.04897	1	EGAD	0	0	0	0	0		1	0	0	0	23	Maine	23013	Knox County	1
5525311238294208512	44.214306799999996	-69.19581459999999	5	EGAD	5	28	5	25	5	342.0	1	0	3	1	23	Maine	23013	Knox County	1
5525311513172115456	44.193365	-69.146326	1	EGAD	1	28	7	0	0		0	0	1	0	23	Maine	23013	Knox County	1
5525312990640865280	44.147308103448275	-69.19054913793103	29	EGAD	29	686	30	96	15	1960.0	5	0	0	0	23	Maine	23013	Knox County	1
5525313025000603648	44.14583733333333	-69.18763555555556	9	EGAD	9	196	27	42	14	1359.0	0	0	5	0	23	Maine	23013	Knox County	1
5525314846066737152	44.16447975	-69.271586	4	EGAD	4	224	30	46	13	170.0	0	0	0	0	23	Maine	23013	Knox County	1
5525315155304382464	44.160002666666664	-69.29931833333333	3	EGAD	3	90	30	6	6	1.12	3	0	0	0	23	Maine	23013	Knox County	1
5525315464542027776	44.163831	-69.302558	2	EGAD	2	60	30	1	1	1.1	0	0	3	0	23	Maine	23013	Knox County	2
5525317388687376384	44.238065	-69.227796	1	EGAD	0	0	0	0	0		0	0	1	0	23	Maine	23013	Knox County	1
5525325050909032448	44.198292	-69.453016	1	EGAD	0	0	0	0	0		0	0	3	0	23	Maine	23015	Lincoln County	1
5525325909902491648	44.228175	-69.413191	1	EGAD	1	30	30	0	0		0	0	2	0	23	Maine	23013	Knox County	1
5525326597097259008	44.217607	-69.341655	2	EGAD	2	60	30	0	0		0	0	2	0	23	Maine	23013	Knox County	2
5525326631456997376	44.221464	-69.338359	1	EGAD	1	30	30	13	13	265.0	0	0	2	0	23	Maine	23013	Knox County	1
5525327765328363520	44.138055	-69.432678	1	EGAD	1	52	26	32	16	644.3	0	0	1	0	23	Maine	23015	Lincoln County	1
5525328486882869248	44.137706800000004	-69.435195	5	EGAD	5	128	26	28	14	672.2	1	0	0	0	23	Maine	23015	Lincoln County	1
5525329792552927232	44.09173066666667	-69.46518300000001	3	EGAD	3	269	30	44	11	45.2	0	0	2	0	23	Maine	23015	Lincoln County	1
5525330720265863168	44.06147955555556	-69.49743305555555	18	EGAD	18	539	30	178	14	102.0	1	0	1	0	23	Maine	23015	Lincoln County	1
5525330754625601536	44.0674804	-69.5111524	5	EGAD	5	140	32	27	10	4.23	0	0	3	1	23	Maine	23015	Lincoln County	1
5525330823345078272	44.057515	-69.497217	2	EGAD	2	59	30	23	12	34.1	1	0	3	0	23	Maine	23015	Lincoln County	1
5525331201302200320	44.066867	-69.514917	1	EGAD	1	30	30	11	11	9.28	0	0	2	1	23	Maine	23015	Lincoln County	1
5525331579259322368	44.090869	-69.471717	1	EGAD	1	30	30	10	10	4.58	1	0	2	0	23	Maine	23015	Lincoln County	1
5525331613619060736	44.091873	-69.4722085	4	EGAD	4	120	30	43	14	17.2	0	0	1	0	23	Maine	23015	Lincoln County	1
5525332197734612992	44.08203833333334	-69.56175666666667	3	EGAD	3	208	30	63	14	149.0	0	0	1	0	23	Maine	23015	Lincoln County	1
5525332232094351360	44.081672499999996	-69.5550605	2	EGAD	2	60	30	14	14	339.0	0	0	1	0	23	Maine	23015	Lincoln County	1
5525335702427926528	44.185948	-69.525527	1	EGAD	0	0	0	0	0		0	0	4	0	23	Maine	23015	Lincoln County	1
5525335736787664896	44.176707	-69.539668	1	EGAD	1	30	30	3	3	0.612	2	0	0	0	23	Maine	23015	Lincoln County	1
5525335908586356736	44.163086	-69.547805	1	EGAD	1	30	30	8	8	4.27	0	0	2	0	23	Maine	23015	Lincoln County	1
5525336561421385728	44.172075166666666	-69.62825433333333	6	EGAD	6	894	30	100	11	189.0	0	0	0	0	23	Maine	23015	Lincoln County	1
5525337282975891456	44.17225966666666	-69.63185866666667	3	EGAD	3	89	30	9	9	4.39	0	0	0	0	23	Maine	23015	Lincoln County	1
5525339069682286592	44.084618	-69.640212	1	EGAD	1	30	30	10	10	16.4	0	0	0	0	23	Maine	23015	Lincoln County	1
5525340237913391104	44.106117	-69.689974	1	EGAD	0	0	0	0	0		0	0	0	0	23	Maine	23015	Lincoln County	1
5525340959467896832	44.124432	-69.763201	1	EGAD	1	110	66	26	19	11.9	0	0	1	0	23	Maine	23023	Sagadahoc County	1
5525341921540571136	44.098289	-69.816844	1	EGAD	1	29	29	0	0		1	0	8	0	23	Maine	23023	Sagadahoc County	1
5525341955900309504	44.107551	-69.815918	1	EGAD	1	30	30	3	3	0.224	1	0	7	0	23	Maine	23023	Sagadahoc County	1
5525342162058739712	44.116242	-69.8192972	5	EGAD	5	145	29	3	3	0.381	0	0	4	0	23	Maine	23023	Sagadahoc County	1
5525342196418478080	44.119043	-69.821609	1	EGAD	1	29	29	0	0		3	0	0	0	23	Maine	23023	Sagadahoc County	1
5525342230778216448	44.120595	-69.82212233333333	3	EGAD	3	87	29	0	0		0	0	4	0	23	Maine	23023	Sagadahoc County	1
5525344773398855680	44.1941535	-69.756941	2	EGAD	2	345	44	152	17	23.2	0	0	5	2	23	Maine	23011	Kennebec County	1
5525344945197547520	44.223274	-69.733921	1	EGAD	1	29	29	0	0		0	0	4	0	23	Maine	23011	Kennebec County	1
5525345220075454464	44.238671	-69.701137	1	EGAD	1	36	36	5	5	7.8	0	0	0	0	23	Maine	23011	Kennebec County	1
5525345254435192832	44.23683	-69.711174	1	EGAD	1	36	36	0	0		0	0	1	0	23	Maine	23011	Kennebec County	1
5525345598032576512	44.267283	-69.70287	1	EGAD	1	30	30	10	10	6.51	0	0	2	0	23	Maine	23011	Kennebec County	1
5525346010349436928	44.272707999999994	-69.6907015	2	EGAD	2	60	30	12	7	2.72	1	0	4	0	23	Maine	23011	Kennebec County	1
5525347006781849600	44.22483	-69.701887	1	EGAD	1	29	29	8	8	1.34	0	0	0	0	23	Maine	23011	Kennebec County	1
5525349789920657408	44.290298444444446	-69.55004711111111	9	EGAD	9	500	38	57	12	73.7	0	0	0	0	23	Maine	23011	Kennebec County	1
5525350442755686400	44.2871995	-69.5441975	2	EGAD	2	108	36	0	0		0	0	0	0	23	Maine	23011	Kennebec County	1
5525353191534755840	44.324452	-69.658119	1	EGAD	1	218	66	48	19	3.57	0	0	1	0	23	Maine	23011	Kennebec County	1
5525354050528215040	44.379444500000005	-69.62222	2	EGAD+WQP	2	104	26	0	0		0	0	0	0	23	Maine	23011	Kennebec County	1
5525355459277488128	44.416797	-69.563843	1	EGAD	1	601	66	117	19	9.66	0	0	0	0	23	Maine	23011	Kennebec County	1
5525355665435918336	44.396128399999995	-69.5983576	5	EGAD	5	154	38	24	17	11.9	1	0	3	0	23	Maine	23011	Kennebec County	1
5525355699795656704	44.401502	-69.59711	1	EGAD	1	30	30	3	3	0.34	0	0	1	0	23	Maine	23011	Kennebec County	1
5525355768515133440	44.40214266666666	-69.608788	3	EGAD	3	107	46	17	15	3.99	0	0	1	0	23	Maine	23011	Kennebec County	1
5525357452142313472	44.47757657142857	-69.46083285714285	7	EGAD	7	204	30	12	9	3.23	0	0	0	0	23	Maine	23011	Kennebec County	1
5525358070617604096	44.42326333333333	-69.525715	3	EGAD	3	89	30	42	17	1160.0	0	0	2	0	23	Maine	23011	Kennebec County	1
5525358482934464512	44.426584	-69.463866	1	EGAD	1	29	29	0	0		0	0	0	0	23	Maine	23011	Kennebec County	2
5525358620373417984	44.4378305	-69.4692125	2	EGAD	2	749	30	109	16	418.0	0	0	0	0	23	Maine	23011	Kennebec County	1
5525358723452633088	44.439623499999996	-69.476123	2	EGAD	2	60	30	20	11	17.2	0	0	0	0	23	Maine	23011	Kennebec County	1
5525358929611063296	44.47837625	-69.45613725	4	EGAD	4	1514	30	257	18		0	0	0	0	23	Maine	23011	Kennebec County	1
5525359032690278400	44.464512	-69.432028	1	EGAD	1	35	35	0	0		0	0	0	0	23	Maine	23011	Kennebec County	2
5525359101409755136	44.470212	-69.418667	1	EGAD	1	36	36	0	0		0	0	0	0	23	Maine	23011	Kennebec County	1
5525359341927923712	44.437573285714286	-69.41339042857143	7	EGAD	7	716	30	90	13	32.9	0	0	0	0	23	Maine	23027	Waldo County	1
5525359994762952704	44.43152666666666	-69.41438266666667	3	EGAD	3	1766	30	297	19	23900.0	0	0	1	0	23	Maine	23027	Waldo County	1
5525360063482429440	44.42051433333334	-69.43407366666666	3	EGAD	3	87	29	2	2	2.65	0	0	1	0	23	Maine	23027	Waldo County	1
5525360097842167808	44.4227895	-69.417055	2	EGAD	2	59	30	7	7	1.82	1	0	0	0	23	Maine	23027	Waldo County	1
5525360235281121280	44.406544499999995	-69.4408445	2	EGAD	2	58	29	0	0		0	0	0	0	23	Maine	23027	Waldo County	1
5525360716317458432	44.370785	-69.46786	2	EGAD	2	60	30	20	11	13.4	0	0	1	0	23	Maine	23027	Waldo County	1
5525362262505684992	44.36443	-69.46891	1	EGAD	1	30	30	11	11	12.0	0	0	0	0	23	Maine	23027	Waldo County	1
5525362434304376832	44.346574	-69.453247	1	EGAD	1	30	30	0	0		0	0	1	0	23	Maine	23027	Waldo County	1
5525363155858882560	44.3613575	-69.432767	2	EGAD+WQP	2	65	26	20	8		0	0	0	0	23	Maine	23027	Waldo County	1
5525363533816004608	44.375372	-69.378411	1	EGAD	1	27	27	1	1		0	0	0	0	23	Maine	23027	Waldo County	1
5525369203172835328	44.437968	-69.268766	1	EGAD	1	17	17	0	0		0	0	1	0	23	Maine	23027	Waldo County	1
5525370715001323520	44.415269	-69.379167	1	EGAD	1	31	31	7	7	16.6	0	0	0	0	23	Maine	23027	Waldo County	1
5525371951951904768	44.499925	-69.328633	1	EGAD	1	28	28	2	2	0.377	0	0	0	0	23	Maine	23027	Waldo County	1
5525372673506410496	44.516551	-69.24585	1	EGAD	1	201	66	47	21	1.59	0	0	1	0	23	Maine	23027	Waldo County	1
5525372707866148864	44.514441250000004	-69.2419535	4	EGAD	4	174	30	7	6	1.11	0	0	1	0	23	Maine	23027	Waldo County	1
5525372810945363968	44.511457	-69.2279952	5	EGAD	5	145	29	11	3	1.55	0	0	0	0	23	Maine	23027	Waldo County	1
5525373120183009280	44.472081	-69.259391	1	EGAD	0	0	0	0	0		0	0	0	0	23	Maine	23027	Waldo County	1
5525374254054375424	44.435571333333336	-69.184854	3	EGAD	3	85	29	0	0		0	0	0	0	23	Maine	23027	Waldo County	1
5525374391493328896	44.441487	-69.164074	1	EGAD	1	30	30	3	3	0.598	0	0	1	0	23	Maine	23027	Waldo County	1
5525376075120508928	44.527791666666666	-69.16107766666666	3	EGAD	3	87	29	4	2	1.55	0	0	0	0	23	Maine	23027	Waldo County	1
5525376521797107712	44.49747825	-69.1071175	4	EGAD	4	120	30	4	4	1.54	0	0	3	0	23	Maine	23027	Waldo County	1
5525376556156846080	44.504060200000005	-69.10456300000001	5	EGAD	5	148	30	16	10	5.76	0	0	0	0	23	Maine	23027	Waldo County	1
5525376590516584448	44.503708	-69.11715	2	EGAD	2	58	29	0	0		0	0	0	0	23	Maine	23027	Waldo County	1
5525376624876322816	44.516	-69.10601633333333	3	EGAD	3	88	30	0	0		0	0	0	0	23	Maine	23027	Waldo County	1
5525376727955537920	44.520707	-69.107967	1	EGAD	1	30	30	8	8	1.52	0	0	0	0	23	Maine	23027	Waldo County	1
5525376796675014656	44.521308	-69.121558	1	EGAD	1	30	30	0	0		0	0	0	0	23	Maine	23027	Waldo County	1
5525377655668473856	44.541779500000004	-69.155451	2	EGAD	2	54	27	19	14	17.939	0	0	1	0	23	Maine	23027	Waldo County	1
5525377724387950592	44.557423	-69.156402	1	EGAD	1	29	29	0	0		0	0	2	0	23	Maine	23027	Waldo County	1
5525377758747688960	44.541434333333335	-69.15774458333333	12	EGAD	12	371	27	120	17	6398.0	1	0	0	0	23	Maine	23027	Waldo County	1
5525377827467165696	44.557507	-69.1637795	2	EGAD	2	58	29	1	1	1.33	0	0	1	0	23	Maine	23027	Waldo County	1
5525377861826904064	44.56172633333333	-69.16493266666667	3	EGAD	3	449	30	105	16	1100.0	0	0	0	0	23	Maine	23027	Waldo County	1
5525377896186642432	44.560413	-69.149775	1	EGAD	1	20	20	6	6	4.8	0	0	1	0	23	Maine	23027	Waldo County	1
5525378308503502848	44.5622665	-69.214105	2	EGAD	2	60	30	17	10	20.3	0	0	0	0	23	Maine	23027	Waldo County	1
5525378342863241216	44.55691136363637	-69.22114318181819	11	EGAD	11	221	30	47	14	8.49	0	0	0	0	23	Maine	23027	Waldo County	1
5525378377222979584	44.556048	-69.213816	1	EGAD	1	29	29	5	5	1.12	0	0	1	0	23	Maine	23027	Waldo County	1
5525378583381409792	44.540935	-69.21089033333334	3	EGAD	3	87	29	0	0		1	0	0	0	23	Maine	23027	Waldo County	1
5525378652100886528	44.535756	-69.190889	1	EGAD	1	29	29	2	2	2.1	0	0	1	0	23	Maine	23027	Waldo County	1
5525378686460624896	44.525481	-69.197984	1	EGAD	1	30	30	6	6	1.56	0	0	0	0	23	Maine	23027	Waldo County	1
5525378789539840000	44.52479700000001	-69.21545	2	EGAD	2	89	30	28	14	57.1	0	0	0	0	23	Maine	23027	Waldo County	1
5525378823899578368	44.527492	-69.23101650000001	2	EGAD	2	58	29	4	2	1.5	0	0	1	0	23	Maine	23027	Waldo County	1
5525378858259316736	44.519413	-69.2395125	4	EGAD	4	1438	30	262	19	3130.0	0	0	1	0	23	Maine	23027	Waldo County	1
5525378892619055104	44.523286999999996	-69.2430445	4	EGAD	4	120	30	37	12	38.6	1	0	0	0	23	Maine	23027	Waldo County	1
5525378926978793472	44.53287841666667	-69.238753	12	EGAD	12	3010	30	545	19	1120.0	0	0	1	0	23	Maine	23027	Waldo County	1
5525378961338531840	44.54015475	-69.23152933333333	24	EGAD	24	1738	62	552	41	924.0	0	0	0	0	23	Maine	23027	Waldo County	1
5525378995698270208	44.53838149999999	-69.221679	6	EGAD	6	237	31	46	19	491.51	0	0	1	0	23	Maine	23027	Waldo County	1
5525379030058008576	44.541109000000006	-69.21387166666666	3	EGAD	3	87	29	3	3	0.835	0	0	1	0	23	Maine	23027	Waldo County	1
5525379064417746944	44.549189000000005	-69.23126166666667	3	EGAD	3	62	30	3	3		0	0	0	0	23	Maine	23027	Waldo County	1
5525379098777485312	44.5504455	-69.2402515	8	EGAD	8	234	30	25	12	12.7	0	0	0	0	23	Maine	23027	Waldo County	1
5525379133137223680	44.55536	-69.244878	1	EGAD	1	30	30	5	5	1.73	0	0	4	0	23	Maine	23027	Waldo County	1
5525379167496962048	44.54228383333333	-69.26084383333334	6	EGAD	6	221	32	77	19	115.0	0	0	3	0	23	Maine	23027	Waldo County	1
5525379201856700416	44.539281	-69.2500395	2	EGAD	2	448	30	76	13	86.9	0	0	0	0	23	Maine	23027	Waldo County	1
5525379236216438784	44.537001	-69.246748	1	EGAD	1	29	29	0	0		0	0	1	0	23	Maine	23027	Waldo County	1
5525379785972252672	44.563276	-69.250108	1	EGAD	1	387	66	124	29	26.7	0	0	4	0	23	Maine	23027	Waldo County	1
5525379820331991040	44.561231500000005	-69.23196	2	EGAD	2	59	30	6	6	1.224	0	0	0	0	23	Maine	23027	Waldo County	1
5525379854691729408	44.56620100000001	-69.233611	2	EGAD	2	443	30	87	14	1280.0	0	0	0	0	23	Maine	23027	Waldo County	1
5525379889051467776	44.56921516666667	-69.24047666666667	6	EGAD	6	1424	30	261	16	1470.0	0	0	1	0	23	Maine	23027	Waldo County	1
5525380267008589824	44.585167	-69.2836128	5	EGAD	5	321	36	74	13	100.0	0	0	2	0	23	Maine	23027	Waldo County	1
5525380370087804928	44.56953685714286	-69.28722771428572	7	EGAD	7	1396	30	253	21	8730.0	0	0	2	0	23	Maine	23027	Waldo County	1
5525380404447543296	44.569437666666666	-69.29245566666667	3	EGAD	3	860	30	190	14	7290.0	0	0	2	0	23	Maine	23027	Waldo County	1
5525380438807281664	44.5753705	-69.29179983333334	6	EGAD	6	857	30	129	16	960.0	0	0	2	0	23	Maine	23027	Waldo County	1
5525380473167020032	44.580631333333336	-69.305517	3	EGAD	3	448	30	93	19	65.2	0	0	0	0	23	Maine	23027	Waldo County	1
5525380541886496768	44.57835566666666	-69.318334	6	EGAD	6	411	38	86	15	97.0	0	0	0	0	23	Maine	23027	Waldo County	1
5525380576246235136	44.57983	-69.314956	1	EGAD	1	65	38	0	0		0	0	0	0	23	Maine	23027	Waldo County	1
5525380644965711872	44.5882055	-69.293736	4	EGAD	4	117	36	39	20	404.0	0	0	0	0	23	Maine	23027	Waldo County	1
5525380782404665344	44.598495	-69.3231295	2	EGAD	2	72	36	4	4	2.7	0	0	1	0	23	Maine	23027	Waldo County	1
5525380816764403712	44.599616	-69.3247455	2	EGAD	2	331	38	50	11	59.0	0	0	6	0	23	Maine	23027	Waldo County	1
5525380851124142080	44.601133	-69.32678	2	EGAD	2	60	30	14	10	11.2	1	0	8	0	23	Maine	23027	Waldo County	1
5525380919843618816	44.61383	-69.354799	1	EGAD	1	108	66	24	19	88.8	2	0	8	0	23	Maine	23027	Waldo County	1
5525380954203357184	44.598421	-69.356764	1	EGAD	1	385	30	72	14	281.0	0	0	7	0	23	Maine	23027	Waldo County	1
5525380988563095552	44.599409	-69.350272	4	EGAD	4	120	30	40	12	34.4	0	0	8	0	23	Maine	23027	Waldo County	1
5525381057282572288	44.59331	-69.3632005	8	EGAD	8	596	30	151	18	59.5	0	0	0	0	23	Maine	23027	Waldo County	1
5525381091642310656	44.58361311111111	-69.368559	9	EGAD	9	270	30	86	13	19.7	0	0	0	0	23	Maine	23027	Waldo County	1
5525381126002049024	44.579452	-69.366684	1	EGAD	1	358	30	84	16	105.0	0	0	0	0	23	Maine	23027	Waldo County	1
5525381229081264128	44.587056000000004	-69.3249185	8	EGAD	8	285	36	32	13	25.0	0	0	0	0	23	Maine	23027	Waldo County	1
5525381263441002496	44.578963	-69.329542	2	EGAD	2	72	36	2	2	22.0	0	0	0	0	23	Maine	23027	Waldo County	1
5525381469599432704	44.578568	-69.37068325	4	EGAD	4	120	30	33	10	15.5	0	0	0	0	23	Maine	23027	Waldo County	1
5525381538318909440	44.564746	-69.3766395	2	EGAD	2	49	32	8	8	2.1	0	0	0	0	23	Maine	23027	Waldo County	1
5525381572678647808	44.5582535	-69.381084625	8	EGAD	8	1074	30	242	19	9840.0	0	0	0	0	23	Maine	23027	Waldo County	1
5525381607038386176	44.560998	-69.382055	1	EGAD	1	29	29	0	0		0	0	0	0	23	Maine	23027	Waldo County	1
5525381641398124544	44.54763	-69.393764	1	EGAD	1	29	29	0	0		0	0	0	0	23	Maine	23011	Kennebec County	2
5525381675757862912	44.54962725	-69.388564	4	EGAD	4	120	30	35	13	96.1	0	0	0	0	23	Maine	23011	Kennebec County	2
5525382053714984960	44.566328	-69.3139185	2	EGAD	2	72	36	5	5	2.6	0	0	0	0	23	Maine	23027	Waldo County	1
5525382191153938432	44.562712	-69.287736	1	EGAD	1	29	29	3	3	1.64	0	0	0	0	23	Maine	23027	Waldo County	1
5525382466031845376	44.522090500000004	-69.326891	2	EGAD	2	59	30	20	11	4.84	0	0	0	0	23	Maine	23027	Waldo County	1
5525382809629229056	44.5002725	-69.3441115	2	EGAD	2	58	29	0	0		0	0	1	0	23	Maine	23027	Waldo County	1
5525382912708444160	44.500341000000006	-69.3349674	5	EGAD	5	144	29	4	1	16.6	0	0	1	0	23	Maine	23027	Waldo County	1
5525382981427920896	44.497151	-69.348196	1	EGAD	1	29	29	0	0		1	0	0	0	23	Maine	23027	Waldo County	1
5525383806061641728	44.481019	-69.432505	1	EGAD	1	80	40	16	8		0	0	0	0	23	Maine	23011	Kennebec County	1
5525383840421380096	44.4848518	-69.44838899999999	5	EGAD	5	1367	30	203	18	748.0	0	0	0	0	23	Maine	23011	Kennebec County	1
5525383874781118464	44.4882445	-69.442915	2	EGAD	2	58	29	1	1	0.473	0	0	0	0	23	Maine	23011	Kennebec County	1
5525383943500595200	44.499811	-69.422679	1	EGAD	1	40	40	9	9		0	0	0	0	23	Maine	23011	Kennebec County	1
5525384046579810304	44.513284	-69.418964	1	EGAD	1	110	66	30	21	37.6	0	0	1	0	23	Maine	23011	Kennebec County	1
5525384424536932352	44.5361028	-69.3841944	5	EGAD	5	147	30	40	12	11.7	0	0	0	0	23	Maine	23011	Kennebec County	2
5525384458896670720	44.53743	-69.3938986	5	EGAD	5	533	30	106	15	168.0	0	0	0	0	23	Maine	23011	Kennebec County	1
5525384493256409088	44.535808	-69.395676	1	EGAD	1	30	30	10	10	11.1	0	0	0	0	23	Maine	23011	Kennebec County	1
5525384527616147456	44.536387000000005	-69.411235	2	EGAD	2	89	30	27	14	62.1	0	0	0	0	23	Maine	23011	Kennebec County	1
5525384561975885824	44.545167	-69.394573	1	EGAD	1	29	29	0	0		0	0	0	0	23	Maine	23011	Kennebec County	1
5525384596335624192	44.54393544444444	-69.41875333333333	9	EGAD	9	264	30	60	17	144.0	0	0	0	0	23	Maine	23011	Kennebec County	1
5525384699414839296	44.54965	-69.42273800000001	2	EGAD	2	60	30	21	14	13.9	0	0	0	0	23	Maine	23011	Kennebec County	1
5525384802494054400	44.54625866666667	-69.458496	3	EGAD	3	90	30	16	9	20.9	0	0	0	0	23	Maine	23011	Kennebec County	1
5525385008652484608	44.52171877777778	-69.44883733333333	9	EGAD	9	2210	30	392	15	7860.0	0	0	5	0	23	Maine	23011	Kennebec County	1
5525385180451176448	44.51412414285714	-69.45573157142857	7	EGAD	7	3010	30	530	18	28300.0	0	0	0	0	23	Maine	23011	Kennebec County	1
5525385283530391552	44.490067	-69.454995	1	EGAD	1	29	29	1	1	1.33	0	0	0	0	23	Maine	23011	Kennebec County	1
5525385317890129920	44.485748666666666	-69.45752083333333	6	EGAD	6	1012	30	142	20	6610.0	0	0	0	0	23	Maine	23011	Kennebec County	1
5525385627127775232	44.517276	-69.458168	1	EGAD	1	90	30	28	10	4.3	0	0	0	0	23	Maine	23011	Kennebec County	1
5525385695847251968	44.5235256	-69.490217	5	EGAD	5	1108	30	230	19	5230.0	0	0	0	0	23	Maine	23011	Kennebec County	1
5525385730206990336	44.520165	-69.508591	1	EGAD	1	29	29	0	0		0	0	0	0	23	Maine	23011	Kennebec County	1
5525385764566728704	44.5190385	-69.50833549999999	2	EGAD	2	59	30	4	4	8.1	0	0	0	0	23	Maine	23011	Kennebec County	1
5525385798926467072	44.515743	-69.49253	1	EGAD	1	60	30	25	13	14.1	0	0	0	0	23	Maine	23011	Kennebec County	1
5525386417401757696	44.5285755	-69.4892705	2	EGAD	2	60	30	14	10	6.64	0	0	0	0	23	Maine	23011	Kennebec County	1
5525386589200449536	44.551369	-69.464779	1	EGAD	1	30	30	9	9	3.06	0	0	0	0	23	Maine	23011	Kennebec County	1
5525387448193908736	44.55740733333334	-69.43019233333332	3	EGAD	3	118	30	37	12	1770.0	0	0	0	0	23	Maine	23011	Kennebec County	1
5525387482553647104	44.5561966	-69.42323	10	EGAD	10	4678	30	926	24	23700.0	0	0	0	0	23	Maine	23011	Kennebec County	2
5525387929230245888	44.605810500000004	-69.4108205	2	EGAD	2	723	39	151	21	48800.0	0	0	1	0	23	Maine	23011	Kennebec County	1
5525387963589984256	44.601357	-69.404563	3	EGAD	3	691	31	193	16	57.9	1	0	0	0	23	Maine	23011	Kennebec County	2
5525388272827629568	44.617969	-69.368364	1	EGAD	1	240	30	124	17	35.5	0	0	1	0	23	Maine	23027	Waldo County	1
5525388307187367936	44.615236	-69.39559233333334	3	EGAD	3	87	30	9	9	4.45	0	0	0	0	23	Maine	23027	Waldo County	1
5525388341547106304	44.6127735	-69.39516425	4	EGAD	4	143	29	1	1	0.378	0	0	1	0	23	Maine	23011	Kennebec County	2
5525388375906844672	44.6110491	-69.41315039999999	10	EGAD	10	2677	39	747	27	226000.0	0	0	1	0	23	Maine	23011	Kennebec County	2
5525388410266583040	44.61759033333333	-69.40388100000001	9	EGAD	9	2011	31	385	23	4810.0	0	0	0	0	23	Maine	23011	Kennebec County	2
5525388444626321408	44.621024	-69.408275	1	EGAD	1	901	31	209	21	36000.0	0	0	0	0	23	Maine	23011	Kennebec County	1
5525388547705536512	44.61192611111111	-69.41649788888888	9	EGAD	9	1572	39	582	27	167000.0	0	0	0	0	23	Maine	23011	Kennebec County	1
5525390643649576960	44.646798	-69.332301	1	EGAD	1	310	66	62	22	32.3	0	0	0	0	23	Maine	23027	Waldo County	1
5525390678009315328	44.6362088	-69.3504136	5	EGAD	5	145	29	0	0		0	0	0	0	23	Maine	23027	Waldo County	1
5525391227765129216	44.614415	-69.3299188125	16	EGAD	16	1019	30	235	18		2	0	9	0	23	Maine	23027	Waldo County	1
5525391674441728000	44.614577272727274	-69.32361331818183	22	EGAD	22	1459	36	342	21	888.0	1	0	8	0	23	Maine	23027	Waldo County	1
5525391743161204736	44.60878	-69.289404	1	EGAD	1	362	32	37	10	108.0	0	0	0	0	23	Maine	23027	Waldo County	1
5525392842672832512	44.6710829	-69.2634021	10	EGAD	10	287	30	7	4	1.14	0	0	2	0	23	Maine	23027	Waldo County	1
5525392877032570880	44.670497	-69.271712	1	EGAD	1	29	29	0	0		0	0	1	0	23	Maine	23027	Waldo County	1
5525393736026030080	44.702593	-69.23666100000001	3	EGAD	3	90	30	20	10	13.0	0	0	0	0	23	Maine	23027	Waldo County	1
5525394938616872960	44.721342	-69.1939655	2	EGAD	2	58	29	0	0		0	0	1	0	23	Maine	23019	Penobscot County	2
5525397687395942400	44.750233	-69.343592	1	EGAD	1	110	66	23	18	19.7	0	0	1	0	23	Maine	23025	Somerset County	2
5525399577181552640	44.809923	-69.277507	1	EGAD	1	339	44	155	18	29.6	0	0	1	1	23	Maine	23019	Penobscot County	1
5525400264376320000	44.854684	-69.248763	1	EGAD	1	60	30	10	10	7.45	0	0	0	0	23	Maine	23019	Penobscot County	1
5525400814132133888	44.887229	-69.224034	3	EGAD	3	376	38	44	13	32.1	0	0	0	0	23	Maine	23019	Penobscot County	1
5525400882851610624	44.89010425	-69.2116405	4	EGAD	4	178	36	11	7	7.2	0	0	0	0	23	Maine	23019	Penobscot County	1
5525405349617598464	44.7807284	-69.198603	5	EGAD	5	135	27	81	23	1771.4	1	1	1	0	23	Maine	23019	Penobscot County	1
5525405590135767040	44.778281	-69.199306	1	EGAD	1	87	29	0	0		0	0	2	1	23	Maine	23019	Penobscot County	1
5525405624495505408	44.77572466666667	-69.21213866666666	6	EGAD	6	142	43	13	9	16.2	1	0	1	1	23	Maine	23019	Penobscot County	1
5525406449129226240	44.742616	-69.158511	1	EGAD	1	30	30	4	4	1.51	0	0	0	0	23	Maine	23019	Penobscot County	1
5525406483488964608	44.7438305	-69.16337975	4	EGAD	4	118	30	25	9	23.0	0	0	3	0	23	Maine	23019	Penobscot County	1
5525406517848702976	44.741405	-69.16939885714285	7	EGAD	7	298	30	72	11	256.0	0	0	3	0	23	Maine	23019	Penobscot County	1
5525406552208441344	44.740631	-69.155014	2	EGAD	2	59	30	12	11	19.1	0	0	0	0	23	Maine	23019	Penobscot County	1
5525408957390127104	44.798087200000005	-69.054338	15	EGAD	15	1246	40	297	19	3650.0	5	0	1	0	23	Maine	23019	Penobscot County	1
5525408991749865472	44.799802	-69.051707	1	EGAD	1	30	30	11	11	9.5	0	0	5	0	23	Maine	23019	Penobscot County	1
5525410263060185088	44.839007571428574	-68.96402214285715	7	EGAD	7	837	30	179	17	1560.0	0	0	2	0	23	Maine	23019	Penobscot County	1
5525411809248411648	44.82891	-68.925717	1	EGAD	1	30	30	13	13	135.0	0	0	0	0	23	Maine	23019	Penobscot County	1
5525413286717161472	44.749665	-68.918985	1	EGAD	1	30	30	4	4	1.35	0	0	0	0	23	Maine	23019	Penobscot County	1
5525414214430097408	44.751119	-68.97028	1	EGAD	1	26	13	2	1		1	0	0	0	23	Maine	23019	Penobscot County	1
5525415932417015808	44.655131	-68.991966	1	EGAD	1	29	29	0	0		0	0	0	0	23	Maine	23027	Waldo County	1
5525415966776754176	44.6577726	-68.9996516	5	EGAD	5	149	30	22	7	9.88	0	0	0	0	23	Maine	23027	Waldo County	1
5525416001136492544	44.653681	-69.004722	1	EGAD	1	29	29	0	0		0	0	0	0	23	Maine	23027	Waldo County	1
5525416035496230912	44.64995266666667	-68.99818133333333	3	EGAD	3	88	30	8	8	14.1	0	0	0	0	23	Maine	23027	Waldo County	1
5525416069855969280	44.644778	-69.001093	1	EGAD	1	29	29	1	1	5.15	0	0	0	0	23	Maine	23027	Waldo County	1
5525420055585619968	44.627227000000005	-69.15643299999999	4	EGAD	4	657	30	100	12	35.0	0	0	0	0	23	Maine	23027	Waldo County	1
5525420089945358336	44.6253575	-69.159249	2	EGAD	2	58	30	10	9	9.39	0	0	0	0	23	Maine	23027	Waldo County	1
5525420124305096704	44.628235000000004	-69.170793	5	EGAD	5	657	30	116	15	333.0	0	0	0	0	23	Maine	23027	Waldo County	1
5525420158664835072	44.62946	-69.171501	1	EGAD	1	30	30	7	7	6.58	0	0	0	0	23	Maine	23027	Waldo County	1
5525420811499864064	44.6323505	-69.17950300000001	2	EGAD	2	59	30	12	12	159.0	0	0	0	0	23	Maine	23027	Waldo County	1
5525420845859602432	44.62670883333334	-69.18293683333333	6	EGAD	6	1281	30	209	15	234.0	0	0	0	0	23	Maine	23027	Waldo County	1
5525420880219340800	44.619454	-69.194681	1	EGAD	1	28	28	1	1	2.19	0	0	0	0	23	Maine	23027	Waldo County	1
5525420983298555904	44.623671	-69.196215	1	EGAD	1	29	29	0	0		0	0	0	0	23	Maine	23027	Waldo County	1
5525421601773846528	44.61845	-69.179435	1	EGAD	1	299	30	46	13	115.0	0	0	0	0	23	Maine	23027	Waldo County	1
5525421636133584896	44.609926	-69.167711	1	EGAD	1	29	29	1	1	1.47	0	0	0	0	23	Maine	23027	Waldo County	1
5525422048450445312	44.58527325	-69.13347525	4	EGAD	4	119	30	30	14	69.7	0	0	0	0	23	Maine	23027	Waldo County	1
5525422082810183680	44.577931	-69.139869	1	EGAD	1	29	29	0	0		0	0	0	0	23	Maine	23027	Waldo County	1
5525422117169922048	44.580538000000004	-69.12408400000001	2	EGAD	2	270	30	70	14	84.1	0	0	0	0	23	Maine	23027	Waldo County	1
5525422220249137152	44.581917000000004	-69.121177	2	EGAD	2	402	32	73	13	1013.0	0	0	0	0	23	Maine	23027	Waldo County	1
5525425072107421696	44.615731	-68.9591975	2	EGAD	2	240	30	41	12	23.6	0	0	0	0	23	Maine	23027	Waldo County	1
5525425106467160064	44.6070445	-68.9732955	2	EGAD	2	60	30	10	6	2.04	0	0	1	0	23	Maine	23027	Waldo County	1
5525425346985328640	44.5924152	-68.95485740000001	5	EGAD	5	628	30	112	13	36.3	0	0	0	0	23	Maine	23027	Waldo County	1
5525426171619049472	44.550179571428565	-69.00071257142858	7	EGAD	7	596	30	149	13	44.9	0	0	0	0	23	Maine	23027	Waldo County	1
5525430432226607104	44.634751	-68.845623	1	EGAD	1	8	4	5	3		3	1	5	1	23	Maine	23027	Waldo County	1
5525432390731694080	44.6555068	-68.979264	5	EGAD	5	147	30	9	7	1.62	0	0	0	0	23	Maine	23027	Waldo County	1
5525432425091432448	44.659199	-68.970802	1	EGAD	1	30	30	4	4	3.23	0	0	0	0	23	Maine	23027	Waldo County	1
5525435414388670464	44.767964428571425	-68.86369557142856	7	EGAD	7	358	31	180	25	2710.0	1	0	18	1	23	Maine	23019	Penobscot County	1
5525435964144484352	44.807527	-68.839865	1	EGAD	1	4	4	0	0		2	1	19	3	23	Maine	23019	Penobscot County	1
5525435998504222720	44.81042216666666	-68.828287	24	EGAD	24	446	29	219	22	38891.0	1	0	50	6	23	Maine	23019	Penobscot County	1
5525436032863961088	44.814719411764706	-68.82211235294119	17	EGAD	17	246	9	179	9	35733.0	13	2	38	4	23	Maine	23019	Penobscot County	1
5525436170302914560	44.80574375	-68.83488525	4	EGAD	4	108	27	48	26	53040.8	2	0	60	5	23	Maine	23019	Penobscot County	1
5525436788778205184	44.780076	-68.780757	2	EGAD	2	344	44	178	19	201.0	22	2	95	3	23	Maine	23019	Penobscot County	1
5525436823137943552	44.77466925	-68.78292725	4	EGAD	4	357	44	164	18	49.0	9	1	62	3	23	Maine	23019	Penobscot County	1
5525437647771664384	44.761088	-68.7563195	2	EGAD	2	60	30	31	16	730.0	0	0	4	0	23	Maine	23019	Penobscot County	1
5525437750850879488	44.763292	-68.753978	2	EGAD	2	60	30	28	15	1500.0	2	0	15	1	23	Maine	23019	Penobscot County	1
5525438472405385216	44.767577	-68.7130038	5	EGAD	5	146	30	57	16	211.0	1	0	9	0	23	Maine	23019	Penobscot County	1
5525438506765123584	44.766514	-68.711305	1	EGAD	1	29	29	13	13	25.7	3	0	4	0	23	Maine	23019	Penobscot County	1
5525454312244772864	44.595993666666665	-68.76759633333334	3	EGAD	3	83	31	27	13	28.7	1	0	1	0	23	Maine	23009	Hancock County	1
5525454655842156544	44.59359	-68.72522	1	WQP	1	33	33	5	5		0	0	1	0	23	Maine	23009	Hancock County	1
5525455549195354112	44.5677245	-68.7728675	2	EGAD	2	346	44	144	17	32.9	4	0	15	0	23	Maine	23009	Hancock County	1
5525455686634307584	44.58412	-68.800163	1	EGAD	1	146	30	34	9	46.4	6	1	20	1	23	Maine	23009	Hancock County	1
5525455755353784320	44.574612	-68.802393	1	EGAD	1	294	30	120	13	284.0	8	0	25	2	23	Maine	23009	Hancock County	2
5525457954377039872	44.555618	-68.694546	1	EGAD	1	29	29	1	1	1.46	0	0	7	0	23	Maine	23009	Hancock County	1
5525458332334161920	44.539213	-68.658792	1	EGAD	1	58	29	0	0		0	0	1	0	23	Maine	23009	Hancock County	1
5525458366693900288	44.53955985714286	-68.66316814285715	7	EGAD	7	292	30	45	12	48.2	0	0	1	0	23	Maine	23009	Hancock County	1
5525458504132853760	44.5397535	-68.652934	2	EGAD	2	56	29	0	0		0	0	1	0	23	Maine	23009	Hancock County	1
5525463383215702016	44.395795500000006	-68.7900175	2	EGAD	2	345	44	138	16	49.6	2	0	5	0	23	Maine	23009	Hancock County	1
5525465822757126144	44.446833	-68.890217	4	WQP	4	156	13	0	0		0	0	8	3	23	Maine	23027	Waldo County	1
5525465994555817984	44.4513765	-68.8885975	4	EGAD	4	52	13	0	0		0	0	11	3	23	Maine	23027	Waldo County	1
5525466028915556352	44.464573	-68.877568	1	EGAD	1	296	30	108	14	8.07	1	0	13	4	23	Maine	23027	Waldo County	1
5525467575103782912	44.506769	-68.807729	1	EGAD	0	0	0	0	0		0	0	0	0	23	Maine	23027	Waldo County	1
5525468880773840896	44.455719	-68.909856	1	EGAD	1	8	4	6	3		2	0	15	4	23	Maine	23027	Waldo County	1
5525470873638666240	44.5467455	-69.0014855	4	EGAD	4	120	30	40	12	33.9	0	0	0	0	23	Maine	23027	Waldo County	1
5525471801351602176	44.497268000000005	-69.10376550000001	2	EGAD	2	89	30	24	12	21.4	0	0	3	0	23	Maine	23027	Waldo County	1
5525474275252764672	44.42803	-69.079453	1	EGAD	1	27	27	0	0		0	0	0	0	23	Maine	23027	Waldo County	1
5525474447051456512	44.428944	-69.0743665	2	EGAD	2	108	27	0	0		0	0	0	0	23	Maine	23027	Waldo County	1
5525474481411194880	44.428518000000004	-69.068966	5	EGAD	5	161	27	5	5	8.06	0	0	0	0	23	Maine	23027	Waldo County	1
5525474618850148352	44.42176	-69.06139325	4	EGAD	4	134	27	0	0		0	0	1	0	23	Maine	23027	Waldo County	1
5525474653209886720	44.420561222222226	-69.06877200000001	9	EGAD	9	655	27	229	19	12620.0	0	0	0	0	23	Maine	23027	Waldo County	1
5525474996807270400	44.415835	-69.020544	1	EGAD	0	0	0	0	0		1	0	30	1	23	Maine	23027	Waldo County	1
5525475134246223872	44.428715499999996	-69.0061355	2	EGAD	2	348	44	147	17	132.0	33	1	37	0	23	Maine	23027	Waldo County	1
5525475546563084288	44.456306	-68.995877	1	EGAD	1	30	30	0	0		0	0	5	0	23	Maine	23027	Waldo County	1
5525475580922822656	44.45578233333333	-68.990009	6	EGAD	6	539	30	69	13	28.7	0	0	3	0	23	Maine	23027	Waldo County	1
5525475615282561024	44.459274	-68.981868	1	EGAD	1	144	30	56	15	79.8	0	0	0	0	23	Maine	23027	Waldo County	1
5525475649642299392	44.45714	-68.976694	1	EGAD	1	29	29	0	0		0	0	5	0	23	Maine	23027	Waldo County	1
5525475684002037760	44.456318	-68.978994	1	EGAD	1	29	29	0	0		0	0	4	0	23	Maine	23027	Waldo County	1
5525477779946078208	44.3374095	-69.040304	2	EGAD+WQP	2	104	26	12	4		0	0	0	0	23	Maine	23027	Waldo County	1
5525478638939537408	44.386475	-69.065437	1	EGAD	1	58	30	4	4	242.0	0	0	0	0	23	Maine	23027	Waldo County	1
5525479016896659456	44.39773	-69.0392	1	EGAD	1	16	16	0	0		2	0	1	0	23	Maine	23027	Waldo County	1
5525485201649565696	44.280263	-69.044417	1	EGAD	0	0	0	0	0		0	0	0	0	23	Maine	23027	Waldo County	1
5525489256098693120	44.368510375	-68.893450375	8	EGAD	8	416	30	79	12	26.4	1	0	0	0	23	Maine	23027	Waldo County	1
5525497433716424704	44.1809265	-68.686328	2	EGAD	2	59	30	0	0		0	0	3	0	23	Maine	23009	Hancock County	1
5525497468076163072	44.177862	-68.6719	1	EGAD	1	30	30	8	8	0.967	0	0	3	0	23	Maine	23009	Hancock County	1
5525498086551453696	44.2293215	-68.647917	2	EGAD	2	89	30	14	7	1.36	0	0	2	0	23	Maine	23009	Hancock County	1
5525498498868314112	44.2403886	-68.6816414	5	EGAD	5	239	30	47	13	24.4	3	0	2	0	23	Maine	23009	Hancock County	1
5525507810357411840	44.407103	-68.580465	1	EGAD	1	339	44	148	18	67.6	2	0	22	0	23	Maine	23009	Hancock County	1
5525508188314533888	44.411808	-68.585775	1	EGAD	1	8	4	7	4		6	0	14	0	23	Maine	23009	Hancock County	1
5525518152638660608	44.373994	-68.300333	1	EGAD	1	116	29	4	2	2.58	0	0	2	0	23	Maine	23009	Hancock County	1
5525518186998398976	44.3682515	-68.298606	2	EGAD	2	239	30	51	12	105.0	1	0	2	0	23	Maine	23009	Hancock County	1
5525518290077614080	44.373313	-68.303195	1	EGAD	1	336	44	137	17	113.0	0	0	4	0	23	Maine	23009	Hancock County	1
5525518633674997760	44.349228	-68.324286	1	EGAD	1	337	44	125	16	23.8	0	0	3	0	23	Maine	23009	Hancock County	1
5525526776932990976	44.177285	-68.668462	1	EGAD	1	30	30	12	12	21.1	1	0	1	0	23	Maine	23009	Hancock County	1
5525529182114676736	44.169212	-68.46275299999999	2	EGAD	2	60	30	3	3	0.737	0	0	1	0	23	Maine	23009	Hancock County	1
5525532755527467008	44.25098799999999	-68.3447938	5	EGAD	5	168	28	59	13	72.09	2	0	13	0	23	Maine	23009	Hancock County	1
5525532858606682112	44.249635	-68.34291350000001	4	EGAD	4	140	28	60	16	236.23	2	0	12	0	23	Maine	23009	Hancock County	1
5525560999232405504	44.29534	-68.241633	1	EGAD	1	339	44	126	15	43.2	1	0	1	0	23	Maine	23009	Hancock County	1
5525561617707696128	44.291622	-68.300956	1	EGAD	1	340	44	147	18	82.0	1	0	11	0	23	Maine	23009	Hancock County	1
5525561755146649600	44.275502	-68.322751	1	EGAD	1	338	44	133	14	51.0	7	1	7	0	23	Maine	23009	Hancock County	1
5525562030024556544	44.29177157142857	-68.34960085714286	14	EGAD	14	744	39	182	23	333.12	5	0	2	0	23	Maine	23009	Hancock County	1
5525564194688073728	44.380135	-68.191782	1	EGAD	1	338	44	130	14	293.0	0	0	7	0	23	Maine	23009	Hancock County	1
5525564263407550464	44.3803	-68.205734	1	EGAD	1	8	4	6	3		1	0	22	0	23	Maine	23009	Hancock County	1
5525565019321794560	44.414422	-68.246156	1	EGAD	1	339	44	117	14	20.6	0	0	3	0	23	Maine	23009	Hancock County	1
5525573403097956352	44.391991	-68.082761	1	EGAD	1	335	44	129	17	81.4	3	0	4	1	23	Maine	23009	Hancock County	1
5525583470501298176	44.535899	-67.875203	1	EGAD	1	337	44	152	20	59.2	3	0	9	0	23	Maine	23029	Washington County	1
5525603192991121408	44.681655	-68.262387	1	EGAD	0	0	0	0	0		0	0	1	0	23	Maine	23009	Hancock County	1
5525612779358126080	44.468083	-68.32461	1	EGAD	1	29	29	0	0		2	0	3	0	23	Maine	23009	Hancock County	1
5525613775790538752	44.47010928571429	-68.32953464285714	14	EGAD	14	654	36	105	16	106.0	2	0	4	0	23	Maine	23009	Hancock County	1
5525613878869753856	44.45472966666667	-68.36572933333333	3	EGAD	3	89	30	14	10	10.9	0	0	13	0	23	Maine	23009	Hancock County	1
5525613913229492224	44.451983000000006	-68.36734666666666	3	EGAD	3	119	30	31	12	9.96	7	0	6	0	23	Maine	23009	Hancock County	1
5525614325546352640	44.455665333333336	-68.36775733333333	3	EGAD	3	105	40	24	12	33.81	0	0	10	0	23	Maine	23009	Hancock County	1
5525618757952602112	44.556439	-68.43107	1	EGAD	0	0	0	0	0		6	0	9	0	23	Maine	23009	Hancock County	1
5525619582586322944	44.537167499999995	-68.420761	2	EGAD	2	30	27	4	4		19	0	44	0	23	Maine	23009	Hancock County	1
5525619823104491520	44.520548	-68.424303	1	EGAD	1	339	44	132	14	131.0	0	0	6	0	23	Maine	23009	Hancock County	1
5525621300573241344	44.463344500000005	-68.534441	6	EGAD	6	180	30	67	15	684.7	1	0	0	0	23	Maine	23009	Hancock County	1
5525622193926438912	44.531342	-68.528805	1	EGAD	1	29	29	0	0		0	0	0	0	23	Maine	23009	Hancock County	1
5525641194861756416	44.845934	-68.17653	1	EGAD	0	0	0	0	0		0	0	0	0	23	Maine	23009	Hancock County	1
5525671190913351680	44.657964	-67.947999	1	EGAD	1	29	29	0	0		0	0	0	0	23	Maine	23029	Washington County	1
5525682014230937600	44.603445	-67.694157	1	EGAD	1	60	30	24	12	80.3	0	0	0	0	23	Maine	23029	Washington County	1
5525691050842128384	44.737383	-67.54984	3	EGAD+WQP	3	59	48	13	11		0	0	0	0	23	Maine	23029	Washington County	1
5525705447572504576	44.911862	-67.854824	1	EGAD	0	0	0	0	0		0	0	0	0	23	Maine	23029	Washington County	1
5525727300366106624	45.038549	-67.35521	1	EGAD	0	0	0	0	0		3	0	1	0	23	Maine	23029	Washington County	1
5525729877346484224	45.134587	-67.319215	1	EGAD	1	66	33	14	7		0	0	2	0	23	Maine	23029	Washington County	1
5525731904571047936	45.156354	-67.398582	2	EGAD	2	322	35	56	14	686.0	2	1	14	0	23	Maine	23029	Washington County	1
5525799009140080640	45.143245	-68.572243	1	EGAD	0	0	0	0	0		0	0	0	0	23	Maine	23019	Penobscot County	1
5525822167603740672	44.825196	-68.403219	1	EGAD	0	0	0	0	0		0	0	0	0	23	Maine	23009	Hancock County	1
5525829589307228160	44.926528000000005	-68.6414315	2	EGAD	2	347	44	139	16	37.0	1	0	55	2	23	Maine	23019	Penobscot County	1
5525829761105920000	44.913433	-68.63714	1	EGAD	1	266	30	88	13	700.0	0	0	15	1	23	Maine	23019	Penobscot County	1
5525830310861733888	44.877109	-68.666551	1	EGAD	1	340	44	126	13	85.8	1	0	27	3	23	Maine	23019	Penobscot County	1
5525832166287605760	44.82133	-68.70377	1	WQP	1	33	33	6	6		3	0	7	0	23	Maine	23019	Penobscot County	1
5525832750403158016	44.841364	-68.698879	1	EGAD	1	96	59	23	16	8.45	5	0	4	0	23	Maine	23019	Penobscot County	1
5525833025281064960	44.869918	-68.6732	1	EGAD	0	0	0	0	0		0	0	16	3	23	Maine	23019	Penobscot County	1
5525833609396617216	44.854953	-68.741014	1	EGAD	1	30	30	10	10	3.57	2	0	13	0	23	Maine	23019	Penobscot County	1
5525834056073216000	44.815469	-68.776169	1	EGAD	0	0	0	0	0		13	0	50	1	23	Maine	23019	Penobscot County	1
5525834468390076416	44.826002	-68.806356	1	EGAD	1	120	40	21	8		0	0	46	3	23	Maine	23019	Penobscot County	1
5525835980218564608	44.9013425	-68.7273495	2	EGAD	2	58	29	28	15	419.0	1	1	0	0	23	Maine	23019	Penobscot County	1
5525836426895163392	44.902846	-68.724388	1	EGAD	1	29	29	0	0		0	0	1	1	23	Maine	23019	Penobscot County	1
5525837663845744640	44.975897	-68.719299	1	EGAD	1	147	31	76	18	4310.0	0	0	3	1	23	Maine	23019	Penobscot County	1
5525837766924959744	44.961946000000005	-68.69482266666667	3	EGAD	3	93	31	48	20	116.58	0	0	1	0	23	Maine	23019	Penobscot County	1
5525839759789785088	44.951322	-68.64547	1	EGAD	1	338	44	122	14	14.9	10	1	34	1	23	Maine	23019	Penobscot County	1
5525840584423505920	44.9435705	-68.557411	2	EGAD	2	60	30	13	13	321.0	1	0	0	0	23	Maine	23019	Penobscot County	1
5525855874507079680	44.971623	-68.829196	1	EGAD	1	110	66	24	18	9.5	0	0	0	0	23	Maine	23019	Penobscot County	1
5525859585358823424	44.910115	-68.915831	1	EGAD	1	216	66	44	19	8.93	0	0	0	0	23	Maine	23019	Penobscot County	1
5525864808039055360	44.993521	-69.048102	1	EGAD	1	29	29	0	0		0	0	3	0	23	Maine	23019	Penobscot County	1
5525864911118270464	44.991268250000005	-69.0455	4	EGAD	4	116	29	4	1	33.0	0	0	0	0	23	Maine	23019	Penobscot County	1
5525868450171322368	44.94139633333333	-69.128239	3	EGAD	3	79	27	45	20		0	0	3	0	23	Maine	23019	Penobscot County	1
5525869274805043200	44.896382	-69.187789	1	EGAD	1	33	33	0	0		0	0	0	0	23	Maine	23019	Penobscot County	1
5525869755841380352	44.9127005	-69.2214835	2	EGAD	2	71	36	5	5	6.6	0	0	1	0	23	Maine	23019	Penobscot County	1
5525869790201118720	44.907612	-69.231502	1	EGAD	1	333	38	65	15	138.0	0	0	0	0	23	Maine	23019	Penobscot County	1
5525869824560857088	44.904598	-69.23767	1	EGAD	1	35	35	0	0		0	0	2	0	23	Maine	23019	Penobscot County	1
5525871164590653440	44.9706915	-69.13221899999999	2	EGAD	2	85	29	3	1	39.2	0	0	0	0	23	Maine	23019	Penobscot County	1
5525871198950391808	44.9702155	-69.1226835	4	EGAD	4	115	30	17	12	25.0	0	0	0	0	23	Maine	23019	Penobscot County	1
5525871233310130176	44.96847	-69.129169	1	EGAD	1	29	29	0	0		0	0	3	0	23	Maine	23019	Penobscot County	1
5525871473828298752	44.983182	-69.0882525	2	EGAD	2	57	29	0	0		0	0	0	0	23	Maine	23019	Penobscot County	1
5525874188247629824	45.089352	-69.013591	1	EGAD	1	60	30	10	5	0.788	0	0	1	0	23	Maine	23019	Penobscot County	1
5525874222607368192	45.090072	-69.005052	1	EGAD	1	60	30	18	9	4.82	0	0	0	0	23	Maine	23019	Penobscot County	1
5525874978521612288	45.026331666666664	-69.03072683333333	6	EGAD	6	177	30	47	11	19.5	0	0	11	0	23	Maine	23019	Penobscot County	1
5525875012881350656	45.023714000000005	-69.029775	3	EGAD	3	89	30	22	11	38.9	1	0	7	0	23	Maine	23019	Penobscot County	1
5525875081600827392	45.031146	-69.03417366666666	3	EGAD	3	88	30	25	11	18.7	0	0	4	0	23	Maine	23019	Penobscot County	1
5525876765228007424	45.063909	-68.9644174	5	EGAD	5	160	32	39	12	409.0	1	0	0	0	23	Maine	23019	Penobscot County	1
5525880098122629120	45.0967545	-68.989957	2	EGAD	2	60	30	18	10	16.6	0	0	0	0	23	Maine	23019	Penobscot County	1
5525880132482367488	45.09397	-69.0104545	2	EGAD	2	239	30	37	11	29.7	0	0	0	0	23	Maine	23019	Penobscot County	1
5525883671535419392	45.227001	-68.978179	1	EGAD	1	339	44	139	19	15.1	1	0	9	0	23	Maine	23021	Piscataquis County	1
5525884015132803072	45.257332999999996	-68.94966	3	EGAD+WQP	3	59	48	16	14		0	0	0	0	23	Maine	23021	Piscataquis County	1
5525896384638615552	45.244665	-68.583356	1	EGAD	1	30	30	8	8	3.37	0	0	7	0	23	Maine	23019	Penobscot County	1
5525903119147335680	45.300669	-68.55044733333334	3	EGAD	3	117	30	4	4	1.133	0	0	0	0	23	Maine	23019	Penobscot County	1
5525905283810852864	45.3753685	-68.508017	2	EGAD	2	344	44	132	16	16.7	7	0	38	1	23	Maine	23019	Penobscot County	1
5525906555121172480	45.340047	-68.583705	1	EGAD	1	66	33	12	6		0	0	1	0	23	Maine	23019	Penobscot County	1
5525921776485269504	45.35807133333333	-69.04573266666667	3	EGAD	3	90	30	12	11	52.1	0	0	3	0	23	Maine	23021	Piscataquis County	1
5525953009487446016	45.148992	-69.117218	1	EGAD	0	0	0	0	0		0	0	1	0	23	Maine	23021	Piscataquis County	1
5525954212078288896	45.18431	-69.180291	1	EGAD	1	298	30	149	17	76.0	0	0	1	0	23	Maine	23021	Piscataquis County	1
5525954521315934208	45.1875835	-69.20377875	4	EGAD	4	105	27	4	1	0.428	0	0	16	0	23	Maine	23021	Piscataquis County	1
5525954555675672576	45.189218999999994	-69.204571	2	EGAD	2	54	27	23	12	13.2	1	0	14	0	23	Maine	23021	Piscataquis County	1
5525954727474364416	45.191865	-69.2052635	2	EGAD	2	47	24	27	15	142.604	1	0	32	0	23	Maine	23021	Piscataquis County	1
5525955174150963200	45.189469	-69.220247	1	EGAD	0	0	0	0	0		9	0	26	0	23	Maine	23021	Piscataquis County	1
5525961839940206592	45.014244	-69.238666	1	EGAD	1	118	30	16	9	3.51	0	0	3	0	23	Maine	23019	Penobscot County	1
5525961874299944960	45.007845	-69.235359	1	EGAD	1	338	44	169	18	81.0	1	0	1	0	23	Maine	23019	Penobscot County	1
5525962011738898432	45.01954588888889	-69.2704561111111	9	EGAD	9	252	29	67	17	855.7	0	0	14	0	23	Maine	23019	Penobscot County	1
5525962424055758848	44.98019466666667	-69.228292	3	EGAD	3	110	37	11	9	14.8	0	0	2	0	23	Maine	23019	Penobscot County	1
5525963042531049472	44.97236118181818	-69.22416263636363	11	EGAD	11	2792	42	812	18		0	0	2	0	23	Maine	23019	Penobscot County	1
5525963076890787840	44.97446266666666	-69.22909791666667	12	EGAD	12	4378	42	1199	23		1	0	2	0	23	Maine	23019	Penobscot County	1
5525963179970002944	44.969429000000005	-69.2357542	5	EGAD	5	847	40	177	17	320.0	0	0	2	0	23	Maine	23019	Penobscot County	1
5525963214329741312	44.96001366666667	-69.249516	3	EGAD	3	404	38	69	13	79.0	0	0	1	0	23	Maine	23019	Penobscot County	1
5525963248689479680	44.961109	-69.25641387499999	8	EGAD	8	725	38	50	13	21.0	0	0	1	0	23	Maine	23019	Penobscot County	1
5525963626646601728	44.9196185	-69.2426985	2	EGAD	2	456	44	139	15	21.3	0	0	9	1	23	Maine	23019	Penobscot County	1
5525963695366078464	44.9096845	-69.26567299999999	2	EGAD	2	70	35	0	0		3	0	7	1	23	Maine	23019	Penobscot County	1
5525963729725816832	44.92118327272727	-69.25978718181818	11	EGAD	11	236	9	20	6	104.0	4	1	5	0	23	Maine	23019	Penobscot County	1
5525963798445293568	44.91410485714285	-69.27746828571428	7	EGAD	7	962	38	191	15	184.0	1	0	7	1	23	Maine	23019	Penobscot County	1
5525982112185843712	45.14209566666667	-69.34489433333333	3	EGAD	3	81	27	28	18	90.754	0	0	0	0	23	Maine	23021	Piscataquis County	1
5525983177337733120	45.171822	-69.354559	1	EGAD	1	291	30	154	19	68.2	4	0	13	1	23	Maine	23021	Piscataquis County	1
5525983486575378432	45.1593905	-69.2992555	2	EGAD	2	59	30	3	3	4.84	0	0	0	0	23	Maine	23021	Piscataquis County	1
5525983520935116800	45.16484585714285	-69.30116857142858	7	EGAD	7	203	30	43	13	48.09	0	0	0	0	23	Maine	23021	Piscataquis County	1
5525986166634971136	45.186833	-69.450007	2	EGAD	2	60	30	8	8	1.72	0	0	0	0	23	Maine	23021	Piscataquis County	1
5525986200994709504	45.186433	-69.450937	1	EGAD	1	29	29	7	7	0.918	0	0	0	0	23	Maine	23021	Piscataquis County	1
5525986269714186240	45.189929	-69.453026	2	EGAD	2	60	30	0	0		0	0	0	0	23	Maine	23021	Piscataquis County	1
5525986475872616448	45.203909	-69.465219	1	EGAD	1	110	66	11	9	0.688	0	0	0	0	23	Maine	23021	Piscataquis County	1
5526007847629881344	45.042047	-69.880639	1	WQP	0	0	0	0	0		0	0	5	0	23	Maine	23025	Somerset County	1
5526007916349358080	45.039994	-69.864121	1	EGAD	1	4	4	2	2		2	0	4	0	23	Maine	23025	Somerset County	1
5526018945825374208	45.2552845	-69.7275	2	EGAD+WQP	2	65	26	16	7		0	0	0	0	23	Maine	23025	Somerset County	1
5526025955212001280	45.443567	-69.654087	1	EGAD	1	30	30	0	0		0	0	0	0	23	Maine	23021	Piscataquis County	1
5526027398321012736	45.43829266666666	-69.64913966666667	3	EGAD	3	90	30	30	12	118.0	0	0	1	0	23	Maine	23021	Piscataquis County	1
5526027432680751104	45.438551	-69.648095	1	EGAD	1	60	30	24	12	218.0	0	0	2	0	23	Maine	23021	Piscataquis County	1
5526027467040489472	45.441879	-69.629553	1	EGAD	1	21	21	0	0		1	0	1	0	23	Maine	23021	Piscataquis County	1
5526049491632783360	45.569122	-69.538953	1	EGAD	0	0	0	0	0		0	0	0	0	23	Maine	23021	Piscataquis County	1
5526052206052114432	45.447055500000005	-69.606197	2	EGAD	2	459	44	174	21	21.4	0	0	20	0	23	Maine	23021	Piscataquis County	1
5526052309131329536	45.449128	-69.623233	1	EGAD	0	0	0	0	0		1	0	18	0	23	Maine	23021	Piscataquis County	1
5526060486749061120	45.622053	-69.836038	1	EGAD	1	80	40	11	6		0	0	0	0	23	Maine	23025	Somerset County	1
5526097251669114880	45.633339	-70.244232	1	EGAD	1	300	30	137	17	27.8	2	1	11	0	23	Maine	23025	Somerset County	1
5526123021472890880	45.520165	-70.295664	1	EGAD	1	110	66	23	15	2.47	0	0	0	0	23	Maine	23025	Somerset County	1
5526126079489605632	45.4672365	-70.252791	2	EGAD	2	57	29	1	1	0.708	0	0	0	0	23	Maine	23025	Somerset County	1
5526187617781022720	45.246448	-69.962234	1	EGAD	0	0	0	0	0		0	0	0	0	23	Maine	23025	Somerset County	1
5526208302343520256	44.892086	-70.273531	1	EGAD	1	30	30	3	3	0.298	0	0	1	0	23	Maine	23007	Franklin County	1
5526219641057181696	44.858203	-70.516187	1	EGAD	1	29	29	0	0		0	0	0	0	23	Maine	23007	Franklin County	1
5526231117209796608	45.0940145	-70.3337715	2	EGAD	2	399	44	145	16	26.6	0	0	2	1	23	Maine	23007	Franklin County	1
5526231151569534976	45.098921	-70.333522	1	EGAD	1	119	30	35	11	10.2	0	0	2	1	23	Maine	23007	Franklin County	1
5526262590730141696	44.989174500000004	-70.7422205	2	EGAD+WQP	2	104	26	0	0		0	0	0	0	23	Maine	23007	Franklin County	1
5526263484083339264	44.99627933333333	-70.66228066666666	3	EGAD	3	87	30	3	3	0.214	2	1	1	1	23	Maine	23007	Franklin County	1
5526263518443077632	44.985678	-70.671326	1	EGAD	1	117	30	44	12	21.7	0	0	3	2	23	Maine	23007	Franklin County	1
5526263552802816000	44.989584	-70.672503	1	EGAD	1	297	30	148	18	39.9	1	1	2	1	23	Maine	23007	Franklin County	1
5526264446156013568	44.946793	-70.656512	1	EGAD	1	26	13	0	0		0	0	2	0	23	Maine	23007	Franklin County	1
5526289838002667520	44.71296	-71.1727	1	WQP	1	33	33	4	4		0	0	0	0	33	New Hampshire	33007	Coos County	1
5526297225346416640	44.689689	-70.971093	1	EGAD	1	29	29	0	0		0	0	0	0	23	Maine	23017	Oxford County	1
5526309113815891968	44.638866	-70.58675733333332	6	EGAD	6	511	30	180	17		0	0	0	0	23	Maine	23017	Oxford County	1
5526311244119670784	44.635604	-70.724121	1	EGAD	1	28	28	1	1	0.613	0	0	2	0	23	Maine	23017	Oxford County	1
5526311278479409152	44.63562225	-70.72730175	4	EGAD	4	148	30	11	6	5.07	0	0	2	0	23	Maine	23017	Oxford County	1
5526322720272285696	44.713796	-70.419939	1	EGAD	0	0	0	0	0		0	0	1	0	23	Maine	23007	Franklin County	1
5526336498527371264	44.550615	-70.543827	1	EGAD	1	320	30	22	7	282.0	26	1	48	0	23	Maine	23017	Oxford County	1
5526336807765016576	44.539426	-70.520587	1	EGAD	1	339	44	114	14	19.0	0	0	21	2	23	Maine	23017	Oxford County	1
5526336979563708416	44.529713	-70.483374	1	EGAD	1	66	33	13	7		0	0	2	1	23	Maine	23017	Oxford County	1
5526337048283185152	44.54219	-70.498632	1	EGAD	1	149	30	42	13	215.0	1	1	8	1	23	Maine	23017	Oxford County	1
5526337254441615360	44.540033	-70.520081	10	EGAD	9	93	43	58	11		4	1	17	1	23	Maine	23017	Oxford County	1
5526338834989580288	44.5174465	-70.45626949999999	2	EGAD	2	60	31	12	9	4.98	0	0	3	0	23	Maine	23017	Oxford County	1
5526339212946702336	44.523302	-70.406233	1	EGAD	1	30	30	7	7	2.54	0	0	3	0	23	Maine	23017	Oxford County	1
5526344538706149376	44.592698	-70.195537	1	EGAD	1	29	29	11	11	182.5	0	0	6	0	23	Maine	23007	Franklin County	1
5526344573065887744	44.5942268	-70.2061442	5	EGAD	5	409	44	140	18	34.2	2	0	10	0	23	Maine	23007	Franklin County	1
5526345878735945728	44.514531	-70.242865	1	EGAD	1	66	33	11	6		0	0	10	3	23	Maine	23007	Franklin County	1
5526347528003387392	44.5041436	-70.2406122	5	EGAD	5	795	31	422	26	24800.0	7	3	5	0	23	Maine	23007	Franklin County	2
5526347562363125760	44.507213	-70.229896	1	EGAD	1	297	30	175	25	2530.0	2	0	12	3	23	Maine	23007	Franklin County	1
5526348180838416384	44.495337	-70.206625	1	EGAD	0	0	0	0	0		4	0	4	0	23	Maine	23007	Franklin County	1
5526348215198154752	44.491679	-70.205609	1	EGAD	1	216	66	53	19	4.62	0	0	12	1	23	Maine	23007	Franklin County	1
5526349520868212736	44.48458	-70.152487	1	EGAD	1	29	29	0	0		0	0	0	0	23	Maine	23001	Androscoggin County	2
5526349761386381312	44.468116	-70.18431	2	EGAD	2	344	44	151	17	18.8	3	1	38	1	23	Maine	23001	Androscoggin County	1
5526350242422718464	44.47122	-70.095573	2	EGAD	2	57	29	0	0		0	0	0	0	23	Maine	23011	Kennebec County	1
5526352681964142592	44.520839	-70.05167	1	EGAD	1	26	13	1	1		0	0	3	0	23	Maine	23007	Franklin County	2
5526354915347136512	44.55094	-70.086543	1	EGAD	0	0	0	0	0		0	0	1	0	23	Maine	23007	Franklin County	1
5526356942571700224	44.6325675	-70.098739	2	EGAD	2	82	42	14	11	6.07	1	0	1	0	23	Maine	23007	Franklin County	1
5526357595406729216	44.6386385	-70.092101	2	EGAD	2	60	30	20	12	83.3	1	0	1	0	23	Maine	23007	Franklin County	1
5526360378545537024	44.647856	-69.94606	1	EGAD	1	30	30	0	0		0	0	0	0	23	Maine	23007	Franklin County	2
5526361237538996224	44.673307	-69.95557166666667	3	EGAD	3	89	30	4	4	0.633	0	0	1	0	23	Maine	23007	Franklin County	2
5526361374977949696	44.666788	-69.94751	1	EGAD	1	30	30	0	0		0	0	0	0	23	Maine	23025	Somerset County	1
5526361409337688064	44.66608	-69.95484350000001	2	EGAD	2	59	30	0	0		0	0	0	0	23	Maine	23007	Franklin County	2
5526361512416903168	44.652562	-69.934032	1	EGAD	1	30	30	3	3	6.27	0	0	0	0	23	Maine	23007	Franklin County	2
5526362749367484416	44.694653	-69.9225325	2	EGAD	2	58	30	11	11	5.75	0	0	0	0	23	Maine	23025	Somerset County	1
5526367972047716352	44.65192	-70.143307	1	EGAD	1	336	44	137	19	46.8	0	0	19	1	23	Maine	23007	Franklin County	1
5526368006407454720	44.654948	-70.140207	1	EGAD	1	8	6	5	4		4	1	12	0	23	Maine	23007	Franklin County	1
5526368246925623296	44.623658	-70.14761433333334	3	EGAD	3	88	30	4	4	0.348	0	0	14	1	23	Maine	23007	Franklin County	1
5526369518235942912	44.672074	-70.158483	1	EGAD	1	17	17	0	0		0	0	24	0	23	Maine	23007	Franklin County	1
5526373710124023808	44.758177	-70.215389	1	EGAD	0	0	0	0	0		0	0	0	0	23	Maine	23007	Franklin County	1
5526381544144371712	44.843389	-70.10968399999999	2	EGAD	2	58	30	9	8	3.48	0	0	0	0	23	Maine	23007	Franklin County	1
5526391508468498432	44.912894	-69.941238	1	EGAD	0	0	0	0	0		0	0	1	0	23	Maine	23025	Somerset County	1
5526401953828962304	44.793064	-69.885238	1	EGAD	1	330	44	236	31	2450.0	7	0	28	2	23	Maine	23025	Somerset County	1
5526402194347130880	44.833017	-69.868287	1	EGAD	1	132	33	17	7		0	0	2	0	23	Maine	23025	Somerset County	1
5526407863703961600	44.790522	-69.892056	1	EGAD	1	147	32	16	7	8.29	0	0	31	2	23	Maine	23025	Somerset County	1
5526409650410356736	44.7224645	-69.786135	2	EGAD	2	263	66	47	16	2.8	1	1	9	0	23	Maine	23025	Somerset County	1
5526409719129833472	44.7344395	-69.7953525	2	EGAD	2	89	30	18	11	14.6	0	0	2	1	23	Maine	23025	Somerset County	1
5526410749921984512	44.754555	-69.726229	1	EGAD	0	0	0	0	0		2	0	48	0	23	Maine	23025	Somerset County	1
5526412193030995968	44.679096	-69.6822569	10	EGAD	10	1731	31	326	21	288.0	0	0	0	0	23	Maine	23025	Somerset County	1
5526412364829687808	44.694758	-69.65128066666666	3	EGAD	3	450	30	159	15	8570.0	0	0	6	2	23	Maine	23025	Somerset County	1
5526412399189426176	44.69341575	-69.64403325	4	EGAD	4	539	30	188	17	7590.0	0	0	7	2	23	Maine	23025	Somerset County	1
5526412433549164544	44.701282	-69.633068	1	EGAD	1	140	66	33	19	1.78	1	0	5	2	23	Maine	23011	Kennebec County	2
5526413842298437632	44.767757	-69.680067	1	EGAD	1	176	66	30	15	3.44	1	0	9	0	23	Maine	23025	Somerset County	1
5526413911017914368	44.785537500000004	-69.677636	2	EGAD	2	60	30	8	8	1.71	0	0	1	0	23	Maine	23025	Somerset County	1
5526414357694513152	44.75768	-69.628719	1	EGAD	1	150	32	28	10	67.91	0	0	1	0	23	Maine	23025	Somerset County	1
5526415044889280512	44.78957533333334	-69.576811	3	EGAD	3	87	29	0	0		0	0	0	0	23	Maine	23025	Somerset County	1
5526415113608757248	44.798843500000004	-69.58041775	4	EGAD	4	1647	30	294	16	4560.0	0	0	0	0	23	Maine	23025	Somerset County	1
5526415216687972352	44.801057	-69.572049	1	EGAD	1	29	29	0	0		0	0	0	0	23	Maine	23025	Somerset County	1
5526415285407449088	44.799116	-69.5857	1	EGAD	1	30	30	18	18	8240.0	0	0	0	0	23	Maine	23025	Somerset County	1
5526415766443786240	44.805190333333336	-69.66491333333333	3	EGAD	3	89	30	23	12	4.23	0	0	0	0	23	Maine	23025	Somerset County	1
5526415800803524608	44.81060757142857	-69.65219328571429	7	EGAD	7	1461	30	233	15	516.0	0	0	0	0	23	Maine	23025	Somerset County	1
5526415835163262976	44.810365000000004	-69.6450825	2	EGAD	2	58	29	3	3	1.64	0	0	0	0	23	Maine	23025	Somerset County	1
5526416041321693184	44.828205	-69.670481	1	EGAD	1	29	29	3	3	0.419	0	0	0	0	23	Maine	23025	Somerset County	1
5526416350559338496	44.800726	-69.684932	2	EGAD	2	58	30	10	9	1.93	0	0	2	0	23	Maine	23025	Somerset County	1
5526416419278815232	44.804099	-69.66818275	4	EGAD	4	116	30	8	6	1.62	0	0	0	0	23	Maine	23025	Somerset County	1
5526416487998291968	44.787601	-69.679525	1	EGAD	1	30	30	6	6	2.7	0	0	1	0	23	Maine	23025	Somerset County	1
5526416728516460544	44.7714944	-69.7098022	5	EGAD	4	377	45	156	17	31.4	2	1	54	1	23	Maine	23025	Somerset County	1
5526418824460500992	44.829126	-69.669831	1	EGAD	1	28	28	0	0		0	0	0	0	23	Maine	23025	Somerset County	1
5526420679886372864	44.93453433333334	-69.63930933333334	3	EGAD	3	88	30	30	15	310.0	0	0	0	0	23	Maine	23025	Somerset County	1
5526429304180703232	44.872187	-69.447211	1	EGAD	1	21	21	1	1	6.88	0	0	12	2	23	Maine	23025	Somerset County	1
5526429338540441600	44.87815	-69.445303	1	EGAD	1	339	44	192	21	1650.0	7	2	7	0	23	Maine	23025	Somerset County	1
5526429372900179968	44.88364671428571	-69.46282	7	EGAD	7	460	31	254	27	70800.0	5	0	11	2	23	Maine	23025	Somerset County	1
5526429579058610176	44.892547	-69.464024	3	EGAD	3	89	31	20	10	2.29	2	0	5	0	23	Maine	23025	Somerset County	1
5526430094454685696	44.9120434	-69.4237186	5	EGAD	5	146	30	8	7	1.9	0	0	2	0	23	Maine	23025	Somerset County	1
5526430128814424064	44.911148	-69.433542	1	EGAD	1	29	29	0	0		0	0	0	0	23	Maine	23025	Somerset County	1
5526430197533900800	44.9088	-69.42364	1	EGAD	1	29	29	0	0		0	0	2	0	23	Maine	23025	Somerset County	1
5526430231893639168	44.9061578	-69.41310039999999	5	EGAD	5	148	30	26	21	1390.0	1	0	1	0	23	Maine	23025	Somerset County	1
5526430334972854272	44.90821966666667	-69.41253033333334	3	EGAD	3	88	30	2	2	0.878	1	0	1	0	23	Maine	23025	Somerset County	1
5526430678570237952	44.903624	-69.38786366666666	3	EGAD	3	90	30	26	11	9.9	0	0	0	0	23	Maine	23025	Somerset County	1
5526430712929976320	44.900072	-69.38770666666666	6	EGAD	6	744	30	148	15	3990.0	0	0	0	0	23	Maine	23025	Somerset County	1
5526430747289714688	44.897116	-69.383649	1	EGAD	1	29	29	2	2	2.0	0	0	0	0	23	Maine	23025	Somerset County	1
5526432637075324928	44.90761766666666	-69.28656333333333	3	EGAD	3	554	38	96	14	360.0	0	0	4	0	23	Maine	23019	Penobscot County	1
5526432705794801664	44.894427666666665	-69.276413	3	EGAD	3	106	36	6	6	5.2	0	0	3	0	23	Maine	23019	Penobscot County	1
5526432808874016768	44.896043666666664	-69.26992766666666	3	EGAD	3	106	36	0	0		2	0	1	0	23	Maine	23019	Penobscot County	1
5526434389421981696	44.838699	-69.413395	1	EGAD	1	110	66	21	15	1.82	1	0	0	0	23	Maine	23025	Somerset County	1
5526435798171254784	44.759202	-69.381112	1	EGAD	1	335	44	158	18	28.8	1	0	2	1	23	Maine	23025	Somerset County	1
5526439302864568320	44.749549	-69.57836	1	EGAD	1	30	30	11	11	14.4	0	0	0	0	23	Maine	23025	Somerset County	1
5526439337224306688	44.75123275	-69.582307	4	EGAD	4	1289	30	228	16		0	0	1	0	23	Maine	23025	Somerset County	1
5526439990059335680	44.730615	-69.503502	1	EGAD	1	35	35	0	0		0	0	0	0	23	Maine	23025	Somerset County	1
5526441433168347136	44.69040933333333	-69.63227266666667	3	EGAD	3	593	66	118	25	1370.0	0	0	2	0	23	Maine	23011	Kennebec County	2
5526441536247562240	44.678481	-69.639184	1	EGAD	1	31	31	0	0		1	0	1	0	23	Maine	23011	Kennebec County	2
5526444078868201472	44.666043	-69.4535815	4	EGAD	1	176	30	15	13	424.0	0	0	0	0	23	Maine	23011	Kennebec County	2
5526444388105846784	44.643051	-69.464458	1	EGAD	1	297	30	154	21	35.7	0	0	1	0	23	Maine	23011	Kennebec County	1
5526444731703230464	44.603411	-69.495208	1	EGAD	1	30	30	11	11	25.2	0	0	0	0	23	Maine	23011	Kennebec County	1
5526445796855119872	44.610444333333334	-69.58040666666666	3	EGAD	3	93	31	8	6	0.742	0	0	10	0	23	Maine	23011	Kennebec County	1
5526445831214858240	44.60482144444445	-69.58258955555556	9	EGAD	9	726	31	121	15	663.0	0	0	10	0	23	Maine	23011	Kennebec County	1
5526445899934334976	44.5914848	-69.58429620000001	5	EGAD	5	2500	31	394	19	260.0	0	0	24	0	23	Maine	23011	Kennebec County	1
5526445934294073344	44.596443375	-69.584217375	24	EGAD	24	14708	31	2101	20	2950.0	2	0	32	0	23	Maine	23011	Kennebec County	2
5526446003013550080	44.591073	-69.584576	1	EGAD	1	565	31	85	13	100.0	3	0	22	0	23	Maine	23011	Kennebec County	1
5526447858439421952	44.536751	-69.599746	1	EGAD	1	27	27	6	6	9.84	0	0	9	0	23	Maine	23011	Kennebec County	1
5526448236396544000	44.538686	-69.628379	1	EGAD	1	80	40	13	7		8	0	68	2	23	Maine	23011	Kennebec County	1
5526448339475759104	44.544542	-69.629666	1	EGAD	1	110	66	25	18	5.33	21	2	72	0	23	Maine	23011	Kennebec County	1
5526448408195235840	44.56737	-69.615864	1	EGAD	1	297	30	70	9	42.3	3	0	41	0	23	Maine	23011	Kennebec County	1
5526448923591311360	44.582344666666664	-69.61672733333333	3	EGAD	3	725	67	315	35	9190.0	2	0	41	1	23	Maine	23011	Kennebec County	2
5526449129749741568	44.582227	-69.661541	1	EGAD	1	200	40	46	15		0	0	8	0	23	Maine	23011	Kennebec County	2
5526449645145817088	44.526571000000004	-69.65414200000001	2	EGAD	2	347	44	201	21	217.0	1	1	15	0	23	Maine	23011	Kennebec County	1
5526449713865293824	44.53261	-69.661318	1	EGAD	0	0	0	0	0		1	0	39	1	23	Maine	23011	Kennebec County	1
5526449816944508928	44.52542	-69.69305	1	EGAD	1	30	30	3	3	0.291	0	0	7	0	23	Maine	23011	Kennebec County	1
5526450194901630976	44.527759	-69.705293	1	EGAD	1	30	30	3	3	0.367	1	0	7	0	23	Maine	23011	Kennebec County	1
5526450366700322816	44.540031	-69.747284	1	EGAD	1	24	24	7	7	0.728	0	0	12	0	23	Maine	23011	Kennebec County	1
5526450641578229760	44.582297	-69.703308	1	EGAD	1	30	30	11	11	11.4	0	0	1	0	23	Maine	23011	Kennebec County	1
5526450779017183232	44.577477	-69.673767	1	EGAD	1	240	40	48	13		0	0	4	0	23	Maine	23011	Kennebec County	1
5526450847736659968	44.589701	-69.68304	6	EGAD	6	174	31	13	8	4.76	0	0	0	0	23	Maine	23011	Kennebec County	2
5526450882096398336	44.579918000000006	-69.673627	2	EGAD	2	71	67	12	12	0.461	0	0	3	0	23	Maine	23011	Kennebec County	2
5526450950815875072	44.59334916666666	-69.67077083333334	6	EGAD	6	1371	30	225	16	367.0	0	0	2	0	23	Maine	23025	Somerset County	1
5526450985175613440	44.5921165	-69.6906085	2	EGAD	2	62	31	23	12	13.067	0	0	0	0	23	Maine	23025	Somerset County	1
5526451019535351808	44.59005686956522	-69.69263039130435	23	EGAD	23	5448	31	961	20	419.0	0	0	0	0	23	Maine	23011	Kennebec County	2
5526451053895090176	44.591535	-69.69777266666667	3	EGAD	3	837	31	157	17	71.8	0	0	0	0	23	Maine	23011	Kennebec County	2
5526451088254828544	44.59348833333333	-69.69684266666667	3	EGAD	3	93	31	34	13	14.385	0	0	0	0	23	Maine	23025	Somerset County	1
5526451122614566912	44.60820366666667	-69.69029283333333	6	EGAD	6	177	30	42	13	21.9	0	0	0	0	23	Maine	23025	Somerset County	1
5526451156974305280	44.60409964285714	-69.68128914285714	14	EGAD	14	1816	31	261	19	2490.0	0	0	1	0	23	Maine	23025	Somerset County	1
5526451191334043648	44.613376	-69.667904	1	EGAD	1	31	31	6	6	0.52	0	0	1	0	23	Maine	23025	Somerset County	1
5526451225693782016	44.61484961111111	-69.68496116666667	18	EGAD	18	2910	30	562	17	64.0	0	0	0	0	23	Maine	23025	Somerset County	1
5526451260053520384	44.622246764705885	-69.67715017647059	17	EGAD	17	1035	30	174	18	712.0	0	0	1	0	23	Maine	23025	Somerset County	1
5526451294413258752	44.6331525	-69.676304	8	EGAD	8	246	31	30	10	1.976	0	0	2	0	23	Maine	23025	Somerset County	1
5526451328772997120	44.62770861538461	-69.66232607692308	13	EGAD	13	1108	30	226	19	66.0	1	0	1	0	23	Maine	23025	Somerset County	1
5526451363132735488	44.62093494117647	-69.67055664705882	17	EGAD	17	975	36	232	15	45.5	0	0	2	0	23	Maine	23025	Somerset County	1
5526451397492473856	44.618597333333334	-69.65806833333333	3	EGAD	3	88	36	18	10	10.09	0	0	2	0	23	Maine	23025	Somerset County	1
5526451431852212224	44.62801404761905	-69.64848309523809	21	EGAD	21	4437	67	794	35	623.0	0	0	1	0	23	Maine	23025	Somerset County	1
5526451500571688960	44.613562	-69.647055	1	EGAD	1	29	29	15	15	394.36	0	0	1	0	23	Maine	23025	Somerset County	1
5526451534931427328	44.612197	-69.652456	1	EGAD	1	29	29	12	12	13.06	0	0	3	0	23	Maine	23025	Somerset County	1
5526451569291165696	44.61150938095238	-69.6639739047619	21	EGAD	21	9105	38	1712	29	54100.0	1	0	2	0	23	Maine	23025	Somerset County	1
5526451603650904064	44.601198000000004	-69.6678227368421	19	EGAD	19	3239	31	551	21		0	0	3	0	23	Maine	23025	Somerset County	1
5526451638010642432	44.600796	-69.65567025	4	EGAD	4	249	69	88	35	668.23	2	0	1	0	23	Maine	23025	Somerset County	1
5526451672370380800	44.599737727272725	-69.64310854545455	11	EGAD	11	340	31	99	14	27.9	0	0	3	0	23	Maine	23025	Somerset County	1
5526451706730119168	44.6030542	-69.6440404	5	EGAD	5	622	38	140	16	28.0	0	0	3	0	23	Maine	23025	Somerset County	1
5526451741089857536	44.603506333333335	-69.62057595833333	24	EGAD	24	7013	39	1416	25	1920.0	1	0	6	0	23	Maine	23025	Somerset County	1
5526451775449595904	44.596838000000005	-69.627208	2	EGAD	2	119	31	40	13	19.3	0	0	7	0	23	Maine	23025	Somerset County	1
5526451844169072640	44.588093	-69.612616	1	EGAD	1	1298	66	496	41	1340.0	6	0	28	0	23	Maine	23025	Somerset County	1
5526451878528811008	44.596753	-69.604845	1	EGAD	1	60	30	33	17	806.0	0	0	37	0	23	Maine	23011	Kennebec County	2
5526451912888549376	44.6026115	-69.611928	4	EGAD	4	537	38	96	13	39.93	0	0	18	0	23	Maine	23025	Somerset County	1
5526451947248287744	44.60618625	-69.6051045	4	EGAD	4	656	30	114	12	75.5	0	0	8	0	23	Maine	23025	Somerset County	1
5526452015967764480	44.61741066666667	-69.588527	3	EGAD	3	1097	67	170	24	34.2	2	0	9	0	23	Maine	23011	Kennebec County	2
5526452050327502848	44.614365	-69.598016	1	EGAD	1	31	31	7	7	9.648	0	0	11	0	23	Maine	23025	Somerset County	1
5526452084687241216	44.62051927777778	-69.61630327777777	18	EGAD	18	4069	31	874	19	104.0	0	0	2	0	23	Maine	23025	Somerset County	1
5526452119046979584	44.61185119230769	-69.62005923076923	26	EGAD	26	14720	40	3424	30		0	0	1	0	23	Maine	23025	Somerset County	1
5526452153406717952	44.61552525	-69.624415375	8	EGAD	8	10949	49	2945	38	29000.0	0	0	1	0	23	Maine	23025	Somerset County	1
5526452187766456320	44.61893	-69.62449533333334	6	EGAD	6	8498	49	2121	33	36221.3	0	0	0	0	23	Maine	23025	Somerset County	1
5526452222126194688	44.630110800000004	-69.61556253333333	15	EGAD	15	3572	38	626	21	1288.38	0	0	0	0	23	Maine	23025	Somerset County	1
5526452256485933056	44.6369435	-69.6164505	2	EGAD	2	62	31	20	11	5.275	0	0	0	0	23	Maine	23025	Somerset County	1
5526452290845671424	44.63674045454545	-69.60112136363637	11	EGAD+WQP	11	1617	70	270	24	118.0	0	0	9	0	23	Maine	23011	Kennebec County	2
5526452325205409792	44.62716966666667	-69.61406966666668	3	EGAD	3	93	31	10	10	2.2	0	0	3	0	23	Maine	23025	Somerset County	1
5526452359565148160	44.62455609090909	-69.59096718181819	11	EGAD	11	5728	31	1080	20	8600.0	2	0	6	0	23	Maine	23025	Somerset County	1
5526452462644363264	44.631869	-69.595465	1	EGAD	1	30	30	4	4	0.382	1	0	11	0	23	Maine	23011	Kennebec County	2
5526452703162531840	44.6462059090909	-69.607516	11	EGAD	11	340	31	53	13	24.3	0	0	0	0	23	Maine	23011	Kennebec County	2
5526452771882008576	44.655789	-69.620429	1	EGAD	1	2444	41	390	23	170.8	0	0	1	0	23	Maine	23011	Kennebec County	2
5526452806241746944	44.656862	-69.621742	1	EGAD	1	30	30	4	4	0.25	0	0	3	0	23	Maine	23011	Kennebec County	2
5526452874961223680	44.650653039999995	-69.6173332	25	EGAD	25	23249	38	5060	34	19298.0	0	0	0	0	23	Maine	23011	Kennebec County	2
5526452909320962048	44.64121039215686	-69.6240445882353	51	EGAD	51	2724	38	1165	31		0	0	0	0	23	Maine	23025	Somerset County	1
5526452978040438784	44.63312863636364	-69.64445381818182	11	EGAD	11	2692	31	435	19	306.0	0	0	1	0	23	Maine	23025	Somerset County	1
5526453012400177152	44.639769	-69.633883	1	EGAD	1	630	33	85	14	60.1	0	0	1	0	23	Maine	23025	Somerset County	1
5526453046759915520	44.64830325	-69.6539335	4	EGAD	4	124	31	31	12	16.289	0	0	2	0	23	Maine	23025	Somerset County	1
5526453115479392256	44.64129	-69.66509175	8	EGAD	8	296	35	95	15	572.0	1	0	2	0	23	Maine	23025	Somerset County	1
5526453149839130624	44.647792349999996	-69.6634507	20	EGAD	20	1552	33	600	25	13.963	0	0	3	0	23	Maine	23025	Somerset County	1
5526453355997560832	44.658658	-69.674993	1	EGAD	1	29	29	9	9	1.98	0	0	1	0	23	Maine	23025	Somerset County	1
5526453390357299200	44.65836	-69.677954	1	EGAD	1	28	28	0	0		0	0	1	0	23	Maine	23025	Somerset County	1
5526453459076775936	44.67601255555556	-69.68459211111112	9	EGAD	9	265	30	29	11	2.08	0	0	0	0	23	Maine	23025	Somerset County	1
5526453527796252672	44.66476214285715	-69.70969657142857	7	EGAD	7	2826	33	469	19	706.14	0	0	0	0	23	Maine	23025	Somerset County	1
5526453596515729408	44.654302125	-69.70016025	8	EGAD	8	242	31	62	15	108.0	0	0	0	0	23	Maine	23025	Somerset County	1
5526453630875467776	44.659663	-69.70545775	4	EGAD	4	122	31	1	1	0.524	0	0	0	0	23	Maine	23025	Somerset County	1
5526453699594944512	44.649533999999996	-69.69803666666667	3	EGAD	3	1792	31	315	18	451.0	0	0	0	0	23	Maine	23025	Somerset County	1
5526453733954682880	44.647447	-69.69452108333333	12	EGAD	12	5463	31	1006	22	5720.0	0	0	1	0	23	Maine	23025	Somerset County	1
5526453768314421248	44.652162000000004	-69.68972099999999	4	EGAD	4	2077	30	319	16	251.0	0	0	1	0	23	Maine	23025	Somerset County	1
5526453802674159616	44.6495248	-69.67200975	20	EGAD	20	5533	33	936	24	1950.0	1	0	1	0	23	Maine	23025	Somerset County	1
5526453837033897984	44.64143285714285	-69.67896128571428	14	EGAD	14	3827	33	785	20	710.0	0	0	2	0	23	Maine	23025	Somerset County	1
5526453871393636352	44.635028600000005	-69.6828832	15	EGAD	15	3974	31	689	19	475.0	0	0	1	0	23	Maine	23025	Somerset County	1
5526454283710496768	44.631436	-69.732564	1	EGAD	1	297	30	38	11	29.9	0	0	0	0	23	Maine	23025	Somerset County	1
5526455280142909440	44.66852716666667	-69.7145735	6	EGAD	6	751	31	127	15	143.0	0	0	0	0	23	Maine	23025	Somerset County	1
5526457204288258048	44.629658	-69.836407	1	EGAD	1	190	66	37	18	5.29	1	0	1	0	23	Maine	23025	Somerset County	1
5526460227945234432	44.566557	-69.797762	1	EGAD	1	29	29	0	0		0	0	0	0	23	Maine	23011	Kennebec County	1
5526460674621833216	44.611769	-69.781064	1	EGAD	1	188	66	35	17	4.26	0	0	0	0	23	Maine	23025	Somerset County	1
5526461808493199360	44.5662	-69.761666	1	EGAD	1	300	66	67	20	10.6	0	0	1	0	23	Maine	23011	Kennebec County	1
5526461980291891200	44.545318	-69.76099325000001	4	EGAD	4	154	27	60	20	660.36	1	0	1	0	23	Maine	23011	Kennebec County	1
5526462014651629568	44.54925677777778	-69.76139344444444	9	EGAD	9	450	33	172	21	763.68	0	0	2	0	23	Maine	23011	Kennebec County	1
5526462049011367936	44.545076	-69.750996	1	EGAD	1	24	24	12	12	307.88	0	0	3	0	23	Maine	23011	Kennebec County	1
5526462083371106304	44.54507	-69.755431	1	EGAD	1	24	24	10	10	11.856	1	0	1	0	23	Maine	23011	Kennebec County	1
5526462186450321408	44.527537	-69.779649	1	EGAD	1	268	66	55	22	8.57	0	0	4	0	23	Maine	23011	Kennebec County	1
5526462255169798144	44.534507999999995	-69.79209666666667	3	EGAD	3	87	29	0	0		0	0	4	0	23	Maine	23011	Kennebec County	1
5526462323889274880	44.532402	-69.80812	1	EGAD	1	29	29	0	0		0	0	4	0	23	Maine	23011	Kennebec County	1
5526462358249013248	44.533016	-69.792168	1	EGAD	1	29	29	0	0		3	0	1	0	23	Maine	23011	Kennebec County	1
5526464110595670016	44.53914700000001	-69.813557	3	EGAD	3	89	30	9	6	1.2	0	0	0	0	23	Maine	23011	Kennebec County	1
5526464213674885120	44.538614499999994	-69.84222	2	EGAD+WQP	2	65	26	20	8		0	0	0	0	23	Maine	23011	Kennebec County	1
5526469539434332160	44.471879	-69.882187	1	EGAD	1	30	30	5	5	7.91	0	0	0	0	23	Maine	23011	Kennebec County	1
5526469573794070528	44.473357	-69.880775	1	EGAD	1	30	30	0	0		0	0	0	0	23	Maine	23011	Kennebec County	1
5526470089190146048	44.463869	-69.83174	1	EGAD	1	27	27	11	11	7.083	0	0	4	0	23	Maine	23011	Kennebec County	1
5526470123549884416	44.464634000000004	-69.8315705	2	EGAD	2	52	27	23	13		3	0	3	0	23	Maine	23011	Kennebec County	1
5526470913823866880	44.407878	-69.842643	5	EGAD	5	176	36	3	3	3.4	0	0	0	0	23	Maine	23011	Kennebec County	1
5526471016903081984	44.40867866666667	-69.841398	3	EGAD	3	140	35	1	1	3.7	0	0	2	0	23	Maine	23011	Kennebec County	1
5526472391292616704	44.450998	-69.727165	1	EGAD	0	0	0	0	0		1	0	6	0	23	Maine	23011	Kennebec County	1
5526473765682151424	44.512037	-69.760763	1	EGAD	1	80	40	13	7		0	0	1	0	23	Maine	23011	Kennebec County	1
5526473971840581632	44.526464	-69.718835	1	EGAD	1	29	29	9	9	1.92	0	0	4	0	23	Maine	23011	Kennebec County	1
5526474006200320000	44.5247624	-69.7115127	10	EGAD	10	295	30	78	13	8.31	0	0	6	0	23	Maine	23011	Kennebec County	1
5526474040560058368	44.51646016666667	-69.714673	6	EGAD	6	207	30	33	9	5.34	1	0	2	0	23	Maine	23011	Kennebec County	1
5526474349797703680	44.51172566666667	-69.70634633333333	3	EGAD	3	87	30	20	12	12.4	0	0	3	0	23	Maine	23011	Kennebec County	1
5526474384157442048	44.521016	-69.70183200000001	9	EGAD	9	329	31	147	20	26100.0	2	0	2	0	23	Maine	23011	Kennebec County	1
5526474624675610624	44.5010945	-69.67614	4	EGAD+WQP	4	52	26	20	12		0	0	5	0	23	Maine	23011	Kennebec County	1
5526475655467761664	44.468888	-69.647218	1	EGAD	1	35	35	0	0		1	0	3	0	23	Maine	23011	Kennebec County	1
5526475689827500032	44.469817000000006	-69.648493	2	EGAD	2	70	35	0	0		0	0	2	0	23	Maine	23011	Kennebec County	1
5526477029857296384	44.455015333333336	-69.61149366666666	3	EGAD	3	101	21	24	6	6.96	1	0	1	0	23	Maine	23011	Kennebec County	1
5526477064217034752	44.462278749999996	-69.60303625	4	EGAD	4	138	31	48	16	2590.0	0	0	2	0	23	Maine	23011	Kennebec County	1
5526477613972848640	44.416644	-69.619771	1	EGAD	1	36	36	3	3	1.9	0	0	0	0	23	Maine	23011	Kennebec County	1
5526477648332587008	44.413596999999996	-69.6242565	2	EGAD	2	72	36	0	0		0	0	0	0	23	Maine	23011	Kennebec County	1
5526478266807877632	44.43368771428572	-69.70353585714285	7	EGAD	7	206	30	52	11	14.2	0	0	1	0	23	Maine	23011	Kennebec County	1
5526478301167616000	44.434698	-69.6997035	2	EGAD	2	161	58	33	18	4.35	1	0	0	0	23	Maine	23011	Kennebec County	1
5526478335527354368	44.423141	-69.70696075000001	4	EGAD+WQP	4	1224	55	203	27	199.0	0	0	2	0	23	Maine	23011	Kennebec County	1
5526478369887092736	44.427134625	-69.708365	8	EGAD	8	2929	30	481	15	324.0	0	0	2	0	23	Maine	23011	Kennebec County	1
5526478438606569472	44.41970966666667	-69.71108333333333	3	EGAD	3	565	30	97	13	90.2	1	0	2	0	23	Maine	23011	Kennebec County	1
5526478782203953152	44.412222444444446	-69.72797044444445	9	EGAD	9	2809	30	524	21	4010.0	0	0	4	0	23	Maine	23011	Kennebec County	1
5526480294032441344	44.3290135	-69.70441025	4	EGAD	4	267	30	117	15	117.0	0	0	3	1	23	Maine	23011	Kennebec County	1
5526480328392179712	44.32171944444445	-69.70955088888888	9	EGAD	9	455	34	271	26	5100.0	2	1	1	0	23	Maine	23011	Kennebec County	1
5526480706349301760	44.323201	-69.718463	1	EGAD	1	25	25	15	15	116.07	0	0	8	1	23	Maine	23011	Kennebec County	1
5526480809428516864	44.339179200000004	-69.7423072	5	EGAD	5	664	31	383	25	3350.0	0	0	9	0	23	Maine	23011	Kennebec County	1
5526480843788255232	44.339547	-69.743615	1	EGAD	1	59	30	27	14	106.0	0	0	8	1	23	Maine	23011	Kennebec County	1
5526484107963400192	44.313384	-69.812375	1	EGAD	1	3	3	0	0		13	0	42	1	23	Maine	23011	Kennebec County	1
5526487131620376576	44.3003825	-69.777271	2	EGAD	2	478	68	205	28	91.4	12	0	85	1	23	Maine	23011	Kennebec County	1
5526487165980114944	44.3017655	-69.7783545	2	EGAD	2	22	7	6	3		14	0	107	1	23	Maine	23011	Kennebec County	1
5526487200339853312	44.299731	-69.76655	1	EGAD	0	0	0	0	0		15	0	66	1	23	Maine	23011	Kennebec County	1
5526487440858021888	44.269976	-69.7573375	2	EGAD	2	747	30	130	16	114.0	0	0	3	0	23	Maine	23011	Kennebec County	1
5526487887534620672	44.268476	-69.74592266666667	6	EGAD	6	1016	30	298	19	262.0	0	0	0	0	23	Maine	23011	Kennebec County	1
5526487921894359040	44.265534	-69.740645	1	EGAD	1	48	31	0	0		0	0	0	0	23	Maine	23011	Kennebec County	1
5526487956254097408	44.265019	-69.741642	1	EGAD	1	29	29	0	0		0	0	1	0	23	Maine	23011	Kennebec County	1
5526488024973574144	44.25892	-69.760753	1	EGAD	1	29	29	0	0		0	0	9	0	23	Maine	23011	Kennebec County	1
5526488059333312512	44.2648956	-69.754132	5	EGAD	5	840	30	224	16	166.0	0	0	3	0	23	Maine	23011	Kennebec County	1
5526488093693050880	44.268156	-69.75694	1	EGAD	1	30	30	11	11	9.88	0	0	15	0	23	Maine	23011	Kennebec County	1
5526488540369649664	44.230191	-69.76917	1	EGAD	1	264	40	45	8		33	0	26	1	23	Maine	23011	Kennebec County	1
5526488609089126400	44.219902	-69.770967	1	EGAD	0	0	0	0	0		3	0	46	1	23	Maine	23011	Kennebec County	1
5526489090125463552	44.227564	-69.82151	1	EGAD	1	28	28	13	13	24.536	0	0	2	0	23	Maine	23011	Kennebec County	1
5526489674241015808	44.195247	-69.861848	1	EGAD	1	29	29	8	8	1.21	0	0	3	0	23	Maine	23011	Kennebec County	1
5526489708600754176	44.2057715	-69.8535175	2	EGAD	2	60	30	12	11	4.36	1	0	2	0	23	Maine	23011	Kennebec County	1
5526489742960492544	44.20547	-69.857402	1	EGAD	1	29	29	7	7	3.42	1	0	1	0	23	Maine	23011	Kennebec County	1
5526489846039707648	44.197509714285715	-69.86377371428571	7	EGAD	7	207	30	41	12	10.9	0	0	2	0	23	Maine	23011	Kennebec County	1
5526490739392905216	44.148357	-69.82848	1	EGAD	1	30	30	9	9	2.66	0	0	0	0	23	Maine	23023	Sagadahoc County	1
5526490876831858688	44.167196000000004	-69.8520235	2	EGAD	2	60	30	19	11	3.32	0	0	6	0	23	Maine	23011	Kennebec County	2
5526490945551335424	44.151191999999995	-69.843562	2	EGAD	2	60	30	0	0		0	0	0	0	23	Maine	23023	Sagadahoc County	1
5526490979911073792	44.1482554	-69.846784	5	EGAD	5	147	30	19	11	8.06	0	0	0	0	23	Maine	23023	Sagadahoc County	1
5526492663538253824	44.159659	-69.864159	1	EGAD	0	0	0	0	0		0	0	1	0	23	Maine	23011	Kennebec County	2
5526497748779532288	44.260541	-69.987594	1	EGAD	1	190	66	45	19	3.54	0	0	0	0	23	Maine	23011	Kennebec County	1
5526497954937962496	44.27264233333333	-70.02285445833333	24	EGAD	24	924	25	269	23	820.0	1	1	4	0	23	Maine	23011	Kennebec County	1
5526497989297700864	44.27583956521739	-70.02795260869566	23	EGAD	23	982	32	341	25	544.0	0	0	2	1	23	Maine	23011	Kennebec County	1
5526498607772991488	44.23363975	-70.082381	4	EGAD	4	363	41	89	17		2	0	5	0	23	Maine	23001	Androscoggin County	2
5526498710852206592	44.231713	-70.08271500000001	4	EGAD	4	378	39	38	10		1	0	8	1	23	Maine	23001	Androscoggin County	2
5526500841155985408	44.155699	-70.102539	1	EGAD	1	110	66	20	15	2.41	0	0	0	0	23	Maine	23001	Androscoggin County	1
5526506441793339392	44.320912	-70.077276	1	EGAD	1	188	65	36	11		0	0	0	0	23	Maine	23011	Kennebec County	1
5526507644384182272	44.331096	-70.036325	1	EGAD	1	29	29	12	12	20.3	1	0	0	0	23	Maine	23011	Kennebec County	1
5526507678743920640	44.326894	-70.035286	1	EGAD	1	29	29	9	9	3.16	0	0	1	0	23	Maine	23011	Kennebec County	1
5526508331578949632	44.284553	-70.025506	1	EGAD	1	57	36	21	12	59.05	0	0	2	1	23	Maine	23011	Kennebec County	1
5526508846975025152	44.27674975	-69.98663537499999	8	EGAD	8	77	9	41	7	215.9	2	0	6	0	23	Maine	23011	Kennebec County	1
5526511355235926016	44.355021	-69.89015366666666	3	EGAD	3	108	36	7	4	9.9	0	0	0	0	23	Maine	23011	Kennebec County	1
5526511870632001536	44.3910235	-69.880176	2	EGAD	2	72	36	0	0		0	0	0	0	23	Maine	23011	Kennebec County	1
5526514585051332608	44.407277	-70.03941	1	EGAD	1	21	21	4	4	2.06	1	0	1	0	23	Maine	23011	Kennebec County	1
5526515066087669760	44.40628	-70.0834495	2	EGAD	2	149	30	27	12	29.8	0	0	0	0	23	Maine	23011	Kennebec County	1
5526515753282437120	44.431397	-70.160561	1	EGAD	1	36	36	4	4	11.0	1	0	0	0	23	Maine	23001	Androscoggin County	1
5526516852794064896	44.4028325	-70.0877685	2	EGAD	2	119	30	35	13	39.6	0	0	0	0	23	Maine	23011	Kennebec County	1
5526516887153803264	44.4009066	-70.08594000000001	5	EGAD	5	239	30	49	12	20.9	0	0	0	0	23	Maine	23011	Kennebec County	1
5526517127671971840	44.354021	-70.116667	1	EGAD	1	29	29	3	3	1.35	0	0	0	0	23	Maine	23001	Androscoggin County	2
5526517162031710208	44.357509400000005	-70.1262388	5	EGAD	5	336	31	122	15	405.0	0	0	0	0	23	Maine	23001	Androscoggin County	2
5526517230751186944	44.370856333333336	-70.135599	3	EGAD	3	90	31	15	9	2.5	0	0	0	0	23	Maine	23001	Androscoggin County	2
5526517265110925312	44.369456	-70.14014180000001	5	EGAD	5	46	30	18	7	1.69	0	0	1	0	23	Maine	23001	Androscoggin County	1
5526517333830402048	44.36404325	-70.13892475	4	EGAD	4	600	31	167	21	269.0	0	0	0	0	23	Maine	23001	Androscoggin County	1
5526517368190140416	44.355146999999995	-70.14187766666667	3	EGAD	3	89	30	18	9	1.45	0	0	0	0	23	Maine	23001	Androscoggin County	1
5526517574348570624	44.353236	-70.11814	1	EGAD	1	300	31	73	15	382.0	0	0	0	0	23	Maine	23001	Androscoggin County	2
5526524033979383808	44.44737	-70.309997	1	EGAD	1	295	30	155	19	21.1	1	0	5	0	23	Maine	23017	Oxford County	1
5526524858613104640	44.435386	-70.352182	1	EGAD	1	30	30	0	0		0	0	0	0	23	Maine	23017	Oxford County	1
5526526336081854464	44.480366333333336	-70.38887816666666	6	EGAD	6	179	31	36	13	94.0	0	0	1	0	23	Maine	23017	Oxford County	1
5526538877386358784	44.245497666666665	-70.521417	3	EGAD	3	92	31	35	12	37.42	0	0	6	0	23	Maine	23017	Oxford County	1
5526539186624004096	44.222807	-70.509356	1	EGAD	1	79	40	10	5		22	1	61	1	23	Maine	23017	Oxford County	1
5526541832323858432	44.195292	-70.380703	1	EGAD	1	28	28	1	1	2.18	0	0	1	0	23	Maine	23017	Oxford County	1
5526541866683596800	44.202227	-70.380021	1	EGAD	1	29	29	1	1	2.52	0	0	0	0	23	Maine	23017	Oxford County	1
5526542175921242112	44.21357700000001	-70.32610083333334	6	EGAD	6	177	30	42	14	15.5	0	0	1	0	23	Maine	23001	Androscoggin County	2
5526547432961212416	44.262069	-70.188641	1	EGAD	0	0	0	0	0		0	0	1	0	23	Maine	23001	Androscoggin County	1
5526547501680689152	44.270921	-70.218146	1	EGAD	1	42	21	0	0		3	0	3	0	23	Maine	23001	Androscoggin County	1
5526547639119642624	44.252859	-70.23477000000001	3	EGAD	3	89	30	11	7	2.47	0	0	0	0	23	Maine	23001	Androscoggin County	1
5526547673479380992	44.24854833333333	-70.237229	3	EGAD	3	90	30	28	17	12.4	0	0	1	0	23	Maine	23001	Androscoggin County	1
5526548120155979776	44.218132000000004	-70.2331092	5	EGAD	5	150	30	37	12	15.4	0	0	2	0	23	Maine	23001	Androscoggin County	1
5526548154515718144	44.216383	-70.243494	1	EGAD	1	30	30	7	7	5.61	0	0	2	0	23	Maine	23001	Androscoggin County	1
5526548257594933248	44.222089000000004	-70.24598366666667	3	EGAD	3	120	30	24	12	52.1	0	0	3	0	23	Maine	23001	Androscoggin County	1
5526548291954671616	44.2314585	-70.24880350000001	2	EGAD	2	58	29	1	1	0.409	0	0	2	0	23	Maine	23001	Androscoggin County	1
5526548360674148352	44.236342	-70.22598550000001	2	EGAD	2	59	30	16	12	15.0	0	0	0	0	23	Maine	23001	Androscoggin County	1
5526548395033886720	44.23673233333333	-70.24147033333334	3	EGAD	3	87	29	0	0		0	0	2	0	23	Maine	23001	Androscoggin County	1
5526549254027345920	44.191930400000004	-70.3117476	5	EGAD	5	178	30	49	13	16.0	0	0	0	0	23	Maine	23001	Androscoggin County	1
5526549425826037760	44.191511000000006	-70.302637	2	EGAD	2	60	30	12	8	0.872	0	0	0	0	23	Maine	23001	Androscoggin County	1
5526549528905252864	44.174309	-70.287506	1	EGAD	1	29	29	0	0		0	0	1	0	23	Maine	23001	Androscoggin County	1
5526550834575310848	44.17189625	-70.34802825	8	EGAD	8	240	30	8	8	1.52	0	0	1	0	23	Maine	23001	Androscoggin County	1
5526552758720659456	44.076695	-70.310529	1	EGAD	1	30	30	8	8	3.26	0	0	2	0	23	Maine	23001	Androscoggin County	1
5526554167469932544	44.088385875	-70.375944625	8	EGAD	8	236	30	25	12	15.3	0	0	1	0	23	Maine	23001	Androscoggin County	1
5526554442347839488	44.1119135	-70.384039	2	EGAD	2	359	45	154	17	16.5	7	1	6	0	23	Maine	23001	Androscoggin County	1
5526556710090571776	44.132943	-70.460211	1	EGAD	1	338	44	142	16	47.4	1	0	3	0	23	Maine	23017	Oxford County	1
5526558668595658752	44.1671968	-70.45240220000001	5	EGAD	5	150	30	16	9	8.28	0	0	0	0	23	Maine	23017	Oxford County	1
5526559596308594688	44.134623	-70.486088	1	EGAD	1	17	17	0	0		0	0	10	2	23	Maine	23017	Oxford County	1
5526560764539699200	44.194131	-70.523114	1	WQP	0	0	0	0	0		5	0	9	0	23	Maine	23017	Oxford County	1
5526560798899437568	44.20397666666667	-70.518687	3	EGAD	3	81	27	24	15	70.963	1	0	22	0	23	Maine	23017	Oxford County	1
5526560901978652672	44.205925	-70.517423	1	EGAD	1	29	29	0	0		0	0	39	1	23	Maine	23017	Oxford County	1
5526560936338391040	44.209923	-70.5194985	2	EGAD	2	581	44	256	20	42.3	14	0	58	2	23	Maine	23017	Oxford County	1
5526560970698129408	44.203395666666665	-70.523122	3	EGAD	2	53	27	24	15	11.671	2	0	53	1	23	Maine	23017	Oxford County	1
5526561520453943296	44.215172	-70.579463	1	EGAD	0	0	0	0	0		0	0	2	0	23	Maine	23017	Oxford County	1
5526563685117460480	44.1482234	-70.6367116	5	EGAD	5	711	30	214	17	148.0	2	0	0	0	23	Maine	23005	Cumberland County	1
5526563753836937216	44.154421	-70.6131445	4	EGAD	4	120	30	6	6	5.92	0	0	2	0	23	Maine	23005	Cumberland County	2
5526563788196675584	44.152191	-70.637224	1	EGAD	1	29	29	5	5	4.283	0	0	2	0	23	Maine	23005	Cumberland County	1
5526568392401616896	44.00124666666667	-70.58597733333333	3	EGAD	3	119	30	17	8	1.671	0	0	0	0	23	Maine	23005	Cumberland County	1
5526568461121093632	44.01355	-70.596708	1	EGAD	1	30	30	8	8	3.2	0	0	0	0	23	Maine	23005	Cumberland County	1
5526568495480832000	44.01930625	-70.60127175	4	EGAD	4	148	30	29	10	4.88	0	0	0	0	23	Maine	23005	Cumberland County	1
5526568667279523840	44.0216355	-70.6017595	2	EGAD	2	88	30	5	5	3.58	0	0	0	0	23	Maine	23005	Cumberland County	2
5526572653009174528	44.010482499999995	-70.749844	2	EGAD	2	60	30	12	9	2.54	0	0	0	0	23	Maine	23005	Cumberland County	1
5526572687368912896	44.0115175	-70.753276	2	EGAD	2	88	30	23	10	13.6	0	0	0	0	23	Maine	23005	Cumberland County	2
5526573065326034944	44.0087748	-70.753164	5	EGAD	5	145	30	9	6	1.83	0	0	0	0	23	Maine	23005	Cumberland County	2
5526573099685773312	44.008433	-70.751588	1	EGAD	1	29	29	0	0		0	0	0	0	23	Maine	23005	Cumberland County	2
5526578872121819136	44.005451750000006	-70.53010975	4	EGAD	4	119	30	32	11	72.9	1	0	1	0	23	Maine	23005	Cumberland County	1
5526578975201034240	44.008776	-70.529538	1	EGAD	1	30	30	7	7	13.7	1	0	1	0	23	Maine	23005	Cumberland County	1
5526583373247545344	43.93798133333333	-70.44294033333334	3	EGAD	3	90	30	21	12	12.8	0	0	1	0	23	Maine	23005	Cumberland County	1
5526583407607283712	43.9421538	-70.451707	5	EGAD	5	269	30	32	10	24.7	0	0	1	0	23	Maine	23005	Cumberland County	1
5526584129161789440	43.94655	-70.457418	1	EGAD	1	30	30	0	0		0	0	2	0	23	Maine	23005	Cumberland County	1
5526584885076033536	43.932375	-70.454845	1	EGAD	1	30	30	5	5	10.8	0	0	1	0	23	Maine	23005	Cumberland County	1
5526584919435771904	43.93626033333334	-70.44506066666666	3	EGAD	3	180	30	47	13	20.2	1	0	0	0	23	Maine	23005	Cumberland County	1
5526585056874725376	43.930856	-70.422021	1	EGAD	1	29	29	0	0		0	0	0	0	23	Maine	23005	Cumberland County	1
5526586396904521728	43.923336	-70.345103	1	EGAD	0	0	0	0	0		1	0	4	0	23	Maine	23005	Cumberland County	1
5526586877940858880	43.918076	-70.316604	1	EGAD	1	107	65	33	23	12.5	1	0	4	0	23	Maine	23005	Cumberland County	1
5526587324617457664	43.887124	-70.350897	1	EGAD	1	29	29	1	1	0.747	0	0	12	1	23	Maine	23005	Cumberland County	1
5526587358977196032	43.8980435	-70.3470835	2	EGAD	2	52	26	26	14	531.59	3	0	14	1	23	Maine	23005	Cumberland County	1
5526587427696672768	43.884346	-70.348365	1	EGAD	1	28	28	3	3	0.654	3	0	32	1	23	Maine	23005	Cumberland County	1
5526587599495364608	43.8981455	-70.320966	2	EGAD	2	59	30	7	5	0.944	0	0	12	1	23	Maine	23005	Cumberland County	1
5526587668214841344	43.908555	-70.29306	1	EGAD	1	30	30	5	5	1.961	0	0	1	0	23	Maine	23005	Cumberland County	1
5526588424129085440	43.89645	-70.255624	2	EGAD	2	59	30	3	3	0.238	0	0	8	0	23	Maine	23005	Cumberland County	1
5526588458488823808	43.8890435	-70.256704375	8	EGAD	8	262	30	19	11	7.78	0	0	4	0	23	Maine	23005	Cumberland County	1
5526588527208300544	43.89789199999999	-70.26037733333332	3	EGAD	3	88	30	5	5	1.123	2	0	6	0	23	Maine	23005	Cumberland County	1
5526588595927777280	43.916410000000006	-70.25287100000001	3	EGAD	3	89	30	16	10	2.74	0	0	6	0	23	Maine	23005	Cumberland County	1
5526589317482283008	43.9108325	-70.28422	2	EGAD	2	59	30	5	5	0.559	0	0	1	0	23	Maine	23005	Cumberland County	1
5526590142116003840	43.94633057142857	-70.25723857142857	7	EGAD	7	203	30	26	10	16.1	0	0	0	0	23	Maine	23005	Cumberland County	1
5526590829310771200	43.978369	-70.1887965	4	EGAD	4	117	30	8	7	2.27	0	0	0	0	23	Maine	23001	Androscoggin County	1
5526590863670509568	43.970975333333335	-70.19533566666667	6	EGAD	6	180	30	18	6	8.56	0	0	0	0	23	Maine	23001	Androscoggin County	1
5526590898030247936	43.973104000000006	-70.18841	2	EGAD	2	59	30	0	0		0	0	0	0	23	Maine	23001	Androscoggin County	1
5526591001109463040	43.97756014285714	-70.18175657142856	7	EGAD	7	208	30	14	6	3.09	0	0	0	0	23	Maine	23001	Androscoggin County	1
5526592031901614080	44.020648666666666	-70.28273533333333	3	EGAD	3	85	29	0	0		0	0	12	0	23	Maine	23001	Androscoggin County	2
5526594608881991680	44.0292754	-70.280496	5	EGAD	5	150	30	20	9	80.3	2	0	18	1	23	Maine	23001	Androscoggin County	1
5526594677601468416	44.0324322	-70.25866	5	EGAD	5	150	25	9	6	0.607	4	1	10	1	23	Maine	23001	Androscoggin County	1
5526595089918328832	44.0438425	-70.2654445	2	EGAD	2	51	27	23	16	5.7	3	1	12	1	23	Maine	23001	Androscoggin County	1
5526595502235189248	44.074722	-70.206765	1	EGAD	1	339	44	147	18	39.6	7	1	87	3	23	Maine	23001	Androscoggin County	1
5526595570954665984	44.079219	-70.2345	1	EGAD	1	78	39	16	8		19	0	145	3	23	Maine	23001	Androscoggin County	1
5526596051991003136	44.0712865	-70.30359	2	EGAD	2	60	30	10	7	1.63	0	0	2	0	23	Maine	23001	Androscoggin County	1
5526596086350741504	44.076392	-70.308101	1	EGAD	1	30	30	9	9	2.51	2	0	2	1	23	Maine	23001	Androscoggin County	1
5526596601746817024	44.123895	-70.226888	1	EGAD	1	3	3	0	0		24	0	43	0	23	Maine	23001	Androscoggin County	1
5526596636106555392	44.1245825	-70.2365825	2	EGAD	2	60	30	22	11	87.0	9	0	39	0	23	Maine	23001	Androscoggin County	1
5526596910984462336	44.144799	-70.253311	1	EGAD	1	160	40	24	6		0	0	0	0	23	Maine	23001	Androscoggin County	1
5526597117142892544	44.159414	-70.207491	1	EGAD	1	66	33	17	9		0	0	5	0	23	Maine	23001	Androscoggin County	1
5526597254581846016	44.144247	-70.229307	1	EGAD	0	0	0	0	0		6	0	14	0	23	Maine	23001	Androscoggin County	1
5526597288941584384	44.13267	-70.238879	1	EGAD	1	29	29	0	0		3	0	45	0	23	Maine	23001	Androscoggin County	1
5526597529459752960	44.1529608	-70.1921768	5	EGAD	5	149	30	38	11	7.34	0	0	4	0	23	Maine	23001	Androscoggin County	1
5526598251014258688	44.097779	-70.23262	1	EGAD	1	28	7	0	0		22	0	244	3	23	Maine	23001	Androscoggin County	1
5526598491532427264	44.098129	-70.181853	1	EGAD	0	0	0	0	0		0	0	44	2	23	Maine	23001	Androscoggin County	1
5526599556684316672	44.110267	-70.10722	1	EGAD	1	340	44	140	18	35.9	5	1	8	0	23	Maine	23001	Androscoggin County	1
5526601171592019968	44.06404283333333	-70.14197633333333	6	EGAD	6	140	20	18	7	12.5	2	0	11	0	23	Maine	23001	Androscoggin County	1
5526601583908880384	44.0492538	-70.199371	10	EGAD	10	326	30	78	13	14.4	0	0	6	1	23	Maine	23001	Androscoggin County	1
5526601618268618752	44.04720311111111	-70.184004	9	EGAD	9	779	33	366	19	11204.5	1	1	5	0	23	Maine	23001	Androscoggin County	1
5526601721347833856	44.04477	-70.179821	1	EGAD	1	25	25	16	16	182.45	0	0	3	1	23	Maine	23001	Androscoggin County	1
5526601790067310592	44.032403	-70.185417	1	EGAD	1	29	29	11	11	5.45	0	0	0	0	23	Maine	23001	Androscoggin County	1
5526601824427048960	44.027770000000004	-70.19744850000001	2	EGAD	2	58	29	1	1	3.58	0	0	0	0	23	Maine	23001	Androscoggin County	1
5526601858786787328	44.039284	-70.191194	2	EGAD	2	272	37	104	21	2.777	0	0	1	1	23	Maine	23001	Androscoggin County	1
5526601893146525696	44.040035851851854	-70.20154092592593	27	EGAD	27	1213	36	656	22	9180.0	0	0	1	1	23	Maine	23001	Androscoggin County	1
5526601927506264064	44.038405	-70.21668	1	EGAD	1	30	30	7	7	2.03	0	0	0	0	23	Maine	23001	Androscoggin County	1
5526601961866002432	44.030689	-70.223721	1	EGAD	1	29	29	0	0		0	0	0	0	23	Maine	23001	Androscoggin County	1
5526602064945217536	44.0282905	-70.2221115	2	EGAD	2	60	30	11	7	5.57	0	0	0	0	23	Maine	23001	Androscoggin County	1
5526602408542601216	44.0217135	-70.18055749999999	2	EGAD	2	88	30	13	10	11.5	0	0	0	0	23	Maine	23001	Androscoggin County	1
5526603095737368576	44.010396	-70.110074	2	EGAD	2	59	30	4	4	1.01	0	0	5	0	23	Maine	23001	Androscoggin County	1
5526603130097106944	44.010197	-70.106886	1	EGAD	1	30	30	4	4	0.959	0	0	7	0	23	Maine	23001	Androscoggin County	1
5526603233176322048	44.012191	-70.086035	1	EGAD	0	0	0	0	0		2	0	8	0	23	Maine	23001	Androscoggin County	1
5526603267536060416	44.0030945	-70.09861	2	EGAD+WQP	2	26	26	10	10		0	0	9	0	23	Maine	23001	Androscoggin County	1
5526603301895798784	44.00420366666666	-70.10655066666666	3	EGAD	3	89	30	11	7	14.3	0	0	2	0	23	Maine	23001	Androscoggin County	1
5526603611133444096	43.99203	-70.04781142857142	7	EGAD	7	530	69	176	24	38.9	3	0	17	1	23	Maine	23001	Androscoggin County	2
5526603714212659200	44.003487	-70.03653600000001	2	EGAD	2	59	30	13	13	20.4	0	0	18	1	23	Maine	23001	Androscoggin County	2
5526604023450304512	44.035054	-70.045142	1	EGAD	1	30	30	5	5	0.618	0	0	0	0	23	Maine	23001	Androscoggin County	1
5526604057810042880	44.02394966666666	-70.05405999999999	3	EGAD	3	89	30	16	11	5.43	0	0	1	0	23	Maine	23001	Androscoggin County	1
5526604401407426560	44.04008725	-70.040325	4	EGAD	4	120	30	9	9	7.15	0	0	0	0	23	Maine	23001	Androscoggin County	1
5526604848084025344	44.036786500000005	-70.106626	2	EGAD	2	12	6	10	5		2	1	10	1	23	Maine	23001	Androscoggin County	1
5526604882443763712	44.0376055	-70.107091	2	EGAD	2	12	6	0	0		0	0	8	2	23	Maine	23001	Androscoggin County	1
5526608730734460928	44.08512733333333	-69.87018633333334	3	EGAD	3	90	30	22	10	1.73	0	0	0	0	23	Maine	23023	Sagadahoc County	1
5526608765094199296	44.073024000000004	-69.87828166666667	3	EGAD	3	89	30	12	7	0.813	0	0	0	0	23	Maine	23023	Sagadahoc County	1
5526608799453937664	44.07838999999999	-69.884055	3	EGAD	3	87	29	7	3	1.12	0	0	0	0	23	Maine	23023	Sagadahoc County	1
5526608833813676032	44.071427	-69.886271	1	EGAD	1	4	4	3	3		0	0	0	0	23	Maine	23023	Sagadahoc County	1
5526608868173414400	44.067702	-69.874567	1	EGAD	1	30	30	4	4	0.945	0	0	1	0	23	Maine	23023	Sagadahoc County	1
5526610036404518912	44.025468599999996	-69.9714512	5	EGAD	5	239	30	46	12	24.9	0	0	2	0	23	Maine	23023	Sagadahoc County	1
5526610483081117696	44.017405999999994	-69.9696055	2	EGAD	2	59	30	11	11	26.4	0	0	1	0	23	Maine	23023	Sagadahoc County	1
5526611513873268736	43.974518	-69.955206	1	EGAD	1	120	30	24	12	21.9	0	0	0	0	23	Maine	23023	Sagadahoc County	1
5526611548233007104	43.97598133333333	-69.95849733333334	3	EGAD	3	89	30	15	10	4.1	0	0	0	0	23	Maine	23023	Sagadahoc County	1
5526612372866727936	43.903729	-69.999805	2	EGAD	2	35	28	1	1	4.99	0	0	17	0	23	Maine	23005	Cumberland County	1
5526613712896524288	43.968546	-70.032056	1	EGAD	1	339	44	173	23	396.0	0	0	7	1	23	Maine	23001	Androscoggin County	3
5526615362163965952	43.926818	-70.16318	1	EGAD	1	19	19	0	0		0	0	0	0	23	Maine	23001	Androscoggin County	2
5526616118078210048	43.898952	-70.123824	1	EGAD	1	29	29	0	0		0	0	1	0	23	Maine	23005	Cumberland County	1
5526617320669052928	43.895084	-70.213105	1	EGAD	1	60	30	11	7	1.812	0	0	1	0	23	Maine	23005	Cumberland County	1
5526618042223558656	43.8723985	-70.12967499999999	2	EGAD	2	54	27	23	16	95.705	0	0	3	0	23	Maine	23005	Cumberland County	1
5526618076583297024	43.8640485	-70.134169	2	EGAD	2	54	27	29	16	279.0	1	0	2	0	23	Maine	23005	Cumberland County	1
5526620309966290944	43.83249633333333	-70.064654	3	EGAD	3	73	32	33	16	0.824	0	0	0	0	23	Maine	23005	Cumberland County	1
5526620413045506048	43.831679	-70.059051	1	EGAD	1	24	24	13	13		0	0	0	0	23	Maine	23005	Cumberland County	1
5526620928441581568	43.83219	-70.0830175	2	EGAD	2	74	32	28	14	33.3	0	0	2	0	23	Maine	23005	Cumberland County	1
5526620962801319936	43.829567	-70.096756	1	EGAD	1	340	44	137	16	33.4	0	0	4	1	23	Maine	23005	Cumberland County	1
5526620997161058304	43.832362	-70.101831	1	EGAD	1	8	4	7	4		1	1	10	0	23	Maine	23005	Cumberland County	1
5526621340758441984	43.817387499999995	-70.16206075	4	EGAD	4	119	30	38	13	170.0	1	0	16	1	23	Maine	23005	Cumberland County	1
5526621821794779136	43.790827	-70.165644	3	EGAD	3	353	44	149	16	36.1	2	1	4	0	23	Maine	23005	Cumberland County	1
5526623161824575488	43.732492666666666	-70.12450466666667	3	EGAD	3	90	30	4	4	53.14	1	0	1	0	23	Maine	23005	Cumberland County	1
5526623196184313856	43.728936	-70.127815	1	EGAD	1	54	27	18	9	49.14	0	0	2	0	23	Maine	23005	Cumberland County	1
5526625463927046144	43.738285	-70.245059	4	EGAD	4	120	30	36	15	119.0	1	0	9	1	23	Maine	23005	Cumberland County	1
5526625567006261248	43.715873	-70.2409735	2	EGAD	2	356	44	155	16	45.9	0	0	26	1	23	Maine	23005	Cumberland County	1
5526626838316580864	43.787502	-70.2493925	2	EGAD	2	58	29	30	15	842.0	1	0	7	0	23	Maine	23005	Cumberland County	1
5526627010115272704	43.79193585714285	-70.29291028571429	7	EGAD	7	30	6	17	4	821.3	0	0	0	0	23	Maine	23005	Cumberland County	1
5526627388072394752	43.81415	-70.22824499999999	2	EGAD	2	60	30	14	10	4.01	1	0	6	1	23	Maine	23005	Cumberland County	1
5526627422432133120	43.80997933333333	-70.23090166666667	9	EGAD	9	266	30	59	12	10.7	2	0	6	0	23	Maine	23005	Cumberland County	1
5526628075267162112	43.80776314285714	-70.22417442857143	7	EGAD	7	300	31	86	13	27.221	3	0	4	0	23	Maine	23005	Cumberland County	1
5526628968620359680	43.836039	-70.240428	1	WQP	0	0	0	0	0		0	0	0	0	23	Maine	23005	Cumberland County	1
5526631408161783808	43.872132	-70.342388	1	EGAD	1	30	30	11	11	6.97	3	0	19	0	23	Maine	23005	Cumberland County	1
5526631442521522176	43.876699	-70.351754	1	EGAD	1	30	30	11	11	12.6	1	0	21	0	23	Maine	23005	Cumberland County	1
5526631545600737280	43.87122366666667	-70.35435066666666	3	EGAD	3	90	30	29	13	6.72	0	0	4	0	23	Maine	23005	Cumberland County	1
5526635015934312448	43.775147	-70.499297	1	EGAD	1	28	7	0	0		1	0	3	1	23	Maine	23005	Cumberland County	1
5526635462610911232	43.786562	-70.454693	1	EGAD	1	176	66	41	19	3.41	0	0	2	0	23	Maine	23005	Cumberland County	1
5526635634409603072	43.77602425	-70.41510725	4	EGAD	4	120	30	30	10	9.44	2	0	6	0	23	Maine	23005	Cumberland County	1
5526636355964108800	43.774931	-70.414231	1	EGAD	1	30	30	7	7	6.51	0	0	8	0	23	Maine	23005	Cumberland County	1
5526639723218468864	43.724698000000004	-70.447771	2	EGAD	2	121	31	1	1	2.49	2	0	8	0	23	Maine	23005	Cumberland County	1
5526640376053497856	43.72664555555556	-70.45217266666667	18	EGAD	18	1364	31	410	24		0	0	4	0	23	Maine	23005	Cumberland County	1
5526640410413236224	43.71673575	-70.4622475	4	EGAD	4	180	31	30	12	25.1	1	0	4	0	23	Maine	23005	Cumberland County	1
5526641131967741952	43.729697	-70.542218	1	EGAD	1	84	29	3	2	20.5	6	0	5	0	23	Maine	23005	Cumberland County	1
5526641956601462784	43.69501054545455	-70.50413918181818	11	EGAD	11	330	30	98	11	6.87	0	0	5	0	23	Maine	23005	Cumberland County	1
5526642231479369728	43.7122792	-70.4651374	5	EGAD	5	146	30	21	11	5.69	0	0	3	0	23	Maine	23005	Cumberland County	1
5526642334558584832	43.6954266923077	-70.48722823076923	13	EGAD	13	412	30	69	12	17.5	1	0	1	0	23	Maine	23005	Cumberland County	1
5526642643796230144	43.6575372	-70.5243022	5	EGAD	2	48	24	0	0		0	0	3	0	23	Maine	23031	York County	1
5526642712515706880	43.6617240909091	-70.52870518181818	11	EGAD	11	325	30	69	12	29.4	0	0	1	0	23	Maine	23031	York County	1
5526642746875445248	43.65781484615385	-70.52943838461539	13	EGAD	7	199	30	28	8	19.3	1	0	2	0	23	Maine	23031	York County	1
5526642781235183616	43.660504	-70.537121	1	EGAD	1	30	30	7	7	9.54	0	0	3	0	23	Maine	23031	York County	1
5526643296631259136	43.678772	-70.589785	1	EGAD	1	30	30	5	5	3.29	3	0	5	0	23	Maine	23031	York County	1
5526644189984456704	43.63467775	-70.56580975	4	EGAD	4	93	25	49	20	2.54	0	0	0	0	23	Maine	23031	York County	1
5526644258703933440	43.65236328571429	-70.54748185714286	7	EGAD	7	205	30	24	10	10.3	0	0	3	0	23	Maine	23031	York County	1
5526644293063671808	43.64802533333333	-70.539566	3	EGAD	3	165	36	60	12	620.0	1	0	2	0	23	Maine	23031	York County	1
5526644396142886912	43.64230800000001	-70.528338	3	EGAD	3	89	30	22	12	23.2	1	0	2	0	23	Maine	23031	York County	1
5526644739740270592	43.6106445	-70.504977	2	EGAD	2	59	30	18	12	54.9	0	0	4	0	23	Maine	23031	York County	1
5526645804892160000	43.64630733333333	-70.43433399999999	3	EGAD	3	90	30	25	13	5.08	0	0	4	0	23	Maine	23005	Cumberland County	1
5526646148489543680	43.643755727272726	-70.40879072727273	11	EGAD	11	309	28	95	13	165.19	2	0	5	0	23	Maine	23005	Cumberland County	1
5526648897268613120	43.6488005	-70.383778	4	EGAD	4	120	31	31	18	296.163	0	0	16	0	23	Maine	23005	Cumberland County	1
5526648931628351488	43.64515588888889	-70.37838044444445	9	EGAD	9	723	31	261	21	2340.0	5	0	44	4	23	Maine	23005	Cumberland County	1
5526648965988089856	43.651789	-70.37807	1	EGAD	1	31	31	14	14	277.63	0	0	68	7	23	Maine	23005	Cumberland County	1
5526649240865996800	43.666198	-70.336994	1	EGAD	1	30	30	14	14	31.4	0	0	57	1	23	Maine	23005	Cumberland County	1
5526649412664688640	43.688245	-70.338908	1	EGAD	1	297	30	137	17	330.0	25	1	86	3	23	Maine	23005	Cumberland County	1
5526649447024427008	43.6905515	-70.3450985	2	EGAD	2	353	44	161	20	103.0	3	0	92	4	23	Maine	23005	Cumberland County	1
5526650031139979264	43.704133	-70.323954	1	EGAD	1	177	66	48	22	5.59	12	1	55	3	23	Maine	23005	Cumberland County	1
5526650409097101312	43.70417075	-70.26465487499999	8	EGAD	8	266	30	106	16	899.0	1	0	35	0	23	Maine	23005	Cumberland County	1
5526650477816578048	43.705959	-70.25012	1	EGAD	1	13	13	0	0		0	0	20	1	23	Maine	23005	Cumberland County	1
5526650512176316416	43.7004005	-70.2575335	2	EGAD	2	43	41	11	11	32.7	4	0	17	0	23	Maine	23005	Cumberland County	1
5526651371169775616	43.640705125000004	-70.258856375	8	EGAD+WQP	8	617	69	193	25	46.7	11	0	194	4	23	Maine	23005	Cumberland County	1
5526651611687944192	43.669957000000004	-70.23763041176471	17	EGAD+WQP	17	851	69	187	22	30.5	9	0	124	1	23	Maine	23005	Cumberland County	1
5526651646047682560	43.673269	-70.25338	4	EGAD	4	24	4	14	3		13	1	153	0	23	Maine	23005	Cumberland County	1
5526651852206112768	43.689519	-70.23492	1	EGAD	0	0	0	0	0		1	0	19	0	23	Maine	23005	Cumberland County	1
5526651886565851136	43.6926968	-70.2485206	10	EGAD+WQP	10	377	26	15	1		2	0	42	0	23	Maine	23005	Cumberland County	1
5526652951717740544	43.654282	-70.200494	1	EGAD	1	340	44	134	17	68.6	1	0	7	0	23	Maine	23005	Cumberland County	1
5526654085589106688	43.638957500000004	-70.2583295	2	EGAD	2	35	17	13	8		8	1	78	2	23	Maine	23005	Cumberland County	1
5526654119948845056	43.634349	-70.274983	1	EGAD	1	29	29	4	4	721.0	7	0	118	7	23	Maine	23005	Cumberland County	1
5526654154308583424	43.63889066666667	-70.28450299999999	3	EGAD	3	90	30	48	18	1160.0	27	5	85	1	23	Maine	23005	Cumberland County	1
5526656593850007552	43.526824	-70.309149	1	EGAD	1	339	44	164	18	87.4	0	0	1	0	23	Maine	23005	Cumberland County	2
5526657487203205120	43.548625	-70.317132	1	EGAD	1	8	6	6	4		1	0	2	0	23	Maine	23005	Cumberland County	1
5526658243117449216	43.57318	-70.383568	1	EGAD	0	0	0	0	0		7	0	10	0	23	Maine	23005	Cumberland County	1
5526658758513524736	43.564242666666665	-70.42963016666667	6	EGAD	6	96	31	31	18	17.3	0	0	2	0	23	Maine	23031	York County	1
5526658792873263104	43.562521600000004	-70.4256885	10	EGAD	10	300	31	133	19	1559.99	1	0	0	0	23	Maine	23031	York County	1
5526658827233001472	43.5670355	-70.42479675	4	EGAD	4	57	31	9	9	2.8	0	0	3	0	23	Maine	23005	Cumberland County	2
5526659033391431680	43.554783625	-70.428162875	8	EGAD	8	503	31	124	19	262.5	0	0	1	0	23	Maine	23031	York County	1
5526659273909600256	43.530649	-70.479868	1	EGAD	1	8	8	8	8	148.0	0	0	4	0	23	Maine	23031	York County	1
5526660132903059456	43.501849	-70.397722	1	EGAD	1	4	4	3	3		0	0	9	1	23	Maine	23031	York County	1
5526660339061489664	43.492375	-70.438762	1	EGAD	1	340	44	138	15	37.7	1	0	65	2	23	Maine	23031	York County	1
5526660373421228032	43.490376	-70.44734199999999	2	EGAD	1	340	44	142	16	25.5	38	2	105	4	23	Maine	23031	York County	1
5526660407780966400	43.49425666666667	-70.44006066666667	3	EGAD	3	59	29	5	5		23	0	122	5	23	Maine	23031	York County	1
5526660751378350080	43.527292666666675	-70.48118533333333	3	EGAD	3	22	8	20	8	1973.0	1	0	4	0	23	Maine	23031	York County	1
5526660957536780288	43.49894	-70.48889	1	WQP	1	33	33	7	7		1	0	14	0	23	Maine	23031	York County	1
5526661026256257024	43.498853600000004	-70.46423	5	EGAD+WQP	5	85	48	17	15		4	0	80	3	23	Maine	23031	York County	1
5526663019121082368	43.495201	-70.37298	1	EGAD	1	341	44	139	17	24.7	0	0	1	1	23	Maine	23031	York County	1
5526665802259890176	43.385991	-70.461582	1	EGAD	1	60	30	27	14	105.0	0	0	1	0	23	Maine	23031	York County	1
5526665836619628544	43.38701583333333	-70.46221266666667	6	EGAD	6	210	30	69	14	8.61	0	0	3	0	23	Maine	23031	York County	1
5526665870979366912	43.384611	-70.46398766666667	3	EGAD	3	598	30	134	16		0	0	2	0	23	Maine	23031	York County	1
5526665905339105280	43.38425	-70.4593695	2	EGAD	2	60	30	31	19	4050.0	0	0	2	0	23	Maine	23031	York County	1
5526668344880529408	43.359126	-70.477246	1	EGAD	1	340	44	139	16	43.1	4	0	6	0	23	Maine	23031	York County	1
5526668722837651456	43.360595	-70.469201	2	EGAD	2	16	4	14	4		3	0	8	0	23	Maine	23031	York County	1
5526669032075296768	43.374544	-70.52702	1	EGAD	1	30	30	14	14	155.0	0	0	23	1	23	Maine	23031	York County	1
5526670646983000064	43.361095	-70.559142	1	EGAD	1	28	7	0	0		2	0	4	1	23	Maine	23031	York County	1
5526670784421953536	43.380018500000006	-70.53974225	4	EGAD	4	377	46	163	19	161.0	2	0	29	2	23	Maine	23031	York County	1
5526671024940122112	43.404026	-70.56539	1	EGAD	1	11	7	5	3	18.22	1	0	18	2	23	Maine	23031	York County	1
5526671437256982528	43.404424	-70.528731	1	EGAD	1	183	40	29	10		1	0	25	0	23	Maine	23031	York County	1
5526673086524424192	43.450649	-70.524248	1	EGAD	1	25	25	11	11	17.68	0	0	2	0	23	Maine	23031	York County	1
5526673120884162560	43.44854325	-70.52353049999999	4	EGAD	4	96	25	22	13	9.62	2	0	1	0	23	Maine	23031	York County	1
5526673498841284608	43.45062166666667	-70.57291438095237	21	EGAD	21	75	19	48	9	725.0	0	0	0	0	23	Maine	23031	York County	1
5526673567560761344	43.44465966666667	-70.59128233333333	3	EGAD	3	89	30	13	11	5.49	0	0	0	0	23	Maine	23031	York County	1
5526673601920499712	43.450589416666666	-70.57724741666667	12	EGAD	12	38	14	34	13		0	0	0	0	23	Maine	23031	York County	1
5526673636280238080	43.454311	-70.576566	1	EGAD	1	1	1	1	1		0	0	0	0	23	Maine	23031	York County	1
5526673670639976448	43.45244508333334	-70.57100241666667	12	EGAD	12	91	19	27	7	41.07	0	0	0	0	23	Maine	23031	York County	1
5526674220395790336	43.457628	-70.605492	1	EGAD	1	177	40	15	7		0	0	0	0	23	Maine	23031	York County	1
5526677415851458560	43.402497	-70.624919	1	EGAD	0	0	0	0	0		0	0	0	0	23	Maine	23031	York County	1
5526677690729365504	43.400782	-70.705195	1	EGAD	1	4	4	3	3	0.8	13	2	23	3	23	Maine	23031	York County	1
5526677862528057344	43.4023375	-70.706574	2	EGAD	2	12	4	0	0		14	2	24	4	23	Maine	23031	York County	1
5526679580514975744	43.411943	-70.72514225	4	EGAD	4	500	45	255	23	970.0	5	0	8	1	23	Maine	23031	York County	1
5526679821033144320	43.435922	-70.761042	1	EGAD	1	25	25	7	7	50.2	1	0	50	2	23	Maine	23031	York County	1
5526680473868173312	43.424652	-70.695219	1	EGAD	1	26	13	7	4		0	0	3	0	23	Maine	23031	York County	1
5526680576947388416	43.423292	-70.666442	1	EGAD	1	236	55	84	29		0	0	4	0	23	Maine	23031	York County	1
5526680611307126784	43.425086	-70.676056	1	EGAD	1	79	40	15	8		1	0	2	0	23	Maine	23031	York County	1
5526681916977184768	43.479321	-70.717484	1	EGAD	1	42	21	0	0		1	0	9	0	23	Maine	23031	York County	1
5526684631396515840	43.482919	-70.568451	1	EGAD	1	30	30	3	3	0.524	0	0	1	0	23	Maine	23031	York County	1
5526684803195207680	43.4807385	-70.5610805	2	EGAD	2	60	30	3	3	0.761	1	0	0	0	23	Maine	23031	York County	1
5526684837554946048	43.478781	-70.556575	1	EGAD	1	30	30	3	3	0.542	0	0	2	0	23	Maine	23031	York County	1
5526684974993899520	43.47918544444445	-70.52653122222222	9	EGAD	9	257	31	58	15	158.12	1	0	11	0	23	Maine	23031	York County	1
5526685009353637888	43.4802885	-70.5303705	2	EGAD	2	54	27	34	17	220.748	1	0	2	0	23	Maine	23031	York County	1
5526685078073114624	43.485305	-70.52468	1	EGAD	1	27	27	7	7	0.956	0	0	13	0	23	Maine	23031	York County	1
5526685352951021568	43.51374233333333	-70.54325	3	EGAD	3	90	30	21	12	15.5	0	0	0	0	23	Maine	23031	York County	1
5526685662188666880	43.52769825	-70.48690075	4	EGAD	4	84	30	37	12	31.6	0	0	2	0	23	Maine	23031	York County	1
5526685799627620352	43.52410123076923	-70.53498969230769	13	EGAD	13	835	30	193	15	178.0	0	0	0	0	23	Maine	23031	York County	1
5526685937066573824	43.52657	-70.55193166666668	3	EGAD	3	88	30	18	11	3.97	0	0	4	1	23	Maine	23031	York County	1
5526685971426312192	43.52794457142857	-70.54338357142856	7	EGAD	7	204	30	18	10	1.49	0	0	0	0	23	Maine	23031	York County	1
5526686005786050560	43.518095800000005	-70.548238	10	EGAD	10	566	30	138	16	36.9	0	0	0	0	23	Maine	23031	York County	1
5526686074505527296	43.5107285	-70.57124400000001	2	EGAD	2	2	1	2	1		0	0	3	0	23	Maine	23031	York County	1
5526686349383434240	43.540242	-70.56212933333333	6	EGAD	6	178	30	51	14	19.9	4	1	0	0	23	Maine	23031	York County	1
5526686383743172608	43.5407994	-70.571329	5	EGAD	5	145	30	12	7	2.82	0	0	5	1	23	Maine	23031	York County	1
5526686452462649344	43.54790464705883	-70.55323547058823	17	EGAD	17	858	30	216	15	154.0	0	0	4	1	23	Maine	23031	York County	1
5526686486822387712	43.5515385	-70.5515975	2	EGAD	2	58	29	8	4	1.77	0	0	1	0	23	Maine	23031	York County	1
5526687105297678336	43.535987399999996	-70.4945712	5	EGAD	5	416	30	74	14	23.7	0	0	1	0	23	Maine	23031	York County	1
5526687139657416704	43.5351285	-70.4806735	2	EGAD	2	16	8	11	7	15.1	1	0	1	0	23	Maine	23031	York County	1
5526687174017155072	43.540485	-70.484934	1	EGAD	1	29	29	0	0		0	0	1	0	23	Maine	23031	York County	1
5526687208376893440	43.542889	-70.48703	4	EGAD	4	114	30	11	11	32.1	0	0	1	0	23	Maine	23031	York County	1
5526698925047676928	43.541041	-70.697403	1	EGAD	1	29	29	0	0		0	0	3	0	23	Maine	23031	York County	1
5526698959407415296	43.545812	-70.706622	1	EGAD	1	30	30	10	10	5.44	2	0	4	0	23	Maine	23031	York County	1
5526701330229362688	43.44906	-70.78492	1	EGAD	0	0	0	0	0		6	0	52	0	23	Maine	23031	York County	1
5526701502028054528	43.452428	-70.782539	1	WQP	0	0	0	0	0		6	0	49	0	23	Maine	23031	York County	1
5526701708186484736	43.446025	-70.77856	1	EGAD	1	92	33	19	9		24	0	63	2	23	Maine	23031	York County	1
5526707858579652608	43.518303	-70.864783	1	EGAD	1	92	33	19	7		0	0	2	0	23	Maine	23031	York County	1
5526716620312936448	43.547592	-71.045669	1	WQP	0	0	0	0	0		0	0	9	0	33	New Hampshire	33003	Carroll County	1
5526721361956831232	43.582136	-70.964056	1	EGAD	1	66	33	12	6		0	0	0	0	23	Maine	23031	York County	1
5526735174571655168	43.689012500000004	-70.7638745	2	EGAD	2	62	31	23	13	28.88	2	0	3	0	23	Maine	23031	York County	1
5526736514601451520	43.665544	-70.721814	1	EGAD	1	338	44	168	19	25.1	2	0	0	0	23	Maine	23031	York County	1
5526738438746800128	43.69238166666667	-70.59378733333334	3	EGAD	3	90	30	9	5	2.43	1	0	2	0	23	Maine	23005	Cumberland County	2
5526738473106538496	43.69574904545454	-70.59782118181819	22	EGAD	22	1487	36	366	16	2180.0	1	0	4	0	23	Maine	23005	Cumberland County	2
5526740637770055680	43.7643	-70.53741000000001	3	EGAD	3	90	30	19	11	19.2	0	0	6	1	23	Maine	23005	Cumberland County	1
5526740672129794048	43.76369283333333	-70.548046	6	EGAD	6	299	30	133	20	23600.0	0	0	0	0	23	Maine	23005	Cumberland County	1
5526745138895781888	43.830659	-70.60631	1	EGAD	0	0	0	0	0		0	0	0	0	23	Maine	23005	Cumberland County	1
5526746478925578240	43.77261	-70.54642	1	EGAD	1	30	30	0	0		0	0	0	0	23	Maine	23005	Cumberland County	1
5526746513285316608	43.7654925	-70.536025	4	EGAD	4	118	30	14	6	3.16	0	0	1	0	23	Maine	23005	Cumberland County	1
5526749330783862784	43.882999	-70.465112	1	EGAD	1	89	30	20	8	69.0	6	0	3	0	23	Maine	23005	Cumberland County	1
5526763109038948352	43.92346	-70.866022	1	EGAD	1	29	29	0	0		0	0	0	0	23	Maine	23017	Oxford County	1
5526763143398686720	43.925477	-70.864044	1	EGAD	1	28	28	0	0		0	0	1	0	23	Maine	23017	Oxford County	1
5526763212118163456	43.9219382	-70.8640192	5	EGAD	5	203	30	3	3	0.208	0	0	1	0	23	Maine	23017	Oxford County	1
5526937450351427584	44.054908	-71.140772	1	WQP	0	0	0	0	0		0	0	17	0	33	New Hampshire	33003	Carroll County	1
5526946109005496320	44.002448	-70.965565	1	EGAD	1	34	17	0	0		1	0	13	1	23	Maine	23017	Oxford County	1
5526946658761310208	44.059267	-70.950927	1	EGAD	1	30	30	6	6	2.33	0	0	2	0	23	Maine	23017	Oxford County	1
5526953908666105856	44.066843	-70.952238	1	EGAD	1	30	30	0	0		0	0	2	0	23	Maine	23017	Oxford County	1
5526963013996773376	44.240498	-70.823176	1	EGAD	0	0	0	0	0		0	0	1	0	23	Maine	23017	Oxford County	1
5526977582525841408	44.412038	-70.786188	1	EGAD	1	10	4	6	3		11	1	9	0	23	Maine	23017	Oxford County	1
5527000672270024704	44.504951	-70.67542	1	EGAD	1	209	66	35	20	2.52	1	0	1	0	23	Maine	23017	Oxford County	1
5527000775349239808	44.493404	-70.694577	1	EGAD	0	0	0	0	0		0	0	1	0	23	Maine	23017	Oxford County	1
5527037093592694784	44.506833	-71.156314	1	WQP	0	0	0	0	0		1	0	15	0	33	New Hampshire	33007	Coos County	1
5527140894362304512	44.243085	-72.048185	2	WQP	2	46	35	11	8		0	0	1	0	33	New Hampshire	33009	Grafton County	2
5527254247139180544	43.86581	-72.17822	2	WQP	2	46	35	8	6		0	0	4	0	33	New Hampshire	33009	Grafton County	2
5527265139176243200	43.65977	-72.33974	1	WQP	1	13	13	1	1		5	0	32	1	50	Vermont	50027	Windsor County	1
5527282834441502720	43.79749	-72.5009	1	WQP	1	13	13	4	4		2	0	3	1	50	Vermont	50027	Windsor County	1
5527368493269254144	43.79297	-72.67631	1	WQP	1	13	13	1	1		0	0	1	0	50	Vermont	50027	Windsor County	1
5527502049572290560	44.31823	-72.72694	1	WQP	1	13	13	0	0		0	0	4	2	50	Vermont	50023	Washington County	1
5527772254554816512	44.86397	-71.54817	2	WQP	2	46	35	8	6		0	0	2	0	33	New Hampshire	33007	Coos County	2
5528928803348283392	45.650417	-68.724757	1	EGAD	1	42	21	0	0		2	0	31	0	23	Maine	23019	Penobscot County	1
5528930074658603008	45.663699	-68.7064	1	EGAD	0	0	0	0	0		0	0	29	0	23	Maine	23019	Penobscot County	1
5528958009125896192	45.8786745	-68.62034	2	EGAD+WQP	2	26	26	12	12		0	0	0	0	23	Maine	23019	Penobscot County	1
5528962338452930560	45.898673	-68.61411333333332	3	EGAD+WQP	3	59	48	15	13		0	0	0	0	23	Maine	23019	Penobscot County	1
5528964881073569792	45.967178	-68.510872	1	EGAD	1	29	29	0	0		0	0	0	0	23	Maine	23019	Penobscot County	1
5528965946225459200	45.983507	-68.43998	2	EGAD	2	455	44	149	16	28.5	0	0	10	0	23	Maine	23003	Aroostook County	2
5529086480187654144	46.477459	-68.454411	1	EGAD	1	140	66	27	15	1.56	0	0	0	0	23	Maine	23003	Aroostook County	1
5529118675262504960	46.638369	-68.412845	1	EGAD	1	340	44	165	20	37.6	0	0	16	0	23	Maine	23003	Aroostook County	1
5529364690989219840	47.089169	-69.023756	1	EGAD	1	111	66	17	15	5.61	0	0	0	0	23	Maine	23003	Aroostook County	1
5529365549982679040	47.154285	-68.94424	2	EGAD+WQP	2	26	26	10	10		0	0	0	0	23	Maine	23003	Aroostook County	1
5529371562936893440	47.20866	-68.82282	1	WQP	1	33	33	6	6		0	0	0	0	23	Maine	23003	Aroostook County	1
5529374346075701248	47.209421	-68.793448	1	EGAD	1	29	29	0	0		0	0	0	0	23	Maine	23003	Aroostook County	1
5529383657564798976	47.20904	-68.553749	1	EGAD	1	29	29	0	0		0	0	0	0	23	Maine	23003	Aroostook County	1
5529383691924537344	47.208607	-68.552139	1	EGAD	1	58	29	0	0		0	0	0	0	23	Maine	23003	Aroostook County	1
5529384550917996544	47.249467	-68.603956	1	EGAD	1	333	44	156	18	167.0	4	0	19	0	23	Maine	23003	Aroostook County	1
5529388021251571712	47.275025	-68.40901266666667	3	EGAD	3	116	29	0	0		0	0	5	0	23	Maine	23003	Aroostook County	1
5529388055611310080	47.275443	-68.408367	1	EGAD	1	28	28	2	2	1.56	2	0	3	0	23	Maine	23003	Aroostook County	1
5529390598231949312	47.165563	-68.516427	1	EGAD	1	60	30	3	3	0.49	0	0	0	0	23	Maine	23003	Aroostook County	1
5529399566123663360	47.036441499999995	-68.575197	2	EGAD	2	457	44	179	18	18.9	1	0	1	0	23	Maine	23003	Aroostook County	1
5529457805880197120	46.916295	-68.249232	1	EGAD	0	0	0	0	0		0	0	0	0	23	Maine	23003	Aroostook County	1
5529476497577869312	46.690826	-68.116479	1	EGAD	1	108	65	32	23	10.3	0	0	1	0	23	Maine	23003	Aroostook County	1
5529476669376561152	46.6958415	-68.129492	2	EGAD	2	456	44	163	16	36.7	0	0	1	0	23	Maine	23003	Aroostook County	1
5529480345868566528	46.632225	-68.052734	1	EGAD	1	9	9	0	0		0	0	1	1	23	Maine	23003	Aroostook County	1
5529480517667258368	46.6362225	-68.0488795	2	EGAD	2	48	31	16	11	7.3	0	0	1	1	23	Maine	23003	Aroostook County	1
5529480552026996736	46.633215	-68.044873	1	EGAD	1	9	9	8	8	34.6	0	0	1	1	23	Maine	23003	Aroostook County	1
5529480723825688576	46.6263594117647	-68.04521547058823	17	EGAD	17	715	31	219	19		1	1	0	0	23	Maine	23003	Aroostook County	1
5529480792545165312	46.613001	-68.042697	1	EGAD	1	45	27	32	15		0	0	1	1	23	Maine	23003	Aroostook County	1
5529480826904903680	46.608105333333334	-68.04009133333334	3	EGAD	3	12	4	8	3		0	0	2	2	23	Maine	23003	Aroostook County	1
5529481239221764096	46.584449	-68.070952	1	EGAD	1	29	29	3	3	1.25	0	0	0	0	23	Maine	23003	Aroostook County	1
5529481307941240832	46.58744433333334	-68.06480466666666	3	EGAD	3	474	31	116	16	56.78	0	0	2	2	23	Maine	23003	Aroostook County	1
5529481342300979200	46.58343277777778	-68.06631488888888	9	EGAD	9	1050	31	219	16	71.2	0	0	0	0	23	Maine	23003	Aroostook County	1
5529481514099671040	46.596151	-68.036923	1	EGAD	1	120	30	52	15	392.0	2	2	0	0	23	Maine	23003	Aroostook County	1
5529481548459409408	46.602808800000005	-68.0366618	5	EGAD	5	539	45	285	22	4200.0	0	0	2	2	23	Maine	23003	Aroostook County	1
5529486083944873984	46.703697000000005	-68.00780750000001	2	EGAD	1	340	44	140	15	106.0	12	0	37	0	23	Maine	23003	Aroostook County	1
5529487252175978496	46.678641	-68.086555	1	EGAD	1	107	65	27	18	4.06	0	0	0	0	23	Maine	23003	Aroostook County	1
5529488042449960960	46.741191	-68.023745	1	EGAD	1	28	28	2	2	0.526	0	0	1	0	23	Maine	23003	Aroostook County	1
5529488935803158528	46.77626	-67.970287	1	EGAD	1	140	66	22	14	1.88	0	0	2	0	23	Maine	23003	Aroostook County	1
5529489038882373632	46.765907	-67.977375	1	EGAD	1	4	4	4	4		0	0	3	0	23	Maine	23003	Aroostook County	1
5529489829156356096	46.7482485	-67.9756425	4	EGAD	4	21	9	16	8	82.1	0	0	0	0	23	Maine	23003	Aroostook County	1
5529491066106937344	46.72741	-67.818275	1	EGAD	1	30	30	5	5	16.5	0	0	0	0	23	Maine	23003	Aroostook County	1
5529491306625105920	46.751926	-67.847239	1	EGAD	1	30	30	7	7	0.9	0	0	1	0	23	Maine	23003	Aroostook County	1
5529491340984844288	46.7441845	-67.840558	2	EGAD	2	57	29	0	0		0	0	0	0	23	Maine	23003	Aroostook County	1
5529491444064059392	46.7322095	-67.8191005	4	EGAD	4	118	30	26	11	15.4	0	0	0	0	23	Maine	23003	Aroostook County	1
5529491478423797760	46.739820333333334	-67.81831066666666	3	EGAD	3	115	30	9	6	3.45	0	0	0	0	23	Maine	23003	Aroostook County	1
5529491512783536128	46.7469825	-67.81831700000001	2	EGAD	2	58	30	9	8	3.12	0	0	0	0	23	Maine	23003	Aroostook County	1
5529491547143274496	46.75087775	-67.819825	4	EGAD	4	112	28	1	1	1.42	0	0	3	0	23	Maine	23003	Aroostook County	1
5529491581503012864	46.747828	-67.800425	1	EGAD	1	30	30	7	7	1.17	0	0	1	0	23	Maine	23003	Aroostook County	1
5529491615862751232	46.759921	-67.803571	1	EGAD	1	29	29	0	0		0	0	1	0	23	Maine	23003	Aroostook County	1
5529491650222489600	46.7629062	-67.8058536	5	EGAD	5	172	30	12	6	1.23	1	0	2	0	23	Maine	23003	Aroostook County	1
5529491822021181440	46.76946366666667	-67.85224366666667	3	EGAD	3	85	29	3	2	0.585	4	0	15	0	23	Maine	23003	Aroostook County	1
5529491856380919808	46.775994	-67.864907	1	EGAD	1	30	30	10	10	12.2	1	0	9	0	23	Maine	23003	Aroostook County	1
5529491925100396544	46.760206333333336	-67.85816333333334	3	EGAD	3	88	30	12	8	2.27	1	0	12	0	23	Maine	23003	Aroostook County	1
5529492852813332480	46.77744	-67.857756	1	EGAD	1	29	29	0	0		0	0	9	0	23	Maine	23003	Aroostook County	1
5529492887173070848	46.7805254	-67.8462262	5	EGAD	5	429	45	148	20	54.3	4	0	14	0	23	Maine	23003	Aroostook County	1
5529492921532809216	46.774198	-67.834172	1	EGAD	1	108	65	20	14	2.09	2	0	17	0	23	Maine	23003	Aroostook County	1
5529493505648361472	46.820155	-67.789703	1	EGAD	1	29	29	1	1	0.44	0	0	0	0	23	Maine	23003	Aroostook County	1
5529496254427430912	46.851584	-67.955507	3	EGAD	3	885	69	379	29	204.0	2	0	0	0	23	Maine	23003	Aroostook County	1
5529496323146907648	46.842881	-67.945572	1	EGAD	1	108	65	18	12	1.35	0	0	2	0	23	Maine	23003	Aroostook County	1
5529496529305337856	46.8561622	-67.9016528	5	EGAD	5	174	29	39	11	22.6	1	0	2	1	23	Maine	23003	Aroostook County	1
5529496563665076224	46.863428	-67.901075	1	EGAD	1	30	30	9	9	50.3	2	1	1	0	23	Maine	23003	Aroostook County	1
5529496598024814592	46.863586999999995	-67.911224	3	EGAD	3	89	30	39	17	3140.0	0	0	3	1	23	Maine	23003	Aroostook County	1
5529496701104029696	46.86275	-67.943323	1	EGAD	1	30	30	11	11	5.54	0	0	2	0	23	Maine	23003	Aroostook County	1
5529497079061151744	46.855986	-68.0025215	2	EGAD	1	110	66	21	13	0.694	2	1	43	1	23	Maine	23003	Aroostook County	1
5529497353939058688	46.873179	-68.015068	1	EGAD	1	34	17	0	0		7	0	34	2	23	Maine	23003	Aroostook County	1
5529498693968855040	46.829396	-67.996256	1	EGAD	1	64	19	13	8	3.29	0	0	7	0	23	Maine	23003	Aroostook County	1
5529500343236296704	46.763493	-68.139408	1	EGAD	1	340	44	123	16	11.0	0	0	3	2	23	Maine	23003	Aroostook County	1
5529505016160714752	46.900737	-68.107691	1	EGAD	1	75	19	10	6	3.12	0	0	0	0	23	Maine	23003	Aroostook County	1
5529507043385278464	46.966329	-68.013501	1	EGAD	1	111	66	20	14	3.17	0	0	0	0	23	Maine	23003	Aroostook County	1
5529511647590219776	46.965193	-67.87466566666667	3	EGAD	3	173	40	69	28	5363.4	0	0	1	0	23	Maine	23003	Aroostook County	1
5529511681949958144	46.969363428571434	-67.89093714285714	7	EGAD	7	288	20	51	8	2850.0	0	0	0	0	23	Maine	23003	Aroostook County	1
5529511991187603456	46.952562	-67.91087375000001	4	EGAD	4	111	37	29	15	16.3	0	0	1	0	23	Maine	23003	Aroostook County	1
5529512025547341824	46.9550576	-67.89700453333333	15	EGAD	15	704	35	237	23		0	0	13	0	23	Maine	23003	Aroostook County	1
5529512059907080192	46.96080784615385	-67.89286607692307	13	EGAD	13	476	37	143	23	174.5	0	0	1	0	23	Maine	23003	Aroostook County	1
5529512094266818560	46.961375230769235	-67.88188076923076	13	EGAD	13	615	40	386	34	5848.73	0	0	2	0	23	Maine	23003	Aroostook County	1
5529512128626556928	46.9509385	-67.8909733125	16	EGAD	16	712	37	214	21	124.17	1	0	13	0	23	Maine	23003	Aroostook County	1
5529512162986295296	46.9419018125	-67.89358175	32	EGAD	32	1204	37	603	30		11	0	9	1	23	Maine	23003	Aroostook County	1
5529512197346033664	46.946499933333335	-67.90496809999999	30	EGAD	30	1196	40	522	35		1	0	15	1	23	Maine	23003	Aroostook County	1
5529512231705772032	46.939636500000006	-67.911475	2	EGAD	2	81	27	19	9		0	0	16	1	23	Maine	23003	Aroostook County	1
5529512266065510400	46.93319464	-67.90065548000001	25	EGAD	25	941	37	454	31		3	1	16	0	23	Maine	23003	Aroostook County	1
5529512300425248768	46.922749333333336	-67.90501633333334	6	EGAD	6	220	37	75	22		0	0	9	3	23	Maine	23003	Aroostook County	1
5529512334784987136	46.920388	-67.9137915	2	EGAD	2	84	23	33	16	114.0	0	0	3	2	23	Maine	23003	Aroostook County	1
5529512369144725504	46.91656675	-67.92779924999999	4	EGAD	4	239	40	109	26	340.3	2	2	1	0	23	Maine	23003	Aroostook County	1
5529512403504463872	46.927396599999994	-67.92503500000001	5	EGAD	5	327	41	109	27	206.35	0	0	6	3	23	Maine	23003	Aroostook County	1
5529512437864202240	46.93193455555556	-67.931011	9	EGAD	9	558	41	128	24	82.14	1	0	2	2	23	Maine	23003	Aroostook County	1
5529512575303155712	46.941497500000004	-67.94064399999999	10	EGAD	10	709	37	220	23	105.05	0	0	1	0	23	Maine	23003	Aroostook County	1
5529512609662894080	46.936926	-67.93597266666666	3	EGAD	3	122	37	42	20	144.16	0	0	2	0	23	Maine	23003	Aroostook County	1
5529514327649812480	46.884719	-67.947787	1	EGAD	1	56	19	23	12	42.95	0	0	2	0	23	Maine	23003	Aroostook County	1
5529515014844579840	46.92511077777778	-67.89730622222221	9	EGAD	9	365	35	189	24	4027.03	0	0	7	1	23	Maine	23003	Aroostook County	1
5529515049204318208	46.92976485714286	-67.89019721428572	28	EGAD	28	969	37	397	26		3	0	16	1	23	Maine	23003	Aroostook County	1
5529515083564056576	46.939297375	-67.887770875	8	EGAD	8	363	37	122	26	524.03	1	0	19	1	23	Maine	23003	Aroostook County	1
5529515152283533312	46.929652714285716	-67.87891952380953	21	EGAD	21	858	37	257	26		0	0	5	0	23	Maine	23003	Aroostook County	1
5529515186643271680	46.924134	-67.870998	1	EGAD	1	100	30	13	6	1.77	0	0	2	0	23	Maine	23003	Aroostook County	1
5529515598960132096	46.922992199999996	-67.834805	5	EGAD	5	304	37	52	17	12.94	0	0	9	1	23	Maine	23003	Aroostook County	1
5529515908197777408	46.904626	-67.810316	1	EGAD	1	190	66	36	19	30.3	0	0	9	1	23	Maine	23003	Aroostook County	1
5529516801550974976	46.869873	-67.793953	1	EGAD	1	108	65	33	24	14.0	0	0	0	0	23	Maine	23003	Aroostook County	1
5529522264749375488	46.947262	-67.844018	1	EGAD	1	281	23	60	14	17.96	0	0	1	0	23	Maine	23003	Aroostook County	1
5529522333468852224	46.950593	-67.853826	1	EGAD	1	74	19	23	11	26.02	0	0	1	0	23	Maine	23003	Aroostook County	1
5529522402188328960	46.951119	-67.87606	1	EGAD	1	19	19	11	11	10.77	0	0	14	0	23	Maine	23003	Aroostook County	1
5529522436548067328	46.957472	-67.862301	1	EGAD	1	82	23	24	11	25.88	0	0	2	0	23	Maine	23003	Aroostook County	1
5529539169740652544	47.13183333333333	-67.8981	3	EGAD+WQP	3	59	48	19	16		0	0	0	0	23	Maine	23003	Aroostook County	1
5529540544130187264	47.166675	-67.939359	1	EGAD	1	12	4	10	4		4	0	10	0	23	Maine	23003	Aroostook County	1
5529540990806786048	47.196196	-67.96963	1	EGAD	1	29	29	0	0		0	0	1	0	23	Maine	23003	Aroostook County	1
5529568375518265344	47.188976	-68.365851	1	EGAD	1	29	29	0	0		0	0	0	0	23	Maine	23003	Aroostook County	1
5529571261736288256	47.169484	-68.29658	1	EGAD	1	119	30	18	7	1.11	0	0	1	0	23	Maine	23003	Aroostook County	1
5529571433534980096	47.172113	-68.293959	1	EGAD	1	336	44	130	15	23.0	1	0	0	0	23	Maine	23003	Aroostook County	1
5529575247465938944	47.231163	-68.387411	1	EGAD	1	60	30	8	4	0.665	0	0	0	0	23	Maine	23003	Aroostook County	1
5529579370634543104	47.284952	-68.123454	1	EGAD	1	4	4	3	3		1	0	0	0	23	Maine	23003	Aroostook County	1
5529579886030618624	47.308636	-68.152163	1	EGAD	1	111	66	23	17	4.46	2	0	2	0	23	Maine	23003	Aroostook County	1
5529762851637428224	47.353867	-68.299779	1	EGAD	1	8	4	6	3		6	0	17	0	23	Maine	23003	Aroostook County	1
5529762954716643328	47.358472	-68.321675	1	EGAD	1	294	30	97	16	215.0	12	0	20	1	23	Maine	23003	Aroostook County	1
5529763676271149056	47.303266	-68.384798	1	EGAD	1	111	66	20	14	5.21	0	0	2	0	23	Maine	23003	Aroostook County	1
5533369215416795136	44.48913	-73.14832	1	WQP	1	13	13	1	1		0	0	39	2	50	Vermont	50007	Chittenden County	1
5573302927981805568	48.004567	-89.547667	1	WQP	1	6	3	0	0		0	0	0	0	27	Minnesota	27031	Cook County	1
5573305573681659904	48.00012	-89.569	1	WQP	1	134	27	5	3		0	0	0	0	27	Minnesota	27031	Cook County	1
5573305882919305216	47.991117	-89.616233	1	WQP	1	9	3	0	0		0	0	0	0	27	Minnesota	27031	Cook County	1
5573305917279043584	47.98806	-89.62278	1	WQP	1	133	27	4	2		0	0	0	0	27	Minnesota	27031	Cook County	1
5573306398315380736	47.94057	-89.5947	1	WQP	1	269	27	20	7		0	0	0	0	27	Minnesota	27031	Cook County	1
5573307566546485248	47.980357	-89.629408	1	WQP	1	27	27	2	2		0	0	0	0	27	Minnesota	27031	Cook County	1
5573307875784130560	47.99145	-89.65765	1	WQP	1	3	3	0	0		0	0	0	0	27	Minnesota	27031	Cook County	1
5573308631698374656	48.0018205	-89.5890195	2	WQP	2	280	27	8	2		4	0	2	0	27	Minnesota	27031	Cook County	1
5573311002520322048	48.005767	-89.704817	1	WQP	1	3	3	0	0		0	0	0	0	27	Minnesota	27031	Cook County	1
5573315915962908672	47.9350245	-89.82642949999999	2	WQP	2	144	27	1	1		0	0	0	0	27	Minnesota	27031	Cook County	1
5573316431358984192	47.94455	-89.763267	1	WQP	1	6	3	0	0		0	0	0	0	27	Minnesota	27031	Cook County	1
5573317324712181760	47.972667	-89.73825	1	WQP	1	9	3	0	0		0	0	0	0	27	Minnesota	27031	Cook County	1
5573317874467995648	47.97975	-89.698483	1	WQP	1	3	3	0	0		4	0	6	0	27	Minnesota	27031	Cook County	1
5573318286784856064	47.963683	-89.683683	1	WQP	1	15	3	0	0		5	0	10	1	27	Minnesota	27031	Cook County	1
5573318355504332800	47.958833	-89.672067	1	WQP	1	9	3	0	0		0	0	8	1	27	Minnesota	27031	Cook County	1
5573319626814652416	47.917833	-89.744983	1	WQP	1	9	3	0	0		0	0	0	0	27	Minnesota	27031	Cook County	1
5573334092264505344	47.84011	-89.965832	1	WQP	1	280	40	15	5	3.13	0	0	4	0	27	Minnesota	27031	Cook County	1
5573339521103167488	47.94865	-89.85015	1	WQP	1	9	3	0	0		0	0	0	0	27	Minnesota	27031	Cook County	1
5573339624182382592	47.9515	-89.845	1	WQP	1	135	27	0	0		0	0	0	0	27	Minnesota	27031	Cook County	1
5573339692901859328	47.9499	-89.8559	1	WQP	1	12	3	0	0		0	0	0	0	27	Minnesota	27031	Cook County	1
5955080371899990016	48.519029	-92.707722	1	WQP	1	9	3	0	0		0	0	0	0	27	Minnesota	27137	St. Louis County	1
5955087759243739136	48.39864	-92.524838	1	WQP	1	9	3	0	0		0	0	0	0	27	Minnesota	27137	St. Louis County	1
5955178881269891072	47.787593	-92.07917	1	WQP	1	40	40	0	0		0	0	2	0	27	Minnesota	27137	St. Louis County	1
5955253029585289216	47.629319	-92.548763	1	WQP	1	80	53	1	1	4.88	0	0	2	0	27	Minnesota	27137	St. Louis County	1
5955273954665955328	47.444728	-92.247851	1	WQP	1	567	27	22	2		1	0	1	0	27	Minnesota	27137	St. Louis County	1
5955276840883978240	47.519622	-92.192109	2	WQP	2	120	53	9	7	4.34	0	0	5	0	27	Minnesota	27137	St. Louis County	1
5955332469300396032	47.671205	-91.839881	1	WQP	1	40	40	0	0		0	0	0	0	27	Minnesota	27137	St. Louis County	1
5955433074614337536	47.555184	-91.655896	1	WQP	1	40	40	6	6	12.6	0	0	0	0	27	Minnesota	27075	Lake County	1
5955478773066366976	47.503471	-91.113355	1	WQP	1	160	40	13	5	4.69	0	0	0	0	27	Minnesota	27075	Lake County	1
5955480869010407424	47.46407	-91.03071	1	WQP	1	240	40	4	1	2.38	0	0	1	0	27	Minnesota	27075	Lake County	1
5955484957819273216	47.5286	-90.9807	1	WQP	1	13	13	0	0		0	0	3	0	27	Minnesota	27031	Cook County	1
5955487500439912448	47.55628	-90.86774	1	WQP	1	13	13	6	6		0	0	0	0	27	Minnesota	27031	Cook County	1
5955487637878865920	47.547018	-90.90199	1	WQP	1	200	40	11	4	4.13	0	0	8	0	27	Minnesota	27031	Cook County	1
5955502309487149056	47.615772	-90.776651	1	WQP	1	200	40	6	3	3.14	0	0	4	0	27	Minnesota	27031	Cook County	1
5955502893602701312	47.63991	-90.70972499999999	2	WQP	1	200	40	16	5	4.02	2	0	1	0	27	Minnesota	27031	Cook County	1
5955502927962439680	47.631348	-90.703944	1	WQP	1	27	27	1	1		0	0	3	0	27	Minnesota	27031	Cook County	1
5955512376890490880	47.639556	-90.847694	1	WQP	1	200	40	16	5	3.04	0	0	0	0	27	Minnesota	27031	Cook County	1
5955516225181188096	47.689441	-90.969824	1	WQP	1	297	27	1	1		0	0	5	0	27	Minnesota	27031	Cook County	1
5955871539235651584	48.049924	-90.064029	1	WQP	1	320	40	30	5	1.73	0	0	0	0	27	Minnesota	27031	Cook County	1
5955882671790882816	47.81823	-90.0518	1	WQP	1	200	40	15	4	1.9	1	0	2	0	27	Minnesota	27031	Cook County	1
5955884595936231424	47.793639	-90.154861	1	WQP	1	240	40	14	4	2.71	0	0	0	0	27	Minnesota	27031	Cook County	1
5955889406299602944	47.870101	-90.172546	1	WQP	1	402	27	14	6		0	0	0	0	27	Minnesota	27031	Cook County	1
5955890196573585408	47.788809	-90.182906	2	WQP	2	335	50	20	7	2.8	0	0	0	0	27	Minnesota	27031	Cook County	1
5955890265293062144	47.78138	-90.16989	1	WQP	1	13	13	6	6		0	0	0	0	27	Minnesota	27031	Cook County	1
5955892533035794432	47.769949	-90.2611	1	WQP	1	200	40	20	7	3.11	1	0	1	0	27	Minnesota	27031	Cook County	1
5955893563827945472	47.805391	-90.303739	1	WQP	1	135	27	0	0		8	0	0	0	27	Minnesota	27031	Cook County	1
5955894354101927936	47.86304	-90.291319	1	WQP	1	405	27	0	0		0	0	0	0	27	Minnesota	27031	Cook County	1
5955896312607014912	47.929219	-90.307112	1	WQP	1	240	40	15	5	2.37	0	0	0	0	27	Minnesota	27031	Cook County	1
5955906002053234688	48.053315	-90.38301	1	WQP	1	280	40	26	7	2.24	0	0	1	0	27	Minnesota	27031	Cook County	1
5955946958861369344	47.7159	-90.47964	1	WQP	1	13	13	1	1		0	0	1	0	27	Minnesota	27031	Cook County	1
5955949948158607360	47.707222	-90.5225	1	WQP	1	280	40	21	6	4.56	0	0	1	0	27	Minnesota	27031	Cook County	1
5955950188676775936	47.695676	-90.537389	1	WQP	1	27	27	1	1		0	0	1	0	27	Minnesota	27031	Cook County	1
5955987022316306432	47.74764	-90.324037	1	WQP	1	27	27	0	0		4	1	85	0	27	Minnesota	27031	Cook County	1
5955987159755259904	47.74997	-90.302786	1	WQP	1	240	40	58	14		0	0	17	0	27	Minnesota	27031	Cook County	1
5956154388601896960	47.415173	-90.804042	1	WQP	1	27	27	3	3		0	0	0	0	27	Minnesota	27031	Cook County	1
5956197372634595328	47.4242	-91.2337	1	WQP	1	200	40	15	5	3.09	0	0	1	0	27	Minnesota	27075	Lake County	1
5956197681872240640	47.4147	-91.246044	1	WQP	1	280	40	20	6	7.54	4	0	8	0	27	Minnesota	27075	Lake County	1
5956200052694188032	47.3453	-91.2688	1	WQP	1	26	13	3	2	1.42	0	0	0	0	27	Minnesota	27075	Lake County	1
5956202801473257472	47.337528	-91.200111	1	WQP	1	320	40	16	4	6.05	5	0	6	0	27	Minnesota	27075	Lake County	1
5956202904552472576	47.333978	-91.194737	1	WQP	1	27	27	1	1		0	0	9	0	27	Minnesota	27075	Lake County	1
5956207233879506944	47.262611	-91.283022	1	WQP	1	360	40	85	11		0	0	16	0	27	Minnesota	27075	Lake County	1
5956207508757413888	47.24485	-91.31001	1	WQP	1	13	13	1	1		0	0	3	0	27	Minnesota	27075	Lake County	1
5957689822230347776	46.0272	-92.473567	1	WQP	1	40	40	0	0		0	0	4	0	27	Minnesota	27115	Pine County	1
5957694151557382144	46.08832	-92.410705	1	WQP	1	80	40	2	1	0.328	0	0	0	0	27	Minnesota	27115	Pine County	1
5957725144041390080	46.447648	-92.409767	1	WQP	1	40	40	0	0		0	0	0	0	27	Minnesota	27017	Carlton County	1
5957734386811011072	46.462014	-92.581747	1	WQP	1	40	40	0	0		0	0	1	0	27	Minnesota	27017	Carlton County	1
5957747168633683968	46.760946	-92.545011	1	WQP	1	135	27	6	2		0	0	19	0	27	Minnesota	27017	Carlton County	2
5957748543023218688	46.787496	-92.524715	1	WQP	1	135	27	0	0		0	0	0	0	27	Minnesota	27137	St. Louis County	1
5957749951772491776	46.715281	-92.448703	1	WQP	1	40	40	7	7	5.47	34	0	156	3	27	Minnesota	27017	Carlton County	1
5957750020491968512	46.711168	-92.461549	1	WQP	1	120	40	24	8	4.52	20	0	105	0	27	Minnesota	27017	Carlton County	1
5957750089211445248	46.701796	-92.454103	1	WQP	1	40	40	10	10	7.85	6	0	67	0	27	Minnesota	27017	Carlton County	1
5957752219515224064	46.660858	-92.424542	1	WQP	0	0	0	0	0		21	1	26	0	27	Minnesota	27017	Carlton County	1
5957752322594439168	46.68006	-92.441095	1	WQP	1	73	51	4	4	1.03	1	0	31	0	27	Minnesota	27017	Carlton County	1
5957752528752869376	46.6672	-92.4025	1	WQP	1	135	27	5	1		2	0	6	0	27	Minnesota	27017	Carlton County	1
5957752597472346112	46.6623	-92.413522	1	WQP	1	135	27	2	2		1	0	48	1	27	Minnesota	27017	Carlton County	1
5957753868782665728	46.708067	-92.41972100000001	2	WQP	1	135	27	0	0		6	0	35	0	27	Minnesota	27017	Carlton County	1
5957754452898217984	46.726643	-92.433466	1	WQP	1	162	27	6	1		2	0	34	3	27	Minnesota	27017	Carlton County	1
5957778951391674368	46.658457	-92.24013149999999	2	WQP	2	80	40	27	14	1960.0	0	0	41	1	27	Minnesota	27137	St. Louis County	1
5957779054470889472	46.65726542857143	-92.23713171428572	7	WQP	7	320	40	118	19	7380.0	0	0	16	0	27	Minnesota	27137	St. Louis County	2
5957779088830627840	46.654555	-92.22846100000001	5	WQP	4	735	41	130	19	73.3	3	0	18	0	27	Minnesota	27137	St. Louis County	2
5957779226269581312	46.656382	-92.201927	1	WQP	1	398	40	77	12		0	0	12	0	27	Minnesota	27137	St. Louis County	2
5957779432428011520	46.680556	-92.195	1	WQP	1	135	27	5	1		0	0	21	0	27	Minnesota	27137	St. Louis County	1
5957784070992691200	46.770472	-92.139889	1	WQP	1	131	27	38	9		7	0	220	1	27	Minnesota	27137	St. Louis County	1
5957784174071906304	46.794972	-92.158583	1	WQP	1	135	27	20	5		4	0	68	0	27	Minnesota	27137	St. Louis County	1
5957784689467981824	46.76137	-92.129349	1	WQP	0	0	0	0	0		131	1	191	0	27	Minnesota	27137	St. Louis County	1
5957785033065365504	46.745	-92.1267	1	WQP	1	108	27	4	1		0	0	41	0	27	Minnesota	27137	St. Louis County	2
5957789912148213760	46.763	-92.093	1	WQP	1	54	27	3	2		2	0	143	0	27	Minnesota	27137	St. Louis County	1
5957790805501411328	46.79926	-92.07132	1	WQP	1	429	27	22	5		41	0	146	2	27	Minnesota	27137	St. Louis County	1
5957791011659841536	46.79049	-92.04478	1	WQP	1	13	13	5	5		0	0	0	0	27	Minnesota	27137	St. Louis County	1
5957986552930893824	46.94694	-91.795577	1	WQP	0	0	0	0	0		0	0	1	0	27	Minnesota	27075	Lake County	2
5957988270917812224	46.903889	-91.901	1	WQP	1	135	27	0	0		5	0	8	0	27	Minnesota	27137	St. Louis County	1
5957999094235398144	46.97525	-91.73587	1	WQP	1	480	40	108	13		0	0	4	0	27	Minnesota	27075	Lake County	1
5958006137981763584	47.00046	-91.68137	1	WQP	1	280	40	58	12		0	0	4	1	27	Minnesota	27075	Lake County	1
5958006275420717056	46.999877	-91.701233	1	WQP	1	27	27	1	1		0	0	7	0	27	Minnesota	27075	Lake County	1
5958010295510106112	46.9465	-91.79392	1	WQP	1	214	27	13	4		1	0	3	1	27	Minnesota	27075	Lake County	2
5958049603050799104	47.06219	-91.591	1	WQP	1	81	27	0	0		0	0	4	0	27	Minnesota	27075	Lake County	1
5958053142103851008	47.181933	-91.621781	1	WQP	1	135	27	4	1		0	0	38	1	27	Minnesota	27075	Lake County	1
5958060254569693184	47.14114	-91.45036	1	WQP	1	13	13	6	6		0	0	2	0	27	Minnesota	27075	Lake County	1
5958107327411257344	47.156625	-91.870811	1	WQP	1	40	40	0	0		0	0	0	0	27	Minnesota	27137	St. Louis County	1
5958109766952681472	47.130295	-91.955499	1	WQP	1	40	40	0	0		0	0	0	0	27	Minnesota	27137	St. Louis County	1
5958160207048605696	47.077178	-92.123656	1	WQP	1	113	51	0	0		0	0	1	0	27	Minnesota	27137	St. Louis County	1
5958168247227383808	46.858599	-91.956276	1	WQP	1	135	27	3	1		5	0	2	0	27	Minnesota	27137	St. Louis County	1
5958168968781889536	46.836537	-92.006258	1	WQP	1	640	40	138	11		0	0	27	0	27	Minnesota	27137	St. Louis County	1
5958169140580581376	46.82414	-92.01783	1	WQP	1	13	13	4	4		0	0	52	0	27	Minnesota	27137	St. Louis County	1
5958170755488284672	46.818322	-92.056933	1	WQP	0	0	0	0	0		6	0	49	0	27	Minnesota	27137	St. Louis County	1
5958170892927238144	46.825775	-92.073594	1	WQP	1	135	27	8	2		24	0	112	1	27	Minnesota	27137	St. Louis County	1
5958170927286976512	46.82699	-92.07434	1	WQP	1	135	27	6	2		9	0	66	0	27	Minnesota	27137	St. Louis County	1
5958171064725929984	46.837443	-92.087155	1	WQP	1	135	27	5	1		3	0	51	0	27	Minnesota	27137	St. Louis County	1
5958171099085668352	46.839998	-92.0967205	2	WQP	2	80	40	19	10	10.9	2	0	40	0	27	Minnesota	27137	St. Louis County	1
5958171477042790400	46.829336	-92.118723	1	WQP	1	135	27	5	1		0	0	48	0	27	Minnesota	27137	St. Louis County	1
5958171614481743872	46.852151	-92.112625	1	WQP	1	40	40	10	10	16.4	0	0	17	0	27	Minnesota	27137	St. Louis County	1
5958171683201220608	46.855012	-92.103214	1	WQP	1	40	40	9	9	5.12	8	0	43	1	27	Minnesota	27137	St. Louis County	1
5958171717560958976	46.849445	-92.111153	2	WQP	2	80	40	19	10	10.6	0	0	43	1	27	Minnesota	27137	St. Louis County	1
5958171854999912448	46.856738	-92.098294	2	WQP	2	80	40	17	9	8.48	19	1	48	0	27	Minnesota	27137	St. Louis County	1
5958175909449039872	46.893882	-92.183151	1	WQP	1	675	27	35	3		0	0	0	0	27	Minnesota	27137	St. Louis County	1
5958177696155435008	46.840218	-92.182157	1	WQP	1	560	40	43	6		16	0	102	2	27	Minnesota	27137	St. Louis County	1
5958178486429417472	46.87091	-92.18481	1	WQP	1	13	13	7	7	168.0	0	0	1	0	27	Minnesota	27137	St. Louis County	1
5958182678317498368	46.943574	-92.273077	1	WQP	1	513	27	20	2		0	0	0	0	27	Minnesota	27137	St. Louis County	1
5958194154470113280	47.104417	-92.403906	1	WQP	1	404	27	7	2		0	0	0	0	27	Minnesota	27137	St. Louis County	1
5958200820259356672	46.945223	-92.312411	1	WQP	1	73	51	2	2	1.74	0	0	2	0	27	Minnesota	27137	St. Louis County	1
5958208997877088256	46.94815	-92.43222	1	WQP	1	13	13	4	4		0	0	0	0	27	Minnesota	27137	St. Louis County	1
5958215251349471232	46.799241	-92.592146	1	WQP	1	135	27	0	0		0	0	0	0	27	Minnesota	27137	St. Louis County	1
5958270433089290240	47.410294	-92.78814	1	WQP	1	2	2	0	0		0	0	4	0	27	Minnesota	27137	St. Louis County	1
5958291186371264512	47.20552	-92.80054	1	WQP	1	33	33	4	4		0	0	0	0	27	Minnesota	27137	St. Louis County	1
5958310084227366912	46.832186	-92.694736	1	WQP	1	135	27	0	0		0	0	2	0	27	Minnesota	27137	St. Louis County	1
5958327367175766016	46.98702	-92.8115	1	WQP	1	13	13	6	6		1	0	1	0	27	Minnesota	27137	St. Louis County	1
5958366502917767168	47.023084	-93.274436	1	WQP	1	240	40	19	6	6.87	0	0	0	0	27	Minnesota	27001	Aitkin County	2
5958412270089273344	47.231531	-93.39361	1	WQP	1	113	53	1	1	12.5	0	0	0	0	27	Minnesota	27061	Itasca County	1
5958420241548574720	47.216222	-93.486839	1	WQP	1	240	40	22	6	7.14	0	0	29	0	27	Minnesota	27061	Itasca County	1
5958420550786220032	47.22102	-93.510784	1	WQP	1	40	40	3	3	3.96	16	3	195	3	27	Minnesota	27061	Itasca County	1
5958420619505696768	47.232164	-93.528274	1	WQP	1	26	13	2	2	6.57	98	1	209	5	27	Minnesota	27061	Itasca County	1
5958421684657586176	47.215072	-93.57234	1	WQP	1	80	53	0	0		2	0	7	1	27	Minnesota	27061	Itasca County	1
5958422784169213952	47.165225	-93.537845	1	WQP	1	400	40	50	8	5.21	0	0	10	0	27	Minnesota	27061	Itasca County	1
5958428522245521408	47.19922	-93.612317	1	WQP	1	280	40	37	9	4.29	0	0	0	0	27	Minnesota	27061	Itasca County	1
5958428762763689984	47.2253	-93.6464	1	WQP	1	13	13	2	2	11.3	1	0	1	0	27	Minnesota	27061	Itasca County	1
5958432095658311680	47.250893	-93.592809	1	WQP	1	200	40	25	6	7.33	5	0	24	0	27	Minnesota	27061	Itasca County	1
5958442197421391872	47.2731	-93.78416	1	WQP	1	13	13	6	6		0	0	0	0	27	Minnesota	27021	Cass County	2
5958575375767306240	46.709444	-93.484444	1	WQP	1	120	40	13	6	6.88	1	0	12	1	27	Minnesota	27001	Aitkin County	1
5958590872009310208	46.723377	-93.97892	1	WQP	1	2	2	0	0		0	0	2	0	27	Minnesota	27035	Crow Wing County	1
5958590975088525312	46.7313045	-93.95524	2	WQP	2	82	41	10	5	4.42	11	0	6	0	27	Minnesota	27035	Crow Wing County	1
5958591009448263680	46.734975	-93.94705	1	WQP	1	2	2	0	0		2	0	13	0	27	Minnesota	27035	Crow Wing County	1
5958600183498407936	46.54425	-93.955889	1	WQP	1	160	40	21	7	8.28	0	0	4	0	27	Minnesota	27035	Crow Wing County	1
5958602176363233280	46.487358	-93.93031	1	WQP	1	2	2	0	0		0	0	11	1	27	Minnesota	27035	Crow Wing County	1
5958609735505674240	46.5405	-93.7072	1	WQP	1	13	13	0	0		30	0	99	2	27	Minnesota	27001	Aitkin County	1
5958633031408287744	46.227695	-93.795485	1	WQP	1	26	13	2	1	23.4	1	0	6	0	27	Minnesota	27095	Mille Lacs County	1
5958778166943154176	46.788902	-92.654432	1	WQP	1	135	27	0	0		0	0	0	0	27	Minnesota	27137	St. Louis County	1
5958779335174258688	46.6908	-92.63	1	WQP	1	135	27	6	3		1	0	11	0	27	Minnesota	27017	Carlton County	1
5958779472613212160	46.693817	-92.644524	1	WQP	1	162	27	0	0		0	0	3	0	27	Minnesota	27017	Carlton County	1
5958780091088502784	46.688338	-92.671866	1	WQP	1	135	27	0	0		0	0	0	0	27	Minnesota	27017	Carlton County	1
5958782668068880384	46.576988	-92.667375	1	WQP	1	80	40	0	0		0	0	1	0	27	Minnesota	27017	Carlton County	1
5958796927360303104	46.430588	-92.738868	1	WQP	1	594	27	12	1		0	0	3	0	27	Minnesota	27017	Carlton County	1
5958798679706959872	46.453312	-92.757318	1	WQP	1	40	40	2	2	1.25	7	0	61	0	27	Minnesota	27017	Carlton County	1
5958799366901727232	46.454575	-92.762147	1	WQP	1	80	40	24	12	19.2	13	0	58	0	27	Minnesota	27017	Carlton County	1
5958805689093586944	46.343352	-92.792975	1	WQP	1	80	40	2	1	0.299	0	0	0	0	27	Minnesota	27115	Pine County	1
5958806101410447360	46.38002	-92.82319	1	WQP	1	120	53	34	15	16.0	2	0	6	0	27	Minnesota	27115	Pine County	1
5958809571744022528	46.302329	-92.803725	1	WQP	1	40	40	1	1	1.81	1	0	1	0	27	Minnesota	27115	Pine County	1
5958826820332683264	46.124816	-92.625461	1	WQP	1	40	40	2	2	2.94	0	0	1	0	27	Minnesota	27115	Pine County	1
5958830840422072320	46.047149	-92.693298	1	WQP	1	40	40	1	1	2.06	0	0	0	0	27	Minnesota	27115	Pine County	1
5958838914960588800	45.925861	-92.63865	1	WQP	1	12	3	0	0		0	0	0	0	27	Minnesota	27115	Pine County	2
5958892000756367360	46.018347	-92.945288	1	WQP	1	40	40	4	4	32.2	12	0	44	0	27	Minnesota	27115	Pine County	1
5958930140065955840	45.568925	-92.8974	1	WQP	1	39	13	3	1	32.2	1	0	1	0	27	Minnesota	27025	Chisago County	1
5958976525712752640	45.548	-92.738	1	WQP	1	442	13	7	2	5.77	0	0	0	0	27	Minnesota	27025	Chisago County	2
5958977522145165312	45.56509	-92.7953	1	WQP	1	13	13	3	3		0	0	0	0	27	Minnesota	27025	Chisago County	2
5959024904224374784	45.018384	-92.765004	1	WQP	1	12	3	0	0		2	0	46	0	27	Minnesota	27163	Washington County	2
5959028099680043008	45.152156	-92.79365	1	WQP	1	40	40	9	9	71.0	0	0	4	0	27	Minnesota	27163	Washington County	1
5959038545040506880	45.25723	-92.88063	1	WQP	1	40	40	2	2	43.3	1	0	10	0	27	Minnesota	27163	Washington County	1
5959040572265070592	45.21765	-92.8893	1	WQP	1	2	2	0	0		2	1	9	0	27	Minnesota	27163	Washington County	1
5959044592354459648	45.1573	-92.8038	1	WQP	1	208	13	2	2		0	0	8	0	27	Minnesota	27163	Washington County	1
5959045520067395584	45.079179	-92.828685	1	WQP	1	40	40	1	1	6.26	1	0	87	0	27	Minnesota	27163	Washington County	1
5959048303206203392	44.975784	-92.809128	1	WQP	1	40	40	11	11	97.1	0	0	4	0	27	Minnesota	27163	Washington County	1
5959048578084110336	44.987834	-92.82964	1	WQP	1	40	40	2	2	78.6	2	0	8	1	27	Minnesota	27163	Washington County	1
5959049093480185856	45.016306	-92.846128	1	WQP	1	80	40	22	11	89.0	0	0	15	2	27	Minnesota	27163	Washington County	1
5959049505797046272	45.021162	-92.857096	1	WQP	1	40	40	7	7	144.0	13	2	44	1	27	Minnesota	27163	Washington County	1
5959049815034691584	45.019982	-92.884835	1	WQP	1	120	53	30	15	254.0	0	0	24	1	27	Minnesota	27163	Washington County	1
5959049849394429952	45.016603	-92.88436	1	WQP	1	40	40	7	7	145.0	0	0	29	0	27	Minnesota	27163	Washington County	1
5959050021193121792	45.013464	-92.88153	1	WQP	1	40	40	9	9	280.0	0	0	31	0	27	Minnesota	27163	Washington County	1
5959050089912598528	45.008745	-92.870615	1	WQP	1	80	53	11	7	194.0	1	0	56	1	27	Minnesota	27163	Washington County	1
5959050158632075264	44.992575	-92.874163	1	WQP	1	120	53	19	9	122.0	19	0	44	0	27	Minnesota	27163	Washington County	1
5959050192991813632	44.990318	-92.872725	1	WQP	1	80	40	10	10	772.0	0	0	42	0	27	Minnesota	27163	Washington County	1
5959050399150243840	44.9795	-92.8874	1	WQP	1	312	13	38	6		1	0	6	0	27	Minnesota	27163	Washington County	1
5959050433509982208	44.9680406	-92.8809306	5	WQP	5	131	53	26	12	112.0	0	0	14	0	27	Minnesota	27163	Washington County	1
5959050536589197312	44.984846	-92.898346	1	WQP	1	3036	40	414	27		0	0	26	1	27	Minnesota	27163	Washington County	1
5959050570948935680	44.983713	-92.88069	1	WQP	1	7	7	3	3		0	0	47	0	27	Minnesota	27163	Washington County	1
5959050845826842624	44.968320500000004	-92.906801	2	WQP	2	91	7	33	6		6	1	4	0	27	Minnesota	27163	Washington County	1
5959050880186580992	44.9669855	-92.91224	8	WQP	8	189	7	99	7		0	0	12	1	27	Minnesota	27163	Washington County	1
5959050948906057728	44.97428818181818	-92.92724627272727	11	WQP	11	318	7	91	3		0	0	6	0	27	Minnesota	27163	Washington County	1
5959050983265796096	44.970187	-92.92170883333334	6	WQP	6	114	7	39	4		2	0	8	0	27	Minnesota	27163	Washington County	1
5959051051985272832	44.976109208333334	-92.93228083333334	24	WQP	24	745	7	193	5		3	0	10	0	27	Minnesota	27163	Washington County	1
5959051086345011200	44.98103	-92.937804	1	WQP	1	42	7	12	3		0	0	21	0	27	Minnesota	27163	Washington County	1
5959051292503441408	45.0157	-92.9245	1	WQP	1	247	13	23	4		2	0	16	1	27	Minnesota	27163	Washington County	1
5959051464302133248	45.015419	-92.915308	1	WQP	1	80	53	22	17	107.0	0	0	18	1	27	Minnesota	27163	Washington County	1
5959051498661871616	45.024797	-92.919829	1	WQP	1	80	53	19	13	23.0	3	0	15	0	27	Minnesota	27163	Washington County	1
5959051704820301824	45.021032000000005	-92.941005	2	WQP	2	150	13	11	3		3	0	18	0	27	Minnesota	27163	Washington County	1
5959052151496900608	45.056784	-92.909256	1	WQP	1	14	7	10	6		0	0	12	0	27	Minnesota	27163	Washington County	1
5959052460734545920	45.038589	-92.88419	1	WQP	1	80	40	19	10	114.0	2	0	20	1	27	Minnesota	27163	Washington County	1
5959053216648790016	45.104292	-92.878492	1	WQP	1	40	40	4	4	60.5	0	0	5	0	27	Minnesota	27163	Washington County	1
5959054316160417792	45.0737	-92.9886	1	WQP	1	169	13	7	2		1	0	20	0	27	Minnesota	27123	Ramsey County	2
5959056377744719872	45.022338	-92.974665	1	WQP	1	40	40	7	7	70.9	16	0	106	2	27	Minnesota	27163	Washington County	1
5959056652622626816	45.0173	-92.9438	1	WQP	1	208	13	23	5		5	0	17	0	27	Minnesota	27163	Washington County	1
5959056755701841920	44.990239	-92.953823	1	WQP	1	7	7	0	0		5	0	95	0	27	Minnesota	27163	Washington County	1
5959056790061580288	44.988044	-92.959387	1	WQP	1	2	2	0	0		8	0	100	0	27	Minnesota	27163	Washington County	1
5959056858781057024	44.978791	-92.94096	1	WQP	1	42	7	12	3		1	0	49	0	27	Minnesota	27163	Washington County	1
5959056927500533760	44.963152	-92.953835	1	WQP	1	7	7	0	0		28	0	92	3	27	Minnesota	27163	Washington County	1
5959057271097917440	44.996171600000004	-92.984566	5	WQP	5	10	2	0	0		5	0	65	2	27	Minnesota	27123	Ramsey County	2
5959057511616086016	44.974842	-92.990679	1	WQP	1	120	53	20	10	104.0	3	0	87	0	27	Minnesota	27123	Ramsey County	1
5959058267530330112	45.022662	-93.01344	1	WQP	1	78	13	6	1		3	0	227	0	27	Minnesota	27123	Ramsey County	1
5959058679847190528	45.0081	-93.0607	1	WQP	1	78	13	15	4		11	0	102	0	27	Minnesota	27123	Ramsey County	1
5959059435761434624	44.9879	-93.0528	1	WQP	1	182	13	31	5		6	0	97	0	27	Minnesota	27123	Ramsey County	1
5959060329114632192	45.0211	-93.0701	1	WQP	1	208	13	47	5		2	0	39	0	27	Minnesota	27123	Ramsey County	1
5959060947589922816	45.053053	-93.068617	1	WQP	1	52	13	10	4	468.0	4	0	53	0	27	Minnesota	27123	Ramsey County	1
5959063971246899200	45.1637	-93.07	1	WQP	1	169	13	12	1		0	0	9	0	27	Minnesota	27003	Anoka County	1
5959064143045591040	45.1721	-93.0546	1	WQP	1	130	13	10	1		6	0	90	0	27	Minnesota	27003	Anoka County	1
5959065002039050240	45.1099	-93.0141	1	WQP	1	208	13	6	1		0	0	10	0	27	Minnesota	27123	Ramsey County	1
5959065895392247808	45.143166	-92.968277	1	WQP	1	40	40	4	4	68.9	0	0	9	0	27	Minnesota	27163	Washington County	1
5959071564749078528	45.261987	-93.125787	1	WQP	1	120	53	25	12	166.0	0	0	0	0	27	Minnesota	27003	Anoka County	1
5959073282735996928	45.321824	-93.108298	1	WQP	1	40	40	1	1	8.58	0	0	1	0	27	Minnesota	27003	Anoka County	1
5959074657125531648	45.406269	-93.109194	1	WQP	1	40	40	2	2	26.9	1	0	3	0	27	Minnesota	27003	Anoka County	1
5959074966363176960	45.38452899999999	-93.10094983333333	6	WQP	6	274	44	134	14	84000.0	4	0	3	0	27	Minnesota	27003	Anoka County	1
5959078161818845184	45.328503	-92.977664	1	WQP	1	40	40	6	6	66.8	1	0	33	1	27	Minnesota	27025	Chisago County	1
5959079811086286848	45.260517	-93.001743	1	WQP	1	40	40	5	5		8	0	144	2	27	Minnesota	27163	Washington County	1
5959080807518699520	45.284945	-92.95513	1	WQP	1	2	2	0	0		0	0	6	1	27	Minnesota	27163	Washington County	1
5959086442515791872	45.407611	-92.880589	1	WQP	0	0	0	0	0		0	0	6	1	27	Minnesota	27025	Chisago County	1
5959093589341372416	45.498021	-92.894547	1	WQP	1	13	13	1	1	63.0	0	0	8	0	27	Minnesota	27025	Chisago County	1
5959095376047767552	45.527839	-92.874591	1	WQP	1	13	13	1	1	3.37	1	0	0	0	27	Minnesota	27025	Chisago County	1
5959109841497620480	45.407239	-93.184011	1	WQP	1	113	51	3	2	5.58	0	0	1	0	27	Minnesota	27003	Anoka County	2
5959112487197474816	45.412203	-93.286325	1	WQP	1	40	40	1	1	1.13	0	0	4	0	27	Minnesota	27003	Anoka County	2
5959122073564479488	45.398998	-93.411648	1	WQP	1	80	53	13	10	17.8	0	0	2	0	27	Minnesota	27003	Anoka County	1
5959122142283956224	45.404566	-93.38924	1	WQP	1	40	40	2	2	5.74	4	1	28	1	27	Minnesota	27003	Anoka County	1
5959124306947473408	45.406449	-93.312372	1	WQP	1	40	40	2	2	6.64	0	0	2	0	27	Minnesota	27003	Anoka County	1
5959124959782502400	45.352077	-93.316057	1	WQP	1	40	40	1	1	3.32	1	0	5	0	27	Minnesota	27003	Anoka County	1
5959128223957647360	45.328398	-93.412158	1	WQP	1	40	40	7	7	9.46	0	0	15	0	27	Minnesota	27003	Anoka County	1
5959131831730176000	45.321646	-93.344847	1	WQP	1	80	40	6	3	15.9	6	0	14	0	27	Minnesota	27003	Anoka County	1
5959132072248344576	45.295959	-93.327391	1	WQP	1	40	40	1	1	6.69	7	0	7	0	27	Minnesota	27003	Anoka County	1
5959132793802850304	45.270902	-93.333152	1	WQP	1	80	40	6	3	35.2	3	1	21	0	27	Minnesota	27003	Anoka County	1
5959133206119710720	45.267463	-93.282966	1	WQP	1	40	40	7	7	6.26	1	0	122	0	27	Minnesota	27003	Anoka County	1
5959133790235262976	45.253845	-93.235209	1	WQP	1	40	40	7	7	88.8	43	2	47	0	27	Minnesota	27003	Anoka County	1
5959136435935117312	45.372159	-93.260807	1	WQP	1	33	33	3	3	148.0	2	0	5	0	27	Minnesota	27003	Anoka County	1
5959137294928576512	45.338525	-93.253429	1	WQP	1	40	40	1	1	4.13	49	0	21	3	27	Minnesota	27003	Anoka County	1
5959137466727268352	45.345342	-93.23017	1	WQP	1	80	53	18	13	21.9	0	0	17	0	27	Minnesota	27003	Anoka County	1
5959137741605175296	45.348884	-93.181814	1	WQP	1	40	40	3	3	38.8	0	0	7	0	27	Minnesota	27003	Anoka County	1
5959140971420581888	45.284891	-93.202923	1	WQP	1	40	40	10	10	3900.0	0	0	14	0	27	Minnesota	27003	Anoka County	1
5959141658615349248	45.28358	-93.151466	1	WQP	1	80	40	12	6	6.86	4	0	10	0	27	Minnesota	27003	Anoka County	1
5959142139651686400	45.239287	-93.162804	1	WQP	1	40	40	6	6	89.2	3	0	9	0	27	Minnesota	27003	Anoka County	1
5959142655047761920	45.18588	-93.123085	2	WQP	2	80	40	10	10	23.0	2	1	63	0	27	Minnesota	27003	Anoka County	1
5959146606417674240	45.155051	-93.222932	1	WQP	1	80	40	23	12	69.3	51	2	242	1	27	Minnesota	27003	Anoka County	1
5959148152605900800	45.136634	-93.232259	1	WQP	1	40	40	11	11	281.0	105	0	178	3	27	Minnesota	27003	Anoka County	1
5959149973672034304	45.17571	-93.122235	1	WQP	1	40	40	8	8	14.0	16	0	99	1	27	Minnesota	27003	Anoka County	1
5959152103975813120	45.044	-93.17	1	WQP	1	746	41	170	12		0	0	59	1	27	Minnesota	27123	Ramsey County	1
5959152344493981696	45.0361	-93.1538	1	WQP	1	91	13	9	3		11	0	91	0	27	Minnesota	27123	Ramsey County	1
5959152516292673536	45.051886	-93.147508	1	WQP	1	26	13	13	8	279.0	49	0	185	5	27	Minnesota	27123	Ramsey County	1
5959153134767964160	45.0178	-93.1416	1	WQP	1	234	13	64	10		5	0	86	0	27	Minnesota	27123	Ramsey County	1
5959153203487440896	45.0043	-93.12444	1	WQP	1	40	40	10	10	94.8	18	0	36	0	27	Minnesota	27123	Ramsey County	1
5959153684523778048	44.96177	-93.11188	1	WQP	1	80	53	12	8	89.6	71	0	457	4	27	Minnesota	27123	Ramsey County	1
5959153890682208256	44.9785	-93.1398	1	WQP	1	287	41	91	14		9	0	210	2	27	Minnesota	27123	Ramsey County	1
5959156089705463808	44.975514	-93.220284	1	WQP	1	26	13	8	6	43.6	67	3	727	9	27	Minnesota	27053	Hennepin County	1
5959156605101539328	44.968966	-93.258515	1	WQP	1	40	40	7	7	36.6	44	1	940	11	27	Minnesota	27053	Hennepin County	1
5959157910771597312	45.0426	-93.2235	1	WQP	1	208	13	38	5		41	0	132	1	27	Minnesota	27003	Anoka County	2
5959159869276684288	45.068637	-93.302856	1	WQP	1	40	40	11	11	49.6	36	0	221	3	27	Minnesota	27053	Hennepin County	1
5959160212874067968	45.098792	-93.33989	1	WQP	1	40	40	10	10	44.7	4	0	172	0	27	Minnesota	27053	Hennepin County	1
5959160384672759808	45.08065	-93.34732	1	WQP	1	40	40	11	11	36.3	8	0	145	0	27	Minnesota	27053	Hennepin County	1
5959160762629881856	45.058925	-93.33807	1	WQP	1	40	40	10	10	29.2	5	0	128	0	27	Minnesota	27053	Hennepin County	1
5959160831349358592	45.052462	-93.350506	1	WQP	1	120	53	32	16	213.0	6	0	195	1	27	Minnesota	27053	Hennepin County	1
5959160900068835328	45.037354	-93.33523349999999	2	WQP	2	364	41	91	17		31	0	165	1	27	Minnesota	27053	Hennepin County	1
5959161037507788800	45.026887	-93.327437	1	WQP	1	156	40	32	10		2	0	198	1	27	Minnesota	27053	Hennepin County	1
5959161655983079424	45.034962	-93.286058	1	WQP	1	106	54	32	16	31.0	27	0	200	4	27	Minnesota	27003	Anoka County	2
5959161724702556160	45.027531	-93.27326	1	WQP	1	160	53	34	18	142.0	48	1	316	13	27	Minnesota	27053	Hennepin County	1
5959162137019416576	44.9932	-93.2732	1	WQP	1	240	40	43	9	9.53	103	1	682	10	27	Minnesota	27053	Hennepin County	1
5959162996012875776	44.9555	-93.3088	1	WQP	1	470	41	124	17	38.7	13	0	311	0	27	Minnesota	27053	Hennepin County	1
5959163133451829248	44.9597	-93.3211	1	WQP	1	536	41	105	17	25.5	5	0	155	0	27	Minnesota	27053	Hennepin County	1
5959163373969997824	44.9939	-93.3377	1	WQP	1	596	41	139	18		0	0	112	1	27	Minnesota	27053	Hennepin County	1
5959163786286858240	45.021444	-93.32685	1	WQP	1	80	53	23	18	54.5	31	0	170	1	27	Minnesota	27053	Hennepin County	1
5959164645280317440	44.959167	-93.342428	1	WQP	1	53	44	12	9	34.7	18	0	213	2	27	Minnesota	27053	Hennepin County	1
5959164851438747648	44.959753	-93.371625	1	WQP	1	13	13	6	6	22.5	14	0	193	0	27	Minnesota	27053	Hennepin County	1
5959165607352991744	44.9973	-93.4216	1	WQP	1	378	41	49	8		2	1	78	2	27	Minnesota	27053	Hennepin County	1
5959166947382788096	45.05314	-93.361958	1	WQP	1	120	53	30	15	32.4	20	0	267	6	27	Minnesota	27053	Hennepin County	1
5959167497138601984	45.084134	-93.369403	1	WQP	1	80	53	22	16	86.4	5	0	192	1	27	Minnesota	27053	Hennepin County	1
5959171070551392256	45.103283	-93.30848	1	WQP	1	80	53	15	10	95.5	15	0	53	0	27	Minnesota	27053	Hennepin County	1
5959171139270868992	45.118295	-93.302163	1	WQP	1	66	44	11	7	61.1	5	0	42	0	27	Minnesota	27053	Hennepin County	1
5959171242350084096	45.10461	-93.2785	1	WQP	1	13	13	0	0		4	0	278	8	27	Minnesota	27003	Anoka County	2
5959174540884967424	45.217744	-93.33495	1	WQP	1	159	54	48	14	43.4	8	0	34	0	27	Minnesota	27003	Anoka County	1
5959175915274502144	45.19619	-93.39272	1	WQP	1	13	13	1	1	8.31	65	0	210	2	27	Minnesota	27003	Anoka County	1
5959176636829007872	45.227054	-93.434689	1	WQP	1	40	40	10	10	32.4	57	1	206	3	27	Minnesota	27003	Anoka County	1
5959179076370432000	45.23426	-93.49636	2	WQP	2	26	13	6	5		3	0	6	0	27	Minnesota	27003	Anoka County	2
5959189693529587712	44.978274	-93.492619	1	WQP	1	273	39	47	11		6	1	127	0	27	Minnesota	27053	Hennepin County	1
5959189934047756288	44.993588	-93.471773	1	WQP	1	275	40	48	8		5	0	134	1	27	Minnesota	27053	Hennepin County	1
5959190758681477120	45.001	-93.5197	1	WQP	1	196	40	32	10		2	0	18	0	27	Minnesota	27053	Hennepin County	1
5959195637764325376	45.055	-93.6655	1	WQP	1	208	13	9	1		3	0	18	1	27	Minnesota	27053	Hennepin County	1
5959197664988889088	44.948	-93.5987	1	WQP	1	39	13	3	1		0	0	38	0	27	Minnesota	27053	Hennepin County	1
5959199692213452800	44.974926	-93.686727	1	WQP	1	195	13	15	1		0	0	4	0	27	Minnesota	27053	Hennepin County	1
5959207560593539072	45.137233	-93.66037	1	WQP	1	40	40	0	0		1	0	3	0	27	Minnesota	27053	Hennepin County	1
5959211821201096704	45.2168	-93.7605	1	WQP	1	221	13	0	0		0	0	1	0	27	Minnesota	27171	Wright County	1
5959219517782491136	45.305158	-93.685621	1	WQP	1	240	40	39	8	8.92	0	0	2	0	27	Minnesota	27141	Sherburne County	2
5959222266561560576	45.29729	-93.57205	2	WQP	2	26	13	5	4		2	0	127	3	27	Minnesota	27141	Sherburne County	2
5959222369640775680	45.317413	-93.585979	1	WQP	1	40	40	7	7	476.0	22	0	114	0	27	Minnesota	27141	Sherburne County	1
5959222678878420992	45.288694	-93.558167	1	WQP	1	13	13	1	1	6.14	3	0	116	2	27	Minnesota	27141	Sherburne County	2
5959223400432926720	45.25503	-93.535499	1	WQP	1	160	40	28	9	8.82	0	0	18	1	27	Minnesota	27141	Sherburne County	2
5959224018908217344	45.255634	-93.459695	1	WQP	1	40	40	6	6	20.0	3	0	18	0	27	Minnesota	27003	Anoka County	1
5959224499944554496	45.287522	-93.488738	1	WQP	1	40	40	3	3	11.4	0	0	10	0	27	Minnesota	27003	Anoka County	1
5959228382594990080	45.3375	-93.5547	1	WQP	1	80	53	12	8	17.1	0	0	33	0	27	Minnesota	27141	Sherburne County	1
5959229482106617856	45.355665	-93.611924	1	WQP	1	40	40	2	2	15.7	2	1	7	2	27	Minnesota	27141	Sherburne County	1
5959266796782485504	45.7555	-93.657139	1	WQP	1	120	53	23	13	26.8	26	0	85	0	27	Minnesota	27095	Mille Lacs County	1
5959279303727251456	45.596105	-93.625704	1	WQP	1	13	13	1	1	6.38	0	0	6	0	27	Minnesota	27095	Mille Lacs County	1
5959280059641495552	45.563403	-93.614513	1	WQP	1	13	13	1	1	3.14	10	0	48	2	27	Minnesota	27095	Mille Lacs County	1
5959283667414024192	45.573376	-93.439835	1	WQP	1	1035	40	106	7		0	0	1	0	27	Minnesota	27059	Isanti County	1
5959312048557916160	45.7212	-93.3582	1	WQP	1	719	40	66	6		0	0	1	0	27	Minnesota	27059	Isanti County	1
5959328541232332800	45.88236	-93.31	1	WQP	1	13	13	1	1	4.1	1	0	83	1	27	Minnesota	27065	Kanabec County	1
5959357918808637440	46.071654	-93.666	1	WQP	1	80	53	25	18	65.8	35	1	20	1	27	Minnesota	27095	Mille Lacs County	1
5959406331679997952	45.977167	-94.092524	1	WQP	1	40	40	4	4	0.606	2	0	48	0	27	Minnesota	27097	Morrison County	1
5959430830173454336	46.074417	-94.334806	1	WQP	1	120	40	14	6	7.65	2	0	44	2	27	Minnesota	27097	Morrison County	1
5959452682967056384	45.961727	-94.38348	1	WQP	1	200	40	27	8	7.73	3	0	12	1	27	Minnesota	27097	Morrison County	1
5959460963664003072	45.746	-94.222064	1	WQP	1	13	13	0	0		0	0	38	0	27	Minnesota	27009	Benton County	1
5959461101102956544	45.72733	-94.22126	1	WQP	1	13	13	1	1	3.95	0	0	9	0	27	Minnesota	27009	Benton County	2
5959480170757750784	45.612917	-94.4565	1	WQP	1	80	53	10	8	3.83	3	0	47	1	27	Minnesota	27145	Stearns County	1
5959483778530279424	45.5656	-94.3912	1	WQP	1	26	13	5	3	15.2	1	0	10	1	27	Minnesota	27145	Stearns County	1
5959486355510657024	45.5821	-94.2607	1	WQP	1	53	44	2	2	0.343	0	0	14	0	27	Minnesota	27145	Stearns County	1
5959486664748302336	45.593794	-94.30807	1	WQP	1	80	53	23	17	16.3	2	1	12	0	27	Minnesota	27145	Stearns County	1
5959491234593505280	45.626544	-94.211902	1	WQP	1	80	40	4	4	7.89	8	0	56	1	27	Minnesota	27009	Benton County	2
5959491612550627328	45.59723	-94.18272	1	WQP	1	280	40	38	8	8.78	4	0	84	0	27	Minnesota	27009	Benton County	2
5959491715629842432	45.57888	-94.16694	1	WQP	1	13	13	1	1	6.87	4	0	254	1	27	Minnesota	27009	Benton County	2
5959492368464871424	45.5792	-94.2345	1	WQP	1	40	40	3	3	0.73	2	0	38	0	27	Minnesota	27145	Stearns County	1
5959492849501208576	45.557971	-94.243173	1	WQP	1	40	40	9	9	11.9	14	0	195	5	27	Minnesota	27145	Stearns County	1
5959492918220685312	45.545516	-94.227919	1	WQP	1	40	40	7	7	10.2	41	0	196	1	27	Minnesota	27145	Stearns County	1
5959493364897284096	45.551178	-94.196924	1	WQP	1	79	53	26	17	10.3	37	0	222	1	27	Minnesota	27145	Stearns County	1
5959493433616760832	45.5569	-94.1825	1	WQP	1	40	40	9	9	7.24	37	0	300	1	27	Minnesota	27145	Stearns County	1
5959493605415452672	45.546427	-94.159174	1	WQP	1	40	40	10	10	15.7	22	0	323	0	27	Minnesota	27145	Stearns County	1
5959494258250481664	45.548056	-94.149457	1	WQP	1	40	40	10	10	6.5	20	0	248	0	27	Minnesota	27145	Stearns County	1
5959538788471406592	45.486611	-94.007389	1	WQP	1	13	13	1	1	6.57	1	0	0	0	27	Minnesota	27141	Sherburne County	1
5959540643897278464	45.517842	-94.140705	1	WQP	1	200	40	29	7	8.56	0	0	10	0	27	Minnesota	27141	Sherburne County	2
5959540850055708672	45.4934	-94.1479	1	WQP	1	13	13	1	1	5.02	10	0	61	2	27	Minnesota	27141	Sherburne County	2
5959544938864574464	45.417611	-94.043806	1	WQP	1	26	13	2	1	7.07	1	0	43	0	27	Minnesota	27141	Sherburne County	2
5959545041943789568	45.434703	-94.051301	1	WQP	1	240	40	41	9	8.28	0	0	7	0	27	Minnesota	27141	Sherburne County	2
5959561672057159680	45.32221	-93.8161	1	WQP	1	33	33	4	4		1	0	14	0	27	Minnesota	27141	Sherburne County	2
5959561809496113152	45.32016	-93.81419	1	WQP	1	240	40	42	9	8.67	1	0	77	0	27	Minnesota	27141	Sherburne County	2
5959564901872566272	45.1659	-93.7908	1	WQP	1	78	13	0	0		0	0	4	0	27	Minnesota	27171	Wright County	1
5959594691765731328	45.12479	-93.99624	2	WQP	2	46	35	8	5		0	0	3	0	27	Minnesota	27171	Wright County	1
5959631456685785088	45.1924	-94.28959	1	WQP	1	13	13	2	2		0	0	2	0	27	Minnesota	27093	Meeker County	1
5959657879324590080	45.5119	-94.1728	1	WQP	1	80	53	16	11	11.4	12	0	54	2	27	Minnesota	27145	Stearns County	1
5959663651760635904	45.406168	-94.3101875	2	WQP	2	80	40	10	5	5.39	0	0	11	0	27	Minnesota	27145	Stearns County	1
5959663754839851008	45.390892	-94.307802	2	WQP	2	160	40	10	3	13.3	2	0	7	0	27	Minnesota	27145	Stearns County	1
5959676742820954112	45.446248	-94.6186	1	WQP	1	40	40	2	2	1.25	4	0	6	0	27	Minnesota	27145	Stearns County	1
5959790370475737088	45.3258	-94.8645	1	WQP	1	13	13	1	1	10.3	0	0	6	0	27	Minnesota	27067	Kandiyohi County	1
5959872352811483136	45.7694	-94.734	1	WQP	1	40	40	0	0		0	0	4	0	27	Minnesota	27145	Stearns County	2
5959912553705373696	45.973219	-94.86235	1	WQP	1	13	13	7	7	45.7	49	0	58	1	27	Minnesota	27153	Todd County	1
5959915302484443136	46.096536	-94.87041	1	WQP	1	2	2	0	0		1	0	11	0	27	Minnesota	27153	Todd County	1
5960018209900855296	46.441995	-95.126102	1	WQP	1	120	53	14	7	2.32	20	2	145	0	27	Minnesota	27159	Wadena County	1
5960028071145766912	46.556465	-94.905424	1	WQP	1	40	40	0	0		0	0	1	0	27	Minnesota	27159	Wadena County	1
5960052191682101248	46.511692	-94.743076	1	WQP	1	160	53	13	6	7.0	0	0	0	0	27	Minnesota	27021	Cass County	1
5960094763397939200	46.123824	-94.447181	1	WQP	1	80	40	0	0		0	0	0	0	27	Minnesota	27097	Morrison County	1
5960095519312183296	46.181536	-94.425995	1	WQP	1	800	40	88	11		0	0	0	0	27	Minnesota	27097	Morrison County	1
5960099195804188672	46.211481	-94.515933	1	WQP	1	80	40	0	0		0	0	4	0	27	Minnesota	27097	Morrison County	1
5960101600985874432	46.30296	-94.53706	1	WQP	1	33	33	2	2		0	0	0	0	27	Minnesota	27021	Cass County	2
5960115173082529792	46.425529	-94.324982	1	WQP	1	40	40	0	0		2	0	8	0	27	Minnesota	27021	Cass County	2
5960115619759128576	46.379557	-94.300498	1	WQP	1	40	40	1	1	0.14	1	0	1	0	27	Minnesota	27035	Crow Wing County	1
5960116066435727360	46.360366	-94.287441	1	WQP	1	160	53	7	3	4.19	1	0	5	0	27	Minnesota	27035	Crow Wing County	1
5960117612623953920	46.281389	-94.331389	1	WQP	1	200	40	21	7	7.61	0	0	5	0	27	Minnesota	27021	Cass County	2
5960118024940814336	46.303312	-94.28517	1	WQP	1	2	2	0	0		0	0	2	0	27	Minnesota	27035	Crow Wing County	1
5960122972743139328	46.18163	-94.36755	1	WQP	1	13	13	1	1	5.34	0	0	1	0	27	Minnesota	27035	Crow Wing County	2
5960154549342699520	46.40732	-94.15672	1	WQP	1	160	40	21	7	7.66	0	0	7	0	27	Minnesota	27035	Crow Wing County	1
5960154652421914624	46.387222	-94.171944	1	WQP	1	13	13	1	1	5.42	0	0	20	2	27	Minnesota	27035	Crow Wing County	1
5960154858580344832	46.381389	-94.178889	1	WQP	1	13	13	0	0		12	2	31	0	27	Minnesota	27035	Crow Wing County	1
5960157847877582848	46.362597	-94.192657	1	WQP	1	40	40	0	0		26	0	186	4	27	Minnesota	27035	Crow Wing County	1
5960157950956797952	46.348577	-94.208054	1	WQP	1	13	13	1	1	6.7	13	0	359	2	27	Minnesota	27035	Crow Wing County	1
5960157985316536320	46.360681	-94.211255	1	WQP	1	160	40	15	7	7.64	92	0	229	2	27	Minnesota	27035	Crow Wing County	1
5960158054036013056	46.354729	-94.232018	1	WQP	1	40	40	2	2	2.78	12	0	163	0	27	Minnesota	27035	Crow Wing County	1
5960158088395751424	46.350325	-94.229136	1	WQP	1	80	53	11	10	7.24	9	0	168	1	27	Minnesota	27035	Crow Wing County	1
5960159359706071040	46.2951	-94.2623	1	WQP	1	73	51	7	7	10.1	2	0	5	0	27	Minnesota	27035	Crow Wing County	1
5960159428425547776	46.303931	-94.253508	1	WQP	1	40	40	4	4	10.2	2	0	9	0	27	Minnesota	27035	Crow Wing County	1
5960159737663193088	46.3337585	-94.23662999999999	2	WQP	2	53	42	9	8	8.27	4	1	86	0	27	Minnesota	27035	Crow Wing County	1
5960159772022931456	46.340112	-94.24612	1	WQP	1	40	40	1	1	25.2	6	0	74	1	27	Minnesota	27035	Crow Wing County	1
5960159806382669824	46.348786	-94.245936	1	WQP	1	40	40	1	1	1.04	27	0	94	1	27	Minnesota	27035	Crow Wing County	1
5960159840742408192	46.3481975	-94.2380175	2	WQP	2	80	40	15	8	16.7	34	0	107	1	27	Minnesota	27035	Crow Wing County	1
5960159875102146560	46.353907	-94.238488	1	WQP	1	80	40	10	5	4.07	30	0	116	0	27	Minnesota	27035	Crow Wing County	1
5960160493577437184	46.373028	-94.247172	1	WQP	1	40	40	10	10	15.3	16	0	33	0	27	Minnesota	27035	Crow Wing County	1
5960160527937175552	46.375799	-94.249338	1	WQP	1	40	40	7	7	3.6	3	0	55	0	27	Minnesota	27035	Crow Wing County	1
5960160596656652288	46.366803	-94.239855	1	WQP	1	40	40	2	2	1.86	16	0	79	0	27	Minnesota	27035	Crow Wing County	1
5960160905894297600	46.384089	-94.213981	1	WQP	1	80	53	17	12	7.71	0	0	10	0	27	Minnesota	27035	Crow Wing County	1
5960163104917553152	46.45881	-94.226137	1	WQP	1	40	40	1	1	0.437	0	0	1	0	27	Minnesota	27035	Crow Wing County	1
5960163860831797248	46.499445	-94.251055	1	WQP	1	40	40	2	2	3.64	2	0	4	0	27	Minnesota	27035	Crow Wing County	1
5960164479307087872	46.514835	-94.29629	1	WQP	1	2	2	0	0		3	0	30	0	27	Minnesota	27035	Crow Wing County	1
5960167399884849152	46.585343	-94.214741	1	WQP	1	40	40	1	1	0.388	4	0	17	1	27	Minnesota	27035	Crow Wing County	1
5960179425793277952	46.559394	-94.121734	1	WQP	1	40	40	0	0		0	0	7	0	27	Minnesota	27035	Crow Wing County	1
5960180456585428992	46.643384	-94.134256	1	WQP	1	40	40	4	4	1.73	0	0	10	0	27	Minnesota	27035	Crow Wing County	1
5960186332100689920	46.738268	-94.0687	1	WQP	1	2	2	0	0		0	0	0	0	27	Minnesota	27035	Crow Wing County	1
5960187362892840960	46.681513	-94.10434	1	WQP	1	2	2	0	0		17	0	38	0	27	Minnesota	27035	Crow Wing County	1
5960187706490224640	46.687283	-94.11996	1	WQP	1	2	2	0	0		5	0	37	0	27	Minnesota	27035	Crow Wing County	1
5960190661427724288	46.711116	-94.158886	1	WQP	1	40	40	8	8	4.07	0	0	0	0	27	Minnesota	27035	Crow Wing County	1
5960194544078159872	46.608214	-94.311261	1	WQP	1	80	40	2	1	0.842	20	0	59	0	27	Minnesota	27035	Crow Wing County	1
5960207841296908288	46.520901	-94.354385	1	WQP	1	80	40	4	2	5.14	0	0	9	0	27	Minnesota	27021	Cass County	1
5960208253613768704	46.541741	-94.310511	1	WQP	1	80	40	2	1	0.185	0	0	2	0	27	Minnesota	27035	Crow Wing County	1
5960208425412460544	46.518348	-94.3055	1	WQP	1	2	2	0	0		5	0	12	0	27	Minnesota	27035	Crow Wing County	1
5960209215686443008	46.438053	-94.31174	1	WQP	1	2	2	0	0		0	0	17	0	27	Minnesota	27035	Crow Wing County	1
5960209250046181376	46.449426	-94.311231	1	WQP	1	40	40	2	2	1.27	1	0	9	0	27	Minnesota	27035	Crow Wing County	1
5960210418277285888	46.500129	-94.348826	1	WQP	1	80	53	9	8	19.1	0	0	11	0	27	Minnesota	27021	Cass County	1
5960251272006205440	46.920764	-94.489022	1	WQP	1	40	40	1	1	0.336	0	0	3	0	27	Minnesota	27021	Cass County	1
5960323393097039872	47.23335	-94.09289	1	WQP	1	33	33	2	2		0	0	0	0	27	Minnesota	27021	Cass County	1
5960328375259103232	47.319232	-94.218664	1	WQP	1	40	40	1	1	0.442	0	0	0	0	27	Minnesota	27021	Cass County	1
5960414961799790592	46.913567	-94.815456	1	WQP	1	40	40	0	0		0	0	3	0	27	Minnesota	27057	Hubbard County	1
5960421077833220096	46.747824	-94.769498	1	WQP	1	40	40	0	0		0	0	0	0	27	Minnesota	27021	Cass County	1
5960434134533799936	46.853108	-94.995036	1	WQP	1	26	13	2	1	23.3	0	0	3	1	27	Minnesota	27057	Hubbard County	1
5960435508923334656	46.907484	-95.067129	1	WQP	1	80	40	5	3	0.708	5	0	146	2	27	Minnesota	27057	Hubbard County	1
5960435612002549760	46.921108	-95.067583	1	WQP	1	13	13	0	0		27	0	93	0	27	Minnesota	27057	Hubbard County	1
5960454990894989312	46.7714	-95.075	1	WQP	1	53	44	0	0		1	0	3	0	27	Minnesota	27159	Wadena County	1
5960489247554142208	47.071909	-95.196887	1	WQP	1	40	40	0	0		0	0	0	0	27	Minnesota	27005	Becker County	1
5960500277030158336	47.239728	-95.158181	1	WQP	1	200	40	3	1	0.558	0	0	0	0	27	Minnesota	27057	Hubbard County	1
5960533640336113664	47.532095	-95.350846	1	WQP	1	40	40	0	0		3	0	3	1	27	Minnesota	27029	Clearwater County	1
5960542814386257920	47.470594	-95.266667	1	WQP	1	40	40	1	1	0.28	0	0	0	0	27	Minnesota	27029	Clearwater County	1
5960549170937856000	47.335958	-95.170548	1	WQP	1	240	40	3	1	2.26	0	0	0	0	27	Minnesota	27057	Hubbard County	1
5960553087948029952	47.456549	-95.098319	1	WQP	1	40	40	1	1	0.884	0	0	1	0	27	Minnesota	27007	Beltrami County	1
5960555802367361024	47.4367	-95.0042	1	WQP	1	13	13	0	0		0	0	0	0	27	Minnesota	27007	Beltrami County	1
5960558344988000256	47.358009	-94.941674	1	WQP	1	40	40	0	0		0	0	0	0	27	Minnesota	27057	Hubbard County	1
5960558757304860672	47.39378	-94.971638	1	WQP	1	240	40	7	2	3.86	0	0	2	0	27	Minnesota	27057	Hubbard County	1
5960562846113726464	47.461108	-94.858137	1	WQP	1	40	40	10	10	33.0	27	0	91	1	27	Minnesota	27007	Beltrami County	1
5960563567668232192	47.459894	-94.844336	3	WQP	3	93	44	25	11	18.2	6	0	82	0	27	Minnesota	27007	Beltrami County	1
5960564461021429760	47.467732	-94.876947	1	WQP	1	13	13	0	0		90	1	74	1	27	Minnesota	27007	Beltrami County	1
5960565354374627328	47.451119	-94.906574	1	WQP	1	160	40	9	5	4.88	0	0	5	0	27	Minnesota	27007	Beltrami County	1
5960568893427679232	47.508275	-94.949327	1	WQP	1	40	40	1	1	0.425	3	0	45	3	27	Minnesota	27007	Beltrami County	1
5960569099586109440	47.504868	-94.905383	1	WQP	1	40	40	8	8	17.5	19	0	89	1	27	Minnesota	27007	Beltrami County	1
5960570061658783744	47.542845	-94.846208	1	WQP	1	40	40	5	5	2.21	3	0	4	0	27	Minnesota	27007	Beltrami County	1
5960582912200933376	47.584034	-95.124984	1	WQP	1	40	40	0	0		0	0	1	0	27	Minnesota	27007	Beltrami County	1
5960739249010507776	48.583796	-95.25561	1	WQP	1	80	40	0	0		0	0	0	0	27	Minnesota	27077	Lake of the Woods County	1
5961020861426171904	47.5507	-94.80014	1	WQP	1	40	40	0	0		0	0	5	0	27	Minnesota	27007	Beltrami County	1
5961025809228496896	47.453	-94.711	1	WQP	1	240	40	21	7	4.02	0	0	1	0	27	Minnesota	27007	Beltrami County	1
5961028798525734912	47.416598	-94.718244	1	WQP	1	40	40	0	0		0	0	3	0	27	Minnesota	27007	Beltrami County	1
5961031100628205568	47.36649	-94.66187	1	WQP	1	80	40	0	0		0	0	0	0	27	Minnesota	27021	Cass County	1
5961032200139833344	47.4313	-94.64812	1	WQP	1	40	40	3	3	0.742	0	0	2	0	27	Minnesota	27007	Beltrami County	1
5961033883767013376	47.371386	-94.537844	1	WQP	1	40	40	2	2	2.53	0	0	1	0	27	Minnesota	27021	Cass County	1
5961040102879657984	47.42519	-94.47934	1	WQP	1	40	40	0	0		0	0	0	0	27	Minnesota	27007	Beltrami County	1
5961043848091140096	47.38286	-94.38861	1	WQP	1	40	40	0	0		0	0	0	0	27	Minnesota	27021	Cass County	1
5961062161831690240	47.629072	-94.292043	1	WQP	1	80	53	0	0		0	0	0	0	27	Minnesota	27061	Itasca County	1
5961210355383271424	47.447986	-93.48797	1	WQP	1	80	53	0	0		0	0	0	0	27	Minnesota	27061	Itasca County	1
5961435446029320192	48.458192	-92.965117	1	WQP	1	9	3	0	0		0	0	0	0	27	Minnesota	27137	St. Louis County	1
5961441665141964800	48.428316	-92.82693	1	WQP	1	9	3	0	0		0	0	0	0	27	Minnesota	27137	St. Louis County	1
5961442489775685632	48.46981	-92.834717	1	WQP	1	15	3	0	0		0	0	0	0	27	Minnesota	27137	St. Louis County	1
5961443280049668096	48.498935	-92.813235	1	WQP	1	9	3	0	0		0	0	0	0	27	Minnesota	27137	St. Louis County	1
5961444757518417920	48.497556	-92.887838	1	WQP	1	9	3	0	0		0	0	0	0	27	Minnesota	27137	St. Louis County	1
5961458467054026752	48.540631	-93.004552	1	WQP	1	12	3	0	0		0	0	0	0	27	Minnesota	27137	St. Louis County	1
5961472142229897216	48.59014	-93.156142	1	WQP	1	9	3	0	0		3	0	4	0	27	Minnesota	27071	Koochiching County	1
5961517084767682560	48.48513	-93.72216	1	WQP	1	13	13	5	5		0	0	0	0	27	Minnesota	27071	Koochiching County	1
5962391814987055104	48.70306	-94.3357	1	WQP	1	13	13	5	5		0	0	0	0	27	Minnesota	27071	Koochiching County	1
5963005342475354112	48.71724	-96.49442	1	WQP	1	160	40	26	8	20.8	0	0	1	0	27	Minnesota	27069	Kittson County	1
5963116358790021120	48.76562	-96.88681	1	WQP	1	120	40	13	7	21.2	0	0	0	0	27	Minnesota	27069	Kittson County	1
5963116839826358272	48.760035	-96.922333	1	WQP	1	200	40	23	8	14.6	0	0	9	0	27	Minnesota	27069	Kittson County	1
5964561735544209408	47.80058	-96.80941	1	WQP	1	993	40	100	8		0	0	9	0	27	Minnesota	27119	Polk County	1
5964899766650273792	47.631022	-95.87096	1	WQP	1	40	40	0	0		1	0	5	0	27	Minnesota	27119	Polk County	1
5964923749747654656	47.89307	-96.32799	1	WQP	1	33	33	4	4		0	0	0	0	27	Minnesota	27125	Red Lake County	1
5965158151882801152	47.25508	-96.20332	1	WQP	1	13	13	4	4		0	0	2	0	27	Minnesota	27107	Norman County	1
5965202269786865664	47.22116	-96.77777	1	WQP	1	33	33	6	6		0	0	0	0	27	Minnesota	27107	Norman County	1
5965258241800667136	46.775396	-96.64387	1	WQP	1	40	40	5	5	2.06	2	0	11	0	27	Minnesota	27027	Clay County	1
5965258276160405504	46.782975	-96.652314	1	WQP	1	40	40	3	3	1.36	9	0	3	0	27	Minnesota	27027	Clay County	1
5965307307507056640	46.561806	-96.09155	1	WQP	1	40	40	0	0		12	0	54	1	27	Minnesota	27111	Otter Tail County	1
5965342320080453632	46.615404	-96.571843	1	WQP	1	13	13	0	0		0	0	0	0	27	Minnesota	27167	Wilkin County	1
5965498107134214144	46.658164	-95.800881	1	WQP	1	80	40	0	0		10	0	8	0	27	Minnesota	27111	Otter Tail County	1
5965514359290462208	46.423936	-95.573194	1	WQP	1	39	13	3	1	6.65	3	1	9	0	27	Minnesota	27111	Otter Tail County	1
5965597784735219712	45.913109	-95.38961	1	WQP	1	2	2	0	0		1	0	12	0	27	Minnesota	27041	Douglas County	1
5965627196671262720	46.022175	-95.915289	1	WQP	1	26	13	0	0		0	0	0	0	27	Minnesota	27051	Grant County	1
5965889567633440768	45.167169	-95.919809	1	WQP	1	26	13	0	0		0	0	0	0	27	Minnesota	27151	Swift County	1
5965895202630533120	45.209381	-95.821291	1	WQP	1	13	13	0	0		0	0	0	0	27	Minnesota	27151	Swift County	1
5965907847014252544	44.94299	-95.77757	1	WQP	1	13	13	1	1		1	0	2	0	27	Minnesota	27023	Chippewa County	2
5965984056913952768	45.22267	-96.2737	1	WQP	1	33	33	4	4		0	0	1	0	27	Minnesota	27011	Big Stone County	2
5965999140839096320	45.290472	-96.436417	1	WQP	1	13	13	2	2	5.47	6	0	70	1	27	Minnesota	27011	Big Stone County	1
5966048928099991552	45.453103	-95.952343	1	WQP	1	13	13	0	0		0	0	2	0	27	Minnesota	27149	Stevens County	1
5966141149637771264	45.99984	-96.57329	1	WQP	1	33	33	4	4		0	0	0	0	27	Minnesota	27155	Traverse County	2
9280279133756063744	36.80573	-114.03293	1	WQP	1	76	38	8	8	2.4	0	0	6	0	04	Arizona	04015	Mohave County	1
9281061573718179840	35.9166	-113.33466	1	WQP	1	33	33	4	4		0	0	0	0	04	Arizona	04005	Coconino County	2
9281391014889652224	34.74043	-114.5197	1	WQP	1	76	38	7	7	2.3	0	0	4	0	04	Arizona	04015	Mohave County	2
9281427195694153728	35.07424	-114.60429	1	WQP	1	13	13	7	7		6	0	37	0	04	Arizona	04015	Mohave County	2
9281428776242118656	35.15629	-114.57068	1	WQP	1	38	38	0	0		25	0	42	1	04	Arizona	04015	Mohave County	2
9282260522428792832	33.47634	-114.6053	1	WQP	1	13	13	4	4		0	0	0	0	04	Arizona	04012	La Paz County	2
9282260625508007936	33.48702	-114.5986	1	WQP	1	76	38	0	0		0	0	0	0	04	Arizona	04012	La Paz County	2
9282270108795797504	33.6684	-114.53128	1	WQP	1	13	13	4	4		2	0	3	0	04	Arizona	04012	La Paz County	2
9282298249421520896	33.669108	-114.214369	1	WQP	1	68	34	2	2	0.795	5	0	61	0	04	Arizona	04012	La Paz County	1
9282461836135890944	34.502948	-114.359923	1	WQP	1	38	38	3	3	1.42	8	0	107	3	04	Arizona	04015	Mohave County	1
9282461870495629312	34.5016564	-114.3509978	5	WQP	5	229	38	35	9	908.0	40	2	124	2	04	Arizona	04015	Mohave County	1
9282461904855367680	34.4902396	-114.3513912	5	WQP	5	228	38	23	8	119.0	43	1	114	3	04	Arizona	04015	Mohave County	1
9282461939215106048	34.497267	-114.343165	2	WQP	2	76	38	4	4	2.51	19	0	137	4	04	Arizona	04015	Mohave County	1
9282533373111173120	34.26614	-114.02069	1	WQP	1	76	38	1	1	5.1	0	0	0	0	04	Arizona	04012	La Paz County	2
9282662978044297216	34.8938	-112.88126	1	WQP	1	76	38	0	0		0	0	0	0	04	Arizona	04025	Yavapai County	1
9282663287281942528	34.92425	-112.843	1	WQP	1	76	37	0	0		1	0	1	0	04	Arizona	04025	Yavapai County	1
9283266128891609088	33.334071	-112.726817	1	WQP	1	2	1	0	0		0	0	5	0	04	Arizona	04013	Maricopa County	1
9283268224835649536	33.357131	-112.642515	1	WQP	1	4	1	0	0		0	0	7	0	04	Arizona	04013	Maricopa County	1
9283268912030416896	33.334058	-112.710663	1	WQP	1	2	1	0	0		1	0	5	0	04	Arizona	04013	Maricopa County	1
9283272416723730432	33.278821	-112.781131	1	WQP	1	2	1	0	0		3	0	1	0	04	Arizona	04013	Maricopa County	1
9283272554162683904	33.304995	-112.781081	1	WQP	1	3	1	0	0		0	0	0	0	04	Arizona	04013	Maricopa County	1
9283525922873409536	32.824333	-113.730265	1	WQP	1	2	1	0	0		0	0	0	0	04	Arizona	04027	Yuma County	1
9283562172397387776	32.703479	-114.073819	1	WQP	1	1	1	0	0		0	0	2	0	04	Arizona	04027	Yuma County	1
9283696553334145024	32.567208	-114.752833	1	WQP	1	2	1	0	0		0	0	1	0	04	Arizona	04027	Yuma County	1
9283703700159725568	32.5816995	-114.71804800000001	2	WQP	2	3	1	0	0		3	0	53	0	04	Arizona	04027	Yuma County	1
9283703906318155776	32.625683	-114.725861	1	WQP	1	2	1	0	0		0	0	1	0	04	Arizona	04027	Yuma County	1
9283706242780364800	32.621526	-114.671215	1	WQP	1	3	1	0	0		2	0	2	0	04	Arizona	04027	Yuma County	1
9283706620737486848	32.587472	-114.709952	1	WQP	1	2	1	0	0		15	0	40	0	04	Arizona	04027	Yuma County	1
9283740843036901376	32.662652	-114.193101	1	WQP	1	1	1	0	0		0	0	0	0	04	Arizona	04027	Yuma County	1
9283741083555069952	32.678028	-114.228413	1	WQP	1	1	1	0	0		0	0	0	0	04	Arizona	04027	Yuma County	1
9283760909124108288	32.787366	-114.509438	1	WQP	1	2	1	0	0		0	0	0	0	04	Arizona	04027	Yuma County	1
9283771423204048896	32.98995	-114.49694	1	WQP	1	152	38	0	0		0	0	1	0	04	Arizona	04027	Yuma County	2
9283877113759268864	32.72092	-114.56576	1	WQP	1	76	38	0	0		0	0	2	0	04	Arizona	04027	Yuma County	1
9283877251198222336	32.74077	-114.53131	1	WQP	1	76	38	0	0		0	0	7	0	04	Arizona	04027	Yuma County	1
9283878144551419904	32.69256133333334	-114.61670366666668	3	WQP	3	152	38	26	12	291.0	38	1	163	0	04	Arizona	04027	Yuma County	1
9283878178911158272	32.693663666666666	-114.62226400000002	3	WQP	3	227	38	34	9	133.0	19	0	169	2	04	Arizona	04027	Yuma County	1
9667910033983143936	34.3527	-91.10542	1	WQP	1	13	13	4	4		0	0	0	0	05	Arkansas	05001	Arkansas County	2
9668092140596494336	33.32931	-91.16314	1	WQP	0	0	0	0	0		0	0	0	0	05	Arkansas	05017	Chicot County	1
9668588844974342144	33.5563	-92.02261	2	WQP	1	13	13	4	4		0	0	0	0	05	Arkansas	05011	Bradley County	1
9670464989768450048	33.63585	-93.90638	1	WQP	0	0	0	0	0		0	0	0	0	05	Arkansas	05057	Hempstead County	2
9670490244176150528	33.61703	-93.86001	1	WQP	1	13	13	1	1		0	0	0	0	05	Arkansas	05057	Hempstead County	2
9716062527246303232	32.108178	-110.875164	1	WQP	1	68	34	0	0		0	0	13	0	04	Arizona	04019	Pima County	1
9716063901635837952	32.119049	-110.881844	1	WQP	1	102	34	6	6	15.8	0	0	38	2	04	Arizona	04019	Pima County	1
9716064004715053056	32.121206	-110.88731999999999	2	WQP	2	68	34	6	6	9.16	20	1	32	1	04	Arizona	04019	Pima County	1
9716075343428714496	32.229434499999996	-110.85127650000001	2	WQP	2	80	40	2	2	0.517	11	0	144	1	04	Arizona	04019	Pima County	1
9716075377788452864	32.22833175	-110.83745075	4	WQP	4	200	40	32	11	168.0	10	1	112	0	04	Arizona	04019	Pima County	1
9716075583946883072	32.216667	-110.830133	1	WQP	1	160	40	16	8	8.27	18	0	139	2	04	Arizona	04019	Pima County	1
9716077473732493312	32.219815833333335	-110.95566766666667	6	WQP	6	286	43	256	39	81.0	37	0	423	5	04	Arizona	04019	Pima County	1
9716077508092231680	32.226619	-110.95498	1	WQP	1	41	38	41	38	68.0	30	0	301	3	04	Arizona	04019	Pima County	1
9716077576811708416	32.240711	-110.97223066666668	6	WQP	6	12	1	0	0		34	0	297	6	04	Arizona	04019	Pima County	1
9716077611171446784	32.23081943956044	-110.97072954945055	91	WQP	91	523	41	38	12	617.0	82	1	263	3	04	Arizona	04019	Pima County	1
9716077748610400256	32.235027	-110.974825	1	WQP	1	80	40	21	12	641.0	34	0	300	7	04	Arizona	04019	Pima County	1
9716077782970138624	32.251989571428574	-110.97586685714285	7	WQP	7	87	41	9	8	17.2	40	1	266	4	04	Arizona	04019	Pima County	1
9716077954768830464	32.25132542857143	-110.97262428571428	7	WQP	7	205	41	23	8	26.3	55	1	197	2	04	Arizona	04019	Pima County	1
9716080806627115008	32.270956	-111.003232	1	WQP	1	80	40	20	10	20.0	13	0	337	8	04	Arizona	04019	Pima County	1
9716080840986853376	32.277173000000005	-111.005112	2	WQP	2	80	40	21	11	103.0	49	2	271	4	04	Arizona	04019	Pima County	1
9716080875346591744	32.2689	-111.0197	1	WQP	1	37	36	8	7	37.7	121	3	163	3	04	Arizona	04019	Pima County	1
9716080909706330112	32.2658	-111.015	2	WQP	2	111	36	28	9	47.4	10	0	259	7	04	Arizona	04019	Pima County	1
9716081047145283584	32.27218133333333	-111.02450933333334	3	WQP	3	259	36	18	9	202.0	3	0	198	5	04	Arizona	04019	Pima County	1
9716081287663452160	32.288772	-111.007933	1	WQP	1	40	40	10	10	5.1	25	0	292	6	04	Arizona	04019	Pima County	1
9716081803059527680	32.314064	-111.029846	3	WQP	3	114	38	19	10	32.2	5	1	106	0	04	Arizona	04019	Pima County	1
9716081871779004416	32.30324933333333	-111.03512033333334	3	WQP	3	152	38	34	10	22.2	30	0	68	2	04	Arizona	04019	Pima County	1
9716083727204876288	32.254	-111.0094	1	WQP	1	37	36	8	7	12.9	55	2	180	3	04	Arizona	04019	Pima County	1
9716130078491934720	31.562036	-111.047035	1	WQP	1	21	3	7	3	12.5	1	0	14	0	04	Arizona	04023	Santa Cruz County	1
9716286999417061376	31.611559	-110.166736	1	WQP	1	38	38	0	0		0	0	0	0	04	Arizona	04003	Cochise County	1
9716289576397438976	31.550298	-110.136788	1	WQP	1	38	38	2	2	0.67	0	0	0	0	04	Arizona	04003	Cochise County	1
9716290538470113280	31.47057	-110.10894	1	WQP	1	37	37	0	0		0	0	0	0	04	Arizona	04003	Cochise County	1
9716498311808024576	32.69913	-109.787981	1	WQP	1	38	38	1	1	0.99	0	0	0	0	04	Arizona	04009	Graham County	1
9716511712105988096	32.815107	-109.680934	1	WQP	1	3	1	0	0		3	0	6	0	04	Arizona	04009	Graham County	1
9716512261861801984	32.841147	-109.692482	1	WQP	1	2	1	0	0		0	0	36	3	04	Arizona	04009	Graham County	1
9716635956919926784	32.768907	-109.159516	1	WQP	1	76	38	1	1	8.3	0	0	3	0	04	Arizona	04011	Greenlee County	1
9730246570841997312	37.08275	-101.862111	1	WQP	0	0	0	0	0		0	0	0	0	20	Kansas	20129	Morton County	1
9730495129189351424	37.5415	-101.325417	1	WQP	0	0	0	0	0		0	0	0	0	20	Kansas	20067	Grant County	1
9730716612062871552	38.496333	-100.742167	1	WQP	0	0	0	0	0		0	0	0	0	20	Kansas	20171	Scott County	1
9731007054931296256	38.857408	-101.978747	1	WQP	0	0	0	0	0		0	0	0	0	20	Kansas	20199	Wallace County	1
9731075946206724096	38.50225	-101.532194	1	WQP	0	0	0	0	0		0	0	0	0	20	Kansas	20203	Wichita County	1
9738487101254533120	34.21578	-109.30257	1	WQP	1	76	38	1	1	4.6	0	0	0	0	04	Arizona	04001	Apache County	1
9738528195501621248	33.73862	-109.32676	1	WQP	1	76	38	1	1	2.4	0	0	0	0	04	Arizona	04011	Greenlee County	1
9738914330241400832	33.20795	-109.1521	1	WQP	1	37	37	1	1	8.3	0	0	0	0	04	Arizona	04011	Greenlee County	1
9739011293423075328	33.292005	-109.19564	1	WQP	1	76	38	1	1	18.0	0	0	0	0	04	Arizona	04011	Greenlee County	1
9739066921839493120	32.92038	-109.83841	1	WQP	1	76	38	1	1	22.0	0	0	2	0	04	Arizona	04009	Graham County	1
9739255797321302016	34.153566999999995	-109.978883	2	WQP	2	120	40	32	12	20.6	2	0	59	0	04	Arizona	04017	Navajo County	1
9739256243997900800	34.1500655	-109.9726785	4	WQP	4	160	40	47	15	73.1	16	0	39	0	04	Arizona	04017	Navajo County	1
9739403647275499520	33.91355	-110.90587	1	WQP	1	37	37	0	0		0	0	0	0	04	Arizona	04007	Gila County	1
9739570120207892480	32.858921	-110.728786	1	WQP	1	76	38	1	1	2.3	0	0	1	0	04	Arizona	04021	Pinal County	1
9739891899157708800	33.479048	-111.969604	2	WQP	2	74	37	15	9	11.2	15	0	98	3	04	Arizona	04013	Maricopa County	1
9739892036596662272	33.474796	-111.9955485	2	WQP	2	111	37	14	11	26.7	9	0	135	0	04	Arizona	04013	Maricopa County	1
9739892139675877376	33.4906145	-111.99164425	4	WQP	4	228	40	31	11	59.4	17	0	131	0	04	Arizona	04013	Maricopa County	1
9739892174035615744	33.492513	-111.98952	1	WQP	1	76	38	21	12	14.2	23	0	115	0	04	Arizona	04013	Maricopa County	1
9739892208395354112	33.49489425	-111.98139375	4	WQP	4	152	38	35	9	32.4	16	0	79	0	04	Arizona	04013	Maricopa County	1
9739893548425150464	33.47980557142857	-112.03169228571429	7	WQP	7	304	38	69	12	72.4	22	0	160	3	04	Arizona	04013	Maricopa County	1
9739893617144627200	33.4953555	-112.01302425	4	WQP	4	190	38	39	13	46.6	34	0	129	0	04	Arizona	04013	Maricopa County	1
9739893651504365568	33.49332314285714	-112.00541671428572	7	WQP	7	383	38	76	16	11400.0	20	0	155	0	04	Arizona	04013	Maricopa County	1
9739893685864103936	33.484599	-112.00463033333334	3	WQP	3	228	38	27	8	5.09	20	0	154	1	04	Arizona	04013	Maricopa County	1
9739893720223842304	33.479537	-112.015051	1	WQP	1	38	38	2	2	2.67	24	0	158	1	04	Arizona	04013	Maricopa County	1
9739893823303057408	33.463869	-112.006988	1	WQP	1	74	37	8	8	3.8	13	0	193	8	04	Arizona	04013	Maricopa County	1
9739893857662795776	33.461271	-112.020392	1	WQP	1	37	37	7	7	6.6	15	0	276	11	04	Arizona	04013	Maricopa County	1
9739893926382272512	33.471657	-112.026315	1	WQP	1	38	38	5	5	2.2	25	0	167	5	04	Arizona	04013	Maricopa County	1
9739898496227475456	33.461025	-112.060818	2	WQP	2	76	38	0	0		51	0	392	9	04	Arizona	04013	Maricopa County	1
9739898908544335872	33.470025	-112.051997	1	WQP	1	38	38	1	1	0.332	15	1	216	5	04	Arizona	04013	Maricopa County	1
9739899080343027712	33.50806983333333	-112.04926516666667	6	WQP	6	280	40	53	11	66.1	32	0	193	1	04	Arizona	04013	Maricopa County	1
9739899217781981184	33.516523166666666	-112.0648245	6	WQP	6	266	38	65	12	41.4	22	1	190	0	04	Arizona	04013	Maricopa County	1
9739899252141719552	33.5103144	-112.073635	5	WQP	5	228	38	49	12	20.4	54	0	156	1	04	Arizona	04013	Maricopa County	1
9739899286501457920	33.52578675	-112.081547	8	WQP	8	418	38	66	10	37.2	13	0	155	1	04	Arizona	04013	Maricopa County	1
9739899320861196288	33.524513	-112.083609	1	WQP	1	38	38	9	9	14.8	7	0	173	0	04	Arizona	04013	Maricopa County	1
9739899423940411392	33.507467	-112.07421	1	WQP	1	38	38	9	9	12.7	24	0	225	1	04	Arizona	04013	Maricopa County	1
9739899904976748544	33.499693	-112.141798	2	WQP	2	80	40	7	6	4.5	35	3	354	16	04	Arizona	04013	Maricopa County	1
9739899939336486912	33.49045211111111	-112.13672244444444	9	WQP	9	342	38	49	9	26.4	107	4	408	22	04	Arizona	04013	Maricopa County	1
9739899973696225280	33.490251	-112.12607166666668	3	WQP	3	313	45	23	11	17.0	69	1	414	18	04	Arizona	04013	Maricopa County	1
9739900008055963648	33.483771000000004	-112.1249046	5	WQP	5	197	41	31	9	225.0	111	9	486	12	04	Arizona	04013	Maricopa County	1
9739900042415702016	33.4786315	-112.1373515	2	WQP	2	114	38	28	12	129.0	61	0	426	15	04	Arizona	04013	Maricopa County	1
9739900076775440384	33.465317	-112.137726	1	WQP	1	38	38	8	8	7.55	16	0	309	14	04	Arizona	04013	Maricopa County	1
9739901038848114688	33.460886	-112.163778	1	WQP	1	38	38	2	2	1.7	10	0	174	19	04	Arizona	04013	Maricopa County	1
9739901279366283264	33.48739500000001	-112.1491665	2	WQP	2	76	38	14	9	9.8	47	1	318	16	04	Arizona	04013	Maricopa County	1
9739901313726021632	33.499980125	-112.1478615	8	WQP	8	358	45	49	11	17.2	71	8	287	15	04	Arizona	04013	Maricopa County	1
9739901657323405312	33.468928	-112.174211	1	WQP	1	38	38	0	0		3	0	89	1	04	Arizona	04013	Maricopa County	1
9739938731481104384	33.36311	-112.515474	1	WQP	1	17	16	6	6	31.0	1	0	14	0	04	Arizona	04013	Maricopa County	1
9739941136662790144	33.436156000000004	-112.35138333333333	3	WQP	3	148	36	31	10	21.7	16	0	129	3	04	Arizona	04013	Maricopa County	1
9739941445900435456	33.432272	-112.356365	1	WQP	1	74	36	9	9	19.9	9	0	100	2	04	Arizona	04013	Maricopa County	1
9739998689224556544	33.529515	-112.0807095	2	WQP	2	76	38	6	6	15.4	4	0	74	0	04	Arizona	04013	Maricopa County	1
9740039886550859776	33.805672	-111.481547	1	WQP	1	76	38	2	2	2.0	0	0	0	0	04	Arizona	04013	Maricopa County	1
9740063629130072064	33.378091	-111.82538075	4	WQP	4	158	44	44	16	14.6	53	2	234	8	04	Arizona	04013	Maricopa County	1
9740063663489810432	33.365538	-111.82223	1	WQP	1	38	38	11	11	26.4	23	0	284	11	04	Arizona	04013	Maricopa County	1
9740063732209287168	33.3835635	-111.8198405	2	WQP	2	120	40	28	11	30.8	53	3	157	2	04	Arizona	04013	Maricopa County	1
9740064453763792896	33.35747	-111.803158	3	WQP	3	152	38	48	13	168.0	53	2	82	0	04	Arizona	04013	Maricopa County	1
9740065175318298624	33.3610455	-111.817102	2	WQP	2	76	38	22	11	124.0	4	0	140	2	04	Arizona	04013	Maricopa County	1
9740178665534128128	34.231105	-111.331482	1	WQP	1	38	38	12	12	6.84	35	0	81	0	04	Arizona	04007	Gila County	1
9740178768613343232	34.228979	-111.32797699999999	3	WQP	3	228	38	28	9	17.9	23	0	78	0	04	Arizona	04007	Gila County	1
9740178802973081600	34.228526	-111.333531	1	WQP	1	38	38	3	3	2.38	15	0	84	0	04	Arizona	04007	Gila County	1
9740178906052296704	34.229531	-111.335771	2	WQP	2	76	38	19	11	76.5	18	0	98	0	04	Arizona	04007	Gila County	1
9740182788702732288	34.241711	-111.453511	1	WQP	1	76	38	9	9	4.7	0	0	0	0	04	Arizona	04007	Gila County	1
9740186465194737664	34.350617	-111.28508	1	WQP	1	38	38	0	0		0	0	1	0	04	Arizona	04007	Gila County	1
9740196601317556224	34.46157	-111.15572	1	WQP	1	38	38	0	0		0	0	0	0	04	Arizona	04005	Coconino County	1
9740235256023220224	34.403359	-111.617486	1	WQP	1	38	38	0	0		1	0	0	0	04	Arizona	04007	Gila County	2
9740249549674381312	34.518278	-111.74195	1	WQP	1	38	38	0	0		0	0	0	0	04	Arizona	04025	Yavapai County	1
9740250374308102144	34.538406	-111.684595	1	WQP	1	38	38	0	0		0	0	0	0	04	Arizona	04025	Yavapai County	1
9740254497476706304	34.512099	-111.822384	1	WQP	1	38	38	0	0		0	0	4	0	04	Arizona	04025	Yavapai County	1
9740378742290644992	34.206749	-112.345739	1	WQP	1	76	37	16	8	140.0	0	0	7	0	04	Arizona	04025	Yavapai County	1
9740397468348055552	34.469417	-112.443972	1	WQP	1	76	37	0	0		1	0	6	0	04	Arizona	04025	Yavapai County	1
9740397502707793920	34.460167	-112.449833	1	WQP	1	76	37	0	0		1	0	4	0	04	Arizona	04025	Yavapai County	1
9740398636579160064	34.466318	-112.371889	1	WQP	1	76	37	4	2	35.0	1	0	0	0	04	Arizona	04025	Yavapai County	1
9740404202856775680	34.434222	-112.243611	1	WQP	1	76	37	12	6	25.0	0	0	1	0	04	Arizona	04025	Yavapai County	1
9740425231016656896	34.351569	-111.969746	1	WQP	1	76	37	0	0		0	0	1	0	04	Arizona	04025	Yavapai County	1
9740447599206334464	34.7233174	-112.00384340000001	5	WQP	5	200	40	46	14	28.1	23	0	54	0	04	Arizona	04025	Yavapai County	1
9740447633566072832	34.724044	-111.997249	1	WQP	1	40	40	0	0		6	0	48	0	04	Arizona	04025	Yavapai County	1
9740457185573339136	34.766399	-112.025298	1	WQP	1	9	3	0	0		1	0	8	0	04	Arizona	04025	Yavapai County	1
9740458628682350592	34.736310714285715	-112.00946142857143	7	WQP	7	320	40	62	15	21.2	16	0	79	0	04	Arizona	04025	Yavapai County	1
9740468180689616896	34.677139	-112.192078	1	WQP	1	76	37	0	0		0	0	1	0	04	Arizona	04025	Yavapai County	1
9740476461386563584	34.541992	-112.212964	1	WQP	1	76	37	0	0		0	0	1	0	04	Arizona	04025	Yavapai County	1
9740477148581330944	34.533047	-112.280637	1	WQP	1	76	37	0	0		0	0	2	0	04	Arizona	04025	Yavapai County	1
9740480275317522432	34.662275	-112.301794	1	WQP	1	76	37	0	0		0	0	0	0	04	Arizona	04025	Yavapai County	1
9740485188760109056	34.520146	-112.387846	1	WQP	1	76	37	2	1	5.4	2	0	0	0	04	Arizona	04025	Yavapai County	1
9740493057140195328	34.55335214285714	-112.48131271428572	7	WQP	7	342	38	44	12	89.9	35	0	128	0	04	Arizona	04025	Yavapai County	1
9740496390034817024	34.634792	-112.499319	1	WQP	1	76	37	0	0		0	0	3	0	04	Arizona	04025	Yavapai County	1
9740502677866938368	34.7842	-112.442689	1	WQP	1	76	37	0	0		2	1	36	1	04	Arizona	04025	Yavapai County	1
9740506113840775168	34.656885	-112.413557	1	WQP	1	76	37	20	10	18.0	9	1	32	3	04	Arizona	04025	Yavapai County	1
9740620016373465088	34.90988	-111.72787	1	WQP	1	38	38	0	0		8	0	10	0	04	Arizona	04005	Coconino County	1
9740629121704132608	34.615299	-111.837225	1	WQP	1	12	3	0	0		0	0	2	0	04	Arizona	04025	Yavapai County	1
9740631252007911424	34.6473075	-111.7520545	2	WQP	2	49	38	0	0		0	0	14	0	04	Arizona	04025	Yavapai County	1
9741189357238222848	34.90073278571429	-110.15910071428571	14	WQP	14	46	1	0	0		33	0	54	1	04	Arizona	04017	Navajo County	1
9742139094766452736	36.08766	-111.87061	1	WQP	1	13	13	2	2		0	0	0	0	04	Arizona	04005	Coconino County	1
9742144970281713664	36.208467	-112.022067	1	WQP	0	0	0	0	0		0	0	0	0	04	Arizona	04005	Coconino County	1
9742145004641452032	36.212678	-112.023992	1	WQP	0	0	0	0	0		0	0	1	0	04	Arizona	04005	Coconino County	1
9742145176440143872	36.194061000000005	-112.0332555	2	WQP	0	0	0	0	0		0	0	0	0	04	Arizona	04005	Coconino County	1
9742145313879097344	36.164167	-112.045219	1	WQP	0	0	0	0	0		0	0	1	0	04	Arizona	04005	Coconino County	1
9742148956011364352	36.077434	-112.12748175	4	WQP	0	0	0	0	0		5	1	6	0	04	Arizona	04005	Coconino County	1
9742149059090579456	36.070875	-112.101603	1	WQP	0	0	0	0	0		0	0	4	0	04	Arizona	04005	Coconino County	1
9742149196529532928	36.099111	-112.111361	1	WQP	0	0	0	0	0		0	0	4	0	04	Arizona	04005	Coconino County	1
9742149265249009664	36.085303	-112.121498	1	WQP	1	15	3	0	0		1	0	7	1	04	Arizona	04005	Coconino County	1
9742149333968486400	36.098886	-112.134245	1	WQP	0	0	0	0	0		0	0	1	0	04	Arizona	04005	Coconino County	1
9742149780645085184	36.118336	-112.091122	1	WQP	0	0	0	0	0		0	0	1	0	04	Arizona	04005	Coconino County	1
9742149815004823552	36.1018245	-112.09227475	4	WQP	1	18	3	6	3		0	0	1	0	04	Arizona	04005	Coconino County	1
9742150673998282752	36.165214	-112.060472	1	WQP	0	0	0	0	0		0	0	0	0	04	Arizona	04005	Coconino County	1
9742150777077497856	36.181003	-112.048672	1	WQP	0	0	0	0	0		0	0	1	0	04	Arizona	04005	Coconino County	1
9742154556648718336	36.1185565	-112.2316975	2	WQP	0	0	0	0	0		0	0	0	0	04	Arizona	04005	Coconino County	1
9742154831526625280	36.069606199999996	-112.2200316	5	WQP	0	0	0	0	0		0	0	1	0	04	Arizona	04005	Coconino County	1
9742154900246102016	36.079589666666664	-112.21109799999999	3	WQP	0	0	0	0	0		0	0	0	0	04	Arizona	04005	Coconino County	1
9742155106404532224	36.099464	-112.209342	1	WQP	0	0	0	0	0		0	0	0	0	04	Arizona	04005	Coconino County	1
9742155209483747328	36.097719	-112.183361	1	WQP	0	0	0	0	0		0	0	0	0	04	Arizona	04005	Coconino County	1
9742155243843485696	36.099339	-112.169472	1	WQP	0	0	0	0	0		0	0	0	0	04	Arizona	04005	Coconino County	1
9742155518721392640	36.07963866666666	-112.14425	3	WQP	0	0	0	0	0		0	0	3	0	04	Arizona	04005	Coconino County	1
9742155553081131008	36.07683	-112.161743	1	WQP	0	0	0	0	0		1	0	2	0	04	Arizona	04005	Coconino County	1
9742155656160346112	36.08186	-112.18621	1	WQP	0	0	0	0	0		0	0	0	0	04	Arizona	04005	Coconino County	1
9742155827959037952	36.065933	-112.1770005	2	WQP	0	0	0	0	0		0	0	3	0	04	Arizona	04005	Coconino County	1
9742156034117468160	36.049658	-112.151633	1	WQP	0	0	0	0	0		4	0	18	0	04	Arizona	04005	Coconino County	1
9742156102836944896	36.041667	-112.159445	1	WQP	0	0	0	0	0		1	0	4	0	04	Arizona	04005	Coconino County	1
9742156240275898368	36.034705	-112.18017	1	WQP	0	0	0	0	0		0	0	0	0	04	Arizona	04005	Coconino County	1
9742156583873282048	36.060083	-112.221695	1	WQP	0	0	0	0	0		0	0	1	0	04	Arizona	04005	Coconino County	1
9742198605833306112	36.099311	-112.247411	1	WQP	0	0	0	0	0		0	0	0	0	04	Arizona	04005	Coconino County	1
9742250592117456896	36.216922	-112.067044	1	WQP	0	0	0	0	0		0	0	7	0	04	Arizona	04005	Coconino County	1
9742262411867455488	36.43346	-111.86409	1	WQP	1	13	13	1	1		0	0	0	0	04	Arizona	04005	Coconino County	1
9742532616849981440	36.8433	-111.54888	1	WQP	1	38	38	0	0		1	0	0	0	04	Arizona	04005	Coconino County	1
9744255895168090112	36.270132	-109.21232	1	WQP	1	3	3	0	0		0	0	0	0	04	Arizona	04001	Apache County	1
9766637863100743680	44.633389	-96.163083	1	WQP	1	13	13	1	1	6.11	2	0	14	1	27	Minnesota	27081	Lincoln County	2
9766723006532419584	44.486954	-95.782381	1	WQP	1	40	40	4	4	0.818	1	0	16	2	27	Minnesota	27083	Lyon County	1
9766762588951019520	44.829535	-95.567413	1	WQP	1	240	40	25	5		0	0	2	0	27	Minnesota	27023	Chippewa County	2
9766790901375434752	44.80228	-95.539	1	WQP	1	529	41	77	9	4.4	21	0	69	1	27	Minnesota	27023	Chippewa County	2
9766795265062207488	44.864556	-95.343011	1	WQP	1	13	13	0	0		0	0	1	0	27	Minnesota	27129	Renville County	1
9766942943217713152	44.234113	-95.29005	1	WQP	1	40	40	3	3	27.5	0	0	4	1	27	Minnesota	27127	Redwood County	1
9766980326613057536	43.915779	-95.189051	1	WQP	1	13	13	0	0		1	0	4	0	27	Minnesota	27033	Cottonwood County	1
9767139206043271168	44.013712999999996	-96.32483333333333	3	WQP	3	24	3	0	0		3	0	84	1	27	Minnesota	27117	Pipestone County	1
9767139240403009536	44.019298750000004	-96.32760425000001	4	WQP	4	48	3	6	3		1	0	11	0	27	Minnesota	27117	Pipestone County	1
9767141989182078976	44.015132	-96.319882	4	WQP	4	39	3	0	0		1	0	116	1	27	Minnesota	27117	Pipestone County	1
9773483937891352576	39.42728	-98.53949	1	WQP	1	13	13	2	2		0	0	0	0	20	Kansas	20141	Osborne County	1
9774143954105663488	38.12609	-98.07809	1	WQP	1	13	13	4	4		0	0	0	0	20	Kansas	20155	Reno County	1
9774652065916649472	37.625528	-99.486555	1	WQP	0	0	0	0	0		0	0	0	0	20	Kansas	20097	Kiowa County	1
9774876366288715776	38.058889	-100.59075	1	WQP	0	0	0	0	0		0	0	0	0	20	Kansas	20055	Finney County	1
9774899730910806016	37.7805	-100.305389	1	WQP	0	0	0	0	0		0	0	0	0	20	Kansas	20069	Gray County	1
9774914917915164672	37.590806	-100.524083	1	WQP	0	0	0	0	0		0	0	0	0	20	Kansas	20069	Gray County	1
9779934119776485376	38.37939	-96.21421	1	WQP	1	13	13	3	3		0	0	0	0	20	Kansas	20111	Lyon County	1
9780285654259728384	37.33922	-97.25535	1	WQP	1	13	13	3	3		0	0	0	0	20	Kansas	20191	Sumner County	1
9780381071253176320	37.64696	-97.2806	1	WQP	0	0	0	0	0		0	0	0	0	20	Kansas	20173	Sedgwick County	1
9780381621008990208	37.599722	-97.280556	1	WQP	0	0	0	0	0		0	0	0	0	20	Kansas	20173	Sedgwick County	1
9780405191789510656	37.606111	-97.260833	1	WQP	0	0	0	0	0		0	0	0	0	20	Kansas	20173	Sedgwick County	1
9780447900944302080	37.8236	-97.46279	1	WQP	1	13	13	5	5		0	0	0	0	20	Kansas	20173	Sedgwick County	1
9781099533382451200	39.49523	-97.2319	1	WQP	1	13	13	3	3		0	0	0	0	20	Kansas	20027	Clay County	1
9781824180264632320	39.72624	-94.91122	3	WQP	3	59	35	7	3		0	0	10	1	20	Kansas	20043	Doniphan County	2
9781974710278422528	39.06027	-94.84195	2	WQP	2	26	13	5	4		0	0	0	0	20	Kansas	20091	Johnson County	2
9784426208891502592	36.08893	-94.02749	1	WQP	0	0	0	0	0		0	0	2	0	05	Arkansas	05143	Washington County	1
9785113025701740544	35.40392	-94.33819	1	WQP	1	13	13	0	0		0	0	38	3	05	Arkansas	05033	Crawford County	2
9785187277096353792	35.67817	-93.74409	2	WQP	1	13	13	1	1		0	0	1	0	05	Arkansas	05047	Franklin County	1
9785455867171176448	34.92888	-93.36068	1	WQP	1	13	13	2	2		0	0	0	0	05	Arkansas	05149	Yell County	1
9785895637462548480	35.97746	-93.043472	1	WQP	1	30	3	3	2		0	0	0	0	05	Arkansas	05101	Newton County	1
9785908488004698112	36.032941	-93.112798	1	WQP	1	33	3	9	3		0	0	0	0	05	Arkansas	05101	Newton County	1
9785909003400773632	36.064675	-93.137622	1	WQP	1	30	3	6	3		0	0	2	0	05	Arkansas	05101	Newton County	1
9785934154729259008	35.939166	-93.405213	1	WQP	1	44	3	12	3		0	0	0	0	05	Arkansas	05101	Newton County	1
9786717866001694720	36.083	-91.54012	1	WQP	0	0	0	0	0		0	0	0	0	05	Arkansas	05135	Sharp County	1
9786965874593234944	35.51034	-91.92887	1	WQP	0	0	0	0	0		0	0	3	0	05	Arkansas	05023	Cleburne County	1
9787048715922440192	34.907867	-92.182093	1	WQP	0	0	0	0	0		1	0	1	0	05	Arkansas	05119	Pulaski County	1
9787662552648384512	34.80142	-90.77003	1	WQP	1	13	13	3	3		0	0	6	1	05	Arkansas	05077	Lee County	1
9787687394739224576	34.695	-90.64588	2	WQP	1	13	13	4	4		0	0	0	0	05	Arkansas	05077	Lee County	1
9787931829917974528	35.53264	-90.44201	1	WQP	1	13	13	4	4		1	0	4	0	05	Arkansas	05111	Poinsett County	1
9788274705747148800	36.42941	-90.75766	1	WQP	0	0	0	0	0		1	0	0	0	05	Arkansas	05021	Clay County	2
9790344776904605696	39.63275	-90.607667	1	WQP	0	0	0	0	0		0	0	5	0	17	Illinois	17149	Pike County	2
9790507264107347968	38.950306	-90.670278	1	WQP	0	0	0	0	0		0	0	0	0	17	Illinois	17013	Calhoun County	2
9790546812166209536	39.20865	-90.59292	1	WQP	1	13	13	6	6		0	0	0	0	17	Illinois	17013	Calhoun County	2
9790581034465624064	38.963917	-90.542028	1	WQP	0	0	0	0	0		0	0	1	0	17	Illinois	17013	Calhoun County	2
9790613813656027136	38.931778	-90.308028	1	WQP	0	0	0	0	0		0	0	2	0	17	Illinois	17083	Jersey County	1
9790779221436530688	39.940048	-90.535126	1	WQP	0	0	0	0	0		1	0	0	0	17	Illinois	17009	Brown County	2
9790845123414720512	40.15625	-90.201083	1	WQP	0	0	0	0	0		0	0	0	0	17	Illinois	17125	Mason County	2
9790860001181433856	40.294167	-90.068333	1	WQP	0	0	0	0	0		26	0	56	2	17	Illinois	17057	Fulton County	2
9790860035541172224	40.306056	-90.074111	1	WQP	0	0	0	0	0		2	0	74	1	17	Illinois	17057	Fulton County	2
9790862646881288192	40.337917	-90.043167	1	WQP	0	0	0	0	0		0	0	0	0	17	Illinois	17125	Mason County	1
9790951088847847424	40.123444	-90.370472	1	WQP	0	0	0	0	0		0	0	1	0	17	Illinois	17017	Cass County	2
9790956483326771200	40.026306	-90.430389	1	WQP	0	0	0	0	0		0	0	43	0	17	Illinois	17017	Cass County	1
9790958270033166336	39.984305	-90.517111	1	WQP	0	0	0	0	0		0	0	0	0	17	Illinois	17009	Brown County	2
9791335849198092288	40.78506	-90.13891	1	WQP	1	13	13	3	3		0	0	0	0	17	Illinois	17095	Knox County	1
9791603477200240640	42.31051	-90.41706	1	WQP	1	13	13	1	1		0	0	0	0	17	Illinois	17085	Jo Daviess County	2
9792836991807651840	40.47669	-91.36704	2	WQP	2	46	35	12	8		0	0	2	0	17	Illinois	17067	Hancock County	2
9795559279518810112	43.656509	-93.003225	1	WQP	1	40	40	1	1	0.289	3	0	66	0	27	Minnesota	27099	Mower County	1
9795559554396717056	43.668596	-92.97337	1	WQP	1	80	53	19	13	9.71	99	1	193	0	27	Minnesota	27099	Mower County	1
9795560379030437888	43.702791000000005	-92.9664995	2	WQP	2	42	41	0	0		4	0	20	0	27	Minnesota	27099	Mower County	1
9795562406255001600	43.676931	-93.029944	1	WQP	1	40	40	0	0		0	0	12	0	27	Minnesota	27099	Mower County	1
9796312754221481984	43.661779	-94.467956	1	WQP	1	1092	40	152	12		28	0	143	1	27	Minnesota	27091	Martin County	1
9796441156563763200	43.638114	-94.06571	1	WQP	1	40	40	0	0		1	0	8	1	27	Minnesota	27043	Faribault County	1
9796475791180038144	43.90668	-94.0603	1	WQP	1	13	13	5	5		0	0	4	0	27	Minnesota	27013	Blue Earth County	1
9796512453020876800	44.261056	-94.022861	1	WQP	1	13	13	1	1	3.39	0	0	0	0	27	Minnesota	27079	Le Sueur County	2
9796516885427126272	44.16531	-94.03311	1	WQP	1	26	13	1	1	3.05	11	0	122	2	27	Minnesota	27013	Blue Earth County	2
9796516919786864640	44.16301	-94.03979	1	WQP	1	13	13	1	1	2.72	2	0	106	3	27	Minnesota	27013	Blue Earth County	2
9796575778018689024	43.891236	-94.135244	1	WQP	1	40	40	0	0		0	0	5	1	27	Minnesota	27013	Blue Earth County	1
9796643260544843776	43.7194	-95.04622	2	WQP	2	46	35	5	4		0	0	3	0	27	Minnesota	27063	Jackson County	1
9796876975485222912	44.8887	-94.432041	1	WQP	1	287	41	22	5		1	0	10	0	27	Minnesota	27085	McLeod County	1
9796877662679990272	44.880833	-94.356917	1	WQP	1	123	41	33	13		12	1	200	2	27	Minnesota	27085	McLeod County	1
9796877697039728640	44.891965	-94.361582	1	WQP	1	123	41	15	8		33	0	158	5	27	Minnesota	27085	McLeod County	1
9796962153276637184	44.34015	-93.9394	1	WQP	1	13	13	0	0		1	0	79	4	27	Minnesota	27079	Le Sueur County	2
9797001907493928960	44.85127	-93.98283	1	WQP	1	13	13	3	3		0	0	4	0	27	Minnesota	27019	Carver County	1
9797012524653084672	44.8154	-93.8747	1	WQP	1	221	13	1	1		0	0	5	0	27	Minnesota	27019	Carver County	1
9797013830323142656	44.856	-93.7852	1	WQP	1	130	13	0	0		2	0	116	0	27	Minnesota	27019	Carver County	1
9797017300656717824	44.930072	-93.819524	1	WQP	1	840	40	65	6		0	0	10	0	27	Minnesota	27019	Carver County	1
9797018056570961920	44.938168	-93.733799	1	WQP	1	799	40	83	8		0	0	3	0	27	Minnesota	27053	Hennepin County	1
9797020564831862784	44.9069	-93.6363	1	WQP	1	143	13	4	1		4	0	7	0	27	Minnesota	27053	Hennepin County	1
9797022420257734656	44.868	-93.6579	1	WQP	1	143	13	9	1		0	0	75	0	27	Minnesota	27019	Carver County	1
9797040321681424384	44.7021	-93.4758	1	WQP	1	160	40	14	5		2	1	97	0	27	Minnesota	27139	Scott County	1
9797041970948866048	44.709	-93.4484	1	WQP	1	143	13	4	3		1	0	33	0	27	Minnesota	27139	Scott County	1
9797045510001917952	44.8373	-93.4549	1	WQP	1	195	13	16	2		0	0	55	1	27	Minnesota	27053	Hennepin County	1
9797045613081133056	44.8465465	-93.47620900000001	2	WQP	2	559	41	86	10		2	0	209	4	27	Minnesota	27053	Hennepin County	1
9797046025397993472	44.835028	-93.48199	1	WQP	1	120	53	27	13	15.2	4	0	19	0	27	Minnesota	27053	Hennepin County	1
9797046197196685312	44.8339	-93.48597	1	WQP	1	80	40	12	6	20.4	5	0	18	0	27	Minnesota	27053	Hennepin County	1
9797047159269359616	44.79956	-93.53312	2	WQP	2	26	13	8	6		18	0	127	0	27	Minnesota	27019	Carver County	2
9797052794266451968	44.911884	-93.437405	1	WQP	1	40	40	7	7	19.7	1	0	250	7	27	Minnesota	27053	Hennepin County	1
9797053962497556480	44.948333	-93.343972	1	WQP	1	13	13	2	2	15.5	72	1	268	3	27	Minnesota	27053	Hennepin County	1
9797053996857294848	44.937736	-93.340251	1	WQP	1	13	13	6	6	23.4	71	1	317	3	27	Minnesota	27053	Hennepin County	1
9797056642557149184	44.8221	-93.3692	1	WQP	1	195	13	30	4		1	0	30	0	27	Minnesota	27053	Hennepin County	1
9797057742068776960	44.8742795	-93.32513449999999	2	WQP	2	113	51	26	16	32.5	60	0	460	0	27	Minnesota	27053	Hennepin County	1
9797059872372555776	44.886917	-93.270297	1	WQP	1	26	13	9	7	15.3	35	0	218	0	27	Minnesota	27053	Hennepin County	1
9797060937524445184	44.922	-93.3053	1	WQP	1	624	41	143	18	31.9	0	0	104	0	27	Minnesota	27053	Hennepin County	1
9797060971884183552	44.928295	-93.305506	1	WQP	1	13	13	4	4	42.9	0	0	109	0	27	Minnesota	27053	Hennepin County	1
9797061212402352128	44.935527	-93.3197255	2	WQP	2	26	13	11	7	68.3	4	0	200	0	27	Minnesota	27053	Hennepin County	1
9797061246762090496	44.94151566666667	-93.33647266666667	3	WQP	3	65	13	29	10	87.6	49	0	303	2	27	Minnesota	27053	Hennepin County	1
9797061384201043968	44.9421	-93.312	1	WQP	1	845	41	214	17	115.0	1	0	130	0	27	Minnesota	27053	Hennepin County	1
9797062174475026432	44.953728	-93.229064	1	WQP	1	39	13	10	5	61.8	109	0	477	5	27	Minnesota	27053	Hennepin County	1
9797062414993195008	44.9207	-93.2361	1	WQP	1	221	13	33	5		2	0	199	1	27	Minnesota	27053	Hennepin County	1
9797062655511363584	44.9074	-93.2424	1	WQP	1	156	13	12	1		4	0	65	2	27	Minnesota	27053	Hennepin County	1
9797063514504822784	44.89403	-93.1795	1	WQP	1	13	13	1	1	5.51	14	0	62	0	27	Minnesota	27053	Hennepin County	2
9797063583224299520	44.9052245	-93.193179	2	WQP	2	636	53	114	21	9.19	1	0	146	2	27	Minnesota	27053	Hennepin County	2
9797064201699590144	44.9519535	-93.185429	2	WQP	2	80	40	12	11	75.5	44	0	522	8	27	Minnesota	27123	Ramsey County	1
9797065335570956288	44.918639	-93.13003	1	WQP	1	200	40	35	11	8.63	5	0	177	2	27	Minnesota	27037	Dakota County	2
9797065541729386496	44.91056	-93.100509	1	WQP	1	40	40	9	9	29.4	3	0	78	0	27	Minnesota	27037	Dakota County	1
9797066400722845696	44.88875	-93.16803	1	WQP	1	13	13	1	1	3.41	2	0	58	0	27	Minnesota	27037	Dakota County	3
9797067672033165312	44.838559	-93.114758	1	WQP	1	80	53	18	12	33.4	3	0	113	0	27	Minnesota	27037	Dakota County	1
9797068531026624512	44.8223	-93.1641	1	WQP	1	312	13	60	6		17	0	120	0	27	Minnesota	27037	Dakota County	1
9797069355660345344	44.879128	-93.183249	1	WQP	1	39	39	6	6		0	0	58	0	27	Minnesota	27037	Dakota County	2
9797069767977205760	44.8435375	-93.2325375	2	WQP	2	400	40	143	20	27.6	13	2	200	3	27	Minnesota	27053	Hennepin County	1
9797070420812234752	44.839677	-93.236386	1	WQP	1	160	40	42	12	52.9	0	0	43	2	27	Minnesota	27053	Hennepin County	1
9797070867488833536	44.785897	-93.24907	1	WQP	1	26	13	12	6	22.0	101	0	165	0	27	Minnesota	27037	Dakota County	1
9797071485964124160	44.7493	-93.2506	1	WQP	1	169	13	26	5		15	0	41	0	27	Minnesota	27037	Dakota County	1
9797075815291158528	44.720645	-93.136793	1	WQP	1	40	40	9	9	19.8	16	0	102	2	27	Minnesota	27037	Dakota County	1
9797081347209035776	44.7119	-93.288	1	WQP	1	169	13	24	4		32	0	35	0	27	Minnesota	27037	Dakota County	1
9797086672968482816	44.708312	-93.394412	1	WQP	1	80	53	17	12	17.7	2	0	58	0	27	Minnesota	27139	Scott County	1
9797099489150894080	44.64056	-93.15922	1	WQP	1	40	40	4	4	6.75	11	0	67	1	27	Minnesota	27037	Dakota County	1
9797099660949585920	44.63651	-93.15933	1	WQP	1	40	40	5	5	16.6	2	0	73	1	27	Minnesota	27037	Dakota County	1
9797099832748277760	44.643	-93.138	1	WQP	1	40	40	8	8	39.0	51	0	168	0	27	Minnesota	27037	Dakota County	1
9797102203570225152	44.568189	-93.1328	1	WQP	1	40	40	2	2	13.0	3	1	4	0	27	Minnesota	27037	Dakota County	1
9797136941265715200	44.5771	-93.5212	1	WQP	1	156	13	1	1		1	0	4	1	27	Minnesota	27139	Scott County	1
9797289635943022592	44.304727	-93.296363	1	WQP	1	40	40	2	2	14.3	17	0	182	1	27	Minnesota	27131	Rice County	1
9797405084663939072	44.073853	-92.467678	1	WQP	0	0	0	0	0		4	0	51	1	27	Minnesota	27109	Olmsted County	1
9797453600614514688	44.602348	-92.568169	1	WQP	1	160	40	24	8	16.1	2	0	0	0	27	Minnesota	27049	Goodhue County	2
9797457002228613120	44.5424	-92.557	1	WQP	1	40	40	4	4	87.5	1	0	51	1	27	Minnesota	27049	Goodhue County	1
9797460094605066240	44.613298	-92.619241	1	WQP	1	240	40	32	8	15.9	0	0	2	0	27	Minnesota	27049	Goodhue County	2
9797460884879048704	44.652178	-92.642098	1	WQP	1	120	40	24	8	15.4	0	0	3	0	27	Minnesota	27049	Goodhue County	2
9797487582395760640	44.413204	-93.061445	1	WQP	1	13	13	1	1	22.0	3	0	8	0	27	Minnesota	27131	Rice County	1
9797512252687908864	44.738553	-92.820778	1	WQP	1	7	7	0	0		0	0	11	0	27	Minnesota	27037	Dakota County	1
9797512802443722752	44.735	-92.781028	1	WQP	1	299	13	109	12	547.0	0	0	3	0	27	Minnesota	27037	Dakota County	2
9797513008602152960	44.748188	-92.814781	1	WQP	1	200	40	40	8	19.3	1	0	9	0	27	Minnesota	27037	Dakota County	2
9797513146041106432	44.76388	-92.817148	2	WQP	2	14	7	0	0		2	0	5	0	27	Minnesota	27163	Washington County	1
9797513180400844800	44.775191500000005	-92.81740400000001	2	WQP	2	14	7	1	1		0	0	5	0	27	Minnesota	27163	Washington County	1
9797513214760583168	44.7737595	-92.8053835	2	WQP	2	22	8	1	1		0	0	15	0	27	Minnesota	27163	Washington County	2
9797513661437181952	44.803127	-92.806328	1	WQP	1	7	7	0	0		1	0	8	0	27	Minnesota	27163	Washington County	1
9797513695796920320	44.812927	-92.803053	1	WQP	1	7	7	0	0		4	0	5	0	27	Minnesota	27163	Washington County	1
9797513833235873792	44.791864	-92.8018275	2	WQP	2	14	7	0	0		1	0	6	0	27	Minnesota	27163	Washington County	1
9797513867595612160	44.78620566666666	-92.80261033333333	3	WQP	3	21	7	0	0		2	0	4	0	27	Minnesota	27163	Washington County	2
9797513901955350528	44.781573	-92.8125905	2	WQP	2	14	7	1	1		0	0	5	0	27	Minnesota	27163	Washington County	1
9797513936315088896	44.7811715	-92.822012	2	WQP	2	14	7	1	1		0	0	2	0	27	Minnesota	27163	Washington County	1
9797514039394304000	44.789386	-92.822203	1	WQP	1	7	7	0	0		1	0	1	0	27	Minnesota	27163	Washington County	1
9797514245552734208	44.807693	-92.84182633333334	3	WQP	3	21	7	0	0		1	0	2	0	27	Minnesota	27163	Washington County	1
9797514348631949312	44.790188	-92.851036	1	WQP	1	7	7	0	0		1	0	15	0	27	Minnesota	27163	Washington County	1
9797514589150117888	44.774397	-92.841008	2	WQP	2	14	7	0	0		0	0	5	0	27	Minnesota	27163	Washington County	1
9797514760948809728	44.75595275	-92.83350125	4	WQP	4	28	7	0	0		0	0	13	1	27	Minnesota	27037	Dakota County	2
9797514795308548096	44.754381	-92.825918	1	WQP	1	7	7	0	0		0	0	9	0	27	Minnesota	27037	Dakota County	2
9797514932747501568	44.758515	-92.840738	1	WQP	1	7	7	1	1		0	0	70	1	27	Minnesota	27163	Washington County	1
9797515001466978304	44.749	-92.85739	1	WQP	1	13	13	3	3	13.5	52	0	66	3	27	Minnesota	27037	Dakota County	2
9797515448143577088	44.7769015	-92.873948	2	WQP	2	14	7	0	0		0	0	34	0	27	Minnesota	27037	Dakota County	2
9797515482503315456	44.765961	-92.873407	1	WQP	1	200	40	34	13	23.3	1	0	26	0	27	Minnesota	27037	Dakota County	2
9797515516863053824	44.767431	-92.860346	1	WQP	1	7	7	0	0		2	0	30	0	27	Minnesota	27037	Dakota County	2
9797515619942268928	44.77958066666667	-92.871878	12	WQP	12	84	7	1	1		3	0	33	0	27	Minnesota	27163	Washington County	1
9797515654302007296	44.792499	-92.86845	1	WQP	1	7	7	0	0		0	0	21	0	27	Minnesota	27163	Washington County	1
9797515688661745664	44.7947054	-92.8644832	5	WQP	5	35	7	0	0		2	0	17	0	27	Minnesota	27163	Washington County	1
9797515723021484032	44.80464	-92.861401	1	WQP	1	7	7	0	0		1	0	5	0	27	Minnesota	27163	Washington County	1
9797515826100699136	44.795982	-92.871432	1	WQP	1	40	40	10	10	408.0	2	0	6	0	27	Minnesota	27163	Washington County	1
9797515894820175872	44.812383	-92.87933	2	WQP	2	14	7	1	1		0	0	3	0	27	Minnesota	27163	Washington County	1
9797515929179914240	44.811076625	-92.893275	8	WQP	8	56	7	2	1		0	0	12	0	27	Minnesota	27163	Washington County	1
9797515963539652608	44.800790066666664	-92.89410153333333	15	WQP	15	112	7	0	0		0	0	7	0	27	Minnesota	27163	Washington County	1
9797515997899390976	44.793172	-92.8922305	2	WQP	2	14	7	2	1		0	0	7	0	27	Minnesota	27163	Washington County	1
9797516066618867712	44.783906	-92.885831	1	WQP	1	7	7	0	0		0	0	6	0	27	Minnesota	27163	Washington County	1
9797516100978606080	44.785841	-92.891199	1	WQP	1	7	7	0	0		0	0	3	0	27	Minnesota	27163	Washington County	1
9797516238417559552	44.78738	-92.90223	2	WQP	2	1378	15	1126	9		0	0	22	1	27	Minnesota	27163	Washington County	1
9797516307137036288	44.8051	-92.9025	1	WQP	1	223	41	24	9		0	0	18	0	27	Minnesota	27163	Washington County	1
9797516478935728128	44.810463399999996	-92.92875910000001	10	WQP	10	238	7	31	3		17	2	81	0	27	Minnesota	27163	Washington County	1
9797516547655204864	44.78553971428572	-92.9358172857143	7	WQP	7	133	7	7	1		2	0	17	1	27	Minnesota	27163	Washington County	1
9797516822533111808	44.771777	-92.914737	1	WQP	1	7	7	0	0		2	0	1	0	27	Minnesota	27037	Dakota County	2
9797516856892850176	44.769794	-92.90231475	4	WQP	4	28	7	0	0		0	0	3	0	27	Minnesota	27037	Dakota County	2
9797519674391396352	44.672946	-92.96545	1	WQP	1	40	40	9	9	61.1	10	1	5	0	27	Minnesota	27037	Dakota County	1
9797520189787471872	44.734083	-92.95606	1	WQP	1	2	2	0	0		1	0	4	0	27	Minnesota	27037	Dakota County	1
9797522320091250688	44.660034	-93.082877	2	WQP	2	120	40	25	10	56.1	0	0	2	0	27	Minnesota	27037	Dakota County	1
9797525446827442176	44.800714	-93.065235	1	WQP	1	40	40	7	7	59.1	0	0	9	1	27	Minnesota	27037	Dakota County	1
9797525996583256064	44.80591	-93.019297	1	WQP	1	77	39	21	13		0	0	28	1	27	Minnesota	27037	Dakota County	1
9797526030942994432	44.80659	-93.01163	2	WQP	2	26	13	7	6		0	0	4	1	27	Minnesota	27037	Dakota County	2
9797526134022209536	44.806081	-92.998864	1	WQP	1	7	7	1	1		2	0	10	1	27	Minnesota	27163	Washington County	1
9797526202741686272	44.809222	-92.984124	1	WQP	1	7	7	0	0		0	0	13	1	27	Minnesota	27163	Washington County	1
9797526237101424640	44.7983016	-92.98375999999999	5	WQP	5	35	7	1	1		1	1	5	0	27	Minnesota	27163	Washington County	1
9797526271461163008	44.800953	-92.994359	1	WQP	1	7	7	0	0		1	0	4	1	27	Minnesota	27163	Washington County	1
9797526546339069952	44.774304	-93.015566	1	WQP	1	280	40	62	12	19.5	0	0	2	0	27	Minnesota	27037	Dakota County	2
9797527061735145472	44.773681	-92.995679	1	WQP	1	160	40	36	12	12.1	0	0	4	0	27	Minnesota	27037	Dakota County	2
9797527164814360576	44.767361	-92.96080549999999	2	WQP	2	751	41	136	13	9.64	0	0	2	0	27	Minnesota	27037	Dakota County	2
9797527680210436096	44.782816857142855	-92.94021914285715	7	WQP	7	56	7	1	1		2	0	12	0	27	Minnesota	27037	Dakota County	2
9797527714570174464	44.7867345	-92.93979183333333	6	WQP	6	91	7	8	1		6	0	14	0	27	Minnesota	27163	Washington County	1
9797527748929912832	44.786307	-92.95058	1	WQP	1	21	7	1	1		4	0	16	0	27	Minnesota	27163	Washington County	1
9797527989448081408	44.795511	-92.972577	1	WQP	1	80	53	1	1	0.851	3	0	8	1	27	Minnesota	27163	Washington County	1
9797528195606511616	44.804557	-92.940195	1	WQP	1	7	7	1	1		11	0	85	2	27	Minnesota	27163	Washington County	1
9797528264325988352	44.830649	-92.947072	1	WQP	1	40	40	11	11	186.0	5	0	177	0	27	Minnesota	27163	Washington County	1
9797528539203895296	44.834289	-92.967898	1	WQP	1	7	7	1	1		4	0	85	1	27	Minnesota	27163	Washington County	1
9797528573563633664	44.844863	-92.9723178	5	WQP	5	35	7	4	1		5	0	68	0	27	Minnesota	27163	Washington County	1
9797528848441540608	44.86238	-92.9563395	2	WQP	2	14	7	1	1		2	0	16	0	27	Minnesota	27163	Washington County	1
9797528882801278976	44.860266	-92.943971	1	WQP	1	7	7	0	0		0	0	15	0	27	Minnesota	27163	Washington County	1
9797528917161017344	44.876421	-92.9388	1	WQP	1	7	7	0	0		2	0	15	0	27	Minnesota	27163	Washington County	1
9797529020240232448	44.8750665	-92.955221	2	WQP	2	14	7	0	0		2	0	14	0	27	Minnesota	27163	Washington County	1
9797529054599970816	44.876905	-92.958341	1	WQP	1	7	7	0	0		2	0	8	0	27	Minnesota	27163	Washington County	1
9797529088959709184	44.879243	-92.96189000000001	2	WQP	2	14	7	0	0		0	0	17	0	27	Minnesota	27163	Washington County	1
9797529123319447552	44.88114	-92.97566	1	WQP	1	7	7	1	1		2	0	17	0	27	Minnesota	27163	Washington County	1
9797529192038924288	44.8650715	-92.97241249999999	2	WQP	2	14	7	1	1		0	0	20	0	27	Minnesota	27163	Washington County	1
9797529295118139392	44.849821	-92.977326	1	WQP	1	7	7	0	0		4	0	24	0	27	Minnesota	27163	Washington County	1
9797529329477877760	44.8540755	-92.9869575	2	WQP	2	14	7	1	1		3	0	93	2	27	Minnesota	27163	Washington County	1
9797529432557092864	44.864940000000004	-92.97971575	4	WQP	4	28	7	2	1		6	0	76	2	27	Minnesota	27163	Washington County	1
9797529501276569600	44.88017299999999	-92.98172033333333	3	WQP	3	21	7	0	0		5	0	31	0	27	Minnesota	27163	Washington County	1
9797529535636307968	44.87750666666667	-92.99022066666667	3	WQP	3	21	7	2	1		1	0	109	2	27	Minnesota	27163	Washington County	1
9797529673075261440	44.881918999999996	-93.01572	2	WQP	2	173	44	36	11	9.53	18	1	225	6	27	Minnesota	27037	Dakota County	2
9797529707434999808	44.876261	-93.009887	1	WQP	1	52	13	30	8	922.0	0	0	221	7	27	Minnesota	27037	Dakota County	2
9797529741794738176	44.859582	-93.007767	1	WQP	1	280	40	59	11	12.1	8	0	196	3	27	Minnesota	27037	Dakota County	2
9797529844873953280	44.853333	-93.009444	1	WQP	1	335	13	121	9		14	0	181	2	27	Minnesota	27037	Dakota County	2
9797529879233691648	44.839579	-93.01167	1	WQP	1	79	40	14	9		1	0	139	2	27	Minnesota	27037	Dakota County	2
9797529913593430016	44.83128	-93.01044	1	WQP	1	587	40	114	15		1	0	69	1	27	Minnesota	27037	Dakota County	2
9797529947953168384	44.834689	-92.997568	1	WQP	1	7	7	0	0		6	0	75	1	27	Minnesota	27163	Washington County	1
9797529982312906752	44.8415265	-92.9994995	2	WQP	2	14	7	2	1		33	1	107	2	27	Minnesota	27163	Washington County	1
9797530051032383488	44.847331	-92.977743	1	WQP	1	7	7	0	0		6	0	73	1	27	Minnesota	27163	Washington County	1
9797530119751860224	44.8340565	-92.993898	4	WQP	4	28	7	3	1		14	0	74	1	27	Minnesota	27163	Washington County	1
9797530188471336960	44.824213	-92.983847	1	WQP	1	7	7	0	0		2	0	39	1	27	Minnesota	27163	Washington County	1
9797530222831075328	44.812543	-92.983856	1	WQP	1	14	7	2	1		0	0	22	1	27	Minnesota	27163	Washington County	1
9797530291550552064	44.814432	-93.006866	1	WQP	1	200	40	43	11	11.2	0	0	13	1	27	Minnesota	27037	Dakota County	2
9797530360270028800	44.822944	-93.009261	1	WQP	1	76	38	22	11		1	0	13	1	27	Minnesota	27037	Dakota County	2
9797532593653022720	44.882786	-93.027025	1	WQP	1	80	40	20	10	184.0	40	3	326	4	27	Minnesota	27037	Dakota County	1
9797532696732237824	44.8982	-93.03389	1	WQP	1	231	40	51	13		47	0	319	2	27	Minnesota	27037	Dakota County	2
9797532765451714560	44.908258	-93.024155	1	WQP	1	13	13	5	5		13	0	65	1	27	Minnesota	27123	Ramsey County	1
9797532799811452928	44.917114	-93.02448	2	WQP	2	26	13	12	7		0	0	25	0	27	Minnesota	27123	Ramsey County	1
9797532834171191296	44.917407999999995	-93.0299355	2	WQP	2	26	13	11	6		0	0	42	3	27	Minnesota	27123	Ramsey County	1
9797532868530929664	44.91014966666666	-93.03293866666667	3	WQP	3	39	13	14	5		0	0	132	1	27	Minnesota	27123	Ramsey County	1
9797534380359417856	44.945153	-93.047766	2	WQP	2	14	7	0	0		16	1	100	2	27	Minnesota	27123	Ramsey County	1
9797534414719156224	44.934203	-93.04932	1	WQP	1	280	40	33	10	8.51	4	0	114	6	27	Minnesota	27123	Ramsey County	1
9797534586517848064	44.925118	-93.02908	1	WQP	1	13	13	3	3		0	0	24	4	27	Minnesota	27123	Ramsey County	1
9797534620877586432	44.92429066666667	-93.02511166666666	3	WQP	3	39	13	17	6		1	0	21	0	27	Minnesota	27123	Ramsey County	1
9797534998834708480	44.9537	-92.9815	1	WQP	1	208	13	31	4		5	0	104	1	27	Minnesota	27123	Ramsey County	2
9797535376791830528	44.91859566666667	-93.01520066666666	3	WQP	3	54	43	9	9	191.0	4	0	32	0	27	Minnesota	27123	Ramsey County	1
9797535445511307264	44.9088385	-93.00566	2	WQP	2	14	7	0	0		3	0	18	0	27	Minnesota	27123	Ramsey County	1
9797535479871045632	44.9051415	-93.01111599999999	2	WQP	2	14	7	0	0		3	0	33	1	27	Minnesota	27123	Ramsey County	1
9797535651669737472	44.89940133333334	-92.99099999999999	3	WQP	3	21	7	0	0		1	0	23	0	27	Minnesota	27123	Ramsey County	1
9797535720389214208	44.886713	-92.986172	1	WQP	1	7	7	0	0		2	0	15	0	27	Minnesota	27123	Ramsey County	2
9797535823468429312	44.904912	-92.994285	1	WQP	1	7	7	0	0		1	0	40	0	27	Minnesota	27123	Ramsey County	1
9797535857828167680	44.919595	-92.988973	1	WQP	1	7	7	0	0		1	0	56	0	27	Minnesota	27123	Ramsey County	1
9797535892187906048	44.919625	-92.986891	1	WQP	1	7	7	0	0		23	0	91	2	27	Minnesota	27123	Ramsey County	2
9797536132706074624	44.890787	-92.965335	1	WQP	1	7	7	0	0		3	0	15	0	27	Minnesota	27163	Washington County	1
9797536235785289728	44.890787	-92.953891	1	WQP	1	7	7	0	0		5	0	31	0	27	Minnesota	27163	Washington County	1
9797536441943719936	44.917575	-92.939327	1	WQP	1	40	40	9	9	111.0	188	0	73	0	27	Minnesota	27163	Washington County	1
9797537026059272192	44.956201	-92.935011	1	WQP	1	21	7	8	4		1	0	97	0	27	Minnesota	27163	Washington County	1
9797537129138487296	44.951809	-92.936538	1	WQP	1	21	7	6	3		25	0	139	0	27	Minnesota	27163	Washington County	1
9797537232217702400	44.92579	-92.9197	1	WQP	1	33	33	8	8	29.8	2	0	138	0	27	Minnesota	27163	Washington County	1
9797537369656655872	44.9261	-92.8992	1	WQP	1	195	13	22	3		8	0	69	0	27	Minnesota	27163	Washington County	1
9797537507095609344	44.9621635	-92.912194	2	WQP	2	77	7	21	3		1	0	75	1	27	Minnesota	27163	Washington County	1
9797537953772208128	44.934074	-92.873014	1	WQP	1	7	7	0	0		3	0	18	0	27	Minnesota	27163	Washington County	1
9797538091211161600	44.92937	-92.894189	1	WQP	1	80	40	18	9	25.9	0	0	55	0	27	Minnesota	27163	Washington County	1
9797538194290376704	44.9130785	-92.8828185	2	WQP	2	14	7	1	1		6	0	16	0	27	Minnesota	27163	Washington County	1
9797538228650115072	44.919789	-92.879729	1	WQP	1	7	7	0	0		0	0	24	0	27	Minnesota	27163	Washington County	1
9797538297369591808	44.92144366666667	-92.86549600000001	3	WQP	3	21	7	0	0		0	0	12	0	27	Minnesota	27163	Washington County	1
9797538331729330176	44.916524	-92.859765	1	WQP	1	7	7	0	0		1	0	8	0	27	Minnesota	27163	Washington County	1
9797538469168283648	44.896072000000004	-92.86250999999999	2	WQP	2	14	7	0	0		0	0	8	0	27	Minnesota	27163	Washington County	1
9797538503528022016	44.8910605	-92.871716	2	WQP	2	14	7	0	0		0	0	11	0	27	Minnesota	27163	Washington County	1
9797538537887760384	44.890399333333335	-92.88288033333333	3	WQP	3	21	7	2	1		5	0	11	0	27	Minnesota	27163	Washington County	1
9797538572247498752	44.902223	-92.88638	1	WQP	1	7	7	0	0		2	0	19	0	27	Minnesota	27163	Washington County	1
9797538744046190592	44.9036	-92.9103	1	WQP	1	156	13	14	2		1	0	25	0	27	Minnesota	27163	Washington County	1
9797539225082527744	44.882083	-92.936619	1	WQP	1	7	7	0	0		3	0	31	0	27	Minnesota	27163	Washington County	1
9797539259442266112	44.87592825	-92.93136575	4	WQP	4	28	7	1	1		1	0	12	0	27	Minnesota	27163	Washington County	1
9797539293802004480	44.876244	-92.922259	1	WQP	1	7	7	0	0		0	0	7	0	27	Minnesota	27163	Washington County	1
9797539362521481216	44.8819295	-92.913239	2	WQP	2	47	43	1	1	4.57	0	0	21	0	27	Minnesota	27163	Washington County	1
9797539396881219584	44.883352	-92.903426	1	WQP	1	7	7	0	0		5	0	18	0	27	Minnesota	27163	Washington County	1
9797539431240957952	44.8754694	-92.903626	10	WQP	10	77	7	0	0		1	0	13	0	27	Minnesota	27163	Washington County	1
9797539465600696320	44.8772785	-92.911914	2	WQP	2	47	43	11	11	317.0	3	0	9	0	27	Minnesota	27163	Washington County	1
9797539534320173056	44.8639335	-92.90316250000001	2	WQP	2	14	7	0	0		3	0	9	0	27	Minnesota	27163	Washington County	1
9797539603039649792	44.85738	-92.916574	1	WQP	1	7	7	0	0		2	0	17	0	27	Minnesota	27163	Washington County	1
9797539637399388160	44.858558	-92.918505	1	WQP	1	7	7	0	0		2	0	10	0	27	Minnesota	27163	Washington County	1
9797539843557818368	44.833457	-92.918961	1	WQP	1	7	7	1	1		4	0	86	0	27	Minnesota	27163	Washington County	1
9797540152795463680	44.83171266666667	-92.90477333333335	3	WQP	3	21	7	1	1		1	0	24	0	27	Minnesota	27163	Washington County	1
9797540255874678784	44.842713	-92.915788	1	WQP	1	120	53	29	14	325.0	3	0	25	0	27	Minnesota	27163	Washington County	1
9797540358953893888	44.84521919354839	-92.88075761290322	31	WQP	31	217	7	16	1		3	0	9	0	27	Minnesota	27163	Washington County	1
9797540393313632256	44.83929206896551	-92.8808335862069	29	WQP	29	203	7	11	1		3	0	8	0	27	Minnesota	27163	Washington County	1
9797540427673370624	44.833505	-92.890596	1	WQP	1	7	7	0	0		2	0	19	0	27	Minnesota	27163	Washington County	1
9797540462033108992	44.82762785714285	-92.88974271428572	7	WQP	7	56	7	7	1		0	0	20	0	27	Minnesota	27163	Washington County	1
9797540496392847360	44.81866233333333	-92.891826	3	WQP	3	21	7	0	0		0	0	9	0	27	Minnesota	27163	Washington County	1
9797540565112324096	44.83125866666666	-92.88598999999999	6	WQP	6	42	7	3	1		0	0	6	0	27	Minnesota	27163	Washington County	1
9797540668191539200	44.818856	-92.8583255	2	WQP	2	14	7	0	0		0	0	3	0	27	Minnesota	27163	Washington County	1
9797540771270754304	44.8369895	-92.87489575000001	4	WQP	4	35	7	2	1		0	0	12	0	27	Minnesota	27163	Washington County	1
9797540908709707776	44.862956	-92.862549	1	WQP	1	7	7	0	0		0	0	3	0	27	Minnesota	27163	Washington County	1
9797541149227876352	44.87650666666667	-92.88442166666668	3	WQP	3	21	7	0	0		0	0	5	0	27	Minnesota	27163	Washington County	1
9797541183587614720	44.87655	-92.894577	1	WQP	1	7	7	0	0		2	0	12	0	27	Minnesota	27163	Washington County	1
9797541321026568192	44.8766185	-92.872305	4	WQP	4	42	7	0	0		0	0	6	0	27	Minnesota	27163	Washington County	1
9797541389746044928	44.886523	-92.865121	1	WQP	1	7	7	0	0		1	0	8	0	27	Minnesota	27163	Washington County	1
9797541492825260032	44.880307	-92.842631	1	WQP	1	7	7	0	0		0	0	3	0	27	Minnesota	27163	Washington County	1
9797541527184998400	44.888918000000004	-92.8427095	2	WQP	2	14	7	0	0		0	0	6	0	27	Minnesota	27163	Washington County	1
9797541664623951872	44.876318	-92.836041	1	WQP	1	7	7	0	0		0	0	2	0	27	Minnesota	27163	Washington County	1
9797541973861597184	44.847661	-92.851351	1	WQP	1	7	7	1	1		0	0	3	0	27	Minnesota	27163	Washington County	1
9797542008221335552	44.846646	-92.84198	1	WQP	1	7	7	0	0		0	0	1	0	27	Minnesota	27163	Washington County	1
9797542042581073920	44.838596	-92.841796	1	WQP	1	7	7	0	0		0	0	0	0	27	Minnesota	27163	Washington County	1
9797542180020027392	44.822383333333335	-92.84144233333332	3	WQP	3	21	7	0	0		1	0	2	0	27	Minnesota	27163	Washington County	1
9797542248739504128	44.833461	-92.834488	2	WQP	2	14	7	0	0		0	0	4	0	27	Minnesota	27163	Washington County	1
9797542283099242496	44.818855	-92.836687	1	WQP	1	7	7	0	0		0	0	4	0	27	Minnesota	27163	Washington County	1
9797542420538195968	44.834969	-92.836078	2	WQP	2	14	7	0	0		0	0	2	0	27	Minnesota	27163	Washington County	1
9797542764135579648	44.833378	-92.807119	1	WQP	1	7	7	0	0		0	0	5	0	27	Minnesota	27163	Washington County	1
9797542867214794752	44.825796	-92.780454	1	WQP	1	7	7	0	0		1	0	2	0	27	Minnesota	27163	Washington County	1
9797542970294009856	44.842189	-92.79764	1	WQP	1	7	7	0	0		1	0	8	1	27	Minnesota	27163	Washington County	1
9797543485690085376	44.885544499999995	-92.797155	2	WQP	2	14	7	0	0		0	0	4	0	27	Minnesota	27163	Washington County	1
9797543726208253952	44.908785	-92.784604	1	WQP	1	7	7	0	0		10	0	10	0	27	Minnesota	27163	Washington County	1
9797544241604329472	44.90069	-92.829995	1	WQP	1	7	7	0	0		0	0	7	0	27	Minnesota	27163	Washington County	1
9797544275964067840	44.896253	-92.83025	1	WQP	1	7	7	0	0		0	0	3	0	27	Minnesota	27163	Washington County	1
9797544310323806208	44.891953	-92.842848	1	WQP	1	7	7	0	0		0	0	8	0	27	Minnesota	27163	Washington County	1
9797544344683544576	44.890742	-92.85571	1	WQP	1	7	7	0	0		5	0	4	0	27	Minnesota	27163	Washington County	1
9797544413403021312	44.902291000000005	-92.84499650000001	2	WQP	2	14	7	0	0		2	0	11	0	27	Minnesota	27163	Washington County	1
9797544447762759680	44.908826	-92.84279	1	WQP	1	7	7	0	0		3	0	8	0	27	Minnesota	27163	Washington County	1
9797545306756218880	44.962817	-92.799472	1	WQP	1	40	40	0	0		2	0	12	1	27	Minnesota	27163	Washington County	1
9797545822152294400	44.959243	-92.777358	1	WQP	1	40	40	9	9	99.2	7	0	42	0	27	Minnesota	27163	Washington County	1
9797663504256204800	44.410198	-92.092785	1	WQP	1	200	40	32	8	15.8	0	0	4	0	27	Minnesota	27157	Wabasha County	2
9797872961221296128	44.16079	-91.81194	1	WQP	1	247	13	29	3		0	0	4	0	27	Minnesota	27169	Winona County	2
9797875950518534144	44.13244	-91.72952	1	WQP	1	13	13	5	5		1	0	2	0	27	Minnesota	27169	Winona County	2
9797937282651521024	43.9995	-91.4379	1	WQP	1	399	40	67	10		0	0	8	0	27	Minnesota	27169	Winona County	2
9797982190829568000	44.0567	-91.6371	1	WQP	1	200	40	39	8	12.1	0	0	247	1	27	Minnesota	27169	Winona County	2
9797990505886253056	44.027869	-91.763514	1	WQP	1	40	40	0	0		0	0	22	0	27	Minnesota	27169	Winona County	1
9798047886649327616	44.236738	-91.89306	1	WQP	1	351	13	56	3		0	0	0	0	27	Minnesota	27157	Wabasha County	2
9798051666220548096	44.324528	-91.922556	1	WQP	1	65	13	12	4		0	0	9	0	27	Minnesota	27157	Wabasha County	2
9798053074969821184	44.366078	-91.981461	1	WQP	1	40	40	5	5	4.98	1	0	1	0	27	Minnesota	27157	Wabasha County	2
9798108565947285504	44.0715	-92.429322	1	WQP	1	40	40	2	2	7.39	1	0	7	0	27	Minnesota	27109	Olmsted County	1
9798109218782314496	44.058183	-92.432733	1	WQP	1	40	40	4	4	3.88	4	0	17	0	27	Minnesota	27109	Olmsted County	1
9798109253142052864	44.063581	-92.432756	1	WQP	1	40	40	2	2	5.29	1	0	14	0	27	Minnesota	27109	Olmsted County	1
9798113616828825600	43.96966733333333	-92.36582533333335	3	WQP	3	120	40	7	3	5.98	0	0	8	0	27	Minnesota	27109	Olmsted County	1
9798169588842627072	43.6144	-92.22063	1	WQP	1	13	13	1	1	2.43	0	0	4	0	27	Minnesota	27045	Fillmore County	1
9798178625453817856	43.75086	-92.14643	1	WQP	1	13	13	0	0		1	0	13	1	27	Minnesota	27045	Fillmore County	1
9798211370284482560	43.61272	-92.14297	1	WQP	1	13	13	0	0		1	0	6	0	27	Minnesota	27045	Fillmore County	1
9798696186192855040	43.57581	-91.2334	1	WQP	1	320	40	40	8	11.7	0	0	4	0	27	Minnesota	27055	Houston County	2
9798706700272795648	43.776342	-91.246194	1	WQP	1	160	40	32	8	12.2	0	0	10	2	27	Minnesota	27055	Houston County	2
9801268321847345152	43.032065	-87.914519	1	EGAD	1	12	5	9	4		48	2	344	25	55	Wisconsin	55079	Milwaukee County	1
9802262142919901184	42.47833	-89.05604	1	WQP	1	13	13	5	5		6	1	31	1	17	Illinois	17201	Winnebago County	1
9802458955501273088	41.349583	-88.831139	1	WQP	0	0	0	0	0		6	0	110	3	17	Illinois	17099	LaSalle County	1
9802463937663336448	41.324756	-88.983969	1	WQP	0	0	0	0	0		1	0	0	0	17	Illinois	17099	LaSalle County	1
9802469744459120640	41.317639	-89.067861	1	WQP	0	0	0	0	0		0	0	7	3	17	Illinois	17099	LaSalle County	1
9802555884323209216	41.90002	-89.48215	2	WQP	2	26	13	4	3		0	0	0	0	17	Illinois	17103	Lee County	2
9802607733168406528	41.71376	-89.90675	1	WQP	1	33	33	6	6		0	0	8	1	17	Illinois	17195	Whiteside County	1
9802629379803578368	41.48585	-89.84848	1	WQP	1	13	13	3	3		0	0	0	0	17	Illinois	17011	Bureau County	1
9802735448315920384	40.813417	-89.547972	1	WQP	0	0	0	0	0		0	0	1	0	17	Illinois	17143	Peoria County	2
9802745034682925056	40.635038	-89.622322	1	WQP	0	0	0	0	0		5	0	54	4	17	Illinois	17143	Peoria County	2
9802798532795564032	40.553439	-89.777272	1	WQP	0	0	0	0	0		2	0	11	0	17	Illinois	17143	Peoria County	1
9802802037488877568	40.552	-89.729639	1	WQP	0	0	0	0	0		0	0	2	0	17	Illinois	17143	Peoria County	2
9802867286632038400	40.15377	-89.67551	1	WQP	1	13	13	1	1		0	0	0	0	17	Illinois	17125	Mason County	2
9803155083800608768	41.107278	-89.356222	1	WQP	0	0	0	0	0		1	0	29	0	17	Illinois	17123	Marshall County	2
9803725111860133888	41.189778	-88.103361	1	WQP	0	0	0	0	0		0	0	0	0	17	Illinois	17091	Kankakee County	1
9803734320270016512	41.15196	-87.91418	2	WQP	2	26	13	7	6		0	0	4	0	17	Illinois	17091	Kankakee County	1
9803757478733676544	41.023083	-87.649083	1	WQP	0	0	0	0	0		0	0	0	0	17	Illinois	17091	Kankakee County	1
9803762186017832960	40.995111	-87.561333	1	WQP	0	0	0	0	0		0	0	0	0	17	Illinois	17075	Iroquois County	1
9803765450192977920	41.156972	-87.559	1	WQP	0	0	0	0	0		0	0	1	0	17	Illinois	17091	Kankakee County	1
9803766171747483648	41.149889	-87.616917	1	WQP	0	0	0	0	0		0	0	1	0	17	Illinois	17091	Kankakee County	1
9803809465017827328	41.6424	-87.562169	1	WQP	0	0	0	0	0		4	1	72	5	17	Illinois	17031	Cook County	1
9803812351235850240	41.652481	-87.67547	1	WQP	0	0	0	0	0		47	0	195	5	17	Illinois	17031	Cook County	1
9803812488674803712	41.652681	-87.65595	1	WQP	0	0	0	0	0		2	0	128	6	17	Illinois	17031	Cook County	1
9803813038430617600	41.662461	-87.619239	1	WQP	0	0	0	0	0		6	1	74	7	17	Illinois	17031	Cook County	1
9803816165166809088	41.674739	-87.587839	1	WQP	0	0	0	0	0		3	1	86	9	17	Illinois	17031	Cook County	1
9803817367757651968	41.72202	-87.54352	1	WQP	0	0	0	0	0		22	2	143	2	17	Illinois	17031	Cook County	1
9803821044249657344	41.889472	-87.607764	1	WQP	0	0	0	0	0		5	0	68	1	17	Illinois	17031	Cook County	1
9803821112969134080	41.876722	-87.611028	1	WQP	0	0	0	0	0		10	0	594	5	17	Illinois	17031	Cook County	1
9803821868883378176	41.834444	-87.624722	1	WQP	1	774	28	256	20		51	0	280	1	17	Illinois	17031	Cook County	1
9803822040682070016	41.831055	-87.657389	1	WQP	0	0	0	0	0		55	5	412	22	17	Illinois	17031	Cook County	1
9803822693517099008	41.892333	-87.642361	1	WQP	0	0	0	0	0		93	1	1298	33	17	Illinois	17031	Cook County	1
9803823689949511680	41.843269	-87.664339	1	WQP	0	0	0	0	0		52	2	369	15	17	Illinois	17031	Cook County	1
9803827675679162368	41.811333	-87.770222	1	WQP	0	0	0	0	0		2	1	142	16	17	Illinois	17031	Cook County	1
9803827744398639104	41.816722	-87.753472	1	WQP	0	0	0	0	0		15	4	219	12	17	Illinois	17031	Cook County	1
9803848394601398272	41.698488	-87.9405845	2	WQP	0	0	0	0	0		15	0	66	7	17	Illinois	17031	Cook County	2
9803886499551248384	41.536472	-88.083694	1	WQP	0	0	0	0	0		12	0	186	11	17	Illinois	17197	Will County	1
9803886980587585536	41.570278	-88.079444	1	WQP	0	0	0	0	0		1	0	101	4	17	Illinois	17197	Will County	1
9803918797705314304	41.383833	-88.262917	1	WQP	0	0	0	0	0		3	0	13	1	17	Illinois	17063	Grundy County	1
9803920996728569856	41.414444	-88.214444	1	WQP	0	0	0	0	0		3	1	15	5	17	Illinois	17197	Will County	1
9803948553238740992	41.336667	-88.462778	1	WQP	0	0	0	0	0		0	0	2	0	17	Illinois	17063	Grundy County	1
9803957864727838720	41.299889	-88.614194	1	WQP	0	0	0	0	0		5	0	28	0	17	Illinois	17099	LaSalle County	1
9803962400213303296	41.327	-88.717083	1	WQP	0	0	0	0	0		9	2	33	0	17	Illinois	17099	LaSalle County	1
9804060084949483520	42.003444	-88.319806	1	WQP	0	0	0	0	0		0	0	43	3	17	Illinois	17089	Kane County	1
9804062077814308864	42.020556	-88.238333	1	WQP	0	0	0	0	0		6	0	83	6	17	Illinois	17031	Cook County	1
9804066785098465280	42.21645	-88.18891	2	WQP	2	26	13	5	4		0	0	7	0	17	Illinois	17097	Lake County	1
9804068949761982464	42.207917	-88.268667	1	WQP	0	0	0	0	0		0	0	61	6	17	Illinois	17111	McHenry County	1
9804069568237273088	42.216944	-88.320889	1	WQP	0	0	0	0	0		45	2	104	3	17	Illinois	17111	McHenry County	1
9804069877474918400	42.181111	-88.311472	1	WQP	0	0	0	0	0		7	0	61	1	17	Illinois	17111	McHenry County	1
9804070667748900864	42.108359	-88.289525	1	WQP	0	0	0	0	0		21	1	97	10	17	Illinois	17089	Kane County	1
9804088569172590592	41.964556	-88.411222	1	WQP	0	0	0	0	0		0	0	2	0	17	Illinois	17089	Kane County	1
9804154814748164096	42.399545	-88.600619	1	WQP	0	0	0	0	0		0	0	38	2	17	Illinois	17111	McHenry County	1
9804166325260517376	42.385472	-88.33225	1	WQP	0	0	0	0	0		1	0	6	0	17	Illinois	17111	McHenry County	1
9804167012455284736	42.385556	-88.386111	2	WQP	0	0	0	0	0		2	0	8	1	17	Illinois	17111	McHenry County	1
9804169074039586816	42.385464	-88.444908	1	WQP	0	0	0	0	0		1	0	0	0	17	Illinois	17111	McHenry County	1
9804181203027230720	42.233889	-88.293167	1	WQP	0	0	0	0	0		2	0	91	3	17	Illinois	17111	McHenry County	1
9804182783575195648	42.276083	-88.216333	1	WQP	0	0	0	0	0		3	0	17	0	17	Illinois	17111	McHenry County	1
9804210992920395776	42.383278	-87.923667	1	WQP	0	0	0	0	0		6	0	48	3	17	Illinois	17097	Lake County	1
9804220441848446976	42.262639	-87.945417	1	WQP	0	0	0	0	0		13	0	50	3	17	Illinois	17097	Lake County	1
9804281396024311808	41.974167	-87.705833	1	WQP	0	0	0	0	0		38	1	241	2	17	Illinois	17031	Cook County	1
9804283354529398784	42.034333	-87.709945	1	WQP	0	0	0	0	0		73	9	235	15	17	Illinois	17031	Cook County	1
9804283388889137152	42.021944	-87.710278	1	WQP	0	0	0	0	0		37	3	344	26	17	Illinois	17031	Cook County	1
9804287683856433152	41.94809	-87.65533	1	WQP	1	155	31	9	7	1.81	61	1	296	2	17	Illinois	17031	Cook County	1
9804288645929107456	41.91638	-87.60207	1	WQP	1	13	13	8	8		0	0	0	0	17	Illinois	17031	Cook County	1
9804295449157304320	42.074917	-87.6855	1	WQP	0	0	0	0	0		5	1	32	0	17	Illinois	17031	Cook County	1
9804315515244511232	42.34262	-87.82165	1	WQP	1	13	13	1	1		0	0	27	4	17	Illinois	17097	Lake County	1
9804323314905120768	42.46726	-87.77979	1	WQP	1	13	13	1	1		0	0	0	0	17	Illinois	17097	Lake County	1
9804626608315695104	41.735444	-86.901028	1	WQP	1	1978	43	399	19		0	0	51	1	18	Indiana	18091	LaPorte County	1
9804626711394910208	41.718195	-86.886389	1	WQP	1	105	35	33	15		22	1	160	7	18	Indiana	18091	LaPorte County	1
9804627226790985728	41.716572	-86.859726	1	WQP	1	70	35	15	9		6	0	54	2	18	Indiana	18091	LaPorte County	1
9804637740870926336	41.620278	-86.721667	1	WQP	1	161	38	38	11		25	0	137	4	18	Indiana	18091	LaPorte County	1
9804648461109297152	41.753206	-86.667951	1	WQP	1	35	35	5	5		0	0	0	0	18	Indiana	18091	LaPorte County	2
9804667187166707712	41.742867000000004	-86.272789	2	WQP	2	103	38	29	12		1	0	10	0	18	Indiana	18141	St. Joseph County	1
9804672650365108224	41.698611	-86.371389	1	WQP	1	148	37	21	6		2	0	15	0	18	Indiana	18141	St. Joseph County	1
9804677426368741376	41.54462	-86.36964	1	WQP	1	140	35	19	6		1	0	2	0	18	Indiana	18141	St. Joseph County	1
9804687699930513408	41.557778	-86.548611	1	WQP	1	185	37	23	8		0	0	2	0	18	Indiana	18091	LaPorte County	1
9804713332295335936	41.297222	-86.378056	1	WQP	1	111	37	14	5		0	0	5	0	18	Indiana	18099	Marshall County	1
9804724739728474112	41.306111	-86.639444	1	WQP	1	74	37	14	8		2	0	19	1	18	Indiana	18149	Starke County	1
9804734463534432256	41.490278	-86.580833	1	WQP	1	285	38	46	9		0	0	0	0	18	Indiana	18091	LaPorte County	1
9804734910211031040	41.498509	-86.582029	1	WQP	1	23	12	1	1		0	0	0	0	18	Indiana	18091	LaPorte County	1
9804736662557687808	41.49079	-86.668579	1	WQP	1	39	13	18	7		0	0	3	1	18	Indiana	18091	LaPorte County	1
9804777000890531840	41.468676	-87.079418	1	WQP	1	26	13	14	8		11	2	73	1	18	Indiana	18127	Porter County	1
9804783254362914816	41.535833	-87.122785	1	WQP	1	105	35	31	13		6	1	24	0	18	Indiana	18127	Porter County	1
9804786930854920192	41.513333	-87.043333	1	WQP	1	185	37	36	8		1	0	30	0	18	Indiana	18127	Porter County	1
9804786965214658560	41.523333	-87.050278	1	WQP	1	111	37	17	7		0	0	17	0	18	Indiana	18127	Porter County	1
9804788820640530432	41.434332	-86.988837	1	WQP	1	13	13	5	5		0	0	16	2	18	Indiana	18127	Porter County	1
9804795280271343616	41.623936	-86.980453	1	WQP	1	70	35	12	8		0	0	0	0	18	Indiana	18127	Porter County	1
9804796998258262016	41.586148	-87.037382	1	WQP	1	70	35	11	6		0	0	28	0	18	Indiana	18127	Porter County	1
9804797307495907328	41.620735	-87.062238	1	WQP	1	70	35	16	9		3	0	99	2	18	Indiana	18127	Porter County	1
9804824829646340096	41.616829	-87.126253	1	WQP	1	181	41	31	9		2	0	19	2	18	Indiana	18127	Porter County	1
9804827303547502592	41.596929	-87.144043	1	WQP	1	140	35	33	11		2	0	31	3	18	Indiana	18127	Porter County	1
9804827372266979328	41.611393	-87.154687	1	WQP	1	222	37	30	8		4	1	59	5	18	Indiana	18127	Porter County	1
9804827715864363008	41.62842	-87.17635	1	WQP	1	33	33	9	9		0	0	45	2	18	Indiana	18127	Porter County	1
9804827750224101376	41.617778	-87.176111	1	WQP	1	175	35	51	13		39	1	22	2	18	Indiana	18127	Porter County	1
9804829090253897728	41.571	-87.240264	1	WQP	1	290	41	53	13		23	2	49	0	18	Indiana	18089	Lake County	1
9804830086686310400	41.615833	-87.264444	1	WQP	1	70	35	20	12		6	0	20	0	18	Indiana	18089	Lake County	1
9804830121046048768	41.614577999999995	-87.27545	2	WQP	2	210	35	50	12		0	0	20	0	18	Indiana	18089	Lake County	1
9804832079551135744	41.609153	-87.372019	1	WQP	1	105	35	29	12		28	2	64	2	18	Indiana	18089	Lake County	1
9804836511957385216	41.66361	-87.26672	1	WQP	1	13	13	3	3		0	0	0	0	18	Indiana	18089	Lake County	1
9804852901552586752	41.830219	-87.512369	1	WQP	0	0	0	0	0		0	0	0	0	17	Illinois	17031	Cook County	1
9804855684691394560	41.70618	-87.50341	1	WQP	1	13	13	7	7		0	0	9	0	18	Indiana	18089	Lake County	1
9804856200087470080	41.671389	-87.5175	1	WQP	1	52	13	24	7		1	0	92	2	18	Indiana	18089	Lake County	1
9804859258104184832	41.655	-87.433	1	WQP	1	245	35	86	18		5	0	100	0	18	Indiana	18089	Lake County	1
9804862522279329792	41.614306	-87.461528	1	WQP	1	70	35	29	16		30	2	141	8	18	Indiana	18089	Lake County	1
9804862694078021632	41.650851	-87.4655765	2	WQP	1	70	35	32	19		14	2	141	9	18	Indiana	18089	Lake County	1
9804863037675405312	41.618889	-87.5	1	WQP	1	105	35	47	18		8	0	221	4	18	Indiana	18089	Lake County	1
9804863140754620416	41.624372	-87.517833	1	WQP	1	35	35	19	19		31	0	236	7	18	Indiana	18089	Lake County	1
9804864790022062080	41.55707	-87.481143	1	WQP	1	70	35	15	10		4	0	49	0	18	Indiana	18089	Lake County	1
9804872864560578560	41.55947	-87.394138	1	WQP	1	70	35	19	10		1	0	53	0	18	Indiana	18089	Lake County	1
9804877022088921088	41.527778	-87.274444	1	WQP	1	175	35	57	17		0	0	9	0	18	Indiana	18089	Lake County	1
9804878121600548864	41.476937	-87.222215	1	WQP	1	70	35	15	8		2	0	5	0	18	Indiana	18089	Lake County	1
9804881454495170560	41.435574	-87.355118	1	WQP	1	35	35	9	9		3	1	100	4	18	Indiana	18089	Lake County	1
9804881798092554240	41.40055	-87.372367	1	WQP	1	105	35	28	10		1	0	26	1	18	Indiana	18089	Lake County	1
9804888120284413952	41.288806	-87.287083	1	WQP	0	0	0	0	0		0	0	18	0	18	Indiana	18089	Lake County	1
9804890422386884608	41.253305	-87.362528	1	WQP	0	0	0	0	0		0	0	1	0	18	Indiana	18089	Lake County	1
9804907361737900032	41.166389	-87.525555	1	WQP	1	272	38	55	9		0	0	2	0	17	Illinois	17091	Kankakee County	3
9804907842774237184	41.117333	-87.517278	1	WQP	0	0	0	0	0		0	0	0	0	18	Indiana	18111	Newton County	1
9804909423322202112	41.048111	-87.468694	1	WQP	0	0	0	0	0		0	0	1	0	18	Indiana	18111	Newton County	1
9804912653137608704	41.008556	-87.442083	1	WQP	0	0	0	0	0		0	0	5	0	18	Indiana	18111	Newton County	1
9804916948104904704	41.086167	-87.378389	1	WQP	0	0	0	0	0		0	0	0	0	18	Indiana	18111	Newton County	1
9804917497860718592	41.084722	-87.33675	1	WQP	0	0	0	0	0		0	0	0	0	18	Indiana	18111	Newton County	1
9804934780809117696	41.22475	-87.203361	1	WQP	0	0	0	0	0		0	0	23	1	18	Indiana	18073	Jasper County	1
9804939281934843904	41.130111	-87.102528	1	WQP	0	0	0	0	0		0	0	0	0	18	Indiana	18073	Jasper County	1
9804939522453012480	41.120889	-87.123139	1	WQP	0	0	0	0	0		0	0	0	0	18	Indiana	18073	Jasper County	1
9804941687116529664	41.173028	-87.102667	1	WQP	0	0	0	0	0		0	0	2	0	18	Indiana	18073	Jasper County	1
9805016797504602112	40.923389	-87.257528	1	WQP	0	0	0	0	0		0	0	0	0	18	Indiana	18073	Jasper County	1
9805029957284397056	40.820144	-87.464027	1	WQP	1	13	13	4	4		1	0	0	0	18	Indiana	18111	Newton County	1
9805064042144858112	40.3175	-87.29	1	WQP	1	148	37	13	4		0	0	1	0	18	Indiana	18171	Warren County	1
9805089983747325952	39.981361	-87.38558	1	WQP	1	148	37	15	7		1	0	0	0	18	Indiana	18045	Fountain County	1
9805130974915198976	39.945556	-87.055833	1	WQP	1	124	38	13	4		0	0	0	0	18	Indiana	18107	Montgomery County	1
9805134891925372928	40.050417	-86.921944	1	WQP	1	74	37	8	4		8	0	48	3	18	Indiana	18107	Montgomery County	1
9805147879906476032	40.36079	-86.909826	1	WQP	1	74	37	6	3		1	0	8	0	18	Indiana	18157	Tippecanoe County	1
9805148154784382976	40.379444	-86.934445	1	WQP	1	111	37	19	7		0	0	18	0	18	Indiana	18157	Tippecanoe County	1
9805149391734964224	40.404722	-86.965	1	WQP	1	224	38	45	10		1	0	4	0	18	Indiana	18157	Tippecanoe County	1
9805183717113593856	40.441944	-86.895278	1	WQP	1	248	38	54	10		7	0	73	1	18	Indiana	18157	Tippecanoe County	1
9805184335588884480	40.430468	-86.8509	1	WQP	1	74	37	14	7		0	0	61	2	18	Indiana	18157	Tippecanoe County	1
9805185984856326144	40.437222	-86.804722	1	WQP	1	165	36	36	12		0	0	8	0	18	Indiana	18157	Tippecanoe County	1
9805191688572895232	40.584167	-86.672222	1	WQP	1	175	35	28	9		35	0	34	1	18	Indiana	18015	Carroll County	1
9805205707346149376	40.330556	-86.665278	1	WQP	1	25	13	4	3		0	0	4	1	18	Indiana	18023	Clinton County	1
9805209864874491904	40.375556	-86.751944	1	WQP	1	137	35	30	11		1	0	19	0	18	Indiana	18157	Tippecanoe County	1
9805210277191352320	40.418611	-86.761944	1	WQP	1	102	34	16	7		3	0	5	0	18	Indiana	18157	Tippecanoe County	1
9805225429835972608	40.088889	-86.851111	1	WQP	1	124	38	13	4		0	0	1	0	18	Indiana	18107	Montgomery County	1
9805226048311263232	40.052778	-86.841945	1	WQP	1	74	37	6	3		0	0	8	0	18	Indiana	18107	Montgomery County	1
9805226391908646912	40.039722	-86.854028	1	WQP	1	74	37	6	3		5	0	15	0	18	Indiana	18107	Montgomery County	1
9805226666786553856	40.058889	-86.874722	1	WQP	1	37	37	3	3		2	0	34	3	18	Indiana	18107	Montgomery County	1
9805231648948617216	40.046944	-86.759445	1	WQP	1	74	37	6	3		0	0	0	0	18	Indiana	18107	Montgomery County	1
9805298753517649920	40.323056	-86.562222	1	WQP	1	175	35	41	11		0	0	1	1	18	Indiana	18023	Clinton County	1
9805331189110669312	40.764167	-86.321667	1	WQP	1	24	12	5	3		1	0	35	0	18	Indiana	18017	Cass County	1
9805332357341773824	40.782326	-86.264497	1	WQP	1	34	34	7	7		0	0	0	0	18	Indiana	18017	Cass County	1
9805339813404999680	40.745	-86.470556	1	WQP	1	164	36	32	12		0	0	2	0	18	Indiana	18017	Cass County	1
9805365686287990784	40.594167	-86.770556	1	WQP	1	154	33	35	8		0	0	3	0	18	Indiana	18015	Carroll County	2
9805366339123019776	40.658611	-86.754722	1	WQP	1	128	32	24	7		2	0	4	0	18	Indiana	18015	Carroll County	1
9805374791618658304	40.781944	-86.760556	1	WQP	1	160	32	34	10		6	0	12	0	18	Indiana	18181	White County	1
9805378914787262464	40.869722	-86.825833	1	WQP	1	64	32	12	6		0	0	1	0	18	Indiana	18181	White County	1
9805432275460947968	41.128611	-86.421944	1	WQP	1	128	32	17	7		1	0	5	1	18	Indiana	18049	Fulton County	1
9805489793662976000	41.09157	-85.97524	1	WQP	1	96	32	20	7		0	0	0	0	18	Indiana	18085	Kosciusko County	1
9805496940488556544	41.173333	-85.940278	1	WQP	1	96	32	12	6		0	0	1	0	18	Indiana	18085	Kosciusko County	1
9805537244461662208	40.792222	-85.810278	1	WQP	1	64	32	21	12		7	0	112	2	18	Indiana	18169	Wabash County	1
9805537313181138944	40.79022	-85.82739	1	WQP	1	13	13	6	6		23	0	90	1	18	Indiana	18169	Wabash County	1
9805538515771981824	40.720206	-85.772828	1	WQP	1	64	32	35	19		0	0	8	0	18	Indiana	18169	Wabash County	1
9805538550131720192	40.739058	-85.776615	1	WQP	1	64	32	29	16		1	0	7	0	18	Indiana	18169	Wabash County	1
9805538962448580608	40.780615	-85.790105	1	WQP	1	64	32	29	16		0	0	6	1	18	Indiana	18169	Wabash County	1
9805542535861370880	40.833611	-85.731389	1	WQP	1	128	32	25	9		7	0	3	0	18	Indiana	18169	Wabash County	1
9805542948178231296	40.808333	-85.684722	1	WQP	1	105	35	18	6		0	0	5	0	18	Indiana	18169	Wabash County	1
9805556520274886656	40.584444	-85.660833	1	WQP	1	24	12	2	1		2	0	29	2	18	Indiana	18053	Grant County	1
9805578647946395648	40.772778	-85.935278	1	WQP	1	217	33	49	12		0	0	3	0	18	Indiana	18169	Wabash County	1
9805585519894069248	40.743056	-86.104722	1	WQP	1	25	13	6	4		6	1	12	1	18	Indiana	18103	Miami County	1
9805594178548137984	40.740442	-86.240519	1	WQP	1	13	13	4	4		0	0	2	1	18	Indiana	18017	Cass County	1
9805594419066306560	40.72957	-86.221033	1	WQP	1	39	13	15	7		0	0	0	0	18	Indiana	18017	Cass County	1
9805595690376626176	40.659364	-86.184963	1	WQP	1	52	13	25	8		0	0	0	0	18	Indiana	18017	Cass County	1
9805595793455841280	40.68171	-86.19483	1	WQP	1	103	33	56	18		0	0	0	0	18	Indiana	18017	Cass County	1
9805596068333748224	40.700176	-86.20934	1	WQP	1	129	33	63	17		0	0	1	0	18	Indiana	18017	Cass County	1
9805596789888253952	40.692658	-86.13878	1	WQP	1	36	12	3	1		1	0	4	0	18	Indiana	18103	Miami County	1
9805597580162236416	40.6773975	-86.1295965	2	WQP	2	91	13	36	9		3	0	20	1	18	Indiana	18103	Miami County	1
9805598473515433984	40.676576	-86.166665	1	WQP	1	90	33	55	21		0	0	2	1	18	Indiana	18017	Cass County	2
9805607200888979456	40.481	-86.21	1	WQP	1	26	13	7	4		0	0	4	1	18	Indiana	18067	Howard County	1
9805607372687671296	40.473611	-86.184167	1	WQP	1	26	13	8	4		0	0	23	0	18	Indiana	18067	Howard County	1
9805607510126624768	40.470197	-86.157136	1	WQP	1	128	32	30	9		7	1	68	4	18	Indiana	18067	Howard County	1
9805607750644793344	40.462222	-86.136389	1	WQP	1	102	34	26	10		2	0	124	4	18	Indiana	18067	Howard County	1
9805613282562670592	40.488472	-86.018333	1	WQP	1	204	34	40	10		0	0	2	0	18	Indiana	18067	Howard County	1
9805619329876623360	40.485556	-86.051111	1	WQP	1	24	12	2	1		0	0	0	0	18	Indiana	18067	Howard County	1
9805649875684032512	39.949444	-86.256111	1	WQP	1	70	35	11	6		4	1	89	6	18	Indiana	18011	Boone County	1
9805651628030689280	39.982976	-86.135744	1	WQP	1	35	35	7	7		4	0	143	1	18	Indiana	18057	Hamilton County	1
9805656678912229376	40.048677	-86.01541	1	WQP	1	70	35	14	7		26	0	107	1	18	Indiana	18057	Hamilton County	1
9805658396899147776	39.956174	-86.064414	1	WQP	1	35	35	7	7		1	0	13	0	18	Indiana	18057	Hamilton County	1
9805663275981996032	40.022917	-86.011806	1	WQP	1	35	35	7	7		3	0	68	3	18	Indiana	18057	Hamilton County	1
9805664375493623808	40.039693	-85.950859	1	WQP	1	35	35	7	7		3	0	17	0	18	Indiana	18057	Hamilton County	1
9805667261711646720	40.093512	-86.034413	1	WQP	1	70	35	14	8		2	0	9	0	18	Indiana	18057	Hamilton County	1
9805687087280685056	39.965833	-85.8425	1	WQP	1	70	35	16	9		0	0	3	0	18	Indiana	18095	Madison County	1
9805703820473270272	40.11424	-85.720357	1	WQP	1	70	35	19	12		6	0	40	0	18	Indiana	18095	Madison County	1
9805716911533588480	40.248333	-85.743333	1	WQP	1	70	35	15	8		0	0	0	0	18	Indiana	18095	Madison County	1
9805757456024862720	40.45891	-85.331608	1	WQP	1	103	33	26	9		0	0	1	0	18	Indiana	18009	Blackford County	1
9805759792487071744	40.431613	-85.370273	1	WQP	1	129	33	37	10		1	0	30	4	18	Indiana	18009	Blackford County	1
9805759861206548480	40.446986	-85.361864	1	WQP	1	52	13	23	8		5	2	60	0	18	Indiana	18009	Blackford County	1
9805759964285763584	40.442206	-85.37012	1	WQP	1	51	13	20	7		15	0	69	5	18	Indiana	18009	Blackford County	1
9805760170444193792	40.43498	-85.383609	1	WQP	1	39	13	19	9		1	0	28	2	18	Indiana	18009	Blackford County	1
9805760239163670528	40.429833	-85.389247	1	WQP	1	133	33	36	12		2	0	2	0	18	Indiana	18009	Blackford County	1
9805773158425296896	40.3725	-85.456389	1	WQP	1	105	35	25	10		1	0	0	0	18	Indiana	18035	Delaware County	1
9805783019670208512	40.178889	-85.494722	1	WQP	1	70	35	15	8		16	0	23	0	18	Indiana	18035	Delaware County	1
9805805044262502400	40.028769	-85.301313	1	WQP	1	140	35	25	7		0	0	0	0	18	Indiana	18065	Henry County	1
9805806109414391808	40.129722	-85.288333	1	WQP	1	70	35	12	7		0	0	2	0	18	Indiana	18035	Delaware County	1
9805813496758140928	40.159671	-85.290048	1	WQP	1	70	35	12	7		0	0	7	0	18	Indiana	18035	Delaware County	1
9805828202726162432	39.881389	-85.160833	1	WQP	1	70	35	13	8		2	1	2	0	18	Indiana	18177	Wayne County	1
9805849059087351808	40.183011	-84.970755	1	WQP	1	70	35	13	7		0	0	56	0	18	Indiana	18135	Randolph County	1
9805902247962345472	40.720556	-85.106667	1	WQP	1	64	32	9	6		0	0	1	0	18	Indiana	18179	Wells County	1
9805902419761037312	40.728611	-85.137222	1	WQP	1	191	36	33	11		0	0	0	0	18	Indiana	18179	Wells County	1
9805937157456527360	40.697778	-85.449722	1	WQP	1	165	36	32	10		0	0	2	0	18	Indiana	18069	Huntington County	1
9805940902668009472	40.774445	-85.599444	1	WQP	1	140	35	19	8		0	0	0	0	18	Indiana	18069	Huntington County	1
9805963889332977664	40.881389	-85.471389	1	WQP	1	96	32	23	9		15	0	58	6	18	Indiana	18069	Huntington County	1
9805963992412192768	40.892875	-85.468706	1	WQP	1	64	32	11	6		1	1	53	4	18	Indiana	18069	Huntington County	1
9805966363234140160	40.879722	-85.543056	1	WQP	1	24	12	2	1		0	0	4	0	18	Indiana	18069	Huntington County	1
9805993644866404352	41.110214	-85.120924	1	WQP	1	105	35	29	12		6	0	94	0	18	Indiana	18003	Allen County	1
9805994881816985600	41.082778	-85.151111	1	WQP	1	210	35	75	15		29	2	282	7	18	Indiana	18003	Allen County	1
9806006873365676032	41.007697	-85.182578	1	WQP	1	70	35	48	25		11	0	89	8	18	Indiana	18003	Allen County	1
9806007869798088704	40.979335	-85.094989	1	WQP	1	35	35	7	7		0	0	7	0	18	Indiana	18003	Allen County	1
9806013539154919424	40.863224	-84.948789	1	WQP	1	70	35	16	11		3	0	12	0	18	Indiana	18001	Adams County	1
9806017902841692160	41.084445	-85.020556	1	WQP	1	137	35	42	14		3	0	29	0	18	Indiana	18003	Allen County	1
9806026492776284160	41.222612	-85.005724	1	WQP	1	134	35	27	9		3	0	23	0	18	Indiana	18003	Allen County	1
9806041989018288128	41.268801	-85.135091	1	WQP	1	70	35	9	5		0	0	0	0	18	Indiana	18033	DeKalb County	1
9806055114438344704	41.338723	-85.060606	1	WQP	1	70	35	22	15		0	0	37	3	18	Indiana	18033	DeKalb County	1
9806059031448518656	41.426188	-85.006598	1	WQP	1	140	35	36	12		2	1	25	1	18	Indiana	18033	DeKalb County	1
9806066865468866560	41.626806	-85.0236	1	WQP	1	35	35	7	7		3	0	17	0	18	Indiana	18151	Steuben County	1
9806068652175261696	41.604665	-84.942423	1	WQP	1	70	35	8	5		0	0	0	0	18	Indiana	18151	Steuben County	1
9806076726713778176	41.695278	-85.025556	1	WQP	1	262	35	58	11		0	0	10	1	18	Indiana	18151	Steuben County	1
9806082292991393792	41.740687	-85.169739	1	WQP	1	35	35	19	19		0	0	5	0	18	Indiana	18151	Steuben County	1
9806087275153457152	41.641128	-85.254549	1	WQP	1	35	35	5	5		0	0	0	0	18	Indiana	18087	LaGrange County	1
9806089061859852288	41.651346	-85.174279	1	WQP	1	70	35	10	6		0	0	8	0	18	Indiana	18151	Steuben County	1
9806101122128019456	41.632036	-85.406516	1	WQP	1	35	35	10	10		0	0	22	1	18	Indiana	18087	LaGrange County	1
9806101637524094976	41.663129	-85.406012	1	WQP	1	35	35	11	11		1	0	4	1	18	Indiana	18087	LaGrange County	1
9806114659864936448	41.752171	-85.515024	1	WQP	1	70	35	37	21		1	0	1	0	18	Indiana	18087	LaGrange County	1
9806120397941243904	41.739722	-85.556389	1	WQP	1	70	35	11	7		3	0	2	0	18	Indiana	18087	LaGrange County	1
9806132733087318016	41.465868	-85.586626	1	WQP	1	70	35	24	17		22	0	60	4	18	Indiana	18113	Noble County	1
9806135310067695616	41.427739	-85.501942	1	WQP	1	105	35	22	11		0	0	0	0	18	Indiana	18113	Noble County	1
9806138333724672000	41.4696	-85.509706	1	WQP	1	70	35	15	8		0	0	1	0	18	Indiana	18113	Noble County	1
9806141529180340224	41.494051	-85.37564	1	WQP	1	70	35	23	13		24	0	17	0	18	Indiana	18113	Noble County	1
9806143109728305152	41.4475	-85.276389	1	WQP	1	35	35	14	14		21	0	90	2	18	Indiana	18113	Noble County	1
9806158777769000960	41.261944	-85.479722	1	WQP	1	140	35	29	9		0	0	2	0	18	Indiana	18183	Whitley County	1
9806161457828593664	41.276389	-85.500833	1	WQP	1	140	35	25	9		0	0	2	0	18	Indiana	18113	Noble County	1
9806164344046616576	41.270833	-85.5525	1	WQP	1	105	35	15	7		1	0	1	0	18	Indiana	18183	Whitley County	1
9806164481485570048	41.269445	-85.540556	1	WQP	1	62	31	14	8		1	0	0	0	18	Indiana	18113	Noble County	2
9806164859442692096	41.238333	-85.551389	1	WQP	1	105	35	12	6		1	0	1	0	18	Indiana	18183	Whitley County	1
9806177572545888256	41.484056	-85.620301	1	WQP	1	105	35	23	10		0	0	14	4	18	Indiana	18113	Noble County	1
9806187468150538240	41.471353	-85.841475	1	WQP	1	70	35	12	7		3	0	22	2	18	Indiana	18039	Elkhart County	1
9806197432474664960	41.28149	-85.79365	1	WQP	1	128	32	27	7		0	0	7	0	18	Indiana	18085	Kosciusko County	1
9806199528418705408	41.246667	-85.856667	1	WQP	1	96	32	21	7		15	1	111	4	18	Indiana	18085	Kosciusko County	1
9806200009455042560	41.24842	-85.875267	1	WQP	1	70	35	14	7		0	0	52	5	18	Indiana	18085	Kosciusko County	1
9806200765369286656	41.248056	-85.907222	1	WQP	1	128	32	29	8		1	1	7	2	18	Indiana	18085	Kosciusko County	1
9806239179556782080	41.66737	-85.942	1	WQP	1	13	13	1	1		18	0	72	2	18	Indiana	18039	Elkhart County	1
9806239385715212288	41.676465	-85.950893	1	WQP	1	70	35	24	15		22	0	159	3	18	Indiana	18039	Elkhart County	1
9806239420074950656	41.68261	-85.95749	1	WQP	1	33	33	11	11		6	0	170	2	18	Indiana	18039	Elkhart County	1
9806239935471026176	41.678538	-85.996827	1	WQP	1	70	35	18	10		18	1	136	12	18	Indiana	18039	Elkhart County	1
9806242134494281728	41.67527	-86.07586	1	WQP	1	13	13	1	1		0	0	27	0	18	Indiana	18141	St. Joseph County	1
9806242306292973568	41.669167	-86.075	1	WQP	1	105	35	42	17		7	0	46	0	18	Indiana	18141	St. Joseph County	1
9806242581170880512	41.651904	-86.056191	1	WQP	1	70	35	11	7		0	0	12	0	18	Indiana	18039	Elkhart County	2
9806250964947042304	41.68205	-86.24738	1	WQP	1	105	35	23	9		27	1	213	1	18	Indiana	18141	St. Joseph County	1
9806256874822041600	41.703677	-86.256482	1	WQP	1	70	35	20	11		3	0	50	0	18	Indiana	18141	St. Joseph County	1
9806268076096749568	41.7008	-85.97922	1	WQP	1	70	35	13	7		18	0	145	5	18	Indiana	18039	Elkhart County	1
9806276288074219520	41.727778	-85.813889	1	WQP	1	140	35	40	13		0	0	61	5	18	Indiana	18039	Elkhart County	1
9806280205084393472	41.69465	-85.9174	3	WQP	3	59	35	13	10		3	0	170	11	18	Indiana	18039	Elkhart County	1
9806282232308957184	41.631678	-85.901848	1	WQP	1	105	35	29	14		2	0	29	0	18	Indiana	18039	Elkhart County	1
9806285359045148672	41.547526	-85.83713	1	WQP	1	70	35	13	8		10	0	51	2	18	Indiana	18039	Elkhart County	1
9806289825811136512	41.674706	-85.699805	1	WQP	1	70	35	10	7		11	0	59	5	18	Indiana	18039	Elkhart County	1
9806301164524797952	41.709494	-85.726491	1	WQP	1	35	35	7	7		0	0	2	0	18	Indiana	18039	Elkhart County	1
9817156093070016512	41.517252	-84.870324	1	WQP	1	70	35	10	6		0	0	1	0	18	Indiana	18033	DeKalb County	1
9817277382946455552	41.312001	-84.886482	1	WQP	1	70	35	18	11		1	0	4	2	18	Indiana	18033	DeKalb County	1
9817281506115059712	41.169746	-84.818354	1	WQP	1	35	35	12	12		0	0	2	0	18	Indiana	18003	Allen County	1
9817292398152122368	41.149578	-84.829472	1	WQP	1	70	35	15	8		0	0	4	0	18	Indiana	18003	Allen County	1
9817319748503863296	40.818515	-84.907389	1	WQP	1	70	35	16	11		0	0	16	2	18	Indiana	18001	Adams County	1
9817324249629589504	40.746862	-84.823778	1	WQP	1	70	35	14	9		1	0	2	0	18	Indiana	18001	Adams County	1
9817807175752351744	40.293472	-84.824583	1	WQP	1	70	35	15	11		0	0	0	0	18	Indiana	18135	Randolph County	1
9817808103465287680	40.266111	-84.833055	1	WQP	1	105	35	29	11		0	0	0	0	18	Indiana	18135	Randolph County	1
9817809443495084032	40.224167	-84.821389	1	WQP	1	105	35	32	15		0	0	4	1	18	Indiana	18135	Randolph County	1
9817838992870080512	39.880167	-84.821111	1	WQP	0	0	0	0	0		0	0	1	0	18	Indiana	18177	Wayne County	1
9817847617164410880	39.849722	-84.899722	1	WQP	1	105	35	18	8		11	1	93	2	18	Indiana	18177	Wayne County	1
9817847892042317824	39.859444	-84.868611	1	WQP	1	105	35	17	6		0	0	19	0	18	Indiana	18177	Wayne County	1
9817848888474730496	39.788333	-84.909167	1	WQP	1	105	35	28	13		0	0	9	1	18	Indiana	18177	Wayne County	1
9818358890071326720	39.115278	-84.827222	1	WQP	1	175	35	39	9		0	0	3	0	18	Indiana	18029	Dearborn County	1
9818364834306064384	39.0962365	-84.861778	2	WQP	1	175	35	40	10		30	2	108	6	18	Indiana	18029	Dearborn County	1
9818382701370015744	38.848306	-84.816556	1	WQP	0	0	0	0	0		1	0	3	0	18	Indiana	18155	Switzerland County	2
9823860811896979456	34.24266	-79.73193	1	WQP	1	13	13	2	2		0	0	17	0	45	South Carolina	45041	Florence County	1
9824034362935476224	34.32988	-80.69511	1	WQP	1	33	33	8	8		1	0	2	0	45	South Carolina	45055	Kershaw County	1
9824181560054644736	34.93019	-80.8684	2	WQP	2	46	35	16	12		0	0	5	0	45	South Carolina	45057	Lancaster County	2
9824187607368597504	34.95063	-80.92319	1	WQP	1	13	13	1	1		0	0	7	0	45	South Carolina	45091	York County	1
9824540241363468288	34.57048	-81.77745	1	WQP	1	13	13	4	4		0	0	0	0	45	South Carolina	45059	Laurens County	2
9824668609346011136	34.70969	-82.46105	1	WQP	1	33	33	12	12		6	1	30	4	45	South Carolina	45007	Anderson County	2
9824670670930313216	34.64299	-82.45397	1	WQP	1	13	13	4	4		9	1	24	0	45	South Carolina	45007	Anderson County	2
9824735129799491584	34.31143	-82.78739	1	WQP	1	33	33	10	10		0	0	0	0	13	Georgia	13147	Hart County	2
9827422782894374912	34.591667	-86.360472	1	WQP	0	0	0	0	0		0	0	0	0	01	Alabama	01089	Madison County	1
9827442471024459776	34.735194	-86.459361	1	WQP	0	0	0	0	0		0	0	4	1	01	Alabama	01089	Madison County	1
9827443364377657344	34.77075	-86.456083	1	WQP	0	0	0	0	0		0	0	4	1	01	Alabama	01089	Madison County	1
9827457761108033536	34.9275	-86.403472	1	WQP	0	0	0	0	0		0	0	0	0	01	Alabama	01089	Madison County	1
9827470096254107648	34.98675	-86.410806	1	WQP	0	0	0	0	0		0	0	0	0	01	Alabama	01089	Madison County	2
9827481881644367872	34.972722	-86.427917	1	WQP	0	0	0	0	0		0	0	0	0	01	Alabama	01089	Madison County	1
9827483530911809536	34.865639	-86.483028	1	WQP	0	0	0	0	0		0	0	0	0	01	Alabama	01089	Madison County	1
9827485901733756928	34.853444	-86.526167	1	WQP	0	0	0	0	0		0	0	4	0	01	Alabama	01089	Madison County	1
9827486176611663872	34.872861	-86.509222	1	WQP	0	0	0	0	0		0	0	8	0	01	Alabama	01089	Madison County	1
9827491708529541120	34.879833	-86.697139	1	WQP	0	0	0	0	0		0	0	4	1	01	Alabama	01089	Madison County	1
9827525690310787072	34.690146	-86.887115	1	WQP	0	0	0	0	0		0	0	1	1	01	Alabama	01083	Limestone County	1
9827527270858752000	34.730055	-86.826111	1	WQP	0	0	0	0	0		0	0	10	0	01	Alabama	01083	Limestone County	1
9827566681478660096	34.64325	-86.941306	1	WQP	0	0	0	0	0		1	0	13	1	01	Alabama	01083	Limestone County	1
9827598395517173760	34.655278	-87.306222	1	WQP	0	0	0	0	0		0	0	7	1	01	Alabama	01079	Lawrence County	1
9827613548161794048	34.661055	-87.484861	1	WQP	0	0	0	0	0		0	0	0	0	01	Alabama	01033	Colbert County	1
9827613823039700992	34.676639	-87.535778	1	WQP	0	0	0	0	0		0	0	1	0	01	Alabama	01033	Colbert County	1
9827615025630543872	34.704806	-87.476583	1	WQP	0	0	0	0	0		1	0	0	0	01	Alabama	01033	Colbert County	1
9827622894010630144	34.690945	-87.355667	1	WQP	0	0	0	0	0		0	0	0	0	01	Alabama	01079	Lawrence County	1
9827624646357286912	34.698368	-87.286687	1	WQP	0	0	0	0	0		0	0	2	0	01	Alabama	01079	Lawrence County	1
9827683092272250880	34.95092	-87.04203	1	WQP	1	13	13	4	4		0	0	0	0	01	Alabama	01083	Limestone County	1
9829410734277132288	38.203	-85.881972	1	WQP	0	0	0	0	0		0	0	5	1	18	Indiana	18043	Floyd County	2
9829412143026405376	38.130833	-85.91	1	WQP	0	0	0	0	0		1	1	30	2	18	Indiana	18061	Harrison County	2
9829448117672476672	38.201667	-86.144167	1	WQP	1	175	35	45	11		0	0	39	1	18	Indiana	18061	Harrison County	1
9829508453373050880	38.317778	-85.789722	1	WQP	1	210	35	65	14		1	0	61	1	18	Indiana	18019	Clark County	2
9829515290960986112	38.309444	-85.671667	1	WQP	0	0	0	0	0		3	0	39	2	18	Indiana	18019	Clark County	2
9829686436817797120	38.746083	-85.075597	1	WQP	0	0	0	0	0		2	1	25	0	18	Indiana	18155	Switzerland County	2
9829728733655728128	38.888824	-85.480846	1	WQP	1	26	13	5	3		0	0	0	0	18	Indiana	18077	Jefferson County	1
9829733818897006592	38.740333	-85.406167	1	WQP	0	0	0	0	0		9	0	19	1	18	Indiana	18077	Jefferson County	2
9829744882732761088	39.033536	-85.393089	1	WQP	1	70	35	9	7		0	0	1	1	18	Indiana	18137	Ripley County	1
9829749349498748928	38.945491	-85.459823	1	WQP	1	70	35	13	7		0	0	0	0	18	Indiana	18079	Jennings County	1
9829749899254562816	38.947797	-85.501005	1	WQP	1	26	13	7	4		0	0	1	0	18	Indiana	18079	Jennings County	1
9829761959522729984	39.163333	-85.545	1	WQP	1	140	35	33	10		0	0	1	0	18	Indiana	18031	Decatur County	1
9829799652155719680	38.980833	-85.013611	1	WQP	1	140	35	34	11		0	0	0	0	18	Indiana	18029	Dearborn County	2
9829812777575776256	39.359417	-84.942306	1	WQP	0	0	0	0	0		0	0	4	0	18	Indiana	18047	Franklin County	1
9829828720494379008	39.449722	-85.148333	1	WQP	1	26	13	7	4		3	0	6	0	18	Indiana	18047	Franklin County	1
9829845900363563008	39.6058	-84.97025	1	WQP	1	105	35	18	7		0	0	1	0	18	Indiana	18161	Union County	1
9829857342156439552	39.863722	-84.991444	1	WQP	0	0	0	0	0		0	0	9	1	18	Indiana	18177	Wayne County	1
9829859678618648576	39.870278	-85.089555	1	WQP	0	0	0	0	0		0	0	0	0	18	Indiana	18177	Wayne County	1
9829860331453677568	39.796	-85.086944	1	WQP	0	0	0	0	0		0	0	1	0	18	Indiana	18177	Wayne County	1
9829865554133909504	39.8598195	-85.116806	2	WQP	0	0	0	0	0		0	0	0	0	18	Indiana	18177	Wayne County	1
9829967877434769408	39.387096	-85.80556	1	WQP	1	70	35	12	7		0	0	0	0	18	Indiana	18145	Shelby County	1
9829972653438402560	39.496389	-85.865278	1	WQP	1	140	35	30	9		0	0	1	0	18	Indiana	18145	Shelby County	1
9829974955540873216	39.569303	-85.824578	1	WQP	1	96	35	44	21		0	0	15	3	18	Indiana	18145	Shelby County	1
9829975333497995264	39.536329	-85.84069	1	WQP	1	35	35	14	14		0	0	0	0	18	Indiana	18145	Shelby County	1
9829975402217472000	39.534003	-85.829821	1	WQP	1	70	35	19	12		0	0	2	0	18	Indiana	18145	Shelby County	1
9830034741485633536	39.872929	-86.017289	1	WQP	1	35	35	8	8		1	0	10	0	18	Indiana	18097	Marion County	1
9830038692855545856	39.76299	-86.101671	1	WQP	1	35	35	10	10		40	1	237	4	18	Indiana	18097	Marion County	1
9830040926238539776	39.835391	-86.118151	1	WQP	1	70	35	16	9		45	1	166	1	18	Indiana	18097	Marion County	1
9830041132396969984	39.87019	-86.13393	1	WQP	1	70	35	14	7		8	0	101	0	18	Indiana	18097	Marion County	1
9830046526875893760	39.775556	-86.189167	1	WQP	1	70	35	17	9		21	1	285	7	18	Indiana	18097	Marion County	1
9830047214070661120	39.778251	-86.250667	1	WQP	1	70	35	17	9		13	0	107	5	18	Indiana	18097	Marion County	1
9830048004344643584	39.700471	-86.236185	1	WQP	1	26	13	12	8		2	0	29	0	18	Indiana	18097	Marion County	1
9830049310014701568	39.735983	-86.196438	1	WQP	1	70	35	16	9		33	1	167	11	18	Indiana	18097	Marion County	1
9830049722331561984	39.729374	-86.166572	1	WQP	1	35	35	10	10		26	0	104	1	18	Indiana	18097	Marion County	1
9830050134648422400	39.748914	-86.1253435	2	WQP	2	61	35	23	12		22	2	248	3	18	Indiana	18097	Marion County	1
9830055357328654336	39.662366	-86.236192	1	WQP	1	70	35	16	9		1	0	11	0	18	Indiana	18097	Marion County	1
9830056319401328640	39.566866	-86.255148	1	WQP	1	35	35	8	8		2	0	5	1	18	Indiana	18081	Johnson County	2
9830062813391880192	39.507131	-86.113075	1	WQP	1	26	13	10	6		0	0	0	0	18	Indiana	18081	Johnson County	1
9830070338174582784	39.463152	-85.953539	1	WQP	1	70	35	16	9		0	0	0	0	18	Indiana	18081	Johnson County	2
9830072605917315072	39.466922	-86.041579	1	WQP	1	39	13	14	5		3	1	29	0	18	Indiana	18081	Johnson County	1
9830072880795222016	39.494087	-86.068362	1	WQP	1	26	13	15	11		15	0	53	2	18	Indiana	18081	Johnson County	1
9830076144970366976	39.381945	-86.008055	1	WQP	1	25	13	4	3		0	0	0	0	18	Indiana	18081	Johnson County	1
9830124557841727488	39.239071	-85.972555	1	WQP	1	25	13	5	3		1	0	0	0	18	Indiana	18005	Bartholomew County	1
9830130124119343104	39.094784	-85.868439	1	WQP	1	140	35	33	10		0	0	0	0	18	Indiana	18005	Bartholomew County	1
9830130158479081472	39.085278	-85.860278	1	WQP	1	25	13	5	4		0	0	0	0	18	Indiana	18005	Bartholomew County	1
9830177712356982784	38.786667	-85.699445	1	WQP	1	140	35	28	8		0	0	0	0	18	Indiana	18143	Scott County	1
9830178605710180352	38.81443	-85.758178	1	WQP	1	175	35	44	11		0	0	0	0	18	Indiana	18079	Jennings County	2
9830203138563375104	38.71252	-86.04422	1	WQP	1	251	41	42	8		0	0	1	0	18	Indiana	18175	Washington County	1
9830212553131687936	38.811111	-86.080278	1	WQP	1	140	35	26	10		0	0	1	0	18	Indiana	18071	Jackson County	1
9830213927521222656	38.76252	-86.04319	1	WQP	1	33	33	8	8		0	0	0	0	18	Indiana	18071	Jackson County	2
9830215061392588800	38.763196	-86.136917	1	WQP	1	210	35	44	10		0	0	0	0	18	Indiana	18071	Jackson County	2
9830216779379507200	38.852976	-86.11377	1	WQP	1	175	35	38	9		1	0	3	0	18	Indiana	18071	Jackson County	1
9830237807539388416	38.736945	-86.412222	1	WQP	1	175	35	44	13		1	0	3	0	18	Indiana	18093	Lawrence County	1
9830253028903485440	38.900694	-86.470972	1	WQP	1	35	35	9	9		0	0	10	0	18	Indiana	18093	Lawrence County	1
9830253475580084224	38.903333	-86.489028	1	WQP	1	35	35	8	8		0	0	11	0	18	Indiana	18093	Lawrence County	1
9830254609451450368	38.888438	-86.508611	1	WQP	1	140	35	31	9		4	0	7	0	18	Indiana	18093	Lawrence County	1
9830256774114967552	38.843333	-86.551389	1	WQP	1	25	13	6	4		0	0	0	0	18	Indiana	18093	Lawrence County	1
9830256911553921024	38.83491	-86.52326	2	WQP	2	26	13	6	5		1	0	7	0	18	Indiana	18093	Lawrence County	1
9830257117712351232	38.826486	-86.51380499999999	2	WQP	1	26	13	6	3		2	0	10	0	18	Indiana	18093	Lawrence County	1
9830277252519034880	38.662611	-86.799639	1	WQP	0	0	0	0	0		8	0	5	0	18	Indiana	18101	Martin County	1
9830281513126592512	38.716528	-86.864928	1	WQP	1	26	13	4	2		1	0	1	0	18	Indiana	18101	Martin County	1
9830284777301737472	38.756111	-86.757222	1	WQP	1	25	13	3	2		0	0	1	0	18	Indiana	18101	Martin County	1
9830298658636038144	38.804167	-86.642778	1	WQP	1	26	13	7	5		1	0	2	0	18	Indiana	18093	Lawrence County	1
9830298692995776512	38.795556	-86.649444	1	WQP	1	271	37	60	9		0	0	4	0	18	Indiana	18093	Lawrence County	1
9830326902340976640	39.26175	-86.79816	1	WQP	1	33	33	8	8		1	0	1	0	18	Indiana	18119	Owen County	1
9830332743496499200	39.168333	-86.662222	1	WQP	1	35	35	7	7		0	0	2	0	18	Indiana	18105	Monroe County	1
9830333327612051456	39.178333	-86.642778	1	WQP	1	35	35	6	6		1	1	3	0	18	Indiana	18105	Monroe County	1
9830337931816992768	39.243444	-86.555472	1	WQP	1	35	35	8	8		0	0	3	1	18	Indiana	18105	Monroe County	1
9830339443645480960	39.237222	-86.527222	1	WQP	1	35	35	6	6		0	0	4	0	18	Indiana	18105	Monroe County	1
9830346693550276608	39.073056	-86.569445	1	WQP	1	35	35	9	9		1	0	13	1	18	Indiana	18105	Monroe County	1
9830348823854055424	39.018889	-86.543611	1	WQP	1	35	35	9	9		5	0	3	0	18	Indiana	18105	Monroe County	1
9830350301322805248	38.977414	-86.506207	1	WQP	1	140	35	35	10		0	0	0	0	18	Indiana	18093	Lawrence County	1
9830350782359142400	39.004722	-86.508889	1	WQP	1	105	35	21	9		0	0	2	0	18	Indiana	18105	Monroe County	1
9830350988517572608	39.009167	-86.476111	1	WQP	1	140	35	26	8		0	0	1	0	18	Indiana	18105	Monroe County	1
9830386172889661440	39.380992	-86.501675	1	WQP	1	70	35	17	10		0	0	0	0	18	Indiana	18109	Morgan County	1
9830386791364952064	39.369444	-86.576389	1	WQP	1	35	35	9	9		0	0	1	1	18	Indiana	18109	Morgan County	1
9830390708375126016	39.458238	-86.4416	1	WQP	1	70	35	17	10		0	0	6	0	18	Indiana	18109	Morgan County	1
9830403524557537280	39.499167	-86.355278	1	WQP	1	70	35	19	11		0	0	3	0	18	Indiana	18109	Morgan County	1
9830409468792274944	39.6758	-86.335428	1	WQP	1	26	13	12	7		1	0	22	0	18	Indiana	18063	Hendricks County	1
9830413866838786048	39.753242	-86.418707	1	WQP	1	35	35	8	8		2	1	17	1	18	Indiana	18063	Hendricks County	1
9830414863271198720	39.740957	-86.311815	1	WQP	1	26	13	10	5		2	0	74	3	18	Indiana	18097	Marion County	1
9830415069429628928	39.730507	-86.323229	1	WQP	1	39	13	15	5		19	0	52	4	18	Indiana	18063	Hendricks County	2
9830416684337332224	39.756904	-86.267547	1	WQP	1	35	35	7	7		11	0	157	4	18	Indiana	18097	Marion County	1
9830418402324250624	39.826111	-86.304444	1	WQP	1	105	35	20	8		5	0	19	1	18	Indiana	18097	Marion County	1
9830501759049531392	39.282222	-86.591945	1	WQP	1	35	35	9	9		0	0	0	0	18	Indiana	18105	Monroe County	1
9830505263742844928	39.280278	-86.761944	1	WQP	1	70	35	16	8		14	0	56	4	18	Indiana	18119	Owen County	1
9830548350854758400	39.586667	-86.939445	1	WQP	1	70	35	10	6		0	0	0	0	18	Indiana	18133	Putnam County	1
9830556494112751616	39.726803	-86.930851	1	WQP	1	35	35	6	6		4	0	1	0	18	Indiana	18133	Putnam County	1
9830578656143998976	39.7225	-87.070833	1	WQP	1	185	37	13	4		0	0	2	0	18	Indiana	18121	Parke County	1
9830585012695597056	39.663914	-87.256194	1	WQP	1	74	37	9	5		0	0	1	0	18	Indiana	18121	Parke County	1
9830588620468125696	39.733972	-87.329417	1	WQP	1	148	37	14	6		3	0	1	0	18	Indiana	18121	Parke County	1
9830599924822048768	39.855556	-87.333056	1	WQP	1	222	37	16	3		0	0	1	1	18	Indiana	18121	Parke County	1
9830603326436147200	39.849736	-87.416949	1	WQP	1	13	13	5	5		0	0	2	0	18	Indiana	18165	Vermillion County	1
9830603979271176192	39.886665	-87.408945	1	WQP	1	39	13	14	5		7	0	3	0	18	Indiana	18165	Vermillion County	1
9830604254149083136	39.906389	-87.387778	1	WQP	1	26	13	9	5		0	0	0	0	18	Indiana	18121	Parke County	2
9830621640176697344	39.512222	-87.5075	1	WQP	1	148	37	17	5		0	0	2	0	18	Indiana	18167	Vigo County	1
9830624629473935360	39.493863	-87.4112	1	WQP	1	74	37	12	7		8	0	130	1	18	Indiana	18167	Vigo County	1
9830624766912888832	39.475278	-87.42	1	WQP	1	174	38	34	9		59	2	317	3	18	Indiana	18167	Vigo County	1
9830625728985563136	39.5425	-87.386389	1	WQP	1	111	37	16	7		0	0	10	1	18	Indiana	18167	Vigo County	1
9830634799956492288	39.481212	-87.330089	1	WQP	1	39	13	20	9		3	0	12	0	18	Indiana	18167	Vigo County	1
9830647891016810496	39.383288	-87.419962	1	WQP	1	74	37	14	7		0	0	3	0	18	Indiana	18167	Vigo County	1
9830649402845298688	39.397326	-87.451561	1	WQP	1	111	37	13	6		0	0	7	0	18	Indiana	18167	Vigo County	1
9830665070885994496	39.081476	-87.527558	1	WQP	1	148	37	21	6		0	0	2	0	18	Indiana	18153	Sullivan County	1
9830665173965209600	39.060556	-87.530555	1	WQP	1	13	13	3	3		0	0	0	0	18	Indiana	18153	Sullivan County	1
9830665414483378176	39.044233	-87.526408	1	WQP	1	148	37	18	6		0	0	0	0	18	Indiana	18153	Sullivan County	1
9830672011553144832	39.104445	-87.3775	1	WQP	1	185	37	20	5		0	0	3	0	18	Indiana	18153	Sullivan County	1
9830678093226835968	39.000833	-87.244167	1	WQP	1	35	35	7	7		0	0	2	0	18	Indiana	18153	Sullivan County	1
9830709326229012480	39.111944	-86.962778	1	WQP	1	70	35	17	9		1	0	24	0	18	Indiana	18055	Greene County	1
9830732347253719040	38.9	-87.103611	1	WQP	1	70	35	16	9		0	0	1	0	18	Indiana	18027	Daviess County	3
9830745644472467456	38.721944	-86.923611	1	WQP	1	157	32	38	9		0	0	4	0	18	Indiana	18027	Daviess County	2
9830794194782781440	38.698889	-87.519167	1	WQP	1	13	13	5	5		83	1	140	0	17	Illinois	17101	Lawrence County	2
9830794607099641856	38.662954	-87.52116	1	WQP	1	74	37	13	7		11	0	133	1	18	Indiana	18083	Knox County	1
9830808488433942528	38.511944	-87.287778	1	WQP	1	35	35	8	8		1	0	18	1	18	Indiana	18083	Knox County	2
9830810034622169088	38.48412	-87.2619	1	WQP	1	35	35	6	6		0	0	27	0	18	Indiana	18125	Pike County	1
9830903080793669632	38.3875	-86.927778	1	WQP	1	70	35	18	11		42	0	115	4	18	Indiana	18037	Dubois County	1
9830908612711546880	38.29755	-86.982636	1	WQP	1	35	35	7	7		0	0	5	0	18	Indiana	18037	Dubois County	1
9830914556946284544	38.38	-87.217222	1	WQP	1	35	35	8	8		12	1	6	0	18	Indiana	18125	Pike County	1
9830929159835090944	38.541667	-87.061389	1	WQP	1	140	35	24	7		0	0	2	0	18	Indiana	18027	Daviess County	1
9830929434712997888	38.511944	-87.037778	1	WQP	1	210	35	55	12		1	0	0	0	18	Indiana	18027	Daviess County	2
9830931874254422016	38.5025	-86.976389	1	WQP	1	26	13	7	4		0	0	1	0	18	Indiana	18027	Daviess County	2
9830937612330729472	38.57408	-86.85303	1	WQP	1	33	33	8	8		0	0	2	0	18	Indiana	18101	Martin County	1
9830954070645407744	38.435556	-86.680556	1	WQP	1	70	35	13	7		0	0	1	1	18	Indiana	18117	Orange County	1
9830968158138138624	38.586388	-86.702576	1	WQP	1	140	35	35	10		0	0	0	0	18	Indiana	18101	Martin County	1
9830973586976800768	38.481389	-86.566944	1	WQP	1	140	35	27	7		0	0	0	0	18	Indiana	18117	Orange County	1
9831019319788568576	38.185583	-86.331333	1	WQP	0	0	0	0	0		0	0	1	0	18	Indiana	18025	Crawford County	3
9831072611742777344	38.0125	-86.795	1	WQP	1	140	35	37	11		2	0	16	4	18	Indiana	18123	Perry County	2
9831267397099585536	37.893444	-87.05	1	WQP	0	0	0	0	0		20	0	34	0	18	Indiana	18147	Spencer County	2
9831276261912084480	37.89925	-87.182278	1	WQP	0	0	0	0	0		3	1	0	0	18	Indiana	18147	Spencer County	1
9831308697505103872	37.947306	-87.426361	1	WQP	0	0	0	0	0		5	1	14	0	18	Indiana	18173	Warrick County	2
9831444933867732992	37.818056	-87.953611	1	WQP	1	111	37	22	8		0	0	0	0	18	Indiana	18129	Posey County	1
9831450397066133504	37.89516	-88.09551	1	WQP	1	33	33	8	8		0	0	0	0	17	Illinois	17059	Gallatin County	3
9831450637584302080	37.904768	-88.11309	1	WQP	0	0	0	0	0		0	0	5	0	17	Illinois	17059	Gallatin County	2
9831462594773254144	37.697816	-88.133734	1	WQP	0	0	0	0	0		3	0	9	0	17	Illinois	17059	Gallatin County	2
9831528290593013760	37.423663	-88.344482	1	WQP	0	0	0	0	0		6	0	7	1	17	Illinois	17069	Hardin County	2
9831629411303030784	37.7465	-88.232528	1	WQP	0	0	0	0	0		0	0	0	0	17	Illinois	17059	Gallatin County	1
9831843987869138944	38.13125	-87.942222	1	WQP	1	137	38	26	8		0	0	11	0	17	Illinois	17193	White County	2
9831889274004307968	38.45178	-87.598	2	WQP	2	46	35	16	12		0	0	0	0	18	Indiana	18051	Gibson County	2
9831902399424364544	38.395333	-87.728722	1	WQP	1	70	35	17	9		0	0	0	0	18	Indiana	18051	Gibson County	1
9831918101824798720	38.49	-87.555278	1	WQP	1	35	35	10	10		1	0	6	0	18	Indiana	18051	Gibson County	2
9831923083986862080	38.64279	-87.61438	1	WQP	1	13	13	5	5		0	0	0	0	17	Illinois	17101	Lawrence County	2
9832059526507921408	39.284167	-87.609167	1	WQP	1	37	37	8	8		1	0	1	0	17	Illinois	17023	Clark County	2
9833001464375541760	38.72384	-89.4926	1	WQP	1	33	33	3	3		0	0	0	0	17	Illinois	17027	Clinton County	1
9833094338748350464	37.98648	-89.94733	1	WQP	1	33	33	5	5		1	0	0	0	17	Illinois	17157	Randolph County	1
9833562799421259776	37.962725	-89.98340999999999	2	WQP	2	66	33	14	7		2	0	0	0	17	Illinois	17157	Randolph County	2
9833658113335492608	37.22025	-89.463167	1	WQP	0	0	0	0	0		3	0	1	0	17	Illinois	17003	Alexander County	1
9833658250774446080	37.19893	-89.46155	1	WQP	1	33	33	8	8		0	0	1	1	17	Illinois	17003	Alexander County	2
9834120217456803840	37.13876	-89.2678	1	WQP	1	33	33	5	5		0	0	0	0	17	Illinois	17003	Alexander County	2
9834145678022934528	37.181163	-89.09035	1	WQP	0	0	0	0	0		3	0	5	0	17	Illinois	17153	Pulaski County	1
9834165263073804288	37.199776	-88.842004	1	WQP	0	0	0	0	0		3	0	5	0	17	Illinois	17127	Massac County	2
9834176086391390208	37.153666	-88.73672	1	WQP	0	0	0	0	0		22	1	39	4	17	Illinois	17127	Massac County	1
9834184779405197312	37.26199	-88.51406	1	WQP	1	33	33	7	7		0	0	0	0	17	Illinois	17151	Pope County	2
9835682314242228224	35.62598	-89.87933	1	WQP	1	13	13	4	4		0	0	0	0	05	Arkansas	05093	Mississippi County	2
9837314230016016384	31.74166	-88.0956	1	WQP	1	33	33	4	4		0	0	3	0	01	Alabama	01023	Choctaw County	2
9837317562910638080	31.6874	-88.05213	1	WQP	1	13	13	6	6		0	0	0	0	01	Alabama	01025	Clarke County	1
9837483657885908992	32.866806	-87.918639	1	WQP	0	0	0	0	0		1	0	2	0	01	Alabama	01063	Greene County	1
9837538221150437376	32.727917	-87.584722	1	WQP	0	0	0	0	0		0	0	10	0	01	Alabama	01065	Hale County	1
9837542962794332160	32.957625	-87.595285	1	WQP	0	0	0	0	0		0	0	1	0	01	Alabama	01065	Hale County	1
9837544646421512192	32.896944	-87.683011	1	WQP	0	0	0	0	0		0	0	1	0	01	Alabama	01065	Hale County	1
9837552343002906624	33.120111	-87.563055	1	WQP	0	0	0	0	0		0	0	24	0	01	Alabama	01125	Tuscaloosa County	1
9837617763944759296	33.442611	-87.714722	1	WQP	0	0	0	0	0		0	0	1	0	01	Alabama	01125	Tuscaloosa County	1
9837643602468012032	33.760278	-88.108889	1	WQP	0	0	0	0	0		2	0	15	0	01	Alabama	01075	Lamar County	1
9837649615422226432	33.562231	-88.077389	1	WQP	0	0	0	0	0		1	0	3	0	01	Alabama	01075	Lamar County	1
9837666760931672064	33.404833	-87.971972	1	WQP	0	0	0	0	0		1	0	1	0	01	Alabama	01107	Pickens County	1
9837681260741263360	33.109	-87.964472	1	WQP	0	0	0	0	0		0	0	0	0	01	Alabama	01107	Pickens County	1
9837691843540680704	33.1252	-88.171	1	WQP	0	0	0	0	0		0	0	9	0	01	Alabama	01107	Pickens County	1
9837817909420752896	33.440111	-88.257528	1	WQP	0	0	0	0	0		0	0	0	0	01	Alabama	01107	Pickens County	1
9838018398494130176	33.892333	-88.130305	1	WQP	0	0	0	0	0		0	0	4	0	01	Alabama	01075	Lamar County	1
9838032554706337792	33.874	-87.893639	1	WQP	0	0	0	0	0		0	0	0	0	01	Alabama	01057	Fayette County	1
9838297914965753856	33.24312	-87.50378	1	WQP	1	13	13	2	2		3	0	24	2	01	Alabama	01125	Tuscaloosa County	1
9838377457760075776	33.58483	-87.09572	1	WQP	1	33	33	9	9		1	0	9	2	01	Alabama	01073	Jefferson County	1
9838408759481729024	33.656769	-86.591376	1	WQP	0	0	0	0	0		3	0	16	0	01	Alabama	01073	Jefferson County	1
9838421335145971712	33.41281	-86.7519	2	WQP	2	46	35	11	9		5	0	16	0	01	Alabama	01073	Jefferson County	2
9838504829310205952	33.47594	-86.341645	1	WQP	0	0	0	0	0		2	0	2	0	01	Alabama	01115	St. Clair County	1
9838724972153929728	33.805833	-86.15	1	WQP	0	0	0	0	0		0	0	0	0	01	Alabama	01115	St. Clair County	1
9839188485024514048	33.61177	-86.113862	1	WQP	0	0	0	0	0		2	0	19	0	01	Alabama	01121	Talladega County	1
9839279607050665984	32.563194	-86.096917	1	WQP	0	0	0	0	0		0	0	1	0	01	Alabama	01051	Elmore County	1
9839304655299936256	32.554306	-86.05775	1	WQP	0	0	0	0	0		0	0	0	0	01	Alabama	01051	Elmore County	1
9839327160928567296	32.449306	-85.779667	1	WQP	0	0	0	0	0		0	0	0	0	01	Alabama	01087	Macon County	1
9839336266259234816	32.477106	-85.642053	1	WQP	0	0	0	0	0		2	0	1	0	01	Alabama	01087	Macon County	1
9839338671440920576	32.48594	-85.72031	1	WQP	1	13	13	8	8		0	0	0	0	01	Alabama	01087	Macon County	1
9839470853354422272	32.43329	-84.96699	1	WQP	1	13	13	4	4		1	0	41	2	01	Alabama	01113	Russell County	2
9839710272011370496	32.232917	-85.705778	1	WQP	0	0	0	0	0		2	0	0	0	01	Alabama	01011	Bullock County	2
9840030401693745152	32.8665	-86.710528	1	WQP	0	0	0	0	0		0	0	0	0	01	Alabama	01021	Chilton County	1
9840047169246068736	32.747881	-86.847394	1	WQP	0	0	0	0	0		0	0	0	0	01	Alabama	01021	Chilton County	1
9840060157227171840	32.651861	-86.600695	1	WQP	0	0	0	0	0		0	0	1	0	01	Alabama	01001	Autauga County	1
9840115167168299008	32.526111	-86.979167	1	WQP	0	0	0	0	0		1	0	1	0	01	Alabama	01047	Dallas County	1
9840138600509865984	32.940957	-87.076105	1	WQP	0	0	0	0	0		0	0	7	1	01	Alabama	01007	Bibb County	1
9840264013554909184	32.22869	-87.14828	1	WQP	1	13	13	4	4		0	0	0	0	01	Alabama	01047	Dallas County	1
9869686635476549632	33.61109	-82.16243	1	WQP	1	13	13	4	4		0	0	12	0	13	Georgia	13073	Columbia County	2
9870770650862321664	32.569074	-80.685939	1	WQP	0	0	0	0	0		0	0	0	0	45	South Carolina	45013	Beaufort County	1
9870809511726415872	32.643792	-80.253154	1	WQP	0	0	0	0	0		1	0	1	0	45	South Carolina	45019	Charleston County	1
9870829577813622784	32.521298	-80.3326	1	WQP	0	0	0	0	0		0	0	1	0	45	South Carolina	45019	Charleston County	2
9871372289881145344	33.198501	-79.470063	1	WQP	0	0	0	0	0		0	0	0	0	45	South Carolina	45019	Charleston County	1
9871394692430561280	33.04017	-79.562847	1	WQP	0	0	0	0	0		1	0	2	0	45	South Carolina	45019	Charleston County	1
9871705201386192896	34.12622	-80.650315	2	WQP	2	46	35	14	11		0	0	0	0	45	South Carolina	45055	Kershaw County	1
9871886998761897984	33.90909	-79.4403	1	WQP	1	13	13	5	5		0	0	1	0	45	South Carolina	45041	Florence County	2
9871945032360001536	33.44769	-79.17217	1	WQP	1	13	13	3	3		0	0	3	0	45	South Carolina	45043	Georgetown County	1
9871953313056948224	33.56171	-79.08679	1	WQP	1	13	13	4	4		3	1	5	0	45	South Carolina	45043	Georgetown County	1
9872026396220456960	33.88391	-78.78474	1	WQP	1	13	13	7	7		0	0	5	0	45	South Carolina	45051	Horry County	1
9934245800731213824	42.106819	-73.482547	1	WQP	0	0	0	0	0		0	0	0	0	25	Massachusetts	25003	Berkshire County	1
9935138913410613248	42.600575	-73.13815	1	WQP	0	0	0	0	0		0	0	4	0	25	Massachusetts	25003	Berkshire County	1
9935145201242734592	42.700257	-73.158972	1	WQP	0	0	0	0	0		2	0	17	2	25	Massachusetts	25003	Berkshire County	1
9935169081260900352	42.636281	-72.93435	1	WQP	0	0	0	0	0		1	0	0	0	25	Massachusetts	25011	Franklin County	1
9935228798486183936	42.95475	-72.53091	1	WQP	1	33	33	8	8		0	0	13	2	33	New Hampshire	33005	Cheshire County	2
9935250685639524352	42.79337	-72.52477	2	WQP	2	46	35	12	10		0	0	4	0	33	New Hampshire	33005	Cheshire County	2
9935251132316123136	42.84932	-72.55309	1	WQP	1	13	13	0	0		4	0	127	4	33	New Hampshire	33005	Cheshire County	2
9935263501821935616	42.60191	-72.57133	1	WQP	1	13	13	1	1		4	0	70	2	25	Massachusetts	25011	Franklin County	1
9935264601333563392	42.647029	-72.620368	1	WQP	0	0	0	0	0		0	0	3	2	25	Massachusetts	25011	Franklin County	1
9935270511208562688	42.526753	-72.63259	1	WQP	0	0	0	0	0		13	12	2	0	25	Massachusetts	25011	Franklin County	1
9935273981542137856	42.57836	-72.56957666666666	3	WQP	3	59	35	12	9		3	0	23	2	25	Massachusetts	25011	Franklin County	1
9935275081053765632	42.580186	-72.496861	1	WQP	0	0	0	0	0		0	0	16	1	25	Massachusetts	25011	Franklin County	1
9935287691077746688	42.65448	-72.46514	2	WQP	2	46	35	11	9		0	0	6	0	25	Massachusetts	25011	Franklin County	1
9935296143573385216	42.628561	-72.144247	1	WQP	0	0	0	0	0		1	0	2	0	25	Massachusetts	25027	Worcester County	1
9935296452811030528	42.62342	-72.18036	1	WQP	0	0	0	0	0		0	0	0	0	25	Massachusetts	25027	Worcester County	1
9935406026016686080	43.06807	-72.4487	1	WQP	1	13	13	4	4		0	0	4	0	33	New Hampshire	33005	Cheshire County	2
9935434372800839680	43.35118	-72.39344	2	WQP	2	26	13	8	7		0	0	30	0	33	New Hampshire	33019	Sullivan County	2
9935437465177292800	43.4303	-72.39501	1	WQP	1	13	13	1	1		1	0	3	0	33	New Hampshire	33019	Sullivan County	2
9935526113302282240	43.25604	-71.6225	1	WQP	1	13	13	0	0		0	0	8	0	33	New Hampshire	33013	Merrimack County	1
9935531335982514176	43.280705	-71.822792	1	WQP	0	0	0	0	0		0	0	23	0	33	New Hampshire	33013	Merrimack County	1
9935575763124224000	43.147108	-71.483944	1	WQP	0	0	0	0	0		37	3	45	2	33	New Hampshire	33013	Merrimack County	1
9935620808741224448	43.19317	-71.52350666666666	3	WQP	3	59	35	12	9		23	0	188	6	33	New Hampshire	33013	Merrimack County	1
9935628642761572352	43.358903	-71.461581	1	WQP	0	0	0	0	0		5	0	7	0	33	New Hampshire	33013	Merrimack County	1
9935671248837148672	43.253946	-70.842614	1	EGAD	1	341	44	144	17	68.4	4	1	31	4	23	Maine	23031	York County	2
9935671317556625408	43.243362	-70.828899	1	EGAD	1	176	66	40	20	9.18	1	1	37	2	23	Maine	23031	York County	2
9935677433590054912	43.375697	-70.914561	1	EGAD	1	27	27	6	6	0.456	0	0	1	0	23	Maine	23031	York County	1
9935680663405461504	43.332315	-70.751298	1	EGAD	1	110	66	13	12	3.3	1	0	7	0	23	Maine	23031	York County	1
9935680903923630080	43.311751	-70.734186	1	EGAD	1	294	30	123	14	61.6	9	0	9	0	23	Maine	23031	York County	1
9935680938283368448	43.310864333333335	-70.7273005	6	EGAD	6	195	28	72	14	223.1	1	0	13	0	23	Maine	23031	York County	1
9935681007002845184	43.298954	-70.738147	1	EGAD	1	216	66	78	35	8.27	3	0	12	0	23	Maine	23031	York County	1
9935681041362583552	43.293685	-70.738374	1	EGAD	1	299	30	165	19	50.4	1	0	4	0	23	Maine	23031	York County	1
9935682553191071744	43.225324	-70.80863199999999	2	EGAD	2	365	48	140	15	37.0	10	1	45	0	23	Maine	23031	York County	2
9935685370689617920	43.190068	-70.647076	1	EGAD	1	28	7	0	0		2	0	0	0	23	Maine	23031	York County	1
9935688806663454720	43.287874	-70.583012	1	EGAD	1	11	6	9	5	120.0	0	0	8	0	23	Maine	23031	York County	1
9935689184620576768	43.26258425	-70.612476125	8	EGAD	8	315	68	85	36	480.0	0	0	5	0	23	Maine	23031	York County	1
9935689287699791872	43.265372	-70.588974	1	EGAD	1	16	4	12	3		2	0	1	0	23	Maine	23031	York County	1
9935689390779006976	43.264778	-70.580286	1	EGAD	1	341	44	136	16	29.9	0	0	3	0	23	Maine	23031	York County	1
9935690284132204544	43.286941	-70.567621	1	EGAD	1	341	44	134	17	88.6	0	0	5	0	23	Maine	23031	York County	1
9935690455930896384	43.318865	-70.567582	1	EGAD	0	0	0	0	0		2	0	11	0	23	Maine	23031	York County	1
9935696640683802624	43.2196495	-70.6054885	2	EGAD	2	99	66	5	5		0	0	0	0	23	Maine	23031	York County	1
9935697121720139776	43.181824	-70.606966	1	EGAD	1	4	4	3	3		1	0	3	0	23	Maine	23031	York County	1
9935697156079878144	43.187049	-70.601758	1	EGAD	1	338	44	128	14	19.1	0	0	3	0	23	Maine	23031	York County	1
9935708529153277952	43.137721	-70.647395	1	EGAD	1	4	4	3	3	9.83	1	0	26	0	23	Maine	23031	York County	1
9935709319427260416	43.153175	-70.658508	1	EGAD	1	4	4	3	3	28.7	3	0	32	0	23	Maine	23031	York County	1
9935709388146737152	43.162558	-70.692166	1	EGAD	1	28	7	0	0		0	0	8	0	23	Maine	23031	York County	1
9935710659457056768	43.14609633333333	-70.75473266666667	3	EGAD	3	89	30	8	5	1.02	1	0	3	0	23	Maine	23031	York County	1
9935710762536271872	43.154012	-70.75623999999999	2	EGAD	2	59	30	7	7	0.918	0	0	3	0	23	Maine	23031	York County	1
9935712755401097216	43.121017	-70.804833	4	WQP	4	156	13	0	0		1	0	9	1	23	Maine	23031	York County	1
9935712892840050688	43.1153515	-70.79820575	4	EGAD	4	52	13	0	0		0	0	33	2	23	Maine	23031	York County	2
9935713202077696000	43.123661727272726	-70.75854777272728	22	EGAD	22	686	30	171	13	53.1	2	1	10	0	23	Maine	23031	York County	1
9935713270797172736	43.11708654545455	-70.74765363636364	11	EGAD	11	327	30	110	17	1610.0	1	0	12	1	23	Maine	23031	York County	1
9935713305156911104	43.12077022222222	-70.74664866666666	9	EGAD	9	248	30	70	18	538.0	0	0	7	1	23	Maine	23031	York County	1
9935713751833509888	43.089207	-70.760338	1	EGAD	1	341	44	142	17	33.9	1	0	159	8	23	Maine	23031	York County	2
9935713854912724992	43.084354	-70.740889	1	EGAD	1	296	30	121	20	148.0	11	1	133	6	23	Maine	23031	York County	1
9935713889272463360	43.0826425	-70.73683816666666	6	EGAD	6	104	17	60	11	3376.4	6	0	52	4	23	Maine	23031	York County	1
9935713923632201728	43.080665375	-70.72608275	16	EGAD	16	409	32	230	17	8676.9	2	0	33	0	23	Maine	23031	York County	1
9935713992351678464	43.07690514285714	-70.73194021428571	14	EGAD	14	340	17	200	16	2107.52	4	0	46	3	23	Maine	23031	York County	2
9935714610826969088	43.097310500000006	-70.79473999999999	2	EGAD	2	8	4	6	3		57	2	137	6	33	New Hampshire	33015	Rockingham County	1
9935752990654726144	42.81381	-71.001	1	WQP	1	13	13	4	4		2	0	7	0	25	Massachusetts	25009	Essex County	1
9935755155318243328	42.87761	-70.99177	1	WQP	1	33	33	7	7		1	0	3	0	33	New Hampshire	33015	Rockingham County	1
9935756426628562944	42.898319	-70.914364	1	WQP	0	0	0	0	0		1	0	23	3	33	New Hampshire	33015	Rockingham County	1
9935757182542807040	42.886667	-70.899167	1	WQP	0	0	0	0	0		2	0	60	6	25	Massachusetts	25009	Essex County	2
9935758178975219712	42.866841	-70.834065	1	EGAD	1	4	4	3	3		3	1	4	0	25	Massachusetts	25009	Essex County	2
9935767078147457024	42.946731	-70.960533	1	WQP	0	0	0	0	0		0	0	3	0	33	New Hampshire	33015	Rockingham County	1
9935789411977396224	42.7680065	-71.0902105	2	WQP	1	13	13	5	5		34	0	179	8	25	Massachusetts	25009	Essex County	1
9935792813591494656	42.716247	-71.13005	1	WQP	0	0	0	0	0		7	2	95	10	25	Massachusetts	25009	Essex County	1
9935792882310971392	42.7103	-71.13399	1	WQP	1	13	13	2	2		20	1	178	21	25	Massachusetts	25009	Essex County	1
9935793638225215488	42.704833	-71.153139	1	WQP	0	0	0	0	0		87	13	255	15	25	Massachusetts	25009	Essex County	1
9935793913103122432	42.692917	-71.176611	1	WQP	0	0	0	0	0		28	0	150	12	25	Massachusetts	25009	Essex County	1
9935795528010825728	42.596553	-71.130303	1	WQP	0	0	0	0	0		0	0	51	0	25	Massachusetts	25009	Essex County	2
9935798757826232320	42.546267	-71.053645	1	WQP	0	0	0	0	0		0	0	8	0	25	Massachusetts	25009	Essex County	1
9935807485199777792	42.528463	-70.875934	1	EGAD	1	4	4	3	3		7	2	92	5	25	Massachusetts	25009	Essex County	1
9935813360715038720	42.657422	-70.8846	1	WQP	0	0	0	0	0		1	0	2	0	25	Massachusetts	25009	Essex County	1
9935814769464311808	42.670061	-70.9696	1	WQP	0	0	0	0	0		0	0	3	0	25	Massachusetts	25009	Essex County	1
9935823325039165440	42.620506	-70.80325	1	WQP	0	0	0	0	0		3	0	24	0	25	Massachusetts	25009	Essex County	1
9935928122241187840	42.295664	-71.197725	1	WQP	0	0	0	0	0		16	1	72	5	25	Massachusetts	25017	Middlesex County	1
9935932485927960576	42.341703	-71.378067	1	WQP	0	0	0	0	0		1	1	4	0	25	Massachusetts	25017	Middlesex County	1
9935939186076942336	42.351483	-71.4928415	2	WQP	0	0	0	0	0		16	1	22	0	25	Massachusetts	25017	Middlesex County	1
9935940285588570112	42.404408	-71.525969	1	WQP	0	0	0	0	0		4	0	17	2	25	Massachusetts	25017	Middlesex County	1
9935940354308046848	42.399815	-71.545899	1	WQP	0	0	0	0	0		7	0	51	7	25	Massachusetts	25017	Middlesex County	1
9935943859001360384	42.440689	-71.429194	1	WQP	0	0	0	0	0		16	3	39	1	25	Massachusetts	25017	Middlesex County	1
9935943927720837120	42.447503	-71.407172	1	WQP	0	0	0	0	0		1	0	51	3	25	Massachusetts	25017	Middlesex County	1
9935944202598744064	42.4610055	-71.3908775	2	WQP	0	0	0	0	0		29	1	49	1	25	Massachusetts	25017	Middlesex County	1
9935945473909063680	42.432038	-71.449785	1	WQP	0	0	0	0	0		23	0	87	24	25	Massachusetts	25017	Middlesex County	1
9935953548447580160	42.509167	-71.313889	1	WQP	0	0	0	0	0		0	0	6	0	25	Massachusetts	25017	Middlesex County	1
9935954785398161408	42.466536	-71.355739	1	WQP	0	0	0	0	0		12	1	28	1	25	Massachusetts	25017	Middlesex County	1
9935960523474468864	42.518789	-71.242119	1	WQP	0	0	0	0	0		11	1	164	13	25	Massachusetts	25017	Middlesex County	1
9935961829144526848	42.5897	-71.202322	1	WQP	0	0	0	0	0		9	0	30	2	25	Massachusetts	25017	Middlesex County	1
9935961863504265216	42.594675	-71.195122	1	WQP	0	0	0	0	0		0	0	27	2	25	Massachusetts	25017	Middlesex County	1
9935962138382172160	42.583972	-71.224906	1	WQP	0	0	0	0	0		1	0	17	1	25	Massachusetts	25017	Middlesex County	1
9935962619418509312	42.600907	-71.285288	1	EGAD	1	4	4	3	3		23	6	41	4	25	Massachusetts	25017	Middlesex County	1
9935962756857462784	42.585	-71.287222	1	WQP	0	0	0	0	0		0	0	102	3	25	Massachusetts	25017	Middlesex County	1
9935965539996270592	42.627869	-71.298115	1	WQP	0	0	0	0	0		17	1	147	13	25	Massachusetts	25017	Middlesex County	1
9935965677435224064	42.646471	-71.2941905	2	EGAD+WQP	1	4	4	3	3		4	0	173	13	25	Massachusetts	25017	Middlesex County	1
9935970384719380480	42.70064	-71.21798	2	WQP	2	26	13	11	7		8	1	59	13	25	Massachusetts	25009	Essex County	1
9935988217423593472	42.675365	-71.5645	1	EGAD	1	4	4	4	4		12	1	26	0	25	Massachusetts	25017	Middlesex County	1
9935988251783331840	42.672972	-71.563156	1	WQP	0	0	0	0	0		11	0	41	3	25	Massachusetts	25017	Middlesex County	1
9935988320502808576	42.675856	-71.559764	1	WQP	0	0	0	0	0		0	0	24	1	25	Massachusetts	25017	Middlesex County	1
9935989213856006144	42.707925	-71.48382	1	WQP	0	0	0	0	0		1	0	7	0	25	Massachusetts	25017	Middlesex County	2
9936019759663415296	42.95269	-71.94206	1	WQP	1	33	33	6	6		0	0	4	0	33	New Hampshire	33011	Hillsborough County	1
9936020446858182656	42.895022	-71.946333	1	WQP	0	0	0	0	0		3	0	15	0	33	New Hampshire	33011	Hillsborough County	1
9936035874380709888	42.559967	-71.867356	1	WQP	0	0	0	0	0		1	0	66	18	25	Massachusetts	25027	Worcester County	1
9936036389776785408	42.534939	-71.849028	1	WQP	0	0	0	0	0		3	1	16	3	25	Massachusetts	25027	Worcester County	1
9936038417001349120	42.579822	-71.790267	1	WQP	0	0	0	0	0		57	1	213	5	25	Massachusetts	25027	Worcester County	1
9936040993981726720	42.559667	-71.760428	1	WQP	0	0	0	0	0		19	0	104	6	25	Massachusetts	25027	Worcester County	1
9936041028341465088	42.549508	-71.750858	1	WQP	0	0	0	0	0		14	2	164	14	25	Massachusetts	25027	Worcester County	1
9936041200140156928	42.539039	-71.715211	1	WQP	0	0	0	0	0		0	0	21	9	25	Massachusetts	25027	Worcester County	1
9936043089925767168	42.578424	-71.609235	1	WQP	0	0	0	0	0		1	0	21	3	25	Massachusetts	25017	Middlesex County	1
9936043605321842688	42.5564095	-71.61102249999999	2	WQP	0	0	0	0	0		2	1	49	7	25	Massachusetts	25017	Middlesex County	2
9936047797209923584	42.5299	-71.7103	1	WQP	0	0	0	0	0		17	8	31	1	25	Massachusetts	25027	Worcester County	1
9936048072087830528	42.519617	-71.727339	1	WQP	0	0	0	0	0		6	0	110	14	25	Massachusetts	25027	Worcester County	1
9936048243886522368	42.525924	-71.736738	1	WQP	0	0	0	0	0		30	6	93	7	25	Massachusetts	25027	Worcester County	1
9936048312605999104	42.542313	-71.745905	1	WQP	0	0	0	0	0		37	4	167	19	25	Massachusetts	25027	Worcester County	1
9936048656203382784	42.502119	-71.74095	1	WQP	0	0	0	0	0		15	0	102	12	25	Massachusetts	25027	Worcester County	1
9936050820866899968	42.4309305	-71.68016800000001	2	WQP	0	0	0	0	0		22	1	100	7	25	Massachusetts	25027	Worcester County	1
9936054531718643712	42.343344	-71.6150835	2	WQP	0	0	0	0	0		5	0	70	7	25	Massachusetts	25017	Middlesex County	2
9936061197507887104	42.446758	-71.818128	1	WQP	0	0	0	0	0		0	0	4	0	25	Massachusetts	25027	Worcester County	1
9936072845459193856	42.207872	-71.78146	1	WQP	0	0	0	0	0		4	0	96	5	25	Massachusetts	25027	Worcester County	1
9936073017257885696	42.227853	-71.787653	1	WQP	0	0	0	0	0		40	0	73	6	25	Massachusetts	25027	Worcester County	1
9936078136858902528	42.2814355	-71.63836699999999	2	WQP	0	0	0	0	0		9	0	71	3	25	Massachusetts	25027	Worcester County	1
9936078343017332736	42.2819	-71.600869	1	WQP	0	0	0	0	0		13	0	45	0	25	Massachusetts	25027	Worcester County	1
9936081641552216064	42.15704	-71.622288	1	WQP	0	0	0	0	0		0	0	22	0	25	Massachusetts	25027	Worcester County	1
9936081675911954432	42.167318	-71.627289	1	WQP	0	0	0	0	0		10	0	17	0	25	Massachusetts	25027	Worcester County	1
9936162833613979648	41.761475	-71.243058	1	WQP	0	0	0	0	0		1	0	25	0	25	Massachusetts	25005	Bristol County	1
9936173725651042304	42.003592	-71.270983	1	WQP	0	0	0	0	0		1	0	10	0	25	Massachusetts	25005	Bristol County	1
9936178158057291776	42.076086	-71.38013	1	WQP	0	0	0	0	0		16	0	42	0	25	Massachusetts	25021	Norfolk County	1
9936187125949005824	42.118429000000006	-71.504179	2	WQP	0	0	0	0	0		9	1	49	2	25	Massachusetts	25021	Norfolk County	2
9936190355764412416	42.13982	-71.389503	1	WQP	0	0	0	0	0		4	1	29	0	25	Massachusetts	25021	Norfolk County	1
9936191833233162240	42.112383	-71.435375	1	WQP	0	0	0	0	0		0	0	16	1	25	Massachusetts	25021	Norfolk County	1
9936201419600166912	42.133153	-71.36228	1	WQP	0	0	0	0	0		1	0	23	1	25	Massachusetts	25021	Norfolk County	1
9936213239350165504	42.053631	-71.009803	1	WQP	0	0	0	0	0		67	1	80	4	25	Massachusetts	25023	Plymouth County	1
9936213273709903872	42.046667	-71.004167	1	WQP	0	0	0	0	0		21	1	78	3	25	Massachusetts	25023	Plymouth County	1
9936213514228072448	42.053722	-71.063964	1	WQP	0	0	0	0	0		31	3	141	9	25	Massachusetts	25005	Bristol County	2
9936213995264409600	42.055655	-71.092548	1	WQP	0	0	0	0	0		5	0	75	3	25	Massachusetts	25005	Bristol County	1
9936217190720077824	42.020403	-71.122789	1	WQP	0	0	0	0	0		6	0	22	0	25	Massachusetts	25005	Bristol County	1
9936219389743333376	41.933303	-71.154267	1	WQP	0	0	0	0	0		1	0	17	0	25	Massachusetts	25005	Bristol County	1
9936219458462810112	41.946758	-71.160411	1	WQP	0	0	0	0	0		0	0	7	0	25	Massachusetts	25005	Bristol County	1
9936222447760048128	41.933369	-71.040347	1	WQP	0	0	0	0	0		0	0	7	0	25	Massachusetts	25005	Bristol County	1
9936225333978071040	41.997045	-70.972543	1	WQP	0	0	0	0	0		10	0	45	1	25	Massachusetts	25023	Plymouth County	1
9936226089892315136	41.997539	-70.953675	1	WQP	0	0	0	0	0		1	0	11	0	25	Massachusetts	25023	Plymouth County	1
9936226399129960448	41.96179	-70.919785	2	WQP	2	46	35	16	13		0	0	4	0	25	Massachusetts	25023	Plymouth County	1
9936226433489698816	41.963157	-70.912263	1	WQP	0	0	0	0	0		3	0	2	0	25	Massachusetts	25023	Plymouth County	1
9936226674007867392	41.958811	-70.958792	1	WQP	0	0	0	0	0		1	0	37	1	25	Massachusetts	25023	Plymouth County	1
9936227361202634752	41.948906	-70.968575	1	WQP	0	0	0	0	0		7	0	21	0	25	Massachusetts	25023	Plymouth County	1
9936228838671384576	41.907008	-70.913628	1	WQP	0	0	0	0	0		3	0	46	2	25	Massachusetts	25023	Plymouth County	1
9936228941750599680	41.921878	-70.923361	1	WQP	0	0	0	0	0		0	0	5	0	25	Massachusetts	25023	Plymouth County	1
9936229250988244992	41.947324	-70.93643	1	WQP	0	0	0	0	0		1	0	3	1	25	Massachusetts	25023	Plymouth County	1
9936229354067460096	41.935928	-70.917817	1	WQP	0	0	0	0	0		0	0	3	0	25	Massachusetts	25023	Plymouth County	1
9936229388427198464	41.9418	-70.915995	1	WQP	0	0	0	0	0		0	0	2	0	25	Massachusetts	25023	Plymouth County	1
9936232343364698112	41.949033	-70.906308	1	WQP	0	0	0	0	0		1	0	4	0	25	Massachusetts	25023	Plymouth County	1
9936235985496965120	42.029036	-70.903869	1	WQP	0	0	0	0	0		0	0	2	0	25	Massachusetts	25023	Plymouth County	1
9936236707051470848	42.038122	-70.983997	1	WQP	0	0	0	0	0		1	0	8	0	25	Massachusetts	25023	Plymouth County	1
9936236947569639424	42.064794	-70.987253	1	WQP	0	0	0	0	0		10	2	29	0	25	Massachusetts	25023	Plymouth County	1
9936240486622691328	42.152694	-70.885778	1	WQP	0	0	0	0	0		1	0	78	7	25	Massachusetts	25023	Plymouth County	1
9936241345616150528	42.102183	-70.865339	1	WQP	0	0	0	0	0		9	2	42	4	25	Massachusetts	25023	Plymouth County	1
9936242410768039936	42.16025	-70.858306	1	WQP	0	0	0	0	0		24	0	36	0	25	Massachusetts	25023	Plymouth County	1
9936243578999144448	42.109336	-70.745294	1	WQP	0	0	0	0	0		2	0	61	2	25	Massachusetts	25023	Plymouth County	1
9936245228266586112	42.044219	-70.789539	1	WQP	0	0	0	0	0		0	0	6	0	25	Massachusetts	25023	Plymouth County	1
9936246430857428992	42.026158	-70.72315	1	WQP	0	0	0	0	0		0	0	24	0	25	Massachusetts	25023	Plymouth County	1
9936247667808010240	42.011733	-70.715092	1	WQP	0	0	0	0	0		0	0	8	0	25	Massachusetts	25023	Plymouth County	1
9936271513466437632	41.927542	-70.6629	1	WQP	0	0	0	0	0		9	0	68	1	25	Massachusetts	25023	Plymouth County	1
9936273643770216448	41.928161	-70.741631	1	WQP	0	0	0	0	0		1	0	5	1	25	Massachusetts	25023	Plymouth County	1
9936274262245507072	41.985408	-70.749164	1	WQP	0	0	0	0	0		3	0	36	1	25	Massachusetts	25023	Plymouth County	1
9936276220750594048	41.906522	-70.741522	1	WQP	0	0	0	0	0		1	0	21	2	25	Massachusetts	25023	Plymouth County	1
9936276426909024256	41.888039	-70.72913	1	WQP	0	0	0	0	0		0	0	2	0	25	Massachusetts	25023	Plymouth County	1
9936284638886494208	41.766206	-70.636636	1	WQP	0	0	0	0	0		0	0	4	0	25	Massachusetts	25023	Plymouth County	1
9936297077111783424	41.62668733333333	-70.53470266666666	3	WQP	0	0	0	0	0		0	0	7	0	25	Massachusetts	25001	Barnstable County	1
9936297455068905472	41.642751399999995	-70.54423349999999	10	WQP	0	0	0	0	0		1	0	2	1	25	Massachusetts	25001	Barnstable County	1
9936297626867597312	41.63751785454546	-70.50977538181817	55	WQP	0	0	0	0	0		0	0	5	2	25	Massachusetts	25001	Barnstable County	1
9936297661227335680	41.63568215	-70.511663	20	WQP	0	0	0	0	0		1	0	6	1	25	Massachusetts	25001	Barnstable County	1
9936326385968611328	41.814186	-70.949203	1	WQP	0	0	0	0	0		1	0	3	0	25	Massachusetts	25023	Plymouth County	1
9936326557767303168	41.833147	-70.941311	1	WQP	0	0	0	0	0		0	0	12	0	25	Massachusetts	25023	Plymouth County	1
9936327244962070528	41.840556	-70.943333	1	WQP	0	0	0	0	0		7	0	4	0	25	Massachusetts	25023	Plymouth County	1
9936332020965703680	41.822175	-71.0902	1	WQP	0	0	0	0	0		1	0	3	0	25	Massachusetts	25005	Bristol County	1
9936334288708435968	41.87641	-71.09361	2	WQP	1	13	13	1	1		12	0	43	6	25	Massachusetts	25005	Bristol County	1
9936335525659017216	41.871561	-71.102556	1	WQP	0	0	0	0	0		3	0	24	2	25	Massachusetts	25005	Bristol County	1
9936832573634248704	42.204619	-72.318611	1	WQP	0	0	0	0	0		0	0	10	0	25	Massachusetts	25013	Hampden County	1
9936841644605177856	42.17896	-72.36888	1	WQP	1	33	33	8	8		2	1	23	1	25	Massachusetts	25013	Hampden County	2
9936843809268695040	42.160649	-72.513976	1	WQP	0	0	0	0	0		16	6	101	8	25	Massachusetts	25013	Hampden County	1
9936865799501250560	42.35176	-72.62633	1	WQP	1	33	33	5	5		1	0	34	15	25	Massachusetts	25015	Hampshire County	1
9936869647791947776	42.264558	-72.580528	1	WQP	0	0	0	0	0		1	0	11	0	25	Massachusetts	25015	Hampshire County	1
9936869682151686144	42.26223	-72.57817	1	WQP	0	0	0	0	0		6	0	4	0	25	Massachusetts	25015	Hampshire County	1
9936870438065930240	42.251003	-72.559711	1	WQP	0	0	0	0	0		0	0	18	0	25	Massachusetts	25015	Hampshire County	1
9936870850382790656	42.221197	-72.546917	1	WQP	0	0	0	0	0		16	4	26	4	25	Massachusetts	25013	Hampden County	2
9936870953462005760	42.219264	-72.559347	1	WQP	0	0	0	0	0		10	1	47	7	25	Massachusetts	25015	Hampshire County	1
9936871228339912704	42.246	-72.581375	1	WQP	0	0	0	0	0		7	0	15	1	25	Massachusetts	25015	Hampshire County	1
9936871778095726592	42.194914	-72.601428	1	WQP	0	0	0	0	0		34	8	232	21	25	Massachusetts	25013	Hampden County	1
9936871984254156800	42.207288	-72.5908255	2	WQP	1	13	13	1	1		13	1	136	17	25	Massachusetts	25013	Hampden County	1
9936872465290493952	42.174778	-72.533505	1	WQP	0	0	0	0	0		4	0	51	6	25	Massachusetts	25013	Hampden County	1
9936872499650232320	42.185192	-72.550136	1	WQP	0	0	0	0	0		8	0	83	9	25	Massachusetts	25013	Hampden County	1
9936872568369709056	42.19113	-72.56565	1	WQP	0	0	0	0	0		6	1	109	9	25	Massachusetts	25013	Hampden County	1
9936872877607354368	42.164422	-72.535394	1	WQP	0	0	0	0	0		2	0	121	13	25	Massachusetts	25013	Hampden County	1
9936873255564476416	42.159636	-72.584717	1	WQP	0	0	0	0	0		24	2	87	14	25	Massachusetts	25013	Hampden County	1
9936873289924214784	42.15884	-72.57666	1	WQP	1	13	13	1	1		7	0	95	4	25	Massachusetts	25013	Hampden County	1
9936873702241075200	42.150106	-72.610383	1	WQP	0	0	0	0	0		25	2	92	3	25	Massachusetts	25013	Hampden County	1
9936873839680028672	42.153775	-72.627394	1	WQP	0	0	0	0	0		4	0	107	4	25	Massachusetts	25013	Hampden County	1
9936874217637150720	42.170675	-72.626017	1	WQP	0	0	0	0	0		11	0	103	8	25	Massachusetts	25013	Hampden County	1
9936876657178574848	42.148669	-72.624211	1	WQP	0	0	0	0	0		26	0	132	8	25	Massachusetts	25013	Hampden County	1
9936877275653865472	42.099444	-72.636305	1	WQP	0	0	0	0	0		16	1	205	11	25	Massachusetts	25013	Hampden County	1
9936931701479440384	42.078861	-73.072883	1	WQP	0	0	0	0	0		0	0	4	0	25	Massachusetts	25003	Berkshire County	2
9936949465464176640	42.225645	-72.870653	1	WQP	0	0	0	0	0		5	2	9	0	25	Massachusetts	25013	Hampden County	2
9936987501694550016	42.393974	-73.240383	1	WQP	0	0	0	0	0		13	12	2	0	25	Massachusetts	25003	Berkshire County	1
9937024507132772352	42.231917	-73.354667	1	WQP	0	0	0	0	0		0	0	8	2	25	Massachusetts	25003	Berkshire County	1
9942563812353769472	41.685705	-70.012608	1	EGAD	1	4	4	3	3		7	1	14	1	25	Massachusetts	25001	Barnstable County	1
