cid,neighborCid
5955080371899990016,5955075424097665024
5955080371899990016,5955075870774263808
5955080371899990016,5955075905134002176
5955080371899990016,5955080337540251648
5955080371899990016,5955080406259728384
5955080371899990016,5955080440619466752
5955080371899990016,5955080784216850432
5955080371899990016,5955080818576588800
5955087759243739136,5955087553085308928
5955087759243739136,5955087690524262400
5955087759243739136,5955087724884000768
5955087759243739136,5955087793603477504
5955087759243739136,5955087827963215872
5955087759243739136,5955087862322954240
5955087759243739136,5955087896682692608
5955087759243739136,5955087931042430976
5955178881269891072,5955178194075123712
5955178881269891072,5955178228434862080
5955178881269891072,5955178675111460864
5955178881269891072,5955178812550414336
5955178881269891072,5955178846910152704
5955178881269891072,5955178915629629440
5955178881269891072,5955178949989367808
5955178881269891072,5955178984349106176
5955253029585289216,5955252960865812480
5955253029585289216,5955252995225550848
5955253029585289216,5955253063945027584
5955253029585289216,5955253098304765952
5955253029585289216,5955253201383981056
5955253029585289216,5955253235743719424
5955253029585289216,5955253407542411264
5955253029585289216,5955253441902149632
5955273954665955328,5955273336190664704
5955273954665955328,5955273782867263488
5955273954665955328,5955273817227001856
5955273954665955328,5955273851586740224
5955273954665955328,5955273885946478592
5955273954665955328,5955273920306216960
5955273954665955328,5955273989025693696
5955273954665955328,5955274092104908800
5955276840883978240,5955276669085286400
5955276840883978240,5955276703445024768
5955276840883978240,5955276737804763136
5955276840883978240,5955276772164501504
5955276840883978240,5955276806524239872
5955276840883978240,5955276875243716608
5955276840883978240,5955276909603454976
5955276840883978240,5955277047042408448
5955332469300396032,5955325150676123648
5955332469300396032,5955325185035862016
5955332469300396032,5955332400580919296
5955332469300396032,5955332434940657664
5955332469300396032,5955332503660134400
5955332469300396032,5955335286798942208
5955332469300396032,5955335389878157312
5955332469300396032,5955335424237895680
5955433074614337536,5955320924428304384
5955433074614337536,5955321302385426432
5955433074614337536,5955321336745164800
5955433074614337536,5955433005894860800
5955433074614337536,5955433040254599168
5955433074614337536,5955433108974075904
5955433074614337536,5955433418211721216
5955433074614337536,5955433452571459584
5955478773066366976,5955478635627413504
5955478773066366976,5955478738706628608
5955478773066366976,5955478807426105344
5955478773066366976,5955478841785843712
5955478773066366976,5955478876145582080
5955478773066366976,5955478910505320448
5955478773066366976,5955478944865058816
5955478773066366976,5955479391541657600
5955480869010407424,5955480765931192320
5955480869010407424,5955480800290930688
5955480869010407424,5955480834650669056
5955480869010407424,5955480903370145792
5955480869010407424,5955480937729884160
5955480869010407424,5955482380838895616
5955480869010407424,5955482415198633984
5955480869010407424,5955482518277849088
5955484957819273216,5955474649897762816
5955484957819273216,5955474684257501184
5955484957819273216,5955482002881773568
5955484957819273216,5955484889099796480
5955484957819273216,5955484923459534848
5955484957819273216,5955484992179011584
5955484957819273216,5955485026538749952
5955484957819273216,5955485060898488320
5955487500439912448,5955487431720435712
5955487500439912448,5955487466080174080
5955487500439912448,5955487534799650816
5955487500439912448,5955488187634679808
5955487500439912448,5955488221994418176
5955487500439912448,5955488256354156544
5955487500439912448,5955488977908662272
5955487500439912448,5955489012268400640
5955487637878865920,5955486607086714880
5955487637878865920,5955486641446453248
5955487637878865920,5955487088123052032
5955487637878865920,5955487191202267136
5955487637878865920,5955487225562005504
5955487637878865920,5955487569159389184
5955487637878865920,5955487603519127552
5955487637878865920,5955487672238604288
5955502309487149056,5955500522780753920
5955502309487149056,5955500557140492288
5955502309487149056,5955500660219707392
5955502309487149056,5955502206407933952
5955502309487149056,5955502240767672320
5955502309487149056,5955502275127410688
5955502309487149056,5955502343846887424
5955502309487149056,5955502378206625792
5955502893602701312,5955502824883224576
5955502893602701312,5955502859242962944
5955502893602701312,5955502927962439680
5955502893602701312,5955503580797468672
5955502893602701312,5955503615157207040
5955502893602701312,5955503649516945408
5955502893602701312,5955504371071451136
5955502893602701312,5955504405431189504
5955502927962439680,5955502824883224576
5955502927962439680,5955502859242962944
5955502927962439680,5955502893602701312
5955502927962439680,5955502962322178048
5955502927962439680,5955502996681916416
5955502927962439680,5955503134120869888
5955502927962439680,5955503580797468672
5955502927962439680,5955503615157207040
5955512376890490880,5955511689695723520
5955512376890490880,5955511724055461888
5955512376890490880,5955511758415200256
5955512376890490880,5955511930213892096
5955512376890490880,5955511964573630464
5955512376890490880,5955512308171014144
5955512376890490880,5955512342530752512
5955512376890490880,5955512411250229248
5955516225181188096,5955515537986420736
5955516225181188096,5955515572346159104
5955516225181188096,5955515606705897472
5955516225181188096,5955515778504589312
5955516225181188096,5955515812864327680
5955516225181188096,5955516156461711360
5955516225181188096,5955516190821449728
5955516225181188096,5955516259540926464
5955871539235651584,5955870920760360960
5955871539235651584,5955871367436959744
5955871539235651584,5955871401796698112
5955871539235651584,5955871436156436480
5955871539235651584,5955871470516174848
5955871539235651584,5955871504875913216
5955871539235651584,5955871573595389952
5955871539235651584,5955871676674605056
5955882671790882816,5955882499992190976
5955882671790882816,5955882534351929344
5955882671790882816,5955882568711667712
5955882671790882816,5955882603071406080
5955882671790882816,5955882637431144448
5955882671790882816,5955882706150621184
5955882671790882816,5955882740510359552
5955882671790882816,5955882877949313024
5955884595936231424,5955884492857016320
5955884595936231424,5955884527216754688
5955884595936231424,5955884561576493056
5955884595936231424,5955884630295969792
5955884595936231424,5955884733375184896
5955884595936231424,5955890093494370304
5955884595936231424,5955890127854108672
5955884595936231424,5955890230933323776
5955889406299602944,5955885283130998784
5955889406299602944,5955885317490737152
5955889406299602944,5955885351850475520
5955889406299602944,5955889303220387840
5955889406299602944,5955889337580126208
5955889406299602944,5955889371939864576
5955889406299602944,5955889440659341312
5955889406299602944,5955889475019079680
5955890196573585408,5955890127854108672
5955890196573585408,5955890162213847040
5955890196573585408,5955890230933323776
5955890196573585408,5955890265293062144
5955890196573585408,5955890368372277248
5955890196573585408,5955890402732015616
5955890196573585408,5955890574530707456
5955890196573585408,5955890608890445824
5955890265293062144,5955884424137539584
5955890265293062144,5955884458497277952
5955890265293062144,5955884492857016320
5955890265293062144,5955890196573585408
5955890265293062144,5955890230933323776
5955890265293062144,5955890299652800512
5955890265293062144,5955890334012538880
5955890265293062144,5955890368372277248
5955892533035794432,5955892464316317696
5955892533035794432,5955892498676056064
5955892533035794432,5955892567395532800
5955892533035794432,5955892601755271168
5955892533035794432,5955892636115009536
5955892533035794432,5955987640791597056
5955892533035794432,5955987743870812160
5955892533035794432,5955987778230550528
5955893563827945472,5955892876633178112
5955893563827945472,5955892910992916480
5955893563827945472,5955893357669515264
5955893563827945472,5955893495108468736
5955893563827945472,5955893529468207104
5955893563827945472,5955893598187683840
5955893563827945472,5955893632547422208
5955893563827945472,5955893666907160576
5955894354101927936,5955894251022712832
5955894354101927936,5955894285382451200
5955894354101927936,5955894319742189568
5955894354101927936,5955894388461666304
5955894354101927936,5955894422821404672
5955894354101927936,5955894560260358144
5955894354101927936,5955895006936956928
5955894354101927936,5955895041296695296
5955896312607014912,5955895625412247552
5955896312607014912,5955895659771985920
5955896312607014912,5955896106448584704
5955896312607014912,5955896243887538176
5955896312607014912,5955896278247276544
5955896312607014912,5955896346966753280
5955896312607014912,5955896381326491648
5955896312607014912,5955896415686230016
5955906002053234688,5955905314858467328
5955906002053234688,5955905349218205696
5955906002053234688,5955905383577944064
5955906002053234688,5955905555376635904
5955906002053234688,5955905589736374272
5955906002053234688,5955905933333757952
5955906002053234688,5955905967693496320
5955906002053234688,5955906036412973056
5955946958861369344,5955946890141892608
5955946958861369344,5955946924501630976
5955946958861369344,5955946993221107712
5955946958861369344,5955947027580846080
5955946958861369344,5955947061940584448
5955946958861369344,5955948608128811008
5955946958861369344,5955948711208026112
5955946958861369344,5955948745567764480
5955949948158607360,5955949535841746944
5955949948158607360,5955949570201485312
5955949948158607360,5955949742000177152
5955949948158607360,5955949776359915520
5955949948158607360,5955949879439130624
5955949948158607360,5955949913798868992
5955949948158607360,5955949982518345728
5955949948158607360,5955950016878084096
5955950188676775936,5955949845079392256
5955950188676775936,5955949879439130624
5955950188676775936,5955949913798868992
5955950188676775936,5955950119957299200
5955950188676775936,5955950154317037568
5955950188676775936,5955950223036514304
5955950188676775936,5955950257396252672
5955950188676775936,5955950291755991040
5955987022316306432,5955940155633172480
5955987022316306432,5955940258712387584
5955987022316306432,5955940293072125952
5955987022316306432,5955986953596829696
5955987022316306432,5955986987956568064
5955987022316306432,5955987056676044800
5955987022316306432,5955987091035783168
5955987022316306432,5955987125395521536
5955987159755259904,5955986953596829696
5955987159755259904,5955987091035783168
5955987159755259904,5955987125395521536
5955987159755259904,5955987194114998272
5955987159755259904,5955987228474736640
5955987159755259904,5955987262834475008
5955987159755259904,5955987297194213376
5955987159755259904,5955987331553951744
5956154388601896960,5956154285522681856
5956154388601896960,5956154319882420224
5956154388601896960,5956154354242158592
5956154388601896960,5956154422961635328
5956154388601896960,5956154457321373696
5956154388601896960,5956154663479803904
5956154388601896960,5956154697839542272
5956154388601896960,5956154732199280640
5956197372634595328,5956196925957996544
5956197372634595328,5956196960317734912
5956197372634595328,5956197303915118592
5956197372634595328,5956197338274856960
5956197372634595328,5956197406994333696
5956197372634595328,5956197441354072064
5956197372634595328,5956197544433287168
5956197372634595328,5956197578793025536
5956197681872240640,5956197510073548800
5956197681872240640,5956197544433287168
5956197681872240640,5956197578793025536
5956197681872240640,5956197613152763904
5956197681872240640,5956197647512502272
5956197681872240640,5956197716231979008
5956197681872240640,5956197750591717376
5956197681872240640,5956197888030670848
5956200052694188032,5956199915255234560
5956200052694188032,5956200018334449664
5956200052694188032,5956200087053926400
5956200052694188032,5956200121413664768
5956200052694188032,5956200155773403136
5956200052694188032,5956200190133141504
5956200052694188032,5956200224492879872
5956200052694188032,5956200671169478656
5956202801473257472,5956202664034304000
5956202801473257472,5956202767113519104
5956202801473257472,5956202835832995840
5956202801473257472,5956202870192734208
5956202801473257472,5956202904552472576
5956202801473257472,5956202938912210944
5956202801473257472,5956203041991426048
5956202801473257472,5956203076351164416
5956202904552472576,5956202182997966848
5956202904552472576,5956202217357705216
5956202904552472576,5956202801473257472
5956202904552472576,5956202835832995840
5956202904552472576,5956202870192734208
5956202904552472576,5956202938912210944
5956202904552472576,5956203041991426048
5956202904552472576,5956203660466716672
5956207233879506944,5956206821562646528
5956207233879506944,5956206855922384896
5956207233879506944,5956207027721076736
5956207233879506944,5956207062080815104
5956207233879506944,5956207165160030208
5956207233879506944,5956207199519768576
5956207233879506944,5956207268239245312
5956207233879506944,5956207302598983680
5956207508757413888,5956207130800291840
5956207508757413888,5956207165160030208
5956207508757413888,5956207474397675520
5956207508757413888,5956207543117152256
5956207508757413888,5956207577476890624
5956207508757413888,5958065271091494912
5956207508757413888,5958065305451233280
5956207508757413888,5958065683408355328
5957689822230347776,5957682503606075392
5957689822230347776,5957682537965813760
5957689822230347776,5957689753510871040
5957689822230347776,5957689787870609408
5957689822230347776,5957689856590086144
5957689822230347776,5957692639728893952
5957689822230347776,5957692742808109056
5957689822230347776,5957692777167847424
5957694151557382144,5957693945398951936
5957694151557382144,5957694082837905408
5957694151557382144,5957694117197643776
5957694151557382144,5957694185917120512
5957694151557382144,5957694220276858880
5957694151557382144,5957694254636597248
5957694151557382144,5957694288996335616
5957694151557382144,5957694323356073984
5957725144041390080,5957724697364791296
5957725144041390080,5957724731724529664
5957725144041390080,5957725075321913344
5957725144041390080,5957725109681651712
5957725144041390080,5957725178401128448
5957725144041390080,5957725212760866816
5957725144041390080,5957725315840081920
5957725144041390080,5957725350199820288
5957734386811011072,5957734283731795968
5957734386811011072,5957734318091534336
5957734386811011072,5957734352451272704
5957734386811011072,5957734421170749440
5957734386811011072,5957734455530487808
5957734386811011072,5958790192851582976
5957734386811011072,5958790227211321344
5957734386811011072,5958790261571059712
5957747168633683968,5957747065554468864
5957747168633683968,5957747099914207232
5957747168633683968,5957747134273945600
5957747168633683968,5957747202993422336
5957747168633683968,5957747306072637440
5957747168633683968,5957748268145311744
5957747168633683968,5957748302505050112
5957747168633683968,5957748405584265216
5957748543023218688,5957748371224526848
5957748543023218688,5957748405584265216
5957748543023218688,5957748439944003584
5957748543023218688,5957748474303741952
5957748543023218688,5957748508663480320
5957748543023218688,5957748577382957056
5957748543023218688,5957748611742695424
5957748543023218688,5957748749181648896
5957749951772491776,5957749814333538304
5957749951772491776,5957749917412753408
5957749951772491776,5957749986132230144
5957749951772491776,5957750020491968512
5957749951772491776,5957750054851706880
5957749951772491776,5957754212380049408
5957749951772491776,5957754315459264512
5957749951772491776,5957754349819002880
5957750020491968512,5957749951772491776
5957750020491968512,5957749986132230144
5957750020491968512,5957750054851706880
5957750020491968512,5957750089211445248
5957750020491968512,5957750192290660352
5957750020491968512,5957750226650398720
5957750020491968512,5957750398449090560
5957750020491968512,5957750432808828928
5957750089211445248,5957750020491968512
5957750089211445248,5957750054851706880
5957750089211445248,5957750123571183616
5957750089211445248,5957750157930921984
5957750089211445248,5957750192290660352
5957750089211445248,5957754143660572672
5957750089211445248,5957754178020311040
5957750089211445248,5957754212380049408
5957752219515224064,5957752150795747328
5957752219515224064,5957752185155485696
5957752219515224064,5957752253874962432
5957752219515224064,5957752288234700800
5957752219515224064,5957752391313915904
5957752219515224064,5957752425673654272
5957752219515224064,5957752597472346112
5957752219515224064,5957752631832084480
5957752322594439168,5957750123571183616
5957752322594439168,5957751944637317120
5957752322594439168,5957751978997055488
5957752322594439168,5957752288234700800
5957752322594439168,5957752356954177536
5957752322594439168,5957752391313915904
5957752322594439168,5957754109300834304
5957752322594439168,5957754143660572672
5957752528752869376,5957752425673654272
5957752528752869376,5957752460033392640
5957752528752869376,5957752494393131008
5957752528752869376,5957752563112607744
5957752528752869376,5957752597472346112
5957752528752869376,5957752734911299584
5957752528752869376,5957753181587898368
5957752528752869376,5957753215947636736
5957752597472346112,5957752185155485696
5957752597472346112,5957752219515224064
5957752597472346112,5957752391313915904
5957752597472346112,5957752425673654272
5957752597472346112,5957752528752869376
5957752597472346112,5957752563112607744
5957752597472346112,5957752631832084480
5957752597472346112,5957752666191822848
5957753868782665728,5957753800063188992
5957753868782665728,5957753834422927360
5957753868782665728,5957753903142404096
5957753868782665728,5957753937502142464
5957753868782665728,5957754040581357568
5957753868782665728,5957754074941095936
5957753868782665728,5957754246739787776
5957753868782665728,5957754281099526144
5957754452898217984,5957753834422927360
5957754452898217984,5957754281099526144
5957754452898217984,5957754315459264512
5957754452898217984,5957754349819002880
5957754452898217984,5957754384178741248
5957754452898217984,5957754418538479616
5957754452898217984,5957754487257956352
5957754452898217984,5957754590337171456
5957778951391674368,5957778813952720896
5957778951391674368,5957778917031936000
5957778951391674368,5957778985751412736
5957778951391674368,5957779020111151104
5957778951391674368,5957779054470889472
5957778951391674368,5957779088830627840
5957778951391674368,5957779123190366208
5957778951391674368,5957779569866964992
5957779054470889472,5957776511850250240
5957779054470889472,5957778332916383744
5957779054470889472,5957778367276122112
5957779054470889472,5957778951391674368
5957779054470889472,5957778985751412736
5957779054470889472,5957779020111151104
5957779054470889472,5957779088830627840
5957779054470889472,5957779123190366208
5957779088830627840,5957776477490511872
5957779088830627840,5957776511850250240
5957779088830627840,5957778332916383744
5957779088830627840,5957778951391674368
5957779088830627840,5957779054470889472
5957779088830627840,5957779123190366208
5957779088830627840,5957779157550104576
5957779088830627840,5957779191909842944
5957779226269581312,5957776340051558400
5957779226269581312,5957776443130773504
5957779226269581312,5957776477490511872
5957779226269581312,5957779157550104576
5957779226269581312,5957779191909842944
5957779226269581312,5957779260629319680
5957779226269581312,5957779294989058048
5957779226269581312,5957779329348796416
5957779432428011520,5957779363708534784
5957779432428011520,5957779398068273152
5957779432428011520,5957779466787749888
5957779432428011520,5957779776025395200
5957779432428011520,5957779810385133568
5957779432428011520,5957786029497778176
5957779432428011520,5957786407454900224
5957779432428011520,5957786441814638592
5957784070992691200,5957784036632952832
5957784070992691200,5957784105352429568
5957784070992691200,5957784139712167936
5957784070992691200,5957784483309551616
5957784070992691200,5957784517669289984
5957784070992691200,5957784689467981824
5957784070992691200,5957784723827720192
5957784070992691200,5957784758187458560
5957784174071906304,5957783830474522624
5957784174071906304,5957783864834260992
5957784174071906304,5957783899193999360
5957784174071906304,5957784105352429568
5957784174071906304,5957784139712167936
5957784174071906304,5957784208431644672
5957784174071906304,5957784242791383040
5957784174071906304,5957784277151121408
5957784689467981824,5957784070992691200
5957784689467981824,5957784517669289984
5957784689467981824,5957784552029028352
5957784689467981824,5957784586388766720
5957784689467981824,5957784620748505088
5957784689467981824,5957784655108243456
5957784689467981824,5957784723827720192
5957784689467981824,5957784826906935296
5957785033065365504,5957784620748505088
5957785033065365504,5957784655108243456
5957785033065365504,5957784826906935296
5957785033065365504,5957784861266673664
5957785033065365504,5957784964345888768
5957785033065365504,5957784998705627136
5957785033065365504,5957785067425103872
5957785033065365504,5957785101784842240
5957789912148213760,5957789809068998656
5957789912148213760,5957789843428737024
5957789912148213760,5957789877788475392
5957789912148213760,5957789946507952128
5957789912148213760,5957789980867690496
5957789912148213760,5957790118306643968
5957789912148213760,5957790564983242752
5957789912148213760,5957790599342981120
5957790805501411328,5957790427544289280
5957790805501411328,5957790461904027648
5957790805501411328,5957790771141672960
5957790805501411328,5957790839861149696
5957790805501411328,5957790874220888064
5957790805501411328,5958170824207761408
5957790805501411328,5958170858567499776
5957790805501411328,5958171236524621824
5957791011659841536,5957790908580626432
5957791011659841536,5957790942940364800
5957791011659841536,5957790977300103168
5957791011659841536,5957791046019579904
5957791011659841536,5957791080379318272
5957791011659841536,5957792386049376256
5957791011659841536,5957792420409114624
5957791011659841536,5957792454768852992
5957986552930893824,5957986484211417088
5957986552930893824,5957986518571155456
5957986552930893824,5957986587290632192
5957986552930893824,5957986621650370560
5957986552930893824,5957986656010108928
5957986552930893824,5958010192430891008
5957986552930893824,5958010295510106112
5957986552930893824,5958010329869844480
5957988270917812224,5957988064759382016
5957988270917812224,5957988202198335488
5957988270917812224,5957988236558073856
5957988270917812224,5957988305277550592
5957988270917812224,5957988339637288960
5957988270917812224,5957988373997027328
5957988270917812224,5957988408356765696
5957988270917812224,5957988442716504064
5957999094235398144,5957998991156183040
5957999094235398144,5957999025515921408
5957999094235398144,5957999059875659776
5957999094235398144,5957999128595136512
5957999094235398144,5957999231674351616
5957999094235398144,5958009470876385280
5957999094235398144,5958009917552984064
5957999094235398144,5958009951912722432
5958006137981763584,5958005382067519488
5958006137981763584,5958006000542810112
5958006137981763584,5958006103622025216
5958006137981763584,5958006172341501952
5958006137981763584,5958006206701240320
5958006137981763584,5958006241060978688
5958006137981763584,5958006825176530944
5958006137981763584,5958006859536269312
5958006275420717056,5958005931823333376
5958006275420717056,5958005966183071744
5958006275420717056,5958006000542810112
5958006275420717056,5958006206701240320
5958006275420717056,5958006241060978688
5958006275420717056,5958006309780455424
5958006275420717056,5958006344140193792
5958006275420717056,5958006378499932160
5958010295510106112,5957986518571155456
5958010295510106112,5957986552930893824
5958010295510106112,5957986656010108928
5958010295510106112,5958010192430891008
5958010295510106112,5958010226790629376
5958010295510106112,5958010261150367744
5958010295510106112,5958010329869844480
5958010295510106112,5958010364229582848
5958049603050799104,5958049396892368896
5958049603050799104,5958049431252107264
5958049603050799104,5958049534331322368
5958049603050799104,5958049568691060736
5958049603050799104,5958049637410537472
5958049603050799104,5958049671770275840
5958049603050799104,5958050015367659520
5958049603050799104,5958050049727397888
5958053142103851008,5958052935945420800
5958053142103851008,5958053073384374272
5958053142103851008,5958053107744112640
5958053142103851008,5958053176463589376
5958053142103851008,5958053210823327744
5958053142103851008,5958053245183066112
5958053142103851008,5958053279542804480
5958053142103851008,5958053313902542848
5958060254569693184,5958060082771001344
5958060254569693184,5958060117130739712
5958060254569693184,5958060151490478080
5958060254569693184,5958060185850216448
5958060254569693184,5958060220209954816
5958060254569693184,5958060288929431552
5958060254569693184,5958060323289169920
5958060254569693184,5958060460728123392
5958107327411257344,5958107293051518976
5958107327411257344,5958107361770995712
5958107327411257344,5958107396130734080
5958107327411257344,5958107739728117760
5958107327411257344,5958107774087856128
5958107327411257344,5958107945886547968
5958107327411257344,5958107980246286336
5958107327411257344,5958108014606024704
5958109766952681472,5958109560794251264
5958109766952681472,5958109698233204736
5958109766952681472,5958109732592943104
5958109766952681472,5958109801312419840
5958109766952681472,5958109835672158208
5958109766952681472,5958109870031896576
5958109766952681472,5958109904391634944
5958109766952681472,5958109938751373312
5958160207048605696,5958159863451222016
5958160207048605696,5958159897810960384
5958160207048605696,5958159932170698752
5958160207048605696,5958160138329128960
5958160207048605696,5958160172688867328
5958160207048605696,5958160241408344064
5958160207048605696,5958160275768082432
5958160207048605696,5958160310127820800
5958168247227383808,5957981398970138624
5958168247227383808,5957981502049353728
5958168247227383808,5957981536409092096
5958168247227383808,5958167800550785024
5958168247227383808,5958167834910523392
5958168247227383808,5958168178507907072
5958168247227383808,5958168212867645440
5958168247227383808,5958168281587122176
5958168968781889536,5958168693903982592
5958168968781889536,5958168728263720960
5958168968781889536,5958168831342936064
5958168968781889536,5958168865702674432
5958168968781889536,5958168900062412800
5958168968781889536,5958168934422151168
5958168968781889536,5958169003141627904
5958168968781889536,5958169106220843008
5958169140580581376,5958168934422151168
5958169140580581376,5958169071861104640
5958169140580581376,5958169106220843008
5958169140580581376,5958169174940319744
5958169140580581376,5958169209300058112
5958169140580581376,5958169243659796480
5958169140580581376,5958169278019534848
5958169140580581376,5958169312379273216
5958170755488284672,5958170583689592832
5958170755488284672,5958170618049331200
5958170755488284672,5958170652409069568
5958170755488284672,5958170686768807936
5958170755488284672,5958170721128546304
5958170755488284672,5958170789848023040
5958170755488284672,5958170824207761408
5958170755488284672,5958170961646714880
5958170892927238144,5958170789848023040
5958170892927238144,5958170824207761408
5958170892927238144,5958170858567499776
5958170892927238144,5958170927286976512
5958170892927238144,5958170961646714880
5958170892927238144,5958171167805145088
5958170892927238144,5958171202164883456
5958170892927238144,5958171236524621824
5958170927286976512,5958170789848023040
5958170927286976512,5958170892927238144
5958170927286976512,5958170961646714880
5958170927286976512,5958170996006453248
5958170927286976512,5958171030366191616
5958170927286976512,5958171064725929984
5958170927286976512,5958171167805145088
5958170927286976512,5958171202164883456
5958171064725929984,5958170308811685888
5958171064725929984,5958170927286976512
5958171064725929984,5958171030366191616
5958171064725929984,5958171099085668352
5958171064725929984,5958171133445406720
5958171064725929984,5958171167805145088
5958171064725929984,5958171751920697344
5958171064725929984,5958171786280435712
5958171099085668352,5958171064725929984
5958171099085668352,5958171133445406720
5958171099085668352,5958171167805145088
5958171099085668352,5958171511402528768
5958171099085668352,5958171545762267136
5958171099085668352,5958171717560958976
5958171099085668352,5958171751920697344
5958171099085668352,5958171786280435712
5958171477042790400,5958171339603836928
5958171477042790400,5958171442683052032
5958171477042790400,5958171511402528768
5958171477042790400,5958171545762267136
5958171477042790400,5958171580122005504
5958171477042790400,5958177112039882752
5958171477042790400,5958177215119097856
5958171477042790400,5958177249478836224
5958171614481743872,5958171545762267136
5958171614481743872,5958171580122005504
5958171614481743872,5958171648841482240
5958171614481743872,5958171683201220608
5958171614481743872,5958171717560958976
5958171614481743872,5958177043320406016
5958171614481743872,5958177077680144384
5958171614481743872,5958177112039882752
5958171683201220608,5958171614481743872
5958171683201220608,5958171648841482240
5958171683201220608,5958171717560958976
5958171683201220608,5958171751920697344
5958171683201220608,5958171854999912448
5958171683201220608,5958171889359650816
5958171683201220608,5958172061158342656
5958171683201220608,5958172095518081024
5958171717560958976,5958171099085668352
5958171717560958976,5958171545762267136
5958171717560958976,5958171580122005504
5958171717560958976,5958171614481743872
5958171717560958976,5958171648841482240
5958171717560958976,5958171683201220608
5958171717560958976,5958171751920697344
5958171717560958976,5958171854999912448
5958171854999912448,5958171683201220608
5958171854999912448,5958171717560958976
5958171854999912448,5958171751920697344
5958171854999912448,5958171786280435712
5958171854999912448,5958171820640174080
5958171854999912448,5958171889359650816
5958171854999912448,5958171923719389184
5958171854999912448,5958172061158342656
5958175909449039872,5958175497132179456
5958175909449039872,5958175531491917824
5958175909449039872,5958175703290609664
5958175909449039872,5958175737650348032
5958175909449039872,5958175840729563136
5958175909449039872,5958175875089301504
5958175909449039872,5958175943808778240
5958175909449039872,5958175978168516608
5958177696155435008,5958177661795696640
5958177696155435008,5958177730515173376
5958177696155435008,5958177764874911744
5958177696155435008,5958178108472295424
5958177696155435008,5958178142832033792
5958177696155435008,5958178314630725632
5958177696155435008,5958178348990464000
5958177696155435008,5958178383350202368
5958178486429417472,5958178280270987264
5958178486429417472,5958178417709940736
5958178486429417472,5958178452069679104
5958178486429417472,5958178520789155840
5958178486429417472,5958178555148894208
5958178486429417472,5958178589508632576
5958178486429417472,5958178623868370944
5958178486429417472,5958178658228109312
5958182678317498368,5958182609598021632
5958182678317498368,5958182643957760000
5958182678317498368,5958182712677236736
5958182678317498368,5958182747036975104
5958182678317498368,5958182850116190208
5958182678317498368,5958182884475928576
5958182678317498368,5958183056274620416
5958182678317498368,5958183090634358784
5958194154470113280,5958194085750636544
5958194154470113280,5958194120110374912
5958194154470113280,5958194188829851648
5958194154470113280,5958194223189590016
5958194154470113280,5958194257549328384
5958194154470113280,5958237997496270848
5958194154470113280,5958238100575485952
5958194154470113280,5958238134935224320
5958200820259356672,5958200751539879936
5958200820259356672,5958200785899618304
5958200820259356672,5958200854619095040
5958200820259356672,5958200888978833408
5958200820259356672,5958200992058048512
5958200820259356672,5958201026417786880
5958200820259356672,5958201198216478720
5958200820259356672,5958201232576217088
5958208997877088256,5958197865321857024
5958208997877088256,5958197968401072128
5958208997877088256,5958198002760810496
5958208997877088256,5958208929157611520
5958208997877088256,5958208963517349888
5958208997877088256,5958209032236826624
5958208997877088256,5958209066596564992
5958208997877088256,5958209100956303360
5958215251349471232,5957746309640224768
5958215251349471232,5957746412719439872
5958215251349471232,5957746447079178240
5958215251349471232,5958215182629994496
5958215251349471232,5958215216989732864
5958215251349471232,5958215285709209600
5958215251349471232,5958215320068947968
5958215251349471232,5958215354428686336
5958270433089290240,5958270295650336768
5958270433089290240,5958270398729551872
5958270433089290240,5958270467449028608
5958270433089290240,5958270501808766976
5958270433089290240,5958270536168505344
5958270433089290240,5961263784776433664
5958270433089290240,5961263819136172032
5958270433089290240,5961263853495910400
5958291186371264512,5958290980212834304
5958291186371264512,5958291117651787776
5958291186371264512,5958291152011526144
5958291186371264512,5958291220731002880
5958291186371264512,5958291255090741248
5958291186371264512,5958291289450479616
5958291186371264512,5958291323810217984
5958291186371264512,5958291358169956352
5958310084227366912,5958309637550768128
5958310084227366912,5958309671910506496
5958310084227366912,5958310015507890176
5958310084227366912,5958310049867628544
5958310084227366912,5958310118587105280
5958310084227366912,5958310152946843648
5958310084227366912,5958310256026058752
5958310084227366912,5958310290385797120
5958327367175766016,5958302765603094528
5958327367175766016,5958302799962832896
5958327367175766016,5958303177919954944
5958327367175766016,5958326989218643968
5958327367175766016,5958327023578382336
5958327367175766016,5958327332816027648
5958327367175766016,5958327401535504384
5958327367175766016,5958327435895242752
5958366502917767168,5958366296759336960
5958366502917767168,5958366434198290432
5958366502917767168,5958366468558028800
5958366502917767168,5958366537277505536
5958366502917767168,5958366571637243904
5958366502917767168,5958366605996982272
5958366502917767168,5958366640356720640
5958366502917767168,5958366674716459008
5958412270089273344,5958412132650319872
5958412270089273344,5958412235729534976
5958412270089273344,5958412304449011712
5958412270089273344,5958412338808750080
5958412270089273344,5958412373168488448
5958412270089273344,5958412407528226816
5958412270089273344,5958412441887965184
5958412270089273344,5958412888564563968
5958420241548574720,5958419554353807360
5958420241548574720,5958419588713545728
5958420241548574720,5958420035390144512
5958420241548574720,5958420172829097984
5958420241548574720,5958420207188836352
5958420241548574720,5958420275908313088
5958420241548574720,5958420310268051456
5958420241548574720,5958420344627789824
5958420550786220032,5958420138469359616
5958420550786220032,5958420172829097984
5958420550786220032,5958420344627789824
5958420550786220032,5958420378987528192
5958420550786220032,5958420482066743296
5958420550786220032,5958420516426481664
5958420550786220032,5958420585145958400
5958420550786220032,5958420619505696768
5958420619505696768,5958408902834913280
5958420619505696768,5958408937194651648
5958420619505696768,5958420516426481664
5958420619505696768,5958420550786220032
5958420619505696768,5958420585145958400
5958420619505696768,5958420653865435136
5958420619505696768,5958420756944650240
5958420619505696768,5958432370536218624
5958421684657586176,5958420997462818816
5958421684657586176,5958421031822557184
5958421684657586176,5958421066182295552
5958421684657586176,5958421237980987392
5958421684657586176,5958421272340725760
5958421684657586176,5958421615938109440
5958421684657586176,5958421650297847808
5958421684657586176,5958421719017324544
5958422784169213952,5958422337492615168
5958422784169213952,5958422371852353536
5958422784169213952,5958422715449737216
5958422784169213952,5958422749809475584
5958422784169213952,5958422818528952320
5958422784169213952,5958422852888690688
5958422784169213952,5958422955967905792
5958422784169213952,5958422990327644160
5958428522245521408,5958421512858894336
5958428522245521408,5958421547218632704
5958428522245521408,5958421925175754752
5958428522245521408,5958428144288399360
5958428522245521408,5958428178648137728
5958428522245521408,5958428487885783040
5958428522245521408,5958428556605259776
5958428522245521408,5958428590964998144
5958428762763689984,5958428625324736512
5958428762763689984,5958428728403951616
5958428762763689984,5958428797123428352
5958428762763689984,5958428831483166720
5958428762763689984,5958428865842905088
5958428762763689984,5958431442823282688
5958428762763689984,5958431477183021056
5958428762763689984,5958431511542759424
5958432095658311680,5958431683341451264
5958432095658311680,5958431717701189632
5958432095658311680,5958431889499881472
5958432095658311680,5958431923859619840
5958432095658311680,5958432026938834944
5958432095658311680,5958432061298573312
5958432095658311680,5958432130018050048
5958432095658311680,5958432164377788416
5958442197421391872,5958441578946101248
5958442197421391872,5958442025622700032
5958442197421391872,5958442059982438400
5958442197421391872,5958442094342176768
5958442197421391872,5958442128701915136
5958442197421391872,5958442163061653504
5958442197421391872,5958442231781130240
5958442197421391872,5958442334860345344
5958575375767306240,5958575203968614400
5958575375767306240,5958575238328352768
5958575375767306240,5958575272688091136
5958575375767306240,5958575307047829504
5958575375767306240,5958575341407567872
5958575375767306240,5958575410127044608
5958575375767306240,5958575444486782976
5958575375767306240,5958575581925736448
5958590872009310208,5958590803289833472
5958590872009310208,5958590837649571840
5958590872009310208,5958590906369048576
5958590872009310208,5958591215606693888
5958590872009310208,5958591249966432256
5958590872009310208,5960185163869585408
5958590872009310208,5960185541826707456
5958590872009310208,5960185576186445824
5958590975088525312,5958590562771664896
5958590975088525312,5958590597131403264
5958590975088525312,5958590768930095104
5958590975088525312,5958590803289833472
5958590975088525312,5958590906369048576
5958590975088525312,5958590940728786944
5958590975088525312,5958591009448263680
5958590975088525312,5958591043808002048
5958591009448263680,5958590322253496320
5958591009448263680,5958590356613234688
5958591009448263680,5958590390972973056
5958591009448263680,5958590562771664896
5958591009448263680,5958590597131403264
5958591009448263680,5958590940728786944
5958591009448263680,5958590975088525312
5958591009448263680,5958591043808002048
5958600183498407936,5958600080419192832
5958600183498407936,5958600114778931200
5958600183498407936,5958600149138669568
5958600183498407936,5958600217858146304
5958600183498407936,5958600252217884672
5958600183498407936,5960176195977871360
5958600183498407936,5960176230337609728
5958600183498407936,5960176333416824832
5958602176363233280,5958601901485326336
5958602176363233280,5958601935845064704
5958602176363233280,5958602038924279808
5958602176363233280,5958602073284018176
5958602176363233280,5958602107643756544
5958602176363233280,5958602142003494912
5958602176363233280,5958602210722971648
5958602176363233280,5958602313802186752
5958609735505674240,5958606814927912960
5958609735505674240,5958606849287651328
5958609735505674240,5958609632426459136
5958609735505674240,5958609666786197504
5958609735505674240,5958609701145935872
5958609735505674240,5958609769865412608
5958609735505674240,5958609804225150976
5958609735505674240,5958612690443173888
5958633031408287744,5958632653451165696
5958633031408287744,5958632687810904064
5958633031408287744,5958632997048549376
5958633031408287744,5958633065768026112
5958633031408287744,5958633100127764480
5958633031408287744,5958639216161193984
5958633031408287744,5958639250520932352
5958633031408287744,5958639628478054400
5958778166943154176,5958309362672861184
5958778166943154176,5958309397032599552
5958778166943154176,5958309774989721600
5958778166943154176,5958777788986032128
5958778166943154176,5958777823345770496
5958778166943154176,5958778132583415808
5958778166943154176,5958778201302892544
5958778166943154176,5958778235662630912
5958779335174258688,5958779163375566848
5958779335174258688,5958779197735305216
5958779335174258688,5958779232095043584
5958779335174258688,5958779266454781952
5958779335174258688,5958779300814520320
5958779335174258688,5958779369533997056
5958779335174258688,5958779403893735424
5958779335174258688,5958779541332688896
5958779472613212160,5958779369533997056
5958779472613212160,5958779403893735424
5958779472613212160,5958779438253473792
5958779472613212160,5958779506972950528
5958779472613212160,5958779541332688896
5958779472613212160,5958779678771642368
5958779472613212160,5958780125448241152
5958779472613212160,5958780159807979520
5958780091088502784,5958779678771642368
5958780091088502784,5958779713131380736
5958780091088502784,5958779884930072576
5958780091088502784,5958779919289810944
5958780091088502784,5958780022369026048
5958780091088502784,5958780056728764416
5958780091088502784,5958780125448241152
5958780091088502784,5958780159807979520
5958782668068880384,5958782461910450176
5958782668068880384,5958782599349403648
5958782668068880384,5958782633709142016
5958782668068880384,5958782702428618752
5958782668068880384,5958782736788357120
5958782668068880384,5958782771148095488
5958782668068880384,5958782805507833856
5958782668068880384,5958782839867572224
5958796927360303104,5958796755561611264
5958796927360303104,5958796789921349632
5958796927360303104,5958796824281088000
5958796927360303104,5958796858640826368
5958796927360303104,5958796893000564736
5958796927360303104,5958796961720041472
5958796927360303104,5958796996079779840
5958796927360303104,5958797133518733312
5958798679706959872,5958796858640826368
5958798679706959872,5958796893000564736
5958798679706959872,5958798610987483136
5958798679706959872,5958798645347221504
5958798679706959872,5958798714066698240
5958798679706959872,5958799366901727232
5958798679706959872,5958799401261465600
5958798679706959872,5958799435621203968
5958799366901727232,5958798679706959872
5958799366901727232,5958798714066698240
5958799366901727232,5958798748426436608
5958799366901727232,5958798920225128448
5958799366901727232,5958798954584866816
5958799366901727232,5958799298182250496
5958799366901727232,5958799332541988864
5958799366901727232,5958799401261465600
5958805689093586944,5958805620374110208
5958805689093586944,5958805654733848576
5958805689093586944,5958805723453325312
5958805689093586944,5958805757813063680
5958805689093586944,5958805792172802048
5958805689093586944,5958807338361028608
5958805689093586944,5958807441440243712
5958805689093586944,5958807475799982080
5958806101410447360,5958806032690970624
5958806101410447360,5958806067050708992
5958806101410447360,5958806135770185728
5958806101410447360,5958806170129924096
5958806101410447360,5958806273209139200
5958806101410447360,5958806307568877568
5958806101410447360,5958806479367569408
5958806101410447360,5958806513727307776
5958809571744022528,5958809399945330688
5958809571744022528,5958809434305069056
5958809571744022528,5958809468664807424
5958809571744022528,5958809503024545792
5958809571744022528,5958809537384284160
5958809571744022528,5958809606103760896
5958809571744022528,5958809640463499264
5958809571744022528,5958809777902452736
5958826820332683264,5958826408015822848
5958826820332683264,5958826442375561216
5958826820332683264,5958826614174253056
5958826820332683264,5958826648533991424
5958826820332683264,5958826751613206528
5958826820332683264,5958826785972944896
5958826820332683264,5958826854692421632
5958826820332683264,5958826889052160000
5958830840422072320,5958830771702595584
5958830840422072320,5958830806062333952
5958830840422072320,5958830874781810688
5958830840422072320,5958830909141549056
5958830840422072320,5958831012220764160
5958830840422072320,5958831046580502528
5958830840422072320,5958831218379194368
5958830840422072320,5958831252738932736
5958838914960588800,5958838502643728384
5958838914960588800,5958838537003466752
5958838914960588800,5958838708802158592
5958838914960588800,5958838743161896960
5958838914960588800,5958838846241112064
5958838914960588800,5958838880600850432
5958838914960588800,5958838949320327168
5958838914960588800,5958838983680065536
5958892000756367360,5958863963209859072
5958892000756367360,5958864066289074176
5958892000756367360,5958864100648812544
5958892000756367360,5958891932036890624
5958892000756367360,5958891966396628992
5958892000756367360,5958892035116105728
5958892000756367360,5958892069475844096
5958892000756367360,5958892103835582464
5958930140065955840,5958930002627002368
5958930140065955840,5958930105706217472
5958930140065955840,5958930174425694208
5958930140065955840,5958930208785432576
5958930140065955840,5958930243145170944
5958930140065955840,5959095204249075712
5958930140065955840,5959095238608814080
5958930140065955840,5959095685285412864
5958976525712752640,5958976456993275904
5958976525712752640,5958976491353014272
5958976525712752640,5958976560072491008
5958976525712752640,5958976594432229376
5958976525712752640,5958976697511444480
5958976525712752640,5958976731871182848
5958976525712752640,5958976903669874688
5958976525712752640,5958976938029613056
5958977522145165312,5958930999059415040
5958977522145165312,5958932820125548544
5958977522145165312,5958932854485286912
5958977522145165312,5958977419065950208
5958977522145165312,5958977453425688576
5958977522145165312,5958977487785426944
5958977522145165312,5958977556504903680
5958977522145165312,5958977590864642048
5959024904224374784,5959024835504898048
5959024904224374784,5959024869864636416
5959024904224374784,5959024938584113152
5959024904224374784,5959024972943851520
5959024904224374784,5959025076023066624
5959024904224374784,5959025110382804992
5959024904224374784,5959025282181496832
5959024904224374784,5959025316541235200
5959028099680043008,5959027996600827904
5959028099680043008,5959028030960566272
5959028099680043008,5959028065320304640
5959028099680043008,5959028134039781376
5959028099680043008,5959028168399519744
5959028099680043008,5959044592354459648
5959028099680043008,5959044626714198016
5959028099680043008,5959044661073936384
5959038545040506880,5959038441961291776
5959038545040506880,5959038476321030144
5959038545040506880,5959038510680768512
5959038545040506880,5959038579400245248
5959038545040506880,5959038682479460352
5959038545040506880,5959082525505617920
5959038545040506880,5959082559865356288
5959038545040506880,5959082594225094656
5959040572265070592,5959037892205477888
5959040572265070592,5959037995284692992
5959040572265070592,5959038029644431360
5959040572265070592,5959038751198937088
5959040572265070592,5959038785558675456
5959040572265070592,5959040503545593856
5959040572265070592,5959040537905332224
5959040572265070592,5959040606624808960
5959044592354459648,5959028099680043008
5959044592354459648,5959028134039781376
5959044592354459648,5959028237118996480
5959044592354459648,5959044489275244544
5959044592354459648,5959044523634982912
5959044592354459648,5959044557994721280
5959044592354459648,5959044626714198016
5959044592354459648,5959044729793413120
5959045520067395584,5959045451347918848
5959045520067395584,5959045485707657216
5959045520067395584,5959045554427133952
5959045520067395584,5959046207262162944
5959045520067395584,5959046241621901312
5959045520067395584,5959046275981639680
5959045520067395584,5959046997536145408
5959045520067395584,5959047031895883776
5959048303206203392,5959048200126988288
5959048303206203392,5959048234486726656
5959048303206203392,5959048268846465024
5959048303206203392,5959048337565941760
5959048303206203392,5959048371925680128
5959048303206203392,5959048578084110336
5959048303206203392,5959048612443848704
5959048303206203392,5959048646803587072
5959048578084110336,5959048303206203392
5959048578084110336,5959048337565941760
5959048578084110336,5959048440645156864
5959048578084110336,5959048475004895232
5959048578084110336,5959048509364633600
5959048578084110336,5959048543724371968
5959048578084110336,5959048612443848704
5959048578084110336,5959048715523063808
5959049093480185856,5959049024760709120
5959049093480185856,5959049059120447488
5959049093480185856,5959049127839924224
5959049093480185856,5959049162199662592
5959049093480185856,5959049265278877696
5959049093480185856,5959049299638616064
5959049093480185856,5959049471437307904
5959049093480185856,5959049505797046272
5959049505797046272,5959049059120447488
5959049505797046272,5959049093480185856
5959049505797046272,5959049437077569536
5959049505797046272,5959049471437307904
5959049505797046272,5959049540156784640
5959049505797046272,5959049574516523008
5959049505797046272,5959049608876261376
5959049505797046272,5959050055552860160
5959049815034691584,5959049643235999744
5959049815034691584,5959049677595738112
5959049815034691584,5959049711955476480
5959049815034691584,5959049746315214848
5959049815034691584,5959049780674953216
5959049815034691584,5959049849394429952
5959049815034691584,5959049883754168320
5959049815034691584,5959050021193121792
5959049849394429952,5959049643235999744
5959049849394429952,5959049780674953216
5959049849394429952,5959049815034691584
5959049849394429952,5959049883754168320
5959049849394429952,5959049918113906688
5959049849394429952,5959049952473645056
5959049849394429952,5959049986833383424
5959049849394429952,5959050021193121792
5959050021193121792,5959049608876261376
5959050021193121792,5959049643235999744
5959050021193121792,5959049815034691584
5959050021193121792,5959049849394429952
5959050021193121792,5959049952473645056
5959050021193121792,5959049986833383424
5959050021193121792,5959050055552860160
5959050021193121792,5959050089912598528
5959050089912598528,5959048990400970752
5959050089912598528,5959049024760709120
5959050089912598528,5959049059120447488
5959050089912598528,5959049986833383424
5959050089912598528,5959050021193121792
5959050089912598528,5959050055552860160
5959050089912598528,5959050124272336896
5959050089912598528,5959050158632075264
5959050158632075264,5959049952473645056
5959050158632075264,5959049986833383424
5959050158632075264,5959050089912598528
5959050158632075264,5959050124272336896
5959050158632075264,5959050192991813632
5959050158632075264,5959050227351552000
5959050158632075264,5959050570948935680
5959050158632075264,5959050605308674048
5959050192991813632,5959050124272336896
5959050192991813632,5959050158632075264
5959050192991813632,5959050227351552000
5959050192991813632,5959050261711290368
5959050192991813632,5959050364790505472
5959050192991813632,5959050399150243840
5959050192991813632,5959050570948935680
5959050192991813632,5959050605308674048
5959050399150243840,5959050192991813632
5959050399150243840,5959050330430767104
5959050399150243840,5959050364790505472
5959050399150243840,5959050433509982208
5959050399150243840,5959050467869720576
5959050399150243840,5959050502229458944
5959050399150243840,5959050536589197312
5959050399150243840,5959050570948935680
5959050433509982208,5959050330430767104
5959050433509982208,5959050364790505472
5959050433509982208,5959050399150243840
5959050433509982208,5959050467869720576
5959050433509982208,5959050502229458944
5959050433509982208,9797537575815086080
5959050433509982208,9797537678894301184
5959050433509982208,9797537713254039552
5959050536589197312,5959050399150243840
5959050536589197312,5959050502229458944
5959050536589197312,5959050570948935680
5959050536589197312,5959050605308674048
5959050536589197312,5959050639668412416
5959050536589197312,5959050674028150784
5959050536589197312,5959050777107365888
5959050536589197312,5959050811467104256
5959050570948935680,5959050158632075264
5959050570948935680,5959050192991813632
5959050570948935680,5959050364790505472
5959050570948935680,5959050399150243840
5959050570948935680,5959050502229458944
5959050570948935680,5959050536589197312
5959050570948935680,5959050605308674048
5959050570948935680,5959050639668412416
5959050845826842624,5959050467869720576
5959050845826842624,5959050502229458944
5959050845826842624,5959050811467104256
5959050845826842624,5959050880186580992
5959050845826842624,5959050914546319360
5959050845826842624,9797537507095609344
5959050845826842624,9797537541455347712
5959050845826842624,9797537575815086080
5959050880186580992,5959050811467104256
5959050880186580992,5959050845826842624
5959050880186580992,5959050914546319360
5959050880186580992,5959050948906057728
5959050880186580992,5959050983265796096
5959050880186580992,9797537060419010560
5959050880186580992,9797537507095609344
5959050880186580992,9797537541455347712
5959050948906057728,5959050742747627520
5959050948906057728,5959050880186580992
5959050948906057728,5959050914546319360
5959050948906057728,5959050983265796096
5959050948906057728,5959051017625534464
5959050948906057728,5959051051985272832
5959050948906057728,5959051086345011200
5959050948906057728,5959051120704749568
5959050983265796096,5959050880186580992
5959050983265796096,5959050914546319360
5959050983265796096,5959050948906057728
5959050983265796096,5959051017625534464
5959050983265796096,5959051051985272832
5959050983265796096,9797537026059272192
5959050983265796096,9797537060419010560
5959050983265796096,9797537507095609344
5959051051985272832,5959050948906057728
5959051051985272832,5959050983265796096
5959051051985272832,5959051017625534464
5959051051985272832,5959051086345011200
5959051051985272832,5959051120704749568
5959051051985272832,5959056824421318656
5959051051985272832,5959056858781057024
5959051051985272832,5959056893140795392
5959051086345011200,5959050948906057728
5959051086345011200,5959051051985272832
5959051086345011200,5959051120704749568
5959051086345011200,5959051155064487936
5959051086345011200,5959051189424226304
5959051086345011200,5959056721342103552
5959051086345011200,5959056824421318656
5959051086345011200,5959056858781057024
5959051292503441408,5959051223783964672
5959051292503441408,5959051258143703040
5959051292503441408,5959051326863179776
5959051292503441408,5959051361222918144
5959051292503441408,5959051464302133248
5959051292503441408,5959051498661871616
5959051292503441408,5959051670460563456
5959051292503441408,5959051704820301824
5959051464302133248,5959051292503441408
5959051464302133248,5959051326863179776
5959051464302133248,5959051361222918144
5959051464302133248,5959051395582656512
5959051464302133248,5959051429942394880
5959051464302133248,5959051498661871616
5959051464302133248,5959051533021609984
5959051464302133248,5959051670460563456
5959051498661871616,5959051292503441408
5959051498661871616,5959051429942394880
5959051498661871616,5959051464302133248
5959051498661871616,5959051533021609984
5959051498661871616,5959051567381348352
5959051498661871616,5959051601741086720
5959051498661871616,5959051636100825088
5959051498661871616,5959051670460563456
5959051704820301824,5959051258143703040
5959051704820301824,5959051292503441408
5959051704820301824,5959051636100825088
5959051704820301824,5959051670460563456
5959051704820301824,5959051739180040192
5959051704820301824,5959056171586289664
5959051704820301824,5959056205946028032
5959051704820301824,5959056652622626816
5959052151496900608,5959052048417685504
5959052151496900608,5959052082777423872
5959052151496900608,5959052117137162240
5959052151496900608,5959052185856638976
5959052151496900608,5959052220216377344
5959052151496900608,5959052357655330816
5959052151496900608,5959052804331929600
5959052151496900608,5959052838691667968
5959052460734545920,5959049574516523008
5959052460734545920,5959049677595738112
5959052460734545920,5959049711955476480
5959052460734545920,5959052392015069184
5959052460734545920,5959052426374807552
5959052460734545920,5959052495094284288
5959052460734545920,5959052529454022656
5959052460734545920,5959052563813761024
5959053216648790016,5959042908727279616
5959053216648790016,5959042943087017984
5959053216648790016,5959042977446756352
5959053216648790016,5959045898024517632
5959053216648790016,5959045932384256000
5959053216648790016,5959053147929313280
5959053216648790016,5959053182289051648
5959053216648790016,5959053251008528384
5959054316160417792,5959054247440941056
5959054316160417792,5959054281800679424
5959054316160417792,5959054350520156160
5959054316160417792,5959055003355185152
5959054316160417792,5959055037714923520
5959054316160417792,5959055072074661888
5959054316160417792,5959055793629167616
5959054316160417792,5959055827988905984
5959056377744719872,5959056309025243136
5959056377744719872,5959056343384981504
5959056377744719872,5959056412104458240
5959056377744719872,5959056446464196608
5959056377744719872,5959056480823934976
5959056377744719872,5959058027012161536
5959056377744719872,5959058130091376640
5959056377744719872,5959058164451115008
5959056652622626816,5959051223783964672
5959056652622626816,5959051258143703040
5959056652622626816,5959051704820301824
5959056652622626816,5959056205946028032
5959056652622626816,5959056240305766400
5959056652622626816,5959056583903150080
5959056652622626816,5959056618262888448
5959056652622626816,5959056686982365184
5959056755701841920,5959056549543411712
5959056755701841920,5959056583903150080
5959056755701841920,5959056686982365184
5959056755701841920,5959056721342103552
5959056755701841920,5959056790061580288
5959056755701841920,5959056824421318656
5959056755701841920,5959057168018702336
5959056755701841920,5959057202378440704
5959056790061580288,5959056721342103552
5959056790061580288,5959056755701841920
5959056790061580288,5959056824421318656
5959056790061580288,5959056858781057024
5959056790061580288,5959056961860272128
5959056790061580288,5959056996220010496
5959056790061580288,5959057168018702336
5959056790061580288,5959057202378440704
5959056858781057024,5959051017625534464
5959056858781057024,5959051051985272832
5959056858781057024,5959051086345011200
5959056858781057024,5959056790061580288
5959056858781057024,5959056824421318656
5959056858781057024,5959056893140795392
5959056858781057024,5959056927500533760
5959056858781057024,5959056961860272128
5959056927500533760,5959056858781057024
5959056927500533760,5959056893140795392
5959056927500533760,5959056961860272128
5959056927500533760,5959056996220010496
5959056927500533760,5959057030579748864
5959056927500533760,9797536854260580352
5959056927500533760,9797536888620318720
5959056927500533760,9797536991699533824
5959057271097917440,5959056515183673344
5959057271097917440,5959057133658963968
5959057271097917440,5959057236738179072
5959057271097917440,5959057305457655808
5959057271097917440,5959057339817394176
5959057271097917440,5959057374177132544
5959057271097917440,5959057958292684800
5959057271097917440,5959057992652423168
5959057511616086016,5959057339817394176
5959057511616086016,5959057374177132544
5959057511616086016,5959057408536870912
5959057511616086016,5959057442896609280
5959057511616086016,5959057477256347648
5959057511616086016,5959057545975824384
5959057511616086016,5959057580335562752
5959057511616086016,5959057717774516224
5959058267530330112,5959057855213469696
5959058267530330112,5959057889573208064
5959058267530330112,5959058061371899904
5959058267530330112,5959058095731638272
5959058267530330112,5959058198810853376
5959058267530330112,5959058233170591744
5959058267530330112,5959058301890068480
5959058267530330112,5959058336249806848
5959058679847190528,5959058576767975424
5959058679847190528,5959058611127713792
5959058679847190528,5959058645487452160
5959058679847190528,5959058714206928896
5959058679847190528,5959058748566667264
5959058679847190528,5959060191675678720
5959058679847190528,5959060226035417088
5959058679847190528,5959060329114632192
5959059435761434624,5959058714206928896
5959059435761434624,5959058748566667264
5959059435761434624,5959059332682219520
5959059435761434624,5959059367041957888
5959059435761434624,5959059401401696256
5959059435761434624,5959059470121172992
5959059435761434624,5959059573200388096
5959059435761434624,5959060191675678720
5959060329114632192,5959058542408237056
5959060329114632192,5959058576767975424
5959060329114632192,5959058679847190528
5959060329114632192,5959060226035417088
5959060329114632192,5959060260395155456
5959060329114632192,5959060294754893824
5959060329114632192,5959060363474370560
5959060329114632192,5959060397834108928
5959060947589922816,5959060844510707712
5959060947589922816,5959060878870446080
5959060947589922816,5959060913230184448
5959060947589922816,5959060981949661184
5959060947589922816,5959061016309399552
5959060947589922816,5959061153748353024
5959060947589922816,5959061600424951808
5959060947589922816,5959061634784690176
5959063971246899200,5959063696368992256
5959063971246899200,5959063730728730624
5959063971246899200,5959063833807945728
5959063971246899200,5959063868167684096
5959063971246899200,5959063902527422464
5959063971246899200,5959063936887160832
5959063971246899200,5959064005606637568
5959063971246899200,5959064108685852672
5959064143045591040,5959063936887160832
5959064143045591040,5959064074326114304
5959064143045591040,5959064108685852672
5959064143045591040,5959064177405329408
5959064143045591040,5959064211765067776
5959064143045591040,5959064246124806144
5959064143045591040,5959064280484544512
5959064143045591040,5959064314844282880
5959065002039050240,5959054625398063104
5959065002039050240,5959054659757801472
5959065002039050240,5959054694117539840
5959065002039050240,5959064967679311872
5959065002039050240,5959065036398788608
5959065002039050240,5959065070758526976
5959065002039050240,5959065414355910656
5959065002039050240,5959065448715649024
5959065895392247808,5959065792313032704
5959065895392247808,5959065826672771072
5959065895392247808,5959065861032509440
5959065895392247808,5959065929751986176
5959065895392247808,5959065964111724544
5959065895392247808,5959066170270154752
5959065895392247808,5959066204629893120
5959065895392247808,5959066238989631488
5959071564749078528,5959071427310125056
5959071564749078528,5959071530389340160
5959071564749078528,5959071599108816896
5959071564749078528,5959071633468555264
5959071564749078528,5959071667828293632
5959071564749078528,5959141796054302720
5959071564749078528,5959141899133517824
5959071564749078528,5959141933493256192
5959073282735996928,5959073214016520192
5959073282735996928,5959073248376258560
5959073282735996928,5959073317095735296
5959073282735996928,5959073351455473664
5959073282735996928,5959073454534688768
5959073282735996928,5959073488894427136
5959073282735996928,5959073660693118976
5959073282735996928,5959073695052857344
5959074657125531648,5959074588406054912
5959074657125531648,5959074622765793280
5959074657125531648,5959074691485270016
5959074657125531648,5959075000722915328
5959074657125531648,5959075035082653696
5959074657125531648,5959103244427853824
5959074657125531648,5959103622384975872
5959074657125531648,5959103656744714240
5959074966363176960,5959074691485270016
5959074966363176960,5959074725845008384
5959074966363176960,5959074828924223488
5959074966363176960,5959074863283961856
5959074966363176960,5959074897643700224
5959074966363176960,5959074932003438592
5959074966363176960,5959075000722915328
5959074966363176960,5959075103802130432
5959078161818845184,5959078024379891712
5959078161818845184,5959078127459106816
5959078161818845184,5959078196178583552
5959078161818845184,5959078230538321920
5959078161818845184,5959078264898060288
5959078161818845184,5959081048036868096
5959078161818845184,5959081082396606464
5959078161818845184,5959088401020878848
5959079811086286848,5959068678531055616
5959079811086286848,5959068781610270720
5959079811086286848,5959068815970009088
5959079811086286848,5959079742366810112
5959079811086286848,5959079776726548480
5959079811086286848,5959079845446025216
5959079811086286848,5959079879805763584
5959079811086286848,5959079914165501952
5959080807518699520,5959080395201839104
5959080807518699520,5959080429561577472
5959080807518699520,5959080601360269312
5959080807518699520,5959080635720007680
5959080807518699520,5959080738799222784
5959080807518699520,5959080773158961152
5959080807518699520,5959080841878437888
5959080807518699520,5959080876238176256
5959086442515791872,5959086408156053504
5959086442515791872,5959086476875530240
5959086442515791872,5959086511235268608
5959086442515791872,5959086854832652288
5959086442515791872,5959086889192390656
5959086442515791872,5959091390318116864
5959086442515791872,5959091836994715648
5959086442515791872,5959091871354454016
5959093589341372416,5959093039585558528
5959093589341372416,5959093486262157312
5959093589341372416,5959093520621895680
5959093589341372416,5959093554981634048
5959093589341372416,5959093623701110784
5959093589341372416,5959093658060849152
5959093589341372416,5959094001658232832
5959093589341372416,5959094036017971200
5959095376047767552,5959093864219279360
5959095376047767552,5959093898579017728
5959095376047767552,5959094620133523456
5959095376047767552,5959094654493261824
5959095376047767552,5959094688853000192
5959095376047767552,5959095341688029184
5959095376047767552,5959095410407505920
5959095376047767552,5959095444767244288
5959109841497620480,5959109772778143744
5959109841497620480,5959109807137882112
5959109841497620480,5959109875857358848
5959109841497620480,5959110185095004160
5959109841497620480,5959110219454742528
5959109841497620480,5959138428799942656
5959109841497620480,5959138806757064704
5959109841497620480,5959138841116803072
5959112487197474816,5959112315398782976
5959112487197474816,5959112349758521344
5959112487197474816,5959112384118259712
5959112487197474816,5959112418477998080
5959112487197474816,5959112452837736448
5959112487197474816,5959112521557213184
5959112487197474816,5959112555916951552
5959112487197474816,5959112693355905024
5959122073564479488,5959121626887880704
5959122073564479488,5959121661247619072
5959122073564479488,5959122004845002752
5959122073564479488,5959122039204741120
5959122073564479488,5959122107924217856
5959122073564479488,5959126540330467328
5959122073564479488,5959126574690205696
5959122073564479488,5959127021366804480
5959122142283956224,5959122004845002752
5959122142283956224,5959122107924217856
5959122142283956224,5959122176643694592
5959122142283956224,5959122211003432960
5959122142283956224,5959122245363171328
5959122142283956224,5959126402891513856
5959122142283956224,5959126505970728960
5959122142283956224,5959126540330467328
5959124306947473408,5959112590276689920
5959124306947473408,5959112624636428288
5959124306947473408,5959124203868258304
5959124306947473408,5959124238227996672
5959124306947473408,5959124272587735040
5959124306947473408,5959124341307211776
5959124306947473408,5959124444386426880
5959124306947473408,5959136057977995264
5959124959782502400,5959124891063025664
5959124959782502400,5959124925422764032
5959124959782502400,5959124994142240768
5959124959782502400,5959125028501979136
5959124959782502400,5959125131581194240
5959124959782502400,5959125165940932608
5959124959782502400,5959125337739624448
5959124959782502400,5959125372099362816
5959128223957647360,5959128189597908992
5959128223957647360,5959128258317385728
5959128223957647360,5959128292677124096
5959128223957647360,5959128636274507776
5959128223957647360,5959128670634246144
5959128223957647360,5959128773713461248
5959128223957647360,5959129220390060032
5959128223957647360,5959129254749798400
5959131831730176000,5959125234660409344
5959131831730176000,5959125612617531392
5959131831730176000,5959125646977269760
5959131831730176000,5959131763010699264
5959131831730176000,5959131797370437632
5959131831730176000,5959131866089914368
5959131831730176000,5959132175327559680
5959131831730176000,5959132209687298048
5959132072248344576,5959132037888606208
5959132072248344576,5959132106608082944
5959132072248344576,5959132140967821312
5959132072248344576,5959132484565204992
5959132072248344576,5959132518924943360
5959132072248344576,5959132690723635200
5959132072248344576,5959132725083373568
5959132072248344576,5959132759443111936
5959132793802850304,5959131144535408640
5959132793802850304,5959131247614623744
5959132793802850304,5959131281974362112
5959132793802850304,5959132725083373568
5959132793802850304,5959132759443111936
5959132793802850304,5959132828162588672
5959132793802850304,5959132862522327040
5959132793802850304,5959132896882065408
5959133206119710720,5959133137400233984
5959133206119710720,5959133171759972352
5959133206119710720,5959133240479449088
5959133206119710720,5959133274839187456
5959133206119710720,5959133377918402560
5959133206119710720,5959133412278140928
5959133206119710720,5959133584076832768
5959133206119710720,5959133618436571136
5959133790235262976,5959133687156047872
5959133790235262976,5959133721515786240
5959133790235262976,5959133755875524608
5959133790235262976,5959133824595001344
5959133790235262976,5959133927674216448
5959133790235262976,5959144166876250112
5959133790235262976,5959144613552848896
5959133790235262976,5959144647912587264
5959136435935117312,5959135680020873216
5959136435935117312,5959136298496163840
5959136435935117312,5959136401575378944
5959136435935117312,5959136470294855680
5959136435935117312,5959136504654594048
5959136435935117312,5959136539014332416
5959136435935117312,5959137123129884672
5959136435935117312,5959137157489623040
5959137294928576512,5959135508222181376
5959137294928576512,5959135542581919744
5959137294928576512,5959135645661134848
5959137294928576512,5959137191849361408
5959137294928576512,5959137226209099776
5959137294928576512,5959137260568838144
5959137294928576512,5959137329288314880
5959137294928576512,5959137363648053248
5959137466727268352,5959137020050669568
5959137466727268352,5959137054410407936
5959137466727268352,5959137398007791616
5959137466727268352,5959137432367529984
5959137466727268352,5959137501087006720
5959137466727268352,5959137535446745088
5959137466727268352,5959137569806483456
5959137466727268352,5959138016483082240
5959137741605175296,5959137672885698560
5959137741605175296,5959137707245436928
5959137741605175296,5959137775964913664
5959137741605175296,5959137810324652032
5959137741605175296,5959137844684390400
5959137741605175296,5959139390872616960
5959137741605175296,5959139493951832064
5959137741605175296,5959139528311570432
5959140971420581888,5959140627823198208
5959140971420581888,5959140662182936576
5959140971420581888,5959140696542674944
5959140971420581888,5959140902701105152
5959140971420581888,5959140937060843520
5959140971420581888,5959141005780320256
5959140971420581888,5959141040140058624
5959140971420581888,5959141074499796992
5959141658615349248,5959141452456919040
5959141658615349248,5959141589895872512
5959141658615349248,5959141624255610880
5959141658615349248,5959141692975087616
5959141658615349248,5959141727334825984
5959141658615349248,5959141761694564352
5959141658615349248,5959141796054302720
5959141658615349248,5959141830414041088
5959142139651686400,5959142070932209664
5959142139651686400,5959142105291948032
5959142139651686400,5959142174011424768
5959142139651686400,5959142208371163136
5959142139651686400,5959142242730901504
5959142139651686400,5959143788919128064
5959142139651686400,5959143891998343168
5959142139651686400,5959143926358081536
5959142655047761920,5959063490210562048
5959142655047761920,5959070808834834432
5959142655047761920,5959070843194572800
5959142655047761920,5959142620688023552
5959142655047761920,5959142689407500288
5959142655047761920,5959142723767238656
5959142655047761920,5959149939312295936
5959142655047761920,5959149973672034304
5959146606417674240,5959146400259244032
5959146606417674240,5959146537698197504
5959146606417674240,5959146572057935872
5959146606417674240,5959146640777412608
5959146606417674240,5959146675137150976
5959146606417674240,5959146709496889344
5959146606417674240,5959146743856627712
5959146606417674240,5959146778216366080
5959148152605900800,5959146640777412608
5959148152605900800,5959146675137150976
5959148152605900800,5959147396691656704
5959148152605900800,5959147431051395072
5959148152605900800,5959147465411133440
5959148152605900800,5959148118246162432
5959148152605900800,5959148186965639168
5959148152605900800,5959148221325377536
5959149973672034304,5959063455850823680
5959149973672034304,5959063490210562048
5959149973672034304,5959070808834834432
5959149973672034304,5959142655047761920
5959149973672034304,5959142689407500288
5959149973672034304,5959149904952557568
5959149973672034304,5959149939312295936
5959149973672034304,5959150008031772672
5959152103975813120,5959151897817382912
5959152103975813120,5959152035256336384
5959152103975813120,5959152069616074752
5959152103975813120,5959152138335551488
5959152103975813120,5959152172695289856
5959152103975813120,5959152207055028224
5959152103975813120,5959152241414766592
5959152103975813120,5959152275774504960
5959152344493981696,5959152241414766592
5959152344493981696,5959152275774504960
5959152344493981696,5959152310134243328
5959152344493981696,5959152378853720064
5959152344493981696,5959152481932935168
5959152344493981696,5959153100408225792
5959152344493981696,5959154921474359296
5959152344493981696,5959154955834097664
5959152516292673536,5959151829097906176
5959152516292673536,5959151863457644544
5959152516292673536,5959152310134243328
5959152516292673536,5959152447573196800
5959152516292673536,5959152481932935168
5959152516292673536,5959152550652411904
5959152516292673536,5959152585012150272
5959152516292673536,5959152619371888640
5959153134767964160,5959153066048487424
5959153134767964160,5959153100408225792
5959153134767964160,5959153169127702528
5959153134767964160,5959153203487440896
5959153134767964160,5959153237847179264
5959153134767964160,5959154784035405824
5959153134767964160,5959154887114620928
5959153134767964160,5959154921474359296
5959153203487440896,5959152997329010688
5959153203487440896,5959153134767964160
5959153203487440896,5959153169127702528
5959153203487440896,5959153237847179264
5959153203487440896,5959153272206917632
5959153203487440896,5959153306566656000
5959153203487440896,5959153340926394368
5959153203487440896,5959153375286132736
5959153684523778048,5959153615804301312
5959153684523778048,5959153650164039680
5959153684523778048,5959153718883516416
5959153684523778048,5959153753243254784
5959153684523778048,5959153787602993152
5959153684523778048,9797064888894357504
5959153684523778048,9797064923254095872
5959153684523778048,9797064957613834240
5959153890682208256,5959153753243254784
5959153890682208256,5959153856322469888
5959153890682208256,5959153925041946624
5959153890682208256,5959153959401684992
5959153890682208256,5959153993761423360
5959153890682208256,5959154028121161728
5959153890682208256,5959154131200376832
5959153890682208256,5959154165560115200
5959156089705463808,5959155952266510336
5959156089705463808,5959156055345725440
5959156089705463808,5959156124065202176
5959156089705463808,5959156158424940544
5959156089705463808,5959156192784678912
5959156089705463808,5959156227144417280
5959156089705463808,5959156330223632384
5959156089705463808,5959156364583370752
5959156605101539328,5959156502022324224
5959156605101539328,5959156536382062592
5959156605101539328,5959156570741800960
5959156605101539328,5959156639461277696
5959156605101539328,5959156673821016064
5959156605101539328,5959162377537585152
5959156605101539328,5959162411897323520
5959156605101539328,5959162446257061888
5959157910771597312,5959157704613167104
5959157910771597312,5959157738972905472
5959157910771597312,5959157842052120576
5959157910771597312,5959157876411858944
5959157910771597312,5959157945131335680
5959157910771597312,5959157979491074048
5959157910771597312,5959158323088457728
5959157910771597312,5959158357448196096
5959159869276684288,5959159800557207552
5959159869276684288,5959159834916945920
5959159869276684288,5959159903636422656
5959159869276684288,5959160556471451648
5959159869276684288,5959160590831190016
5959159869276684288,5959160625190928384
5959159869276684288,5959161346745434112
5959159869276684288,5959161381105172480
5959160212874067968,5959160144154591232
5959160212874067968,5959160178514329600
5959160212874067968,5959160247233806336
5959160212874067968,5959160281593544704
5959160212874067968,5959160315953283072
5959160212874067968,5959170520795578368
5959160212874067968,5959170555155316736
5959160212874067968,5959171001831915520
5959160384672759808,5959160281593544704
5959160384672759808,5959160315953283072
5959160384672759808,5959160350313021440
5959160384672759808,5959160419032498176
5959160384672759808,5959160453392236544
5959160384672759808,5959167394059386880
5959160384672759808,5959167428419125248
5959160384672759808,5959167531498340352
5959160762629881856,5959160419032498176
5959160762629881856,5959160453392236544
5959160762629881856,5959160487751974912
5959160762629881856,5959160693910405120
5959160762629881856,5959160728270143488
5959160762629881856,5959160796989620224
5959160762629881856,5959160831349358592
5959160762629881856,5959160865709096960
5959160831349358592,5959160762629881856
5959160831349358592,5959160796989620224
5959160831349358592,5959160865709096960
5959160831349358592,5959160900068835328
5959160831349358592,5959160934428573696
5959160831349358592,5959166878663311360
5959160831349358592,5959166981742526464
5959160831349358592,5959167016102264832
5959160900068835328,5959160693910405120
5959160900068835328,5959160831349358592
5959160900068835328,5959160865709096960
5959160900068835328,5959160934428573696
5959160900068835328,5959160968788312064
5959160900068835328,5959161003148050432
5959160900068835328,5959161037507788800
5959160900068835328,5959161071867527168
5959161037507788800,5959160900068835328
5959161037507788800,5959161003148050432
5959161037507788800,5959161071867527168
5959161037507788800,5959161106227265536
5959161037507788800,5959161140587003904
5959161037507788800,5959163717567381504
5959161037507788800,5959163751927119872
5959161037507788800,5959163786286858240
5959161655983079424,5959161209306480640
5959161655983079424,5959161243666219008
5959161655983079424,5959161587263602688
5959161655983079424,5959161621623341056
5959161655983079424,5959161690342817792
5959161655983079424,5959161724702556160
5959161655983079424,5959161827781771264
5959161655983079424,5959161862141509632
5959161724702556160,5959157257936568320
5959161724702556160,5959157292296306688
5959161724702556160,5959157326656045056
5959161724702556160,5959161655983079424
5959161724702556160,5959161690342817792
5959161724702556160,5959161759062294528
5959161724702556160,5959161793422032896
5959161724702556160,5959161827781771264
5959162137019416576,5959161999580463104
5959162137019416576,5959162102659678208
5959162137019416576,5959162171379154944
5959162137019416576,5959162205738893312
5959162137019416576,5959162240098631680
5959162137019416576,5959162274458370048
5959162137019416576,5959162308818108416
5959162137019416576,5959162755494707200
5959162996012875776,5959162618055753728
5959162996012875776,5959162652415492096
5959162996012875776,5959162961653137408
5959162996012875776,5959163030372614144
5959162996012875776,5959163064732352512
5959162996012875776,9797061349841305600
5959162996012875776,9797061452920520704
5959162996012875776,9797061487280259072
5959163133451829248,5959163030372614144
5959163133451829248,5959163064732352512
5959163133451829248,5959163099092090880
5959163133451829248,5959163167811567616
5959163133451829248,5959163202171305984
5959163133451829248,9797061281121828864
5959163133451829248,9797061315481567232
5959163133451829248,9797061349841305600
5959163373969997824,5959163305250521088
5959163373969997824,5959163339610259456
5959163373969997824,5959163408329736192
5959163373969997824,5959163442689474560
5959163373969997824,5959163477049212928
5959163373969997824,5959164404762148864
5959163373969997824,5959164439121887232
5959163373969997824,5959164473481625600
5959163786286858240,5959160968788312064
5959163786286858240,5959161003148050432
5959163786286858240,5959161037507788800
5959163786286858240,5959163648847904768
5959163786286858240,5959163751927119872
5959163786286858240,5959163820646596608
5959163786286858240,5959163855006334976
5959163786286858240,5959163889366073344
5959164645280317440,5959163167811567616
5959164645280317440,5959163202171305984
5959164645280317440,5959164610920579072
5959164645280317440,5959164679640055808
5959164645280317440,5959164713999794176
5959164645280317440,9797053928137818112
5959164645280317440,9797053962497556480
5959164645280317440,9797061281121828864
5959164851438747648,5959164748359532544
5959164851438747648,5959164782719270912
5959164851438747648,5959164817079009280
5959164851438747648,5959164885798486016
5959164851438747648,5959164920158224384
5959164851438747648,5959165126316654592
5959164851438747648,5959165160676392960
5959164851438747648,5959165195036131328
5959165607352991744,5959165572993253376
5959165607352991744,5959165641712730112
5959165607352991744,5959165676072468480
5959165607352991744,5959166019669852160
5959165607352991744,5959166054029590528
5959165607352991744,5959188147341361152
5959165607352991744,5959188594017959936
5959165607352991744,5959188628377698304
5959166947382788096,5959166741224357888
5959166947382788096,5959166878663311360
5959166947382788096,5959166913023049728
5959166947382788096,5959166981742526464
5959166947382788096,5959167016102264832
5959166947382788096,5959167050462003200
5959166947382788096,5959167084821741568
5959166947382788096,5959167119181479936
5959167497138601984,5959167290980171776
5959167497138601984,5959167428419125248
5959167497138601984,5959167462778863616
5959167497138601984,5959167531498340352
5959167497138601984,5959167565858078720
5959167497138601984,5959167600217817088
5959167497138601984,5959167634577555456
5959167497138601984,5959167668937293824
5959171070551392256,5959160006715637760
5959171070551392256,5959160041075376128
5959171070551392256,5959160075435114496
5959171070551392256,5959170933112438784
5959171070551392256,5959171036191653888
5959171070551392256,5959171104911130624
5959171070551392256,5959171139270868992
5959171070551392256,5959171173630607360
5959171139270868992,5959171070551392256
5959171139270868992,5959171104911130624
5959171139270868992,5959171173630607360
5959171139270868992,5959171207990345728
5959171139270868992,5959171311069560832
5959171139270868992,5959171345429299200
5959171139270868992,5959171517227991040
5959171139270868992,5959171551587729408
5959171242350084096,5959147740289040384
5959171242350084096,5959147774648778752
5959171242350084096,5959159491319562240
5959171242350084096,5959159525679300608
5959171242350084096,5959159560039038976
5959171242350084096,5959171207990345728
5959171242350084096,5959171276709822464
5959171242350084096,5959171311069560832
5959174540884967424,5959173029056479232
5959174540884967424,5959173063416217600
5959174540884967424,5959173784970723328
5959174540884967424,5959173819330461696
5959174540884967424,5959173853690200064
5959174540884967424,5959174506525229056
5959174540884967424,5959174575244705792
5959174540884967424,5959174609604444160
5959175915274502144,5959175502957641728
5959175915274502144,5959175537317380096
5959175915274502144,5959175709116071936
5959175915274502144,5959175743475810304
5959175915274502144,5959175846555025408
5959175915274502144,5959175880914763776
5959175915274502144,5959175949634240512
5959175915274502144,5959175983993978880
5959176636829007872,5959176568109531136
5959176636829007872,5959176602469269504
5959176636829007872,5959176671188746240
5959176636829007872,5959176705548484608
5959176636829007872,5959176808627699712
5959176636829007872,5959176842987438080
5959176636829007872,5959177014786129920
5959176636829007872,5959177049145868288
5959179076370432000,5959177289664036864
5959179076370432000,5959177324023775232
5959179076370432000,5959177427102990336
5959179076370432000,5959178973291216896
5959179076370432000,5959179007650955264
5959179076370432000,5959179042010693632
5959179076370432000,5959179110730170368
5959179076370432000,5959179145089908736
5959189693529587712,5959189246852988928
5959189693529587712,5959189281212727296
5959189693529587712,5959189624810110976
5959189693529587712,5959189659169849344
5959189693529587712,5959189727889326080
5959189693529587712,5959189762249064448
5959189693529587712,5959189865328279552
5959189693529587712,5959189899688017920
5959189934047756288,5959188422219268096
5959189934047756288,5959188456579006464
5959189934047756288,5959189178133512192
5959189934047756288,5959189212493250560
5959189934047756288,5959189246852988928
5959189934047756288,5959189899688017920
5959189934047756288,5959189968407494656
5959189934047756288,5959190002767233024
5959190758681477120,5959190346364616704
5959190758681477120,5959190380724355072
5959190758681477120,5959190552523046912
5959190758681477120,5959190586882785280
5959190758681477120,5959190689962000384
5959190758681477120,5959190724321738752
5959190758681477120,5959190793041215488
5959190758681477120,5959190827400953856
5959195637764325376,5959195534685110272
5959195637764325376,5959195569044848640
5959195637764325376,5959195603404587008
5959195637764325376,5959195672124063744
5959195637764325376,5959195706483802112
5959195637764325376,5959195912642232320
5959195637764325376,5959195947001970688
5959195637764325376,5959195981361709056
5959197664988889088,5959197596269412352
5959197664988889088,5959197630629150720
5959197664988889088,5959197699348627456
5959197664988889088,5959197733708365824
5959197664988889088,5959197768068104192
5959197664988889088,9797020908429246464
5959197664988889088,9797020942788984832
5959197664988889088,9797020977148723200
5959199692213452800,5959199486055022592
5959199692213452800,5959199520414760960
5959199692213452800,5959199623493976064
5959199692213452800,5959199657853714432
5959199692213452800,5959199726573191168
5959199692213452800,5959199760932929536
5959199692213452800,5959200104530313216
5959199692213452800,5959200138890051584
5959207560593539072,5959205911326097408
5959207560593539072,5959206014405312512
5959207560593539072,5959206048765050880
5959207560593539072,5959207491874062336
5959207560593539072,5959207526233800704
5959207560593539072,5959207594953277440
5959207560593539072,5959207629313015808
5959207560593539072,5959207663672754176
5959211821201096704,5959211752481619968
5959211821201096704,5959211786841358336
5959211821201096704,5959211855560835072
5959211821201096704,5959211889920573440
5959211821201096704,5959211992999788544
5959211821201096704,5959212027359526912
5959211821201096704,5959212199158218752
5959211821201096704,5959212233517957120
5959219517782491136,5959219449063014400
5959219517782491136,5959219483422752768
5959219517782491136,5959219552142229504
5959219517782491136,5959219586501967872
5959219517782491136,5959219689581182976
5959219517782491136,5959219723940921344
5959219517782491136,5959219895739613184
5959219517782491136,5959219930099351552
5959222266561560576,5959222197842083840
5959222266561560576,5959222232201822208
5959222266561560576,5959222300921298944
5959222266561560576,5959222335281037312
5959222266561560576,5959222438360252416
5959222266561560576,5959222472719990784
5959222266561560576,5959222644518682624
5959222266561560576,5959222678878420992
5959222369640775680,5959221991683653632
5959222369640775680,5959222026043392000
5959222369640775680,5959222335281037312
5959222369640775680,5959222404000514048
5959222369640775680,5959222438360252416
5959222369640775680,5959228554393681920
5959222369640775680,5959228588753420288
5959222369640775680,5959228966710542336
5959222678878420992,5959222232201822208
5959222678878420992,5959222266561560576
5959222678878420992,5959222610158944256
5959222678878420992,5959222644518682624
5959222678878420992,5959222713238159360
5959222678878420992,5959222747597897728
5959222678878420992,5959222850677112832
5959222678878420992,5959222885036851200
5959223400432926720,5959222781957636096
5959223400432926720,5959223228634234880
5959223400432926720,5959223262993973248
5959223400432926720,5959223297353711616
5959223400432926720,5959223331713449984
5959223400432926720,5959223366073188352
5959223400432926720,5959223434792665088
5959223400432926720,5959223537871880192
5959224018908217344,5959130148102995968
5959224018908217344,5959130182462734336
5959224018908217344,5959177083505606656
5959224018908217344,5959177117865345024
5959224018908217344,5959177220944560128
5959224018908217344,5959223984548478976
5959224018908217344,5959224053267955712
5959224018908217344,5959224087627694080
5959224499944554496,5959224225066647552
5959224499944554496,5959224259426385920
5959224499944554496,5959224362505601024
5959224499944554496,5959224396865339392
5959224499944554496,5959224431225077760
5959224499944554496,5959224465584816128
5959224499944554496,5959224534304292864
5959224499944554496,5959224637383507968
5959228382594990080,5959225496376967168
5959228382594990080,5959225599456182272
5959228382594990080,5959225633815920640
5959228382594990080,5959228313875513344
5959228382594990080,5959228348235251712
5959228382594990080,5959228416954728448
5959228382594990080,5959228451314466816
5959228382594990080,5959228485674205184
5959229482106617856,5959228794911850496
5959229482106617856,5959228829271588864
5959229482106617856,5959229275948187648
5959229482106617856,5959229413387141120
5959229482106617856,5959229447746879488
5959229482106617856,5959229516466356224
5959229482106617856,5959229550826094592
5959229482106617856,5959229585185832960
5959266796782485504,5959266728063008768
5959266796782485504,5959266762422747136
5959266796782485504,5959266831142223872
5959266796782485504,5959266865501962240
5959266796782485504,5959266968581177344
5959266796782485504,5959267002940915712
5959266796782485504,5959267174739607552
5959266796782485504,5959267209099345920
5959279303727251456,5959278616532484096
5959279303727251456,5959278650892222464
5959279303727251456,5959278685251960832
5959279303727251456,5959278857050652672
5959279303727251456,5959278891410391040
5959279303727251456,5959279235007774720
5959279303727251456,5959279269367513088
5959279303727251456,5959279338086989824
5959280059641495552,5959279372446728192
5959280059641495552,5959279406806466560
5959280059641495552,5959279853483065344
5959280059641495552,5959279990922018816
5959280059641495552,5959280025281757184
5959280059641495552,5959280094001233920
5959280059641495552,5959280128360972288
5959280059641495552,5959280162720710656
5959283667414024192,5959283255097163776
5959283667414024192,5959283289456902144
5959283667414024192,5959283461255593984
5959283667414024192,5959283495615332352
5959283667414024192,5959283598694547456
5959283667414024192,5959283633054285824
5959283667414024192,5959283701773762560
5959283667414024192,5959283736133500928
5959312048557916160,5959311876759224320
5959312048557916160,5959311911118962688
5959312048557916160,5959311945478701056
5959312048557916160,5959311979838439424
5959312048557916160,5959312014198177792
5959312048557916160,5959312082917654528
5959312048557916160,5959312117277392896
5959312048557916160,5959312254716346368
5959328541232332800,5959328369433640960
5959328541232332800,5959328403793379328
5959328541232332800,5959328438153117696
5959328541232332800,5959328472512856064
5959328541232332800,5959328506872594432
5959328541232332800,5959328575592071168
5959328541232332800,5959328609951809536
5959328541232332800,5959328747390763008
5959357918808637440,5959356888016486400
5959357918808637440,5959356922376224768
5959357918808637440,5959357369052823552
5959357918808637440,5959357472132038656
5959357918808637440,5959357506491777024
5959357918808637440,5959357850089160704
5959357918808637440,5959357884448899072
5959357918808637440,5959357953168375808
5959406331679997952,5959406228600782848
5959406331679997952,5959406262960521216
5959406331679997952,5959406297320259584
5959406331679997952,5959406366039736320
5959406331679997952,5959406400399474688
5959406331679997952,5959417326796275712
5959406331679997952,5959417361156014080
5959406331679997952,5959417464235229184
5959430830173454336,5959430624015024128
5959430830173454336,5959430761453977600
5959430830173454336,5959430795813715968
5959430830173454336,5959430864533192704
5959430830173454336,5959430898892931072
5959430830173454336,5959430933252669440
5959430830173454336,5959430967612407808
5959430830173454336,5959431001972146176
5959452682967056384,5959441000656011264
5959452682967056384,5959441035015749632
5959452682967056384,5959441481692348416
5959452682967056384,5959452614247579648
5959452682967056384,5959452648607318016
5959452682967056384,5959452717326794752
5959452682967056384,5959452751686533120
5959452682967056384,5959452786046271488
5959460963664003072,5959460207749758976
5959460963664003072,5959460242109497344
5959460963664003072,5959460276469235712
5959460963664003072,5959460929304264704
5959460963664003072,5959460998023741440
5959460963664003072,5959461032383479808
5959460963664003072,5959462750370398208
5959460963664003072,5959462784730136576
5959461101102956544,5959460998023741440
5959461101102956544,5959461032383479808
5959461101102956544,5959461066743218176
5959461101102956544,5959461135462694912
5959461101102956544,5959461169822433280
5959461101102956544,5959462612931444736
5959461101102956544,5959462647291183104
5959461101102956544,5959462750370398208
5959480170757750784,5959479483562983424
5959480170757750784,5959479517922721792
5959480170757750784,5959479964599320576
5959480170757750784,5959480102038274048
5959480170757750784,5959480136398012416
5959480170757750784,5959480205117489152
5959480170757750784,5959480239477227520
5959480170757750784,5959480273836965888
5959483778530279424,5959483366213419008
5959483778530279424,5959483400573157376
5959483778530279424,5959483572371849216
5959483778530279424,5959483606731587584
5959483778530279424,5959483709810802688
5959483778530279424,5959483744170541056
5959483778530279424,5959483812890017792
5959483778530279424,5959483847249756160
5959486355510657024,5959486149352226816
5959486355510657024,5959486286791180288
5959486355510657024,5959486321150918656
5959486355510657024,5959486389870395392
5959486355510657024,5959486424230133760
5959486355510657024,5959486458589872128
5959486355510657024,5959486492949610496
5959486355510657024,5959486527309348864
5959486664748302336,5959486630388563968
5959486664748302336,5959486699108040704
5959486664748302336,5959486733467779072
5959486664748302336,5959487077065162752
5959486664748302336,5959487111424901120
5959486664748302336,5959487283223592960
5959486664748302336,5959487317583331328
5959486664748302336,5959487351943069696
5959491234593505280,5959489585326063616
5959491234593505280,5959489688405278720
5959491234593505280,5959489722765017088
5959491234593505280,5959491165874028544
5959491234593505280,5959491200233766912
5959491234593505280,5959491268953243648
5959491234593505280,5959491303312982016
5959491234593505280,5959491337672720384
5959491612550627328,5959491406392197120
5959491612550627328,5959491440751935488
5959491612550627328,5959491543831150592
5959491612550627328,5959491578190888960
5959491612550627328,5959491646910365696
5959491612550627328,5959491681270104064
5959491612550627328,5959492024867487744
5959491612550627328,5959492059227226112
5959491715629842432,5959491646910365696
5959491715629842432,5959491681270104064
5959491715629842432,5959491749989580800
5959491715629842432,5959491784349319168
5959491715629842432,5959491818709057536
5959491715629842432,5959494326969958400
5959491715629842432,5959494430049173504
5959491715629842432,5959494464408911872
5959492368464871424,5959492196666179584
5959492368464871424,5959492231025917952
5959492368464871424,5959492265385656320
5959492368464871424,5959492299745394688
5959492368464871424,5959492334105133056
5959492368464871424,5959492402824609792
5959492368464871424,5959492437184348160
5959492368464871424,5959492574623301632
5959492849501208576,5959485840114581504
5959492849501208576,5959485874474319872
5959492849501208576,5959486252431441920
5959492849501208576,5959492471544086528
5959492849501208576,5959492505903824896
5959492849501208576,5959492815141470208
5959492849501208576,5959492883860946944
5959492849501208576,5959492918220685312
5959492918220685312,5959492746421993472
5959492918220685312,5959492780781731840
5959492918220685312,5959492815141470208
5959492918220685312,5959492849501208576
5959492918220685312,5959492883860946944
5959492918220685312,5959492952580423680
5959492918220685312,5959492986940162048
5959492918220685312,5959493124379115520
5959493364897284096,5959492677702516736
5959493364897284096,5959492712062255104
5959493364897284096,5959493158738853888
5959493364897284096,5959493296177807360
5959493364897284096,5959493330537545728
5959493364897284096,5959493399257022464
5959493364897284096,5959493433616760832
5959493364897284096,5959493467976499200
5959493433616760832,5959491784349319168
5959493433616760832,5959491887428534272
5959493433616760832,5959491921788272640
5959493433616760832,5959493364897284096
5959493433616760832,5959493399257022464
5959493433616760832,5959493467976499200
5959493433616760832,5959493502336237568
5959493433616760832,5959493536695975936
5959493605415452672,5959493502336237568
5959493605415452672,5959493536695975936
5959493605415452672,5959493571055714304
5959493605415452672,5959493639775191040
5959493605415452672,5959493674134929408
5959493605415452672,5959493811573882880
5959493605415452672,5959494258250481664
5959493605415452672,5959494292610220032
5959494258250481664,5959493571055714304
5959494258250481664,5959493605415452672
5959494258250481664,5959493639775191040
5959494258250481664,5959493811573882880
5959494258250481664,5959493845933621248
5959494258250481664,5959494189531004928
5959494258250481664,5959494223890743296
5959494258250481664,5959494292610220032
5959538788471406592,5959538101276639232
5959538788471406592,5959538135636377600
5959538788471406592,5959538169996115968
5959538788471406592,5959538341794807808
5959538788471406592,5959538376154546176
5959538788471406592,5959538719751929856
5959538788471406592,5959538754111668224
5959538788471406592,5959538822831144960
5959540643897278464,5959493777214144512
5959540643897278464,5959493880293359616
5959540643897278464,5959493914653097984
5959540643897278464,5959540575177801728
5959540643897278464,5959540609537540096
5959540643897278464,5959540678257016832
5959540643897278464,5959540712616755200
5959540643897278464,5959540746976493568
5959540850055708672,5959540781336231936
5959540850055708672,5959540815695970304
5959540850055708672,5959540884415447040
5959540850055708672,5959541193653092352
5959540850055708672,5959541228012830720
5959540850055708672,5959657398288252928
5959540850055708672,5959657776245374976
5959540850055708672,5959657810605113344
5959544938864574464,5959544732706144256
5959544938864574464,5959544767065882624
5959544938864574464,5959544870145097728
5959544938864574464,5959544904504836096
5959544938864574464,5959544973224312832
5959544938864574464,5959545007584051200
5959544938864574464,5959545351181434880
5959544938864574464,5959545385541173248
5959545041943789568,5959542155725766656
5959545041943789568,5959542258804981760
5959545041943789568,5959542293164720128
5959545041943789568,5959544973224312832
5959545041943789568,5959545007584051200
5959545041943789568,5959545076303527936
5959545041943789568,5959545110663266304
5959545041943789568,5959545145023004672
5959561672057159680,5959561465898729472
5959561672057159680,5959561603337682944
5959561672057159680,5959561637697421312
5959561672057159680,5959561706416898048
5959561672057159680,5959561740776636416
5959561672057159680,5959561775136374784
5959561672057159680,5959561809496113152
5959561672057159680,5959561843855851520
5959561809496113152,5959561672057159680
5959561809496113152,5959561775136374784
5959561809496113152,5959561843855851520
5959561809496113152,5959561878215589888
5959561809496113152,5959561912575328256
5959561809496113152,5959561946935066624
5959561809496113152,5959561981294804992
5959561809496113152,5959562427971403776
5959564901872566272,5959564833153089536
5959564901872566272,5959564867512827904
5959564901872566272,5959564936232304640
5959564901872566272,5959564970592043008
5959564901872566272,5959565004951781376
5959564901872566272,5959572048698146816
5959564901872566272,5959572151777361920
5959564901872566272,5959572186137100288
5959594691765731328,5959592905059336192
5959594691765731328,5959592939419074560
5959594691765731328,5959593042498289664
5959594691765731328,5959594588686516224
5959594691765731328,5959594623046254592
5959594691765731328,5959594657405992960
5959594691765731328,5959594726125469696
5959594691765731328,5959594760485208064
5959631456685785088,5959631284887093248
5959631456685785088,5959631319246831616
5959631456685785088,5959631353606569984
5959631456685785088,5959631387966308352
5959631456685785088,5959631422326046720
5959631456685785088,5959631491045523456
5959631456685785088,5959631525405261824
5959631456685785088,5959631662844215296
5959657879324590080,5959657673166159872
5959657879324590080,5959657810605113344
5959657879324590080,5959657844964851712
5959657879324590080,5959657913684328448
5959657879324590080,5959657948044066816
5959657879324590080,5959657982403805184
5959657879324590080,5959658016763543552
5959657879324590080,5959658051123281920
5959663651760635904,5959652587924881408
5959663651760635904,5959652622284619776
5959663651760635904,5959652656644358144
5959663651760635904,5959663514321682432
5959663651760635904,5959663617400897536
5959663651760635904,5959663686120374272
5959663651760635904,5959663720480112640
5959663651760635904,5959663754839851008
5959663754839851008,5959652141248282624
5959663754839851008,5959652587924881408
5959663754839851008,5959652622284619776
5959663754839851008,5959663651760635904
5959663754839851008,5959663686120374272
5959663754839851008,5959663720480112640
5959663754839851008,5959663789199589376
5959663754839851008,5959663892278804480
5959676742820954112,5959676330504093696
5959676742820954112,5959676364863832064
5959676742820954112,5959676536662523904
5959676742820954112,5959676571022262272
5959676742820954112,5959676674101477376
5959676742820954112,5959676708461215744
5959676742820954112,5959676777180692480
5959676742820954112,5959676811540430848
5959790370475737088,5959790164317306880
5959790370475737088,5959790301756260352
5959790370475737088,5959790336115998720
5959790370475737088,5959790404835475456
5959790370475737088,5959790439195213824
5959790370475737088,5959790473554952192
5959790370475737088,5959790507914690560
5959790370475737088,5959790542274428928
5959872352811483136,5959872284092006400
5959872352811483136,5959872318451744768
5959872352811483136,5959872387171221504
5959872352811483136,5959873040006250496
5959872352811483136,5959873074365988864
5959872352811483136,5959873108725727232
5959872352811483136,5959873830280232960
5959872352811483136,5959873864639971328
5959912553705373696,5959912416266420224
5959912553705373696,5959912519345635328
5959912553705373696,5959912588065112064
5959912553705373696,5959912622424850432
5959912553705373696,5959912656784588800
5959912553705373696,5959912691144327168
5959912553705373696,5959912794223542272
5959912553705373696,5959912828583280640
5959915302484443136,5959915165045489664
5959915302484443136,5959915268124704768
5959915302484443136,5959915336844181504
5959915302484443136,5959915371203919872
5959915302484443136,5959915405563658240
5959915302484443136,5960080366667563008
5959915302484443136,5960080401027301376
5959915302484443136,5960080847703900160
