cid,neighborCid
5522341972783661056,5522341766625230848
5522341972783661056,5522341904064184320
5522341972783661056,5522341938423922688
5522341972783661056,5522342007143399424
5522341972783661056,5522342041503137792
5522341972783661056,5522342075862876160
5522341972783661056,5522342110222614528
5522341972783661056,5522342144582352896
5522342419460259840,5522342041503137792
5522342419460259840,5522342075862876160
5522342419460259840,5522342385100521472
5522342419460259840,5522342453819998208
5522342419460259840,5522342488179736576
5522342419460259840,5529491031747198976
5522342419460259840,5529491066106937344
5522342419460259840,5529491444064059392
5522342453819998208,5522342385100521472
5522342453819998208,5522342419460259840
5522342453819998208,5522342488179736576
5522342453819998208,5522342522539474944
5522342453819998208,5522342556899213312
5522342453819998208,5529490928667983872
5522342453819998208,5529491031747198976
5522342453819998208,5529491066106937344
5522342488179736576,5522342316381044736
5522342488179736576,5522342350740783104
5522342488179736576,5522342385100521472
5522342488179736576,5522342419460259840
5522342488179736576,5522342453819998208
5522342488179736576,5522342522539474944
5522342488179736576,5522342556899213312
5522342488179736576,5522342694338166784
5522348638572904448,5522348569853427712
5522348638572904448,5522348604213166080
5522348638572904448,5522348672932642816
5522348638572904448,5522348982170288128
5522348638572904448,5522349016530026496
5522348638572904448,5529484469037170688
5522348638572904448,5529484846994292736
5522348638572904448,5529484881354031104
5522349016530026496,5522348638572904448
5522349016530026496,5522348672932642816
5522349016530026496,5522348982170288128
5522349016530026496,5522349050889764864
5522349016530026496,5522349085249503232
5522349016530026496,5529484434677432320
5522349016530026496,5529484469037170688
5522349016530026496,5529484846994292736
5522351559150665728,5522351456071450624
5522351559150665728,5522351490431188992
5522351559150665728,5522351524790927360
5522351559150665728,5522351593510404096
5522351559150665728,5522351696589619200
5522351559150665728,5522726492615737344
5522351559150665728,5522726526975475712
5522351559150665728,5522726630054690816
5522724740269080576,5522724602830127104
5522724740269080576,5522724705909342208
5522724740269080576,5522724774628818944
5522724740269080576,5522724808988557312
5522724740269080576,5522724843348295680
5522724740269080576,5522724877708034048
5522724740269080576,5522724980787249152
5522724740269080576,5522725015146987520
5522725496183324672,5522725427463847936
5522725496183324672,5522725461823586304
5522725496183324672,5522725530543063040
5522725496183324672,5522725564902801408
5522725496183324672,5522725667982016512
5522725496183324672,5522725702341754880
5522725496183324672,5522725874140446720
5522725496183324672,5522725908500185088
5522725564902801408,5522724877708034048
5522725564902801408,5522724912067772416
5522725564902801408,5522725358744371200
5522725564902801408,5522725496183324672
5522725564902801408,5522725530543063040
5522725564902801408,5522725599262539776
5522725564902801408,5522725633622278144
5522725564902801408,5522725667982016512
5522730925021986816,5522728313681870848
5522730925021986816,5522728348041609216
5522730925021986816,5522730169107742720
5522730925021986816,5522730787583033344
5522730925021986816,5522730890662248448
5522730925021986816,5522730959381725184
5522730925021986816,5522730993741463552
5522730925021986816,5522731028101201920
5522749101323583488,5522749066963845120
5522749101323583488,5522749135683321856
5522749101323583488,5522749170043060224
5522749101323583488,5522749513640443904
5522749101323583488,5522749548000182272
5522749101323583488,5522749719798874112
5522749101323583488,5522749754158612480
5522749101323583488,5522749788518350848
5522750406993641472,5522750235194949632
5522750406993641472,5522750269554688000
5522750406993641472,5522750303914426368
5522750406993641472,5522750338274164736
5522750406993641472,5522750372633903104
5522750406993641472,5522750441353379840
5522750406993641472,5522750475713118208
5522750406993641472,5522750613152071680
5522750613152071680,5522750200835211264
5522750613152071680,5522750235194949632
5522750613152071680,5522750406993641472
5522750613152071680,5522750441353379840
5522750613152071680,5522750544432594944
5522750613152071680,5522750578792333312
5522750613152071680,5522750647511810048
5522750613152071680,5522750681871548416
5522751437785792512,5522751059828670464
5522751437785792512,5522751094188408832
5522751437785792512,5522751403426054144
5522751437785792512,5522751472145530880
5522751437785792512,5522751506505269248
5522751437785792512,5522757622538698752
5522751437785792512,5522757656898437120
5522751437785792512,5522758034855559168
5522751506505269248,5522751334706577408
5522751506505269248,5522751369066315776
5522751506505269248,5522751403426054144
5522751506505269248,5522751437785792512
5522751506505269248,5522751472145530880
5522751506505269248,5522751540865007616
5522751506505269248,5522751575224745984
5522751506505269248,5522751712663699456
5522751643944222720,5522751540865007616
5522751643944222720,5522751575224745984
5522751643944222720,5522751609584484352
5522751643944222720,5522751678303961088
5522751643944222720,5522751712663699456
5522751643944222720,5522754392723292160
5522751643944222720,5522754427083030528
5522751643944222720,5522754530162245632
5522751678303961088,5522751540865007616
5522751678303961088,5522751643944222720
5522751678303961088,5522751712663699456
5522751678303961088,5522751747023437824
5522751678303961088,5522751781383176192
5522751678303961088,5522754358363553792
5522751678303961088,5522754392723292160
5522751678303961088,5522754427083030528
5522751712663699456,5522751300346839040
5522751712663699456,5522751334706577408
5522751712663699456,5522751506505269248
5522751712663699456,5522751540865007616
5522751712663699456,5522751643944222720
5522751712663699456,5522751678303961088
5522751712663699456,5522751747023437824
5522751712663699456,5522751781383176192
5522751850102652928,5522751815742914560
5522751850102652928,5522751884462391296
5522751850102652928,5522751918822129664
5522751850102652928,5522752262419513344
5522751850102652928,5522752296779251712
5522751850102652928,5522752468577943552
5522751850102652928,5522752502937681920
5522751850102652928,5522752537297420288
5522751987541606400,5522750475713118208
5522751987541606400,5522750510072856576
5522751987541606400,5522751231627362304
5522751987541606400,5522751265987100672
5522751987541606400,5522751300346839040
5522751987541606400,5522751953181868032
5522751987541606400,5522752021901344768
5522751987541606400,5522752056261083136
5522752090620821504,5522751884462391296
5522752090620821504,5522752021901344768
5522752090620821504,5522752056261083136
5522752090620821504,5522752124980559872
5522752090620821504,5522752159340298240
5522752090620821504,5522752193700036608
5522752090620821504,5522752228059774976
5522752090620821504,5522752262419513344
5522752124980559872,5522750338274164736
5522752124980559872,5522750372633903104
5522752124980559872,5522750475713118208
5522752124980559872,5522752021901344768
5522752124980559872,5522752056261083136
5522752124980559872,5522752090620821504
5522752124980559872,5522752159340298240
5522752124980559872,5522752193700036608
5522752159340298240,5522750338274164736
5522752159340298240,5522750372633903104
5522752159340298240,5522752090620821504
5522752159340298240,5522752124980559872
5522752159340298240,5522752193700036608
5522752159340298240,5522796827000176640
5522752159340298240,5522796861359915008
5522752159340298240,5522796895719653376
5522752296779251712,5522751850102652928
5522752296779251712,5522751884462391296
5522752296779251712,5522752228059774976
5522752296779251712,5522752262419513344
5522752296779251712,5522752331138990080
5522752296779251712,5522752365498728448
5522752296779251712,5522752468577943552
5522752296779251712,5522752502937681920
5522752468577943552,5522751850102652928
5522752468577943552,5522752296779251712
5522752468577943552,5522752331138990080
5522752468577943552,5522752365498728448
5522752468577943552,5522752399858466816
5522752468577943552,5522752434218205184
5522752468577943552,5522752502937681920
5522752468577943552,5522752606016897024
5522752502937681920,5522751815742914560
5522752502937681920,5522751850102652928
5522752502937681920,5522752296779251712
5522752502937681920,5522752434218205184
5522752502937681920,5522752468577943552
5522752502937681920,5522752537297420288
5522752502937681920,5522752571657158656
5522752502937681920,5522752606016897024
5522752606016897024,5522752434218205184
5522752606016897024,5522752468577943552
5522752606016897024,5522752502937681920
5522752606016897024,5522752537297420288
5522752606016897024,5522752571657158656
5522752606016897024,5522752640376635392
5522752606016897024,5522752674736373760
5522752606016897024,5522752812175327232
5522752709096112128,5522752640376635392
5522752709096112128,5522752674736373760
5522752709096112128,5522752743455850496
5522752709096112128,5522753396290879488
5522752709096112128,5522753430650617856
5522752709096112128,5522753465010356224
5522752709096112128,5522754186564861952
5522752709096112128,5522754220924600320
5522752743455850496,5522752640376635392
5522752743455850496,5522752674736373760
5522752743455850496,5522752709096112128
5522752743455850496,5522752777815588864
5522752743455850496,5522752812175327232
5522752743455850496,5522752949614280704
5522752743455850496,5522753396290879488
5522752743455850496,5522753430650617856
5522753087053234176,5522753052693495808
5522753087053234176,5522753121412972544
5522753087053234176,5522753155772710912
5522753087053234176,5522782361550323712
5522753087053234176,5522782395910062080
5522753087053234176,5522794112580845568
5522753087053234176,5522794146940583936
5522753087053234176,5522794250019799040
5522755354795966464,5522755182997274624
5522755354795966464,5522755217357012992
5522755354795966464,5522755251716751360
5522755354795966464,5522755286076489728
5522755354795966464,5522755320436228096
5522755354795966464,5522755389155704832
5522755354795966464,5522755423515443200
5522755354795966464,5522755560954396672
5522757622538698752,5522751437785792512
5522757622538698752,5522751472145530880
5522757622538698752,5522751575224745984
5522757622538698752,5522757519459483648
5522757622538698752,5522757553819222016
5522757622538698752,5522757588178960384
5522757622538698752,5522757656898437120
5522757622538698752,5522757691258175488
5522781158959480832,5522781090240004096
5522781158959480832,5522781124599742464
5522781158959480832,5522781193319219200
5522781158959480832,5522781227678957568
5522781158959480832,5522781262038695936
5522781158959480832,5522782808226922496
5522781158959480832,5522782911306137600
5522781158959480832,5522782945665875968
5522789920692764672,5522789886333026304
5522789920692764672,5522789955052503040
5522789920692764672,5522789989412241408
5522789920692764672,5522791707399159808
5522789920692764672,5522791741758898176
5522789920692764672,5522792463313403904
5522789920692764672,5522792497673142272
5522789920692764672,5522792600752357376
5522795830567763968,5522795796208025600
5522795830567763968,5522795864927502336
5522795830567763968,5522795899287240704
5522795830567763968,5522796242884624384
5522795830567763968,5522796277244362752
5522795830567763968,5522796449043054592
5522795830567763968,5522796483402792960
5522795830567763968,5522796517762531328
5522796345963839488,5522752228059774976
5522796345963839488,5522752331138990080
5522796345963839488,5522752365498728448
5522796345963839488,5522796277244362752
5522796345963839488,5522796311604101120
5522796345963839488,5522796380323577856
5522796345963839488,5522796414683316224
5522796345963839488,5522796449043054592
5522796380323577856,5522752193700036608
5522796380323577856,5522752228059774976
5522796380323577856,5522752331138990080
5522796380323577856,5522796345963839488
5522796380323577856,5522796414683316224
5522796380323577856,5522796449043054592
5522796380323577856,5522796792640438272
5522796380323577856,5522796827000176640
5522796414683316224,5522796345963839488
5522796414683316224,5522796380323577856
5522796414683316224,5522796449043054592
5522796414683316224,5522796483402792960
5522796414683316224,5522796586482008064
5522796414683316224,5522796620841746432
5522796414683316224,5522796792640438272
5522796414683316224,5522796827000176640
5522796449043054592,5522795830567763968
5522796449043054592,5522796277244362752
5522796449043054592,5522796311604101120
5522796449043054592,5522796345963839488
5522796449043054592,5522796380323577856
5522796449043054592,5522796414683316224
5522796449043054592,5522796483402792960
5522796449043054592,5522796586482008064
5522796483402792960,5522795796208025600
5522796483402792960,5522795830567763968
5522796483402792960,5522796277244362752
5522796483402792960,5522796414683316224
5522796483402792960,5522796449043054592
5522796483402792960,5522796517762531328
5522796483402792960,5522796552122269696
5522796483402792960,5522796586482008064
5522870288120807424,5522870081962377216
5522870288120807424,5522870219401330688
5522870288120807424,5522870253761069056
5522870288120807424,5522870322480545792
5522870288120807424,5522870356840284160
5522870288120807424,5522870391200022528
5522870288120807424,5522870425559760896
5522870288120807424,5522870459919499264
5522879084213829632,5522878878055399424
5522879084213829632,5522879015494352896
5522879084213829632,5522879049854091264
5522879084213829632,5522879118573568000
5522879084213829632,5522879152933306368
5522879084213829632,5522879187293044736
5522879084213829632,5522879221652783104
5522879084213829632,5522879256012521472
5522895645607723008,5522895576888246272
5522895645607723008,5522895611247984640
5522895645607723008,5522895679967461376
5522895645607723008,5522896332802490368
5522895645607723008,5522896367162228736
5522895645607723008,5522896401521967104
5522895645607723008,5522897123076472832
5522895645607723008,5522897157436211200
5522903617067024384,5522903548347547648
5522903617067024384,5522903582707286016
5522903617067024384,5522903651426762752
5522903617067024384,5522903685786501120
5522903617067024384,5522903788865716224
5522903617067024384,5522903823225454592
5522903617067024384,5522903995024146432
5522903617067024384,5522904029383884800
5522903651426762752,5522903032951472128
5522903651426762752,5522903479628070912
5522903651426762752,5522903513987809280
5522903651426762752,5522903548347547648
5522903651426762752,5522903582707286016
5522903651426762752,5522903617067024384
5522903651426762752,5522903685786501120
5522903651426762752,5522903788865716224
5522904922737082368,5522904716578652160
5522904922737082368,5522904854017605632
5522904922737082368,5522904888377344000
5522904922737082368,5522904957096820736
5522904922737082368,5522904991456559104
5522904922737082368,5522905025816297472
5522904922737082368,5522905060176035840
5522904922737082368,5522905094535774208
5522906984321384448,5522904098103361536
5522906984321384448,5522904201182576640
5522906984321384448,5522904235542315008
5522906984321384448,5522906915601907712
5522906984321384448,5522906949961646080
5522906984321384448,5522907018681122816
5522906984321384448,5522907053040861184
5522906984321384448,5522907087400599552
5522923683154231296,5522921862088097792
5522923683154231296,5522921896447836160
5522923683154231296,5522923614434754560
5522923683154231296,5522923648794492928
5522923683154231296,5522923717513969664
5522923683154231296,5522924370348998656
5522923683154231296,5522924404708737024
5522923683154231296,5522924439068475392
5522923820593184768,5522923373916585984
5522923820593184768,5522923408276324352
5522923820593184768,5522923751873708032
5522923820593184768,5522923786233446400
5522923820593184768,5522923854952923136
5522923820593184768,5522934128514695168
5522923820593184768,5522934162874433536
5522923820593184768,5522934197234171904
5522924164190568448,5522923958032138240
5522924164190568448,5522924095471091712
5522924164190568448,5522924129830830080
5522924164190568448,5522924198550306816
5522924164190568448,5522924232910045184
5522924164190568448,5522924267269783552
5522924164190568448,5522924301629521920
5522924164190568448,5522924335989260288
5522924232910045184,5522924164190568448
5522924232910045184,5522924198550306816
5522924232910045184,5522924267269783552
5522924232910045184,5522924920104812544
5522924232910045184,5522924954464550912
5522924232910045184,5522924988824289280
5522924232910045184,5522925710378795008
5522924232910045184,5522925744738533376
5522924267269783552,5522924164190568448
5522924267269783552,5522924198550306816
5522924267269783552,5522924232910045184
5522924267269783552,5522924301629521920
5522924267269783552,5522924335989260288
5522924267269783552,5522924473428213760
5522924267269783552,5522924920104812544
5522924267269783552,5522924954464550912
5522924920104812544,5522924232910045184
5522924920104812544,5522924267269783552
5522924920104812544,5522924301629521920
5522924920104812544,5522924473428213760
5522924920104812544,5522924507787952128
5522924920104812544,5522924851385335808
5522924920104812544,5522924885745074176
5522924920104812544,5522924954464550912
5522924954464550912,5522924232910045184
5522924954464550912,5522924267269783552
5522924954464550912,5522924851385335808
5522924954464550912,5522924885745074176
5522924954464550912,5522924920104812544
5522924954464550912,5522924988824289280
5522924954464550912,5522925091903504384
5522924954464550912,5522925710378795008
5522934128514695168,5522923820593184768
5522934128514695168,5522923854952923136
5522934128514695168,5522923889312661504
5522934128514695168,5522926809890422784
5522934128514695168,5522926844250161152
5522934128514695168,5522934059795218432
5522934128514695168,5522934094154956800
5522934128514695168,5522934162874433536
5522973229896957952,5522973092458004480
5522973229896957952,5522973195537219584
5522973229896957952,5522973264256696320
5522973229896957952,5522973298616434688
5522973229896957952,5522973332976173056
5522973229896957952,5522973367335911424
5522973229896957952,5522973470415126528
5522973229896957952,5522973504774864896
5522973332976173056,5522972611421667328
5522973332976173056,5522972645781405696
5522973332976173056,5522973229896957952
5522973332976173056,5522973264256696320
5522973332976173056,5522973298616434688
5522973332976173056,5522973367335911424
5522973332976173056,5522973470415126528
5522973332976173056,5522974088890417152
5523088300660752384,5523088266301014016
5523088300660752384,5523088335020490752
5523088300660752384,5523088369380229120
5523088300660752384,5523088712977612800
5523088300660752384,5523088747337351168
5523088300660752384,5523088850416566272
5523088300660752384,5523089297093165056
5523088300660752384,5523089331452903424
5523089949928194048,5523089915568455680
5523089949928194048,5523089984287932416
5523089949928194048,5523090018647670784
5523089949928194048,5523090362245054464
5523089949928194048,5523090396604792832
5523089949928194048,5523090568403484672
5523089949928194048,5523090602763223040
5523089949928194048,5523090637122961408
5523089984287932416,5523089915568455680
5523089984287932416,5523089949928194048
5523089984287932416,5523090018647670784
5523089984287932416,5523090053007409152
5523089984287932416,5523090156086624256
5523089984287932416,5523090190446362624
5523089984287932416,5523090362245054464
5523089984287932416,5523090396604792832
5523092939225432064,5523092733067001856
5523092939225432064,5523092870505955328
5523092939225432064,5523092904865693696
5523092939225432064,5523092973585170432
5523092939225432064,5523093007944908800
5523092939225432064,5523093042304647168
5523092939225432064,5523093076664385536
5523092939225432064,5523093111024123904
5523094519773396992,5523094451053920256
5523094519773396992,5523094485413658624
5523094519773396992,5523094554133135360
5523094519773396992,5523094588492873728
5523094519773396992,5523094622852612096
5523094519773396992,5523100567087349760
5523094519773396992,5523100670166564864
5523094519773396992,5523100704526303232
5523100910684733440,5523100154770489344
5523100910684733440,5523100773245779968
5523100910684733440,5523100876324995072
5523100910684733440,5523100945044471808
5523100910684733440,5523100979404210176
5523100910684733440,5523101013763948544
5523100910684733440,5523101597879500800
5523100910684733440,5523101632239239168
5523101013763948544,5523100738886041600
5523101013763948544,5523100773245779968
5523101013763948544,5523100876324995072
5523101013763948544,5523100910684733440
5523101013763948544,5523100945044471808
5523101013763948544,5523100979404210176
5523101013763948544,5523101048123686912
5523101013763948544,5523101151202902016
5523101048123686912,5523100704526303232
5523101048123686912,5523100738886041600
5523101048123686912,5523100773245779968
5523101048123686912,5523100979404210176
5523101048123686912,5523101013763948544
5523101048123686912,5523101082483425280
5523101048123686912,5523101116843163648
5523101048123686912,5523101151202902016
5523101082483425280,5523094073096798208
5523101082483425280,5523094107456536576
5523101082483425280,5523094485413658624
5523101082483425280,5523100704526303232
5523101082483425280,5523100738886041600
5523101082483425280,5523101048123686912
5523101082483425280,5523101116843163648
5523101082483425280,5523101151202902016
5523864280992055296,5523864177912840192
5523864280992055296,5523864212272578560
5523864280992055296,5523864246632316928
5523864280992055296,5523864315351793664
5523864280992055296,5523864349711532032
5523864280992055296,5525717370401718272
5523864280992055296,5525717404761456640
5523864280992055296,5525717507840671744
5523871015500775424,5523870603183915008
5523871015500775424,5523870637543653376
5523871015500775424,5523870809342345216
5523871015500775424,5523870843702083584
5523871015500775424,5523870946781298688
5523871015500775424,5523870981141037056
5523871015500775424,5523871049860513792
5523871015500775424,5523871084220252160
5523871049860513792,5523870603183915008
5523871049860513792,5523870637543653376
5523871049860513792,5523870981141037056
5523871049860513792,5523871015500775424
5523871049860513792,5523871084220252160
5523871049860513792,5523871118579990528
5523871049860513792,5523871221659205632
5523871049860513792,5523871256018944000
5523872355530571776,5523870912421560320
5523872355530571776,5523870946781298688
5523872355530571776,5523870981141037056
5523872355530571776,5523872286811095040
5523872355530571776,5523872321170833408
5523872355530571776,5523872389890310144
5523872355530571776,5523872424250048512
5523872355530571776,5523872458609786880
5523872458609786880,5523872286811095040
5523872458609786880,5523872321170833408
5523872458609786880,5523872355530571776
5523872458609786880,5523872389890310144
5523872458609786880,5523872424250048512
5523872458609786880,5523872492969525248
5523872458609786880,5523872527329263616
5523872458609786880,5523872664768217088
5523872492969525248,5523872286811095040
5523872492969525248,5523872424250048512
5523872492969525248,5523872458609786880
5523872492969525248,5523872527329263616
5523872492969525248,5523872561689001984
5523872492969525248,5523872596048740352
5523872492969525248,5523872630408478720
5523872492969525248,5523872664768217088
5523873764279844864,5523873351962984448
5523873764279844864,5523873386322722816
5523873764279844864,5523873558121414656
5523873764279844864,5523873592481153024
5523873764279844864,5523873695560368128
5523873764279844864,5523873729920106496
5523873764279844864,5523873798639583232
5523873764279844864,5523873832999321600
5523881598300192768,5523881563940454400
5523881598300192768,5523881632659931136
5523881598300192768,5523881667019669504
5523881598300192768,5523882010617053184
5523881598300192768,5523882044976791552
5523881598300192768,5523882216775483392
5523881598300192768,5523882251135221760
5523881598300192768,5523882285494960128
5523881632659931136,5523881563940454400
5523881632659931136,5523881598300192768
5523881632659931136,5523881667019669504
5523881632659931136,5523881701379407872
5523881632659931136,5523881804458622976
5523881632659931136,5523881838818361344
5523881632659931136,5523882010617053184
5523881632659931136,5523882044976791552
5523882010617053184,5523881598300192768
5523882010617053184,5523881632659931136
5523882010617053184,5523881804458622976
5523882010617053184,5523881838818361344
5523882010617053184,5523881941897576448
5523882010617053184,5523881976257314816
5523882010617053184,5523882044976791552
5523882010617053184,5523882079336529920
5523882044976791552,5523881598300192768
5523882044976791552,5523881632659931136
5523882044976791552,5523881976257314816
5523882044976791552,5523882010617053184
5523882044976791552,5523882079336529920
5523882044976791552,5523882113696268288
5523882044976791552,5523882216775483392
5523882044976791552,5523882251135221760
5523889157442633728,5523888745125773312
5523889157442633728,5523888779485511680
5523889157442633728,5523888951284203520
5523889157442633728,5523888985643941888
5523889157442633728,5523889088723156992
5523889157442633728,5523889123082895360
5523889157442633728,5523889191802372096
5523889157442633728,5523889226162110464
5523890944149028864,5523890909789290496
5523890944149028864,5523890978508767232
5523890944149028864,5523891012868505600
5523890944149028864,5523891356465889280
5523890944149028864,5523891390825627648
5523890944149028864,5523895891951353856
5523890944149028864,5523896338627952640
5523890944149028864,5523896372987691008
5523891356465889280,5523890944149028864
5523891356465889280,5523890978508767232
5523891356465889280,5523891150307459072
5523891356465889280,5523891184667197440
5523891356465889280,5523891287746412544
5523891356465889280,5523891322106150912
5523891356465889280,5523891390825627648
5523891356465889280,5523891425185366016
5523892078020395008,5523892009300918272
5523892078020395008,5523892043660656640
5523892078020395008,5523892112380133376
5523892078020395008,5523892146739871744
5523892078020395008,5523892249819086848
5523892078020395008,5523892284178825216
5523892078020395008,5523892455977517056
5523892078020395008,5523892490337255424
5523895239116324864,5523894792439726080
5523895239116324864,5523894826799464448
5523895239116324864,5523895170396848128
5523895239116324864,5523895204756586496
5523895239116324864,5523895273476063232
5523895239116324864,5523895307835801600
5523895239116324864,5523895410915016704
5523895239116324864,5523895445274755072
5523895273476063232,5523895170396848128
5523895273476063232,5523895204756586496
5523895273476063232,5523895239116324864
5523895273476063232,5523895307835801600
5523895273476063232,5523895410915016704
5523895273476063232,5523896029390307328
5523895273476063232,5523897850456440832
5523895273476063232,5523897884816179200
5523896338627952640,5523890909789290496
5523896338627952640,5523890944149028864
5523896338627952640,5523891390825627648
5523896338627952640,5523895891951353856
5523896338627952640,5523895926311092224
5523896338627952640,5523896269908475904
5523896338627952640,5523896304268214272
5523896338627952640,5523896372987691008
5523905547037835264,5523881357782024192
5523905547037835264,5523881735739146240
5523905547037835264,5523881770098884608
5523905547037835264,5523905478318358528
5523905547037835264,5523905512678096896
5523905547037835264,5523905581397573632
5523905547037835264,5523905890635218944
5523905547037835264,5523905924994957312
5523905787556003840,5523905753196265472
5523905787556003840,5523905821915742208
5523905787556003840,5523905856275480576
5523905787556003840,5523906199872864256
5523905787556003840,5523906234232602624
5523905787556003840,5523906406031294464
5523905787556003840,5523906440391032832
5523905787556003840,5523906474750771200
5523905821915742208,5523905753196265472
5523905821915742208,5523905787556003840
5523905821915742208,5523905856275480576
5523905821915742208,5523905890635218944
5523905821915742208,5523905993714434048
5523905821915742208,5523906028074172416
5523905821915742208,5523906199872864256
5523905821915742208,5523906234232602624
5523905924994957312,5523881323422285824
5523905924994957312,5523881357782024192
5523905924994957312,5523881735739146240
5523905924994957312,5523905547037835264
5523905924994957312,5523905581397573632
5523905924994957312,5523905890635218944
5523905924994957312,5523905959354695680
5523905924994957312,5523905993714434048
5523906165513125888,5523906028074172416
5523906165513125888,5523906131153387520
5523906165513125888,5523906199872864256
5523906165513125888,5523906234232602624
5523906165513125888,5523906268592340992
5523906165513125888,5523907402463707136
5523906165513125888,5523907505542922240
5523906165513125888,5523907539902660608
5523906268592340992,5523906165513125888
5523906268592340992,5523906199872864256
5523906268592340992,5523906234232602624
5523906268592340992,5523906302952079360
5523906268592340992,5523906406031294464
5523906268592340992,5523907368103968768
5523906268592340992,5523907402463707136
5523906268592340992,5523907505542922240
5523992717694074880,5523992099218784256
5523992717694074880,5523992545895383040
5523992717694074880,5523992580255121408
5523992717694074880,5523992614614859776
5523992717694074880,5523992648974598144
5523992717694074880,5523992683334336512
5523992717694074880,5523992752053813248
5523992717694074880,5523992855133028352
5523992855133028352,5523992683334336512
5523992855133028352,5523992717694074880
5523992855133028352,5523992752053813248
5523992855133028352,5523992786413551616
5523992855133028352,5523992820773289984
5523992855133028352,5523992889492766720
5523992855133028352,5523992923852505088
5523992855133028352,5523993061291458560
5524834771802259456,5524834325125660672
5524834771802259456,5524834359485399040
5524834771802259456,5524834703082782720
5524834771802259456,5524834737442521088
5524834771802259456,5524834806161997824
5524834771802259456,5525526776932990976
5524834771802259456,5525526811292729344
5524834771802259456,5525526845652467712
5524834840521736192,5524834703082782720
5524834840521736192,5524834806161997824
5524834840521736192,5524834874881474560
5524834840521736192,5524834909241212928
5524834840521736192,5524834943600951296
5524834840521736192,5525497433716424704
5524834840521736192,5525497468076163072
5524834840521736192,5525526776932990976
5524834874881474560,5524834668723044352
5524834874881474560,5524834703082782720
5524834874881474560,5524834806161997824
5524834874881474560,5524834840521736192
5524834874881474560,5524834909241212928
5524834874881474560,5524834943600951296
5524834874881474560,5524835287198334976
5524834874881474560,5524835321558073344
5524834943600951296,5524834840521736192
5524834943600951296,5524834874881474560
5524834943600951296,5524834909241212928
5524834943600951296,5524834977960689664
5524834943600951296,5524835081039904768
5524834943600951296,5525497399356686336
5524834943600951296,5525497433716424704
5524834943600951296,5525497468076163072
5524837383142375424,5524837314422898688
5524837383142375424,5524837348782637056
5524837383142375424,5524837417502113792
5524837383142375424,5524838070337142784
5524837383142375424,5524838104696881152
5524837383142375424,5524838139056619520
5524837383142375424,5524838860611125248
5524837383142375424,5524838894970863616
5524845595119845376,5524843808413450240
5524845595119845376,5524843842773188608
5524845595119845376,5524843945852403712
5524845595119845376,5524845492040630272
5524845595119845376,5524845526400368640
5524845595119845376,5524845560760107008
5524845595119845376,5524845629479583744
5524845595119845376,5524845663839322112
5525178059948294144,5525178025588555776
5525178059948294144,5525178094308032512
5525178059948294144,5525178128667770880
5525178059948294144,5525179846654689280
5525178059948294144,5525179881014427648
5525178059948294144,5526653604552769536
5525178059948294144,5526655425618903040
5525178059948294144,5526655459978641408
5525203864111808512,5525203176917041152
5525203864111808512,5525203211276779520
5525203864111808512,5525203657953378304
5525203864111808512,5525203795392331776
5525203864111808512,5525203829752070144
5525203864111808512,5525203898471546880
5525203864111808512,5525203932831285248
5525203864111808512,5525203967191023616
5525211869930848256,5525211457613987840
5525211869930848256,5525211491973726208
5525211869930848256,5525211663772418048
5525211869930848256,5525211698132156416
5525211869930848256,5525211801211371520
5525211869930848256,5525211835571109888
5525211869930848256,5525211904290586624
5525211869930848256,5525211938650324992
5525211938650324992,5525211217095819264
5525211938650324992,5525211251455557632
5525211938650324992,5525211835571109888
5525211938650324992,5525211869930848256
5525211938650324992,5525211904290586624
5525211938650324992,5525211973010063360
5525211938650324992,5525212076089278464
5525211938650324992,5525212694564569088
5525211973010063360,5525211217095819264
5525211973010063360,5525211835571109888
5525211973010063360,5525211938650324992
5525211973010063360,5525212007369801728
5525211973010063360,5525212041729540096
5525211973010063360,5525212076089278464
5525211973010063360,5525212660204830720
5525211973010063360,5525212694564569088
5525214343832010752,5525213965874888704
5525214343832010752,5525214000234627072
5525214343832010752,5525214309472272384
5525214343832010752,5525214378191749120
5525214343832010752,5525214412551487488
5525214343832010752,5525220528584916992
5525214343832010752,5525220562944655360
5525214343832010752,5525220940901777408
5525214481270964224,5525214378191749120
5525214481270964224,5525214412551487488
5525214481270964224,5525214446911225856
5525214481270964224,5525214515630702592
5525214481270964224,5525214549990440960
5525214481270964224,5525220391145963520
5525214481270964224,5525220425505701888
5525214481270964224,5525220528584916992
5525214653069656064,5525214206393057280
5525214653069656064,5525214240752795648
5525214653069656064,5525214584350179328
5525214653069656064,5525214618709917696
5525214653069656064,5525214687429394432
5525214653069656064,5525214721789132800
5525214653069656064,5525214824868347904
5525214653069656064,5525214859228086272
5525214687429394432,5525214584350179328
5525214687429394432,5525214618709917696
5525214687429394432,5525214653069656064
5525214687429394432,5525214721789132800
5525214687429394432,5525214824868347904
5525214687429394432,5525215443343638528
5525214687429394432,5525217264409772032
5525214687429394432,5525217298769510400
5525214721789132800,5525214653069656064
5525214721789132800,5525214687429394432
5525214721789132800,5525214756148871168
5525214721789132800,5525214790508609536
5525214721789132800,5525214824868347904
5525214721789132800,5525215408983900160
5525214721789132800,5525215443343638528
5525214721789132800,5525217264409772032
5525218432640876544,5525218295201923072
5525218432640876544,5525218398281138176
5525218432640876544,5525218467000614912
5525218432640876544,5525218501360353280
5525218432640876544,5525218535720091648
5525218432640876544,5525218570079830016
5525218432640876544,5525218673159045120
5525218432640876544,5525218707518783488
5525218570079830016,5525217814165585920
5525218570079830016,5525218432640876544
5525218570079830016,5525218535720091648
5525218570079830016,5525218604439568384
5525218570079830016,5525218638799306752
5525218570079830016,5525218673159045120
5525218570079830016,5525219257274597376
5525218570079830016,5525219291634335744
5525218604439568384,5525218570079830016
5525218604439568384,5525218638799306752
5525218604439568384,5525218673159045120
5525218604439568384,5525219016756428800
5525218604439568384,5525219051116167168
5525218604439568384,5525219222914859008
5525218604439568384,5525219257274597376
5525218604439568384,5525219291634335744
5525219085475905536,5525218982396690432
5525219085475905536,5525219016756428800
5525219085475905536,5525219051116167168
5525219085475905536,5525219119835643904
5525219085475905536,5525219222914859008
5525219085475905536,5525230080592183296
5525219085475905536,5525230114951921664
5525219085475905536,5525230149311660032
5525219360353812480,5525219188555120640
5525219360353812480,5525219222914859008
5525219360353812480,5525219257274597376
5525219360353812480,5525219291634335744
5525219360353812480,5525219325994074112
5525219360353812480,5525219394713550848
5525219360353812480,5525219429073289216
5525219360353812480,5525219566512242688
5525219875749888000,5525219807030411264
5525219875749888000,5525219841390149632
5525219875749888000,5525219910109626368
5525219875749888000,5525219944469364736
5525219875749888000,5525219978829103104
5525219875749888000,5525221525017329664
5525219875749888000,5525221628096544768
5525219875749888000,5525221662456283136
5525219978829103104,5525219875749888000
5525219978829103104,5525219910109626368
5525219978829103104,5525219944469364736
5525219978829103104,5525220013188841472
5525219978829103104,5525220047548579840
5525219978829103104,5525221490657591296
5525219978829103104,5525221525017329664
5525219978829103104,5525221628096544768
5525220288066748416,5525220219347271680
5525220288066748416,5525220253707010048
5525220288066748416,5525220322426486784
5525220288066748416,5525220356786225152
5525220288066748416,5525220459865440256
5525220288066748416,5525220494225178624
5525220288066748416,5525220666023870464
5525220288066748416,5525220700383608832
5525220425505701888,5525214378191749120
5525220425505701888,5525214481270964224
5525220425505701888,5525214515630702592
5525220425505701888,5525220356786225152
5525220425505701888,5525220391145963520
5525220425505701888,5525220459865440256
5525220425505701888,5525220494225178624
5525220425505701888,5525220528584916992
5525220459865440256,5525220288066748416
5525220459865440256,5525220322426486784
5525220459865440256,5525220356786225152
5525220459865440256,5525220391145963520
5525220459865440256,5525220425505701888
5525220459865440256,5525220494225178624
5525220459865440256,5525220528584916992
5525220459865440256,5525220666023870464
5525220494225178624,5525220288066748416
5525220494225178624,5525220425505701888
5525220494225178624,5525220459865440256
5525220494225178624,5525220528584916992
5525220494225178624,5525220562944655360
5525220494225178624,5525220597304393728
5525220494225178624,5525220631664132096
5525220494225178624,5525220666023870464
5525220528584916992,5525214343832010752
5525220528584916992,5525214378191749120
5525220528584916992,5525214481270964224
5525220528584916992,5525220425505701888
5525220528584916992,5525220459865440256
5525220528584916992,5525220494225178624
5525220528584916992,5525220562944655360
5525220528584916992,5525220597304393728
5525220562944655360,5525213965874888704
5525220562944655360,5525214343832010752
5525220562944655360,5525214378191749120
5525220562944655360,5525220494225178624
5525220562944655360,5525220528584916992
5525220562944655360,5525220597304393728
5525220562944655360,5525220906542039040
5525220562944655360,5525220940901777408
5525220597304393728,5525220494225178624
5525220597304393728,5525220528584916992
5525220597304393728,5525220562944655360
5525220597304393728,5525220631664132096
5525220597304393728,5525220666023870464
5525220597304393728,5525220872182300672
5525220597304393728,5525220906542039040
5525220597304393728,5525220940901777408
5525220631664132096,5525220494225178624
5525220631664132096,5525220597304393728
5525220631664132096,5525220666023870464
5525220631664132096,5525220700383608832
5525220631664132096,5525220734743347200
5525220631664132096,5525220769103085568
5525220631664132096,5525220872182300672
5525220631664132096,5525220906542039040
5525220666023870464,5525220253707010048
5525220666023870464,5525220288066748416
5525220666023870464,5525220459865440256
5525220666023870464,5525220494225178624
5525220666023870464,5525220597304393728
5525220666023870464,5525220631664132096
5525220666023870464,5525220700383608832
5525220666023870464,5525220734743347200
5525220803462823936,5525220769103085568
5525220803462823936,5525220837822562304
5525220803462823936,5525220872182300672
5525220803462823936,5525221215779684352
5525220803462823936,5525221250139422720
5525220803462823936,5525221421938114560
5525220803462823936,5525221456297852928
5525220803462823936,5525221490657591296
5525220872182300672,5525220597304393728
5525220872182300672,5525220631664132096
5525220872182300672,5525220734743347200
5525220872182300672,5525220769103085568
5525220872182300672,5525220803462823936
5525220872182300672,5525220837822562304
5525220872182300672,5525220906542039040
5525220872182300672,5525221009621254144
5525221250139422720,5525220803462823936
5525221250139422720,5525220837822562304
5525221250139422720,5525221181419945984
5525221250139422720,5525221215779684352
5525221250139422720,5525221284499161088
5525221250139422720,5525221318858899456
5525221250139422720,5525221421938114560
5525221250139422720,5525221456297852928
5525221456297852928,5525220769103085568
5525221456297852928,5525220803462823936
5525221456297852928,5525221250139422720
5525221456297852928,5525221387578376192
5525221456297852928,5525221421938114560
5525221456297852928,5525221490657591296
5525221456297852928,5525221525017329664
5525221456297852928,5525221559377068032
5525221525017329664,5525219875749888000
5525221525017329664,5525219978829103104
5525221525017329664,5525220013188841472
5525221525017329664,5525221456297852928
5525221525017329664,5525221490657591296
5525221525017329664,5525221559377068032
5525221525017329664,5525221593736806400
5525221525017329664,5525221628096544768
5525221628096544768,5525219841390149632
5525221628096544768,5525219875749888000
5525221628096544768,5525219978829103104
5525221628096544768,5525221525017329664
5525221628096544768,5525221559377068032
5525221628096544768,5525221593736806400
5525221628096544768,5525221662456283136
5525221628096544768,5525221696816021504
5525221902974451712,5525221696816021504
5525221902974451712,5525221731175759872
5525221902974451712,5525221834254974976
5525221902974451712,5525221868614713344
5525221902974451712,5525221937334190080
5525221902974451712,5525221971693928448
5525221902974451712,5525222315291312128
5525221902974451712,5525222349651050496
5525224479954829312,5525224342515875840
5525224479954829312,5525224445595090944
5525224479954829312,5525224514314567680
5525224479954829312,5525224548674306048
5525224479954829312,5525224583034044416
5525224479954829312,5525224617393782784
5525224479954829312,5525224651753521152
5525224479954829312,5525225098430119936
5525224651753521152,5525224445595090944
5525224651753521152,5525224479954829312
5525224651753521152,5525224583034044416
5525224651753521152,5525224617393782784
5525224651753521152,5525224686113259520
5525224651753521152,5525224720472997888
5525224651753521152,5525225064070381568
5525224651753521152,5525225098430119936
5525224686113259520,5525224617393782784
5525224686113259520,5525224651753521152
5525224686113259520,5525224720472997888
5525224686113259520,5525224754832736256
5525224686113259520,5525224857911951360
5525224686113259520,5525224892271689728
5525224686113259520,5525225064070381568
5525224686113259520,5525225098430119936
5525224720472997888,5525224617393782784
5525224720472997888,5525224651753521152
5525224720472997888,5525224686113259520
5525224720472997888,5525224754832736256
5525224720472997888,5525224857911951360
5525224720472997888,5526608730734460928
5525224720472997888,5526608765094199296
5525224720472997888,5526608868173414400
5525224754832736256,5525224686113259520
5525224754832736256,5525224720472997888
5525224754832736256,5525224789192474624
5525224754832736256,5525224823552212992
5525224754832736256,5525224857911951360
5525224754832736256,5526608696374722560
5525224754832736256,5526608730734460928
5525224754832736256,5526608765094199296
5525224926631428096,5525224823552212992
5525224926631428096,5525224857911951360
5525224926631428096,5525224892271689728
5525224926631428096,5525224960991166464
5525224926631428096,5525224995350904832
5525224926631428096,5525341887180832768
5525224926631428096,5525341921540571136
5525224926631428096,5525342024619786240
5525224995350904832,5525224892271689728
5525224995350904832,5525224926631428096
5525224995350904832,5525224960991166464
5525224995350904832,5525225029710643200
5525224995350904832,5525225064070381568
5525224995350904832,5525225270228811776
5525224995350904832,5525225304588550144
5525224995350904832,5525225338948288512
5525225132789858304,5525224411235352576
5525225132789858304,5525224445595090944
5525225132789858304,5525225029710643200
5525225132789858304,5525225064070381568
5525225132789858304,5525225098430119936
5525225132789858304,5525225167149596672
5525225132789858304,5525225270228811776
5525225132789858304,5525225888704102400
5525225304588550144,5525224960991166464
5525225304588550144,5525224995350904832
5525225304588550144,5525225029710643200
5525225304588550144,5525225235869073408
5525225304588550144,5525225270228811776
5525225304588550144,5525225338948288512
5525225304588550144,5525225373308026880
5525225304588550144,5525225407667765248
5525225338948288512,5525224960991166464
5525225338948288512,5525224995350904832
5525225338948288512,5525225304588550144
5525225338948288512,5525225373308026880
5525225338948288512,5525225407667765248
5525225338948288512,5525341474863972352
5525225338948288512,5525341509223710720
5525225338948288512,5525341887180832768
5525229977512968192,5525219119835643904
5525229977512968192,5525219154195382272
5525229977512968192,5525219600871981056
5525229977512968192,5525229840074014720
5525229977512968192,5525229943153229824
5525229977512968192,5525230011872706560
5525229977512968192,5525230046232444928
5525229977512968192,5525230080592183296
5525230114951921664,5525218982396690432
5525230114951921664,5525219085475905536
5525230114951921664,5525219119835643904
5525230114951921664,5525230046232444928
5525230114951921664,5525230080592183296
5525230114951921664,5525230149311660032
5525230114951921664,5525230183671398400
5525230114951921664,5525230218031136768
5525233138608898048,5525232932450467840
5525233138608898048,5525233069889421312
5525233138608898048,5525233104249159680
5525233138608898048,5525233172968636416
5525233138608898048,5525233207328374784
5525233138608898048,5525233241688113152
5525233138608898048,5525233276047851520
5525233138608898048,5525233310407589888
5525233413486804992,5525227778489712640
5525233413486804992,5525227881568927744
5525233413486804992,5525227915928666112
5525233413486804992,5525233276047851520
5525233413486804992,5525233379127066624
5525233413486804992,5525233447846543360
5525233413486804992,5525233482206281728
5525233413486804992,5525233516566020096
5525233482206281728,5525233413486804992
5525233482206281728,5525233447846543360
5525233482206281728,5525233516566020096
5525233482206281728,5525233550925758464
5525233482206281728,5525233654004973568
5525233482206281728,5525233688364711936
5525233482206281728,5525233860163403776
5525233482206281728,5525233894523142144
5525233516566020096,5525227744129974272
5525233516566020096,5525227778489712640
5525233516566020096,5525227881568927744
5525233516566020096,5525233413486804992
5525233516566020096,5525233447846543360
5525233516566020096,5525233482206281728
5525233516566020096,5525233550925758464
5525233516566020096,5525233654004973568
5525235921747705856,5525235818668490752
5525235921747705856,5525235853028229120
5525235921747705856,5525235887387967488
5525235921747705856,5525235956107444224
5525235921747705856,5525235990467182592
5525235921747705856,5525330892064555008
5525235921747705856,5525330926424293376
5525235921747705856,5525331029503508480
5525236334064566272,5525235956107444224
5525236334064566272,5525235990467182592
5525236334064566272,5525236299704827904
5525236334064566272,5525236368424304640
5525236334064566272,5525236402784043008
5525236334064566272,5525330479747694592
5525236334064566272,5525330514107432960
5525236334064566272,5525330892064555008
5525236471503519744,5525236368424304640
5525236471503519744,5525236402784043008
5525236471503519744,5525236437143781376
5525236471503519744,5525236505863258112
5525236471503519744,5525236540222996480
5525236471503519744,5525330342308741120
5525236471503519744,5525330376668479488
5525236471503519744,5525330479747694592
5525236505863258112,5525236437143781376
5525236505863258112,5525236471503519744
5525236505863258112,5525236540222996480
5525236505863258112,5525283303826915328
5525236505863258112,5525283406906130432
5525236505863258112,5525283441265868800
5525236505863258112,5525330342308741120
5525236505863258112,5525330376668479488
5525240457233170432,5525240044916310016
5525240457233170432,5525240079276048384
5525240457233170432,5525240251074740224
5525240457233170432,5525240285434478592
5525240457233170432,5525240388513693696
5525240457233170432,5525240422873432064
5525240457233170432,5525240491592908800
5525240457233170432,5525240525952647168
5525241934701920256,5525241728543490048
5525241934701920256,5525241865982443520
5525241934701920256,5525241900342181888
5525241934701920256,5525241969061658624
5525241934701920256,5525242003421396992
5525241934701920256,5525242037781135360
5525241934701920256,5525242072140873728
5525241934701920256,5525242106500612096
5525242072140873728,5525241934701920256
5525242072140873728,5525242037781135360
5525242072140873728,5525242106500612096
5525242072140873728,5525242140860350464
5525242072140873728,5525242175220088832
5525242072140873728,5525242209579827200
5525242072140873728,5525242243939565568
5525242072140873728,5525242690616164352
5525242106500612096,5525241694183751680
5525242106500612096,5525241728543490048
5525242106500612096,5525241900342181888
5525242106500612096,5525241934701920256
5525242106500612096,5525242037781135360
5525242106500612096,5525242072140873728
5525242106500612096,5525242140860350464
5525242106500612096,5525242175220088832
5525245782992617472,5525245576834187264
5525245782992617472,5525245714273140736
5525245782992617472,5525245748632879104
5525245782992617472,5525245817352355840
5525245782992617472,5525245851712094208
5525245782992617472,5525245886071832576
5525245782992617472,5525245920431570944
5525245782992617472,5525245954791309312
5525247535339274240,5525247432260059136
5525247535339274240,5525247466619797504
5525247535339274240,5525247500979535872
5525247535339274240,5525247569699012608
5525247535339274240,5525247604058750976
5525247535339274240,5525250284118343680
5525247535339274240,5525250318478082048
5525247535339274240,5525250421557297152
5525285880807292928,5525285709008601088
5525285880807292928,5525285743368339456
5525285880807292928,5525285777728077824
5525285880807292928,5525285812087816192
5525285880807292928,5525285846447554560
5525285880807292928,5525285915167031296
5525285880807292928,5525285949526769664
5525285880807292928,5525286086965723136
5525286258764414976,5525286190044938240
5525286258764414976,5525286224404676608
5525286258764414976,5525286293124153344
5525286258764414976,5525286327483891712
5525286258764414976,5525286430563106816
5525286258764414976,5525286464922845184
5525286258764414976,5525286636721537024
5525286258764414976,5525286671081275392
5525286636721537024,5525286224404676608
5525286636721537024,5525286258764414976
5525286636721537024,5525286430563106816
5525286636721537024,5525286464922845184
5525286636721537024,5525286568002060288
5525286636721537024,5525286602361798656
5525286636721537024,5525286671081275392
5525286636721537024,5525286705441013760
5525289248061652992,5525289144982437888
5525289248061652992,5525289179342176256
5525289248061652992,5525289213701914624
5525289248061652992,5525289282421391360
5525289248061652992,5525289316781129728
5525289248061652992,5525312750122696704
5525289248061652992,5525312784482435072
5525289248061652992,5525312887561650176
5525289454220083200,5525289351140868096
5525289454220083200,5525289385500606464
5525289454220083200,5525289419860344832
5525289454220083200,5525289488579821568
5525289454220083200,5525289591659036672
5525289454220083200,5525300449336360960
5525289454220083200,5525300483696099328
5525289454220083200,5525300518055837696
5525298971867611136,5525298903148134400
5525298971867611136,5525298937507872768
5525298971867611136,5525299006227349504
5525298971867611136,5525299040587087872
5525298971867611136,5525299074946826240
5525298971867611136,5525303026316738560
5525298971867611136,5525303060676476928
5525298971867611136,5525303095036215296
5525299143666302976,5525299040587087872
5525299143666302976,5525299074946826240
5525299143666302976,5525299109306564608
5525299143666302976,5525299178026041344
5525299143666302976,5525299212385779712
5525299143666302976,5525300655494791168
5525299143666302976,5525300689854529536
5525299143666302976,5525300792933744640
5525299315464994816,5525298628270227456
5525299315464994816,5525298662629965824
5525299315464994816,5525298696989704192
5525299315464994816,5525298868788396032
5525299315464994816,5525298903148134400
5525299315464994816,5525299246745518080
5525299315464994816,5525299281105256448
5525299315464994816,5525299349824733184
5525299349824733184,5525296807204093952
5525299349824733184,5525298628270227456
5525299349824733184,5525298662629965824
5525299349824733184,5525299246745518080
5525299349824733184,5525299281105256448
5525299349824733184,5525299315464994816
5525299349824733184,5525299384184471552
5525299349824733184,5525299418544209920
5525300380616884224,5525299968300023808
5525300380616884224,5525300002659762176
5525300380616884224,5525300174458454016
5525300380616884224,5525300208818192384
5525300380616884224,5525300311897407488
5525300380616884224,5525300346257145856
5525300380616884224,5525300414976622592
5525300380616884224,5525300449336360960
5525300861653221376,5525300758574006272
5525300861653221376,5525300792933744640
5525300861653221376,5525300827293483008
5525300861653221376,5525300896012959744
5525300861653221376,5525300930372698112
5525300861653221376,5525301136531128320
5525300861653221376,5525301170890866688
5525300861653221376,5525301205250605056
5525301205250605056,5525299006227349504
5525301205250605056,5525300827293483008
5525301205250605056,5525300861653221376
5525301205250605056,5525301170890866688
5525301205250605056,5525301239610343424
5525301205250605056,5525301273970081792
5525301205250605056,5525302991957000192
5525301205250605056,5525303026316738560
5525308764393046016,5525308730033307648
5525308764393046016,5525308798752784384
5525308764393046016,5525308833112522752
5525308764393046016,5525309176709906432
5525308764393046016,5525309211069644800
5525308764393046016,5525309382868336640
5525308764393046016,5525309417228075008
5525308764393046016,5525309451587813376
5525308798752784384,5525308730033307648
5525308798752784384,5525308764393046016
5525308798752784384,5525308833112522752
5525308798752784384,5525308867472261120
5525308798752784384,5525308970551476224
5525308798752784384,5525309004911214592
5525308798752784384,5525309176709906432
5525308798752784384,5525309211069644800
5525309211069644800,5525308764393046016
5525309211069644800,5525308798752784384
5525309211069644800,5525309142350168064
5525309211069644800,5525309176709906432
5525309211069644800,5525309245429383168
5525309211069644800,5525309279789121536
5525309211069644800,5525309382868336640
5525309211069644800,5525309417228075008
5525309520307290112,5525309348508598272
5525309520307290112,5525309382868336640
5525309520307290112,5525309417228075008
5525309520307290112,5525309451587813376
5525309520307290112,5525309485947551744
5525309520307290112,5525309554667028480
5525309520307290112,5525309589026766848
5525309520307290112,5525309726465720320
5525311238294208512,5525311135214993408
5525311238294208512,5525311169574731776
5525311238294208512,5525311203934470144
5525311238294208512,5525311272653946880
5525311238294208512,5525311307013685248
5525311238294208512,5525317148169207808
5525311238294208512,5525317182528946176
5525311238294208512,5525317285608161280
5525311513172115456,5525311478812377088
5525311513172115456,5525311547531853824
5525311513172115456,5525311581891592192
5525311513172115456,5525311925488975872
5525311513172115456,5525311959848714240
5525311513172115456,5525312131647406080
5525311513172115456,5525312166007144448
5525311513172115456,5525312200366882816
5525312990640865280,5525312853201911808
5525312990640865280,5525312956281126912
5525312990640865280,5525313025000603648
5525312990640865280,5525313059360342016
5525312990640865280,5525313093720080384
5525312990640865280,5525313128079818752
5525312990640865280,5525313231159033856
5525312990640865280,5525313265518772224
5525313025000603648,5525312612683743232
5525313025000603648,5525312647043481600
5525313025000603648,5525312818842173440
5525313025000603648,5525312853201911808
5525313025000603648,5525312956281126912
5525313025000603648,5525312990640865280
5525313025000603648,5525313059360342016
5525313025000603648,5525313093720080384
5525314846066737152,5525314777347260416
5525314846066737152,5525314811706998784
5525314846066737152,5525314880426475520
5525314846066737152,5525314914786213888
5525314846066737152,5525315017865428992
5525314846066737152,5525315052225167360
5525314846066737152,5525315224023859200
5525314846066737152,5525315258383597568
5525315155304382464,5525315052225167360
5525315155304382464,5525315086584905728
5525315155304382464,5525315120944644096
5525315155304382464,5525315189664120832
5525315155304382464,5525315224023859200
5525315155304382464,5525315430182289408
5525315155304382464,5525315464542027776
5525315155304382464,5525315498901766144
5525315464542027776,5525315120944644096
5525315464542027776,5525315155304382464
5525315464542027776,5525315189664120832
5525315464542027776,5525315395822551040
5525315464542027776,5525315430182289408
5525315464542027776,5525315498901766144
5525315464542027776,5525315533261504512
5525315464542027776,5525315567621242880
5525317388687376384,5525317251248422912
5525317388687376384,5525317354327638016
5525317388687376384,5525317423047114752
5525317388687376384,5525317457406853120
5525317388687376384,5525317491766591488
5525317388687376384,5525317526126329856
5525317388687376384,5525317629205544960
5525317388687376384,5525317663565283328
5525325050909032448,5525324947829817344
5525325050909032448,5525324982189555712
5525325050909032448,5525325016549294080
5525325050909032448,5525325085268770816
5525325050909032448,5525325119628509184
5525325050909032448,5525325257067462656
5525325050909032448,5525325703744061440
5525325050909032448,5525325738103799808
5525325909902491648,5525323023684468736
5525325909902491648,5525323126763683840
5525325909902491648,5525323161123422208
5525325909902491648,5525325841183014912
5525325909902491648,5525325875542753280
5525325909902491648,5525325944262230016
5525325909902491648,5525325978621968384
5525325909902491648,5525326012981706752
5525326597097259008,5525326390938828800
5525326597097259008,5525326528377782272
5525326597097259008,5525326562737520640
5525326597097259008,5525326631456997376
5525326597097259008,5525326665816735744
5525326597097259008,5525326700176474112
5525326597097259008,5525326734536212480
5525326597097259008,5525326768895950848
5525326631456997376,5525319347192463360
5525326631456997376,5525319381552201728
5525326631456997376,5525319484631416832
5525326631456997376,5525326528377782272
5525326631456997376,5525326562737520640
5525326631456997376,5525326597097259008
5525326631456997376,5525326665816735744
5525326631456997376,5525326700176474112
5525327765328363520,5525327696608886784
5525327765328363520,5525327730968625152
5525327765328363520,5525327799688101888
5525327765328363520,5525328452523130880
5525327765328363520,5525328486882869248
5525327765328363520,5525328521242607616
5525327765328363520,5525329242797113344
5525327765328363520,5525329277156851712
5525328486882869248,5525327765328363520
5525328486882869248,5525327799688101888
5525328486882869248,5525328383803654144
5525328486882869248,5525328418163392512
5525328486882869248,5525328452523130880
5525328486882869248,5525328521242607616
5525328486882869248,5525328624321822720
5525328486882869248,5525329242797113344
5525329792552927232,5525329036638683136
5525329792552927232,5525329070998421504
5525329792552927232,5525329105358159872
5525329792552927232,5525329758193188864
5525329792552927232,5525329826912665600
5525329792552927232,5525329861272403968
5525329792552927232,5525331579259322368
5525329792552927232,5525331613619060736
5525330720265863168,5525329964351619072
5525330720265863168,5525330582826909696
5525330720265863168,5525330685906124800
5525330720265863168,5525330754625601536
5525330720265863168,5525330788985339904
5525330720265863168,5525330823345078272
5525330720265863168,5525331407460630528
5525330720265863168,5525331441820368896
5525330754625601536,5525330720265863168
5525330754625601536,5525330788985339904
5525330754625601536,5525330823345078272
5525330754625601536,5525331166942461952
5525330754625601536,5525331201302200320
5525330754625601536,5525331373100892160
5525330754625601536,5525331407460630528
5525330754625601536,5525331441820368896
5525330823345078272,5525330548467171328
5525330823345078272,5525330582826909696
5525330823345078272,5525330685906124800
5525330823345078272,5525330720265863168
5525330823345078272,5525330754625601536
5525330823345078272,5525330788985339904
5525330823345078272,5525330857704816640
5525330823345078272,5525330960784031744
5525331201302200320,5525330754625601536
5525331201302200320,5525330788985339904
5525331201302200320,5525331132582723584
5525331201302200320,5525331166942461952
5525331201302200320,5525331235661938688
5525331201302200320,5525331270021677056
5525331201302200320,5525331373100892160
5525331201302200320,5525331407460630528
5525331579259322368,5525329792552927232
5525331579259322368,5525329826912665600
5525331579259322368,5525329929991880704
5525331579259322368,5525331476180107264
5525331579259322368,5525331510539845632
5525331579259322368,5525331544899584000
5525331579259322368,5525331613619060736
5525331579259322368,5525331647978799104
5525331613619060736,5525328933559468032
5525331613619060736,5525329036638683136
5525331613619060736,5525329070998421504
5525331613619060736,5525329792552927232
5525331613619060736,5525329826912665600
5525331613619060736,5525331544899584000
5525331613619060736,5525331579259322368
5525331613619060736,5525331647978799104
5525332197734612992,5525332094655397888
5525332197734612992,5525332129015136256
5525332197734612992,5525332163374874624
5525332197734612992,5525332232094351360
5525332197734612992,5525332266454089728
5525332197734612992,5525332403893043200
5525332197734612992,5525332850569641984
5525332197734612992,5525332884929380352
5525332232094351360,5525332094655397888
5525332232094351360,5525332197734612992
5525332232094351360,5525332266454089728
5525332232094351360,5525332300813828096
5525332232094351360,5525332335173566464
5525332232094351360,5525332369533304832
5525332232094351360,5525332403893043200
5525332232094351360,5525332850569641984
5525335702427926528,5525324501153218560
5525335702427926528,5525324535512956928
5525335702427926528,5525324638592172032
5525335702427926528,5525335668068188160
5525335702427926528,5525335736787664896
5525335702427926528,5525335771147403264
5525335702427926528,5525336114744786944
5525335702427926528,5525336149104525312
5525335736787664896,5525335668068188160
5525335736787664896,5525335702427926528
5525335736787664896,5525335771147403264
5525335736787664896,5525335805507141632
5525335736787664896,5525335908586356736
5525335736787664896,5525335942946095104
5525335736787664896,5525336114744786944
5525335736787664896,5525336149104525312
5525335908586356736,5525335736787664896
5525335908586356736,5525335771147403264
5525335908586356736,5525335805507141632
5525335908586356736,5525335839866880000
5525335908586356736,5525335874226618368
5525335908586356736,5525335942946095104
5525335908586356736,5525335977305833472
5525335908586356736,5525336114744786944
5525336561421385728,5525336492701908992
5525336561421385728,5525336527061647360
5525336561421385728,5525336595781124096
5525336561421385728,5525337248616153088
5525336561421385728,5525337282975891456
5525336561421385728,5525337317335629824
5525336561421385728,5525338038890135552
5525336561421385728,5525338073249873920
5525337282975891456,5525336561421385728
5525337282975891456,5525336595781124096
5525337282975891456,5525337179896676352
5525337282975891456,5525337214256414720
5525337282975891456,5525337248616153088
5525337282975891456,5525337317335629824
5525337282975891456,5525337420414844928
5525337282975891456,5525338038890135552
5525339069682286592,5525333297246240768
5525339069682286592,5525333331605979136
5525339069682286592,5525333434685194240
5525339069682286592,5525338966603071488
5525339069682286592,5525339000962809856
5525339069682286592,5525339035322548224
5525339069682286592,5525339104042024960
5525339069682286592,5525339207121240064
5525340237913391104,5525338726084902912
5525340237913391104,5525338760444641280
5525340237913391104,5525339481999147008
5525340237913391104,5525339516358885376
5525340237913391104,5525339550718623744
5525340237913391104,5525340203553652736
5525340237913391104,5525340272273129472
5525340237913391104,5525340306632867840
5525340959467896832,5525340890748420096
5525340959467896832,5525340925108158464
5525340959467896832,5525340993827635200
5525340959467896832,5525341646662664192
5525340959467896832,5525341681022402560
5525340959467896832,5525341715382140928
5525340959467896832,5525342436936646656
5525340959467896832,5525342471296385024
5525341921540571136,5525224823552212992
5525341921540571136,5525224926631428096
5525341921540571136,5525224960991166464
5525341921540571136,5525341852821094400
5525341921540571136,5525341887180832768
5525341921540571136,5525341955900309504
5525341921540571136,5525341990260047872
5525341921540571136,5525342024619786240
5525341955900309504,5525341784101617664
5525341955900309504,5525341818461356032
5525341955900309504,5525341852821094400
5525341955900309504,5525341887180832768
5525341955900309504,5525341921540571136
5525341955900309504,5525341990260047872
5525341955900309504,5525342024619786240
5525341955900309504,5525342162058739712
5525342162058739712,5525341749741879296
5525342162058739712,5525341784101617664
5525342162058739712,5525341955900309504
5525342162058739712,5525341990260047872
5525342162058739712,5525342093339262976
5525342162058739712,5525342127699001344
5525342162058739712,5525342196418478080
5525342162058739712,5525342230778216448
5525342196418478080,5525341749741879296
5525342196418478080,5525341784101617664
5525342196418478080,5525342127699001344
5525342196418478080,5525342162058739712
5525342196418478080,5525342230778216448
5525342196418478080,5525342265137954816
5525342196418478080,5525342368217169920
5525342196418478080,5525342402576908288
5525342230778216448,5525342127699001344
5525342230778216448,5525342162058739712
5525342230778216448,5525342196418478080
5525342230778216448,5525342265137954816
5525342230778216448,5525342368217169920
5525342230778216448,5526491220429242368
5525342230778216448,5526491254788980736
5525342230778216448,5526491357868195840
5525344773398855680,5525342986692460544
5525344773398855680,5525343021052198912
5525344773398855680,5525343124131414016
5525344773398855680,5525344670319640576
5525344773398855680,5525344704679378944
5525344773398855680,5525344739039117312
5525344773398855680,5525344807758594048
5525344773398855680,5525344842118332416
5525344945197547520,5525344498520948736
5525344945197547520,5525344532880687104
5525344945197547520,5525344876478070784
5525344945197547520,5525344910837809152
5525344945197547520,5525344979557285888
5525344945197547520,5525345013917024256
5525344945197547520,5525345116996239360
5525344945197547520,5525345151355977728
5525345220075454464,5525345151355977728
5525345220075454464,5525345185715716096
5525345220075454464,5525345254435192832
5525345220075454464,5525345288794931200
5525345220075454464,5525345323154669568
5525345220075454464,5525346869342896128
5525345220075454464,5525346972422111232
5525345220075454464,5525347006781849600
5525345254435192832,5525345082636500992
5525345254435192832,5525345116996239360
5525345254435192832,5525345151355977728
5525345254435192832,5525345185715716096
5525345254435192832,5525345220075454464
5525345254435192832,5525345288794931200
5525345254435192832,5525345323154669568
5525345254435192832,5525345460593623040
5525345598032576512,5525345391874146304
5525345598032576512,5525345426233884672
5525345598032576512,5525345529313099776
5525345598032576512,5525345563672838144
5525345598032576512,5525345632392314880
5525345598032576512,5525345666752053248
5525345598032576512,5525346010349436928
5525345598032576512,5525346044709175296
5525346010349436928,5525345598032576512
5525346010349436928,5525345632392314880
5525346010349436928,5525345804191006720
5525346010349436928,5525345838550745088
5525346010349436928,5525345941629960192
5525346010349436928,5525345975989698560
5525346010349436928,5525346044709175296
5525346010349436928,5525346079068913664
5525347006781849600,5525344326722256896
5525347006781849600,5525344429801472000
5525347006781849600,5525344464161210368
5525347006781849600,5525345185715716096
5525347006781849600,5525345220075454464
5525347006781849600,5525346938062372864
5525347006781849600,5525346972422111232
5525347006781849600,5525347041141587968
5525349789920657408,5525349686841442304
5525349789920657408,5525349721201180672
5525349789920657408,5525349755560919040
5525349789920657408,5525349824280395776
5525349789920657408,5525349858640134144
5525349789920657408,5525349996079087616
5525349789920657408,5525350442755686400
5525349789920657408,5525350477115424768
5525350442755686400,5525349755560919040
5525350442755686400,5525349789920657408
5525350442755686400,5525349824280395776
5525350442755686400,5525349996079087616
5525350442755686400,5525350030438825984
5525350442755686400,5525350374036209664
5525350442755686400,5525350408395948032
5525350442755686400,5525350477115424768
5525353191534755840,5525352744858157056
5525353191534755840,5525352779217895424
5525353191534755840,5525353122815279104
5525353191534755840,5525353157175017472
5525353191534755840,5525353225894494208
5525353191534755840,5525353260254232576
5525353191534755840,5525353363333447680
5525353191534755840,5525353397693186048
5525354050528215040,5525353878729523200
5525354050528215040,5525353913089261568
5525354050528215040,5525353947448999936
5525354050528215040,5525353981808738304
5525354050528215040,5525354016168476672
5525354050528215040,5525354084887953408
5525354050528215040,5525354119247691776
5525354050528215040,5525354256686645248
5525355459277488128,5525355390558011392
5525355459277488128,5525355424917749760
5525355459277488128,5525355493637226496
5525355459277488128,5525355527996964864
5525355459277488128,5525355562356703232
5525355459277488128,5525356146472255488
5525355459277488128,5525356180831993856
5525355459277488128,5525358001898127360
5525355665435918336,5525354016168476672
5525355665435918336,5525354119247691776
5525355665435918336,5525354153607430144
5525355665435918336,5525355596716441600
5525355665435918336,5525355631076179968
5525355665435918336,5525355699795656704
5525355665435918336,5525355734155395072
5525355665435918336,5525355768515133440
5525355699795656704,5525355527996964864
5525355699795656704,5525355562356703232
5525355699795656704,5525355596716441600
5525355699795656704,5525355631076179968
5525355699795656704,5525355665435918336
5525355699795656704,5525355734155395072
5525355699795656704,5525355768515133440
5525355699795656704,5525355905954086912
5525355768515133440,5525353981808738304
5525355768515133440,5525354016168476672
5525355768515133440,5525354119247691776
5525355768515133440,5525355665435918336
5525355768515133440,5525355699795656704
5525355768515133440,5525355734155395072
5525355768515133440,5525355802874871808
5525355768515133440,5525355837234610176
5525357452142313472,5525357383422836736
5525357452142313472,5525357417782575104
5525357452142313472,5525357486502051840
5525357452142313472,5525358895251324928
5525357452142313472,5525358929611063296
5525357452142313472,5525383840421380096
5525357452142313472,5525385317890129920
5525357452142313472,5525385352249868288
5525358070617604096,5525355253119057920
5525358070617604096,5525355287478796288
5525358070617604096,5525355321838534656
5525358070617604096,5525357933178650624
5525358070617604096,5525358036257865728
5525358070617604096,5525358104977342464
5525358070617604096,5525358139337080832
5525358070617604096,5525358173696819200
5525358482934464512,5525358276776034304
5525358482934464512,5525358414214987776
5525358482934464512,5525358448574726144
5525358482934464512,5525358517294202880
5525358482934464512,5525358551653941248
5525358482934464512,5525358586013679616
5525358482934464512,5525358620373417984
5525358482934464512,5525358654733156352
5525358620373417984,5525358482934464512
5525358620373417984,5525358586013679616
5525358620373417984,5525358654733156352
5525358620373417984,5525358689092894720
5525358620373417984,5525358723452633088
5525358620373417984,5525358757812371456
5525358620373417984,5525358792172109824
5525358620373417984,5525359238848708608
5525358723452633088,5525357623941005312
5525358723452633088,5525357658300743680
5525358723452633088,5525357692660482048
5525358723452633088,5525358620373417984
5525358723452633088,5525358654733156352
5525358723452633088,5525358689092894720
5525358723452633088,5525358757812371456
5525358723452633088,5525358792172109824
5525358929611063296,5525357452142313472
5525358929611063296,5525357486502051840
5525358929611063296,5525358895251324928
5525358929611063296,5525358963970801664
5525358929611063296,5525358998330540032
5525358929611063296,5525383806061641728
5525358929611063296,5525383840421380096
5525358929611063296,5525385317890129920
5525359032690278400,5525358826531848192
5525359032690278400,5525358963970801664
5525359032690278400,5525358998330540032
5525359032690278400,5525359067050016768
5525359032690278400,5525359101409755136
5525359032690278400,5525359135769493504
5525359032690278400,5525359170129231872
5525359032690278400,5525359204488970240
5525359101409755136,5525359032690278400
5525359101409755136,5525359067050016768
5525359101409755136,5525359135769493504
5525359101409755136,5525359445007138816
5525359101409755136,5525359479366877184
5525359101409755136,5525383290665566208
5525359101409755136,5525383668622688256
5525359101409755136,5525383702982426624
5525359341927923712,5525359307568185344
5525359341927923712,5525359376287662080
5525359341927923712,5525359410647400448
5525359341927923712,5525359754244784128
5525359341927923712,5525359788604522496
5525359341927923712,5525359960403214336
5525359341927923712,5525359994762952704
5525359341927923712,5525360029122691072
5525359994762952704,5525359307568185344
5525359994762952704,5525359341927923712
5525359994762952704,5525359788604522496
5525359994762952704,5525359926043475968
5525359994762952704,5525359960403214336
5525359994762952704,5525360029122691072
5525359994762952704,5525360063482429440
5525359994762952704,5525360097842167808
5525360063482429440,5525358414214987776
5525360063482429440,5525358517294202880
5525360063482429440,5525358551653941248
5525360063482429440,5525359994762952704
5525360063482429440,5525360029122691072
5525360063482429440,5525360097842167808
5525360063482429440,5525360132201906176
5525360063482429440,5525360166561644544
5525360097842167808,5525359926043475968
5525360097842167808,5525359960403214336
5525360097842167808,5525359994762952704
5525360097842167808,5525360029122691072
5525360097842167808,5525360063482429440
5525360097842167808,5525360132201906176
5525360097842167808,5525360166561644544
5525360097842167808,5525360304000598016
5525360235281121280,5525360132201906176
5525360235281121280,5525360166561644544
5525360235281121280,5525360200921382912
5525360235281121280,5525360269640859648
5525360235281121280,5525360304000598016
5525360235281121280,5525360441439551488
5525360235281121280,5525360888116150272
5525360235281121280,5525360922475888640
5525360716317458432,5525360613238243328
5525360716317458432,5525360647597981696
5525360716317458432,5525360681957720064
5525360716317458432,5525360750677196800
5525360716317458432,5525360785036935168
5525360716317458432,5525362228145946624
5525360716317458432,5525362262505684992
5525360716317458432,5525362365584900096
5525362262505684992,5525360613238243328
5525362262505684992,5525360716317458432
5525362262505684992,5525360750677196800
5525362262505684992,5525362193786208256
5525362262505684992,5525362228145946624
5525362262505684992,5525362296865423360
5525362262505684992,5525362331225161728
5525362262505684992,5525362365584900096
5525362434304376832,5525362331225161728
5525362434304376832,5525362365584900096
5525362434304376832,5525362399944638464
5525362434304376832,5525362468664115200
5525362434304376832,5525362503023853568
5525362434304376832,5525362640462807040
5525362434304376832,5525363087139405824
5525362434304376832,5525363121499144192
5525363155858882560,5525360544518766592
5525363155858882560,5525360578878504960
5525363155858882560,5525362399944638464
5525363155858882560,5525363018419929088
5525363155858882560,5525363121499144192
5525363155858882560,5525363190218620928
5525363155858882560,5525363224578359296
5525363155858882560,5525363258938097664
5525363533816004608,5525363430736789504
5525363533816004608,5525363465096527872
5525363533816004608,5525363499456266240
5525363533816004608,5525363568175742976
5525363533816004608,5525363602535481344
5525363533816004608,5525363808693911552
5525363533816004608,5525363843053649920
5525363533816004608,5525363877413388288
5525369203172835328,5525369065733881856
5525369203172835328,5525369168813096960
5525369203172835328,5525369237532573696
5525369203172835328,5525369271892312064
5525369203172835328,5525369306252050432
5525369203172835328,5525373463780392960
5525369203172835328,5525373566859608064
5525369203172835328,5525373601219346432
5525370715001323520,5525359857323999232
5525370715001323520,5525359891683737600
5525370715001323520,5525360338360336384
5525370715001323520,5525370577562370048
5525370715001323520,5525370680641585152
5525370715001323520,5525370749361061888
5525370715001323520,5525370783720800256
5525370715001323520,5525370818080538624
5525371951951904768,5525371814512951296
5525371951951904768,5525371917592166400
5525371951951904768,5525371986311643136
5525371951951904768,5525372020671381504
5525371951951904768,5525372055031119872
5525371951951904768,5525382878348705792
5525371951951904768,5525382912708444160
5525371951951904768,5525382947068182528
5525372673506410496,5525372295549288448
5525372673506410496,5525372329909026816
5525372673506410496,5525372639146672128
5525372673506410496,5525372707866148864
5525372673506410496,5525372742225887232
5525372673506410496,5525378858259316736
5525372673506410496,5525378892619055104
5525372673506410496,5525379270576177152
5525372707866148864,5525372639146672128
5525372707866148864,5525372673506410496
5525372707866148864,5525372742225887232
5525372707866148864,5525372776585625600
5525372707866148864,5525372810945363968
5525372707866148864,5525378755180101632
5525372707866148864,5525378858259316736
5525372707866148864,5525378892619055104
5525372810945363968,5525372707866148864
5525372810945363968,5525372742225887232
5525372810945363968,5525372776585625600
5525372810945363968,5525372845305102336
5525372810945363968,5525372879664840704
5525372810945363968,5525378720820363264
5525372810945363968,5525378755180101632
5525372810945363968,5525378858259316736
5525373120183009280,5525373051463532544
5525373120183009280,5525373085823270912
5525373120183009280,5525373154542747648
5525373120183009280,5525373188902486016
5525373120183009280,5525373291981701120
5525373120183009280,5525373326341439488
5525373120183009280,5525373498140131328
5525373120183009280,5525373532499869696
5525374254054375424,5525368481618329600
5525374254054375424,5525368515978067968
5525374254054375424,5525368619057283072
5525374254054375424,5525374150975160320
5525374254054375424,5525374185334898688
5525374254054375424,5525374219694637056
5525374254054375424,5525374288414113792
5525374254054375424,5525374391493328896
5525374391493328896,5525374219694637056
5525374391493328896,5525374254054375424
5525374391493328896,5525374288414113792
5525374391493328896,5525374322773852160
5525374391493328896,5525374357133590528
5525374391493328896,5525374425853067264
5525374391493328896,5525374460212805632
5525374391493328896,5525374597651759104
5525376075120508928,5525375868962078720
5525376075120508928,5525376006401032192
5525376075120508928,5525376040760770560
5525376075120508928,5525376109480247296
5525376075120508928,5525376143839985664
5525376075120508928,5525376178199724032
5525376075120508928,5525376212559462400
5525376075120508928,5525376246919200768
5525376521797107712,5525375044328357888
5525376521797107712,5525375078688096256
5525376521797107712,5525376487437369344
5525376521797107712,5525376556156846080
5525376521797107712,5525376590516584448
5525376521797107712,5525471766991863808
5525376521797107712,5525471801351602176
5525376521797107712,5525473278820352000
5525376556156846080,5525376487437369344
5525376556156846080,5525376521797107712
5525376556156846080,5525376590516584448
5525376556156846080,5525376624876322816
5525376556156846080,5525376659236061184
5525376556156846080,5525471663912648704
5525376556156846080,5525471766991863808
5525376556156846080,5525471801351602176
5525376590516584448,5525376418717892608
5525376590516584448,5525376453077630976
5525376590516584448,5525376487437369344
5525376590516584448,5525376521797107712
5525376590516584448,5525376556156846080
5525376590516584448,5525376624876322816
5525376590516584448,5525376659236061184
5525376590516584448,5525376796675014656
5525376624876322816,5525376418717892608
5525376624876322816,5525376556156846080
5525376624876322816,5525376590516584448
5525376624876322816,5525376659236061184
5525376624876322816,5525376693595799552
5525376624876322816,5525376727955537920
5525376624876322816,5525376762315276288
5525376624876322816,5525376796675014656
5525376727955537920,5525376624876322816
5525376727955537920,5525376659236061184
5525376727955537920,5525376693595799552
5525376727955537920,5525376762315276288
5525376727955537920,5525376796675014656
5525376727955537920,5525377002833444864
5525376727955537920,5525377037193183232
5525376727955537920,5525377071552921600
5525376796675014656,5525376384358154240
5525376796675014656,5525376418717892608
5525376796675014656,5525376590516584448
5525376796675014656,5525376624876322816
5525376796675014656,5525376727955537920
5525376796675014656,5525376762315276288
5525376796675014656,5525376831034753024
5525376796675014656,5525376865394491392
5525377655668473856,5525376006401032192
5525377655668473856,5525376109480247296
5525377655668473856,5525376143839985664
5525377655668473856,5525377586948997120
5525377655668473856,5525377621308735488
5525377655668473856,5525377690028212224
5525377655668473856,5525377724387950592
5525377655668473856,5525377758747688960
5525377724387950592,5525377518229520384
5525377724387950592,5525377655668473856
5525377724387950592,5525377690028212224
5525377724387950592,5525377758747688960
5525377724387950592,5525377793107427328
5525377724387950592,5525377827467165696
5525377724387950592,5525377861826904064
5525377724387950592,5525377896186642432
5525377758747688960,5525375972041293824
5525377758747688960,5525376006401032192
5525377758747688960,5525376109480247296
5525377758747688960,5525377655668473856
5525377758747688960,5525377690028212224
5525377758747688960,5525377724387950592
5525377758747688960,5525377793107427328
5525377758747688960,5525377827467165696
5525377827467165696,5525377724387950592
5525377827467165696,5525377758747688960
5525377827467165696,5525377793107427328
5525377827467165696,5525377861826904064
5525377827467165696,5525377896186642432
5525377827467165696,5525378033625595904
5525377827467165696,5525378480302194688
5525377827467165696,5525378514661933056
5525377861826904064,5525377724387950592
5525377861826904064,5525377827467165696
5525377861826904064,5525377896186642432
5525377861826904064,5525377930546380800
5525377861826904064,5525377964906119168
5525377861826904064,5525377999265857536
5525377861826904064,5525378033625595904
5525377861826904064,5525378480302194688
5525377896186642432,5525377483869782016
5525377896186642432,5525377518229520384
5525377896186642432,5525377690028212224
5525377896186642432,5525377724387950592
5525377896186642432,5525377827467165696
5525377896186642432,5525377861826904064
5525377896186642432,5525377930546380800
5525377896186642432,5525377964906119168
5525378308503502848,5525378205424287744
5525378308503502848,5525378239784026112
5525378308503502848,5525378274143764480
5525378308503502848,5525378342863241216
5525378308503502848,5525378377222979584
5525378308503502848,5525379820331991040
5525378308503502848,5525379854691729408
5525378308503502848,5525379957770944512
5525378342863241216,5525378274143764480
5525378342863241216,5525378308503502848
5525378342863241216,5525378377222979584
5525378342863241216,5525379030058008576
5525378342863241216,5525379064417746944
5525378342863241216,5525379098777485312
5525378342863241216,5525379820331991040
5525378342863241216,5525379854691729408
5525378377222979584,5525378274143764480
5525378377222979584,5525378308503502848
5525378377222979584,5525378342863241216
5525378377222979584,5525378411582717952
5525378377222979584,5525378445942456320
5525378377222979584,5525378583381409792
5525378377222979584,5525379030058008576
5525378377222979584,5525379064417746944
5525378583381409792,5525378377222979584
5525378583381409792,5525378411582717952
5525378583381409792,5525378514661933056
5525378583381409792,5525378549021671424
5525378583381409792,5525378617741148160
5525378583381409792,5525378652100886528
5525378583381409792,5525378995698270208
5525378583381409792,5525379030058008576
5525378652100886528,5525375903321817088
5525378652100886528,5525375937681555456
5525378652100886528,5525375972041293824
5525378652100886528,5525378549021671424
5525378652100886528,5525378583381409792
5525378652100886528,5525378617741148160
5525378652100886528,5525378686460624896
5525378652100886528,5525378789539840000
5525378686460624896,5525375800242601984
5525378686460624896,5525375903321817088
5525378686460624896,5525375937681555456
5525378686460624896,5525378617741148160
5525378686460624896,5525378652100886528
5525378686460624896,5525378720820363264
5525378686460624896,5525378755180101632
5525378686460624896,5525378789539840000
5525378789539840000,5525378617741148160
5525378789539840000,5525378652100886528
5525378789539840000,5525378686460624896
5525378789539840000,5525378720820363264
5525378789539840000,5525378755180101632
5525378789539840000,5525378823899578368
5525378789539840000,5525378858259316736
5525378789539840000,5525378995698270208
5525378823899578368,5525378617741148160
5525378823899578368,5525378755180101632
5525378823899578368,5525378789539840000
5525378823899578368,5525378858259316736
5525378823899578368,5525378892619055104
5525378823899578368,5525378926978793472
5525378823899578368,5525378961338531840
5525378823899578368,5525378995698270208
5525378858259316736,5525372673506410496
5525378858259316736,5525372707866148864
5525378858259316736,5525372810945363968
5525378858259316736,5525378755180101632
5525378858259316736,5525378789539840000
5525378858259316736,5525378823899578368
5525378858259316736,5525378892619055104
5525378858259316736,5525378926978793472
5525378892619055104,5525372295549288448
5525378892619055104,5525372673506410496
5525378892619055104,5525372707866148864
5525378892619055104,5525378823899578368
5525378892619055104,5525378858259316736
5525378892619055104,5525378926978793472
5525378892619055104,5525379236216438784
5525378892619055104,5525379270576177152
5525378926978793472,5525378823899578368
5525378926978793472,5525378858259316736
5525378926978793472,5525378892619055104
5525378926978793472,5525378961338531840
5525378926978793472,5525378995698270208
5525378926978793472,5525379201856700416
5525378926978793472,5525379236216438784
5525378926978793472,5525379270576177152
5525378961338531840,5525378823899578368
5525378961338531840,5525378926978793472
5525378961338531840,5525378995698270208
5525378961338531840,5525379030058008576
5525378961338531840,5525379064417746944
5525378961338531840,5525379098777485312
5525378961338531840,5525379201856700416
5525378961338531840,5525379236216438784
5525378995698270208,5525378583381409792
5525378995698270208,5525378617741148160
5525378995698270208,5525378789539840000
5525378995698270208,5525378823899578368
5525378995698270208,5525378926978793472
5525378995698270208,5525378961338531840
5525378995698270208,5525379030058008576
5525378995698270208,5525379064417746944
5525379030058008576,5525378342863241216
5525379030058008576,5525378377222979584
5525379030058008576,5525378411582717952
5525379030058008576,5525378583381409792
5525379030058008576,5525378617741148160
5525379030058008576,5525378961338531840
5525379030058008576,5525378995698270208
5525379030058008576,5525379064417746944
5525379064417746944,5525378342863241216
5525379064417746944,5525378377222979584
5525379064417746944,5525378961338531840
5525379064417746944,5525378995698270208
5525379064417746944,5525379030058008576
5525379064417746944,5525379098777485312
5525379064417746944,5525379201856700416
5525379064417746944,5525379820331991040
5525379098777485312,5525378342863241216
5525379098777485312,5525378961338531840
5525379098777485312,5525379064417746944
5525379098777485312,5525379133137223680
5525379098777485312,5525379167496962048
5525379098777485312,5525379201856700416
5525379098777485312,5525379785972252672
5525379098777485312,5525379820331991040
5525379133137223680,5525379098777485312
5525379133137223680,5525379167496962048
5525379133137223680,5525379201856700416
5525379133137223680,5525379545454084096
5525379133137223680,5525379579813822464
5525379133137223680,5525379751612514304
5525379133137223680,5525379785972252672
5525379133137223680,5525379820331991040
5525379167496962048,5525379098777485312
5525379167496962048,5525379133137223680
5525379167496962048,5525379201856700416
5525379167496962048,5525379236216438784
5525379167496962048,5525379339295653888
5525379167496962048,5525379373655392256
5525379167496962048,5525379545454084096
5525379167496962048,5525379579813822464
5525379201856700416,5525378926978793472
5525379201856700416,5525378961338531840
5525379201856700416,5525379064417746944
5525379201856700416,5525379098777485312
5525379201856700416,5525379133137223680
5525379201856700416,5525379167496962048
5525379201856700416,5525379236216438784
5525379201856700416,5525379339295653888
5525379236216438784,5525378892619055104
5525379236216438784,5525378926978793472
5525379236216438784,5525378961338531840
5525379236216438784,5525379167496962048
5525379236216438784,5525379201856700416
5525379236216438784,5525379270576177152
5525379236216438784,5525379304935915520
5525379236216438784,5525379339295653888
5525379785972252672,5525379098777485312
5525379785972252672,5525379133137223680
5525379785972252672,5525379579813822464
5525379785972252672,5525379717252775936
5525379785972252672,5525379751612514304
5525379785972252672,5525379820331991040
5525379785972252672,5525379854691729408
5525379785972252672,5525379889051467776
5525379820331991040,5525378308503502848
5525379820331991040,5525378342863241216
5525379820331991040,5525379064417746944
5525379820331991040,5525379098777485312
5525379820331991040,5525379133137223680
5525379820331991040,5525379785972252672
5525379820331991040,5525379854691729408
5525379820331991040,5525379889051467776
5525379854691729408,5525378205424287744
5525379854691729408,5525378308503502848
5525379854691729408,5525378342863241216
5525379854691729408,5525379785972252672
5525379854691729408,5525379820331991040
5525379854691729408,5525379889051467776
5525379854691729408,5525379923411206144
5525379854691729408,5525379957770944512
5525379889051467776,5525379717252775936
5525379889051467776,5525379751612514304
5525379889051467776,5525379785972252672
5525379889051467776,5525379820331991040
5525379889051467776,5525379854691729408
5525379889051467776,5525379923411206144
5525379889051467776,5525379957770944512
5525379889051467776,5525380095209897984
5525380267008589824,5525380198289113088
5525380267008589824,5525380232648851456
5525380267008589824,5525380301368328192
5525380267008589824,5525380335728066560
5525380267008589824,5525380438807281664
5525380267008589824,5525380473167020032
5525380267008589824,5525380644965711872
5525380267008589824,5525380679325450240
5525380370087804928,5525379614173560832
5525380370087804928,5525379648533299200
5525380370087804928,5525379682893037568
5525380370087804928,5525380335728066560
5525380370087804928,5525380404447543296
5525380370087804928,5525380438807281664
5525380370087804928,5525382156794200064
5525380370087804928,5525382191153938432
5525380404447543296,5525380335728066560
5525380404447543296,5525380370087804928
5525380404447543296,5525380438807281664
5525380404447543296,5525380473167020032
5525380404447543296,5525380507526758400
5525380404447543296,5525382053714984960
5525380404447543296,5525382156794200064
5525380404447543296,5525382191153938432
5525380438807281664,5525380267008589824
5525380438807281664,5525380301368328192
5525380438807281664,5525380335728066560
5525380438807281664,5525380370087804928
5525380438807281664,5525380404447543296
5525380438807281664,5525380473167020032
5525380438807281664,5525380507526758400
5525380438807281664,5525380644965711872
5525380473167020032,5525380267008589824
5525380473167020032,5525380404447543296
5525380473167020032,5525380438807281664
5525380473167020032,5525380507526758400
5525380473167020032,5525380541886496768
5525380473167020032,5525380576246235136
5525380473167020032,5525380610605973504
5525380473167020032,5525380644965711872
5525380541886496768,5525380473167020032
5525380541886496768,5525380507526758400
5525380541886496768,5525380576246235136
5525380541886496768,5525381229081264128
5525380541886496768,5525381263441002496
5525380541886496768,5525381297800740864
5525380541886496768,5525382019355246592
5525380541886496768,5525382053714984960
5525380576246235136,5525380473167020032
5525380576246235136,5525380507526758400
5525380576246235136,5525380541886496768
5525380576246235136,5525380610605973504
5525380576246235136,5525380644965711872
5525380576246235136,5525380782404665344
5525380576246235136,5525381229081264128
5525380576246235136,5525381263441002496
5525380644965711872,5525380232648851456
5525380644965711872,5525380267008589824
5525380644965711872,5525380438807281664
5525380644965711872,5525380473167020032
5525380644965711872,5525380576246235136
5525380644965711872,5525380610605973504
5525380644965711872,5525380679325450240
5525380644965711872,5525380713685188608
5525380782404665344,5525380576246235136
5525380782404665344,5525380610605973504
5525380782404665344,5525380713685188608
5525380782404665344,5525380748044926976
5525380782404665344,5525380816764403712
5525380782404665344,5525380851124142080
5525380782404665344,5525381194721525760
5525380782404665344,5525381229081264128
5525380816764403712,5525380748044926976
5525380816764403712,5525380782404665344
5525380816764403712,5525380851124142080
5525380816764403712,5525380885483880448
5525380816764403712,5525380988563095552
5525380816764403712,5525381022922833920
5525380816764403712,5525381194721525760
5525380816764403712,5525381229081264128
5525380851124142080,5525380748044926976
5525380851124142080,5525380782404665344
5525380851124142080,5525380816764403712
5525380851124142080,5525380885483880448
5525380851124142080,5525380988563095552
5525380851124142080,5525391227765129216
5525380851124142080,5525391674441728000
5525380851124142080,5525391708801466368
5525380919843618816,5525380885483880448
5525380919843618816,5525380954203357184
5525380919843618816,5525380988563095552
5525380919843618816,5525388204108152832
5525380919843618816,5525388238467891200
5525380919843618816,5525391159045652480
5525380919843618816,5525391193405390848
5525380919843618816,5525391227765129216
5525380954203357184,5525380885483880448
5525380954203357184,5525380919843618816
5525380954203357184,5525380988563095552
5525380954203357184,5525381022922833920
5525380954203357184,5525381057282572288
5525380954203357184,5525388101028937728
5525380954203357184,5525388204108152832
5525380954203357184,5525388238467891200
5525380988563095552,5525380816764403712
5525380988563095552,5525380851124142080
5525380988563095552,5525380885483880448
5525380988563095552,5525380919843618816
5525380988563095552,5525380954203357184
5525380988563095552,5525381022922833920
5525380988563095552,5525381057282572288
5525380988563095552,5525381194721525760
5525381057282572288,5525380954203357184
5525381057282572288,5525380988563095552
5525381057282572288,5525381022922833920
5525381057282572288,5525381091642310656
5525381057282572288,5525381126002049024
5525381057282572288,5525388066669199360
5525381057282572288,5525388101028937728
5525381057282572288,5525388204108152832
5525381091642310656,5525381022922833920
5525381091642310656,5525381057282572288
5525381091642310656,5525381126002049024
5525381091642310656,5525381435239694336
5525381091642310656,5525381469599432704
5525381091642310656,5525387688712077312
5525381091642310656,5525388066669199360
5525381091642310656,5525388101028937728
5525381126002049024,5525381022922833920
5525381126002049024,5525381057282572288
5525381126002049024,5525381091642310656
5525381126002049024,5525381160361787392
5525381126002049024,5525381194721525760
5525381126002049024,5525381400879955968
5525381126002049024,5525381435239694336
5525381126002049024,5525381469599432704
5525381229081264128,5525380541886496768
5525381229081264128,5525380576246235136
5525381229081264128,5525380610605973504
5525381229081264128,5525380782404665344
5525381229081264128,5525380816764403712
5525381229081264128,5525381160361787392
5525381229081264128,5525381194721525760
5525381229081264128,5525381263441002496
5525381263441002496,5525380541886496768
5525381263441002496,5525380576246235136
5525381263441002496,5525381160361787392
5525381263441002496,5525381194721525760
5525381263441002496,5525381229081264128
5525381263441002496,5525381297800740864
5525381263441002496,5525381400879955968
5525381263441002496,5525382019355246592
5525381469599432704,5525381091642310656
5525381469599432704,5525381126002049024
5525381469599432704,5525381435239694336
5525381469599432704,5525381503959171072
5525381469599432704,5525381538318909440
5525381469599432704,5525387654352338944
5525381469599432704,5525387688712077312
5525381469599432704,5525388066669199360
5525381538318909440,5525381366520217600
5525381538318909440,5525381400879955968
5525381538318909440,5525381435239694336
5525381538318909440,5525381469599432704
5525381538318909440,5525381503959171072
5525381538318909440,5525381572678647808
5525381538318909440,5525381607038386176
5525381538318909440,5525381744477339648
5525381572678647808,5525381366520217600
5525381572678647808,5525381503959171072
5525381572678647808,5525381538318909440
5525381572678647808,5525381607038386176
5525381572678647808,5525381641398124544
5525381572678647808,5525381675757862912
5525381572678647808,5525381710117601280
5525381572678647808,5525381744477339648
5525381607038386176,5525381503959171072
5525381607038386176,5525381538318909440
5525381607038386176,5525381572678647808
5525381607038386176,5525381641398124544
5525381607038386176,5525381675757862912
5525381607038386176,5525387516913385472
5525381607038386176,5525387551273123840
5525381607038386176,5525387654352338944
5525381641398124544,5525381572678647808
5525381641398124544,5525381607038386176
5525381641398124544,5525381675757862912
5525381641398124544,5525384458896670720
5525381641398124544,5525384561975885824
5525381641398124544,5525384596335624192
5525381641398124544,5525387516913385472
5525381641398124544,5525387551273123840
5525381675757862912,5525381572678647808
5525381675757862912,5525381607038386176
5525381675757862912,5525381641398124544
5525381675757862912,5525381710117601280
5525381675757862912,5525381744477339648
5525381675757862912,5525384424536932352
5525381675757862912,5525384458896670720
5525381675757862912,5525384561975885824
5525382053714984960,5525380404447543296
5525382053714984960,5525380507526758400
5525382053714984960,5525380541886496768
5525382053714984960,5525381984995508224
5525382053714984960,5525382019355246592
5525382053714984960,5525382088074723328
5525382053714984960,5525382122434461696
5525382053714984960,5525382156794200064
5525382191153938432,5525379511094345728
5525382191153938432,5525379614173560832
5525382191153938432,5525379648533299200
5525382191153938432,5525380370087804928
5525382191153938432,5525380404447543296
5525382191153938432,5525382122434461696
5525382191153938432,5525382156794200064
5525382191153938432,5525382225513676800
5525382466031845376,5525382397312368640
5525382466031845376,5525382431672107008
5525382466031845376,5525382500391583744
5525382466031845376,5525382534751322112
5525382466031845376,5525382637830537216
5525382466031845376,5525382672190275584
5525382466031845376,5525382843988967424
5525382466031845376,5525382878348705792
5525382809629229056,5525382672190275584
5525382809629229056,5525382775269490688
5525382809629229056,5525382843988967424
5525382809629229056,5525382878348705792
5525382809629229056,5525382912708444160
5525382809629229056,5525382947068182528
5525382809629229056,5525382981427920896
5525382809629229056,5525383428104519680
5525382912708444160,5525371917592166400
5525382912708444160,5525371951951904768
5525382912708444160,5525372055031119872
5525382912708444160,5525382809629229056
5525382912708444160,5525382843988967424
5525382912708444160,5525382878348705792
5525382912708444160,5525382947068182528
5525382912708444160,5525382981427920896
5525382981427920896,5525382775269490688
5525382981427920896,5525382809629229056
5525382981427920896,5525382912708444160
5525382981427920896,5525382947068182528
5525382981427920896,5525383015787659264
5525382981427920896,5525383050147397632
5525382981427920896,5525383393744781312
5525382981427920896,5525383428104519680
5525383806061641728,5525358929611063296
5525383806061641728,5525358963970801664
5525383806061641728,5525359067050016768
5525383806061641728,5525383702982426624
5525383806061641728,5525383737342164992
5525383806061641728,5525383771701903360
5525383806061641728,5525383840421380096
5525383806061641728,5525383874781118464
5525383840421380096,5525357452142313472
5525383840421380096,5525358929611063296
5525383840421380096,5525358963970801664
5525383840421380096,5525383771701903360
5525383840421380096,5525383806061641728
5525383840421380096,5525383874781118464
5525383840421380096,5525385283530391552
5525383840421380096,5525385317890129920
5525383874781118464,5525383771701903360
5525383874781118464,5525383806061641728
5525383874781118464,5525383840421380096
5525383874781118464,5525383909140856832
5525383874781118464,5525383943500595200
5525383874781118464,5525385249170653184
5525383874781118464,5525385283530391552
5525383874781118464,5525385317890129920
5525383943500595200,5525383531183734784
5525383943500595200,5525383565543473152
5525383943500595200,5525383737342164992
5525383943500595200,5525383771701903360
5525383943500595200,5525383874781118464
5525383943500595200,5525383909140856832
5525383943500595200,5525383977860333568
5525383943500595200,5525384012220071936
5525384046579810304,5525383977860333568
5525384046579810304,5525384012220071936
5525384046579810304,5525384080939548672
5525384046579810304,5525384115299287040
5525384046579810304,5525384149659025408
5525384046579810304,5525385077371961344
5525384046579810304,5525385111731699712
5525384046579810304,5525385146091438080
5525384424536932352,5525381675757862912
5525384424536932352,5525381710117601280
5525384424536932352,5525381813196816384
5525384424536932352,5525384321457717248
5525384424536932352,5525384355817455616
5525384424536932352,5525384390177193984
5525384424536932352,5525384458896670720
5525384424536932352,5525384493256409088
5525384458896670720,5525381641398124544
5525384458896670720,5525381675757862912
5525384458896670720,5525381710117601280
5525384458896670720,5525384321457717248
5525384458896670720,5525384424536932352
5525384458896670720,5525384493256409088
5525384458896670720,5525384527616147456
5525384458896670720,5525384561975885824
5525384493256409088,5525384080939548672
5525384493256409088,5525384115299287040
5525384493256409088,5525384287097978880
5525384493256409088,5525384321457717248
5525384493256409088,5525384424536932352
5525384493256409088,5525384458896670720
5525384493256409088,5525384527616147456
5525384493256409088,5525384561975885824
5525384527616147456,5525384080939548672
5525384527616147456,5525384115299287040
5525384527616147456,5525384458896670720
5525384527616147456,5525384493256409088
5525384527616147456,5525384561975885824
5525384527616147456,5525384596335624192
5525384527616147456,5525384630695362560
5525384527616147456,5525385077371961344
5525384561975885824,5525381641398124544
5525384561975885824,5525381675757862912
5525384561975885824,5525384458896670720
5525384561975885824,5525384493256409088
5525384561975885824,5525384527616147456
5525384561975885824,5525384596335624192
5525384561975885824,5525384630695362560
5525384561975885824,5525387516913385472
5525384596335624192,5525381641398124544
5525384596335624192,5525384527616147456
5525384596335624192,5525384561975885824
5525384596335624192,5525384630695362560
5525384596335624192,5525384665055100928
5525384596335624192,5525384699414839296
5525384596335624192,5525387482553647104
5525384596335624192,5525387516913385472
5525384699414839296,5525384596335624192
5525384699414839296,5525384630695362560
5525384699414839296,5525384665055100928
5525384699414839296,5525384733774577664
5525384699414839296,5525384836853792768
5525384699414839296,5525387448193908736
5525384699414839296,5525387482553647104
5525384699414839296,5525387516913385472
5525384802494054400,5525384733774577664
5525384802494054400,5525384768134316032
5525384802494054400,5525384836853792768
5525384802494054400,5525384871213531136
5525384802494054400,5525384905573269504
5525384802494054400,5525386451761496064
5525384802494054400,5525386554840711168
5525384802494054400,5525386589200449536
5525385008652484608,5525384871213531136
5525385008652484608,5525384974292746240
5525385008652484608,5525385043012222976
5525385008652484608,5525385077371961344
5525385008652484608,5525385111731699712
5525385008652484608,5525385146091438080
5525385008652484608,5525385180451176448
5525385008652484608,5525385627127775232
5525385180451176448,5525384974292746240
5525385180451176448,5525385008652484608
5525385180451176448,5525385111731699712
5525385180451176448,5525385146091438080
5525385180451176448,5525385214810914816
5525385180451176448,5525385249170653184
5525385180451176448,5525385592768036864
5525385180451176448,5525385627127775232
5525385283530391552,5525383840421380096
5525385283530391552,5525383874781118464
5525385283530391552,5525383909140856832
5525385283530391552,5525385214810914816
5525385283530391552,5525385249170653184
5525385283530391552,5525385317890129920
5525385283530391552,5525385352249868288
5525385283530391552,5525385386609606656
5525385317890129920,5525357417782575104
5525385317890129920,5525357452142313472
5525385317890129920,5525358929611063296
5525385317890129920,5525383840421380096
5525385317890129920,5525383874781118464
5525385317890129920,5525385283530391552
5525385317890129920,5525385352249868288
5525385317890129920,5525385386609606656
5525385627127775232,5525384939933007872
5525385627127775232,5525384974292746240
5525385627127775232,5525385008652484608
5525385627127775232,5525385180451176448
5525385627127775232,5525385214810914816
5525385627127775232,5525385558408298496
5525385627127775232,5525385592768036864
5525385627127775232,5525385661487513600
5525385695847251968,5525384939933007872
5525385695847251968,5525385558408298496
5525385695847251968,5525385661487513600
5525385695847251968,5525385730206990336
5525385695847251968,5525385764566728704
5525385695847251968,5525385798926467072
5525385695847251968,5525386383042019328
5525385695847251968,5525386417401757696
5525385730206990336,5525385695847251968
5525385730206990336,5525385764566728704
5525385730206990336,5525385798926467072
5525385730206990336,5525386142523850752
5525385730206990336,5525386176883589120
5525385730206990336,5525386348682280960
5525385730206990336,5525386383042019328
5525385730206990336,5525386417401757696
5525385764566728704,5525385695847251968
5525385764566728704,5525385730206990336
5525385764566728704,5525385798926467072
5525385764566728704,5525385833286205440
5525385764566728704,5525385936365420544
5525385764566728704,5525385970725158912
5525385764566728704,5525386142523850752
5525385764566728704,5525386176883589120
5525385798926467072,5525385524048560128
5525385798926467072,5525385558408298496
5525385798926467072,5525385661487513600
5525385798926467072,5525385695847251968
5525385798926467072,5525385730206990336
5525385798926467072,5525385764566728704
5525385798926467072,5525385833286205440
5525385798926467072,5525385936365420544
5525386417401757696,5525384905573269504
5525386417401757696,5525384939933007872
5525386417401757696,5525385661487513600
5525386417401757696,5525385695847251968
5525386417401757696,5525385730206990336
5525386417401757696,5525386383042019328
5525386417401757696,5525386451761496064
5525386417401757696,5525386486121234432
5525386589200449536,5525384768134316032
5525386589200449536,5525384802494054400
5525386589200449536,5525386520480972800
5525386589200449536,5525386554840711168
5525386589200449536,5525386623560187904
5525386589200449536,5525387276395216896
5525386589200449536,5525387310754955264
5525386589200449536,5525387345114693632
5525387448193908736,5525384699414839296
5525387448193908736,5525384733774577664
5525387448193908736,5525384768134316032
5525387448193908736,5525387345114693632
5525387448193908736,5525387379474432000
5525387448193908736,5525387413834170368
5525387448193908736,5525387482553647104
5525387448193908736,5525387585632862208
5525387482553647104,5525384596335624192
5525387482553647104,5525384699414839296
5525387482553647104,5525384733774577664
5525387482553647104,5525387413834170368
5525387482553647104,5525387448193908736
5525387482553647104,5525387516913385472
5525387482553647104,5525387551273123840
5525387482553647104,5525387585632862208
5525387929230245888,5525387894870507520
5525387929230245888,5525387963589984256
5525387929230245888,5525387997949722624
5525387929230245888,5525388341547106304
5525387929230245888,5525388375906844672
5525387929230245888,5525388547705536512
5525387929230245888,5525388582065274880
5525387929230245888,5525388616425013248
5525387963589984256,5525387894870507520
5525387963589984256,5525387929230245888
5525387963589984256,5525387997949722624
5525387963589984256,5525388032309460992
5525387963589984256,5525388135388676096
5525387963589984256,5525388169748414464
5525387963589984256,5525388341547106304
5525387963589984256,5525388375906844672
5525388272827629568,5525388169748414464
5525388272827629568,5525388204108152832
5525388272827629568,5525388238467891200
5525388272827629568,5525388307187367936
5525388272827629568,5525388341547106304
5525388272827629568,5525391021606699008
5525388272827629568,5525391055966437376
5525388272827629568,5525391159045652480
5525388307187367936,5525388169748414464
5525388307187367936,5525388272827629568
5525388307187367936,5525388341547106304
5525388307187367936,5525388375906844672
5525388307187367936,5525388410266583040
5525388307187367936,5525390987246960640
5525388307187367936,5525391021606699008
5525388307187367936,5525391055966437376
5525388341547106304,5525387929230245888
5525388341547106304,5525387963589984256
5525388341547106304,5525388135388676096
5525388341547106304,5525388169748414464
5525388341547106304,5525388272827629568
5525388341547106304,5525388307187367936
5525388341547106304,5525388375906844672
5525388341547106304,5525388410266583040
5525388375906844672,5525387929230245888
5525388375906844672,5525387963589984256
5525388375906844672,5525388307187367936
5525388375906844672,5525388341547106304
5525388375906844672,5525388410266583040
5525388375906844672,5525388444626321408
5525388375906844672,5525388547705536512
5525388375906844672,5525388582065274880
5525388410266583040,5525388307187367936
5525388410266583040,5525388341547106304
5525388410266583040,5525388375906844672
5525388410266583040,5525388444626321408
5525388410266583040,5525388547705536512
5525388410266583040,5525389166180827136
5525388410266583040,5525390987246960640
5525388410266583040,5525391021606699008
5525388444626321408,5525388375906844672
5525388444626321408,5525388410266583040
5525388444626321408,5525388478986059776
5525388444626321408,5525388513345798144
5525388444626321408,5525388547705536512
5525388444626321408,5525389131821088768
5525388444626321408,5525389166180827136
5525388444626321408,5525390987246960640
5525388547705536512,5525387929230245888
5525388547705536512,5525388375906844672
5525388547705536512,5525388410266583040
5525388547705536512,5525388444626321408
5525388547705536512,5525388478986059776
5525388547705536512,5525388513345798144
5525388547705536512,5525388582065274880
5525388547705536512,5525388685144489984
