cid,neighborCid
9797001907493928960,9797001838774452224
9797001907493928960,9797001873134190592
9797001907493928960,9797001941853667328
9797001907493928960,9797004724992475136
9797001907493928960,9797004828071690240
9797001907493928960,9797004862431428608
9797001907493928960,9797007783009189888
9797001907493928960,9797007817368928256
9797012524653084672,9797011803098578944
9797012524653084672,9797011837458317312
9797012524653084672,9797012421573869568
9797012524653084672,9797012455933607936
9797012524653084672,9797012490293346304
9797012524653084672,9797012559012823040
9797012524653084672,9797012662092038144
9797012524653084672,9797013280567328768
9797013830323142656,9797013795963404288
9797013830323142656,9797013864682881024
9797013830323142656,9797013899042619392
9797013830323142656,9797015617029537792
9797013830323142656,9797015651389276160
9797013830323142656,9797016372943781888
9797013830323142656,9797016407303520256
9797013830323142656,9797016510382735360
9797017300656717824,5959576549823873024
9797017300656717824,5959576584183611392
9797017300656717824,5959578061652361216
9797017300656717824,9797009982032445440
9797017300656717824,9797010016392183808
9797017300656717824,9797017231937241088
9797017300656717824,9797017266296979456
9797017300656717824,9797017335016456192
9797018056570961920,5959200516847173632
9797018056570961920,5959200551206912000
9797018056570961920,5959575862629105664
9797018056570961920,9797017919132008448
9797018056570961920,9797018022211223552
9797018056570961920,9797018090930700288
9797018056570961920,9797018125290438656
9797018056570961920,9797018159650177024
9797020564831862784,9797020461752647680
9797020564831862784,9797020496112386048
9797020564831862784,9797020530472124416
9797020564831862784,9797020599191601152
9797020564831862784,9797020633551339520
9797020564831862784,9797022076660350976
9797020564831862784,9797022111020089344
9797020564831862784,9797022214099304448
9797022420257734656,9797019499679973376
9797022420257734656,9797019534039711744
9797022420257734656,9797022317178519552
9797022420257734656,9797022351538257920
9797022420257734656,9797022385897996288
9797022420257734656,9797022454617473024
9797022420257734656,9797022488977211392
9797022420257734656,9797025375195234304
9797040321681424384,9797040115522994176
9797040321681424384,9797040252961947648
9797040321681424384,9797040287321686016
9797040321681424384,9797040356041162752
9797040321681424384,9797040390400901120
9797040321681424384,9797040424760639488
9797040321681424384,9797040459120377856
9797040321681424384,9797040493480116224
9797041970948866048,9797041764790435840
9797041970948866048,9797041902229389312
9797041970948866048,9797041936589127680
9797041970948866048,9797042005308604416
9797041970948866048,9797042039668342784
9797041970948866048,9797042074028081152
9797041970948866048,9797042108387819520
9797041970948866048,9797042142747557888
9797045510001917952,9797044788447412224
9797045510001917952,9797044822807150592
9797045510001917952,9797045406922702848
9797045510001917952,9797045441282441216
9797045510001917952,9797045475642179584
9797045510001917952,9797045544361656320
9797045510001917952,9797045647440871424
9797045510001917952,9797046265916162048
9797045613081133056,9797045544361656320
9797045613081133056,9797045578721394688
9797045613081133056,9797045647440871424
9797045613081133056,9797045681800609792
9797045613081133056,9797045784879824896
9797045613081133056,9797045819239563264
9797045613081133056,9797045991038255104
9797045613081133056,9797046025397993472
9797046025397993472,9797045578721394688
9797046025397993472,9797045613081133056
9797046025397993472,9797045956678516736
9797046025397993472,9797045991038255104
9797046025397993472,9797046059757731840
9797046025397993472,9797046094117470208
9797046025397993472,9797046197196685312
9797046025397993472,9797046231556423680
9797046197196685312,9797045578721394688
9797046197196685312,9797046025397993472
9797046197196685312,9797046059757731840
9797046197196685312,9797046094117470208
9797046197196685312,9797046128477208576
9797046197196685312,9797046162836946944
9797046197196685312,9797046231556423680
9797046197196685312,9797046334635638784
9797047159269359616,9797036164153081856
9797047159269359616,9797036198512820224
9797047159269359616,9797036301592035328
9797047159269359616,9797047056190144512
9797047159269359616,9797047090549882880
9797047159269359616,9797047124909621248
9797047159269359616,9797047193629097984
9797047159269359616,9797047227988836352
9797052794266451968,9797052175791161344
9797052794266451968,9797052622467760128
9797052794266451968,9797052656827498496
9797052794266451968,9797052691187236864
9797052794266451968,9797052725546975232
9797052794266451968,9797052759906713600
9797052794266451968,9797052828626190336
9797052794266451968,9797052931705405440
9797053962497556480,5959163167811567616
9797053962497556480,5959164645280317440
9797053962497556480,5959164679640055808
9797053962497556480,9797053928137818112
9797053962497556480,9797053996857294848
9797053962497556480,9797054031217033216
9797053962497556480,9797061246762090496
9797053962497556480,9797061281121828864
9797053996857294848,9797053928137818112
9797053996857294848,9797053962497556480
9797053996857294848,9797054031217033216
9797053996857294848,9797054065576771584
9797053996857294848,9797054099936509952
9797053996857294848,9797061143682875392
9797053996857294848,9797061246762090496
9797053996857294848,9797061281121828864
9797056642557149184,9797056367679242240
9797056642557149184,9797056402038980608
9797056642557149184,9797056505118195712
9797056642557149184,9797056539477934080
9797056642557149184,9797056573837672448
9797056642557149184,9797056608197410816
9797056642557149184,9797056676916887552
9797056642557149184,9797056779996102656
9797057742068776960,9797057638989561856
9797057742068776960,9797057673349300224
9797057742068776960,9797057707709038592
9797057742068776960,9797057776428515328
9797057742068776960,9797057879507730432
9797057742068776960,9797060490847846400
9797057742068776960,9797060525207584768
9797057742068776960,9797060559567323136
9797059872372555776,9797059666214125568
9797059872372555776,9797059700573863936
9797059872372555776,9797059803653079040
9797059872372555776,9797059838012817408
9797059872372555776,9797059906732294144
9797059872372555776,9797059941092032512
9797059872372555776,9797060284689416192
9797059872372555776,9797060319049154560
9797060937524445184,9797060181610201088
9797060937524445184,9797060800085491712
9797060937524445184,9797060903164706816
9797060937524445184,9797060971884183552
9797060937524445184,9797061006243921920
9797060937524445184,9797061040603660288
9797060937524445184,9797061624719212544
9797060937524445184,9797061659078950912
9797060971884183552,9797060937524445184
9797060971884183552,9797061006243921920
9797060971884183552,9797061040603660288
9797060971884183552,9797061384201043968
9797060971884183552,9797061418560782336
9797060971884183552,9797061590359474176
9797060971884183552,9797061624719212544
9797060971884183552,9797061659078950912
9797061212402352128,9797061006243921920
9797061212402352128,9797061143682875392
9797061212402352128,9797061178042613760
9797061212402352128,9797061246762090496
9797061212402352128,9797061281121828864
9797061212402352128,9797061315481567232
9797061212402352128,9797061349841305600
9797061212402352128,9797061384201043968
9797061246762090496,9797053962497556480
9797061246762090496,9797053996857294848
9797061246762090496,9797054099936509952
9797061246762090496,9797061143682875392
9797061246762090496,9797061178042613760
9797061246762090496,9797061212402352128
9797061246762090496,9797061281121828864
9797061246762090496,9797061315481567232
9797061384201043968,9797060971884183552
9797061384201043968,9797061006243921920
9797061384201043968,9797061178042613760
9797061384201043968,9797061212402352128
9797061384201043968,9797061315481567232
9797061384201043968,9797061349841305600
9797061384201043968,9797061418560782336
9797061384201043968,9797061452920520704
9797062174475026432,5959156398943109120
9797062174475026432,5959156433302847488
9797062174475026432,5959156536382062592
9797062174475026432,9797062105755549696
9797062174475026432,9797062140115288064
9797062174475026432,9797062208834764800
9797062174475026432,9797062243194503168
9797062174475026432,9797062277554241536
9797062414993195008,9797062311913979904
9797062414993195008,9797062346273718272
9797062414993195008,9797062380633456640
9797062414993195008,9797062449352933376
9797062414993195008,9797062483712671744
9797062414993195008,9797062621151625216
9797062414993195008,9797063067828224000
9797062414993195008,9797063102187962368
9797062655511363584,9797062586791886848
9797062655511363584,9797062621151625216
9797062655511363584,9797062689871101952
9797062655511363584,9797062724230840320
9797062655511363584,9797062827310055424
9797062655511363584,9797062861669793792
9797062655511363584,9797063033468485632
9797062655511363584,9797063067828224000
9797063514504822784,9797063411425607680
9797063514504822784,9797063445785346048
9797063514504822784,9797063480145084416
9797063514504822784,9797063548864561152
9797063514504822784,9797063583224299520
9797063514504822784,9797066263283892224
9797063514504822784,9797066297643630592
9797063514504822784,9797066400722845696
9797063583224299520,9797063170907439104
9797063583224299520,9797063205267177472
9797063583224299520,9797063377065869312
9797063583224299520,9797063411425607680
9797063583224299520,9797063514504822784
9797063583224299520,9797063548864561152
9797063583224299520,9797063617584037888
9797063583224299520,9797063651943776256
9797064201699590144,5959154371718545408
9797064201699590144,5959155849187295232
9797064201699590144,5959155883547033600
9797064201699590144,9797064098620375040
9797064201699590144,9797064132980113408
9797064201699590144,9797064167339851776
9797064201699590144,9797064236059328512
9797064201699590144,9797064339138543616
9797065335570956288,9797064579656712192
9797065335570956288,9797065198132002816
9797065335570956288,9797065301211217920
9797065335570956288,9797065369930694656
9797065335570956288,9797065404290433024
9797065335570956288,9797065438650171392
9797065335570956288,9797066022765723648
9797065335570956288,9797066057125462016
9797065541729386496,9797065473009909760
9797065541729386496,9797065507369648128
9797065541729386496,9797065576089124864
9797065541729386496,9797065610448863232
9797065541729386496,9797065644808601600
9797065541729386496,9797533383927005184
9797065541729386496,9797533487006220288
9797065541729386496,9797533521365958656
9797066400722845696,9797063480145084416
9797066400722845696,9797063514504822784
9797066400722845696,9797066297643630592
9797066400722845696,9797066332003368960
9797066400722845696,9797066366363107328
9797066400722845696,9797066435082584064
9797066400722845696,9797066469442322432
9797066400722845696,9797069355660345344
9797067672033165312,9797067328435781632
9797067672033165312,9797067362795520000
9797067672033165312,9797067397155258368
9797067672033165312,9797067603313688576
9797067672033165312,9797067637673426944
9797067672033165312,9797067706392903680
9797067672033165312,9797067740752642048
9797067672033165312,9797067775112380416
9797068531026624512,9797068118709764096
9797068531026624512,9797068153069502464
9797068531026624512,9797068324868194304
9797068531026624512,9797068359227932672
9797068531026624512,9797068462307147776
9797068531026624512,9797068496666886144
9797068531026624512,9797068565386362880
9797068531026624512,9797068599746101248
9797069355660345344,9797063445785346048
9797069355660345344,9797063480145084416
9797069355660345344,9797066400722845696
9797069355660345344,9797066435082584064
9797069355660345344,9797066538161799168
9797069355660345344,9797069321300606976
9797069355660345344,9797069390020083712
9797069355660345344,9797069424379822080
9797069767977205760,9797069733617467392
9797069767977205760,9797069802336944128
9797069767977205760,9797069836696682496
9797069767977205760,9797070180294066176
9797069767977205760,9797070214653804544
9797069767977205760,9797070386452496384
9797069767977205760,9797070420812234752
9797069767977205760,9797070455171973120
9797070420812234752,9797069733617467392
9797070420812234752,9797069767977205760
9797070420812234752,9797070214653804544
9797070420812234752,9797070352092758016
9797070420812234752,9797070386452496384
9797070420812234752,9797070455171973120
9797070420812234752,9797070489531711488
9797070420812234752,9797070523891449856
9797070867488833536,9797070833129095168
9797070867488833536,9797070901848571904
9797070867488833536,9797070936208310272
9797070867488833536,9797071279805693952
9797070867488833536,9797071314165432320
9797070867488833536,9797082481080401920
9797070867488833536,9797082515440140288
9797070867488833536,9797082549799878656
9797071485964124160,9797071382884909056
9797071485964124160,9797071417244647424
9797071485964124160,9797071451604385792
9797071485964124160,9797071520323862528
9797071485964124160,9797071623403077632
9797071485964124160,9797081862605111296
9797071485964124160,9797082309281710080
9797071485964124160,9797082343641448448
9797075815291158528,9797075609132728320
9797075815291158528,9797075643492466688
9797075815291158528,9797075746571681792
9797075815291158528,9797075780931420160
9797075815291158528,9797075849650896896
9797075815291158528,9797075884010635264
9797075815291158528,9797076227608018944
9797075815291158528,9797076261967757312
9797081347209035776,9797081278489559040
9797081347209035776,9797081312849297408
9797081347209035776,9797081381568774144
9797081347209035776,9797081415928512512
9797081347209035776,9797081519007727616
9797081347209035776,9797081553367465984
9797081347209035776,9797081725166157824
9797081347209035776,9797081759525896192
9797086672968482816,9797086260651622400
9797086672968482816,9797086295011360768
9797086672968482816,9797086466810052608
9797086672968482816,9797086501169790976
9797086672968482816,9797086604249006080
9797086672968482816,9797086638608744448
9797086672968482816,9797086707328221184
9797086672968482816,9797086741687959552
9797099489150894080,9797099420431417344
9797099489150894080,9797099454791155712
9797099489150894080,9797099523510632448
9797099489150894080,9797099557870370816
9797099489150894080,9797099660949585920
9797099489150894080,9797099695309324288
9797099489150894080,9797099867108016128
9797099489150894080,9797099901467754496
9797099660949585920,9797099489150894080
9797099660949585920,9797099523510632448
9797099660949585920,9797099557870370816
9797099660949585920,9797099592230109184
9797099660949585920,9797099626589847552
9797099660949585920,9797099695309324288
9797099660949585920,9797099729669062656
9797099660949585920,9797099867108016128
9797099832748277760,9797099695309324288
9797099832748277760,9797099798388539392
9797099832748277760,9797099867108016128
9797099832748277760,9797099901467754496
9797099832748277760,9797099935827492864
9797099832748277760,9797099970187231232
9797099832748277760,9797100004546969600
9797099832748277760,9797100451223568384
9797102203570225152,9797101997411794944
9797102203570225152,9797102031771533312
9797102203570225152,9797102134850748416
9797102203570225152,9797102169210486784
9797102203570225152,9797102237929963520
9797102203570225152,9797102272289701888
9797102203570225152,9797102615887085568
9797102203570225152,9797102650246823936
9797136941265715200,9797136872546238464
9797136941265715200,9797136906905976832
9797136941265715200,9797136975625453568
9797136941265715200,9797137009985191936
9797136941265715200,9797137044344930304
9797136941265715200,9797139552605831168
9797136941265715200,9797139655685046272
9797136941265715200,9797139690044784640
9797289635943022592,9797288880028778496
9797289635943022592,9797289498504069120
9797289635943022592,9797289601583284224
9797289635943022592,9797289670302760960
9797289635943022592,9797289704662499328
9797289635943022592,9797289739022237696
9797289635943022592,9797290323137789952
9797289635943022592,9797290357497528320
9797405084663939072,9797404947224985600
9797405084663939072,9797405050304200704
9797405084663939072,9797405119023677440
9797405084663939072,9797405153383415808
9797405084663939072,9797405187743154176
9797405084663939072,9798108703386238976
9797405084663939072,9798108737745977344
9797405084663939072,9798108772105715712
9797453600614514688,9797453531895037952
9797453600614514688,9797453566254776320
9797453600614514688,9797453634974253056
9797453600614514688,9797453669333991424
9797453600614514688,9797453703693729792
9797453600614514688,9797456211954630656
9797453600614514688,9797456315033845760
9797453600614514688,9797456349393584128
9797457002228613120,9797456830429921280
9797457002228613120,9797456864789659648
9797457002228613120,9797456899149398016
9797457002228613120,9797456933509136384
9797457002228613120,9797456967868874752
9797457002228613120,9797457036588351488
9797457002228613120,9797457070948089856
9797457002228613120,9797457208387043328
9797460094605066240,9797455146802741248
9797460094605066240,9797455593479340032
9797460094605066240,9797455627839078400
9797460094605066240,9797460060245327872
9797460094605066240,9797460128964804608
9797460094605066240,9797460163324542976
9797460094605066240,9797460506921926656
9797460094605066240,9797460541281665024
9797460884879048704,9797460678720618496
9797460884879048704,9797460816159571968
9797460884879048704,9797460850519310336
9797460884879048704,9797460919238787072
9797460884879048704,9797460953598525440
9797460884879048704,9797460987958263808
9797460884879048704,9797461022318002176
9797460884879048704,9797461056677740544
9797487582395760640,9797487548036022272
9797487582395760640,9797487616755499008
9797487582395760640,9797487651115237376
9797487582395760640,9797487994712621056
9797487582395760640,9797488029072359424
9797487582395760640,9797488200871051264
9797487582395760640,9797488235230789632
9797487582395760640,9797488269590528000
9797512252687908864,9797512149608693760
9797512252687908864,9797512183968432128
9797512252687908864,9797512218328170496
9797512252687908864,9797512287047647232
9797512252687908864,9797512390126862336
9797512252687908864,9797513008602152960
9797512252687908864,9797514829668286464
9797512252687908864,9797514864028024832
9797512802443722752,9797512699364507648
9797512802443722752,9797512733724246016
9797512802443722752,9797512768083984384
9797512802443722752,9797512836803461120
9797512802443722752,9797512939882676224
9797512802443722752,9797556782908833792
9797512802443722752,9797556817268572160
9797512802443722752,9797556851628310528
9797513008602152960,9797512252687908864
9797513008602152960,9797512287047647232
9797513008602152960,9797512321407385600
9797513008602152960,9797512974242414592
9797513008602152960,9797513042961891328
9797513008602152960,9797513077321629696
9797513008602152960,9797514795308548096
9797513008602152960,9797514829668286464
9797513146041106432,9797513042961891328
9797513146041106432,9797513077321629696
9797513146041106432,9797513111681368064
9797513146041106432,9797513180400844800
9797513146041106432,9797513214760583168
9797513146041106432,9797514657869594624
9797513146041106432,9797514692229332992
9797513146041106432,9797514795308548096
9797513180400844800,9797513111681368064
9797513180400844800,9797513146041106432
9797513180400844800,9797513214760583168
9797513180400844800,9797513867595612160
9797513180400844800,9797513901955350528
9797513180400844800,9797513936315088896
9797513180400844800,9797514657869594624
9797513180400844800,9797514692229332992
9797513214760583168,9797513111681368064
9797513214760583168,9797513146041106432
9797513214760583168,9797513180400844800
9797513214760583168,9797513249120321536
9797513214760583168,9797513283480059904
9797513214760583168,9797513420919013376
9797513214760583168,9797513867595612160
9797513214760583168,9797513901955350528
9797513661437181952,9797513455278751744
9797513661437181952,9797513592717705216
9797513661437181952,9797513627077443584
9797513661437181952,9797513695796920320
9797513661437181952,9797513730156658688
9797513661437181952,9797513764516397056
9797513661437181952,9797513798876135424
9797513661437181952,9797513833235873792
9797513695796920320,9797513592717705216
9797513695796920320,9797513627077443584
9797513695796920320,9797513661437181952
9797513695796920320,9797513730156658688
9797513695796920320,9797513764516397056
9797513695796920320,9797542695416102912
9797513695796920320,9797542729775841280
9797513695796920320,9797542832855056384
9797513833235873792,9797513420919013376
9797513833235873792,9797513455278751744
9797513833235873792,9797513627077443584
9797513833235873792,9797513661437181952
9797513833235873792,9797513764516397056
9797513833235873792,9797513798876135424
9797513833235873792,9797513867595612160
9797513833235873792,9797513901955350528
9797513867595612160,9797513180400844800
9797513867595612160,9797513214760583168
9797513867595612160,9797513249120321536
9797513867595612160,9797513420919013376
9797513867595612160,9797513455278751744
9797513867595612160,9797513798876135424
9797513867595612160,9797513833235873792
9797513867595612160,9797513901955350528
9797513901955350528,9797513180400844800
9797513901955350528,9797513214760583168
9797513901955350528,9797513798876135424
9797513901955350528,9797513833235873792
9797513901955350528,9797513867595612160
9797513901955350528,9797513936315088896
9797513901955350528,9797514039394304000
9797513901955350528,9797514657869594624
9797513936315088896,9797513180400844800
9797513936315088896,9797513798876135424
9797513936315088896,9797513901955350528
9797513936315088896,9797513970674827264
9797513936315088896,9797514005034565632
9797513936315088896,9797514039394304000
9797513936315088896,9797514623509856256
9797513936315088896,9797514657869594624
9797514039394304000,9797513764516397056
9797514039394304000,9797513798876135424
9797514039394304000,9797513901955350528
9797514039394304000,9797513936315088896
9797514039394304000,9797513970674827264
9797514039394304000,9797514005034565632
9797514039394304000,9797514073754042368
9797514039394304000,9797514176833257472
9797514245552734208,9797514142473519104
9797514245552734208,9797514176833257472
9797514245552734208,9797514211192995840
9797514245552734208,9797514279912472576
9797514245552734208,9797514314272210944
9797514245552734208,9797542145660289024
9797514245552734208,9797542180020027392
9797514245552734208,9797542283099242496
9797514348631949312,9797514211192995840
9797514348631949312,9797514314272210944
9797514348631949312,9797514382991687680
9797514348631949312,9797514417351426048
9797514348631949312,9797514451711164416
9797514348631949312,9797515585582530560
9797514348631949312,9797515688661745664
9797514348631949312,9797515723021484032
9797514589150117888,9797513970674827264
9797514589150117888,9797514417351426048
9797514589150117888,9797514451711164416
9797514589150117888,9797514486070902784
9797514589150117888,9797514520430641152
9797514589150117888,9797514554790379520
9797514589150117888,9797514623509856256
9797514589150117888,9797514726589071360
9797514760948809728,9797514554790379520
9797514760948809728,9797514692229332992
9797514760948809728,9797514726589071360
9797514760948809728,9797514795308548096
9797514760948809728,9797514829668286464
9797514760948809728,9797514864028024832
9797514760948809728,9797514898387763200
9797514760948809728,9797514932747501568
9797514795308548096,9797513008602152960
9797514795308548096,9797513042961891328
9797514795308548096,9797513146041106432
9797514795308548096,9797514692229332992
9797514795308548096,9797514726589071360
9797514795308548096,9797514760948809728
9797514795308548096,9797514829668286464
9797514795308548096,9797514864028024832
9797514932747501568,9797514520430641152
9797514932747501568,9797514554790379520
9797514932747501568,9797514726589071360
9797514932747501568,9797514760948809728
9797514932747501568,9797514864028024832
9797514932747501568,9797514898387763200
9797514932747501568,9797514967107239936
9797514932747501568,9797515001466978304
9797515001466978304,9797512080889217024
9797515001466978304,9797512115248955392
9797515001466978304,9797514898387763200
9797515001466978304,9797514932747501568
9797515001466978304,9797514967107239936
9797515001466978304,9797515035826716672
9797515001466978304,9797515070186455040
9797515001466978304,9797517956404477952
9797515448143577088,9797515310704623616
9797515448143577088,9797515413783838720
9797515448143577088,9797515482503315456
9797515448143577088,9797515516863053824
9797515448143577088,9797515551222792192
9797515448143577088,9797515585582530560
9797515448143577088,9797515619942268928
9797515448143577088,9797516066618867712
9797515482503315456,9797515070186455040
9797515482503315456,9797515104546193408
9797515482503315456,9797515276344885248
9797515482503315456,9797515310704623616
9797515482503315456,9797515413783838720
9797515482503315456,9797515448143577088
9797515482503315456,9797515516863053824
9797515482503315456,9797515551222792192
9797515516863053824,9797514486070902784
9797515516863053824,9797514520430641152
9797515516863053824,9797514967107239936
9797515516863053824,9797515070186455040
9797515516863053824,9797515104546193408
9797515516863053824,9797515448143577088
9797515516863053824,9797515482503315456
9797515516863053824,9797515551222792192
9797515619942268928,9797515413783838720
9797515619942268928,9797515448143577088
9797515619942268928,9797515551222792192
9797515619942268928,9797515585582530560
9797515619942268928,9797515654302007296
9797515619942268928,9797515688661745664
9797515619942268928,9797516032259129344
9797515619942268928,9797516066618867712
9797515654302007296,9797515585582530560
9797515654302007296,9797515619942268928
9797515654302007296,9797515688661745664
9797515654302007296,9797515723021484032
9797515654302007296,9797515826100699136
9797515654302007296,9797515860460437504
9797515654302007296,9797516032259129344
9797515654302007296,9797516066618867712
9797515688661745664,9797514314272210944
9797515688661745664,9797514348631949312
9797515688661745664,9797514451711164416
9797515688661745664,9797515585582530560
9797515688661745664,9797515619942268928
9797515688661745664,9797515654302007296
9797515688661745664,9797515723021484032
9797515688661745664,9797515826100699136
9797515723021484032,9797514279912472576
9797515723021484032,9797514314272210944
9797515723021484032,9797514348631949312
9797515723021484032,9797515654302007296
9797515723021484032,9797515688661745664
9797515723021484032,9797515757381222400
9797515723021484032,9797515791740960768
9797515723021484032,9797515826100699136
9797515826100699136,9797515654302007296
9797515826100699136,9797515688661745664
9797515826100699136,9797515723021484032
9797515826100699136,9797515757381222400
9797515826100699136,9797515791740960768
9797515826100699136,9797515860460437504
9797515826100699136,9797515894820175872
9797515826100699136,9797516032259129344
9797515894820175872,9797515791740960768
9797515894820175872,9797515826100699136
9797515894820175872,9797515860460437504
9797515894820175872,9797515929179914240
9797515894820175872,9797515963539652608
9797515894820175872,9797540496392847360
9797515894820175872,9797540530752585728
9797515894820175872,9797540633831800832
9797515929179914240,9797515860460437504
9797515929179914240,9797515894820175872
9797515929179914240,9797515963539652608
9797515929179914240,9797516272777297920
9797515929179914240,9797516307137036288
9797515929179914240,9797540118435725312
9797515929179914240,9797540496392847360
9797515929179914240,9797540530752585728
9797515963539652608,9797515860460437504
9797515963539652608,9797515894820175872
9797515963539652608,9797515929179914240
9797515963539652608,9797515997899390976
9797515963539652608,9797516032259129344
9797515963539652608,9797516238417559552
9797515963539652608,9797516272777297920
9797515963539652608,9797516307137036288
9797515997899390976,9797515860460437504
9797515997899390976,9797515963539652608
9797515997899390976,9797516032259129344
9797515997899390976,9797516066618867712
9797515997899390976,9797516100978606080
9797515997899390976,9797516135338344448
9797515997899390976,9797516238417559552
9797515997899390976,9797516272777297920
9797516066618867712,9797515379424100352
9797516066618867712,9797515413783838720
9797516066618867712,9797515448143577088
9797516066618867712,9797515619942268928
9797516066618867712,9797515654302007296
9797516066618867712,9797515997899390976
9797516066618867712,9797516032259129344
9797516066618867712,9797516100978606080
9797516100978606080,9797515379424100352
9797516100978606080,9797515413783838720
9797516100978606080,9797515997899390976
9797516100978606080,9797516032259129344
9797516100978606080,9797516066618867712
9797516100978606080,9797516135338344448
9797516100978606080,9797516238417559552
9797516100978606080,9797516856892850176
9797516238417559552,9797515963539652608
9797516238417559552,9797515997899390976
9797516238417559552,9797516100978606080
9797516238417559552,9797516135338344448
9797516238417559552,9797516169698082816
9797516238417559552,9797516204057821184
9797516238417559552,9797516272777297920
9797516238417559552,9797516375856513024
9797516307137036288,9797515929179914240
9797516307137036288,9797515963539652608
9797516307137036288,9797516272777297920
9797516307137036288,9797516341496774656
9797516307137036288,9797516375856513024
9797516307137036288,9797540084075986944
9797516307137036288,9797540118435725312
9797516307137036288,9797540496392847360
9797516478935728128,9797516410216251392
9797516478935728128,9797516444575989760
9797516478935728128,9797516513295466496
9797516478935728128,9797528161246773248
9797516478935728128,9797528195606511616
9797516478935728128,9797528229966249984
9797516478935728128,9797539946637033472
9797516478935728128,9797539980996771840
9797516547655204864,9797516410216251392
9797516547655204864,9797516513295466496
9797516547655204864,9797516582014943232
9797516547655204864,9797516616374681600
9797516547655204864,9797516650734419968
9797516547655204864,9797527680210436096
9797516547655204864,9797527714570174464
9797516547655204864,9797528161246773248
9797516822533111808,9797516135338344448
9797516822533111808,9797516169698082816
9797516822533111808,9797516616374681600
9797516822533111808,9797516753813635072
9797516822533111808,9797516788173373440
9797516822533111808,9797516856892850176
9797516822533111808,9797516891252588544
9797516822533111808,9797516925612326912
9797516856892850176,9797515345064361984
9797516856892850176,9797515379424100352
9797516856892850176,9797516100978606080
9797516856892850176,9797516135338344448
9797516856892850176,9797516169698082816
9797516856892850176,9797516822533111808
9797516856892850176,9797516891252588544
9797516856892850176,9797516925612326912
9797519674391396352,9797519502592704512
9797519674391396352,9797519536952442880
9797519674391396352,9797519571312181248
9797519674391396352,9797519605671919616
9797519674391396352,9797519640031657984
9797519674391396352,9797519708751134720
9797519674391396352,9797519743110873088
9797519674391396352,9797519880549826560
9797520189787471872,9797520121067995136
9797520189787471872,9797520155427733504
9797520189787471872,9797520224147210240
9797520189787471872,9797520258506948608
9797520189787471872,9797520292866686976
9797520189787471872,9797527336613052416
9797520189787471872,9797527439692267520
9797520189787471872,9797527474052005888
9797522320091250688,9797498886749683712
9797522320091250688,9797498921109422080
9797522320091250688,9797498955469160448
9797522320091250688,9797522251371773952
9797522320091250688,9797522285731512320
9797522320091250688,9797522354450989056
9797522320091250688,9797522388810727424
9797522320091250688,9797522423170465792
9797525446827442176,9797525343748227072
9797525446827442176,9797525378107965440
9797525446827442176,9797525412467703808
9797525446827442176,9797525481187180544
9797525446827442176,9797525584266395648
9797525446827442176,9797530944385581056
9797525446827442176,9797530978745319424
9797525446827442176,9797531081824534528
9797525996583256064,9797525893504040960
9797525996583256064,9797525927863779328
9797525996583256064,9797525962223517696
9797525996583256064,9797526030942994432
9797525996583256064,9797526065302732800
9797525996583256064,9797530394629767168
9797525996583256064,9797530428989505536
9797525996583256064,9797530463349243904
9797526030942994432,9797525893504040960
9797526030942994432,9797525996583256064
9797526030942994432,9797526065302732800
9797526030942994432,9797526099662471168
9797526030942994432,9797526134022209536
9797526030942994432,9797530291550552064
9797526030942994432,9797530394629767168
9797526030942994432,9797530428989505536
9797526134022209536,9797526030942994432
9797526134022209536,9797526065302732800
9797526134022209536,9797526099662471168
9797526134022209536,9797526168381947904
9797526134022209536,9797526271461163008
9797526134022209536,9797530257190813696
9797526134022209536,9797530291550552064
9797526134022209536,9797530394629767168
9797526202741686272,9797526168381947904
9797526202741686272,9797526237101424640
9797526202741686272,9797526271461163008
9797526202741686272,9797527989448081408
9797526202741686272,9797528023807819776
9797526202741686272,9797528401764941824
9797526202741686272,9797530222831075328
9797526202741686272,9797530257190813696
9797526237101424640,9797526168381947904
9797526237101424640,9797526202741686272
9797526237101424640,9797526271461163008
9797526237101424640,9797526305820901376
9797526237101424640,9797526340180639744
9797526237101424640,9797527886368866304
9797526237101424640,9797527989448081408
9797526237101424640,9797528023807819776
9797526271461163008,9797526099662471168
9797526271461163008,9797526134022209536
9797526271461163008,9797526168381947904
9797526271461163008,9797526202741686272
9797526271461163008,9797526237101424640
9797526271461163008,9797526305820901376
9797526271461163008,9797526340180639744
9797526271461163008,9797526477619593216
9797526546339069952,9797524003718430720
9797526546339069952,9797525824784564224
9797526546339069952,9797525859144302592
9797526546339069952,9797526443259854848
9797526546339069952,9797526477619593216
9797526546339069952,9797526511979331584
9797526546339069952,9797526580698808320
9797526546339069952,9797526615058546688
9797527061735145472,9797526374540378112
9797527061735145472,9797526408900116480
9797527061735145472,9797526443259854848
9797527061735145472,9797526615058546688
9797527061735145472,9797526649418285056
9797527061735145472,9797526993015668736
9797527061735145472,9797527027375407104
9797527061735145472,9797527096094883840
9797527164814360576,9797527130454622208
9797527164814360576,9797527199174098944
9797527164814360576,9797527233533837312
9797527164814360576,9797527577131220992
9797527164814360576,9797527611490959360
9797527164814360576,9797527783289651200
9797527164814360576,9797527817649389568
9797527164814360576,9797527852009127936
9797527680210436096,9797516547655204864
9797527680210436096,9797516650734419968
9797527680210436096,9797516685094158336
9797527680210436096,9797527611490959360
9797527680210436096,9797527645850697728
9797527680210436096,9797527714570174464
9797527680210436096,9797527748929912832
9797527680210436096,9797527783289651200
9797527714570174464,9797516513295466496
9797527714570174464,9797516547655204864
9797527714570174464,9797516650734419968
9797527714570174464,9797527680210436096
9797527714570174464,9797527748929912832
9797527714570174464,9797527783289651200
9797527714570174464,9797528126887034880
9797527714570174464,9797528161246773248
9797527748929912832,9797527680210436096
9797527748929912832,9797527714570174464
9797527748929912832,9797527783289651200
9797527748929912832,9797527817649389568
9797527748929912832,9797527920728604672
9797527748929912832,9797527955088343040
9797527748929912832,9797528126887034880
9797527748929912832,9797528161246773248
9797527989448081408,9797526202741686272
9797527989448081408,9797526237101424640
9797527989448081408,9797526340180639744
9797527989448081408,9797527886368866304
9797527989448081408,9797527920728604672
9797527989448081408,9797527955088343040
9797527989448081408,9797528023807819776
9797527989448081408,9797528058167558144
9797528195606511616,9797516478935728128
9797528195606511616,9797516513295466496
9797528195606511616,9797528092527296512
9797528195606511616,9797528126887034880
9797528195606511616,9797528161246773248
9797528195606511616,9797528229966249984
9797528195606511616,9797528333045465088
9797528195606511616,9797539946637033472
9797528264325988352,9797528229966249984
9797528264325988352,9797528298685726720
9797528264325988352,9797528333045465088
9797528264325988352,9797528676642848768
9797528264325988352,9797528711002587136
9797528264325988352,9797539877917556736
9797528264325988352,9797539912277295104
9797528264325988352,9797539946637033472
9797528539203895296,9797528436124680192
9797528539203895296,9797528470484418560
9797528539203895296,9797528504844156928
9797528539203895296,9797528573563633664
9797528539203895296,9797528607923372032
9797528539203895296,9797530051032383488
9797528539203895296,9797530085392121856
9797528539203895296,9797530188471336960
9797528573563633664,9797528504844156928
9797528573563633664,9797528539203895296
9797528573563633664,9797528607923372032
9797528573563633664,9797529260758401024
9797528573563633664,9797529295118139392
9797528573563633664,9797529329477877760
9797528573563633664,9797530051032383488
9797528573563633664,9797530085392121856
9797528848441540608,9797528779722063872
9797528848441540608,9797528814081802240
9797528848441540608,9797528882801278976
9797528848441540608,9797528917161017344
9797528848441540608,9797529020240232448
9797528848441540608,9797529054599970816
9797528848441540608,9797529226398662656
9797528848441540608,9797529260758401024
9797528882801278976,9797528779722063872
9797528882801278976,9797528814081802240
9797528882801278976,9797528848441540608
9797528882801278976,9797528917161017344
9797528882801278976,9797529020240232448
9797528882801278976,9797539259442266112
9797528882801278976,9797539706118864896
9797528882801278976,9797539740478603264
9797528917161017344,9797528848441540608
9797528917161017344,9797528882801278976
9797528917161017344,9797528951520755712
9797528917161017344,9797528985880494080
9797528917161017344,9797529020240232448
9797528917161017344,9797539225082527744
9797528917161017344,9797539259442266112
9797528917161017344,9797539706118864896
9797529020240232448,9797528848441540608
9797529020240232448,9797528882801278976
9797529020240232448,9797528917161017344
9797529020240232448,9797528951520755712
9797529020240232448,9797528985880494080
9797529020240232448,9797529054599970816
9797529020240232448,9797529088959709184
9797529020240232448,9797529226398662656
9797529054599970816,9797528848441540608
9797529054599970816,9797528985880494080
9797529054599970816,9797529020240232448
9797529054599970816,9797529088959709184
9797529054599970816,9797529123319447552
9797529054599970816,9797529157679185920
9797529054599970816,9797529192038924288
9797529054599970816,9797529226398662656
9797529088959709184,9797528985880494080
9797529088959709184,9797529020240232448
9797529088959709184,9797529054599970816
9797529088959709184,9797529123319447552
9797529088959709184,9797529157679185920
9797529088959709184,9797536098346336256
9797529088959709184,9797536132706074624
9797529088959709184,9797536235785289728
9797529123319447552,9797529054599970816
9797529123319447552,9797529088959709184
9797529123319447552,9797529157679185920
9797529123319447552,9797529466916831232
9797529123319447552,9797529501276569600
9797529123319447552,9797535720389214208
9797529123319447552,9797536098346336256
9797529123319447552,9797536132706074624
9797529192038924288,9797529054599970816
9797529192038924288,9797529157679185920
9797529192038924288,9797529226398662656
9797529192038924288,9797529260758401024
9797529192038924288,9797529295118139392
9797529192038924288,9797529329477877760
9797529192038924288,9797529432557092864
9797529192038924288,9797529466916831232
9797529295118139392,9797528573563633664
9797529295118139392,9797528607923372032
9797529295118139392,9797529192038924288
9797529295118139392,9797529226398662656
9797529295118139392,9797529260758401024
9797529295118139392,9797529329477877760
9797529295118139392,9797529432557092864
9797529295118139392,9797530051032383488
9797529329477877760,9797528573563633664
9797529329477877760,9797529192038924288
9797529329477877760,9797529295118139392
9797529329477877760,9797529363837616128
9797529329477877760,9797529398197354496
9797529329477877760,9797529432557092864
9797529329477877760,9797530016672645120
9797529329477877760,9797530051032383488
9797529432557092864,9797529157679185920
9797529432557092864,9797529192038924288
9797529432557092864,9797529295118139392
9797529432557092864,9797529329477877760
9797529432557092864,9797529363837616128
9797529432557092864,9797529398197354496
9797529432557092864,9797529466916831232
9797529432557092864,9797529569996046336
9797529501276569600,9797529123319447552
9797529501276569600,9797529157679185920
9797529501276569600,9797529466916831232
9797529501276569600,9797529535636307968
9797529501276569600,9797529569996046336
9797529501276569600,9797535686029475840
9797529501276569600,9797535720389214208
9797529501276569600,9797536098346336256
9797529535636307968,9797529466916831232
9797529535636307968,9797529501276569600
9797529535636307968,9797529569996046336
9797529535636307968,9797529604355784704
9797529535636307968,9797529638715523072
9797529535636307968,9797535582950260736
9797529535636307968,9797535686029475840
9797529535636307968,9797535720389214208
9797529673075261440,9797529604355784704
9797529673075261440,9797529638715523072
9797529673075261440,9797529707434999808
9797529673075261440,9797532490573807616
9797529673075261440,9797532593653022720
9797529673075261440,9797532628012761088
9797529673075261440,9797535548590522368
9797529673075261440,9797535582950260736
9797529707434999808,9797529604355784704
9797529707434999808,9797529638715523072
9797529707434999808,9797529673075261440
9797529707434999808,9797529741794738176
9797529707434999808,9797529776154476544
9797529707434999808,9797532456214069248
9797529707434999808,9797532490573807616
9797529707434999808,9797532593653022720
9797529741794738176,9797529604355784704
9797529741794738176,9797529707434999808
9797529741794738176,9797529776154476544
9797529741794738176,9797529810514214912
9797529741794738176,9797529844873953280
9797529741794738176,9797532421854330880
9797529741794738176,9797532456214069248
9797529741794738176,9797532490573807616
9797529844873953280,9797529741794738176
9797529844873953280,9797529776154476544
9797529844873953280,9797529810514214912
9797529844873953280,9797529879233691648
9797529844873953280,9797529982312906752
9797529844873953280,9797530600788197376
9797529844873953280,9797532421854330880
9797529844873953280,9797532456214069248
9797529879233691648,9797529810514214912
9797529879233691648,9797529844873953280
9797529879233691648,9797529913593430016
9797529879233691648,9797529947953168384
9797529879233691648,9797529982312906752
9797529879233691648,9797530566428459008
9797529879233691648,9797530600788197376
9797529879233691648,9797532421854330880
9797529913593430016,9797529879233691648
9797529913593430016,9797529947953168384
9797529913593430016,9797529982312906752
9797529913593430016,9797530325910290432
9797529913593430016,9797530360270028800
9797529913593430016,9797530532068720640
9797529913593430016,9797530566428459008
9797529913593430016,9797530600788197376
9797529947953168384,9797529879233691648
9797529947953168384,9797529913593430016
9797529947953168384,9797529982312906752
9797529947953168384,9797530016672645120
9797529947953168384,9797530119751860224
9797529947953168384,9797530154111598592
9797529947953168384,9797530325910290432
9797529947953168384,9797530360270028800
9797529982312906752,9797529363837616128
9797529982312906752,9797529810514214912
9797529982312906752,9797529844873953280
9797529982312906752,9797529879233691648
9797529982312906752,9797529913593430016
9797529982312906752,9797529947953168384
9797529982312906752,9797530016672645120
9797529982312906752,9797530119751860224
9797530051032383488,9797528539203895296
9797530051032383488,9797528573563633664
9797530051032383488,9797529295118139392
9797530051032383488,9797529329477877760
9797530051032383488,9797529363837616128
9797530051032383488,9797530016672645120
9797530051032383488,9797530085392121856
9797530051032383488,9797530119751860224
9797530119751860224,9797529947953168384
9797530119751860224,9797529982312906752
9797530119751860224,9797530016672645120
9797530119751860224,9797530051032383488
9797530119751860224,9797530085392121856
9797530119751860224,9797530154111598592
9797530119751860224,9797530188471336960
9797530119751860224,9797530325910290432
9797530188471336960,9797528401764941824
9797530188471336960,9797528436124680192
9797530188471336960,9797528539203895296
9797530188471336960,9797530085392121856
9797530188471336960,9797530119751860224
9797530188471336960,9797530154111598592
9797530188471336960,9797530222831075328
9797530188471336960,9797530257190813696
9797530222831075328,9797526168381947904
9797530222831075328,9797526202741686272
9797530222831075328,9797528023807819776
9797530222831075328,9797528401764941824
9797530222831075328,9797528436124680192
9797530222831075328,9797530154111598592
9797530222831075328,9797530188471336960
9797530222831075328,9797530257190813696
9797530291550552064,9797526030942994432
9797530291550552064,9797526134022209536
9797530291550552064,9797526168381947904
9797530291550552064,9797530154111598592
9797530291550552064,9797530257190813696
9797530291550552064,9797530325910290432
9797530291550552064,9797530360270028800
9797530291550552064,9797530394629767168
9797530360270028800,9797529913593430016
9797530360270028800,9797529947953168384
9797530360270028800,9797530291550552064
9797530360270028800,9797530325910290432
9797530360270028800,9797530394629767168
9797530360270028800,9797530428989505536
9797530360270028800,9797530532068720640
9797530360270028800,9797530566428459008
9797532593653022720,9797529673075261440
9797532593653022720,9797529707434999808
9797532593653022720,9797532490573807616
9797532593653022720,9797532524933545984
9797532593653022720,9797532559293284352
9797532593653022720,9797532628012761088
9797532593653022720,9797532662372499456
9797532593653022720,9797535548590522368
9797532696732237824,9797532628012761088
9797532696732237824,9797532662372499456
9797532696732237824,9797532731091976192
9797532696732237824,9797532765451714560
9797532696732237824,9797532868530929664
9797532696732237824,9797532902890668032
9797532696732237824,9797533074689359872
9797532696732237824,9797533109049098240
9797532765451714560,9797532696732237824
9797532765451714560,9797532731091976192
9797532765451714560,9797532799811452928
9797532765451714560,9797532834171191296
9797532765451714560,9797532868530929664
9797532765451714560,9797535376791830528
9797532765451714560,9797535479871045632
9797532765451714560,9797535514230784000
9797532799811452928,9797532765451714560
9797532799811452928,9797532834171191296
9797532799811452928,9797532868530929664
9797532799811452928,9797534586517848064
9797532799811452928,9797534620877586432
9797532799811452928,9797535342432092160
9797532799811452928,9797535376791830528
9797532799811452928,9797535479871045632
9797532834171191296,9797532765451714560
9797532834171191296,9797532799811452928
9797532834171191296,9797532868530929664
9797532834171191296,9797532902890668032
9797532834171191296,9797532937250406400
9797532834171191296,9797534483438632960
9797532834171191296,9797534586517848064
9797532834171191296,9797534620877586432
9797532868530929664,9797532696732237824
9797532868530929664,9797532731091976192
9797532868530929664,9797532765451714560
9797532868530929664,9797532799811452928
9797532868530929664,9797532834171191296
9797532868530929664,9797532902890668032
9797532868530929664,9797532937250406400
9797532868530929664,9797533074689359872
9797534380359417856,9797533761884127232
9797534380359417856,9797534208560726016
9797534380359417856,9797534242920464384
9797534380359417856,9797534277280202752
9797534380359417856,9797534311639941120
9797534380359417856,9797534345999679488
9797534380359417856,9797534414719156224
9797534380359417856,9797534517798371328
9797534414719156224,9797533727524388864
9797534414719156224,9797533761884127232
9797534414719156224,9797534208560726016
9797534414719156224,9797534345999679488
9797534414719156224,9797534380359417856
9797534414719156224,9797534449078894592
9797534414719156224,9797534483438632960
9797534414719156224,9797534517798371328
9797534586517848064,9797532799811452928
9797534586517848064,9797532834171191296
9797534586517848064,9797532937250406400
9797534586517848064,9797534483438632960
9797534586517848064,9797534517798371328
9797534586517848064,9797534552158109696
9797534586517848064,9797534620877586432
9797534586517848064,9797534655237324800
9797534620877586432,9797532799811452928
9797534620877586432,9797532834171191296
9797534620877586432,9797534552158109696
9797534620877586432,9797534586517848064
9797534620877586432,9797534655237324800
9797534620877586432,9797535308072353792
9797534620877586432,9797535342432092160
9797534620877586432,9797535376791830528
9797534998834708480,5959057064939487232
9797534998834708480,5959057442896609280
9797534998834708480,5959057477256347648
9797534998834708480,9797534964474970112
9797534998834708480,9797535033194446848
9797534998834708480,9797535067554185216
9797534998834708480,9797536785541103616
9797534998834708480,9797536819900841984
9797535376791830528,9797532765451714560
9797535376791830528,9797532799811452928
9797535376791830528,9797534620877586432
9797535376791830528,9797535239352877056
9797535376791830528,9797535342432092160
9797535376791830528,9797535411151568896
9797535376791830528,9797535445511307264
9797535376791830528,9797535479871045632
9797535445511307264,9797535376791830528
9797535445511307264,9797535411151568896
9797535445511307264,9797535479871045632
9797535445511307264,9797535514230784000
9797535445511307264,9797535617309999104
9797535445511307264,9797535651669737472
9797535445511307264,9797535823468429312
9797535445511307264,9797535857828167680
9797535479871045632,9797532731091976192
9797535479871045632,9797532765451714560
9797535479871045632,9797532799811452928
9797535479871045632,9797535376791830528
9797535479871045632,9797535411151568896
9797535479871045632,9797535445511307264
9797535479871045632,9797535514230784000
9797535479871045632,9797535617309999104
9797535651669737472,9797535445511307264
9797535651669737472,9797535582950260736
9797535651669737472,9797535617309999104
9797535651669737472,9797535686029475840
9797535651669737472,9797535720389214208
9797535651669737472,9797535754748952576
9797535651669737472,9797535789108690944
9797535651669737472,9797535823468429312
9797535720389214208,9797529123319447552
9797535720389214208,9797529501276569600
9797535720389214208,9797529535636307968
9797535720389214208,9797535651669737472
9797535720389214208,9797535686029475840
9797535720389214208,9797535754748952576
9797535720389214208,9797536063986597888
9797535720389214208,9797536098346336256
9797535823468429312,9797535411151568896
9797535823468429312,9797535445511307264
9797535823468429312,9797535617309999104
9797535823468429312,9797535651669737472
9797535823468429312,9797535754748952576
9797535823468429312,9797535789108690944
9797535823468429312,9797535857828167680
9797535823468429312,9797535892187906048
9797535857828167680,9797535170633400320
9797535857828167680,9797535204993138688
9797535857828167680,9797535239352877056
9797535857828167680,9797535411151568896
9797535857828167680,9797535445511307264
9797535857828167680,9797535789108690944
9797535857828167680,9797535823468429312
9797535857828167680,9797535892187906048
9797535892187906048,9797535170633400320
9797535892187906048,9797535204993138688
9797535892187906048,9797535789108690944
9797535892187906048,9797535823468429312
9797535892187906048,9797535857828167680
9797535892187906048,9797535926547644416
9797535892187906048,9797536029626859520
9797535892187906048,9797536648102150144
9797536132706074624,9797528985880494080
9797536132706074624,9797529088959709184
9797536132706074624,9797529123319447552
9797536132706074624,9797536063986597888
9797536132706074624,9797536098346336256
9797536132706074624,9797536167065812992
9797536132706074624,9797536201425551360
9797536132706074624,9797536235785289728
9797536235785289728,9797528951520755712
9797536235785289728,9797528985880494080
9797536235785289728,9797529088959709184
9797536235785289728,9797536132706074624
9797536235785289728,9797536167065812992
9797536235785289728,9797536201425551360
9797536235785289728,9797536270145028096
9797536235785289728,9797536304504766464
9797536441943719936,9797536338864504832
9797536441943719936,9797536373224243200
9797536441943719936,9797536407583981568
9797536441943719936,9797536476303458304
9797536441943719936,9797536579382673408
9797536441943719936,9797537197857964032
9797536441943719936,9797539018924097536
9797536441943719936,9797539053283835904
9797537026059272192,5959050983265796096
9797537026059272192,5959051017625534464
9797537026059272192,5959056893140795392
9797537026059272192,9797536957339795456
9797537026059272192,9797536991699533824
9797537026059272192,9797537060419010560
9797537026059272192,9797537094778748928
9797537026059272192,9797537129138487296
9797537129138487296,9797536510663196672
9797537129138487296,9797536957339795456
9797537129138487296,9797536991699533824
9797537129138487296,9797537026059272192
9797537129138487296,9797537060419010560
9797537129138487296,9797537094778748928
9797537129138487296,9797537163498225664
9797537129138487296,9797537266577440768
9797537232217702400,9797537163498225664
9797537232217702400,9797537197857964032
9797537232217702400,9797537266577440768
9797537232217702400,9797537300937179136
9797537232217702400,9797537335296917504
9797537232217702400,9797538881485144064
9797537232217702400,9797538984564359168
9797537232217702400,9797539018924097536
9797537369656655872,9797537300937179136
9797537369656655872,9797537335296917504
9797537369656655872,9797537404016394240
9797537369656655872,9797538056851423232
9797537369656655872,9797538091211161600
9797537369656655872,9797538125570899968
9797537369656655872,9797538847125405696
9797537369656655872,9797538881485144064
9797537507095609344,5959050845826842624
9797537507095609344,5959050880186580992
9797537507095609344,5959050983265796096
9797537507095609344,9797537060419010560
9797537507095609344,9797537094778748928
9797537507095609344,9797537438376132608
9797537507095609344,9797537472735870976
9797537507095609344,9797537541455347712
9797537953772208128,9797537850692993024
9797537953772208128,9797537885052731392
9797537953772208128,9797537919412469760
9797537953772208128,9797537988131946496
9797537953772208128,9797538022491684864
9797537953772208128,9797538228650115072
9797537953772208128,9797538263009853440
9797537953772208128,9797538297369591808
9797538091211161600,9797537369656655872
9797538091211161600,9797537404016394240
9797538091211161600,9797537988131946496
9797538091211161600,9797538022491684864
9797538091211161600,9797538056851423232
9797538091211161600,9797538125570899968
9797538091211161600,9797538228650115072
9797538091211161600,9797538847125405696
9797538194290376704,9797538125570899968
9797538194290376704,9797538159930638336
9797538194290376704,9797538228650115072
9797538194290376704,9797538263009853440
9797538194290376704,9797538366089068544
9797538194290376704,9797538400448806912
9797538194290376704,9797538572247498752
9797538194290376704,9797538606607237120
9797538228650115072,9797537953772208128
9797538228650115072,9797537988131946496
9797538228650115072,9797538091211161600
9797538228650115072,9797538125570899968
9797538228650115072,9797538159930638336
9797538228650115072,9797538194290376704
9797538228650115072,9797538263009853440
9797538228650115072,9797538366089068544
9797538297369591808,9797537919412469760
9797538297369591808,9797537953772208128
9797538297369591808,9797538263009853440
9797538297369591808,9797538331729330176
9797538297369591808,9797538366089068544
9797538297369591808,9797544482122498048
9797538297369591808,9797544516482236416
9797538297369591808,9797544894439358464
9797538331729330176,9797538263009853440
9797538331729330176,9797538297369591808
9797538331729330176,9797538366089068544
9797538331729330176,9797538400448806912
9797538331729330176,9797538434808545280
9797538331729330176,9797544379043282944
9797538331729330176,9797544482122498048
9797538331729330176,9797544516482236416
9797538469168283648,9797538400448806912
9797538469168283648,9797538434808545280
9797538469168283648,9797538503528022016
9797538469168283648,9797541286666829824
9797538469168283648,9797541389746044928
9797538469168283648,9797541424105783296
9797538469168283648,9797544344683544576
9797538469168283648,9797544379043282944
9797538503528022016,9797538400448806912
9797538503528022016,9797538434808545280
9797538503528022016,9797538469168283648
9797538503528022016,9797538537887760384
9797538503528022016,9797538572247498752
9797538503528022016,9797541252307091456
9797538503528022016,9797541286666829824
9797538503528022016,9797541389746044928
9797538537887760384,9797538400448806912
9797538537887760384,9797538503528022016
9797538537887760384,9797538572247498752
9797538537887760384,9797538606607237120
9797538537887760384,9797538640966975488
9797538537887760384,9797541217947353088
9797538537887760384,9797541252307091456
9797538537887760384,9797541286666829824
9797538572247498752,9797538159930638336
9797538572247498752,9797538194290376704
9797538572247498752,9797538366089068544
9797538572247498752,9797538400448806912
9797538572247498752,9797538503528022016
9797538572247498752,9797538537887760384
9797538572247498752,9797538606607237120
9797538572247498752,9797538640966975488
9797538744046190592,9797538675326713856
9797538744046190592,9797538709686452224
9797538744046190592,9797538778405928960
9797538744046190592,9797538812765667328
9797538744046190592,9797538915844882432
9797538744046190592,9797538950204620800
9797538744046190592,9797539122003312640
9797538744046190592,9797539156363051008
9797539225082527744,9797528917161017344
9797539225082527744,9797528951520755712
9797539225082527744,9797536270145028096
9797539225082527744,9797539156363051008
9797539225082527744,9797539190722789376
9797539225082527744,9797539259442266112
9797539225082527744,9797539293802004480
9797539225082527744,9797539328161742848
9797539259442266112,9797528882801278976
9797539259442266112,9797528917161017344
9797539259442266112,9797528951520755712
9797539259442266112,9797539225082527744
9797539259442266112,9797539293802004480
9797539259442266112,9797539328161742848
9797539259442266112,9797539671759126528
9797539259442266112,9797539706118864896
9797539293802004480,9797539225082527744
9797539293802004480,9797539259442266112
9797539293802004480,9797539328161742848
9797539293802004480,9797539362521481216
9797539293802004480,9797539465600696320
9797539293802004480,9797539499960434688
9797539293802004480,9797539671759126528
9797539293802004480,9797539706118864896
9797539362521481216,9797538675326713856
9797539362521481216,9797538709686452224
9797539362521481216,9797539156363051008
9797539362521481216,9797539293802004480
9797539362521481216,9797539328161742848
9797539362521481216,9797539396881219584
9797539362521481216,9797539431240957952
9797539362521481216,9797539465600696320
9797539396881219584,9797538640966975488
9797539396881219584,9797538675326713856
9797539396881219584,9797538709686452224
9797539396881219584,9797539362521481216
9797539396881219584,9797539431240957952
9797539396881219584,9797539465600696320
9797539396881219584,9797541183587614720
9797539396881219584,9797541217947353088
9797539431240957952,9797539362521481216
9797539431240957952,9797539396881219584
9797539431240957952,9797539465600696320
9797539431240957952,9797539499960434688
9797539431240957952,9797539534320173056
9797539431240957952,9797541080508399616
9797539431240957952,9797541183587614720
9797539431240957952,9797541217947353088
9797539465600696320,9797539293802004480
9797539465600696320,9797539328161742848
9797539465600696320,9797539362521481216
9797539465600696320,9797539396881219584
9797539465600696320,9797539431240957952
9797539465600696320,9797539499960434688
9797539465600696320,9797539534320173056
9797539465600696320,9797539671759126528
9797539534320173056,9797539431240957952
9797539534320173056,9797539465600696320
9797539534320173056,9797539499960434688
9797539534320173056,9797539568679911424
9797539534320173056,9797539603039649792
9797539534320173056,9797541046148661248
9797539534320173056,9797541080508399616
9797539534320173056,9797541183587614720
9797539603039649792,9797539499960434688
9797539603039649792,9797539534320173056
9797539603039649792,9797539568679911424
9797539603039649792,9797539637399388160
9797539603039649792,9797539671759126528
9797539603039649792,9797539809198080000
9797539603039649792,9797540255874678784
9797539603039649792,9797540290234417152
9797539637399388160,9797539499960434688
9797539637399388160,9797539603039649792
9797539637399388160,9797539671759126528
9797539637399388160,9797539706118864896
9797539637399388160,9797539740478603264
9797539637399388160,9797539774838341632
9797539637399388160,9797539809198080000
9797539637399388160,9797540255874678784
9797539843557818368,9797539774838341632
9797539843557818368,9797539809198080000
9797539843557818368,9797539877917556736
9797539843557818368,9797539912277295104
9797539843557818368,9797540015356510208
9797539843557818368,9797540049716248576
9797539843557818368,9797540221514940416
9797539843557818368,9797540255874678784
9797540152795463680,9797540049716248576
9797540152795463680,9797540084075986944
9797540152795463680,9797540118435725312
9797540152795463680,9797540187155202048
9797540152795463680,9797540221514940416
9797540152795463680,9797540427673370624
9797540152795463680,9797540462033108992
9797540152795463680,9797540496392847360
9797540255874678784,9797539568679911424
9797540255874678784,9797539603039649792
9797540255874678784,9797539637399388160
9797540255874678784,9797539809198080000
9797540255874678784,9797539843557818368
9797540255874678784,9797540187155202048
9797540255874678784,9797540221514940416
9797540255874678784,9797540290234417152
9797540358953893888,9797540324594155520
9797540358953893888,9797540393313632256
9797540358953893888,9797540427673370624
9797540358953893888,9797540771270754304
9797540358953893888,9797540805630492672
9797540358953893888,9797540977429184512
9797540358953893888,9797541011788922880
9797540358953893888,9797541046148661248
9797540393313632256,9797540324594155520
9797540393313632256,9797540358953893888
9797540393313632256,9797540427673370624
9797540393313632256,9797540462033108992
9797540393313632256,9797540565112324096
9797540393313632256,9797540599472062464
9797540393313632256,9797540771270754304
9797540393313632256,9797540805630492672
9797540427673370624,9797540152795463680
9797540427673370624,9797540187155202048
9797540427673370624,9797540290234417152
9797540427673370624,9797540324594155520
9797540427673370624,9797540358953893888
9797540427673370624,9797540393313632256
9797540427673370624,9797540462033108992
9797540427673370624,9797540565112324096
9797540462033108992,9797540118435725312
9797540462033108992,9797540152795463680
9797540462033108992,9797540187155202048
9797540462033108992,9797540393313632256
9797540462033108992,9797540427673370624
9797540462033108992,9797540496392847360
9797540462033108992,9797540530752585728
9797540462033108992,9797540565112324096
9797540496392847360,9797515894820175872
9797540496392847360,9797515929179914240
9797540496392847360,9797516307137036288
9797540496392847360,9797540118435725312
9797540496392847360,9797540152795463680
9797540496392847360,9797540462033108992
9797540496392847360,9797540530752585728
9797540496392847360,9797540565112324096
9797540565112324096,9797540393313632256
9797540565112324096,9797540427673370624
9797540565112324096,9797540462033108992
9797540565112324096,9797540496392847360
9797540565112324096,9797540530752585728
9797540565112324096,9797540599472062464
9797540565112324096,9797540633831800832
9797540565112324096,9797540771270754304
9797540668191539200,9797514279912472576
9797540668191539200,9797515757381222400
9797540668191539200,9797515791740960768
9797540668191539200,9797540599472062464
9797540668191539200,9797540633831800832
9797540668191539200,9797540702551277568
9797540668191539200,9797542111300550656
9797540668191539200,9797542145660289024
9797540771270754304,9797540358953893888
9797540771270754304,9797540393313632256
9797540771270754304,9797540565112324096
9797540771270754304,9797540599472062464
9797540771270754304,9797540702551277568
9797540771270754304,9797540736911015936
9797540771270754304,9797540805630492672
9797540771270754304,9797540839990231040
9797540908709707776,9797540874349969408
9797540908709707776,9797540943069446144
9797540908709707776,9797540977429184512
9797540908709707776,9797541321026568192
9797540908709707776,9797541355386306560
9797540908709707776,9797541458465521664
9797540908709707776,9797541905142120448
9797540908709707776,9797541939501858816
9797541149227876352,9797540943069446144
9797541149227876352,9797541080508399616
9797541149227876352,9797541114868137984
9797541149227876352,9797541183587614720
9797541149227876352,9797541217947353088
9797541149227876352,9797541252307091456
9797541149227876352,9797541286666829824
9797541149227876352,9797541321026568192
9797541183587614720,9797539396881219584
9797541183587614720,9797539431240957952
9797541183587614720,9797539534320173056
9797541183587614720,9797541080508399616
9797541183587614720,9797541114868137984
9797541183587614720,9797541149227876352
9797541183587614720,9797541217947353088
9797541183587614720,9797541252307091456
9797541321026568192,9797540908709707776
9797541321026568192,9797540943069446144
9797541321026568192,9797541114868137984
9797541321026568192,9797541149227876352
9797541321026568192,9797541252307091456
9797541321026568192,9797541286666829824
9797541321026568192,9797541355386306560
9797541321026568192,9797541389746044928
9797541389746044928,9797538469168283648
9797541389746044928,9797538503528022016
9797541389746044928,9797541286666829824
9797541389746044928,9797541321026568192
9797541389746044928,9797541355386306560
9797541389746044928,9797541424105783296
9797541389746044928,9797541458465521664
9797541389746044928,9797544344683544576
9797541492825260032,9797541424105783296
9797541492825260032,9797541458465521664
9797541492825260032,9797541527184998400
9797541492825260032,9797541561544736768
9797541492825260032,9797541664623951872
9797541492825260032,9797541698983690240
9797541492825260032,9797541870782382080
9797541492825260032,9797541905142120448
9797541527184998400,9797541424105783296
9797541527184998400,9797541458465521664
9797541527184998400,9797541492825260032
9797541527184998400,9797541561544736768
9797541527184998400,9797541664623951872
9797541527184998400,9797544275964067840
9797541527184998400,9797544310323806208
9797541527184998400,9797544344683544576
9797541664623951872,9797541492825260032
9797541664623951872,9797541527184998400
9797541664623951872,9797541561544736768
9797541664623951872,9797541595904475136
9797541664623951872,9797541630264213504
9797541664623951872,9797541698983690240
9797541664623951872,9797541733343428608
9797541664623951872,9797541870782382080
9797541973861597184,9797540736911015936
9797541973861597184,9797540839990231040
9797541973861597184,9797540874349969408
9797541973861597184,9797541836422643712
9797541973861597184,9797541939501858816
9797541973861597184,9797542008221335552
9797541973861597184,9797542042581073920
9797541973861597184,9797542076940812288
9797542008221335552,9797541802062905344
9797542008221335552,9797541836422643712
9797542008221335552,9797541939501858816
9797542008221335552,9797541973861597184
9797542008221335552,9797542042581073920
9797542008221335552,9797542076940812288
9797542008221335552,9797542420538195968
9797542008221335552,9797542454897934336
9797542042581073920,9797541973861597184
9797542042581073920,9797542008221335552
9797542042581073920,9797542076940812288
9797542042581073920,9797542111300550656
9797542042581073920,9797542214379765760
9797542042581073920,9797542248739504128
9797542042581073920,9797542420538195968
9797542042581073920,9797542454897934336
9797542180020027392,9797514142473519104
9797542180020027392,9797514245552734208
9797542180020027392,9797514279912472576
9797542180020027392,9797542111300550656
9797542180020027392,9797542145660289024
9797542180020027392,9797542214379765760
9797542180020027392,9797542248739504128
9797542180020027392,9797542283099242496
9797542248739504128,9797542042581073920
9797542248739504128,9797542180020027392
9797542248739504128,9797542214379765760
9797542248739504128,9797542283099242496
9797542248739504128,9797542317458980864
9797542248739504128,9797542351818719232
9797542248739504128,9797542386178457600
9797542248739504128,9797542420538195968
9797542283099242496,9797514108113780736
9797542283099242496,9797514142473519104
9797542283099242496,9797514245552734208
9797542283099242496,9797542180020027392
9797542283099242496,9797542214379765760
9797542283099242496,9797542248739504128
9797542283099242496,9797542317458980864
9797542283099242496,9797542351818719232
9797542420538195968,9797542008221335552
9797542420538195968,9797542042581073920
9797542420538195968,9797542214379765760
9797542420538195968,9797542248739504128
9797542420538195968,9797542351818719232
9797542420538195968,9797542386178457600
9797542420538195968,9797542454897934336
9797542420538195968,9797542489257672704
9797542764135579648,9797542592336887808
9797542764135579648,9797542626696626176
9797542764135579648,9797542661056364544
9797542764135579648,9797542695416102912
9797542764135579648,9797542729775841280
9797542764135579648,9797542798495318016
9797542764135579648,9797542832855056384
9797542764135579648,9797542970294009856
9797542867214794752,9797513558357966848
9797542867214794752,9797513592717705216
9797542867214794752,9797542798495318016
9797542867214794752,9797542832855056384
9797542867214794752,9797542901574533120
9797542867214794752,9797554549525839872
9797542867214794752,9797554583885578240
9797542867214794752,9797554618245316608
9797542970294009856,9797542557977149440
9797542970294009856,9797542592336887808
9797542970294009856,9797542764135579648
9797542970294009856,9797542798495318016
9797542970294009856,9797542901574533120
9797542970294009856,9797542935934271488
9797542970294009856,9797543004653748224
9797542970294009856,9797543039013486592
9797543485690085376,9797543348251131904
9797543485690085376,9797543451330347008
9797543485690085376,9797543520049823744
9797543485690085376,9797543554409562112
9797543485690085376,9797543588769300480
9797543485690085376,9797543623129038848
9797543485690085376,9797543657488777216
9797543485690085376,9797544104165376000
9797543726208253952,9797543623129038848
9797543726208253952,9797543657488777216
9797543726208253952,9797543691848515584
9797543726208253952,9797543760567992320
9797543726208253952,9797543863647207424
9797543726208253952,9797546474987323392
9797543726208253952,9797546509347061760
9797543726208253952,9797546543706800128
9797544241604329472,9797544172884852736
9797544241604329472,9797544207244591104
9797544241604329472,9797544275964067840
9797544241604329472,9797544310323806208
9797544241604329472,9797544413403021312
9797544241604329472,9797544447762759680
9797544241604329472,9797544619561451520
9797544241604329472,9797544653921189888
9797544275964067840,9797541527184998400
9797544275964067840,9797541561544736768
9797544275964067840,9797541595904475136
9797544275964067840,9797544172884852736
9797544275964067840,9797544207244591104
9797544275964067840,9797544241604329472
9797544275964067840,9797544310323806208
9797544275964067840,9797544413403021312
9797544310323806208,9797541424105783296
9797544310323806208,9797541527184998400
9797544310323806208,9797541561544736768
9797544310323806208,9797544241604329472
9797544310323806208,9797544275964067840
9797544310323806208,9797544344683544576
9797544310323806208,9797544379043282944
9797544310323806208,9797544413403021312
9797544344683544576,9797538434808545280
9797544344683544576,9797538469168283648
9797544344683544576,9797541389746044928
9797544344683544576,9797541424105783296
9797544344683544576,9797541527184998400
9797544344683544576,9797544310323806208
9797544344683544576,9797544379043282944
9797544344683544576,9797544413403021312
9797544413403021312,9797544241604329472
9797544413403021312,9797544275964067840
9797544413403021312,9797544310323806208
9797544413403021312,9797544344683544576
9797544413403021312,9797544379043282944
9797544413403021312,9797544447762759680
9797544413403021312,9797544482122498048
9797544413403021312,9797544619561451520
9797544447762759680,9797544241604329472
9797544447762759680,9797544379043282944
9797544447762759680,9797544413403021312
9797544447762759680,9797544482122498048
9797544447762759680,9797544516482236416
9797544447762759680,9797544550841974784
9797544447762759680,9797544585201713152
9797544447762759680,9797544619561451520
9797545306756218880,5959048131407511552
9797545306756218880,5959048234486726656
9797545306756218880,5959048268846465024
9797545306756218880,9797545272396480512
9797545306756218880,9797545341115957248
9797545306756218880,9797545375475695616
9797545306756218880,9797545719073079296
9797545306756218880,9797545753432817664
9797545822152294400,5959024594986729472
9797545822152294400,5959024629346467840
9797545822152294400,5959048097047773184
9797545822152294400,9797545684713340928
9797545822152294400,9797545787792556032
9797545822152294400,9797545856512032768
9797545822152294400,9797545890871771136
9797545822152294400,9797545925231509504
9797663504256204800,9797663469896466432
9797663504256204800,9797663538615943168
9797663504256204800,9797663572975681536
9797663504256204800,9797663916573065216
9797663504256204800,9797663950932803584
9797663504256204800,9797664122731495424
9797663504256204800,9797664157091233792
9797663504256204800,9797664191450972160
9797872961221296128,9797872926861557760
9797872961221296128,9797872995581034496
9797872961221296128,9797873029940772864
9797872961221296128,9797873373538156544
9797872961221296128,9797873407897894912
9797872961221296128,9797873579696586752
9797872961221296128,9797873614056325120
9797872961221296128,9797873648416063488
9797875950518534144,9797875744360103936
9797875950518534144,9797875881799057408
9797875950518534144,9797875916158795776
9797875950518534144,9797875984878272512
9797875950518534144,9797876019238010880
9797875950518534144,9797876053597749248
9797875950518534144,9797876087957487616
9797875950518534144,9797876122317225984
9797937282651521024,9797936732895707136
9797937282651521024,9797937179572305920
9797937282651521024,9797937213932044288
9797937282651521024,9797937248291782656
9797937282651521024,9797937317011259392
9797937282651521024,9797937351370997760
9797937282651521024,9797937694968381440
9797937282651521024,9797937729328119808
9797982190829568000,9797982053390614528
9797982190829568000,9797982156469829632
9797982190829568000,9797982225189306368
9797982190829568000,9797982259549044736
9797982190829568000,9797982293908783104
9797982190829568000,9797982328268521472
9797982190829568000,9797982431347736576
9797982190829568000,9797982465707474944
9797990505886253056,9797989475094102016
9797990505886253056,9797989509453840384
9797990505886253056,9797989956130439168
9797990505886253056,9797990059209654272
9797990505886253056,9797990093569392640
9797990505886253056,9797990437166776320
9797990505886253056,9797990471526514688
9797990505886253056,9797990540245991424
9798047886649327616,9798045000431304704
9798047886649327616,9798045103510519808
9798047886649327616,9798045137870258176
9798047886649327616,9798047817929850880
9798047886649327616,9798047852289589248
9798047886649327616,9798047921009065984
9798047886649327616,9798047955368804352
9798047886649327616,9798047989728542720
9798051666220548096,9798051597501071360
9798051666220548096,9798051631860809728
9798051666220548096,9798051700580286464
9798051666220548096,9798051734940024832
9798051666220548096,9798051838019239936
9798051666220548096,9798051872378978304
9798051666220548096,9798052044177670144
9798051666220548096,9798052078537408512
9798053074969821184,9798052971890606080
9798053074969821184,9798053006250344448
9798053074969821184,9798053040610082816
9798053074969821184,9798053109329559552
9798053074969821184,9798053143689297920
9798053074969821184,9798058847405867008
9798053074969821184,9798058881765605376
9798053074969821184,9798058916125343744
9798108565947285504,9798106744881152000
9798108565947285504,9798106779240890368
9798108565947285504,9798108497227808768
9798108565947285504,9798108531587547136
9798108565947285504,9798108600307023872
9798108565947285504,9798109253142052864
9798108565947285504,9798109287501791232
9798108565947285504,9798109321861529600
9798109218782314496,9798108806465454080
9798109218782314496,9798108840825192448
9798109218782314496,9798109012623884288
9798109218782314496,9798109046983622656
9798109218782314496,9798109150062837760
9798109218782314496,9798109184422576128
9798109218782314496,9798109253142052864
9798109218782314496,9798109287501791232
9798109253142052864,9798108565947285504
9798109253142052864,9798108600307023872
9798109253142052864,9798108634666762240
9798109253142052864,9798108806465454080
9798109253142052864,9798108840825192448
9798109253142052864,9798109184422576128
9798109253142052864,9798109218782314496
9798109253142052864,9798109287501791232
9798113616828825600,9798113204511965184
9798113616828825600,9798113238871703552
9798113616828825600,9798113410670395392
9798113616828825600,9798113445030133760
9798113616828825600,9798113548109348864
9798113616828825600,9798113582469087232
9798113616828825600,9798113651188563968
9798113616828825600,9798113685548302336
9798169588842627072,9798162270218354688
9798169588842627072,9798162304578093056
9798169588842627072,9798169520123150336
9798169588842627072,9798169554482888704
9798169588842627072,9798169623202365440
9798169588842627072,9798172406341173248
9798169588842627072,9798172509420388352
9798169588842627072,9798172543780126720
9798178625453817856,9798178591094079488
9798178625453817856,9798178659813556224
9798178625453817856,9798178694173294592
9798178625453817856,9798179037770678272
9798178625453817856,9798179072130416640
9798178625453817856,9798179243929108480
9798178625453817856,9798179278288846848
9798178625453817856,9798179312648585216
9798211370284482560,9798170207317917696
9798211370284482560,9798170310397132800
9798211370284482560,9798170344756871168
9798211370284482560,9798182061427654656
9798211370284482560,9798182095787393024
9798211370284482560,9798211301565005824
9798211370284482560,9798211335924744192
9798211370284482560,9798211404644220928
9798696186192855040,9798695980034424832
9798696186192855040,9798696117473378304
9798696186192855040,9798696151833116672
9798696186192855040,9798696220552593408
9798696186192855040,9798696254912331776
9798696186192855040,9798696289272070144
9798696186192855040,9798696323631808512
9798696186192855040,9798696357991546880
9798706700272795648,9797956352306315264
9798706700272795648,9797956455385530368
9798706700272795648,9797956489745268736
9798706700272795648,9798704879206662144
9798706700272795648,9798704913566400512
9798706700272795648,9798706631553318912
9798706700272795648,9798706665913057280
9798706700272795648,9798706734632534016
9801268321847345152,9801267703372054528
9801268321847345152,9801268150048653312
9801268321847345152,9801268184408391680
9801268321847345152,9801268218768130048
9801268321847345152,9801268253127868416
9801268321847345152,9801268287487606784
9801268321847345152,9801268356207083520
9801268321847345152,9801268459286298624
9802262142919901184,9802262039840686080
9802262142919901184,9802262074200424448
9802262142919901184,9802262108560162816
9802262142919901184,9802262177279639552
9802262142919901184,9802262280358854656
9802262142919901184,9802262898834145280
9802262142919901184,9802264719900278784
9802262142919901184,9802264754260017152
9802458955501273088,9802457855989645312
9802458955501273088,9802457890349383680
9802458955501273088,9802457924709122048
9802458955501273088,9802458852422057984
9802458955501273088,9802458886781796352
9802458955501273088,9802458921141534720
9802458955501273088,9802458989861011456
9802458955501273088,9802459024220749824
9802463937663336448,9802463181749092352
9802463937663336448,9802463800224382976
9802463937663336448,9802463903303598080
9802463937663336448,9802463972023074816
9802463937663336448,9802464006382813184
9802463937663336448,9802464040742551552
9802463937663336448,9802464624858103808
9802463937663336448,9802464659217842176
9802469744459120640,9802469641379905536
9802469744459120640,9802469675739643904
9802469744459120640,9802469710099382272
9802469744459120640,9802469778818859008
9802469744459120640,9802469813178597376
9802469744459120640,9802471256287608832
9802469744459120640,9802471290647347200
9802469744459120640,9802471393726562304
9802555884323209216,9802554441214197760
9802555884323209216,9802554475573936128
9802555884323209216,9802554509933674496
9802555884323209216,9802555815603732480
9802555884323209216,9802555849963470848
9802555884323209216,9802555918682947584
9802555884323209216,9802555953042685952
9802555884323209216,9802555987402424320
9802607733168406528,9802605946462011392
9802607733168406528,9802605980821749760
9802607733168406528,9802606083900964864
9802607733168406528,9802607630089191424
9802607733168406528,9802607664448929792
9802607733168406528,9802607698808668160
9802607733168406528,9802607767528144896
9802607733168406528,9802607801887883264
9802629379803578368,9802618384687300608
9802629379803578368,9802618419047038976
9802629379803578368,9802618453406777344
9802629379803578368,9802629276724363264
9802629379803578368,9802629311084101632
9802629379803578368,9802629345443840000
9802629379803578368,9802629414163316736
9802629379803578368,9802629517242531840
9802735448315920384,9802723766004875264
9802735448315920384,9802723800364613632
9802735448315920384,9802723834724352000
9802735448315920384,9802735001639321600
9802735448315920384,9802735035999059968
9802735448315920384,9802735379596443648
9802735448315920384,9802735413956182016
9802735448315920384,9802735482675658752
9802745034682925056,9802745000323186688
9802745034682925056,9802745069042663424
9802745034682925056,9802745103402401792
9802745034682925056,9802752318947459072
9802745034682925056,9802752353307197440
9802745034682925056,9802918001605869568
9802745034682925056,9802918035965607936
9802745034682925056,9802918139044823040
9802798532795564032,9802798464076087296
9802798532795564032,9802798498435825664
9802798532795564032,9802798567155302400
9802798532795564032,9802801350294110208
9802798532795564032,9802801453373325312
9802798532795564032,9802801487733063680
9802798532795564032,9802804408310824960
9802798532795564032,9802804442670563328
9802802037488877568,9802800800538296320
9802802037488877568,9802800903617511424
9802802037488877568,9802800937977249792
9802802037488877568,9802801900049924096
9802802037488877568,9802802003129139200
9802802037488877568,9802802071848615936
9802802037488877568,9802802106208354304
9802802037488877568,9802802140568092672
9802867286632038400,9802867183552823296
9802867286632038400,9802867217912561664
9802867286632038400,9802867252272300032
9802867286632038400,9802867320991776768
9802867286632038400,9802867355351515136
9802867286632038400,9802867492790468608
9802867286632038400,9802867939467067392
9802867286632038400,9802867973826805760
9803155083800608768,9803154465325318144
9803155083800608768,9803154912001916928
9803155083800608768,9803154946361655296
9803155083800608768,9803154980721393664
9803155083800608768,9803155015081132032
9803155083800608768,9803155049440870400
9803155083800608768,9803155118160347136
9803155083800608768,9803155221239562240
9803725111860133888,9803724562104320000
9803725111860133888,9803725008780918784
9803725111860133888,9803725043140657152
9803725111860133888,9803725077500395520
9803725111860133888,9803725146219872256
9803725111860133888,9803725180579610624
9803725111860133888,9803725524176994304
9803725111860133888,9803725558536732672
9803734320270016512,9803733907953156096
9803734320270016512,9803733942312894464
9803734320270016512,9803734114111586304
9803734320270016512,9803734148471324672
9803734320270016512,9803734251550539776
9803734320270016512,9803734285910278144
9803734320270016512,9803734354629754880
9803734320270016512,9803734388989493248
9803757478733676544,9803757375654461440
9803757478733676544,9803757410014199808
9803757478733676544,9803757444373938176
9803757478733676544,9803757513093414912
9803757478733676544,9803757616172630016
9803757478733676544,9803758234647920640
9803757478733676544,9803760055714054144
9803757478733676544,9803760090073792512
9803762186017832960,9803761979859402752
9803762186017832960,9803762117298356224
9803762186017832960,9803762151658094592
9803762186017832960,9803762220377571328
9803762186017832960,9803762254737309696
9803762186017832960,9803762289097048064
9803762186017832960,9803762323456786432
9803762186017832960,9803762357816524800
9803765450192977920,9803765278394286080
9803765450192977920,9803765312754024448
9803765450192977920,9803765347113762816
9803765450192977920,9803765381473501184
9803765450192977920,9803765415833239552
9803765450192977920,9803765484552716288
9803765450192977920,9803765518912454656
9803765450192977920,9803765656351408128
9803766171747483648,9803766034308530176
9803766171747483648,9803766137387745280
9803766171747483648,9803766206107222016
9803766171747483648,9803766240466960384
9803766171747483648,9803766274826698752
9803766171747483648,9803768851807076352
9803766171747483648,9803768886166814720
9803766171747483648,9803768920526553088
9803809465017827328,9803809258859397120
9803809465017827328,9803809396298350592
9803809465017827328,9803809430658088960
9803809465017827328,9803809499377565696
9803809465017827328,9803809533737304064
9803809465017827328,9803809568097042432
9803809465017827328,9803809602456780800
9803809465017827328,9803809636816519168
9803812351235850240,9803812213796896768
9803812351235850240,9803812316876111872
9803812351235850240,9803812385595588608
9803812351235850240,9803812419955326976
9803812351235850240,9803812454315065344
9803812351235850240,9803813588186431488
9803812351235850240,9803813691265646592
9803812351235850240,9803813725625384960
9803812488674803712,9803812419955326976
9803812488674803712,9803812454315065344
9803812488674803712,9803812523034542080
9803812488674803712,9803812557394280448
9803812488674803712,9803812591754018816
9803812488674803712,9803813519466954752
9803812488674803712,9803813553826693120
9803812488674803712,9803813588186431488
9803813038430617600,9803810083493117952
9803813038430617600,9803812969711140864
9803813038430617600,9803813004070879232
9803813038430617600,9803813072790355968
9803813038430617600,9803813107150094336
9803813038430617600,9803813141509832704
9803813038430617600,9803815924648640512
9803813038430617600,9803815959008378880
9803816165166809088,9803816062087593984
9803816165166809088,9803816096447332352
9803816165166809088,9803816130807070720
9803816165166809088,9803816199526547456
9803816165166809088,9803816233886285824
9803816165166809088,9803816440044716032
9803816165166809088,9803816474404454400
9803816165166809088,9803816508764192768
9803817367757651968,9803816921081053184
9803817367757651968,9803816955440791552
9803817367757651968,9803817299038175232
9803817367757651968,9803817333397913600
9803817367757651968,9803817402117390336
9803817367757651968,9804855375453749248
9803817367757651968,9804855409813487616
9803817367757651968,9804855856490086400
9803821044249657344,9803820941170442240
9803821044249657344,9803820975530180608
9803821044249657344,9803821009889918976
9803821044249657344,9803821078609395712
9803821044249657344,9803821112969134080
9803821044249657344,9804288749008322560
9803821044249657344,9804288783368060928
9803821044249657344,9804288886447276032
9803821112969134080,9803821009889918976
9803821112969134080,9803821044249657344
9803821112969134080,9803821078609395712
9803821112969134080,9803821147328872448
9803821112969134080,9803821181688610816
9803821112969134080,9803822487358668800
9803821112969134080,9803822521718407168
9803821112969134080,9803822556078145536
9803821868883378176,9803821319127564288
9803821868883378176,9803821765804163072
9803821868883378176,9803821800163901440
9803821868883378176,9803821834523639808
9803821868883378176,9803821903243116544
9803821868883378176,9803821937602854912
9803821868883378176,9803822281200238592
9803821868883378176,9803822315559976960
9803822040682070016,9803821971962593280
9803822040682070016,9803822006322331648
9803822040682070016,9803822075041808384
9803822040682070016,9803822109401546752
9803822040682070016,9803822143761285120
9803822040682070016,9803823689949511680
9803822040682070016,9803823793028726784
9803822040682070016,9803823827388465152
9803822693517099008,9803822590437883904
9803822693517099008,9803822624797622272
9803822693517099008,9803822659157360640
9803822693517099008,9803822727876837376
9803822693517099008,9803822762236575744
9803822693517099008,9804287099740880896
9803822693517099008,9804287134100619264
9803822693517099008,9804287237179834368
9803823689949511680,9803822040682070016
9803823689949511680,9803822143761285120
9803823689949511680,9803822178121023488
9803823689949511680,9803823621230034944
9803823689949511680,9803823655589773312
9803823689949511680,9803823724309250048
9803823689949511680,9803823758668988416
9803823689949511680,9803823793028726784
9803827675679162368,9803827606959685632
9803827675679162368,9803827641319424000
9803827675679162368,9803827710038900736
9803827675679162368,9803830493177708544
9803827675679162368,9803830596256923648
9803827675679162368,9803830630616662016
9803827675679162368,9803833551194423296
9803827675679162368,9803833585554161664
9803827744398639104,9803827606959685632
9803827744398639104,9803827710038900736
9803827744398639104,9803827778758377472
9803827744398639104,9803827813118115840
9803827744398639104,9803827847477854208
9803827744398639104,9803830424458231808
9803827744398639104,9803830458817970176
9803827744398639104,9803830493177708544
9803848394601398272,9803848360241659904
9803848394601398272,9803848428961136640
9803848394601398272,9803848463320875008
9803848394601398272,9803850181307793408
9803848394601398272,9803850215667531776
9803848394601398272,9803850937222037504
9803848394601398272,9803850971581775872
9803848394601398272,9803851074660990976
9803886499551248384,9803879902481481728
9803886499551248384,9803880280438603776
9803886499551248384,9803880314798342144
9803886499551248384,9803886430831771648
9803886499551248384,9803886465191510016
9803886499551248384,9803886533910986752
9803886499551248384,9803886843148632064
9803886499551248384,9803886877508370432
9803886980587585536,9803886774429155328
9803886980587585536,9803886911868108800
9803886980587585536,9803886946227847168
9803886980587585536,9803887014947323904
9803886980587585536,9803887049307062272
9803886980587585536,9803887083666800640
9803886980587585536,9803887118026539008
9803886980587585536,9803887152386277376
9803918797705314304,9803918728985837568
9803918797705314304,9803918763345575936
9803918797705314304,9803918832065052672
9803918797705314304,9803918866424791040
9803918797705314304,9803918900784529408
9803918797705314304,9803920446972755968
9803918797705314304,9803920550051971072
9803918797705314304,9803920584411709440
9803920996728569856,9803920928009093120
9803920996728569856,9803920962368831488
9803920996728569856,9803921031088308224
9803920996728569856,9803921065448046592
9803920996728569856,9803921099807784960
9803920996728569856,9803922645996011520
9803920996728569856,9803922749075226624
9803920996728569856,9803922783434964992
9803948553238740992,9803948347080310784
9803948553238740992,9803948484519264256
9803948553238740992,9803948518879002624
9803948553238740992,9803948587598479360
9803948553238740992,9803948621958217728
9803948553238740992,9803948656317956096
9803948553238740992,9803948690677694464
9803948553238740992,9803948725037432832
9803957864727838720,9803957692929146880
9803957864727838720,9803957727288885248
9803957864727838720,9803957761648623616
9803957864727838720,9803957796008361984
9803957864727838720,9803957830368100352
9803957864727838720,9803957899087577088
9803957864727838720,9803957933447315456
9803957864727838720,9803958070886268928
9803962400213303296,9803959651434233856
9803962400213303296,9803959685793972224
9803962400213303296,9803959788873187328
9803962400213303296,9803962297134088192
9803962400213303296,9803962331493826560
9803962400213303296,9803962365853564928
9803962400213303296,9803962434573041664
9803962400213303296,9803962468932780032
9804060084949483520,9804060016230006784
9804060084949483520,9804060050589745152
9804060084949483520,9804060119309221888
9804060084949483520,9804060153668960256
9804060084949483520,9804060188028698624
9804060084949483520,9804084823961108480
9804060084949483520,9804084927040323584
9804060084949483520,9804084961400061952
9804062077814308864,9804059466474192896
9804062077814308864,9804059500833931264
9804062077814308864,9804061321900064768
9804062077814308864,9804061940375355392
9804062077814308864,9804062043454570496
9804062077814308864,9804062112174047232
9804062077814308864,9804062146533785600
9804062077814308864,9804062180893523968
9804066785098465280,9804066682019250176
9804066785098465280,9804066716378988544
9804066785098465280,9804066750738726912
9804066785098465280,9804066819458203648
9804066785098465280,9804066853817942016
9804066785098465280,9804183745647869952
9804066785098465280,9804183780007608320
9804066785098465280,9804183883086823424
9804068949761982464,9804068743603552256
9804068949761982464,9804068881042505728
9804068949761982464,9804068915402244096
9804068949761982464,9804068984121720832
9804068949761982464,9804069018481459200
9804068949761982464,9804069052841197568
9804068949761982464,9804069087200935936
9804068949761982464,9804069121560674304
9804069568237273088,9804069499517796352
9804069568237273088,9804069533877534720
9804069568237273088,9804069602597011456
9804069568237273088,9804075409392795648
9804069568237273088,9804075443752534016
9804069568237273088,9804175121353539584
9804069568237273088,9804180996868800512
9804069568237273088,9804181031228538880
9804069877474918400,9804069258999627776
9804069877474918400,9804069705676226560
9804069877474918400,9804069740035964928
9804069877474918400,9804069774395703296
9804069877474918400,9804069808755441664
9804069877474918400,9804069843115180032
9804069877474918400,9804069911834656768
9804069877474918400,9804070014913871872
9804070667748900864,9804070599029424128
9804070667748900864,9804070633389162496
9804070667748900864,9804070702108639232
9804070667748900864,9804071354943668224
9804070667748900864,9804071389303406592
9804070667748900864,9804071423663144960
9804070667748900864,9804072145217650688
9804070667748900864,9804072179577389056
9804088569172590592,9804085820393521152
9804088569172590592,9804085854753259520
9804088569172590592,9804085889112997888
9804088569172590592,9804088466093375488
9804088569172590592,9804088500453113856
9804088569172590592,9804088534812852224
9804088569172590592,9804088603532328960
9804088569172590592,9804088706611544064
9804154814748164096,9804154711668948992
9804154814748164096,9804154746028687360
9804154814748164096,9804154780388425728
9804154814748164096,9804154849107902464
9804154814748164096,9804154883467640832
9804154814748164096,9804155089626071040
9804154814748164096,9804155123985809408
9804154814748164096,9804155158345547776
9804166325260517376,9804166256541040640
9804166325260517376,9804166290900779008
9804166325260517376,9804166359620255744
9804166325260517376,9804178007571562496
9804166325260517376,9804178041931300864
9804166325260517376,9804178076291039232
9804166325260517376,9804189792961822720
9804166325260517376,9804189827321561088
9804167012455284736,9804166565778685952
9804167012455284736,9804166600138424320
9804167012455284736,9804166943735808000
9804167012455284736,9804166978095546368
9804167012455284736,9804167046815023104
9804167012455284736,9804177320376795136
9804167012455284736,9804177354736533504
9804167012455284736,9804177389096271872
9804169074039586816,9804167252973453312
9804169074039586816,9804167287333191680
9804169074039586816,9804169005320110080
9804169074039586816,9804169039679848448
9804169074039586816,9804169108399325184
9804169074039586816,9804169761234354176
9804169074039586816,9804169795594092544
9804169074039586816,9804169829953830912
9804181203027230720,9804181099948015616
9804181203027230720,9804181134307753984
9804181203027230720,9804181168667492352
9804181203027230720,9804181237386969088
9804181203027230720,9804181271746707456
9804181203027230720,9804181477905137664
9804181203027230720,9804181512264876032
9804181203027230720,9804181546624614400
9804182783575195648,9804182680495980544
9804182783575195648,9804182714855718912
9804182783575195648,9804182749215457280
9804182783575195648,9804182817934934016
9804182783575195648,9804182852294672384
9804182783575195648,9804184295403683840
9804182783575195648,9804184329763422208
9804182783575195648,9804184432842637312
9804210992920395776,9804210546243796992
9804210992920395776,9804210580603535360
9804210992920395776,9804210924200919040
9804210992920395776,9804210958560657408
9804210992920395776,9804211027280134144
9804210992920395776,9804215459686383616
9804210992920395776,9804215494046121984
9804210992920395776,9804215940722720768
9804220441848446976,9804220235690016768
9804220441848446976,9804220270049755136
9804220441848446976,9804220373128970240
9804220441848446976,9804220407488708608
9804220441848446976,9804220476208185344
9804220441848446976,9804220510567923712
9804220441848446976,9804220854165307392
9804220441848446976,9804220888525045760
9804281396024311808,9804281292945096704
9804281396024311808,9804281327304835072
9804281396024311808,9804281361664573440
9804281396024311808,9804281430384050176
9804281396024311808,9804281464743788544
9804281396024311808,9804285794070822912
9804281396024311808,9804285828430561280
9804281396024311808,9804285862790299648
9804283354529398784,9804283148370968576
9804283354529398784,9804283285809922048
9804283354529398784,9804283320169660416
9804283354529398784,9804283388889137152
9804283354529398784,9804283423248875520
9804283354529398784,9804283457608613888
9804283354529398784,9804283491968352256
9804283354529398784,9804283526328090624
9804283388889137152,9804281602182742016
9804283388889137152,9804281636542480384
9804283388889137152,9804281739621695488
9804283388889137152,9804283285809922048
9804283388889137152,9804283320169660416
9804283388889137152,9804283354529398784
9804283388889137152,9804283423248875520
9804283388889137152,9804283457608613888
9804287683856433152,9804286034588991488
9804287683856433152,9804286137668206592
9804287683856433152,9804286172027944960
9804287683856433152,9804287615136956416
9804287683856433152,9804287649496694784
9804287683856433152,9804287718216171520
9804287683856433152,9804287752575909888
9804287683856433152,9804287786935648256
9804288645929107456,9804288577209630720
9804288645929107456,9804288611569369088
9804288645929107456,9804288680288845824
9804288645929107456,9804288714648584192
9804288645929107456,9804288817727799296
9804288645929107456,9804288852087537664
9804288645929107456,9804289023886229504
9804288645929107456,9804289058245967872
9804295449157304320,9804295242998874112
9804295449157304320,9804295380437827584
9804295449157304320,9804295414797565952
9804295449157304320,9804295483517042688
9804295449157304320,9804295517876781056
9804295449157304320,9804295552236519424
9804295449157304320,9804295586596257792
9804295449157304320,9804295620955996160
9804315515244511232,9804314759330267136
9804315515244511232,9804315377805557760
9804315515244511232,9804315480884772864
9804315515244511232,9804315549604249600
9804315515244511232,9804315583963987968
9804315515244511232,9804315618323726336
9804315515244511232,9804316202439278592
9804315515244511232,9804316236799016960
9804323314905120768,9804323211825905664
9804323314905120768,9804323246185644032
9804323314905120768,9804323280545382400
9804323314905120768,9804323349264859136
9804323314905120768,9804323452344074240
9804323314905120768,9804326063684190208
9804323314905120768,9804326098043928576
9804323314905120768,9804326132403666944
9804626608315695104,9804626161639096320
9804626608315695104,9804626195998834688
9804626608315695104,9804626539596218368
9804626608315695104,9804626573955956736
9804626608315695104,9804626642675433472
9804626608315695104,9804802598895616000
9804626608315695104,9804802701974831104
9804626608315695104,9804802736334569472
9804626711394910208,9804626505236480000
9804626711394910208,9804626539596218368
9804626711394910208,9804626642675433472
9804626711394910208,9804626677035171840
9804626711394910208,9804626745754648576
9804626711394910208,9804626780114386944
9804626711394910208,9804627123711770624
9804626711394910208,9804627158071508992
9804627226790985728,9804624615450869760
9804627226790985728,9804624649810608128
9804627226790985728,9804626470876741632
9804627226790985728,9804627089352032256
9804627226790985728,9804627192431247360
9804627226790985728,9804627261150724096
9804627226790985728,9804627295510462464
9804627226790985728,9804627329870200832
9804637740870926336,9804637672151449600
9804637740870926336,9804637706511187968
9804637740870926336,9804637775230664704
9804637740870926336,9804637809590403072
9804637740870926336,9804637912669618176
9804637740870926336,9804637947029356544
9804637740870926336,9804638118828048384
9804637740870926336,9804638153187786752
9804648461109297152,9804645781049704448
9804648461109297152,9804645884128919552
9804648461109297152,9804645918488657920
9804648461109297152,9804646640043163648
9804648461109297152,9804646674402902016
9804648461109297152,9804648392389820416
9804648461109297152,9804648426749558784
9804648461109297152,9804648495469035520
9804667187166707712,9804667084087492608
9804667187166707712,9804667118447230976
9804667187166707712,9804667152806969344
9804667187166707712,9804667221526446080
9804667187166707712,9804667255886184448
9804667187166707712,9804667462044614656
9804667187166707712,9804667496404353024
9804667187166707712,9804667530764091392
9804672650365108224,9804668595915980800
9804672650365108224,9804668630275719168
9804672650365108224,9804670451341852672
9804672650365108224,9804670829298974720
9804672650365108224,9804670863658713088
9804672650365108224,9804672581645631488
9804672650365108224,9804672616005369856
9804672650365108224,9804672684724846592
9804677426368741376,9804677392009003008
9804677426368741376,9804677460728479744
9804677426368741376,9804677495088218112
9804677426368741376,9804679213075136512
9804677426368741376,9804679247434874880
9804677426368741376,9804697217578041344
9804677426368741376,9804699038644174848
9804677426368741376,9804699073003913216
9804687699930513408,9804687631211036672
9804687699930513408,9804687665570775040
9804687699930513408,9804687734290251776
9804687699930513408,9804687768649990144
9804687699930513408,9804687803009728512
9804687699930513408,9804688730722664448
9804687699930513408,9804688765082402816
9804687699930513408,9804688799442141184
9804713332295335936,9804706735225569280
9804713332295335936,9804707113182691328
9804713332295335936,9804707147542429696
9804713332295335936,9804713263575859200
9804713332295335936,9804713297935597568
9804713332295335936,9804713366655074304
9804713332295335936,9804713675892719616
9804713332295335936,9804713710252457984
9804724739728474112,9804724671008997376
9804724739728474112,9804724705368735744
9804724739728474112,9804724774088212480
9804724739728474112,9804724808447950848
9804724739728474112,9804724842807689216
9804724739728474112,9804730787042426880
9804724739728474112,9804730890121641984
9804724739728474112,9804730924481380352
9804734463534432256,9804690276910891008
9804734463534432256,9804690311270629376
9804734463534432256,9804690414349844480
9804734463534432256,9804734429174693888
9804734463534432256,9804734497894170624
9804734463534432256,9804734532253908992
9804734463534432256,9804734875851292672
9804734463534432256,9804734910211031040
9804734910211031040,9804690242551152640
9804734910211031040,9804690276910891008
9804734910211031040,9804690311270629376
9804734910211031040,9804734463534432256
9804734910211031040,9804734497894170624
9804734910211031040,9804734841491554304
9804734910211031040,9804734875851292672
9804734910211031040,9804734944570769408
9804736662557687808,9804736112801873920
9804736662557687808,9804736559478472704
9804736662557687808,9804736593838211072
9804736662557687808,9804736628197949440
9804736662557687808,9804736696917426176
9804736662557687808,9804736731277164544
9804736662557687808,9804737074874548224
9804736662557687808,9804737109234286592
9804777000890531840,9804776829091840000
9804777000890531840,9804776863451578368
9804777000890531840,9804776897811316736
9804777000890531840,9804776932171055104
9804777000890531840,9804776966530793472
9804777000890531840,9804777035250270208
9804777000890531840,9804777069610008576
9804777000890531840,9804777207048962048
9804783254362914816,9804782842046054400
9804783254362914816,9804782876405792768
9804783254362914816,9804783048204484608
9804783254362914816,9804783082564222976
9804783254362914816,9804783185643438080
9804783254362914816,9804783220003176448
9804783254362914816,9804783288722653184
9804783254362914816,9804783323082391552
9804786930854920192,9804786724696489984
9804786930854920192,9804786862135443456
9804786930854920192,9804786896495181824
9804786930854920192,9804786965214658560
9804786930854920192,9804786999574396928
9804786930854920192,9804787033934135296
9804786930854920192,9804787068293873664
9804786930854920192,9804787102653612032
9804786965214658560,9804785178508263424
9804786965214658560,9804785212868001792
9804786965214658560,9804785315947216896
9804786965214658560,9804786862135443456
9804786965214658560,9804786896495181824
9804786965214658560,9804786930854920192
9804786965214658560,9804786999574396928
9804786965214658560,9804787033934135296
9804788820640530432,9804788717561315328
9804788820640530432,9804788751921053696
9804788820640530432,9804788786280792064
9804788820640530432,9804788855000268800
9804788820640530432,9804788958079483904
9804788820640530432,9804789920152158208
9804788820640530432,9804789954511896576
9804788820640530432,9804790057591111680
9804795280271343616,9804795177192128512
9804795280271343616,9804795211551866880
9804795280271343616,9804795245911605248
9804795280271343616,9804795314631081984
9804795280271343616,9804795348990820352
9804795280271343616,9804798029050413056
9804795280271343616,9804798063410151424
9804795280271343616,9804798166489366528
9804796998258262016,9804796585941401600
9804796998258262016,9804796620301139968
9804796998258262016,9804796792099831808
9804796998258262016,9804796826459570176
9804796998258262016,9804796929538785280
9804796998258262016,9804796963898523648
9804796998258262016,9804797032618000384
9804796998258262016,9804797066977738752
9804797307495907328,9804797238776430592
9804797307495907328,9804797273136168960
9804797307495907328,9804797341855645696
9804797307495907328,9804797376215384064
9804797307495907328,9804797410575122432
9804797307495907328,9804825345042415616
9804797307495907328,9804825448121630720
9804797307495907328,9804825482481369088
9804824829646340096,9804824657847648256
9804824829646340096,9804824692207386624
9804824829646340096,9804824726567124992
9804824829646340096,9804824760926863360
9804824829646340096,9804824795286601728
9804824829646340096,9804824864006078464
9804824829646340096,9804824898365816832
9804824829646340096,9804825035804770304
9804827303547502592,9804824760926863360
9804827303547502592,9804826581992996864
9804827303547502592,9804826616352735232
9804827303547502592,9804827200468287488
9804827303547502592,9804827234828025856
9804827303547502592,9804827269187764224
9804827303547502592,9804827337907240960
9804827303547502592,9804827372266979328
9804827372266979328,9804827166108549120
9804827372266979328,9804827200468287488
9804827372266979328,9804827303547502592
9804827372266979328,9804827337907240960
9804827372266979328,9804827406626717696
9804827372266979328,9804827440986456064
9804827372266979328,9804827784583839744
9804827372266979328,9804827818943578112
9804827715864363008,9804827612785147904
9804827715864363008,9804827647144886272
9804827715864363008,9804827681504624640
9804827715864363008,9804827750224101376
9804827715864363008,9804827784583839744
9804827715864363008,9804827990742269952
9804827715864363008,9804828025102008320
9804827715864363008,9804828059461746688
9804827750224101376,9804827612785147904
9804827750224101376,9804827715864363008
9804827750224101376,9804827784583839744
9804827750224101376,9804827818943578112
9804827750224101376,9804827853303316480
9804827750224101376,9804827887663054848
9804827750224101376,9804827990742269952
9804827750224101376,9804828025102008320
9804829090253897728,9804828987174682624
9804829090253897728,9804829021534420992
9804829090253897728,9804829055894159360
9804829090253897728,9804829124613636096
9804829090253897728,9804829227692851200
9804829090253897728,9804875819498078208
9804829090253897728,9804875853857816576
9804829090253897728,9804875888217554944
9804830086686310400,9804829330772066304
9804830086686310400,9804829949247356928
9804830086686310400,9804830052326572032
9804830086686310400,9804830121046048768
9804830086686310400,9804830155405787136
9804830086686310400,9804830189765525504
9804830086686310400,9804830773881077760
9804830086686310400,9804830808240816128
9804830121046048768,9804830086686310400
9804830121046048768,9804830155405787136
9804830121046048768,9804830189765525504
9804830121046048768,9804830533362909184
9804830121046048768,9804830567722647552
9804830121046048768,9804830739521339392
9804830121046048768,9804830773881077760
9804830121046048768,9804830808240816128
9804832079551135744,9804832010831659008
9804832079551135744,9804832045191397376
9804832079551135744,9804832113910874112
9804832079551135744,9804832423148519424
9804832079551135744,9804832457508257792
9804832079551135744,9804860666853457920
9804832079551135744,9804861044810579968
9804832079551135744,9804861079170318336
9804836511957385216,9804836408878170112
9804836511957385216,9804836443237908480
9804836511957385216,9804836477597646848
9804836511957385216,9804836546317123584
9804836511957385216,9804836580676861952
9804836511957385216,9804836786835292160
9804836511957385216,9804836821195030528
9804836511957385216,9804836855554768896
9804852901552586752,9804852695394156544
9804852901552586752,9804852832833110016
9804852901552586752,9804852867192848384
9804852901552586752,9804852935912325120
9804852901552586752,9804852970272063488
9804852901552586752,9804853004631801856
9804852901552586752,9804853038991540224
9804852901552586752,9804853073351278592
9804855684691394560,9804855581612179456
9804855684691394560,9804855615971917824
9804855684691394560,9804855650331656192
9804855684691394560,9804855719051132928
9804855684691394560,9804855753410871296
9804855684691394560,9804857196519882752
9804855684691394560,9804857230879621120
9804855684691394560,9804857333958836224
9804856200087470080,9804855993929039872
9804856200087470080,9804856131367993344
9804856200087470080,9804856165727731712
9804856200087470080,9804856234447208448
9804856200087470080,9804856268806946816
9804856200087470080,9804856303166685184
9804856200087470080,9804856337526423552
9804856200087470080,9804856371886161920
9804859258104184832,9804859223744446464
9804859258104184832,9804859292463923200
9804859258104184832,9804859326823661568
9804859258104184832,9804859670421045248
9804859258104184832,9804859704780783616
9804859258104184832,9804859807859998720
9804859258104184832,9804860254536597504
9804859258104184832,9804860288896335872
9804862522279329792,9804859910939213824
9804862522279329792,9804859945298952192
9804862522279329792,9804861766365085696
9804862522279329792,9804862384840376320
9804862522279329792,9804862487919591424
9804862522279329792,9804862556639068160
9804862522279329792,9804862590998806528
9804862522279329792,9804862625358544896
9804862694078021632,9804856784203022336
9804862694078021632,9804856818562760704
9804862694078021632,9804859739140521984
9804862694078021632,9804859773500260352
9804862694078021632,9804859876579475456
9804862694078021632,9804862659718283264
9804862694078021632,9804862728437760000
9804862694078021632,9804862762797498368
9804863037675405312,9804862316120899584
9804863037675405312,9804862350480637952
9804863037675405312,9804862934596190208
9804863037675405312,9804862968955928576
9804863037675405312,9804863003315666944
9804863037675405312,9804863072035143680
9804863037675405312,9804863175114358784
9804863037675405312,9804863793589649408
9804863140754620416,9804863072035143680
9804863140754620416,9804863106394882048
9804863140754620416,9804863175114358784
9804863140754620416,9804863209474097152
9804863140754620416,9804863312553312256
9804863140754620416,9804863346913050624
9804863140754620416,9804863518711742464
9804863140754620416,9804863553071480832
9804864790022062080,9804864721302585344
9804864790022062080,9804864755662323712
9804864790022062080,9804864824381800448
9804864790022062080,9804864858741538816
9804864790022062080,9804864961820753920
9804864790022062080,9804864996180492288
9804864790022062080,9804865167979184128
9804864790022062080,9804865202338922496
9804872864560578560,9804872452243718144
9804872864560578560,9804872486603456512
9804872864560578560,9804872658402148352
9804872864560578560,9804872692761886720
9804872864560578560,9804872795841101824
9804872864560578560,9804872830200840192
9804872864560578560,9804872898920316928
9804872864560578560,9804872933280055296
9804877022088921088,9804875372821479424
9804877022088921088,9804875475900694528
9804877022088921088,9804875510260432896
9804877022088921088,9804876953369444352
9804877022088921088,9804876987729182720
9804877022088921088,9804877056448659456
9804877022088921088,9804877090808397824
9804877022088921088,9804877125168136192
9804878121600548864,9804779715309862912
9804878121600548864,9804779818389078016
9804878121600548864,9804779852748816384
9804878121600548864,9804878052881072128
9804878121600548864,9804878087240810496
9804878121600548864,9804878155960287232
9804878121600548864,9804878190320025600
9804878121600548864,9804878224679763968
9804881454495170560,9804881282696478720
9804881454495170560,9804881317056217088
9804881454495170560,9804881351415955456
9804881454495170560,9804881385775693824
9804881454495170560,9804881420135432192
9804881454495170560,9804881488854908928
9804881454495170560,9804881523214647296
9804881454495170560,9804881660653600768
9804881798092554240,9804881763732815872
9804881798092554240,9804881832452292608
9804881798092554240,9804881866812030976
9804881798092554240,9804882210409414656
9804881798092554240,9804882244769153024
9804881798092554240,9804893411684122624
9804881798092554240,9804893446043860992
9804881798092554240,9804893480403599360
9804888120284413952,9804886333578018816
9804888120284413952,9804886367937757184
9804888120284413952,9804886471016972288
9804888120284413952,9804888017205198848
9804888120284413952,9804888051564937216
9804888120284413952,9804888085924675584
9804888120284413952,9804888154644152320
9804888120284413952,9804888189003890688
9804890422386884608,9804890284947931136
9804890422386884608,9804890388027146240
9804890422386884608,9804890456746622976
9804890422386884608,9804890491106361344
9804890422386884608,9804890525466099712
9804890422386884608,9804931585353449472
9804890422386884608,9804931619713187840
9804890422386884608,9804931654072926208
9804907361737900032,9804900077473366016
9804907361737900032,9804900111833104384
9804907361737900032,9804900214912319488
9804907361737900032,9804907258658684928
9804907361737900032,9804907293018423296
9804907361737900032,9804907327378161664
9804907361737900032,9804907396097638400
9804907361737900032,9804907430457376768
9804907842774237184,9804907670975545344
9804907842774237184,9804907705335283712
9804907842774237184,9804907739695022080
9804907842774237184,9804907774054760448
9804907842774237184,9804907808414498816
9804907842774237184,9804907877133975552
9804907842774237184,9804907911493713920
9804907842774237184,9804908048932667392
9804909423322202112,9804909045365080064
9804909423322202112,9804909079724818432
9804909423322202112,9804909388962463744
9804909423322202112,9804909457681940480
9804909423322202112,9804909492041678848
9804909423322202112,9804915608075108352
9804909423322202112,9804915642434846720
9804909423322202112,9804916020391968768
9804912653137608704,9804912550058393600
9804912653137608704,9804912584418131968
9804912653137608704,9804912618777870336
9804912653137608704,9804912687497347072
9804912653137608704,9804912790576562176
9804912653137608704,9804915401916678144
9804912653137608704,9804915436276416512
9804912653137608704,9804915470636154880
9804916948104904704,9804905197074382848
9804916948104904704,9804916810665951232
9804916948104904704,9804916913745166336
9804916948104904704,9804916982464643072
9804916948104904704,9804917016824381440
9804916948104904704,9804917051184119808
9804916948104904704,9804928630415949824
9804916948104904704,9804928664775688192
9804917497860718592,9804917360421765120
9804917497860718592,9804917463500980224
9804917497860718592,9804917532220456960
9804917497860718592,9804917566580195328
9804917497860718592,9804917600939933696
9804917497860718592,9804928424257519616
9804917497860718592,9804928458617257984
9804917497860718592,9804928492976996352
9804934780809117696,9804934609010425856
9804934780809117696,9804934643370164224
9804934780809117696,9804934677729902592
9804934780809117696,9804934712089640960
9804934780809117696,9804934746449379328
9804934780809117696,9804934815168856064
9804934780809117696,9804934849528594432
9804934780809117696,9804934986967547904
9804939281934843904,9804939213215367168
9804939281934843904,9804939247575105536
9804939281934843904,9804939316294582272
9804939281934843904,9804939969129611264
9804939281934843904,9804940003489349632
9804939281934843904,9804940037849088000
9804939281934843904,9804940759403593728
9804939281934843904,9804940793763332096
9804939522453012480,9804939316294582272
9804939522453012480,9804939350654320640
9804939522453012480,9804939453733535744
9804939522453012480,9804939488093274112
9804939522453012480,9804939556812750848
9804939522453012480,9804939591172489216
9804939522453012480,9804939934769872896
9804939522453012480,9804939969129611264
9804941687116529664,9804939075776413696
9804941687116529664,9804939110136152064
9804941687116529664,9804940931202285568
9804941687116529664,9804941549677576192
9804941687116529664,9804941652756791296
9804941687116529664,9804941721476268032
9804941687116529664,9804941755836006400
9804941687116529664,9804941790195744768
9805016797504602112,9804922239504613376
9805016797504602112,9804922617461735424
9805016797504602112,9804922651821473792
9805016797504602112,9805016728785125376
9805016797504602112,9805016763144863744
9805016797504602112,9805016831864340480
9805016797504602112,9805017141101985792
9805016797504602112,9805017175461724160
9805029957284397056,9805023772531490816
9805029957284397056,9805023806891229184
9805029957284397056,9805023909970444288
9805029957284397056,9805029854205181952
9805029957284397056,9805029888564920320
9805029957284397056,9805029922924658688
9805029957284397056,9805029991644135424
9805029957284397056,9805030026003873792
9805064042144858112,9805062255438462976
9805064042144858112,9805062289798201344
9805064042144858112,9805062392877416448
9805064042144858112,9805063939065643008
9805064042144858112,9805063973425381376
9805064042144858112,9805064007785119744
9805064042144858112,9805064076504596480
9805064042144858112,9805064110864334848
9805089983747325952,9805089846308372480
9805089983747325952,9805089949387587584
9805089983747325952,9805090018107064320
9805089983747325952,9805090052466802688
9805089983747325952,9805090086826541056
9805089983747325952,9805095618744418304
9805089983747325952,9805095721823633408
9805089983747325952,9805095756183371776
9805130974915198976,9805125099399938048
9805130974915198976,9805125133759676416
9805130974915198976,9805130940555460608
9805130974915198976,9805131009274937344
9805130974915198976,9805131043634675712
9805130974915198976,9830563366060425216
9805130974915198976,9830563400420163584
9805130974915198976,9830569275935424512
9805134891925372928,9805134720126681088
9805134891925372928,9805134754486419456
9805134891925372928,9805134788846157824
9805134891925372928,9805134823205896192
9805134891925372928,9805134857565634560
9805134891925372928,9805134926285111296
9805134891925372928,9805134960644849664
9805134891925372928,9805135098083803136
9805147879906476032,9805147845546737664
9805147879906476032,9805147914266214400
9805147879906476032,9805147948625952768
9805147879906476032,9805148292223336448
9805147879906476032,9805148326583074816
9805147879906476032,9805213300848328704
9805147879906476032,9805213747524927488
9805147879906476032,9805213781884665856
9805148154784382976,9805148051705167872
9805148154784382976,9805148086064906240
9805148154784382976,9805148120424644608
9805148154784382976,9805148189144121344
9805148154784382976,9805148223503859712
9805148154784382976,9805149666612871168
9805148154784382976,9805149700972609536
9805148154784382976,9805149804051824640
9805149391734964224,9805148979418103808
9805149391734964224,9805149013777842176
9805149391734964224,9805149185576534016
9805149391734964224,9805149219936272384
9805149391734964224,9805149323015487488
9805149391734964224,9805149357375225856
9805149391734964224,9805149426094702592
9805149391734964224,9805149460454440960
9805183717113593856,9805177875958071296
9805183717113593856,9805177910317809664
9805183717113593856,9805177944677548032
9805183717113593856,9805183648394117120
9805183717113593856,9805183682753855488
9805183717113593856,9805183751473332224
9805183717113593856,9805183785833070592
9805183717113593856,9805183820192808960
9805184335588884480,9805184266869407744
9805184335588884480,9805184301229146112
9805184335588884480,9805184369948622848
9805184335588884480,9805184404308361216
9805184335588884480,9805184438668099584
9805184335588884480,9805212373135392768
9805184335588884480,9805212476214607872
9805184335588884480,9805212510574346240
9805185984856326144,9805185916136849408
9805185984856326144,9805185950496587776
9805185984856326144,9805186019216064512
9805185984856326144,9805186053575802880
9805185984856326144,9805186087935541248
9805185984856326144,9805210723867951104
9805185984856326144,9805210826947166208
9805185984856326144,9805210861306904576
9805191688572895232,9805191551133941760
9805191688572895232,9805191654213156864
9805191688572895232,9805191722932633600
9805191688572895232,9805191757292371968
9805191688572895232,9805191791652110336
9805191688572895232,9805364792934793216
9805191688572895232,9805364827294531584
9805191688572895232,9805364861654269952
9805205707346149376,9805202821128126464
9805205707346149376,9805202924207341568
9805205707346149376,9805202958567079936
9805205707346149376,9805205638626672640
9805205707346149376,9805205672986411008
9805205707346149376,9805205741705887744
9805205707346149376,9805205776065626112
9805205707346149376,9805205810425364480
9805209864874491904,9805209452557631488
9805209864874491904,9805209486917369856
9805209864874491904,9805209658716061696
9805209864874491904,9805209693075800064
9805209864874491904,9805209796155015168
9805209864874491904,9805209830514753536
9805209864874491904,9805209899234230272
9805209864874491904,9805209933593968640
9805210277191352320,9805186500252401664
9805210277191352320,9805186534612140032
9805210277191352320,9805186637691355136
9805210277191352320,9805210174112137216
9805210277191352320,9805210208471875584
9805210277191352320,9805210242831613952
9805210277191352320,9805210311551090688
9805210277191352320,9805210345910829056
9805225429835972608,9805225361116495872
9805225429835972608,9805225395476234240
9805225429835972608,9805225464195710976
9805225429835972608,9805225498555449344
9805225429835972608,9805225601634664448
9805225429835972608,9805225635994402816
9805225429835972608,9805225807793094656
9805225429835972608,9805225842152833024
9805226048311263232,9805225704713879552
9805226048311263232,9805225739073617920
9805226048311263232,9805225773433356288
9805226048311263232,9805225979591786496
9805226048311263232,9805226013951524864
9805226048311263232,9805226082671001600
9805226048311263232,9805226117030739968
9805226048311263232,9805226151390478336
9805226391908646912,9805225945232048128
9805226391908646912,9805225979591786496
9805226391908646912,9805226323189170176
9805226391908646912,9805226357548908544
9805226391908646912,9805226426268385280
9805226391908646912,9805226460628123648
9805226391908646912,9805226563707338752
9805226391908646912,9805226598067077120
9805226666786553856,9805225017519112192
9805226666786553856,9805225120598327296
9805226666786553856,9805225154958065664
9805226666786553856,9805226598067077120
9805226666786553856,9805226632426815488
9805226666786553856,9805226701146292224
9805226666786553856,9805226735506030592
9805226666786553856,9805226769865768960
9805231648948617216,9805231477149925376
9805231648948617216,9805231511509663744
9805231648948617216,9805231545869402112
9805231648948617216,9805231580229140480
9805231648948617216,9805231614588878848
9805231648948617216,9805231683308355584
9805231648948617216,9805231717668093952
9805231648948617216,9805231855107047424
9805298753517649920,9805298547359219712
9805298753517649920,9805298684798173184
9805298753517649920,9805298719157911552
9805298753517649920,9805298787877388288
9805298753517649920,9805298822237126656
9805298753517649920,9805298856596865024
9805298753517649920,9805298890956603392
9805298753517649920,9805298925316341760
9805331189110669312,9805330982952239104
9805331189110669312,9805331120391192576
9805331189110669312,9805331154750930944
9805331189110669312,9805331223470407680
9805331189110669312,9805331257830146048
9805331189110669312,9805331292189884416
9805331189110669312,9805331326549622784
9805331189110669312,9805331360909361152
9805332357341773824,9805330536275640320
9805332357341773824,9805330570635378688
9805332357341773824,9805332288622297088
9805332357341773824,9805332322982035456
9805332357341773824,9805332391701512192
9805332357341773824,9805592185683312640
9805332357341773824,9805592220043051008
9805332357341773824,9805594041109184512
9805339813404999680,9805339710325784576
9805339813404999680,9805339744685522944
9805339813404999680,9805339779045261312
9805339813404999680,9805339847764738048
9805339813404999680,9805339950843953152
9805339813404999680,9805350190045986816
9805339813404999680,9805350636722585600
9805339813404999680,9805350671082323968
9805365686287990784,9805189077232779264
9805365686287990784,9805189111592517632
9805365686287990784,9805189558269116416
9805365686287990784,9805365617568514048
9805365686287990784,9805365651928252416
9805365686287990784,9805365720647729152
9805365686287990784,9805365755007467520
9805365686287990784,9805365789367205888
9805366339123019776,9805366167324327936
9805366339123019776,9805366201684066304
9805366339123019776,9805366236043804672
9805366339123019776,9805366270403543040
9805366339123019776,9805366304763281408
9805366339123019776,9805366373482758144
9805366339123019776,9805366407842496512
9805366339123019776,9805366545281449984
9805374791618658304,9805374379301797888
9805374791618658304,9805374413661536256
9805374791618658304,9805374585460228096
9805374791618658304,9805374619819966464
9805374791618658304,9805374722899181568
9805374791618658304,9805374757258919936
9805374791618658304,9805374825978396672
9805374791618658304,9805374860338135040
9805378914787262464,9805378880427524096
9805378914787262464,9805378949147000832
9805378914787262464,9805378983506739200
9805378914787262464,9805380701493657600
9805378914787262464,9805380735853395968
9805378914787262464,9805381457407901696
9805378914787262464,9805381491767640064
9805378914787262464,9805381594846855168
9805432275460947968,9805432206741471232
9805432275460947968,9805432241101209600
9805432275460947968,9805432309820686336
9805432275460947968,9805432344180424704
9805432275460947968,9805432378540163072
9805432275460947968,9805457014472572928
9805432275460947968,9805457117551788032
9805432275460947968,9805457151911526400
9805489793662976000,9805489037748731904
9805489793662976000,9805489656224022528
9805489793662976000,9805489759303237632
9805489793662976000,9805489828022714368
9805489793662976000,9805489862382452736
9805489793662976000,9805489896742191104
9805489793662976000,9805490480857743360
9805489793662976000,9805490515217481728
9805496940488556544,9805496871769079808
9805496940488556544,9805496906128818176
9805496940488556544,9805496974848294912
9805496940488556544,9805497009208033280
9805496940488556544,9805497043567771648
9805496940488556544,9805497627683323904
9805496940488556544,9805497662043062272
9805496940488556544,9805499483109195776
9805537244461662208,9805537210101923840
9805537244461662208,9805537278821400576
9805537244461662208,9805537313181138944
9805537244461662208,9805539031168057344
9805537244461662208,9805539065527795712
9805537244461662208,9805539787082301440
9805537244461662208,9805539821442039808
9805537244461662208,9805539924521254912
9805537313181138944,9805537141382447104
9805537313181138944,9805537175742185472
9805537313181138944,9805537210101923840
9805537313181138944,9805537244461662208
9805537313181138944,9805537278821400576
9805537313181138944,9805537347540877312
9805537313181138944,9805537381900615680
9805537313181138944,9805537519339569152
9805538515771981824,9805538447052505088
9805538515771981824,9805538481412243456
9805538515771981824,9805538550131720192
9805538515771981824,9805550198083026944
9805538515771981824,9805550232442765312
9805538515771981824,9805550266802503680
9805538515771981824,9805561983473287168
9805538515771981824,9805562017833025536
9805538550131720192,9805538447052505088
9805538550131720192,9805538481412243456
9805538550131720192,9805538515771981824
9805538550131720192,9805538584491458560
9805538550131720192,9805538618851196928
9805538550131720192,9805549751406428160
9805538550131720192,9805550198083026944
9805538550131720192,9805550232442765312
9805538962448580608,9805538790649888768
9805538962448580608,9805538825009627136
9805538962448580608,9805538859369365504
9805538962448580608,9805538893729103872
9805538962448580608,9805538928088842240
9805538962448580608,9805538996808318976
9805538962448580608,9805539031168057344
9805538962448580608,9805539168607010816
9805542535861370880,9805541814306865152
9805542535861370880,9805541848666603520
9805542535861370880,9805542432782155776
9805542535861370880,9805542467141894144
9805542535861370880,9805542501501632512
9805542535861370880,9805542570221109248
9805542535861370880,9805542673300324352
9805542535861370880,9805543291775614976
9805542948178231296,9805542845099016192
9805542948178231296,9805542879458754560
9805542948178231296,9805542913818492928
9805542948178231296,9805542982537969664
9805542948178231296,9805543016897708032
9805542948178231296,9805545696957300736
9805542948178231296,9805545731317039104
9805542948178231296,9805545834396254208
9805556520274886656,9805554871007444992
9805556520274886656,9805554974086660096
9805556520274886656,9805555008446398464
9805556520274886656,9805556451555409920
9805556520274886656,9805556485915148288
9805556520274886656,9805556554634625024
9805556520274886656,9805556588994363392
9805556520274886656,9805556623354101760
9805578647946395648,9805535354676051968
9805578647946395648,9805535389035790336
9805578647946395648,9805535423395528704
9805578647946395648,9805576826880262144
9805578647946395648,9805576861240000512
9805578647946395648,9805578579226918912
9805578647946395648,9805578613586657280
9805578647946395648,9805578682306134016
9805585519894069248,9805585451174592512
9805585519894069248,9805585485534330880
9805585519894069248,9805585554253807616
9805585519894069248,9805585588613545984
9805585519894069248,9805585691692761088
9805585519894069248,9805585726052499456
9805585519894069248,9805585897851191296
9805585519894069248,9805585932210929664
9805594178548137984,9805593731871539200
9805594178548137984,9805593766231277568
9805594178548137984,9805594109828661248
9805594178548137984,9805594144188399616
9805594178548137984,9805594212907876352
9805594178548137984,9805594247267614720
9805594178548137984,9805594350346829824
9805594178548137984,9805594384706568192
9805594419066306560,9805593663152062464
9805594419066306560,9805593697511800832
9805594419066306560,9805593731871539200
9805594419066306560,9805594384706568192
9805594419066306560,9805594453426044928
9805594419066306560,9805594487785783296
9805594419066306560,9805596205772701696
9805594419066306560,9805596240132440064
9805595690376626176,9805595621657149440
9805595690376626176,9805595656016887808
9805595690376626176,9805595724736364544
9805595690376626176,9805598507875172352
9805595690376626176,9805598610954387456
9805595690376626176,9805598645314125824
9805595690376626176,9805601565891887104
9805595690376626176,9805601600251625472
9805595793455841280,9805595381138980864
9805595793455841280,9805595415498719232
9805595793455841280,9805595587297411072
9805595793455841280,9805595621657149440
9805595793455841280,9805595724736364544
9805595793455841280,9805595759096102912
9805595793455841280,9805595827815579648
9805595793455841280,9805595862175318016
9805596068333748224,9805594556505260032
9805596068333748224,9805594590864998400
9805596068333748224,9805595312419504128
9805596068333748224,9805595346779242496
9805596068333748224,9805595381138980864
9805596068333748224,9805596033974009856
9805596068333748224,9805596102693486592
9805596068333748224,9805596137053224960
9805596789888253952,9805596721168777216
9805596789888253952,9805596755528515584
9805596789888253952,9805596824247992320
9805596789888253952,9805597477083021312
9805596789888253952,9805597511442759680
9805596789888253952,9805597545802498048
9805596789888253952,9805598267357003776
9805596789888253952,9805598301716742144
9805597580162236416,9805597545802498048
9805597580162236416,9805597614521974784
9805597580162236416,9805597648881713152
9805597580162236416,9805597992479096832
9805597580162236416,9805598026838835200
9805597580162236416,9805598198637527040
9805597580162236416,9805598232997265408
9805597580162236416,9805598267357003776
9805598473515433984,9805595724736364544
9805598473515433984,9805595759096102912
9805598473515433984,9805595862175318016
9805598473515433984,9805598370436218880
9805598473515433984,9805598404795957248
9805598473515433984,9805598439155695616
9805598473515433984,9805598507875172352
9805598473515433984,9805598542234910720
9805607200888979456,9805605414182584320
9805607200888979456,9805605448542322688
9805607200888979456,9805605551621537792
9805607200888979456,9805607097809764352
9805607200888979456,9805607132169502720
9805607200888979456,9805607166529241088
9805607200888979456,9805607235248717824
9805607200888979456,9805607269608456192
9805607372687671296,9805606926011072512
9805607372687671296,9805606960370810880
9805607372687671296,9805607303968194560
9805607372687671296,9805607338327932928
9805607372687671296,9805607407047409664
9805607372687671296,9805607441407148032
9805607372687671296,9805607475766886400
9805607372687671296,9805607922443485184
9805607510126624768,9805607441407148032
9805607510126624768,9805607475766886400
9805607510126624768,9805607544486363136
9805607510126624768,9805607578846101504
9805607510126624768,9805607681925316608
9805607510126624768,9805607716285054976
9805607510126624768,9805607888083746816
9805607510126624768,9805607922443485184
9805607750644793344,9805607647565578240
9805607750644793344,9805607681925316608
9805607750644793344,9805607716285054976
9805607750644793344,9805607785004531712
9805607750644793344,9805607819364270080
9805607750644793344,9805609262473281536
9805607750644793344,9805609296833019904
9805607750644793344,9805609399912235008
9805613282562670592,9805613213843193856
9805613282562670592,9805613248202932224
9805613282562670592,9805613316922408960
9805613282562670592,9805616100061216768
9805613282562670592,9805616203140431872
9805613282562670592,9805616237500170240
9805613282562670592,9805619158077931520
9805613282562670592,9805619192437669888
9805619329876623360,9805612732806856704
9805619329876623360,9805613110763978752
9805619329876623360,9805613145123717120
9805619329876623360,9805619261157146624
9805619329876623360,9805619295516884992
9805619329876623360,9805619364236361728
9805619329876623360,9805619673474007040
9805619329876623360,9805619707833745408
9805649875684032512,9805274667341053952
9805649875684032512,9805274701700792320
9805649875684032512,9805274804780007424
9805649875684032512,9805649772604817408
9805649875684032512,9805649806964555776
9805649875684032512,9805649841324294144
9805649875684032512,9805649910043770880
9805649875684032512,9805650013122985984
9805651628030689280,9805651559311212544
9805651628030689280,9805651593670950912
9805651628030689280,9805651662390427648
9805651628030689280,9805651696750166016
9805651628030689280,9805651731109904384
9805651628030689280,9805653277298130944
9805651628030689280,9805653380377346048
9805651628030689280,9805653414737084416
9805656678912229376,9805656575833014272
9805656678912229376,9805656610192752640
9805656678912229376,9805656644552491008
9805656678912229376,9805656713271967744
9805656678912229376,9805656747631706112
9805656678912229376,9805663688298856448
9805656678912229376,9805663722658594816
9805656678912229376,9805663825737809920
9805658396899147776,9805658293819932672
9805658396899147776,9805658328179671040
9805658396899147776,9805658362539409408
9805658396899147776,9805658431258886144
9805658396899147776,9805658465618624512
9805658396899147776,9805658603057577984
9805658396899147776,9805659049734176768
9805658396899147776,9805659084093915136
9805663275981996032,9805657091229089792
9805663275981996032,9805657125588828160
9805663275981996032,9805657228668043264
9805663275981996032,9805663172902780928
9805663275981996032,9805663207262519296
9805663275981996032,9805663241622257664
9805663275981996032,9805663310341734400
9805663275981996032,9805663344701472768
9805664375493623808,9805662588787228672
9805664375493623808,9805662623146967040
9805664375493623808,9805662726226182144
9805664375493623808,9805664272414408704
9805664375493623808,9805664306774147072
9805664375493623808,9805664341133885440
9805664375493623808,9805664409853362176
9805664375493623808,9805664444213100544
9805667261711646720,9805666849394786304
9805667261711646720,9805666883754524672
9805667261711646720,9805667055553216512
9805667261711646720,9805667089912954880
9805667261711646720,9805667192992169984
9805667261711646720,9805667227351908352
9805667261711646720,9805667296071385088
9805667261711646720,9805667330431123456
9805687087280685056,9805686056488534016
9805687087280685056,9805686090848272384
9805687087280685056,9805686537524871168
9805687087280685056,9805686640604086272
9805687087280685056,9805686674963824640
9805687087280685056,9805687018561208320
9805687087280685056,9805687052920946688
9805687087280685056,9805687121640423424
9805703820473270272,9805702308644782080
9805703820473270272,9805702343004520448
9805703820473270272,9805703064559026176
9805703820473270272,9805703098918764544
9805703820473270272,9805703133278502912
9805703820473270272,9805703786113531904
9805703820473270272,9805703854833008640
9805703820473270272,9805703889192747008
9805716911533588480,9805716842814111744
9805716911533588480,9805716877173850112
9805716911533588480,9805716945893326848
9805716911533588480,9805716980253065216
9805716911533588480,9805717083332280320
9805716911533588480,9805717117692018688
9805716911533588480,9805717289490710528
9805716911533588480,9805717323850448896
9805757456024862720,9805756425232711680
9805757456024862720,9805756459592450048
9805757456024862720,9805756906269048832
9805757456024862720,9805757009348263936
9805757456024862720,9805757043708002304
9805757456024862720,9805757387305385984
9805757456024862720,9805757421665124352
9805757456024862720,9805757490384601088
9805759792487071744,9805759723767595008
9805759792487071744,9805759758127333376
9805759792487071744,9805759826846810112
9805759792487071744,9805759861206548480
9805759792487071744,9805759964285763584
9805759792487071744,9805759998645501952
9805759792487071744,9805760170444193792
9805759792487071744,9805760204803932160
9805759861206548480,9805756974988525568
9805759861206548480,9805757078067740672
9805759861206548480,9805757112427479040
9805759861206548480,9805759792487071744
9805759861206548480,9805759826846810112
9805759861206548480,9805759895566286848
9805759861206548480,9805759929926025216
9805759861206548480,9805759964285763584
9805759964285763584,9805759792487071744
9805759964285763584,9805759826846810112
9805759964285763584,9805759861206548480
9805759964285763584,9805759895566286848
9805759964285763584,9805759929926025216
9805759964285763584,9805759998645501952
9805759964285763584,9805760033005240320
9805759964285763584,9805760170444193792
9805760170444193792,9805759758127333376
9805760170444193792,9805759792487071744
9805760170444193792,9805759964285763584
9805760170444193792,9805759998645501952
9805760170444193792,9805760101724717056
9805760170444193792,9805760136084455424
9805760170444193792,9805760204803932160
9805760170444193792,9805760239163670528
9805760239163670528,9805759517609164800
9805760239163670528,9805759551968903168
9805760239163670528,9805760136084455424
9805760239163670528,9805760170444193792
9805760239163670528,9805760204803932160
9805760239163670528,9805760273523408896
9805760239163670528,9805760376602624000
9805760239163670528,9805760995077914624
9805773158425296896,9805772986626605056
9805773158425296896,9805773020986343424
9805773158425296896,9805773055346081792
9805773158425296896,9805773089705820160
9805773158425296896,9805773124065558528
9805773158425296896,9805773192785035264
9805773158425296896,9805773227144773632
9805773158425296896,9805773364583727104
9805783019670208512,9805781370402766848
9805783019670208512,9805781473481981952
9805783019670208512,9805781507841720320
9805783019670208512,9805782950950731776
9805783019670208512,9805782985310470144
9805783019670208512,9805783054029946880
9805783019670208512,9805783088389685248
9805783019670208512,9805783122749423616
9805805044262502400,9805804872463810560
9805805044262502400,9805804906823548928
9805805044262502400,9805804941183287296
9805805044262502400,9805804975543025664
9805805044262502400,9805805009902764032
9805805044262502400,9805805078622240768
9805805044262502400,9805805112981979136
9805805044262502400,9805805250420932608
9805806109414391808,9805806040694915072
9805806109414391808,9805806075054653440
9805806109414391808,9805806143774130176
9805806109414391808,9805806178133868544
9805806109414391808,9805806212493606912
9805806109414391808,9805813256239972352
9805806109414391808,9805813359319187456
9805806109414391808,9805813393678925824
9805813496758140928,9805813084441280512
9805813496758140928,9805813118801018880
9805813496758140928,9805813290599710720
9805813496758140928,9805813324959449088
9805813496758140928,9805813428038664192
9805813496758140928,9805813462398402560
9805813496758140928,9805813531117879296
9805813496758140928,9805813565477617664
9805828202726162432,9805828099646947328
9805828202726162432,9805828134006685696
9805828202726162432,9805828168366424064
9805828202726162432,9805828237085900800
9805828202726162432,9805828271445639168
9805828202726162432,9829866138249461760
9805828202726162432,9829866172609200128
9805828202726162432,9829866275688415232
9805849059087351808,9805848852928921600
9805849059087351808,9805848990367875072
9805849059087351808,9805849024727613440
9805849059087351808,9805849093447090176
9805849059087351808,9805849127806828544
9805849059087351808,9805849162166566912
9805849059087351808,9805849196526305280
9805849059087351808,9805849230886043648
9805902247962345472,9805901904364961792
9805902247962345472,9805901938724700160
9805902247962345472,9805901973084438528
9805902247962345472,9805902179242868736
9805902247962345472,9805902213602607104
9805902247962345472,9805902282322083840
9805902247962345472,9805902316681822208
9805902247962345472,9805902351041560576
9805902419761037312,9805902316681822208
9805902419761037312,9805902351041560576
9805902419761037312,9805902385401298944
9805902419761037312,9805902454120775680
9805902419761037312,9805902488480514048
9805902419761037312,9805903931589525504
9805902419761037312,9805903965949263872
9805902419761037312,9805904069028478976
9805937157456527360,9805937020017573888
9805937157456527360,9805937123096788992
9805937157456527360,9805937191816265728
9805937157456527360,9805937226176004096
9805937157456527360,9805937260535742464
9805937157456527360,9805937294895480832
9805937157456527360,9805937397974695936
9805937157456527360,9805937432334434304
9805940902668009472,9805546590310498304
9805940902668009472,9805546624670236672
9805940902668009472,9805546727749451776
9805940902668009472,9805940799588794368
9805940902668009472,9805940833948532736
9805940902668009472,9805940868308271104
9805940902668009472,9805940937027747840
9805940902668009472,9805940971387486208
9805963889332977664,9805963820613500928
9805963889332977664,9805963854973239296
9805963889332977664,9805963923692716032
9805963889332977664,9805963958052454400
9805963889332977664,9805963992412192768
9805963889332977664,9805965538600419328
9805963889332977664,9805965641679634432
9805963889332977664,9805965676039372800
9805963992412192768,9805963889332977664
9805963992412192768,9805963923692716032
9805963992412192768,9805963958052454400
9805963992412192768,9805964026771931136
9805963992412192768,9805964061131669504
9805963992412192768,9805965504240680960
9805963992412192768,9805965538600419328
9805963992412192768,9805965641679634432
9805966363234140160,9805943342209433600
9805966363234140160,9805943376569171968
9805966363234140160,9805943823245770752
9805966363234140160,9805965916557541376
9805966363234140160,9805965950917279744
9805966363234140160,9805966294514663424
9805966363234140160,9805966328874401792
9805966363234140160,9805966397593878528
9805993644866404352,9805993438707974144
9805993644866404352,9805993576146927616
9805993644866404352,9805993610506665984
9805993644866404352,9805993679226142720
9805993644866404352,9805993713585881088
9805993644866404352,9805993747945619456
9805993644866404352,9805993782305357824
9805993644866404352,9805993816665096192
9805994881816985600,9805994744378032128
9805994881816985600,9805994847457247232
9805994881816985600,9805994916176723968
9805994881816985600,9805994950536462336
9805994881816985600,9805994984896200704
9805994881816985600,9805995019255939072
9805994881816985600,9805995053615677440
9805994881816985600,9805995500292276224
9806006873365676032,9805999589101142016
9806006873365676032,9805999623460880384
9806006873365676032,9805999726540095488
9806006873365676032,9806006770286460928
9806006873365676032,9806006804646199296
9806006873365676032,9806006839005937664
9806006873365676032,9806006907725414400
9806006873365676032,9806006942085152768
9806007869798088704,9806007801078611968
9806007869798088704,9806007835438350336
9806007869798088704,9806007904157827072
9806007869798088704,9806007938517565440
9806007869798088704,9806007972877303808
9806007869798088704,9806009519065530368
9806007869798088704,9806009622144745472
9806007869798088704,9806009656504483840
9806013539154919424,9806013436075704320
9806013539154919424,9806013470435442688
9806013539154919424,9806013504795181056
9806013539154919424,9806013573514657792
9806013539154919424,9806013607874396160
9806013539154919424,9817319267467526144
9806013539154919424,9817319301827264512
9806013539154919424,9817319404906479616
9806017902841692160,9806017834122215424
9806017902841692160,9806017868481953792
9806017902841692160,9806017937201430528
9806017902841692160,9806020720340238336
9806017902841692160,9806020823419453440
9806017902841692160,9806020857779191808
9806017902841692160,9806023778356953088
9806017902841692160,9806023812716691456
9806026492776284160,9806026149178900480
9806026492776284160,9806026183538638848
9806026492776284160,9806026217898377216
9806026492776284160,9806026424056807424
9806026492776284160,9806026458416545792
9806026492776284160,9806026527136022528
9806026492776284160,9806026561495760896
9806026492776284160,9806026595855499264
9806041989018288128,9806041817219596288
9806041989018288128,9806041851579334656
9806041989018288128,9806041885939073024
9806041989018288128,9806041920298811392
9806041989018288128,9806041954658549760
9806041989018288128,9806042023378026496
9806041989018288128,9806042057737764864
9806041989018288128,9806042195176718336
9806055114438344704,9806030512865673216
9806055114438344704,9806030547225411584
9806055114438344704,9806030925182533632
9806055114438344704,9806054736481222656
9806055114438344704,9806054770840961024
9806055114438344704,9806055080078606336
9806055114438344704,9806055148798083072
9806055114438344704,9806055183157821440
9806059031448518656,9806058859649826816
9806059031448518656,9806058894009565184
9806059031448518656,9806058928369303552
9806059031448518656,9806058962729041920
9806059031448518656,9806058997088780288
9806059031448518656,9806059065808257024
9806059031448518656,9806059100167995392
9806059031448518656,9806059237606948864
9806066865468866560,9806066762389651456
9806066865468866560,9806066796749389824
9806066865468866560,9806066831109128192
9806066865468866560,9806066899828604928
9806066865468866560,9806066934188343296
9806066865468866560,9806067071627296768
9806066865468866560,9806067518303895552
9806066865468866560,9806067552663633920
9806068652175261696,9806068549096046592
9806068652175261696,9806068583455784960
9806068652175261696,9806068617815523328
9806068652175261696,9806068686535000064
9806068652175261696,9806068789614215168
9806068652175261696,9817152485297487872
9806068652175261696,9817154306363621376
9806068652175261696,9817154340723359744
9806076726713778176,9806070129644011520
9806076726713778176,9806070507601133568
9806076726713778176,9806070541960871936
9806076726713778176,9806076657994301440
9806076726713778176,9806076692354039808
9806076726713778176,9806076761073516544
9806076726713778176,9806077070311161856
9806076726713778176,9806077104670900224
9806082292991393792,9806079475492847616
9806082292991393792,9806079509852585984
9806082292991393792,9806079544212324352
9806082292991393792,9806082155552440320
9806082292991393792,9806082258631655424
9806082292991393792,9806082327351132160
9806082292991393792,9806082361710870528
9806082292991393792,9806082396070608896
9806087275153457152,9806086862836596736
9806087275153457152,9806086897196335104
9806087275153457152,9806087068995026944
9806087275153457152,9806087103354765312
9806087275153457152,9806087206433980416
9806087275153457152,9806087240793718784
9806087275153457152,9806087309513195520
9806087275153457152,9806087343872933888
9806089061859852288,9806078685218865152
9806089061859852288,9806078719578603520
9806089061859852288,9806078753938341888
9806089061859852288,9806089027500113920
9806089061859852288,9806089096219590656
9806089061859852288,9806089130579329024
9806089061859852288,9806089474176712704
9806089061859852288,9806089508536451072
9806101122128019456,9806100366213775360
9806101122128019456,9806100984689065984
9806101122128019456,9806101087768281088
9806101122128019456,9806101156487757824
9806101122128019456,9806101190847496192
9806101122128019456,9806101225207234560
9806101122128019456,9806101809322786816
9806101122128019456,9806101843682525184
9806101637524094976,9806101534444879872
9806101637524094976,9806101568804618240
9806101637524094976,9806101603164356608
9806101637524094976,9806101671883833344
9806101637524094976,9806101774963048448
9806101637524094976,9806112632640372736
9806101637524094976,9806112667000111104
9806101637524094976,9806112701359849472
9806114659864936448,9806114591145459712
9806114659864936448,9806114625505198080
9806114659864936448,9806114694224674816
9806114659864936448,9806117477363482624
9806114659864936448,9806117580442697728
9806114659864936448,9806117614802436096
9806114659864936448,9806120535380197376
9806114659864936448,9806120569739935744
9806120397941243904,9806120191782813696
9806120397941243904,9806120226142552064
9806120397941243904,9806120329221767168
9806120397941243904,9806120363581505536
9806120397941243904,9806120432300982272
9806120397941243904,9806120466660720640
9806120397941243904,9806120810258104320
9806120397941243904,9806120844617842688
9806132733087318016,9806132526928887808
9806132733087318016,9806132664367841280
9806132733087318016,9806132698727579648
9806132733087318016,9806132767447056384
9806132733087318016,9806132801806794752
9806132733087318016,9806132836166533120
9806132733087318016,9806132870526271488
9806132733087318016,9806132904886009856
9806135310067695616,9806135206988480512
9806135310067695616,9806135241348218880
9806135310067695616,9806135275707957248
9806135310067695616,9806135344427433984
9806135310067695616,9806135447506649088
9806135310067695616,9806138058846765056
9806135310067695616,9806138093206503424
9806135310067695616,9806138127566241792
9806138333724672000,9806138230645456896
9806138333724672000,9806138265005195264
9806138333724672000,9806138299364933632
9806138333724672000,9806138368084410368
9806138333724672000,9806138402444148736
9806138333724672000,9806138608602578944
9806138333724672000,9806138642962317312
9806138333724672000,9806138677322055680
9806141529180340224,9806141323021910016
9806141529180340224,9806141460460863488
9806141529180340224,9806141494820601856
9806141529180340224,9806141563540078592
9806141529180340224,9806141597899816960
9806141529180340224,9806141632259555328
9806141529180340224,9806141666619293696
9806141529180340224,9806141700979032064
9806143109728305152,9806048001972502528
9806143109728305152,9806048105051717632
9806143109728305152,9806048139411456000
9806143109728305152,9806143041008828416
9806143109728305152,9806143075368566784
9806143109728305152,9806143144088043520
9806143109728305152,9806143178447781888
9806143109728305152,9806143212807520256
9806158777769000960,9806158331092402176
9806158777769000960,9806158365452140544
9806158777769000960,9806158709049524224
9806158777769000960,9806158743409262592
9806158777769000960,9806158812128739328
9806158777769000960,9806158846488477696
9806158777769000960,9806158949567692800
9806158777769000960,9806158983927431168
9806161457828593664,9806158640330047488
9806161457828593664,9806158674689785856
9806161457828593664,9806158709049524224
9806161457828593664,9806161320389640192
9806161457828593664,9806161423468855296
9806161457828593664,9806161492188332032
9806161457828593664,9806161526548070400
9806161457828593664,9806161560907808768
9806164344046616576,9806161732706500608
9806164344046616576,9806161767066238976
9806164344046616576,9806163588132372480
9806164344046616576,9806164206607663104
9806164344046616576,9806164309686878208
9806164344046616576,9806164378406354944
9806164344046616576,9806164412766093312
9806164344046616576,9806164447125831680
9806164481485570048,9806161595267547136
9806164481485570048,9806161698346762240
9806164481485570048,9806161732706500608
9806164481485570048,9806164412766093312
9806164481485570048,9806164447125831680
9806164481485570048,9806164515845308416
9806164481485570048,9806164550205046784
9806164481485570048,9806164584564785152
9806164859442692096,9806164137888186368
9806164859442692096,9806164172247924736
9806164859442692096,9806164756363476992
9806164859442692096,9806164790723215360
9806164859442692096,9806164825082953728
9806164859442692096,9806164893802430464
9806164859442692096,9806164996881645568
9806164859442692096,9806165615356936192
9806177572545888256,9806177366387458048
9806177572545888256,9806177400747196416
9806177572545888256,9806177503826411520
9806177572545888256,9806177538186149888
9806177572545888256,9806177606905626624
9806177572545888256,9806177641265364992
9806177572545888256,9806177984862748672
9806177572545888256,9806178019222487040
9806187468150538240,9806187433790799872
9806187468150538240,9806187502510276608
9806187468150538240,9806187536870014976
9806187468150538240,9806187880467398656
9806187468150538240,9806187914827137024
9806187468150538240,9806188017906352128
9806187468150538240,9806188464582950912
9806187468150538240,9806188498942689280
9806197432474664960,9806196058085130240
9806197432474664960,9806196092444868608
9806197432474664960,9806196195524083712
9806197432474664960,9806197329395449856
9806197432474664960,9806197363755188224
9806197432474664960,9806197398114926592
9806197432474664960,9806197466834403328
9806197432474664960,9806197569913618432
9806199528418705408,9806196917078589440
9806199528418705408,9806196951438327808
9806199528418705408,9806198772504461312
9806199528418705408,9806199390979751936
9806199528418705408,9806199494058967040
9806199528418705408,9806199562778443776
9806199528418705408,9806199597138182144
9806199528418705408,9806199631497920512
9806200009455042560,9806199322260275200
9806200009455042560,9806199356620013568
9806200009455042560,9806199390979751936
9806200009455042560,9806199562778443776
9806200009455042560,9806199597138182144
9806200009455042560,9806199940735565824
9806200009455042560,9806199975095304192
9806200009455042560,9806200043814780928
9806200765369286656,9806200078174519296
9806200765369286656,9806200112534257664
9806200765369286656,9806200559210856448
9806200765369286656,9806200696649809920
9806200765369286656,9806200731009548288
9806200765369286656,9806200799729025024
9806200765369286656,9806200834088763392
9806200765369286656,9806200868448501760
9806239179556782080,9806239110837305344
9806239179556782080,9806239145197043712
9806239179556782080,9806239213916520448
9806239179556782080,9806239248276258816
9806239179556782080,9806239351355473920
9806239179556782080,9806239385715212288
9806239179556782080,9806239557513904128
9806239179556782080,9806239591873642496
9806239385715212288,9806239179556782080
9806239385715212288,9806239316995735552
9806239385715212288,9806239351355473920
9806239385715212288,9806239420074950656
9806239385715212288,9806239454434689024
9806239385715212288,9806239488794427392
9806239385715212288,9806239523154165760
9806239385715212288,9806239557513904128
9806239420074950656,9806239316995735552
9806239420074950656,9806239351355473920
9806239420074950656,9806239385715212288
9806239420074950656,9806239454434689024
9806239420074950656,9806239488794427392
9806239420074950656,9806268419694133248
9806239420074950656,9806268454053871616
9806239420074950656,9806268557133086720
9806239935471026176,9806239729312595968
9806239935471026176,9806239866751549440
9806239935471026176,9806239901111287808
9806239935471026176,9806239969830764544
9806239935471026176,9806240004190502912
9806239935471026176,9806240038550241280
9806239935471026176,9806240072909979648
9806239935471026176,9806240107269718016
9806242134494281728,9806241928335851520
9806242134494281728,9806242065774804992
9806242134494281728,9806242100134543360
9806242134494281728,9806242168854020096
9806242134494281728,9806242203213758464
9806242134494281728,9806242237573496832
9806242134494281728,9806242271933235200
9806242134494281728,9806242306292973568
9806242306292973568,9806241893976113152
9806242306292973568,9806241928335851520
9806242306292973568,9806242100134543360
9806242306292973568,9806242134494281728
9806242306292973568,9806242237573496832
9806242306292973568,9806242271933235200
9806242306292973568,9806242340652711936
9806242306292973568,9806242375012450304
9806242581170880512,9806241069342392320
9806242581170880512,9806241103702130688
9806242581170880512,9806241825256636416
9806242581170880512,9806241859616374784
9806242581170880512,9806241893976113152
9806242581170880512,9806242546811142144
9806242581170880512,9806242615530618880
9806242581170880512,9806242649890357248
9806250964947042304,9804673578078044160
9806250964947042304,9804673612437782528
9806250964947042304,9804673715516997632
9806250964947042304,9806250861867827200
9806250964947042304,9806250896227565568
9806250964947042304,9806250930587303936
9806250964947042304,9806250999306780672
9806250964947042304,9806251033666519040
9806256874822041600,9804667668203044864
9806256874822041600,9804667702562783232
9806256874822041600,9804673578078044160
9806256874822041600,9806250999306780672
9806256874822041600,9806251033666519040
9806256874822041600,9806256840462303232
9806256874822041600,9806256909181779968
9806256874822041600,9806256943541518336
9806268076096749568,9806267973017534464
9806268076096749568,9806268007377272832
9806268076096749568,9806268041737011200
9806268076096749568,9806268110456487936
9806268076096749568,9806268144816226304
9806268076096749568,9806268350974656512
9806268076096749568,9806268385334394880
9806268076096749568,9806268419694133248
9806276288074219520,9806276219354742784
9806276288074219520,9806276253714481152
9806276288074219520,9806276322433957888
9806276288074219520,9806276975268986880
9806276288074219520,9806277009628725248
9806276288074219520,9806277043988463616
9806276288074219520,9806277765542969344
9806276288074219520,9806277799902707712
9806280205084393472,9806280067645440000
9806280205084393472,9806280170724655104
9806280205084393472,9806280239444131840
9806280205084393472,9806280273803870208
9806280205084393472,9806280308163608576
9806280205084393472,9806280342523346944
9806280205084393472,9806280376883085312
9806280205084393472,9806280823559684096
9806282232308957184,9806282060510265344
9806282232308957184,9806282094870003712
9806282232308957184,9806282129229742080
9806282232308957184,9806282163589480448
9806282232308957184,9806282197949218816
9806282232308957184,9806282266668695552
9806282232308957184,9806282301028433920
9806282232308957184,9806282438467387392
9806285359045148672,9806285290325671936
9806285359045148672,9806285324685410304
9806285359045148672,9806285393404887040
9806285359045148672,9806285427764625408
9806285359045148672,9806285530843840512
9806285359045148672,9806285565203578880
9806285359045148672,9806285737002270720
9806285359045148672,9806285771362009088
9806289825811136512,9806289757091659776
9806289825811136512,9806289791451398144
9806289825811136512,9806289860170874880
9806289825811136512,9806289894530613248
9806289825811136512,9806289928890351616
9806289825811136512,9806300133732646912
9806289825811136512,9806300168092385280
9806289825811136512,9806300614768984064
9806301164524797952,9806300477330030592
9806301164524797952,9806300511689768960
9806301164524797952,9806300546049507328
9806301164524797952,9806300717848199168
9806301164524797952,9806300752207937536
9806301164524797952,9806301095805321216
9806301164524797952,9806301130165059584
9806301164524797952,9806301198884536320
9817156093070016512,9817155646393417728
9817156093070016512,9817155680753156096
9817156093070016512,9817156024350539776
9817156093070016512,9817156058710278144
9817156093070016512,9817156127429754880
9817156093070016512,9817156161789493248
9817156093070016512,9817156264868708352
9817156093070016512,9817156299228446720
9817277382946455552,9817277176788025344
9817277382946455552,9817277314226978816
9817277382946455552,9817277348586717184
9817277382946455552,9817277417306193920
9817277382946455552,9817277451665932288
9817277382946455552,9817277486025670656
9817277382946455552,9817277520385409024
9817277382946455552,9817277554745147392
9817281506115059712,9817281437395582976
9817281506115059712,9817281471755321344
9817281506115059712,9817281540474798080
9817281506115059712,9817281574834536448
9817281506115059712,9817281609194274816
9817281506115059712,9817292363792384000
9817281506115059712,9817292466871599104
9817281506115059712,9817292501231337472
9817292398152122368,9817291985835261952
9817292398152122368,9817292020195000320
9817292398152122368,9817292191993692160
9817292398152122368,9817292226353430528
9817292398152122368,9817292329432645632
9817292398152122368,9817292363792384000
9817292398152122368,9817292432511860736
9817292398152122368,9817292466871599104
9817319748503863296,9817319645424648192
9817319748503863296,9817319679784386560
9817319748503863296,9817319714144124928
9817319748503863296,9817319782863601664
9817319748503863296,9817319817223340032
9817319748503863296,9817321260332351488
9817319748503863296,9817321294692089856
9817319748503863296,9817321397771304960
9817324249629589504,9817324112190636032
9817324249629589504,9817324215269851136
9817324249629589504,9817324283989327872
9817324249629589504,9817324318349066240
9817324249629589504,9817324352708804608
9817324249629589504,9817324387068542976
9817324249629589504,9817324421428281344
9817324249629589504,9817324868104880128
9817807175752351744,9817806557277061120
9817807175752351744,9817807003953659904
9817807175752351744,9817807038313398272
9817807175752351744,9817807072673136640
9817807175752351744,9817807107032875008
9817807175752351744,9817807141392613376
9817807175752351744,9817807210112090112
9817807175752351744,9817807313191305216
9817808103465287680,9817807072673136640
9817808103465287680,9817807107032875008
9817808103465287680,9817807553709473792
9817808103465287680,9817807656788688896
9817808103465287680,9817807691148427264
9817808103465287680,9817808034745810944
9817808103465287680,9817808069105549312
9817808103465287680,9817808137825026048
9817809443495084032,9817807931666595840
9817809443495084032,9817807966026334208
9817809443495084032,9817808687580839936
9817809443495084032,9817808721940578304
9817809443495084032,9817808756300316672
9817809443495084032,9817809409135345664
9817809443495084032,9817809477854822400
9817809443495084032,9817809512214560768
9817838992870080512,9817838786711650304
9817838992870080512,9817838821071388672
9817838992870080512,9817838924150603776
9817838992870080512,9817838958510342144
9817838992870080512,9817839027229818880
9817838992870080512,9817839061589557248
9817838992870080512,9817839405186940928
9817838992870080512,9817839439546679296
9817847617164410880,9817847479725457408
9817847617164410880,9817847582804672512
9817847617164410880,9817847651524149248
9817847617164410880,9817847685883887616
9817847617164410880,9817847720243625984
9817847617164410880,9817847754603364352
9817847617164410880,9817847788963102720
9817847617164410880,9817848235639701504
9817847892042317824,9817846448933306368
9817847892042317824,9817846483293044736
9817847892042317824,9817846517652783104
9817847892042317824,9817847823322841088
9817847892042317824,9817847857682579456
9817847892042317824,9817847926402056192
9817847892042317824,9817847960761794560
9817847892042317824,9817847995121532928
9817848888474730496,9817848854114992128
9817848888474730496,9817848922834468864
9817848888474730496,9817848957194207232
9817848888474730496,9817849300791590912
9817848888474730496,9817849335151329280
9817848888474730496,9817849506950021120
9817848888474730496,9817849541309759488
9817848888474730496,9817849575669497856
9818358890071326720,9818358752632373248
9818358890071326720,9818358855711588352
9818358890071326720,9818358924431065088
9818358890071326720,9818358958790803456
9818358890071326720,9818358993150541824
9818358890071326720,9818361570130919424
9818358890071326720,9818361604490657792
9818358890071326720,9818361638850396160
9818364834306064384,9818358649553158144
9818364834306064384,9818358683912896512
9818364834306064384,9818358786992111616
9818364834306064384,9818364731226849280
9818364834306064384,9818364765586587648
9818364834306064384,9818364799946326016
9818364834306064384,9818364868665802752
9818364834306064384,9818364903025541120
9818382701370015744,9818382667010277376
9818382701370015744,9818382735729754112
9818382701370015744,9818382770089492480
9818382701370015744,9818383113686876160
9818382701370015744,9818383148046614528
9818382701370015744,9818383319845306368
9818382701370015744,9818383354205044736
9818382701370015744,9818383388564783104
9823860811896979456,9823860708817764352
9823860811896979456,9823860743177502720
9823860811896979456,9823860777537241088
9823860811896979456,9823860846256717824
9823860811896979456,9823860880616456192
9823860811896979456,9823872013171687424
9823860811896979456,9823872459848286208
9823860811896979456,9823872494208024576
9824034362935476224,9824009623923851264
9824034362935476224,9824009727003066368
9824034362935476224,9824009761362804736
9824034362935476224,9824034294215999488
9824034362935476224,9824034328575737856
9824034362935476224,9824034397295214592
9824034362935476224,9824034431654952960
9824034362935476224,9824034466014691328
9824181560054644736,9824181491335168000
9824181560054644736,9824181525694906368
9824181560054644736,9824181594414383104
9824181560054644736,9824181628774121472
9824181560054644736,9824181731853336576
9824181560054644736,9824181766213074944
9824181560054644736,9824181938011766784
9824181560054644736,9824181972371505152
9824187607368597504,9824187538649120768
9824187607368597504,9824187573008859136
9824187607368597504,9824187641728335872
9824187607368597504,9824187676088074240
9824187607368597504,9824187779167289344
9824187607368597504,9824187813527027712
9824187607368597504,9824187985325719552
9824187607368597504,9824188019685457920
9824540241363468288,9824532957098934272
9824540241363468288,9824532991458672640
9824540241363468288,9824533094537887744
9824540241363468288,9824540138284253184
9824540241363468288,9824540172643991552
9824540241363468288,9824540207003729920
9824540241363468288,9824540275723206656
9824540241363468288,9824540310082945024
9824668609346011136,9824668059590197248
9824668609346011136,9824668506266796032
9824668609346011136,9824668540626534400
9824668609346011136,9824668574986272768
9824668609346011136,9824668643705749504
9824668609346011136,9824668678065487872
9824668609346011136,9824669021662871552
9824668609346011136,9824669056022609920
9824670670930313216,9824670258613452800
9824670670930313216,9824670292973191168
9824670670930313216,9824670464771883008
9824670670930313216,9824670499131621376
9824670670930313216,9824670602210836480
9824670670930313216,9824670636570574848
9824670670930313216,9824670705290051584
9824670670930313216,9824670739649789952
9824735129799491584,9824734923641061376
9824735129799491584,9824734958000799744
9824735129799491584,9824735061080014848
9824735129799491584,9824735095439753216
9824735129799491584,9824735164159229952
9824735129799491584,9824735198518968320
9824735129799491584,9824735542116352000
9824735129799491584,9824735576476090368
