pt,cid,lat,lon,layer
USGS-450232069525101,5526007847629881344,45.042047,-69.880639,WQP
samplePoint.137437,5526007916349358080,45.039994,-69.864121,EGAD
MEDEP_WQX-116225,5526018945825374208,45.255280,-69.727500,WQP
samplePoint.116225,5526018945825374208,45.255289,-69.727500,EGAD
samplePoint.39965,5526025955212001280,45.443567,-69.654087,EGAD
samplePoint.39966,5526027398321012736,45.438930,-69.651111,EGAD
samplePoint.39967,5526027398321012736,45.438020,-69.648877,EGAD
samplePoint.39969,5526027398321012736,45.437928,-69.647431,EGAD
samplePoint.39968,5526027432680751104,45.438551,-69.648095,EGAD
samplePoint.143186,5526027467040489472,45.441879,-69.629553,EGAD
samplePoint.146442,5526049491632783360,45.569122,-69.538953,EGAD
samplePoint.150101,5526052206052114432,45.447791,-69.604717,EGAD
samplePoint.150116,5526052206052114432,45.446320,-69.607677,EGAD
samplePoint.146441,5526052309131329536,45.449128,-69.623233,EGAD
samplePoint.153466,5526060486749061120,45.622053,-69.836038,EGAD
samplePoint.150350,5526097251669114880,45.633339,-70.244232,EGAD
samplePoint.148553,5526123021472890880,45.520165,-70.295664,EGAD
samplePoint.150558,5526126079489605632,45.467991,-70.253833,EGAD
samplePoint.150559,5526126079489605632,45.466482,-70.251749,EGAD
samplePoint.146447,5526187617781022720,45.246448,-69.962234,EGAD
samplePoint.153382,5526208302343520256,44.892086,-70.273531,EGAD
samplePoint.148562,5526219641057181696,44.858203,-70.516187,EGAD
samplePoint.150109,5526231117209796608,45.094069,-70.333208,EGAD
samplePoint.154593,5526231117209796608,45.093960,-70.334335,EGAD
samplePoint.149096,5526231151569534976,45.098921,-70.333522,EGAD
MEDEP_WQX-116226,5526262590730141696,44.989170,-70.742220,WQP
samplePoint.116226,5526262590730141696,44.989179,-70.742221,EGAD
samplePoint.154574,5526263484083339264,44.995758,-70.662094,EGAD
samplePoint.154576,5526263484083339264,44.996074,-70.662178,EGAD
samplePoint.154577,5526263484083339264,44.997006,-70.662570,EGAD
samplePoint.149094,5526263518443077632,44.985678,-70.671326,EGAD
samplePoint.151113,5526263552802816000,44.989584,-70.672503,EGAD
samplePoint.65509,5526264446156013568,44.946793,-70.656512,EGAD
OST_SHPD-NRS18_NH_10011,5526289838002667520,44.712960,-71.172700,WQP
samplePoint.154550,5526297225346416640,44.689689,-70.971093,EGAD
samplePoint.136208,5526309113815891968,44.638639,-70.586395,EGAD
samplePoint.136210,5526309113815891968,44.639007,-70.586555,EGAD
samplePoint.137097,5526309113815891968,44.638970,-70.586985,EGAD
samplePoint.137098,5526309113815891968,44.638932,-70.586960,EGAD
samplePoint.141427,5526309113815891968,44.638273,-70.587137,EGAD
samplePoint.141428,5526309113815891968,44.639375,-70.586512,EGAD
samplePoint.150455,5526311244119670784,44.635604,-70.724121,EGAD
samplePoint.150457,5526311278479409152,44.635972,-70.724213,EGAD
samplePoint.150458,5526311278479409152,44.635173,-70.729525,EGAD
samplePoint.150459,5526311278479409152,44.635275,-70.726220,EGAD
samplePoint.150460,5526311278479409152,44.636069,-70.729249,EGAD
samplePoint.146463,5526322720272285696,44.713796,-70.419939,EGAD
samplePoint.151135,5526336498527371264,44.550615,-70.543827,EGAD
samplePoint.150043,5526336807765016576,44.539426,-70.520587,EGAD
samplePoint.65462,5526336979563708416,44.529713,-70.483374,EGAD
samplePoint.40947,5526337048283185152,44.542190,-70.498632,EGAD
samplePoint.136301,5526337254441615360,44.540033,-70.520081,EGAD
samplePoint.137000,5526337254441615360,44.540033,-70.520081,EGAD
samplePoint.137001,5526337254441615360,44.540033,-70.520081,EGAD
samplePoint.137002,5526337254441615360,44.540033,-70.520081,EGAD
samplePoint.137003,5526337254441615360,44.540033,-70.520081,EGAD
samplePoint.137517,5526337254441615360,44.540033,-70.520081,EGAD
samplePoint.138698,5526337254441615360,44.540033,-70.520081,EGAD
samplePoint.139981,5526337254441615360,44.540033,-70.520081,EGAD
samplePoint.141170,5526337254441615360,44.540033,-70.520081,EGAD
samplePoint.141794,5526337254441615360,44.540033,-70.520081,EGAD
samplePoint.142533,5526338834989580288,44.517340,-70.457055,EGAD
samplePoint.142534,5526338834989580288,44.517553,-70.455484,EGAD
samplePoint.154866,5526339212946702336,44.523302,-70.406233,EGAD
samplePoint.70113,5526344538706149376,44.592698,-70.195537,EGAD
samplePoint.136393,5526344573065887744,44.592235,-70.213033,EGAD
samplePoint.141638,5526344573065887744,44.592235,-70.212956,EGAD
samplePoint.148656,5526344573065887744,44.595841,-70.199219,EGAD
samplePoint.148657,5526344573065887744,44.595531,-70.198153,EGAD
samplePoint.150741,5526344573065887744,44.595292,-70.207360,EGAD
samplePoint.65464,5526345878735945728,44.514531,-70.242865,EGAD
samplePoint.105462,5526347528003387392,44.503996,-70.239711,EGAD
samplePoint.105463,5526347528003387392,44.503897,-70.239520,EGAD
samplePoint.39173,5526347528003387392,44.504645,-70.243863,EGAD
samplePoint.39568,5526347528003387392,44.504090,-70.239983,EGAD
samplePoint.39569,5526347528003387392,44.504090,-70.239984,EGAD
samplePoint.150771,5526347562363125760,44.507213,-70.229896,EGAD
samplePoint.146462,5526348180838416384,44.495337,-70.206625,EGAD
samplePoint.65459,5526348215198154752,44.491679,-70.205609,EGAD
samplePoint.148185,5526349520868212736,44.484580,-70.152487,EGAD
samplePoint.142531,5526349761386381312,44.468110,-70.183737,EGAD
samplePoint.150110,5526349761386381312,44.468122,-70.184883,EGAD
samplePoint.154222,5526350242422718464,44.469735,-70.098129,EGAD
samplePoint.154224,5526350242422718464,44.472705,-70.093017,EGAD
samplePoint.116222,5526352681964142592,44.520839,-70.051670,EGAD
samplePoint.146461,5526354915347136512,44.550940,-70.086543,EGAD
samplePoint.120523,5526356942571700224,44.630009,-70.102779,EGAD
samplePoint.153793,5526356942571700224,44.635126,-70.094699,EGAD
samplePoint.153791,5526357595406729216,44.639720,-70.089898,EGAD
samplePoint.153792,5526357595406729216,44.637557,-70.094304,EGAD
samplePoint.153586,5526360378545537024,44.647856,-69.946060,EGAD
samplePoint.153587,5526361237538996224,44.674286,-69.955394,EGAD
samplePoint.153588,5526361237538996224,44.672263,-69.954836,EGAD
samplePoint.153590,5526361237538996224,44.673372,-69.956485,EGAD
samplePoint.153583,5526361374977949696,44.666788,-69.947510,EGAD
samplePoint.153584,5526361409337688064,44.668172,-69.954555,EGAD
samplePoint.153589,5526361409337688064,44.663988,-69.955132,EGAD
samplePoint.153585,5526361512416903168,44.652562,-69.934032,EGAD
samplePoint.152926,5526362749367484416,44.694471,-69.922364,EGAD
samplePoint.152928,5526362749367484416,44.694835,-69.922701,EGAD
samplePoint.150047,5526367972047716352,44.651920,-70.143307,EGAD
samplePoint.136901,5526368006407454720,44.654948,-70.140207,EGAD
samplePoint.153819,5526368246925623296,44.621760,-70.147096,EGAD
samplePoint.153821,5526368246925623296,44.623693,-70.147563,EGAD
samplePoint.153822,5526368246925623296,44.625521,-70.148184,EGAD
samplePoint.132018,5526369518235942912,44.672074,-70.158483,EGAD
samplePoint.146464,5526373710124023808,44.758177,-70.215389,EGAD
samplePoint.152423,5526381544144371712,44.842396,-70.111167,EGAD
samplePoint.152715,5526381544144371712,44.844382,-70.108201,EGAD
samplePoint.146446,5526391508468498432,44.912894,-69.941238,EGAD
samplePoint.150282,5526401953828962304,44.793064,-69.885238,EGAD
samplePoint.65484,5526402194347130880,44.833017,-69.868287,EGAD
samplePoint.41832,5526407863703961600,44.790522,-69.892056,EGAD
samplePoint.137259,5526409650410356736,44.722477,-69.788774,EGAD
samplePoint.65487,5526409650410356736,44.722452,-69.783496,EGAD
samplePoint.153385,5526409719129833472,44.732746,-69.793417,EGAD
samplePoint.153387,5526409719129833472,44.736133,-69.797288,EGAD
samplePoint.146478,5526410749921984512,44.754555,-69.726229,EGAD
samplePoint.142578,5526412193030995968,44.678813,-69.680703,EGAD
samplePoint.142579,5526412193030995968,44.680024,-69.680011,EGAD
samplePoint.142580,5526412193030995968,44.681811,-69.678612,EGAD
samplePoint.146570,5526412193030995968,44.678871,-69.687509,EGAD
samplePoint.146573,5526412193030995968,44.678225,-69.686396,EGAD
samplePoint.146574,5526412193030995968,44.678135,-69.681754,EGAD
samplePoint.146576,5526412193030995968,44.677411,-69.685898,EGAD
samplePoint.146645,5526412193030995968,44.678029,-69.681023,EGAD
samplePoint.146646,5526412193030995968,44.682662,-69.679288,EGAD
samplePoint.146647,5526412193030995968,44.676979,-69.681375,EGAD
samplePoint.41230,5526412364829687808,44.694051,-69.650509,EGAD
samplePoint.41231,5526412364829687808,44.695842,-69.652882,EGAD
samplePoint.54065,5526412364829687808,44.694381,-69.650451,EGAD
samplePoint.133142,5526412399189426176,44.693107,-69.642877,EGAD
samplePoint.134833,5526412399189426176,44.692911,-69.643111,EGAD
samplePoint.135258,5526412399189426176,44.692855,-69.643114,EGAD
samplePoint.41223,5526412399189426176,44.694790,-69.647031,EGAD
samplePoint.146517,5526412433549164544,44.701282,-69.633068,EGAD
samplePoint.65495,5526413842298437632,44.767757,-69.680067,EGAD
samplePoint.150973,5526413911017914368,44.786380,-69.678493,EGAD
samplePoint.150974,5526413911017914368,44.784695,-69.676779,EGAD
samplePoint.154426,5526414357694513152,44.757680,-69.628719,EGAD
samplePoint.153550,5526415044889280512,44.788201,-69.576281,EGAD
samplePoint.153551,5526415044889280512,44.790011,-69.577837,EGAD
samplePoint.153552,5526415044889280512,44.790514,-69.576315,EGAD
samplePoint.148356,5526415113608757248,44.797219,-69.580986,EGAD
samplePoint.150060,5526415113608757248,44.799025,-69.583247,EGAD
samplePoint.150548,5526415113608757248,44.798980,-69.580960,EGAD
samplePoint.151328,5526415113608757248,44.800150,-69.576478,EGAD
samplePoint.151327,5526415216687972352,44.801057,-69.572049,EGAD
samplePoint.150210,5526415285407449088,44.799116,-69.585700,EGAD
samplePoint.146363,5526415766443786240,44.807943,-69.661945,EGAD
samplePoint.146365,5526415766443786240,44.805166,-69.665301,EGAD
samplePoint.146528,5526415766443786240,44.802462,-69.667494,EGAD
samplePoint.146366,5526415800803524608,44.810167,-69.659520,EGAD
samplePoint.146367,5526415800803524608,44.808758,-69.659455,EGAD
samplePoint.146874,5526415800803524608,44.811316,-69.650947,EGAD
samplePoint.146876,5526415800803524608,44.811071,-69.649105,EGAD
samplePoint.146877,5526415800803524608,44.810638,-69.650862,EGAD
samplePoint.146878,5526415800803524608,44.810770,-69.648199,EGAD
samplePoint.146921,5526415800803524608,44.811533,-69.647265,EGAD
samplePoint.146875,5526415835163262976,44.810367,-69.644213,EGAD
samplePoint.147025,5526415835163262976,44.810363,-69.645952,EGAD
samplePoint.153231,5526416041321693184,44.828205,-69.670481,EGAD
samplePoint.146369,5526416350559338496,44.799678,-69.685250,EGAD
samplePoint.146600,5526416350559338496,44.801774,-69.684614,EGAD
samplePoint.146526,5526416419278815232,44.801327,-69.669045,EGAD
samplePoint.146527,5526416419278815232,44.805623,-69.666391,EGAD
samplePoint.146879,5526416419278815232,44.805341,-69.669098,EGAD
samplePoint.147026,5526416419278815232,44.804105,-69.668197,EGAD
samplePoint.150975,5526416487998291968,44.787601,-69.679525,EGAD
samplePoint.136419,5526416728516460544,44.769361,-69.708426,EGAD
samplePoint.141736,5526416728516460544,44.769357,-69.708364,EGAD
samplePoint.143192,5526416728516460544,44.775080,-69.710968,EGAD
samplePoint.146477,5526416728516460544,44.773330,-69.712920,EGAD
samplePoint.150119,5526416728516460544,44.770344,-69.708333,EGAD
samplePoint.153242,5526418824460500992,44.829126,-69.669831,EGAD
samplePoint.74146,5526420679886372864,44.933822,-69.638137,EGAD
samplePoint.74147,5526420679886372864,44.934422,-69.639863,EGAD
samplePoint.74148,5526420679886372864,44.935359,-69.639928,EGAD
samplePoint.143183,5526429304180703232,44.872187,-69.447211,EGAD
samplePoint.150135,5526429338540441600,44.878150,-69.445303,EGAD
samplePoint.144310,5526429372900179968,44.885789,-69.462173,EGAD
samplePoint.144311,5526429372900179968,44.885819,-69.462451,EGAD
samplePoint.144312,5526429372900179968,44.885605,-69.462637,EGAD
samplePoint.41180,5526429372900179968,44.883586,-69.464037,EGAD
samplePoint.41181,5526429372900179968,44.883212,-69.463182,EGAD
samplePoint.41188,5526429372900179968,44.879236,-69.461051,EGAD
samplePoint.82874,5526429372900179968,44.882280,-69.464209,EGAD
samplePoint.144361,5526429579058610176,44.893046,-69.464477,EGAD
samplePoint.144364,5526429579058610176,44.893298,-69.464238,EGAD
samplePoint.144365,5526429579058610176,44.891297,-69.463357,EGAD
samplePoint.155480,5526430094454685696,44.912321,-69.421969,EGAD
samplePoint.155481,5526430094454685696,44.912273,-69.422863,EGAD
samplePoint.155482,5526430094454685696,44.911734,-69.426496,EGAD
samplePoint.155483,5526430094454685696,44.911081,-69.427763,EGAD
samplePoint.155486,5526430094454685696,44.912808,-69.419502,EGAD
samplePoint.155484,5526430128814424064,44.911148,-69.433542,EGAD
samplePoint.155485,5526430197533900800,44.908800,-69.423640,EGAD
samplePoint.102451,5526430231893639168,44.904865,-69.413267,EGAD
samplePoint.146585,5526430231893639168,44.907057,-69.414671,EGAD
samplePoint.146586,5526430231893639168,44.906195,-69.415171,EGAD
samplePoint.146891,5526430231893639168,44.906196,-69.411521,EGAD
samplePoint.49555,5526430231893639168,44.906476,-69.410872,EGAD
samplePoint.146584,5526430334972854272,44.908168,-69.414002,EGAD
samplePoint.146890,5526430334972854272,44.907873,-69.412583,EGAD
samplePoint.147447,5526430334972854272,44.908618,-69.411006,EGAD
samplePoint.148433,5526430678570237952,44.902640,-69.388696,EGAD
samplePoint.148435,5526430678570237952,44.903412,-69.389240,EGAD
samplePoint.148436,5526430678570237952,44.904820,-69.385655,EGAD
samplePoint.148383,5526430712929976320,44.899473,-69.388413,EGAD
samplePoint.148434,5526430712929976320,44.901923,-69.389704,EGAD
samplePoint.148437,5526430712929976320,44.896698,-69.384963,EGAD
samplePoint.148439,5526430712929976320,44.902079,-69.388413,EGAD
samplePoint.148440,5526430712929976320,44.899227,-69.386549,EGAD
samplePoint.148441,5526430712929976320,44.901032,-69.388198,EGAD
samplePoint.148438,5526430747289714688,44.897116,-69.383649,EGAD
samplePoint.153817,5526432637075324928,44.906430,-69.285977,EGAD
samplePoint.154026,5526432637075324928,44.908341,-69.286495,EGAD
samplePoint.155048,5526432637075324928,44.908082,-69.287218,EGAD
samplePoint.154048,5526432705794801664,44.896783,-69.277567,EGAD
samplePoint.155044,5526432705794801664,44.894081,-69.274888,EGAD
samplePoint.155050,5526432705794801664,44.892419,-69.276784,EGAD
samplePoint.150841,5526432808874016768,44.893387,-69.271875,EGAD
samplePoint.150842,5526432808874016768,44.897424,-69.269898,EGAD
samplePoint.154025,5526432808874016768,44.897320,-69.268010,EGAD
samplePoint.65588,5526434389421981696,44.838699,-69.413395,EGAD
samplePoint.150114,5526435798171254784,44.759202,-69.381112,EGAD
samplePoint.147019,5526439302864568320,44.749549,-69.578360,EGAD
samplePoint.147021,5526439337224306688,44.750312,-69.583009,EGAD
samplePoint.147022,5526439337224306688,44.751248,-69.582931,EGAD
samplePoint.147023,5526439337224306688,44.752368,-69.581900,EGAD
samplePoint.147453,5526439337224306688,44.751003,-69.581388,EGAD
samplePoint.152273,5526439990059335680,44.730615,-69.503502,EGAD
samplePoint.135414,5526441433168347136,44.686679,-69.631280,EGAD
samplePoint.146519,5526441433168347136,44.689405,-69.632523,EGAD
samplePoint.150514,5526441433168347136,44.695144,-69.633015,EGAD
samplePoint.142900,5526441536247562240,44.678481,-69.639184,EGAD
samplePoint.144256,5526444078868201472,44.666067,-69.453594,EGAD
samplePoint.145665,5526444078868201472,44.666072,-69.453577,EGAD
samplePoint.145666,5526444078868201472,44.666037,-69.453563,EGAD
samplePoint.145667,5526444078868201472,44.665996,-69.453592,EGAD
samplePoint.150748,5526444388105846784,44.643051,-69.464458,EGAD
samplePoint.147444,5526444731703230464,44.603411,-69.495208,EGAD
samplePoint.144287,5526445796855119872,44.611124,-69.580271,EGAD
samplePoint.144292,5526445796855119872,44.610540,-69.580219,EGAD
samplePoint.144300,5526445796855119872,44.609669,-69.580730,EGAD
samplePoint.143713,5526445831214858240,44.601716,-69.582663,EGAD
samplePoint.144288,5526445831214858240,44.608352,-69.581880,EGAD
samplePoint.144289,5526445831214858240,44.606468,-69.583719,EGAD
samplePoint.144290,5526445831214858240,44.606736,-69.581089,EGAD
samplePoint.144291,5526445831214858240,44.604635,-69.581694,EGAD
samplePoint.144295,5526445831214858240,44.605525,-69.584562,EGAD
samplePoint.144296,5526445831214858240,44.603687,-69.582109,EGAD
samplePoint.144297,5526445831214858240,44.605347,-69.581573,EGAD
samplePoint.145522,5526445831214858240,44.600927,-69.584017,EGAD
samplePoint.143720,5526445899934334976,44.591311,-69.584664,EGAD
samplePoint.143734,5526445899934334976,44.591581,-69.584427,EGAD
samplePoint.143736,5526445899934334976,44.591924,-69.584135,EGAD
samplePoint.143744,5526445899934334976,44.591439,-69.584177,EGAD
samplePoint.146305,5526445899934334976,44.591169,-69.584078,EGAD
samplePoint.143715,5526445934294073344,44.593379,-69.584011,EGAD
samplePoint.143716,5526445934294073344,44.598474,-69.583804,EGAD
samplePoint.143717,5526445934294073344,44.598776,-69.583268,EGAD
samplePoint.143718,5526445934294073344,44.596576,-69.582193,EGAD
samplePoint.143719,5526445934294073344,44.597596,-69.583935,EGAD
samplePoint.143721,5526445934294073344,44.599755,-69.584335,EGAD
samplePoint.143722,5526445934294073344,44.598302,-69.584589,EGAD
samplePoint.143723,5526445934294073344,44.599345,-69.584290,EGAD
samplePoint.143726,5526445934294073344,44.598973,-69.584924,EGAD
samplePoint.143735,5526445934294073344,44.592083,-69.584490,EGAD
samplePoint.143737,5526445934294073344,44.592246,-69.584429,EGAD
samplePoint.143738,5526445934294073344,44.596307,-69.584884,EGAD
samplePoint.143739,5526445934294073344,44.594887,-69.584666,EGAD
samplePoint.143740,5526445934294073344,44.594201,-69.584530,EGAD
samplePoint.143741,5526445934294073344,44.596515,-69.584094,EGAD
samplePoint.143742,5526445934294073344,44.595657,-69.584843,EGAD
samplePoint.143745,5526445934294073344,44.594732,-69.584054,EGAD
samplePoint.143746,5526445934294073344,44.594356,-69.584616,EGAD
samplePoint.143747,5526445934294073344,44.600223,-69.584080,EGAD
samplePoint.143748,5526445934294073344,44.598270,-69.583984,EGAD
samplePoint.143749,5526445934294073344,44.597009,-69.584022,EGAD
samplePoint.143751,5526445934294073344,44.593017,-69.584546,EGAD
samplePoint.144293,5526445934294073344,44.597648,-69.584401,EGAD
samplePoint.144294,5526445934294073344,44.596314,-69.584229,EGAD
samplePoint.143724,5526446003013550080,44.591073,-69.584576,EGAD
samplePoint.146822,5526447858439421952,44.536751,-69.599746,EGAD
samplePoint.65587,5526448236396544000,44.538686,-69.628379,EGAD
samplePoint.105221,5526448339475759104,44.544542,-69.629666,EGAD
samplePoint.151114,5526448408195235840,44.567370,-69.615864,EGAD
samplePoint.145860,5526448923591311360,44.586705,-69.613710,EGAD
samplePoint.151435,5526448923591311360,44.580703,-69.617932,EGAD
samplePoint.152643,5526448923591311360,44.579626,-69.618540,EGAD
samplePoint.145856,5526449129749741568,44.582227,-69.661541,EGAD
samplePoint.137101,5526449645145817088,44.527152,-69.654378,EGAD
samplePoint.150027,5526449645145817088,44.525990,-69.653906,EGAD
samplePoint.146468,5526449713865293824,44.532610,-69.661318,EGAD
samplePoint.151668,5526449816944508928,44.525420,-69.693050,EGAD
samplePoint.151666,5526450194901630976,44.527759,-69.705293,EGAD
samplePoint.137859,5526450366700322816,44.540031,-69.747284,EGAD
samplePoint.145262,5526450641578229760,44.582297,-69.703308,EGAD
samplePoint.145854,5526450779017183232,44.577477,-69.673767,EGAD
samplePoint.144318,5526450847736659968,44.589237,-69.680676,EGAD
samplePoint.145737,5526450847736659968,44.589871,-69.683167,EGAD
samplePoint.145738,5526450847736659968,44.589344,-69.682983,EGAD
samplePoint.145740,5526450847736659968,44.590018,-69.683564,EGAD
samplePoint.145741,5526450847736659968,44.589716,-69.683879,EGAD
samplePoint.145742,5526450847736659968,44.590020,-69.683971,EGAD
samplePoint.142822,5526450882096398336,44.579638,-69.677185,EGAD
samplePoint.65532,5526450882096398336,44.580198,-69.670069,EGAD
samplePoint.144642,5526450950815875072,44.595019,-69.669646,EGAD
samplePoint.145541,5526450950815875072,44.595647,-69.668569,EGAD
samplePoint.146641,5526450950815875072,44.592385,-69.670395,EGAD
samplePoint.146642,5526450950815875072,44.591072,-69.671401,EGAD
samplePoint.146643,5526450950815875072,44.590964,-69.673692,EGAD
samplePoint.147313,5526450950815875072,44.595008,-69.670922,EGAD
samplePoint.144136,5526450985175613440,44.592025,-69.687126,EGAD
samplePoint.144157,5526450985175613440,44.592208,-69.694091,EGAD
samplePoint.144138,5526451019535351808,44.590188,-69.688523,EGAD
samplePoint.144141,5526451019535351808,44.589397,-69.697778,EGAD
samplePoint.144142,5526451019535351808,44.590334,-69.696856,EGAD
samplePoint.144143,5526451019535351808,44.590992,-69.692773,EGAD
samplePoint.144144,5526451019535351808,44.591595,-69.694331,EGAD
samplePoint.144145,5526451019535351808,44.591573,-69.696693,EGAD
samplePoint.144146,5526451019535351808,44.591832,-69.696765,EGAD
samplePoint.144153,5526451019535351808,44.590638,-69.690604,EGAD
samplePoint.144154,5526451019535351808,44.582896,-69.695619,EGAD
samplePoint.144155,5526451019535351808,44.591234,-69.692333,EGAD
samplePoint.144160,5526451019535351808,44.587106,-69.699542,EGAD
samplePoint.144161,5526451019535351808,44.591411,-69.693858,EGAD
samplePoint.144162,5526451019535351808,44.588165,-69.699191,EGAD
samplePoint.144163,5526451019535351808,44.591065,-69.691205,EGAD
samplePoint.144164,5526451019535351808,44.588598,-69.697049,EGAD
samplePoint.144576,5526451019535351808,44.591660,-69.692912,EGAD
samplePoint.144607,5526451019535351808,44.591143,-69.693685,EGAD
samplePoint.145744,5526451019535351808,44.589779,-69.684575,EGAD
samplePoint.145746,5526451019535351808,44.590107,-69.684488,EGAD
samplePoint.145748,5526451019535351808,44.589366,-69.685435,EGAD
samplePoint.145749,5526451019535351808,44.590615,-69.685693,EGAD
samplePoint.145751,5526451019535351808,44.590458,-69.686161,EGAD
samplePoint.147214,5526451019535351808,44.591156,-69.694430,EGAD
samplePoint.144139,5526451053895090176,44.591494,-69.697843,EGAD
samplePoint.144148,5526451053895090176,44.592450,-69.697501,EGAD
samplePoint.144156,5526451053895090176,44.590661,-69.697974,EGAD
samplePoint.144140,5526451088254828544,44.593526,-69.696511,EGAD
samplePoint.144147,5526451088254828544,44.593042,-69.696690,EGAD
samplePoint.144149,5526451088254828544,44.593897,-69.697327,EGAD
samplePoint.146083,5526451122614566912,44.604507,-69.690072,EGAD
samplePoint.146334,5526451122614566912,44.604649,-69.688971,EGAD
samplePoint.147705,5526451122614566912,44.610218,-69.689984,EGAD
samplePoint.148125,5526451122614566912,44.609977,-69.690155,EGAD
samplePoint.148127,5526451122614566912,44.609663,-69.690873,EGAD
samplePoint.154625,5526451122614566912,44.610208,-69.691702,EGAD
samplePoint.144344,5526451156974305280,44.603300,-69.679526,EGAD
samplePoint.144345,5526451156974305280,44.604436,-69.678645,EGAD
samplePoint.144346,5526451156974305280,44.603712,-69.675502,EGAD
samplePoint.144350,5526451156974305280,44.602946,-69.676631,EGAD
samplePoint.145086,5526451156974305280,44.603107,-69.681050,EGAD
samplePoint.145150,5526451156974305280,44.604610,-69.680392,EGAD
samplePoint.145152,5526451156974305280,44.603390,-69.682645,EGAD
samplePoint.145154,5526451156974305280,44.604854,-69.684570,EGAD
samplePoint.145156,5526451156974305280,44.603814,-69.684007,EGAD
samplePoint.145157,5526451156974305280,44.605119,-69.683444,EGAD
samplePoint.146082,5526451156974305280,44.602770,-69.685034,EGAD
samplePoint.146333,5526451156974305280,44.605230,-69.685459,EGAD
samplePoint.146335,5526451156974305280,44.604513,-69.681603,EGAD
samplePoint.152654,5526451156974305280,44.605594,-69.679540,EGAD
samplePoint.144354,5526451191334043648,44.613376,-69.667904,EGAD
samplePoint.145756,5526451225693782016,44.618265,-69.685087,EGAD
samplePoint.145757,5526451225693782016,44.617328,-69.681458,EGAD
samplePoint.145758,5526451225693782016,44.616874,-69.681852,EGAD
samplePoint.145759,5526451225693782016,44.618697,-69.685192,EGAD
samplePoint.145760,5526451225693782016,44.616542,-69.679884,EGAD
samplePoint.145761,5526451225693782016,44.616910,-69.682909,EGAD
samplePoint.145762,5526451225693782016,44.618190,-69.683391,EGAD
samplePoint.145763,5526451225693782016,44.618872,-69.683234,EGAD
samplePoint.146167,5526451225693782016,44.617949,-69.683226,EGAD
samplePoint.147085,5526451225693782016,44.611132,-69.687322,EGAD
samplePoint.147086,5526451225693782016,44.611197,-69.688655,EGAD
samplePoint.147087,5526451225693782016,44.611128,-69.689947,EGAD
samplePoint.147704,5526451225693782016,44.611504,-69.686316,EGAD
samplePoint.148126,5526451225693782016,44.612012,-69.686127,EGAD
samplePoint.148128,5526451225693782016,44.612087,-69.687435,EGAD
samplePoint.148129,5526451225693782016,44.612916,-69.686577,EGAD
samplePoint.148130,5526451225693782016,44.612993,-69.685080,EGAD
samplePoint.148131,5526451225693782016,44.612697,-69.685609,EGAD
samplePoint.151717,5526451260053520384,44.620968,-69.677920,EGAD
samplePoint.151718,5526451260053520384,44.623161,-69.680095,EGAD
samplePoint.151961,5526451260053520384,44.620314,-69.677890,EGAD
samplePoint.151962,5526451260053520384,44.620676,-69.677327,EGAD
samplePoint.151963,5526451260053520384,44.620390,-69.679171,EGAD
samplePoint.151964,5526451260053520384,44.621080,-69.678177,EGAD
samplePoint.152047,5526451260053520384,44.619973,-69.676224,EGAD
samplePoint.152640,5526451260053520384,44.619952,-69.677102,EGAD
samplePoint.152641,5526451260053520384,44.620312,-69.678121,EGAD
samplePoint.152791,5526451260053520384,44.620678,-69.676665,EGAD
samplePoint.153640,5526451260053520384,44.623810,-69.678021,EGAD
samplePoint.154516,5526451260053520384,44.623861,-69.677138,EGAD
samplePoint.154517,5526451260053520384,44.624420,-69.676372,EGAD
samplePoint.154518,5526451260053520384,44.624532,-69.675834,EGAD
samplePoint.154520,5526451260053520384,44.625128,-69.675305,EGAD
samplePoint.154521,5526451260053520384,44.625300,-69.674168,EGAD
samplePoint.154624,5526451260053520384,44.623640,-69.676023,EGAD
samplePoint.142762,5526451294413258752,44.633052,-69.673672,EGAD
samplePoint.142792,5526451294413258752,44.632409,-69.672955,EGAD
samplePoint.142793,5526451294413258752,44.632290,-69.668864,EGAD
samplePoint.143325,5526451294413258752,44.633625,-69.678663,EGAD
samplePoint.144269,5526451294413258752,44.634435,-69.677636,EGAD
samplePoint.144271,5526451294413258752,44.633786,-69.679675,EGAD
samplePoint.144281,5526451294413258752,44.633265,-69.679363,EGAD
samplePoint.144604,5526451294413258752,44.632358,-69.679604,EGAD
samplePoint.144644,5526451328772997120,44.628806,-69.661848,EGAD
samplePoint.145523,5526451328772997120,44.629989,-69.663047,EGAD
samplePoint.145525,5526451328772997120,44.625351,-69.664142,EGAD
samplePoint.145526,5526451328772997120,44.625733,-69.662782,EGAD
samplePoint.145527,5526451328772997120,44.626841,-69.662716,EGAD
samplePoint.145528,5526451328772997120,44.625758,-69.662752,EGAD
samplePoint.145529,5526451328772997120,44.626833,-69.662251,EGAD
samplePoint.145530,5526451328772997120,44.628261,-69.662195,EGAD
samplePoint.145533,5526451328772997120,44.629866,-69.661056,EGAD
samplePoint.145584,5526451328772997120,44.627009,-69.662668,EGAD
samplePoint.145585,5526451328772997120,44.629104,-69.661304,EGAD
samplePoint.148359,5526451328772997120,44.628806,-69.661848,EGAD
samplePoint.152718,5526451328772997120,44.627855,-69.661630,EGAD
samplePoint.145524,5526451363132735488,44.623800,-69.664401,EGAD
samplePoint.145531,5526451363132735488,44.624445,-69.664002,EGAD
samplePoint.145532,5526451363132735488,44.623993,-69.663375,EGAD
samplePoint.145534,5526451363132735488,44.623123,-69.663330,EGAD
samplePoint.145536,5526451363132735488,44.623365,-69.664831,EGAD
samplePoint.146421,5526451363132735488,44.619233,-69.670494,EGAD
samplePoint.147445,5526451363132735488,44.620636,-69.670609,EGAD
samplePoint.151965,5526451363132735488,44.619145,-69.671834,EGAD
samplePoint.152046,5526451363132735488,44.620209,-69.673247,EGAD
samplePoint.152050,5526451363132735488,44.619318,-69.673482,EGAD
samplePoint.152637,5526451363132735488,44.620233,-69.674462,EGAD
samplePoint.152638,5526451363132735488,44.619771,-69.675218,EGAD
samplePoint.152639,5526451363132735488,44.620360,-69.674863,EGAD
samplePoint.152642,5526451363132735488,44.619974,-69.674487,EGAD
samplePoint.152790,5526451363132735488,44.620526,-69.675614,EGAD
samplePoint.152793,5526451363132735488,44.619488,-69.674195,EGAD
samplePoint.154519,5526451363132735488,44.618275,-69.671019,EGAD
samplePoint.141535,5526451397492473856,44.614828,-69.657812,EGAD
samplePoint.144210,5526451397492473856,44.618415,-69.656867,EGAD
samplePoint.145535,5526451397492473856,44.622549,-69.659526,EGAD
samplePoint.142481,5526451431852212224,44.625342,-69.653009,EGAD
samplePoint.142483,5526451431852212224,44.626189,-69.650170,EGAD
samplePoint.143250,5526451431852212224,44.631315,-69.645900,EGAD
samplePoint.143251,5526451431852212224,44.629011,-69.647976,EGAD
samplePoint.143253,5526451431852212224,44.631301,-69.647048,EGAD
samplePoint.143254,5526451431852212224,44.627036,-69.649396,EGAD
samplePoint.143256,5526451431852212224,44.630768,-69.647184,EGAD
samplePoint.143276,5526451431852212224,44.627036,-69.649995,EGAD
samplePoint.143278,5526451431852212224,44.629759,-69.648204,EGAD
samplePoint.143279,5526451431852212224,44.628944,-69.648589,EGAD
samplePoint.143280,5526451431852212224,44.627807,-69.649383,EGAD
samplePoint.143282,5526451431852212224,44.629399,-69.647590,EGAD
samplePoint.143317,5526451431852212224,44.630210,-69.646946,EGAD
samplePoint.143318,5526451431852212224,44.628619,-69.644655,EGAD
samplePoint.143331,5526451431852212224,44.631054,-69.644068,EGAD
samplePoint.143425,5526451431852212224,44.628430,-69.642371,EGAD
samplePoint.143426,5526451431852212224,44.626604,-69.649498,EGAD
samplePoint.144152,5526451431852212224,44.623318,-69.652445,EGAD
samplePoint.144283,5526451431852212224,44.625554,-69.651249,EGAD
samplePoint.150448,5526451431852212224,44.625755,-69.650592,EGAD
samplePoint.65475,5526451431852212224,44.624844,-69.651877,EGAD
samplePoint.141556,5526451500571688960,44.613562,-69.647055,EGAD
samplePoint.141911,5526451534931427328,44.612197,-69.652456,EGAD
samplePoint.141559,5526451569291165696,44.613479,-69.653414,EGAD
samplePoint.141579,5526451569291165696,44.613462,-69.657765,EGAD
samplePoint.141580,5526451569291165696,44.614209,-69.657390,EGAD
samplePoint.141581,5526451569291165696,44.614303,-69.657877,EGAD
samplePoint.142477,5526451569291165696,44.610976,-69.661090,EGAD
samplePoint.142482,5526451569291165696,44.610342,-69.661128,EGAD
samplePoint.144304,5526451569291165696,44.606411,-69.666797,EGAD
samplePoint.144306,5526451569291165696,44.607142,-69.668891,EGAD
samplePoint.144343,5526451569291165696,44.611719,-69.666216,EGAD
samplePoint.144348,5526451569291165696,44.611224,-69.665233,EGAD
samplePoint.144349,5526451569291165696,44.613258,-69.666378,EGAD
samplePoint.144357,5526451569291165696,44.612938,-69.667265,EGAD
samplePoint.144358,5526451569291165696,44.610630,-69.668124,EGAD
samplePoint.144359,5526451569291165696,44.610949,-69.666043,EGAD
samplePoint.144360,5526451569291165696,44.609477,-69.667481,EGAD
samplePoint.144577,5526451569291165696,44.612790,-69.666007,EGAD
samplePoint.144578,5526451569291165696,44.611782,-69.665381,EGAD
samplePoint.144579,5526451569291165696,44.612633,-69.665155,EGAD
samplePoint.144580,5526451569291165696,44.610860,-69.664903,EGAD
samplePoint.144582,5526451569291165696,44.611500,-69.666155,EGAD
samplePoint.145087,5526451569291165696,44.611613,-69.664759,EGAD
samplePoint.143361,5526451603650904064,44.598147,-69.667649,EGAD
samplePoint.144351,5526451603650904064,44.602647,-69.673943,EGAD
samplePoint.144352,5526451603650904064,44.601562,-69.673030,EGAD
samplePoint.144353,5526451603650904064,44.605070,-69.661556,EGAD
samplePoint.144355,5526451603650904064,44.602311,-69.671213,EGAD
samplePoint.144356,5526451603650904064,44.602461,-69.672563,EGAD
samplePoint.145153,5526451603650904064,44.601335,-69.667098,EGAD
samplePoint.145155,5526451603650904064,44.602312,-69.669196,EGAD
samplePoint.145235,5526451603650904064,44.605244,-69.667118,EGAD
samplePoint.146081,5526451603650904064,44.601847,-69.669195,EGAD
samplePoint.146568,5526451603650904064,44.602053,-69.666609,EGAD
samplePoint.146580,5526451603650904064,44.598919,-69.666188,EGAD
samplePoint.146581,5526451603650904064,44.598992,-69.668063,EGAD
samplePoint.146582,5526451603650904064,44.601140,-69.664909,EGAD
samplePoint.146583,5526451603650904064,44.599543,-69.665430,EGAD
samplePoint.146640,5526451603650904064,44.598109,-69.666993,EGAD
samplePoint.147594,5526451603650904064,44.601152,-69.665755,EGAD
samplePoint.147662,5526451603650904064,44.599596,-69.665616,EGAD
samplePoint.147916,5526451603650904064,44.600322,-69.666508,EGAD
samplePoint.141910,5526451638010642432,44.599731,-69.654512,EGAD
samplePoint.142478,5526451638010642432,44.600661,-69.653751,EGAD
samplePoint.145490,5526451638010642432,44.603143,-69.659985,EGAD
samplePoint.145850,5526451638010642432,44.599649,-69.654433,EGAD
samplePoint.144255,5526451672370380800,44.597791,-69.640889,EGAD
samplePoint.144257,5526451672370380800,44.600543,-69.646197,EGAD
samplePoint.144258,5526451672370380800,44.598437,-69.646554,EGAD
samplePoint.144260,5526451672370380800,44.601984,-69.645302,EGAD
samplePoint.144261,5526451672370380800,44.598211,-69.641166,EGAD
samplePoint.144262,5526451672370380800,44.597386,-69.638686,EGAD
samplePoint.144263,5526451672370380800,44.597721,-69.638557,EGAD
samplePoint.144264,5526451672370380800,44.601420,-69.643475,EGAD
samplePoint.144265,5526451672370380800,44.601986,-69.643688,EGAD
samplePoint.144266,5526451672370380800,44.601041,-69.644634,EGAD
samplePoint.154515,5526451672370380800,44.600595,-69.645046,EGAD
samplePoint.143003,5526451706730119168,44.603374,-69.644021,EGAD
samplePoint.143005,5526451706730119168,44.603981,-69.642381,EGAD
samplePoint.143275,5526451706730119168,44.602662,-69.645119,EGAD
samplePoint.143319,5526451706730119168,44.602364,-69.644541,EGAD
samplePoint.143323,5526451706730119168,44.602890,-69.644140,EGAD
samplePoint.143272,5526451741089857536,44.606593,-69.619576,EGAD
samplePoint.143273,5526451741089857536,44.607201,-69.620087,EGAD
samplePoint.144307,5526451741089857536,44.602640,-69.620096,EGAD
samplePoint.144308,5526451741089857536,44.605568,-69.621366,EGAD
samplePoint.144641,5526451741089857536,44.600770,-69.621373,EGAD
samplePoint.145232,5526451741089857536,44.601864,-69.620383,EGAD
samplePoint.145250,5526451741089857536,44.601006,-69.620451,EGAD
samplePoint.145251,5526451741089857536,44.606572,-69.620791,EGAD
samplePoint.145252,5526451741089857536,44.603390,-69.620558,EGAD
samplePoint.145254,5526451741089857536,44.604320,-69.621867,EGAD
samplePoint.145255,5526451741089857536,44.599022,-69.621912,EGAD
samplePoint.145258,5526451741089857536,44.606385,-69.619689,EGAD
samplePoint.145429,5526451741089857536,44.606207,-69.621252,EGAD
samplePoint.146303,5526451741089857536,44.603187,-69.620506,EGAD
samplePoint.146536,5526451741089857536,44.602710,-69.620654,EGAD
samplePoint.146644,5526451741089857536,44.602182,-69.620866,EGAD
samplePoint.148706,5526451741089857536,44.604805,-69.622021,EGAD
samplePoint.150207,5526451741089857536,44.600045,-69.621672,EGAD
samplePoint.150449,5526451741089857536,44.605127,-69.619687,EGAD
samplePoint.150450,5526451741089857536,44.604571,-69.619389,EGAD
samplePoint.150451,5526451741089857536,44.604893,-69.618197,EGAD
samplePoint.150452,5526451741089857536,44.600085,-69.620574,EGAD
samplePoint.151307,5526451741089857536,44.603564,-69.619502,EGAD
samplePoint.151746,5526451741089857536,44.601445,-69.621354,EGAD
samplePoint.144259,5526451775449595904,44.595863,-69.631943,EGAD
samplePoint.145253,5526451775449595904,44.597813,-69.622473,EGAD
samplePoint.145858,5526451844169072640,44.588093,-69.612616,EGAD
samplePoint.52453,5526451878528811008,44.596753,-69.604845,EGAD
samplePoint.143637,5526451912888549376,44.604300,-69.615297,EGAD
samplePoint.145257,5526451912888549376,44.599384,-69.620648,EGAD
samplePoint.147724,5526451912888549376,44.604003,-69.605850,EGAD
samplePoint.149001,5526451912888549376,44.602759,-69.605917,EGAD
samplePoint.147592,5526451947248287744,44.604499,-69.604249,EGAD
samplePoint.149647,5526451947248287744,44.608347,-69.603763,EGAD
samplePoint.149648,5526451947248287744,44.605666,-69.606514,EGAD
samplePoint.149649,5526451947248287744,44.606233,-69.605892,EGAD
samplePoint.143632,5526452015967764480,44.617407,-69.593383,EGAD
samplePoint.144216,5526452015967764480,44.619176,-69.587555,EGAD
samplePoint.65481,5526452015967764480,44.615649,-69.584643,EGAD
samplePoint.143630,5526452050327502848,44.614365,-69.598016,EGAD
samplePoint.142774,5526452084687241216,44.617100,-69.618288,EGAD
samplePoint.142775,5526452084687241216,44.620237,-69.616563,EGAD
samplePoint.142776,5526452084687241216,44.618170,-69.616147,EGAD
samplePoint.142981,5526452084687241216,44.621715,-69.616225,EGAD
samplePoint.142982,5526452084687241216,44.619848,-69.615245,EGAD
samplePoint.142983,5526452084687241216,44.618518,-69.615940,EGAD
samplePoint.142984,5526452084687241216,44.618511,-69.617274,EGAD
samplePoint.142985,5526452084687241216,44.617746,-69.617729,EGAD
samplePoint.143099,5526452084687241216,44.617387,-69.616917,EGAD
samplePoint.143263,5526452084687241216,44.622416,-69.616230,EGAD
samplePoint.143264,5526452084687241216,44.622015,-69.615118,EGAD
samplePoint.143270,5526452084687241216,44.623004,-69.616198,EGAD
samplePoint.143320,5526452084687241216,44.621146,-69.616371,EGAD
samplePoint.143322,5526452084687241216,44.620848,-69.615673,EGAD
samplePoint.143658,5526452084687241216,44.623832,-69.616258,EGAD
samplePoint.144151,5526452084687241216,44.623793,-69.615633,EGAD
samplePoint.146064,5526452084687241216,44.619738,-69.616206,EGAD
samplePoint.147113,5526452084687241216,44.623323,-69.615444,EGAD
samplePoint.142759,5526452119046979584,44.610097,-69.619802,EGAD
samplePoint.142777,5526452119046979584,44.612375,-69.618557,EGAD
samplePoint.142778,5526452119046979584,44.612229,-69.619531,EGAD
samplePoint.142902,5526452119046979584,44.613991,-69.624164,EGAD
samplePoint.142903,5526452119046979584,44.613580,-69.623792,EGAD
samplePoint.142986,5526452119046979584,44.616358,-69.616751,EGAD
samplePoint.142987,5526452119046979584,44.615544,-69.618953,EGAD
samplePoint.142988,5526452119046979584,44.615945,-69.617087,EGAD
samplePoint.142989,5526452119046979584,44.613896,-69.618329,EGAD
samplePoint.142990,5526452119046979584,44.613399,-69.618597,EGAD
samplePoint.142991,5526452119046979584,44.612538,-69.618653,EGAD
samplePoint.142992,5526452119046979584,44.609375,-69.620180,EGAD
samplePoint.142993,5526452119046979584,44.608791,-69.620044,EGAD
samplePoint.143004,5526452119046979584,44.613580,-69.617317,EGAD
samplePoint.143006,5526452119046979584,44.612439,-69.623276,EGAD
samplePoint.143098,5526452119046979584,44.612969,-69.623496,EGAD
samplePoint.143269,5526452119046979584,44.608177,-69.621023,EGAD
samplePoint.143271,5526452119046979584,44.613292,-69.619821,EGAD
samplePoint.143638,5526452119046979584,44.608620,-69.618356,EGAD
samplePoint.145147,5526452119046979584,44.614447,-69.623619,EGAD
samplePoint.145256,5526452119046979584,44.608390,-69.619607,EGAD
samplePoint.145430,5526452119046979584,44.610379,-69.620075,EGAD
samplePoint.146321,5526452119046979584,44.608102,-69.619965,EGAD
samplePoint.146994,5526452119046979584,44.607736,-69.619659,EGAD
samplePoint.147882,5526452119046979584,44.612044,-69.621731,EGAD
samplePoint.153650,5526452119046979584,44.609838,-69.619155,EGAD
samplePoint.142502,5526452153406717952,44.610972,-69.626753,EGAD
samplePoint.142779,5526452153406717952,44.615061,-69.624845,EGAD
samplePoint.142901,5526452153406717952,44.615106,-69.623760,EGAD
samplePoint.142999,5526452153406717952,44.617664,-69.625115,EGAD
samplePoint.143000,5526452153406717952,44.617025,-69.624052,EGAD
samplePoint.143001,5526452153406717952,44.615469,-69.624047,EGAD
samplePoint.143002,5526452153406717952,44.616220,-69.623504,EGAD
samplePoint.143427,5526452153406717952,44.616685,-69.623247,EGAD
samplePoint.142994,5526452187766456320,44.620333,-69.624958,EGAD
samplePoint.142995,5526452187766456320,44.619342,-69.624645,EGAD
samplePoint.142996,5526452187766456320,44.619394,-69.625389,EGAD
samplePoint.142997,5526452187766456320,44.618418,-69.623550,EGAD
samplePoint.142998,5526452187766456320,44.617767,-69.623298,EGAD
samplePoint.143880,5526452187766456320,44.618326,-69.625132,EGAD
samplePoint.142980,5526452222126194688,44.626520,-69.615606,EGAD
samplePoint.143265,5526452222126194688,44.632207,-69.614651,EGAD
samplePoint.143266,5526452222126194688,44.632250,-69.615292,EGAD
samplePoint.143267,5526452222126194688,44.632159,-69.615931,EGAD
samplePoint.143274,5526452222126194688,44.628837,-69.616886,EGAD
samplePoint.143321,5526452222126194688,44.629937,-69.616962,EGAD
samplePoint.143329,5526452222126194688,44.630386,-69.616085,EGAD
samplePoint.143656,5526452222126194688,44.627670,-69.615995,EGAD
samplePoint.143659,5526452222126194688,44.625919,-69.616212,EGAD
samplePoint.143661,5526452222126194688,44.627833,-69.616665,EGAD
samplePoint.143662,5526452222126194688,44.628860,-69.613918,EGAD
samplePoint.143663,5526452222126194688,44.628465,-69.615677,EGAD
samplePoint.143666,5526452222126194688,44.634156,-69.614552,EGAD
samplePoint.143667,5526452222126194688,44.634177,-69.613257,EGAD
samplePoint.145682,5526452222126194688,44.632286,-69.615749,EGAD
samplePoint.142974,5526452256485933056,44.638239,-69.618596,EGAD
samplePoint.143668,5526452256485933056,44.635648,-69.614305,EGAD
OST_SHPD-NRS18_ME_10015,5526452290845671424,44.640170,-69.592740,WQP
samplePoint.143091,5526452290845671424,44.635813,-69.605350,EGAD
samplePoint.143640,5526452290845671424,44.635395,-69.600571,EGAD
samplePoint.143642,5526452290845671424,44.635950,-69.602445,EGAD
samplePoint.143643,5526452290845671424,44.635374,-69.604227,EGAD
samplePoint.143644,5526452290845671424,44.634423,-69.600403,EGAD
samplePoint.143645,5526452290845671424,44.637314,-69.600540,EGAD
samplePoint.143646,5526452290845671424,44.639359,-69.602848,EGAD
samplePoint.143647,5526452290845671424,44.639730,-69.603534,EGAD
samplePoint.145764,5526452290845671424,44.635095,-69.602665,EGAD
samplePoint.147007,5526452290845671424,44.635522,-69.597012,EGAD
samplePoint.143657,5526452325205409792,44.626386,-69.615097,EGAD
samplePoint.143660,5526452325205409792,44.627166,-69.614388,EGAD
samplePoint.143665,5526452325205409792,44.627957,-69.612724,EGAD
samplePoint.143624,5526452359565148160,44.624787,-69.592013,EGAD
samplePoint.143626,5526452359565148160,44.625749,-69.594523,EGAD
samplePoint.143627,5526452359565148160,44.623164,-69.590600,EGAD
samplePoint.143629,5526452359565148160,44.623589,-69.590647,EGAD
samplePoint.143633,5526452359565148160,44.623244,-69.589623,EGAD
samplePoint.143634,5526452359565148160,44.623701,-69.590311,EGAD
samplePoint.143635,5526452359565148160,44.624247,-69.589969,EGAD
samplePoint.143636,5526452359565148160,44.626967,-69.589815,EGAD
samplePoint.143684,5526452359565148160,44.622938,-69.589750,EGAD
samplePoint.144215,5526452359565148160,44.621502,-69.590660,EGAD
samplePoint.144316,5526452359565148160,44.630229,-69.592728,EGAD
samplePoint.151348,5526452462644363264,44.631869,-69.595465,EGAD
samplePoint.142161,5526452703162531840,44.649978,-69.610313,EGAD
samplePoint.142784,5526452703162531840,44.643789,-69.606234,EGAD
samplePoint.142786,5526452703162531840,44.647330,-69.608722,EGAD
samplePoint.142787,5526452703162531840,44.648462,-69.609669,EGAD
samplePoint.142789,5526452703162531840,44.644428,-69.605087,EGAD
samplePoint.142823,5526452703162531840,44.643186,-69.605464,EGAD
samplePoint.142824,5526452703162531840,44.645588,-69.605621,EGAD
samplePoint.142977,5526452703162531840,44.646007,-69.608031,EGAD
samplePoint.143096,5526452703162531840,44.646888,-69.607838,EGAD
samplePoint.143097,5526452703162531840,44.646697,-69.608474,EGAD
samplePoint.143330,5526452703162531840,44.645912,-69.607223,EGAD
samplePoint.142156,5526452771882008576,44.655789,-69.620429,EGAD
samplePoint.142159,5526452806241746944,44.656862,-69.621742,EGAD
samplePoint.141578,5526452874961223680,44.647906,-69.618231,EGAD
samplePoint.141921,5526452874961223680,44.649984,-69.615816,EGAD
samplePoint.141923,5526452874961223680,44.650628,-69.620932,EGAD
samplePoint.141924,5526452874961223680,44.650755,-69.620896,EGAD
samplePoint.141925,5526452874961223680,44.651853,-69.620562,EGAD
samplePoint.142043,5526452874961223680,44.646219,-69.621689,EGAD
samplePoint.142048,5526452874961223680,44.646215,-69.621648,EGAD
samplePoint.142157,5526452874961223680,44.651274,-69.617041,EGAD
samplePoint.142158,5526452874961223680,44.649016,-69.614265,EGAD
samplePoint.142160,5526452874961223680,44.649484,-69.612056,EGAD
samplePoint.142162,5526452874961223680,44.650539,-69.613923,EGAD
samplePoint.142163,5526452874961223680,44.650961,-69.615112,EGAD
samplePoint.142164,5526452874961223680,44.652168,-69.616723,EGAD
samplePoint.142165,5526452874961223680,44.652129,-69.616939,EGAD
samplePoint.142166,5526452874961223680,44.652403,-69.617156,EGAD
samplePoint.142479,5526452874961223680,44.652475,-69.619854,EGAD
samplePoint.142480,5526452874961223680,44.650682,-69.611997,EGAD
samplePoint.142630,5526452874961223680,44.653161,-69.617711,EGAD
samplePoint.142631,5526452874961223680,44.653440,-69.618239,EGAD
samplePoint.142668,5526452874961223680,44.652617,-69.617295,EGAD
samplePoint.142766,5526452874961223680,44.646215,-69.621648,EGAD
samplePoint.142788,5526452874961223680,44.652334,-69.617676,EGAD
samplePoint.142976,5526452874961223680,44.653421,-69.618739,EGAD
samplePoint.147010,5526452874961223680,44.650320,-69.613813,EGAD
samplePoint.147011,5526452874961223680,44.650127,-69.613369,EGAD
samplePoint.141577,5526452909320962048,44.645386,-69.621718,EGAD
samplePoint.141909,5526452909320962048,44.642562,-69.623701,EGAD
samplePoint.141922,5526452909320962048,44.644684,-69.624519,EGAD
samplePoint.142039,5526452909320962048,44.644188,-69.622556,EGAD
samplePoint.142040,5526452909320962048,44.644422,-69.622431,EGAD
samplePoint.142041,5526452909320962048,44.644969,-69.622233,EGAD
samplePoint.142042,5526452909320962048,44.645650,-69.622021,EGAD
samplePoint.142044,5526452909320962048,44.644179,-69.622529,EGAD
samplePoint.142045,5526452909320962048,44.644420,-69.622400,EGAD
samplePoint.142046,5526452909320962048,44.644955,-69.622186,EGAD
samplePoint.142047,5526452909320962048,44.645671,-69.621965,EGAD
samplePoint.142049,5526452909320962048,44.640503,-69.623987,EGAD
samplePoint.142050,5526452909320962048,44.640422,-69.623679,EGAD
samplePoint.142051,5526452909320962048,44.640260,-69.623128,EGAD
samplePoint.142052,5526452909320962048,44.640076,-69.622339,EGAD
samplePoint.142053,5526452909320962048,44.639846,-69.621407,EGAD
samplePoint.142054,5526452909320962048,44.640505,-69.623997,EGAD
samplePoint.142055,5526452909320962048,44.640432,-69.623679,EGAD
samplePoint.142056,5526452909320962048,44.640265,-69.623147,EGAD
samplePoint.142057,5526452909320962048,44.640083,-69.622367,EGAD
samplePoint.142058,5526452909320962048,44.639843,-69.621393,EGAD
samplePoint.142102,5526452909320962048,44.638840,-69.627432,EGAD
samplePoint.142103,5526452909320962048,44.638908,-69.625972,EGAD
samplePoint.142104,5526452909320962048,44.638804,-69.627438,EGAD
samplePoint.142105,5526452909320962048,44.639055,-69.626037,EGAD
samplePoint.142106,5526452909320962048,44.638840,-69.627432,EGAD
samplePoint.142107,5526452909320962048,44.638908,-69.625972,EGAD
samplePoint.142108,5526452909320962048,44.638804,-69.627438,EGAD
samplePoint.142109,5526452909320962048,44.639055,-69.626037,EGAD
samplePoint.142118,5526452909320962048,44.644420,-69.622400,EGAD
samplePoint.142119,5526452909320962048,44.645671,-69.621965,EGAD
samplePoint.142120,5526452909320962048,44.640432,-69.623679,EGAD
samplePoint.142121,5526452909320962048,44.640083,-69.622367,EGAD
samplePoint.142764,5526452909320962048,44.644179,-69.622529,EGAD
samplePoint.142765,5526452909320962048,44.644955,-69.622186,EGAD
samplePoint.142767,5526452909320962048,44.640505,-69.623997,EGAD
samplePoint.142768,5526452909320962048,44.640265,-69.623147,EGAD
samplePoint.142769,5526452909320962048,44.639843,-69.621393,EGAD
samplePoint.143281,5526452909320962048,44.641807,-69.626007,EGAD
samplePoint.151148,5526452909320962048,44.638211,-69.627986,EGAD
samplePoint.151149,5526452909320962048,44.638211,-69.627986,EGAD
samplePoint.151150,5526452909320962048,44.638211,-69.627986,EGAD
samplePoint.151151,5526452909320962048,44.638211,-69.627986,EGAD
samplePoint.151152,5526452909320962048,44.638211,-69.627986,EGAD
samplePoint.151153,5526452909320962048,44.641140,-69.621225,EGAD
samplePoint.151154,5526452909320962048,44.641140,-69.621225,EGAD
samplePoint.151155,5526452909320962048,44.641140,-69.621225,EGAD
samplePoint.151156,5526452909320962048,44.641140,-69.621225,EGAD
samplePoint.151308,5526452909320962048,44.640069,-69.631423,EGAD
samplePoint.152000,5526452909320962048,44.638211,-69.627986,EGAD
samplePoint.152001,5526452909320962048,44.641140,-69.621225,EGAD
samplePoint.142476,5526452978040438784,44.634621,-69.641693,EGAD
samplePoint.142577,5526452978040438784,44.636064,-69.642125,EGAD
samplePoint.142975,5526452978040438784,44.633477,-69.644797,EGAD
samplePoint.143241,5526452978040438784,44.632741,-69.645812,EGAD
samplePoint.143244,5526452978040438784,44.633368,-69.645758,EGAD
samplePoint.143249,5526452978040438784,44.631123,-69.642195,EGAD
samplePoint.143252,5526452978040438784,44.632987,-69.644359,EGAD
samplePoint.143255,5526452978040438784,44.631641,-69.646725,EGAD
samplePoint.143277,5526452978040438784,44.631786,-69.645708,EGAD
samplePoint.143283,5526452978040438784,44.634263,-69.643727,EGAD
samplePoint.144134,5526452978040438784,44.632344,-69.646093,EGAD
samplePoint.141908,5526453012400177152,44.639769,-69.633883,EGAD
samplePoint.142760,5526453046759915520,44.650822,-69.652462,EGAD
samplePoint.143014,5526453046759915520,44.648381,-69.653344,EGAD
samplePoint.143015,5526453046759915520,44.647596,-69.655118,EGAD
samplePoint.143016,5526453046759915520,44.646414,-69.654810,EGAD
samplePoint.143018,5526453115479392256,44.642255,-69.660660,EGAD
samplePoint.143019,5526453115479392256,44.641546,-69.660943,EGAD
samplePoint.143028,5526453115479392256,44.642156,-69.673575,EGAD
samplePoint.143046,5526453115479392256,44.642007,-69.660609,EGAD
samplePoint.145260,5526453115479392256,44.638691,-69.669941,EGAD
samplePoint.50744,5526453115479392256,44.641233,-69.665038,EGAD
samplePoint.50745,5526453115479392256,44.641233,-69.665038,EGAD
samplePoint.50746,5526453115479392256,44.641199,-69.664930,EGAD
samplePoint.142761,5526453149839130624,44.645840,-69.657403,EGAD
samplePoint.143017,5526453149839130624,44.646896,-69.656849,EGAD
samplePoint.143045,5526453149839130624,44.647731,-69.656556,EGAD
samplePoint.144616,5526453149839130624,44.646314,-69.664351,EGAD
samplePoint.144623,5526453149839130624,44.649699,-69.664959,EGAD
samplePoint.144624,5526453149839130624,44.649732,-69.664933,EGAD
samplePoint.144625,5526453149839130624,44.649784,-69.664897,EGAD
samplePoint.144626,5526453149839130624,44.646344,-69.664330,EGAD
samplePoint.144627,5526453149839130624,44.646420,-69.664284,EGAD
samplePoint.144628,5526453149839130624,44.646470,-69.664253,EGAD
samplePoint.148098,5526453149839130624,44.649660,-69.664980,EGAD
samplePoint.148099,5526453149839130624,44.649697,-69.664964,EGAD
samplePoint.148100,5526453149839130624,44.649714,-69.664984,EGAD
samplePoint.148101,5526453149839130624,44.646471,-69.664267,EGAD
samplePoint.148102,5526453149839130624,44.646444,-69.664283,EGAD
samplePoint.148103,5526453149839130624,44.646424,-69.664294,EGAD
samplePoint.150071,5526453149839130624,44.649661,-69.664954,EGAD
samplePoint.150072,5526453149839130624,44.649683,-69.664941,EGAD
samplePoint.150073,5526453149839130624,44.646425,-69.664270,EGAD
samplePoint.150074,5526453149839130624,44.646438,-69.664262,EGAD
samplePoint.145501,5526453355997560832,44.658658,-69.674993,EGAD
samplePoint.145510,5526453390357299200,44.658360,-69.677954,EGAD
samplePoint.146569,5526453459076775936,44.675549,-69.685148,EGAD
samplePoint.146571,5526453459076775936,44.676507,-69.684822,EGAD
samplePoint.146572,5526453459076775936,44.677087,-69.686994,EGAD
samplePoint.146575,5526453459076775936,44.677135,-69.685459,EGAD
samplePoint.146577,5526453459076775936,44.676159,-69.684546,EGAD
samplePoint.146578,5526453459076775936,44.677022,-69.685663,EGAD
samplePoint.146579,5526453459076775936,44.673662,-69.684852,EGAD
samplePoint.146648,5526453459076775936,44.675794,-69.681574,EGAD
samplePoint.146649,5526453459076775936,44.675198,-69.682271,EGAD
samplePoint.142645,5526453527796252672,44.664183,-69.709888,EGAD
samplePoint.142770,5526453527796252672,44.665166,-69.711304,EGAD
samplePoint.142771,5526453527796252672,44.664402,-69.708489,EGAD
samplePoint.142772,5526453527796252672,44.663896,-69.709371,EGAD
samplePoint.143011,5526453527796252672,44.666716,-69.709447,EGAD
samplePoint.143012,5526453527796252672,44.665912,-69.712015,EGAD
samplePoint.143676,5526453527796252672,44.663060,-69.707362,EGAD
samplePoint.142782,5526453596515729408,44.657034,-69.702694,EGAD
samplePoint.142783,5526453596515729408,44.655826,-69.701148,EGAD
samplePoint.143013,5526453596515729408,44.657428,-69.703324,EGAD
samplePoint.144282,5526453596515729408,44.654905,-69.700925,EGAD
samplePoint.145423,5526453596515729408,44.652095,-69.697638,EGAD
samplePoint.145424,5526453596515729408,44.651301,-69.698124,EGAD
samplePoint.145448,5526453596515729408,44.652087,-69.698584,EGAD
samplePoint.145755,5526453596515729408,44.653741,-69.698845,EGAD
samplePoint.142773,5526453630875467776,44.661039,-69.707052,EGAD
samplePoint.142780,5526453630875467776,44.659952,-69.705681,EGAD
samplePoint.142781,5526453630875467776,44.658265,-69.704156,EGAD
samplePoint.144643,5526453630875467776,44.659396,-69.704942,EGAD
samplePoint.144211,5526453699594944512,44.650006,-69.698104,EGAD
samplePoint.144214,5526453699594944512,44.648346,-69.697465,EGAD
samplePoint.146299,5526453699594944512,44.650250,-69.698541,EGAD
samplePoint.144213,5526453733954682880,44.648024,-69.697023,EGAD
samplePoint.145403,5526453733954682880,44.647514,-69.695502,EGAD
samplePoint.145405,5526453733954682880,44.649671,-69.695701,EGAD
samplePoint.145406,5526453733954682880,44.647647,-69.694115,EGAD
samplePoint.145407,5526453733954682880,44.646876,-69.693414,EGAD
samplePoint.145410,5526453733954682880,44.646166,-69.692845,EGAD
samplePoint.145425,5526453733954682880,44.646939,-69.692499,EGAD
samplePoint.145426,5526453733954682880,44.649295,-69.696448,EGAD
samplePoint.145427,5526453733954682880,44.644859,-69.693569,EGAD
samplePoint.145538,5526453733954682880,44.648361,-69.694422,EGAD
samplePoint.145831,5526453733954682880,44.648267,-69.696119,EGAD
samplePoint.146302,5526453733954682880,44.645745,-69.692596,EGAD
samplePoint.145401,5526453768314421248,44.650198,-69.695345,EGAD
samplePoint.145402,5526453768314421248,44.650644,-69.693934,EGAD
samplePoint.145428,5526453768314421248,44.651361,-69.691660,EGAD
samplePoint.145509,5526453768314421248,44.656445,-69.677945,EGAD
samplePoint.142763,5526453802674159616,44.648911,-69.672313,EGAD
samplePoint.143020,5526453802674159616,44.648710,-69.676897,EGAD
samplePoint.143021,5526453802674159616,44.649667,-69.673963,EGAD
samplePoint.143022,5526453802674159616,44.651260,-69.672993,EGAD
samplePoint.143042,5526453802674159616,44.649411,-69.673235,EGAD
samplePoint.144620,5526453802674159616,44.650551,-69.667692,EGAD
samplePoint.144621,5526453802674159616,44.650610,-69.667664,EGAD
samplePoint.144622,5526453802674159616,44.650683,-69.667629,EGAD
samplePoint.144629,5526453802674159616,44.646946,-69.673224,EGAD
samplePoint.144630,5526453802674159616,44.647020,-69.673161,EGAD
samplePoint.144631,5526453802674159616,44.647068,-69.673121,EGAD
samplePoint.145502,5526453802674159616,44.655178,-69.676659,EGAD
samplePoint.145511,5526453802674159616,44.654299,-69.676217,EGAD
samplePoint.148095,5526453802674159616,44.650739,-69.667564,EGAD
samplePoint.148096,5526453802674159616,44.650729,-69.667569,EGAD
samplePoint.148097,5526453802674159616,44.650767,-69.667545,EGAD
samplePoint.148104,5526453802674159616,44.647005,-69.673203,EGAD
samplePoint.148105,5526453802674159616,44.646987,-69.673166,EGAD
samplePoint.148106,5526453802674159616,44.646989,-69.673219,EGAD
samplePoint.148107,5526453802674159616,44.646966,-69.673161,EGAD
samplePoint.142492,5526453837033897984,44.643470,-69.677209,EGAD
samplePoint.142841,5526453837033897984,44.643905,-69.676733,EGAD
samplePoint.142842,5526453837033897984,44.644437,-69.676718,EGAD
samplePoint.143023,5526453837033897984,44.637943,-69.679694,EGAD
samplePoint.143024,5526453837033897984,44.638501,-69.679737,EGAD
samplePoint.143025,5526453837033897984,44.640370,-69.678960,EGAD
samplePoint.143026,5526453837033897984,44.640970,-69.678613,EGAD
samplePoint.143027,5526453837033897984,44.645400,-69.677396,EGAD
samplePoint.143047,5526453837033897984,44.644159,-69.678224,EGAD
samplePoint.143048,5526453837033897984,44.643299,-69.678064,EGAD
samplePoint.143049,5526453837033897984,44.641306,-69.678812,EGAD
samplePoint.143050,5526453837033897984,44.637949,-69.679043,EGAD
samplePoint.143051,5526453837033897984,44.638233,-69.678256,EGAD
samplePoint.144247,5526453837033897984,44.640118,-69.687999,EGAD
samplePoint.143100,5526453871393636352,44.637371,-69.679244,EGAD
samplePoint.143324,5526453871393636352,44.636617,-69.679492,EGAD
samplePoint.143328,5526453871393636352,44.635776,-69.678838,EGAD
samplePoint.144244,5526453871393636352,44.637148,-69.684922,EGAD
samplePoint.144246,5526453871393636352,44.637553,-69.687289,EGAD
samplePoint.144248,5526453871393636352,44.636828,-69.685372,EGAD
samplePoint.144249,5526453871393636352,44.635666,-69.685672,EGAD
samplePoint.144253,5526453871393636352,44.634427,-69.685325,EGAD
samplePoint.144273,5526453871393636352,44.634210,-69.683483,EGAD
samplePoint.144275,5526453871393636352,44.633151,-69.681884,EGAD
samplePoint.144277,5526453871393636352,44.633673,-69.681583,EGAD
samplePoint.144279,5526453871393636352,44.633628,-69.684653,EGAD
samplePoint.144280,5526453871393636352,44.632970,-69.681635,EGAD
samplePoint.144314,5526453871393636352,44.633442,-69.682728,EGAD
samplePoint.144315,5526453871393636352,44.632969,-69.681128,EGAD
samplePoint.149646,5526454283710496768,44.631436,-69.732564,EGAD
samplePoint.143117,5526455280142909440,44.667686,-69.713559,EGAD
samplePoint.143284,5526455280142909440,44.667494,-69.716355,EGAD
samplePoint.143369,5526455280142909440,44.668661,-69.714250,EGAD
samplePoint.144317,5526455280142909440,44.668137,-69.712785,EGAD
samplePoint.145400,5526455280142909440,44.670386,-69.715524,EGAD
samplePoint.147723,5526455280142909440,44.668799,-69.714968,EGAD
samplePoint.99450,5526457204288258048,44.629658,-69.836407,EGAD
samplePoint.154563,5526460227945234432,44.566557,-69.797762,EGAD
samplePoint.65517,5526460674621833216,44.611769,-69.781064,EGAD
samplePoint.113231,5526461808493199360,44.566200,-69.761666,EGAD
samplePoint.138207,5526461980291891200,44.544445,-69.761857,EGAD
samplePoint.138208,5526461980291891200,44.545273,-69.761615,EGAD
samplePoint.52254,5526461980291891200,44.545026,-69.761215,EGAD
samplePoint.52258,5526461980291891200,44.546528,-69.759286,EGAD
samplePoint.137858,5526462014651629568,44.550840,-69.758782,EGAD
samplePoint.137860,5526462014651629568,44.549834,-69.764720,EGAD
samplePoint.146048,5526462014651629568,44.549645,-69.766576,EGAD
samplePoint.148509,5526462014651629568,44.549254,-69.767538,EGAD
samplePoint.52255,5526462014651629568,44.550607,-69.757699,EGAD
samplePoint.52256,5526462014651629568,44.546936,-69.759696,EGAD
samplePoint.52257,5526462014651629568,44.547643,-69.758878,EGAD
samplePoint.68653,5526462014651629568,44.549437,-69.759407,EGAD
samplePoint.68654,5526462014651629568,44.549115,-69.759245,EGAD
samplePoint.137861,5526462049011367936,44.545076,-69.750996,EGAD
samplePoint.52252,5526462083371106304,44.545070,-69.755431,EGAD
samplePoint.85770,5526462186450321408,44.527537,-69.779649,EGAD
samplePoint.154555,5526462255169798144,44.533651,-69.791699,EGAD
samplePoint.154561,5526462255169798144,44.533616,-69.791680,EGAD
samplePoint.154562,5526462255169798144,44.536257,-69.792911,EGAD
samplePoint.154559,5526462323889274880,44.532402,-69.808120,EGAD
samplePoint.154560,5526462358249013248,44.533016,-69.792168,EGAD
samplePoint.154557,5526464110595670016,44.539391,-69.813450,EGAD
samplePoint.154564,5526464110595670016,44.540421,-69.813052,EGAD
samplePoint.154565,5526464110595670016,44.537629,-69.814169,EGAD
MEDEP_WQX-116221,5526464213674885120,44.538610,-69.842220,WQP
samplePoint.116221,5526464213674885120,44.538619,-69.842220,EGAD
samplePoint.53932,5526469539434332160,44.471879,-69.882187,EGAD
samplePoint.53928,5526469573794070528,44.473357,-69.880775,EGAD
samplePoint.139978,5526470089190146048,44.463869,-69.831740,EGAD
samplePoint.139976,5526470123549884416,44.464689,-69.831345,EGAD
samplePoint.139977,5526470123549884416,44.464579,-69.831796,EGAD
samplePoint.152240,5526470913823866880,44.407938,-69.844006,EGAD
samplePoint.152241,5526470913823866880,44.408224,-69.842297,EGAD
samplePoint.152244,5526470913823866880,44.407110,-69.840886,EGAD
samplePoint.152245,5526470913823866880,44.408368,-69.845973,EGAD
samplePoint.152308,5526470913823866880,44.407750,-69.840053,EGAD
samplePoint.152242,5526471016903081984,44.408351,-69.839793,EGAD
samplePoint.152243,5526471016903081984,44.408294,-69.840210,EGAD
samplePoint.155887,5526471016903081984,44.409391,-69.844191,EGAD
samplePoint.146466,5526472391292616704,44.450998,-69.727165,EGAD
samplePoint.65516,5526473765682151424,44.512037,-69.760763,EGAD
samplePoint.151631,5526473971840581632,44.526464,-69.718835,EGAD
samplePoint.110024,5526474006200320000,44.525410,-69.706102,EGAD
samplePoint.151627,5526474006200320000,44.521506,-69.714994,EGAD
samplePoint.151629,5526474006200320000,44.519615,-69.715122,EGAD
samplePoint.151635,5526474006200320000,44.526542,-69.715008,EGAD
samplePoint.151637,5526474006200320000,44.527420,-69.713425,EGAD
samplePoint.151639,5526474006200320000,44.520027,-69.717124,EGAD
samplePoint.151662,5526474006200320000,44.526356,-69.707393,EGAD
samplePoint.151663,5526474006200320000,44.526305,-69.710780,EGAD
samplePoint.151667,5526474006200320000,44.527942,-69.710735,EGAD
samplePoint.88971,5526474006200320000,44.526501,-69.704444,EGAD
samplePoint.151628,5526474040560058368,44.518957,-69.714483,EGAD
samplePoint.151632,5526474040560058368,44.518971,-69.716151,EGAD
samplePoint.151638,5526474040560058368,44.518093,-69.714718,EGAD
samplePoint.151660,5526474040560058368,44.513887,-69.713487,EGAD
samplePoint.151661,5526474040560058368,44.514189,-69.713718,EGAD
samplePoint.151665,5526474040560058368,44.514664,-69.715481,EGAD
samplePoint.151453,5526474349797703680,44.512259,-69.705497,EGAD
samplePoint.151636,5526474349797703680,44.511384,-69.705167,EGAD
samplePoint.151664,5526474349797703680,44.511534,-69.708375,EGAD
samplePoint.88959,5526474384157442048,44.518681,-69.703011,EGAD
samplePoint.88960,5526474384157442048,44.521854,-69.700295,EGAD
samplePoint.88962,5526474384157442048,44.520536,-69.701198,EGAD
samplePoint.88963,5526474384157442048,44.521345,-69.700698,EGAD
samplePoint.88965,5526474384157442048,44.518444,-69.705015,EGAD
samplePoint.88973,5526474384157442048,44.519890,-69.702182,EGAD
samplePoint.93552,5526474384157442048,44.521354,-69.706298,EGAD
samplePoint.93554,5526474384157442048,44.524745,-69.701538,EGAD
samplePoint.94300,5526474384157442048,44.522295,-69.696253,EGAD
OST_SHPD-NRSA0809-ME026,5526474624675610624,44.501090,-69.676140,WQP
OST_SHPD-NRSA1314-MER9-0908,5526474624675610624,44.501090,-69.676140,WQP
samplePoint.136975,5526474624675610624,44.501099,-69.676140,EGAD
samplePoint.136993,5526474624675610624,44.501099,-69.676140,EGAD
samplePoint.152246,5526475655467761664,44.468888,-69.647218,EGAD
samplePoint.152247,5526475689827500032,44.469405,-69.648370,EGAD
samplePoint.152248,5526475689827500032,44.470229,-69.648616,EGAD
samplePoint.135762,5526477029857296384,44.454955,-69.611293,EGAD
samplePoint.137667,5526477029857296384,44.455001,-69.611452,EGAD
samplePoint.143189,5526477029857296384,44.455090,-69.611736,EGAD
samplePoint.150255,5526477064217034752,44.461214,-69.602200,EGAD
samplePoint.150284,5526477064217034752,44.460695,-69.600868,EGAD
samplePoint.68636,5526477064217034752,44.464597,-69.606525,EGAD
samplePoint.97850,5526477064217034752,44.462609,-69.602552,EGAD
samplePoint.152251,5526477613972848640,44.416644,-69.619771,EGAD
samplePoint.152252,5526477648332587008,44.413281,-69.623881,EGAD
samplePoint.152253,5526477648332587008,44.413913,-69.624632,EGAD
samplePoint.147582,5526478266807877632,44.432968,-69.704052,EGAD
samplePoint.147659,5526478266807877632,44.433937,-69.703930,EGAD
samplePoint.150324,5526478266807877632,44.432665,-69.702647,EGAD
samplePoint.154566,5526478266807877632,44.432507,-69.704333,EGAD
samplePoint.154568,5526478266807877632,44.433753,-69.704263,EGAD
samplePoint.154569,5526478266807877632,44.437314,-69.702768,EGAD
samplePoint.154572,5526478266807877632,44.432670,-69.702758,EGAD
samplePoint.154573,5526478301167616000,44.433763,-69.701244,EGAD
samplePoint.65494,5526478301167616000,44.435633,-69.698163,EGAD
OST_SHPD-NRSA1314-MER9-0907,5526478335527354368,44.421550,-69.705600,WQP
samplePoint.136991,5526478335527354368,44.421559,-69.705600,EGAD
samplePoint.146886,5526478335527354368,44.423234,-69.709425,EGAD
samplePoint.146888,5526478335527354368,44.426221,-69.707218,EGAD
samplePoint.146276,5526478369887092736,44.428449,-69.707165,EGAD
samplePoint.146278,5526478369887092736,44.430398,-69.707539,EGAD
samplePoint.146279,5526478369887092736,44.429327,-69.708416,EGAD
samplePoint.146358,5526478369887092736,44.426923,-69.708355,EGAD
samplePoint.146887,5526478369887092736,44.428626,-69.706495,EGAD
samplePoint.147100,5526478369887092736,44.423391,-69.710328,EGAD
samplePoint.147455,5526478369887092736,44.425066,-69.709463,EGAD
samplePoint.147514,5526478369887092736,44.424897,-69.709159,EGAD
samplePoint.152063,5526478438606569472,44.421315,-69.710584,EGAD
samplePoint.152226,5526478438606569472,44.419926,-69.710368,EGAD
samplePoint.153260,5526478438606569472,44.417888,-69.712298,EGAD
samplePoint.147578,5526478782203953152,44.412878,-69.728132,EGAD
samplePoint.147579,5526478782203953152,44.412365,-69.730182,EGAD
samplePoint.147580,5526478782203953152,44.412950,-69.728993,EGAD
samplePoint.147581,5526478782203953152,44.412047,-69.727653,EGAD
samplePoint.148047,5526478782203953152,44.412391,-69.726305,EGAD
samplePoint.148049,5526478782203953152,44.411100,-69.727892,EGAD
samplePoint.148050,5526478782203953152,44.412827,-69.726895,EGAD
samplePoint.148051,5526478782203953152,44.410637,-69.727477,EGAD
samplePoint.148505,5526478782203953152,44.412807,-69.728205,EGAD
samplePoint.115122,5526480294032441344,44.326821,-69.706093,EGAD
samplePoint.145655,5526480294032441344,44.328009,-69.703000,EGAD
samplePoint.145656,5526480294032441344,44.327009,-69.705000,EGAD
samplePoint.40041,5526480294032441344,44.334215,-69.703548,EGAD
samplePoint.116193,5526480328392179712,44.319042,-69.715162,EGAD
samplePoint.146538,5526480328392179712,44.319183,-69.708582,EGAD
samplePoint.39973,5526480328392179712,44.322741,-69.707131,EGAD
samplePoint.40012,5526480328392179712,44.320431,-69.710155,EGAD
samplePoint.40013,5526480328392179712,44.320971,-69.710793,EGAD
samplePoint.40016,5526480328392179712,44.322159,-69.712228,EGAD
samplePoint.40024,5526480328392179712,44.325049,-69.707781,EGAD
samplePoint.40025,5526480328392179712,44.323822,-69.707460,EGAD
samplePoint.40027,5526480328392179712,44.322077,-69.706666,EGAD
samplePoint.116196,5526480706349301760,44.323201,-69.718463,EGAD
samplePoint.118107,5526480809428516864,44.339455,-69.741683,EGAD
samplePoint.139326,5526480809428516864,44.339497,-69.742249,EGAD
samplePoint.139327,5526480809428516864,44.339619,-69.742011,EGAD
samplePoint.146226,5526480809428516864,44.338583,-69.742906,EGAD
samplePoint.63233,5526480809428516864,44.338742,-69.742687,EGAD
samplePoint.146225,5526480843788255232,44.339547,-69.743615,EGAD
samplePoint.137999,5526484107963400192,44.313384,-69.812375,EGAD
samplePoint.150026,5526487131620376576,44.300375,-69.777976,EGAD
samplePoint.65479,5526487131620376576,44.300390,-69.776566,EGAD
samplePoint.135745,5526487165980114944,44.301834,-69.778508,EGAD
samplePoint.142869,5526487165980114944,44.301697,-69.778201,EGAD
samplePoint.146465,5526487200339853312,44.299731,-69.766550,EGAD
samplePoint.146656,5526487440858021888,44.269453,-69.756230,EGAD
samplePoint.146944,5526487440858021888,44.270499,-69.758445,EGAD
samplePoint.145234,5526487887534620672,44.269148,-69.745572,EGAD
samplePoint.145498,5526487887534620672,44.268289,-69.753546,EGAD
samplePoint.145499,5526487887534620672,44.273635,-69.743769,EGAD
samplePoint.145500,5526487887534620672,44.267325,-69.742779,EGAD
samplePoint.146317,5526487887534620672,44.266437,-69.745923,EGAD
samplePoint.148676,5526487887534620672,44.266022,-69.743947,EGAD
samplePoint.146319,5526487921894359040,44.265534,-69.740645,EGAD
samplePoint.146318,5526487956254097408,44.265019,-69.741642,EGAD
samplePoint.147319,5526488024973574144,44.258920,-69.760753,EGAD
samplePoint.146320,5526488059333312512,44.266342,-69.753650,EGAD
samplePoint.146655,5526488059333312512,44.264873,-69.753342,EGAD
samplePoint.146946,5526488059333312512,44.263781,-69.754954,EGAD
samplePoint.147028,5526488059333312512,44.263189,-69.753244,EGAD
samplePoint.147090,5526488059333312512,44.266293,-69.755470,EGAD
samplePoint.146945,5526488093693050880,44.268156,-69.756940,EGAD
samplePoint.65482,5526488540369649664,44.230191,-69.769170,EGAD
samplePoint.146467,5526488609089126400,44.219902,-69.770967,EGAD
samplePoint.142036,5526489090125463552,44.227564,-69.821510,EGAD
samplePoint.151575,5526489674241015808,44.195247,-69.861848,EGAD
samplePoint.150147,5526489708600754176,44.205813,-69.851835,EGAD
samplePoint.150148,5526489708600754176,44.205730,-69.855200,EGAD
samplePoint.150149,5526489742960492544,44.205470,-69.857402,EGAD
samplePoint.150143,5526489846039707648,44.198362,-69.862546,EGAD
samplePoint.150144,5526489846039707648,44.198820,-69.864012,EGAD
samplePoint.150145,5526489846039707648,44.198446,-69.863847,EGAD
samplePoint.150146,5526489846039707648,44.197732,-69.864274,EGAD
samplePoint.150153,5526489846039707648,44.195629,-69.863565,EGAD
samplePoint.151573,5526489846039707648,44.197281,-69.864479,EGAD
samplePoint.151574,5526489846039707648,44.196298,-69.863693,EGAD
samplePoint.151968,5526490739392905216,44.148357,-69.828480,EGAD
samplePoint.148120,5526490876831858688,44.167287,-69.851768,EGAD
samplePoint.148122,5526490876831858688,44.167105,-69.852279,EGAD
samplePoint.152918,5526490945551335424,44.151072,-69.844159,EGAD
samplePoint.152920,5526490945551335424,44.151312,-69.842965,EGAD
samplePoint.152915,5526490979911073792,44.146383,-69.847823,EGAD
samplePoint.152916,5526490979911073792,44.146796,-69.847492,EGAD
samplePoint.152917,5526490979911073792,44.148512,-69.846133,EGAD
samplePoint.152919,5526490979911073792,44.148742,-69.846352,EGAD
samplePoint.152921,5526490979911073792,44.150844,-69.846120,EGAD
samplePoint.146476,5526492663538253824,44.159659,-69.864159,EGAD
samplePoint.135404,5526497748779532288,44.260541,-69.987594,EGAD
samplePoint.108433,5526497954937962496,44.273274,-70.024260,EGAD
samplePoint.108440,5526497954937962496,44.275243,-70.026583,EGAD
samplePoint.108448,5526497954937962496,44.275019,-70.027062,EGAD
samplePoint.109399,5526497954937962496,44.274454,-70.025328,EGAD
samplePoint.109400,5526497954937962496,44.274206,-70.025013,EGAD
samplePoint.139967,5526497954937962496,44.272343,-70.022763,EGAD
samplePoint.146982,5526497954937962496,44.274654,-70.023618,EGAD
samplePoint.146983,5526497954937962496,44.274096,-70.023881,EGAD
samplePoint.149062,5526497954937962496,44.272108,-70.022606,EGAD
samplePoint.149063,5526497954937962496,44.270582,-70.021513,EGAD
samplePoint.149064,5526497954937962496,44.271239,-70.021366,EGAD
samplePoint.149065,5526497954937962496,44.271136,-70.021891,EGAD
samplePoint.149593,5526497954937962496,44.271844,-70.022513,EGAD
samplePoint.150155,5526497954937962496,44.270263,-70.023403,EGAD
samplePoint.150156,5526497954937962496,44.271249,-70.020484,EGAD
samplePoint.150157,5526497954937962496,44.269753,-70.022930,EGAD
samplePoint.150158,5526497954937962496,44.270257,-70.019831,EGAD
samplePoint.150159,5526497954937962496,44.272599,-70.020339,EGAD
samplePoint.150160,5526497954937962496,44.272224,-70.019622,EGAD
samplePoint.150420,5526497954937962496,44.275509,-70.026244,EGAD
samplePoint.150446,5526497954937962496,44.273930,-70.022664,EGAD
samplePoint.150869,5526497954937962496,44.271866,-70.019422,EGAD
samplePoint.150870,5526497954937962496,44.272370,-70.022187,EGAD
samplePoint.154613,5526497954937962496,44.273198,-70.022984,EGAD
samplePoint.108435,5526497989297700864,44.274940,-70.027485,EGAD
samplePoint.108445,5526497989297700864,44.274805,-70.027815,EGAD
samplePoint.109393,5526497989297700864,44.275579,-70.026783,EGAD
samplePoint.109395,5526497989297700864,44.275577,-70.027422,EGAD
samplePoint.109396,5526497989297700864,44.275502,-70.027121,EGAD
samplePoint.109398,5526497989297700864,44.275670,-70.027590,EGAD
samplePoint.129636,5526497989297700864,44.275839,-70.026719,EGAD
samplePoint.139968,5526497989297700864,44.277091,-70.027345,EGAD
samplePoint.146973,5526497989297700864,44.274524,-70.029337,EGAD
samplePoint.146974,5526497989297700864,44.276089,-70.029216,EGAD
samplePoint.146975,5526497989297700864,44.276179,-70.028035,EGAD
samplePoint.146976,5526497989297700864,44.276601,-70.027861,EGAD
samplePoint.146977,5526497989297700864,44.276818,-70.027560,EGAD
samplePoint.146978,5526497989297700864,44.277842,-70.027104,EGAD
samplePoint.146979,5526497989297700864,44.278001,-70.026996,EGAD
samplePoint.146980,5526497989297700864,44.276916,-70.026749,EGAD
samplePoint.146981,5526497989297700864,44.276509,-70.027144,EGAD
samplePoint.149059,5526497989297700864,44.274522,-70.029009,EGAD
samplePoint.149060,5526497989297700864,44.273355,-70.028952,EGAD
samplePoint.149061,5526497989297700864,44.274420,-70.029725,EGAD
samplePoint.149594,5526497989297700864,44.274260,-70.029442,EGAD
samplePoint.154611,5526497989297700864,44.276677,-70.028938,EGAD
samplePoint.154612,5526497989297700864,44.276594,-70.028562,EGAD
samplePoint.142179,5526498607772991488,44.232486,-70.082095,EGAD
samplePoint.95063,5526498607772991488,44.234385,-70.083275,EGAD
samplePoint.95073,5526498607772991488,44.232839,-70.082107,EGAD
samplePoint.95076,5526498607772991488,44.234849,-70.082047,EGAD
samplePoint.107589,5526498710852206592,44.232154,-70.082935,EGAD
samplePoint.95064,5526498710852206592,44.231301,-70.083001,EGAD
samplePoint.95065,5526498710852206592,44.231613,-70.082903,EGAD
samplePoint.98870,5526498710852206592,44.231784,-70.082021,EGAD
samplePoint.113214,5526500841155985408,44.155699,-70.102539,EGAD
samplePoint.65460,5526506441793339392,44.320912,-70.077276,EGAD
samplePoint.112702,5526507644384182272,44.331096,-70.036325,EGAD
samplePoint.113155,5526507678743920640,44.326894,-70.035286,EGAD
samplePoint.147018,5526508331578949632,44.284553,-70.025506,EGAD
samplePoint.72788,5526508846975025152,44.275309,-69.988056,EGAD
samplePoint.72791,5526508846975025152,44.278815,-69.985420,EGAD
samplePoint.72792,5526508846975025152,44.278826,-69.985447,EGAD
samplePoint.72807,5526508846975025152,44.279272,-69.985458,EGAD
samplePoint.72820,5526508846975025152,44.274418,-69.988046,EGAD
samplePoint.72822,5526508846975025152,44.273647,-69.987725,EGAD
samplePoint.72867,5526508846975025152,44.272702,-69.988209,EGAD
samplePoint.77936,5526508846975025152,44.281009,-69.984722,EGAD
samplePoint.152280,5526511355235926016,44.356282,-69.892622,EGAD
samplePoint.152281,5526511355235926016,44.354306,-69.889401,EGAD
samplePoint.152282,5526511355235926016,44.354475,-69.888438,EGAD
samplePoint.152275,5526511870632001536,44.390922,-69.881203,EGAD
samplePoint.152276,5526511870632001536,44.391125,-69.879149,EGAD
samplePoint.76876,5526514585051332608,44.407277,-70.039410,EGAD
samplePoint.153296,5526515066087669760,44.405036,-70.084161,EGAD
samplePoint.155146,5526515066087669760,44.407524,-70.082738,EGAD
samplePoint.152258,5526515753282437120,44.431397,-70.160561,EGAD
samplePoint.153301,5526516852794064896,44.401346,-70.089086,EGAD
samplePoint.154227,5526516852794064896,44.404319,-70.086451,EGAD
samplePoint.153291,5526516887153803264,44.402396,-70.086145,EGAD
samplePoint.153293,5526516887153803264,44.401048,-70.085720,EGAD
samplePoint.153294,5526516887153803264,44.403707,-70.084622,EGAD
samplePoint.153298,5526516887153803264,44.398206,-70.086145,EGAD
samplePoint.153302,5526516887153803264,44.399176,-70.087068,EGAD
samplePoint.146362,5526517127671971840,44.354021,-70.116667,EGAD
samplePoint.136494,5526517162031710208,44.355731,-70.128247,EGAD
samplePoint.141590,5526517162031710208,44.355338,-70.121354,EGAD
samplePoint.141591,5526517162031710208,44.359935,-70.122760,EGAD
samplePoint.145799,5526517162031710208,44.359982,-70.130356,EGAD
samplePoint.145800,5526517162031710208,44.356561,-70.128477,EGAD
samplePoint.141279,5526517230751186944,44.372121,-70.134299,EGAD
samplePoint.146361,5526517230751186944,44.368397,-70.136424,EGAD
samplePoint.146376,5526517230751186944,44.372051,-70.136074,EGAD
samplePoint.136496,5526517265110925312,44.367322,-70.140492,EGAD
samplePoint.136497,5526517265110925312,44.368278,-70.140347,EGAD
samplePoint.136498,5526517265110925312,44.369078,-70.140511,EGAD
samplePoint.136499,5526517265110925312,44.369992,-70.140842,EGAD
samplePoint.146359,5526517265110925312,44.372610,-70.138517,EGAD
samplePoint.136495,5526517333830402048,44.366497,-70.140292,EGAD
samplePoint.141592,5526517333830402048,44.364364,-70.141267,EGAD
samplePoint.142067,5526517333830402048,44.363183,-70.134599,EGAD
samplePoint.146360,5526517333830402048,44.362129,-70.139541,EGAD
samplePoint.146947,5526517368190140416,44.354906,-70.142915,EGAD
samplePoint.146948,5526517368190140416,44.357095,-70.140471,EGAD
samplePoint.146949,5526517368190140416,44.353440,-70.142247,EGAD
samplePoint.142066,5526517574348570624,44.353236,-70.118140,EGAD
samplePoint.150335,5526524033979383808,44.447370,-70.309997,EGAD
samplePoint.149639,5526524858613104640,44.435386,-70.352182,EGAD
samplePoint.142656,5526526336081854464,44.479994,-70.389428,EGAD
samplePoint.142657,5526526336081854464,44.480356,-70.388551,EGAD
samplePoint.142658,5526526336081854464,44.480132,-70.388517,EGAD
samplePoint.148998,5526526336081854464,44.481812,-70.388466,EGAD
samplePoint.148999,5526526336081854464,44.478749,-70.388744,EGAD
samplePoint.149000,5526526336081854464,44.481155,-70.389563,EGAD
samplePoint.121302,5526538877386358784,44.246215,-70.521337,EGAD
samplePoint.94816,5526538877386358784,44.245155,-70.521441,EGAD
samplePoint.94817,5526538877386358784,44.245123,-70.521473,EGAD
samplePoint.91048,5526539186624004096,44.222807,-70.509356,EGAD
samplePoint.151431,5526541832323858432,44.195292,-70.380703,EGAD
samplePoint.151430,5526541866683596800,44.202227,-70.380021,EGAD
samplePoint.152535,5526542175921242112,44.210816,-70.327538,EGAD
samplePoint.152536,5526542175921242112,44.213244,-70.326220,EGAD
samplePoint.152936,5526542175921242112,44.213688,-70.325303,EGAD
samplePoint.153067,5526542175921242112,44.215137,-70.323531,EGAD
samplePoint.153068,5526542175921242112,44.216422,-70.325580,EGAD
samplePoint.153158,5526542175921242112,44.212155,-70.328433,EGAD
samplePoint.146455,5526547432961212416,44.262069,-70.188641,EGAD
samplePoint.81098,5526547501680689152,44.270921,-70.218146,EGAD
samplePoint.152737,5526547639119642624,44.250997,-70.234914,EGAD
samplePoint.152738,5526547639119642624,44.252046,-70.235279,EGAD
samplePoint.152739,5526547639119642624,44.255534,-70.234117,EGAD
samplePoint.152736,5526547673479380992,44.249420,-70.235431,EGAD
samplePoint.152740,5526547673479380992,44.247237,-70.240418,EGAD
samplePoint.152741,5526547673479380992,44.248988,-70.235838,EGAD
samplePoint.154310,5526548120155979776,44.215096,-70.235302,EGAD
samplePoint.154311,5526548120155979776,44.216609,-70.232855,EGAD
samplePoint.154312,5526548120155979776,44.219734,-70.232504,EGAD
samplePoint.154314,5526548120155979776,44.218387,-70.232813,EGAD
samplePoint.154315,5526548120155979776,44.220834,-70.232072,EGAD
samplePoint.154877,5526548154515718144,44.216383,-70.243494,EGAD
samplePoint.154313,5526548257594933248,44.222175,-70.245508,EGAD
samplePoint.154316,5526548257594933248,44.222802,-70.246231,EGAD
samplePoint.154876,5526548257594933248,44.221290,-70.246212,EGAD
samplePoint.153250,5526548291954671616,44.231384,-70.250075,EGAD
samplePoint.153252,5526548291954671616,44.231533,-70.247532,EGAD
samplePoint.152742,5526548360674148352,44.234965,-70.226547,EGAD
samplePoint.152743,5526548360674148352,44.237719,-70.225424,EGAD
samplePoint.153251,5526548395033886720,44.236993,-70.241299,EGAD
samplePoint.153253,5526548395033886720,44.238393,-70.241375,EGAD
samplePoint.153267,5526548395033886720,44.234811,-70.241737,EGAD
samplePoint.146159,5526549254027345920,44.190330,-70.311959,EGAD
samplePoint.146162,5526549254027345920,44.193627,-70.312082,EGAD
samplePoint.146163,5526549254027345920,44.192393,-70.311359,EGAD
samplePoint.147215,5526549254027345920,44.190852,-70.310771,EGAD
samplePoint.147216,5526549254027345920,44.192450,-70.312567,EGAD
samplePoint.146164,5526549425826037760,44.192405,-70.302864,EGAD
samplePoint.146165,5526549425826037760,44.190617,-70.302410,EGAD
samplePoint.147320,5526549528905252864,44.174309,-70.287506,EGAD
samplePoint.152319,5526550834575310848,44.169861,-70.350847,EGAD
samplePoint.152320,5526550834575310848,44.170163,-70.349536,EGAD
samplePoint.152321,5526550834575310848,44.171562,-70.348432,EGAD
samplePoint.152322,5526550834575310848,44.174394,-70.346069,EGAD
samplePoint.152324,5526550834575310848,44.172508,-70.346868,EGAD
samplePoint.152325,5526550834575310848,44.169356,-70.350255,EGAD
samplePoint.152326,5526550834575310848,44.173179,-70.346646,EGAD
samplePoint.152327,5526550834575310848,44.174147,-70.345573,EGAD
samplePoint.153152,5526552758720659456,44.076695,-70.310529,EGAD
samplePoint.149072,5526554167469932544,44.088251,-70.375275,EGAD
samplePoint.149474,5526554167469932544,44.088235,-70.376513,EGAD
samplePoint.149475,5526554167469932544,44.087008,-70.376016,EGAD
samplePoint.149476,5526554167469932544,44.088527,-70.375436,EGAD
samplePoint.150193,5526554167469932544,44.088524,-70.377156,EGAD
samplePoint.150244,5526554167469932544,44.088609,-70.374252,EGAD
samplePoint.150245,5526554167469932544,44.089216,-70.376374,EGAD
samplePoint.150246,5526554167469932544,44.088717,-70.376535,EGAD
samplePoint.136522,5526554442347839488,44.111281,-70.384320,EGAD
samplePoint.150037,5526554442347839488,44.112546,-70.383758,EGAD
samplePoint.150030,5526556710090571776,44.132943,-70.460211,EGAD
samplePoint.153576,5526558668595658752,44.167002,-70.450979,EGAD
samplePoint.153577,5526558668595658752,44.166821,-70.451728,EGAD
samplePoint.153578,5526558668595658752,44.167509,-70.453420,EGAD
samplePoint.153580,5526558668595658752,44.166229,-70.451092,EGAD
samplePoint.153581,5526558668595658752,44.168423,-70.454792,EGAD
samplePoint.131994,5526559596308594688,44.134623,-70.486088,EGAD
USGS-441137070312501,5526560764539699200,44.194131,-70.523114,WQP
samplePoint.120557,5526560798899437568,44.201300,-70.520495,EGAD
samplePoint.120561,5526560798899437568,44.205331,-70.517803,EGAD
samplePoint.120606,5526560798899437568,44.205299,-70.517763,EGAD
samplePoint.145516,5526560901978652672,44.205925,-70.517423,EGAD
samplePoint.150033,5526560936338391040,44.211646,-70.516883,EGAD
samplePoint.150352,5526560936338391040,44.208200,-70.522114,EGAD
samplePoint.120558,5526560970698129408,44.203218,-70.521051,EGAD
samplePoint.120563,5526560970698129408,44.201985,-70.521759,EGAD
samplePoint.146471,5526560970698129408,44.204984,-70.526556,EGAD
samplePoint.146470,5526561520453943296,44.215172,-70.579463,EGAD
samplePoint.150506,5526563685117460480,44.149630,-70.635809,EGAD
samplePoint.150509,5526563685117460480,44.146686,-70.636630,EGAD
samplePoint.151115,5526563685117460480,44.147668,-70.638250,EGAD
samplePoint.151362,5526563685117460480,44.149719,-70.635293,EGAD
samplePoint.98982,5526563685117460480,44.147414,-70.637576,EGAD
samplePoint.150338,5526563753836937216,44.154615,-70.612585,EGAD
samplePoint.150339,5526563753836937216,44.155757,-70.614362,EGAD
samplePoint.150340,5526563753836937216,44.153940,-70.614733,EGAD
samplePoint.150463,5526563753836937216,44.153372,-70.610898,EGAD
samplePoint.150507,5526563788196675584,44.152191,-70.637224,EGAD
samplePoint.150501,5526568392401616896,44.000980,-70.586210,EGAD
samplePoint.150503,5526568392401616896,44.000712,-70.584479,EGAD
samplePoint.150505,5526568392401616896,44.002048,-70.587243,EGAD
samplePoint.150625,5526568461121093632,44.013550,-70.596708,EGAD
samplePoint.150496,5526568495480832000,44.021069,-70.605824,EGAD
samplePoint.150627,5526568495480832000,44.019719,-70.600542,EGAD
samplePoint.150628,5526568495480832000,44.016030,-70.597422,EGAD
samplePoint.150630,5526568495480832000,44.020407,-70.601299,EGAD
samplePoint.150493,5526568667279523840,44.022024,-70.605105,EGAD
samplePoint.150626,5526568667279523840,44.021247,-70.598414,EGAD
samplePoint.150476,5526572653009174528,44.010554,-70.749180,EGAD
samplePoint.150482,5526572653009174528,44.010411,-70.750508,EGAD
samplePoint.150479,5526572687368912896,44.011626,-70.753897,EGAD
samplePoint.150483,5526572687368912896,44.011409,-70.752655,EGAD
samplePoint.150472,5526573065326034944,44.008575,-70.752933,EGAD
samplePoint.150475,5526573065326034944,44.009246,-70.751520,EGAD
samplePoint.150477,5526573065326034944,44.007763,-70.756069,EGAD
samplePoint.150478,5526573065326034944,44.008820,-70.753890,EGAD
samplePoint.150481,5526573065326034944,44.009470,-70.751408,EGAD
samplePoint.150474,5526573099685773312,44.008433,-70.751588,EGAD
samplePoint.154938,5526578872121819136,44.003452,-70.528184,EGAD
samplePoint.154940,5526578872121819136,44.008228,-70.529248,EGAD
samplePoint.154956,5526578872121819136,44.008749,-70.532405,EGAD
samplePoint.154963,5526578872121819136,44.001378,-70.530602,EGAD
samplePoint.154952,5526578975201034240,44.008776,-70.529538,EGAD
samplePoint.151557,5526583373247545344,43.937242,-70.442846,EGAD
samplePoint.151558,5526583373247545344,43.937877,-70.442560,EGAD
samplePoint.151559,5526583373247545344,43.938825,-70.443415,EGAD
samplePoint.151561,5526583407607283712,43.938737,-70.448141,EGAD
samplePoint.151562,5526583407607283712,43.939312,-70.447905,EGAD
samplePoint.154903,5526583407607283712,43.947108,-70.452955,EGAD
samplePoint.154907,5526583407607283712,43.943112,-70.453892,EGAD
samplePoint.154908,5526583407607283712,43.942500,-70.455642,EGAD
samplePoint.154902,5526584129161789440,43.946550,-70.457418,EGAD
samplePoint.152509,5526584885076033536,43.932375,-70.454845,EGAD
samplePoint.151553,5526584919435771904,43.936710,-70.445911,EGAD
samplePoint.151560,5526584919435771904,43.935762,-70.444145,EGAD
samplePoint.151958,5526584919435771904,43.936309,-70.445126,EGAD
samplePoint.152900,5526585056874725376,43.930856,-70.422021,EGAD
samplePoint.146460,5526586396904521728,43.923336,-70.345103,EGAD
samplePoint.153468,5526586877940858880,43.918076,-70.316604,EGAD
samplePoint.147456,5526587324617457664,43.887124,-70.350897,EGAD
samplePoint.52784,5526587358977196032,43.898899,-70.347522,EGAD
samplePoint.97402,5526587358977196032,43.897188,-70.346645,EGAD
samplePoint.147583,5526587427696672768,43.884346,-70.348365,EGAD
samplePoint.150498,5526587599495364608,43.897970,-70.320493,EGAD
samplePoint.150499,5526587599495364608,43.898321,-70.321439,EGAD
samplePoint.153206,5526587668214841344,43.908555,-70.293060,EGAD
samplePoint.149979,5526588424129085440,43.894116,-70.254404,EGAD
samplePoint.149980,5526588424129085440,43.898784,-70.256844,EGAD
samplePoint.149983,5526588458488823808,43.888299,-70.254169,EGAD
samplePoint.150056,5526588458488823808,43.892818,-70.254693,EGAD
samplePoint.150057,5526588458488823808,43.887680,-70.258396,EGAD
samplePoint.150121,5526588458488823808,43.887566,-70.260503,EGAD
samplePoint.150122,5526588458488823808,43.888042,-70.261008,EGAD
samplePoint.150345,5526588458488823808,43.889193,-70.257121,EGAD
samplePoint.150347,5526588458488823808,43.889504,-70.253806,EGAD
samplePoint.151552,5526588458488823808,43.889246,-70.253939,EGAD
samplePoint.149981,5526588527208300544,43.897268,-70.261427,EGAD
samplePoint.149982,5526588527208300544,43.897915,-70.260190,EGAD
samplePoint.150346,5526588527208300544,43.898493,-70.259515,EGAD
samplePoint.149978,5526588595927777280,43.915192,-70.252131,EGAD
samplePoint.150058,5526588595927777280,43.917285,-70.255245,EGAD
samplePoint.150059,5526588595927777280,43.916753,-70.251237,EGAD
samplePoint.153203,5526589317482283008,43.912452,-70.279612,EGAD
samplePoint.153205,5526589317482283008,43.909213,-70.288828,EGAD
samplePoint.153270,5526590142116003840,43.948413,-70.258637,EGAD
samplePoint.153272,5526590142116003840,43.948744,-70.258252,EGAD
samplePoint.153273,5526590142116003840,43.945460,-70.253480,EGAD
samplePoint.153274,5526590142116003840,43.944452,-70.256090,EGAD
samplePoint.153275,5526590142116003840,43.944779,-70.256750,EGAD
samplePoint.153276,5526590142116003840,43.946753,-70.258646,EGAD
samplePoint.153277,5526590142116003840,43.945713,-70.258815,EGAD
samplePoint.150390,5526590829310771200,43.979737,-70.189167,EGAD
samplePoint.150391,5526590829310771200,43.978238,-70.187710,EGAD
samplePoint.150531,5526590829310771200,43.977915,-70.189991,EGAD
samplePoint.151102,5526590829310771200,43.977586,-70.188318,EGAD
samplePoint.150393,5526590863670509568,43.970285,-70.196959,EGAD
samplePoint.150532,5526590863670509568,43.971175,-70.195210,EGAD
samplePoint.150533,5526590863670509568,43.970476,-70.195353,EGAD
samplePoint.151098,5526590863670509568,43.972885,-70.191923,EGAD
samplePoint.151103,5526590863670509568,43.971070,-70.196806,EGAD
samplePoint.151104,5526590863670509568,43.969961,-70.195763,EGAD
samplePoint.150392,5526590898030247936,43.975267,-70.187561,EGAD
samplePoint.151101,5526590898030247936,43.970941,-70.189259,EGAD
samplePoint.150389,5526591001109463040,43.978950,-70.185168,EGAD
samplePoint.150534,5526591001109463040,43.977749,-70.186519,EGAD
samplePoint.151099,5526591001109463040,43.976743,-70.185690,EGAD
samplePoint.151100,5526591001109463040,43.977090,-70.184737,EGAD
samplePoint.154430,5526591001109463040,43.975618,-70.175168,EGAD
samplePoint.154432,5526591001109463040,43.978104,-70.177156,EGAD
samplePoint.154434,5526591001109463040,43.978667,-70.177858,EGAD
samplePoint.152911,5526592031901614080,44.020657,-70.283122,EGAD
samplePoint.152912,5526592031901614080,44.020865,-70.282853,EGAD
samplePoint.152913,5526592031901614080,44.020424,-70.282231,EGAD
samplePoint.68860,5526594608881991680,44.028570,-70.278851,EGAD
samplePoint.68861,5526594608881991680,44.027716,-70.280355,EGAD
samplePoint.68862,5526594608881991680,44.030418,-70.280226,EGAD
samplePoint.68863,5526594608881991680,44.029650,-70.282119,EGAD
samplePoint.68866,5526594608881991680,44.030023,-70.280929,EGAD
samplePoint.138275,5526594677601468416,44.031487,-70.258604,EGAD
samplePoint.138276,5526594677601468416,44.030402,-70.260772,EGAD
samplePoint.138277,5526594677601468416,44.032701,-70.258063,EGAD
samplePoint.138278,5526594677601468416,44.032931,-70.257964,EGAD
samplePoint.138279,5526594677601468416,44.034640,-70.257897,EGAD
samplePoint.137840,5526595089918328832,44.043834,-70.265648,EGAD
samplePoint.137842,5526595089918328832,44.043851,-70.265241,EGAD
samplePoint.150036,5526595502235189248,44.074722,-70.206765,EGAD
samplePoint.145852,5526595570954665984,44.079219,-70.234500,EGAD
samplePoint.153149,5526596051991003136,44.071015,-70.303758,EGAD
samplePoint.153151,5526596051991003136,44.071558,-70.303422,EGAD
samplePoint.153153,5526596086350741504,44.076392,-70.308101,EGAD
samplePoint.137980,5526596601746817024,44.123895,-70.226888,EGAD
samplePoint.69462,5526596636106555392,44.125711,-70.235705,EGAD
samplePoint.69467,5526596636106555392,44.123454,-70.237460,EGAD
samplePoint.85730,5526596910984462336,44.144799,-70.253311,EGAD
samplePoint.65455,5526597117142892544,44.159414,-70.207491,EGAD
samplePoint.146456,5526597254581846016,44.144247,-70.229307,EGAD
samplePoint.69469,5526597288941584384,44.132670,-70.238879,EGAD
samplePoint.150249,5526597529459752960,44.153086,-70.194569,EGAD
samplePoint.150250,5526597529459752960,44.154939,-70.191062,EGAD
samplePoint.150251,5526597529459752960,44.152211,-70.191832,EGAD
samplePoint.150252,5526597529459752960,44.151854,-70.192914,EGAD
samplePoint.150267,5526597529459752960,44.152714,-70.190507,EGAD
samplePoint.135764,5526598251014258688,44.097779,-70.232620,EGAD
samplePoint.146457,5526598491532427264,44.098129,-70.181853,EGAD
samplePoint.150123,5526599556684316672,44.110267,-70.107220,EGAD
samplePoint.55468,5526601171592019968,44.065003,-70.142756,EGAD
samplePoint.55490,5526601171592019968,44.063502,-70.142231,EGAD
samplePoint.55502,5526601171592019968,44.062655,-70.141783,EGAD
samplePoint.98693,5526601171592019968,44.063944,-70.141486,EGAD
samplePoint.98705,5526601171592019968,44.065143,-70.142284,EGAD
samplePoint.98714,5526601171592019968,44.064010,-70.141318,EGAD
samplePoint.148839,5526601583908880384,44.051475,-70.200745,EGAD
samplePoint.148840,5526601583908880384,44.050934,-70.200281,EGAD
samplePoint.148841,5526601583908880384,44.050960,-70.199688,EGAD
samplePoint.148842,5526601583908880384,44.048860,-70.197675,EGAD
samplePoint.148843,5526601583908880384,44.048419,-70.198222,EGAD
samplePoint.148844,5526601583908880384,44.047917,-70.197616,EGAD
samplePoint.148845,5526601583908880384,44.045394,-70.195407,EGAD
samplePoint.148849,5526601583908880384,44.049698,-70.201760,EGAD
samplePoint.148850,5526601583908880384,44.049940,-70.202138,EGAD
samplePoint.148851,5526601583908880384,44.048941,-70.200178,EGAD
samplePoint.148846,5526601618268618752,44.044672,-70.193557,EGAD
samplePoint.40769,5526601618268618752,44.047934,-70.179891,EGAD
samplePoint.40771,5526601618268618752,44.050167,-70.179638,EGAD
samplePoint.40772,5526601618268618752,44.050174,-70.179633,EGAD
samplePoint.40787,5526601618268618752,44.048726,-70.186409,EGAD
samplePoint.40791,5526601618268618752,44.047050,-70.183495,EGAD
samplePoint.53131,5526601618268618752,44.045599,-70.184143,EGAD
samplePoint.53137,5526601618268618752,44.045294,-70.184393,EGAD
samplePoint.72613,5526601618268618752,44.045212,-70.184877,EGAD
samplePoint.53139,5526601721347833856,44.044770,-70.179821,EGAD
samplePoint.147559,5526601790067310592,44.032403,-70.185417,EGAD
samplePoint.146791,5526601824427048960,44.027788,-70.197410,EGAD
samplePoint.147560,5526601824427048960,44.027752,-70.197487,EGAD
samplePoint.127380,5526601858786787328,44.040629,-70.183719,EGAD
samplePoint.136438,5526601858786787328,44.037939,-70.198669,EGAD
samplePoint.136437,5526601893146525696,44.039122,-70.200225,EGAD
samplePoint.136439,5526601893146525696,44.042417,-70.203439,EGAD
samplePoint.136440,5526601893146525696,44.039856,-70.202450,EGAD
samplePoint.139902,5526601893146525696,44.038383,-70.198774,EGAD
samplePoint.139903,5526601893146525696,44.038299,-70.198958,EGAD
samplePoint.139904,5526601893146525696,44.038125,-70.198951,EGAD
samplePoint.139905,5526601893146525696,44.038046,-70.198797,EGAD
samplePoint.139906,5526601893146525696,44.038195,-70.199088,EGAD
samplePoint.139907,5526601893146525696,44.038199,-70.199083,EGAD
samplePoint.139908,5526601893146525696,44.038197,-70.199089,EGAD
samplePoint.141122,5526601893146525696,44.038572,-70.198543,EGAD
samplePoint.141123,5526601893146525696,44.038358,-70.198912,EGAD
samplePoint.141124,5526601893146525696,44.038197,-70.199085,EGAD
samplePoint.141125,5526601893146525696,44.038079,-70.198834,EGAD
samplePoint.148847,5526601893146525696,44.044055,-70.207478,EGAD
samplePoint.148848,5526601893146525696,44.043417,-70.207478,EGAD
samplePoint.55911,5526601893146525696,44.041767,-70.203113,EGAD
samplePoint.55912,5526601893146525696,44.040221,-70.203485,EGAD
samplePoint.55913,5526601893146525696,44.041701,-70.202876,EGAD
samplePoint.55914,5526601893146525696,44.042590,-70.205338,EGAD
samplePoint.64291,5526601893146525696,44.041348,-70.203964,EGAD
samplePoint.64293,5526601893146525696,44.041801,-70.203664,EGAD
samplePoint.64295,5526601893146525696,44.041938,-70.203388,EGAD
samplePoint.64296,5526601893146525696,44.040827,-70.202063,EGAD
samplePoint.64297,5526601893146525696,44.040047,-70.203578,EGAD
samplePoint.74193,5526601893146525696,44.040232,-70.200088,EGAD
samplePoint.74194,5526601893146525696,44.038979,-70.200864,EGAD
samplePoint.150860,5526601927506264064,44.038405,-70.216680,EGAD
samplePoint.150861,5526601961866002432,44.030689,-70.223721,EGAD
samplePoint.150862,5526602064945217536,44.029087,-70.222557,EGAD
samplePoint.150863,5526602064945217536,44.027494,-70.221666,EGAD
samplePoint.146793,5526602408542601216,44.021708,-70.178563,EGAD
samplePoint.146794,5526602408542601216,44.021719,-70.182552,EGAD
samplePoint.153833,5526603095737368576,44.011069,-70.110568,EGAD
samplePoint.153834,5526603095737368576,44.009723,-70.109580,EGAD
samplePoint.153832,5526603130097106944,44.010197,-70.106886,EGAD
samplePoint.146458,5526603233176322048,44.012191,-70.086035,EGAD
OST_SHPD-NRSA0809-ME027,5526603267536060416,44.003090,-70.098610,WQP
samplePoint.136977,5526603267536060416,44.003099,-70.098610,EGAD
samplePoint.146563,5526603301895798784,44.005297,-70.107012,EGAD
samplePoint.148595,5526603301895798784,44.006167,-70.105657,EGAD
samplePoint.153831,5526603301895798784,44.001147,-70.106983,EGAD
samplePoint.142584,5526603611133444096,43.995327,-70.047814,EGAD
samplePoint.150001,5526603611133444096,43.991318,-70.051657,EGAD
samplePoint.153572,5526603611133444096,43.990742,-70.044832,EGAD
samplePoint.153573,5526603611133444096,43.991282,-70.046832,EGAD
samplePoint.153574,5526603611133444096,43.991206,-70.042385,EGAD
samplePoint.153575,5526603611133444096,43.993101,-70.049058,EGAD
samplePoint.65458,5526603611133444096,43.991234,-70.052102,EGAD
samplePoint.152312,5526603714212659200,44.002731,-70.036291,EGAD
samplePoint.153034,5526603714212659200,44.004243,-70.036781,EGAD
samplePoint.152318,5526604023450304512,44.035054,-70.045142,EGAD
samplePoint.152310,5526604057810042880,44.025183,-70.055220,EGAD
samplePoint.152311,5526604057810042880,44.022189,-70.055073,EGAD
samplePoint.152313,5526604057810042880,44.024477,-70.051887,EGAD
samplePoint.152309,5526604401407426560,44.039852,-70.041928,EGAD
samplePoint.152315,5526604401407426560,44.038405,-70.042435,EGAD
samplePoint.152316,5526604401407426560,44.041235,-70.038925,EGAD
samplePoint.152317,5526604401407426560,44.040857,-70.038012,EGAD
samplePoint.71186,5526604848084025344,44.036996,-70.107761,EGAD
samplePoint.71195,5526604848084025344,44.036577,-70.105491,EGAD
samplePoint.51955,5526604882443763712,44.037806,-70.108812,EGAD
samplePoint.71204,5526604882443763712,44.037405,-70.105370,EGAD
samplePoint.146212,5526608730734460928,44.083623,-69.870032,EGAD
samplePoint.146297,5526608730734460928,44.086212,-69.869657,EGAD
samplePoint.146298,5526608730734460928,44.085547,-69.870870,EGAD
samplePoint.146101,5526608765094199296,44.073653,-69.882516,EGAD
samplePoint.146208,5526608765094199296,44.072217,-69.875557,EGAD
samplePoint.146295,5526608765094199296,44.073202,-69.876772,EGAD
samplePoint.146097,5526608799453937664,44.080085,-69.883355,EGAD
samplePoint.146098,5526608799453937664,44.076334,-69.884247,EGAD
samplePoint.146100,5526608799453937664,44.078751,-69.884563,EGAD
samplePoint.137004,5526608833813676032,44.071427,-69.886271,EGAD
samplePoint.146296,5526608868173414400,44.067702,-69.874567,EGAD
samplePoint.153363,5526610036404518912,44.025936,-69.972520,EGAD
samplePoint.153364,5526610036404518912,44.025151,-69.971619,EGAD
samplePoint.153365,5526610036404518912,44.026263,-69.971253,EGAD
samplePoint.153366,5526610036404518912,44.027057,-69.971711,EGAD
samplePoint.155134,5526610036404518912,44.022936,-69.970153,EGAD
samplePoint.153361,5526610483081117696,44.013161,-69.969558,EGAD
samplePoint.153367,5526610483081117696,44.021651,-69.969653,EGAD
samplePoint.153305,5526611513873268736,43.974518,-69.955206,EGAD
samplePoint.153307,5526611548233007104,43.978574,-69.959678,EGAD
samplePoint.153309,5526611548233007104,43.974925,-69.957852,EGAD
samplePoint.153310,5526611548233007104,43.974445,-69.957962,EGAD
samplePoint.120387,5526612372866727936,43.903729,-69.999805,EGAD
samplePoint.120389,5526612372866727936,43.903729,-69.999805,EGAD
samplePoint.150228,5526613712896524288,43.968546,-70.032056,EGAD
samplePoint.147088,5526615362163965952,43.926818,-70.163180,EGAD
samplePoint.150846,5526616118078210048,43.898952,-70.123824,EGAD
samplePoint.146293,5526617320669052928,43.895084,-70.213105,EGAD
samplePoint.52055,5526618042223558656,43.871923,-70.128323,EGAD
samplePoint.52056,5526618042223558656,43.872874,-70.131027,EGAD
samplePoint.113055,5526618076583297024,43.862968,-70.135312,EGAD
samplePoint.52063,5526618076583297024,43.865129,-70.133026,EGAD
samplePoint.139310,5526620309966290944,43.833384,-70.062543,EGAD
samplePoint.139311,5526620309966290944,43.832883,-70.065085,EGAD
samplePoint.139313,5526620309966290944,43.831222,-70.066334,EGAD
samplePoint.139309,5526620413045506048,43.831679,-70.059051,EGAD
samplePoint.139312,5526620928441581568,43.833513,-70.082128,EGAD
samplePoint.147666,5526620928441581568,43.830867,-70.083907,EGAD
samplePoint.149578,5526620962801319936,43.829567,-70.096756,EGAD
samplePoint.138315,5526620997161058304,43.832362,-70.101831,EGAD
samplePoint.51831,5526621340758441984,43.817594,-70.160827,EGAD
samplePoint.51832,5526621340758441984,43.817826,-70.161827,EGAD
samplePoint.51838,5526621340758441984,43.817548,-70.164536,EGAD
samplePoint.51839,5526621340758441984,43.816582,-70.161053,EGAD
samplePoint.136523,5526621821794779136,43.790380,-70.166341,EGAD
samplePoint.138035,5526621821794779136,43.790355,-70.166279,EGAD
samplePoint.149510,5526621821794779136,43.791746,-70.164312,EGAD
samplePoint.127239,5526623161824575488,43.731650,-70.125084,EGAD
samplePoint.78075,5526623161824575488,43.732799,-70.124090,EGAD
samplePoint.78082,5526623161824575488,43.733029,-70.124340,EGAD
samplePoint.147424,5526623196184313856,43.728936,-70.127815,EGAD
samplePoint.148815,5526625463927046144,43.739396,-70.244318,EGAD
samplePoint.148816,5526625463927046144,43.738099,-70.247536,EGAD
samplePoint.148817,5526625463927046144,43.737410,-70.244653,EGAD
samplePoint.148818,5526625463927046144,43.738235,-70.243729,EGAD
samplePoint.136970,5526625567006261248,43.716172,-70.240407,EGAD
samplePoint.149585,5526625567006261248,43.715574,-70.241540,EGAD
samplePoint.78071,5526626838316580864,43.787458,-70.247991,EGAD
samplePoint.78072,5526626838316580864,43.787546,-70.250794,EGAD
samplePoint.141537,5526627010115272704,43.791682,-70.292902,EGAD
samplePoint.141538,5526627010115272704,43.792242,-70.292649,EGAD
samplePoint.141539,5526627010115272704,43.791933,-70.292959,EGAD
samplePoint.141540,5526627010115272704,43.792174,-70.292939,EGAD
samplePoint.141541,5526627010115272704,43.792302,-70.292969,EGAD
samplePoint.141542,5526627010115272704,43.791829,-70.292550,EGAD
samplePoint.141544,5526627010115272704,43.791389,-70.293404,EGAD
samplePoint.149422,5526627388072394752,43.814517,-70.229801,EGAD
samplePoint.150088,5526627388072394752,43.813783,-70.226689,EGAD
samplePoint.149418,5526627422432133120,43.809697,-70.229963,EGAD
samplePoint.149419,5526627422432133120,43.809977,-70.232845,EGAD
samplePoint.149420,5526627422432133120,43.811121,-70.231968,EGAD
samplePoint.149421,5526627422432133120,43.811975,-70.231586,EGAD
samplePoint.149424,5526627422432133120,43.808817,-70.229251,EGAD
samplePoint.149486,5526627422432133120,43.810715,-70.233135,EGAD
samplePoint.149488,5526627422432133120,43.808735,-70.230247,EGAD
samplePoint.150075,5526627422432133120,43.810859,-70.231354,EGAD
samplePoint.150091,5526627422432133120,43.807918,-70.227766,EGAD
samplePoint.141190,5526628075267162112,43.811257,-70.223644,EGAD
samplePoint.141191,5526628075267162112,43.808498,-70.220102,EGAD
samplePoint.149423,5526628075267162112,43.806334,-70.222165,EGAD
samplePoint.149487,5526628075267162112,43.807140,-70.228020,EGAD
samplePoint.150076,5526628075267162112,43.807656,-70.227267,EGAD
samplePoint.150089,5526628075267162112,43.806836,-70.227410,EGAD
samplePoint.150090,5526628075267162112,43.806621,-70.220613,EGAD
USGS-435010070142701,5526628968620359680,43.836039,-70.240428,WQP
samplePoint.146261,5526631408161783808,43.872132,-70.342388,EGAD
samplePoint.146260,5526631442521522176,43.876699,-70.351754,EGAD
samplePoint.146255,5526631545600737280,43.872082,-70.348800,EGAD
samplePoint.146262,5526631545600737280,43.869223,-70.356097,EGAD
samplePoint.147123,5526631545600737280,43.872366,-70.358155,EGAD
samplePoint.135765,5526635015934312448,43.775147,-70.499297,EGAD
samplePoint.65562,5526635462610911232,43.786562,-70.454693,EGAD
samplePoint.154878,5526635634409603072,43.777608,-70.414416,EGAD
samplePoint.154881,5526635634409603072,43.776217,-70.415423,EGAD
samplePoint.154883,5526635634409603072,43.774735,-70.415026,EGAD
samplePoint.154884,5526635634409603072,43.775537,-70.415564,EGAD
samplePoint.154882,5526636355964108800,43.774931,-70.414231,EGAD
samplePoint.102943,5526639723218468864,43.727229,-70.444714,EGAD
samplePoint.97192,5526639723218468864,43.722167,-70.450828,EGAD
samplePoint.102942,5526640376053497856,43.728635,-70.448099,EGAD
samplePoint.142909,5526640376053497856,43.724017,-70.453268,EGAD
samplePoint.145201,5526640376053497856,43.727218,-70.454120,EGAD
samplePoint.146102,5526640376053497856,43.727845,-70.450572,EGAD
samplePoint.146103,5526640376053497856,43.728127,-70.450517,EGAD
samplePoint.146104,5526640376053497856,43.727173,-70.453765,EGAD
samplePoint.146105,5526640376053497856,43.727175,-70.454027,EGAD
samplePoint.55635,5526640376053497856,43.728916,-70.450279,EGAD
samplePoint.55636,5526640376053497856,43.727200,-70.450720,EGAD
samplePoint.55637,5526640376053497856,43.725953,-70.451857,EGAD
samplePoint.55639,5526640376053497856,43.721812,-70.454943,EGAD
samplePoint.55641,5526640376053497856,43.723184,-70.452406,EGAD
samplePoint.56645,5526640376053497856,43.730278,-70.450432,EGAD
samplePoint.56646,5526640376053497856,43.727154,-70.450735,EGAD
samplePoint.56647,5526640376053497856,43.724182,-70.455086,EGAD
samplePoint.97193,5526640376053497856,43.726838,-70.452306,EGAD
samplePoint.97194,5526640376053497856,43.728795,-70.453097,EGAD
samplePoint.97195,5526640376053497856,43.725118,-70.452879,EGAD
samplePoint.148910,5526640410413236224,43.717348,-70.465025,EGAD
samplePoint.148912,5526640410413236224,43.715114,-70.463240,EGAD
samplePoint.148939,5526640410413236224,43.714257,-70.462056,EGAD
samplePoint.56644,5526640410413236224,43.720224,-70.458669,EGAD
samplePoint.151368,5526641131967741952,43.729697,-70.542218,EGAD
samplePoint.150515,5526641956601462784,43.695808,-70.504274,EGAD
samplePoint.150516,5526641956601462784,43.694578,-70.499240,EGAD
samplePoint.150518,5526641956601462784,43.694219,-70.500042,EGAD
samplePoint.150519,5526641956601462784,43.695287,-70.502357,EGAD
samplePoint.150520,5526641956601462784,43.695148,-70.505521,EGAD
samplePoint.150521,5526641956601462784,43.695749,-70.505414,EGAD
samplePoint.150522,5526641956601462784,43.695266,-70.506005,EGAD
samplePoint.150523,5526641956601462784,43.694611,-70.507346,EGAD
samplePoint.150524,5526641956601462784,43.695129,-70.508269,EGAD
samplePoint.150525,5526641956601462784,43.694577,-70.500244,EGAD
samplePoint.152653,5526641956601462784,43.694744,-70.506819,EGAD
samplePoint.148908,5526642231479369728,43.712590,-70.463428,EGAD
samplePoint.148911,5526642231479369728,43.711738,-70.467112,EGAD
samplePoint.148938,5526642231479369728,43.712437,-70.466117,EGAD
samplePoint.148940,5526642231479369728,43.711649,-70.466138,EGAD
samplePoint.148941,5526642231479369728,43.712982,-70.462892,EGAD
samplePoint.148855,5526642334558584832,43.694525,-70.490405,EGAD
samplePoint.148856,5526642334558584832,43.693988,-70.489535,EGAD
samplePoint.148857,5526642334558584832,43.694737,-70.489412,EGAD
samplePoint.148858,5526642334558584832,43.695220,-70.488564,EGAD
samplePoint.148859,5526642334558584832,43.694781,-70.487331,EGAD
samplePoint.148860,5526642334558584832,43.695745,-70.486999,EGAD
samplePoint.148861,5526642334558584832,43.695872,-70.486245,EGAD
samplePoint.148862,5526642334558584832,43.695441,-70.485167,EGAD
samplePoint.148863,5526642334558584832,43.696218,-70.485592,EGAD
samplePoint.148864,5526642334558584832,43.698449,-70.484165,EGAD
samplePoint.148865,5526642334558584832,43.696744,-70.483950,EGAD
samplePoint.148987,5526642334558584832,43.693992,-70.491013,EGAD
samplePoint.151614,5526642334558584832,43.694835,-70.485589,EGAD
samplePoint.148584,5526642643796230144,43.656613,-70.525277,EGAD
samplePoint.148586,5526642643796230144,43.658018,-70.523475,EGAD
samplePoint.148610,5526642643796230144,43.656613,-70.525277,EGAD
samplePoint.148611,5526642643796230144,43.658018,-70.523475,EGAD
samplePoint.148614,5526642643796230144,43.658424,-70.524007,EGAD
samplePoint.150295,5526642712515706880,43.661057,-70.529890,EGAD
samplePoint.150296,5526642712515706880,43.660775,-70.526036,EGAD
samplePoint.150297,5526642712515706880,43.662159,-70.529555,EGAD
samplePoint.150298,5526642712515706880,43.662572,-70.531067,EGAD
samplePoint.150299,5526642712515706880,43.662593,-70.531099,EGAD
samplePoint.150311,5526642712515706880,43.662744,-70.527899,EGAD
samplePoint.150317,5526642712515706880,43.660904,-70.527498,EGAD
samplePoint.150318,5526642712515706880,43.660279,-70.526189,EGAD
samplePoint.150319,5526642712515706880,43.661050,-70.526689,EGAD
samplePoint.150320,5526642712515706880,43.662635,-70.528966,EGAD
samplePoint.150323,5526642712515706880,43.662197,-70.530869,EGAD
samplePoint.148583,5526642746875445248,43.657366,-70.526670,EGAD
samplePoint.148585,5526642746875445248,43.658609,-70.525784,EGAD
samplePoint.148612,5526642746875445248,43.657907,-70.529726,EGAD
samplePoint.148613,5526642746875445248,43.658079,-70.525028,EGAD
samplePoint.148615,5526642746875445248,43.656875,-70.527347,EGAD
samplePoint.148616,5526642746875445248,43.656273,-70.526430,EGAD
samplePoint.148617,5526642746875445248,43.657664,-70.525841,EGAD
samplePoint.148618,5526642746875445248,43.657215,-70.525156,EGAD
samplePoint.150294,5526642746875445248,43.657875,-70.534330,EGAD
samplePoint.150316,5526642746875445248,43.657600,-70.534808,EGAD
samplePoint.150321,5526642746875445248,43.659767,-70.536326,EGAD
samplePoint.150367,5526642746875445248,43.659179,-70.531197,EGAD
samplePoint.150368,5526642746875445248,43.657184,-70.534056,EGAD
samplePoint.150322,5526642781235183616,43.660504,-70.537121,EGAD
samplePoint.150858,5526643296631259136,43.678772,-70.589785,EGAD
samplePoint.138575,5526644189984456704,43.634005,-70.565739,EGAD
samplePoint.138576,5526644189984456704,43.635551,-70.566499,EGAD
samplePoint.138577,5526644189984456704,43.634265,-70.565228,EGAD
samplePoint.138578,5526644189984456704,43.634890,-70.565773,EGAD
samplePoint.150054,5526644258703933440,43.651659,-70.546590,EGAD
samplePoint.150093,5526644258703933440,43.653007,-70.550401,EGAD
samplePoint.150094,5526644258703933440,43.653001,-70.549913,EGAD
samplePoint.150095,5526644258703933440,43.651938,-70.548681,EGAD
samplePoint.150096,5526644258703933440,43.652221,-70.547487,EGAD
samplePoint.150097,5526644258703933440,43.653127,-70.544905,EGAD
samplePoint.150098,5526644258703933440,43.651590,-70.544396,EGAD
samplePoint.149034,5526644293063671808,43.650489,-70.539964,EGAD
samplePoint.149039,5526644293063671808,43.650196,-70.542806,EGAD
samplePoint.150388,5526644293063671808,43.643391,-70.535928,EGAD
samplePoint.150385,5526644396142886912,43.641634,-70.526064,EGAD
samplePoint.150386,5526644396142886912,43.642341,-70.527189,EGAD
samplePoint.150387,5526644396142886912,43.642949,-70.531761,EGAD
samplePoint.68728,5526644739740270592,43.609620,-70.505834,EGAD
samplePoint.68729,5526644739740270592,43.611669,-70.504120,EGAD
samplePoint.146610,5526645804892160000,43.646750,-70.431308,EGAD
samplePoint.146612,5526645804892160000,43.646808,-70.433976,EGAD
samplePoint.146789,5526645804892160000,43.645364,-70.437718,EGAD
samplePoint.131317,5526646148489543680,43.644329,-70.410341,EGAD
samplePoint.131318,5526646148489543680,43.645348,-70.408858,EGAD
samplePoint.132579,5526646148489543680,43.642908,-70.408563,EGAD
samplePoint.41711,5526646148489543680,43.643885,-70.408845,EGAD
samplePoint.41721,5526646148489543680,43.644141,-70.408847,EGAD
samplePoint.41736,5526646148489543680,43.643757,-70.409608,EGAD
samplePoint.41748,5526646148489543680,43.643885,-70.408828,EGAD
samplePoint.41749,5526646148489543680,43.644130,-70.408213,EGAD
samplePoint.41757,5526646148489543680,43.642908,-70.408563,EGAD
samplePoint.41762,5526646148489543680,43.642357,-70.408266,EGAD
samplePoint.41763,5526646148489543680,43.643665,-70.407766,EGAD
samplePoint.143040,5526648897268613120,43.644768,-70.386571,EGAD
samplePoint.54231,5526648897268613120,43.649156,-70.383190,EGAD
samplePoint.54232,5526648897268613120,43.649927,-70.383634,EGAD
samplePoint.54238,5526648897268613120,43.651351,-70.381717,EGAD
samplePoint.142879,5526648931628351488,43.645683,-70.379024,EGAD
samplePoint.143038,5526648931628351488,43.646234,-70.381895,EGAD
samplePoint.143039,5526648931628351488,43.645623,-70.379002,EGAD
samplePoint.40704,5526648931628351488,43.643207,-70.376553,EGAD
samplePoint.40709,5526648931628351488,43.644212,-70.380935,EGAD
samplePoint.40729,5526648931628351488,43.645518,-70.375989,EGAD
samplePoint.40735,5526648931628351488,43.642809,-70.377033,EGAD
samplePoint.40753,5526648931628351488,43.645270,-70.377586,EGAD
samplePoint.54230,5526648931628351488,43.647847,-70.377407,EGAD
samplePoint.54239,5526648965988089856,43.651789,-70.378070,EGAD
samplePoint.146256,5526649240865996800,43.666198,-70.336994,EGAD
samplePoint.150513,5526649412664688640,43.688245,-70.338908,EGAD
samplePoint.137247,5526649447024427008,43.692920,-70.349042,EGAD
samplePoint.149584,5526649447024427008,43.688183,-70.341155,EGAD
samplePoint.65561,5526650031139979264,43.704133,-70.323954,EGAD
samplePoint.115269,5526650409097101312,43.700421,-70.268898,EGAD
samplePoint.150050,5526650409097101312,43.703046,-70.262363,EGAD
samplePoint.150051,5526650409097101312,43.703725,-70.262281,EGAD
samplePoint.153041,5526650409097101312,43.704161,-70.273637,EGAD
samplePoint.153042,5526650409097101312,43.705863,-70.264187,EGAD
samplePoint.153044,5526650409097101312,43.706111,-70.263352,EGAD
samplePoint.153617,5526650409097101312,43.705448,-70.261042,EGAD
samplePoint.154395,5526650409097101312,43.704591,-70.261479,EGAD
samplePoint.110411,5526650477816578048,43.705959,-70.250120,EGAD
samplePoint.110410,5526650512176316416,43.695809,-70.254630,EGAD
samplePoint.153849,5526650512176316416,43.704992,-70.260437,EGAD
MEDEP_WQX-76136,5526651371169775616,43.640438,-70.258675,WQP
MEDEP_WQX-76137,5526651371169775616,43.640438,-70.258675,WQP
MEDEP_WQX-76138,5526651371169775616,43.640438,-70.258675,WQP
MEDEP_WQX-76139,5526651371169775616,43.640438,-70.258675,WQP
samplePoint.149997,5526651371169775616,43.641962,-70.260733,EGAD
samplePoint.76136,5526651371169775616,43.640559,-70.257034,EGAD
samplePoint.76137,5526651371169775616,43.639742,-70.258067,EGAD
samplePoint.76139,5526651371169775616,43.641626,-70.260317,EGAD
MEDEP_WQX-110390,5526651611687944192,43.669671,-70.236675,WQP
MEDEP_WQX-110391,5526651611687944192,43.669671,-70.236675,WQP
MEDEP_WQX-110392,5526651611687944192,43.669671,-70.236675,WQP
MEDEP_WQX-110393,5526651611687944192,43.669671,-70.236675,WQP
MEDEP_WQX-76140,5526651611687944192,43.669671,-70.236675,WQP
MEDEP_WQX-76141,5526651611687944192,43.669671,-70.236675,WQP
MEDEP_WQX-76142,5526651611687944192,43.669671,-70.236675,WQP
MEDEP_WQX-76143,5526651611687944192,43.669671,-70.236675,WQP
samplePoint.110390,5526651611687944192,43.669689,-70.240651,EGAD
samplePoint.110391,5526651611687944192,43.669779,-70.240710,EGAD
samplePoint.110392,5526651611687944192,43.671229,-70.241560,EGAD
samplePoint.110393,5526651611687944192,43.671049,-70.241610,EGAD
samplePoint.149577,5526651611687944192,43.671435,-70.235085,EGAD
samplePoint.76140,5526651611687944192,43.669026,-70.235567,EGAD
samplePoint.76141,5526651611687944192,43.669326,-70.236200,EGAD
samplePoint.76142,5526651611687944192,43.669859,-70.237484,EGAD
samplePoint.76143,5526651611687944192,43.670509,-70.237450,EGAD
samplePoint.137146,5526651646047682560,43.673269,-70.253380,EGAD
samplePoint.137970,5526651646047682560,43.673269,-70.253380,EGAD
samplePoint.137971,5526651646047682560,43.673269,-70.253380,EGAD
samplePoint.142565,5526651646047682560,43.673269,-70.253380,EGAD
samplePoint.146431,5526651852206112768,43.689519,-70.234920,EGAD
MEDEP_WQX-110408,5526651886565851136,43.692450,-70.247117,WQP
MEDEP_WQX-110409,5526651886565851136,43.692450,-70.247117,WQP
MEDEP_WQX-110410,5526651886565851136,43.692450,-70.247117,WQP
MEDEP_WQX-110411,5526651886565851136,43.692450,-70.247117,WQP
MEDEP_WQX-77496,5526651886565851136,43.692450,-70.247117,WQP
MEDEP_WQX-77504,5526651886565851136,43.692450,-70.247117,WQP
MEDEP_WQX-77505,5526651886565851136,43.692450,-70.247117,WQP
MEDEP_WQX-77506,5526651886565851136,43.692450,-70.247117,WQP
samplePoint.110408,5526651886565851136,43.693049,-70.253970,EGAD
samplePoint.110409,5526651886565851136,43.694319,-70.254300,EGAD
samplePoint.149506,5526652951717740544,43.654282,-70.200494,EGAD
samplePoint.136305,5526654085589106688,43.638056,-70.257375,EGAD
samplePoint.76138,5526654085589106688,43.639859,-70.259284,EGAD
samplePoint.146426,5526654119948845056,43.634349,-70.274983,EGAD
samplePoint.150604,5526654154308583424,43.639128,-70.283835,EGAD
samplePoint.150855,5526654154308583424,43.638296,-70.285896,EGAD
samplePoint.150857,5526654154308583424,43.639248,-70.283778,EGAD
samplePoint.150003,5526656593850007552,43.526824,-70.309149,EGAD
samplePoint.137831,5526657487203205120,43.548625,-70.317132,EGAD
samplePoint.146432,5526658243117449216,43.573180,-70.383568,EGAD
samplePoint.138156,5526658758513524736,43.561781,-70.431848,EGAD
samplePoint.138157,5526658758513524736,43.563305,-70.430425,EGAD
samplePoint.138158,5526658758513524736,43.564462,-70.429252,EGAD
samplePoint.138161,5526658758513524736,43.565950,-70.428012,EGAD
samplePoint.146046,5526658758513524736,43.564008,-70.430232,EGAD
samplePoint.146047,5526658758513524736,43.565950,-70.428012,EGAD
samplePoint.138160,5526658792873263104,43.565240,-70.427865,EGAD
samplePoint.145518,5526658792873263104,43.566169,-70.426460,EGAD
samplePoint.145520,5526658792873263104,43.566132,-70.424466,EGAD
samplePoint.99293,5526658792873263104,43.560225,-70.427457,EGAD
samplePoint.99294,5526658792873263104,43.563664,-70.422626,EGAD
samplePoint.99295,5526658792873263104,43.563664,-70.422582,EGAD
samplePoint.99296,5526658792873263104,43.562291,-70.426925,EGAD
samplePoint.99297,5526658792873263104,43.558639,-70.425093,EGAD
samplePoint.99298,5526658792873263104,43.558982,-70.425968,EGAD
samplePoint.99299,5526658792873263104,43.560210,-70.427443,EGAD
samplePoint.138159,5526658827233001472,43.567084,-70.423901,EGAD
samplePoint.138162,5526658827233001472,43.567154,-70.423812,EGAD
samplePoint.138163,5526658827233001472,43.567127,-70.426420,EGAD
samplePoint.145517,5526658827233001472,43.566777,-70.425054,EGAD
samplePoint.138153,5526659033391431680,43.553661,-70.427035,EGAD
samplePoint.138154,5526659033391431680,43.554209,-70.429308,EGAD
samplePoint.138155,5526659033391431680,43.554587,-70.429458,EGAD
samplePoint.145519,5526659033391431680,43.553661,-70.427035,EGAD
samplePoint.150363,5526659033391431680,43.554209,-70.429308,EGAD
samplePoint.150364,5526659033391431680,43.554587,-70.429458,EGAD
samplePoint.99291,5526659033391431680,43.556680,-70.426894,EGAD
samplePoint.99292,5526659033391431680,43.556675,-70.426807,EGAD
samplePoint.54171,5526659273909600256,43.530649,-70.479868,EGAD
samplePoint.142551,5526660132903059456,43.501849,-70.397722,EGAD
samplePoint.150029,5526660339061489664,43.492375,-70.438762,EGAD
samplePoint.146451,5526660373421228032,43.488109,-70.448590,EGAD
samplePoint.149517,5526660373421228032,43.492643,-70.446094,EGAD
samplePoint.138096,5526660407780966400,43.494261,-70.440095,EGAD
samplePoint.138097,5526660407780966400,43.494284,-70.440034,EGAD
samplePoint.142557,5526660407780966400,43.494225,-70.440053,EGAD
samplePoint.54173,5526660751378350080,43.526662,-70.482251,EGAD
samplePoint.54179,5526660751378350080,43.527527,-70.480923,EGAD
samplePoint.54180,5526660751378350080,43.527689,-70.480382,EGAD
OST_SHPD-NRS18_ME_10012,5526660957536780288,43.498940,-70.488890,WQP
OST_SHPD-NRS18_ME_10004,5526661026256257024,43.498850,-70.464230,WQP
OST_SHPD-NRSA0809-ME019,5526661026256257024,43.498850,-70.464230,WQP
OST_SHPD-NRSA1314-MER9-0905,5526661026256257024,43.498850,-70.464230,WQP
samplePoint.136973,5526661026256257024,43.498859,-70.464230,EGAD
samplePoint.136987,5526661026256257024,43.498859,-70.464230,EGAD
samplePoint.149518,5526663019121082368,43.495201,-70.372980,EGAD
samplePoint.101232,5526665802259890176,43.385991,-70.461582,EGAD
samplePoint.146690,5526665836619628544,43.386571,-70.463795,EGAD
samplePoint.146691,5526665836619628544,43.386328,-70.462863,EGAD
samplePoint.146692,5526665836619628544,43.386572,-70.461601,EGAD
samplePoint.146693,5526665836619628544,43.387092,-70.461431,EGAD
samplePoint.146694,5526665836619628544,43.387574,-70.461941,EGAD
samplePoint.146695,5526665836619628544,43.387958,-70.461645,EGAD
samplePoint.146696,5526665870979366912,43.383884,-70.464129,EGAD
samplePoint.146697,5526665870979366912,43.384502,-70.464813,EGAD
samplePoint.146698,5526665870979366912,43.385447,-70.463021,EGAD
samplePoint.101233,5526665905339105280,43.383938,-70.457799,EGAD
samplePoint.101234,5526665905339105280,43.384562,-70.460940,EGAD
samplePoint.149511,5526668344880529408,43.359126,-70.477246,EGAD
samplePoint.136898,5526668722837651456,43.360599,-70.469184,EGAD
samplePoint.145540,5526668722837651456,43.360591,-70.469218,EGAD
samplePoint.148061,5526669032075296768,43.374544,-70.527020,EGAD
samplePoint.135761,5526670646983000064,43.361095,-70.559142,EGAD
samplePoint.121798,5526670784421953536,43.379623,-70.541121,EGAD
samplePoint.137137,5526670784421953536,43.380406,-70.538312,EGAD
samplePoint.137138,5526670784421953536,43.380422,-70.538415,EGAD
samplePoint.149523,5526670784421953536,43.379623,-70.541121,EGAD
samplePoint.137136,5526671024940122112,43.404026,-70.565390,EGAD
samplePoint.65486,5526671437256982528,43.404424,-70.528731,EGAD
samplePoint.64049,5526673086524424192,43.450649,-70.524248,EGAD
samplePoint.54499,5526673120884162560,43.449362,-70.522110,EGAD
samplePoint.54500,5526673120884162560,43.449139,-70.522213,EGAD
samplePoint.54525,5526673120884162560,43.446311,-70.525719,EGAD
samplePoint.64051,5526673120884162560,43.449361,-70.524080,EGAD
samplePoint.130112,5526673498841284608,43.450762,-70.569941,EGAD
samplePoint.130113,5526673498841284608,43.450623,-70.568918,EGAD
samplePoint.130117,5526673498841284608,43.449727,-70.569393,EGAD
samplePoint.130118,5526673498841284608,43.450253,-70.568298,EGAD
samplePoint.130120,5526673498841284608,43.452192,-70.575642,EGAD
samplePoint.130122,5526673498841284608,43.451625,-70.575220,EGAD
samplePoint.130123,5526673498841284608,43.451050,-70.575812,EGAD
samplePoint.130124,5526673498841284608,43.451056,-70.574418,EGAD
samplePoint.130125,5526673498841284608,43.450280,-70.575110,EGAD
samplePoint.130126,5526673498841284608,43.449725,-70.574227,EGAD
samplePoint.130127,5526673498841284608,43.450941,-70.570374,EGAD
samplePoint.130172,5526673498841284608,43.451403,-70.573192,EGAD
samplePoint.130191,5526673498841284608,43.452197,-70.575548,EGAD
samplePoint.130192,5526673498841284608,43.452197,-70.575548,EGAD
samplePoint.130196,5526673498841284608,43.451375,-70.575028,EGAD
samplePoint.130197,5526673498841284608,43.451375,-70.575028,EGAD
samplePoint.130204,5526673498841284608,43.447374,-70.575549,EGAD
samplePoint.130207,5526673498841284608,43.449738,-70.566859,EGAD
samplePoint.130211,5526673498841284608,43.450763,-70.569897,EGAD
samplePoint.130212,5526673498841284608,43.450087,-70.572774,EGAD
samplePoint.130216,5526673498841284608,43.448312,-70.574426,EGAD
samplePoint.154214,5526673567560761344,43.445986,-70.590842,EGAD
samplePoint.154829,5526673567560761344,43.442961,-70.591754,EGAD
samplePoint.154830,5526673567560761344,43.445032,-70.591251,EGAD
samplePoint.130121,5526673601920499712,43.451612,-70.576264,EGAD
samplePoint.130173,5526673601920499712,43.452537,-70.575964,EGAD
samplePoint.130174,5526673601920499712,43.451737,-70.576763,EGAD
samplePoint.130193,5526673601920499712,43.451580,-70.576332,EGAD
samplePoint.130194,5526673601920499712,43.451580,-70.576332,EGAD
samplePoint.130195,5526673601920499712,43.451580,-70.576332,EGAD
samplePoint.130198,5526673601920499712,43.449317,-70.577908,EGAD
samplePoint.130199,5526673601920499712,43.449317,-70.577908,EGAD
samplePoint.130200,5526673601920499712,43.449317,-70.577908,EGAD
samplePoint.130202,5526673601920499712,43.450856,-70.578743,EGAD
samplePoint.130203,5526673601920499712,43.448323,-70.578607,EGAD
samplePoint.130215,5526673601920499712,43.449317,-70.577908,EGAD
samplePoint.130201,5526673636280238080,43.454311,-70.576566,EGAD
samplePoint.130114,5526673670639976448,43.452095,-70.571955,EGAD
samplePoint.130116,5526673670639976448,43.452673,-70.572540,EGAD
samplePoint.130119,5526673670639976448,43.451362,-70.567491,EGAD
samplePoint.130170,5526673670639976448,43.452119,-70.569678,EGAD
samplePoint.130171,5526673670639976448,43.452176,-70.570022,EGAD
samplePoint.130205,5526673670639976448,43.453426,-70.574129,EGAD
samplePoint.130206,5526673670639976448,43.453005,-70.574043,EGAD
samplePoint.130208,5526673670639976448,43.453080,-70.569765,EGAD
samplePoint.130213,5526673670639976448,43.452363,-70.571060,EGAD
samplePoint.130214,5526673670639976448,43.452691,-70.572561,EGAD
samplePoint.130427,5526673670639976448,43.452204,-70.569389,EGAD
samplePoint.130428,5526673670639976448,43.452147,-70.569396,EGAD
samplePoint.139824,5526674220395790336,43.457628,-70.605492,EGAD
samplePoint.146453,5526677415851458560,43.402497,-70.624919,EGAD
samplePoint.130364,5526677690729365504,43.400782,-70.705195,EGAD
samplePoint.130362,5526677862528057344,43.401727,-70.707672,EGAD
samplePoint.130363,5526677862528057344,43.402948,-70.705476,EGAD
samplePoint.114030,5526679580514975744,43.412915,-70.724881,EGAD
samplePoint.136422,5526679580514975744,43.412322,-70.724699,EGAD
samplePoint.141060,5526679580514975744,43.412331,-70.724793,EGAD
samplePoint.149580,5526679580514975744,43.410204,-70.726196,EGAD
samplePoint.63787,5526679821033144320,43.435922,-70.761042,EGAD
samplePoint.65531,5526680473868173312,43.424652,-70.695219,EGAD
samplePoint.127229,5526680576947388416,43.423292,-70.666442,EGAD
samplePoint.123250,5526680611307126784,43.425086,-70.676056,EGAD
samplePoint.138357,5526681916977184768,43.479321,-70.717484,EGAD
samplePoint.154990,5526684631396515840,43.482919,-70.568451,EGAD
samplePoint.154983,5526684803195207680,43.480118,-70.562121,EGAD
samplePoint.154984,5526684803195207680,43.481359,-70.560040,EGAD
samplePoint.154988,5526684837554946048,43.478781,-70.556575,EGAD
samplePoint.138353,5526684974993899520,43.476941,-70.531289,EGAD
samplePoint.138366,5526684974993899520,43.474655,-70.530568,EGAD
samplePoint.51100,5526684974993899520,43.480066,-70.523116,EGAD
samplePoint.51101,5526684974993899520,43.480192,-70.522576,EGAD
samplePoint.51103,5526684974993899520,43.479605,-70.523922,EGAD
samplePoint.51105,5526684974993899520,43.480486,-70.522955,EGAD
samplePoint.51108,5526684974993899520,43.480792,-70.527491,EGAD
samplePoint.51109,5526684974993899520,43.480775,-70.527470,EGAD
samplePoint.73631,5526684974993899520,43.479157,-70.529394,EGAD
samplePoint.51110,5526685009353637888,43.480292,-70.530359,EGAD
samplePoint.51111,5526685009353637888,43.480285,-70.530382,EGAD
samplePoint.51099,5526685078073114624,43.485305,-70.524680,EGAD
samplePoint.147900,5526685352951021568,43.513770,-70.545406,EGAD
samplePoint.147901,5526685352951021568,43.515146,-70.544281,EGAD
samplePoint.148673,5526685352951021568,43.512311,-70.540063,EGAD
samplePoint.148852,5526685662188666880,43.526111,-70.490531,EGAD
samplePoint.150082,5526685662188666880,43.524908,-70.489593,EGAD
samplePoint.54175,5526685662188666880,43.529887,-70.483789,EGAD
samplePoint.54176,5526685662188666880,43.529887,-70.483690,EGAD
samplePoint.147053,5526685799627620352,43.523058,-70.536816,EGAD
samplePoint.147054,5526685799627620352,43.523705,-70.533491,EGAD
samplePoint.147055,5526685799627620352,43.522533,-70.534637,EGAD
samplePoint.147062,5526685799627620352,43.526817,-70.535558,EGAD
samplePoint.147063,5526685799627620352,43.523485,-70.533847,EGAD
samplePoint.147064,5526685799627620352,43.525353,-70.531130,EGAD
samplePoint.147065,5526685799627620352,43.522643,-70.537297,EGAD
samplePoint.147066,5526685799627620352,43.522137,-70.537694,EGAD
samplePoint.147070,5526685799627620352,43.524447,-70.536885,EGAD
samplePoint.147071,5526685799627620352,43.523680,-70.536152,EGAD
samplePoint.147081,5526685799627620352,43.524401,-70.536040,EGAD
samplePoint.147082,5526685799627620352,43.525390,-70.533261,EGAD
samplePoint.148187,5526685799627620352,43.525667,-70.532058,EGAD
samplePoint.147080,5526685937066573824,43.526027,-70.551720,EGAD
samplePoint.147124,5526685937066573824,43.525805,-70.553990,EGAD
samplePoint.147202,5526685937066573824,43.527878,-70.550085,EGAD
samplePoint.147050,5526685971426312192,43.529221,-70.536915,EGAD
samplePoint.147056,5526685971426312192,43.528413,-70.538535,EGAD
samplePoint.147067,5526685971426312192,43.527540,-70.544635,EGAD
samplePoint.147068,5526685971426312192,43.526234,-70.545339,EGAD
samplePoint.147069,5526685971426312192,43.527262,-70.542440,EGAD
samplePoint.147079,5526685971426312192,43.528414,-70.548561,EGAD
samplePoint.147125,5526685971426312192,43.528528,-70.547260,EGAD
samplePoint.147072,5526686005786050560,43.522048,-70.550921,EGAD
samplePoint.147073,5526686005786050560,43.515998,-70.545891,EGAD
samplePoint.147074,5526686005786050560,43.518469,-70.549390,EGAD
samplePoint.147075,5526686005786050560,43.516580,-70.547612,EGAD
samplePoint.147076,5526686005786050560,43.518101,-70.548260,EGAD
samplePoint.147077,5526686005786050560,43.521650,-70.549913,EGAD
samplePoint.147078,5526686005786050560,43.516076,-70.545325,EGAD
samplePoint.147902,5526686005786050560,43.515006,-70.545435,EGAD
samplePoint.147903,5526686005786050560,43.515265,-70.546926,EGAD
samplePoint.148674,5526686005786050560,43.521765,-70.552707,EGAD
samplePoint.130209,5526686074505527296,43.510835,-70.570539,EGAD
samplePoint.130210,5526686074505527296,43.510622,-70.571949,EGAD
samplePoint.146397,5526686349383434240,43.539093,-70.561283,EGAD
samplePoint.146555,5526686349383434240,43.539007,-70.565322,EGAD
samplePoint.146558,5526686349383434240,43.539985,-70.565756,EGAD
samplePoint.146560,5526686349383434240,43.539612,-70.565647,EGAD
samplePoint.146561,5526686349383434240,43.542749,-70.556630,EGAD
samplePoint.146613,5526686349383434240,43.541006,-70.558138,EGAD
samplePoint.147052,5526686383743172608,43.539105,-70.572653,EGAD
samplePoint.147896,5526686383743172608,43.541472,-70.570572,EGAD
samplePoint.147897,5526686383743172608,43.541407,-70.568341,EGAD
samplePoint.147898,5526686383743172608,43.540825,-70.572258,EGAD
samplePoint.147899,5526686383743172608,43.541188,-70.572821,EGAD
samplePoint.146395,5526686452462649344,43.549213,-70.555364,EGAD
samplePoint.146398,5526686452462649344,43.545124,-70.554162,EGAD
samplePoint.146399,5526686452462649344,43.547978,-70.552024,EGAD
samplePoint.146400,5526686452462649344,43.550204,-70.551760,EGAD
samplePoint.146401,5526686452462649344,43.548284,-70.553542,EGAD
samplePoint.146402,5526686452462649344,43.549821,-70.550583,EGAD
samplePoint.146403,5526686452462649344,43.549386,-70.552495,EGAD
samplePoint.146406,5526686452462649344,43.550490,-70.553161,EGAD
samplePoint.146407,5526686452462649344,43.550785,-70.554012,EGAD
samplePoint.146408,5526686452462649344,43.550104,-70.553569,EGAD
samplePoint.146556,5526686452462649344,43.547967,-70.551122,EGAD
samplePoint.146557,5526686452462649344,43.548357,-70.550434,EGAD
samplePoint.146559,5526686452462649344,43.543451,-70.557345,EGAD
samplePoint.146904,5526686452462649344,43.544341,-70.552989,EGAD
samplePoint.146905,5526686452462649344,43.545508,-70.552813,EGAD
samplePoint.146906,5526686452462649344,43.546046,-70.552068,EGAD
samplePoint.153223,5526686452462649344,43.547320,-70.557560,EGAD
samplePoint.146404,5526686486822387712,43.551520,-70.550512,EGAD
samplePoint.146405,5526686486822387712,43.551557,-70.552683,EGAD
samplePoint.150077,5526687105297678336,43.534452,-70.494397,EGAD
samplePoint.150085,5526687105297678336,43.538616,-70.493184,EGAD
samplePoint.150086,5526687105297678336,43.532888,-70.494870,EGAD
samplePoint.150087,5526687105297678336,43.539511,-70.492171,EGAD
samplePoint.151433,5526687105297678336,43.534470,-70.498234,EGAD
samplePoint.54172,5526687139657416704,43.534406,-70.482543,EGAD
samplePoint.54174,5526687139657416704,43.535851,-70.478804,EGAD
samplePoint.148854,5526687174017155072,43.540485,-70.484934,EGAD
samplePoint.148982,5526687208376893440,43.542429,-70.485346,EGAD
samplePoint.150083,5526687208376893440,43.541799,-70.488853,EGAD
samplePoint.150084,5526687208376893440,43.544205,-70.486376,EGAD
samplePoint.150243,5526687208376893440,43.543123,-70.487545,EGAD
samplePoint.154853,5526698925047676928,43.541041,-70.697403,EGAD
samplePoint.154860,5526698959407415296,43.545812,-70.706622,EGAD
samplePoint.146454,5526701330229362688,43.449060,-70.784920,EGAD
USGS-432708070465901,5526701502028054528,43.452428,-70.782539,WQP
samplePoint.127230,5526701708186484736,43.446025,-70.778560,EGAD
samplePoint.127231,5526707858579652608,43.518303,-70.864783,EGAD
USGS-433250071023901,5526716620312936448,43.547592,-71.045669,WQP
samplePoint.85737,5526721361956831232,43.582136,-70.964056,EGAD
samplePoint.144284,5526735174571655168,43.689171,-70.765231,EGAD
samplePoint.144286,5526735174571655168,43.688854,-70.762518,EGAD
samplePoint.150205,5526736514601451520,43.665544,-70.721814,EGAD
samplePoint.150332,5526738438746800128,43.692480,-70.594473,EGAD
samplePoint.151126,5526738438746800128,43.692069,-70.593135,EGAD
samplePoint.151130,5526738438746800128,43.692596,-70.593754,EGAD
samplePoint.148691,5526738473106538496,43.694737,-70.593536,EGAD
samplePoint.148692,5526738473106538496,43.694568,-70.594128,EGAD
samplePoint.148693,5526738473106538496,43.694080,-70.594897,EGAD
samplePoint.148694,5526738473106538496,43.696527,-70.600130,EGAD
samplePoint.148695,5526738473106538496,43.697111,-70.600434,EGAD
samplePoint.148696,5526738473106538496,43.697492,-70.601127,EGAD
samplePoint.149025,5526738473106538496,43.695248,-70.594582,EGAD
samplePoint.149027,5526738473106538496,43.694536,-70.595578,EGAD
samplePoint.149032,5526738473106538496,43.697244,-70.597990,EGAD
samplePoint.150229,5526738473106538496,43.696260,-70.599980,EGAD
samplePoint.150230,5526738473106538496,43.693192,-70.598275,EGAD
samplePoint.150329,5526738473106538496,43.694168,-70.598112,EGAD
samplePoint.150330,5526738473106538496,43.699195,-70.602143,EGAD
samplePoint.150331,5526738473106538496,43.691307,-70.595873,EGAD
samplePoint.150512,5526738473106538496,43.695744,-70.599396,EGAD
samplePoint.150622,5526738473106538496,43.697958,-70.591485,EGAD
samplePoint.151128,5526738473106538496,43.699341,-70.602531,EGAD
samplePoint.151131,5526738473106538496,43.699536,-70.601224,EGAD
samplePoint.151366,5526738473106538496,43.698670,-70.601989,EGAD
samplePoint.151367,5526738473106538496,43.691439,-70.596856,EGAD
samplePoint.153121,5526738473106538496,43.694329,-70.596341,EGAD
samplePoint.153993,5526738473106538496,43.693797,-70.595459,EGAD
samplePoint.152041,5526740637770055680,43.764390,-70.536730,EGAD
samplePoint.152558,5526740637770055680,43.764510,-70.537380,EGAD
samplePoint.152559,5526740637770055680,43.764000,-70.538120,EGAD
samplePoint.152560,5526740672129794048,43.764820,-70.550990,EGAD
samplePoint.68572,5526740672129794048,43.764320,-70.547365,EGAD
samplePoint.68573,5526740672129794048,43.763882,-70.548101,EGAD
samplePoint.68574,5526740672129794048,43.762789,-70.547075,EGAD
samplePoint.68576,5526740672129794048,43.761943,-70.548021,EGAD
samplePoint.68581,5526740672129794048,43.764403,-70.546724,EGAD
samplePoint.146459,5526745138895781888,43.830659,-70.606310,EGAD
samplePoint.152561,5526746478925578240,43.772610,-70.546420,EGAD
samplePoint.152039,5526746513285316608,43.764720,-70.535970,EGAD
samplePoint.152040,5526746513285316608,43.764960,-70.535940,EGAD
samplePoint.152042,5526746513285316608,43.764950,-70.537070,EGAD
samplePoint.152545,5526746513285316608,43.767340,-70.535120,EGAD
samplePoint.151132,5526749330783862784,43.882999,-70.465112,EGAD
samplePoint.150540,5526763109038948352,43.923460,-70.866022,EGAD
samplePoint.150547,5526763143398686720,43.925477,-70.864044,EGAD
samplePoint.150542,5526763212118163456,43.922690,-70.863582,EGAD
samplePoint.150543,5526763212118163456,43.921374,-70.864386,EGAD
samplePoint.150544,5526763212118163456,43.922284,-70.863603,EGAD
samplePoint.150545,5526763212118163456,43.922672,-70.864224,EGAD
samplePoint.150546,5526763212118163456,43.920671,-70.864301,EGAD
USGS-440318071082701,5526937450351427584,44.054908,-71.140772,WQP
samplePoint.131991,5526946109005496320,44.002448,-70.965565,EGAD
samplePoint.150490,5526946658761310208,44.059267,-70.950927,EGAD
samplePoint.150489,5526953908666105856,44.066843,-70.952238,EGAD
samplePoint.146473,5526963013996773376,44.240498,-70.823176,EGAD
samplePoint.137448,5526977582525841408,44.412038,-70.786188,EGAD
