dLabel,compound,cName,cType,status,approval
Alzheimer disease,https://www.ebi.ac.uk/chembl/explore/compound/CHEMBL1017,,http://purl.obolibrary.org/obo/NCIT_C43366,,1998.0
Alzheimer disease,https://www.ebi.ac.uk/chembl/explore/compound/CHEMBL1017,,http://schema.org/Drug,,1998.0
Alzheimer disease,https://www.ebi.ac.uk/chembl/explore/compound/CHEMBL1023,,http://purl.obolibrary.org/obo/NCIT_C43366,,1999.0
Alzheimer disease,https://www.ebi.ac.uk/chembl/explore/compound/CHEMBL1023,,http://schema.org/Drug,,1999.0
Alzheimer disease,https://www.ebi.ac.uk/chembl/explore/compound/CHEMBL103,,http://purl.obolibrary.org/obo/NCIT_C43366,,1976.0
Alzheimer disease,https://www.ebi.ac.uk/chembl/explore/compound/CHEMBL103,,http://schema.org/Drug,,1976.0
Alzheimer disease,https://www.ebi.ac.uk/chembl/explore/compound/CHEMBL10316,,http://purl.obolibrary.org/obo/NCIT_C43366,,
Alzheimer disease,https://www.ebi.ac.uk/chembl/explore/compound/CHEMBL10316,,http://schema.org/Drug,,
Alzheimer disease,https://www.ebi.ac.uk/chembl/explore/compound/CHEMBL106,,http://purl.obolibrary.org/obo/NCIT_C43366,,1990.0
Alzheimer disease,https://www.ebi.ac.uk/chembl/explore/compound/CHEMBL106,,http://schema.org/Drug,,1990.0
Alzheimer disease,https://www.ebi.ac.uk/chembl/explore/compound/CHEMBL1064,,http://purl.obolibrary.org/obo/NCIT_C43366,,1991.0
Alzheimer disease,https://www.ebi.ac.uk/chembl/explore/compound/CHEMBL1064,,http://schema.org/Drug,,1991.0
Alzheimer disease,https://www.ebi.ac.uk/chembl/explore/compound/CHEMBL1072,,http://purl.obolibrary.org/obo/NCIT_C43366,,1983.0
Alzheimer disease,https://www.ebi.ac.uk/chembl/explore/compound/CHEMBL1072,,http://schema.org/Drug,,1983.0
Alzheimer disease,https://www.ebi.ac.uk/chembl/explore/compound/CHEMBL1076903,,http://purl.obolibrary.org/obo/NCIT_C43366,,2006.0
Alzheimer disease,https://www.ebi.ac.uk/chembl/explore/compound/CHEMBL1076903,,http://schema.org/Drug,,2006.0
Alzheimer disease,https://www.ebi.ac.uk/chembl/explore/compound/CHEMBL1083390,,http://purl.obolibrary.org/obo/NCIT_C43366,,
Alzheimer disease,https://www.ebi.ac.uk/chembl/explore/compound/CHEMBL1083390,,http://schema.org/Drug,,
Alzheimer disease,https://www.ebi.ac.uk/chembl/explore/compound/CHEMBL1083659,,http://purl.obolibrary.org/obo/NCIT_C43366,,2014.0
Alzheimer disease,https://www.ebi.ac.uk/chembl/explore/compound/CHEMBL1083659,,http://schema.org/Drug,,2014.0
Alzheimer disease,https://www.ebi.ac.uk/chembl/explore/compound/CHEMBL109,,http://purl.obolibrary.org/obo/NCIT_C43366,,1978.0
Alzheimer disease,https://www.ebi.ac.uk/chembl/explore/compound/CHEMBL109,,http://schema.org/Drug,,1978.0
Alzheimer disease,https://www.ebi.ac.uk/chembl/explore/compound/CHEMBL1090771,,http://purl.obolibrary.org/obo/NCIT_C43366,,
Alzheimer disease,https://www.ebi.ac.uk/chembl/explore/compound/CHEMBL1112,,http://purl.obolibrary.org/obo/NCIT_C43366,,2002.0
Alzheimer disease,https://www.ebi.ac.uk/chembl/explore/compound/CHEMBL1112,,http://schema.org/Drug,,2002.0
Alzheimer disease,https://www.ebi.ac.uk/chembl/explore/compound/CHEMBL112797,,http://purl.obolibrary.org/obo/NCIT_C43366,,
Alzheimer disease,https://www.ebi.ac.uk/chembl/explore/compound/CHEMBL11298,,http://purl.obolibrary.org/obo/NCIT_C43366,,
Alzheimer disease,https://www.ebi.ac.uk/chembl/explore/compound/CHEMBL11298,,http://schema.org/Drug,,
Alzheimer disease,https://www.ebi.ac.uk/chembl/explore/compound/CHEMBL113,,http://purl.obolibrary.org/obo/NCIT_C43366,,1948.0
Alzheimer disease,https://www.ebi.ac.uk/chembl/explore/compound/CHEMBL113,,http://schema.org/Drug,,1948.0
Alzheimer disease,https://www.ebi.ac.uk/chembl/explore/compound/CHEMBL1131,,http://purl.obolibrary.org/obo/NCIT_C43366,,1996.0
Alzheimer disease,https://www.ebi.ac.uk/chembl/explore/compound/CHEMBL1131,,http://schema.org/Drug,,1996.0
Alzheimer disease,https://www.ebi.ac.uk/chembl/explore/compound/CHEMBL1140,,http://purl.obolibrary.org/obo/NCIT_C43366,,1982.0
Alzheimer disease,https://www.ebi.ac.uk/chembl/explore/compound/CHEMBL1140,,http://schema.org/Drug,,1982.0
Alzheimer disease,https://www.ebi.ac.uk/chembl/explore/compound/CHEMBL118,,http://purl.obolibrary.org/obo/NCIT_C43366,,1998.0
Alzheimer disease,https://www.ebi.ac.uk/chembl/explore/compound/CHEMBL118,,http://schema.org/Drug,,1998.0
Alzheimer disease,https://www.ebi.ac.uk/chembl/explore/compound/CHEMBL119385,,http://purl.obolibrary.org/obo/NCIT_C43366,,
Alzheimer disease,https://www.ebi.ac.uk/chembl/explore/compound/CHEMBL1200574,,http://purl.obolibrary.org/obo/NCIT_C43366,,1982.0
Alzheimer disease,https://www.ebi.ac.uk/chembl/explore/compound/CHEMBL1200574,,http://schema.org/Drug,,1982.0
Alzheimer disease,https://www.ebi.ac.uk/chembl/explore/compound/CHEMBL1200699,,http://purl.obolibrary.org/obo/NCIT_C43366,,1967.0
Alzheimer disease,https://www.ebi.ac.uk/chembl/explore/compound/CHEMBL1200699,,http://schema.org/Drug,,1967.0
Alzheimer disease,https://www.ebi.ac.uk/chembl/explore/compound/CHEMBL1200711,,http://purl.obolibrary.org/obo/NCIT_C43366,,2004.0
Alzheimer disease,https://www.ebi.ac.uk/chembl/explore/compound/CHEMBL1200711,,http://schema.org/Drug,,2004.0
Alzheimer disease,https://www.ebi.ac.uk/chembl/explore/compound/CHEMBL1200806,,http://purl.obolibrary.org/obo/NCIT_C43366,,1980.0
Alzheimer disease,https://www.ebi.ac.uk/chembl/explore/compound/CHEMBL1200806,,http://schema.org/Drug,,1980.0
Alzheimer disease,https://www.ebi.ac.uk/chembl/explore/compound/CHEMBL1200826,,http://purl.obolibrary.org/obo/NCIT_C43366,,1970.0
Alzheimer disease,https://www.ebi.ac.uk/chembl/explore/compound/CHEMBL1200826,,http://schema.org/Drug,,1970.0
Alzheimer disease,https://www.ebi.ac.uk/chembl/explore/compound/CHEMBL1200904,,http://purl.obolibrary.org/obo/NCIT_C43366,,1989.0
Alzheimer disease,https://www.ebi.ac.uk/chembl/explore/compound/CHEMBL1200904,,http://schema.org/Drug,,1989.0
Alzheimer disease,https://www.ebi.ac.uk/chembl/explore/compound/CHEMBL1201066,,http://purl.obolibrary.org/obo/NCIT_C43366,,1993.0
Alzheimer disease,https://www.ebi.ac.uk/chembl/explore/compound/CHEMBL1201066,,http://schema.org/Drug,,1993.0
Alzheimer disease,https://www.ebi.ac.uk/chembl/explore/compound/CHEMBL1201092,,http://purl.obolibrary.org/obo/NCIT_C43366,,1998.0
Alzheimer disease,https://www.ebi.ac.uk/chembl/explore/compound/CHEMBL1201092,,http://schema.org/Drug,,1998.0
Alzheimer disease,https://www.ebi.ac.uk/chembl/explore/compound/CHEMBL1201168,,http://purl.obolibrary.org/obo/NCIT_C43366,,1959.0
Alzheimer disease,https://www.ebi.ac.uk/chembl/explore/compound/CHEMBL1201168,,http://schema.org/Drug,,1959.0
Alzheimer disease,https://www.ebi.ac.uk/chembl/explore/compound/CHEMBL1201774,,http://purl.obolibrary.org/obo/NCIT_C43366,,2007.0
Alzheimer disease,https://www.ebi.ac.uk/chembl/explore/compound/CHEMBL1201774,,http://schema.org/Drug,,2007.0
Alzheimer disease,https://www.ebi.ac.uk/chembl/explore/compound/CHEMBL121,,http://purl.obolibrary.org/obo/NCIT_C43366,,1999.0
Alzheimer disease,https://www.ebi.ac.uk/chembl/explore/compound/CHEMBL121,,http://schema.org/Drug,,1999.0
Alzheimer disease,https://www.ebi.ac.uk/chembl/explore/compound/CHEMBL122,,http://purl.obolibrary.org/obo/NCIT_C43366,,1999.0
Alzheimer disease,https://www.ebi.ac.uk/chembl/explore/compound/CHEMBL122,,http://schema.org/Drug,,1999.0
Alzheimer disease,https://www.ebi.ac.uk/chembl/explore/compound/CHEMBL1222251,,http://purl.obolibrary.org/obo/NCIT_C43366,,
Alzheimer disease,https://www.ebi.ac.uk/chembl/explore/compound/CHEMBL1222251,,http://schema.org/Drug,,
Alzheimer disease,https://www.ebi.ac.uk/chembl/explore/compound/CHEMBL1256786,,http://purl.obolibrary.org/obo/NCIT_C43366,,2001.0
Alzheimer disease,https://www.ebi.ac.uk/chembl/explore/compound/CHEMBL1256786,,http://schema.org/Drug,,2001.0
Alzheimer disease,https://www.ebi.ac.uk/chembl/explore/compound/CHEMBL127071,,http://purl.obolibrary.org/obo/NCIT_C43366,,
Alzheimer disease,https://www.ebi.ac.uk/chembl/explore/compound/CHEMBL1276308,,http://purl.obolibrary.org/obo/NCIT_C43366,,2000.0
Alzheimer disease,https://www.ebi.ac.uk/chembl/explore/compound/CHEMBL1276308,,http://schema.org/Drug,,2000.0
Alzheimer disease,https://www.ebi.ac.uk/chembl/explore/compound/CHEMBL1277001,,http://purl.obolibrary.org/obo/NCIT_C43366,,
Alzheimer disease,https://www.ebi.ac.uk/chembl/explore/compound/CHEMBL1286,,http://purl.obolibrary.org/obo/NCIT_C43366,,1999.0
Alzheimer disease,https://www.ebi.ac.uk/chembl/explore/compound/CHEMBL1286,,http://schema.org/Drug,,1999.0
Alzheimer disease,https://www.ebi.ac.uk/chembl/explore/compound/CHEMBL1303,,http://purl.obolibrary.org/obo/NCIT_C43366,,2006.0
Alzheimer disease,https://www.ebi.ac.uk/chembl/explore/compound/CHEMBL1303,,http://schema.org/Drug,,2006.0
Alzheimer disease,https://www.ebi.ac.uk/chembl/explore/compound/CHEMBL134713,,http://purl.obolibrary.org/obo/NCIT_C43366,,
Alzheimer disease,https://www.ebi.ac.uk/chembl/explore/compound/CHEMBL135,,http://purl.obolibrary.org/obo/NCIT_C43366,,1975.0
Alzheimer disease,https://www.ebi.ac.uk/chembl/explore/compound/CHEMBL135,,http://schema.org/Drug,,1975.0
Alzheimer disease,https://www.ebi.ac.uk/chembl/explore/compound/CHEMBL1364,,http://purl.obolibrary.org/obo/NCIT_C43366,,1982.0
Alzheimer disease,https://www.ebi.ac.uk/chembl/explore/compound/CHEMBL1364,,http://schema.org/Drug,,1982.0
Alzheimer disease,https://www.ebi.ac.uk/chembl/explore/compound/CHEMBL1373,,http://purl.obolibrary.org/obo/NCIT_C43366,,1998.0
Alzheimer disease,https://www.ebi.ac.uk/chembl/explore/compound/CHEMBL1373,,http://schema.org/Drug,,1998.0
Alzheimer disease,https://www.ebi.ac.uk/chembl/explore/compound/CHEMBL1378,,http://purl.obolibrary.org/obo/NCIT_C43366,,1961.0
Alzheimer disease,https://www.ebi.ac.uk/chembl/explore/compound/CHEMBL1378,,http://schema.org/Drug,,1961.0
Alzheimer disease,https://www.ebi.ac.uk/chembl/explore/compound/CHEMBL140,,http://purl.obolibrary.org/obo/NCIT_C43366,,
Alzheimer disease,https://www.ebi.ac.uk/chembl/explore/compound/CHEMBL140,,http://schema.org/Drug,,
Alzheimer disease,https://www.ebi.ac.uk/chembl/explore/compound/CHEMBL1406148,,http://purl.obolibrary.org/obo/NCIT_C43366,,
Alzheimer disease,https://www.ebi.ac.uk/chembl/explore/compound/CHEMBL1406148,,http://schema.org/Drug,,
Alzheimer disease,https://www.ebi.ac.uk/chembl/explore/compound/CHEMBL141,,http://purl.obolibrary.org/obo/NCIT_C43366,,1995.0
Alzheimer disease,https://www.ebi.ac.uk/chembl/explore/compound/CHEMBL141,,http://schema.org/Drug,,1995.0
Alzheimer disease,https://www.ebi.ac.uk/chembl/explore/compound/CHEMBL1421,,http://purl.obolibrary.org/obo/NCIT_C43366,,2006.0
Alzheimer disease,https://www.ebi.ac.uk/chembl/explore/compound/CHEMBL1421,,http://schema.org/Drug,,2006.0
Alzheimer disease,https://www.ebi.ac.uk/chembl/explore/compound/CHEMBL14249,,http://purl.obolibrary.org/obo/NCIT_C43366,,
Alzheimer disease,https://www.ebi.ac.uk/chembl/explore/compound/CHEMBL1464,,http://purl.obolibrary.org/obo/NCIT_C43366,,1954.0
Alzheimer disease,https://www.ebi.ac.uk/chembl/explore/compound/CHEMBL1464,,http://schema.org/Drug,,1954.0
Alzheimer disease,https://www.ebi.ac.uk/chembl/explore/compound/CHEMBL146624,,http://purl.obolibrary.org/obo/NCIT_C43366,,
Alzheimer disease,https://www.ebi.ac.uk/chembl/explore/compound/CHEMBL1485,,http://purl.obolibrary.org/obo/NCIT_C43366,,
Alzheimer disease,https://www.ebi.ac.uk/chembl/explore/compound/CHEMBL1485,,http://schema.org/Drug,,
Alzheimer disease,https://www.ebi.ac.uk/chembl/explore/compound/CHEMBL1487,,http://purl.obolibrary.org/obo/NCIT_C43366,,1996.0
Alzheimer disease,https://www.ebi.ac.uk/chembl/explore/compound/CHEMBL1487,,http://schema.org/Drug,,1996.0
Alzheimer disease,https://www.ebi.ac.uk/chembl/explore/compound/CHEMBL149082,,http://purl.obolibrary.org/obo/NCIT_C43366,,
Alzheimer disease,https://www.ebi.ac.uk/chembl/explore/compound/CHEMBL149082,,http://schema.org/Drug,,
Alzheimer disease,https://www.ebi.ac.uk/chembl/explore/compound/CHEMBL1503,,http://purl.obolibrary.org/obo/NCIT_C43366,,1989.0
Alzheimer disease,https://www.ebi.ac.uk/chembl/explore/compound/CHEMBL1503,,http://schema.org/Drug,,1989.0
Alzheimer disease,https://www.ebi.ac.uk/chembl/explore/compound/CHEMBL1508,,http://purl.obolibrary.org/obo/NCIT_C43366,,2002.0
Alzheimer disease,https://www.ebi.ac.uk/chembl/explore/compound/CHEMBL1508,,http://schema.org/Drug,,2002.0
Alzheimer disease,https://www.ebi.ac.uk/chembl/explore/compound/CHEMBL1512580,,http://purl.obolibrary.org/obo/NCIT_C43366,,
Alzheimer disease,https://www.ebi.ac.uk/chembl/explore/compound/CHEMBL1512580,,http://schema.org/Drug,,
Alzheimer disease,https://www.ebi.ac.uk/chembl/explore/compound/CHEMBL1536,,http://purl.obolibrary.org/obo/NCIT_C43366,,1941.0
Alzheimer disease,https://www.ebi.ac.uk/chembl/explore/compound/CHEMBL1536,,http://schema.org/Drug,,1941.0
Alzheimer disease,https://www.ebi.ac.uk/chembl/explore/compound/CHEMBL154,,http://purl.obolibrary.org/obo/NCIT_C43366,,1976.0
Alzheimer disease,https://www.ebi.ac.uk/chembl/explore/compound/CHEMBL154,,http://schema.org/Drug,,1976.0
Alzheimer disease,https://www.ebi.ac.uk/chembl/explore/compound/CHEMBL154111,,http://purl.obolibrary.org/obo/NCIT_C43366,,
Alzheimer disease,https://www.ebi.ac.uk/chembl/explore/compound/CHEMBL1555,,http://purl.obolibrary.org/obo/NCIT_C43366,,2001.0
Alzheimer disease,https://www.ebi.ac.uk/chembl/explore/compound/CHEMBL1555,,http://schema.org/Drug,,2001.0
Alzheimer disease,https://www.ebi.ac.uk/chembl/explore/compound/CHEMBL1569487,,http://purl.obolibrary.org/obo/NCIT_C43366,,
Alzheimer disease,https://www.ebi.ac.uk/chembl/explore/compound/CHEMBL1569487,,http://schema.org/Drug,,
Alzheimer disease,https://www.ebi.ac.uk/chembl/explore/compound/CHEMBL157101,,http://purl.obolibrary.org/obo/NCIT_C43366,,1981.0
Alzheimer disease,https://www.ebi.ac.uk/chembl/explore/compound/CHEMBL157101,,http://schema.org/Drug,,1981.0
Alzheimer disease,https://www.ebi.ac.uk/chembl/explore/compound/CHEMBL1581,,http://purl.obolibrary.org/obo/NCIT_C43366,,1993.0
Alzheimer disease,https://www.ebi.ac.uk/chembl/explore/compound/CHEMBL1581,,http://schema.org/Drug,,1993.0
Alzheimer disease,https://www.ebi.ac.uk/chembl/explore/compound/CHEMBL1617,,http://purl.obolibrary.org/obo/NCIT_C43366,,2004.0
Alzheimer disease,https://www.ebi.ac.uk/chembl/explore/compound/CHEMBL1617,,http://schema.org/Drug,,2004.0
Alzheimer disease,https://www.ebi.ac.uk/chembl/explore/compound/CHEMBL1622,,http://purl.obolibrary.org/obo/NCIT_C43366,,1982.0
Alzheimer disease,https://www.ebi.ac.uk/chembl/explore/compound/CHEMBL1622,,http://schema.org/Drug,,1982.0
Alzheimer disease,https://www.ebi.ac.uk/chembl/explore/compound/CHEMBL165,,http://purl.obolibrary.org/obo/NCIT_C43366,,
Alzheimer disease,https://www.ebi.ac.uk/chembl/explore/compound/CHEMBL165,,http://schema.org/Drug,,
Alzheimer disease,https://www.ebi.ac.uk/chembl/explore/compound/CHEMBL1678,,http://purl.obolibrary.org/obo/NCIT_C43366,,1996.0
Alzheimer disease,https://www.ebi.ac.uk/chembl/explore/compound/CHEMBL1678,,http://schema.org/Drug,,1996.0
Alzheimer disease,https://www.ebi.ac.uk/chembl/explore/compound/CHEMBL1699,,http://purl.obolibrary.org/obo/NCIT_C43366,,2002.0
Alzheimer disease,https://www.ebi.ac.uk/chembl/explore/compound/CHEMBL1699,,http://schema.org/Drug,,2002.0
Alzheimer disease,https://www.ebi.ac.uk/chembl/explore/compound/CHEMBL1702,,http://purl.obolibrary.org/obo/NCIT_C43366,,2002.0
Alzheimer disease,https://www.ebi.ac.uk/chembl/explore/compound/CHEMBL1702,,http://schema.org/Drug,,2002.0
Alzheimer disease,https://www.ebi.ac.uk/chembl/explore/compound/CHEMBL1743004,,http://purl.obolibrary.org/obo/NCIT_C43366,,
Alzheimer disease,https://www.ebi.ac.uk/chembl/explore/compound/CHEMBL1743004,,http://schema.org/Drug,,
Alzheimer disease,https://www.ebi.ac.uk/chembl/explore/compound/CHEMBL1743007,,http://purl.obolibrary.org/obo/NCIT_C43366,,2015.0
Alzheimer disease,https://www.ebi.ac.uk/chembl/explore/compound/CHEMBL1743007,,http://schema.org/Drug,,2015.0
Alzheimer disease,https://www.ebi.ac.uk/chembl/explore/compound/CHEMBL1743025,,http://purl.obolibrary.org/obo/NCIT_C43366,,
Alzheimer disease,https://www.ebi.ac.uk/chembl/explore/compound/CHEMBL1743025,,http://schema.org/Drug,,
Alzheimer disease,https://www.ebi.ac.uk/chembl/explore/compound/CHEMBL1743058,,http://purl.obolibrary.org/obo/NCIT_C43366,,
Alzheimer disease,https://www.ebi.ac.uk/chembl/explore/compound/CHEMBL1743072,,http://purl.obolibrary.org/obo/NCIT_C43366,,
Alzheimer disease,https://www.ebi.ac.uk/chembl/explore/compound/CHEMBL1743072,,http://schema.org/Drug,,
Alzheimer disease,https://www.ebi.ac.uk/chembl/explore/compound/CHEMBL1774461,,http://purl.obolibrary.org/obo/NCIT_C43366,,2012.0
Alzheimer disease,https://www.ebi.ac.uk/chembl/explore/compound/CHEMBL1774461,,http://schema.org/Drug,,2012.0
Alzheimer disease,https://www.ebi.ac.uk/chembl/explore/compound/CHEMBL1794791,,http://purl.obolibrary.org/obo/NCIT_C43366,,
Alzheimer disease,https://www.ebi.ac.uk/chembl/explore/compound/CHEMBL188462,,http://purl.obolibrary.org/obo/NCIT_C43366,,
Alzheimer disease,https://www.ebi.ac.uk/chembl/explore/compound/CHEMBL190083,,http://purl.obolibrary.org/obo/NCIT_C43366,,
Alzheimer disease,https://www.ebi.ac.uk/chembl/explore/compound/CHEMBL190083,,http://schema.org/Drug,,
Alzheimer disease,https://www.ebi.ac.uk/chembl/explore/compound/CHEMBL190461,,http://purl.obolibrary.org/obo/NCIT_C43366,,2018.0
Alzheimer disease,https://www.ebi.ac.uk/chembl/explore/compound/CHEMBL190461,,http://schema.org/Drug,,2018.0
Alzheimer disease,https://www.ebi.ac.uk/chembl/explore/compound/CHEMBL1908391,,http://purl.obolibrary.org/obo/NCIT_C43366,,
Alzheimer disease,https://www.ebi.ac.uk/chembl/explore/compound/CHEMBL1908391,,http://schema.org/Drug,,
Alzheimer disease,https://www.ebi.ac.uk/chembl/explore/compound/CHEMBL1908906,,http://purl.obolibrary.org/obo/NCIT_C43366,,2014.0
Alzheimer disease,https://www.ebi.ac.uk/chembl/explore/compound/CHEMBL1908906,,http://schema.org/Drug,,2014.0
Alzheimer disease,https://www.ebi.ac.uk/chembl/explore/compound/CHEMBL1951865,,http://purl.obolibrary.org/obo/NCIT_C43366,,
Alzheimer disease,https://www.ebi.ac.uk/chembl/explore/compound/CHEMBL198877,,http://purl.obolibrary.org/obo/NCIT_C43366,,
Alzheimer disease,https://www.ebi.ac.uk/chembl/explore/compound/CHEMBL2030434,,http://purl.obolibrary.org/obo/NCIT_C43366,,1994.0
Alzheimer disease,https://www.ebi.ac.uk/chembl/explore/compound/CHEMBL2030434,,http://schema.org/Drug,,1994.0
Alzheimer disease,https://www.ebi.ac.uk/chembl/explore/compound/CHEMBL2042122,,http://purl.obolibrary.org/obo/NCIT_C43366,,2013.0
Alzheimer disease,https://www.ebi.ac.uk/chembl/explore/compound/CHEMBL2042122,,http://schema.org/Drug,,2013.0
Alzheimer disease,https://www.ebi.ac.uk/chembl/explore/compound/CHEMBL207538,,http://purl.obolibrary.org/obo/NCIT_C43366,,2019.0
Alzheimer disease,https://www.ebi.ac.uk/chembl/explore/compound/CHEMBL207538,,http://schema.org/Drug,,2019.0
Alzheimer disease,https://www.ebi.ac.uk/chembl/explore/compound/CHEMBL2087337,,http://purl.obolibrary.org/obo/NCIT_C43366,,
Alzheimer disease,https://www.ebi.ac.uk/chembl/explore/compound/CHEMBL2095209,,http://purl.obolibrary.org/obo/NCIT_C43366,,2012.0
Alzheimer disease,https://www.ebi.ac.uk/chembl/explore/compound/CHEMBL2095209,,http://schema.org/Drug,,2012.0
Alzheimer disease,https://www.ebi.ac.uk/chembl/explore/compound/CHEMBL2103849,,http://purl.obolibrary.org/obo/NCIT_C43366,,
Alzheimer disease,https://www.ebi.ac.uk/chembl/explore/compound/CHEMBL2103849,,http://schema.org/Drug,,
Alzheimer disease,https://www.ebi.ac.uk/chembl/explore/compound/CHEMBL2103880,,http://purl.obolibrary.org/obo/NCIT_C43366,,
Alzheimer disease,https://www.ebi.ac.uk/chembl/explore/compound/CHEMBL2104981,,http://purl.obolibrary.org/obo/NCIT_C43366,,
Alzheimer disease,https://www.ebi.ac.uk/chembl/explore/compound/CHEMBL2105613,,http://purl.obolibrary.org/obo/NCIT_C43366,,1983.0
Alzheimer disease,https://www.ebi.ac.uk/chembl/explore/compound/CHEMBL2105613,,http://schema.org/Drug,,1983.0
Alzheimer disease,https://www.ebi.ac.uk/chembl/explore/compound/CHEMBL2105760,,http://purl.obolibrary.org/obo/NCIT_C43366,,2015.0
Alzheimer disease,https://www.ebi.ac.uk/chembl/explore/compound/CHEMBL2105760,,http://schema.org/Drug,,2015.0
Alzheimer disease,https://www.ebi.ac.uk/chembl/explore/compound/CHEMBL2107349,,http://purl.obolibrary.org/obo/NCIT_C43366,,
Alzheimer disease,https://www.ebi.ac.uk/chembl/explore/compound/CHEMBL2107349,,http://schema.org/Drug,,
Alzheimer disease,https://www.ebi.ac.uk/chembl/explore/compound/CHEMBL2107767,,http://purl.obolibrary.org/obo/NCIT_C43366,,
Alzheimer disease,https://www.ebi.ac.uk/chembl/explore/compound/CHEMBL2107801,,http://purl.obolibrary.org/obo/NCIT_C43366,,
Alzheimer disease,https://www.ebi.ac.uk/chembl/explore/compound/CHEMBL2108576,,http://purl.obolibrary.org/obo/NCIT_C43366,,
Alzheimer disease,https://www.ebi.ac.uk/chembl/explore/compound/CHEMBL2108576,,http://schema.org/Drug,,
Alzheimer disease,https://www.ebi.ac.uk/chembl/explore/compound/CHEMBL2110563,,http://purl.obolibrary.org/obo/NCIT_C43366,,1982.0
Alzheimer disease,https://www.ebi.ac.uk/chembl/explore/compound/CHEMBL2110563,,http://schema.org/Drug,,1982.0
Alzheimer disease,https://www.ebi.ac.uk/chembl/explore/compound/CHEMBL2110954,,http://purl.obolibrary.org/obo/NCIT_C43366,,
Alzheimer disease,https://www.ebi.ac.uk/chembl/explore/compound/CHEMBL2110954,,http://schema.org/Drug,,
Alzheimer disease,https://www.ebi.ac.uk/chembl/explore/compound/CHEMBL2111051,,http://purl.obolibrary.org/obo/NCIT_C43366,,
Alzheimer disease,https://www.ebi.ac.uk/chembl/explore/compound/CHEMBL2151197,,http://purl.obolibrary.org/obo/NCIT_C43366,,
Alzheimer disease,https://www.ebi.ac.uk/chembl/explore/compound/CHEMBL2151205,,http://purl.obolibrary.org/obo/NCIT_C43366,,
Alzheimer disease,https://www.ebi.ac.uk/chembl/explore/compound/CHEMBL2151437,,http://purl.obolibrary.org/obo/NCIT_C43366,,
Alzheimer disease,https://www.ebi.ac.uk/chembl/explore/compound/CHEMBL2151572,,http://purl.obolibrary.org/obo/NCIT_C43366,,
Alzheimer disease,https://www.ebi.ac.uk/chembl/explore/compound/CHEMBL2151572,,http://schema.org/Drug,,
Alzheimer disease,https://www.ebi.ac.uk/chembl/explore/compound/CHEMBL2158614,,http://purl.obolibrary.org/obo/NCIT_C43366,,
Alzheimer disease,https://www.ebi.ac.uk/chembl/explore/compound/CHEMBL2158614,,http://schema.org/Drug,,
Alzheimer disease,https://www.ebi.ac.uk/chembl/explore/compound/CHEMBL217092,,http://purl.obolibrary.org/obo/NCIT_C43366,,
Alzheimer disease,https://www.ebi.ac.uk/chembl/explore/compound/CHEMBL217092,,http://schema.org/Drug,,
Alzheimer disease,https://www.ebi.ac.uk/chembl/explore/compound/CHEMBL2177913,,http://purl.obolibrary.org/obo/NCIT_C43366,,
Alzheimer disease,https://www.ebi.ac.uk/chembl/explore/compound/CHEMBL2179105,,http://purl.obolibrary.org/obo/NCIT_C43366,,
Alzheimer disease,https://www.ebi.ac.uk/chembl/explore/compound/CHEMBL2179529,,http://purl.obolibrary.org/obo/NCIT_C43366,,
Alzheimer disease,https://www.ebi.ac.uk/chembl/explore/compound/CHEMBL218166,,http://purl.obolibrary.org/obo/NCIT_C43366,,
Alzheimer disease,https://www.ebi.ac.uk/chembl/explore/compound/CHEMBL218166,,http://schema.org/Drug,,
Alzheimer disease,https://www.ebi.ac.uk/chembl/explore/compound/CHEMBL2333941,,http://purl.obolibrary.org/obo/NCIT_C43366,,
Alzheimer disease,https://www.ebi.ac.uk/chembl/explore/compound/CHEMBL2387144,,http://purl.obolibrary.org/obo/NCIT_C43366,,
Alzheimer disease,https://www.ebi.ac.uk/chembl/explore/compound/CHEMBL2396989,,http://purl.obolibrary.org/obo/NCIT_C43366,,
Alzheimer disease,https://www.ebi.ac.uk/chembl/explore/compound/CHEMBL2448613,,http://purl.obolibrary.org/obo/NCIT_C43366,,2016.0
Alzheimer disease,https://www.ebi.ac.uk/chembl/explore/compound/CHEMBL2448613,,http://schema.org/Drug,,2016.0
Alzheimer disease,https://www.ebi.ac.uk/chembl/explore/compound/CHEMBL25202,,http://purl.obolibrary.org/obo/NCIT_C43366,,2005.0
Alzheimer disease,https://www.ebi.ac.uk/chembl/explore/compound/CHEMBL25202,,http://schema.org/Drug,,2005.0
Alzheimer disease,https://www.ebi.ac.uk/chembl/explore/compound/CHEMBL255863,,http://purl.obolibrary.org/obo/NCIT_C43366,,2007.0
Alzheimer disease,https://www.ebi.ac.uk/chembl/explore/compound/CHEMBL255863,,http://schema.org/Drug,,2007.0
Alzheimer disease,https://www.ebi.ac.uk/chembl/explore/compound/CHEMBL260829,,http://purl.obolibrary.org/obo/NCIT_C43366,,
Alzheimer disease,https://www.ebi.ac.uk/chembl/explore/compound/CHEMBL279597,,http://purl.obolibrary.org/obo/NCIT_C43366,,
Alzheimer disease,https://www.ebi.ac.uk/chembl/explore/compound/CHEMBL279597,,http://schema.org/Drug,,
Alzheimer disease,https://www.ebi.ac.uk/chembl/explore/compound/CHEMBL297453,,http://purl.obolibrary.org/obo/NCIT_C43366,,
Alzheimer disease,https://www.ebi.ac.uk/chembl/explore/compound/CHEMBL297453,,http://schema.org/Drug,,
Alzheimer disease,https://www.ebi.ac.uk/chembl/explore/compound/CHEMBL301265,,http://purl.obolibrary.org/obo/NCIT_C43366,,1997.0
Alzheimer disease,https://www.ebi.ac.uk/chembl/explore/compound/CHEMBL301265,,http://schema.org/Drug,,1997.0
Alzheimer disease,https://www.ebi.ac.uk/chembl/explore/compound/CHEMBL3039540,,http://purl.obolibrary.org/obo/NCIT_C43366,,2021.0
Alzheimer disease,https://www.ebi.ac.uk/chembl/explore/compound/CHEMBL3039540,,http://schema.org/Drug,,2021.0
Alzheimer disease,https://www.ebi.ac.uk/chembl/explore/compound/CHEMBL3092650,,http://purl.obolibrary.org/obo/NCIT_C43366,,
Alzheimer disease,https://www.ebi.ac.uk/chembl/explore/compound/CHEMBL3137323,,http://purl.obolibrary.org/obo/NCIT_C43366,,
Alzheimer disease,https://www.ebi.ac.uk/chembl/explore/compound/CHEMBL3137323,,http://schema.org/Drug,,
Alzheimer disease,https://www.ebi.ac.uk/chembl/explore/compound/CHEMBL3187683,,http://purl.obolibrary.org/obo/NCIT_C43366,,
Alzheimer disease,https://www.ebi.ac.uk/chembl/explore/compound/CHEMBL32,,http://purl.obolibrary.org/obo/NCIT_C43366,,1999.0
Alzheimer disease,https://www.ebi.ac.uk/chembl/explore/compound/CHEMBL32,,http://schema.org/Drug,,1999.0
Alzheimer disease,https://www.ebi.ac.uk/chembl/explore/compound/CHEMBL325424,,http://purl.obolibrary.org/obo/NCIT_C43366,,
Alzheimer disease,https://www.ebi.ac.uk/chembl/explore/compound/CHEMBL3286580,,http://purl.obolibrary.org/obo/NCIT_C43366,,
Alzheimer disease,https://www.ebi.ac.uk/chembl/explore/compound/CHEMBL3286580,,http://schema.org/Drug,,
Alzheimer disease,https://www.ebi.ac.uk/chembl/explore/compound/CHEMBL3301601,,http://purl.obolibrary.org/obo/NCIT_C43366,,
Alzheimer disease,https://www.ebi.ac.uk/chembl/explore/compound/CHEMBL3301601,,http://schema.org/Drug,,
Alzheimer disease,https://www.ebi.ac.uk/chembl/explore/compound/CHEMBL3306803,,http://purl.obolibrary.org/obo/NCIT_C43366,,2019.0
Alzheimer disease,https://www.ebi.ac.uk/chembl/explore/compound/CHEMBL3306803,,http://schema.org/Drug,,2019.0
Alzheimer disease,https://www.ebi.ac.uk/chembl/explore/compound/CHEMBL3306918,,http://purl.obolibrary.org/obo/NCIT_C43366,,
Alzheimer disease,https://www.ebi.ac.uk/chembl/explore/compound/CHEMBL3329435,,http://purl.obolibrary.org/obo/NCIT_C43366,,
Alzheimer disease,https://www.ebi.ac.uk/chembl/explore/compound/CHEMBL33864,,http://purl.obolibrary.org/obo/NCIT_C43366,,
Alzheimer disease,https://www.ebi.ac.uk/chembl/explore/compound/CHEMBL33864,,http://schema.org/Drug,,
Alzheimer disease,https://www.ebi.ac.uk/chembl/explore/compound/CHEMBL3421729,,http://purl.obolibrary.org/obo/NCIT_C43366,,
Alzheimer disease,https://www.ebi.ac.uk/chembl/explore/compound/CHEMBL3545029,,http://purl.obolibrary.org/obo/NCIT_C43366,,
Alzheimer disease,https://www.ebi.ac.uk/chembl/explore/compound/CHEMBL3545157,,http://purl.obolibrary.org/obo/NCIT_C43366,,
Alzheimer disease,https://www.ebi.ac.uk/chembl/explore/compound/CHEMBL3545166,,http://purl.obolibrary.org/obo/NCIT_C43366,,
Alzheimer disease,https://www.ebi.ac.uk/chembl/explore/compound/CHEMBL3545166,,http://schema.org/Drug,,
Alzheimer disease,https://www.ebi.ac.uk/chembl/explore/compound/CHEMBL3545231,,http://purl.obolibrary.org/obo/NCIT_C43366,,
Alzheimer disease,https://www.ebi.ac.uk/chembl/explore/compound/CHEMBL3545232,,http://purl.obolibrary.org/obo/NCIT_C43366,,
Alzheimer disease,https://www.ebi.ac.uk/chembl/explore/compound/CHEMBL3545253,,http://purl.obolibrary.org/obo/NCIT_C43366,,2020.0
Alzheimer disease,https://www.ebi.ac.uk/chembl/explore/compound/CHEMBL3545253,,http://schema.org/Drug,,2020.0
Alzheimer disease,https://www.ebi.ac.uk/chembl/explore/compound/CHEMBL3545367,,http://purl.obolibrary.org/obo/NCIT_C43366,,2020.0
Alzheimer disease,https://www.ebi.ac.uk/chembl/explore/compound/CHEMBL3545367,,http://schema.org/Drug,,2020.0
Alzheimer disease,https://www.ebi.ac.uk/chembl/explore/compound/CHEMBL3546271,,http://purl.obolibrary.org/obo/NCIT_C43366,,2020.0
Alzheimer disease,https://www.ebi.ac.uk/chembl/explore/compound/CHEMBL3546271,,http://schema.org/Drug,,2020.0
Alzheimer disease,https://www.ebi.ac.uk/chembl/explore/compound/CHEMBL356388,,http://purl.obolibrary.org/obo/NCIT_C43366,,
Alzheimer disease,https://www.ebi.ac.uk/chembl/explore/compound/CHEMBL3597971,,http://purl.obolibrary.org/obo/NCIT_C43366,,
Alzheimer disease,https://www.ebi.ac.uk/chembl/explore/compound/CHEMBL3597971,,http://schema.org/Drug,,
Alzheimer disease,https://www.ebi.ac.uk/chembl/explore/compound/CHEMBL3634561,,http://purl.obolibrary.org/obo/NCIT_C43366,,
Alzheimer disease,https://www.ebi.ac.uk/chembl/explore/compound/CHEMBL3659477,,http://purl.obolibrary.org/obo/NCIT_C43366,,
Alzheimer disease,https://www.ebi.ac.uk/chembl/explore/compound/CHEMBL3670800,,http://purl.obolibrary.org/obo/NCIT_C43366,,
Alzheimer disease,https://www.ebi.ac.uk/chembl/explore/compound/CHEMBL367149,,http://purl.obolibrary.org/obo/NCIT_C43366,,
Alzheimer disease,https://www.ebi.ac.uk/chembl/explore/compound/CHEMBL367149,,http://schema.org/Drug,,
Alzheimer disease,https://www.ebi.ac.uk/chembl/explore/compound/CHEMBL3697578,,http://purl.obolibrary.org/obo/NCIT_C43366,,
Alzheimer disease,https://www.ebi.ac.uk/chembl/explore/compound/CHEMBL372205,,http://purl.obolibrary.org/obo/NCIT_C43366,,
Alzheimer disease,https://www.ebi.ac.uk/chembl/explore/compound/CHEMBL372205,,http://schema.org/Drug,,
Alzheimer disease,https://www.ebi.ac.uk/chembl/explore/compound/CHEMBL374478,,http://purl.obolibrary.org/obo/NCIT_C43366,,1971.0
Alzheimer disease,https://www.ebi.ac.uk/chembl/explore/compound/CHEMBL374478,,http://schema.org/Drug,,1971.0
Alzheimer disease,https://www.ebi.ac.uk/chembl/explore/compound/CHEMBL3785197,,http://purl.obolibrary.org/obo/NCIT_C43366,,
Alzheimer disease,https://www.ebi.ac.uk/chembl/explore/compound/CHEMBL3785197,,http://schema.org/Drug,,
Alzheimer disease,https://www.ebi.ac.uk/chembl/explore/compound/CHEMBL3833321,,http://purl.obolibrary.org/obo/NCIT_C43366,,2023.0
Alzheimer disease,https://www.ebi.ac.uk/chembl/explore/compound/CHEMBL3833321,,http://schema.org/Drug,,2023.0
Alzheimer disease,https://www.ebi.ac.uk/chembl/explore/compound/CHEMBL3916243,,http://purl.obolibrary.org/obo/NCIT_C43366,,
Alzheimer disease,https://www.ebi.ac.uk/chembl/explore/compound/CHEMBL393220,,http://purl.obolibrary.org/obo/NCIT_C43366,,1996.0
Alzheimer disease,https://www.ebi.ac.uk/chembl/explore/compound/CHEMBL393220,,http://schema.org/Drug,,1996.0
Alzheimer disease,https://www.ebi.ac.uk/chembl/explore/compound/CHEMBL395280,,http://purl.obolibrary.org/obo/NCIT_C43366,,
Alzheimer disease,https://www.ebi.ac.uk/chembl/explore/compound/CHEMBL3989517,,http://purl.obolibrary.org/obo/NCIT_C43366,,2000.0
Alzheimer disease,https://www.ebi.ac.uk/chembl/explore/compound/CHEMBL3989517,,http://schema.org/Drug,,2000.0
Alzheimer disease,https://www.ebi.ac.uk/chembl/explore/compound/CHEMBL3989690,,http://purl.obolibrary.org/obo/NCIT_C43366,,
Alzheimer disease,https://www.ebi.ac.uk/chembl/explore/compound/CHEMBL3989929,,http://purl.obolibrary.org/obo/NCIT_C43366,,
Alzheimer disease,https://www.ebi.ac.uk/chembl/explore/compound/CHEMBL3989929,,http://schema.org/Drug,,
Alzheimer disease,https://www.ebi.ac.uk/chembl/explore/compound/CHEMBL3989948,,http://purl.obolibrary.org/obo/NCIT_C43366,,
Alzheimer disease,https://www.ebi.ac.uk/chembl/explore/compound/CHEMBL3989948,,http://schema.org/Drug,,
Alzheimer disease,https://www.ebi.ac.uk/chembl/explore/compound/CHEMBL3990042,,http://purl.obolibrary.org/obo/NCIT_C43366,,
Alzheimer disease,https://www.ebi.ac.uk/chembl/explore/compound/CHEMBL405110,,http://purl.obolibrary.org/obo/NCIT_C43366,,2011.0
Alzheimer disease,https://www.ebi.ac.uk/chembl/explore/compound/CHEMBL405110,,http://schema.org/Drug,,2011.0
Alzheimer disease,https://www.ebi.ac.uk/chembl/explore/compound/CHEMBL4078588,,http://purl.obolibrary.org/obo/NCIT_C43366,,
Alzheimer disease,https://www.ebi.ac.uk/chembl/explore/compound/CHEMBL4117187,,http://purl.obolibrary.org/obo/NCIT_C43366,,
Alzheimer disease,https://www.ebi.ac.uk/chembl/explore/compound/CHEMBL4117187,,http://schema.org/Drug,,
Alzheimer disease,https://www.ebi.ac.uk/chembl/explore/compound/CHEMBL4129018,,http://purl.obolibrary.org/obo/NCIT_C43366,,
Alzheimer disease,https://www.ebi.ac.uk/chembl/explore/compound/CHEMBL413,,http://purl.obolibrary.org/obo/NCIT_C43366,,1999.0
Alzheimer disease,https://www.ebi.ac.uk/chembl/explore/compound/CHEMBL413,,http://schema.org/Drug,,1999.0
Alzheimer disease,https://www.ebi.ac.uk/chembl/explore/compound/CHEMBL4204869,,http://purl.obolibrary.org/obo/NCIT_C43366,,
Alzheimer disease,https://www.ebi.ac.uk/chembl/explore/compound/CHEMBL4204869,,http://schema.org/Drug,,
Alzheimer disease,https://www.ebi.ac.uk/chembl/explore/compound/CHEMBL4206492,,http://purl.obolibrary.org/obo/NCIT_C43366,,
Alzheimer disease,https://www.ebi.ac.uk/chembl/explore/compound/CHEMBL428880,,http://purl.obolibrary.org/obo/NCIT_C43366,,1982.0
Alzheimer disease,https://www.ebi.ac.uk/chembl/explore/compound/CHEMBL428880,,http://schema.org/Drug,,1982.0
Alzheimer disease,https://www.ebi.ac.uk/chembl/explore/compound/CHEMBL4297221,,http://purl.obolibrary.org/obo/NCIT_C43366,,
Alzheimer disease,https://www.ebi.ac.uk/chembl/explore/compound/CHEMBL4297221,,http://schema.org/Drug,,
Alzheimer disease,https://www.ebi.ac.uk/chembl/explore/compound/CHEMBL4297245,,http://purl.obolibrary.org/obo/NCIT_C43366,,
Alzheimer disease,https://www.ebi.ac.uk/chembl/explore/compound/CHEMBL4297245,,http://schema.org/Drug,,
Alzheimer disease,https://www.ebi.ac.uk/chembl/explore/compound/CHEMBL4297256,,http://purl.obolibrary.org/obo/NCIT_C43366,,
Alzheimer disease,https://www.ebi.ac.uk/chembl/explore/compound/CHEMBL4297312,,http://purl.obolibrary.org/obo/NCIT_C43366,,
Alzheimer disease,https://www.ebi.ac.uk/chembl/explore/compound/CHEMBL4297367,,http://purl.obolibrary.org/obo/NCIT_C43366,,
Alzheimer disease,https://www.ebi.ac.uk/chembl/explore/compound/CHEMBL4297411,,http://purl.obolibrary.org/obo/NCIT_C43366,,
Alzheimer disease,https://www.ebi.ac.uk/chembl/explore/compound/CHEMBL4297411,,http://schema.org/Drug,,
Alzheimer disease,https://www.ebi.ac.uk/chembl/explore/compound/CHEMBL4297417,,http://purl.obolibrary.org/obo/NCIT_C43366,,
Alzheimer disease,https://www.ebi.ac.uk/chembl/explore/compound/CHEMBL4297417,,http://schema.org/Drug,,
Alzheimer disease,https://www.ebi.ac.uk/chembl/explore/compound/CHEMBL4297437,,http://purl.obolibrary.org/obo/NCIT_C43366,,
Alzheimer disease,https://www.ebi.ac.uk/chembl/explore/compound/CHEMBL4297438,,http://purl.obolibrary.org/obo/NCIT_C43366,,
Alzheimer disease,https://www.ebi.ac.uk/chembl/explore/compound/CHEMBL4297523,,http://purl.obolibrary.org/obo/NCIT_C43366,,
Alzheimer disease,https://www.ebi.ac.uk/chembl/explore/compound/CHEMBL4297860,,http://purl.obolibrary.org/obo/NCIT_C43366,,
Alzheimer disease,https://www.ebi.ac.uk/chembl/explore/compound/CHEMBL4297884,,http://purl.obolibrary.org/obo/NCIT_C43366,,
Alzheimer disease,https://www.ebi.ac.uk/chembl/explore/compound/CHEMBL4298021,,http://purl.obolibrary.org/obo/NCIT_C43366,,
Alzheimer disease,https://www.ebi.ac.uk/chembl/explore/compound/CHEMBL4298093,,http://purl.obolibrary.org/obo/NCIT_C43366,,
Alzheimer disease,https://www.ebi.ac.uk/chembl/explore/compound/CHEMBL429910,,http://purl.obolibrary.org/obo/NCIT_C43366,,2012.0
Alzheimer disease,https://www.ebi.ac.uk/chembl/explore/compound/CHEMBL429910,,http://schema.org/Drug,,2012.0
Alzheimer disease,https://www.ebi.ac.uk/chembl/explore/compound/CHEMBL4303387,,http://purl.obolibrary.org/obo/NCIT_C43366,,
Alzheimer disease,https://www.ebi.ac.uk/chembl/explore/compound/CHEMBL4303665,,http://purl.obolibrary.org/obo/NCIT_C43366,,
Alzheimer disease,https://www.ebi.ac.uk/chembl/explore/compound/CHEMBL4303665,,http://schema.org/Drug,,
Alzheimer disease,https://www.ebi.ac.uk/chembl/explore/compound/CHEMBL449158,,http://purl.obolibrary.org/obo/NCIT_C43366,,
Alzheimer disease,https://www.ebi.ac.uk/chembl/explore/compound/CHEMBL4519121,,http://purl.obolibrary.org/obo/NCIT_C43366,,
Alzheimer disease,https://www.ebi.ac.uk/chembl/explore/compound/CHEMBL4541964,,http://purl.obolibrary.org/obo/NCIT_C43366,,
Alzheimer disease,https://www.ebi.ac.uk/chembl/explore/compound/CHEMBL4541964,,http://schema.org/Drug,,
Alzheimer disease,https://www.ebi.ac.uk/chembl/explore/compound/CHEMBL457,,http://purl.obolibrary.org/obo/NCIT_C43366,,1981.0
Alzheimer disease,https://www.ebi.ac.uk/chembl/explore/compound/CHEMBL457,,http://schema.org/Drug,,1981.0
Alzheimer disease,https://www.ebi.ac.uk/chembl/explore/compound/CHEMBL4571075,,http://purl.obolibrary.org/obo/NCIT_C43366,,
Alzheimer disease,https://www.ebi.ac.uk/chembl/explore/compound/CHEMBL4594269,,http://purl.obolibrary.org/obo/NCIT_C43366,,
Alzheimer disease,https://www.ebi.ac.uk/chembl/explore/compound/CHEMBL4594269,,http://schema.org/Drug,,
Alzheimer disease,https://www.ebi.ac.uk/chembl/explore/compound/CHEMBL4594296,,http://purl.obolibrary.org/obo/NCIT_C43366,,
Alzheimer disease,https://www.ebi.ac.uk/chembl/explore/compound/CHEMBL4594351,,http://purl.obolibrary.org/obo/NCIT_C43366,,
Alzheimer disease,https://www.ebi.ac.uk/chembl/explore/compound/CHEMBL4594411,,http://purl.obolibrary.org/obo/NCIT_C43366,,2022.0
Alzheimer disease,https://www.ebi.ac.uk/chembl/explore/compound/CHEMBL4594411,,http://schema.org/Drug,,2022.0
Alzheimer disease,https://www.ebi.ac.uk/chembl/explore/compound/CHEMBL4594612,,http://purl.obolibrary.org/obo/NCIT_C43366,,
Alzheimer disease,https://www.ebi.ac.uk/chembl/explore/compound/CHEMBL463981,,http://purl.obolibrary.org/obo/NCIT_C43366,,
Alzheimer disease,https://www.ebi.ac.uk/chembl/explore/compound/CHEMBL4650230,,http://purl.obolibrary.org/obo/NCIT_C43366,,
Alzheimer disease,https://www.ebi.ac.uk/chembl/explore/compound/CHEMBL4650230,,http://schema.org/Drug,,
Alzheimer disease,https://www.ebi.ac.uk/chembl/explore/compound/CHEMBL4650231,,http://purl.obolibrary.org/obo/NCIT_C43366,,
Alzheimer disease,https://www.ebi.ac.uk/chembl/explore/compound/CHEMBL4650301,,http://purl.obolibrary.org/obo/NCIT_C43366,,
Alzheimer disease,https://www.ebi.ac.uk/chembl/explore/compound/CHEMBL4650301,,http://schema.org/Drug,,
Alzheimer disease,https://www.ebi.ac.uk/chembl/explore/compound/CHEMBL4650402,,http://purl.obolibrary.org/obo/NCIT_C43366,,
Alzheimer disease,https://www.ebi.ac.uk/chembl/explore/compound/CHEMBL468,,http://purl.obolibrary.org/obo/NCIT_C43366,,1956.0
Alzheimer disease,https://www.ebi.ac.uk/chembl/explore/compound/CHEMBL468,,http://schema.org/Drug,,1956.0
Alzheimer disease,https://www.ebi.ac.uk/chembl/explore/compound/CHEMBL468154,,http://purl.obolibrary.org/obo/NCIT_C43366,,
Alzheimer disease,https://www.ebi.ac.uk/chembl/explore/compound/CHEMBL476323,,http://purl.obolibrary.org/obo/NCIT_C43366,,
Alzheimer disease,https://www.ebi.ac.uk/chembl/explore/compound/CHEMBL4802155,,http://purl.obolibrary.org/obo/NCIT_C43366,,
Alzheimer disease,https://www.ebi.ac.uk/chembl/explore/compound/CHEMBL4802252,,http://purl.obolibrary.org/obo/NCIT_C43366,,
Alzheimer disease,https://www.ebi.ac.uk/chembl/explore/compound/CHEMBL4804173,,http://purl.obolibrary.org/obo/NCIT_C43366,,
Alzheimer disease,https://www.ebi.ac.uk/chembl/explore/compound/CHEMBL4804173,,http://schema.org/Drug,,
Alzheimer disease,https://www.ebi.ac.uk/chembl/explore/compound/CHEMBL480558,,http://purl.obolibrary.org/obo/NCIT_C43366,,
Alzheimer disease,https://www.ebi.ac.uk/chembl/explore/compound/CHEMBL493,,http://purl.obolibrary.org/obo/NCIT_C43366,,1978.0
Alzheimer disease,https://www.ebi.ac.uk/chembl/explore/compound/CHEMBL493,,http://schema.org/Drug,,1978.0
Alzheimer disease,https://www.ebi.ac.uk/chembl/explore/compound/CHEMBL50,,http://purl.obolibrary.org/obo/NCIT_C43366,,
Alzheimer disease,https://www.ebi.ac.uk/chembl/explore/compound/CHEMBL50,,http://schema.org/Drug,,
Alzheimer disease,https://www.ebi.ac.uk/chembl/explore/compound/CHEMBL501680,,http://purl.obolibrary.org/obo/NCIT_C43366,,
Alzheimer disease,https://www.ebi.ac.uk/chembl/explore/compound/CHEMBL502,,http://purl.obolibrary.org/obo/NCIT_C43366,,1996.0
Alzheimer disease,https://www.ebi.ac.uk/chembl/explore/compound/CHEMBL502,,http://schema.org/Drug,,1996.0
Alzheimer disease,https://www.ebi.ac.uk/chembl/explore/compound/CHEMBL5095032,,http://purl.obolibrary.org/obo/NCIT_C43366,,
Alzheimer disease,https://www.ebi.ac.uk/chembl/explore/compound/CHEMBL5095056,,http://purl.obolibrary.org/obo/NCIT_C43366,,2024.0
Alzheimer disease,https://www.ebi.ac.uk/chembl/explore/compound/CHEMBL5095056,,http://schema.org/Drug,,2024.0
Alzheimer disease,https://www.ebi.ac.uk/chembl/explore/compound/CHEMBL5095213,,http://purl.obolibrary.org/obo/NCIT_C43366,,
Alzheimer disease,https://www.ebi.ac.uk/chembl/explore/compound/CHEMBL5095213,,http://schema.org/Drug,,
Alzheimer disease,https://www.ebi.ac.uk/chembl/explore/compound/CHEMBL5095230,,http://purl.obolibrary.org/obo/NCIT_C43366,,
Alzheimer disease,https://www.ebi.ac.uk/chembl/explore/compound/CHEMBL5095251,,http://purl.obolibrary.org/obo/NCIT_C43366,,
Alzheimer disease,https://www.ebi.ac.uk/chembl/explore/compound/CHEMBL5095377,,http://purl.obolibrary.org/obo/NCIT_C43366,,
Alzheimer disease,https://www.ebi.ac.uk/chembl/explore/compound/CHEMBL5095412,,http://purl.obolibrary.org/obo/NCIT_C43366,,
Alzheimer disease,https://www.ebi.ac.uk/chembl/explore/compound/CHEMBL5095412,,http://schema.org/Drug,,
Alzheimer disease,https://www.ebi.ac.uk/chembl/explore/compound/CHEMBL5095419,,http://purl.obolibrary.org/obo/NCIT_C43366,,
Alzheimer disease,https://www.ebi.ac.uk/chembl/explore/compound/CHEMBL5095419,,http://schema.org/Drug,,
Alzheimer disease,https://www.ebi.ac.uk/chembl/explore/compound/CHEMBL5095484,,http://purl.obolibrary.org/obo/NCIT_C43366,,
Alzheimer disease,https://www.ebi.ac.uk/chembl/explore/compound/CHEMBL5095484,,http://schema.org/Drug,,
Alzheimer disease,https://www.ebi.ac.uk/chembl/explore/compound/CHEMBL517427,,http://purl.obolibrary.org/obo/NCIT_C43366,,
Alzheimer disease,https://www.ebi.ac.uk/chembl/explore/compound/CHEMBL517427,,http://schema.org/Drug,,
Alzheimer disease,https://www.ebi.ac.uk/chembl/explore/compound/CHEMBL520733,,http://purl.obolibrary.org/obo/NCIT_C43366,,
Alzheimer disease,https://www.ebi.ac.uk/chembl/explore/compound/CHEMBL520733,,http://schema.org/Drug,,
Alzheimer disease,https://www.ebi.ac.uk/chembl/explore/compound/CHEMBL521,,http://purl.obolibrary.org/obo/NCIT_C43366,,1974.0
Alzheimer disease,https://www.ebi.ac.uk/chembl/explore/compound/CHEMBL521,,http://schema.org/Drug,,1974.0
Alzheimer disease,https://www.ebi.ac.uk/chembl/explore/compound/CHEMBL52440,,http://purl.obolibrary.org/obo/NCIT_C43366,,1982.0
Alzheimer disease,https://www.ebi.ac.uk/chembl/explore/compound/CHEMBL52440,,http://schema.org/Drug,,1982.0
Alzheimer disease,https://www.ebi.ac.uk/chembl/explore/compound/CHEMBL5314576,,http://purl.obolibrary.org/obo/NCIT_C43366,,
Alzheimer disease,https://www.ebi.ac.uk/chembl/explore/compound/CHEMBL5314576,,http://schema.org/Drug,,
Alzheimer disease,https://www.ebi.ac.uk/chembl/explore/compound/CHEMBL5314620,,http://purl.obolibrary.org/obo/NCIT_C43366,,
Alzheimer disease,https://www.ebi.ac.uk/chembl/explore/compound/CHEMBL5314772,,http://purl.obolibrary.org/obo/NCIT_C43366,,
Alzheimer disease,https://www.ebi.ac.uk/chembl/explore/compound/CHEMBL5314924,,http://purl.obolibrary.org/obo/NCIT_C43366,,
Alzheimer disease,https://www.ebi.ac.uk/chembl/explore/compound/CHEMBL5314959,,http://purl.obolibrary.org/obo/NCIT_C43366,,
Alzheimer disease,https://www.ebi.ac.uk/chembl/explore/compound/CHEMBL5314966,,http://purl.obolibrary.org/obo/NCIT_C43366,,
Alzheimer disease,https://www.ebi.ac.uk/chembl/explore/compound/CHEMBL54,,http://purl.obolibrary.org/obo/NCIT_C43366,,1967.0
Alzheimer disease,https://www.ebi.ac.uk/chembl/explore/compound/CHEMBL54,,http://schema.org/Drug,,1967.0
Alzheimer disease,https://www.ebi.ac.uk/chembl/explore/compound/CHEMBL542541,,http://purl.obolibrary.org/obo/NCIT_C43366,,1953.0
Alzheimer disease,https://www.ebi.ac.uk/chembl/explore/compound/CHEMBL542541,,http://schema.org/Drug,,1953.0
Alzheimer disease,https://www.ebi.ac.uk/chembl/explore/compound/CHEMBL547,,http://purl.obolibrary.org/obo/NCIT_C43366,,1982.0
Alzheimer disease,https://www.ebi.ac.uk/chembl/explore/compound/CHEMBL547,,http://schema.org/Drug,,1982.0
Alzheimer disease,https://www.ebi.ac.uk/chembl/explore/compound/CHEMBL55643,,http://purl.obolibrary.org/obo/NCIT_C43366,,1982.0
Alzheimer disease,https://www.ebi.ac.uk/chembl/explore/compound/CHEMBL55643,,http://schema.org/Drug,,1982.0
Alzheimer disease,https://www.ebi.ac.uk/chembl/explore/compound/CHEMBL559478,,http://purl.obolibrary.org/obo/NCIT_C43366,,
Alzheimer disease,https://www.ebi.ac.uk/chembl/explore/compound/CHEMBL566752,,http://purl.obolibrary.org/obo/NCIT_C43366,,2014.0
Alzheimer disease,https://www.ebi.ac.uk/chembl/explore/compound/CHEMBL566752,,http://schema.org/Drug,,2014.0
Alzheimer disease,https://www.ebi.ac.uk/chembl/explore/compound/CHEMBL569713,,http://purl.obolibrary.org/obo/NCIT_C43366,,1979.0
Alzheimer disease,https://www.ebi.ac.uk/chembl/explore/compound/CHEMBL569713,,http://schema.org/Drug,,1979.0
Alzheimer disease,https://www.ebi.ac.uk/chembl/explore/compound/CHEMBL579205,,http://purl.obolibrary.org/obo/NCIT_C43366,,2013.0
Alzheimer disease,https://www.ebi.ac.uk/chembl/explore/compound/CHEMBL579205,,http://schema.org/Drug,,2013.0
Alzheimer disease,https://www.ebi.ac.uk/chembl/explore/compound/CHEMBL580,,http://purl.obolibrary.org/obo/NCIT_C43366,,1977.0
Alzheimer disease,https://www.ebi.ac.uk/chembl/explore/compound/CHEMBL580,,http://schema.org/Drug,,1977.0
Alzheimer disease,https://www.ebi.ac.uk/chembl/explore/compound/CHEMBL589390,,http://purl.obolibrary.org/obo/NCIT_C43366,,
Alzheimer disease,https://www.ebi.ac.uk/chembl/explore/compound/CHEMBL589390,,http://schema.org/Drug,,
Alzheimer disease,https://www.ebi.ac.uk/chembl/explore/compound/CHEMBL592868,,http://purl.obolibrary.org/obo/NCIT_C43366,,
Alzheimer disease,https://www.ebi.ac.uk/chembl/explore/compound/CHEMBL592868,,http://schema.org/Drug,,
Alzheimer disease,https://www.ebi.ac.uk/chembl/explore/compound/CHEMBL595,,http://purl.obolibrary.org/obo/NCIT_C43366,,1999.0
Alzheimer disease,https://www.ebi.ac.uk/chembl/explore/compound/CHEMBL595,,http://schema.org/Drug,,1999.0
Alzheimer disease,https://www.ebi.ac.uk/chembl/explore/compound/CHEMBL5999955,,http://purl.obolibrary.org/obo/NCIT_C43366,,
Alzheimer disease,https://www.ebi.ac.uk/chembl/explore/compound/CHEMBL6,,http://purl.obolibrary.org/obo/NCIT_C43366,,1965.0
Alzheimer disease,https://www.ebi.ac.uk/chembl/explore/compound/CHEMBL6,,http://schema.org/Drug,,1965.0
Alzheimer disease,https://www.ebi.ac.uk/chembl/explore/compound/CHEMBL600,,http://purl.obolibrary.org/obo/NCIT_C43366,,1963.0
Alzheimer disease,https://www.ebi.ac.uk/chembl/explore/compound/CHEMBL600,,http://schema.org/Drug,,1963.0
Alzheimer disease,https://www.ebi.ac.uk/chembl/explore/compound/CHEMBL6068431,,http://purl.obolibrary.org/obo/NCIT_C43366,,2024.0
Alzheimer disease,https://www.ebi.ac.uk/chembl/explore/compound/CHEMBL6068431,,http://schema.org/Drug,,2024.0
Alzheimer disease,https://www.ebi.ac.uk/chembl/explore/compound/CHEMBL6068452,,http://purl.obolibrary.org/obo/NCIT_C43366,,
Alzheimer disease,https://www.ebi.ac.uk/chembl/explore/compound/CHEMBL6068503,,http://purl.obolibrary.org/obo/NCIT_C43366,,
Alzheimer disease,https://www.ebi.ac.uk/chembl/explore/compound/CHEMBL6068503,,http://schema.org/Drug,,
Alzheimer disease,https://www.ebi.ac.uk/chembl/explore/compound/CHEMBL621,,http://purl.obolibrary.org/obo/NCIT_C43366,,1981.0
Alzheimer disease,https://www.ebi.ac.uk/chembl/explore/compound/CHEMBL621,,http://schema.org/Drug,,1981.0
Alzheimer disease,https://www.ebi.ac.uk/chembl/explore/compound/CHEMBL635,,http://purl.obolibrary.org/obo/NCIT_C43366,,1955.0
Alzheimer disease,https://www.ebi.ac.uk/chembl/explore/compound/CHEMBL635,,http://schema.org/Drug,,1955.0
Alzheimer disease,https://www.ebi.ac.uk/chembl/explore/compound/CHEMBL636,,http://purl.obolibrary.org/obo/NCIT_C43366,,1998.0
Alzheimer disease,https://www.ebi.ac.uk/chembl/explore/compound/CHEMBL636,,http://schema.org/Drug,,1998.0
Alzheimer disease,https://www.ebi.ac.uk/chembl/explore/compound/CHEMBL64391,,http://purl.obolibrary.org/obo/NCIT_C43366,,1992.0
Alzheimer disease,https://www.ebi.ac.uk/chembl/explore/compound/CHEMBL64391,,http://schema.org/Drug,,1992.0
Alzheimer disease,https://www.ebi.ac.uk/chembl/explore/compound/CHEMBL655,,http://purl.obolibrary.org/obo/NCIT_C43366,,1985.0
Alzheimer disease,https://www.ebi.ac.uk/chembl/explore/compound/CHEMBL655,,http://schema.org/Drug,,1985.0
Alzheimer disease,https://www.ebi.ac.uk/chembl/explore/compound/CHEMBL659,,http://purl.obolibrary.org/obo/NCIT_C43366,,2001.0
Alzheimer disease,https://www.ebi.ac.uk/chembl/explore/compound/CHEMBL659,,http://schema.org/Drug,,2001.0
Alzheimer disease,https://www.ebi.ac.uk/chembl/explore/compound/CHEMBL717,,http://purl.obolibrary.org/obo/NCIT_C43366,,1959.0
Alzheimer disease,https://www.ebi.ac.uk/chembl/explore/compound/CHEMBL717,,http://schema.org/Drug,,1959.0
Alzheimer disease,https://www.ebi.ac.uk/chembl/explore/compound/CHEMBL744,,http://purl.obolibrary.org/obo/NCIT_C43366,,1995.0
Alzheimer disease,https://www.ebi.ac.uk/chembl/explore/compound/CHEMBL744,,http://schema.org/Drug,,1995.0
Alzheimer disease,https://www.ebi.ac.uk/chembl/explore/compound/CHEMBL773,,http://purl.obolibrary.org/obo/NCIT_C43366,,1982.0
Alzheimer disease,https://www.ebi.ac.uk/chembl/explore/compound/CHEMBL773,,http://schema.org/Drug,,1982.0
Alzheimer disease,https://www.ebi.ac.uk/chembl/explore/compound/CHEMBL778,,http://purl.obolibrary.org/obo/NCIT_C43366,,1999.0
Alzheimer disease,https://www.ebi.ac.uk/chembl/explore/compound/CHEMBL778,,http://schema.org/Drug,,1999.0
Alzheimer disease,https://www.ebi.ac.uk/chembl/explore/compound/CHEMBL787,,http://purl.obolibrary.org/obo/NCIT_C43366,,1998.0
Alzheimer disease,https://www.ebi.ac.uk/chembl/explore/compound/CHEMBL787,,http://schema.org/Drug,,1998.0
Alzheimer disease,https://www.ebi.ac.uk/chembl/explore/compound/CHEMBL796,,http://purl.obolibrary.org/obo/NCIT_C43366,,1955.0
Alzheimer disease,https://www.ebi.ac.uk/chembl/explore/compound/CHEMBL796,,http://schema.org/Drug,,1955.0
Alzheimer disease,https://www.ebi.ac.uk/chembl/explore/compound/CHEMBL807,,http://purl.obolibrary.org/obo/NCIT_C43366,,2002.0
Alzheimer disease,https://www.ebi.ac.uk/chembl/explore/compound/CHEMBL807,,http://schema.org/Drug,,2002.0
Alzheimer disease,https://www.ebi.ac.uk/chembl/explore/compound/CHEMBL81,,http://purl.obolibrary.org/obo/NCIT_C43366,,1997.0
Alzheimer disease,https://www.ebi.ac.uk/chembl/explore/compound/CHEMBL81,,http://schema.org/Drug,,1997.0
Alzheimer disease,https://www.ebi.ac.uk/chembl/explore/compound/CHEMBL85,,http://purl.obolibrary.org/obo/NCIT_C43366,,1993.0
Alzheimer disease,https://www.ebi.ac.uk/chembl/explore/compound/CHEMBL85,,http://schema.org/Drug,,1993.0
Alzheimer disease,https://www.ebi.ac.uk/chembl/explore/compound/CHEMBL862,,http://purl.obolibrary.org/obo/NCIT_C43366,,1986.0
Alzheimer disease,https://www.ebi.ac.uk/chembl/explore/compound/CHEMBL862,,http://schema.org/Drug,,1986.0
Alzheimer disease,https://www.ebi.ac.uk/chembl/explore/compound/CHEMBL887,,http://purl.obolibrary.org/obo/NCIT_C43366,,2005.0
Alzheimer disease,https://www.ebi.ac.uk/chembl/explore/compound/CHEMBL887,,http://schema.org/Drug,,2005.0
Alzheimer disease,https://www.ebi.ac.uk/chembl/explore/compound/CHEMBL894,,http://purl.obolibrary.org/obo/NCIT_C43366,,1985.0
Alzheimer disease,https://www.ebi.ac.uk/chembl/explore/compound/CHEMBL894,,http://schema.org/Drug,,1985.0
Alzheimer disease,https://www.ebi.ac.uk/chembl/explore/compound/CHEMBL98,,http://purl.obolibrary.org/obo/NCIT_C43366,,2006.0
Alzheimer disease,https://www.ebi.ac.uk/chembl/explore/compound/CHEMBL98,,http://schema.org/Drug,,2006.0
Alzheimer Disease,https://www.ebi.ac.uk/chembl/explore/compound/CHEMBL1017,,http://purl.obolibrary.org/obo/NCIT_C43366,,1998.0
Alzheimer Disease,https://www.ebi.ac.uk/chembl/explore/compound/CHEMBL1017,,http://schema.org/Drug,,1998.0
Alzheimer Disease,https://www.ebi.ac.uk/chembl/explore/compound/CHEMBL1023,,http://purl.obolibrary.org/obo/NCIT_C43366,,1999.0
Alzheimer Disease,https://www.ebi.ac.uk/chembl/explore/compound/CHEMBL1023,,http://schema.org/Drug,,1999.0
Alzheimer Disease,https://www.ebi.ac.uk/chembl/explore/compound/CHEMBL103,,http://purl.obolibrary.org/obo/NCIT_C43366,,1976.0
Alzheimer Disease,https://www.ebi.ac.uk/chembl/explore/compound/CHEMBL103,,http://schema.org/Drug,,1976.0
Alzheimer Disease,https://www.ebi.ac.uk/chembl/explore/compound/CHEMBL10316,,http://purl.obolibrary.org/obo/NCIT_C43366,,
Alzheimer Disease,https://www.ebi.ac.uk/chembl/explore/compound/CHEMBL10316,,http://schema.org/Drug,,
Alzheimer Disease,https://www.ebi.ac.uk/chembl/explore/compound/CHEMBL106,,http://purl.obolibrary.org/obo/NCIT_C43366,,1990.0
Alzheimer Disease,https://www.ebi.ac.uk/chembl/explore/compound/CHEMBL106,,http://schema.org/Drug,,1990.0
Alzheimer Disease,https://www.ebi.ac.uk/chembl/explore/compound/CHEMBL1064,,http://purl.obolibrary.org/obo/NCIT_C43366,,1991.0
Alzheimer Disease,https://www.ebi.ac.uk/chembl/explore/compound/CHEMBL1064,,http://schema.org/Drug,,1991.0
Alzheimer Disease,https://www.ebi.ac.uk/chembl/explore/compound/CHEMBL1072,,http://purl.obolibrary.org/obo/NCIT_C43366,,1983.0
Alzheimer Disease,https://www.ebi.ac.uk/chembl/explore/compound/CHEMBL1072,,http://schema.org/Drug,,1983.0
Alzheimer Disease,https://www.ebi.ac.uk/chembl/explore/compound/CHEMBL1076903,,http://purl.obolibrary.org/obo/NCIT_C43366,,2006.0
Alzheimer Disease,https://www.ebi.ac.uk/chembl/explore/compound/CHEMBL1076903,,http://schema.org/Drug,,2006.0
Alzheimer Disease,https://www.ebi.ac.uk/chembl/explore/compound/CHEMBL1083390,,http://purl.obolibrary.org/obo/NCIT_C43366,,
Alzheimer Disease,https://www.ebi.ac.uk/chembl/explore/compound/CHEMBL1083390,,http://schema.org/Drug,,
Alzheimer Disease,https://www.ebi.ac.uk/chembl/explore/compound/CHEMBL1083659,,http://purl.obolibrary.org/obo/NCIT_C43366,,2014.0
Alzheimer Disease,https://www.ebi.ac.uk/chembl/explore/compound/CHEMBL1083659,,http://schema.org/Drug,,2014.0
Alzheimer Disease,https://www.ebi.ac.uk/chembl/explore/compound/CHEMBL109,,http://purl.obolibrary.org/obo/NCIT_C43366,,1978.0
Alzheimer Disease,https://www.ebi.ac.uk/chembl/explore/compound/CHEMBL109,,http://schema.org/Drug,,1978.0
Alzheimer Disease,https://www.ebi.ac.uk/chembl/explore/compound/CHEMBL1090771,,http://purl.obolibrary.org/obo/NCIT_C43366,,
Alzheimer Disease,https://www.ebi.ac.uk/chembl/explore/compound/CHEMBL1112,,http://purl.obolibrary.org/obo/NCIT_C43366,,2002.0
Alzheimer Disease,https://www.ebi.ac.uk/chembl/explore/compound/CHEMBL1112,,http://schema.org/Drug,,2002.0
Alzheimer Disease,https://www.ebi.ac.uk/chembl/explore/compound/CHEMBL112797,,http://purl.obolibrary.org/obo/NCIT_C43366,,
Alzheimer Disease,https://www.ebi.ac.uk/chembl/explore/compound/CHEMBL11298,,http://purl.obolibrary.org/obo/NCIT_C43366,,
Alzheimer Disease,https://www.ebi.ac.uk/chembl/explore/compound/CHEMBL11298,,http://schema.org/Drug,,
Alzheimer Disease,https://www.ebi.ac.uk/chembl/explore/compound/CHEMBL113,,http://purl.obolibrary.org/obo/NCIT_C43366,,1948.0
Alzheimer Disease,https://www.ebi.ac.uk/chembl/explore/compound/CHEMBL113,,http://schema.org/Drug,,1948.0
Alzheimer Disease,https://www.ebi.ac.uk/chembl/explore/compound/CHEMBL1131,,http://purl.obolibrary.org/obo/NCIT_C43366,,1996.0
Alzheimer Disease,https://www.ebi.ac.uk/chembl/explore/compound/CHEMBL1131,,http://schema.org/Drug,,1996.0
Alzheimer Disease,https://www.ebi.ac.uk/chembl/explore/compound/CHEMBL1140,,http://purl.obolibrary.org/obo/NCIT_C43366,,1982.0
Alzheimer Disease,https://www.ebi.ac.uk/chembl/explore/compound/CHEMBL1140,,http://schema.org/Drug,,1982.0
Alzheimer Disease,https://www.ebi.ac.uk/chembl/explore/compound/CHEMBL118,,http://purl.obolibrary.org/obo/NCIT_C43366,,1998.0
Alzheimer Disease,https://www.ebi.ac.uk/chembl/explore/compound/CHEMBL118,,http://schema.org/Drug,,1998.0
Alzheimer Disease,https://www.ebi.ac.uk/chembl/explore/compound/CHEMBL119385,,http://purl.obolibrary.org/obo/NCIT_C43366,,
Alzheimer Disease,https://www.ebi.ac.uk/chembl/explore/compound/CHEMBL1200574,,http://purl.obolibrary.org/obo/NCIT_C43366,,1982.0
Alzheimer Disease,https://www.ebi.ac.uk/chembl/explore/compound/CHEMBL1200574,,http://schema.org/Drug,,1982.0
Alzheimer Disease,https://www.ebi.ac.uk/chembl/explore/compound/CHEMBL1200699,,http://purl.obolibrary.org/obo/NCIT_C43366,,1967.0
Alzheimer Disease,https://www.ebi.ac.uk/chembl/explore/compound/CHEMBL1200699,,http://schema.org/Drug,,1967.0
Alzheimer Disease,https://www.ebi.ac.uk/chembl/explore/compound/CHEMBL1200711,,http://purl.obolibrary.org/obo/NCIT_C43366,,2004.0
Alzheimer Disease,https://www.ebi.ac.uk/chembl/explore/compound/CHEMBL1200711,,http://schema.org/Drug,,2004.0
Alzheimer Disease,https://www.ebi.ac.uk/chembl/explore/compound/CHEMBL1200806,,http://purl.obolibrary.org/obo/NCIT_C43366,,1980.0
Alzheimer Disease,https://www.ebi.ac.uk/chembl/explore/compound/CHEMBL1200806,,http://schema.org/Drug,,1980.0
Alzheimer Disease,https://www.ebi.ac.uk/chembl/explore/compound/CHEMBL1200826,,http://purl.obolibrary.org/obo/NCIT_C43366,,1970.0
Alzheimer Disease,https://www.ebi.ac.uk/chembl/explore/compound/CHEMBL1200826,,http://schema.org/Drug,,1970.0
Alzheimer Disease,https://www.ebi.ac.uk/chembl/explore/compound/CHEMBL1200904,,http://purl.obolibrary.org/obo/NCIT_C43366,,1989.0
Alzheimer Disease,https://www.ebi.ac.uk/chembl/explore/compound/CHEMBL1200904,,http://schema.org/Drug,,1989.0
Alzheimer Disease,https://www.ebi.ac.uk/chembl/explore/compound/CHEMBL1201066,,http://purl.obolibrary.org/obo/NCIT_C43366,,1993.0
Alzheimer Disease,https://www.ebi.ac.uk/chembl/explore/compound/CHEMBL1201066,,http://schema.org/Drug,,1993.0
Alzheimer Disease,https://www.ebi.ac.uk/chembl/explore/compound/CHEMBL1201092,,http://purl.obolibrary.org/obo/NCIT_C43366,,1998.0
Alzheimer Disease,https://www.ebi.ac.uk/chembl/explore/compound/CHEMBL1201092,,http://schema.org/Drug,,1998.0
Alzheimer Disease,https://www.ebi.ac.uk/chembl/explore/compound/CHEMBL1201168,,http://purl.obolibrary.org/obo/NCIT_C43366,,1959.0
Alzheimer Disease,https://www.ebi.ac.uk/chembl/explore/compound/CHEMBL1201168,,http://schema.org/Drug,,1959.0
Alzheimer Disease,https://www.ebi.ac.uk/chembl/explore/compound/CHEMBL1201774,,http://purl.obolibrary.org/obo/NCIT_C43366,,2007.0
Alzheimer Disease,https://www.ebi.ac.uk/chembl/explore/compound/CHEMBL1201774,,http://schema.org/Drug,,2007.0
Alzheimer Disease,https://www.ebi.ac.uk/chembl/explore/compound/CHEMBL121,,http://purl.obolibrary.org/obo/NCIT_C43366,,1999.0
Alzheimer Disease,https://www.ebi.ac.uk/chembl/explore/compound/CHEMBL121,,http://schema.org/Drug,,1999.0
Alzheimer Disease,https://www.ebi.ac.uk/chembl/explore/compound/CHEMBL122,,http://purl.obolibrary.org/obo/NCIT_C43366,,1999.0
Alzheimer Disease,https://www.ebi.ac.uk/chembl/explore/compound/CHEMBL122,,http://schema.org/Drug,,1999.0
Alzheimer Disease,https://www.ebi.ac.uk/chembl/explore/compound/CHEMBL1222251,,http://purl.obolibrary.org/obo/NCIT_C43366,,
Alzheimer Disease,https://www.ebi.ac.uk/chembl/explore/compound/CHEMBL1222251,,http://schema.org/Drug,,
Alzheimer Disease,https://www.ebi.ac.uk/chembl/explore/compound/CHEMBL1256786,,http://purl.obolibrary.org/obo/NCIT_C43366,,2001.0
Alzheimer Disease,https://www.ebi.ac.uk/chembl/explore/compound/CHEMBL1256786,,http://schema.org/Drug,,2001.0
Alzheimer Disease,https://www.ebi.ac.uk/chembl/explore/compound/CHEMBL127071,,http://purl.obolibrary.org/obo/NCIT_C43366,,
Alzheimer Disease,https://www.ebi.ac.uk/chembl/explore/compound/CHEMBL1276308,,http://purl.obolibrary.org/obo/NCIT_C43366,,2000.0
Alzheimer Disease,https://www.ebi.ac.uk/chembl/explore/compound/CHEMBL1276308,,http://schema.org/Drug,,2000.0
Alzheimer Disease,https://www.ebi.ac.uk/chembl/explore/compound/CHEMBL1277001,,http://purl.obolibrary.org/obo/NCIT_C43366,,
Alzheimer Disease,https://www.ebi.ac.uk/chembl/explore/compound/CHEMBL1286,,http://purl.obolibrary.org/obo/NCIT_C43366,,1999.0
Alzheimer Disease,https://www.ebi.ac.uk/chembl/explore/compound/CHEMBL1286,,http://schema.org/Drug,,1999.0
Alzheimer Disease,https://www.ebi.ac.uk/chembl/explore/compound/CHEMBL1303,,http://purl.obolibrary.org/obo/NCIT_C43366,,2006.0
Alzheimer Disease,https://www.ebi.ac.uk/chembl/explore/compound/CHEMBL1303,,http://schema.org/Drug,,2006.0
Alzheimer Disease,https://www.ebi.ac.uk/chembl/explore/compound/CHEMBL134713,,http://purl.obolibrary.org/obo/NCIT_C43366,,
Alzheimer Disease,https://www.ebi.ac.uk/chembl/explore/compound/CHEMBL135,,http://purl.obolibrary.org/obo/NCIT_C43366,,1975.0
Alzheimer Disease,https://www.ebi.ac.uk/chembl/explore/compound/CHEMBL135,,http://schema.org/Drug,,1975.0
Alzheimer Disease,https://www.ebi.ac.uk/chembl/explore/compound/CHEMBL1364,,http://purl.obolibrary.org/obo/NCIT_C43366,,1982.0
Alzheimer Disease,https://www.ebi.ac.uk/chembl/explore/compound/CHEMBL1364,,http://schema.org/Drug,,1982.0
Alzheimer Disease,https://www.ebi.ac.uk/chembl/explore/compound/CHEMBL1373,,http://purl.obolibrary.org/obo/NCIT_C43366,,1998.0
Alzheimer Disease,https://www.ebi.ac.uk/chembl/explore/compound/CHEMBL1373,,http://schema.org/Drug,,1998.0
Alzheimer Disease,https://www.ebi.ac.uk/chembl/explore/compound/CHEMBL1378,,http://purl.obolibrary.org/obo/NCIT_C43366,,1961.0
Alzheimer Disease,https://www.ebi.ac.uk/chembl/explore/compound/CHEMBL1378,,http://schema.org/Drug,,1961.0
Alzheimer Disease,https://www.ebi.ac.uk/chembl/explore/compound/CHEMBL140,,http://purl.obolibrary.org/obo/NCIT_C43366,,
Alzheimer Disease,https://www.ebi.ac.uk/chembl/explore/compound/CHEMBL140,,http://schema.org/Drug,,
Alzheimer Disease,https://www.ebi.ac.uk/chembl/explore/compound/CHEMBL1406148,,http://purl.obolibrary.org/obo/NCIT_C43366,,
Alzheimer Disease,https://www.ebi.ac.uk/chembl/explore/compound/CHEMBL1406148,,http://schema.org/Drug,,
Alzheimer Disease,https://www.ebi.ac.uk/chembl/explore/compound/CHEMBL141,,http://purl.obolibrary.org/obo/NCIT_C43366,,1995.0
Alzheimer Disease,https://www.ebi.ac.uk/chembl/explore/compound/CHEMBL141,,http://schema.org/Drug,,1995.0
Alzheimer Disease,https://www.ebi.ac.uk/chembl/explore/compound/CHEMBL1421,,http://purl.obolibrary.org/obo/NCIT_C43366,,2006.0
Alzheimer Disease,https://www.ebi.ac.uk/chembl/explore/compound/CHEMBL1421,,http://schema.org/Drug,,2006.0
Alzheimer Disease,https://www.ebi.ac.uk/chembl/explore/compound/CHEMBL14249,,http://purl.obolibrary.org/obo/NCIT_C43366,,
Alzheimer Disease,https://www.ebi.ac.uk/chembl/explore/compound/CHEMBL1464,,http://purl.obolibrary.org/obo/NCIT_C43366,,1954.0
Alzheimer Disease,https://www.ebi.ac.uk/chembl/explore/compound/CHEMBL1464,,http://schema.org/Drug,,1954.0
Alzheimer Disease,https://www.ebi.ac.uk/chembl/explore/compound/CHEMBL146624,,http://purl.obolibrary.org/obo/NCIT_C43366,,
Alzheimer Disease,https://www.ebi.ac.uk/chembl/explore/compound/CHEMBL1485,,http://purl.obolibrary.org/obo/NCIT_C43366,,
Alzheimer Disease,https://www.ebi.ac.uk/chembl/explore/compound/CHEMBL1485,,http://schema.org/Drug,,
Alzheimer Disease,https://www.ebi.ac.uk/chembl/explore/compound/CHEMBL1487,,http://purl.obolibrary.org/obo/NCIT_C43366,,1996.0
Alzheimer Disease,https://www.ebi.ac.uk/chembl/explore/compound/CHEMBL1487,,http://schema.org/Drug,,1996.0
Alzheimer Disease,https://www.ebi.ac.uk/chembl/explore/compound/CHEMBL149082,,http://purl.obolibrary.org/obo/NCIT_C43366,,
Alzheimer Disease,https://www.ebi.ac.uk/chembl/explore/compound/CHEMBL149082,,http://schema.org/Drug,,
Alzheimer Disease,https://www.ebi.ac.uk/chembl/explore/compound/CHEMBL1503,,http://purl.obolibrary.org/obo/NCIT_C43366,,1989.0
Alzheimer Disease,https://www.ebi.ac.uk/chembl/explore/compound/CHEMBL1503,,http://schema.org/Drug,,1989.0
Alzheimer Disease,https://www.ebi.ac.uk/chembl/explore/compound/CHEMBL1508,,http://purl.obolibrary.org/obo/NCIT_C43366,,2002.0
Alzheimer Disease,https://www.ebi.ac.uk/chembl/explore/compound/CHEMBL1508,,http://schema.org/Drug,,2002.0
Alzheimer Disease,https://www.ebi.ac.uk/chembl/explore/compound/CHEMBL1512580,,http://purl.obolibrary.org/obo/NCIT_C43366,,
Alzheimer Disease,https://www.ebi.ac.uk/chembl/explore/compound/CHEMBL1512580,,http://schema.org/Drug,,
Alzheimer Disease,https://www.ebi.ac.uk/chembl/explore/compound/CHEMBL1536,,http://purl.obolibrary.org/obo/NCIT_C43366,,1941.0
Alzheimer Disease,https://www.ebi.ac.uk/chembl/explore/compound/CHEMBL1536,,http://schema.org/Drug,,1941.0
Alzheimer Disease,https://www.ebi.ac.uk/chembl/explore/compound/CHEMBL154,,http://purl.obolibrary.org/obo/NCIT_C43366,,1976.0
Alzheimer Disease,https://www.ebi.ac.uk/chembl/explore/compound/CHEMBL154,,http://schema.org/Drug,,1976.0
Alzheimer Disease,https://www.ebi.ac.uk/chembl/explore/compound/CHEMBL154111,,http://purl.obolibrary.org/obo/NCIT_C43366,,
Alzheimer Disease,https://www.ebi.ac.uk/chembl/explore/compound/CHEMBL1555,,http://purl.obolibrary.org/obo/NCIT_C43366,,2001.0
Alzheimer Disease,https://www.ebi.ac.uk/chembl/explore/compound/CHEMBL1555,,http://schema.org/Drug,,2001.0
Alzheimer Disease,https://www.ebi.ac.uk/chembl/explore/compound/CHEMBL1569487,,http://purl.obolibrary.org/obo/NCIT_C43366,,
Alzheimer Disease,https://www.ebi.ac.uk/chembl/explore/compound/CHEMBL1569487,,http://schema.org/Drug,,
Alzheimer Disease,https://www.ebi.ac.uk/chembl/explore/compound/CHEMBL157101,,http://purl.obolibrary.org/obo/NCIT_C43366,,1981.0
Alzheimer Disease,https://www.ebi.ac.uk/chembl/explore/compound/CHEMBL157101,,http://schema.org/Drug,,1981.0
Alzheimer Disease,https://www.ebi.ac.uk/chembl/explore/compound/CHEMBL1581,,http://purl.obolibrary.org/obo/NCIT_C43366,,1993.0
Alzheimer Disease,https://www.ebi.ac.uk/chembl/explore/compound/CHEMBL1581,,http://schema.org/Drug,,1993.0
Alzheimer Disease,https://www.ebi.ac.uk/chembl/explore/compound/CHEMBL1617,,http://purl.obolibrary.org/obo/NCIT_C43366,,2004.0
Alzheimer Disease,https://www.ebi.ac.uk/chembl/explore/compound/CHEMBL1617,,http://schema.org/Drug,,2004.0
Alzheimer Disease,https://www.ebi.ac.uk/chembl/explore/compound/CHEMBL1622,,http://purl.obolibrary.org/obo/NCIT_C43366,,1982.0
Alzheimer Disease,https://www.ebi.ac.uk/chembl/explore/compound/CHEMBL1622,,http://schema.org/Drug,,1982.0
Alzheimer Disease,https://www.ebi.ac.uk/chembl/explore/compound/CHEMBL165,,http://purl.obolibrary.org/obo/NCIT_C43366,,
Alzheimer Disease,https://www.ebi.ac.uk/chembl/explore/compound/CHEMBL165,,http://schema.org/Drug,,
Alzheimer Disease,https://www.ebi.ac.uk/chembl/explore/compound/CHEMBL1678,,http://purl.obolibrary.org/obo/NCIT_C43366,,1996.0
Alzheimer Disease,https://www.ebi.ac.uk/chembl/explore/compound/CHEMBL1678,,http://schema.org/Drug,,1996.0
Alzheimer Disease,https://www.ebi.ac.uk/chembl/explore/compound/CHEMBL1699,,http://purl.obolibrary.org/obo/NCIT_C43366,,2002.0
Alzheimer Disease,https://www.ebi.ac.uk/chembl/explore/compound/CHEMBL1699,,http://schema.org/Drug,,2002.0
Alzheimer Disease,https://www.ebi.ac.uk/chembl/explore/compound/CHEMBL1702,,http://purl.obolibrary.org/obo/NCIT_C43366,,2002.0
Alzheimer Disease,https://www.ebi.ac.uk/chembl/explore/compound/CHEMBL1702,,http://schema.org/Drug,,2002.0
Alzheimer Disease,https://www.ebi.ac.uk/chembl/explore/compound/CHEMBL1743004,,http://purl.obolibrary.org/obo/NCIT_C43366,,
Alzheimer Disease,https://www.ebi.ac.uk/chembl/explore/compound/CHEMBL1743004,,http://schema.org/Drug,,
Alzheimer Disease,https://www.ebi.ac.uk/chembl/explore/compound/CHEMBL1743007,,http://purl.obolibrary.org/obo/NCIT_C43366,,2015.0
Alzheimer Disease,https://www.ebi.ac.uk/chembl/explore/compound/CHEMBL1743007,,http://schema.org/Drug,,2015.0
Alzheimer Disease,https://www.ebi.ac.uk/chembl/explore/compound/CHEMBL1743025,,http://purl.obolibrary.org/obo/NCIT_C43366,,
Alzheimer Disease,https://www.ebi.ac.uk/chembl/explore/compound/CHEMBL1743025,,http://schema.org/Drug,,
Alzheimer Disease,https://www.ebi.ac.uk/chembl/explore/compound/CHEMBL1743058,,http://purl.obolibrary.org/obo/NCIT_C43366,,
Alzheimer Disease,https://www.ebi.ac.uk/chembl/explore/compound/CHEMBL1743072,,http://purl.obolibrary.org/obo/NCIT_C43366,,
Alzheimer Disease,https://www.ebi.ac.uk/chembl/explore/compound/CHEMBL1743072,,http://schema.org/Drug,,
Alzheimer Disease,https://www.ebi.ac.uk/chembl/explore/compound/CHEMBL1774461,,http://purl.obolibrary.org/obo/NCIT_C43366,,2012.0
Alzheimer Disease,https://www.ebi.ac.uk/chembl/explore/compound/CHEMBL1774461,,http://schema.org/Drug,,2012.0
Alzheimer Disease,https://www.ebi.ac.uk/chembl/explore/compound/CHEMBL1794791,,http://purl.obolibrary.org/obo/NCIT_C43366,,
Alzheimer Disease,https://www.ebi.ac.uk/chembl/explore/compound/CHEMBL188462,,http://purl.obolibrary.org/obo/NCIT_C43366,,
Alzheimer Disease,https://www.ebi.ac.uk/chembl/explore/compound/CHEMBL190083,,http://purl.obolibrary.org/obo/NCIT_C43366,,
Alzheimer Disease,https://www.ebi.ac.uk/chembl/explore/compound/CHEMBL190083,,http://schema.org/Drug,,
Alzheimer Disease,https://www.ebi.ac.uk/chembl/explore/compound/CHEMBL190461,,http://purl.obolibrary.org/obo/NCIT_C43366,,2018.0
Alzheimer Disease,https://www.ebi.ac.uk/chembl/explore/compound/CHEMBL190461,,http://schema.org/Drug,,2018.0
Alzheimer Disease,https://www.ebi.ac.uk/chembl/explore/compound/CHEMBL1908391,,http://purl.obolibrary.org/obo/NCIT_C43366,,
Alzheimer Disease,https://www.ebi.ac.uk/chembl/explore/compound/CHEMBL1908391,,http://schema.org/Drug,,
Alzheimer Disease,https://www.ebi.ac.uk/chembl/explore/compound/CHEMBL1908906,,http://purl.obolibrary.org/obo/NCIT_C43366,,2014.0
Alzheimer Disease,https://www.ebi.ac.uk/chembl/explore/compound/CHEMBL1908906,,http://schema.org/Drug,,2014.0
Alzheimer Disease,https://www.ebi.ac.uk/chembl/explore/compound/CHEMBL1951865,,http://purl.obolibrary.org/obo/NCIT_C43366,,
Alzheimer Disease,https://www.ebi.ac.uk/chembl/explore/compound/CHEMBL198877,,http://purl.obolibrary.org/obo/NCIT_C43366,,
Alzheimer Disease,https://www.ebi.ac.uk/chembl/explore/compound/CHEMBL2030434,,http://purl.obolibrary.org/obo/NCIT_C43366,,1994.0
Alzheimer Disease,https://www.ebi.ac.uk/chembl/explore/compound/CHEMBL2030434,,http://schema.org/Drug,,1994.0
Alzheimer Disease,https://www.ebi.ac.uk/chembl/explore/compound/CHEMBL2042122,,http://purl.obolibrary.org/obo/NCIT_C43366,,2013.0
Alzheimer Disease,https://www.ebi.ac.uk/chembl/explore/compound/CHEMBL2042122,,http://schema.org/Drug,,2013.0
Alzheimer Disease,https://www.ebi.ac.uk/chembl/explore/compound/CHEMBL207538,,http://purl.obolibrary.org/obo/NCIT_C43366,,2019.0
Alzheimer Disease,https://www.ebi.ac.uk/chembl/explore/compound/CHEMBL207538,,http://schema.org/Drug,,2019.0
Alzheimer Disease,https://www.ebi.ac.uk/chembl/explore/compound/CHEMBL2087337,,http://purl.obolibrary.org/obo/NCIT_C43366,,
Alzheimer Disease,https://www.ebi.ac.uk/chembl/explore/compound/CHEMBL2095209,,http://purl.obolibrary.org/obo/NCIT_C43366,,2012.0
Alzheimer Disease,https://www.ebi.ac.uk/chembl/explore/compound/CHEMBL2095209,,http://schema.org/Drug,,2012.0
Alzheimer Disease,https://www.ebi.ac.uk/chembl/explore/compound/CHEMBL2103849,,http://purl.obolibrary.org/obo/NCIT_C43366,,
Alzheimer Disease,https://www.ebi.ac.uk/chembl/explore/compound/CHEMBL2103849,,http://schema.org/Drug,,
Alzheimer Disease,https://www.ebi.ac.uk/chembl/explore/compound/CHEMBL2103880,,http://purl.obolibrary.org/obo/NCIT_C43366,,
Alzheimer Disease,https://www.ebi.ac.uk/chembl/explore/compound/CHEMBL2104981,,http://purl.obolibrary.org/obo/NCIT_C43366,,
Alzheimer Disease,https://www.ebi.ac.uk/chembl/explore/compound/CHEMBL2105613,,http://purl.obolibrary.org/obo/NCIT_C43366,,1983.0
Alzheimer Disease,https://www.ebi.ac.uk/chembl/explore/compound/CHEMBL2105613,,http://schema.org/Drug,,1983.0
Alzheimer Disease,https://www.ebi.ac.uk/chembl/explore/compound/CHEMBL2105760,,http://purl.obolibrary.org/obo/NCIT_C43366,,2015.0
Alzheimer Disease,https://www.ebi.ac.uk/chembl/explore/compound/CHEMBL2105760,,http://schema.org/Drug,,2015.0
Alzheimer Disease,https://www.ebi.ac.uk/chembl/explore/compound/CHEMBL2107349,,http://purl.obolibrary.org/obo/NCIT_C43366,,
Alzheimer Disease,https://www.ebi.ac.uk/chembl/explore/compound/CHEMBL2107349,,http://schema.org/Drug,,
Alzheimer Disease,https://www.ebi.ac.uk/chembl/explore/compound/CHEMBL2107767,,http://purl.obolibrary.org/obo/NCIT_C43366,,
Alzheimer Disease,https://www.ebi.ac.uk/chembl/explore/compound/CHEMBL2107801,,http://purl.obolibrary.org/obo/NCIT_C43366,,
Alzheimer Disease,https://www.ebi.ac.uk/chembl/explore/compound/CHEMBL2108576,,http://purl.obolibrary.org/obo/NCIT_C43366,,
Alzheimer Disease,https://www.ebi.ac.uk/chembl/explore/compound/CHEMBL2108576,,http://schema.org/Drug,,
Alzheimer Disease,https://www.ebi.ac.uk/chembl/explore/compound/CHEMBL2110563,,http://purl.obolibrary.org/obo/NCIT_C43366,,1982.0
Alzheimer Disease,https://www.ebi.ac.uk/chembl/explore/compound/CHEMBL2110563,,http://schema.org/Drug,,1982.0
Alzheimer Disease,https://www.ebi.ac.uk/chembl/explore/compound/CHEMBL2110954,,http://purl.obolibrary.org/obo/NCIT_C43366,,
Alzheimer Disease,https://www.ebi.ac.uk/chembl/explore/compound/CHEMBL2110954,,http://schema.org/Drug,,
Alzheimer Disease,https://www.ebi.ac.uk/chembl/explore/compound/CHEMBL2111051,,http://purl.obolibrary.org/obo/NCIT_C43366,,
Alzheimer Disease,https://www.ebi.ac.uk/chembl/explore/compound/CHEMBL2151197,,http://purl.obolibrary.org/obo/NCIT_C43366,,
Alzheimer Disease,https://www.ebi.ac.uk/chembl/explore/compound/CHEMBL2151205,,http://purl.obolibrary.org/obo/NCIT_C43366,,
Alzheimer Disease,https://www.ebi.ac.uk/chembl/explore/compound/CHEMBL2151437,,http://purl.obolibrary.org/obo/NCIT_C43366,,
Alzheimer Disease,https://www.ebi.ac.uk/chembl/explore/compound/CHEMBL2151572,,http://purl.obolibrary.org/obo/NCIT_C43366,,
Alzheimer Disease,https://www.ebi.ac.uk/chembl/explore/compound/CHEMBL2151572,,http://schema.org/Drug,,
Alzheimer Disease,https://www.ebi.ac.uk/chembl/explore/compound/CHEMBL2158614,,http://purl.obolibrary.org/obo/NCIT_C43366,,
Alzheimer Disease,https://www.ebi.ac.uk/chembl/explore/compound/CHEMBL2158614,,http://schema.org/Drug,,
Alzheimer Disease,https://www.ebi.ac.uk/chembl/explore/compound/CHEMBL217092,,http://purl.obolibrary.org/obo/NCIT_C43366,,
Alzheimer Disease,https://www.ebi.ac.uk/chembl/explore/compound/CHEMBL217092,,http://schema.org/Drug,,
Alzheimer Disease,https://www.ebi.ac.uk/chembl/explore/compound/CHEMBL2177913,,http://purl.obolibrary.org/obo/NCIT_C43366,,
Alzheimer Disease,https://www.ebi.ac.uk/chembl/explore/compound/CHEMBL2179105,,http://purl.obolibrary.org/obo/NCIT_C43366,,
Alzheimer Disease,https://www.ebi.ac.uk/chembl/explore/compound/CHEMBL2179529,,http://purl.obolibrary.org/obo/NCIT_C43366,,
Alzheimer Disease,https://www.ebi.ac.uk/chembl/explore/compound/CHEMBL218166,,http://purl.obolibrary.org/obo/NCIT_C43366,,
Alzheimer Disease,https://www.ebi.ac.uk/chembl/explore/compound/CHEMBL218166,,http://schema.org/Drug,,
Alzheimer Disease,https://www.ebi.ac.uk/chembl/explore/compound/CHEMBL2333941,,http://purl.obolibrary.org/obo/NCIT_C43366,,
Alzheimer Disease,https://www.ebi.ac.uk/chembl/explore/compound/CHEMBL2387144,,http://purl.obolibrary.org/obo/NCIT_C43366,,
Alzheimer Disease,https://www.ebi.ac.uk/chembl/explore/compound/CHEMBL2396989,,http://purl.obolibrary.org/obo/NCIT_C43366,,
Alzheimer Disease,https://www.ebi.ac.uk/chembl/explore/compound/CHEMBL2448613,,http://purl.obolibrary.org/obo/NCIT_C43366,,2016.0
Alzheimer Disease,https://www.ebi.ac.uk/chembl/explore/compound/CHEMBL2448613,,http://schema.org/Drug,,2016.0
Alzheimer Disease,https://www.ebi.ac.uk/chembl/explore/compound/CHEMBL25202,,http://purl.obolibrary.org/obo/NCIT_C43366,,2005.0
Alzheimer Disease,https://www.ebi.ac.uk/chembl/explore/compound/CHEMBL25202,,http://schema.org/Drug,,2005.0
Alzheimer Disease,https://www.ebi.ac.uk/chembl/explore/compound/CHEMBL255863,,http://purl.obolibrary.org/obo/NCIT_C43366,,2007.0
Alzheimer Disease,https://www.ebi.ac.uk/chembl/explore/compound/CHEMBL255863,,http://schema.org/Drug,,2007.0
Alzheimer Disease,https://www.ebi.ac.uk/chembl/explore/compound/CHEMBL260829,,http://purl.obolibrary.org/obo/NCIT_C43366,,
Alzheimer Disease,https://www.ebi.ac.uk/chembl/explore/compound/CHEMBL279597,,http://purl.obolibrary.org/obo/NCIT_C43366,,
Alzheimer Disease,https://www.ebi.ac.uk/chembl/explore/compound/CHEMBL279597,,http://schema.org/Drug,,
Alzheimer Disease,https://www.ebi.ac.uk/chembl/explore/compound/CHEMBL297453,,http://purl.obolibrary.org/obo/NCIT_C43366,,
Alzheimer Disease,https://www.ebi.ac.uk/chembl/explore/compound/CHEMBL297453,,http://schema.org/Drug,,
Alzheimer Disease,https://www.ebi.ac.uk/chembl/explore/compound/CHEMBL301265,,http://purl.obolibrary.org/obo/NCIT_C43366,,1997.0
Alzheimer Disease,https://www.ebi.ac.uk/chembl/explore/compound/CHEMBL301265,,http://schema.org/Drug,,1997.0
Alzheimer Disease,https://www.ebi.ac.uk/chembl/explore/compound/CHEMBL3039540,,http://purl.obolibrary.org/obo/NCIT_C43366,,2021.0
Alzheimer Disease,https://www.ebi.ac.uk/chembl/explore/compound/CHEMBL3039540,,http://schema.org/Drug,,2021.0
Alzheimer Disease,https://www.ebi.ac.uk/chembl/explore/compound/CHEMBL3092650,,http://purl.obolibrary.org/obo/NCIT_C43366,,
Alzheimer Disease,https://www.ebi.ac.uk/chembl/explore/compound/CHEMBL3137323,,http://purl.obolibrary.org/obo/NCIT_C43366,,
Alzheimer Disease,https://www.ebi.ac.uk/chembl/explore/compound/CHEMBL3137323,,http://schema.org/Drug,,
Alzheimer Disease,https://www.ebi.ac.uk/chembl/explore/compound/CHEMBL3187683,,http://purl.obolibrary.org/obo/NCIT_C43366,,
Alzheimer Disease,https://www.ebi.ac.uk/chembl/explore/compound/CHEMBL32,,http://purl.obolibrary.org/obo/NCIT_C43366,,1999.0
Alzheimer Disease,https://www.ebi.ac.uk/chembl/explore/compound/CHEMBL32,,http://schema.org/Drug,,1999.0
Alzheimer Disease,https://www.ebi.ac.uk/chembl/explore/compound/CHEMBL325424,,http://purl.obolibrary.org/obo/NCIT_C43366,,
Alzheimer Disease,https://www.ebi.ac.uk/chembl/explore/compound/CHEMBL3286580,,http://purl.obolibrary.org/obo/NCIT_C43366,,
Alzheimer Disease,https://www.ebi.ac.uk/chembl/explore/compound/CHEMBL3286580,,http://schema.org/Drug,,
Alzheimer Disease,https://www.ebi.ac.uk/chembl/explore/compound/CHEMBL3301601,,http://purl.obolibrary.org/obo/NCIT_C43366,,
Alzheimer Disease,https://www.ebi.ac.uk/chembl/explore/compound/CHEMBL3301601,,http://schema.org/Drug,,
Alzheimer Disease,https://www.ebi.ac.uk/chembl/explore/compound/CHEMBL3306803,,http://purl.obolibrary.org/obo/NCIT_C43366,,2019.0
Alzheimer Disease,https://www.ebi.ac.uk/chembl/explore/compound/CHEMBL3306803,,http://schema.org/Drug,,2019.0
Alzheimer Disease,https://www.ebi.ac.uk/chembl/explore/compound/CHEMBL3306918,,http://purl.obolibrary.org/obo/NCIT_C43366,,
Alzheimer Disease,https://www.ebi.ac.uk/chembl/explore/compound/CHEMBL3329435,,http://purl.obolibrary.org/obo/NCIT_C43366,,
Alzheimer Disease,https://www.ebi.ac.uk/chembl/explore/compound/CHEMBL33864,,http://purl.obolibrary.org/obo/NCIT_C43366,,
Alzheimer Disease,https://www.ebi.ac.uk/chembl/explore/compound/CHEMBL33864,,http://schema.org/Drug,,
Alzheimer Disease,https://www.ebi.ac.uk/chembl/explore/compound/CHEMBL3421729,,http://purl.obolibrary.org/obo/NCIT_C43366,,
Alzheimer Disease,https://www.ebi.ac.uk/chembl/explore/compound/CHEMBL3545029,,http://purl.obolibrary.org/obo/NCIT_C43366,,
Alzheimer Disease,https://www.ebi.ac.uk/chembl/explore/compound/CHEMBL3545157,,http://purl.obolibrary.org/obo/NCIT_C43366,,
Alzheimer Disease,https://www.ebi.ac.uk/chembl/explore/compound/CHEMBL3545166,,http://purl.obolibrary.org/obo/NCIT_C43366,,
Alzheimer Disease,https://www.ebi.ac.uk/chembl/explore/compound/CHEMBL3545166,,http://schema.org/Drug,,
Alzheimer Disease,https://www.ebi.ac.uk/chembl/explore/compound/CHEMBL3545231,,http://purl.obolibrary.org/obo/NCIT_C43366,,
Alzheimer Disease,https://www.ebi.ac.uk/chembl/explore/compound/CHEMBL3545232,,http://purl.obolibrary.org/obo/NCIT_C43366,,
Alzheimer Disease,https://www.ebi.ac.uk/chembl/explore/compound/CHEMBL3545253,,http://purl.obolibrary.org/obo/NCIT_C43366,,2020.0
Alzheimer Disease,https://www.ebi.ac.uk/chembl/explore/compound/CHEMBL3545253,,http://schema.org/Drug,,2020.0
Alzheimer Disease,https://www.ebi.ac.uk/chembl/explore/compound/CHEMBL3545367,,http://purl.obolibrary.org/obo/NCIT_C43366,,2020.0
Alzheimer Disease,https://www.ebi.ac.uk/chembl/explore/compound/CHEMBL3545367,,http://schema.org/Drug,,2020.0
Alzheimer Disease,https://www.ebi.ac.uk/chembl/explore/compound/CHEMBL3546271,,http://purl.obolibrary.org/obo/NCIT_C43366,,2020.0
Alzheimer Disease,https://www.ebi.ac.uk/chembl/explore/compound/CHEMBL3546271,,http://schema.org/Drug,,2020.0
Alzheimer Disease,https://www.ebi.ac.uk/chembl/explore/compound/CHEMBL356388,,http://purl.obolibrary.org/obo/NCIT_C43366,,
Alzheimer Disease,https://www.ebi.ac.uk/chembl/explore/compound/CHEMBL3597971,,http://purl.obolibrary.org/obo/NCIT_C43366,,
Alzheimer Disease,https://www.ebi.ac.uk/chembl/explore/compound/CHEMBL3597971,,http://schema.org/Drug,,
Alzheimer Disease,https://www.ebi.ac.uk/chembl/explore/compound/CHEMBL3634561,,http://purl.obolibrary.org/obo/NCIT_C43366,,
Alzheimer Disease,https://www.ebi.ac.uk/chembl/explore/compound/CHEMBL3659477,,http://purl.obolibrary.org/obo/NCIT_C43366,,
Alzheimer Disease,https://www.ebi.ac.uk/chembl/explore/compound/CHEMBL3670800,,http://purl.obolibrary.org/obo/NCIT_C43366,,
Alzheimer Disease,https://www.ebi.ac.uk/chembl/explore/compound/CHEMBL367149,,http://purl.obolibrary.org/obo/NCIT_C43366,,
Alzheimer Disease,https://www.ebi.ac.uk/chembl/explore/compound/CHEMBL367149,,http://schema.org/Drug,,
Alzheimer Disease,https://www.ebi.ac.uk/chembl/explore/compound/CHEMBL3697578,,http://purl.obolibrary.org/obo/NCIT_C43366,,
Alzheimer Disease,https://www.ebi.ac.uk/chembl/explore/compound/CHEMBL372205,,http://purl.obolibrary.org/obo/NCIT_C43366,,
Alzheimer Disease,https://www.ebi.ac.uk/chembl/explore/compound/CHEMBL372205,,http://schema.org/Drug,,
Alzheimer Disease,https://www.ebi.ac.uk/chembl/explore/compound/CHEMBL374478,,http://purl.obolibrary.org/obo/NCIT_C43366,,1971.0
Alzheimer Disease,https://www.ebi.ac.uk/chembl/explore/compound/CHEMBL374478,,http://schema.org/Drug,,1971.0
Alzheimer Disease,https://www.ebi.ac.uk/chembl/explore/compound/CHEMBL3785197,,http://purl.obolibrary.org/obo/NCIT_C43366,,
Alzheimer Disease,https://www.ebi.ac.uk/chembl/explore/compound/CHEMBL3785197,,http://schema.org/Drug,,
Alzheimer Disease,https://www.ebi.ac.uk/chembl/explore/compound/CHEMBL3833321,,http://purl.obolibrary.org/obo/NCIT_C43366,,2023.0
Alzheimer Disease,https://www.ebi.ac.uk/chembl/explore/compound/CHEMBL3833321,,http://schema.org/Drug,,2023.0
Alzheimer Disease,https://www.ebi.ac.uk/chembl/explore/compound/CHEMBL3916243,,http://purl.obolibrary.org/obo/NCIT_C43366,,
Alzheimer Disease,https://www.ebi.ac.uk/chembl/explore/compound/CHEMBL393220,,http://purl.obolibrary.org/obo/NCIT_C43366,,1996.0
Alzheimer Disease,https://www.ebi.ac.uk/chembl/explore/compound/CHEMBL393220,,http://schema.org/Drug,,1996.0
Alzheimer Disease,https://www.ebi.ac.uk/chembl/explore/compound/CHEMBL395280,,http://purl.obolibrary.org/obo/NCIT_C43366,,
Alzheimer Disease,https://www.ebi.ac.uk/chembl/explore/compound/CHEMBL3989517,,http://purl.obolibrary.org/obo/NCIT_C43366,,2000.0
Alzheimer Disease,https://www.ebi.ac.uk/chembl/explore/compound/CHEMBL3989517,,http://schema.org/Drug,,2000.0
Alzheimer Disease,https://www.ebi.ac.uk/chembl/explore/compound/CHEMBL3989690,,http://purl.obolibrary.org/obo/NCIT_C43366,,
Alzheimer Disease,https://www.ebi.ac.uk/chembl/explore/compound/CHEMBL3989929,,http://purl.obolibrary.org/obo/NCIT_C43366,,
Alzheimer Disease,https://www.ebi.ac.uk/chembl/explore/compound/CHEMBL3989929,,http://schema.org/Drug,,
Alzheimer Disease,https://www.ebi.ac.uk/chembl/explore/compound/CHEMBL3989948,,http://purl.obolibrary.org/obo/NCIT_C43366,,
Alzheimer Disease,https://www.ebi.ac.uk/chembl/explore/compound/CHEMBL3989948,,http://schema.org/Drug,,
Alzheimer Disease,https://www.ebi.ac.uk/chembl/explore/compound/CHEMBL3990042,,http://purl.obolibrary.org/obo/NCIT_C43366,,
Alzheimer Disease,https://www.ebi.ac.uk/chembl/explore/compound/CHEMBL405110,,http://purl.obolibrary.org/obo/NCIT_C43366,,2011.0
Alzheimer Disease,https://www.ebi.ac.uk/chembl/explore/compound/CHEMBL405110,,http://schema.org/Drug,,2011.0
Alzheimer Disease,https://www.ebi.ac.uk/chembl/explore/compound/CHEMBL4078588,,http://purl.obolibrary.org/obo/NCIT_C43366,,
Alzheimer Disease,https://www.ebi.ac.uk/chembl/explore/compound/CHEMBL4117187,,http://purl.obolibrary.org/obo/NCIT_C43366,,
Alzheimer Disease,https://www.ebi.ac.uk/chembl/explore/compound/CHEMBL4117187,,http://schema.org/Drug,,
Alzheimer Disease,https://www.ebi.ac.uk/chembl/explore/compound/CHEMBL4129018,,http://purl.obolibrary.org/obo/NCIT_C43366,,
Alzheimer Disease,https://www.ebi.ac.uk/chembl/explore/compound/CHEMBL413,,http://purl.obolibrary.org/obo/NCIT_C43366,,1999.0
Alzheimer Disease,https://www.ebi.ac.uk/chembl/explore/compound/CHEMBL413,,http://schema.org/Drug,,1999.0
Alzheimer Disease,https://www.ebi.ac.uk/chembl/explore/compound/CHEMBL4204869,,http://purl.obolibrary.org/obo/NCIT_C43366,,
Alzheimer Disease,https://www.ebi.ac.uk/chembl/explore/compound/CHEMBL4204869,,http://schema.org/Drug,,
Alzheimer Disease,https://www.ebi.ac.uk/chembl/explore/compound/CHEMBL4206492,,http://purl.obolibrary.org/obo/NCIT_C43366,,
Alzheimer Disease,https://www.ebi.ac.uk/chembl/explore/compound/CHEMBL428880,,http://purl.obolibrary.org/obo/NCIT_C43366,,1982.0
Alzheimer Disease,https://www.ebi.ac.uk/chembl/explore/compound/CHEMBL428880,,http://schema.org/Drug,,1982.0
Alzheimer Disease,https://www.ebi.ac.uk/chembl/explore/compound/CHEMBL4297221,,http://purl.obolibrary.org/obo/NCIT_C43366,,
Alzheimer Disease,https://www.ebi.ac.uk/chembl/explore/compound/CHEMBL4297221,,http://schema.org/Drug,,
Alzheimer Disease,https://www.ebi.ac.uk/chembl/explore/compound/CHEMBL4297245,,http://purl.obolibrary.org/obo/NCIT_C43366,,
Alzheimer Disease,https://www.ebi.ac.uk/chembl/explore/compound/CHEMBL4297245,,http://schema.org/Drug,,
Alzheimer Disease,https://www.ebi.ac.uk/chembl/explore/compound/CHEMBL4297256,,http://purl.obolibrary.org/obo/NCIT_C43366,,
Alzheimer Disease,https://www.ebi.ac.uk/chembl/explore/compound/CHEMBL4297312,,http://purl.obolibrary.org/obo/NCIT_C43366,,
Alzheimer Disease,https://www.ebi.ac.uk/chembl/explore/compound/CHEMBL4297367,,http://purl.obolibrary.org/obo/NCIT_C43366,,
Alzheimer Disease,https://www.ebi.ac.uk/chembl/explore/compound/CHEMBL4297411,,http://purl.obolibrary.org/obo/NCIT_C43366,,
Alzheimer Disease,https://www.ebi.ac.uk/chembl/explore/compound/CHEMBL4297411,,http://schema.org/Drug,,
Alzheimer Disease,https://www.ebi.ac.uk/chembl/explore/compound/CHEMBL4297417,,http://purl.obolibrary.org/obo/NCIT_C43366,,
Alzheimer Disease,https://www.ebi.ac.uk/chembl/explore/compound/CHEMBL4297417,,http://schema.org/Drug,,
Alzheimer Disease,https://www.ebi.ac.uk/chembl/explore/compound/CHEMBL4297437,,http://purl.obolibrary.org/obo/NCIT_C43366,,
Alzheimer Disease,https://www.ebi.ac.uk/chembl/explore/compound/CHEMBL4297438,,http://purl.obolibrary.org/obo/NCIT_C43366,,
Alzheimer Disease,https://www.ebi.ac.uk/chembl/explore/compound/CHEMBL4297523,,http://purl.obolibrary.org/obo/NCIT_C43366,,
Alzheimer Disease,https://www.ebi.ac.uk/chembl/explore/compound/CHEMBL4297860,,http://purl.obolibrary.org/obo/NCIT_C43366,,
Alzheimer Disease,https://www.ebi.ac.uk/chembl/explore/compound/CHEMBL4297884,,http://purl.obolibrary.org/obo/NCIT_C43366,,
Alzheimer Disease,https://www.ebi.ac.uk/chembl/explore/compound/CHEMBL4298021,,http://purl.obolibrary.org/obo/NCIT_C43366,,
Alzheimer Disease,https://www.ebi.ac.uk/chembl/explore/compound/CHEMBL4298093,,http://purl.obolibrary.org/obo/NCIT_C43366,,
Alzheimer Disease,https://www.ebi.ac.uk/chembl/explore/compound/CHEMBL429910,,http://purl.obolibrary.org/obo/NCIT_C43366,,2012.0
Alzheimer Disease,https://www.ebi.ac.uk/chembl/explore/compound/CHEMBL429910,,http://schema.org/Drug,,2012.0
Alzheimer Disease,https://www.ebi.ac.uk/chembl/explore/compound/CHEMBL4303387,,http://purl.obolibrary.org/obo/NCIT_C43366,,
Alzheimer Disease,https://www.ebi.ac.uk/chembl/explore/compound/CHEMBL4303665,,http://purl.obolibrary.org/obo/NCIT_C43366,,
Alzheimer Disease,https://www.ebi.ac.uk/chembl/explore/compound/CHEMBL4303665,,http://schema.org/Drug,,
Alzheimer Disease,https://www.ebi.ac.uk/chembl/explore/compound/CHEMBL449158,,http://purl.obolibrary.org/obo/NCIT_C43366,,
Alzheimer Disease,https://www.ebi.ac.uk/chembl/explore/compound/CHEMBL4519121,,http://purl.obolibrary.org/obo/NCIT_C43366,,
Alzheimer Disease,https://www.ebi.ac.uk/chembl/explore/compound/CHEMBL4541964,,http://purl.obolibrary.org/obo/NCIT_C43366,,
Alzheimer Disease,https://www.ebi.ac.uk/chembl/explore/compound/CHEMBL4541964,,http://schema.org/Drug,,
Alzheimer Disease,https://www.ebi.ac.uk/chembl/explore/compound/CHEMBL457,,http://purl.obolibrary.org/obo/NCIT_C43366,,1981.0
Alzheimer Disease,https://www.ebi.ac.uk/chembl/explore/compound/CHEMBL457,,http://schema.org/Drug,,1981.0
Alzheimer Disease,https://www.ebi.ac.uk/chembl/explore/compound/CHEMBL4571075,,http://purl.obolibrary.org/obo/NCIT_C43366,,
Alzheimer Disease,https://www.ebi.ac.uk/chembl/explore/compound/CHEMBL4594269,,http://purl.obolibrary.org/obo/NCIT_C43366,,
Alzheimer Disease,https://www.ebi.ac.uk/chembl/explore/compound/CHEMBL4594269,,http://schema.org/Drug,,
Alzheimer Disease,https://www.ebi.ac.uk/chembl/explore/compound/CHEMBL4594296,,http://purl.obolibrary.org/obo/NCIT_C43366,,
Alzheimer Disease,https://www.ebi.ac.uk/chembl/explore/compound/CHEMBL4594351,,http://purl.obolibrary.org/obo/NCIT_C43366,,
Alzheimer Disease,https://www.ebi.ac.uk/chembl/explore/compound/CHEMBL4594411,,http://purl.obolibrary.org/obo/NCIT_C43366,,2022.0
Alzheimer Disease,https://www.ebi.ac.uk/chembl/explore/compound/CHEMBL4594411,,http://schema.org/Drug,,2022.0
Alzheimer Disease,https://www.ebi.ac.uk/chembl/explore/compound/CHEMBL4594612,,http://purl.obolibrary.org/obo/NCIT_C43366,,
Alzheimer Disease,https://www.ebi.ac.uk/chembl/explore/compound/CHEMBL463981,,http://purl.obolibrary.org/obo/NCIT_C43366,,
Alzheimer Disease,https://www.ebi.ac.uk/chembl/explore/compound/CHEMBL4650230,,http://purl.obolibrary.org/obo/NCIT_C43366,,
Alzheimer Disease,https://www.ebi.ac.uk/chembl/explore/compound/CHEMBL4650230,,http://schema.org/Drug,,
Alzheimer Disease,https://www.ebi.ac.uk/chembl/explore/compound/CHEMBL4650231,,http://purl.obolibrary.org/obo/NCIT_C43366,,
Alzheimer Disease,https://www.ebi.ac.uk/chembl/explore/compound/CHEMBL4650301,,http://purl.obolibrary.org/obo/NCIT_C43366,,
Alzheimer Disease,https://www.ebi.ac.uk/chembl/explore/compound/CHEMBL4650301,,http://schema.org/Drug,,
Alzheimer Disease,https://www.ebi.ac.uk/chembl/explore/compound/CHEMBL4650402,,http://purl.obolibrary.org/obo/NCIT_C43366,,
Alzheimer Disease,https://www.ebi.ac.uk/chembl/explore/compound/CHEMBL468,,http://purl.obolibrary.org/obo/NCIT_C43366,,1956.0
Alzheimer Disease,https://www.ebi.ac.uk/chembl/explore/compound/CHEMBL468,,http://schema.org/Drug,,1956.0
Alzheimer Disease,https://www.ebi.ac.uk/chembl/explore/compound/CHEMBL468154,,http://purl.obolibrary.org/obo/NCIT_C43366,,
Alzheimer Disease,https://www.ebi.ac.uk/chembl/explore/compound/CHEMBL476323,,http://purl.obolibrary.org/obo/NCIT_C43366,,
Alzheimer Disease,https://www.ebi.ac.uk/chembl/explore/compound/CHEMBL4802155,,http://purl.obolibrary.org/obo/NCIT_C43366,,
Alzheimer Disease,https://www.ebi.ac.uk/chembl/explore/compound/CHEMBL4802252,,http://purl.obolibrary.org/obo/NCIT_C43366,,
Alzheimer Disease,https://www.ebi.ac.uk/chembl/explore/compound/CHEMBL4804173,,http://purl.obolibrary.org/obo/NCIT_C43366,,
Alzheimer Disease,https://www.ebi.ac.uk/chembl/explore/compound/CHEMBL4804173,,http://schema.org/Drug,,
Alzheimer Disease,https://www.ebi.ac.uk/chembl/explore/compound/CHEMBL480558,,http://purl.obolibrary.org/obo/NCIT_C43366,,
Alzheimer Disease,https://www.ebi.ac.uk/chembl/explore/compound/CHEMBL493,,http://purl.obolibrary.org/obo/NCIT_C43366,,1978.0
Alzheimer Disease,https://www.ebi.ac.uk/chembl/explore/compound/CHEMBL493,,http://schema.org/Drug,,1978.0
Alzheimer Disease,https://www.ebi.ac.uk/chembl/explore/compound/CHEMBL50,,http://purl.obolibrary.org/obo/NCIT_C43366,,
Alzheimer Disease,https://www.ebi.ac.uk/chembl/explore/compound/CHEMBL50,,http://schema.org/Drug,,
Alzheimer Disease,https://www.ebi.ac.uk/chembl/explore/compound/CHEMBL501680,,http://purl.obolibrary.org/obo/NCIT_C43366,,
Alzheimer Disease,https://www.ebi.ac.uk/chembl/explore/compound/CHEMBL502,,http://purl.obolibrary.org/obo/NCIT_C43366,,1996.0
Alzheimer Disease,https://www.ebi.ac.uk/chembl/explore/compound/CHEMBL502,,http://schema.org/Drug,,1996.0
Alzheimer Disease,https://www.ebi.ac.uk/chembl/explore/compound/CHEMBL5095032,,http://purl.obolibrary.org/obo/NCIT_C43366,,
Alzheimer Disease,https://www.ebi.ac.uk/chembl/explore/compound/CHEMBL5095056,,http://purl.obolibrary.org/obo/NCIT_C43366,,2024.0
Alzheimer Disease,https://www.ebi.ac.uk/chembl/explore/compound/CHEMBL5095056,,http://schema.org/Drug,,2024.0
Alzheimer Disease,https://www.ebi.ac.uk/chembl/explore/compound/CHEMBL5095213,,http://purl.obolibrary.org/obo/NCIT_C43366,,
Alzheimer Disease,https://www.ebi.ac.uk/chembl/explore/compound/CHEMBL5095213,,http://schema.org/Drug,,
Alzheimer Disease,https://www.ebi.ac.uk/chembl/explore/compound/CHEMBL5095230,,http://purl.obolibrary.org/obo/NCIT_C43366,,
Alzheimer Disease,https://www.ebi.ac.uk/chembl/explore/compound/CHEMBL5095251,,http://purl.obolibrary.org/obo/NCIT_C43366,,
Alzheimer Disease,https://www.ebi.ac.uk/chembl/explore/compound/CHEMBL5095377,,http://purl.obolibrary.org/obo/NCIT_C43366,,
Alzheimer Disease,https://www.ebi.ac.uk/chembl/explore/compound/CHEMBL5095412,,http://purl.obolibrary.org/obo/NCIT_C43366,,
Alzheimer Disease,https://www.ebi.ac.uk/chembl/explore/compound/CHEMBL5095412,,http://schema.org/Drug,,
Alzheimer Disease,https://www.ebi.ac.uk/chembl/explore/compound/CHEMBL5095419,,http://purl.obolibrary.org/obo/NCIT_C43366,,
Alzheimer Disease,https://www.ebi.ac.uk/chembl/explore/compound/CHEMBL5095419,,http://schema.org/Drug,,
Alzheimer Disease,https://www.ebi.ac.uk/chembl/explore/compound/CHEMBL5095484,,http://purl.obolibrary.org/obo/NCIT_C43366,,
Alzheimer Disease,https://www.ebi.ac.uk/chembl/explore/compound/CHEMBL5095484,,http://schema.org/Drug,,
Alzheimer Disease,https://www.ebi.ac.uk/chembl/explore/compound/CHEMBL517427,,http://purl.obolibrary.org/obo/NCIT_C43366,,
Alzheimer Disease,https://www.ebi.ac.uk/chembl/explore/compound/CHEMBL517427,,http://schema.org/Drug,,
Alzheimer Disease,https://www.ebi.ac.uk/chembl/explore/compound/CHEMBL520733,,http://purl.obolibrary.org/obo/NCIT_C43366,,
Alzheimer Disease,https://www.ebi.ac.uk/chembl/explore/compound/CHEMBL520733,,http://schema.org/Drug,,
Alzheimer Disease,https://www.ebi.ac.uk/chembl/explore/compound/CHEMBL521,,http://purl.obolibrary.org/obo/NCIT_C43366,,1974.0
Alzheimer Disease,https://www.ebi.ac.uk/chembl/explore/compound/CHEMBL521,,http://schema.org/Drug,,1974.0
Alzheimer Disease,https://www.ebi.ac.uk/chembl/explore/compound/CHEMBL52440,,http://purl.obolibrary.org/obo/NCIT_C43366,,1982.0
Alzheimer Disease,https://www.ebi.ac.uk/chembl/explore/compound/CHEMBL52440,,http://schema.org/Drug,,1982.0
Alzheimer Disease,https://www.ebi.ac.uk/chembl/explore/compound/CHEMBL5314576,,http://purl.obolibrary.org/obo/NCIT_C43366,,
Alzheimer Disease,https://www.ebi.ac.uk/chembl/explore/compound/CHEMBL5314576,,http://schema.org/Drug,,
Alzheimer Disease,https://www.ebi.ac.uk/chembl/explore/compound/CHEMBL5314620,,http://purl.obolibrary.org/obo/NCIT_C43366,,
Alzheimer Disease,https://www.ebi.ac.uk/chembl/explore/compound/CHEMBL5314772,,http://purl.obolibrary.org/obo/NCIT_C43366,,
Alzheimer Disease,https://www.ebi.ac.uk/chembl/explore/compound/CHEMBL5314924,,http://purl.obolibrary.org/obo/NCIT_C43366,,
Alzheimer Disease,https://www.ebi.ac.uk/chembl/explore/compound/CHEMBL5314959,,http://purl.obolibrary.org/obo/NCIT_C43366,,
Alzheimer Disease,https://www.ebi.ac.uk/chembl/explore/compound/CHEMBL5314966,,http://purl.obolibrary.org/obo/NCIT_C43366,,
Alzheimer Disease,https://www.ebi.ac.uk/chembl/explore/compound/CHEMBL54,,http://purl.obolibrary.org/obo/NCIT_C43366,,1967.0
Alzheimer Disease,https://www.ebi.ac.uk/chembl/explore/compound/CHEMBL54,,http://schema.org/Drug,,1967.0
Alzheimer Disease,https://www.ebi.ac.uk/chembl/explore/compound/CHEMBL542541,,http://purl.obolibrary.org/obo/NCIT_C43366,,1953.0
Alzheimer Disease,https://www.ebi.ac.uk/chembl/explore/compound/CHEMBL542541,,http://schema.org/Drug,,1953.0
Alzheimer Disease,https://www.ebi.ac.uk/chembl/explore/compound/CHEMBL547,,http://purl.obolibrary.org/obo/NCIT_C43366,,1982.0
Alzheimer Disease,https://www.ebi.ac.uk/chembl/explore/compound/CHEMBL547,,http://schema.org/Drug,,1982.0
Alzheimer Disease,https://www.ebi.ac.uk/chembl/explore/compound/CHEMBL55643,,http://purl.obolibrary.org/obo/NCIT_C43366,,1982.0
Alzheimer Disease,https://www.ebi.ac.uk/chembl/explore/compound/CHEMBL55643,,http://schema.org/Drug,,1982.0
Alzheimer Disease,https://www.ebi.ac.uk/chembl/explore/compound/CHEMBL559478,,http://purl.obolibrary.org/obo/NCIT_C43366,,
Alzheimer Disease,https://www.ebi.ac.uk/chembl/explore/compound/CHEMBL566752,,http://purl.obolibrary.org/obo/NCIT_C43366,,2014.0
Alzheimer Disease,https://www.ebi.ac.uk/chembl/explore/compound/CHEMBL566752,,http://schema.org/Drug,,2014.0
Alzheimer Disease,https://www.ebi.ac.uk/chembl/explore/compound/CHEMBL569713,,http://purl.obolibrary.org/obo/NCIT_C43366,,1979.0
Alzheimer Disease,https://www.ebi.ac.uk/chembl/explore/compound/CHEMBL569713,,http://schema.org/Drug,,1979.0
Alzheimer Disease,https://www.ebi.ac.uk/chembl/explore/compound/CHEMBL579205,,http://purl.obolibrary.org/obo/NCIT_C43366,,2013.0
Alzheimer Disease,https://www.ebi.ac.uk/chembl/explore/compound/CHEMBL579205,,http://schema.org/Drug,,2013.0
Alzheimer Disease,https://www.ebi.ac.uk/chembl/explore/compound/CHEMBL580,,http://purl.obolibrary.org/obo/NCIT_C43366,,1977.0
Alzheimer Disease,https://www.ebi.ac.uk/chembl/explore/compound/CHEMBL580,,http://schema.org/Drug,,1977.0
Alzheimer Disease,https://www.ebi.ac.uk/chembl/explore/compound/CHEMBL589390,,http://purl.obolibrary.org/obo/NCIT_C43366,,
Alzheimer Disease,https://www.ebi.ac.uk/chembl/explore/compound/CHEMBL589390,,http://schema.org/Drug,,
Alzheimer Disease,https://www.ebi.ac.uk/chembl/explore/compound/CHEMBL592868,,http://purl.obolibrary.org/obo/NCIT_C43366,,
Alzheimer Disease,https://www.ebi.ac.uk/chembl/explore/compound/CHEMBL592868,,http://schema.org/Drug,,
Alzheimer Disease,https://www.ebi.ac.uk/chembl/explore/compound/CHEMBL595,,http://purl.obolibrary.org/obo/NCIT_C43366,,1999.0
Alzheimer Disease,https://www.ebi.ac.uk/chembl/explore/compound/CHEMBL595,,http://schema.org/Drug,,1999.0
Alzheimer Disease,https://www.ebi.ac.uk/chembl/explore/compound/CHEMBL5999955,,http://purl.obolibrary.org/obo/NCIT_C43366,,
Alzheimer Disease,https://www.ebi.ac.uk/chembl/explore/compound/CHEMBL6,,http://purl.obolibrary.org/obo/NCIT_C43366,,1965.0
Alzheimer Disease,https://www.ebi.ac.uk/chembl/explore/compound/CHEMBL6,,http://schema.org/Drug,,1965.0
Alzheimer Disease,https://www.ebi.ac.uk/chembl/explore/compound/CHEMBL600,,http://purl.obolibrary.org/obo/NCIT_C43366,,1963.0
Alzheimer Disease,https://www.ebi.ac.uk/chembl/explore/compound/CHEMBL600,,http://schema.org/Drug,,1963.0
Alzheimer Disease,https://www.ebi.ac.uk/chembl/explore/compound/CHEMBL6068431,,http://purl.obolibrary.org/obo/NCIT_C43366,,2024.0
Alzheimer Disease,https://www.ebi.ac.uk/chembl/explore/compound/CHEMBL6068431,,http://schema.org/Drug,,2024.0
Alzheimer Disease,https://www.ebi.ac.uk/chembl/explore/compound/CHEMBL6068452,,http://purl.obolibrary.org/obo/NCIT_C43366,,
Alzheimer Disease,https://www.ebi.ac.uk/chembl/explore/compound/CHEMBL6068503,,http://purl.obolibrary.org/obo/NCIT_C43366,,
Alzheimer Disease,https://www.ebi.ac.uk/chembl/explore/compound/CHEMBL6068503,,http://schema.org/Drug,,
Alzheimer Disease,https://www.ebi.ac.uk/chembl/explore/compound/CHEMBL621,,http://purl.obolibrary.org/obo/NCIT_C43366,,1981.0
Alzheimer Disease,https://www.ebi.ac.uk/chembl/explore/compound/CHEMBL621,,http://schema.org/Drug,,1981.0
Alzheimer Disease,https://www.ebi.ac.uk/chembl/explore/compound/CHEMBL635,,http://purl.obolibrary.org/obo/NCIT_C43366,,1955.0
Alzheimer Disease,https://www.ebi.ac.uk/chembl/explore/compound/CHEMBL635,,http://schema.org/Drug,,1955.0
Alzheimer Disease,https://www.ebi.ac.uk/chembl/explore/compound/CHEMBL636,,http://purl.obolibrary.org/obo/NCIT_C43366,,1998.0
Alzheimer Disease,https://www.ebi.ac.uk/chembl/explore/compound/CHEMBL636,,http://schema.org/Drug,,1998.0
Alzheimer Disease,https://www.ebi.ac.uk/chembl/explore/compound/CHEMBL64391,,http://purl.obolibrary.org/obo/NCIT_C43366,,1992.0
Alzheimer Disease,https://www.ebi.ac.uk/chembl/explore/compound/CHEMBL64391,,http://schema.org/Drug,,1992.0
Alzheimer Disease,https://www.ebi.ac.uk/chembl/explore/compound/CHEMBL655,,http://purl.obolibrary.org/obo/NCIT_C43366,,1985.0
Alzheimer Disease,https://www.ebi.ac.uk/chembl/explore/compound/CHEMBL655,,http://schema.org/Drug,,1985.0
Alzheimer Disease,https://www.ebi.ac.uk/chembl/explore/compound/CHEMBL659,,http://purl.obolibrary.org/obo/NCIT_C43366,,2001.0
Alzheimer Disease,https://www.ebi.ac.uk/chembl/explore/compound/CHEMBL659,,http://schema.org/Drug,,2001.0
Alzheimer Disease,https://www.ebi.ac.uk/chembl/explore/compound/CHEMBL717,,http://purl.obolibrary.org/obo/NCIT_C43366,,1959.0
Alzheimer Disease,https://www.ebi.ac.uk/chembl/explore/compound/CHEMBL717,,http://schema.org/Drug,,1959.0
Alzheimer Disease,https://www.ebi.ac.uk/chembl/explore/compound/CHEMBL744,,http://purl.obolibrary.org/obo/NCIT_C43366,,1995.0
Alzheimer Disease,https://www.ebi.ac.uk/chembl/explore/compound/CHEMBL744,,http://schema.org/Drug,,1995.0
Alzheimer Disease,https://www.ebi.ac.uk/chembl/explore/compound/CHEMBL773,,http://purl.obolibrary.org/obo/NCIT_C43366,,1982.0
Alzheimer Disease,https://www.ebi.ac.uk/chembl/explore/compound/CHEMBL773,,http://schema.org/Drug,,1982.0
Alzheimer Disease,https://www.ebi.ac.uk/chembl/explore/compound/CHEMBL778,,http://purl.obolibrary.org/obo/NCIT_C43366,,1999.0
Alzheimer Disease,https://www.ebi.ac.uk/chembl/explore/compound/CHEMBL778,,http://schema.org/Drug,,1999.0
Alzheimer Disease,https://www.ebi.ac.uk/chembl/explore/compound/CHEMBL787,,http://purl.obolibrary.org/obo/NCIT_C43366,,1998.0
Alzheimer Disease,https://www.ebi.ac.uk/chembl/explore/compound/CHEMBL787,,http://schema.org/Drug,,1998.0
Alzheimer Disease,https://www.ebi.ac.uk/chembl/explore/compound/CHEMBL796,,http://purl.obolibrary.org/obo/NCIT_C43366,,1955.0
Alzheimer Disease,https://www.ebi.ac.uk/chembl/explore/compound/CHEMBL796,,http://schema.org/Drug,,1955.0
Alzheimer Disease,https://www.ebi.ac.uk/chembl/explore/compound/CHEMBL807,,http://purl.obolibrary.org/obo/NCIT_C43366,,2002.0
Alzheimer Disease,https://www.ebi.ac.uk/chembl/explore/compound/CHEMBL807,,http://schema.org/Drug,,2002.0
Alzheimer Disease,https://www.ebi.ac.uk/chembl/explore/compound/CHEMBL81,,http://purl.obolibrary.org/obo/NCIT_C43366,,1997.0
Alzheimer Disease,https://www.ebi.ac.uk/chembl/explore/compound/CHEMBL81,,http://schema.org/Drug,,1997.0
Alzheimer Disease,https://www.ebi.ac.uk/chembl/explore/compound/CHEMBL85,,http://purl.obolibrary.org/obo/NCIT_C43366,,1993.0
Alzheimer Disease,https://www.ebi.ac.uk/chembl/explore/compound/CHEMBL85,,http://schema.org/Drug,,1993.0
Alzheimer Disease,https://www.ebi.ac.uk/chembl/explore/compound/CHEMBL862,,http://purl.obolibrary.org/obo/NCIT_C43366,,1986.0
Alzheimer Disease,https://www.ebi.ac.uk/chembl/explore/compound/CHEMBL862,,http://schema.org/Drug,,1986.0
Alzheimer Disease,https://www.ebi.ac.uk/chembl/explore/compound/CHEMBL887,,http://purl.obolibrary.org/obo/NCIT_C43366,,2005.0
Alzheimer Disease,https://www.ebi.ac.uk/chembl/explore/compound/CHEMBL887,,http://schema.org/Drug,,2005.0
Alzheimer Disease,https://www.ebi.ac.uk/chembl/explore/compound/CHEMBL894,,http://purl.obolibrary.org/obo/NCIT_C43366,,1985.0
Alzheimer Disease,https://www.ebi.ac.uk/chembl/explore/compound/CHEMBL894,,http://schema.org/Drug,,1985.0
Alzheimer Disease,https://www.ebi.ac.uk/chembl/explore/compound/CHEMBL98,,http://purl.obolibrary.org/obo/NCIT_C43366,,2006.0
Alzheimer Disease,https://www.ebi.ac.uk/chembl/explore/compound/CHEMBL98,,http://schema.org/Drug,,2006.0
