pw,K
https://identifiers.org/reactome/R-HSA-1059683,10
https://identifiers.org/reactome/R-HSA-109704,21
https://identifiers.org/reactome/R-HSA-110056,10
https://identifiers.org/reactome/R-HSA-110312,12
https://identifiers.org/reactome/R-HSA-110314,23
https://identifiers.org/reactome/R-HSA-110320,14
https://identifiers.org/reactome/R-HSA-110328,16
https://identifiers.org/reactome/R-HSA-110329,16
https://identifiers.org/reactome/R-HSA-110330,17
https://identifiers.org/reactome/R-HSA-110331,17
https://identifiers.org/reactome/R-HSA-110357,3
https://identifiers.org/reactome/R-HSA-110362,8
https://identifiers.org/reactome/R-HSA-110373,2
https://identifiers.org/reactome/R-HSA-110381,3
https://identifiers.org/reactome/R-HSA-111367,6
https://identifiers.org/reactome/R-HSA-111446,3
https://identifiers.org/reactome/R-HSA-111447,13
https://identifiers.org/reactome/R-HSA-111448,1
https://identifiers.org/reactome/R-HSA-111452,1
https://identifiers.org/reactome/R-HSA-111453,6
https://identifiers.org/reactome/R-HSA-111457,4
https://identifiers.org/reactome/R-HSA-111458,5
https://identifiers.org/reactome/R-HSA-111459,6
https://identifiers.org/reactome/R-HSA-111463,7
https://identifiers.org/reactome/R-HSA-111464,7
https://identifiers.org/reactome/R-HSA-111465,16
https://identifiers.org/reactome/R-HSA-111469,4
https://identifiers.org/reactome/R-HSA-111471,1
https://identifiers.org/reactome/R-HSA-111885,2
https://identifiers.org/reactome/R-HSA-111931,5
https://identifiers.org/reactome/R-HSA-111932,10
https://identifiers.org/reactome/R-HSA-111933,5
https://identifiers.org/reactome/R-HSA-111957,4
https://identifiers.org/reactome/R-HSA-111995,2
https://identifiers.org/reactome/R-HSA-111997,1
https://identifiers.org/reactome/R-HSA-112043,5
https://identifiers.org/reactome/R-HSA-112126,3
https://identifiers.org/reactome/R-HSA-112303,2
https://identifiers.org/reactome/R-HSA-112308,7
https://identifiers.org/reactome/R-HSA-112310,1
https://identifiers.org/reactome/R-HSA-112311,4
https://identifiers.org/reactome/R-HSA-112314,7
https://identifiers.org/reactome/R-HSA-112382,37
https://identifiers.org/reactome/R-HSA-112399,5
https://identifiers.org/reactome/R-HSA-112409,6
https://identifiers.org/reactome/R-HSA-112411,9
https://identifiers.org/reactome/R-HSA-112412,7
https://identifiers.org/reactome/R-HSA-113418,16
https://identifiers.org/reactome/R-HSA-113501,6
https://identifiers.org/reactome/R-HSA-113507,3
https://identifiers.org/reactome/R-HSA-114294,2
https://identifiers.org/reactome/R-HSA-114508,12
https://identifiers.org/reactome/R-HSA-114516,4
https://identifiers.org/reactome/R-HSA-114604,27
https://identifiers.org/reactome/R-HSA-114608,103
https://identifiers.org/reactome/R-HSA-1169091,46
https://identifiers.org/reactome/R-HSA-1169092,5
https://identifiers.org/reactome/R-HSA-1169408,60
https://identifiers.org/reactome/R-HSA-1170546,8
https://identifiers.org/reactome/R-HSA-1181150,11
https://identifiers.org/reactome/R-HSA-1221632,32
https://identifiers.org/reactome/R-HSA-1222449,1
https://identifiers.org/reactome/R-HSA-1222556,15
https://identifiers.org/reactome/R-HSA-1227986,13
https://identifiers.org/reactome/R-HSA-1234158,8
https://identifiers.org/reactome/R-HSA-1234174,2
https://identifiers.org/reactome/R-HSA-1234176,45
https://identifiers.org/reactome/R-HSA-1236382,19
https://identifiers.org/reactome/R-HSA-1236394,10
https://identifiers.org/reactome/R-HSA-1236973,4
https://identifiers.org/reactome/R-HSA-1236974,71
https://identifiers.org/reactome/R-HSA-1236977,10
https://identifiers.org/reactome/R-HSA-1236978,37
https://identifiers.org/reactome/R-HSA-1237044,8
https://identifiers.org/reactome/R-HSA-1237112,4
https://identifiers.org/reactome/R-HSA-1247673,8
https://identifiers.org/reactome/R-HSA-1250196,18
https://identifiers.org/reactome/R-HSA-1250342,6
https://identifiers.org/reactome/R-HSA-1250347,10
https://identifiers.org/reactome/R-HSA-1251932,4
https://identifiers.org/reactome/R-HSA-1251985,23
https://identifiers.org/reactome/R-HSA-1253288,8
https://identifiers.org/reactome/R-HSA-1257604,66
https://identifiers.org/reactome/R-HSA-1266695,16
https://identifiers.org/reactome/R-HSA-1268020,33
https://identifiers.org/reactome/R-HSA-1295596,14
https://identifiers.org/reactome/R-HSA-1296025,3
https://identifiers.org/reactome/R-HSA-1296041,11
https://identifiers.org/reactome/R-HSA-1296052,5
https://identifiers.org/reactome/R-HSA-1296053,4
https://identifiers.org/reactome/R-HSA-1296061,4
https://identifiers.org/reactome/R-HSA-1296067,1
https://identifiers.org/reactome/R-HSA-1296072,30
https://identifiers.org/reactome/R-HSA-1299308,1
https://identifiers.org/reactome/R-HSA-1299316,2
https://identifiers.org/reactome/R-HSA-1299344,1
https://identifiers.org/reactome/R-HSA-1299361,1
https://identifiers.org/reactome/R-HSA-1299503,2
https://identifiers.org/reactome/R-HSA-1300642,6
https://identifiers.org/reactome/R-HSA-1300645,2
https://identifiers.org/reactome/R-HSA-1306955,4
https://identifiers.org/reactome/R-HSA-1307965,2
https://identifiers.org/reactome/R-HSA-1358803,11
https://identifiers.org/reactome/R-HSA-1362277,12
https://identifiers.org/reactome/R-HSA-1362300,10
https://identifiers.org/reactome/R-HSA-1362409,1
https://identifiers.org/reactome/R-HSA-1368108,15
https://identifiers.org/reactome/R-HSA-1369007,3
https://identifiers.org/reactome/R-HSA-1369062,10
https://identifiers.org/reactome/R-HSA-139853,16
https://identifiers.org/reactome/R-HSA-139910,1
https://identifiers.org/reactome/R-HSA-139915,2
https://identifiers.org/reactome/R-HSA-140180,1
https://identifiers.org/reactome/R-HSA-140342,11
https://identifiers.org/reactome/R-HSA-140534,12
https://identifiers.org/reactome/R-HSA-140834,5
https://identifiers.org/reactome/R-HSA-140837,22
https://identifiers.org/reactome/R-HSA-140875,19
https://identifiers.org/reactome/R-HSA-141333,2
https://identifiers.org/reactome/R-HSA-141334,1
https://identifiers.org/reactome/R-HSA-141430,5
https://identifiers.org/reactome/R-HSA-141444,60
https://identifiers.org/reactome/R-HSA-1433557,31
https://identifiers.org/reactome/R-HSA-1433559,13
https://identifiers.org/reactome/R-HSA-1433617,3
https://identifiers.org/reactome/R-HSA-1442490,52
https://identifiers.org/reactome/R-HSA-1445148,48
https://identifiers.org/reactome/R-HSA-1461957,5
https://identifiers.org/reactome/R-HSA-1461973,1
https://identifiers.org/reactome/R-HSA-1462054,2
https://identifiers.org/reactome/R-HSA-1474151,7
https://identifiers.org/reactome/R-HSA-1474228,66
https://identifiers.org/reactome/R-HSA-1475029,12
https://identifiers.org/reactome/R-HSA-1482788,16
https://identifiers.org/reactome/R-HSA-1482798,5
https://identifiers.org/reactome/R-HSA-1482801,12
https://identifiers.org/reactome/R-HSA-1482839,14
https://identifiers.org/reactome/R-HSA-1482883,5
https://identifiers.org/reactome/R-HSA-1482922,11
https://identifiers.org/reactome/R-HSA-1482925,12
https://identifiers.org/reactome/R-HSA-1483101,2
https://identifiers.org/reactome/R-HSA-1483115,5
https://identifiers.org/reactome/R-HSA-1483148,6
https://identifiers.org/reactome/R-HSA-1483152,1
https://identifiers.org/reactome/R-HSA-1483166,21
https://identifiers.org/reactome/R-HSA-1483191,15
https://identifiers.org/reactome/R-HSA-1483196,1
https://identifiers.org/reactome/R-HSA-1483206,3
https://identifiers.org/reactome/R-HSA-1483213,4
https://identifiers.org/reactome/R-HSA-1483226,1
https://identifiers.org/reactome/R-HSA-1483248,2
https://identifiers.org/reactome/R-HSA-1489509,7
https://identifiers.org/reactome/R-HSA-1502540,12
https://identifiers.org/reactome/R-HSA-1538133,11
https://identifiers.org/reactome/R-HSA-156581,11
https://identifiers.org/reactome/R-HSA-156582,1
https://identifiers.org/reactome/R-HSA-156584,9
https://identifiers.org/reactome/R-HSA-156588,14
https://identifiers.org/reactome/R-HSA-156590,14
https://identifiers.org/reactome/R-HSA-1566948,18
https://identifiers.org/reactome/R-HSA-1566977,18
https://identifiers.org/reactome/R-HSA-156711,12
https://identifiers.org/reactome/R-HSA-156827,98
https://identifiers.org/reactome/R-HSA-156842,5
https://identifiers.org/reactome/R-HSA-156902,77
https://identifiers.org/reactome/R-HSA-159227,34
https://identifiers.org/reactome/R-HSA-159230,35
https://identifiers.org/reactome/R-HSA-159231,38
https://identifiers.org/reactome/R-HSA-159236,59
https://identifiers.org/reactome/R-HSA-1592389,29
https://identifiers.org/reactome/R-HSA-159418,13
https://identifiers.org/reactome/R-HSA-159740,9
https://identifiers.org/reactome/R-HSA-159763,8
https://identifiers.org/reactome/R-HSA-159782,9
https://identifiers.org/reactome/R-HSA-1606341,2
https://identifiers.org/reactome/R-HSA-1614517,1
https://identifiers.org/reactome/R-HSA-1614558,5
https://identifiers.org/reactome/R-HSA-1614603,2
https://identifiers.org/reactome/R-HSA-1614635,5
https://identifiers.org/reactome/R-HSA-162585,1
https://identifiers.org/reactome/R-HSA-162588,16
https://identifiers.org/reactome/R-HSA-162592,4
https://identifiers.org/reactome/R-HSA-162594,3
https://identifiers.org/reactome/R-HSA-162599,1
https://identifiers.org/reactome/R-HSA-162658,10
https://identifiers.org/reactome/R-HSA-162699,2
https://identifiers.org/reactome/R-HSA-162710,2
https://identifiers.org/reactome/R-HSA-162791,5
https://identifiers.org/reactome/R-HSA-163125,40
https://identifiers.org/reactome/R-HSA-163210,9
https://identifiers.org/reactome/R-HSA-163282,2
https://identifiers.org/reactome/R-HSA-1632852,29
https://identifiers.org/reactome/R-HSA-163358,4
https://identifiers.org/reactome/R-HSA-163359,10
https://identifiers.org/reactome/R-HSA-163560,18
https://identifiers.org/reactome/R-HSA-163615,12
https://identifiers.org/reactome/R-HSA-163680,5
https://identifiers.org/reactome/R-HSA-163754,2
https://identifiers.org/reactome/R-HSA-163765,6
https://identifiers.org/reactome/R-HSA-163767,5
https://identifiers.org/reactome/R-HSA-163841,5
https://identifiers.org/reactome/R-HSA-164378,10
https://identifiers.org/reactome/R-HSA-164516,1
https://identifiers.org/reactome/R-HSA-164525,1
https://identifiers.org/reactome/R-HSA-164843,5
https://identifiers.org/reactome/R-HSA-164939,2
https://identifiers.org/reactome/R-HSA-164940,7
https://identifiers.org/reactome/R-HSA-164944,5
https://identifiers.org/reactome/R-HSA-165054,35
https://identifiers.org/reactome/R-HSA-1650814,54
https://identifiers.org/reactome/R-HSA-165158,3
https://identifiers.org/reactome/R-HSA-165159,7
https://identifiers.org/reactome/R-HSA-165160,2
https://identifiers.org/reactome/R-HSA-165181,2
https://identifiers.org/reactome/R-HSA-1655829,12
https://identifiers.org/reactome/R-HSA-166016,12
https://identifiers.org/reactome/R-HSA-166020,2
https://identifiers.org/reactome/R-HSA-1660499,32
https://identifiers.org/reactome/R-HSA-1660514,11
https://identifiers.org/reactome/R-HSA-1660516,9
https://identifiers.org/reactome/R-HSA-1660517,6
https://identifiers.org/reactome/R-HSA-166058,18
https://identifiers.org/reactome/R-HSA-1660661,23
https://identifiers.org/reactome/R-HSA-166166,4
https://identifiers.org/reactome/R-HSA-166187,1
https://identifiers.org/reactome/R-HSA-166208,14
https://identifiers.org/reactome/R-HSA-1663150,8
https://identifiers.org/reactome/R-HSA-166662,5
https://identifiers.org/reactome/R-HSA-166663,23
https://identifiers.org/reactome/R-HSA-166665,7
https://identifiers.org/reactome/R-HSA-167021,3
https://identifiers.org/reactome/R-HSA-167044,9
https://identifiers.org/reactome/R-HSA-167060,4
https://identifiers.org/reactome/R-HSA-167152,26
https://identifiers.org/reactome/R-HSA-167158,16
https://identifiers.org/reactome/R-HSA-167160,12
https://identifiers.org/reactome/R-HSA-167161,25
https://identifiers.org/reactome/R-HSA-167162,25
https://identifiers.org/reactome/R-HSA-167172,25
https://identifiers.org/reactome/R-HSA-167200,25
https://identifiers.org/reactome/R-HSA-167238,19
https://identifiers.org/reactome/R-HSA-167242,12
https://identifiers.org/reactome/R-HSA-167243,19
https://identifiers.org/reactome/R-HSA-167246,23
https://identifiers.org/reactome/R-HSA-167287,20
https://identifiers.org/reactome/R-HSA-167290,20
https://identifiers.org/reactome/R-HSA-167590,8
https://identifiers.org/reactome/R-HSA-1679131,13
https://identifiers.org/reactome/R-HSA-168138,3
https://identifiers.org/reactome/R-HSA-168142,1
https://identifiers.org/reactome/R-HSA-168164,1
https://identifiers.org/reactome/R-HSA-168176,1
https://identifiers.org/reactome/R-HSA-168179,3
https://identifiers.org/reactome/R-HSA-168181,2
https://identifiers.org/reactome/R-HSA-168188,3
https://identifiers.org/reactome/R-HSA-168271,31
https://identifiers.org/reactome/R-HSA-168275,1
https://identifiers.org/reactome/R-HSA-168276,36
https://identifiers.org/reactome/R-HSA-168277,2
https://identifiers.org/reactome/R-HSA-168315,1
https://identifiers.org/reactome/R-HSA-168316,2
https://identifiers.org/reactome/R-HSA-168325,35
https://identifiers.org/reactome/R-HSA-168330,1
https://identifiers.org/reactome/R-HSA-168333,32
https://identifiers.org/reactome/R-HSA-168638,32
https://identifiers.org/reactome/R-HSA-168927,15
https://identifiers.org/reactome/R-HSA-168928,14
https://identifiers.org/reactome/R-HSA-169131,1
https://identifiers.org/reactome/R-HSA-169911,1
https://identifiers.org/reactome/R-HSA-170660,5
https://identifiers.org/reactome/R-HSA-170670,9
https://identifiers.org/reactome/R-HSA-170822,32
https://identifiers.org/reactome/R-HSA-170968,10
https://identifiers.org/reactome/R-HSA-170984,6
https://identifiers.org/reactome/R-HSA-171007,11
https://identifiers.org/reactome/R-HSA-171286,1
https://identifiers.org/reactome/R-HSA-171306,15
https://identifiers.org/reactome/R-HSA-171319,14
https://identifiers.org/reactome/R-HSA-173107,4
https://identifiers.org/reactome/R-HSA-173599,3
https://identifiers.org/reactome/R-HSA-173623,15
https://identifiers.org/reactome/R-HSA-173736,5
https://identifiers.org/reactome/R-HSA-174048,9
https://identifiers.org/reactome/R-HSA-174084,37
https://identifiers.org/reactome/R-HSA-174113,37
https://identifiers.org/reactome/R-HSA-174154,36
https://identifiers.org/reactome/R-HSA-174178,41
https://identifiers.org/reactome/R-HSA-174184,40
https://identifiers.org/reactome/R-HSA-174362,3
https://identifiers.org/reactome/R-HSA-174403,8
https://identifiers.org/reactome/R-HSA-174411,10
https://identifiers.org/reactome/R-HSA-174414,7
https://identifiers.org/reactome/R-HSA-174417,4
https://identifiers.org/reactome/R-HSA-174430,4
https://identifiers.org/reactome/R-HSA-174437,8
https://identifiers.org/reactome/R-HSA-174490,9
https://identifiers.org/reactome/R-HSA-174577,7
https://identifiers.org/reactome/R-HSA-175474,5
https://identifiers.org/reactome/R-HSA-175567,3
https://identifiers.org/reactome/R-HSA-176034,2
https://identifiers.org/reactome/R-HSA-176187,23
https://identifiers.org/reactome/R-HSA-176407,4
https://identifiers.org/reactome/R-HSA-176408,9
https://identifiers.org/reactome/R-HSA-176409,5
https://identifiers.org/reactome/R-HSA-176412,6
https://identifiers.org/reactome/R-HSA-176417,5
https://identifiers.org/reactome/R-HSA-176974,10
https://identifiers.org/reactome/R-HSA-177504,8
https://identifiers.org/reactome/R-HSA-177539,3
https://identifiers.org/reactome/R-HSA-177929,10
https://identifiers.org/reactome/R-HSA-179409,10
https://identifiers.org/reactome/R-HSA-179812,9
https://identifiers.org/reactome/R-HSA-1799339,97
https://identifiers.org/reactome/R-HSA-180024,17
https://identifiers.org/reactome/R-HSA-180292,12
https://identifiers.org/reactome/R-HSA-180336,10
https://identifiers.org/reactome/R-HSA-180534,36
https://identifiers.org/reactome/R-HSA-180585,38
https://identifiers.org/reactome/R-HSA-180689,5
https://identifiers.org/reactome/R-HSA-180746,34
https://identifiers.org/reactome/R-HSA-180897,3
https://identifiers.org/reactome/R-HSA-180910,33
https://identifiers.org/reactome/R-HSA-1810476,11
https://identifiers.org/reactome/R-HSA-181429,10
https://identifiers.org/reactome/R-HSA-181430,11
https://identifiers.org/reactome/R-HSA-182218,5
https://identifiers.org/reactome/R-HSA-182971,21
https://identifiers.org/reactome/R-HSA-1834941,5
https://identifiers.org/reactome/R-HSA-1834949,9
https://identifiers.org/reactome/R-HSA-1839117,15
https://identifiers.org/reactome/R-HSA-1839120,1
https://identifiers.org/reactome/R-HSA-1839122,4
https://identifiers.org/reactome/R-HSA-1839128,1
https://identifiers.org/reactome/R-HSA-1839130,5
https://identifiers.org/reactome/R-HSA-1855167,2
https://identifiers.org/reactome/R-HSA-1855183,8
https://identifiers.org/reactome/R-HSA-1855204,15
https://identifiers.org/reactome/R-HSA-1855231,1
https://identifiers.org/reactome/R-HSA-186763,23
https://identifiers.org/reactome/R-HSA-186797,28
https://identifiers.org/reactome/R-HSA-187024,4
https://identifiers.org/reactome/R-HSA-187042,2
https://identifiers.org/reactome/R-HSA-187577,41
https://identifiers.org/reactome/R-HSA-187706,3
https://identifiers.org/reactome/R-HSA-189085,9
https://identifiers.org/reactome/R-HSA-189200,9
https://identifiers.org/reactome/R-HSA-189451,10
https://identifiers.org/reactome/R-HSA-189483,14
https://identifiers.org/reactome/R-HSA-190322,5
https://identifiers.org/reactome/R-HSA-190370,4
https://identifiers.org/reactome/R-HSA-190371,2
https://identifiers.org/reactome/R-HSA-190372,6
https://identifiers.org/reactome/R-HSA-190373,6
https://identifiers.org/reactome/R-HSA-190374,3
https://identifiers.org/reactome/R-HSA-190375,5
https://identifiers.org/reactome/R-HSA-190377,6
https://identifiers.org/reactome/R-HSA-190840,16
https://identifiers.org/reactome/R-HSA-190861,16
https://identifiers.org/reactome/R-HSA-190873,8
https://identifiers.org/reactome/R-HSA-1912399,6
https://identifiers.org/reactome/R-HSA-1912408,40
https://identifiers.org/reactome/R-HSA-1912420,18
https://identifiers.org/reactome/R-HSA-191273,20
https://identifiers.org/reactome/R-HSA-191650,2
https://identifiers.org/reactome/R-HSA-191859,48
https://identifiers.org/reactome/R-HSA-192105,6
https://identifiers.org/reactome/R-HSA-192456,5
https://identifiers.org/reactome/R-HSA-192814,1
https://identifiers.org/reactome/R-HSA-192823,77
https://identifiers.org/reactome/R-HSA-192905,2
https://identifiers.org/reactome/R-HSA-193048,9
https://identifiers.org/reactome/R-HSA-193144,4
https://identifiers.org/reactome/R-HSA-193368,15
https://identifiers.org/reactome/R-HSA-193634,7
https://identifiers.org/reactome/R-HSA-193648,20
https://identifiers.org/reactome/R-HSA-193670,5
https://identifiers.org/reactome/R-HSA-193681,3
https://identifiers.org/reactome/R-HSA-193692,8
https://identifiers.org/reactome/R-HSA-193775,8
https://identifiers.org/reactome/R-HSA-193807,10
https://identifiers.org/reactome/R-HSA-193993,5
https://identifiers.org/reactome/R-HSA-194002,9
https://identifiers.org/reactome/R-HSA-194138,2
https://identifiers.org/reactome/R-HSA-194306,4
https://identifiers.org/reactome/R-HSA-194313,5
https://identifiers.org/reactome/R-HSA-195253,46
https://identifiers.org/reactome/R-HSA-195399,8
https://identifiers.org/reactome/R-HSA-196025,8
https://identifiers.org/reactome/R-HSA-196071,1
https://identifiers.org/reactome/R-HSA-196108,2
https://identifiers.org/reactome/R-HSA-196299,10
https://identifiers.org/reactome/R-HSA-1963640,12
https://identifiers.org/reactome/R-HSA-1963642,12
https://identifiers.org/reactome/R-HSA-196757,9
https://identifiers.org/reactome/R-HSA-196780,9
https://identifiers.org/reactome/R-HSA-196783,4
https://identifiers.org/reactome/R-HSA-196791,8
https://identifiers.org/reactome/R-HSA-196807,15
https://identifiers.org/reactome/R-HSA-196819,2
https://identifiers.org/reactome/R-HSA-196836,6
https://identifiers.org/reactome/R-HSA-196843,6
https://identifiers.org/reactome/R-HSA-1971475,25
https://identifiers.org/reactome/R-HSA-198203,7
https://identifiers.org/reactome/R-HSA-198323,11
https://identifiers.org/reactome/R-HSA-198693,9
https://identifiers.org/reactome/R-HSA-198745,3
https://identifiers.org/reactome/R-HSA-198753,16
https://identifiers.org/reactome/R-HSA-198765,2
https://identifiers.org/reactome/R-HSA-198933,96
https://identifiers.org/reactome/R-HSA-1989781,73
https://identifiers.org/reactome/R-HSA-199220,8
https://identifiers.org/reactome/R-HSA-199418,6
https://identifiers.org/reactome/R-HSA-199920,7
https://identifiers.org/reactome/R-HSA-199992,3
https://identifiers.org/reactome/R-HSA-200425,12
https://identifiers.org/reactome/R-HSA-201451,19
https://identifiers.org/reactome/R-HSA-201556,15
https://identifiers.org/reactome/R-HSA-201681,24
https://identifiers.org/reactome/R-HSA-201688,7
https://identifiers.org/reactome/R-HSA-201722,36
https://identifiers.org/reactome/R-HSA-202040,6
https://identifiers.org/reactome/R-HSA-2022090,42
https://identifiers.org/reactome/R-HSA-2022377,16
https://identifiers.org/reactome/R-HSA-2022854,24
https://identifiers.org/reactome/R-HSA-2022857,13
https://identifiers.org/reactome/R-HSA-2022870,18
https://identifiers.org/reactome/R-HSA-2022923,11
https://identifiers.org/reactome/R-HSA-2022928,20
https://identifiers.org/reactome/R-HSA-2023837,1
https://identifiers.org/reactome/R-HSA-2024096,17
https://identifiers.org/reactome/R-HSA-2024101,17
https://identifiers.org/reactome/R-HSA-202424,72
https://identifiers.org/reactome/R-HSA-202427,20
https://identifiers.org/reactome/R-HSA-202430,18
https://identifiers.org/reactome/R-HSA-202433,30
https://identifiers.org/reactome/R-HSA-2025928,7
https://identifiers.org/reactome/R-HSA-202670,11
https://identifiers.org/reactome/R-HSA-202733,84
https://identifiers.org/reactome/R-HSA-2028269,14
https://identifiers.org/reactome/R-HSA-2029481,23
https://identifiers.org/reactome/R-HSA-2029482,55
https://identifiers.org/reactome/R-HSA-2029485,33
https://identifiers.org/reactome/R-HSA-2032785,10
https://identifiers.org/reactome/R-HSA-2033515,1
https://identifiers.org/reactome/R-HSA-2033519,5
https://identifiers.org/reactome/R-HSA-203615,11
https://identifiers.org/reactome/R-HSA-203641,4
https://identifiers.org/reactome/R-HSA-203754,2
https://identifiers.org/reactome/R-HSA-203927,14
https://identifiers.org/reactome/R-HSA-204005,41
https://identifiers.org/reactome/R-HSA-204174,10
https://identifiers.org/reactome/R-HSA-2046105,5
https://identifiers.org/reactome/R-HSA-2046106,9
https://identifiers.org/reactome/R-HSA-204626,4
https://identifiers.org/reactome/R-HSA-205017,2
https://identifiers.org/reactome/R-HSA-205025,5
https://identifiers.org/reactome/R-HSA-205043,13
https://identifiers.org/reactome/R-HSA-209543,11
https://identifiers.org/reactome/R-HSA-209560,12
https://identifiers.org/reactome/R-HSA-209563,3
https://identifiers.org/reactome/R-HSA-209822,9
https://identifiers.org/reactome/R-HSA-209905,3
https://identifiers.org/reactome/R-HSA-209931,2
https://identifiers.org/reactome/R-HSA-209952,2
https://identifiers.org/reactome/R-HSA-209968,2
https://identifiers.org/reactome/R-HSA-210455,3
https://identifiers.org/reactome/R-HSA-210500,15
https://identifiers.org/reactome/R-HSA-210744,9
https://identifiers.org/reactome/R-HSA-210745,7
https://identifiers.org/reactome/R-HSA-210747,1
https://identifiers.org/reactome/R-HSA-210990,12
https://identifiers.org/reactome/R-HSA-210991,19
https://identifiers.org/reactome/R-HSA-210993,14
https://identifiers.org/reactome/R-HSA-211163,4
https://identifiers.org/reactome/R-HSA-211728,1
https://identifiers.org/reactome/R-HSA-211733,34
https://identifiers.org/reactome/R-HSA-211736,2
https://identifiers.org/reactome/R-HSA-211897,1
https://identifiers.org/reactome/R-HSA-211916,4
https://identifiers.org/reactome/R-HSA-211935,5
https://identifiers.org/reactome/R-HSA-211945,18
https://identifiers.org/reactome/R-HSA-211957,1
https://identifiers.org/reactome/R-HSA-211958,3
https://identifiers.org/reactome/R-HSA-211976,16
https://identifiers.org/reactome/R-HSA-211979,4
https://identifiers.org/reactome/R-HSA-211981,17
https://identifiers.org/reactome/R-HSA-211994,1
https://identifiers.org/reactome/R-HSA-211999,8
https://identifiers.org/reactome/R-HSA-2122947,37
https://identifiers.org/reactome/R-HSA-2122948,20
https://identifiers.org/reactome/R-HSA-212300,24
https://identifiers.org/reactome/R-HSA-212436,26
https://identifiers.org/reactome/R-HSA-212676,12
https://identifiers.org/reactome/R-HSA-212718,5
https://identifiers.org/reactome/R-HSA-2129379,33
https://identifiers.org/reactome/R-HSA-2132295,90
https://identifiers.org/reactome/R-HSA-2142670,8
https://identifiers.org/reactome/R-HSA-2142688,7
https://identifiers.org/reactome/R-HSA-2142691,12
https://identifiers.org/reactome/R-HSA-2142696,1
https://identifiers.org/reactome/R-HSA-2142700,5
https://identifiers.org/reactome/R-HSA-2142712,4
https://identifiers.org/reactome/R-HSA-2142753,4
https://identifiers.org/reactome/R-HSA-2142770,4
https://identifiers.org/reactome/R-HSA-2142789,5
https://identifiers.org/reactome/R-HSA-2142816,7
https://identifiers.org/reactome/R-HSA-2142845,8
https://identifiers.org/reactome/R-HSA-2151201,40
https://identifiers.org/reactome/R-HSA-2151209,10
https://identifiers.org/reactome/R-HSA-2160456,1
https://identifiers.org/reactome/R-HSA-216083,75
https://identifiers.org/reactome/R-HSA-2160916,11
https://identifiers.org/reactome/R-HSA-2161517,5
https://identifiers.org/reactome/R-HSA-2161541,2
https://identifiers.org/reactome/R-HSA-2162123,14
https://identifiers.org/reactome/R-HSA-2168880,21
https://identifiers.org/reactome/R-HSA-2172127,10
https://identifiers.org/reactome/R-HSA-2173788,24
https://identifiers.org/reactome/R-HSA-2173789,26
https://identifiers.org/reactome/R-HSA-2173791,12
https://identifiers.org/reactome/R-HSA-2173795,22
https://identifiers.org/reactome/R-HSA-2173796,25
https://identifiers.org/reactome/R-HSA-2179392,9
https://identifiers.org/reactome/R-HSA-2187335,1
https://identifiers.org/reactome/R-HSA-2197563,8
https://identifiers.org/reactome/R-HSA-2206280,1
https://identifiers.org/reactome/R-HSA-2206282,1
https://identifiers.org/reactome/R-HSA-2206285,1
https://identifiers.org/reactome/R-HSA-2206290,1
https://identifiers.org/reactome/R-HSA-2206291,1
https://identifiers.org/reactome/R-HSA-2206292,1
https://identifiers.org/reactome/R-HSA-2206296,1
https://identifiers.org/reactome/R-HSA-2206302,1
https://identifiers.org/reactome/R-HSA-2206305,1
https://identifiers.org/reactome/R-HSA-2206307,1
https://identifiers.org/reactome/R-HSA-2206308,1
https://identifiers.org/reactome/R-HSA-2214320,13
https://identifiers.org/reactome/R-HSA-2219530,53
https://identifiers.org/reactome/R-HSA-2243919,16
https://identifiers.org/reactome/R-HSA-2299718,26
https://identifiers.org/reactome/R-HSA-2393930,2
https://identifiers.org/reactome/R-HSA-2404192,3
https://identifiers.org/reactome/R-HSA-2408508,6
https://identifiers.org/reactome/R-HSA-2408522,10
https://identifiers.org/reactome/R-HSA-2408550,4
https://identifiers.org/reactome/R-HSA-2408552,1
https://identifiers.org/reactome/R-HSA-2408557,78
https://identifiers.org/reactome/R-HSA-2424491,21
https://identifiers.org/reactome/R-HSA-2426168,33
https://identifiers.org/reactome/R-HSA-2428928,5
https://identifiers.org/reactome/R-HSA-2428933,8
https://identifiers.org/reactome/R-HSA-2453902,8
https://identifiers.org/reactome/R-HSA-2454202,14
https://identifiers.org/reactome/R-HSA-2465910,7
https://identifiers.org/reactome/R-HSA-2467813,121
https://identifiers.org/reactome/R-HSA-2468052,9
https://identifiers.org/reactome/R-HSA-2470946,9
https://identifiers.org/reactome/R-HSA-2473224,4
https://identifiers.org/reactome/R-HSA-2485179,5
https://identifiers.org/reactome/R-HSA-2500257,87
https://identifiers.org/reactome/R-HSA-2514853,10
https://identifiers.org/reactome/R-HSA-2514859,17
https://identifiers.org/reactome/R-HSA-2534343,3
https://identifiers.org/reactome/R-HSA-2559580,68
https://identifiers.org/reactome/R-HSA-2559582,45
https://identifiers.org/reactome/R-HSA-2559584,14
https://identifiers.org/reactome/R-HSA-2559585,19
https://identifiers.org/reactome/R-HSA-2559586,26
https://identifiers.org/reactome/R-HSA-2562578,8
https://identifiers.org/reactome/R-HSA-2564830,9
https://identifiers.org/reactome/R-HSA-2565942,56
https://identifiers.org/reactome/R-HSA-2586552,8
https://identifiers.org/reactome/R-HSA-2644606,39
https://identifiers.org/reactome/R-HSA-2644607,3
https://identifiers.org/reactome/R-HSA-264642,10
https://identifiers.org/reactome/R-HSA-264870,11
https://identifiers.org/reactome/R-HSA-264876,11
https://identifiers.org/reactome/R-HSA-2660826,4
https://identifiers.org/reactome/R-HSA-2672351,46
https://identifiers.org/reactome/R-HSA-2682334,24
https://identifiers.org/reactome/R-HSA-2691232,8
https://identifiers.org/reactome/R-HSA-2730905,21
https://identifiers.org/reactome/R-HSA-2855086,4
https://identifiers.org/reactome/R-HSA-2871796,37
https://identifiers.org/reactome/R-HSA-2871809,35
https://identifiers.org/reactome/R-HSA-2871837,66
https://identifiers.org/reactome/R-HSA-2892245,1
https://identifiers.org/reactome/R-HSA-2892247,5
https://identifiers.org/reactome/R-HSA-2894862,39
https://identifiers.org/reactome/R-HSA-2978092,1
https://identifiers.org/reactome/R-HSA-2979096,14
https://identifiers.org/reactome/R-HSA-2980766,7
https://identifiers.org/reactome/R-HSA-2980767,6
https://identifiers.org/reactome/R-HSA-2995383,15
https://identifiers.org/reactome/R-HSA-3000157,27
https://identifiers.org/reactome/R-HSA-3000170,26
https://identifiers.org/reactome/R-HSA-3000171,35
https://identifiers.org/reactome/R-HSA-3000178,68
https://identifiers.org/reactome/R-HSA-3000471,5
https://identifiers.org/reactome/R-HSA-3000480,15
https://identifiers.org/reactome/R-HSA-3000484,6
https://identifiers.org/reactome/R-HSA-3000497,4
https://identifiers.org/reactome/R-HSA-3065676,2
https://identifiers.org/reactome/R-HSA-3065678,3
https://identifiers.org/reactome/R-HSA-3065679,1
https://identifiers.org/reactome/R-HSA-3108214,55
https://identifiers.org/reactome/R-HSA-3134963,5
https://identifiers.org/reactome/R-HSA-3134973,4
https://identifiers.org/reactome/R-HSA-3134975,9
https://identifiers.org/reactome/R-HSA-3214815,42
https://identifiers.org/reactome/R-HSA-3214841,37
https://identifiers.org/reactome/R-HSA-3214842,21
https://identifiers.org/reactome/R-HSA-3214847,61
https://identifiers.org/reactome/R-HSA-3214858,38
https://identifiers.org/reactome/R-HSA-3229133,1
https://identifiers.org/reactome/R-HSA-3232118,9
https://identifiers.org/reactome/R-HSA-3232142,35
https://identifiers.org/reactome/R-HSA-3238698,12
https://identifiers.org/reactome/R-HSA-3247509,8
https://identifiers.org/reactome/R-HSA-3249367,3
https://identifiers.org/reactome/R-HSA-3270619,9
https://identifiers.org/reactome/R-HSA-3274531,1
https://identifiers.org/reactome/R-HSA-3295583,25
https://identifiers.org/reactome/R-HSA-3296197,3
https://identifiers.org/reactome/R-HSA-3299685,25
https://identifiers.org/reactome/R-HSA-3301854,35
https://identifiers.org/reactome/R-HSA-3304356,6
https://identifiers.org/reactome/R-HSA-3311021,3
https://identifiers.org/reactome/R-HSA-3315487,3
https://identifiers.org/reactome/R-HSA-3322077,10
https://identifiers.org/reactome/R-HSA-3359457,1
https://identifiers.org/reactome/R-HSA-3359462,2
https://identifiers.org/reactome/R-HSA-3359463,2
https://identifiers.org/reactome/R-HSA-3359467,2
https://identifiers.org/reactome/R-HSA-3359469,2
https://identifiers.org/reactome/R-HSA-3359471,1
https://identifiers.org/reactome/R-HSA-3359475,1
https://identifiers.org/reactome/R-HSA-3359478,1
https://identifiers.org/reactome/R-HSA-3359485,1
https://identifiers.org/reactome/R-HSA-3371378,8
https://identifiers.org/reactome/R-HSA-3371453,64
https://identifiers.org/reactome/R-HSA-3371497,47
https://identifiers.org/reactome/R-HSA-3371511,11
https://identifiers.org/reactome/R-HSA-3371568,14
https://identifiers.org/reactome/R-HSA-3371571,18
https://identifiers.org/reactome/R-HSA-3371598,1
https://identifiers.org/reactome/R-HSA-3371599,6
https://identifiers.org/reactome/R-HSA-349425,36
https://identifiers.org/reactome/R-HSA-350054,26
https://identifiers.org/reactome/R-HSA-350562,31
https://identifiers.org/reactome/R-HSA-351200,1
https://identifiers.org/reactome/R-HSA-351202,4
https://identifiers.org/reactome/R-HSA-351906,11
https://identifiers.org/reactome/R-HSA-352230,16
https://identifiers.org/reactome/R-HSA-352238,3
https://identifiers.org/reactome/R-HSA-354192,21
https://identifiers.org/reactome/R-HSA-354194,14
https://identifiers.org/reactome/R-HSA-3560783,17
https://identifiers.org/reactome/R-HSA-3560796,1
https://identifiers.org/reactome/R-HSA-3560801,18
https://identifiers.org/reactome/R-HSA-3595172,8
https://identifiers.org/reactome/R-HSA-3595174,8
https://identifiers.org/reactome/R-HSA-3595177,8
https://identifiers.org/reactome/R-HSA-3642279,2
https://identifiers.org/reactome/R-HSA-3645790,3
https://identifiers.org/reactome/R-HSA-3656225,7
https://identifiers.org/reactome/R-HSA-3656234,1
https://identifiers.org/reactome/R-HSA-3656237,12
https://identifiers.org/reactome/R-HSA-3656243,8
https://identifiers.org/reactome/R-HSA-3656244,8
https://identifiers.org/reactome/R-HSA-3656248,1
https://identifiers.org/reactome/R-HSA-3656253,12
https://identifiers.org/reactome/R-HSA-3656532,6
https://identifiers.org/reactome/R-HSA-3656535,4
https://identifiers.org/reactome/R-HSA-372708,13
https://identifiers.org/reactome/R-HSA-373076,19
https://identifiers.org/reactome/R-HSA-373080,26
https://identifiers.org/reactome/R-HSA-373752,13
https://identifiers.org/reactome/R-HSA-373753,14
https://identifiers.org/reactome/R-HSA-373756,1
https://identifiers.org/reactome/R-HSA-373760,13
https://identifiers.org/reactome/R-HSA-375165,20
https://identifiers.org/reactome/R-HSA-375276,78
https://identifiers.org/reactome/R-HSA-375280,2
https://identifiers.org/reactome/R-HSA-375281,8
https://identifiers.org/reactome/R-HSA-376172,3
https://identifiers.org/reactome/R-HSA-376176,15
https://identifiers.org/reactome/R-HSA-3769402,28
https://identifiers.org/reactome/R-HSA-3772470,9
https://identifiers.org/reactome/R-HSA-3785653,6
https://identifiers.org/reactome/R-HSA-379397,2
https://identifiers.org/reactome/R-HSA-379398,2
https://identifiers.org/reactome/R-HSA-379401,2
https://identifiers.org/reactome/R-HSA-379716,23
https://identifiers.org/reactome/R-HSA-379726,14
https://identifiers.org/reactome/R-HSA-380095,4
https://identifiers.org/reactome/R-HSA-380108,26
https://identifiers.org/reactome/R-HSA-380259,44
https://identifiers.org/reactome/R-HSA-380270,50
https://identifiers.org/reactome/R-HSA-380284,44
https://identifiers.org/reactome/R-HSA-380320,61
https://identifiers.org/reactome/R-HSA-380612,2
https://identifiers.org/reactome/R-HSA-380615,1
https://identifiers.org/reactome/R-HSA-380972,14
https://identifiers.org/reactome/R-HSA-380994,19
https://identifiers.org/reactome/R-HSA-381033,4
https://identifiers.org/reactome/R-HSA-381038,32
https://identifiers.org/reactome/R-HSA-381042,5
https://identifiers.org/reactome/R-HSA-381070,3
https://identifiers.org/reactome/R-HSA-381183,8
https://identifiers.org/reactome/R-HSA-381340,48
https://identifiers.org/reactome/R-HSA-381426,108
https://identifiers.org/reactome/R-HSA-3814836,2
https://identifiers.org/reactome/R-HSA-381676,22
https://identifiers.org/reactome/R-HSA-381753,7
https://identifiers.org/reactome/R-HSA-381771,15
https://identifiers.org/reactome/R-HSA-382556,56
https://identifiers.org/reactome/R-HSA-3828062,2
https://identifiers.org/reactome/R-HSA-383280,44
https://identifiers.org/reactome/R-HSA-3858516,2
https://identifiers.org/reactome/R-HSA-3878781,2
https://identifiers.org/reactome/R-HSA-388479,4
https://identifiers.org/reactome/R-HSA-388844,14
https://identifiers.org/reactome/R-HSA-389356,15
https://identifiers.org/reactome/R-HSA-389357,20
https://identifiers.org/reactome/R-HSA-389359,11
https://identifiers.org/reactome/R-HSA-389397,5
https://identifiers.org/reactome/R-HSA-389513,18
https://identifiers.org/reactome/R-HSA-389542,2
https://identifiers.org/reactome/R-HSA-389599,2
https://identifiers.org/reactome/R-HSA-389661,5
https://identifiers.org/reactome/R-HSA-389887,5
https://identifiers.org/reactome/R-HSA-3899300,31
https://identifiers.org/reactome/R-HSA-389948,22
https://identifiers.org/reactome/R-HSA-389957,25
https://identifiers.org/reactome/R-HSA-389960,24
https://identifiers.org/reactome/R-HSA-389977,19
https://identifiers.org/reactome/R-HSA-390247,7
https://identifiers.org/reactome/R-HSA-390450,9
https://identifiers.org/reactome/R-HSA-390471,21
https://identifiers.org/reactome/R-HSA-390522,18
https://identifiers.org/reactome/R-HSA-390648,5
https://identifiers.org/reactome/R-HSA-390650,4
https://identifiers.org/reactome/R-HSA-390651,5
https://identifiers.org/reactome/R-HSA-390666,12
https://identifiers.org/reactome/R-HSA-390696,9
https://identifiers.org/reactome/R-HSA-390918,2
https://identifiers.org/reactome/R-HSA-391160,11
https://identifiers.org/reactome/R-HSA-391903,1
https://identifiers.org/reactome/R-HSA-391906,5
https://identifiers.org/reactome/R-HSA-391908,9
https://identifiers.org/reactome/R-HSA-392023,3
https://identifiers.org/reactome/R-HSA-392154,3
https://identifiers.org/reactome/R-HSA-392170,8
https://identifiers.org/reactome/R-HSA-392451,8
https://identifiers.org/reactome/R-HSA-392517,13
https://identifiers.org/reactome/R-HSA-392851,4
https://identifiers.org/reactome/R-HSA-3928662,33
https://identifiers.org/reactome/R-HSA-3928663,24
https://identifiers.org/reactome/R-HSA-3928664,16
https://identifiers.org/reactome/R-HSA-3928665,41
https://identifiers.org/reactome/R-HSA-399710,4
https://identifiers.org/reactome/R-HSA-399719,14
https://identifiers.org/reactome/R-HSA-399954,14
https://identifiers.org/reactome/R-HSA-399955,9
https://identifiers.org/reactome/R-HSA-399956,15
https://identifiers.org/reactome/R-HSA-399997,4
https://identifiers.org/reactome/R-HSA-400042,12
https://identifiers.org/reactome/R-HSA-400206,15
https://identifiers.org/reactome/R-HSA-400511,9
https://identifiers.org/reactome/R-HSA-4043911,1
https://identifiers.org/reactome/R-HSA-4043916,1
https://identifiers.org/reactome/R-HSA-4085001,20
https://identifiers.org/reactome/R-HSA-4085023,1
https://identifiers.org/reactome/R-HSA-4085377,32
https://identifiers.org/reactome/R-HSA-4086398,32
https://identifiers.org/reactome/R-HSA-4086400,13
https://identifiers.org/reactome/R-HSA-4090294,22
https://identifiers.org/reactome/R-HSA-416476,111
https://identifiers.org/reactome/R-HSA-416482,27
https://identifiers.org/reactome/R-HSA-416550,3
https://identifiers.org/reactome/R-HSA-416572,16
https://identifiers.org/reactome/R-HSA-416700,16
https://identifiers.org/reactome/R-HSA-416993,12
https://identifiers.org/reactome/R-HSA-417957,12
https://identifiers.org/reactome/R-HSA-417973,4
https://identifiers.org/reactome/R-HSA-418217,3
https://identifiers.org/reactome/R-HSA-418346,7
https://identifiers.org/reactome/R-HSA-418359,7
https://identifiers.org/reactome/R-HSA-418457,11
https://identifiers.org/reactome/R-HSA-418555,91
https://identifiers.org/reactome/R-HSA-418592,8
https://identifiers.org/reactome/R-HSA-418594,164
https://identifiers.org/reactome/R-HSA-418597,25
https://identifiers.org/reactome/R-HSA-418885,10
https://identifiers.org/reactome/R-HSA-418886,5
https://identifiers.org/reactome/R-HSA-418889,8
https://identifiers.org/reactome/R-HSA-418890,9
https://identifiers.org/reactome/R-HSA-418990,22
https://identifiers.org/reactome/R-HSA-419037,31
https://identifiers.org/reactome/R-HSA-419408,9
https://identifiers.org/reactome/R-HSA-419771,2
https://identifiers.org/reactome/R-HSA-419812,5
https://identifiers.org/reactome/R-HSA-420029,8
https://identifiers.org/reactome/R-HSA-420092,13
https://identifiers.org/reactome/R-HSA-420499,38
https://identifiers.org/reactome/R-HSA-420597,7
https://identifiers.org/reactome/R-HSA-422085,11
https://identifiers.org/reactome/R-HSA-422356,21
https://identifiers.org/reactome/R-HSA-425381,6
https://identifiers.org/reactome/R-HSA-425397,2
https://identifiers.org/reactome/R-HSA-425410,6
https://identifiers.org/reactome/R-HSA-425561,5
https://identifiers.org/reactome/R-HSA-425986,7
https://identifiers.org/reactome/R-HSA-426048,5
https://identifiers.org/reactome/R-HSA-426117,5
https://identifiers.org/reactome/R-HSA-426486,8
https://identifiers.org/reactome/R-HSA-426496,6
https://identifiers.org/reactome/R-HSA-427359,20
https://identifiers.org/reactome/R-HSA-427389,28
https://identifiers.org/reactome/R-HSA-427413,41
https://identifiers.org/reactome/R-HSA-427589,2
https://identifiers.org/reactome/R-HSA-427601,3
https://identifiers.org/reactome/R-HSA-427652,2
https://identifiers.org/reactome/R-HSA-427975,2
https://identifiers.org/reactome/R-HSA-428359,3
https://identifiers.org/reactome/R-HSA-428540,9
https://identifiers.org/reactome/R-HSA-428542,10
https://identifiers.org/reactome/R-HSA-428543,5
https://identifiers.org/reactome/R-HSA-428559,2
https://identifiers.org/reactome/R-HSA-428643,2
https://identifiers.org/reactome/R-HSA-428890,8
https://identifiers.org/reactome/R-HSA-428930,6
https://identifiers.org/reactome/R-HSA-429593,2
https://identifiers.org/reactome/R-HSA-429947,17
https://identifiers.org/reactome/R-HSA-429958,12
https://identifiers.org/reactome/R-HSA-430039,8
https://identifiers.org/reactome/R-HSA-430116,11
https://identifiers.org/reactome/R-HSA-432040,16
https://identifiers.org/reactome/R-HSA-432047,2
https://identifiers.org/reactome/R-HSA-432142,14
https://identifiers.org/reactome/R-HSA-432720,19
https://identifiers.org/reactome/R-HSA-432722,37
https://identifiers.org/reactome/R-HSA-433137,2
https://identifiers.org/reactome/R-HSA-433692,5
https://identifiers.org/reactome/R-HSA-4341670,3
https://identifiers.org/reactome/R-HSA-434313,3
https://identifiers.org/reactome/R-HSA-434316,2
https://identifiers.org/reactome/R-HSA-435368,1
https://identifiers.org/reactome/R-HSA-437239,39
https://identifiers.org/reactome/R-HSA-438066,19
https://identifiers.org/reactome/R-HSA-4411364,5
https://identifiers.org/reactome/R-HSA-4419969,9
https://identifiers.org/reactome/R-HSA-4420097,41
https://identifiers.org/reactome/R-HSA-4420332,18
https://identifiers.org/reactome/R-HSA-442380,5
https://identifiers.org/reactome/R-HSA-442660,17
https://identifiers.org/reactome/R-HSA-442720,10
https://identifiers.org/reactome/R-HSA-442729,8
https://identifiers.org/reactome/R-HSA-442742,5
https://identifiers.org/reactome/R-HSA-442982,17
https://identifiers.org/reactome/R-HSA-444209,4
https://identifiers.org/reactome/R-HSA-444257,7
https://identifiers.org/reactome/R-HSA-444411,2
https://identifiers.org/reactome/R-HSA-444473,5
https://identifiers.org/reactome/R-HSA-444821,3
https://identifiers.org/reactome/R-HSA-445095,27
https://identifiers.org/reactome/R-HSA-445144,20
https://identifiers.org/reactome/R-HSA-445355,28
https://identifiers.org/reactome/R-HSA-445989,25
https://identifiers.org/reactome/R-HSA-446107,11
https://identifiers.org/reactome/R-HSA-446193,12
https://identifiers.org/reactome/R-HSA-446199,2
https://identifiers.org/reactome/R-HSA-446203,10
https://identifiers.org/reactome/R-HSA-446205,4
https://identifiers.org/reactome/R-HSA-446210,5
https://identifiers.org/reactome/R-HSA-446343,3
https://identifiers.org/reactome/R-HSA-446353,8
https://identifiers.org/reactome/R-HSA-446388,5
https://identifiers.org/reactome/R-HSA-447038,6
https://identifiers.org/reactome/R-HSA-447041,8
https://identifiers.org/reactome/R-HSA-447043,6
https://identifiers.org/reactome/R-HSA-448424,5
https://identifiers.org/reactome/R-HSA-448706,7
https://identifiers.org/reactome/R-HSA-449836,17
https://identifiers.org/reactome/R-HSA-450302,21
https://identifiers.org/reactome/R-HSA-450321,20
https://identifiers.org/reactome/R-HSA-450341,10
https://identifiers.org/reactome/R-HSA-450385,12
https://identifiers.org/reactome/R-HSA-450408,39
https://identifiers.org/reactome/R-HSA-450513,12
https://identifiers.org/reactome/R-HSA-450520,7
https://identifiers.org/reactome/R-HSA-450604,13
https://identifiers.org/reactome/R-HSA-451307,2
https://identifiers.org/reactome/R-HSA-451308,7
https://identifiers.org/reactome/R-HSA-451927,2
https://identifiers.org/reactome/R-HSA-452723,11
https://identifiers.org/reactome/R-HSA-4549349,1
https://identifiers.org/reactome/R-HSA-4549356,1
https://identifiers.org/reactome/R-HSA-4549380,1
https://identifiers.org/reactome/R-HSA-4551295,1
https://identifiers.org/reactome/R-HSA-4551638,48
https://identifiers.org/reactome/R-HSA-456926,12
https://identifiers.org/reactome/R-HSA-4570464,43
https://identifiers.org/reactome/R-HSA-4608870,45
https://identifiers.org/reactome/R-HSA-4615885,39
https://identifiers.org/reactome/R-HSA-4641257,38
https://identifiers.org/reactome/R-HSA-4641258,38
https://identifiers.org/reactome/R-HSA-4641262,21
https://identifiers.org/reactome/R-HSA-4641263,16
https://identifiers.org/reactome/R-HSA-4641265,7
https://identifiers.org/reactome/R-HSA-4655427,13
https://identifiers.org/reactome/R-HSA-4717374,2
https://identifiers.org/reactome/R-HSA-4719360,2
https://identifiers.org/reactome/R-HSA-4719377,2
https://identifiers.org/reactome/R-HSA-4720454,1
https://identifiers.org/reactome/R-HSA-4720475,1
https://identifiers.org/reactome/R-HSA-4720489,1
https://identifiers.org/reactome/R-HSA-4724289,1
https://identifiers.org/reactome/R-HSA-4724325,1
https://identifiers.org/reactome/R-HSA-4755510,8
https://identifiers.org/reactome/R-HSA-4755609,1
https://identifiers.org/reactome/R-HSA-4793950,1
https://identifiers.org/reactome/R-HSA-4793952,1
https://identifiers.org/reactome/R-HSA-4793953,1
https://identifiers.org/reactome/R-HSA-4793954,1
https://identifiers.org/reactome/R-HSA-480985,1
https://identifiers.org/reactome/R-HSA-499943,16
https://identifiers.org/reactome/R-HSA-500657,4
https://identifiers.org/reactome/R-HSA-500753,3
https://identifiers.org/reactome/R-HSA-5083625,14
https://identifiers.org/reactome/R-HSA-5083627,2
https://identifiers.org/reactome/R-HSA-5083628,1
https://identifiers.org/reactome/R-HSA-5083629,3
https://identifiers.org/reactome/R-HSA-5083630,5
https://identifiers.org/reactome/R-HSA-5083632,13
https://identifiers.org/reactome/R-HSA-5083633,3
https://identifiers.org/reactome/R-HSA-5083635,26
https://identifiers.org/reactome/R-HSA-5083636,14
https://identifiers.org/reactome/R-HSA-5099900,13
https://identifiers.org/reactome/R-HSA-512988,20
https://identifiers.org/reactome/R-HSA-5140745,11
https://identifiers.org/reactome/R-HSA-5173105,4
https://identifiers.org/reactome/R-HSA-5173214,27
https://identifiers.org/reactome/R-HSA-5205685,20
https://identifiers.org/reactome/R-HSA-5210891,11
https://identifiers.org/reactome/R-HSA-5213460,18
https://identifiers.org/reactome/R-HSA-5218900,8
https://identifiers.org/reactome/R-HSA-5218920,21
https://identifiers.org/reactome/R-HSA-5218921,18
https://identifiers.org/reactome/R-HSA-5221030,3
https://identifiers.org/reactome/R-HSA-5223345,12
https://identifiers.org/reactome/R-HSA-5250924,35
https://identifiers.org/reactome/R-HSA-5250955,2
https://identifiers.org/reactome/R-HSA-5250968,2
https://identifiers.org/reactome/R-HSA-5250971,2
https://identifiers.org/reactome/R-HSA-5250981,2
https://identifiers.org/reactome/R-HSA-5250992,1
https://identifiers.org/reactome/R-HSA-525793,20
https://identifiers.org/reactome/R-HSA-5263617,1
https://identifiers.org/reactome/R-HSA-532668,12
https://identifiers.org/reactome/R-HSA-5334118,19
https://identifiers.org/reactome/R-HSA-5336415,6
https://identifiers.org/reactome/R-HSA-5339700,1
https://identifiers.org/reactome/R-HSA-5339716,10
https://identifiers.org/reactome/R-HSA-5339717,4
https://identifiers.org/reactome/R-HSA-5340573,1
https://identifiers.org/reactome/R-HSA-5340588,6
https://identifiers.org/reactome/R-HSA-5357609,2
https://identifiers.org/reactome/R-HSA-5357786,17
https://identifiers.org/reactome/R-HSA-5357905,35
https://identifiers.org/reactome/R-HSA-5357956,25
https://identifiers.org/reactome/R-HSA-5358346,43
https://identifiers.org/reactome/R-HSA-5358493,5
https://identifiers.org/reactome/R-HSA-5358565,9
https://identifiers.org/reactome/R-HSA-5358606,8
https://identifiers.org/reactome/R-HSA-5358747,10
https://identifiers.org/reactome/R-HSA-5358749,10
https://identifiers.org/reactome/R-HSA-5358751,10
https://identifiers.org/reactome/R-HSA-5358752,10
https://identifiers.org/reactome/R-HSA-5362517,17
https://identifiers.org/reactome/R-HSA-5362768,40
https://identifiers.org/reactome/R-HSA-5362798,6
https://identifiers.org/reactome/R-HSA-5365859,11
https://identifiers.org/reactome/R-HSA-5368286,54
https://identifiers.org/reactome/R-HSA-5368598,4
https://identifiers.org/reactome/R-HSA-5389840,56
https://identifiers.org/reactome/R-HSA-5419276,61
https://identifiers.org/reactome/R-HSA-5423646,13
https://identifiers.org/reactome/R-HSA-5467333,1
https://identifiers.org/reactome/R-HSA-5467337,9
https://identifiers.org/reactome/R-HSA-5467340,9
https://identifiers.org/reactome/R-HSA-5467348,9
https://identifiers.org/reactome/R-HSA-549127,6
https://identifiers.org/reactome/R-HSA-5545483,2
https://identifiers.org/reactome/R-HSA-5545619,2
https://identifiers.org/reactome/R-HSA-5576886,12
https://identifiers.org/reactome/R-HSA-5576890,5
https://identifiers.org/reactome/R-HSA-5576892,21
https://identifiers.org/reactome/R-HSA-5576893,7
https://identifiers.org/reactome/R-HSA-5576894,3
https://identifiers.org/reactome/R-HSA-5578749,53
https://identifiers.org/reactome/R-HSA-5578768,9
https://identifiers.org/reactome/R-HSA-5578775,37
https://identifiers.org/reactome/R-HSA-5578995,1
https://identifiers.org/reactome/R-HSA-5578996,1
https://identifiers.org/reactome/R-HSA-5578997,1
https://identifiers.org/reactome/R-HSA-5578998,1
https://identifiers.org/reactome/R-HSA-5578999,1
https://identifiers.org/reactome/R-HSA-5579000,1
https://identifiers.org/reactome/R-HSA-5579002,1
https://identifiers.org/reactome/R-HSA-5579007,1
https://identifiers.org/reactome/R-HSA-5579009,1
https://identifiers.org/reactome/R-HSA-5579010,1
https://identifiers.org/reactome/R-HSA-5579012,1
https://identifiers.org/reactome/R-HSA-5579014,1
https://identifiers.org/reactome/R-HSA-5579015,1
https://identifiers.org/reactome/R-HSA-5579016,1
https://identifiers.org/reactome/R-HSA-5579017,1
https://identifiers.org/reactome/R-HSA-5579021,1
https://identifiers.org/reactome/R-HSA-5579022,1
https://identifiers.org/reactome/R-HSA-5579028,1
https://identifiers.org/reactome/R-HSA-5579030,1
https://identifiers.org/reactome/R-HSA-5579031,1
https://identifiers.org/reactome/R-HSA-5579032,1
https://identifiers.org/reactome/R-HSA-5601884,8
https://identifiers.org/reactome/R-HSA-5602410,1
https://identifiers.org/reactome/R-HSA-5602415,2
https://identifiers.org/reactome/R-HSA-5602498,14
https://identifiers.org/reactome/R-HSA-5602566,1
https://identifiers.org/reactome/R-HSA-5602571,1
https://identifiers.org/reactome/R-HSA-5602636,3
https://identifiers.org/reactome/R-HSA-5602680,1
https://identifiers.org/reactome/R-HSA-5603027,3
https://identifiers.org/reactome/R-HSA-5603029,7
https://identifiers.org/reactome/R-HSA-5603037,3
https://identifiers.org/reactome/R-HSA-5603041,15
https://identifiers.org/reactome/R-HSA-5607761,41
https://identifiers.org/reactome/R-HSA-5607763,9
https://identifiers.org/reactome/R-HSA-5607764,56
https://identifiers.org/reactome/R-HSA-5609974,1
https://identifiers.org/reactome/R-HSA-5609976,1
https://identifiers.org/reactome/R-HSA-5609977,1
https://identifiers.org/reactome/R-HSA-561048,5
https://identifiers.org/reactome/R-HSA-5610780,42
https://identifiers.org/reactome/R-HSA-5610783,42
https://identifiers.org/reactome/R-HSA-5610785,42
https://identifiers.org/reactome/R-HSA-5610787,33
https://identifiers.org/reactome/R-HSA-5617472,48
https://identifiers.org/reactome/R-HSA-5617833,17
https://identifiers.org/reactome/R-HSA-5619039,1
https://identifiers.org/reactome/R-HSA-5619040,1
https://identifiers.org/reactome/R-HSA-5619041,1
https://identifiers.org/reactome/R-HSA-5619042,1
https://identifiers.org/reactome/R-HSA-5619043,1
https://identifiers.org/reactome/R-HSA-5619044,1
https://identifiers.org/reactome/R-HSA-5619045,1
https://identifiers.org/reactome/R-HSA-5619048,1
https://identifiers.org/reactome/R-HSA-5619049,2
https://identifiers.org/reactome/R-HSA-5619050,1
https://identifiers.org/reactome/R-HSA-5619052,1
https://identifiers.org/reactome/R-HSA-5619053,1
https://identifiers.org/reactome/R-HSA-5619054,1
https://identifiers.org/reactome/R-HSA-5619056,1
https://identifiers.org/reactome/R-HSA-5619058,1
https://identifiers.org/reactome/R-HSA-5619060,2
https://identifiers.org/reactome/R-HSA-5619061,1
https://identifiers.org/reactome/R-HSA-5619062,1
https://identifiers.org/reactome/R-HSA-5619067,1
https://identifiers.org/reactome/R-HSA-5619070,2
https://identifiers.org/reactome/R-HSA-5619071,1
https://identifiers.org/reactome/R-HSA-5619073,1
https://identifiers.org/reactome/R-HSA-5619081,1
https://identifiers.org/reactome/R-HSA-5619085,1
https://identifiers.org/reactome/R-HSA-5619089,1
https://identifiers.org/reactome/R-HSA-5619092,1
https://identifiers.org/reactome/R-HSA-5619094,1
https://identifiers.org/reactome/R-HSA-5619095,1
https://identifiers.org/reactome/R-HSA-5619098,1
https://identifiers.org/reactome/R-HSA-5619099,2
https://identifiers.org/reactome/R-HSA-5619104,1
https://identifiers.org/reactome/R-HSA-5619107,32
https://identifiers.org/reactome/R-HSA-5619108,1
https://identifiers.org/reactome/R-HSA-5619109,1
https://identifiers.org/reactome/R-HSA-5619110,1
https://identifiers.org/reactome/R-HSA-5619111,1
https://identifiers.org/reactome/R-HSA-5619114,1
https://identifiers.org/reactome/R-HSA-5620912,58
https://identifiers.org/reactome/R-HSA-5620916,11
https://identifiers.org/reactome/R-HSA-5620922,11
https://identifiers.org/reactome/R-HSA-5620924,21
https://identifiers.org/reactome/R-HSA-5620971,14
https://identifiers.org/reactome/R-HSA-5621480,19
https://identifiers.org/reactome/R-HSA-5621575,20
https://identifiers.org/reactome/R-HSA-5624138,2
https://identifiers.org/reactome/R-HSA-5624958,2
https://identifiers.org/reactome/R-HSA-5625740,22
https://identifiers.org/reactome/R-HSA-5625886,22
https://identifiers.org/reactome/R-HSA-5625900,12
https://identifiers.org/reactome/R-HSA-5625970,5
https://identifiers.org/reactome/R-HSA-5626467,27
https://identifiers.org/reactome/R-HSA-5626978,5
https://identifiers.org/reactome/R-HSA-5627083,2
https://identifiers.org/reactome/R-HSA-5627117,15
https://identifiers.org/reactome/R-HSA-5627123,16
https://identifiers.org/reactome/R-HSA-5628897,51
https://identifiers.org/reactome/R-HSA-5632681,7
https://identifiers.org/reactome/R-HSA-5632684,47
https://identifiers.org/reactome/R-HSA-5632927,1
https://identifiers.org/reactome/R-HSA-5632928,2
https://identifiers.org/reactome/R-HSA-5632968,2
https://identifiers.org/reactome/R-HSA-5632987,2
https://identifiers.org/reactome/R-HSA-5633231,2
https://identifiers.org/reactome/R-HSA-5635838,11
https://identifiers.org/reactome/R-HSA-5635851,3
https://identifiers.org/reactome/R-HSA-5637810,15
https://identifiers.org/reactome/R-HSA-5638303,4
https://identifiers.org/reactome/R-HSA-5649702,5
https://identifiers.org/reactome/R-HSA-5651801,14
https://identifiers.org/reactome/R-HSA-5652227,2
https://identifiers.org/reactome/R-HSA-5653890,3
https://identifiers.org/reactome/R-HSA-5654219,6
https://identifiers.org/reactome/R-HSA-5654221,6
https://identifiers.org/reactome/R-HSA-5654227,6
https://identifiers.org/reactome/R-HSA-5654228,7
https://identifiers.org/reactome/R-HSA-5654687,7
https://identifiers.org/reactome/R-HSA-5654688,11
https://identifiers.org/reactome/R-HSA-5654689,10
https://identifiers.org/reactome/R-HSA-5654693,12
https://identifiers.org/reactome/R-HSA-5654695,10
https://identifiers.org/reactome/R-HSA-5654699,11
https://identifiers.org/reactome/R-HSA-5654700,12
https://identifiers.org/reactome/R-HSA-5654704,11
https://identifiers.org/reactome/R-HSA-5654706,12
https://identifiers.org/reactome/R-HSA-5654710,10
https://identifiers.org/reactome/R-HSA-5654712,13
https://identifiers.org/reactome/R-HSA-5654719,12
https://identifiers.org/reactome/R-HSA-5654720,11
https://identifiers.org/reactome/R-HSA-5654726,15
https://identifiers.org/reactome/R-HSA-5654727,14
https://identifiers.org/reactome/R-HSA-5654732,14
https://identifiers.org/reactome/R-HSA-5654733,15
https://identifiers.org/reactome/R-HSA-5655253,14
https://identifiers.org/reactome/R-HSA-5655291,10
https://identifiers.org/reactome/R-HSA-5655302,23
https://identifiers.org/reactome/R-HSA-5655332,14
https://identifiers.org/reactome/R-HSA-5655799,2
https://identifiers.org/reactome/R-HSA-5655862,12
https://identifiers.org/reactome/R-HSA-5656121,13
https://identifiers.org/reactome/R-HSA-5656169,20
https://identifiers.org/reactome/R-HSA-5656364,1
https://identifiers.org/reactome/R-HSA-5657560,1
https://identifiers.org/reactome/R-HSA-5657562,1
https://identifiers.org/reactome/R-HSA-5657655,1
https://identifiers.org/reactome/R-HSA-5658034,3
https://identifiers.org/reactome/R-HSA-5658208,1
https://identifiers.org/reactome/R-HSA-5658442,40
https://identifiers.org/reactome/R-HSA-5658471,1
https://identifiers.org/reactome/R-HSA-5658623,3
https://identifiers.org/reactome/R-HSA-5659735,1
https://identifiers.org/reactome/R-HSA-5659898,1
https://identifiers.org/reactome/R-HSA-5659996,1
https://identifiers.org/reactome/R-HSA-5660489,2
https://identifiers.org/reactome/R-HSA-5660668,4
https://identifiers.org/reactome/R-HSA-5660724,1
https://identifiers.org/reactome/R-HSA-5660862,1
https://identifiers.org/reactome/R-HSA-5661270,2
https://identifiers.org/reactome/R-HSA-5662702,3
https://identifiers.org/reactome/R-HSA-5663213,28
https://identifiers.org/reactome/R-HSA-5663220,95
https://identifiers.org/reactome/R-HSA-5666185,2
https://identifiers.org/reactome/R-HSA-5668541,48
https://identifiers.org/reactome/R-HSA-5668599,15
https://identifiers.org/reactome/R-HSA-5669034,19
https://identifiers.org/reactome/R-HSA-5673000,27
https://identifiers.org/reactome/R-HSA-5673001,93
https://identifiers.org/reactome/R-HSA-5674135,32
https://identifiers.org/reactome/R-HSA-5674400,21
https://identifiers.org/reactome/R-HSA-5674404,1
https://identifiers.org/reactome/R-HSA-5674499,6
https://identifiers.org/reactome/R-HSA-5675221,28
https://identifiers.org/reactome/R-HSA-5675482,22
https://identifiers.org/reactome/R-HSA-5676590,40
https://identifiers.org/reactome/R-HSA-5676594,13
https://identifiers.org/reactome/R-HSA-5676934,2
https://identifiers.org/reactome/R-HSA-5678420,2
https://identifiers.org/reactome/R-HSA-5678520,1
https://identifiers.org/reactome/R-HSA-5678895,41
https://identifiers.org/reactome/R-HSA-5679001,1
https://identifiers.org/reactome/R-HSA-5682113,2
https://identifiers.org/reactome/R-HSA-5682294,1
https://identifiers.org/reactome/R-HSA-5682910,9
https://identifiers.org/reactome/R-HSA-5683177,2
https://identifiers.org/reactome/R-HSA-5683329,1
https://identifiers.org/reactome/R-HSA-5683371,1
https://identifiers.org/reactome/R-HSA-5683678,1
https://identifiers.org/reactome/R-HSA-5683826,18
https://identifiers.org/reactome/R-HSA-5684264,13
https://identifiers.org/reactome/R-HSA-5685938,21
https://identifiers.org/reactome/R-HSA-5685939,10
https://identifiers.org/reactome/R-HSA-5685942,27
https://identifiers.org/reactome/R-HSA-5686938,16
https://identifiers.org/reactome/R-HSA-5687128,61
https://identifiers.org/reactome/R-HSA-5687583,1
https://identifiers.org/reactome/R-HSA-5688031,1
https://identifiers.org/reactome/R-HSA-5688399,1
https://identifiers.org/reactome/R-HSA-5688849,3
https://identifiers.org/reactome/R-HSA-5688890,3
https://identifiers.org/reactome/R-HSA-5689603,60
https://identifiers.org/reactome/R-HSA-5689877,8
https://identifiers.org/reactome/R-HSA-5689880,121
https://identifiers.org/reactome/R-HSA-5689896,25
https://identifiers.org/reactome/R-HSA-5689901,21
https://identifiers.org/reactome/R-HSA-5690338,1
https://identifiers.org/reactome/R-HSA-5690714,15
https://identifiers.org/reactome/R-HSA-5693548,6
https://identifiers.org/reactome/R-HSA-5693554,12
https://identifiers.org/reactome/R-HSA-5693565,42
https://identifiers.org/reactome/R-HSA-5693568,13
https://identifiers.org/reactome/R-HSA-5693571,32
https://identifiers.org/reactome/R-HSA-5693579,12
https://identifiers.org/reactome/R-HSA-5693607,45
https://identifiers.org/reactome/R-HSA-5693616,21
https://identifiers.org/reactome/R-HSA-5694530,25
https://identifiers.org/reactome/R-HSA-5696394,27
https://identifiers.org/reactome/R-HSA-5696395,25
https://identifiers.org/reactome/R-HSA-5696397,17
https://identifiers.org/reactome/R-HSA-5696400,26
https://identifiers.org/reactome/R-HSA-606279,24
https://identifiers.org/reactome/R-HSA-611105,46
https://identifiers.org/reactome/R-HSA-629587,4
https://identifiers.org/reactome/R-HSA-629594,7
https://identifiers.org/reactome/R-HSA-629597,5
https://identifiers.org/reactome/R-HSA-674695,53
https://identifiers.org/reactome/R-HSA-6781823,33
https://identifiers.org/reactome/R-HSA-6781827,23
https://identifiers.org/reactome/R-HSA-6782135,35
https://identifiers.org/reactome/R-HSA-6782210,36
https://identifiers.org/reactome/R-HSA-6782315,15
https://identifiers.org/reactome/R-HSA-6782861,1
https://identifiers.org/reactome/R-HSA-6783310,15
https://identifiers.org/reactome/R-HSA-6783783,31
https://identifiers.org/reactome/R-HSA-6783984,3
https://identifiers.org/reactome/R-HSA-6784531,45
https://identifiers.org/reactome/R-HSA-6785470,4
https://identifiers.org/reactome/R-HSA-6785631,10
https://identifiers.org/reactome/R-HSA-6785807,92
https://identifiers.org/reactome/R-HSA-6787450,6
https://identifiers.org/reactome/R-HSA-6787639,1
https://identifiers.org/reactome/R-HSA-6788467,9
https://identifiers.org/reactome/R-HSA-6790901,36
https://identifiers.org/reactome/R-HSA-6791055,1
https://identifiers.org/reactome/R-HSA-6791226,133
https://identifiers.org/reactome/R-HSA-6791461,1
https://identifiers.org/reactome/R-HSA-6791462,1
https://identifiers.org/reactome/R-HSA-6793080,5
https://identifiers.org/reactome/R-HSA-6794361,31
https://identifiers.org/reactome/R-HSA-6796648,40
https://identifiers.org/reactome/R-HSA-6798163,2
https://identifiers.org/reactome/R-HSA-6798695,360
https://identifiers.org/reactome/R-HSA-6799198,31
https://identifiers.org/reactome/R-HSA-6799990,6
https://identifiers.org/reactome/R-HSA-6802946,40
https://identifiers.org/reactome/R-HSA-6802948,32
https://identifiers.org/reactome/R-HSA-6802952,56
https://identifiers.org/reactome/R-HSA-6802953,3
https://identifiers.org/reactome/R-HSA-6802955,40
https://identifiers.org/reactome/R-HSA-6803157,16
https://identifiers.org/reactome/R-HSA-6803204,9
https://identifiers.org/reactome/R-HSA-6803205,7
https://identifiers.org/reactome/R-HSA-6803207,7
https://identifiers.org/reactome/R-HSA-6803211,8
https://identifiers.org/reactome/R-HSA-6803529,15
https://identifiers.org/reactome/R-HSA-6803544,2
https://identifiers.org/reactome/R-HSA-6804114,14
https://identifiers.org/reactome/R-HSA-6804115,14
https://identifiers.org/reactome/R-HSA-6804116,7
https://identifiers.org/reactome/R-HSA-6804754,1
https://identifiers.org/reactome/R-HSA-6804756,70
https://identifiers.org/reactome/R-HSA-6804757,27
https://identifiers.org/reactome/R-HSA-6804758,21
https://identifiers.org/reactome/R-HSA-6804759,7
https://identifiers.org/reactome/R-HSA-6804760,18
https://identifiers.org/reactome/R-HSA-6805567,39
https://identifiers.org/reactome/R-HSA-6806664,1
https://identifiers.org/reactome/R-HSA-6806942,6
https://identifiers.org/reactome/R-HSA-6807004,19
https://identifiers.org/reactome/R-HSA-6807047,3
https://identifiers.org/reactome/R-HSA-6807062,6
https://identifiers.org/reactome/R-HSA-6807505,41
https://identifiers.org/reactome/R-HSA-6807878,69
https://identifiers.org/reactome/R-HSA-6809371,61
https://identifiers.org/reactome/R-HSA-6809583,1
https://identifiers.org/reactome/R-HSA-6811434,62
https://identifiers.org/reactome/R-HSA-6811436,38
https://identifiers.org/reactome/R-HSA-6811438,17
https://identifiers.org/reactome/R-HSA-6811440,17
https://identifiers.org/reactome/R-HSA-6811555,7
https://identifiers.org/reactome/R-HSA-6811558,71
https://identifiers.org/reactome/R-HSA-6814122,16
https://identifiers.org/reactome/R-HSA-6814848,3
https://identifiers.org/reactome/R-HSA-68616,18
https://identifiers.org/reactome/R-HSA-68689,2
https://identifiers.org/reactome/R-HSA-68867,45
https://identifiers.org/reactome/R-HSA-68875,3
https://identifiers.org/reactome/R-HSA-68877,76
https://identifiers.org/reactome/R-HSA-68881,2
https://identifiers.org/reactome/R-HSA-68884,2
https://identifiers.org/reactome/R-HSA-68911,2
https://identifiers.org/reactome/R-HSA-68949,45
https://identifiers.org/reactome/R-HSA-68952,4
https://identifiers.org/reactome/R-HSA-68962,17
https://identifiers.org/reactome/R-HSA-69017,41
https://identifiers.org/reactome/R-HSA-69052,6
https://identifiers.org/reactome/R-HSA-69091,8
https://identifiers.org/reactome/R-HSA-69166,7
https://identifiers.org/reactome/R-HSA-69183,5
https://identifiers.org/reactome/R-HSA-69200,3
https://identifiers.org/reactome/R-HSA-69202,17
https://identifiers.org/reactome/R-HSA-69205,18
https://identifiers.org/reactome/R-HSA-69231,27
https://identifiers.org/reactome/R-HSA-69273,20
https://identifiers.org/reactome/R-HSA-69416,8
https://identifiers.org/reactome/R-HSA-69473,38
https://identifiers.org/reactome/R-HSA-69478,5
https://identifiers.org/reactome/R-HSA-69481,35
https://identifiers.org/reactome/R-HSA-69541,9
https://identifiers.org/reactome/R-HSA-69563,4
https://identifiers.org/reactome/R-HSA-69601,39
https://identifiers.org/reactome/R-HSA-69656,19
https://identifiers.org/reactome/R-HSA-69895,2
https://identifiers.org/reactome/R-HSA-70171,22
https://identifiers.org/reactome/R-HSA-70221,11
https://identifiers.org/reactome/R-HSA-70263,18
https://identifiers.org/reactome/R-HSA-70268,10
https://identifiers.org/reactome/R-HSA-70350,4
https://identifiers.org/reactome/R-HSA-70370,4
https://identifiers.org/reactome/R-HSA-70635,6
https://identifiers.org/reactome/R-HSA-70688,1
https://identifiers.org/reactome/R-HSA-70895,12
https://identifiers.org/reactome/R-HSA-70921,3
https://identifiers.org/reactome/R-HSA-71032,2
https://identifiers.org/reactome/R-HSA-71064,2
https://identifiers.org/reactome/R-HSA-71240,11
https://identifiers.org/reactome/R-HSA-71262,2
https://identifiers.org/reactome/R-HSA-71288,7
https://identifiers.org/reactome/R-HSA-71336,7
https://identifiers.org/reactome/R-HSA-71384,10
https://identifiers.org/reactome/R-HSA-71403,13
https://identifiers.org/reactome/R-HSA-71737,2
https://identifiers.org/reactome/R-HSA-72086,14
https://identifiers.org/reactome/R-HSA-72163,158
https://identifiers.org/reactome/R-HSA-72165,31
https://identifiers.org/reactome/R-HSA-72187,41
https://identifiers.org/reactome/R-HSA-72200,2
https://identifiers.org/reactome/R-HSA-72203,54
https://identifiers.org/reactome/R-HSA-72649,51
https://identifiers.org/reactome/R-HSA-72662,6
https://identifiers.org/reactome/R-HSA-72689,89
https://identifiers.org/reactome/R-HSA-72695,45
https://identifiers.org/reactome/R-HSA-72702,51
https://identifiers.org/reactome/R-HSA-72706,99
https://identifiers.org/reactome/R-HSA-72731,6
https://identifiers.org/reactome/R-HSA-72764,80
https://identifiers.org/reactome/R-HSA-727802,1
https://identifiers.org/reactome/R-HSA-73614,9
https://identifiers.org/reactome/R-HSA-73621,6
https://identifiers.org/reactome/R-HSA-73728,18
https://identifiers.org/reactome/R-HSA-73762,27
https://identifiers.org/reactome/R-HSA-73772,29
https://identifiers.org/reactome/R-HSA-73776,25
https://identifiers.org/reactome/R-HSA-73779,25
https://identifiers.org/reactome/R-HSA-73780,5
https://identifiers.org/reactome/R-HSA-73817,10
https://identifiers.org/reactome/R-HSA-73843,3
https://identifiers.org/reactome/R-HSA-73856,46
https://identifiers.org/reactome/R-HSA-73863,14
https://identifiers.org/reactome/R-HSA-73930,2
https://identifiers.org/reactome/R-HSA-73933,1
https://identifiers.org/reactome/R-HSA-73943,1
https://identifiers.org/reactome/R-HSA-73980,10
https://identifiers.org/reactome/R-HSA-74217,9
https://identifiers.org/reactome/R-HSA-74259,6
https://identifiers.org/reactome/R-HSA-74713,4
https://identifiers.org/reactome/R-HSA-74749,9
https://identifiers.org/reactome/R-HSA-74751,8
https://identifiers.org/reactome/R-HSA-74752,1
https://identifiers.org/reactome/R-HSA-749476,18
https://identifiers.org/reactome/R-HSA-75035,14
https://identifiers.org/reactome/R-HSA-75094,2
https://identifiers.org/reactome/R-HSA-75102,1
https://identifiers.org/reactome/R-HSA-75105,10
https://identifiers.org/reactome/R-HSA-75108,4
https://identifiers.org/reactome/R-HSA-75109,3
https://identifiers.org/reactome/R-HSA-75153,4
https://identifiers.org/reactome/R-HSA-75157,4
https://identifiers.org/reactome/R-HSA-75158,7
https://identifiers.org/reactome/R-HSA-75205,11
https://identifiers.org/reactome/R-HSA-75815,36
https://identifiers.org/reactome/R-HSA-75876,16
https://identifiers.org/reactome/R-HSA-75892,14
https://identifiers.org/reactome/R-HSA-75893,6
https://identifiers.org/reactome/R-HSA-75896,2
https://identifiers.org/reactome/R-HSA-75953,25
https://identifiers.org/reactome/R-HSA-75955,35
https://identifiers.org/reactome/R-HSA-76005,3
https://identifiers.org/reactome/R-HSA-76009,9
https://identifiers.org/reactome/R-HSA-76042,25
https://identifiers.org/reactome/R-HSA-76061,10
https://identifiers.org/reactome/R-HSA-76066,10
https://identifiers.org/reactome/R-HSA-76071,9
https://identifiers.org/reactome/R-HSA-77042,1
https://identifiers.org/reactome/R-HSA-77075,12
https://identifiers.org/reactome/R-HSA-77108,2
https://identifiers.org/reactome/R-HSA-77111,4
https://identifiers.org/reactome/R-HSA-77285,2
https://identifiers.org/reactome/R-HSA-77288,3
https://identifiers.org/reactome/R-HSA-77289,9
https://identifiers.org/reactome/R-HSA-77305,3
https://identifiers.org/reactome/R-HSA-77310,3
https://identifiers.org/reactome/R-HSA-77346,4
https://identifiers.org/reactome/R-HSA-77348,4
https://identifiers.org/reactome/R-HSA-77350,3
https://identifiers.org/reactome/R-HSA-77352,1
https://identifiers.org/reactome/R-HSA-77387,15
https://identifiers.org/reactome/R-HSA-77588,7
https://identifiers.org/reactome/R-HSA-77595,16
https://identifiers.org/reactome/R-HSA-804914,3
https://identifiers.org/reactome/R-HSA-83936,8
https://identifiers.org/reactome/R-HSA-844455,2
https://identifiers.org/reactome/R-HSA-844456,14
https://identifiers.org/reactome/R-HSA-844615,1
https://identifiers.org/reactome/R-HSA-844623,1
https://identifiers.org/reactome/R-HSA-877300,48
https://identifiers.org/reactome/R-HSA-877312,10
https://identifiers.org/reactome/R-HSA-879415,10
https://identifiers.org/reactome/R-HSA-879518,8
https://identifiers.org/reactome/R-HSA-880009,1
https://identifiers.org/reactome/R-HSA-881907,9
https://identifiers.org/reactome/R-HSA-8847453,2
https://identifiers.org/reactome/R-HSA-8847993,9
https://identifiers.org/reactome/R-HSA-8849468,5
https://identifiers.org/reactome/R-HSA-8849469,8
https://identifiers.org/reactome/R-HSA-8849470,5
https://identifiers.org/reactome/R-HSA-8849471,6
https://identifiers.org/reactome/R-HSA-8849472,3
https://identifiers.org/reactome/R-HSA-8849473,5
https://identifiers.org/reactome/R-HSA-8849474,2
https://identifiers.org/reactome/R-HSA-8849932,16
https://identifiers.org/reactome/R-HSA-8850843,8
https://identifiers.org/reactome/R-HSA-8851680,7
https://identifiers.org/reactome/R-HSA-8851708,10
https://identifiers.org/reactome/R-HSA-8851805,11
https://identifiers.org/reactome/R-HSA-8851907,6
https://identifiers.org/reactome/R-HSA-8852276,58
https://identifiers.org/reactome/R-HSA-8852405,5
https://identifiers.org/reactome/R-HSA-8853333,1
https://identifiers.org/reactome/R-HSA-8853334,1
https://identifiers.org/reactome/R-HSA-8853336,3
https://identifiers.org/reactome/R-HSA-8853383,3
https://identifiers.org/reactome/R-HSA-8853659,27
https://identifiers.org/reactome/R-HSA-8853884,21
https://identifiers.org/reactome/R-HSA-8854050,36
https://identifiers.org/reactome/R-HSA-8854214,21
https://identifiers.org/reactome/R-HSA-8854518,47
https://identifiers.org/reactome/R-HSA-8854521,1
https://identifiers.org/reactome/R-HSA-8854691,14
https://identifiers.org/reactome/R-HSA-8856825,77
https://identifiers.org/reactome/R-HSA-8856828,90
https://identifiers.org/reactome/R-HSA-8857538,6
https://identifiers.org/reactome/R-HSA-8862803,20
https://identifiers.org/reactome/R-HSA-8863795,17
https://identifiers.org/reactome/R-HSA-8864260,2
https://identifiers.org/reactome/R-HSA-8865999,5
https://identifiers.org/reactome/R-HSA-8866376,4
https://identifiers.org/reactome/R-HSA-8866423,4
https://identifiers.org/reactome/R-HSA-8866427,13
https://identifiers.org/reactome/R-HSA-8866652,18
https://identifiers.org/reactome/R-HSA-8866654,30
https://identifiers.org/reactome/R-HSA-8866904,2
https://identifiers.org/reactome/R-HSA-8866907,4
https://identifiers.org/reactome/R-HSA-8866910,10
https://identifiers.org/reactome/R-HSA-8866911,3
https://identifiers.org/reactome/R-HSA-8868766,3
https://identifiers.org/reactome/R-HSA-8869496,4
https://identifiers.org/reactome/R-HSA-8873719,24
https://identifiers.org/reactome/R-HSA-8874081,28
https://identifiers.org/reactome/R-HSA-8874177,4
https://identifiers.org/reactome/R-HSA-8874211,8
https://identifiers.org/reactome/R-HSA-8875360,13
https://identifiers.org/reactome/R-HSA-8875513,4
https://identifiers.org/reactome/R-HSA-8875555,9
https://identifiers.org/reactome/R-HSA-8875656,7
https://identifiers.org/reactome/R-HSA-8875791,3
https://identifiers.org/reactome/R-HSA-8876198,36
https://identifiers.org/reactome/R-HSA-8876493,9
https://identifiers.org/reactome/R-HSA-8876725,9
https://identifiers.org/reactome/R-HSA-8877330,8
https://identifiers.org/reactome/R-HSA-8877627,1
https://identifiers.org/reactome/R-HSA-8878166,12
https://identifiers.org/reactome/R-HSA-888590,5
https://identifiers.org/reactome/R-HSA-888593,4
https://identifiers.org/reactome/R-HSA-8931987,3
https://identifiers.org/reactome/R-HSA-8932504,4
https://identifiers.org/reactome/R-HSA-8932505,5
https://identifiers.org/reactome/R-HSA-8932506,3
https://identifiers.org/reactome/R-HSA-8934593,15
https://identifiers.org/reactome/R-HSA-8934903,7
https://identifiers.org/reactome/R-HSA-8935690,3
https://identifiers.org/reactome/R-HSA-8935964,4
https://identifiers.org/reactome/R-HSA-8936459,42
https://identifiers.org/reactome/R-HSA-8937144,6
https://identifiers.org/reactome/R-HSA-8939211,11
https://identifiers.org/reactome/R-HSA-8939236,57
https://identifiers.org/reactome/R-HSA-8939242,5
https://identifiers.org/reactome/R-HSA-8939243,31
https://identifiers.org/reactome/R-HSA-8939245,5
https://identifiers.org/reactome/R-HSA-8939246,7
https://identifiers.org/reactome/R-HSA-8939247,4
https://identifiers.org/reactome/R-HSA-8939256,4
https://identifiers.org/reactome/R-HSA-8939902,47
https://identifiers.org/reactome/R-HSA-8940973,14
https://identifiers.org/reactome/R-HSA-8941237,4
https://identifiers.org/reactome/R-HSA-8941284,5
https://identifiers.org/reactome/R-HSA-8941326,4
https://identifiers.org/reactome/R-HSA-8941332,8
https://identifiers.org/reactome/R-HSA-8941333,4
https://identifiers.org/reactome/R-HSA-8941413,2
https://identifiers.org/reactome/R-HSA-8941855,7
https://identifiers.org/reactome/R-HSA-8941856,11
https://identifiers.org/reactome/R-HSA-8941858,41
https://identifiers.org/reactome/R-HSA-8942233,1
https://identifiers.org/reactome/R-HSA-8943723,8
https://identifiers.org/reactome/R-HSA-8943724,44
https://identifiers.org/reactome/R-HSA-8948216,34
https://identifiers.org/reactome/R-HSA-8948700,7
https://identifiers.org/reactome/R-HSA-8948747,9
https://identifiers.org/reactome/R-HSA-8948751,51
https://identifiers.org/reactome/R-HSA-8949215,9
https://identifiers.org/reactome/R-HSA-8949275,6
https://identifiers.org/reactome/R-HSA-8949613,16
https://identifiers.org/reactome/R-HSA-8949664,10
https://identifiers.org/reactome/R-HSA-8950505,35
https://identifiers.org/reactome/R-HSA-8951430,5
https://identifiers.org/reactome/R-HSA-8951664,107
https://identifiers.org/reactome/R-HSA-8951671,6
https://identifiers.org/reactome/R-HSA-8951911,2
https://identifiers.org/reactome/R-HSA-8951936,9
https://identifiers.org/reactome/R-HSA-8952158,5
https://identifiers.org/reactome/R-HSA-8953750,24
https://identifiers.org/reactome/R-HSA-8955332,21
https://identifiers.org/reactome/R-HSA-8956319,1
https://identifiers.org/reactome/R-HSA-8957275,93
https://identifiers.org/reactome/R-HSA-8963678,1
https://identifiers.org/reactome/R-HSA-8963684,1
https://identifiers.org/reactome/R-HSA-8963693,6
https://identifiers.org/reactome/R-HSA-8963888,9
https://identifiers.org/reactome/R-HSA-8963889,15
https://identifiers.org/reactome/R-HSA-8963896,8
https://identifiers.org/reactome/R-HSA-8963901,10
https://identifiers.org/reactome/R-HSA-8964011,4
https://identifiers.org/reactome/R-HSA-8964026,4
https://identifiers.org/reactome/R-HSA-8964038,16
https://identifiers.org/reactome/R-HSA-8964041,6
https://identifiers.org/reactome/R-HSA-8964046,4
https://identifiers.org/reactome/R-HSA-8964058,10
https://identifiers.org/reactome/R-HSA-8964208,3
https://identifiers.org/reactome/R-HSA-8964315,4
https://identifiers.org/reactome/R-HSA-8964539,9
https://identifiers.org/reactome/R-HSA-8964540,1
https://identifiers.org/reactome/R-HSA-8964572,2
https://identifiers.org/reactome/R-HSA-8964616,6
https://identifiers.org/reactome/R-HSA-8980692,67
https://identifiers.org/reactome/R-HSA-8981373,2
https://identifiers.org/reactome/R-HSA-8983432,11
https://identifiers.org/reactome/R-HSA-8983711,5
https://identifiers.org/reactome/R-HSA-8984722,8
https://identifiers.org/reactome/R-HSA-8985586,2
https://identifiers.org/reactome/R-HSA-8985801,3
https://identifiers.org/reactome/R-HSA-8985947,7
https://identifiers.org/reactome/R-HSA-8986944,13
https://identifiers.org/reactome/R-HSA-9006335,5
https://identifiers.org/reactome/R-HSA-9007892,1
https://identifiers.org/reactome/R-HSA-9008059,16
https://identifiers.org/reactome/R-HSA-9009391,32
https://identifiers.org/reactome/R-HSA-901032,14
https://identifiers.org/reactome/R-HSA-901042,5
https://identifiers.org/reactome/R-HSA-9010553,131
https://identifiers.org/reactome/R-HSA-9010642,7
https://identifiers.org/reactome/R-HSA-9012546,6
https://identifiers.org/reactome/R-HSA-9013026,34
https://identifiers.org/reactome/R-HSA-9013106,39
https://identifiers.org/reactome/R-HSA-9013148,66
https://identifiers.org/reactome/R-HSA-9013149,94
https://identifiers.org/reactome/R-HSA-9013404,49
https://identifiers.org/reactome/R-HSA-9013405,33
https://identifiers.org/reactome/R-HSA-9013406,35
https://identifiers.org/reactome/R-HSA-9013407,31
https://identifiers.org/reactome/R-HSA-9013408,42
https://identifiers.org/reactome/R-HSA-9013409,31
https://identifiers.org/reactome/R-HSA-9013418,20
https://identifiers.org/reactome/R-HSA-9013419,2
https://identifiers.org/reactome/R-HSA-9013420,30
https://identifiers.org/reactome/R-HSA-9013422,20
https://identifiers.org/reactome/R-HSA-9013423,51
https://identifiers.org/reactome/R-HSA-9013424,29
https://identifiers.org/reactome/R-HSA-9013425,3
https://identifiers.org/reactome/R-HSA-9013507,15
https://identifiers.org/reactome/R-HSA-9013508,16
https://identifiers.org/reactome/R-HSA-9013695,14
https://identifiers.org/reactome/R-HSA-9013700,8
https://identifiers.org/reactome/R-HSA-9013957,5
https://identifiers.org/reactome/R-HSA-9013973,9
https://identifiers.org/reactome/R-HSA-9014325,9
https://identifiers.org/reactome/R-HSA-9014826,1
https://identifiers.org/reactome/R-HSA-9014843,2
https://identifiers.org/reactome/R-HSA-9017802,6
https://identifiers.org/reactome/R-HSA-9018519,80
https://identifiers.org/reactome/R-HSA-9018676,3
https://identifiers.org/reactome/R-HSA-9018677,3
https://identifiers.org/reactome/R-HSA-9018679,1
https://identifiers.org/reactome/R-HSA-9018681,4
https://identifiers.org/reactome/R-HSA-9018682,2
https://identifiers.org/reactome/R-HSA-9018896,4
https://identifiers.org/reactome/R-HSA-9020265,2
https://identifiers.org/reactome/R-HSA-9020558,12
https://identifiers.org/reactome/R-HSA-9020591,6
https://identifiers.org/reactome/R-HSA-9020702,61
https://identifiers.org/reactome/R-HSA-9020933,7
https://identifiers.org/reactome/R-HSA-9020956,8
https://identifiers.org/reactome/R-HSA-9020958,9
https://identifiers.org/reactome/R-HSA-9022534,1
https://identifiers.org/reactome/R-HSA-9022535,4
https://identifiers.org/reactome/R-HSA-9022537,7
https://identifiers.org/reactome/R-HSA-9022538,3
https://identifiers.org/reactome/R-HSA-9022692,29
https://identifiers.org/reactome/R-HSA-9022699,17
https://identifiers.org/reactome/R-HSA-9022702,5
https://identifiers.org/reactome/R-HSA-9022707,4
https://identifiers.org/reactome/R-HSA-9022927,1
https://identifiers.org/reactome/R-HSA-9023661,3
https://identifiers.org/reactome/R-HSA-9024909,2
https://identifiers.org/reactome/R-HSA-9025046,1
https://identifiers.org/reactome/R-HSA-9025094,1
https://identifiers.org/reactome/R-HSA-9025106,2
https://identifiers.org/reactome/R-HSA-9026286,2
https://identifiers.org/reactome/R-HSA-9026290,2
https://identifiers.org/reactome/R-HSA-9026357,1
https://identifiers.org/reactome/R-HSA-9026403,1
https://identifiers.org/reactome/R-HSA-9026519,8
https://identifiers.org/reactome/R-HSA-9026527,3
https://identifiers.org/reactome/R-HSA-9026762,1
https://identifiers.org/reactome/R-HSA-9026766,1
https://identifiers.org/reactome/R-HSA-9027276,11
https://identifiers.org/reactome/R-HSA-9027277,7
https://identifiers.org/reactome/R-HSA-9027283,7
https://identifiers.org/reactome/R-HSA-9027284,13
https://identifiers.org/reactome/R-HSA-9027307,6
https://identifiers.org/reactome/R-HSA-9027604,2
https://identifiers.org/reactome/R-HSA-9028335,6
https://identifiers.org/reactome/R-HSA-9028731,9
https://identifiers.org/reactome/R-HSA-9029558,9
https://identifiers.org/reactome/R-HSA-9029569,30
https://identifiers.org/reactome/R-HSA-9031525,4
https://identifiers.org/reactome/R-HSA-9031528,5
https://identifiers.org/reactome/R-HSA-9031628,26
https://identifiers.org/reactome/R-HSA-9032500,5
https://identifiers.org/reactome/R-HSA-9032759,4
https://identifiers.org/reactome/R-HSA-9032845,4
https://identifiers.org/reactome/R-HSA-9033241,32
https://identifiers.org/reactome/R-HSA-9033500,4
https://identifiers.org/reactome/R-HSA-9033807,3
https://identifiers.org/reactome/R-HSA-9034013,1
https://identifiers.org/reactome/R-HSA-9034015,3
https://identifiers.org/reactome/R-HSA-9034793,2
https://identifiers.org/reactome/R-HSA-9034864,7
https://identifiers.org/reactome/R-HSA-9035034,26
https://identifiers.org/reactome/R-HSA-9035968,1
https://identifiers.org/reactome/R-HSA-9036092,1
https://identifiers.org/reactome/R-HSA-9037629,13
https://identifiers.org/reactome/R-HSA-909733,37
https://identifiers.org/reactome/R-HSA-912446,31
https://identifiers.org/reactome/R-HSA-912526,22
https://identifiers.org/reactome/R-HSA-912631,18
https://identifiers.org/reactome/R-HSA-912694,12
https://identifiers.org/reactome/R-HSA-913709,35
https://identifiers.org/reactome/R-HSA-916853,2
https://identifiers.org/reactome/R-HSA-917729,15
https://identifiers.org/reactome/R-HSA-917937,22
https://identifiers.org/reactome/R-HSA-917977,17
https://identifiers.org/reactome/R-HSA-918233,9
https://identifiers.org/reactome/R-HSA-933541,13
https://identifiers.org/reactome/R-HSA-933542,17
https://identifiers.org/reactome/R-HSA-933543,11
https://identifiers.org/reactome/R-HSA-936440,20
https://identifiers.org/reactome/R-HSA-936837,23
https://identifiers.org/reactome/R-HSA-936964,13
https://identifiers.org/reactome/R-HSA-937039,10
https://identifiers.org/reactome/R-HSA-937041,18
https://identifiers.org/reactome/R-HSA-937042,8
https://identifiers.org/reactome/R-HSA-937072,12
https://identifiers.org/reactome/R-HSA-947581,4
https://identifiers.org/reactome/R-HSA-948021,2
https://identifiers.org/reactome/R-HSA-9603381,5
https://identifiers.org/reactome/R-HSA-9603505,2
https://identifiers.org/reactome/R-HSA-9603798,6
https://identifiers.org/reactome/R-HSA-9604323,39
https://identifiers.org/reactome/R-HSA-9607240,15
https://identifiers.org/reactome/R-HSA-9609523,10
https://identifiers.org/reactome/R-HSA-9609690,87
https://identifiers.org/reactome/R-HSA-9609736,34
https://identifiers.org/reactome/R-HSA-9610379,53
https://identifiers.org/reactome/R-HSA-9613354,9
https://identifiers.org/reactome/R-HSA-9613829,19
https://identifiers.org/reactome/R-HSA-9614399,11
https://identifiers.org/reactome/R-HSA-9614657,11
https://identifiers.org/reactome/R-HSA-9615017,20
https://identifiers.org/reactome/R-HSA-9615710,19
https://identifiers.org/reactome/R-HSA-9615933,26
https://identifiers.org/reactome/R-HSA-9616222,35
https://identifiers.org/reactome/R-HSA-9617324,19
https://identifiers.org/reactome/R-HSA-9617629,10
https://identifiers.org/reactome/R-HSA-9617828,12
https://identifiers.org/reactome/R-HSA-9619229,6
https://identifiers.org/reactome/R-HSA-9619483,26
https://identifiers.org/reactome/R-HSA-9619665,20
https://identifiers.org/reactome/R-HSA-9620244,19
https://identifiers.org/reactome/R-HSA-9623433,8
https://identifiers.org/reactome/R-HSA-9627069,10
https://identifiers.org/reactome/R-HSA-9629569,12
https://identifiers.org/reactome/R-HSA-9630791,1
https://identifiers.org/reactome/R-HSA-9630794,2
https://identifiers.org/reactome/R-HSA-9632697,1
https://identifiers.org/reactome/R-HSA-9632700,2
https://identifiers.org/reactome/R-HSA-9632974,4
https://identifiers.org/reactome/R-HSA-9633012,86
https://identifiers.org/reactome/R-HSA-9634285,10
https://identifiers.org/reactome/R-HSA-9634597,23
https://identifiers.org/reactome/R-HSA-9634600,11
https://identifiers.org/reactome/R-HSA-9634635,6
https://identifiers.org/reactome/R-HSA-9634638,18
https://identifiers.org/reactome/R-HSA-9635465,7
https://identifiers.org/reactome/R-HSA-9635644,1
https://identifiers.org/reactome/R-HSA-9636249,2
https://identifiers.org/reactome/R-HSA-9636383,7
https://identifiers.org/reactome/R-HSA-9636467,1
https://identifiers.org/reactome/R-HSA-9636569,1
https://identifiers.org/reactome/R-HSA-9636667,2
https://identifiers.org/reactome/R-HSA-9637628,7
https://identifiers.org/reactome/R-HSA-9638630,19
https://identifiers.org/reactome/R-HSA-9639288,17
https://identifiers.org/reactome/R-HSA-9645135,5
https://identifiers.org/reactome/R-HSA-9645460,8
https://identifiers.org/reactome/R-HSA-9645722,1
https://identifiers.org/reactome/R-HSA-9646399,36
https://identifiers.org/reactome/R-HSA-964739,2
https://identifiers.org/reactome/R-HSA-9648002,16
https://identifiers.org/reactome/R-HSA-9648025,80
https://identifiers.org/reactome/R-HSA-964827,2
https://identifiers.org/reactome/R-HSA-9648895,11
https://identifiers.org/reactome/R-HSA-964975,3
https://identifiers.org/reactome/R-HSA-9649948,40
https://identifiers.org/reactome/R-HSA-9652169,4
https://identifiers.org/reactome/R-HSA-9652282,3
https://identifiers.org/reactome/R-HSA-9652817,2
https://identifiers.org/reactome/R-HSA-9656223,37
https://identifiers.org/reactome/R-HSA-9656255,1
https://identifiers.org/reactome/R-HSA-9656256,1
https://identifiers.org/reactome/R-HSA-9657050,1
https://identifiers.org/reactome/R-HSA-9657688,3
https://identifiers.org/reactome/R-HSA-9657689,3
https://identifiers.org/reactome/R-HSA-9660821,21
https://identifiers.org/reactome/R-HSA-9660826,22
https://identifiers.org/reactome/R-HSA-9661069,8
https://identifiers.org/reactome/R-HSA-9661070,1
https://identifiers.org/reactome/R-HSA-9662360,35
https://identifiers.org/reactome/R-HSA-9662361,27
https://identifiers.org/reactome/R-HSA-9662834,8
https://identifiers.org/reactome/R-HSA-9663199,1
https://identifiers.org/reactome/R-HSA-9664323,42
https://identifiers.org/reactome/R-HSA-9664422,54
https://identifiers.org/reactome/R-HSA-9664535,6
https://identifiers.org/reactome/R-HSA-9664565,20
https://identifiers.org/reactome/R-HSA-9664873,9
https://identifiers.org/reactome/R-HSA-9665233,3
https://identifiers.org/reactome/R-HSA-9665244,3
https://identifiers.org/reactome/R-HSA-9665245,3
https://identifiers.org/reactome/R-HSA-9665246,3
https://identifiers.org/reactome/R-HSA-9665247,3
https://identifiers.org/reactome/R-HSA-9665249,3
https://identifiers.org/reactome/R-HSA-9665250,3
https://identifiers.org/reactome/R-HSA-9665251,3
https://identifiers.org/reactome/R-HSA-9665348,15
https://identifiers.org/reactome/R-HSA-9665686,17
https://identifiers.org/reactome/R-HSA-9665737,3
https://identifiers.org/reactome/R-HSA-9667769,4
https://identifiers.org/reactome/R-HSA-9668328,20
https://identifiers.org/reactome/R-HSA-9669914,1
https://identifiers.org/reactome/R-HSA-9669917,1
https://identifiers.org/reactome/R-HSA-9669921,1
https://identifiers.org/reactome/R-HSA-9669924,1
https://identifiers.org/reactome/R-HSA-9669926,1
https://identifiers.org/reactome/R-HSA-9669929,1
https://identifiers.org/reactome/R-HSA-9669933,1
https://identifiers.org/reactome/R-HSA-9669934,1
https://identifiers.org/reactome/R-HSA-9669935,1
https://identifiers.org/reactome/R-HSA-9669936,1
https://identifiers.org/reactome/R-HSA-9670095,22
https://identifiers.org/reactome/R-HSA-9670439,18
https://identifiers.org/reactome/R-HSA-9670613,2
https://identifiers.org/reactome/R-HSA-9670615,2
https://identifiers.org/reactome/R-HSA-9672383,3
https://identifiers.org/reactome/R-HSA-9672387,1
https://identifiers.org/reactome/R-HSA-9672391,3
https://identifiers.org/reactome/R-HSA-9672393,2
https://identifiers.org/reactome/R-HSA-9672395,1
https://identifiers.org/reactome/R-HSA-9672396,3
https://identifiers.org/reactome/R-HSA-9672397,1
https://identifiers.org/reactome/R-HSA-9673163,1
https://identifiers.org/reactome/R-HSA-9673202,3
https://identifiers.org/reactome/R-HSA-9673218,1
https://identifiers.org/reactome/R-HSA-9673221,5
https://identifiers.org/reactome/R-HSA-9673240,2
https://identifiers.org/reactome/R-HSA-9673324,8
https://identifiers.org/reactome/R-HSA-9673766,2
https://identifiers.org/reactome/R-HSA-9673767,11
https://identifiers.org/reactome/R-HSA-9673768,2
https://identifiers.org/reactome/R-HSA-9673770,11
https://identifiers.org/reactome/R-HSA-9674396,1
https://identifiers.org/reactome/R-HSA-9674401,1
https://identifiers.org/reactome/R-HSA-9674403,1
https://identifiers.org/reactome/R-HSA-9674404,1
https://identifiers.org/reactome/R-HSA-9674428,1
https://identifiers.org/reactome/R-HSA-9674519,3
https://identifiers.org/reactome/R-HSA-9674555,15
https://identifiers.org/reactome/R-HSA-9678110,4
https://identifiers.org/reactome/R-HSA-9679191,90
https://identifiers.org/reactome/R-HSA-9679504,3
https://identifiers.org/reactome/R-HSA-9680187,1
https://identifiers.org/reactome/R-HSA-9680350,27
https://identifiers.org/reactome/R-HSA-9682706,3
https://identifiers.org/reactome/R-HSA-9683610,8
https://identifiers.org/reactome/R-HSA-9683673,9
https://identifiers.org/reactome/R-HSA-9683683,4
https://identifiers.org/reactome/R-HSA-9683686,5
https://identifiers.org/reactome/R-HSA-9686347,4
https://identifiers.org/reactome/R-HSA-9687136,5
https://identifiers.org/reactome/R-HSA-9690406,4
https://identifiers.org/reactome/R-HSA-9692913,3
https://identifiers.org/reactome/R-HSA-9692914,3
https://identifiers.org/reactome/R-HSA-9692916,30
https://identifiers.org/reactome/R-HSA-9693928,4
https://identifiers.org/reactome/R-HSA-9694493,4
https://identifiers.org/reactome/R-HSA-9694548,29
https://identifiers.org/reactome/R-HSA-9694614,17
https://identifiers.org/reactome/R-HSA-9694631,12
https://identifiers.org/reactome/R-HSA-9694676,3
https://identifiers.org/reactome/R-HSA-9694686,3
https://identifiers.org/reactome/R-HSA-9694719,9
https://identifiers.org/reactome/R-HSA-9696264,26
https://identifiers.org/reactome/R-HSA-9696270,24
https://identifiers.org/reactome/R-HSA-9696273,23
https://identifiers.org/reactome/R-HSA-9699150,1
https://identifiers.org/reactome/R-HSA-9700645,9
https://identifiers.org/reactome/R-HSA-9701192,12
https://identifiers.org/reactome/R-HSA-9701898,10
https://identifiers.org/reactome/R-HSA-9702509,1
https://identifiers.org/reactome/R-HSA-9702518,9
https://identifiers.org/reactome/R-HSA-9702569,1
https://identifiers.org/reactome/R-HSA-9702577,1
https://identifiers.org/reactome/R-HSA-9702581,1
https://identifiers.org/reactome/R-HSA-9702590,1
https://identifiers.org/reactome/R-HSA-9702596,1
https://identifiers.org/reactome/R-HSA-9702600,1
https://identifiers.org/reactome/R-HSA-9702605,1
https://identifiers.org/reactome/R-HSA-9702614,1
https://identifiers.org/reactome/R-HSA-9702620,1
https://identifiers.org/reactome/R-HSA-9702624,1
https://identifiers.org/reactome/R-HSA-9702632,1
https://identifiers.org/reactome/R-HSA-9702636,1
https://identifiers.org/reactome/R-HSA-9702998,1
https://identifiers.org/reactome/R-HSA-9703009,1
https://identifiers.org/reactome/R-HSA-9703465,15
https://identifiers.org/reactome/R-HSA-9703648,9
https://identifiers.org/reactome/R-HSA-9704331,12
https://identifiers.org/reactome/R-HSA-9704646,12
https://identifiers.org/reactome/R-HSA-9705462,20
https://identifiers.org/reactome/R-HSA-9705671,100
https://identifiers.org/reactome/R-HSA-9705677,2
https://identifiers.org/reactome/R-HSA-9706019,6
https://identifiers.org/reactome/R-HSA-9706369,10
https://identifiers.org/reactome/R-HSA-9706374,5
https://identifiers.org/reactome/R-HSA-9706377,6
https://identifiers.org/reactome/R-HSA-9707564,34
https://identifiers.org/reactome/R-HSA-9707587,4
https://identifiers.org/reactome/R-HSA-9707616,41
https://identifiers.org/reactome/R-HSA-9708296,2
https://identifiers.org/reactome/R-HSA-9708530,7
https://identifiers.org/reactome/R-HSA-9709570,19
https://identifiers.org/reactome/R-HSA-9709603,12
https://identifiers.org/reactome/R-HSA-9710421,25
https://identifiers.org/reactome/R-HSA-9717207,34
https://identifiers.org/reactome/R-HSA-9717264,1
https://identifiers.org/reactome/R-HSA-9717301,1
https://identifiers.org/reactome/R-HSA-9717316,1
https://identifiers.org/reactome/R-HSA-9717319,1
https://identifiers.org/reactome/R-HSA-9717323,1
https://identifiers.org/reactome/R-HSA-9717326,1
https://identifiers.org/reactome/R-HSA-9717329,1
https://identifiers.org/reactome/R-HSA-9723905,1
https://identifiers.org/reactome/R-HSA-9725370,51
https://identifiers.org/reactome/R-HSA-9725371,27
https://identifiers.org/reactome/R-HSA-9725554,26
https://identifiers.org/reactome/R-HSA-9726840,6
https://identifiers.org/reactome/R-HSA-9726842,6
https://identifiers.org/reactome/R-HSA-9729555,1
https://identifiers.org/reactome/R-HSA-9730628,3
https://identifiers.org/reactome/R-HSA-9732724,8
https://identifiers.org/reactome/R-HSA-9733458,8
https://identifiers.org/reactome/R-HSA-9733709,10
https://identifiers.org/reactome/R-HSA-9734091,2
https://identifiers.org/reactome/R-HSA-9734195,1
https://identifiers.org/reactome/R-HSA-9734281,1
https://identifiers.org/reactome/R-HSA-9734735,1
https://identifiers.org/reactome/R-HSA-9735763,1
https://identifiers.org/reactome/R-HSA-9735869,30
https://identifiers.org/reactome/R-HSA-9735871,15
https://identifiers.org/reactome/R-HSA-9748787,17
https://identifiers.org/reactome/R-HSA-9749641,28
https://identifiers.org/reactome/R-HSA-975110,10
https://identifiers.org/reactome/R-HSA-975138,5
https://identifiers.org/reactome/R-HSA-975144,10
https://identifiers.org/reactome/R-HSA-975155,4
https://identifiers.org/reactome/R-HSA-975163,12
https://identifiers.org/reactome/R-HSA-9752946,9
https://identifiers.org/reactome/R-HSA-9753281,23
https://identifiers.org/reactome/R-HSA-9753510,3
https://identifiers.org/reactome/R-HSA-9753512,3
https://identifiers.org/reactome/R-HSA-9754119,4
https://identifiers.org/reactome/R-HSA-9754189,9
https://identifiers.org/reactome/R-HSA-9754560,3
https://identifiers.org/reactome/R-HSA-9754678,39
https://identifiers.org/reactome/R-HSA-9754706,9
https://identifiers.org/reactome/R-HSA-9755088,9
https://identifiers.org/reactome/R-HSA-9755511,54
https://identifiers.org/reactome/R-HSA-975574,1
https://identifiers.org/reactome/R-HSA-975577,13
https://identifiers.org/reactome/R-HSA-9755779,12
https://identifiers.org/reactome/R-HSA-975578,10
https://identifiers.org/reactome/R-HSA-975634,35
https://identifiers.org/reactome/R-HSA-9757110,9
https://identifiers.org/reactome/R-HSA-9758274,13
https://identifiers.org/reactome/R-HSA-975871,5
https://identifiers.org/reactome/R-HSA-9758881,7
https://identifiers.org/reactome/R-HSA-9758890,5
https://identifiers.org/reactome/R-HSA-9758919,3
https://identifiers.org/reactome/R-HSA-9758920,3
https://identifiers.org/reactome/R-HSA-9759194,7
https://identifiers.org/reactome/R-HSA-9759218,4
https://identifiers.org/reactome/R-HSA-975956,83
https://identifiers.org/reactome/R-HSA-975957,95
https://identifiers.org/reactome/R-HSA-9759811,8
https://identifiers.org/reactome/R-HSA-9761174,5
https://identifiers.org/reactome/R-HSA-9762114,38
https://identifiers.org/reactome/R-HSA-9762292,8
https://identifiers.org/reactome/R-HSA-9762293,3
https://identifiers.org/reactome/R-HSA-9764302,4
https://identifiers.org/reactome/R-HSA-9764561,11
https://identifiers.org/reactome/R-HSA-9764562,9
https://identifiers.org/reactome/R-HSA-9764725,34
https://identifiers.org/reactome/R-HSA-9764790,5
https://identifiers.org/reactome/R-HSA-9766229,48
https://identifiers.org/reactome/R-HSA-9768727,26
https://identifiers.org/reactome/R-HSA-9768777,2
https://identifiers.org/reactome/R-HSA-9768778,7
https://identifiers.org/reactome/R-HSA-9768919,15
https://identifiers.org/reactome/R-HSA-977068,21
https://identifiers.org/reactome/R-HSA-977225,50
https://identifiers.org/reactome/R-HSA-9772755,26
https://identifiers.org/reactome/R-HSA-977347,6
https://identifiers.org/reactome/R-HSA-977443,10
https://identifiers.org/reactome/R-HSA-977444,2
https://identifiers.org/reactome/R-HSA-977606,54
https://identifiers.org/reactome/R-HSA-9793242,2
https://identifiers.org/reactome/R-HSA-9793380,16
https://identifiers.org/reactome/R-HSA-9793528,5
https://identifiers.org/reactome/R-HSA-9796292,9
https://identifiers.org/reactome/R-HSA-9818025,3
https://identifiers.org/reactome/R-HSA-9818026,5
https://identifiers.org/reactome/R-HSA-9818027,15
https://identifiers.org/reactome/R-HSA-9818028,7
https://identifiers.org/reactome/R-HSA-9818030,11
https://identifiers.org/reactome/R-HSA-9818032,8
https://identifiers.org/reactome/R-HSA-9818035,4
https://identifiers.org/reactome/R-HSA-9818564,7
https://identifiers.org/reactome/R-HSA-9818749,8
https://identifiers.org/reactome/R-HSA-9819196,8
https://identifiers.org/reactome/R-HSA-9820841,18
https://identifiers.org/reactome/R-HSA-9820865,10
https://identifiers.org/reactome/R-HSA-9820960,20
https://identifiers.org/reactome/R-HSA-9820962,2
https://identifiers.org/reactome/R-HSA-9821002,21
https://identifiers.org/reactome/R-HSA-9821993,11
https://identifiers.org/reactome/R-HSA-9823730,7
https://identifiers.org/reactome/R-HSA-9823739,3
https://identifiers.org/reactome/R-HSA-9824272,35
https://identifiers.org/reactome/R-HSA-9824585,25
https://identifiers.org/reactome/R-HSA-9824594,16
https://identifiers.org/reactome/R-HSA-9824856,1
https://identifiers.org/reactome/R-HSA-9824878,12
https://identifiers.org/reactome/R-HSA-9825892,14
https://identifiers.org/reactome/R-HSA-9825895,6
https://identifiers.org/reactome/R-HSA-982772,14
https://identifiers.org/reactome/R-HSA-9827857,4
https://identifiers.org/reactome/R-HSA-9828211,9
https://identifiers.org/reactome/R-HSA-9828642,1
https://identifiers.org/reactome/R-HSA-9828806,12
https://identifiers.org/reactome/R-HSA-9830364,12
https://identifiers.org/reactome/R-HSA-9830674,13
https://identifiers.org/reactome/R-HSA-983168,113
https://identifiers.org/reactome/R-HSA-983170,25
https://identifiers.org/reactome/R-HSA-983189,37
https://identifiers.org/reactome/R-HSA-9831926,4
https://identifiers.org/reactome/R-HSA-983231,50
https://identifiers.org/reactome/R-HSA-9832991,3
https://identifiers.org/reactome/R-HSA-9833109,22
https://identifiers.org/reactome/R-HSA-9833110,34
https://identifiers.org/reactome/R-HSA-9833482,57
https://identifiers.org/reactome/R-HSA-9833576,5
https://identifiers.org/reactome/R-HSA-9834752,2
https://identifiers.org/reactome/R-HSA-9834899,5
https://identifiers.org/reactome/R-HSA-9836573,6
https://identifiers.org/reactome/R-HSA-983695,35
https://identifiers.org/reactome/R-HSA-9837092,4
https://identifiers.org/reactome/R-HSA-983712,10
https://identifiers.org/reactome/R-HSA-9837999,63
https://identifiers.org/reactome/R-HSA-9839383,8
https://identifiers.org/reactome/R-HSA-9839389,7
https://identifiers.org/reactome/R-HSA-9839394,17
https://identifiers.org/reactome/R-HSA-9839397,2
https://identifiers.org/reactome/R-HSA-9839406,4
https://identifiers.org/reactome/R-HSA-9840309,13
https://identifiers.org/reactome/R-HSA-9840310,28
https://identifiers.org/reactome/R-HSA-9840373,7
https://identifiers.org/reactome/R-HSA-9841251,15
https://identifiers.org/reactome/R-HSA-9841922,65
https://identifiers.org/reactome/R-HSA-9842640,6
https://identifiers.org/reactome/R-HSA-9842663,10
https://identifiers.org/reactome/R-HSA-9843940,32
https://identifiers.org/reactome/R-HSA-9843970,24
https://identifiers.org/reactome/R-HSA-9844594,21
https://identifiers.org/reactome/R-HSA-9845323,39
https://identifiers.org/reactome/R-HSA-9845576,5
https://identifiers.org/reactome/R-HSA-9845614,5
https://identifiers.org/reactome/R-HSA-9845619,4
https://identifiers.org/reactome/R-HSA-9845620,6
https://identifiers.org/reactome/R-HSA-9845621,4
https://identifiers.org/reactome/R-HSA-9845622,3
https://identifiers.org/reactome/R-HSA-9846298,6
https://identifiers.org/reactome/R-HSA-9851151,4
https://identifiers.org/reactome/R-HSA-9853506,3
https://identifiers.org/reactome/R-HSA-9854311,10
https://identifiers.org/reactome/R-HSA-9854907,3
https://identifiers.org/reactome/R-HSA-9854909,3
https://identifiers.org/reactome/R-HSA-9856530,42
https://identifiers.org/reactome/R-HSA-9856532,13
https://identifiers.org/reactome/R-HSA-9856649,49
https://identifiers.org/reactome/R-HSA-9856872,6
https://identifiers.org/reactome/R-HSA-9857377,8
https://identifiers.org/reactome/R-HSA-9857492,4
https://identifiers.org/reactome/R-HSA-9858328,1
https://identifiers.org/reactome/R-HSA-9859138,3
https://identifiers.org/reactome/R-HSA-9860276,4
https://identifiers.org/reactome/R-HSA-9860927,28
https://identifiers.org/reactome/R-HSA-9861559,4
https://identifiers.org/reactome/R-HSA-9861718,15
https://identifiers.org/reactome/R-HSA-9864848,14
https://identifiers.org/reactome/R-HSA-9865113,3
https://identifiers.org/reactome/R-HSA-9865125,2
https://identifiers.org/reactome/R-HSA-9865881,13
https://identifiers.org/reactome/R-HSA-9907570,3
https://identifiers.org/reactome/R-HSA-9907900,44
https://identifiers.org/reactome/R-HSA-9909438,2
https://identifiers.org/reactome/R-HSA-9909505,12
https://identifiers.org/reactome/R-HSA-9911233,2
https://identifiers.org/reactome/R-HSA-9912481,4
https://identifiers.org/reactome/R-HSA-9912529,3
https://identifiers.org/reactome/R-HSA-9912633,19
https://identifiers.org/reactome/R-HSA-9913351,26
https://identifiers.org/reactome/R-HSA-9913635,4
https://identifiers.org/reactome/R-HSA-9915355,1
https://identifiers.org/reactome/R-HSA-9916722,1
https://identifiers.org/reactome/R-HSA-9918436,1
https://identifiers.org/reactome/R-HSA-9918449,3
https://identifiers.org/reactome/R-HSA-9918454,1
https://identifiers.org/reactome/R-HSA-9925561,19
https://identifiers.org/reactome/R-HSA-9925563,35
https://identifiers.org/reactome/R-HSA-9926550,11
https://identifiers.org/reactome/R-HSA-9927020,2
https://identifiers.org/reactome/R-HSA-9927353,5
https://identifiers.org/reactome/R-HSA-9927354,7
https://identifiers.org/reactome/R-HSA-9927432,17
https://identifiers.org/reactome/R-HSA-9930044,27
https://identifiers.org/reactome/R-HSA-9931509,30
https://identifiers.org/reactome/R-HSA-9931510,15
https://identifiers.org/reactome/R-HSA-9931512,4
https://identifiers.org/reactome/R-HSA-9931521,8
https://identifiers.org/reactome/R-HSA-9931529,5
https://identifiers.org/reactome/R-HSA-9931530,10
https://identifiers.org/reactome/R-HSA-9932298,38
https://identifiers.org/reactome/R-HSA-9933387,20
https://identifiers.org/reactome/R-HSA-9933937,10
https://identifiers.org/reactome/R-HSA-9933939,13
https://identifiers.org/reactome/R-HSA-9933946,10
https://identifiers.org/reactome/R-HSA-9933947,12
https://identifiers.org/reactome/R-HSA-9934037,12
https://identifiers.org/reactome/R-HSA-9937008,5
https://identifiers.org/reactome/R-HSA-9937080,5
https://identifiers.org/reactome/R-HSA-9937383,54
https://identifiers.org/reactome/R-HSA-9938206,9
https://identifiers.org/reactome/R-HSA-9939291,8
https://identifiers.org/reactome/R-HSA-9944997,4
https://identifiers.org/reactome/R-HSA-9953038,1
https://identifiers.org/reactome/R-HSA-9953078,1
https://identifiers.org/reactome/R-HSA-9953080,1
https://identifiers.org/reactome/R-HSA-9953097,1
https://identifiers.org/reactome/R-HSA-9953111,1
https://identifiers.org/reactome/R-HSA-997272,11
