DTXSID,abbr,chemLabel,assayName,entrez,ac50_uM,symbol
DTXSID1026081,TBBPA,"3,3',5,5'-Tetrabromobisphenol A",ACEA_AR_antagonist_80hr,367,23.6147614114887,AR
DTXSID1026081,TBBPA,"3,3',5,5'-Tetrabromobisphenol A",APR_HepG2_MitoticArrest_24h_up,3020,100.948942543838,H3-3A
DTXSID1026081,TBBPA,"3,3',5,5'-Tetrabromobisphenol A",APR_HepG2_MitoticArrest_72h_up,3020,72.2231175247163,H3-3A
DTXSID1026081,TBBPA,"3,3',5,5'-Tetrabromobisphenol A",APR_HepG2_P-H2AX_24h_up,3014,74.0869268536467,H2AX
DTXSID1026081,TBBPA,"3,3',5,5'-Tetrabromobisphenol A",APR_HepG2_P-H2AX_72h_up,3014,66.4210988110574,H2AX
DTXSID1026081,TBBPA,"3,3',5,5'-Tetrabromobisphenol A",APR_HepG2_p53Act_72h_up,7157,51.701481543973,TP53
DTXSID1026081,TBBPA,"3,3',5,5'-Tetrabromobisphenol A",ATG_CRE_CIS_up,10488,26.6668545538339,CREB3
DTXSID1026081,TBBPA,"3,3',5,5'-Tetrabromobisphenol A",ATG_DR5_CIS_up,5914,19.3186963798586,RARA
DTXSID1026081,TBBPA,"3,3',5,5'-Tetrabromobisphenol A",ATG_EGR_CIS_up,1958,26.7628417936298,EGR1
DTXSID1026081,TBBPA,"3,3',5,5'-Tetrabromobisphenol A",ATG_ERE_CIS_up,2099,4.35678777518172,ESR1
DTXSID1026081,TBBPA,"3,3',5,5'-Tetrabromobisphenol A",ATG_ERa_TRANS_up,2099,27.3815741915742,ESR1
DTXSID1026081,TBBPA,"3,3',5,5'-Tetrabromobisphenol A",ATG_GLI_CIS_up,2735,49.0746027781043,GLI1
DTXSID1026081,TBBPA,"3,3',5,5'-Tetrabromobisphenol A",ATG_HIF1a_CIS_up,3091,28.0432337699562,HIF1A
DTXSID1026081,TBBPA,"3,3',5,5'-Tetrabromobisphenol A",ATG_HNF4a_TRANS_up,3172,43.6536498795255,HNF4A
DTXSID1026081,TBBPA,"3,3',5,5'-Tetrabromobisphenol A",ATG_HSE_CIS_up,3297,49.073074667374,HSF1
DTXSID1026081,TBBPA,"3,3',5,5'-Tetrabromobisphenol A",ATG_MRE_CIS_up,4520,38.1972862512617,MTF1
DTXSID1026081,TBBPA,"3,3',5,5'-Tetrabromobisphenol A",ATG_Myc_CIS_up,4609,32.9987649975857,MYC
DTXSID1026081,TBBPA,"3,3',5,5'-Tetrabromobisphenol A",ATG_NFI_CIS_up,4774,44.3322969911111,NFIA
DTXSID1026081,TBBPA,"3,3',5,5'-Tetrabromobisphenol A",ATG_NRF1_CIS_up,4899,49.0780671616253,NRF1
DTXSID1026081,TBBPA,"3,3',5,5'-Tetrabromobisphenol A",ATG_NRF2_ARE_CIS_up,4780,5.77729603981197,NFE2L2
DTXSID1026081,TBBPA,"3,3',5,5'-Tetrabromobisphenol A",ATG_Oct_MLP_CIS_up,5451,27.9034812490266,POU2F1
DTXSID1026081,TBBPA,"3,3',5,5'-Tetrabromobisphenol A",ATG_PBREM_CIS_up,9970,29.3252726679766,NR1I3
DTXSID1026081,TBBPA,"3,3',5,5'-Tetrabromobisphenol A",ATG_PPARg_TRANS_up,5468,2.00275493565761,PPARG
DTXSID1026081,TBBPA,"3,3',5,5'-Tetrabromobisphenol A",ATG_PPRE_CIS_up,5465,0.929764174038921,PPARA
DTXSID1026081,TBBPA,"3,3',5,5'-Tetrabromobisphenol A",ATG_PXRE_CIS_up,8856,6.1591226865685,NR1I2
DTXSID1026081,TBBPA,"3,3',5,5'-Tetrabromobisphenol A",ATG_PXR_TRANS_up,8856,6.66247622867322,NR1I2
DTXSID1026081,TBBPA,"3,3',5,5'-Tetrabromobisphenol A",ATG_Pax6_CIS_up,5080,26.7532138643633,PAX6
DTXSID1026081,TBBPA,"3,3',5,5'-Tetrabromobisphenol A",ATG_RORE_CIS_up,6095,20.191507517471,RORA
DTXSID1026081,TBBPA,"3,3',5,5'-Tetrabromobisphenol A",ATG_SREBP_CIS_up,6720,18.3543220167813,SREBF1
DTXSID1026081,TBBPA,"3,3',5,5'-Tetrabromobisphenol A",ATG_Sox_CIS_up,6656,24.1866607838041,SOX1
DTXSID1026081,TBBPA,"3,3',5,5'-Tetrabromobisphenol A",ATG_Sp1_CIS_up,6667,34.2804115609906,SP1
DTXSID1026081,TBBPA,"3,3',5,5'-Tetrabromobisphenol A",ATG_TGFb_CIS_up,7040,41.0771674972707,TGFB1
DTXSID1026081,TBBPA,"3,3',5,5'-Tetrabromobisphenol A",ATG_THRa1_TRANS_up,7067,38.3953709850441,THRA
DTXSID1026081,TBBPA,"3,3',5,5'-Tetrabromobisphenol A",ATG_VDRE_CIS_up,7421,20.9037184407751,VDR
DTXSID1026081,TBBPA,"3,3',5,5'-Tetrabromobisphenol A",ATG_Xbp1_CIS_up,7494,26.7093519840693,XBP1
DTXSID1026081,TBBPA,"3,3',5,5'-Tetrabromobisphenol A",ATG_hPPARg_XSP1_up,5468,2.18334475253707,PPARG
DTXSID1026081,TBBPA,"3,3',5,5'-Tetrabromobisphenol A",ATG_hPPARg_XSP2_up,5468,3.5102255515283,PPARG
DTXSID1026081,TBBPA,"3,3',5,5'-Tetrabromobisphenol A",ATG_hTRa_XSP1_up,7067,3.16566053145402,THRA
DTXSID1026081,TBBPA,"3,3',5,5'-Tetrabromobisphenol A",BSK_3C_Eselectin_down,6401,10.0,SELE
DTXSID1026081,TBBPA,"3,3',5,5'-Tetrabromobisphenol A",BSK_3C_HLADR_down,3122,39.9999999974246,HLA-DRA
DTXSID1026081,TBBPA,"3,3',5,5'-Tetrabromobisphenol A",BSK_3C_ICAM1_down,3383,39.9999999974246,ICAM1
DTXSID1026081,TBBPA,"3,3',5,5'-Tetrabromobisphenol A",BSK_3C_IL8_down,3576,39.9999999974246,CXCL8
DTXSID1026081,TBBPA,"3,3',5,5'-Tetrabromobisphenol A",BSK_3C_MCP1_down,6347,39.9999999974246,CCL2
DTXSID1026081,TBBPA,"3,3',5,5'-Tetrabromobisphenol A",BSK_3C_MIG_down,4283,39.9999999974246,CXCL9
DTXSID1026081,TBBPA,"3,3',5,5'-Tetrabromobisphenol A",BSK_3C_Thrombomodulin_up,7056,39.9999999974246,THBD
DTXSID1026081,TBBPA,"3,3',5,5'-Tetrabromobisphenol A",BSK_3C_TissueFactor_down,2152,39.9999999974246,F3
DTXSID1026081,TBBPA,"3,3',5,5'-Tetrabromobisphenol A",BSK_3C_VCAM1_down,7412,39.9999999974246,VCAM1
DTXSID1026081,TBBPA,"3,3',5,5'-Tetrabromobisphenol A",BSK_3C_uPAR_down,5329,39.9999999974246,PLAUR
DTXSID1026081,TBBPA,"3,3',5,5'-Tetrabromobisphenol A",BSK_4H_Eotaxin3_down,10344,39.9999999974246,CCL26
DTXSID1026081,TBBPA,"3,3',5,5'-Tetrabromobisphenol A",BSK_4H_MCP1_down,6347,39.9999999974246,CCL2
DTXSID1026081,TBBPA,"3,3',5,5'-Tetrabromobisphenol A",BSK_4H_Pselectin_down,6403,39.9999999974246,SELP
DTXSID1026081,TBBPA,"3,3',5,5'-Tetrabromobisphenol A",BSK_4H_VCAM1_down,7412,39.9999999974246,VCAM1
DTXSID1026081,TBBPA,"3,3',5,5'-Tetrabromobisphenol A",BSK_4H_uPAR_down,5329,39.9999999974246,PLAUR
DTXSID1026081,TBBPA,"3,3',5,5'-Tetrabromobisphenol A",BSK_BE3C_HLADR_down,3122,10.0,HLA-DRA
DTXSID1026081,TBBPA,"3,3',5,5'-Tetrabromobisphenol A",BSK_BE3C_PAI1_down,5054,10.0,SERPINE1
DTXSID1026081,TBBPA,"3,3',5,5'-Tetrabromobisphenol A",BSK_BE3C_uPA_down,5328,10.0,PLAU
DTXSID1026081,TBBPA,"3,3',5,5'-Tetrabromobisphenol A",BSK_CASM3C_MCP1_down,6347,39.9999999974246,CCL2
DTXSID1026081,TBBPA,"3,3',5,5'-Tetrabromobisphenol A",BSK_CASM3C_MCSF_down,1435,39.9999999974246,CSF1
DTXSID1026081,TBBPA,"3,3',5,5'-Tetrabromobisphenol A",BSK_CASM3C_Thrombomodulin_up,7056,39.9999999974246,THBD
DTXSID1026081,TBBPA,"3,3',5,5'-Tetrabromobisphenol A",BSK_CASM3C_TissueFactor_down,2152,39.9999999974246,F3
DTXSID1026081,TBBPA,"3,3',5,5'-Tetrabromobisphenol A",BSK_CASM3C_VCAM1_down,7412,39.9999999974246,VCAM1
DTXSID1026081,TBBPA,"3,3',5,5'-Tetrabromobisphenol A",BSK_CASM3C_uPAR_down,5329,39.9999999974246,PLAUR
DTXSID1026081,TBBPA,"3,3',5,5'-Tetrabromobisphenol A",BSK_KF3CT_ICAM1_down,3383,3.99999999974246,ICAM1
DTXSID1026081,TBBPA,"3,3',5,5'-Tetrabromobisphenol A",BSK_KF3CT_IL1a_down,3552,10.0,IL1A
DTXSID1026081,TBBPA,"3,3',5,5'-Tetrabromobisphenol A",BSK_KF3CT_IP10_down,3627,3.99999999974246,CXCL10
DTXSID1026081,TBBPA,"3,3',5,5'-Tetrabromobisphenol A",BSK_KF3CT_MCP1_down,6347,3.99999999974246,CCL2
DTXSID1026081,TBBPA,"3,3',5,5'-Tetrabromobisphenol A",BSK_KF3CT_TIMP2_down,7077,10.0,TIMP2
DTXSID1026081,TBBPA,"3,3',5,5'-Tetrabromobisphenol A",BSK_LPS_CD40_down,958,39.9999999974246,CD40
DTXSID1026081,TBBPA,"3,3',5,5'-Tetrabromobisphenol A",BSK_LPS_Eselectin_down,6401,39.9999999974246,SELE
DTXSID1026081,TBBPA,"3,3',5,5'-Tetrabromobisphenol A",BSK_LPS_IL1a_down,3552,39.9999999974246,IL1A
DTXSID1026081,TBBPA,"3,3',5,5'-Tetrabromobisphenol A",BSK_LPS_IL8_down,3576,39.9999999974246,CXCL8
DTXSID1026081,TBBPA,"3,3',5,5'-Tetrabromobisphenol A",BSK_LPS_MCP1_down,6347,39.9999999974246,CCL2
DTXSID1026081,TBBPA,"3,3',5,5'-Tetrabromobisphenol A",BSK_LPS_MCSF_down,1435,10.0,CSF1
DTXSID1026081,TBBPA,"3,3',5,5'-Tetrabromobisphenol A",BSK_LPS_TNFa_down,7124,3.99999999974246,TNF
DTXSID1026081,TBBPA,"3,3',5,5'-Tetrabromobisphenol A",BSK_LPS_TissueFactor_down,2152,39.9999999974246,F3
DTXSID1026081,TBBPA,"3,3',5,5'-Tetrabromobisphenol A",BSK_LPS_VCAM1_down,7412,10.0,VCAM1
DTXSID1026081,TBBPA,"3,3',5,5'-Tetrabromobisphenol A",BSK_SAg_CD38_down,952,39.9999999974246,CD38
DTXSID1026081,TBBPA,"3,3',5,5'-Tetrabromobisphenol A",BSK_SAg_CD40_down,958,39.9999999974246,CD40
DTXSID1026081,TBBPA,"3,3',5,5'-Tetrabromobisphenol A",BSK_SAg_CD69_down,969,39.9999999974246,CD69
DTXSID1026081,TBBPA,"3,3',5,5'-Tetrabromobisphenol A",BSK_SAg_Eselectin_down,6401,39.9999999974246,SELE
DTXSID1026081,TBBPA,"3,3',5,5'-Tetrabromobisphenol A",BSK_SAg_IL8_down,3576,39.9999999974246,CXCL8
DTXSID1026081,TBBPA,"3,3',5,5'-Tetrabromobisphenol A",BSK_SAg_MCP1_down,6347,39.9999999974246,CCL2
DTXSID1026081,TBBPA,"3,3',5,5'-Tetrabromobisphenol A",BSK_SAg_MIG_down,4283,39.9999999974246,CXCL9
DTXSID1026081,TBBPA,"3,3',5,5'-Tetrabromobisphenol A",BSK_hDFCGF_CollagenIII_down,1281,3.99999999974246,COL3A1
DTXSID1026081,TBBPA,"3,3',5,5'-Tetrabromobisphenol A",BSK_hDFCGF_IL8_down,3576,10.0,CXCL8
DTXSID1026081,TBBPA,"3,3',5,5'-Tetrabromobisphenol A",BSK_hDFCGF_IP10_down,3627,3.99999999974246,CXCL10
DTXSID1026081,TBBPA,"3,3',5,5'-Tetrabromobisphenol A",BSK_hDFCGF_MCSF_down,1435,3.99999999974246,CSF1
DTXSID1026081,TBBPA,"3,3',5,5'-Tetrabromobisphenol A",BSK_hDFCGF_MIG_down,4283,10.0,CXCL9
DTXSID1026081,TBBPA,"3,3',5,5'-Tetrabromobisphenol A",BSK_hDFCGF_MMP1_down,4312,3.99999999974246,MMP1
DTXSID1026081,TBBPA,"3,3',5,5'-Tetrabromobisphenol A",BSK_hDFCGF_PAI1_down,5054,3.99999999974246,SERPINE1
DTXSID1026081,TBBPA,"3,3',5,5'-Tetrabromobisphenol A",BSK_hDFCGF_TIMP1_down,7076,3.99999999974246,TIMP1
DTXSID1026081,TBBPA,"3,3',5,5'-Tetrabromobisphenol A",BSK_hDFCGF_VCAM1_down,7412,3.99999999974246,VCAM1
DTXSID1026081,TBBPA,"3,3',5,5'-Tetrabromobisphenol A",CCTE_GLTED_hDIO1_dn,1733,39.5589136427836,DIO1
DTXSID1026081,TBBPA,"3,3',5,5'-Tetrabromobisphenol A",CCTE_GLTED_hDIO2_dn,1734,51.2827336975386,DIO2
DTXSID1026081,TBBPA,"3,3',5,5'-Tetrabromobisphenol A",CCTE_GLTED_hDIO3_dn,1735,39.5937278039279,DIO3
DTXSID1026081,TBBPA,"3,3',5,5'-Tetrabromobisphenol A",CEETOX_H295R_OHPROG_up,5241,4.3239186005935,PGR
DTXSID1026081,TBBPA,"3,3',5,5'-Tetrabromobisphenol A",CEETOX_H295R_PROG_up,5241,5.03934072608958,PGR
DTXSID1026081,TBBPA,"3,3',5,5'-Tetrabromobisphenol A",CPHEA_Stoker_NIS_Inhibition_RAIU,6528,40.2393801685992,SLC5A5
DTXSID1026081,TBBPA,"3,3',5,5'-Tetrabromobisphenol A",LTEA_HepaRG_ABCB11_dn,8647,10.5420880372855,ABCB11
DTXSID1026081,TBBPA,"3,3',5,5'-Tetrabromobisphenol A",LTEA_HepaRG_ACOX1_up,51,81.7766237314347,ACOX1
DTXSID1026081,TBBPA,"3,3',5,5'-Tetrabromobisphenol A",LTEA_HepaRG_ADK_up,132,81.7766203797369,ADK
DTXSID1026081,TBBPA,"3,3',5,5'-Tetrabromobisphenol A",LTEA_HepaRG_BAX_up,581,43.5323244354883,BAX
DTXSID1026081,TBBPA,"3,3',5,5'-Tetrabromobisphenol A",LTEA_HepaRG_CASP3_dn,836,67.571471090241,CASP3
DTXSID1026081,TBBPA,"3,3',5,5'-Tetrabromobisphenol A",LTEA_HepaRG_CCND1_dn,595,32.6034067022401,CCND1
DTXSID1026081,TBBPA,"3,3',5,5'-Tetrabromobisphenol A",LTEA_HepaRG_CDKN1A_up,1026,81.7766958118011,CDKN1A
DTXSID1026081,TBBPA,"3,3',5,5'-Tetrabromobisphenol A",LTEA_HepaRG_CFLAR_dn,8837,48.6532221482642,CFLAR
DTXSID1026081,TBBPA,"3,3',5,5'-Tetrabromobisphenol A",LTEA_HepaRG_CYP2B6_up,1555,81.4160754351113,CYP2B6
DTXSID1026081,TBBPA,"3,3',5,5'-Tetrabromobisphenol A",LTEA_HepaRG_CYP2E1_dn,1571,81.7760506495914,CYP2E1
DTXSID1026081,TBBPA,"3,3',5,5'-Tetrabromobisphenol A",LTEA_HepaRG_CYP3A7_dn,1551,11.8049349015661,CYP3A7
DTXSID1026081,TBBPA,"3,3',5,5'-Tetrabromobisphenol A",LTEA_HepaRG_FAS_up,355,81.7766560433152,FAS
DTXSID1026081,TBBPA,"3,3',5,5'-Tetrabromobisphenol A",LTEA_HepaRG_FOXO3_up,2309,81.7441689415169,FOXO3
DTXSID1026081,TBBPA,"3,3',5,5'-Tetrabromobisphenol A",LTEA_HepaRG_GCLC_dn,2729,65.7866532210511,GCLC
DTXSID1026081,TBBPA,"3,3',5,5'-Tetrabromobisphenol A",LTEA_HepaRG_GSTA2_dn,2939,50.3134714813823,GSTA2
DTXSID1026081,TBBPA,"3,3',5,5'-Tetrabromobisphenol A",LTEA_HepaRG_HMGCS2_up,3158,81.7766846834018,HMGCS2
DTXSID1026081,TBBPA,"3,3',5,5'-Tetrabromobisphenol A",LTEA_HepaRG_IGF1_up,3479,81.7931909879683,IGF1
DTXSID1026081,TBBPA,"3,3',5,5'-Tetrabromobisphenol A",LTEA_HepaRG_LPL_dn,4023,73.6233894023599,LPL
DTXSID1026081,TBBPA,"3,3',5,5'-Tetrabromobisphenol A",LTEA_HepaRG_MYC_up,4609,81.7766241645193,MYC
DTXSID1026081,TBBPA,"3,3',5,5'-Tetrabromobisphenol A",LTEA_HepaRG_NQO1_up,1728,79.4650802660513,NQO1
DTXSID1026081,TBBPA,"3,3',5,5'-Tetrabromobisphenol A",LTEA_HepaRG_PDK4_up,5166,81.7767036073304,PDK4
DTXSID1026081,TBBPA,"3,3',5,5'-Tetrabromobisphenol A",LTEA_HepaRG_PEG10_dn,23089,41.292850687201,PEG10
DTXSID1026081,TBBPA,"3,3',5,5'-Tetrabromobisphenol A",LTEA_HepaRG_PTEN_dn,5728,44.0796973195615,PTEN
DTXSID1026081,TBBPA,"3,3',5,5'-Tetrabromobisphenol A",LTEA_HepaRG_SLC22A1_dn,6580,51.4188106128602,SLC22A1
DTXSID1026081,TBBPA,"3,3',5,5'-Tetrabromobisphenol A",LTEA_HepaRG_SULT2A1_up,6822,81.7766134503845,SULT2A1
DTXSID1026081,TBBPA,"3,3',5,5'-Tetrabromobisphenol A",LTEA_HepaRG_TGFA_up,7039,81.776566620782,TGFA
DTXSID1026081,TBBPA,"3,3',5,5'-Tetrabromobisphenol A",LTEA_HepaRG_TP53_up,7157,81.7766892213783,TP53
DTXSID1026081,TBBPA,"3,3',5,5'-Tetrabromobisphenol A",LTEA_HepaRG_UGT1A1_dn,54658,65.6522333869291,UGT1A1
DTXSID1026081,TBBPA,"3,3',5,5'-Tetrabromobisphenol A",NVS_ADME_hCYP2C19,1557,1.41083307812193,CYP2C19
DTXSID1026081,TBBPA,"3,3',5,5'-Tetrabromobisphenol A",NVS_ADME_hCYP2C9,1559,2.73006343182776,CYP2C9
DTXSID1026081,TBBPA,"3,3',5,5'-Tetrabromobisphenol A",NVS_NR_hGR,2908,4.41532007507432,NR3C1
DTXSID1026081,TBBPA,"3,3',5,5'-Tetrabromobisphenol A",NVS_NR_hPPARa,5465,8.51932870220909,PPARA
DTXSID1026081,TBBPA,"3,3',5,5'-Tetrabromobisphenol A",NVS_NR_hPPARg,5468,0.002000000073388,PPARG
DTXSID1026081,TBBPA,"3,3',5,5'-Tetrabromobisphenol A",OT_AR_ARSRC1_0960,367,43.2657147341507,AR
DTXSID1026081,TBBPA,"3,3',5,5'-Tetrabromobisphenol A",OT_FXR_FXRSRC1_0480,6714,41.0865153761214,SRC
DTXSID1026081,TBBPA,"3,3',5,5'-Tetrabromobisphenol A",OT_FXR_FXRSRC1_1440,6714,57.5918247348312,SRC
DTXSID1026081,TBBPA,"3,3',5,5'-Tetrabromobisphenol A",OT_NURR1_NURR1RXRa_0480,4929,41.9232095218038,NR4A2
DTXSID1026081,TBBPA,"3,3',5,5'-Tetrabromobisphenol A",OT_NURR1_NURR1RXRa_1440,4929,89.3703079667745,NR4A2
DTXSID1026081,TBBPA,"3,3',5,5'-Tetrabromobisphenol A",TOX21_AP1_BLA_Agonist_ratio,3725,12.6801103658898,JUN
DTXSID1026081,TBBPA,"3,3',5,5'-Tetrabromobisphenol A",TOX21_ARE_BLA_agonist_ratio,4780,14.278448583828,NFE2L2
DTXSID1026081,TBBPA,"3,3',5,5'-Tetrabromobisphenol A",TOX21_AR_BLA_Antagonist_ratio,367,31.4626614112173,AR
DTXSID1026081,TBBPA,"3,3',5,5'-Tetrabromobisphenol A",TOX21_AR_LUC_MDAKB2_Antagonist_0.5nM_R1881,367,79.2903745196487,AR
DTXSID1026081,TBBPA,"3,3',5,5'-Tetrabromobisphenol A",TOX21_Aromatase_Inhibition,1588,48.431866521937,CYP19A1
DTXSID1026081,TBBPA,"3,3',5,5'-Tetrabromobisphenol A",TOX21_DT40_100,8438,49.8553520222121,RAD54L
DTXSID1026081,TBBPA,"3,3',5,5'-Tetrabromobisphenol A",TOX21_DT40_657,5980,71.1810512548523,REV3L
DTXSID1026081,TBBPA,"3,3',5,5'-Tetrabromobisphenol A",TOX21_ERR_Antagonist,2101,46.2366848175186,ESRRA
DTXSID1026081,TBBPA,"3,3',5,5'-Tetrabromobisphenol A",TOX21_ERa_BLA_Antagonist_ratio,2099,28.1375511050445,ESR1
DTXSID1026081,TBBPA,"3,3',5,5'-Tetrabromobisphenol A",TOX21_ERa_LUC_VM7_Antagonist_0.1nM_E2,2099,50.2093411762003,ESR1
DTXSID1026081,TBBPA,"3,3',5,5'-Tetrabromobisphenol A",TOX21_ERb_BLA_Antagonist_ratio,2100,12.74091915533,ESR2
DTXSID1026081,TBBPA,"3,3',5,5'-Tetrabromobisphenol A",TOX21_ESRE_BLA_ratio,22926,60.6814657014781,ATF6
DTXSID1026081,TBBPA,"3,3',5,5'-Tetrabromobisphenol A",TOX21_FXR_BLA_antagonist_ratio,9971,40.91075103489,NR1H4
DTXSID1026081,TBBPA,"3,3',5,5'-Tetrabromobisphenol A",TOX21_GR_BLA_Agonist_ratio,2908,68.8566864860748,NR3C1
DTXSID1026081,TBBPA,"3,3',5,5'-Tetrabromobisphenol A",TOX21_GR_BLA_Antagonist_ratio,2908,21.8245054528798,NR3C1
DTXSID1026081,TBBPA,"3,3',5,5'-Tetrabromobisphenol A",TOX21_H2AX_HTRF_CHO_Agonist_ratio,3014,91.0482832037623,H2AX
DTXSID1026081,TBBPA,"3,3',5,5'-Tetrabromobisphenol A",TOX21_HRE_BLA_Agonist_ratio,3091,51.4305274634207,HIF1A
DTXSID1026081,TBBPA,"3,3',5,5'-Tetrabromobisphenol A",TOX21_HSE_BLA_agonist_ratio,3297,31.9669800197846,HSF1
DTXSID1026081,TBBPA,"3,3',5,5'-Tetrabromobisphenol A",TOX21_PPARd_BLA_antagonist_ratio,5467,30.832763995995,PPARD
DTXSID1026081,TBBPA,"3,3',5,5'-Tetrabromobisphenol A",TOX21_PPARg_BLA_antagonist_ratio,5468,1.62992829491332,PPARG
DTXSID1026081,TBBPA,"3,3',5,5'-Tetrabromobisphenol A",TOX21_PR_BLA_Antagonist_ratio,5241,14.1102937906254,PGR
DTXSID1026081,TBBPA,"3,3',5,5'-Tetrabromobisphenol A",TOX21_PXR_Agonist,8856,63.0035164721355,NR1I2
DTXSID1026081,TBBPA,"3,3',5,5'-Tetrabromobisphenol A",TOX21_SBE_BLA_Antagonist_ratio,4086,35.5779108712483,SMAD1
DTXSID1026081,TBBPA,"3,3',5,5'-Tetrabromobisphenol A",TOX21_SHH_3T3_GLI3_Antagonist,6469,58.2513615115391,SHH
DTXSID1026081,TBBPA,"3,3',5,5'-Tetrabromobisphenol A",TOX21_TRHR_HEK293_Agonist,7201,18.6171678409628,TRHR
DTXSID1026081,TBBPA,"3,3',5,5'-Tetrabromobisphenol A",TOX21_TRHR_HEK293_Antagonist,7201,45.8669358320825,TRHR
DTXSID1026081,TBBPA,"3,3',5,5'-Tetrabromobisphenol A",TOX21_TR_LUC_GH3_Antagonist,7067,36.897593029481,THRA
DTXSID1026081,TBBPA,"3,3',5,5'-Tetrabromobisphenol A",TOX21_VDR_BLA_antagonist_ratio,1591,46.5557209275105,CYP24A1
DTXSID1026081,TBBPA,"3,3',5,5'-Tetrabromobisphenol A",TOX21_p53_BLA_p1_ratio,7157,78.2625214637757,TP53
DTXSID1026081,TBBPA,"3,3',5,5'-Tetrabromobisphenol A",TOX21_p53_BLA_p2_ratio,7157,39.2840258998655,TP53
DTXSID1026081,TBBPA,"3,3',5,5'-Tetrabromobisphenol A",TOX21_p53_BLA_p3_ratio,7157,52.4479905331065,TP53
DTXSID1026081,TBBPA,"3,3',5,5'-Tetrabromobisphenol A",TOX21_p53_BLA_p4_ratio,7157,57.7667425911103,TP53
DTXSID1026081,TBBPA,"3,3',5,5'-Tetrabromobisphenol A",TOX21_p53_BLA_p5_ratio,7157,60.5871630711706,TP53
DTXSID1026081,TBBPA,"3,3',5,5'-Tetrabromobisphenol A",UPITT_HCI_U2OS_AR_TIF2_Nucleoli_Agonist,367,34.6378505691287,AR
DTXSID1026081,TBBPA,"3,3',5,5'-Tetrabromobisphenol A",UPITT_HCI_U2OS_AR_TIF2_Nucleoli_Antagonist,367,88.5382953005074,AR
DTXSID1026081,TBBPA,"3,3',5,5'-Tetrabromobisphenol A",UPITT_HCI_U2OS_AR_TIF2_Nucleoli_Cytoplasm_Ratio_Agonist,367,39.5757668195294,AR
DTXSID3021770,TCBPA,"2,2',6,6'-Tetrachlorobisphenol A",ACEA_AR_antagonist_80hr,367,11.4715761506441,AR
DTXSID3021770,TCBPA,"2,2',6,6'-Tetrachlorobisphenol A",ATG_EGR_CIS_up,1958,57.2472898872248,EGR1
DTXSID3021770,TCBPA,"2,2',6,6'-Tetrachlorobisphenol A",ATG_ERE_CIS_up,2099,3.79192336554974,ESR1
DTXSID3021770,TCBPA,"2,2',6,6'-Tetrachlorobisphenol A",ATG_ERa_TRANS_up,2099,4.55229713353861,ESR1
DTXSID3021770,TCBPA,"2,2',6,6'-Tetrachlorobisphenol A",ATG_FXR_TRANS_up,9971,22.6077709039636,NR1H4
DTXSID3021770,TCBPA,"2,2',6,6'-Tetrachlorobisphenol A",ATG_GLI_CIS_up,2735,57.2462988051581,GLI1
DTXSID3021770,TCBPA,"2,2',6,6'-Tetrachlorobisphenol A",ATG_HSE_CIS_up,3297,35.5080687188323,HSF1
DTXSID3021770,TCBPA,"2,2',6,6'-Tetrachlorobisphenol A",ATG_MRE_CIS_up,4520,49.0439618010835,MTF1
DTXSID3021770,TCBPA,"2,2',6,6'-Tetrachlorobisphenol A",ATG_NURR1_TRANS_up,4929,25.8790924287949,NR4A2
DTXSID3021770,TCBPA,"2,2',6,6'-Tetrachlorobisphenol A",ATG_PPARg_TRANS_up,5468,3.27081550034574,PPARG
DTXSID3021770,TCBPA,"2,2',6,6'-Tetrachlorobisphenol A",ATG_PXRE_CIS_up,8856,2.65716493325333,NR1I2
DTXSID3021770,TCBPA,"2,2',6,6'-Tetrachlorobisphenol A",ATG_PXR_TRANS_up,8856,1.56871192437814,NR1I2
DTXSID3021770,TCBPA,"2,2',6,6'-Tetrachlorobisphenol A",ATG_Pax6_CIS_up,5080,57.2434288673706,PAX6
DTXSID3021770,TCBPA,"2,2',6,6'-Tetrachlorobisphenol A",ATG_RXRb_TRANS_up,6257,11.2713634104823,RXRB
DTXSID3021770,TCBPA,"2,2',6,6'-Tetrachlorobisphenol A",ATG_VDRE_CIS_up,7421,26.1442359470515,VDR
DTXSID3021770,TCBPA,"2,2',6,6'-Tetrachlorobisphenol A",ATG_hERa_XSP1_up,2099,4.28232999653949,ESR1
DTXSID3021770,TCBPA,"2,2',6,6'-Tetrachlorobisphenol A",ATG_hPPARg_XSP1_up,5468,3.50392777292241,PPARG
DTXSID3021770,TCBPA,"2,2',6,6'-Tetrachlorobisphenol A",ATG_hPPARg_XSP2_up,5468,4.8362358281772,PPARG
DTXSID3021770,TCBPA,"2,2',6,6'-Tetrachlorobisphenol A",ATG_hTRa_XSP1_up,7067,6.16697839856001,THRA
DTXSID3021770,TCBPA,"2,2',6,6'-Tetrachlorobisphenol A",BSK_3C_Eselectin_down,6401,10.0,SELE
DTXSID3021770,TCBPA,"2,2',6,6'-Tetrachlorobisphenol A",BSK_3C_HLADR_down,3122,10.0,HLA-DRA
DTXSID3021770,TCBPA,"2,2',6,6'-Tetrachlorobisphenol A",BSK_3C_ICAM1_down,3383,39.9999999974246,ICAM1
DTXSID3021770,TCBPA,"2,2',6,6'-Tetrachlorobisphenol A",BSK_3C_IL8_down,3576,0.200000000016587,CXCL8
DTXSID3021770,TCBPA,"2,2',6,6'-Tetrachlorobisphenol A",BSK_3C_MCP1_down,6347,10.0,CCL2
DTXSID3021770,TCBPA,"2,2',6,6'-Tetrachlorobisphenol A",BSK_3C_MIG_down,4283,39.9999999974246,CXCL9
DTXSID3021770,TCBPA,"2,2',6,6'-Tetrachlorobisphenol A",BSK_3C_Thrombomodulin_up,7056,39.9999999974246,THBD
DTXSID3021770,TCBPA,"2,2',6,6'-Tetrachlorobisphenol A",BSK_3C_TissueFactor_down,2152,39.9999999974246,F3
DTXSID3021770,TCBPA,"2,2',6,6'-Tetrachlorobisphenol A",BSK_3C_VCAM1_down,7412,10.0,VCAM1
DTXSID3021770,TCBPA,"2,2',6,6'-Tetrachlorobisphenol A",BSK_4H_Eotaxin3_down,10344,39.9999999974246,CCL26
DTXSID3021770,TCBPA,"2,2',6,6'-Tetrachlorobisphenol A",BSK_4H_MCP1_down,6347,39.9999999974246,CCL2
DTXSID3021770,TCBPA,"2,2',6,6'-Tetrachlorobisphenol A",BSK_4H_Pselectin_down,6403,39.9999999974246,SELP
DTXSID3021770,TCBPA,"2,2',6,6'-Tetrachlorobisphenol A",BSK_4H_VCAM1_down,7412,39.9999999974246,VCAM1
DTXSID3021770,TCBPA,"2,2',6,6'-Tetrachlorobisphenol A",BSK_4H_VEGFRII_down,3791,10.0,KDR
DTXSID3021770,TCBPA,"2,2',6,6'-Tetrachlorobisphenol A",BSK_4H_uPAR_down,5329,39.9999999974246,PLAUR
DTXSID3021770,TCBPA,"2,2',6,6'-Tetrachlorobisphenol A",BSK_BE3C_MIG_down,4283,10.0,CXCL9
DTXSID3021770,TCBPA,"2,2',6,6'-Tetrachlorobisphenol A",BSK_BE3C_MMP1_down,4312,10.0,MMP1
DTXSID3021770,TCBPA,"2,2',6,6'-Tetrachlorobisphenol A",BSK_BE3C_uPA_down,5328,10.0,PLAU
DTXSID3021770,TCBPA,"2,2',6,6'-Tetrachlorobisphenol A",BSK_CASM3C_HLADR_down,3122,39.9999999974246,HLA-DRA
DTXSID3021770,TCBPA,"2,2',6,6'-Tetrachlorobisphenol A",BSK_CASM3C_IL6_down,3569,39.9999999974246,IL6
DTXSID3021770,TCBPA,"2,2',6,6'-Tetrachlorobisphenol A",BSK_CASM3C_MCP1_down,6347,39.9999999974246,CCL2
DTXSID3021770,TCBPA,"2,2',6,6'-Tetrachlorobisphenol A",BSK_CASM3C_MCSF_down,1435,39.9999999974246,CSF1
DTXSID3021770,TCBPA,"2,2',6,6'-Tetrachlorobisphenol A",BSK_CASM3C_MIG_down,4283,0.499999999958532,CXCL9
DTXSID3021770,TCBPA,"2,2',6,6'-Tetrachlorobisphenol A",BSK_CASM3C_SAA_down,6288,39.9999999974246,SAA1
DTXSID3021770,TCBPA,"2,2',6,6'-Tetrachlorobisphenol A",BSK_CASM3C_Thrombomodulin_up,7056,39.9999999974246,THBD
DTXSID3021770,TCBPA,"2,2',6,6'-Tetrachlorobisphenol A",BSK_CASM3C_TissueFactor_down,2152,39.9999999974246,F3
DTXSID3021770,TCBPA,"2,2',6,6'-Tetrachlorobisphenol A",BSK_CASM3C_VCAM1_down,7412,0.200000000016587,VCAM1
DTXSID3021770,TCBPA,"2,2',6,6'-Tetrachlorobisphenol A",BSK_CASM3C_uPAR_down,5329,39.9999999974246,PLAUR
DTXSID3021770,TCBPA,"2,2',6,6'-Tetrachlorobisphenol A",BSK_KF3CT_ICAM1_down,3383,10.0,ICAM1
DTXSID3021770,TCBPA,"2,2',6,6'-Tetrachlorobisphenol A",BSK_KF3CT_IP10_down,3627,3.99999999974246,CXCL10
DTXSID3021770,TCBPA,"2,2',6,6'-Tetrachlorobisphenol A",BSK_KF3CT_MCP1_down,6347,10.0,CCL2
DTXSID3021770,TCBPA,"2,2',6,6'-Tetrachlorobisphenol A",BSK_KF3CT_MMP9_down,4318,3.99999999974246,MMP9
DTXSID3021770,TCBPA,"2,2',6,6'-Tetrachlorobisphenol A",BSK_KF3CT_TIMP2_down,7077,10.0,TIMP2
DTXSID3021770,TCBPA,"2,2',6,6'-Tetrachlorobisphenol A",BSK_KF3CT_uPA_down,5328,10.0,PLAU
DTXSID3021770,TCBPA,"2,2',6,6'-Tetrachlorobisphenol A",BSK_LPS_CD40_down,958,10.0,CD40
DTXSID3021770,TCBPA,"2,2',6,6'-Tetrachlorobisphenol A",BSK_LPS_Eselectin_down,6401,10.0,SELE
DTXSID3021770,TCBPA,"2,2',6,6'-Tetrachlorobisphenol A",BSK_LPS_IL1a_down,3552,39.9999999974246,IL1A
DTXSID3021770,TCBPA,"2,2',6,6'-Tetrachlorobisphenol A",BSK_LPS_IL8_down,3576,39.9999999974246,CXCL8
DTXSID3021770,TCBPA,"2,2',6,6'-Tetrachlorobisphenol A",BSK_LPS_MCP1_down,6347,39.9999999974246,CCL2
DTXSID3021770,TCBPA,"2,2',6,6'-Tetrachlorobisphenol A",BSK_LPS_MCSF_down,1435,10.0,CSF1
DTXSID3021770,TCBPA,"2,2',6,6'-Tetrachlorobisphenol A",BSK_LPS_PGE2_down,5732,39.9999999974246,PTGER2
DTXSID3021770,TCBPA,"2,2',6,6'-Tetrachlorobisphenol A",BSK_LPS_TNFa_down,7124,39.9999999974246,TNF
DTXSID3021770,TCBPA,"2,2',6,6'-Tetrachlorobisphenol A",BSK_LPS_TissueFactor_down,2152,39.9999999974246,F3
DTXSID3021770,TCBPA,"2,2',6,6'-Tetrachlorobisphenol A",BSK_LPS_VCAM1_down,7412,10.0,VCAM1
DTXSID3021770,TCBPA,"2,2',6,6'-Tetrachlorobisphenol A",BSK_MyoF_ACTA1_down,58,10.0,ACTA1
DTXSID3021770,TCBPA,"2,2',6,6'-Tetrachlorobisphenol A",BSK_MyoF_CollagenIII_down,1281,10.0,COL3A1
DTXSID3021770,TCBPA,"2,2',6,6'-Tetrachlorobisphenol A",BSK_MyoF_IL8_down,3576,39.9999999974246,CXCL8
DTXSID3021770,TCBPA,"2,2',6,6'-Tetrachlorobisphenol A",BSK_MyoF_PAI1_down,5054,0.200000000016587,SERPINE1
DTXSID3021770,TCBPA,"2,2',6,6'-Tetrachlorobisphenol A",BSK_MyoF_TIMP1_down,7076,10.0,TIMP1
DTXSID3021770,TCBPA,"2,2',6,6'-Tetrachlorobisphenol A",BSK_MyoF_VCAM1_down,7412,10.0,VCAM1
DTXSID3021770,TCBPA,"2,2',6,6'-Tetrachlorobisphenol A",BSK_MyoF_bFGF_down,2247,39.9999999974246,FGF2
DTXSID3021770,TCBPA,"2,2',6,6'-Tetrachlorobisphenol A",BSK_SAg_CD38_down,952,39.9999999974246,CD38
DTXSID3021770,TCBPA,"2,2',6,6'-Tetrachlorobisphenol A",BSK_SAg_CD40_down,958,10.0,CD40
DTXSID3021770,TCBPA,"2,2',6,6'-Tetrachlorobisphenol A",BSK_SAg_CD69_down,969,10.0,CD69
DTXSID3021770,TCBPA,"2,2',6,6'-Tetrachlorobisphenol A",BSK_SAg_Eselectin_down,6401,10.0,SELE
DTXSID3021770,TCBPA,"2,2',6,6'-Tetrachlorobisphenol A",BSK_SAg_IL8_down,3576,39.9999999974246,CXCL8
DTXSID3021770,TCBPA,"2,2',6,6'-Tetrachlorobisphenol A",BSK_SAg_MCP1_down,6347,39.9999999974246,CCL2
DTXSID3021770,TCBPA,"2,2',6,6'-Tetrachlorobisphenol A",BSK_SAg_MIG_down,4283,39.9999999974246,CXCL9
DTXSID3021770,TCBPA,"2,2',6,6'-Tetrachlorobisphenol A",BSK_hDFCGF_CollagenIII_down,1281,3.99999999974246,COL3A1
DTXSID3021770,TCBPA,"2,2',6,6'-Tetrachlorobisphenol A",BSK_hDFCGF_IL8_down,3576,39.9999999974246,CXCL8
DTXSID3021770,TCBPA,"2,2',6,6'-Tetrachlorobisphenol A",BSK_hDFCGF_IP10_down,3627,10.0,CXCL10
DTXSID3021770,TCBPA,"2,2',6,6'-Tetrachlorobisphenol A",BSK_hDFCGF_MCSF_down,1435,10.0,CSF1
DTXSID3021770,TCBPA,"2,2',6,6'-Tetrachlorobisphenol A",BSK_hDFCGF_MIG_down,4283,10.0,CXCL9
DTXSID3021770,TCBPA,"2,2',6,6'-Tetrachlorobisphenol A",BSK_hDFCGF_MMP1_down,4312,10.0,MMP1
DTXSID3021770,TCBPA,"2,2',6,6'-Tetrachlorobisphenol A",BSK_hDFCGF_PAI1_down,5054,0.200000000016587,SERPINE1
DTXSID3021770,TCBPA,"2,2',6,6'-Tetrachlorobisphenol A",BSK_hDFCGF_TIMP1_down,7076,10.0,TIMP1
DTXSID3021770,TCBPA,"2,2',6,6'-Tetrachlorobisphenol A",BSK_hDFCGF_VCAM1_down,7412,10.0,VCAM1
DTXSID3021770,TCBPA,"2,2',6,6'-Tetrachlorobisphenol A",CCTE_GLTED_hDIO1_dn,1733,73.8894626790981,DIO1
DTXSID3021770,TCBPA,"2,2',6,6'-Tetrachlorobisphenol A",CCTE_GLTED_hDIO2_dn,1734,106.105742820314,DIO2
DTXSID3021770,TCBPA,"2,2',6,6'-Tetrachlorobisphenol A",CCTE_GLTED_hDIO3_dn,1735,41.6464561018978,DIO3
DTXSID3021770,TCBPA,"2,2',6,6'-Tetrachlorobisphenol A",NVS_ADME_hCYP2C19,1557,0.992053482515051,CYP2C19
DTXSID3021770,TCBPA,"2,2',6,6'-Tetrachlorobisphenol A",NVS_ADME_hCYP2C9,1559,2.27147853459489,CYP2C9
DTXSID3021770,TCBPA,"2,2',6,6'-Tetrachlorobisphenol A",NVS_ENZ_hPI3Ka,5290,3.76432597601747,PIK3CA
DTXSID3021770,TCBPA,"2,2',6,6'-Tetrachlorobisphenol A",NVS_NR_hAR,367,21.7780155065153,AR
DTXSID3021770,TCBPA,"2,2',6,6'-Tetrachlorobisphenol A",NVS_NR_hER,2099,1.52735756215196,ESR1
DTXSID3021770,TCBPA,"2,2',6,6'-Tetrachlorobisphenol A",NVS_NR_hGR,2908,0.143917703122214,NR3C1
DTXSID3021770,TCBPA,"2,2',6,6'-Tetrachlorobisphenol A",NVS_NR_hPPARa,5465,22.469388177114,PPARA
DTXSID3021770,TCBPA,"2,2',6,6'-Tetrachlorobisphenol A",NVS_NR_hPPARg,5468,1.83036917761381,PPARG
DTXSID3021770,TCBPA,"2,2',6,6'-Tetrachlorobisphenol A",NVS_NR_hPXR,8856,6.25683052984397,NR1I2
DTXSID3021770,TCBPA,"2,2',6,6'-Tetrachlorobisphenol A",OT_AR_ARSRC1_0960,367,61.4084582478881,AR
DTXSID3021770,TCBPA,"2,2',6,6'-Tetrachlorobisphenol A",OT_ER_ERaERa_0480,2099,34.6933023195362,ESR1
DTXSID3021770,TCBPA,"2,2',6,6'-Tetrachlorobisphenol A",OT_ER_ERaERa_1440,2099,40.7589752434958,ESR1
DTXSID3021770,TCBPA,"2,2',6,6'-Tetrachlorobisphenol A",OT_ER_ERaERb_0480,2099,13.1153691436432,ESR1
DTXSID3021770,TCBPA,"2,2',6,6'-Tetrachlorobisphenol A",OT_ER_ERaERb_1440,2099,50.9999132886456,ESR1
DTXSID3021770,TCBPA,"2,2',6,6'-Tetrachlorobisphenol A",OT_ERa_EREGFP_0120,2099,18.3845295885164,ESR1
DTXSID3021770,TCBPA,"2,2',6,6'-Tetrachlorobisphenol A",OT_ERa_EREGFP_0480,2099,15.8022184284432,ESR1
DTXSID3021770,TCBPA,"2,2',6,6'-Tetrachlorobisphenol A",OT_FXR_FXRSRC1_0480,6714,38.4924779442463,SRC
DTXSID3021770,TCBPA,"2,2',6,6'-Tetrachlorobisphenol A",OT_NURR1_NURR1RXRa_0480,4929,43.3762187673448,NR4A2
DTXSID3021770,TCBPA,"2,2',6,6'-Tetrachlorobisphenol A",TOX21_AP1_BLA_Agonist_ratio,3725,44.3894630209934,JUN
DTXSID3021770,TCBPA,"2,2',6,6'-Tetrachlorobisphenol A",TOX21_ARE_BLA_agonist_ratio,4780,25.0761752191845,NFE2L2
DTXSID3021770,TCBPA,"2,2',6,6'-Tetrachlorobisphenol A",TOX21_AR_BLA_Antagonist_ratio,367,72.6332718331347,AR
DTXSID3021770,TCBPA,"2,2',6,6'-Tetrachlorobisphenol A",TOX21_AR_LUC_MDAKB2_Antagonist_0.5nM_R1881,367,42.9675380468401,AR
DTXSID3021770,TCBPA,"2,2',6,6'-Tetrachlorobisphenol A",TOX21_Aromatase_Inhibition,1588,45.1916803202998,CYP19A1
DTXSID3021770,TCBPA,"2,2',6,6'-Tetrachlorobisphenol A",TOX21_ERa_BLA_Agonist_ratio,2099,9.88872320418542,ESR1
DTXSID3021770,TCBPA,"2,2',6,6'-Tetrachlorobisphenol A",TOX21_ERa_BLA_Antagonist_ratio,2099,24.487221642166,ESR1
DTXSID3021770,TCBPA,"2,2',6,6'-Tetrachlorobisphenol A",TOX21_ERa_LUC_VM7_Agonist,2099,19.9786079823894,ESR1
DTXSID3021770,TCBPA,"2,2',6,6'-Tetrachlorobisphenol A",TOX21_ERa_LUC_VM7_Antagonist_0.1nM_E2,2099,46.0369009084892,ESR1
DTXSID3021770,TCBPA,"2,2',6,6'-Tetrachlorobisphenol A",TOX21_ERb_BLA_Antagonist_ratio,2100,17.4586900352105,ESR2
DTXSID3021770,TCBPA,"2,2',6,6'-Tetrachlorobisphenol A",TOX21_FXR_BLA_antagonist_ratio,9971,29.3394848957178,NR1H4
DTXSID3021770,TCBPA,"2,2',6,6'-Tetrachlorobisphenol A",TOX21_GR_BLA_Antagonist_ratio,2908,12.2184096682502,NR3C1
DTXSID3021770,TCBPA,"2,2',6,6'-Tetrachlorobisphenol A",TOX21_PPARd_BLA_antagonist_ratio,5467,68.3797848343254,PPARD
DTXSID3021770,TCBPA,"2,2',6,6'-Tetrachlorobisphenol A",TOX21_PPARg_BLA_antagonist_ratio,5468,6.19112605077654,PPARG
DTXSID3021770,TCBPA,"2,2',6,6'-Tetrachlorobisphenol A",TOX21_PR_BLA_Antagonist_ratio,5241,7.64340115283911,PGR
DTXSID3021770,TCBPA,"2,2',6,6'-Tetrachlorobisphenol A",TOX21_PR_BLA_Followup_Antagonist_ratio,5241,11.2464493012296,PGR
DTXSID3021770,TCBPA,"2,2',6,6'-Tetrachlorobisphenol A",TOX21_PR_LUC_Followup_Antagonist,5241,16.9503635089706,PGR
DTXSID3021770,TCBPA,"2,2',6,6'-Tetrachlorobisphenol A",TOX21_PXR_Agonist,8856,40.0008894038304,NR1I2
DTXSID3021770,TCBPA,"2,2',6,6'-Tetrachlorobisphenol A",TOX21_RAR_LUC_Antagonist,5914,69.928194743609,RARA
DTXSID3021770,TCBPA,"2,2',6,6'-Tetrachlorobisphenol A",TOX21_SBE_BLA_Antagonist_ratio,4086,42.4039940501067,SMAD1
DTXSID3021770,TCBPA,"2,2',6,6'-Tetrachlorobisphenol A",TOX21_SHH_3T3_GLI3_Antagonist,6469,33.318577791104,SHH
DTXSID3021770,TCBPA,"2,2',6,6'-Tetrachlorobisphenol A",TOX21_TRHR_HEK293_Agonist,7201,15.2531689745556,TRHR
DTXSID3021770,TCBPA,"2,2',6,6'-Tetrachlorobisphenol A",TOX21_TRHR_HEK293_Antagonist,7201,19.6081472658624,TRHR
DTXSID3021770,TCBPA,"2,2',6,6'-Tetrachlorobisphenol A",TOX21_TR_LUC_GH3_Antagonist,7067,28.938817648337,THRA
DTXSID3021770,TCBPA,"2,2',6,6'-Tetrachlorobisphenol A",TOX21_p53_BLA_p1_ratio,7157,51.0948471264834,TP53
DTXSID3021770,TCBPA,"2,2',6,6'-Tetrachlorobisphenol A",TOX21_p53_BLA_p2_ratio,7157,18.1320321025244,TP53
DTXSID3021770,TCBPA,"2,2',6,6'-Tetrachlorobisphenol A",TOX21_p53_BLA_p3_ratio,7157,21.6209881275137,TP53
DTXSID3021770,TCBPA,"2,2',6,6'-Tetrachlorobisphenol A",TOX21_p53_BLA_p4_ratio,7157,23.0717782063983,TP53
DTXSID3021770,TCBPA,"2,2',6,6'-Tetrachlorobisphenol A",TOX21_p53_BLA_p5_ratio,7157,27.4892761744244,TP53
DTXSID3021770,TCBPA,"2,2',6,6'-Tetrachlorobisphenol A",UPITT_HCI_U2OS_AR_TIF2_Nucleoli_Antagonist,367,53.3735075010907,AR
DTXSID3021770,TCBPA,"2,2',6,6'-Tetrachlorobisphenol A",UPITT_HCI_U2OS_AR_TIF2_Nucleoli_Cytoplasm_Ratio_Antagonist,367,52.6365632079099,AR
DTXSID3022409,BPS,"4,4'-Sulfonyldiphenol",ACEA_AR_antagonist_80hr,367,11.1618954114873,AR
DTXSID3022409,BPS,"4,4'-Sulfonyldiphenol",ACEA_ER_80hr,2099,4.23464446283289,ESR1
DTXSID3022409,BPS,"4,4'-Sulfonyldiphenol",ATG_ERE_CIS_up,2099,1.41885321402478,ESR1
DTXSID3022409,BPS,"4,4'-Sulfonyldiphenol",ATG_ERa_TRANS_up,2099,0.796865215943676,ESR1
DTXSID3022409,BPS,"4,4'-Sulfonyldiphenol",ATG_PPARg_TRANS_up,5468,20.8671732645148,PPARG
DTXSID3022409,BPS,"4,4'-Sulfonyldiphenol",ATG_PPRE_CIS_up,5465,9.39399759799493,PPARA
DTXSID3022409,BPS,"4,4'-Sulfonyldiphenol",ATG_hAR_XSP2_up,367,20.3524249899483,AR
DTXSID3022409,BPS,"4,4'-Sulfonyldiphenol",ATG_hERa_XSP2_up,2099,1.49965134824463,ESR1
DTXSID3022409,BPS,"4,4'-Sulfonyldiphenol",ATG_hERb_XSP2_up,2100,1.34114562496778,ESR2
DTXSID3022409,BPS,"4,4'-Sulfonyldiphenol",ATG_hPPARg_XSP2_up,5468,7.11568763765517,PPARG
DTXSID3022409,BPS,"4,4'-Sulfonyldiphenol",CEETOX_H295R_11DCORT_dn,2908,21.9287495715905,NR3C1
DTXSID3022409,BPS,"4,4'-Sulfonyldiphenol",CEETOX_H295R_ANDR_dn,367,32.5989015303276,AR
DTXSID3022409,BPS,"4,4'-Sulfonyldiphenol",CEETOX_H295R_CORTISOL_dn,2908,33.4019937786293,NR3C1
DTXSID3022409,BPS,"4,4'-Sulfonyldiphenol",CEETOX_H295R_ESTRADIOL_dn,2099,16.2226237744982,ESR1
DTXSID3022409,BPS,"4,4'-Sulfonyldiphenol",CEETOX_H295R_OHPROG_up,5241,1.07939762860003,PGR
DTXSID3022409,BPS,"4,4'-Sulfonyldiphenol",CEETOX_H295R_PROG_up,5241,1.25113853227839,PGR
DTXSID3022409,BPS,"4,4'-Sulfonyldiphenol",CEETOX_H295R_TESTO_dn,367,30.7222010919344,AR
DTXSID3022409,BPS,"4,4'-Sulfonyldiphenol",NVS_ADME_hCYP19A1,1588,9.63678363019324,CYP19A1
DTXSID3022409,BPS,"4,4'-Sulfonyldiphenol",NVS_NR_hER,2099,5.45438538127806,ESR1
DTXSID3022409,BPS,"4,4'-Sulfonyldiphenol",OT_ER_ERaERa_0480,2099,43.8080623030245,ESR1
DTXSID3022409,BPS,"4,4'-Sulfonyldiphenol",OT_ER_ERaERa_1440,2099,56.0575000133367,ESR1
DTXSID3022409,BPS,"4,4'-Sulfonyldiphenol",OT_ER_ERaERb_0480,2099,21.5933848858588,ESR1
DTXSID3022409,BPS,"4,4'-Sulfonyldiphenol",OT_ER_ERaERb_1440,2099,29.1535282812258,ESR1
DTXSID3022409,BPS,"4,4'-Sulfonyldiphenol",OT_ER_ERbERb_0480,2100,36.8619131628634,ESR2
DTXSID3022409,BPS,"4,4'-Sulfonyldiphenol",OT_ER_ERbERb_1440,2100,50.1797155115327,ESR2
DTXSID3022409,BPS,"4,4'-Sulfonyldiphenol",OT_ERa_EREGFP_0120,2099,59.1631488817934,ESR1
DTXSID3022409,BPS,"4,4'-Sulfonyldiphenol",OT_ERa_EREGFP_0480,2099,26.6265050855025,ESR1
DTXSID3022409,BPS,"4,4'-Sulfonyldiphenol",TOX21_AR_BLA_Antagonist_ratio,367,37.5082584720371,AR
DTXSID3022409,BPS,"4,4'-Sulfonyldiphenol",TOX21_ERa_BLA_Agonist_ratio,2099,8.68860106989385,ESR1
DTXSID3022409,BPS,"4,4'-Sulfonyldiphenol",TOX21_ERa_BLA_Antagonist_ratio,2099,59.3978765900605,ESR1
DTXSID3022409,BPS,"4,4'-Sulfonyldiphenol",TOX21_ERa_LUC_VM7_Agonist,2099,1.84704594888358,ESR1
DTXSID3022409,BPS,"4,4'-Sulfonyldiphenol",TOX21_ERa_LUC_VM7_Agonist_10nM_ICI182780,2099,41.1883593394492,ESR1
DTXSID3022409,BPS,"4,4'-Sulfonyldiphenol",TOX21_ERb_BLA_Agonist_ratio,2100,5.97989080108621,ESR2
DTXSID3022409,BPS,"4,4'-Sulfonyldiphenol",TOX21_PXR_Agonist,8856,64.6842208429128,NR1I2
DTXSID3022409,BPS,"4,4'-Sulfonyldiphenol",TOX21_SHH_3T3_GLI3_Antagonist,6469,33.4288029926468,SHH
DTXSID3047891,BPE,Bisphenol E,ATG_ERE_CIS_up,2099,0.710172410206253,ESR1
DTXSID3047891,BPE,Bisphenol E,ATG_ERa_TRANS_up,2099,0.247102424557359,ESR1
DTXSID3047891,BPE,Bisphenol E,ATG_HSE_CIS_up,3297,163.624886572975,HSF1
DTXSID3047891,BPE,Bisphenol E,ATG_MRE_CIS_up,4520,111.153873492021,MTF1
DTXSID3047891,BPE,Bisphenol E,ATG_NRF2_ARE_CIS_up,4780,71.0217736533892,NFE2L2
DTXSID3047891,BPE,Bisphenol E,ATG_Oct_MLP_CIS_up,5451,114.103624895327,POU2F1
DTXSID3047891,BPE,Bisphenol E,ATG_PPRE_CIS_up,5465,107.717581557295,PPARA
DTXSID3047891,BPE,Bisphenol E,ATG_PXRE_CIS_up,8856,21.7672793545773,NR1I2
DTXSID3047891,BPE,Bisphenol E,ATG_PXR_TRANS_up,8856,24.6902196025317,NR1I2
DTXSID3047891,BPE,Bisphenol E,ATG_VDRE_CIS_up,7421,88.745392882177,VDR
DTXSID3047891,BPE,Bisphenol E,ATG_Xbp1_CIS_up,7494,119.88370612333,XBP1
DTXSID3047891,BPE,Bisphenol E,TOX21_ARE_BLA_agonist_ratio,4780,22.9327437880291,NFE2L2
DTXSID3047891,BPE,Bisphenol E,TOX21_AR_BLA_Antagonist_ratio,367,45.9931995253375,AR
DTXSID3047891,BPE,Bisphenol E,TOX21_AR_LUC_MDAKB2_Antagonist_0.5nM_R1881,367,6.1644477948071,AR
DTXSID3047891,BPE,Bisphenol E,TOX21_CAR_Agonist,9970,76.8774635076713,NR1I3
DTXSID3047891,BPE,Bisphenol E,TOX21_ERa_BLA_Agonist_ratio,2099,4.78309263928023,ESR1
DTXSID3047891,BPE,Bisphenol E,TOX21_ERa_BLA_Antagonist_ratio,2099,54.7675711092197,ESR1
DTXSID3047891,BPE,Bisphenol E,TOX21_ERa_LUC_VM7_Agonist,2099,0.793114714441949,ESR1
DTXSID3047891,BPE,Bisphenol E,TOX21_ERa_LUC_VM7_Agonist_10nM_ICI182780,2099,16.6185130130979,ESR1
DTXSID3047891,BPE,Bisphenol E,TOX21_ERb_BLA_Agonist_ratio,2100,3.98077222603599,ESR2
DTXSID3047891,BPE,Bisphenol E,TOX21_ERb_BLA_Antagonist_ratio,2100,21.9522680627364,ESR2
DTXSID3047891,BPE,Bisphenol E,TOX21_H2AX_HTRF_CHO_Agonist_ratio,3014,116.465093505257,H2AX
DTXSID3047891,BPE,Bisphenol E,TOX21_PPARd_BLA_antagonist_ratio,5467,39.7374735364163,PPARD
DTXSID3047891,BPE,Bisphenol E,TOX21_PPARg_BLA_antagonist_ratio,5468,35.2341987914338,PPARG
DTXSID3047891,BPE,Bisphenol E,TOX21_PR_BLA_Antagonist_ratio,5241,39.21789944937,PGR
DTXSID3047891,BPE,Bisphenol E,TOX21_PXR_Agonist,8856,56.7033580938019,NR1I2
DTXSID3047891,BPE,Bisphenol E,TOX21_SHH_3T3_GLI3_Antagonist,6469,34.0386451807098,SHH
DTXSID4022442,BPB,Bisphenol B,ACEA_AR_antagonist_80hr,367,41.1025842019455,AR
DTXSID4022442,BPB,Bisphenol B,ACEA_ER_80hr,2099,0.272178228312449,ESR1
DTXSID4022442,BPB,Bisphenol B,APR_HepG2_MitoticArrest_24h_up,3020,106.265203563509,H3-3A
DTXSID4022442,BPB,Bisphenol B,APR_HepG2_P-H2AX_24h_up,3014,103.646262598535,H2AX
DTXSID4022442,BPB,Bisphenol B,APR_HepG2_P-H2AX_72h_up,3014,45.8214978338601,H2AX
DTXSID4022442,BPB,Bisphenol B,APR_HepG2_StressKinase_72h_up,3725,44.5704528829552,JUN
DTXSID4022442,BPB,Bisphenol B,APR_HepG2_p53Act_24h_up,7157,101.40322121793,TP53
DTXSID4022442,BPB,Bisphenol B,ATG_AP_1_CIS_up,2353,15.0083833674087,FOS
DTXSID4022442,BPB,Bisphenol B,ATG_EGR_CIS_up,1958,17.4997738731903,EGR1
DTXSID4022442,BPB,Bisphenol B,ATG_ERE_CIS_up,2099,0.166881531386815,ESR1
DTXSID4022442,BPB,Bisphenol B,ATG_ERa_TRANS_up,2099,0.132845213954632,ESR1
DTXSID4022442,BPB,Bisphenol B,ATG_MRE_CIS_up,4520,15.6885528260605,MTF1
DTXSID4022442,BPB,Bisphenol B,ATG_NFI_CIS_up,4774,57.2412955968106,NFIA
DTXSID4022442,BPB,Bisphenol B,ATG_NRF2_ARE_CIS_up,4780,0.644538663801431,NFE2L2
DTXSID4022442,BPB,Bisphenol B,ATG_Oct_MLP_CIS_up,5451,15.0847495937665,POU2F1
DTXSID4022442,BPB,Bisphenol B,ATG_PPARg_TRANS_up,5468,25.0569233289098,PPARG
DTXSID4022442,BPB,Bisphenol B,ATG_PXRE_CIS_up,8856,0.894419771091423,NR1I2
DTXSID4022442,BPB,Bisphenol B,ATG_PXR_TRANS_up,8856,0.877042367616179,NR1I2
DTXSID4022442,BPB,Bisphenol B,ATG_Pax6_CIS_up,5080,25.9800623554388,PAX6
DTXSID4022442,BPB,Bisphenol B,ATG_RORE_CIS_up,6095,26.0028489271495,RORA
DTXSID4022442,BPB,Bisphenol B,ATG_RXRb_TRANS_up,6257,15.8312005396558,RXRB
DTXSID4022442,BPB,Bisphenol B,ATG_SREBP_CIS_up,6720,16.114547713873,SREBF1
DTXSID4022442,BPB,Bisphenol B,ATG_Sp1_CIS_up,6667,22.5355589418605,SP1
DTXSID4022442,BPB,Bisphenol B,ATG_VDRE_CIS_up,7421,2.42498571822271,VDR
DTXSID4022442,BPB,Bisphenol B,ATG_Xbp1_CIS_up,7494,19.3148872229191,XBP1
DTXSID4022442,BPB,Bisphenol B,BSK_3C_HLADR_down,3122,39.9999999974246,HLA-DRA
DTXSID4022442,BPB,Bisphenol B,BSK_3C_IL8_down,3576,39.9999999974246,CXCL8
DTXSID4022442,BPB,Bisphenol B,BSK_3C_MCP1_down,6347,39.9999999974246,CCL2
DTXSID4022442,BPB,Bisphenol B,BSK_3C_uPAR_down,5329,39.9999999974246,PLAUR
DTXSID4022442,BPB,Bisphenol B,BSK_4H_MCP1_down,6347,39.9999999974246,CCL2
DTXSID4022442,BPB,Bisphenol B,BSK_4H_Pselectin_down,6403,39.9999999974246,SELP
DTXSID4022442,BPB,Bisphenol B,BSK_4H_VCAM1_down,7412,39.9999999974246,VCAM1
DTXSID4022442,BPB,Bisphenol B,BSK_4H_uPAR_down,5329,39.9999999974246,PLAUR
DTXSID4022442,BPB,Bisphenol B,BSK_BE3C_HLADR_down,3122,39.9999999974246,HLA-DRA
DTXSID4022442,BPB,Bisphenol B,BSK_BE3C_IP10_down,3627,39.9999999974246,CXCL10
DTXSID4022442,BPB,Bisphenol B,BSK_BE3C_MMP1_up,4312,39.9999999974246,MMP1
DTXSID4022442,BPB,Bisphenol B,BSK_BE3C_uPA_up,5328,10.0,PLAU
DTXSID4022442,BPB,Bisphenol B,BSK_CASM3C_Thrombomodulin_up,7056,39.9999999974246,THBD
DTXSID4022442,BPB,Bisphenol B,BSK_KF3CT_IP10_down,3627,39.9999999974246,CXCL10
DTXSID4022442,BPB,Bisphenol B,BSK_KF3CT_MMP9_down,4318,39.9999999974246,MMP9
DTXSID4022442,BPB,Bisphenol B,BSK_LPS_CD40_down,958,39.9999999974246,CD40
DTXSID4022442,BPB,Bisphenol B,BSK_LPS_MCSF_down,1435,39.9999999974246,CSF1
DTXSID4022442,BPB,Bisphenol B,BSK_LPS_PGE2_down,5732,39.9999999974246,PTGER2
DTXSID4022442,BPB,Bisphenol B,BSK_LPS_VCAM1_down,7412,39.9999999974246,VCAM1
DTXSID4022442,BPB,Bisphenol B,BSK_SAg_CD38_down,952,39.9999999974246,CD38
DTXSID4022442,BPB,Bisphenol B,BSK_SAg_CD40_down,958,39.9999999974246,CD40
DTXSID4022442,BPB,Bisphenol B,BSK_SAg_CD69_down,969,39.9999999974246,CD69
DTXSID4022442,BPB,Bisphenol B,BSK_SAg_Eselectin_down,6401,10.0,SELE
DTXSID4022442,BPB,Bisphenol B,BSK_SAg_IL8_down,3576,39.9999999974246,CXCL8
DTXSID4022442,BPB,Bisphenol B,BSK_SAg_MCP1_down,6347,39.9999999974246,CCL2
DTXSID4022442,BPB,Bisphenol B,BSK_hDFCGF_CollagenIII_down,1281,39.9999999974246,COL3A1
DTXSID4022442,BPB,Bisphenol B,BSK_hDFCGF_IP10_down,3627,39.9999999974246,CXCL10
DTXSID4022442,BPB,Bisphenol B,BSK_hDFCGF_VCAM1_down,7412,39.9999999974246,VCAM1
DTXSID4022442,BPB,Bisphenol B,CPHEA_Stoker_NIS_Inhibition_RAIU,6528,42.7351635235278,SLC5A5
DTXSID4022442,BPB,Bisphenol B,LTEA_HepaRG_ABCB11_dn,8647,83.2125596923409,ABCB11
DTXSID4022442,BPB,Bisphenol B,LTEA_HepaRG_ABCC3_dn,8714,31.3561374345398,ABCC3
DTXSID4022442,BPB,Bisphenol B,LTEA_HepaRG_ABCG2_dn,9429,91.3840051160278,ABCG2
DTXSID4022442,BPB,Bisphenol B,LTEA_HepaRG_ACOX1_dn,51,37.7549105010984,ACOX1
DTXSID4022442,BPB,Bisphenol B,LTEA_HepaRG_ADK_dn,132,40.1729412002676,ADK
DTXSID4022442,BPB,Bisphenol B,LTEA_HepaRG_CCND1_dn,595,89.0667205044354,CCND1
DTXSID4022442,BPB,Bisphenol B,LTEA_HepaRG_CFLAR_dn,8837,39.4731602208766,CFLAR
DTXSID4022442,BPB,Bisphenol B,LTEA_HepaRG_CYP1A2_dn,1544,84.0793729623628,CYP1A2
DTXSID4022442,BPB,Bisphenol B,LTEA_HepaRG_CYP4A11_dn,1579,91.7813095956346,CYP4A11
DTXSID4022442,BPB,Bisphenol B,LTEA_HepaRG_CYP7A1_dn,1581,69.5690139430072,CYP7A1
DTXSID4022442,BPB,Bisphenol B,LTEA_HepaRG_EZR_dn,7430,40.8614280077613,EZR
DTXSID4022442,BPB,Bisphenol B,LTEA_HepaRG_FASN_dn,2194,37.8425291730707,FASN
DTXSID4022442,BPB,Bisphenol B,LTEA_HepaRG_FOXO3_dn,2309,87.4525933243944,FOXO3
DTXSID4022442,BPB,Bisphenol B,LTEA_HepaRG_HGF_up,3082,85.341707895313,HGF
DTXSID4022442,BPB,Bisphenol B,LTEA_HepaRG_HSPA1A_dn,3303,37.3288897700136,HSPA1A
DTXSID4022442,BPB,Bisphenol B,LTEA_HepaRG_IL6R_dn,3570,86.4536826384543,IL6R
DTXSID4022442,BPB,Bisphenol B,LTEA_HepaRG_JUN_dn,3725,93.3135153329582,JUN
DTXSID4022442,BPB,Bisphenol B,LTEA_HepaRG_NQO1_dn,1728,37.5464320493323,NQO1
DTXSID4022442,BPB,Bisphenol B,LTEA_HepaRG_PEG10_dn,23089,75.1478503945371,PEG10
DTXSID4022442,BPB,Bisphenol B,LTEA_HepaRG_PTEN_dn,5728,45.6322908247493,PTEN
DTXSID4022442,BPB,Bisphenol B,LTEA_HepaRG_SDHB_dn,6390,35.7461537167622,SDHB
DTXSID4022442,BPB,Bisphenol B,LTEA_HepaRG_SLCO1B1_dn,10599,49.3589768232016,SLCO1B1
DTXSID4022442,BPB,Bisphenol B,LTEA_HepaRG_THRSP_dn,7069,95.3890268987606,THRSP
DTXSID4022442,BPB,Bisphenol B,NVS_ADME_hCYP2C9,1559,7.35197722804651,CYP2C9
DTXSID4022442,BPB,Bisphenol B,NVS_GPCR_h5HT6,3362,6.88718255883786,HTR6
DTXSID4022442,BPB,Bisphenol B,NVS_GPCR_h5HT7,3363,21.8107929644428,HTR7
DTXSID4022442,BPB,Bisphenol B,NVS_GPCR_hAdoRA1,134,23.319604788656,ADORA1
DTXSID4022442,BPB,Bisphenol B,NVS_GPCR_hDRD1,1812,15.1367249424206,DRD1
DTXSID4022442,BPB,Bisphenol B,NVS_GPCR_hOpiate_D1,4985,17.2281746794526,OPRD1
DTXSID4022442,BPB,Bisphenol B,NVS_GPCR_hOpiate_mu,4988,12.4339782743946,OPRM1
DTXSID4022442,BPB,Bisphenol B,NVS_MP_hPBR,706,9.98293264197863,TSPO
DTXSID4022442,BPB,Bisphenol B,NVS_NR_hAR,367,2.22615384115003,AR
DTXSID4022442,BPB,Bisphenol B,NVS_NR_hER,2099,0.270507360843984,ESR1
DTXSID4022442,BPB,Bisphenol B,NVS_NR_hGR,2908,0.6504881790742,NR3C1
DTXSID4022442,BPB,Bisphenol B,NVS_NR_hPR,5241,14.1173934234981,PGR
DTXSID4022442,BPB,Bisphenol B,NVS_NR_hPXR,8856,6.32282700048317,NR1I2
DTXSID4022442,BPB,Bisphenol B,NVS_TR_hDAT,6531,10.6025316753454,SLC6A3
DTXSID4022442,BPB,Bisphenol B,NVS_TR_hNET,6530,18.9456732763935,SLC6A2
DTXSID4022442,BPB,Bisphenol B,OT_AR_ARSRC1_0480,367,36.6511876886688,AR
DTXSID4022442,BPB,Bisphenol B,OT_AR_ARSRC1_0960,367,38.534937878141,AR
DTXSID4022442,BPB,Bisphenol B,OT_ER_ERaERa_0480,2099,1.82412153408717,ESR1
DTXSID4022442,BPB,Bisphenol B,OT_ER_ERaERa_1440,2099,0.505165372522616,ESR1
DTXSID4022442,BPB,Bisphenol B,OT_ER_ERaERb_0480,2099,0.252016325333598,ESR1
DTXSID4022442,BPB,Bisphenol B,OT_ER_ERaERb_1440,2099,0.231756411199824,ESR1
DTXSID4022442,BPB,Bisphenol B,OT_ER_ERbERb_0480,2100,0.102989988226927,ESR2
DTXSID4022442,BPB,Bisphenol B,OT_ER_ERbERb_1440,2100,0.144956780323188,ESR2
DTXSID4022442,BPB,Bisphenol B,OT_ERa_EREGFP_0120,2099,0.183374417123927,ESR1
DTXSID4022442,BPB,Bisphenol B,OT_ERa_EREGFP_0480,2099,0.219629320078471,ESR1
DTXSID4022442,BPB,Bisphenol B,OT_FXR_FXRSRC1_1440,6714,18.9871433909716,SRC
DTXSID4022442,BPB,Bisphenol B,OT_NURR1_NURR1RXRa_0480,4929,31.0683291934915,NR4A2
DTXSID4022442,BPB,Bisphenol B,TOX21_AP1_BLA_Agonist_ratio,3725,45.9654618010976,JUN
DTXSID4022442,BPB,Bisphenol B,TOX21_ARE_BLA_agonist_ratio,4780,28.2528448590536,NFE2L2
DTXSID4022442,BPB,Bisphenol B,TOX21_AR_BLA_Antagonist_ratio,367,25.0085573251734,AR
DTXSID4022442,BPB,Bisphenol B,TOX21_AR_LUC_MDAKB2_Antagonist_0.5nM_R1881,367,15.756279589338,AR
DTXSID4022442,BPB,Bisphenol B,TOX21_AR_LUC_MDAKB2_Antagonist_10nM_R1881,367,56.66853009809,AR
DTXSID4022442,BPB,Bisphenol B,TOX21_Aromatase_Inhibition,1588,60.8450546477533,CYP19A1
DTXSID4022442,BPB,Bisphenol B,TOX21_CAR_Agonist,9970,3.94233563729695,NR1I3
DTXSID4022442,BPB,Bisphenol B,TOX21_CAR_Antagonist,9970,0.273482204735307,NR1I3
DTXSID4022442,BPB,Bisphenol B,TOX21_DT40_100,8438,45.1965916626511,RAD54L
DTXSID4022442,BPB,Bisphenol B,TOX21_DT40_657,5980,44.664323622099,REV3L
DTXSID4022442,BPB,Bisphenol B,TOX21_ERR_Antagonist,2101,50.4648043092803,ESRRA
DTXSID4022442,BPB,Bisphenol B,TOX21_ERa_BLA_Antagonist_ratio,2099,4.93136191750161,ESR1
DTXSID4022442,BPB,Bisphenol B,TOX21_ERa_LUC_VM7_Agonist,2099,0.114410681859983,ESR1
DTXSID4022442,BPB,Bisphenol B,TOX21_ERa_LUC_VM7_Agonist_10nM_ICI182780,2099,6.55633161368404,ESR1
DTXSID4022442,BPB,Bisphenol B,TOX21_ERa_LUC_VM7_Antagonist_0.1nM_E2,2099,49.7027328850893,ESR1
DTXSID4022442,BPB,Bisphenol B,TOX21_ERa_LUC_VM7_Antagonist_0.5nM_E2,2099,81.5251973525656,ESR1
DTXSID4022442,BPB,Bisphenol B,TOX21_ERb_BLA_Antagonist_ratio,2100,0.247278323254457,ESR2
DTXSID4022442,BPB,Bisphenol B,TOX21_FXR_BLA_antagonist_ratio,9971,57.1771985392915,NR1H4
DTXSID4022442,BPB,Bisphenol B,TOX21_GR_BLA_Antagonist_ratio,2908,38.8356143182901,NR3C1
DTXSID4022442,BPB,Bisphenol B,TOX21_PGC_ERR_Antagonist,2101,48.7093831217972,ESRRA
DTXSID4022442,BPB,Bisphenol B,TOX21_PPARd_BLA_antagonist_ratio,5467,28.7228849861649,PPARD
DTXSID4022442,BPB,Bisphenol B,TOX21_PPARg_BLA_antagonist_ratio,5468,8.90368654246484,PPARG
DTXSID4022442,BPB,Bisphenol B,TOX21_PR_BLA_Antagonist_ratio,5241,5.8928233515862,PGR
DTXSID4022442,BPB,Bisphenol B,TOX21_PXR_Agonist,8856,7.39576938294383,NR1I2
DTXSID4022442,BPB,Bisphenol B,TOX21_RAR_LUC_Antagonist,5914,53.6862669567883,RARA
DTXSID4022442,BPB,Bisphenol B,TOX21_SBE_BLA_Antagonist_ratio,4086,49.1447470298247,SMAD1
DTXSID4022442,BPB,Bisphenol B,TOX21_SHH_3T3_GLI3_Antagonist,6469,26.8699332831121,SHH
DTXSID4022442,BPB,Bisphenol B,TOX21_TR_LUC_GH3_Antagonist,7067,54.1060077886669,THRA
DTXSID4022442,BPB,Bisphenol B,TOX21_TSHR_HTRF_Agonist_ratio,7253,68.5315419670839,TSHR
DTXSID4022442,BPB,Bisphenol B,TOX21_p53_BLA_p1_ratio,7157,77.8808284967437,TP53
DTXSID4022442,BPB,Bisphenol B,TOX21_p53_BLA_p2_ratio,7157,56.2029511430655,TP53
DTXSID4022442,BPB,Bisphenol B,TOX21_p53_BLA_p3_ratio,7157,73.8402022394607,TP53
DTXSID4022442,BPB,Bisphenol B,TOX21_p53_BLA_p4_ratio,7157,62.5491674981829,TP53
DTXSID4022442,BPB,Bisphenol B,TOX21_p53_BLA_p5_ratio,7157,73.7925739868114,TP53
DTXSID4022442,BPB,Bisphenol B,UPITT_HCI_U2OS_AR_TIF2_Nucleoli_Agonist,367,17.4801618749965,AR
DTXSID4022442,BPB,Bisphenol B,UPITT_HCI_U2OS_AR_TIF2_Nucleoli_Antagonist,367,18.1282850441683,AR
DTXSID4022442,BPB,Bisphenol B,UPITT_HCI_U2OS_AR_TIF2_Nucleoli_Cytoplasm_Ratio_Agonist,367,23.0742157403819,AR
DTXSID4022442,BPB,Bisphenol B,UPITT_HCI_U2OS_AR_TIF2_Nucleoli_Cytoplasm_Ratio_Antagonist,367,7.93337532352666,AR
DTXSID4022446,BPF,"2,2'-Bisphenol F",ACEA_AR_antagonist_80hr,367,2.08702166345031,AR
DTXSID4022446,BPF,"2,2'-Bisphenol F",ATG_EGR_CIS_up,1958,77.8202250472781,EGR1
DTXSID4022446,BPF,"2,2'-Bisphenol F",ATG_ERE_CIS_up,2099,30.2579536723952,ESR1
DTXSID4022446,BPF,"2,2'-Bisphenol F",ATG_ERa_TRANS_up,2099,34.8715669669501,ESR1
DTXSID4022446,BPF,"2,2'-Bisphenol F",ATG_HIF1a_CIS_up,3091,123.562608155525,HIF1A
DTXSID4022446,BPF,"2,2'-Bisphenol F",ATG_MRE_CIS_up,4520,117.577400957063,MTF1
DTXSID4022446,BPF,"2,2'-Bisphenol F",ATG_NRF2_ARE_CIS_up,4780,41.0017494822805,NFE2L2
DTXSID4022446,BPF,"2,2'-Bisphenol F",ATG_Oct_MLP_CIS_up,5451,85.4067031787066,POU2F1
DTXSID4022446,BPF,"2,2'-Bisphenol F",ATG_PPARg_TRANS_up,5468,60.8268597308669,PPARG
DTXSID4022446,BPF,"2,2'-Bisphenol F",ATG_PPRE_CIS_up,5465,77.9483962821377,PPARA
DTXSID4022446,BPF,"2,2'-Bisphenol F",ATG_PXRE_CIS_up,8856,27.1672968310297,NR1I2
DTXSID4022446,BPF,"2,2'-Bisphenol F",ATG_Pax6_CIS_up,5080,107.550783613869,PAX6
DTXSID4022446,BPF,"2,2'-Bisphenol F",ATG_SREBP_CIS_up,6720,67.676642154087,SREBF1
DTXSID4022446,BPF,"2,2'-Bisphenol F",ATG_VDRE_CIS_up,7421,120.979282867884,VDR
DTXSID4022446,BPF,"2,2'-Bisphenol F",ATG_Xbp1_CIS_up,7494,87.4098495845734,XBP1
DTXSID4022446,BPF,"2,2'-Bisphenol F",ATG_hERa_XSP2_up,2099,9.17941092510399,ESR1
DTXSID4022446,BPF,"2,2'-Bisphenol F",ATG_hERb_XSP2_up,2100,11.9997955529743,ESR2
DTXSID4022446,BPF,"2,2'-Bisphenol F",ATG_hPPARg_XSP2_up,5468,24.4037164486063,PPARG
DTXSID4022446,BPF,"2,2'-Bisphenol F",ATG_mPXR_XSP2_up,8856,15.740546657141,NR1I2
DTXSID4022446,BPF,"2,2'-Bisphenol F",OT_ER_ERaERb_0480,2099,27.1770573348373,ESR1
DTXSID4022446,BPF,"2,2'-Bisphenol F",OT_ER_ERaERb_1440,2099,55.1808759808047,ESR1
DTXSID4022446,BPF,"2,2'-Bisphenol F",OT_ER_ERbERb_0480,2100,34.0168185547679,ESR2
DTXSID4022446,BPF,"2,2'-Bisphenol F",OT_ER_ERbERb_1440,2100,15.1573710046061,ESR2
DTXSID4022446,BPF,"2,2'-Bisphenol F",TOX21_ARE_BLA_agonist_ratio,4780,40.0250073736765,NFE2L2
DTXSID4022446,BPF,"2,2'-Bisphenol F",TOX21_AR_BLA_Antagonist_ratio,367,46.5819086851659,AR
DTXSID4022446,BPF,"2,2'-Bisphenol F",TOX21_AR_LUC_MDAKB2_Antagonist_0.5nM_R1881,367,15.0034093454335,AR
DTXSID4022446,BPF,"2,2'-Bisphenol F",TOX21_DT40_100,8438,45.1506826022486,RAD54L
DTXSID4022446,BPF,"2,2'-Bisphenol F",TOX21_ERb_BLA_Antagonist_ratio,2100,45.8311167111699,ESR2
DTXSID4022446,BPF,"2,2'-Bisphenol F",TOX21_PPARg_BLA_antagonist_ratio,5468,2.18459195910784,PPARG
DTXSID4022446,BPF,"2,2'-Bisphenol F",TOX21_PR_BLA_Antagonist_ratio,5241,34.8600772201025,PGR
DTXSID4022446,BPF,"2,2'-Bisphenol F",TOX21_PXR_Agonist,8856,57.1008574316355,NR1I2
DTXSID4022446,BPF,"2,2'-Bisphenol F",TOX21_SHH_3T3_GLI3_Antagonist,6469,32.0639519845543,SHH
DTXSID4022446,BPF,"2,2'-Bisphenol F",UPITT_HCI_U2OS_AR_TIF2_Nucleoli_Antagonist,367,16.0935951822652,AR
DTXSID4038899,TBu-EBP,Tetrabutyl ethylidenebisphenol,ATG_FXR_TRANS_up,9971,2.89544916707842,NR1H4
DTXSID4038899,TBu-EBP,Tetrabutyl ethylidenebisphenol,ATG_IR1_CIS_up,9971,1.56511109158936,NR1H4
DTXSID4038899,TBu-EBP,Tetrabutyl ethylidenebisphenol,ATG_PXRE_CIS_up,8856,0.080000000001484,NR1I2
DTXSID4038899,TBu-EBP,Tetrabutyl ethylidenebisphenol,ATG_PXR_TRANS_up,8856,0.145836815978712,NR1I2
DTXSID4038899,TBu-EBP,Tetrabutyl ethylidenebisphenol,ATG_RXRb_TRANS_up,6257,1.52120007061588,RXRB
DTXSID4038899,TBu-EBP,Tetrabutyl ethylidenebisphenol,BSK_4H_Eotaxin3_down,10344,3.99999999974246,CCL26
DTXSID4038899,TBu-EBP,Tetrabutyl ethylidenebisphenol,BSK_4H_Pselectin_down,6403,3.99999999974246,SELP
DTXSID4038899,TBu-EBP,Tetrabutyl ethylidenebisphenol,BSK_BT_xIL17A_down,3605,10.0,IL17A
DTXSID4038899,TBu-EBP,Tetrabutyl ethylidenebisphenol,BSK_BT_xIL2_down,3558,3.99999999974246,IL2
DTXSID4038899,TBu-EBP,Tetrabutyl ethylidenebisphenol,BSK_BT_xIL6_down,3569,39.9999999974246,IL6
DTXSID4038899,TBu-EBP,Tetrabutyl ethylidenebisphenol,BSK_BT_xTNFa_down,7124,10.0,TNF
DTXSID4038899,TBu-EBP,Tetrabutyl ethylidenebisphenol,NVS_ENZ_hPTEN,5728,5.80009221745846,PTEN
DTXSID4038899,TBu-EBP,Tetrabutyl ethylidenebisphenol,TOX21_RAR_LUC_Antagonist,5914,12.2173177942812,RARA
DTXSID4038899,TBu-EBP,Tetrabutyl ethylidenebisphenol,TOX21_RXR_BLA_Agonist_ratio,6256,3.20137662798706,RXRA
DTXSID4038922,TBBPA-DHEE,Tetrabromobisphenol A bis(2-hydroxyethyl) ether,ATG_AP_1_CIS_up,2353,24.5471670383091,FOS
DTXSID4038922,TBBPA-DHEE,Tetrabromobisphenol A bis(2-hydroxyethyl) ether,ATG_CRE_CIS_up,10488,33.4516462586316,CREB3
DTXSID4038922,TBBPA-DHEE,Tetrabromobisphenol A bis(2-hydroxyethyl) ether,ATG_C_EBP_CIS_up,1051,40.9712017327888,CEBPB
DTXSID4038922,TBBPA-DHEE,Tetrabromobisphenol A bis(2-hydroxyethyl) ether,ATG_DR5_CIS_up,5914,0.220409141612805,RARA
DTXSID4038922,TBBPA-DHEE,Tetrabromobisphenol A bis(2-hydroxyethyl) ether,ATG_EGR_CIS_up,1958,13.6086915557623,EGR1
DTXSID4038922,TBBPA-DHEE,Tetrabromobisphenol A bis(2-hydroxyethyl) ether,ATG_Ets_CIS_up,2113,40.9036651344922,ETS1
DTXSID4038922,TBBPA-DHEE,Tetrabromobisphenol A bis(2-hydroxyethyl) ether,ATG_FoxA2_CIS_up,3170,40.9202060032423,FOXA2
DTXSID4038922,TBBPA-DHEE,Tetrabromobisphenol A bis(2-hydroxyethyl) ether,ATG_GRE_CIS_up,2908,40.9151229717076,NR3C1
DTXSID4038922,TBBPA-DHEE,Tetrabromobisphenol A bis(2-hydroxyethyl) ether,ATG_HIF1a_CIS_up,3091,6.59286165988587,HIF1A
DTXSID4038922,TBBPA-DHEE,Tetrabromobisphenol A bis(2-hydroxyethyl) ether,ATG_HNF6_CIS_up,3175,40.9217909276647,ONECUT1
DTXSID4038922,TBBPA-DHEE,Tetrabromobisphenol A bis(2-hydroxyethyl) ether,ATG_HSE_CIS_up,3297,24.7682271986998,HSF1
DTXSID4038922,TBBPA-DHEE,Tetrabromobisphenol A bis(2-hydroxyethyl) ether,ATG_MRE_CIS_up,4520,22.2234502132849,MTF1
DTXSID4038922,TBBPA-DHEE,Tetrabromobisphenol A bis(2-hydroxyethyl) ether,ATG_NFI_CIS_up,4774,40.9498249968745,NFIA
DTXSID4038922,TBBPA-DHEE,Tetrabromobisphenol A bis(2-hydroxyethyl) ether,ATG_NRF2_ARE_CIS_up,4780,20.8645973014961,NFE2L2
DTXSID4038922,TBBPA-DHEE,Tetrabromobisphenol A bis(2-hydroxyethyl) ether,ATG_NURR1_TRANS_up,4929,9.17625185556783,NR4A2
DTXSID4038922,TBBPA-DHEE,Tetrabromobisphenol A bis(2-hydroxyethyl) ether,ATG_Oct_MLP_CIS_up,5451,17.9323786042471,POU2F1
DTXSID4038922,TBBPA-DHEE,Tetrabromobisphenol A bis(2-hydroxyethyl) ether,ATG_PBREM_CIS_up,9970,1.69472839353143,NR1I3
DTXSID4038922,TBBPA-DHEE,Tetrabromobisphenol A bis(2-hydroxyethyl) ether,ATG_PPARg_TRANS_up,5468,2.73273771240982,PPARG
DTXSID4038922,TBBPA-DHEE,Tetrabromobisphenol A bis(2-hydroxyethyl) ether,ATG_PXRE_CIS_up,8856,0.699858414409858,NR1I2
DTXSID4038922,TBBPA-DHEE,Tetrabromobisphenol A bis(2-hydroxyethyl) ether,ATG_PXR_TRANS_up,8856,1.70421528088877,NR1I2
DTXSID4038922,TBBPA-DHEE,Tetrabromobisphenol A bis(2-hydroxyethyl) ether,ATG_Pax6_CIS_up,5080,17.6248490371971,PAX6
DTXSID4038922,TBBPA-DHEE,Tetrabromobisphenol A bis(2-hydroxyethyl) ether,ATG_RARa_TRANS_up,5914,1.50317123838607,RARA
DTXSID4038922,TBBPA-DHEE,Tetrabromobisphenol A bis(2-hydroxyethyl) ether,ATG_SREBP_CIS_up,6720,19.929832431445,SREBF1
DTXSID4038922,TBBPA-DHEE,Tetrabromobisphenol A bis(2-hydroxyethyl) ether,ATG_VDRE_CIS_up,7421,1.10270099258443,VDR
DTXSID4038922,TBBPA-DHEE,Tetrabromobisphenol A bis(2-hydroxyethyl) ether,ATG_Xbp1_CIS_up,7494,29.5329581245095,XBP1
DTXSID4038922,TBBPA-DHEE,Tetrabromobisphenol A bis(2-hydroxyethyl) ether,BSK_3C_Eselectin_down,6401,10.0,SELE
DTXSID4038922,TBBPA-DHEE,Tetrabromobisphenol A bis(2-hydroxyethyl) ether,BSK_3C_HLADR_down,3122,10.0,HLA-DRA
DTXSID4038922,TBBPA-DHEE,Tetrabromobisphenol A bis(2-hydroxyethyl) ether,BSK_3C_ICAM1_down,3383,29.9999999986418,ICAM1
DTXSID4038922,TBBPA-DHEE,Tetrabromobisphenol A bis(2-hydroxyethyl) ether,BSK_3C_IL8_down,3576,10.0,CXCL8
DTXSID4038922,TBBPA-DHEE,Tetrabromobisphenol A bis(2-hydroxyethyl) ether,BSK_3C_MCP1_down,6347,10.0,CCL2
DTXSID4038922,TBBPA-DHEE,Tetrabromobisphenol A bis(2-hydroxyethyl) ether,BSK_3C_MIG_down,4283,29.9999999986418,CXCL9
DTXSID4038922,TBBPA-DHEE,Tetrabromobisphenol A bis(2-hydroxyethyl) ether,BSK_3C_Thrombomodulin_down,7056,29.9999999986418,THBD
DTXSID4038922,TBBPA-DHEE,Tetrabromobisphenol A bis(2-hydroxyethyl) ether,BSK_3C_TissueFactor_down,2152,29.9999999986418,F3
DTXSID4038922,TBBPA-DHEE,Tetrabromobisphenol A bis(2-hydroxyethyl) ether,BSK_3C_VCAM1_down,7412,29.9999999986418,VCAM1
DTXSID4038922,TBBPA-DHEE,Tetrabromobisphenol A bis(2-hydroxyethyl) ether,BSK_3C_uPAR_down,5329,10.0,PLAUR
DTXSID4038922,TBBPA-DHEE,Tetrabromobisphenol A bis(2-hydroxyethyl) ether,BSK_4H_Eotaxin3_down,10344,10.0,CCL26
DTXSID4038922,TBBPA-DHEE,Tetrabromobisphenol A bis(2-hydroxyethyl) ether,BSK_4H_MCP1_down,6347,3.99999999974246,CCL2
DTXSID4038922,TBBPA-DHEE,Tetrabromobisphenol A bis(2-hydroxyethyl) ether,BSK_4H_Pselectin_down,6403,10.0,SELP
DTXSID4038922,TBBPA-DHEE,Tetrabromobisphenol A bis(2-hydroxyethyl) ether,BSK_4H_VCAM1_down,7412,10.0,VCAM1
DTXSID4038922,TBBPA-DHEE,Tetrabromobisphenol A bis(2-hydroxyethyl) ether,BSK_4H_VEGFRII_down,3791,10.0,KDR
DTXSID4038922,TBBPA-DHEE,Tetrabromobisphenol A bis(2-hydroxyethyl) ether,BSK_4H_uPAR_down,5329,10.0,PLAUR
DTXSID4038922,TBBPA-DHEE,Tetrabromobisphenol A bis(2-hydroxyethyl) ether,BSK_BE3C_IP10_down,3627,10.0,CXCL10
DTXSID4038922,TBBPA-DHEE,Tetrabromobisphenol A bis(2-hydroxyethyl) ether,BSK_BE3C_MMP1_up,4312,3.99999999974246,MMP1
DTXSID4038922,TBBPA-DHEE,Tetrabromobisphenol A bis(2-hydroxyethyl) ether,BSK_BT_xIL17A_down,3605,29.9999999986418,IL17A
DTXSID4038922,TBBPA-DHEE,Tetrabromobisphenol A bis(2-hydroxyethyl) ether,BSK_BT_xIL2_down,3558,29.9999999986418,IL2
DTXSID4038922,TBBPA-DHEE,Tetrabromobisphenol A bis(2-hydroxyethyl) ether,BSK_BT_xIL6_down,3569,29.9999999986418,IL6
DTXSID4038922,TBBPA-DHEE,Tetrabromobisphenol A bis(2-hydroxyethyl) ether,BSK_BT_xTNFa_down,7124,29.9999999986418,TNF
DTXSID4038922,TBBPA-DHEE,Tetrabromobisphenol A bis(2-hydroxyethyl) ether,BSK_CASM3C_VCAM1_down,7412,10.0,VCAM1
DTXSID4038922,TBBPA-DHEE,Tetrabromobisphenol A bis(2-hydroxyethyl) ether,BSK_CASM3C_uPAR_down,5329,29.9999999986418,PLAUR
DTXSID4038922,TBBPA-DHEE,Tetrabromobisphenol A bis(2-hydroxyethyl) ether,BSK_KF3CT_ICAM1_down,3383,29.9999999986418,ICAM1
DTXSID4038922,TBBPA-DHEE,Tetrabromobisphenol A bis(2-hydroxyethyl) ether,BSK_KF3CT_IL1a_down,3552,10.0,IL1A
DTXSID4038922,TBBPA-DHEE,Tetrabromobisphenol A bis(2-hydroxyethyl) ether,BSK_KF3CT_IP10_down,3627,10.0,CXCL10
DTXSID4038922,TBBPA-DHEE,Tetrabromobisphenol A bis(2-hydroxyethyl) ether,BSK_KF3CT_MCP1_down,6347,29.9999999986418,CCL2
DTXSID4038922,TBBPA-DHEE,Tetrabromobisphenol A bis(2-hydroxyethyl) ether,BSK_KF3CT_MMP9_down,4318,10.0,MMP9
DTXSID4038922,TBBPA-DHEE,Tetrabromobisphenol A bis(2-hydroxyethyl) ether,BSK_KF3CT_TIMP2_down,7077,10.0,TIMP2
DTXSID4038922,TBBPA-DHEE,Tetrabromobisphenol A bis(2-hydroxyethyl) ether,BSK_KF3CT_uPA_down,5328,29.9999999986418,PLAU
DTXSID4038922,TBBPA-DHEE,Tetrabromobisphenol A bis(2-hydroxyethyl) ether,BSK_LPS_CD40_down,958,10.0,CD40
DTXSID4038922,TBBPA-DHEE,Tetrabromobisphenol A bis(2-hydroxyethyl) ether,BSK_LPS_PGE2_up,5732,1.0,PTGER2
DTXSID4038922,TBBPA-DHEE,Tetrabromobisphenol A bis(2-hydroxyethyl) ether,BSK_LPS_VCAM1_down,7412,29.9999999986418,VCAM1
DTXSID4038922,TBBPA-DHEE,Tetrabromobisphenol A bis(2-hydroxyethyl) ether,BSK_MyoF_ACTA1_down,58,10.0,ACTA1
DTXSID4038922,TBBPA-DHEE,Tetrabromobisphenol A bis(2-hydroxyethyl) ether,BSK_MyoF_CollagenIII_down,1281,3.99999999974246,COL3A1
DTXSID4038922,TBBPA-DHEE,Tetrabromobisphenol A bis(2-hydroxyethyl) ether,BSK_MyoF_CollagenIV_down,1282,10.0,COL4A1
DTXSID4038922,TBBPA-DHEE,Tetrabromobisphenol A bis(2-hydroxyethyl) ether,BSK_MyoF_CollagenI_down,1277,10.0,COL1A1
DTXSID4038922,TBBPA-DHEE,Tetrabromobisphenol A bis(2-hydroxyethyl) ether,BSK_MyoF_Decorin_down,1634,10.0,DCN
DTXSID4038922,TBBPA-DHEE,Tetrabromobisphenol A bis(2-hydroxyethyl) ether,BSK_MyoF_IL8_down,3576,29.9999999986418,CXCL8
DTXSID4038922,TBBPA-DHEE,Tetrabromobisphenol A bis(2-hydroxyethyl) ether,BSK_MyoF_MMP1_down,4312,10.0,MMP1
DTXSID4038922,TBBPA-DHEE,Tetrabromobisphenol A bis(2-hydroxyethyl) ether,BSK_MyoF_PAI1_down,5054,10.0,SERPINE1
DTXSID4038922,TBBPA-DHEE,Tetrabromobisphenol A bis(2-hydroxyethyl) ether,BSK_MyoF_TIMP1_down,7076,10.0,TIMP1
DTXSID4038922,TBBPA-DHEE,Tetrabromobisphenol A bis(2-hydroxyethyl) ether,BSK_MyoF_VCAM1_down,7412,10.0,VCAM1
DTXSID4038922,TBBPA-DHEE,Tetrabromobisphenol A bis(2-hydroxyethyl) ether,BSK_MyoF_bFGF_down,2247,10.0,FGF2
DTXSID4038922,TBBPA-DHEE,Tetrabromobisphenol A bis(2-hydroxyethyl) ether,BSK_SAg_CD38_down,952,29.9999999986418,CD38
DTXSID4038922,TBBPA-DHEE,Tetrabromobisphenol A bis(2-hydroxyethyl) ether,BSK_SAg_CD69_down,969,3.99999999974246,CD69
DTXSID4038922,TBBPA-DHEE,Tetrabromobisphenol A bis(2-hydroxyethyl) ether,BSK_SAg_Eselectin_down,6401,10.0,SELE
DTXSID4038922,TBBPA-DHEE,Tetrabromobisphenol A bis(2-hydroxyethyl) ether,BSK_hDFCGF_CollagenIII_down,1281,3.99999999974246,COL3A1
DTXSID4038922,TBBPA-DHEE,Tetrabromobisphenol A bis(2-hydroxyethyl) ether,BSK_hDFCGF_IP10_down,3627,10.0,CXCL10
DTXSID4038922,TBBPA-DHEE,Tetrabromobisphenol A bis(2-hydroxyethyl) ether,BSK_hDFCGF_MCSF_down,1435,10.0,CSF1
DTXSID4038922,TBBPA-DHEE,Tetrabromobisphenol A bis(2-hydroxyethyl) ether,BSK_hDFCGF_MIG_down,4283,10.0,CXCL9
DTXSID4038922,TBBPA-DHEE,Tetrabromobisphenol A bis(2-hydroxyethyl) ether,BSK_hDFCGF_PAI1_down,5054,10.0,SERPINE1
DTXSID4038922,TBBPA-DHEE,Tetrabromobisphenol A bis(2-hydroxyethyl) ether,BSK_hDFCGF_TIMP1_down,7076,29.9999999986418,TIMP1
DTXSID4038922,TBBPA-DHEE,Tetrabromobisphenol A bis(2-hydroxyethyl) ether,BSK_hDFCGF_VCAM1_down,7412,10.0,VCAM1
DTXSID4038922,TBBPA-DHEE,Tetrabromobisphenol A bis(2-hydroxyethyl) ether,NVS_ADME_hCYP2C19,1557,2.27410622444027,CYP2C19
DTXSID4038922,TBBPA-DHEE,Tetrabromobisphenol A bis(2-hydroxyethyl) ether,NVS_ADME_hCYP2C9,1559,0.897118473340178,CYP2C9
DTXSID4038922,TBBPA-DHEE,Tetrabromobisphenol A bis(2-hydroxyethyl) ether,NVS_ENZ_hPI3Ka,5290,2.69520384908605,PIK3CA
DTXSID4038922,TBBPA-DHEE,Tetrabromobisphenol A bis(2-hydroxyethyl) ether,TOX21_AR_BLA_Antagonist_ratio,367,10.1030761334139,AR
DTXSID4038922,TBBPA-DHEE,Tetrabromobisphenol A bis(2-hydroxyethyl) ether,TOX21_AR_LUC_MDAKB2_Antagonist_0.5nM_R1881,367,22.3423186343973,AR
DTXSID4038922,TBBPA-DHEE,Tetrabromobisphenol A bis(2-hydroxyethyl) ether,TOX21_AR_LUC_MDAKB2_Antagonist_10nM_R1881,367,42.2156395552281,AR
DTXSID4038922,TBBPA-DHEE,Tetrabromobisphenol A bis(2-hydroxyethyl) ether,TOX21_Aromatase_Inhibition,1588,36.6239896164244,CYP19A1
DTXSID4038922,TBBPA-DHEE,Tetrabromobisphenol A bis(2-hydroxyethyl) ether,TOX21_CAR_Agonist,9970,52.3456335948207,NR1I3
DTXSID4038922,TBBPA-DHEE,Tetrabromobisphenol A bis(2-hydroxyethyl) ether,TOX21_DT40_100,8438,7.82973534498369,RAD54L
DTXSID4038922,TBBPA-DHEE,Tetrabromobisphenol A bis(2-hydroxyethyl) ether,TOX21_DT40_657,5980,9.68494852926882,REV3L
DTXSID4038922,TBBPA-DHEE,Tetrabromobisphenol A bis(2-hydroxyethyl) ether,TOX21_ERR_Antagonist,2101,13.88974198229,ESRRA
DTXSID4038922,TBBPA-DHEE,Tetrabromobisphenol A bis(2-hydroxyethyl) ether,TOX21_ERa_BLA_Antagonist_ratio,2099,14.0470405366111,ESR1
DTXSID4038922,TBBPA-DHEE,Tetrabromobisphenol A bis(2-hydroxyethyl) ether,TOX21_ERa_LUC_VM7_Antagonist_0.1nM_E2,2099,52.6339738300602,ESR1
DTXSID4038922,TBBPA-DHEE,Tetrabromobisphenol A bis(2-hydroxyethyl) ether,TOX21_ERb_BLA_Antagonist_ratio,2100,5.112793489248,ESR2
DTXSID4038922,TBBPA-DHEE,Tetrabromobisphenol A bis(2-hydroxyethyl) ether,TOX21_FXR_BLA_antagonist_ratio,9971,4.99005064057177,NR1H4
DTXSID4038922,TBBPA-DHEE,Tetrabromobisphenol A bis(2-hydroxyethyl) ether,TOX21_GR_BLA_Agonist_ratio,2908,51.8460190149524,NR3C1
DTXSID4038922,TBBPA-DHEE,Tetrabromobisphenol A bis(2-hydroxyethyl) ether,TOX21_GR_BLA_Antagonist_ratio,2908,14.1890003591478,NR3C1
DTXSID4038922,TBBPA-DHEE,Tetrabromobisphenol A bis(2-hydroxyethyl) ether,TOX21_HRE_BLA_Agonist_ratio,3091,54.4951216249853,HIF1A
DTXSID4038922,TBBPA-DHEE,Tetrabromobisphenol A bis(2-hydroxyethyl) ether,TOX21_HSE_BLA_agonist_ratio,3297,19.7842900578722,HSF1
DTXSID4038922,TBBPA-DHEE,Tetrabromobisphenol A bis(2-hydroxyethyl) ether,TOX21_PGC_ERR_Antagonist,2101,24.3247847171847,ESRRA
DTXSID4038922,TBBPA-DHEE,Tetrabromobisphenol A bis(2-hydroxyethyl) ether,TOX21_PPARg_BLA_antagonist_ratio,5468,3.86286183691509,PPARG
DTXSID4038922,TBBPA-DHEE,Tetrabromobisphenol A bis(2-hydroxyethyl) ether,TOX21_PR_BLA_Antagonist_ratio,5241,5.44696288940404,PGR
DTXSID4038922,TBBPA-DHEE,Tetrabromobisphenol A bis(2-hydroxyethyl) ether,TOX21_PR_BLA_Followup_Agonist_ratio,5241,13.3554428849001,PGR
DTXSID4038922,TBBPA-DHEE,Tetrabromobisphenol A bis(2-hydroxyethyl) ether,TOX21_PR_BLA_Followup_Antagonist_ratio,5241,10.9524984477614,PGR
DTXSID4038922,TBBPA-DHEE,Tetrabromobisphenol A bis(2-hydroxyethyl) ether,TOX21_PR_LUC_Followup_Antagonist,5241,11.2331126402024,PGR
DTXSID4038922,TBBPA-DHEE,Tetrabromobisphenol A bis(2-hydroxyethyl) ether,TOX21_PXR_Agonist,8856,18.4452713859345,NR1I2
DTXSID4038922,TBBPA-DHEE,Tetrabromobisphenol A bis(2-hydroxyethyl) ether,TOX21_RAR_LUC_Antagonist,5914,33.3252028010581,RARA
DTXSID4038922,TBBPA-DHEE,Tetrabromobisphenol A bis(2-hydroxyethyl) ether,TOX21_RORg_LUC_CHO_Antagonist,6097,36.0625322681989,RORC
DTXSID4038922,TBBPA-DHEE,Tetrabromobisphenol A bis(2-hydroxyethyl) ether,TOX21_SBE_BLA_Antagonist_ratio,4086,42.8655853005106,SMAD1
DTXSID4038922,TBBPA-DHEE,Tetrabromobisphenol A bis(2-hydroxyethyl) ether,TOX21_SHH_3T3_GLI3_Antagonist,6469,13.9811678809809,SHH
DTXSID4038922,TBBPA-DHEE,Tetrabromobisphenol A bis(2-hydroxyethyl) ether,TOX21_TR_LUC_GH3_Antagonist,7067,11.9131848024851,THRA
DTXSID4038922,TBBPA-DHEE,Tetrabromobisphenol A bis(2-hydroxyethyl) ether,TOX21_TSHR_HTRF_Agonist_ratio,7253,30.3182369267936,TSHR
DTXSID4038922,TBBPA-DHEE,Tetrabromobisphenol A bis(2-hydroxyethyl) ether,TOX21_VDR_BLA_antagonist_ratio,1591,45.9989383889242,CYP24A1
DTXSID4038922,TBBPA-DHEE,Tetrabromobisphenol A bis(2-hydroxyethyl) ether,TOX21_p53_BLA_p1_ratio,7157,60.0704794134438,TP53
DTXSID4038922,TBBPA-DHEE,Tetrabromobisphenol A bis(2-hydroxyethyl) ether,TOX21_p53_BLA_p2_ratio,7157,8.07307351364953,TP53
DTXSID4038922,TBBPA-DHEE,Tetrabromobisphenol A bis(2-hydroxyethyl) ether,TOX21_p53_BLA_p3_ratio,7157,14.0645058230989,TP53
DTXSID4038922,TBBPA-DHEE,Tetrabromobisphenol A bis(2-hydroxyethyl) ether,TOX21_p53_BLA_p4_ratio,7157,44.0265933182537,TP53
DTXSID4038922,TBBPA-DHEE,Tetrabromobisphenol A bis(2-hydroxyethyl) ether,TOX21_p53_BLA_p5_ratio,7157,40.7982380165183,TP53
DTXSID4047963,BPZ,Bisphenol Z,TOX21_AP1_BLA_Agonist_ratio,3725,10.3466619860343,JUN
DTXSID4047963,BPZ,Bisphenol Z,TOX21_ARE_BLA_agonist_ratio,4780,16.545168866547,NFE2L2
DTXSID4047963,BPZ,Bisphenol Z,TOX21_AR_BLA_Antagonist_ratio,367,8.67250410737757,AR
DTXSID4047963,BPZ,Bisphenol Z,TOX21_AR_LUC_MDAKB2_Antagonist_0.5nM_R1881,367,25.4679178838883,AR
DTXSID4047963,BPZ,Bisphenol Z,TOX21_AR_LUC_MDAKB2_Antagonist_10nM_R1881,367,71.8909447995498,AR
DTXSID4047963,BPZ,Bisphenol Z,TOX21_Aromatase_Inhibition,1588,59.6317512661812,CYP19A1
DTXSID4047963,BPZ,Bisphenol Z,TOX21_CAR_Antagonist,9970,1.02456903620401,NR1I3
DTXSID4047963,BPZ,Bisphenol Z,TOX21_DT40_100,8438,41.2348504681699,RAD54L
DTXSID4047963,BPZ,Bisphenol Z,TOX21_DT40_657,5980,48.2310479225748,REV3L
DTXSID4047963,BPZ,Bisphenol Z,TOX21_ERR_Antagonist,2101,53.0643943771567,ESRRA
DTXSID4047963,BPZ,Bisphenol Z,TOX21_ERa_BLA_Antagonist_ratio,2099,6.04768219962353,ESR1
DTXSID4047963,BPZ,Bisphenol Z,TOX21_ERa_LUC_VM7_Agonist,2099,0.35728590628609,ESR1
DTXSID4047963,BPZ,Bisphenol Z,TOX21_ERa_LUC_VM7_Agonist_10nM_ICI182780,2099,18.6040808153215,ESR1
DTXSID4047963,BPZ,Bisphenol Z,TOX21_ERb_BLA_Antagonist_ratio,2100,0.180064796981083,ESR2
DTXSID4047963,BPZ,Bisphenol Z,TOX21_FXR_BLA_antagonist_ratio,9971,55.3292036392989,NR1H4
DTXSID4047963,BPZ,Bisphenol Z,TOX21_GR_BLA_Agonist_ratio,2908,58.9617495771058,NR3C1
DTXSID4047963,BPZ,Bisphenol Z,TOX21_GR_BLA_Antagonist_ratio,2908,14.8445378397932,NR3C1
DTXSID4047963,BPZ,Bisphenol Z,TOX21_HRE_BLA_Agonist_ratio,3091,54.5730883032174,HIF1A
DTXSID4047963,BPZ,Bisphenol Z,TOX21_HSE_BLA_agonist_ratio,3297,63.0223171797362,HSF1
DTXSID4047963,BPZ,Bisphenol Z,TOX21_PGC_ERR_Antagonist,2101,35.8053925543926,ESRRA
DTXSID4047963,BPZ,Bisphenol Z,TOX21_PPARd_BLA_antagonist_ratio,5467,44.9332536587902,PPARD
DTXSID4047963,BPZ,Bisphenol Z,TOX21_PPARg_BLA_antagonist_ratio,5468,6.44849732178721,PPARG
DTXSID4047963,BPZ,Bisphenol Z,TOX21_PR_BLA_Antagonist_ratio,5241,13.4890878687514,PGR
DTXSID4047963,BPZ,Bisphenol Z,TOX21_PXR_Agonist,8856,19.4453929213804,NR1I2
DTXSID4047963,BPZ,Bisphenol Z,TOX21_RAR_LUC_Antagonist,5914,52.4150476203638,RARA
DTXSID4047963,BPZ,Bisphenol Z,TOX21_RORg_LUC_CHO_Antagonist,6097,71.1656321239438,RORC
DTXSID4047963,BPZ,Bisphenol Z,TOX21_SBE_BLA_Antagonist_ratio,4086,50.4791537692786,SMAD1
DTXSID4047963,BPZ,Bisphenol Z,TOX21_SHH_3T3_GLI3_Antagonist,6469,45.9566660984425,SHH
DTXSID4047963,BPZ,Bisphenol Z,TOX21_TRHR_HEK293_Antagonist,7201,36.9087129242462,TRHR
DTXSID4047963,BPZ,Bisphenol Z,TOX21_TR_LUC_GH3_Antagonist,7067,29.2238137530048,THRA
DTXSID4047963,BPZ,Bisphenol Z,TOX21_TSHR_HTRF_Agonist_ratio,7253,47.0365266227711,TSHR
DTXSID4047963,BPZ,Bisphenol Z,TOX21_VDR_BLA_antagonist_ratio,1591,53.7678236775461,CYP24A1
DTXSID4047963,BPZ,Bisphenol Z,TOX21_p53_BLA_p1_ratio,7157,83.927244792372,TP53
DTXSID4047963,BPZ,Bisphenol Z,TOX21_p53_BLA_p2_ratio,7157,73.6650278198306,TP53
DTXSID4047963,BPZ,Bisphenol Z,TOX21_p53_BLA_p3_ratio,7157,73.6287999973235,TP53
DTXSID4047963,BPZ,Bisphenol Z,TOX21_p53_BLA_p4_ratio,7157,73.6159934196123,TP53
DTXSID4047963,BPZ,Bisphenol Z,TOX21_p53_BLA_p5_ratio,7157,73.6154162671872,TP53
DTXSID5051444,BPAP,"4,4'-(1-Phenylethylidene)bisphenol",ATG_AP_1_CIS_up,2353,7.69797739037479,FOS
DTXSID5051444,BPAP,"4,4'-(1-Phenylethylidene)bisphenol",ATG_EGR_CIS_up,1958,10.9548890391852,EGR1
DTXSID5051444,BPAP,"4,4'-(1-Phenylethylidene)bisphenol",ATG_ERE_CIS_up,2099,0.291747652465333,ESR1
DTXSID5051444,BPAP,"4,4'-(1-Phenylethylidene)bisphenol",ATG_ERa_TRANS_up,2099,0.11574583667598,ESR1
DTXSID5051444,BPAP,"4,4'-(1-Phenylethylidene)bisphenol",ATG_FXR_TRANS_up,9971,11.0384823915216,NR1H4
DTXSID5051444,BPAP,"4,4'-(1-Phenylethylidene)bisphenol",ATG_HSE_CIS_up,3297,16.3553038579171,HSF1
DTXSID5051444,BPAP,"4,4'-(1-Phenylethylidene)bisphenol",ATG_MRE_CIS_up,4520,9.33431197606284,MTF1
DTXSID5051444,BPAP,"4,4'-(1-Phenylethylidene)bisphenol",ATG_NRF2_ARE_CIS_up,4780,10.4774698287572,NFE2L2
DTXSID5051444,BPAP,"4,4'-(1-Phenylethylidene)bisphenol",ATG_NURR1_TRANS_up,4929,16.3635149768003,NR4A2
DTXSID5051444,BPAP,"4,4'-(1-Phenylethylidene)bisphenol",ATG_Oct_MLP_CIS_up,5451,7.80236159829335,POU2F1
DTXSID5051444,BPAP,"4,4'-(1-Phenylethylidene)bisphenol",ATG_PXRE_CIS_up,8856,1.24823109500252,NR1I2
DTXSID5051444,BPAP,"4,4'-(1-Phenylethylidene)bisphenol",ATG_PXR_TRANS_up,8856,1.96107991478083,NR1I2
DTXSID5051444,BPAP,"4,4'-(1-Phenylethylidene)bisphenol",ATG_Pax6_CIS_up,5080,16.3085993149044,PAX6
DTXSID5051444,BPAP,"4,4'-(1-Phenylethylidene)bisphenol",ATG_SREBP_CIS_up,6720,11.4427273138643,SREBF1
DTXSID5051444,BPAP,"4,4'-(1-Phenylethylidene)bisphenol",ATG_VDRE_CIS_up,7421,1.76083377727869,VDR
DTXSID5051444,BPAP,"4,4'-(1-Phenylethylidene)bisphenol",ATG_Xbp1_CIS_up,7494,8.60184514128113,XBP1
DTXSID5051444,BPAP,"4,4'-(1-Phenylethylidene)bisphenol",TOX21_AP1_BLA_Agonist_ratio,3725,5.31695840002633,JUN
DTXSID5051444,BPAP,"4,4'-(1-Phenylethylidene)bisphenol",TOX21_AR_LUC_MDAKB2_Antagonist_0.5nM_R1881,367,31.5777716372203,AR
DTXSID5051444,BPAP,"4,4'-(1-Phenylethylidene)bisphenol",TOX21_CAR_Antagonist,9970,5.07143621965173,NR1I3
DTXSID5051444,BPAP,"4,4'-(1-Phenylethylidene)bisphenol",TOX21_ERR_Antagonist,2101,88.520131048209,ESRRA
DTXSID5051444,BPAP,"4,4'-(1-Phenylethylidene)bisphenol",TOX21_ERb_BLA_Antagonist_ratio,2100,0.244340396507331,ESR2
DTXSID5051444,BPAP,"4,4'-(1-Phenylethylidene)bisphenol",TOX21_HRE_BLA_Agonist_ratio,3091,74.0044623876633,HIF1A
DTXSID5051444,BPAP,"4,4'-(1-Phenylethylidene)bisphenol",TOX21_PR_BLA_Antagonist_ratio,5241,6.02193532470508,PGR
DTXSID5051444,BPAP,"4,4'-(1-Phenylethylidene)bisphenol",TOX21_PXR_Agonist,8856,13.8195479626496,NR1I2
DTXSID5051444,BPAP,"4,4'-(1-Phenylethylidene)bisphenol",TOX21_RAR_LUC_Antagonist,5914,84.5845195680344,RARA
DTXSID5051444,BPAP,"4,4'-(1-Phenylethylidene)bisphenol",TOX21_RORg_LUC_CHO_Antagonist,6097,64.2589163176436,RORC
DTXSID5051444,BPAP,"4,4'-(1-Phenylethylidene)bisphenol",TOX21_SBE_BLA_Antagonist_ratio,4086,49.5937750387229,SMAD1
DTXSID5051444,BPAP,"4,4'-(1-Phenylethylidene)bisphenol",TOX21_SHH_3T3_GLI3_Antagonist,6469,34.041795340181,SHH
DTXSID5051444,BPAP,"4,4'-(1-Phenylethylidene)bisphenol",TOX21_TSHR_HTRF_Agonist_ratio,7253,47.7159064883352,TSHR
DTXSID6024624,BADGE,Bisphenol A diglycidyl ether,ACEA_AR_antagonist_80hr,367,16.0171342316772,AR
DTXSID6024624,BADGE,Bisphenol A diglycidyl ether,ATG_CRE_CIS_up,10488,33.1479632130076,CREB3
DTXSID6024624,BADGE,Bisphenol A diglycidyl ether,ATG_EGR_CIS_up,1958,24.9379166177133,EGR1
DTXSID6024624,BADGE,Bisphenol A diglycidyl ether,ATG_HIF1a_CIS_up,3091,28.8249563294548,HIF1A
DTXSID6024624,BADGE,Bisphenol A diglycidyl ether,ATG_HSE_CIS_up,3297,57.2338731993178,HSF1
DTXSID6024624,BADGE,Bisphenol A diglycidyl ether,ATG_MRE_CIS_up,4520,32.1520349668569,MTF1
DTXSID6024624,BADGE,Bisphenol A diglycidyl ether,ATG_Oct_MLP_CIS_up,5451,26.098706690101,POU2F1
DTXSID6024624,BADGE,Bisphenol A diglycidyl ether,ATG_PXRE_CIS_up,8856,6.95792849673151,NR1I2
DTXSID6024624,BADGE,Bisphenol A diglycidyl ether,ATG_Pax6_CIS_up,5080,34.6105083385599,PAX6
DTXSID6024624,BADGE,Bisphenol A diglycidyl ether,ATG_RORE_CIS_up,6095,26.7353119713859,RORA
DTXSID6024624,BADGE,Bisphenol A diglycidyl ether,ATG_SREBP_CIS_up,6720,16.7734878909964,SREBF1
DTXSID6024624,BADGE,Bisphenol A diglycidyl ether,ATG_Sp1_CIS_up,6667,18.2115498981614,SP1
DTXSID6024624,BADGE,Bisphenol A diglycidyl ether,ATG_VDRE_CIS_up,7421,24.7147392871477,VDR
DTXSID6024624,BADGE,Bisphenol A diglycidyl ether,ATG_Xbp1_CIS_up,7494,25.3028109574384,XBP1
DTXSID6024624,BADGE,Bisphenol A diglycidyl ether,CCTE_GLTED_hDIO1_dn,1733,1.42236461119561,DIO1
DTXSID6024624,BADGE,Bisphenol A diglycidyl ether,CCTE_GLTED_hDIO2_dn,1734,3.7587766223132,DIO2
DTXSID6024624,BADGE,Bisphenol A diglycidyl ether,CCTE_GLTED_hDIO3_dn,1735,3.61990867035765,DIO3
DTXSID6024624,BADGE,Bisphenol A diglycidyl ether,NVS_MP_hPBR,706,8.69591929097339,TSPO
DTXSID6024624,BADGE,Bisphenol A diglycidyl ether,OT_AR_ARSRC1_0480,367,87.7724339276622,AR
DTXSID6024624,BADGE,Bisphenol A diglycidyl ether,OT_AR_ARSRC1_0960,367,86.9134811519294,AR
DTXSID6024624,BADGE,Bisphenol A diglycidyl ether,OT_FXR_FXRSRC1_0480,6714,54.4182491124357,SRC
DTXSID6024624,BADGE,Bisphenol A diglycidyl ether,TOX21_ARE_BLA_agonist_ratio,4780,77.438171750979,NFE2L2
DTXSID6024624,BADGE,Bisphenol A diglycidyl ether,TOX21_AR_BLA_Antagonist_ratio,367,36.7995673980468,AR
DTXSID6024624,BADGE,Bisphenol A diglycidyl ether,TOX21_Aromatase_Inhibition,1588,81.0559408710452,CYP19A1
DTXSID6024624,BADGE,Bisphenol A diglycidyl ether,TOX21_DT40_100,8438,30.607148940524,RAD54L
DTXSID6024624,BADGE,Bisphenol A diglycidyl ether,TOX21_DT40_657,5980,2.99015571443488,REV3L
DTXSID6024624,BADGE,Bisphenol A diglycidyl ether,TOX21_ERR_Antagonist,2101,60.8131650131661,ESRRA
DTXSID6024624,BADGE,Bisphenol A diglycidyl ether,TOX21_ERa_BLA_Antagonist_ratio,2099,67.9165138340451,ESR1
DTXSID6024624,BADGE,Bisphenol A diglycidyl ether,TOX21_ERa_LUC_VM7_Antagonist_0.1nM_E2,2099,77.592359840198,ESR1
DTXSID6024624,BADGE,Bisphenol A diglycidyl ether,TOX21_ERb_BLA_Antagonist_ratio,2100,43.3405479941022,ESR2
DTXSID6024624,BADGE,Bisphenol A diglycidyl ether,TOX21_FXR_BLA_antagonist_ratio,9971,72.84213337928,NR1H4
DTXSID6024624,BADGE,Bisphenol A diglycidyl ether,TOX21_GR_BLA_Antagonist_ratio,2908,31.4734774420844,NR3C1
DTXSID6024624,BADGE,Bisphenol A diglycidyl ether,TOX21_HRE_BLA_Agonist_ratio,3091,36.5882573237953,HIF1A
DTXSID6024624,BADGE,Bisphenol A diglycidyl ether,TOX21_PPARg_BLA_antagonist_ratio,5468,27.0791168938194,PPARG
DTXSID6024624,BADGE,Bisphenol A diglycidyl ether,TOX21_PR_BLA_Antagonist_ratio,5241,48.9760133461303,PGR
DTXSID6024624,BADGE,Bisphenol A diglycidyl ether,TOX21_RAR_LUC_Antagonist,5914,63.4444178265856,RARA
DTXSID6024624,BADGE,Bisphenol A diglycidyl ether,TOX21_SBE_BLA_Antagonist_ratio,4086,79.5874143508783,SMAD1
DTXSID6024624,BADGE,Bisphenol A diglycidyl ether,TOX21_SHH_3T3_GLI3_Antagonist,6469,25.7574029414031,SHH
DTXSID6024624,BADGE,Bisphenol A diglycidyl ether,TOX21_TR_LUC_GH3_Antagonist,7067,47.6928125511653,THRA
DTXSID6024624,BADGE,Bisphenol A diglycidyl ether,TOX21_TSHR_HTRF_Agonist_ratio,7253,80.0296208175231,TSHR
DTXSID6024624,BADGE,Bisphenol A diglycidyl ether,TOX21_VDR_BLA_antagonist_ratio,1591,62.4146921256798,CYP24A1
DTXSID6024624,BADGE,Bisphenol A diglycidyl ether,TOX21_p53_BLA_p3_ratio,7157,67.9806097882588,TP53
DTXSID6024624,BADGE,Bisphenol A diglycidyl ether,TOX21_p53_BLA_p4_ratio,7157,68.3243563798514,TP53
DTXSID6024624,BADGE,Bisphenol A diglycidyl ether,TOX21_p53_BLA_p5_ratio,7157,73.6425375560648,TP53
DTXSID6024624,BADGE,Bisphenol A diglycidyl ether,UPITT_HCI_U2OS_AR_TIF2_Nucleoli_Antagonist,367,33.9605002634457,AR
DTXSID6024624,BADGE,Bisphenol A diglycidyl ether,UPITT_HCI_U2OS_AR_TIF2_Nucleoli_Cytoplasm_Ratio_Antagonist,367,25.5781561601394,AR
DTXSID7020182,BPA,Bisphenol A,ACEA_AR_antagonist_80hr,367,40.9923487574511,AR
DTXSID7020182,BPA,Bisphenol A,ACEA_ER_80hr,2099,0.372881048573852,ESR1
DTXSID7020182,BPA,Bisphenol A,APR_HepG2_MitoticArrest_72h_up,3020,84.7399071097488,H3-3A
DTXSID7020182,BPA,Bisphenol A,APR_HepG2_P-H2AX_24h_up,3014,109.837661455628,H2AX
DTXSID7020182,BPA,Bisphenol A,APR_HepG2_P-H2AX_72h_up,3014,105.626148505381,H2AX
DTXSID7020182,BPA,Bisphenol A,ATG_AP_1_CIS_up,2353,33.6883213709689,FOS
DTXSID7020182,BPA,Bisphenol A,ATG_Ahr_CIS_up,196,23.4064170758331,AHR
DTXSID7020182,BPA,Bisphenol A,ATG_CRE_CIS_up,10488,21.6577882218224,CREB3
DTXSID7020182,BPA,Bisphenol A,ATG_DR5_CIS_up,5914,11.8521777206051,RARA
DTXSID7020182,BPA,Bisphenol A,ATG_ERE_CIS_up,2099,0.0981414036479591,ESR1
DTXSID7020182,BPA,Bisphenol A,ATG_ERa_TRANS_up,2099,0.119446298164367,ESR1
DTXSID7020182,BPA,Bisphenol A,ATG_HSE_CIS_up,3297,101.614092594898,HSF1
DTXSID7020182,BPA,Bisphenol A,ATG_MRE_CIS_up,4520,23.0597812145206,MTF1
DTXSID7020182,BPA,Bisphenol A,ATG_NRF2_ARE_CIS_up,4780,24.5368709401518,NFE2L2
DTXSID7020182,BPA,Bisphenol A,ATG_Oct_MLP_CIS_up,5451,25.8513333988559,POU2F1
DTXSID7020182,BPA,Bisphenol A,ATG_PBREM_CIS_up,9970,20.2552911116205,NR1I3
DTXSID7020182,BPA,Bisphenol A,ATG_PPRE_CIS_up,5465,24.4322741737844,PPARA
DTXSID7020182,BPA,Bisphenol A,ATG_PXRE_CIS_up,8856,1.48240705162396,NR1I2
DTXSID7020182,BPA,Bisphenol A,ATG_PXR_TRANS_up,8856,0.722066500772863,NR1I2
DTXSID7020182,BPA,Bisphenol A,ATG_Pax6_CIS_up,5080,73.4619278023532,PAX6
DTXSID7020182,BPA,Bisphenol A,ATG_SREBP_CIS_up,6720,31.8735220854215,SREBF1
DTXSID7020182,BPA,Bisphenol A,ATG_VDRE_CIS_up,7421,8.83838185567995,VDR
DTXSID7020182,BPA,Bisphenol A,ATG_Xbp1_CIS_up,7494,93.8080383529721,XBP1
DTXSID7020182,BPA,Bisphenol A,ATG_hERa_XSP1_up,2099,0.186542779460429,ESR1
DTXSID7020182,BPA,Bisphenol A,ATG_hERa_XSP2_up,2099,0.710491919967323,ESR1
DTXSID7020182,BPA,Bisphenol A,ATG_hERb_XSP1_up,2100,0.306968040969015,ESR2
DTXSID7020182,BPA,Bisphenol A,ATG_hERb_XSP2_up,2100,0.3908866796364,ESR2
DTXSID7020182,BPA,Bisphenol A,BSK_BE3C_tPA_down,5327,39.9999999974246,PLAT
DTXSID7020182,BPA,Bisphenol A,BSK_LPS_PGE2_down,5732,39.9999999974246,PTGER2
DTXSID7020182,BPA,Bisphenol A,BSK_LPS_VCAM1_down,7412,39.9999999974246,VCAM1
DTXSID7020182,BPA,Bisphenol A,BSK_SAg_CD40_down,958,39.9999999974246,CD40
DTXSID7020182,BPA,Bisphenol A,BSK_SAg_CD69_down,969,39.9999999974246,CD69
DTXSID7020182,BPA,Bisphenol A,BSK_hDFCGF_CollagenIII_down,1281,39.9999999974246,COL3A1
DTXSID7020182,BPA,Bisphenol A,BSK_hDFCGF_VCAM1_down,7412,39.9999999974246,VCAM1
DTXSID7020182,BPA,Bisphenol A,CCTE_Deisenroth_AIME_96WELL_LUC_Active_up,2099,0.515361526669613,ESR1
DTXSID7020182,BPA,Bisphenol A,CCTE_Deisenroth_AIME_96WELL_LUC_Inactive_up,2099,0.502671271749225,ESR1
DTXSID7020182,BPA,Bisphenol A,CEETOX_H295R_ANDR_dn,367,2.04002052518828,AR
DTXSID7020182,BPA,Bisphenol A,CEETOX_H295R_TESTO_dn,367,1.29953609840391,AR
DTXSID7020182,BPA,Bisphenol A,CLD_CYP1A1_6hr,1543,0.0046646730364282,CYP1A1
DTXSID7020182,BPA,Bisphenol A,CLD_CYP2B6_6hr,1555,19.0426984583512,CYP2B6
DTXSID7020182,BPA,Bisphenol A,CPHEA_Stoker_NIS_Inhibition_RAIU,6528,38.6889017489464,SLC5A5
DTXSID7020182,BPA,Bisphenol A,LTEA_HepaRG_CYP1A2_dn,1544,53.6413833645057,CYP1A2
DTXSID7020182,BPA,Bisphenol A,LTEA_HepaRG_CYP2B6_up,1555,29.2665718042524,CYP2B6
DTXSID7020182,BPA,Bisphenol A,LTEA_HepaRG_CYP2C19_up,1557,58.3438690495945,CYP2C19
DTXSID7020182,BPA,Bisphenol A,LTEA_HepaRG_CYP3A4_up,1576,52.1371766971086,CYP3A4
DTXSID7020182,BPA,Bisphenol A,LTEA_HepaRG_CYP3A7_up,1551,53.1168145845317,CYP3A7
DTXSID7020182,BPA,Bisphenol A,NVS_ADME_hCYP1A1,1543,5.84873489784826,CYP1A1
DTXSID7020182,BPA,Bisphenol A,NVS_ADME_hCYP2B6,1555,11.5396175414934,CYP2B6
DTXSID7020182,BPA,Bisphenol A,NVS_ADME_hCYP2C18,1562,6.35293099805886,CYP2C18
DTXSID7020182,BPA,Bisphenol A,NVS_ADME_hCYP2C9,1559,2.49168077766639,CYP2C9
DTXSID7020182,BPA,Bisphenol A,NVS_ADME_hCYP2J2,1573,5.29863606779121,CYP2J2
DTXSID7020182,BPA,Bisphenol A,NVS_ENZ_hPI3Ka,5290,25.950031974287,PIK3CA
DTXSID7020182,BPA,Bisphenol A,NVS_GPCR_h5HT6,3362,2.86587239485391,HTR6
DTXSID7020182,BPA,Bisphenol A,NVS_GPCR_hAdoRA1,134,2.04470031126256,ADORA1
DTXSID7020182,BPA,Bisphenol A,NVS_GPCR_hOpiate_D1,4985,15.6829437472471,OPRD1
DTXSID7020182,BPA,Bisphenol A,NVS_GPCR_hOpiate_mu,4988,9.33952749764762,OPRM1
DTXSID7020182,BPA,Bisphenol A,NVS_NR_hAR,367,7.53954795555767,AR
DTXSID7020182,BPA,Bisphenol A,NVS_NR_hCAR_Antagonist,9970,0.089411282423817,NR1I3
DTXSID7020182,BPA,Bisphenol A,NVS_NR_hER,2099,0.229819009423228,ESR1
DTXSID7020182,BPA,Bisphenol A,NVS_NR_hGR,2908,5.0367748836707,NR3C1
DTXSID7020182,BPA,Bisphenol A,NVS_NR_hPXR,8856,12.2772693981127,NR1I2
DTXSID7020182,BPA,Bisphenol A,NVS_TR_hDAT,6531,7.64016070803267,SLC6A3
DTXSID7020182,BPA,Bisphenol A,OT_AR_ARSRC1_0960,367,53.9677089022779,AR
DTXSID7020182,BPA,Bisphenol A,OT_ER_ERaERa_0480,2099,5.72822185863805,ESR1
DTXSID7020182,BPA,Bisphenol A,OT_ER_ERaERa_1440,2099,4.31307344028,ESR1
DTXSID7020182,BPA,Bisphenol A,OT_ER_ERaERb_0480,2099,0.3205379897291,ESR1
DTXSID7020182,BPA,Bisphenol A,OT_ER_ERaERb_1440,2099,1.91982411691806,ESR1
DTXSID7020182,BPA,Bisphenol A,OT_ER_ERbERb_0480,2100,0.380762462180836,ESR2
DTXSID7020182,BPA,Bisphenol A,OT_ER_ERbERb_1440,2100,0.350044148676454,ESR2
DTXSID7020182,BPA,Bisphenol A,OT_ERa_EREGFP_0120,2099,0.424256413319089,ESR1
DTXSID7020182,BPA,Bisphenol A,OT_ERa_EREGFP_0480,2099,0.631308896044007,ESR1
DTXSID7020182,BPA,Bisphenol A,OT_FXR_FXRSRC1_0480,6714,31.0835764529084,SRC
DTXSID7020182,BPA,Bisphenol A,OT_FXR_FXRSRC1_1440,6714,32.5922507174465,SRC
DTXSID7020182,BPA,Bisphenol A,TOX21_ARE_BLA_agonist_ratio,4780,43.3890779251933,NFE2L2
DTXSID7020182,BPA,Bisphenol A,TOX21_AR_BLA_Antagonist_ratio,367,29.1455464150177,AR
DTXSID7020182,BPA,Bisphenol A,TOX21_AR_LUC_MDAKB2_Antagonist_0.5nM_R1881,367,10.802228375833,AR
DTXSID7020182,BPA,Bisphenol A,TOX21_AR_LUC_MDAKB2_Antagonist_10nM_R1881,367,80.0658072669729,AR
DTXSID7020182,BPA,Bisphenol A,TOX21_CAR_Agonist,9970,46.3596765667341,NR1I3
DTXSID7020182,BPA,Bisphenol A,TOX21_DT40_100,8438,50.113178642557,RAD54L
DTXSID7020182,BPA,Bisphenol A,TOX21_DT40_657,5980,51.6362073995058,REV3L
DTXSID7020182,BPA,Bisphenol A,TOX21_ERR_Antagonist,2101,51.5936993390364,ESRRA
DTXSID7020182,BPA,Bisphenol A,TOX21_ERa_BLA_Agonist_ratio,2099,0.96240161983269,ESR1
DTXSID7020182,BPA,Bisphenol A,TOX21_ERa_BLA_Antagonist_ratio,2099,43.4778363868311,ESR1
DTXSID7020182,BPA,Bisphenol A,TOX21_ERa_LUC_VM7_Agonist,2099,0.444990889434068,ESR1
DTXSID7020182,BPA,Bisphenol A,TOX21_ERa_LUC_VM7_Agonist_10nM_ICI182780,2099,19.5796879778489,ESR1
DTXSID7020182,BPA,Bisphenol A,TOX21_ERa_LUC_VM7_Antagonist_0.1nM_E2,2099,75.1232814272515,ESR1
DTXSID7020182,BPA,Bisphenol A,TOX21_ERb_BLA_Antagonist_ratio,2100,3.96889112168351,ESR2
DTXSID7020182,BPA,Bisphenol A,TOX21_GR_BLA_Antagonist_ratio,2908,48.0898756960844,NR3C1
DTXSID7020182,BPA,Bisphenol A,TOX21_PPARd_BLA_antagonist_ratio,5467,37.1926282801958,PPARD
DTXSID7020182,BPA,Bisphenol A,TOX21_PPARg_BLA_antagonist_ratio,5468,38.6494576372657,PPARG
DTXSID7020182,BPA,Bisphenol A,TOX21_PR_BLA_Antagonist_ratio,5241,11.1918650847633,PGR
DTXSID7020182,BPA,Bisphenol A,TOX21_PR_BLA_Followup_Antagonist_ratio,5241,31.7062295245409,PGR
DTXSID7020182,BPA,Bisphenol A,TOX21_PR_LUC_Followup_Antagonist,5241,32.6645648883002,PGR
DTXSID7020182,BPA,Bisphenol A,TOX21_PXR_Agonist,8856,25.4931969929156,NR1I2
DTXSID7020182,BPA,Bisphenol A,TOX21_SBE_BLA_Antagonist_ratio,4086,52.1215118642969,SMAD1
DTXSID7020182,BPA,Bisphenol A,TOX21_SHH_3T3_GLI3_Antagonist,6469,35.3242491595378,SHH
DTXSID7020182,BPA,Bisphenol A,TOX21_TR_LUC_GH3_Antagonist,7067,61.2252452424026,THRA
DTXSID7020182,BPA,Bisphenol A,TOX21_TSHR_HTRF_Agonist_ratio,7253,57.3388610247519,TSHR
DTXSID7020182,BPA,Bisphenol A,TOX21_p53_BLA_p2_ratio,7157,73.7043965016048,TP53
DTXSID7020182,BPA,Bisphenol A,TOX21_p53_BLA_p4_ratio,7157,73.840285754977,TP53
DTXSID7020182,BPA,Bisphenol A,UPITT_HCI_U2OS_AR_TIF2_Nucleoli_Agonist,367,39.5042944349034,AR
DTXSID7020182,BPA,Bisphenol A,UPITT_HCI_U2OS_AR_TIF2_Nucleoli_Antagonist,367,35.2441508080586,AR
DTXSID7020182,BPA,Bisphenol A,UPITT_HCI_U2OS_AR_TIF2_Nucleoli_Cytoplasm_Ratio_Antagonist,367,25.4600231905584,AR
DTXSID7037717,BPAF,Bisphenol AF,ACEA_ER_80hr,2099,0.102395532062081,ESR1
DTXSID7037717,BPAF,Bisphenol AF,ATG_AP_1_CIS_up,2353,5.21447811286849,FOS
DTXSID7037717,BPAF,Bisphenol AF,ATG_Ahr_CIS_up,196,5.09771640930315,AHR
DTXSID7037717,BPAF,Bisphenol AF,ATG_BRE_CIS_up,4086,9.02208371386054,SMAD1
DTXSID7037717,BPAF,Bisphenol AF,ATG_CRE_CIS_up,10488,11.5607001198653,CREB3
DTXSID7037717,BPAF,Bisphenol AF,ATG_EGR_CIS_up,1958,9.44859915543225,EGR1
DTXSID7037717,BPAF,Bisphenol AF,ATG_ERE_CIS_up,2099,0.0944909021876079,ESR1
DTXSID7037717,BPAF,Bisphenol AF,ATG_ERa_TRANS_up,2099,0.356772480526305,ESR1
DTXSID7037717,BPAF,Bisphenol AF,ATG_HSE_CIS_up,3297,8.87478890383301,HSF1
DTXSID7037717,BPAF,Bisphenol AF,ATG_MRE_CIS_up,4520,8.55743573226647,MTF1
DTXSID7037717,BPAF,Bisphenol AF,ATG_NFI_CIS_up,4774,16.3559334235418,NFIA
DTXSID7037717,BPAF,Bisphenol AF,ATG_NRF2_ARE_CIS_up,4780,7.17563316230765,NFE2L2
DTXSID7037717,BPAF,Bisphenol AF,ATG_Oct_MLP_CIS_up,5451,9.4895333976195,POU2F1
DTXSID7037717,BPAF,Bisphenol AF,ATG_PPRE_CIS_up,5465,9.73379219879382,PPARA
DTXSID7037717,BPAF,Bisphenol AF,ATG_PXRE_CIS_up,8856,2.32623023962289,NR1I2
DTXSID7037717,BPAF,Bisphenol AF,ATG_PXR_TRANS_up,8856,4.60771915025359,NR1I2
DTXSID7037717,BPAF,Bisphenol AF,ATG_Pax6_CIS_up,5080,7.93416290489086,PAX6
DTXSID7037717,BPAF,Bisphenol AF,ATG_RXRb_TRANS_up,6257,2.88123958059037,RXRB
DTXSID7037717,BPAF,Bisphenol AF,ATG_Sp1_CIS_up,6667,16.3634160411944,SP1
DTXSID7037717,BPAF,Bisphenol AF,ATG_VDRE_CIS_up,7421,8.53158877962443,VDR
DTXSID7037717,BPAF,Bisphenol AF,ATG_Xbp1_CIS_up,7494,7.4638555052801,XBP1
DTXSID7037717,BPAF,Bisphenol AF,ATG_hERa_XSP1_up,2099,0.129861689995544,ESR1
DTXSID7037717,BPAF,Bisphenol AF,ATG_hERa_XSP2_up,2099,0.295616657858198,ESR1
DTXSID7037717,BPAF,Bisphenol AF,ATG_hERb_XSP1_up,2100,0.0403996563402947,ESR2
DTXSID7037717,BPAF,Bisphenol AF,ATG_hERb_XSP2_up,2100,0.0844220958149313,ESR2
DTXSID7037717,BPAF,Bisphenol AF,ATG_hTRb_XSP1_up,7068,57.2455222122692,THRB
DTXSID7037717,BPAF,Bisphenol AF,BSK_3C_Eselectin_down,6401,20.0000000016587,SELE
DTXSID7037717,BPAF,Bisphenol AF,BSK_3C_HLADR_down,3122,20.0000000016587,HLA-DRA
DTXSID7037717,BPAF,Bisphenol AF,BSK_3C_IL8_down,3576,20.0000000016587,CXCL8
DTXSID7037717,BPAF,Bisphenol AF,BSK_3C_MCP1_down,6347,20.0000000016587,CCL2
DTXSID7037717,BPAF,Bisphenol AF,BSK_3C_MIG_down,4283,39.9999999974246,CXCL9
DTXSID7037717,BPAF,Bisphenol AF,BSK_3C_Thrombomodulin_up,7056,39.9999999974246,THBD
DTXSID7037717,BPAF,Bisphenol AF,BSK_3C_TissueFactor_down,2152,39.9999999974246,F3
DTXSID7037717,BPAF,Bisphenol AF,BSK_3C_VCAM1_down,7412,20.0000000016587,VCAM1
DTXSID7037717,BPAF,Bisphenol AF,BSK_3C_uPAR_down,5329,20.0000000016587,PLAUR
DTXSID7037717,BPAF,Bisphenol AF,BSK_4H_Eotaxin3_down,10344,39.9999999974246,CCL26
DTXSID7037717,BPAF,Bisphenol AF,BSK_4H_MCP1_down,6347,20.0000000016587,CCL2
DTXSID7037717,BPAF,Bisphenol AF,BSK_4H_Pselectin_down,6403,20.0000000016587,SELP
DTXSID7037717,BPAF,Bisphenol AF,BSK_4H_VCAM1_down,7412,20.0000000016587,VCAM1
DTXSID7037717,BPAF,Bisphenol AF,BSK_4H_uPAR_down,5329,39.9999999974246,PLAUR
DTXSID7037717,BPAF,Bisphenol AF,BSK_BE3C_HLADR_down,3122,20.0000000016587,HLA-DRA
DTXSID7037717,BPAF,Bisphenol AF,BSK_BE3C_IL1a_down,3552,20.0000000016587,IL1A
DTXSID7037717,BPAF,Bisphenol AF,BSK_BE3C_IP10_down,3627,20.0000000016587,CXCL10
DTXSID7037717,BPAF,Bisphenol AF,BSK_BE3C_MMP1_down,4312,39.9999999974246,MMP1
DTXSID7037717,BPAF,Bisphenol AF,BSK_BE3C_PAI1_down,5054,20.0000000016587,SERPINE1
DTXSID7037717,BPAF,Bisphenol AF,BSK_BE3C_tPA_down,5327,39.9999999974246,PLAT
DTXSID7037717,BPAF,Bisphenol AF,BSK_CASM3C_LDLR_down,3949,39.9999999974246,LDLR
DTXSID7037717,BPAF,Bisphenol AF,BSK_CASM3C_SAA_down,6288,39.9999999974246,SAA1
DTXSID7037717,BPAF,Bisphenol AF,BSK_CASM3C_Thrombomodulin_up,7056,39.9999999974246,THBD
DTXSID7037717,BPAF,Bisphenol AF,BSK_CASM3C_VCAM1_down,7412,39.9999999974246,VCAM1
DTXSID7037717,BPAF,Bisphenol AF,BSK_KF3CT_IL1a_down,3552,20.0000000016587,IL1A
DTXSID7037717,BPAF,Bisphenol AF,BSK_KF3CT_IP10_down,3627,20.0000000016587,CXCL10
DTXSID7037717,BPAF,Bisphenol AF,BSK_KF3CT_MCP1_down,6347,20.0000000016587,CCL2
DTXSID7037717,BPAF,Bisphenol AF,BSK_KF3CT_MMP9_down,4318,4.99999999958532,MMP9
DTXSID7037717,BPAF,Bisphenol AF,BSK_KF3CT_TIMP2_down,7077,20.0000000016587,TIMP2
DTXSID7037717,BPAF,Bisphenol AF,BSK_KF3CT_uPA_down,5328,39.9999999974246,PLAU
DTXSID7037717,BPAF,Bisphenol AF,BSK_LPS_CD40_down,958,20.0000000016587,CD40
DTXSID7037717,BPAF,Bisphenol AF,BSK_LPS_Eselectin_down,6401,20.0000000016587,SELE
DTXSID7037717,BPAF,Bisphenol AF,BSK_LPS_IL1a_down,3552,20.0000000016587,IL1A
DTXSID7037717,BPAF,Bisphenol AF,BSK_LPS_IL8_down,3576,20.0000000016587,CXCL8
DTXSID7037717,BPAF,Bisphenol AF,BSK_LPS_MCP1_down,6347,20.0000000016587,CCL2
DTXSID7037717,BPAF,Bisphenol AF,BSK_LPS_MCSF_down,1435,20.0000000016587,CSF1
DTXSID7037717,BPAF,Bisphenol AF,BSK_LPS_PGE2_down,5732,20.0000000016587,PTGER2
DTXSID7037717,BPAF,Bisphenol AF,BSK_LPS_TNFa_down,7124,20.0000000016587,TNF
DTXSID7037717,BPAF,Bisphenol AF,BSK_LPS_VCAM1_down,7412,20.0000000016587,VCAM1
DTXSID7037717,BPAF,Bisphenol AF,BSK_SAg_CD38_down,952,20.0000000016587,CD38
DTXSID7037717,BPAF,Bisphenol AF,BSK_SAg_CD40_down,958,20.0000000016587,CD40
DTXSID7037717,BPAF,Bisphenol AF,BSK_SAg_CD69_down,969,20.0000000016587,CD69
DTXSID7037717,BPAF,Bisphenol AF,BSK_SAg_Eselectin_down,6401,20.0000000016587,SELE
DTXSID7037717,BPAF,Bisphenol AF,BSK_SAg_IL8_down,3576,20.0000000016587,CXCL8
DTXSID7037717,BPAF,Bisphenol AF,BSK_SAg_MCP1_down,6347,20.0000000016587,CCL2
DTXSID7037717,BPAF,Bisphenol AF,BSK_SAg_MIG_down,4283,20.0000000016587,CXCL9
DTXSID7037717,BPAF,Bisphenol AF,BSK_hDFCGF_CollagenIII_down,1281,10.0,COL3A1
DTXSID7037717,BPAF,Bisphenol AF,BSK_hDFCGF_IL8_down,3576,20.0000000016587,CXCL8
DTXSID7037717,BPAF,Bisphenol AF,BSK_hDFCGF_IP10_down,3627,20.0000000016587,CXCL10
DTXSID7037717,BPAF,Bisphenol AF,BSK_hDFCGF_MCSF_down,1435,20.0000000016587,CSF1
DTXSID7037717,BPAF,Bisphenol AF,BSK_hDFCGF_MIG_down,4283,20.0000000016587,CXCL9
DTXSID7037717,BPAF,Bisphenol AF,BSK_hDFCGF_MMP1_down,4312,20.0000000016587,MMP1
DTXSID7037717,BPAF,Bisphenol AF,BSK_hDFCGF_PAI1_down,5054,10.0,SERPINE1
DTXSID7037717,BPAF,Bisphenol AF,BSK_hDFCGF_TIMP1_down,7076,20.0000000016587,TIMP1
DTXSID7037717,BPAF,Bisphenol AF,CCTE_GLTED_hDIO2_dn,1734,126.166694841317,DIO2
DTXSID7037717,BPAF,Bisphenol AF,CCTE_GLTED_hDIO3_dn,1735,111.131365558899,DIO3
DTXSID7037717,BPAF,Bisphenol AF,CPHEA_Stoker_NIS_Inhibition_RAIU,6528,41.3153489628368,SLC5A5
DTXSID7037717,BPAF,Bisphenol AF,LTEA_HepaRG_ABCB11_dn,8647,81.8126601808511,ABCB11
DTXSID7037717,BPAF,Bisphenol AF,LTEA_HepaRG_ALPP_up,250,81.8202589222031,ALPP
DTXSID7037717,BPAF,Bisphenol AF,LTEA_HepaRG_BCL2L11_up,10018,58.7205907923559,BCL2L11
DTXSID7037717,BPAF,Bisphenol AF,LTEA_HepaRG_CAT_dn,847,86.9956137527008,CAT
DTXSID7037717,BPAF,Bisphenol AF,LTEA_HepaRG_CYP1A1_up,1543,64.6967416859734,CYP1A1
DTXSID7037717,BPAF,Bisphenol AF,LTEA_HepaRG_CYP2B6_dn,1555,88.7448056408537,CYP2B6
DTXSID7037717,BPAF,Bisphenol AF,LTEA_HepaRG_CYP2B6_up,1555,8.89937902524163,CYP2B6
DTXSID7037717,BPAF,Bisphenol AF,LTEA_HepaRG_CYP2C19_dn,1557,81.807500560925,CYP2C19
DTXSID7037717,BPAF,Bisphenol AF,LTEA_HepaRG_CYP2C19_up,1557,10.5463098055427,CYP2C19
DTXSID7037717,BPAF,Bisphenol AF,LTEA_HepaRG_CYP3A4_dn,1576,87.6365306290784,CYP3A4
DTXSID7037717,BPAF,Bisphenol AF,LTEA_HepaRG_CYP4A11_up,1579,40.4455504042996,CYP4A11
DTXSID7037717,BPAF,Bisphenol AF,LTEA_HepaRG_CYP7A1_dn,1581,78.2041890313636,CYP7A1
DTXSID7037717,BPAF,Bisphenol AF,LTEA_HepaRG_DDIT3_up,1649,87.7715933023984,DDIT3
DTXSID7037717,BPAF,Bisphenol AF,LTEA_HepaRG_EGF_up,1950,81.7990986356176,EGF
DTXSID7037717,BPAF,Bisphenol AF,LTEA_HepaRG_EGR1_up,1958,89.3148967480123,EGR1
DTXSID7037717,BPAF,Bisphenol AF,LTEA_HepaRG_FABP1_dn,2168,84.1940151898726,FABP1
DTXSID7037717,BPAF,Bisphenol AF,LTEA_HepaRG_FMO3_dn,2328,93.8466055228902,FMO3
DTXSID7037717,BPAF,Bisphenol AF,LTEA_HepaRG_FOXO1_dn,2308,87.7237566759722,FOXO1
DTXSID7037717,BPAF,Bisphenol AF,LTEA_HepaRG_GSTA2_dn,2939,86.3511828365071,GSTA2
DTXSID7037717,BPAF,Bisphenol AF,LTEA_HepaRG_HMGCS2_dn,3158,81.7902083120682,HMGCS2
DTXSID7037717,BPAF,Bisphenol AF,LTEA_HepaRG_HSPA1A_up,3303,39.4001428122792,HSPA1A
DTXSID7037717,BPAF,Bisphenol AF,LTEA_HepaRG_IGFBP1_up,3484,68.7871309355701,IGFBP1
DTXSID7037717,BPAF,Bisphenol AF,LTEA_HepaRG_IL6R_dn,3570,76.9931365857666,IL6R
DTXSID7037717,BPAF,Bisphenol AF,LTEA_HepaRG_IL6_up,3569,94.4136402310648,IL6
DTXSID7037717,BPAF,Bisphenol AF,LTEA_HepaRG_JUN_up,3725,81.7786410641972,JUN
DTXSID7037717,BPAF,Bisphenol AF,LTEA_HepaRG_LPL_dn,4023,86.1175662852923,LPL
DTXSID7037717,BPAF,Bisphenol AF,LTEA_HepaRG_MMP10_up,4319,81.8020192709928,MMP10
DTXSID7037717,BPAF,Bisphenol AF,LTEA_HepaRG_MMP3_up,4314,81.7483180819497,MMP3
DTXSID7037717,BPAF,Bisphenol AF,LTEA_HepaRG_MYC_up,4609,45.5385989090673,MYC
DTXSID7037717,BPAF,Bisphenol AF,LTEA_HepaRG_NQO1_up,1728,65.0849358156512,NQO1
DTXSID7037717,BPAF,Bisphenol AF,LTEA_HepaRG_SULT2A1_dn,6822,87.9412754118651,SULT2A1
DTXSID7037717,BPAF,Bisphenol AF,LTEA_HepaRG_TGFA_up,7039,68.317171565024,TGFA
DTXSID7037717,BPAF,Bisphenol AF,LTEA_HepaRG_TGFB1_up,7040,40.1848123449398,TGFB1
DTXSID7037717,BPAF,Bisphenol AF,LTEA_HepaRG_THRSP_dn,7069,3.91300827209782,THRSP
DTXSID7037717,BPAF,Bisphenol AF,LTEA_HepaRG_TNFRSF1A_dn,7132,59.4213630990703,TNFRSF1A
DTXSID7037717,BPAF,Bisphenol AF,LTEA_HepaRG_TP53_dn,7157,81.7972963402067,TP53
DTXSID7037717,BPAF,Bisphenol AF,LTEA_HepaRG_UGT1A1_dn,54658,81.8147776440047,UGT1A1
DTXSID7037717,BPAF,Bisphenol AF,LTEA_HepaRG_UGT1A1_up,54658,10.2082210466651,UGT1A1
DTXSID7037717,BPAF,Bisphenol AF,NVS_ADME_hCYP19A1,1588,7.45812011999249,CYP19A1
DTXSID7037717,BPAF,Bisphenol AF,NVS_ADME_hCYP2B6,1555,5.41699057050162,CYP2B6
DTXSID7037717,BPAF,Bisphenol AF,NVS_ADME_hCYP2C19,1557,0.128283593396184,CYP2C19
DTXSID7037717,BPAF,Bisphenol AF,NVS_ADME_hCYP2C9,1559,0.381647640990481,CYP2C9
DTXSID7037717,BPAF,Bisphenol AF,NVS_ADME_hCYP3A4,1576,8.23452103146441,CYP3A4
DTXSID7037717,BPAF,Bisphenol AF,NVS_ENZ_hAMPKa1,5562,21.3873701693234,PRKAA1
DTXSID7037717,BPAF,Bisphenol AF,NVS_ENZ_hSIRT3,23410,40.9889111921663,SIRT3
DTXSID7037717,BPAF,Bisphenol AF,NVS_GPCR_h5HT6,3362,0.338992791607789,HTR6
DTXSID7037717,BPAF,Bisphenol AF,NVS_GPCR_h5HT7,3363,9.37995508268299,HTR7
DTXSID7037717,BPAF,Bisphenol AF,NVS_GPCR_hAdoRA1,134,22.2192985549346,ADORA1
DTXSID7037717,BPAF,Bisphenol AF,NVS_GPCR_hAdoRA2a,135,28.8639786350697,ADORA2A
DTXSID7037717,BPAF,Bisphenol AF,NVS_GPCR_hAdra2C,152,14.5332650447352,ADRA2C
DTXSID7037717,BPAF,Bisphenol AF,NVS_GPCR_hAdrb1,153,20.0479401022898,ADRB1
DTXSID7037717,BPAF,Bisphenol AF,NVS_GPCR_hAdrb2,154,21.7310035926445,ADRB2
DTXSID7037717,BPAF,Bisphenol AF,NVS_GPCR_hDRD1,1812,3.12777725384829,DRD1
DTXSID7037717,BPAF,Bisphenol AF,NVS_GPCR_hDRD2s,1813,12.0386296734363,DRD2
DTXSID7037717,BPAF,Bisphenol AF,NVS_GPCR_hDRD4.4,1815,17.743645980899,DRD4
DTXSID7037717,BPAF,Bisphenol AF,NVS_GPCR_hM1,1128,26.3689743885742,CHRM1
DTXSID7037717,BPAF,Bisphenol AF,NVS_GPCR_hORL1,4987,23.2015037894413,OPRL1
DTXSID7037717,BPAF,Bisphenol AF,NVS_GPCR_hOpiate_D1,4985,14.6089489342171,OPRD1
DTXSID7037717,BPAF,Bisphenol AF,NVS_GPCR_hOpiate_mu,4988,5.93344785634163,OPRM1
DTXSID7037717,BPAF,Bisphenol AF,NVS_GPCR_p5HT2C,3358,1.4788959346243,HTR2C
DTXSID7037717,BPAF,Bisphenol AF,NVS_NR_hAR,367,3.40866182893239,AR
DTXSID7037717,BPAF,Bisphenol AF,NVS_NR_hCAR_Antagonist,9970,0.0020398207175211,NR1I3
DTXSID7037717,BPAF,Bisphenol AF,NVS_NR_hER,2099,0.0348028788322721,ESR1
DTXSID7037717,BPAF,Bisphenol AF,NVS_NR_hFXR_Antagonist,9971,40.8951592765528,NR1H4
DTXSID7037717,BPAF,Bisphenol AF,NVS_NR_hGR,2908,0.315358664527122,NR3C1
DTXSID7037717,BPAF,Bisphenol AF,NVS_NR_hPPARa,5465,20.5550336742893,PPARA
DTXSID7037717,BPAF,Bisphenol AF,NVS_NR_hPR,5241,3.01740354335866,PGR
DTXSID7037717,BPAF,Bisphenol AF,NVS_TR_hDAT,6531,23.1743639279252,SLC6A3
DTXSID7037717,BPAF,Bisphenol AF,NVS_TR_hNET,6530,19.1845844522825,SLC6A2
DTXSID7037717,BPAF,Bisphenol AF,OT_AR_ARSRC1_0480,367,45.1629918802277,AR
DTXSID7037717,BPAF,Bisphenol AF,OT_AR_ARSRC1_0960,367,33.6932024276831,AR
DTXSID7037717,BPAF,Bisphenol AF,OT_ER_ERaERa_0480,2099,1.05449885935,ESR1
DTXSID7037717,BPAF,Bisphenol AF,OT_ER_ERaERa_1440,2099,0.869826311372499,ESR1
DTXSID7037717,BPAF,Bisphenol AF,OT_ER_ERaERb_0480,2099,0.185708436526346,ESR1
DTXSID7037717,BPAF,Bisphenol AF,OT_ER_ERaERb_1440,2099,0.169783235021696,ESR1
DTXSID7037717,BPAF,Bisphenol AF,OT_ER_ERbERb_0480,2100,0.0772576345463962,ESR2
DTXSID7037717,BPAF,Bisphenol AF,OT_ER_ERbERb_1440,2100,0.10888562703018,ESR2
DTXSID7037717,BPAF,Bisphenol AF,OT_ERa_EREGFP_0120,2099,0.0997112168256356,ESR1
DTXSID7037717,BPAF,Bisphenol AF,OT_ERa_EREGFP_0480,2099,0.105247048203609,ESR1
DTXSID7037717,BPAF,Bisphenol AF,OT_FXR_FXRSRC1_1440,6714,16.7095394849994,SRC
DTXSID7037717,BPAF,Bisphenol AF,TOX21_AP1_BLA_Agonist_ratio,3725,21.1050735653066,JUN
DTXSID7037717,BPAF,Bisphenol AF,TOX21_ARE_BLA_agonist_ratio,4780,29.1074151944342,NFE2L2
DTXSID7037717,BPAF,Bisphenol AF,TOX21_AR_BLA_Antagonist_ratio,367,24.3645702128962,AR
DTXSID7037717,BPAF,Bisphenol AF,TOX21_AR_LUC_MDAKB2_Antagonist_0.5nM_R1881,367,16.9413333174355,AR
DTXSID7037717,BPAF,Bisphenol AF,TOX21_AR_LUC_MDAKB2_Antagonist_10nM_R1881,367,80.5248978004841,AR
DTXSID7037717,BPAF,Bisphenol AF,TOX21_AhR_LUC_Agonist,196,13.8476333114266,AHR
DTXSID7037717,BPAF,Bisphenol AF,TOX21_Aromatase_Inhibition,1588,60.422960378886,CYP19A1
DTXSID7037717,BPAF,Bisphenol AF,TOX21_CAR_Agonist,9970,11.0476912625792,NR1I3
DTXSID7037717,BPAF,Bisphenol AF,TOX21_CAR_Antagonist,9970,0.694494240424248,NR1I3
DTXSID7037717,BPAF,Bisphenol AF,TOX21_DT40_100,8438,46.9329212517352,RAD54L
DTXSID7037717,BPAF,Bisphenol AF,TOX21_DT40_657,5980,37.6844522839593,REV3L
DTXSID7037717,BPAF,Bisphenol AF,TOX21_ERR_Antagonist,2101,52.247488264836,ESRRA
DTXSID7037717,BPAF,Bisphenol AF,TOX21_ERa_BLA_Agonist_ratio,2099,0.403255496989768,ESR1
DTXSID7037717,BPAF,Bisphenol AF,TOX21_ERa_BLA_Antagonist_ratio,2099,46.3459885071313,ESR1
DTXSID7037717,BPAF,Bisphenol AF,TOX21_ERa_LUC_VM7_Agonist,2099,0.0560890244188937,ESR1
DTXSID7037717,BPAF,Bisphenol AF,TOX21_ERa_LUC_VM7_Agonist_10nM_ICI182780,2099,5.90615334468132,ESR1
DTXSID7037717,BPAF,Bisphenol AF,TOX21_ERa_LUC_VM7_Antagonist_0.1nM_E2,2099,46.8631203353557,ESR1
DTXSID7037717,BPAF,Bisphenol AF,TOX21_ERa_LUC_VM7_Antagonist_0.5nM_E2,2099,52.7509851131188,ESR1
DTXSID7037717,BPAF,Bisphenol AF,TOX21_ERb_BLA_Antagonist_ratio,2100,0.301396678067432,ESR2
DTXSID7037717,BPAF,Bisphenol AF,TOX21_FXR_BLA_antagonist_ratio,9971,36.2012851988925,NR1H4
DTXSID7037717,BPAF,Bisphenol AF,TOX21_GR_BLA_Agonist_ratio,2908,79.560525977805,NR3C1
DTXSID7037717,BPAF,Bisphenol AF,TOX21_GR_BLA_Antagonist_ratio,2908,27.5030096305396,NR3C1
DTXSID7037717,BPAF,Bisphenol AF,TOX21_H2AX_HTRF_CHO_Agonist_ratio,3014,72.9899001941798,H2AX
DTXSID7037717,BPAF,Bisphenol AF,TOX21_HRE_BLA_Agonist_ratio,3091,62.3704411566333,HIF1A
DTXSID7037717,BPAF,Bisphenol AF,TOX21_HSE_BLA_agonist_ratio,3297,40.6562367964593,HSF1
DTXSID7037717,BPAF,Bisphenol AF,TOX21_PGC_ERR_Antagonist,2101,45.4680228209165,ESRRA
DTXSID7037717,BPAF,Bisphenol AF,TOX21_PPARd_BLA_antagonist_ratio,5467,29.8372935803831,PPARD
DTXSID7037717,BPAF,Bisphenol AF,TOX21_PPARg_BLA_antagonist_ratio,5468,10.4590549835025,PPARG
DTXSID7037717,BPAF,Bisphenol AF,TOX21_PR_BLA_Antagonist_ratio,5241,11.4168199308671,PGR
DTXSID7037717,BPAF,Bisphenol AF,TOX21_PR_BLA_Followup_Antagonist_ratio,5241,50.8261365609739,PGR
DTXSID7037717,BPAF,Bisphenol AF,TOX21_PR_LUC_Followup_Antagonist,5241,51.4756440968466,PGR
DTXSID7037717,BPAF,Bisphenol AF,TOX21_PXR_Agonist,8856,25.7101236713577,NR1I2
DTXSID7037717,BPAF,Bisphenol AF,TOX21_RAR_LUC_Antagonist,5914,83.0732765482453,RARA
DTXSID7037717,BPAF,Bisphenol AF,TOX21_RORg_LUC_CHO_Antagonist,6097,40.5847838027465,RORC
DTXSID7037717,BPAF,Bisphenol AF,TOX21_SBE_BLA_Antagonist_ratio,4086,46.7805784141043,SMAD1
DTXSID7037717,BPAF,Bisphenol AF,TOX21_SHH_3T3_GLI3_Antagonist,6469,28.177220872865,SHH
DTXSID7037717,BPAF,Bisphenol AF,TOX21_TRHR_HEK293_Agonist,7201,54.2598441865152,TRHR
DTXSID7037717,BPAF,Bisphenol AF,TOX21_TRHR_HEK293_Antagonist,7201,49.4474141819651,TRHR
DTXSID7037717,BPAF,Bisphenol AF,TOX21_TR_LUC_GH3_Antagonist,7067,24.107142202761,THRA
DTXSID7037717,BPAF,Bisphenol AF,TOX21_TSHR_HTRF_Agonist_ratio,7253,41.9684863907442,TSHR
DTXSID7037717,BPAF,Bisphenol AF,TOX21_VDR_BLA_antagonist_ratio,1591,34.9035675445195,CYP24A1
DTXSID7037717,BPAF,Bisphenol AF,TOX21_p53_BLA_p1_ratio,7157,57.1480368764953,TP53
DTXSID7037717,BPAF,Bisphenol AF,TOX21_p53_BLA_p2_ratio,7157,58.7590322594389,TP53
DTXSID7037717,BPAF,Bisphenol AF,TOX21_p53_BLA_p3_ratio,7157,54.3885058839211,TP53
DTXSID7037717,BPAF,Bisphenol AF,TOX21_p53_BLA_p4_ratio,7157,63.2648488533589,TP53
DTXSID7037717,BPAF,Bisphenol AF,TOX21_p53_BLA_p5_ratio,7157,30.9164241315497,TP53
DTXSID7037717,BPAF,Bisphenol AF,UPITT_HCI_U2OS_AR_TIF2_Nucleoli_Agonist,367,23.9865297842503,AR
DTXSID7037717,BPAF,Bisphenol AF,UPITT_HCI_U2OS_AR_TIF2_Nucleoli_Antagonist,367,17.3540087903649,AR
DTXSID7037717,BPAF,Bisphenol AF,UPITT_HCI_U2OS_AR_TIF2_Nucleoli_Cytoplasm_Ratio_Agonist,367,27.8483806602797,AR
DTXSID7037717,BPAF,Bisphenol AF,UPITT_HCI_U2OS_AR_TIF2_Nucleoli_Cytoplasm_Ratio_Antagonist,367,6.86125488983533,AR
DTXSID7044841,BisGMA,Bisphenol A glycidyl methacrylate,ATG_AP_1_CIS_up,2353,54.5958638800799,FOS
DTXSID7044841,BisGMA,Bisphenol A glycidyl methacrylate,ATG_BRE_CIS_up,4086,27.9797898449449,SMAD1
DTXSID7044841,BisGMA,Bisphenol A glycidyl methacrylate,ATG_EGR_CIS_up,1958,48.6266844781533,EGR1
DTXSID7044841,BisGMA,Bisphenol A glycidyl methacrylate,ATG_GATA_CIS_up,2623,163.620836488361,GATA1
DTXSID7044841,BisGMA,Bisphenol A glycidyl methacrylate,ATG_HIF1a_CIS_up,3091,33.8455935796021,HIF1A
DTXSID7044841,BisGMA,Bisphenol A glycidyl methacrylate,ATG_HSE_CIS_up,3297,46.9793901711906,HSF1
DTXSID7044841,BisGMA,Bisphenol A glycidyl methacrylate,ATG_MRE_CIS_up,4520,58.3612993074036,MTF1
DTXSID7044841,BisGMA,Bisphenol A glycidyl methacrylate,ATG_Myb_CIS_up,4602,163.393957660066,MYB
DTXSID7044841,BisGMA,Bisphenol A glycidyl methacrylate,ATG_NRF2_ARE_CIS_up,4780,14.3617364998173,NFE2L2
DTXSID7044841,BisGMA,Bisphenol A glycidyl methacrylate,ATG_NURR1_TRANS_up,4929,23.1500879662757,NR4A2
DTXSID7044841,BisGMA,Bisphenol A glycidyl methacrylate,ATG_Oct_MLP_CIS_up,5451,16.4715941996264,POU2F1
DTXSID7044841,BisGMA,Bisphenol A glycidyl methacrylate,ATG_PPARg_TRANS_up,5468,8.06507048545993,PPARG
DTXSID7044841,BisGMA,Bisphenol A glycidyl methacrylate,ATG_PPRE_CIS_up,5465,13.3187106793983,PPARA
DTXSID7044841,BisGMA,Bisphenol A glycidyl methacrylate,ATG_PXRE_CIS_up,8856,1.8657719598414,NR1I2
DTXSID7044841,BisGMA,Bisphenol A glycidyl methacrylate,ATG_PXR_TRANS_up,8856,6.36552868875277,NR1I2
DTXSID7044841,BisGMA,Bisphenol A glycidyl methacrylate,ATG_Pax6_CIS_up,5080,46.4040445432249,PAX6
DTXSID7044841,BisGMA,Bisphenol A glycidyl methacrylate,ATG_RORE_CIS_up,6095,12.1948031788707,RORA
DTXSID7044841,BisGMA,Bisphenol A glycidyl methacrylate,ATG_SREBP_CIS_up,6720,57.1444413810311,SREBF1
DTXSID7044841,BisGMA,Bisphenol A glycidyl methacrylate,ATG_Sox_CIS_up,6656,70.1870943039395,SOX1
DTXSID7044841,BisGMA,Bisphenol A glycidyl methacrylate,ATG_THRa1_TRANS_up,7067,21.9043611492028,THRA
DTXSID7044841,BisGMA,Bisphenol A glycidyl methacrylate,ATG_VDRE_CIS_up,7421,8.78486052494272,VDR
DTXSID7044841,BisGMA,Bisphenol A glycidyl methacrylate,ATG_Xbp1_CIS_up,7494,17.0306046142904,XBP1
DTXSID7044841,BisGMA,Bisphenol A glycidyl methacrylate,TOX21_AR_BLA_Antagonist_ratio,367,15.8310844674373,AR
DTXSID7044841,BisGMA,Bisphenol A glycidyl methacrylate,TOX21_AR_LUC_MDAKB2_Antagonist_0.5nM_R1881,367,14.7054726477039,AR
DTXSID7044841,BisGMA,Bisphenol A glycidyl methacrylate,TOX21_AR_LUC_MDAKB2_Antagonist_10nM_R1881,367,10.8658384378234,AR
DTXSID7044841,BisGMA,Bisphenol A glycidyl methacrylate,TOX21_Aromatase_Inhibition,1588,16.5495941718796,CYP19A1
DTXSID7044841,BisGMA,Bisphenol A glycidyl methacrylate,TOX21_CAR_Antagonist,9970,76.4695275138734,NR1I3
DTXSID7044841,BisGMA,Bisphenol A glycidyl methacrylate,TOX21_DT40_100,8438,4.75607989934717,RAD54L
DTXSID7044841,BisGMA,Bisphenol A glycidyl methacrylate,TOX21_DT40_657,5980,5.19475031874502,REV3L
DTXSID7044841,BisGMA,Bisphenol A glycidyl methacrylate,TOX21_ERR_Antagonist,2101,30.5930333191578,ESRRA
DTXSID7044841,BisGMA,Bisphenol A glycidyl methacrylate,TOX21_ERa_LUC_VM7_Antagonist_0.1nM_E2,2099,23.7364443911874,ESR1
DTXSID7044841,BisGMA,Bisphenol A glycidyl methacrylate,TOX21_ERa_LUC_VM7_Antagonist_0.5nM_E2,2099,49.5716652604106,ESR1
DTXSID7044841,BisGMA,Bisphenol A glycidyl methacrylate,TOX21_FXR_BLA_antagonist_ratio,9971,25.2129521384369,NR1H4
DTXSID7044841,BisGMA,Bisphenol A glycidyl methacrylate,TOX21_HSE_BLA_agonist_ratio,3297,39.7514211867354,HSF1
DTXSID7044841,BisGMA,Bisphenol A glycidyl methacrylate,TOX21_PGC_ERR_Antagonist,2101,34.2646466604541,ESRRA
DTXSID7044841,BisGMA,Bisphenol A glycidyl methacrylate,TOX21_PPARd_BLA_antagonist_ratio,5467,2.73585922447103,PPARD
DTXSID7044841,BisGMA,Bisphenol A glycidyl methacrylate,TOX21_PPARg_BLA_Agonist_ratio,5468,67.2873302185493,PPARG
DTXSID7044841,BisGMA,Bisphenol A glycidyl methacrylate,TOX21_PR_BLA_Antagonist_ratio,5241,26.4564116446865,PGR
DTXSID7044841,BisGMA,Bisphenol A glycidyl methacrylate,TOX21_RORg_LUC_CHO_Antagonist,6097,15.3190204032351,RORC
DTXSID7044841,BisGMA,Bisphenol A glycidyl methacrylate,TOX21_SBE_BLA_Antagonist_ratio,4086,33.313424224331,SMAD1
DTXSID7044841,BisGMA,Bisphenol A glycidyl methacrylate,TOX21_SHH_3T3_GLI3_Antagonist,6469,29.0949894465205,SHH
DTXSID7044841,BisGMA,Bisphenol A glycidyl methacrylate,TOX21_TR_LUC_GH3_Antagonist,7067,66.7098756177048,THRA
DTXSID7044841,BisGMA,Bisphenol A glycidyl methacrylate,TOX21_VDR_BLA_antagonist_ratio,1591,69.2435056090254,CYP24A1
DTXSID7044841,BisGMA,Bisphenol A glycidyl methacrylate,TOX21_p53_BLA_p3_ratio,7157,73.67217015164,TP53
DTXSID8047890,"3,3-diMe-BPA","3,3'-Dimethylbisphenol A",ATG_CRE_CIS_up,10488,21.687216086507,CREB3
DTXSID8047890,"3,3-diMe-BPA","3,3'-Dimethylbisphenol A",ATG_DR5_CIS_up,5914,20.7815094052915,RARA
DTXSID8047890,"3,3-diMe-BPA","3,3'-Dimethylbisphenol A",ATG_EGR_CIS_up,1958,30.104212387285,EGR1
DTXSID8047890,"3,3-diMe-BPA","3,3'-Dimethylbisphenol A",ATG_ERE_CIS_up,2099,0.28636547785595,ESR1
DTXSID8047890,"3,3-diMe-BPA","3,3'-Dimethylbisphenol A",ATG_ERa_TRANS_up,2099,0.298499242665024,ESR1
DTXSID8047890,"3,3-diMe-BPA","3,3'-Dimethylbisphenol A",ATG_FXR_TRANS_up,9971,5.42531983341042,NR1H4
DTXSID8047890,"3,3-diMe-BPA","3,3'-Dimethylbisphenol A",ATG_GLI_CIS_up,2735,41.2049310259921,GLI1
DTXSID8047890,"3,3-diMe-BPA","3,3'-Dimethylbisphenol A",ATG_HIF1a_CIS_up,3091,27.4561438210302,HIF1A
DTXSID8047890,"3,3-diMe-BPA","3,3'-Dimethylbisphenol A",ATG_HSE_CIS_up,3297,36.8377260874263,HSF1
DTXSID8047890,"3,3-diMe-BPA","3,3'-Dimethylbisphenol A",ATG_MRE_CIS_up,4520,48.4459193440899,MTF1
DTXSID8047890,"3,3-diMe-BPA","3,3'-Dimethylbisphenol A",ATG_NURR1_TRANS_up,4929,36.7507320616815,NR4A2
DTXSID8047890,"3,3-diMe-BPA","3,3'-Dimethylbisphenol A",ATG_Oct_MLP_CIS_up,5451,33.5128091806654,POU2F1
DTXSID8047890,"3,3-diMe-BPA","3,3'-Dimethylbisphenol A",ATG_PBREM_CIS_up,9970,19.2872903819788,NR1I3
DTXSID8047890,"3,3-diMe-BPA","3,3'-Dimethylbisphenol A",ATG_PPARg_TRANS_up,5468,5.3626767207972,PPARG
DTXSID8047890,"3,3-diMe-BPA","3,3'-Dimethylbisphenol A",ATG_PXRE_CIS_up,8856,1.93685583810853,NR1I2
DTXSID8047890,"3,3-diMe-BPA","3,3'-Dimethylbisphenol A",ATG_PXR_TRANS_up,8856,4.36109486605267,NR1I2
DTXSID8047890,"3,3-diMe-BPA","3,3'-Dimethylbisphenol A",ATG_Pax6_CIS_up,5080,46.901833347504,PAX6
DTXSID8047890,"3,3-diMe-BPA","3,3'-Dimethylbisphenol A",ATG_SREBP_CIS_up,6720,33.2346885917386,SREBF1
DTXSID8047890,"3,3-diMe-BPA","3,3'-Dimethylbisphenol A",ATG_Sox_CIS_up,6656,33.108290915753,SOX1
DTXSID8047890,"3,3-diMe-BPA","3,3'-Dimethylbisphenol A",ATG_VDRE_CIS_up,7421,10.4876766265429,VDR
DTXSID8047890,"3,3-diMe-BPA","3,3'-Dimethylbisphenol A",ATG_Xbp1_CIS_up,7494,34.3357912634173,XBP1
DTXSID8047890,"3,3-diMe-BPA","3,3'-Dimethylbisphenol A",BSK_3C_Eselectin_down,6401,20.0000000016587,SELE
DTXSID8047890,"3,3-diMe-BPA","3,3'-Dimethylbisphenol A",BSK_3C_HLADR_down,3122,20.0000000016587,HLA-DRA
DTXSID8047890,"3,3-diMe-BPA","3,3'-Dimethylbisphenol A",BSK_3C_IL8_down,3576,20.0000000016587,CXCL8
DTXSID8047890,"3,3-diMe-BPA","3,3'-Dimethylbisphenol A",BSK_3C_MCP1_down,6347,20.0000000016587,CCL2
DTXSID8047890,"3,3-diMe-BPA","3,3'-Dimethylbisphenol A",BSK_3C_TissueFactor_down,2152,20.0000000016587,F3
DTXSID8047890,"3,3-diMe-BPA","3,3'-Dimethylbisphenol A",BSK_3C_VCAM1_down,7412,20.0000000016587,VCAM1
DTXSID8047890,"3,3-diMe-BPA","3,3'-Dimethylbisphenol A",BSK_3C_uPAR_down,5329,20.0000000016587,PLAUR
DTXSID8047890,"3,3-diMe-BPA","3,3'-Dimethylbisphenol A",BSK_4H_MCP1_down,6347,20.0000000016587,CCL2
DTXSID8047890,"3,3-diMe-BPA","3,3'-Dimethylbisphenol A",BSK_4H_Pselectin_down,6403,20.0000000016587,SELP
DTXSID8047890,"3,3-diMe-BPA","3,3'-Dimethylbisphenol A",BSK_4H_VCAM1_down,7412,20.0000000016587,VCAM1
DTXSID8047890,"3,3-diMe-BPA","3,3'-Dimethylbisphenol A",BSK_4H_uPAR_down,5329,0.080000000001484,PLAUR
DTXSID8047890,"3,3-diMe-BPA","3,3'-Dimethylbisphenol A",BSK_BE3C_HLADR_down,3122,20.0000000016587,HLA-DRA
DTXSID8047890,"3,3-diMe-BPA","3,3'-Dimethylbisphenol A",BSK_BE3C_IL1a_down,3552,20.0000000016587,IL1A
DTXSID8047890,"3,3-diMe-BPA","3,3'-Dimethylbisphenol A",BSK_BE3C_IP10_down,3627,20.0000000016587,CXCL10
DTXSID8047890,"3,3-diMe-BPA","3,3'-Dimethylbisphenol A",BSK_BE3C_PAI1_down,5054,20.0000000016587,SERPINE1
DTXSID8047890,"3,3-diMe-BPA","3,3'-Dimethylbisphenol A",BSK_BE3C_tPA_down,5327,20.0000000016587,PLAT
DTXSID8047890,"3,3-diMe-BPA","3,3'-Dimethylbisphenol A",BSK_BE3C_uPAR_down,5329,20.0000000016587,PLAUR
DTXSID8047890,"3,3-diMe-BPA","3,3'-Dimethylbisphenol A",BSK_BE3C_uPA_down,5328,20.0000000016587,PLAU
DTXSID8047890,"3,3-diMe-BPA","3,3'-Dimethylbisphenol A",BSK_CASM3C_HLADR_down,3122,20.0000000016587,HLA-DRA
DTXSID8047890,"3,3-diMe-BPA","3,3'-Dimethylbisphenol A",BSK_CASM3C_IL6_down,3569,20.0000000016587,IL6
DTXSID8047890,"3,3-diMe-BPA","3,3'-Dimethylbisphenol A",BSK_CASM3C_LDLR_down,3949,20.0000000016587,LDLR
DTXSID8047890,"3,3-diMe-BPA","3,3'-Dimethylbisphenol A",BSK_CASM3C_MCSF_down,1435,20.0000000016587,CSF1
DTXSID8047890,"3,3-diMe-BPA","3,3'-Dimethylbisphenol A",BSK_CASM3C_SAA_down,6288,20.0000000016587,SAA1
DTXSID8047890,"3,3-diMe-BPA","3,3'-Dimethylbisphenol A",BSK_CASM3C_Thrombomodulin_up,7056,20.0000000016587,THBD
DTXSID8047890,"3,3-diMe-BPA","3,3'-Dimethylbisphenol A",BSK_CASM3C_TissueFactor_down,2152,6.99999999977021,F3
DTXSID8047890,"3,3-diMe-BPA","3,3'-Dimethylbisphenol A",BSK_CASM3C_VCAM1_down,7412,20.0000000016587,VCAM1
DTXSID8047890,"3,3-diMe-BPA","3,3'-Dimethylbisphenol A",BSK_CASM3C_uPAR_down,5329,20.0000000016587,PLAUR
DTXSID8047890,"3,3-diMe-BPA","3,3'-Dimethylbisphenol A",BSK_KF3CT_MMP9_down,4318,20.0000000016587,MMP9
DTXSID8047890,"3,3-diMe-BPA","3,3'-Dimethylbisphenol A",BSK_KF3CT_TIMP2_down,7077,20.0000000016587,TIMP2
DTXSID8047890,"3,3-diMe-BPA","3,3'-Dimethylbisphenol A",BSK_LPS_CD40_down,958,20.0000000016587,CD40
DTXSID8047890,"3,3-diMe-BPA","3,3'-Dimethylbisphenol A",BSK_LPS_MCSF_down,1435,20.0000000016587,CSF1
DTXSID8047890,"3,3-diMe-BPA","3,3'-Dimethylbisphenol A",BSK_LPS_PGE2_down,5732,6.99999999977021,PTGER2
DTXSID8047890,"3,3-diMe-BPA","3,3'-Dimethylbisphenol A",BSK_MyoF_ACTA1_down,58,20.0000000016587,ACTA1
DTXSID8047890,"3,3-diMe-BPA","3,3'-Dimethylbisphenol A",BSK_MyoF_CollagenIII_down,1281,20.0000000016587,COL3A1
DTXSID8047890,"3,3-diMe-BPA","3,3'-Dimethylbisphenol A",BSK_MyoF_CollagenI_down,1277,20.0000000016587,COL1A1
DTXSID8047890,"3,3-diMe-BPA","3,3'-Dimethylbisphenol A",BSK_MyoF_MMP1_up,4312,20.0000000016587,MMP1
DTXSID8047890,"3,3-diMe-BPA","3,3'-Dimethylbisphenol A",BSK_MyoF_VCAM1_down,7412,20.0000000016587,VCAM1
DTXSID8047890,"3,3-diMe-BPA","3,3'-Dimethylbisphenol A",BSK_SAg_CD38_down,952,20.0000000016587,CD38
DTXSID8047890,"3,3-diMe-BPA","3,3'-Dimethylbisphenol A",BSK_SAg_CD40_down,958,20.0000000016587,CD40
DTXSID8047890,"3,3-diMe-BPA","3,3'-Dimethylbisphenol A",BSK_SAg_CD69_down,969,20.0000000016587,CD69
DTXSID8047890,"3,3-diMe-BPA","3,3'-Dimethylbisphenol A",BSK_SAg_Eselectin_down,6401,20.0000000016587,SELE
DTXSID8047890,"3,3-diMe-BPA","3,3'-Dimethylbisphenol A",BSK_SAg_MCP1_down,6347,20.0000000016587,CCL2
DTXSID8047890,"3,3-diMe-BPA","3,3'-Dimethylbisphenol A",BSK_hDFCGF_CollagenIII_down,1281,20.0000000016587,COL3A1
DTXSID8047890,"3,3-diMe-BPA","3,3'-Dimethylbisphenol A",BSK_hDFCGF_MCSF_down,1435,20.0000000016587,CSF1
DTXSID8047890,"3,3-diMe-BPA","3,3'-Dimethylbisphenol A",CEETOX_H295R_11DCORT_dn,2908,7.07170504634836,NR3C1
DTXSID8047890,"3,3-diMe-BPA","3,3'-Dimethylbisphenol A",CEETOX_H295R_ANDR_dn,367,4.42571979058004,AR
DTXSID8047890,"3,3-diMe-BPA","3,3'-Dimethylbisphenol A",CEETOX_H295R_CORTIC_dn,2908,2.40947085979549,NR3C1
DTXSID8047890,"3,3-diMe-BPA","3,3'-Dimethylbisphenol A",CEETOX_H295R_CORTISOL_dn,2908,6.74801391544212,NR3C1
DTXSID8047890,"3,3-diMe-BPA","3,3'-Dimethylbisphenol A",CEETOX_H295R_DOC_dn,2908,2.92355193364668,NR3C1
DTXSID8047890,"3,3-diMe-BPA","3,3'-Dimethylbisphenol A",CEETOX_H295R_OHPREG_dn,5241,0.633285449353635,PGR
DTXSID8047890,"3,3-diMe-BPA","3,3'-Dimethylbisphenol A",CEETOX_H295R_PROG_dn,5241,1.47539254810997,PGR
DTXSID8047890,"3,3-diMe-BPA","3,3'-Dimethylbisphenol A",CEETOX_H295R_TESTO_dn,367,6.01969285283458,AR
DTXSID8047890,"3,3-diMe-BPA","3,3'-Dimethylbisphenol A",NVS_ADME_hCYP2C19,1557,1.1331947815678,CYP2C19
DTXSID8047890,"3,3-diMe-BPA","3,3'-Dimethylbisphenol A",NVS_ADME_hCYP2C9,1559,1.03405237182291,CYP2C9
DTXSID8047890,"3,3-diMe-BPA","3,3'-Dimethylbisphenol A",NVS_ENZ_hDUSP3,1845,8.58328863437703,DUSP3
DTXSID8047890,"3,3-diMe-BPA","3,3'-Dimethylbisphenol A",NVS_ENZ_hPI3Ka,5290,5.25720957608085,PIK3CA
DTXSID8047890,"3,3-diMe-BPA","3,3'-Dimethylbisphenol A",NVS_GPCR_hAdoRA1,134,8.05588057755099,ADORA1
DTXSID8047890,"3,3-diMe-BPA","3,3'-Dimethylbisphenol A",NVS_NR_hAR,367,4.14403287452723,AR
DTXSID8047890,"3,3-diMe-BPA","3,3'-Dimethylbisphenol A",NVS_NR_hGR,2908,2.03216671665179,NR3C1
DTXSID8047890,"3,3-diMe-BPA","3,3'-Dimethylbisphenol A",NVS_NR_hPR,5241,16.3614329150188,PGR
DTXSID8047890,"3,3-diMe-BPA","3,3'-Dimethylbisphenol A",NVS_TR_hDAT,6531,1.78872801767995,SLC6A3
DTXSID8047890,"3,3-diMe-BPA","3,3'-Dimethylbisphenol A",NVS_TR_hNET,6530,8.28219100424758,SLC6A2
DTXSID8047890,"3,3-diMe-BPA","3,3'-Dimethylbisphenol A",TOX21_ARE_BLA_agonist_ratio,4780,27.0501097747536,NFE2L2
DTXSID8047890,"3,3-diMe-BPA","3,3'-Dimethylbisphenol A",TOX21_AR_BLA_Antagonist_ratio,367,18.9508995969139,AR
DTXSID8047890,"3,3-diMe-BPA","3,3'-Dimethylbisphenol A",TOX21_AR_LUC_MDAKB2_Antagonist_0.5nM_R1881,367,13.170046701812,AR
DTXSID8047890,"3,3-diMe-BPA","3,3'-Dimethylbisphenol A",TOX21_Aromatase_Inhibition,1588,63.8312789174465,CYP19A1
DTXSID8047890,"3,3-diMe-BPA","3,3'-Dimethylbisphenol A",TOX21_CAR_Agonist,9970,39.4811181333112,NR1I3
DTXSID8047890,"3,3-diMe-BPA","3,3'-Dimethylbisphenol A",TOX21_DT40_657,5980,27.3506336518879,REV3L
DTXSID8047890,"3,3-diMe-BPA","3,3'-Dimethylbisphenol A",TOX21_ERR_Antagonist,2101,40.5617920685989,ESRRA
DTXSID8047890,"3,3-diMe-BPA","3,3'-Dimethylbisphenol A",TOX21_ERa_BLA_Agonist_ratio,2099,10.3491025613734,ESR1
DTXSID8047890,"3,3-diMe-BPA","3,3'-Dimethylbisphenol A",TOX21_ERa_BLA_Antagonist_ratio,2099,37.9841110433763,ESR1
DTXSID8047890,"3,3-diMe-BPA","3,3'-Dimethylbisphenol A",TOX21_ERa_LUC_VM7_Agonist,2099,0.518306131473649,ESR1
DTXSID8047890,"3,3-diMe-BPA","3,3'-Dimethylbisphenol A",TOX21_ERa_LUC_VM7_Agonist_10nM_ICI182780,2099,9.40725321098775,ESR1
DTXSID8047890,"3,3-diMe-BPA","3,3'-Dimethylbisphenol A",TOX21_ERa_LUC_VM7_Antagonist_0.1nM_E2,2099,49.176954564262,ESR1
DTXSID8047890,"3,3-diMe-BPA","3,3'-Dimethylbisphenol A",TOX21_ERb_BLA_Antagonist_ratio,2100,9.04186097572556,ESR2
DTXSID8047890,"3,3-diMe-BPA","3,3'-Dimethylbisphenol A",TOX21_FXR_BLA_antagonist_ratio,9971,48.5971834209932,NR1H4
DTXSID8047890,"3,3-diMe-BPA","3,3'-Dimethylbisphenol A",TOX21_GR_BLA_Antagonist_ratio,2908,13.6762007913679,NR3C1
DTXSID8047890,"3,3-diMe-BPA","3,3'-Dimethylbisphenol A",TOX21_PGC_ERR_Antagonist,2101,18.3574926247895,ESRRA
DTXSID8047890,"3,3-diMe-BPA","3,3'-Dimethylbisphenol A",TOX21_PPARd_BLA_antagonist_ratio,5467,36.132175840593,PPARD
DTXSID8047890,"3,3-diMe-BPA","3,3'-Dimethylbisphenol A",TOX21_PPARg_BLA_antagonist_ratio,5468,7.56599067684841,PPARG
DTXSID8047890,"3,3-diMe-BPA","3,3'-Dimethylbisphenol A",TOX21_PR_BLA_Antagonist_ratio,5241,4.16378503439046,PGR
DTXSID8047890,"3,3-diMe-BPA","3,3'-Dimethylbisphenol A",TOX21_PXR_Agonist,8856,43.2140506180416,NR1I2
DTXSID8047890,"3,3-diMe-BPA","3,3'-Dimethylbisphenol A",TOX21_RAR_LUC_Antagonist,5914,56.7617451954606,RARA
DTXSID8047890,"3,3-diMe-BPA","3,3'-Dimethylbisphenol A",TOX21_RORg_LUC_CHO_Antagonist,6097,36.1561981225401,RORC
DTXSID8047890,"3,3-diMe-BPA","3,3'-Dimethylbisphenol A",TOX21_SBE_BLA_Antagonist_ratio,4086,33.214701209574,SMAD1
DTXSID8047890,"3,3-diMe-BPA","3,3'-Dimethylbisphenol A",TOX21_SHH_3T3_GLI3_Antagonist,6469,24.3497848541842,SHH
DTXSID8047890,"3,3-diMe-BPA","3,3'-Dimethylbisphenol A",TOX21_TRHR_HEK293_Antagonist,7201,23.0528005325407,TRHR
DTXSID8047890,"3,3-diMe-BPA","3,3'-Dimethylbisphenol A",TOX21_TR_LUC_GH3_Antagonist,7067,33.0979537609769,THRA
DTXSID8047890,"3,3-diMe-BPA","3,3'-Dimethylbisphenol A",TOX21_TSHR_HTRF_Agonist_ratio,7253,35.6245296522573,TSHR
DTXSID8047890,"3,3-diMe-BPA","3,3'-Dimethylbisphenol A",TOX21_VDR_BLA_antagonist_ratio,1591,53.7236253843925,CYP24A1
DTXSID8047890,"3,3-diMe-BPA","3,3'-Dimethylbisphenol A",TOX21_p53_BLA_p1_ratio,7157,13.7541222361078,TP53
DTXSID8047890,"3,3-diMe-BPA","3,3'-Dimethylbisphenol A",TOX21_p53_BLA_p2_ratio,7157,32.7886147780367,TP53
DTXSID8047890,"3,3-diMe-BPA","3,3'-Dimethylbisphenol A",TOX21_p53_BLA_p4_ratio,7157,43.074359086639,TP53
DTXSID8047890,"3,3-diMe-BPA","3,3'-Dimethylbisphenol A",TOX21_p53_BLA_p5_ratio,7157,32.815173817676,TP53
