hEntrez,humanSymbol,n_assays,n_studies,n_tissues,tissues,studies,organisms,n_up,n_down,max_abs_log2fc,min_adj_p,mean_log2fc,ambiguous,consistent_direction,net_direction
1628,DBP,11,11,5,extensor digitorum longus; gastrocnemius; quadriceps femoris; soleus; tibialis anterior,OSD-101; OSD-103; OSD-104; OSD-105; OSD-419; OSD-422; OSD-576; OSD-665; OSD-666; OSD-770; OSD-99,Mus musculus; Rattus norvegicus,0,11,-2.2107,1.38511e-16,-1.7932545454545454,False,consistent,down
121952,METTL21EP,10,10,5,extensor digitorum longus; gastrocnemius; quadriceps femoris; soleus; tibialis anterior,OSD-101; OSD-103; OSD-104; OSD-105; OSD-326; OSD-576; OSD-665; OSD-666; OSD-770; OSD-99,Mus musculus,10,0,4.0796,3.34613e-28,1.91464,False,consistent,up
2353,FOS,9,9,5,bone marrow; extensor digitorum longus; quadriceps femoris; soleus; tibialis anterior,OSD-103; OSD-104; OSD-105; OSD-576; OSD-665; OSD-666; OSD-690; OSD-770; OSD-99,Mus musculus,5,4,3.1094,6.19851e-11,0.5190777777777777,False,mixed,up
8864,PER2,9,9,5,extensor digitorum longus; gastrocnemius; quadriceps femoris; soleus; tibialis anterior,OSD-101; OSD-103; OSD-104; OSD-105; OSD-326; OSD-576; OSD-665; OSD-666; OSD-99,Mus musculus,0,9,-2.3457,4.3574e-13,-1.4577333333333333,False,consistent,down
1026,CDKN1A,8,8,5,extensor digitorum longus; gastrocnemius; quadriceps femoris; soleus; tibialis anterior,OSD-103; OSD-105; OSD-422; OSD-576; OSD-665; OSD-666; OSD-770; OSD-99,Mus musculus; Rattus norvegicus,8,0,2.6857,1.64393e-08,1.8809500000000001,False,consistent,up
284451,ODF3L2,8,8,4,extensor digitorum longus; quadriceps femoris; soleus; tibialis anterior,OSD-103; OSD-104; OSD-105; OSD-576; OSD-665; OSD-666; OSD-770; OSD-99,Mus musculus,8,0,4.8279,1.59742e-15,2.171,False,consistent,up
148523,CIART,7,7,5,extensor digitorum longus; gastrocnemius; quadriceps femoris; soleus; tibialis anterior,OSD-101; OSD-103; OSD-104; OSD-105; OSD-576; OSD-770; OSD-99,Mus musculus,0,7,-2.9118,3.94941e-23,-1.9220428571428572,False,consistent,down
4862,NPAS2,7,7,5,extensor digitorum longus; gastrocnemius; quadriceps femoris; soleus; tibialis anterior,OSD-101; OSD-103; OSD-104; OSD-105; OSD-576; OSD-770; OSD-99,Mus musculus,7,0,1.8385,6.36701e-06,1.3485142857142858,False,consistent,up
5409,PNMT,7,7,5,extensor digitorum longus; gastrocnemius; quadriceps femoris; soleus; tibialis anterior,OSD-101; OSD-103; OSD-104; OSD-576; OSD-665; OSD-666; OSD-770,Mus musculus,7,0,4.0113,5.57e-49,2.7582285714285715,False,consistent,up
1052,CEBPD,6,6,5,extensor digitorum longus; gastrocnemius; quadriceps femoris; soleus; tibialis anterior,OSD-104; OSD-422; OSD-576; OSD-665; OSD-666; OSD-770,Mus musculus; Rattus norvegicus,6,0,2.0493,1.2351e-17,1.6725333333333332,False,consistent,up
10965,ACOT2,6,5,5,bone marrow; extensor digitorum longus; quadriceps femoris; soleus; tibialis anterior,OSD-576; OSD-665; OSD-666; OSD-690; OSD-770,Mus musculus,6,0,2.1994,3.73469e-10,1.88485,True,consistent,up
2289,FKBP5,6,6,5,extensor digitorum longus; gastrocnemius; quadriceps femoris; soleus; tibialis anterior,OSD-104; OSD-422; OSD-576; OSD-665; OSD-666; OSD-770,Mus musculus; Rattus norvegicus,6,0,1.9431,4.00332e-08,1.5249,False,consistent,up
249,ALPL,6,5,5,bone marrow; extensor digitorum longus; quadriceps femoris; soleus; tibialis anterior,OSD-576; OSD-665; OSD-666; OSD-690; OSD-770,Mus musculus,0,6,-2.7891,2.51726e-10,-1.9104166666666664,False,consistent,down
4501,MT1X,6,6,5,extensor digitorum longus; gastrocnemius; quadriceps femoris; soleus; tibialis anterior,OSD-101; OSD-103; OSD-104; OSD-105; OSD-422; OSD-99,Mus musculus; Rattus norvegicus,6,0,3.9715,4.29338e-09,1.88655,True,consistent,up
4502,MT2A,6,6,5,extensor digitorum longus; gastrocnemius; quadriceps femoris; soleus; tibialis anterior,OSD-101; OSD-103; OSD-104; OSD-105; OSD-422; OSD-99,Mus musculus; Rattus norvegicus,6,0,3.9715,4.29338e-09,1.88655,False,consistent,up
641371,ACOT1,6,5,5,bone marrow; extensor digitorum longus; quadriceps femoris; soleus; tibialis anterior,OSD-576; OSD-665; OSD-666; OSD-690; OSD-770,Mus musculus,6,0,2.1994,3.73469e-10,1.88485,True,consistent,up
163351,GBP6,6,6,4,extensor digitorum longus; quadriceps femoris; soleus; tibialis anterior,OSD-105; OSD-576; OSD-665; OSD-666; OSD-770; OSD-99,Mus musculus,3,3,2.4491,4.93567e-50,0.2990333333333333,True,mixed,mixed
23237,ARC,6,6,4,bone marrow; extensor digitorum longus; gastrocnemius; soleus,OSD-101; OSD-104; OSD-665; OSD-690; OSD-770; OSD-99,Mus musculus,2,4,-1.8955,4.73824e-15,-0.5861666666666666,False,mixed,down
375057,STUM,6,6,4,extensor digitorum longus; gastrocnemius; quadriceps femoris; tibialis anterior,OSD-101; OSD-103; OSD-105; OSD-576; OSD-666; OSD-99,Mus musculus,0,6,-1.6324,1.45238e-09,-1.3604166666666666,False,consistent,down
220213,OTUD1,6,6,3,extensor digitorum longus; soleus; tibialis anterior,OSD-104; OSD-105; OSD-576; OSD-665; OSD-770; OSD-99,Mus musculus,3,3,-3.0472,8.2576e-24,-0.1725500000000001,False,mixed,mixed
2645,GCK,6,6,3,extensor digitorum longus; quadriceps femoris; soleus,OSD-103; OSD-104; OSD-326; OSD-665; OSD-770; OSD-99,Mus musculus,3,3,-2.7094,1.71132e-05,-0.2463166666666667,False,mixed,mixed
30819,KCNIP2,6,6,3,extensor digitorum longus; soleus; tibialis anterior,OSD-104; OSD-105; OSD-576; OSD-665; OSD-770; OSD-99,Mus musculus,4,2,2.6114,2.94072e-13,0.8169166666666667,False,mixed,up
5166,PDK4,5,5,5,bone marrow; extensor digitorum longus; gastrocnemius; quadriceps femoris; soleus,OSD-422; OSD-666; OSD-690; OSD-770; OSD-99,Mus musculus; Rattus norvegicus,3,2,3.3968,1.16791e-25,0.5661799999999999,False,mixed,up
6521,SLC4A1,5,5,5,bone marrow; extensor digitorum longus; quadriceps femoris; soleus; tibialis anterior,OSD-576; OSD-665; OSD-666; OSD-690; OSD-770,Mus musculus,4,1,2.0484,8.73518e-15,1.07008,False,mixed,up
1263,PLK3,5,5,4,extensor digitorum longus; gastrocnemius; soleus; tibialis anterior,OSD-101; OSD-104; OSD-576; OSD-665; OSD-770,Mus musculus,1,4,-2.1232,4.07267e-08,-0.8811,False,mixed,down
1271,CNTFR,5,5,4,extensor digitorum longus; quadriceps femoris; soleus; tibialis anterior,OSD-104; OSD-105; OSD-576; OSD-665; OSD-666,Mus musculus,2,3,2.522,1.72895e-68,-0.31344000000000005,False,mixed,down
149563,SRARP,5,5,4,extensor digitorum longus; quadriceps femoris; soleus; tibialis anterior,OSD-576; OSD-665; OSD-666; OSD-770; OSD-99,Mus musculus,1,4,-2.8005,5.31198e-05,-1.41096,False,mixed,down
150290,DUSP18,5,5,4,extensor digitorum longus; quadriceps femoris; soleus; tibialis anterior,OSD-104; OSD-105; OSD-666; OSD-770; OSD-99,Mus musculus,2,3,-2.4297,1.95601e-42,-0.6606799999999999,False,mixed,down
2354,FOSB,5,5,4,extensor digitorum longus; quadriceps femoris; soleus; tibialis anterior,OSD-103; OSD-105; OSD-666; OSD-770; OSD-99,Mus musculus,4,1,2.8446,2.93202e-14,1.4213,False,mixed,up
23780,APOL2,5,5,4,bone marrow; extensor digitorum longus; soleus; tibialis anterior,OSD-104; OSD-105; OSD-690; OSD-770; OSD-99,Mus musculus,4,1,2.3916,2.53484e-07,1.2570800000000002,True,mixed,up
387119,CEP85L,5,5,4,extensor digitorum longus; gastrocnemius; quadriceps femoris; tibialis anterior,OSD-326; OSD-422; OSD-576; OSD-665; OSD-666,Mus musculus; Rattus norvegicus,4,1,1.9682,6.6701e-12,0.8634999999999999,False,mixed,up
440699,LRRC52,5,5,4,extensor digitorum longus; quadriceps femoris; soleus; tibialis anterior,OSD-104; OSD-105; OSD-666; OSD-770; OSD-99,Mus musculus,2,3,-2.846,3.39474e-52,-0.82492,False,mixed,down
4489,MT1A,5,5,4,extensor digitorum longus; gastrocnemius; quadriceps femoris; tibialis anterior,OSD-101; OSD-103; OSD-105; OSD-422; OSD-99,Mus musculus; Rattus norvegicus,5,0,2.6497,8.16862e-12,1.50902,False,consistent,up
4493,MT1E,5,5,4,extensor digitorum longus; gastrocnemius; quadriceps femoris; tibialis anterior,OSD-101; OSD-103; OSD-105; OSD-422; OSD-99,Mus musculus; Rattus norvegicus,5,0,2.6497,8.16862e-12,1.50902,False,consistent,up
4494,MT1F,5,5,4,extensor digitorum longus; gastrocnemius; quadriceps femoris; tibialis anterior,OSD-101; OSD-103; OSD-105; OSD-422; OSD-99,Mus musculus; Rattus norvegicus,5,0,2.6497,8.16862e-12,1.50902,False,consistent,up
4495,MT1G,5,5,4,extensor digitorum longus; gastrocnemius; quadriceps femoris; tibialis anterior,OSD-101; OSD-103; OSD-105; OSD-422; OSD-99,Mus musculus; Rattus norvegicus,5,0,2.6497,8.16862e-12,1.50902,False,consistent,up
4496,MT1H,5,5,4,extensor digitorum longus; gastrocnemius; quadriceps femoris; tibialis anterior,OSD-101; OSD-103; OSD-105; OSD-422; OSD-99,Mus musculus; Rattus norvegicus,5,0,2.6497,8.16862e-12,1.50902,False,consistent,up
4499,MT1M,5,5,4,extensor digitorum longus; gastrocnemius; quadriceps femoris; tibialis anterior,OSD-101; OSD-103; OSD-105; OSD-422; OSD-99,Mus musculus; Rattus norvegicus,5,0,2.6497,8.16862e-12,1.50902,False,consistent,up
4500,MT1L,5,5,4,extensor digitorum longus; gastrocnemius; quadriceps femoris; tibialis anterior,OSD-101; OSD-103; OSD-105; OSD-422; OSD-99,Mus musculus; Rattus norvegicus,5,0,2.6497,8.16862e-12,1.50902,False,consistent,up
5209,PFKFB3,5,5,4,extensor digitorum longus; quadriceps femoris; soleus; tibialis anterior,OSD-104; OSD-105; OSD-576; OSD-665; OSD-666,Mus musculus,4,1,1.8055,2.5468e-10,0.93998,False,mixed,up
54463,RETREG1,5,5,4,extensor digitorum longus; gastrocnemius; quadriceps femoris; soleus,OSD-419; OSD-422; OSD-665; OSD-666; OSD-770,Mus musculus; Rattus norvegicus,4,1,2.0253,1.97624e-16,0.9874,False,mixed,up
595,CCND1,5,5,4,extensor digitorum longus; quadriceps femoris; soleus; tibialis anterior,OSD-576; OSD-665; OSD-666; OSD-770; OSD-99,Mus musculus,1,4,-1.6161,1.83801e-11,-1.0131999999999999,False,mixed,down
622,BDH1,5,5,4,extensor digitorum longus; quadriceps femoris; soleus; tibialis anterior,OSD-104; OSD-105; OSD-666; OSD-770; OSD-99,Mus musculus,2,3,1.9805,3.90874e-45,-0.07038000000000007,False,mixed,down
6659,SOX4,5,5,4,extensor digitorum longus; gastrocnemius; quadriceps femoris; tibialis anterior,OSD-101; OSD-103; OSD-576; OSD-665; OSD-666,Mus musculus,5,0,1.6722,1.83949e-10,1.4233,False,consistent,up
80832,APOL4,5,5,4,bone marrow; extensor digitorum longus; soleus; tibialis anterior,OSD-104; OSD-105; OSD-690; OSD-770; OSD-99,Mus musculus,4,1,2.3916,2.53484e-07,1.2570800000000002,True,mixed,up
80833,APOL3,5,5,4,bone marrow; extensor digitorum longus; soleus; tibialis anterior,OSD-104; OSD-105; OSD-690; OSD-770; OSD-99,Mus musculus,4,1,2.3916,2.53484e-07,1.2570800000000002,True,mixed,up
8542,APOL1,5,5,4,bone marrow; extensor digitorum longus; soleus; tibialis anterior,OSD-104; OSD-105; OSD-690; OSD-770; OSD-99,Mus musculus,4,1,2.3916,2.53484e-07,1.2570800000000002,True,mixed,up
8863,PER3,5,5,4,extensor digitorum longus; gastrocnemius; quadriceps femoris; tibialis anterior,OSD-101; OSD-103; OSD-105; OSD-326; OSD-99,Mus musculus,0,5,-1.5968,1.91694e-19,-1.3435000000000001,False,consistent,down
9899,SV2B,5,5,4,extensor digitorum longus; quadriceps femoris; soleus; tibialis anterior,OSD-104; OSD-576; OSD-665; OSD-666; OSD-770,Mus musculus,5,0,3.2353,3.81588e-36,2.27536,False,consistent,up
3303,HSPA1A,5,5,3,extensor digitorum longus; quadriceps femoris; tibialis anterior,OSD-105; OSD-576; OSD-665; OSD-666; OSD-99,Mus musculus,2,3,-4.9629,6.34404e-17,-1.8956600000000001,True,mixed,down
3304,HSPA1B,5,5,3,extensor digitorum longus; quadriceps femoris; tibialis anterior,OSD-105; OSD-576; OSD-665; OSD-666; OSD-99,Mus musculus,2,3,-4.9629,6.34404e-17,-1.8956600000000001,True,mixed,down
467,ATF3,5,5,3,extensor digitorum longus; soleus; tibialis anterior,OSD-105; OSD-576; OSD-665; OSD-770; OSD-99,Mus musculus,3,2,-3.4441,1.87769e-11,0.14103999999999992,False,mixed,up
10579,TACC2,4,4,4,extensor digitorum longus; quadriceps femoris; soleus; tibialis anterior,OSD-576; OSD-665; OSD-666; OSD-770,Mus musculus,4,0,1.2615,3.38733e-10,1.154125,False,consistent,up
10840,ALDH1L1,4,4,4,bone marrow; extensor digitorum longus; quadriceps femoris; tibialis anterior,OSD-576; OSD-665; OSD-666; OSD-690,Mus musculus,3,1,-1.365,2.45338e-11,0.4588,False,mixed,up
11067,DEPP1,4,4,4,extensor digitorum longus; gastrocnemius; quadriceps femoris; tibialis anterior,OSD-422; OSD-576; OSD-665; OSD-666,Mus musculus; Rattus norvegicus,4,0,1.6029,4.84335e-07,1.371925,False,consistent,up
114789,SLC25A25,4,4,4,extensor digitorum longus; gastrocnemius; quadriceps femoris; tibialis anterior,OSD-422; OSD-576; OSD-665; OSD-666,Mus musculus; Rattus norvegicus,1,3,-1.6318,2.61028e-05,-0.81335,False,mixed,down
114907,FBXO32,4,4,4,extensor digitorum longus; quadriceps femoris; soleus; tibialis anterior,OSD-576; OSD-665; OSD-666; OSD-770,Mus musculus,3,1,1.6337,1.72744e-08,0.8025249999999999,False,mixed,up
140738,TMEM37,4,4,4,extensor digitorum longus; quadriceps femoris; soleus; tibialis anterior,OSD-576; OSD-665; OSD-666; OSD-770,Mus musculus,4,0,1.378,1.73437e-11,1.22975,False,consistent,up
152110,NEK10,4,4,4,extensor digitorum longus; quadriceps femoris; soleus; tibialis anterior,OSD-576; OSD-665; OSD-666; OSD-770,Mus musculus,4,0,3.125,9.05511e-12,2.492125,False,consistent,up
2196,FAT2,4,4,4,extensor digitorum longus; quadriceps femoris; soleus; tibialis anterior,OSD-104; OSD-576; OSD-665; OSD-666,Mus musculus,1,3,-2.8827,1.90877e-07,-1.3567,False,mixed,down
222256,CDHR3,4,4,4,extensor digitorum longus; quadriceps femoris; soleus; tibialis anterior,OSD-576; OSD-665; OSD-666; OSD-770,Mus musculus,4,0,2.6399,1.72653e-12,1.889325,False,consistent,up
23086,EXPH5,4,4,4,extensor digitorum longus; quadriceps femoris; soleus; tibialis anterior,OSD-576; OSD-665; OSD-666; OSD-770,Mus musculus,4,0,1.835,5.57047e-16,1.5895,False,consistent,up
25794,FSCN2,4,4,4,extensor digitorum longus; quadriceps femoris; soleus; tibialis anterior,OSD-576; OSD-665; OSD-666; OSD-770,Mus musculus,4,0,2.3084,9.75388e-05,1.55205,False,consistent,up
27231,NMRK2,4,4,4,extensor digitorum longus; gastrocnemius; quadriceps femoris; tibialis anterior,OSD-422; OSD-576; OSD-665; OSD-666,Mus musculus; Rattus norvegicus,0,4,-3.9266,8.98567e-26,-3.037675,False,consistent,down
27244,SESN1,4,4,4,extensor digitorum longus; quadriceps femoris; soleus; tibialis anterior,OSD-576; OSD-665; OSD-666; OSD-770,Mus musculus,4,0,2.0327,2.79259e-31,1.8440750000000001,False,consistent,up
3164,NR4A1,4,4,4,extensor digitorum longus; quadriceps femoris; soleus; tibialis anterior,OSD-576; OSD-665; OSD-666; OSD-770,Mus musculus,1,3,-1.7053,2.19291e-09,-0.6839500000000001,False,mixed,down
3337,DNAJB1,4,4,4,extensor digitorum longus; quadriceps femoris; soleus; tibialis anterior,OSD-576; OSD-665; OSD-666; OSD-770,Mus musculus,1,3,-1.8569,8.56576e-07,-0.74295,False,mixed,down
339855,KY,4,4,4,extensor digitorum longus; quadriceps femoris; soleus; tibialis anterior,OSD-576; OSD-665; OSD-666; OSD-770,Mus musculus,0,4,-1.9956,1.62091e-14,-1.873,False,consistent,down
340359,KLHL38,4,4,4,extensor digitorum longus; quadriceps femoris; soleus; tibialis anterior,OSD-576; OSD-665; OSD-666; OSD-770,Mus musculus,3,1,1.9447,3.16078e-14,0.9945250000000001,False,mixed,up
3553,IL1B,4,4,4,extensor digitorum longus; quadriceps femoris; soleus; tibialis anterior,OSD-576; OSD-665; OSD-666; OSD-770,Mus musculus,0,4,-2.3483,5.9628e-05,-2.08935,False,consistent,down
3579,CXCR2,4,4,4,extensor digitorum longus; quadriceps femoris; soleus; tibialis anterior,OSD-576; OSD-665; OSD-666; OSD-770,Mus musculus,0,4,-3.1059,0.000435253,-2.319325,False,consistent,down
376940,ZC3H6,4,4,4,extensor digitorum longus; quadriceps femoris; soleus; tibialis anterior,OSD-576; OSD-665; OSD-666; OSD-770,Mus musculus,4,0,1.7942,5.78115e-17,1.382525,False,consistent,up
3934,LCN2,4,4,4,extensor digitorum longus; quadriceps femoris; soleus; tibialis anterior,OSD-576; OSD-665; OSD-666; OSD-770,Mus musculus,4,0,4.1425,2.02191e-26,3.9018750000000004,False,consistent,up
3952,LEP,4,4,4,extensor digitorum longus; gastrocnemius; quadriceps femoris; soleus,OSD-101; OSD-666; OSD-770; OSD-99,Mus musculus,2,2,3.0891,0.000348373,0.33332500000000004,False,mixed,mixed
400224,PLEKHD1,4,4,4,extensor digitorum longus; quadriceps femoris; soleus; tibialis anterior,OSD-576; OSD-665; OSD-666; OSD-770,Mus musculus,4,0,3.7406,8.11765e-05,2.1687250000000002,False,consistent,up
4656,MYOG,4,4,4,extensor digitorum longus; quadriceps femoris; soleus; tibialis anterior,OSD-576; OSD-665; OSD-666; OSD-770,Mus musculus,1,3,2.5105,1.26228e-06,-0.45467499999999994,False,mixed,down
4938,OAS1,4,4,4,extensor digitorum longus; quadriceps femoris; soleus; tibialis anterior,OSD-104; OSD-105; OSD-666; OSD-99,Mus musculus,3,1,1.676,0.00428173,0.626925,False,mixed,up
5004,ORM1,4,4,4,extensor digitorum longus; quadriceps femoris; soleus; tibialis anterior,OSD-576; OSD-665; OSD-666; OSD-770,Mus musculus,4,0,4.1071,4.5252e-13,3.39485,True,consistent,up
5005,ORM2,4,4,4,extensor digitorum longus; quadriceps femoris; soleus; tibialis anterior,OSD-576; OSD-665; OSD-666; OSD-770,Mus musculus,4,0,4.1071,4.5252e-13,3.39485,True,consistent,up
5033,P4HA1,4,4,4,extensor digitorum longus; quadriceps femoris; soleus; tibialis anterior,OSD-576; OSD-665; OSD-666; OSD-770,Mus musculus,0,4,-1.4124,2.69482e-12,-1.2246000000000001,False,consistent,down
51330,TNFRSF12A,4,4,4,extensor digitorum longus; gastrocnemius; soleus; tibialis anterior,OSD-105; OSD-422; OSD-770; OSD-99,Mus musculus; Rattus norvegicus,4,0,2.7033,3.73324e-07,1.914275,False,consistent,up
5178,PEG3,4,4,4,extensor digitorum longus; quadriceps femoris; soleus; tibialis anterior,OSD-576; OSD-665; OSD-666; OSD-770,Mus musculus,4,0,1.631,1.69303e-09,1.297925,False,consistent,up
5292,PIM1,4,4,4,extensor digitorum longus; quadriceps femoris; soleus; tibialis anterior,OSD-576; OSD-665; OSD-666; OSD-770,Mus musculus,1,3,-2.0408,3.76401e-07,-1.109275,False,mixed,down
54346,UNC93A,4,4,4,extensor digitorum longus; quadriceps femoris; soleus; tibialis anterior,OSD-576; OSD-665; OSD-666; OSD-770,Mus musculus,4,0,2.0532,8.27006e-07,1.6976749999999998,False,consistent,up
55364,IMPACT,4,4,4,extensor digitorum longus; quadriceps femoris; soleus; tibialis anterior,OSD-576; OSD-665; OSD-666; OSD-770,Mus musculus,0,4,-1.6782,3.19075e-05,-1.371675,False,consistent,down
55890,GPRC5C,4,4,4,bone marrow; quadriceps femoris; soleus; tibialis anterior,OSD-104; OSD-576; OSD-666; OSD-690,Mus musculus,1,3,-1.8591,5.14913e-11,-0.70545,False,mixed,down
57561,ARRDC3,4,4,4,extensor digitorum longus; quadriceps femoris; soleus; tibialis anterior,OSD-104; OSD-576; OSD-665; OSD-666,Mus musculus,4,0,1.9397,5.16885e-19,1.5952,False,consistent,up
6280,S100A9,4,4,4,extensor digitorum longus; quadriceps femoris; soleus; tibialis anterior,OSD-576; OSD-665; OSD-666; OSD-770,Mus musculus,0,4,-2.9658,0.00290562,-2.636425,False,consistent,down
63924,CIDEC,4,4,4,extensor digitorum longus; gastrocnemius; quadriceps femoris; soleus,OSD-101; OSD-666; OSD-770; OSD-99,Mus musculus,2,2,2.1713,7.45902e-06,0.4167,False,mixed,mixed
6401,SELE,4,4,4,extensor digitorum longus; quadriceps femoris; soleus; tibialis anterior,OSD-576; OSD-665; OSD-666; OSD-770,Mus musculus,0,4,-3.4972,0.00726976,-2.7471,False,consistent,down
64757,MTARC1,4,4,4,extensor digitorum longus; quadriceps femoris; soleus; tibialis anterior,OSD-104; OSD-576; OSD-665; OSD-666,Mus musculus,3,1,2.1764,0.000133033,1.0853000000000002,False,mixed,up
7832,BTG2,4,4,4,extensor digitorum longus; gastrocnemius; soleus; tibialis anterior,OSD-105; OSD-422; OSD-770; OSD-99,Mus musculus; Rattus norvegicus,4,0,2.1253,4.03115e-12,1.605525,False,consistent,up
8447,DOC2B,4,4,4,extensor digitorum longus; quadriceps femoris; soleus; tibialis anterior,OSD-576; OSD-665; OSD-666; OSD-770,Mus musculus,4,0,2.7483,3.9044e-14,2.198725,False,consistent,up
84812,PLCD4,4,4,4,extensor digitorum longus; quadriceps femoris; soleus; tibialis anterior,OSD-104; OSD-576; OSD-665; OSD-666,Mus musculus,1,3,1.5337,1.42365e-51,-0.600425,False,mixed,down
8566,PDXK,4,4,4,extensor digitorum longus; quadriceps femoris; soleus; tibialis anterior,OSD-576; OSD-665; OSD-666; OSD-770,Mus musculus,0,4,-2.0759,5.12466e-09,-1.55295,False,consistent,down
8655,DYNLL1,4,4,4,extensor digitorum longus; gastrocnemius; quadriceps femoris; tibialis anterior,OSD-422; OSD-576; OSD-665; OSD-666,Mus musculus; Rattus norvegicus,0,4,-1.6521,1.33102e-10,-1.3901249999999998,False,consistent,down
871,SERPINH1,4,4,4,extensor digitorum longus; quadriceps femoris; soleus; tibialis anterior,OSD-576; OSD-665; OSD-666; OSD-770,Mus musculus,0,4,-2.0448,3.54496e-12,-1.641475,False,consistent,down
875,CBS,4,4,4,extensor digitorum longus; quadriceps femoris; soleus; tibialis anterior,OSD-104; OSD-576; OSD-665; OSD-666,Mus musculus,4,0,2.1314,0.000110971,1.909825,False,consistent,up
8862,APLN,4,4,4,extensor digitorum longus; quadriceps femoris; soleus; tibialis anterior,OSD-576; OSD-666; OSD-770; OSD-99,Mus musculus,1,3,-1.9109,1.58324e-06,-0.713275,False,mixed,down
8869,ST3GAL5,4,4,4,extensor digitorum longus; quadriceps femoris; soleus; tibialis anterior,OSD-576; OSD-665; OSD-666; OSD-770,Mus musculus,4,0,1.7282,5.14515e-24,1.56845,False,consistent,up
89944,GLB1L2,4,4,4,extensor digitorum longus; quadriceps femoris; soleus; tibialis anterior,OSD-576; OSD-665; OSD-666; OSD-770,Mus musculus,4,0,2.1171,3.87222e-14,1.812175,False,consistent,up
91664,ZNF845,4,4,4,extensor digitorum longus; quadriceps femoris; soleus; tibialis anterior,OSD-576; OSD-665; OSD-666; OSD-770,Mus musculus,4,0,1.4883,1.06757e-12,1.291775,False,consistent,up
939,CD27,4,4,4,extensor digitorum longus; quadriceps femoris; soleus; tibialis anterior,OSD-576; OSD-665; OSD-666; OSD-770,Mus musculus,4,0,3.3371,7.26361e-19,2.414975,False,consistent,up
9633,TESMIN,4,4,4,extensor digitorum longus; quadriceps femoris; soleus; tibialis anterior,OSD-576; OSD-665; OSD-666; OSD-770,Mus musculus,0,4,-3.1024,4.23938e-06,-1.791525,False,consistent,down
9764,KIAA0513,4,4,4,extensor digitorum longus; quadriceps femoris; soleus; tibialis anterior,OSD-104; OSD-576; OSD-665; OSD-666,Mus musculus,3,1,2.0007,2.98325e-16,1.076975,False,mixed,up
100130827,SBK3,4,4,3,quadriceps femoris; soleus; tibialis anterior,OSD-103; OSD-104; OSD-105; OSD-770,Mus musculus,4,0,3.1618,1.24461e-34,2.32755,False,consistent,up
1109,AKR1C4,4,4,3,extensor digitorum longus; soleus; tibialis anterior,OSD-104; OSD-576; OSD-665; OSD-770,Mus musculus,2,2,1.9364,2.19757e-07,0.22784999999999994,False,mixed,mixed
11185,INMT,4,4,3,quadriceps femoris; soleus; tibialis anterior,OSD-104; OSD-576; OSD-666; OSD-770,Mus musculus,4,0,1.4523,2.14394e-06,1.231725,False,consistent,up
134285,TMEM171,4,4,3,extensor digitorum longus; quadriceps femoris; soleus,OSD-104; OSD-666; OSD-770; OSD-99,Mus musculus,1,3,-2.9482,3.29719e-20,-1.430925,False,mixed,down
1645,AKR1C1,4,4,3,extensor digitorum longus; soleus; tibialis anterior,OSD-104; OSD-576; OSD-665; OSD-770,Mus musculus,2,2,1.9364,2.19757e-07,0.22784999999999994,False,mixed,mixed
1646,AKR1C2,4,4,3,extensor digitorum longus; soleus; tibialis anterior,OSD-104; OSD-576; OSD-665; OSD-770,Mus musculus,2,2,1.9364,2.19757e-07,0.22784999999999994,False,mixed,mixed
165904,XIRP1,4,4,3,extensor digitorum longus; soleus; tibialis anterior,OSD-576; OSD-665; OSD-770; OSD-99,Mus musculus,2,2,2.1684,6.06885e-11,0.035550000000000026,False,mixed,mixed
1827,RCAN1,4,4,3,extensor digitorum longus; soleus; tibialis anterior,OSD-576; OSD-665; OSD-770; OSD-99,Mus musculus,2,2,-1.8735,6.2989e-12,-0.28135000000000004,False,mixed,mixed
1958,EGR1,4,4,3,extensor digitorum longus; gastrocnemius; soleus,OSD-104; OSD-422; OSD-770; OSD-99,Mus musculus; Rattus norvegicus,3,1,2.2123,0.000255646,1.0207249999999999,False,mixed,up
2570,GABRR2,4,4,3,extensor digitorum longus; quadriceps femoris; soleus,OSD-104; OSD-665; OSD-666; OSD-770,Mus musculus,4,0,2.1684,5.08002e-15,1.4955,False,consistent,up
26472,PPP1R14B,4,4,3,extensor digitorum longus; soleus; tibialis anterior,OSD-104; OSD-105; OSD-770; OSD-99,Mus musculus,2,2,-2.2716,1.94648e-14,-0.2585499999999999,False,mixed,mixed
27063,ANKRD1,4,4,3,quadriceps femoris; soleus; tibialis anterior,OSD-103; OSD-104; OSD-576; OSD-770,Mus musculus,1,3,2.8054,4.12993e-08,-0.614975,False,mixed,down
284948,SH2D6,4,4,3,extensor digitorum longus; soleus; tibialis anterior,OSD-576; OSD-665; OSD-770; OSD-99,Mus musculus,4,0,2.1225,0.000161969,1.5327,False,consistent,up
341,APOC1,4,4,3,quadriceps femoris; soleus; tibialis anterior,OSD-104; OSD-576; OSD-666; OSD-770,Mus musculus,4,0,2.3083,0.00703629,1.937075,False,consistent,up
3488,IGFBP5,4,3,3,bone marrow; gastrocnemius; soleus,OSD-104; OSD-419; OSD-690,Mus musculus,2,2,1.6339,2.90609e-14,0.065525,False,mixed,mixed
4585,MUC4,4,4,3,extensor digitorum longus; quadriceps femoris; tibialis anterior,OSD-103; OSD-105; OSD-666; OSD-99,Mus musculus,0,4,-1.93,0.000125606,-1.553675,False,consistent,down
4608,MYBPH,4,4,3,extensor digitorum longus; quadriceps femoris; soleus,OSD-104; OSD-326; OSD-665; OSD-770,Mus musculus,3,1,3.1426,0.000784344,1.18495,False,mixed,up
4783,NFIL3,4,4,3,extensor digitorum longus; quadriceps femoris; tibialis anterior,OSD-103; OSD-105; OSD-326; OSD-99,Mus musculus,4,0,1.6272,1.06446e-46,1.295525,False,consistent,up
50486,G0S2,4,4,3,bone marrow; quadriceps femoris; soleus,OSD-104; OSD-666; OSD-690; OSD-770,Mus musculus,2,2,-2.5438,1.51861e-08,-0.43802500000000005,False,mixed,mixed
6319,SCD,4,4,3,quadriceps femoris; soleus; tibialis anterior,OSD-104; OSD-576; OSD-666; OSD-770,Mus musculus,2,2,-4.439,1.63636e-07,-0.3730000000000001,True,mixed,mixed
64651,CSRNP1,4,4,3,extensor digitorum longus; soleus; tibialis anterior,OSD-104; OSD-576; OSD-665; OSD-770,Mus musculus,1,3,-2.0818,8.63998e-20,-1.015825,False,mixed,down
728586,CCDC192,4,4,3,extensor digitorum longus; quadriceps femoris; soleus,OSD-104; OSD-665; OSD-666; OSD-770,Mus musculus,4,0,2.2535,0.000521401,1.54605,False,consistent,up
79955,PDZD7,4,4,3,extensor digitorum longus; quadriceps femoris; tibialis anterior,OSD-326; OSD-576; OSD-665; OSD-666,Mus musculus,1,3,-1.3221,2.50763e-06,-0.6336999999999999,False,mixed,down
84071,ARMC2,4,4,3,bone marrow; extensor digitorum longus; soleus,OSD-104; OSD-690; OSD-770; OSD-99,Mus musculus,2,2,-2.0503,1.08724e-16,-0.07974999999999999,False,mixed,mixed
8644,AKR1C3,4,4,3,extensor digitorum longus; soleus; tibialis anterior,OSD-104; OSD-576; OSD-665; OSD-770,Mus musculus,2,2,1.9364,2.19757e-07,0.22784999999999994,False,mixed,mixed
3428,IFI16,4,4,2,quadriceps femoris; soleus,OSD-103; OSD-104; OSD-666; OSD-770,Mus musculus,3,1,2.0085,0.0174109,0.9587000000000001,False,mixed,up
100506736,SLFN12L,3,3,3,extensor digitorum longus; quadriceps femoris; tibialis anterior,OSD-576; OSD-665; OSD-666,Mus musculus,0,3,-1.9708,0.0333875,-1.5939000000000003,True,consistent,down
10140,TOB1,3,3,3,extensor digitorum longus; quadriceps femoris; tibialis anterior,OSD-576; OSD-665; OSD-666,Mus musculus,0,3,-1.3347,2.95108e-09,-1.1521333333333332,False,consistent,down
10276,NET1,3,3,3,extensor digitorum longus; quadriceps femoris; tibialis anterior,OSD-576; OSD-665; OSD-666,Mus musculus,3,0,1.9576,5.16453e-43,1.6471333333333333,False,consistent,up
10643,IGF2BP3,3,3,3,bone marrow; extensor digitorum longus; soleus,OSD-665; OSD-690; OSD-770,Mus musculus,2,1,2.0028,0.00177163,0.42500000000000004,False,mixed,up
10715,CERS1,3,3,3,extensor digitorum longus; quadriceps femoris; tibialis anterior,OSD-576; OSD-665; OSD-666,Mus musculus,0,3,-1.114,9.53711e-06,-1.0767666666666666,False,consistent,down
10891,PPARGC1A,3,3,3,extensor digitorum longus; quadriceps femoris; tibialis anterior,OSD-576; OSD-665; OSD-666,Mus musculus,0,3,-3.5107,5.60268e-09,-2.7235666666666667,False,consistent,down
112399,EGLN3,3,3,3,extensor digitorum longus; quadriceps femoris; tibialis anterior,OSD-103; OSD-105; OSD-99,Mus musculus,3,0,1.4544,9.95028e-34,1.3866666666666667,False,consistent,up
1135,CHRNA2,3,3,3,extensor digitorum longus; soleus; tibialis anterior,OSD-104; OSD-576; OSD-665,Mus musculus,2,1,2.3853,2.96878e-07,1.1408666666666667,False,mixed,up
1137,CHRNA4,3,3,3,extensor digitorum longus; soleus; tibialis anterior,OSD-105; OSD-770; OSD-99,Mus musculus,2,1,2.3049,7.84944e-12,0.6705333333333332,False,mixed,up
113791,PIK3IP1,3,3,3,extensor digitorum longus; quadriceps femoris; tibialis anterior,OSD-576; OSD-665; OSD-666,Mus musculus,3,0,1.4498,3.69484e-15,1.3494666666666666,False,consistent,up
1149,CIDEA,3,3,3,extensor digitorum longus; soleus; tibialis anterior,OSD-576; OSD-665; OSD-770,Mus musculus,2,1,1.2356,1.60216e-07,0.3799666666666666,False,mixed,up
1153,CIRBP,3,3,3,extensor digitorum longus; quadriceps femoris; tibialis anterior,OSD-576; OSD-665; OSD-666,Mus musculus,3,0,1.1231,3.01479e-20,1.1012333333333333,False,consistent,up
116064,LRRC58,3,3,3,extensor digitorum longus; quadriceps femoris; tibialis anterior,OSD-576; OSD-665; OSD-666,Mus musculus,3,0,1.2903,6.29961e-24,1.1963333333333332,False,consistent,up
116236,ABHD15,3,3,3,extensor digitorum longus; quadriceps femoris; tibialis anterior,OSD-576; OSD-665; OSD-666,Mus musculus,3,0,1.8561,1.22189e-09,1.5703000000000003,False,consistent,up
116729,PPP1R27,3,3,3,extensor digitorum longus; quadriceps femoris; tibialis anterior,OSD-576; OSD-665; OSD-666,Mus musculus,0,3,-1.5511,1.62278e-09,-1.4057333333333333,False,consistent,down
1390,CREM,3,3,3,extensor digitorum longus; quadriceps femoris; tibialis anterior,OSD-576; OSD-665; OSD-666,Mus musculus,0,3,-1.7002,8.71272e-07,-1.6601333333333332,False,consistent,down
145814,PGPEP1L,3,3,3,quadriceps femoris; soleus; tibialis anterior,OSD-104; OSD-576; OSD-666,Mus musculus,1,2,1.2251,2.78878e-09,-0.2931666666666666,False,mixed,down
151056,PLB1,3,3,3,extensor digitorum longus; soleus; tibialis anterior,OSD-576; OSD-665; OSD-770,Mus musculus,3,0,1.5474,1.45917e-10,1.4383,False,consistent,up
163732,CITED4,3,3,3,quadriceps femoris; soleus; tibialis anterior,OSD-104; OSD-576; OSD-666,Mus musculus,1,2,-1.0949,6.14856e-16,-0.3833666666666667,False,mixed,down
171482,FAM9A,3,3,3,bone marrow; soleus; tibialis anterior,OSD-576; OSD-690; OSD-770,Mus musculus,3,0,4.4922,0.000374625,3.146333333333333,False,consistent,up
171484,FAM9C,3,3,3,bone marrow; soleus; tibialis anterior,OSD-576; OSD-690; OSD-770,Mus musculus,3,0,4.4922,0.000374625,3.146333333333333,False,consistent,up
1780,DYNC1I1,3,3,3,extensor digitorum longus; quadriceps femoris; soleus,OSD-665; OSD-666; OSD-770,Mus musculus,3,0,2.3732,3.39366e-05,1.7479333333333333,False,consistent,up
2150,F2RL1,3,3,3,quadriceps femoris; soleus; tibialis anterior,OSD-104; OSD-576; OSD-666,Mus musculus,0,3,-1.3247,6.14421e-07,-1.1805666666666668,False,consistent,down
22824,HSPA4L,3,3,3,extensor digitorum longus; quadriceps femoris; tibialis anterior,OSD-576; OSD-665; OSD-666,Mus musculus,0,3,-1.3911,6.25822e-06,-1.1857,False,consistent,down
23216,TBC1D1,3,3,3,gastrocnemius; quadriceps femoris; soleus,OSD-422; OSD-666; OSD-770,Mus musculus; Rattus norvegicus,3,0,2.5302,1.65778e-11,1.7658666666666665,False,consistent,up
23516,SLC39A14,3,3,3,extensor digitorum longus; quadriceps femoris; tibialis anterior,OSD-576; OSD-665; OSD-666,Mus musculus,3,0,1.9148,8.15971e-08,1.8212666666666666,False,consistent,up
2569,GABRR1,3,3,3,extensor digitorum longus; quadriceps femoris; soleus,OSD-665; OSD-666; OSD-770,Mus musculus,3,0,1.8199,6.67629e-06,1.5672,False,consistent,up
25819,NOCT,3,3,3,extensor digitorum longus; quadriceps femoris; tibialis anterior,OSD-576; OSD-665; OSD-666,Mus musculus,0,3,-1.199,2.52116e-08,-1.1218000000000001,False,consistent,down
2657,GDF1,3,3,3,extensor digitorum longus; quadriceps femoris; tibialis anterior,OSD-576; OSD-665; OSD-666,Mus musculus,0,3,-1.114,9.53711e-06,-1.0767666666666666,False,consistent,down
27232,GNMT|CNPY3-GNMT,3,3,3,extensor digitorum longus; quadriceps femoris; tibialis anterior,OSD-576; OSD-665; OSD-666,Mus musculus,3,0,1.9458,8.71872e-09,1.8594666666666668,False,consistent,up
29953,TRHDE,3,3,3,quadriceps femoris; soleus; tibialis anterior,OSD-576; OSD-666; OSD-770,Mus musculus,3,0,1.3242,0.00126173,1.2080666666666666,False,consistent,up
312,ANXA13,3,3,3,extensor digitorum longus; quadriceps femoris; tibialis anterior,OSD-576; OSD-665; OSD-666,Mus musculus,3,0,2.3638,2.74763e-05,2.1786,False,consistent,up
3158,HMGCS2,3,3,3,quadriceps femoris; soleus; tibialis anterior,OSD-576; OSD-666; OSD-770,Mus musculus,3,0,1.4137,0.000582594,1.2372333333333334,False,consistent,up
3159,HMGA1,3,3,3,extensor digitorum longus; soleus; tibialis anterior,OSD-104; OSD-105; OSD-665,Mus musculus,2,1,5.3196,9.53852e-06,1.985166666666667,False,mixed,up
3301,DNAJA1,3,3,3,extensor digitorum longus; quadriceps femoris; tibialis anterior,OSD-576; OSD-665; OSD-666,Mus musculus,0,3,-1.6911,5.67039e-06,-1.4039333333333335,False,consistent,down
3320,HSP90AA1,3,3,3,extensor digitorum longus; quadriceps femoris; tibialis anterior,OSD-576; OSD-665; OSD-666,Mus musculus,0,3,-2.2692,8.15493e-05,-1.8051333333333333,False,consistent,down
340152,ZC3H12D,3,3,3,extensor digitorum longus; quadriceps femoris; tibialis anterior,OSD-576; OSD-665; OSD-666,Mus musculus,3,0,1.6752,0.00670872,1.5902,False,consistent,up
3570,IL6R,3,3,3,extensor digitorum longus; quadriceps femoris; tibialis anterior,OSD-576; OSD-665; OSD-666,Mus musculus,3,0,1.4901,3.95528e-15,1.4547999999999999,False,consistent,up
3620,IDO1,3,3,3,extensor digitorum longus; soleus; tibialis anterior,OSD-576; OSD-665; OSD-770,Mus musculus,0,3,-1.8011,0.0251723,-1.4568666666666665,False,consistent,down
3667,IRS1,3,3,3,extensor digitorum longus; quadriceps femoris; tibialis anterior,OSD-576; OSD-665; OSD-666,Mus musculus,0,3,-1.731,3.06414e-08,-1.5026333333333335,False,consistent,down
3728,JUP,3,3,3,extensor digitorum longus; quadriceps femoris; tibialis anterior,OSD-576; OSD-665; OSD-666,Mus musculus,3,0,1.3715,6.81584e-28,1.1477666666666666,False,consistent,up
3732,CD82,3,3,3,extensor digitorum longus; quadriceps femoris; tibialis anterior,OSD-576; OSD-665; OSD-666,Mus musculus,0,3,-1.3704,6.6454e-12,-1.3346666666666664,False,consistent,down
387751,GVINP1,3,3,3,extensor digitorum longus; quadriceps femoris; tibialis anterior,OSD-576; OSD-665; OSD-666,Mus musculus,0,3,-1.4779,1.44671e-06,-1.3498333333333334,False,consistent,down
387763,C11orf96,3,3,3,extensor digitorum longus; soleus; tibialis anterior,OSD-576; OSD-770; OSD-99,Mus musculus,2,1,2.2435,0.00144383,0.5759,False,mixed,up
3914,LAMB3,3,3,3,extensor digitorum longus; gastrocnemius; soleus,OSD-422; OSD-665; OSD-770,Mus musculus; Rattus norvegicus,1,2,7.0595,1.90747e-06,1.5216333333333332,False,mixed,down
400258,C14orf180,3,3,3,extensor digitorum longus; quadriceps femoris; tibialis anterior,OSD-576; OSD-665; OSD-666,Mus musculus,3,0,2.5119,8.24435e-08,2.1942,False,consistent,up
4094,MAF,3,3,3,extensor digitorum longus; soleus; tibialis anterior,OSD-104; OSD-576; OSD-665,Mus musculus,1,2,-1.3189,1.96756e-28,-0.43426666666666663,False,mixed,down
4258,MGST2,3,3,3,extensor digitorum longus; quadriceps femoris; soleus,OSD-665; OSD-666; OSD-770,Mus musculus,3,0,2.868,1.54673e-05,1.7712333333333332,False,consistent,up
4308,TRPM1,3,3,3,extensor digitorum longus; quadriceps femoris; tibialis anterior,OSD-576; OSD-665; OSD-666,Mus musculus,0,3,-1.8142,0.00207715,-1.3771333333333333,False,consistent,down
4317,MMP8,3,3,3,extensor digitorum longus; quadriceps femoris; tibialis anterior,OSD-576; OSD-665; OSD-666,Mus musculus,0,3,-2.7654,0.00242703,-2.531633333333333,False,consistent,down
440503,PLIN5,3,3,3,extensor digitorum longus; quadriceps femoris; tibialis anterior,OSD-576; OSD-665; OSD-666,Mus musculus,3,0,1.5749,5.11054e-06,1.3415666666666668,False,consistent,up
442721,LMOD2,3,3,3,extensor digitorum longus; quadriceps femoris; soleus,OSD-665; OSD-666; OSD-770,Mus musculus,3,0,1.5383,4.50927e-16,1.4158333333333335,False,consistent,up
4654,MYOD1,3,3,3,extensor digitorum longus; soleus; tibialis anterior,OSD-104; OSD-576; OSD-665,Mus musculus,1,2,-1.2713,1.51608e-14,-0.4408,False,mixed,down
5105,PCK1,3,3,3,extensor digitorum longus; quadriceps femoris; soleus,OSD-326; OSD-770; OSD-99,Mus musculus,1,2,-3.1104,0.00148768,-1.3521999999999998,False,mixed,down
51473,DCDC2,3,3,3,quadriceps femoris; soleus; tibialis anterior,OSD-576; OSD-666; OSD-770,Mus musculus,3,0,4.4358,0.00333597,3.3782333333333336,False,consistent,up
5295,PIK3R1,3,3,3,gastrocnemius; quadriceps femoris; tibialis anterior,OSD-422; OSD-576; OSD-666,Mus musculus; Rattus norvegicus,3,0,1.766,3.19234e-13,1.3416,False,consistent,up
5346,PLIN1,3,3,3,extensor digitorum longus; gastrocnemius; soleus,OSD-101; OSD-770; OSD-99,Mus musculus,1,2,1.3293,0.0211885,-0.33410000000000006,False,mixed,down
54058,C21orf58,3,3,3,extensor digitorum longus; quadriceps femoris; soleus,OSD-103; OSD-770; OSD-99,Mus musculus,2,1,2.4011,1.65948e-08,0.8599333333333333,False,mixed,up
5507,PPP1R3C,3,3,3,extensor digitorum longus; gastrocnemius; tibialis anterior,OSD-105; OSD-422; OSD-99,Mus musculus; Rattus norvegicus,3,0,2.6908,5.74241e-16,1.7013999999999998,False,consistent,up
55106,SLFN12,3,3,3,extensor digitorum longus; quadriceps femoris; tibialis anterior,OSD-576; OSD-665; OSD-666,Mus musculus,0,3,-1.9708,0.0333875,-1.5939000000000003,True,consistent,down
55281,TMEM140,3,3,3,extensor digitorum longus; quadriceps femoris; tibialis anterior,OSD-576; OSD-665; OSD-666,Mus musculus,3,0,1.6982,8.21742e-18,1.4605,False,consistent,up
55567,DNAH3,3,3,3,extensor digitorum longus; quadriceps femoris; tibialis anterior,OSD-576; OSD-665; OSD-666,Mus musculus,0,3,-1.5179,0.00463861,-1.1977,False,consistent,down
5580,PRKCD,3,3,3,extensor digitorum longus; quadriceps femoris; tibialis anterior,OSD-576; OSD-665; OSD-666,Mus musculus,3,0,1.6866,1.47821e-14,1.5261000000000002,False,consistent,up
55800,SCN3B,3,3,3,extensor digitorum longus; quadriceps femoris; tibialis anterior,OSD-576; OSD-665; OSD-666,Mus musculus,3,0,1.4167,2.76951e-13,1.3215333333333332,False,consistent,up
56204,FAM214A,3,3,3,extensor digitorum longus; quadriceps femoris; tibialis anterior,OSD-576; OSD-665; OSD-666,Mus musculus,3,0,1.7236,1.7554e-24,1.5465333333333333,False,consistent,up
570,BAAT,3,3,3,extensor digitorum longus; quadriceps femoris; tibialis anterior,OSD-576; OSD-665; OSD-666,Mus musculus,0,3,-1.6751,0.00207722,-1.6036000000000001,False,consistent,down
57348,TTYH1,3,3,3,extensor digitorum longus; quadriceps femoris; tibialis anterior,OSD-576; OSD-665; OSD-666,Mus musculus,0,3,-1.9985,0.00010741,-1.8817333333333333,False,consistent,down
57476,GRAMD1B,3,3,3,extensor digitorum longus; quadriceps femoris; tibialis anterior,OSD-576; OSD-665; OSD-666,Mus musculus,3,0,2.2374,1.65116e-19,1.7715333333333334,False,consistent,up
57633,LRRN1,3,3,3,extensor digitorum longus; soleus; tibialis anterior,OSD-104; OSD-576; OSD-665,Mus musculus,3,0,1.413,4.56157e-28,1.2474666666666667,False,consistent,up
5889,RAD51C,3,3,3,extensor digitorum longus; quadriceps femoris; tibialis anterior,OSD-576; OSD-665; OSD-666,Mus musculus,0,3,-2.0276,1.6538e-09,-1.9372,False,consistent,down
5979,RET,3,3,3,extensor digitorum longus; quadriceps femoris; tibialis anterior,OSD-576; OSD-665; OSD-666,Mus musculus,0,3,-1.2175,3.75697e-10,-1.1390333333333333,False,consistent,down
604,BCL6,3,3,3,extensor digitorum longus; gastrocnemius; quadriceps femoris,OSD-422; OSD-665; OSD-666,Mus musculus; Rattus norvegicus,1,2,1.7999,3.18281e-07,-0.1048666666666666,False,mixed,down
6236,RRAD,3,3,3,extensor digitorum longus; quadriceps femoris; tibialis anterior,OSD-576; OSD-666; OSD-99,Mus musculus,1,2,-1.9938,4.23182e-08,-0.8546333333333335,False,mixed,down
6248,RSC1A1,3,3,3,extensor digitorum longus; quadriceps femoris; tibialis anterior,OSD-576; OSD-665; OSD-666,Mus musculus,3,0,1.8624,4.94893e-23,1.661266666666667,False,consistent,up
63908,NAPB,3,3,3,extensor digitorum longus; quadriceps femoris; tibialis anterior,OSD-576; OSD-665; OSD-666,Mus musculus,3,0,1.5761,3.87415e-18,1.2857,False,consistent,up
64344,HIF3A,3,3,3,quadriceps femoris; soleus; tibialis anterior,OSD-576; OSD-666; OSD-770,Mus musculus,3,0,1.9556,2.2222e-05,1.4139333333333333,False,consistent,up
6570,SLC18A1,3,3,3,extensor digitorum longus; quadriceps femoris; soleus,OSD-665; OSD-666; OSD-770,Mus musculus,1,2,2.0614,2.6156e-06,-0.42740000000000017,False,mixed,down
6622,SNCA,3,3,3,extensor digitorum longus; soleus; tibialis anterior,OSD-576; OSD-665; OSD-770,Mus musculus,3,0,1.2048,2.79178e-06,1.0811333333333335,False,consistent,up
6790,AURKA,3,3,3,extensor digitorum longus; quadriceps femoris; tibialis anterior,OSD-576; OSD-665; OSD-666,Mus musculus,0,3,-1.6139,1.25627e-10,-1.538433333333333,False,consistent,down
7007,TECTA|TBCEL-TECTA,3,3,3,extensor digitorum longus; quadriceps femoris; soleus,OSD-666; OSD-770; OSD-99,Mus musculus,1,2,-2.5953,4.39317e-16,-0.8718,False,mixed,down
7352,UCP3,3,3,3,extensor digitorum longus; gastrocnemius; soleus,OSD-422; OSD-770; OSD-99,Mus musculus; Rattus norvegicus,2,1,3.0521,1.05274e-18,0.8816999999999999,False,mixed,up
7422,VEGFA,3,3,3,extensor digitorum longus; quadriceps femoris; tibialis anterior,OSD-576; OSD-665; OSD-666,Mus musculus,0,3,-1.4618,1.00246e-29,-1.2440333333333333,False,consistent,down
7851,MALL,3,3,3,extensor digitorum longus; quadriceps femoris; tibialis anterior,OSD-576; OSD-665; OSD-666,Mus musculus,0,3,-1.5113,1.89794e-07,-1.3607666666666667,False,consistent,down
79751,SLC25A22,3,3,3,extensor digitorum longus; quadriceps femoris; tibialis anterior,OSD-576; OSD-665; OSD-666,Mus musculus,3,0,1.6645,3.41429e-06,1.2825,False,consistent,up
8013,NR4A3,3,3,3,extensor digitorum longus; quadriceps femoris; tibialis anterior,OSD-576; OSD-665; OSD-666,Mus musculus,0,3,-4.0641,1.04547e-06,-3.3363,False,consistent,down
8227,AKAP17A,3,3,3,bone marrow; quadriceps femoris; soleus,OSD-326; OSD-690; OSD-770,Mus musculus,1,2,1.6888,8.45139e-14,-0.2452,False,mixed,down
8322,FZD4,3,3,3,extensor digitorum longus; quadriceps femoris; tibialis anterior,OSD-576; OSD-665; OSD-666,Mus musculus,3,0,1.1297,2.9127e-15,1.0789666666666666,False,consistent,up
83538,ODAD4,3,3,3,extensor digitorum longus; quadriceps femoris; soleus,OSD-103; OSD-770; OSD-99,Mus musculus,2,1,-1.9188,4.50237e-08,0.3557333333333333,False,mixed,up
84166,NLRC5,3,3,3,extensor digitorum longus; soleus; tibialis anterior,OSD-576; OSD-665; OSD-770,Mus musculus,0,3,-1.2859,0.00407292,-1.2351333333333334,False,consistent,down
84318,CCDC77,3,3,3,extensor digitorum longus; quadriceps femoris; tibialis anterior,OSD-576; OSD-665; OSD-666,Mus musculus,3,0,1.4261,8.36411e-25,1.2444,False,consistent,up
84530,SRRM4,3,3,3,quadriceps femoris; soleus; tibialis anterior,OSD-104; OSD-576; OSD-666,Mus musculus,0,3,-1.8767,2.1258e-06,-1.8032666666666668,False,consistent,down
84676,TRIM63,3,3,3,extensor digitorum longus; gastrocnemius; quadriceps femoris,OSD-422; OSD-665; OSD-666,Mus musculus; Rattus norvegicus,3,0,1.1129,0.000941755,1.0727666666666666,False,consistent,up
84842,HPDL,3,3,3,extensor digitorum longus; quadriceps femoris; soleus,OSD-103; OSD-770; OSD-99,Mus musculus,2,1,1.3441,1.30423e-07,0.4605333333333334,False,mixed,up
8501,SLC43A1,3,3,3,extensor digitorum longus; quadriceps femoris; tibialis anterior,OSD-576; OSD-665; OSD-666,Mus musculus,3,0,2.5472,2.62273e-34,2.4978000000000002,False,consistent,up
8614,STC2,3,3,3,extensor digitorum longus; quadriceps femoris; soleus,OSD-665; OSD-666; OSD-770,Mus musculus,3,0,1.6967,5.00843e-10,1.3844333333333332,False,consistent,up
8660,IRS2,3,3,3,extensor digitorum longus; soleus; tibialis anterior,OSD-104; OSD-576; OSD-665,Mus musculus,0,3,-1.7676,0.000148003,-1.5593000000000001,False,consistent,down
89795,NAV3,3,3,3,extensor digitorum longus; quadriceps femoris; soleus,OSD-665; OSD-666; OSD-770,Mus musculus,3,0,1.5334,1.80552e-12,1.3596333333333332,False,consistent,up
8987,STBD1,3,3,3,extensor digitorum longus; quadriceps femoris; tibialis anterior,OSD-576; OSD-665; OSD-666,Mus musculus,0,3,-1.1058,2.48288e-07,-1.0616666666666665,False,consistent,down
91,ACVR1B,3,3,3,extensor digitorum longus; quadriceps femoris; tibialis anterior,OSD-576; OSD-665; OSD-666,Mus musculus,3,0,1.343,1.79618e-16,1.2840333333333334,False,consistent,up
9154,SLC28A1,3,3,3,extensor digitorum longus; soleus; tibialis anterior,OSD-105; OSD-770; OSD-99,Mus musculus,1,2,1.746,0.000123578,-0.41253333333333325,False,mixed,down
91543,RSAD2,3,3,3,gastrocnemius; quadriceps femoris; soleus,OSD-101; OSD-103; OSD-104,Mus musculus,3,0,1.3101,9.11313e-05,1.2531,False,consistent,up
91775,NXPE3,3,3,3,extensor digitorum longus; quadriceps femoris; tibialis anterior,OSD-576; OSD-665; OSD-666,Mus musculus,3,0,1.3707,2.52122e-14,1.1725,False,consistent,up
9244,CRLF1,3,3,3,extensor digitorum longus; quadriceps femoris; soleus,OSD-665; OSD-666; OSD-770,Mus musculus,0,3,-1.4559,5.52041e-07,-1.3117333333333334,False,consistent,down
9354,UBE4A,3,3,3,extensor digitorum longus; quadriceps femoris; tibialis anterior,OSD-576; OSD-665; OSD-666,Mus musculus,3,0,1.635,6.81584e-28,1.4116,False,consistent,up
9370,ADIPOQ,3,3,3,extensor digitorum longus; gastrocnemius; soleus,OSD-101; OSD-770; OSD-99,Mus musculus,1,2,-1.4611,0.00188166,-0.4867333333333334,False,mixed,down
9572,NR1D1,3,3,3,bone marrow; quadriceps femoris; soleus,OSD-326; OSD-690; OSD-770,Mus musculus,2,1,1.3181,1.81011e-05,0.43080000000000007,False,mixed,up
9636,ISG15,3,3,3,extensor digitorum longus; quadriceps femoris; tibialis anterior,OSD-103; OSD-105; OSD-99,Mus musculus,3,0,1.3322,0.00160864,1.1976,False,consistent,up
9687,GREB1,3,3,3,extensor digitorum longus; quadriceps femoris; tibialis anterior,OSD-576; OSD-665; OSD-666,Mus musculus,3,0,2.1083,3.35159e-05,1.6606333333333332,False,consistent,up
100190949,C5orf52,3,3,2,extensor digitorum longus; soleus,OSD-104; OSD-770; OSD-99,Mus musculus,1,2,-2.3338,9.15758e-15,-0.8943,False,mixed,down
10165,SLC25A13,3,3,2,quadriceps femoris; soleus,OSD-103; OSD-104; OSD-770,Mus musculus,1,2,-1.3199,1.19797e-10,-0.41383333333333333,False,mixed,down
10517,FBXW10,3,3,2,gastrocnemius; soleus,OSD-104; OSD-422; OSD-770,Mus musculus; Rattus norvegicus,2,1,1.4326,7.07176e-05,0.5450333333333334,False,mixed,up
11122,PTPRT,3,3,2,quadriceps femoris; soleus,OSD-104; OSD-666; OSD-770,Mus musculus,0,3,-2.0882,6.58602e-16,-1.8789333333333333,False,consistent,down
116028,RMI2,3,3,2,soleus; tibialis anterior,OSD-104; OSD-105; OSD-770,Mus musculus,3,0,1.7583,0.00884266,1.4538,False,consistent,up
130574,LYPD6,3,3,2,bone marrow; soleus,OSD-104; OSD-690; OSD-770,Mus musculus,1,2,1.3628,7.36276e-08,-0.43110000000000004,False,mixed,down
1475,CSTA,3,2,2,bone marrow; quadriceps femoris,OSD-666; OSD-690,Mus musculus,2,1,-4.6991,2.41814e-08,-0.12849999999999984,True,mixed,up
1491,CTH,3,3,2,quadriceps femoris; soleus,OSD-104; OSD-666; OSD-770,Mus musculus,1,2,-1.1133,6.05119e-07,-0.37010000000000004,False,mixed,down
1638,DCT,3,3,2,extensor digitorum longus; soleus,OSD-104; OSD-770; OSD-99,Mus musculus,1,2,-1.5322,3.22745e-15,-0.4854,False,mixed,down
1824,DSC2,3,3,2,quadriceps femoris; soleus,OSD-104; OSD-666; OSD-770,Mus musculus,0,3,-2.2701,1.81795e-21,-1.7375999999999998,False,consistent,down
1847,DUSP5,3,3,2,extensor digitorum longus; tibialis anterior,OSD-105; OSD-576; OSD-665,Mus musculus,1,2,-1.2648,0.00465637,-0.4818333333333333,False,mixed,down
1960,EGR3,3,3,2,extensor digitorum longus; soleus,OSD-104; OSD-770; OSD-99,Mus musculus,2,1,2.2924,8.62021e-10,0.8276333333333333,False,mixed,up
213,ALB,3,3,2,quadriceps femoris; soleus,OSD-104; OSD-666; OSD-770,Mus musculus,3,0,3.1607,0.000430027,2.6389666666666667,False,consistent,up
219595,FOLH1B,3,3,2,quadriceps femoris; soleus,OSD-104; OSD-666; OSD-770,Mus musculus,3,0,2.2945,7.36893e-06,1.9109333333333336,False,consistent,up
2346,FOLH1,3,3,2,quadriceps femoris; soleus,OSD-104; OSD-666; OSD-770,Mus musculus,3,0,2.2945,7.36893e-06,1.9109333333333336,False,consistent,up
26251,KCNG2,3,2,2,bone marrow; soleus,OSD-104; OSD-690,Mus musculus,0,3,-2.3349,0.000127327,-1.6623,False,consistent,down
26266,SLC13A4,3,3,2,quadriceps femoris; soleus,OSD-104; OSD-666; OSD-770,Mus musculus,3,0,2.0067,0.000559803,1.5084333333333333,False,consistent,up
283777,FAM169B,3,3,2,extensor digitorum longus; soleus,OSD-104; OSD-665; OSD-99,Mus musculus,1,2,1.7947,0.00357228,-0.3898,False,mixed,down
2847,MCHR1,3,3,2,quadriceps femoris; soleus,OSD-104; OSD-666; OSD-770,Mus musculus,1,2,1.5202,1.58496e-08,-0.30739999999999995,False,mixed,down
286676,ILDR1,3,3,2,extensor digitorum longus; soleus,OSD-104; OSD-665; OSD-99,Mus musculus,1,2,1.5248,2.91106e-07,-0.42430000000000007,False,mixed,down
286753,TRARG1,3,3,2,quadriceps femoris; soleus,OSD-326; OSD-666; OSD-770,Mus musculus,2,1,2.3779,1.49236e-06,0.6083666666666666,False,mixed,up
28984,RGCC,3,3,2,extensor digitorum longus; soleus,OSD-104; OSD-770; OSD-99,Mus musculus,2,1,1.6848,2.17999e-18,0.4747333333333333,False,mixed,up
2919,CXCL1,3,2,2,bone marrow; soleus,OSD-690; OSD-770,Mus musculus,3,0,1.9916,0.00257287,1.6395333333333333,False,consistent,up
2920,CXCL2,3,2,2,bone marrow; soleus,OSD-690; OSD-770,Mus musculus,3,0,1.9916,0.00257287,1.6395333333333333,False,consistent,up
2921,CXCL3,3,2,2,bone marrow; soleus,OSD-690; OSD-770,Mus musculus,3,0,1.9916,0.00257287,1.6395333333333333,False,consistent,up
2944,GSTM1,3,3,2,quadriceps femoris; soleus,OSD-104; OSD-326; OSD-770,Mus musculus,1,2,-1.6424,0.000164026,-0.6681,False,mixed,down
2949,GSTM5,3,3,2,quadriceps femoris; soleus,OSD-104; OSD-326; OSD-770,Mus musculus,1,2,-1.6424,0.000164026,-0.6681,False,mixed,down
340156,MYLK4,3,3,2,quadriceps femoris; soleus,OSD-104; OSD-326; OSD-770,Mus musculus,2,1,1.5975,4.70672e-21,0.3768,False,mixed,up
374286,FBXW10B,3,3,2,gastrocnemius; soleus,OSD-104; OSD-422; OSD-770,Mus musculus; Rattus norvegicus,2,1,1.4326,7.07176e-05,0.5450333333333334,False,mixed,up
398,ARHGDIG,3,3,2,bone marrow; soleus,OSD-104; OSD-690; OSD-770,Mus musculus,1,2,-1.489,3.13017e-09,-0.5588,False,mixed,down
4053,LTBP2,3,3,2,extensor digitorum longus; soleus,OSD-104; OSD-665; OSD-99,Mus musculus,2,1,1.7897,1.19478e-14,0.4441333333333333,False,mixed,up
41,ASIC1,3,3,2,extensor digitorum longus; soleus,OSD-104; OSD-770; OSD-99,Mus musculus,3,0,2.724,0.00111408,2.0933,False,consistent,up
4826,NNAT,3,3,2,extensor digitorum longus; quadriceps femoris,OSD-326; OSD-665; OSD-99,Mus musculus,0,3,-3.7249,0.00020347,-2.6054333333333335,False,consistent,down
4929,NR4A2,3,3,2,extensor digitorum longus; tibialis anterior,OSD-105; OSD-576; OSD-665,Mus musculus,1,2,-2.0096,2.1563e-05,-0.7186999999999998,False,mixed,down
51384,WNT16,3,3,2,soleus; tibialis anterior,OSD-104; OSD-105; OSD-770,Mus musculus,1,2,-1.6682,0.0001913,-0.6121,False,mixed,down
51673,TPPP3,3,3,2,quadriceps femoris; soleus,OSD-103; OSD-326; OSD-770,Mus musculus,2,1,1.3687,2.11687e-06,0.4547666666666667,False,mixed,up
57172,CAMK1G,3,3,2,quadriceps femoris; soleus,OSD-104; OSD-666; OSD-770,Mus musculus,0,3,-2.7948,7.07365e-22,-2.4892333333333334,False,consistent,down
5990,RFX2,3,2,2,bone marrow; soleus,OSD-690; OSD-770,Mus musculus,0,3,-1.1133,3.47782e-10,-1.0698,False,consistent,down
5997,RGS2,3,3,2,quadriceps femoris; tibialis anterior,OSD-103; OSD-105; OSD-666,Mus musculus,3,0,1.3738,1.27463e-07,1.2111,False,consistent,up
6347,CCL2,3,2,2,bone marrow; tibialis anterior,OSD-576; OSD-690,Mus musculus,2,1,-2.6417,3.33484e-05,-0.03663333333333337,False,mixed,up
643965,TMEM88B,3,2,2,bone marrow; soleus,OSD-690; OSD-770,Mus musculus,0,3,-2.0322,1.39625e-07,-1.6887,False,consistent,down
6581,SLC22A3,3,3,2,quadriceps femoris; soleus,OSD-104; OSD-666; OSD-770,Mus musculus,3,0,2.12,5.39908e-42,1.4671333333333336,False,consistent,up
6585,SLIT1,3,2,2,bone marrow; soleus,OSD-690; OSD-770,Mus musculus,0,3,-1.972,4.82364e-07,-1.4695333333333334,False,consistent,down
7127,TNFAIP2,3,3,2,quadriceps femoris; soleus,OSD-326; OSD-666; OSD-770,Mus musculus,1,2,1.2564,2.67473e-07,-0.3872,False,mixed,down
728537,C2orf92,3,3,2,extensor digitorum longus; soleus,OSD-104; OSD-665; OSD-770,Mus musculus,2,1,1.7126,1.11894e-06,0.41813333333333325,False,mixed,up
7780,SLC30A2,3,3,2,extensor digitorum longus; tibialis anterior,OSD-105; OSD-576; OSD-665,Mus musculus,3,0,2.2061,2.00017e-15,1.5586333333333335,False,consistent,up
7783,ZP2,3,3,2,extensor digitorum longus; soleus,OSD-104; OSD-770; OSD-99,Mus musculus,1,2,-2.4676,3.27272e-10,-0.5937666666666666,False,mixed,down
79094,CHAC1,3,3,2,extensor digitorum longus; tibialis anterior,OSD-576; OSD-665; OSD-99,Mus musculus,2,1,-1.6123,0.000499679,0.40206666666666663,False,mixed,up
79733,E2F8,3,3,2,extensor digitorum longus; soleus,OSD-104; OSD-770; OSD-99,Mus musculus,3,0,3.2841,9.3514e-07,1.9074,False,consistent,up
79805,VASH2,3,3,2,quadriceps femoris; soleus,OSD-103; OSD-666; OSD-770,Mus musculus,2,1,2.1495,0.00174,0.7581333333333333,False,mixed,up
80339,PNPLA3,3,3,2,quadriceps femoris; soleus,OSD-103; OSD-104; OSD-666,Mus musculus,3,0,1.5268,2.36426e-10,1.3116333333333332,False,consistent,up
81030,ZBP1,3,3,2,soleus; tibialis anterior,OSD-104; OSD-105; OSD-770,Mus musculus,2,1,1.627,0.0185428,0.43933333333333335,False,mixed,up
81575,APOLD1,3,3,2,gastrocnemius; soleus,OSD-101; OSD-104; OSD-770,Mus musculus,1,2,-2.1125,9.36018e-10,-0.6616000000000001,False,mixed,down
84440,RAB11FIP4,3,3,2,quadriceps femoris; soleus,OSD-104; OSD-666; OSD-770,Mus musculus,3,0,1.282,9.73576e-05,1.1893666666666667,False,consistent,up
84830,ADTRP,3,2,2,bone marrow; soleus,OSD-690; OSD-770,Mus musculus,3,0,2.5306,0.000190176,1.5726666666666667,False,consistent,up
8608,RDH16,3,3,2,quadriceps femoris; soleus,OSD-104; OSD-666; OSD-770,Mus musculus,3,0,2.94,0.00162919,2.3566333333333334,True,consistent,up
869,CBLN1,3,2,2,bone marrow; soleus,OSD-104; OSD-690,Mus musculus,1,2,2.8801,0.0140675,0.11393333333333337,False,mixed,down
8786,RGS11,3,3,2,soleus; tibialis anterior,OSD-104; OSD-576; OSD-770,Mus musculus,1,2,-2.1163,0.000213327,-0.5363666666666667,False,mixed,down
92840,REEP6,3,3,2,bone marrow; soleus,OSD-104; OSD-690; OSD-770,Mus musculus,0,3,-1.5487,4.19967e-31,-1.2713666666666665,False,consistent,down
9315,NREP,3,3,2,gastrocnemius; soleus,OSD-104; OSD-419; OSD-770,Mus musculus,3,0,1.5561,3.48495e-22,1.2411666666666668,False,consistent,up
9348,NDST3,3,2,2,bone marrow; tibialis anterior,OSD-576; OSD-690,Mus musculus,0,3,-2.2769,0.0168686,-1.9515666666666667,False,consistent,down
9717,SEC14L5,3,3,2,quadriceps femoris; soleus,OSD-326; OSD-666; OSD-770,Mus musculus,1,2,-1.1555,1.52145e-06,-0.37656666666666666,False,mixed,down
1001,CDH3,2,2,2,quadriceps femoris; soleus,OSD-104; OSD-666,Mus musculus,2,0,2.192,0.00163003,2.02625,False,consistent,up
100170841,EPOP,2,2,2,quadriceps femoris; tibialis anterior,OSD-576; OSD-666,Mus musculus,2,0,1.4785,0.00042672,1.2925499999999999,False,consistent,up
10023,FRAT1,2,2,2,quadriceps femoris; soleus,OSD-666; OSD-770,Mus musculus,2,0,1.5898,1.67798e-09,1.32285,False,consistent,up
100526694,MSANTD3-TMEFF1,2,2,2,quadriceps femoris; soleus,OSD-104; OSD-666,Mus musculus,1,1,-1.678,1.12932e-23,-0.0867,False,mixed,mixed
10170,DHRS9,2,2,2,quadriceps femoris; soleus,OSD-104; OSD-666,Mus musculus,0,2,-3.7399,1.85091e-15,-2.49895,False,consistent,down
10242,KCNMB2,2,2,2,extensor digitorum longus; soleus,OSD-104; OSD-665,Mus musculus,2,0,1.7088,0.0258169,1.6302,False,consistent,up
102724657,MSANTD5,2,2,2,quadriceps femoris; soleus,OSD-104; OSD-666,Mus musculus,0,2,-2.3661,2.23391e-07,-1.7993999999999999,False,consistent,down
10332,CLEC4M,2,2,2,bone marrow; soleus,OSD-690; OSD-770,Mus musculus,0,2,-1.2815,0.0292939,-1.2205,False,consistent,down
1036,CDO1,2,2,2,quadriceps femoris; soleus,OSD-666; OSD-770,Mus musculus,2,0,1.805,1.00399e-06,1.7088999999999999,False,consistent,up
10370,CITED2,2,2,2,soleus; tibialis anterior,OSD-576; OSD-770,Mus musculus,2,0,1.6431,6.49561e-09,1.5003,False,consistent,up
10457,GPNMB,2,2,2,quadriceps femoris; tibialis anterior,OSD-576; OSD-666,Mus musculus,2,0,1.1571,5.30299e-05,1.11345,False,consistent,up
10460,TACC3,2,2,2,extensor digitorum longus; soleus,OSD-665; OSD-770,Mus musculus,2,0,1.219,2.23558e-10,1.17725,False,consistent,up
10462,CLEC10A,2,2,2,extensor digitorum longus; soleus,OSD-665; OSD-770,Mus musculus,0,2,-1.0794,2.59006e-06,-1.07625,False,consistent,down
10603,SH2B2,2,2,2,soleus; tibialis anterior,OSD-576; OSD-770,Mus musculus,2,0,1.1024,0.000214577,1.0992000000000002,False,consistent,up
10631,POSTN,2,2,2,extensor digitorum longus; tibialis anterior,OSD-576; OSD-99,Mus musculus,2,0,1.3744,1.14679e-07,1.2613,False,consistent,up
10661,KLF1,2,2,2,bone marrow; soleus,OSD-690; OSD-770,Mus musculus,0,2,-2.7193,1.8019e-09,-1.9151,False,consistent,down
10808,HSPH1,2,2,2,extensor digitorum longus; quadriceps femoris,OSD-665; OSD-666,Mus musculus,0,2,-1.2964,1.57181e-06,-1.1738499999999998,False,consistent,down
10865,ARID5A,2,2,2,gastrocnemius; soleus,OSD-422; OSD-770,Mus musculus; Rattus norvegicus,1,1,-3.4076,0.000157888,-1.0345,False,mixed,mixed
10913,EDAR,2,2,2,quadriceps femoris; soleus,OSD-666; OSD-770,Mus musculus,2,0,2.6151,6.16425e-10,1.8847,False,consistent,up
10990,LILRB5,2,2,2,extensor digitorum longus; quadriceps femoris,OSD-666; OSD-99,Mus musculus,1,1,-1.2776,0.00588974,-0.038550000000000084,True,mixed,mixed
11024,LILRA1,2,2,2,extensor digitorum longus; quadriceps femoris,OSD-666; OSD-99,Mus musculus,1,1,-1.2776,0.00588974,-0.038550000000000084,True,mixed,mixed
11025,LILRB3|LOC102725035|LOC107987425|LOC107987462,2,2,2,extensor digitorum longus; quadriceps femoris,OSD-666; OSD-99,Mus musculus,1,1,-1.2776,0.00588974,-0.038550000000000084,True,mixed,mixed
11027,LILRA2,2,2,2,extensor digitorum longus; quadriceps femoris,OSD-666; OSD-99,Mus musculus,1,1,-1.2776,0.00588974,-0.038550000000000084,True,mixed,mixed
11130,ZWINT,2,2,2,quadriceps femoris; soleus,OSD-666; OSD-770,Mus musculus,2,0,1.3274,2.98463e-29,1.2182499999999998,False,consistent,up
11238,CA5B,2,2,2,quadriceps femoris; soleus,OSD-666; OSD-770,Mus musculus,2,0,1.8982,0.000267936,1.48575,False,consistent,up
1129,CHRM2,2,2,2,soleus; tibialis anterior,OSD-576; OSD-770,Mus musculus,2,0,1.9799,0.0163193,1.77215,False,consistent,up
114899,C1QTNF3,2,2,2,quadriceps femoris; soleus,OSD-666; OSD-770,Mus musculus,0,2,-1.7048,4.03336e-06,-1.7028,False,consistent,down
115265,DDIT4L,2,2,2,bone marrow; soleus,OSD-104; OSD-690,Mus musculus,1,1,-2.2303,7.76159e-20,-0.3216000000000001,False,mixed,mixed
115908,CTHRC1,2,2,2,extensor digitorum longus; soleus,OSD-770; OSD-99,Mus musculus,1,1,-2.3268,0.00289172,-0.4303,False,mixed,mixed
116085,SLC22A12,2,2,2,soleus; tibialis anterior,OSD-576; OSD-770,Mus musculus,2,0,2.7367,4.13551e-06,2.3039,False,consistent,up
116362,RBP7,2,2,2,extensor digitorum longus; tibialis anterior,OSD-576; OSD-665,Mus musculus,0,2,-1.3738,7.19245e-05,-1.3227,False,consistent,down
12,SERPINA3,2,2,2,soleus; tibialis anterior,OSD-576; OSD-770,Mus musculus,2,0,1.2552,0.000205988,1.18445,False,consistent,up
120224,TMEM45B,2,2,2,quadriceps femoris; soleus,OSD-666; OSD-770,Mus musculus,2,0,2.3445,0.00759845,1.94355,False,consistent,up
121504,H4-16,2,2,2,extensor digitorum longus; soleus,OSD-770; OSD-99,Mus musculus,2,0,1.9785,0.0102514,1.50705,False,consistent,up
122970,ACOT4,2,2,2,extensor digitorum longus; quadriceps femoris,OSD-665; OSD-666,Mus musculus,2,0,1.7037,0.00030017,1.62595,False,consistent,up
1230,CCR1,2,2,2,extensor digitorum longus; tibialis anterior,OSD-105; OSD-99,Mus musculus,2,0,1.177,0.00951098,1.1387,False,consistent,up
123745,PLA2G4E,2,2,2,quadriceps femoris; soleus,OSD-666; OSD-770,Mus musculus,2,0,1.0895,4.06074e-11,1.07605,False,consistent,up
1261,CNGA3,2,2,2,quadriceps femoris; soleus,OSD-666; OSD-770,Mus musculus,0,2,-1.2961,0.000167169,-1.16485,False,consistent,down
126961,H3C14,2,2,2,extensor digitorum longus; tibialis anterior,OSD-576; OSD-99,Mus musculus,2,0,2.2677,6.00195e-05,1.66635,True,consistent,up
1272,CNTN1,2,2,2,soleus; tibialis anterior,OSD-576; OSD-770,Mus musculus,2,0,2.5379,0.0009553,1.9278,False,consistent,up
127602,DNAH14,2,2,2,extensor digitorum longus; soleus,OSD-665; OSD-770,Mus musculus,2,0,4.1791,0.00111389,3.6689,False,consistent,up
127707,KLHDC7A,2,2,2,quadriceps femoris; soleus,OSD-666; OSD-770,Mus musculus,2,0,2.3137,0.0010107,1.78395,False,consistent,up
130399,ACVR1C,2,2,2,quadriceps femoris; soleus,OSD-666; OSD-770,Mus musculus,2,0,2.0327,0.000252173,1.76045,False,consistent,up
134,ADORA1,2,2,2,quadriceps femoris; soleus,OSD-666; OSD-770,Mus musculus,2,0,2.1095,8.17916e-06,1.86715,False,consistent,up
139285,AMER1,2,2,2,quadriceps femoris; soleus,OSD-666; OSD-770,Mus musculus,2,0,2.0825,8.41151e-38,1.6411,False,consistent,up
140809,SRXN1,2,2,2,extensor digitorum longus; tibialis anterior,OSD-576; OSD-665,Mus musculus,0,2,-1.7147,6.13486e-05,-1.5992,False,consistent,down
145483,FAM161B,2,2,2,extensor digitorum longus; soleus,OSD-665; OSD-770,Mus musculus,0,2,-2.0304,2.71023e-16,-1.5189500000000002,False,consistent,down
145957,NRG4,2,2,2,quadriceps femoris; soleus,OSD-666; OSD-770,Mus musculus,2,0,1.8143,0.00390756,1.47215,False,consistent,up
146556,C16orf89,2,2,2,quadriceps femoris; soleus,OSD-666; OSD-770,Mus musculus,0,2,-1.2993,0.000353654,-1.20895,False,consistent,down
149647,GARIN4,2,2,2,quadriceps femoris; soleus,OSD-666; OSD-770,Mus musculus,2,0,5.2144,4.08745e-13,3.8582,False,consistent,up
1510,CTSE,2,2,2,quadriceps femoris; soleus,OSD-666; OSD-770,Mus musculus,2,0,2.0977,0.0054921,2.0864000000000003,False,consistent,up
151176,ERFE,2,2,2,extensor digitorum longus; tibialis anterior,OSD-576; OSD-665,Mus musculus,0,2,-1.1135,0.00302526,-1.1021999999999998,False,consistent,down
151516,ASPRV1|PCBP1-AS1,2,2,2,bone marrow; soleus,OSD-104; OSD-690,Mus musculus,2,0,3.0964,9.63531e-09,2.14685,False,consistent,up
151887,CCDC80,2,2,2,quadriceps femoris; soleus,OSD-104; OSD-326,Mus musculus,0,2,-1.17,3.25059e-20,-1.10575,False,consistent,down
152831,KLB,2,2,2,quadriceps femoris; soleus,OSD-666; OSD-770,Mus musculus,2,0,2.3966,0.000344186,2.291,False,consistent,up
153020,RASGEF1B,2,2,2,extensor digitorum longus; tibialis anterior,OSD-576; OSD-665,Mus musculus,0,2,-1.3111,6.51172e-06,-1.29635,False,consistent,down
1571,CYP2E1,2,2,2,soleus; tibialis anterior,OSD-105; OSD-770,Mus musculus,1,1,1.7572,0.00211184,0.20490000000000008,False,mixed,mixed
157570,ESCO2,2,2,2,extensor digitorum longus; quadriceps femoris,OSD-665; OSD-666,Mus musculus,0,2,-1.9628,0.00908631,-1.8235000000000001,False,consistent,down
158471,PRUNE2,2,2,2,gastrocnemius; quadriceps femoris,OSD-326; OSD-422,Mus musculus; Rattus norvegicus,1,1,6.3074,0.0209791,2.1816000000000004,False,mixed,mixed
161142,GARIN2,2,2,2,extensor digitorum longus; tibialis anterior,OSD-576; OSD-665,Mus musculus,0,2,-3.4334,0.000443767,-2.76565,False,consistent,down
162494,RHBDL3,2,2,2,bone marrow; soleus,OSD-104; OSD-690,Mus musculus,1,1,-1.7172,3.31104e-18,-0.27885000000000004,False,mixed,mixed
1649,DDIT3,2,2,2,quadriceps femoris; tibialis anterior,OSD-576; OSD-666,Mus musculus,0,2,-1.1345,8.69942e-06,-1.10865,False,consistent,down
165829,GPR156,2,2,2,quadriceps femoris; soleus,OSD-666; OSD-770,Mus musculus,2,0,2.8972,0.00461401,2.2771,False,consistent,up
170394,PWWP2B,2,2,2,soleus; tibialis anterior,OSD-576; OSD-770,Mus musculus,0,2,-1.1397,3.42111e-07,-1.0728,False,consistent,down
1734,DIO2,2,2,2,extensor digitorum longus; quadriceps femoris,OSD-666; OSD-99,Mus musculus,1,1,1.2397,0.000292204,0.07884999999999998,False,mixed,mixed
1758,DMP1,2,2,2,quadriceps femoris; tibialis anterior,OSD-576; OSD-666,Mus musculus,2,0,3.3677,0.000157312,2.2750500000000002,False,consistent,up
1832,DSP,2,2,2,quadriceps femoris; soleus,OSD-104; OSD-666,Mus musculus,1,1,4.0146,0.000368134,1.0414999999999999,False,mixed,mixed
1959,EGR2,2,2,2,soleus; tibialis anterior,OSD-105; OSD-770,Mus musculus,2,0,2.1395,9.97438e-08,1.5913,False,consistent,up
197021,LCTL,2,2,2,quadriceps femoris; soleus,OSD-104; OSD-666,Mus musculus,1,1,-2.7539,0.00072877,-0.3334499999999998,False,mixed,mixed
1978,EIF4EBP1,2,2,2,quadriceps femoris; soleus,OSD-666; OSD-770,Mus musculus,2,0,1.3803,1.55823e-14,1.23235,False,consistent,up
199786,NIBAN3,2,2,2,bone marrow; quadriceps femoris,OSD-666; OSD-690,Mus musculus,0,2,-1.217,2.56441e-05,-1.1209,False,consistent,down
199920,FYB2,2,2,2,quadriceps femoris; soleus,OSD-666; OSD-770,Mus musculus,2,0,1.7394,0.0126998,1.582,False,consistent,up
2104,ESRRG,2,2,2,quadriceps femoris; soleus,OSD-666; OSD-770,Mus musculus,0,2,-1.8268,1.25082e-20,-1.5712000000000002,False,consistent,down
212,ALAS2,2,2,2,extensor digitorum longus; soleus,OSD-665; OSD-770,Mus musculus,2,0,1.4417,5.38315e-08,1.3088,False,consistent,up
216,ALDH1A1,2,2,2,quadriceps femoris; soleus,OSD-666; OSD-770,Mus musculus,2,0,2.8813,6.05889e-05,2.37945,True,consistent,up
221074,SLC39A12,2,2,2,quadriceps femoris; tibialis anterior,OSD-105; OSD-666,Mus musculus,1,1,1.1868,0.0402346,0.08485000000000009,False,mixed,mixed
221357,GSTA5,2,2,2,quadriceps femoris; soleus,OSD-666; OSD-770,Mus musculus,1,1,-4.0036,4.30697e-08,-1.4285499999999998,True,mixed,mixed
222,ALDH3B2,2,2,2,bone marrow; quadriceps femoris,OSD-666; OSD-690,Mus musculus,1,1,1.9168,6.50239e-06,0.18535000000000001,False,mixed,mixed
222537,HS3ST5,2,2,2,quadriceps femoris; soleus,OSD-666; OSD-770,Mus musculus,2,0,1.2763,9.09075e-07,1.15235,False,consistent,up
2250,FGF5,2,2,2,extensor digitorum longus; soleus,OSD-104; OSD-99,Mus musculus,1,1,-1.057,0.00595138,-0.017000000000000015,False,mixed,mixed
2277,VEGFD,2,2,2,bone marrow; tibialis anterior,OSD-576; OSD-690,Mus musculus,1,1,-1.7441,0.00246675,-0.24280000000000002,False,mixed,mixed
22846,VASH1,2,2,2,bone marrow; soleus,OSD-690; OSD-770,Mus musculus,0,2,-1.2888,5.63952e-07,-1.23385,False,consistent,down
22936,ELL2,2,2,2,gastrocnemius; soleus,OSD-422; OSD-770,Mus musculus; Rattus norvegicus,2,0,1.935,3.78157e-11,1.5851000000000002,False,consistent,up
22979,EFR3B,2,2,2,quadriceps femoris; soleus,OSD-666; OSD-770,Mus musculus,0,2,-1.2157,1.78589e-08,-1.1938499999999999,False,consistent,down
22987,SV2C,2,2,2,extensor digitorum longus; tibialis anterior,OSD-576; OSD-665,Mus musculus,0,2,-1.2232,0.00407292,-1.1925,False,consistent,down
22996,TTC39A,2,2,2,bone marrow; soleus,OSD-104; OSD-690,Mus musculus,0,2,-1.2617,4.81203e-05,-1.1437,False,consistent,down
23090,ZNF423,2,2,2,extensor digitorum longus; quadriceps femoris,OSD-665; OSD-666,Mus musculus,2,0,1.0663,1.101e-06,1.038,False,consistent,up
23145,SSPOP,2,2,2,extensor digitorum longus; tibialis anterior,OSD-576; OSD-665,Mus musculus,2,0,2.2933,0.000828057,1.96935,False,consistent,up
23151,GRAMD4,2,2,2,quadriceps femoris; tibialis anterior,OSD-326; OSD-576,Mus musculus,1,1,1.0383,0.00243944,0.010600000000000054,False,mixed,mixed
23170,TTLL12,2,2,2,bone marrow; soleus,OSD-690; OSD-770,Mus musculus,0,2,-1.2003,2.38739e-11,-1.11035,False,consistent,down
2329,FMO4,2,2,2,quadriceps femoris; soleus,OSD-666; OSD-770,Mus musculus,2,0,1.1394,0.0061073,1.1212499999999999,False,consistent,up
23336,SYNM,2,2,2,bone marrow; soleus,OSD-690; OSD-770,Mus musculus,1,1,1.0989,1.4237e-11,0.0009500000000000064,False,mixed,mixed
23530,NNT,2,2,2,extensor digitorum longus; soleus,OSD-665; OSD-770,Mus musculus,1,1,-1.0803,8.07133e-15,-0.011299999999999977,False,mixed,mixed
23547,LILRA4,2,2,2,extensor digitorum longus; quadriceps femoris,OSD-666; OSD-99,Mus musculus,1,1,-1.2776,0.00588974,-0.038550000000000084,True,mixed,mixed
23550,PSD4,2,2,2,extensor digitorum longus; soleus,OSD-104; OSD-99,Mus musculus,2,0,1.2491,0.00614607,1.2387000000000001,False,consistent,up
23620,NTSR2,2,2,2,soleus; tibialis anterior,OSD-576; OSD-770,Mus musculus,0,2,-1.4807,0.00841452,-1.31425,False,consistent,down
23627,PRND,2,2,2,extensor digitorum longus; quadriceps femoris,OSD-666; OSD-99,Mus musculus,1,1,2.9597,1.76375e-05,0.15000000000000013,False,mixed,mixed
23632,CA14,2,2,2,quadriceps femoris; soleus,OSD-666; OSD-770,Mus musculus,2,0,1.3715,1.50462e-08,1.24145,False,consistent,up
23764,MAFF,2,2,2,gastrocnemius; tibialis anterior,OSD-105; OSD-422,Mus musculus; Rattus norvegicus,2,0,3.5872,0.0191171,2.4724500000000003,False,consistent,up
245972,ATP6V0D2,2,2,2,soleus; tibialis anterior,OSD-104; OSD-576,Mus musculus,2,0,3.2741,0.0258803,2.5359499999999997,False,consistent,up
255057,CBARP,2,2,2,extensor digitorum longus; quadriceps femoris,OSD-665; OSD-666,Mus musculus,0,2,-1.3766,0.00124259,-1.2246000000000001,False,consistent,down
26059,ERC2,2,2,2,soleus; tibialis anterior,OSD-576; OSD-770,Mus musculus,2,0,1.647,0.00107955,1.3415,False,consistent,up
2615,LRRC32,2,2,2,bone marrow; soleus,OSD-104; OSD-690,Mus musculus,0,2,-1.0272,1.65688e-07,-1.0219999999999998,False,consistent,down
26230,TIAM2,2,2,2,extensor digitorum longus; soleus,OSD-770; OSD-99,Mus musculus,2,0,1.7011,1.10227e-09,1.39905,False,consistent,up
2637,GBX2,2,2,2,extensor digitorum longus; quadriceps femoris,OSD-665; OSD-666,Mus musculus,0,2,-2.0137,0.0190836,-1.84155,False,consistent,down
2652,OPN1MW,2,2,2,quadriceps femoris; soleus,OSD-666; OSD-770,Mus musculus,2,0,1.8992,0.00323176,1.4585,False,consistent,up
2668,GDNF,2,2,2,quadriceps femoris; soleus,OSD-666; OSD-770,Mus musculus,2,0,2.6345,5.90594e-14,2.05025,False,consistent,up
2674,GFRA1,2,2,2,bone marrow; soleus,OSD-690; OSD-770,Mus musculus,1,1,-1.2652,3.61575e-12,-0.08455000000000001,False,mixed,mixed
27019,DNAI1,2,2,2,extensor digitorum longus; tibialis anterior,OSD-576; OSD-665,Mus musculus,0,2,-2.2703,0.000455777,-1.9644500000000003,False,consistent,down
27106,ARRDC2,2,2,2,soleus; tibialis anterior,OSD-104; OSD-576,Mus musculus,2,0,2.2218,1.22727e-41,1.65265,False,consistent,up
27123,DKK2,2,2,2,extensor digitorum longus; soleus,OSD-770; OSD-99,Mus musculus,0,2,-1.1162,0.00334817,-1.09575,False,consistent,down
272,AMPD3,2,2,2,extensor digitorum longus; tibialis anterior,OSD-576; OSD-665,Mus musculus,2,0,1.2073,1.39532e-19,1.1113,False,consistent,up
27246,RNF115,2,2,2,extensor digitorum longus; soleus,OSD-770; OSD-99,Mus musculus,2,0,2.5585,5.49203e-32,1.80105,False,consistent,up
27314,RAB30,2,2,2,extensor digitorum longus; tibialis anterior,OSD-576; OSD-665,Mus musculus,0,2,-1.5211,9.13158e-07,-1.43195,False,consistent,down
2786,GNG4,2,2,2,extensor digitorum longus; quadriceps femoris,OSD-665; OSD-666,Mus musculus,0,2,-2.9913,7.72689e-07,-2.16675,False,consistent,down
2828,GPR4,2,2,2,bone marrow; tibialis anterior,OSD-576; OSD-690,Mus musculus,0,2,-1.9315,0.0186741,-1.5592000000000001,False,consistent,down
283248,RCOR2,2,2,2,bone marrow; quadriceps femoris,OSD-666; OSD-690,Mus musculus,1,1,-1.2714,0.00836888,-0.08940000000000003,False,mixed,mixed
283455,KSR2,2,2,2,quadriceps femoris; tibialis anterior,OSD-576; OSD-666,Mus musculus,0,2,-1.9274,6.15931e-05,-1.71445,False,consistent,down
283461,C12orf40,2,2,2,extensor digitorum longus; tibialis anterior,OSD-576; OSD-665,Mus musculus,2,0,1.6955,5.40628e-06,1.55885,False,consistent,up
284114,TMEM102,2,2,2,extensor digitorum longus; tibialis anterior,OSD-576; OSD-665,Mus musculus,2,0,2.1001,0.00633187,1.90395,False,consistent,up
284217,LAMA1,2,2,2,quadriceps femoris; tibialis anterior,OSD-576; OSD-666,Mus musculus,0,2,-2.2615,0.020778,-2.12615,False,consistent,down
284439,SLC25A42,2,2,2,bone marrow; soleus,OSD-690; OSD-770,Mus musculus,0,2,-1.1549,1.20648e-11,-1.1120999999999999,False,consistent,down
285313,IGSF10,2,2,2,bone marrow; soleus,OSD-690; OSD-770,Mus musculus,0,2,-1.3704,9.93884e-10,-1.2368000000000001,False,consistent,down
286077,FAM83H,2,2,2,quadriceps femoris; tibialis anterior,OSD-576; OSD-666,Mus musculus,2,0,1.0932,2.89561e-06,1.0850499999999998,False,consistent,up
29128,UHRF1,2,2,2,extensor digitorum longus; soleus,OSD-104; OSD-99,Mus musculus,2,0,1.1315,0.000526739,1.10195,False,consistent,up
2938,GSTA1,2,2,2,quadriceps femoris; soleus,OSD-666; OSD-770,Mus musculus,1,1,-4.0036,4.30697e-08,-1.4285499999999998,True,mixed,mixed
2939,GSTA2,2,2,2,quadriceps femoris; soleus,OSD-666; OSD-770,Mus musculus,1,1,-4.0036,4.30697e-08,-1.4285499999999998,True,mixed,mixed
2940,GSTA3,2,2,2,quadriceps femoris; soleus,OSD-666; OSD-770,Mus musculus,1,1,-4.0036,4.30697e-08,-1.4285499999999998,True,mixed,mixed
2979,GUCA1B,2,2,2,extensor digitorum longus; quadriceps femoris,OSD-665; OSD-666,Mus musculus,0,2,-1.2631,5.73221e-05,-1.2149999999999999,False,consistent,down
2993,GYPA,2,2,2,extensor digitorum longus; soleus,OSD-665; OSD-770,Mus musculus,2,0,1.6514,0.00870469,1.5505499999999999,False,consistent,up
2994,GYPB,2,2,2,extensor digitorum longus; soleus,OSD-665; OSD-770,Mus musculus,2,0,1.6514,0.00870469,1.5505499999999999,False,consistent,up
2996,GYPE,2,2,2,extensor digitorum longus; soleus,OSD-665; OSD-770,Mus musculus,2,0,1.6514,0.00870469,1.5505499999999999,False,consistent,up
3036,HAS1,2,2,2,quadriceps femoris; soleus,OSD-104; OSD-666,Mus musculus,0,2,-2.4973,0.00131444,-1.9676,False,consistent,down
3039,HBA1,2,2,2,extensor digitorum longus; soleus,OSD-665; OSD-770,Mus musculus,2,0,1.3348,0.000289146,1.28165,True,consistent,up
3040,HBA2,2,2,2,extensor digitorum longus; soleus,OSD-665; OSD-770,Mus musculus,2,0,1.3348,0.000289146,1.28165,True,consistent,up
3043,HBB,2,2,2,extensor digitorum longus; soleus,OSD-665; OSD-770,Mus musculus,2,0,1.2887,8.96223e-05,1.1940499999999998,True,consistent,up
3045,HBD,2,2,2,extensor digitorum longus; soleus,OSD-665; OSD-770,Mus musculus,2,0,1.2887,8.96223e-05,1.1940499999999998,True,consistent,up
30835,CD209,2,2,2,extensor digitorum longus; soleus,OSD-665; OSD-770,Mus musculus,0,2,-1.2815,0.00145122,-1.1674,False,consistent,down
3105,HLA-A,2,2,2,quadriceps femoris; soleus,OSD-666; OSD-770,Mus musculus,2,0,2.1354,4.5e-05,2.00075,False,consistent,up
3106,HLA-B,2,2,2,quadriceps femoris; soleus,OSD-666; OSD-770,Mus musculus,2,0,2.1354,4.5e-05,2.00075,False,consistent,up
3107,HLA-C,2,2,2,quadriceps femoris; soleus,OSD-666; OSD-770,Mus musculus,2,0,2.1354,4.5e-05,2.00075,False,consistent,up
3133,HLA-E,2,2,2,quadriceps femoris; soleus,OSD-666; OSD-770,Mus musculus,2,0,2.1354,4.5e-05,2.00075,False,consistent,up
3134,HLA-F,2,2,2,quadriceps femoris; soleus,OSD-666; OSD-770,Mus musculus,2,0,2.1354,4.5e-05,2.00075,False,consistent,up
3135,HLA-G,2,2,2,quadriceps femoris; soleus,OSD-666; OSD-770,Mus musculus,2,0,2.1354,4.5e-05,2.00075,False,consistent,up
317705,VN1R5,2,2,2,quadriceps femoris; soleus,OSD-666; OSD-770,Mus musculus,2,0,3.1386,0.025274,2.19075,True,consistent,up
3248,HPGD,2,2,2,quadriceps femoris; soleus,OSD-666; OSD-770,Mus musculus,2,0,1.4018,0.000537501,1.3577,False,consistent,up
3336,HSPE1,2,2,2,extensor digitorum longus; quadriceps femoris,OSD-665; OSD-666,Mus musculus,0,2,-1.259,5.81907e-06,-1.1532499999999999,False,consistent,down
333932,H3C15,2,2,2,extensor digitorum longus; tibialis anterior,OSD-576; OSD-99,Mus musculus,2,0,2.2677,6.00195e-05,1.66635,True,consistent,up
338707,B4GALNT4,2,2,2,extensor digitorum longus; quadriceps femoris,OSD-665; OSD-666,Mus musculus,2,0,1.4067,0.0241983,1.2538,False,consistent,up
341676,NEK5,2,2,2,quadriceps femoris; tibialis anterior,OSD-103; OSD-105,Mus musculus,0,2,-1.2612,0.00156919,-1.1449500000000001,False,consistent,down
3417,IDH1,2,2,2,extensor digitorum longus; tibialis anterior,OSD-576; OSD-665,Mus musculus,2,0,1.1909,2.00177e-24,1.1446,False,consistent,up
342527,SMTNL2,2,2,2,bone marrow; soleus,OSD-104; OSD-690,Mus musculus,1,1,-1.1831,3.76013e-19,-0.04910000000000003,False,mixed,mixed
343099,CCDC18,2,2,2,quadriceps femoris; soleus,OSD-666; OSD-770,Mus musculus,2,0,1.6484,0.013819,1.6225,False,consistent,up
344065,LOC344065,2,2,2,quadriceps femoris; tibialis anterior,OSD-576; OSD-666,Mus musculus,0,2,-1.0579,2.63479e-06,-1.02975,False,consistent,down
345611,IRGM,2,2,2,soleus; tibialis anterior,OSD-576; OSD-770,Mus musculus,0,2,-1.3328,9.74762e-07,-1.1760000000000002,True,consistent,down
348807,CFAP100,2,2,2,extensor digitorum longus; tibialis anterior,OSD-576; OSD-665,Mus musculus,2,0,2.7413,2.74053e-05,1.95345,False,consistent,up
3491,CCN1,2,2,2,gastrocnemius; soleus,OSD-422; OSD-770,Mus musculus; Rattus norvegicus,2,0,3.1534,3.58634e-45,2.9596999999999998,False,consistent,up
3507,IGHM,2,2,2,soleus; tibialis anterior,OSD-105; OSD-770,Mus musculus,2,0,2.4695,3.5752e-10,1.8634,False,consistent,up
352954,CASTOR3,2,2,2,bone marrow; soleus,OSD-104; OSD-690,Mus musculus,1,1,-1.3807,3.71743e-25,-0.14990000000000003,False,mixed,mixed
353497,POLN,2,2,2,extensor digitorum longus; tibialis anterior,OSD-105; OSD-665,Mus musculus,2,0,1.8095,0.00267104,1.5981,False,consistent,up
353514,LILRA5,2,2,2,extensor digitorum longus; quadriceps femoris,OSD-666; OSD-99,Mus musculus,1,1,-1.2776,0.00588974,-0.038550000000000084,True,mixed,mixed
3575,IL7R,2,2,2,extensor digitorum longus; tibialis anterior,OSD-576; OSD-665,Mus musculus,2,0,1.5716,0.0100793,1.43045,False,consistent,up
3627,CXCL10,2,2,2,soleus; tibialis anterior,OSD-576; OSD-770,Mus musculus,1,1,-2.2507,0.0012822,-0.18185000000000007,False,mixed,mixed
3665,IRF7,2,2,2,extensor digitorum longus; soleus,OSD-104; OSD-99,Mus musculus,2,0,1.1702,0.0137424,1.1132,False,consistent,up
3726,JUNB,2,2,2,extensor digitorum longus; tibialis anterior,OSD-105; OSD-665,Mus musculus,1,1,1.3621,0.0043473,0.17745,False,mixed,mixed
374403,TBC1D10C,2,2,2,extensor digitorum longus; quadriceps femoris,OSD-665; OSD-666,Mus musculus,0,2,-1.3768,2.97804e-10,-1.2215500000000001,False,consistent,down
374928,ZNF773,2,2,2,quadriceps femoris; tibialis anterior,OSD-576; OSD-666,Mus musculus,0,2,-1.0579,2.63479e-06,-1.02975,False,consistent,down
3754,KCNF1,2,2,2,gastrocnemius; soleus,OSD-101; OSD-104,Mus musculus,1,1,-2.1439,9.34514e-07,-0.4567,False,mixed,mixed
3772,KCNJ15,2,2,2,quadriceps femoris; soleus,OSD-666; OSD-770,Mus musculus,2,0,2.5773,2.44143e-06,2.141,False,consistent,up
386746,MRGPRG,2,2,2,extensor digitorum longus; soleus,OSD-770; OSD-99,Mus musculus,2,0,2.846,0.00425808,2.61255,False,consistent,up
388531,RGS9BP,2,2,2,quadriceps femoris; tibialis anterior,OSD-576; OSD-666,Mus musculus,0,2,-1.6436,1.01789e-06,-1.48945,False,consistent,down
388795,EFCAB8,2,2,2,quadriceps femoris; soleus,OSD-666; OSD-770,Mus musculus,2,0,2.674,0.00285336,2.19305,False,consistent,up
3918,LAMC2,2,2,2,extensor digitorum longus; soleus,OSD-104; OSD-99,Mus musculus,1,1,1.1849,1.60861e-06,0.07995000000000008,False,mixed,mixed
401262,CRIP3,2,2,2,quadriceps femoris; tibialis anterior,OSD-103; OSD-105,Mus musculus,2,0,1.9723,0.000616076,1.5162499999999999,False,consistent,up
405754,ERVFRD-1,2,2,2,bone marrow; soleus,OSD-690; OSD-770,Mus musculus,1,1,2.428,0.00370696,0.56455,False,mixed,mixed
406,ARNTL,2,2,2,soleus; tibialis anterior,OSD-105; OSD-770,Mus musculus,2,0,1.3838,5.27939e-14,1.2443,False,consistent,up
4239,MFAP4,2,2,2,extensor digitorum longus; soleus,OSD-770; OSD-99,Mus musculus,1,1,-1.4304,2.75523e-10,-0.12659999999999993,False,mixed,mixed
4322,MMP13,2,2,2,extensor digitorum longus; tibialis anterior,OSD-576; OSD-99,Mus musculus,2,0,4.7525,0.00129581,3.5047500000000005,False,consistent,up
440279,UNC13C,2,2,2,soleus; tibialis anterior,OSD-104; OSD-105,Mus musculus,2,0,1.0577,0.00255447,1.03705,False,consistent,up
4609,MYC,2,2,2,extensor digitorum longus; soleus,OSD-770; OSD-99,Mus musculus,1,1,1.5842,4.53627e-09,0.2782,False,mixed,mixed
4618,MYF6,2,2,2,gastrocnemius; soleus,OSD-422; OSD-770,Mus musculus; Rattus norvegicus,2,0,1.5701,1.62965e-11,1.3732,False,consistent,up
4624,MYH6,2,2,2,quadriceps femoris; soleus,OSD-326; OSD-770,Mus musculus,1,1,-1.5138,0.00105139,-0.23185,False,mixed,mixed
4633,MYL2,2,2,2,quadriceps femoris; soleus,OSD-104; OSD-326,Mus musculus,0,2,-3.2386,1.0556e-23,-2.21195,False,consistent,down
4753,NELL2,2,2,2,extensor digitorum longus; soleus,OSD-104; OSD-665,Mus musculus,2,0,1.1272,0.00102059,1.11855,False,consistent,up
478,ATP1A3,2,2,2,bone marrow; soleus,OSD-104; OSD-690,Mus musculus,1,1,1.3659,0.00149832,0.1139,False,mixed,mixed
4804,NGFR,2,2,2,soleus; tibialis anterior,OSD-576; OSD-770,Mus musculus,2,0,1.6426,0.000445775,1.3346,False,consistent,up
487,ATP2A1,2,2,2,bone marrow; soleus,OSD-690; OSD-770,Mus musculus,1,1,-1.7507,1.30598e-10,-0.24614999999999998,False,mixed,mixed
4901,NRL,2,2,2,bone marrow; soleus,OSD-690; OSD-770,Mus musculus,1,1,-2.8378,0.000623282,-0.3389,False,mixed,mixed
4939,OAS2,2,2,2,quadriceps femoris; soleus,OSD-666; OSD-770,Mus musculus,0,2,-1.4882,0.000109154,-1.2530000000000001,False,consistent,down
4940,OAS3,2,2,2,bone marrow; quadriceps femoris,OSD-666; OSD-690,Mus musculus,0,2,-1.4606,7.5212e-13,-1.339,False,consistent,down
5021,OXTR,2,2,2,quadriceps femoris; soleus,OSD-666; OSD-770,Mus musculus,2,0,2.4653,0.000538494,1.8723,False,consistent,up
5054,SERPINE1,2,2,2,extensor digitorum longus; soleus,OSD-104; OSD-665,Mus musculus,1,1,-1.9686,1.00458e-20,-0.47029999999999994,False,mixed,mixed
5077,PAX3,2,2,2,quadriceps femoris; soleus,OSD-666; OSD-770,Mus musculus,2,0,1.2789,0.000139646,1.14435,False,consistent,up
51066,SSUH2,2,2,2,quadriceps femoris; soleus,OSD-666; OSD-770,Mus musculus,0,2,-1.0722,0.0025932,-1.0627,False,consistent,down
51083,GAL,2,2,2,quadriceps femoris; tibialis anterior,OSD-576; OSD-666,Mus musculus,0,2,-2.7976,0.0176434,-2.4323,False,consistent,down
51127,TRIM17,2,2,2,extensor digitorum longus; quadriceps femoris,OSD-665; OSD-666,Mus musculus,0,2,-1.2653,0.000444993,-1.15765,False,consistent,down
51131,PHF11,2,2,2,extensor digitorum longus; quadriceps femoris,OSD-666; OSD-99,Mus musculus,1,1,1.7542,0.00041846,0.358,False,mixed,mixed
51161,C3orf18,2,2,2,quadriceps femoris; soleus,OSD-104; OSD-666,Mus musculus,1,1,1.5986,1.70626e-19,0.20284999999999997,False,mixed,mixed
51338,MS4A4A,2,2,2,gastrocnemius; tibialis anterior,OSD-422; OSD-576,Mus musculus; Rattus norvegicus,1,1,2.1157,0.0136699,0.12290000000000001,False,mixed,mixed
5142,PDE4B,2,2,2,extensor digitorum longus; tibialis anterior,OSD-576; OSD-665,Mus musculus,2,0,1.0432,1.68692e-14,1.03295,False,consistent,up
5144,PDE4D,2,2,2,gastrocnemius; soleus,OSD-422; OSD-770,Mus musculus; Rattus norvegicus,2,0,2.2573,8.51307e-16,1.8742,False,consistent,up
5314,PKHD1,2,2,2,extensor digitorum longus; soleus,OSD-104; OSD-99,Mus musculus,2,0,2.7149,0.000280992,2.5218,False,consistent,up
5317,PKP1,2,2,2,quadriceps femoris; soleus,OSD-104; OSD-666,Mus musculus,2,0,6.0118,0.0117847,3.96585,False,consistent,up
5329,PLAUR,2,2,2,gastrocnemius; soleus,OSD-101; OSD-104,Mus musculus,0,2,-1.293,0.00109851,-1.20055,False,consistent,down
5375,PMP2,2,2,2,gastrocnemius; soleus,OSD-422; OSD-770,Mus musculus; Rattus norvegicus,1,1,7.4323,0.00174776,3.0919999999999996,False,mixed,mixed
54509,RHOF,2,2,2,quadriceps femoris; soleus,OSD-104; OSD-666,Mus musculus,0,2,-1.5579,0.00259809,-1.2881,False,consistent,down
54541,DDIT4,2,2,2,gastrocnemius; soleus,OSD-104; OSD-422,Mus musculus; Rattus norvegicus,2,0,2.3419,5.08287e-11,1.8161,False,consistent,up
5465,PPARA,2,2,2,quadriceps femoris; soleus,OSD-666; OSD-770,Mus musculus,0,2,-1.8412,8.51349e-10,-1.5810499999999998,False,consistent,down
54716,SLC6A20,2,2,2,bone marrow; soleus,OSD-104; OSD-690,Mus musculus,1,1,2.7758,0.00065797,0.8243999999999999,False,mixed,mixed
54855,TENT5C,2,2,2,extensor digitorum longus; soleus,OSD-665; OSD-770,Mus musculus,2,0,1.0999,2.30195e-07,1.0709,False,consistent,up
54971,BANP,2,2,2,extensor digitorum longus; quadriceps femoris,OSD-665; OSD-666,Mus musculus,0,2,-1.3003,0.0018031,-1.1583,False,consistent,down
55118,CRTAC1,2,2,2,quadriceps femoris; soleus,OSD-104; OSD-666,Mus musculus,1,1,1.8429,0.0300252,0.02364999999999995,False,mixed,mixed
55220,KLHDC8A,2,2,2,quadriceps femoris; soleus,OSD-666; OSD-770,Mus musculus,0,2,-1.2033,0.0162924,-1.12745,False,consistent,down
55289,ACOXL,2,2,2,extensor digitorum longus; tibialis anterior,OSD-576; OSD-665,Mus musculus,2,0,3.3707,2.67421e-08,2.9730999999999996,False,consistent,up
55321,TMEM74B,2,2,2,quadriceps femoris; soleus,OSD-666; OSD-770,Mus musculus,0,2,-1.8333,5.44912e-06,-1.8157,False,consistent,down
55350,VNN3P,2,2,2,quadriceps femoris; soleus,OSD-666; OSD-770,Mus musculus,2,0,2.113,0.00582596,1.92305,False,consistent,up
55359,STYK1,2,2,2,quadriceps femoris; soleus,OSD-666; OSD-770,Mus musculus,2,0,1.8646,4.12248e-08,1.4912,False,consistent,up
554313,H4C15,2,2,2,extensor digitorum longus; soleus,OSD-770; OSD-99,Mus musculus,2,0,1.9785,0.0102514,1.50705,False,consistent,up
55584,CHRNA9,2,2,2,gastrocnemius; tibialis anterior,OSD-101; OSD-105,Mus musculus,2,0,1.679,5.48188e-06,1.52005,False,consistent,up
55740,ENAH,2,2,2,quadriceps femoris; soleus,OSD-666; OSD-770,Mus musculus,2,0,2.7677,4.32928e-41,1.9043999999999999,False,consistent,up
5577,PRKAR2B,2,2,2,quadriceps femoris; soleus,OSD-666; OSD-770,Mus musculus,2,0,2.2097,1.75573e-05,1.9617,False,consistent,up
55816,DOK5,2,2,2,extensor digitorum longus; tibialis anterior,OSD-576; OSD-99,Mus musculus,1,1,-1.247,2.06234e-15,-0.09175000000000011,False,mixed,mixed
5602,MAPK10,2,2,2,extensor digitorum longus; soleus,OSD-104; OSD-99,Mus musculus,1,1,1.8447,0.00201089,0.34075,False,mixed,mixed
56265,CPXM1,2,2,2,extensor digitorum longus; soleus,OSD-665; OSD-770,Mus musculus,2,0,1.2975,0.000105781,1.15165,False,consistent,up
56300,IL36G,2,2,2,quadriceps femoris; tibialis anterior,OSD-576; OSD-666,Mus musculus,0,2,-3.8492,0.00343919,-3.3146,False,consistent,down
56474,CTPS2,2,2,2,extensor digitorum longus; tibialis anterior,OSD-576; OSD-665,Mus musculus,2,0,1.0382,3.11444e-12,1.0243,False,consistent,up
5654,HTRA1,2,2,2,bone marrow; tibialis anterior,OSD-576; OSD-690,Mus musculus,1,1,-1.8454,7.51642e-09,-0.22934999999999994,False,mixed,mixed
56670,SUCNR1,2,2,2,quadriceps femoris; soleus,OSD-666; OSD-770,Mus musculus,2,0,2.1497,0.00492648,2.04975,False,consistent,up
56675,NRIP3,2,2,2,bone marrow; soleus,OSD-690; OSD-770,Mus musculus,1,1,-1.429,3.15327e-05,-0.18400000000000005,False,mixed,mixed
56729,RETN,2,2,2,quadriceps femoris; soleus,OSD-666; OSD-770,Mus musculus,2,0,1.9529,0.000657273,1.8437999999999999,False,consistent,up
56899,ANKS1B,2,2,2,quadriceps femoris; tibialis anterior,OSD-105; OSD-666,Mus musculus,1,1,-1.8493,0.00468843,-0.2489,False,mixed,mixed
57104,PNPLA2,2,2,2,extensor digitorum longus; tibialis anterior,OSD-576; OSD-665,Mus musculus,2,0,1.2813,1.23959e-16,1.2169500000000002,False,consistent,up
57156,TMEM63C,2,2,2,extensor digitorum longus; soleus,OSD-665; OSD-770,Mus musculus,2,0,3.6605,1.35309e-05,3.1082,False,consistent,up
5733,PTGER3,2,2,2,quadriceps femoris; soleus,OSD-666; OSD-770,Mus musculus,2,0,2.4267,1.39486e-06,2.3189,False,consistent,up
57475,PLEKHH1,2,2,2,extensor digitorum longus; quadriceps femoris,OSD-103; OSD-665,Mus musculus,1,1,-1.2793,4.97225e-07,-0.05015000000000003,False,mixed,mixed
57529,RTL9,2,2,2,soleus; tibialis anterior,OSD-104; OSD-105,Mus musculus,2,0,1.4298,0.0138688,1.2654999999999998,False,consistent,up
57530,CGN,2,2,2,extensor digitorum longus; soleus,OSD-665; OSD-770,Mus musculus,2,0,2.3539,0.00227877,1.9634,False,consistent,up
57611,ISLR2,2,2,2,bone marrow; quadriceps femoris,OSD-666; OSD-690,Mus musculus,0,2,-1.5009,0.000886904,-1.3089499999999998,False,consistent,down
57663,USP29,2,2,2,quadriceps femoris; soleus,OSD-666; OSD-770,Mus musculus,2,0,1.7772,0.0022571,1.52585,False,consistent,up
57683,ZDBF2,2,2,2,extensor digitorum longus; tibialis anterior,OSD-576; OSD-665,Mus musculus,0,2,-1.2713,1.46313e-06,-1.19355,False,consistent,down
57699,CPNE5,2,2,2,bone marrow; soleus,OSD-690; OSD-770,Mus musculus,1,1,1.8325,0.016662,0.3762,False,mixed,mixed
57761,TRIB3,2,2,2,extensor digitorum longus; soleus,OSD-104; OSD-99,Mus musculus,1,1,-1.2293,4.07267e-08,-0.08340000000000003,False,mixed,mixed
57795,BRINP2,2,2,2,extensor digitorum longus; quadriceps femoris,OSD-665; OSD-666,Mus musculus,2,0,1.6188,2.87517e-08,1.47775,False,consistent,up
5801,PTPRR,2,2,2,bone marrow; tibialis anterior,OSD-576; OSD-690,Mus musculus,1,1,1.2996,5.55388e-05,0.14480000000000004,False,mixed,mixed
5832,ALDH18A1,2,2,2,extensor digitorum longus; tibialis anterior,OSD-576; OSD-665,Mus musculus,0,2,-1.1927,0.00667739,-1.1468500000000001,False,consistent,down
5956,OPN1LW,2,2,2,quadriceps femoris; soleus,OSD-666; OSD-770,Mus musculus,2,0,1.8992,0.00323176,1.4585,False,consistent,up
6036,RNASE2,2,2,2,bone marrow; extensor digitorum longus,OSD-690; OSD-99,Mus musculus,2,0,1.9961,6.43931e-06,1.64635,True,consistent,up
6037,RNASE3,2,2,2,bone marrow; extensor digitorum longus,OSD-690; OSD-99,Mus musculus,2,0,1.9961,6.43931e-06,1.64635,True,consistent,up
60401,EDA2R,2,2,2,soleus; tibialis anterior,OSD-576; OSD-770,Mus musculus,2,0,1.7382,6.00796e-09,1.4546999999999999,False,consistent,up
60468,BACH2,2,2,2,quadriceps femoris; soleus,OSD-666; OSD-770,Mus musculus,2,0,1.6681,1.88938e-05,1.3797,False,consistent,up
6101,RP1,2,2,2,extensor digitorum longus; tibialis anterior,OSD-105; OSD-99,Mus musculus,2,0,1.7434,9.80289e-18,1.502,False,consistent,up
6279,S100A8,2,2,2,soleus; tibialis anterior,OSD-576; OSD-770,Mus musculus,0,2,-2.5652,0.00144225,-2.3997,False,consistent,down
6296,ACSM3,2,2,2,quadriceps femoris; soleus,OSD-666; OSD-770,Mus musculus,2,0,2.2082,0.00729155,1.9080500000000002,False,consistent,up
6354,CCL7,2,2,2,extensor digitorum longus; tibialis anterior,OSD-576; OSD-665,Mus musculus,0,2,-2.4654,0.00290748,-2.14005,False,consistent,down
63926,ANKEF1,2,2,2,quadriceps femoris; soleus,OSD-666; OSD-770,Mus musculus,2,0,1.6303,0.00450173,1.4883000000000002,False,consistent,up
6402,SELL,2,2,2,quadriceps femoris; soleus,OSD-666; OSD-770,Mus musculus,0,2,-1.3361,0.0343791,-1.27405,False,consistent,down
64093,SMOC1,2,2,2,quadriceps femoris; soleus,OSD-666; OSD-770,Mus musculus,2,0,1.689,0.000115944,1.44795,False,consistent,up
643680,MS4A4E,2,2,2,gastrocnemius; tibialis anterior,OSD-422; OSD-576,Mus musculus; Rattus norvegicus,1,1,2.1157,0.0136699,0.12290000000000001,False,mixed,mixed
64388,GREM2,2,2,2,extensor digitorum longus; quadriceps femoris,OSD-665; OSD-666,Mus musculus,0,2,-1.4882,3.60868e-07,-1.46,False,consistent,down
643904,RNF222,2,2,2,quadriceps femoris; soleus,OSD-104; OSD-666,Mus musculus,0,2,-2.8644,1.03937e-06,-2.0711,False,consistent,down
646643,SBK2,2,2,2,quadriceps femoris; soleus,OSD-103; OSD-104,Mus musculus,2,0,1.4966,4.62785e-36,1.4787,False,consistent,up
6528,SLC5A5,2,2,2,quadriceps femoris; tibialis anterior,OSD-576; OSD-666,Mus musculus,0,2,-2.4164,0.0074947,-2.19885,False,consistent,down
653604,H3C13,2,2,2,extensor digitorum longus; tibialis anterior,OSD-576; OSD-99,Mus musculus,2,0,2.2677,6.00195e-05,1.66635,True,consistent,up
6563,SLC14A1,2,2,2,quadriceps femoris; soleus,OSD-666; OSD-770,Mus musculus,2,0,1.7403,0.00109966,1.6547,False,consistent,up
6574,SLC20A1,2,2,2,soleus; tibialis anterior,OSD-104; OSD-576,Mus musculus,0,2,-1.4092,3.47262e-10,-1.2776,False,consistent,down
658,BMPR1B,2,2,2,quadriceps femoris; soleus,OSD-666; OSD-770,Mus musculus,2,0,1.4113,3.72501e-17,1.3518,False,consistent,up
66000,TMEM108,2,2,2,bone marrow; soleus,OSD-690; OSD-770,Mus musculus,1,1,1.7149,2.79233e-05,0.24765000000000004,False,mixed,mixed
6833,ABCC8,2,2,2,extensor digitorum longus; tibialis anterior,OSD-576; OSD-665,Mus musculus,2,0,1.0155,2.52458e-06,1.01145,False,consistent,up
7037,TFRC,2,2,2,quadriceps femoris; soleus,OSD-666; OSD-770,Mus musculus,0,2,-1.7723,2.47401e-13,-1.4573,False,consistent,down
7057,THBS1,2,2,2,extensor digitorum longus; tibialis anterior,OSD-105; OSD-99,Mus musculus,2,0,1.2672,7.22798e-16,1.23445,False,consistent,up
7122,CLDN5,2,2,2,extensor digitorum longus; soleus,OSD-665; OSD-770,Mus musculus,2,0,1.4485,7.78744e-10,1.2856999999999998,False,consistent,up
7140,TNNT3,2,2,2,bone marrow; soleus,OSD-690; OSD-770,Mus musculus,1,1,-2.6704,6.4941e-10,-0.7879499999999999,False,mixed,mixed
716,C1S,2,2,2,bone marrow; quadriceps femoris,OSD-666; OSD-690,Mus musculus,1,1,1.8669,0.00197606,0.17879999999999996,False,mixed,mixed
7274,TTPA,2,2,2,quadriceps femoris; soleus,OSD-666; OSD-770,Mus musculus,2,0,1.2232,0.0126621,1.12195,False,consistent,up
7294,TXK,2,2,2,extensor digitorum longus; soleus,OSD-665; OSD-770,Mus musculus,2,0,1.9287,0.000415144,1.77255,False,consistent,up
729438,CASTOR2,2,2,2,bone marrow; soleus,OSD-104; OSD-690,Mus musculus,1,1,-1.3807,3.71743e-25,-0.14990000000000003,False,mixed,mixed
7358,UGDH,2,2,2,extensor digitorum longus; quadriceps femoris,OSD-665; OSD-666,Mus musculus,0,2,-1.2249,0.00155534,-1.2146,False,consistent,down
7374,UNG,2,2,2,quadriceps femoris; soleus,OSD-666; OSD-770,Mus musculus,0,2,-2.1301,2.85453e-21,-1.58495,False,consistent,down
7465,WEE1,2,2,2,extensor digitorum longus; tibialis anterior,OSD-576; OSD-665,Mus musculus,0,2,-1.1175,1.03829e-06,-1.0979,False,consistent,down
7535,ZAP70,2,2,2,quadriceps femoris; soleus,OSD-666; OSD-770,Mus musculus,2,0,1.5907,0.00310873,1.4693,False,consistent,up
7695,ZNF136,2,2,2,bone marrow; extensor digitorum longus,OSD-690; OSD-99,Mus musculus,0,2,-1.5093,0.000133325,-1.4341,False,consistent,down
771,CA12,2,2,2,quadriceps femoris; soleus,OSD-104; OSD-666,Mus musculus,2,0,2.3562,8.31593e-05,1.847,False,consistent,up
777,CACNA1E,2,2,2,quadriceps femoris; soleus,OSD-666; OSD-770,Mus musculus,2,0,1.5646,0.00480824,1.4908000000000001,False,consistent,up
79168,LILRA6,2,2,2,extensor digitorum longus; quadriceps femoris,OSD-666; OSD-99,Mus musculus,1,1,-1.2776,0.00588974,-0.038550000000000084,True,mixed,mixed
79173,BRME1,2,2,2,extensor digitorum longus; quadriceps femoris,OSD-666; OSD-99,Mus musculus,0,2,-1.0792,0.00252732,-1.0539999999999998,False,consistent,down
79744,ZNF419,2,2,2,quadriceps femoris; tibialis anterior,OSD-576; OSD-666,Mus musculus,0,2,-1.0579,2.63479e-06,-1.02975,False,consistent,down
79755,ZNF750,2,2,2,quadriceps femoris; soleus,OSD-666; OSD-770,Mus musculus,0,2,-3.9182,9.90234e-11,-2.9702,False,consistent,down
79843,FAM124B,2,2,2,extensor digitorum longus; soleus,OSD-104; OSD-99,Mus musculus,2,0,1.8158,8.7081e-06,1.49905,False,consistent,up
79846,CFAP69,2,2,2,extensor digitorum longus; tibialis anterior,OSD-576; OSD-665,Mus musculus,0,2,-1.6894,0.00528337,-1.5371000000000001,False,consistent,down
79852,EPHX3,2,2,2,extensor digitorum longus; tibialis anterior,OSD-576; OSD-665,Mus musculus,0,2,-1.2914,0.00108181,-1.1762000000000001,False,consistent,down
80004,ESRP2,2,2,2,quadriceps femoris; soleus,OSD-104; OSD-666,Mus musculus,2,0,3.335,0.00287846,3.1244,False,consistent,up
80128,TRIM46,2,2,2,quadriceps femoris; soleus,OSD-666; OSD-770,Mus musculus,0,2,-1.5667,0.0175595,-1.4672999999999998,False,consistent,down
80205,CHD9,2,2,2,extensor digitorum longus; quadriceps femoris,OSD-665; OSD-666,Mus musculus,2,0,1.4469,5.82378e-15,1.3019,False,consistent,up
8038,ADAM12,2,2,2,bone marrow; soleus,OSD-104; OSD-690,Mus musculus,0,2,-1.4777,2.24207e-05,-1.36945,False,consistent,down
8048,CSRP3,2,2,2,extensor digitorum longus; soleus,OSD-665; OSD-770,Mus musculus,1,1,2.0048,2.94123e-08,0.44655,False,mixed,mixed
81932,HDHD3,2,2,2,quadriceps femoris; soleus,OSD-666; OSD-770,Mus musculus,0,2,-1.6358,7.14171e-07,-1.3314499999999998,False,consistent,down
8294,H4C9,2,2,2,extensor digitorum longus; soleus,OSD-770; OSD-99,Mus musculus,2,0,1.9785,0.0102514,1.50705,False,consistent,up
8340,H2BC13,2,2,2,extensor digitorum longus; quadriceps femoris,OSD-666; OSD-99,Mus musculus,1,1,-2.3887,0.000542007,-0.46875,True,mixed,mixed
83483,PLVAP,2,2,2,bone marrow; quadriceps femoris,OSD-326; OSD-690,Mus musculus,1,1,-1.0731,0.00107409,-0.016349999999999976,False,mixed,mixed
8359,H4C1,2,2,2,extensor digitorum longus; soleus,OSD-770; OSD-99,Mus musculus,2,0,1.9785,0.0102514,1.50705,False,consistent,up
8360,H4C4,2,2,2,extensor digitorum longus; soleus,OSD-770; OSD-99,Mus musculus,2,0,1.9785,0.0102514,1.50705,False,consistent,up
8361,H4C6,2,2,2,extensor digitorum longus; soleus,OSD-770; OSD-99,Mus musculus,2,0,1.9785,0.0102514,1.50705,False,consistent,up
8362,H4C12,2,2,2,extensor digitorum longus; soleus,OSD-770; OSD-99,Mus musculus,2,0,1.9785,0.0102514,1.50705,False,consistent,up
8363,H4C11,2,2,2,extensor digitorum longus; soleus,OSD-770; OSD-99,Mus musculus,2,0,1.9785,0.0102514,1.50705,False,consistent,up
8364,H4C3,2,2,2,extensor digitorum longus; soleus,OSD-770; OSD-99,Mus musculus,2,0,1.9785,0.0102514,1.50705,False,consistent,up
8365,H4C8,2,2,2,extensor digitorum longus; soleus,OSD-770; OSD-99,Mus musculus,2,0,1.9785,0.0102514,1.50705,False,consistent,up
8366,H4C2,2,2,2,extensor digitorum longus; soleus,OSD-770; OSD-99,Mus musculus,2,0,1.9785,0.0102514,1.50705,False,consistent,up
8367,H4C5,2,2,2,extensor digitorum longus; soleus,OSD-770; OSD-99,Mus musculus,2,0,1.9785,0.0102514,1.50705,False,consistent,up
8368,H4C13,2,2,2,extensor digitorum longus; soleus,OSD-770; OSD-99,Mus musculus,2,0,1.9785,0.0102514,1.50705,False,consistent,up
8370,H4C14,2,2,2,extensor digitorum longus; soleus,OSD-770; OSD-99,Mus musculus,2,0,1.9785,0.0102514,1.50705,False,consistent,up
84449,ZNF333,2,2,2,bone marrow; extensor digitorum longus,OSD-690; OSD-99,Mus musculus,0,2,-1.5093,0.000133325,-1.4341,False,consistent,down
84451,MAP3K21,2,2,2,quadriceps femoris; soleus,OSD-104; OSD-666,Mus musculus,1,1,-1.2005,0.018351,-0.05314999999999992,False,mixed,mixed
84570,COL25A1,2,2,2,bone marrow; extensor digitorum longus,OSD-665; OSD-690,Mus musculus,1,1,-1.3264,1.12963e-07,-0.005650000000000044,False,mixed,mixed
84612,PARD6B,2,2,2,extensor digitorum longus; tibialis anterior,OSD-576; OSD-665,Mus musculus,2,0,1.0573,0.0100793,1.04965,False,consistent,up
84630,TTBK1,2,2,2,soleus; tibialis anterior,OSD-104; OSD-105,Mus musculus,2,0,2.8641,2.33972e-14,2.05505,False,consistent,up
84649,DGAT2,2,2,2,extensor digitorum longus; tibialis anterior,OSD-576; OSD-665,Mus musculus,2,0,1.5128,1.57253e-32,1.48775,False,consistent,up
84666,RETNLB,2,2,2,quadriceps femoris; soleus,OSD-666; OSD-770,Mus musculus,0,2,-3.016,0.0163427,-2.9405,False,consistent,down
84808,PERM1,2,2,2,bone marrow; quadriceps femoris,OSD-666; OSD-690,Mus musculus,0,2,-1.184,6.89553e-05,-1.1031499999999999,False,consistent,down
84866,TMEM25,2,2,2,quadriceps femoris; soleus,OSD-666; OSD-770,Mus musculus,0,2,-1.4695,4.7905e-09,-1.2781,False,consistent,down
85329,LGALS12,2,2,2,extensor digitorum longus; gastrocnemius,OSD-101; OSD-99,Mus musculus,0,2,-1.4474,0.00075916,-1.41125,False,consistent,down
85379,KIAA1671,2,2,2,bone marrow; soleus,OSD-690; OSD-770,Mus musculus,1,1,1.4504,4.83965e-15,0.09349999999999992,False,mixed,mixed
8577,TMEFF1,2,2,2,quadriceps femoris; soleus,OSD-104; OSD-666,Mus musculus,1,1,-1.678,1.12932e-23,-0.0867,False,mixed,mixed
860,RUNX2,2,2,2,extensor digitorum longus; tibialis anterior,OSD-576; OSD-665,Mus musculus,2,0,1.6417,0.00101989,1.5242,False,consistent,up
8618,CADPS,2,2,2,quadriceps femoris; soleus,OSD-666; OSD-770,Mus musculus,2,0,1.8081,0.0190172,1.7867000000000002,False,consistent,up
8638,OASL,2,2,2,extensor digitorum longus; soleus,OSD-104; OSD-99,Mus musculus,2,0,1.3047,0.00931701,1.17205,False,consistent,up
8639,AOC3,2,2,2,quadriceps femoris; soleus,OSD-666; OSD-770,Mus musculus,2,0,1.36,0.000648603,1.1928,False,consistent,up
8707,B3GALT2,2,2,2,quadriceps femoris; tibialis anterior,OSD-105; OSD-666,Mus musculus,2,0,1.8155,4.00182e-07,1.48775,False,consistent,up
8842,PROM1,2,2,2,extensor digitorum longus; quadriceps femoris,OSD-665; OSD-666,Mus musculus,2,0,1.1055,3.88342e-13,1.0979999999999999,False,consistent,up
8854,ALDH1A2,2,2,2,extensor digitorum longus; quadriceps femoris,OSD-665; OSD-666,Mus musculus,0,2,-2.3687,1.00978e-11,-1.822,False,consistent,down
8871,SYNJ2,2,2,2,quadriceps femoris; soleus,OSD-666; OSD-770,Mus musculus,2,0,1.2184,5.54032e-18,1.14225,False,consistent,up
8876,VNN1,2,2,2,quadriceps femoris; soleus,OSD-666; OSD-770,Mus musculus,2,0,2.0608,0.0135892,1.693,False,consistent,up
8877,SPHK1,2,2,2,gastrocnemius; soleus,OSD-104; OSD-422,Mus musculus; Rattus norvegicus,1,1,6.9712,3.89165e-10,2.6170999999999998,False,mixed,mixed
8972,MGAM,2,2,2,quadriceps femoris; tibialis anterior,OSD-576; OSD-666,Mus musculus,0,2,-2.6551,8.41418e-10,-2.59545,False,consistent,down
90332,EXOC3L2,2,2,2,soleus; tibialis anterior,OSD-104; OSD-576,Mus musculus,0,2,-1.0757,1.07846e-05,-1.04805,False,consistent,down
9034,CCRL2,2,2,2,extensor digitorum longus; tibialis anterior,OSD-576; OSD-665,Mus musculus,2,0,1.1015,1.97068e-09,1.09035,False,consistent,up
91683,SYT12,2,2,2,extensor digitorum longus; tibialis anterior,OSD-105; OSD-99,Mus musculus,2,0,1.5313,1.02186e-07,1.51545,False,consistent,up
93107,KCNG4,2,2,2,gastrocnemius; soleus,OSD-101; OSD-104,Mus musculus,2,0,1.4307,2.87223e-07,1.336,False,consistent,up
93210,PGAP3,2,2,2,quadriceps femoris; tibialis anterior,OSD-576; OSD-666,Mus musculus,2,0,1.6493,2.40033e-17,1.49495,False,consistent,up
9507,ADAMTS4,2,2,2,extensor digitorum longus; tibialis anterior,OSD-105; OSD-99,Mus musculus,2,0,1.8413,6.34404e-17,1.60495,False,consistent,up
9509,ADAMTS2,2,2,2,bone marrow; soleus,OSD-690; OSD-770,Mus musculus,1,1,-1.3099,0.000171101,-0.0033000000000000806,False,mixed,mixed
9537,TP53I11,2,2,2,extensor digitorum longus; tibialis anterior,OSD-576; OSD-665,Mus musculus,2,0,1.8128,4.48799e-10,1.6006,False,consistent,up
9543,IGDCC3,2,2,2,extensor digitorum longus; soleus,OSD-665; OSD-770,Mus musculus,2,0,2.2125,0.00704752,2.0459,False,consistent,up
9603,NFE2L3,2,2,2,quadriceps femoris; soleus,OSD-666; OSD-770,Mus musculus,2,0,2.2783,0.00237837,2.04585,False,consistent,up
9628,RGS6,2,2,2,bone marrow; quadriceps femoris,OSD-666; OSD-690,Mus musculus,1,1,-2.2823,0.00472693,-0.48930000000000007,False,mixed,mixed
9719,ADAMTSL2,2,2,2,bone marrow; extensor digitorum longus,OSD-690; OSD-99,Mus musculus,1,1,-2.2992,1.66857e-08,-0.5459999999999999,False,mixed,mixed
9796,PHYHIP,2,2,2,bone marrow; quadriceps femoris,OSD-666; OSD-690,Mus musculus,0,2,-2.088,3.07098e-09,-1.60975,False,consistent,down
9806,SPOCK2,2,2,2,bone marrow; quadriceps femoris,OSD-666; OSD-690,Mus musculus,1,1,-1.4139,2.58374e-08,-0.18699999999999994,False,mixed,mixed
10267,RAMP1,2,2,1,soleus,OSD-104; OSD-770,Mus musculus,2,0,1.3875,3.72393e-21,1.2168,False,consistent,up
10331,B3GNT3,2,1,1,bone marrow,OSD-690,Mus musculus,0,2,-1.2609,7.2967e-08,-1.22475,False,consistent,down
1066,CES1,2,2,1,soleus,OSD-104; OSD-770,Mus musculus,2,0,3.7993,0.0129346,2.6633500000000003,True,consistent,up
11166,SOX21,2,2,1,soleus,OSD-104; OSD-770,Mus musculus,2,0,4.7561,0.0138424,4.25645,False,consistent,up
11197,WIF1,2,1,1,bone marrow,OSD-690,Mus musculus,0,2,-1.5849,0.0216655,-1.4253,False,consistent,down
11221,DUSP10,2,2,1,soleus,OSD-104; OSD-770,Mus musculus,2,0,2.8017,2.51508e-72,1.9661499999999998,False,consistent,up
116159,CYYR1,2,1,1,bone marrow,OSD-690,Mus musculus,0,2,-1.2619,0.0151104,-1.20475,False,consistent,down
124935,SLC43A2,2,2,1,soleus,OSD-104; OSD-770,Mus musculus,0,2,-1.3082,3.24126e-54,-1.20485,False,consistent,down
126075,CCDC159,2,2,1,soleus,OSD-104; OSD-770,Mus musculus,0,2,-2.0893,6.65594e-10,-1.7849,False,consistent,down
126755,LRRC38,2,2,1,soleus,OSD-104; OSD-770,Mus musculus,1,1,-2.3569,1.68299e-09,-0.6154,False,mixed,mixed
128553,TSHZ2,2,1,1,bone marrow,OSD-690,Mus musculus,0,2,-1.2722,0.0100317,-1.18365,False,consistent,down
131669,UROC1,2,2,1,soleus,OSD-104; OSD-770,Mus musculus,2,0,2.7888,0.0130692,2.64195,False,consistent,up
140803,TRPM6,2,2,1,soleus,OSD-104; OSD-770,Mus musculus,0,2,-1.6733,1.74318e-07,-1.3871,False,consistent,down
144501,KRT80,2,2,1,soleus,OSD-104; OSD-770,Mus musculus,0,2,-1.4442,9.82045e-27,-1.2570000000000001,False,consistent,down
145270,PRIMA1,2,2,1,soleus,OSD-104; OSD-770,Mus musculus,2,0,1.4194,1.32576e-06,1.3694,False,consistent,up
145407,ARMH4,2,2,1,soleus,OSD-104; OSD-770,Mus musculus,0,2,-1.304,2.79223e-20,-1.2049500000000002,False,consistent,down
145773,FAM81A,2,2,1,soleus,OSD-104; OSD-770,Mus musculus,0,2,-2.4128,6.65941e-34,-2.2496,False,consistent,down
150248,C22orf15,2,1,1,bone marrow,OSD-690,Mus musculus,0,2,-1.0561,1.8251e-07,-1.0411000000000001,False,consistent,down
151242,PPP1R1C,2,2,1,soleus,OSD-104; OSD-770,Mus musculus,0,2,-3.8876,5.65618e-16,-3.19925,False,consistent,down
153768,PRELID2,2,2,1,soleus,OSD-104; OSD-770,Mus musculus,0,2,-1.227,4.84876e-13,-1.1369500000000001,False,consistent,down
1728,NQO1,2,2,1,soleus,OSD-104; OSD-770,Mus musculus,0,2,-1.3193,1.57145e-23,-1.2184499999999998,False,consistent,down
197358,NLRC3,2,2,1,soleus,OSD-104; OSD-770,Mus musculus,0,2,-1.4227,1.62427e-07,-1.276,False,consistent,down
201294,UNC13D,2,2,1,soleus,OSD-104; OSD-770,Mus musculus,0,2,-3.7237,9.66816e-41,-2.9530000000000003,False,consistent,down
201305,SPNS3,2,2,1,soleus,OSD-104; OSD-770,Mus musculus,2,0,2.0355,6.07275e-06,1.9241,False,consistent,up
202374,STK32A,2,2,1,soleus,OSD-104; OSD-770,Mus musculus,0,2,-1.5001,0.00709992,-1.32195,False,consistent,down
2041,EPHA1,2,2,1,soleus,OSD-104; OSD-770,Mus musculus,2,0,1.4404,0.0159379,1.3948999999999998,False,consistent,up
2052,EPHX1,2,2,1,soleus,OSD-104; OSD-770,Mus musculus,0,2,-1.3495,1.84103e-32,-1.2204,False,consistent,down
2070,EYA4,2,2,1,soleus,OSD-104; OSD-770,Mus musculus,2,0,1.3719,1.16587e-50,1.2256,False,consistent,up
219621,CABCOCO1,2,2,1,soleus,OSD-104; OSD-770,Mus musculus,0,2,-2.3538,4.45093e-09,-1.74945,False,consistent,down
219681,ARMC3,2,2,1,soleus,OSD-104; OSD-770,Mus musculus,2,0,2.2742,0.0034913,2.10465,False,consistent,up
2275,FHL3,2,2,1,soleus,OSD-104; OSD-770,Mus musculus,2,0,1.373,6.68653e-24,1.2276,False,consistent,up
2324,FLT4,2,1,1,bone marrow,OSD-690,Mus musculus,0,2,-1.1489,0.0340437,-1.1362,False,consistent,down
23270,TSPYL4,2,2,1,soleus,OSD-104; OSD-770,Mus musculus,0,2,-1.8454,9.69668e-18,-1.56095,False,consistent,down
23371,TNS2,2,1,1,bone marrow,OSD-690,Mus musculus,0,2,-1.2311,0.0188952,-1.18055,False,consistent,down
23439,ATP1B4,2,2,1,soleus,OSD-104; OSD-770,Mus musculus,1,1,1.1282,2.29402e-17,0.0016000000000000458,False,mixed,mixed
23596,CHML|OPN3,2,2,1,soleus,OSD-104; OSD-770,Mus musculus,0,2,-1.4296,6.78006e-06,-1.33615,False,consistent,down
23645,PPP1R15A,2,2,1,soleus,OSD-104; OSD-770,Mus musculus,1,1,1.5026,7.99901e-25,0.08975,False,mixed,mixed
255104,TMCO4,2,2,1,soleus,OSD-104; OSD-770,Mus musculus,0,2,-1.3294,7.31163e-15,-1.2022,False,consistent,down
256691,MAMDC2,2,2,1,soleus,OSD-104; OSD-770,Mus musculus,0,2,-3.3856,6.46491e-62,-2.5105,False,consistent,down
256764,WDR72,2,2,1,soleus,OSD-104; OSD-770,Mus musculus,0,2,-1.9589,0.00308181,-1.78925,False,consistent,down
259266,ASPM,2,2,1,extensor digitorum longus,OSD-665; OSD-99,Mus musculus,2,0,1.9124,0.00207148,1.53125,False,consistent,up
259308,FAM205A,2,1,1,bone marrow,OSD-690,Mus musculus,0,2,-1.1551,0.00511442,-1.1365500000000002,False,consistent,down
26011,TENM4,2,1,1,bone marrow,OSD-690,Mus musculus,0,2,-1.2755,0.0191696,-1.2099000000000002,False,consistent,down
26074,CFAP61,2,2,1,soleus,OSD-104; OSD-770,Mus musculus,0,2,-2.4115,0.00258916,-2.1537,False,consistent,down
266727,MDGA1,2,2,1,soleus,OSD-104; OSD-770,Mus musculus,2,0,2.4471,4.43085e-05,1.9625,False,consistent,up
26999,CYFIP2,2,2,1,soleus,OSD-104; OSD-770,Mus musculus,0,2,-2.1565,1.56618e-36,-1.87465,False,consistent,down
273,AMPH,2,2,1,soleus,OSD-104; OSD-770,Mus musculus,0,2,-1.9346,2.28974e-13,-1.6920000000000002,False,consistent,down
2819,GPD1,2,2,1,soleus,OSD-104; OSD-770,Mus musculus,2,0,1.8423,3.45117e-27,1.51845,False,consistent,up
28410,IGHV3-72,2,1,1,bone marrow,OSD-690,Mus musculus,0,2,-1.5971,0.012891,-1.5051999999999999,False,consistent,down
286,ANK1,2,1,1,bone marrow,OSD-690,Mus musculus,0,2,-1.0725,2.77547e-10,-1.0602,False,consistent,down
2890,GRIA1,2,2,1,soleus,OSD-104; OSD-770,Mus musculus,2,0,2.7777,0.0182084,2.5694,False,consistent,up
28935,IGKV1-27,2,1,1,bone marrow,OSD-690,Mus musculus,1,1,-1.4182,0.00828423,-0.18059999999999998,False,mixed,mixed
2946,GSTM2,2,2,1,tibialis anterior,OSD-105; OSD-576,Mus musculus,2,0,1.0994,2.84262e-16,1.0744,False,consistent,up
3249,HPN,2,2,1,soleus,OSD-104; OSD-770,Mus musculus,0,2,-1.276,1.9661e-14,-1.19745,False,consistent,down
338339,CLEC4D,2,1,1,bone marrow,OSD-690,Mus musculus,2,0,1.0262,8.46057e-05,1.0133,False,consistent,up
3418,IDH2,2,2,1,soleus,OSD-104; OSD-770,Mus musculus,0,2,-1.3582,9.66816e-41,-1.28985,False,consistent,down
3434,IFIT1,2,2,1,soleus,OSD-104; OSD-770,Mus musculus,1,1,-1.2201,0.000162527,-0.07879999999999998,False,mixed,mixed
344658,SAMD7,2,2,1,soleus,OSD-104; OSD-770,Mus musculus,2,0,4.1684,3.90352e-10,3.1267500000000004,False,consistent,up
347689,SOX2-OT,2,2,1,soleus,OSD-104; OSD-770,Mus musculus,0,2,-1.7405,8.24817e-08,-1.6599,False,consistent,down
3485,IGFBP2,2,2,1,soleus,OSD-104; OSD-770,Mus musculus,0,2,-2.848,5.3634e-05,-2.11035,False,consistent,down
3501,IGHG2,2,2,1,soleus,OSD-104; OSD-770,Mus musculus,0,2,-1.3094,0.0036809,-1.28575,False,consistent,down
3503,IGHG4,2,2,1,soleus,OSD-104; OSD-770,Mus musculus,0,2,-1.3094,0.0036809,-1.28575,False,consistent,down
354,KLK3,2,2,1,soleus,OSD-104; OSD-770,Mus musculus,2,0,2.1754,3.56899e-12,2.1238,True,consistent,up
3547,IGSF1,2,2,1,soleus,OSD-104; OSD-770,Mus musculus,0,2,-1.772,2.59913e-23,-1.63525,False,consistent,down
357,SHROOM2,2,1,1,bone marrow,OSD-690,Mus musculus,0,2,-1.2734,0.0189876,-1.26065,False,consistent,down
3749,KCNC4,2,2,1,soleus,OSD-104; OSD-770,Mus musculus,2,0,1.3616,8.42138e-15,1.33095,False,consistent,up
375316,RBM44,2,1,1,bone marrow,OSD-690,Mus musculus,0,2,-1.1197,0.0190059,-1.06855,False,consistent,down
3816,KLK1,2,2,1,soleus,OSD-104; OSD-770,Mus musculus,2,0,2.1754,3.56899e-12,2.1238,True,consistent,up
3817,KLK2,2,2,1,soleus,OSD-104; OSD-770,Mus musculus,2,0,2.1754,3.56899e-12,2.1238,True,consistent,up
387890,TMEM233,2,2,1,soleus,OSD-104; OSD-770,Mus musculus,2,0,1.4258,4.38333e-26,1.27515,False,consistent,up
389692,MAFA,2,2,1,soleus,OSD-104; OSD-770,Mus musculus,2,0,1.5856,8.0155e-21,1.4466,False,consistent,up
4130,MAP1A,2,1,1,bone marrow,OSD-690,Mus musculus,0,2,-1.4277,0.0112024,-1.2892000000000001,False,consistent,down
4291,MLF1,2,2,1,soleus,OSD-104; OSD-770,Mus musculus,2,0,1.5058,1.16322e-39,1.3108499999999998,False,consistent,up
4355,MPP2,2,1,1,bone marrow,OSD-690,Mus musculus,0,2,-1.4316,3.51916e-11,-1.2342,False,consistent,down
4356,MPP3,2,2,1,soleus,OSD-104; OSD-770,Mus musculus,2,0,1.5242,1.17037e-27,1.4258,False,consistent,up
439996,IFIT1B,2,2,1,soleus,OSD-104; OSD-770,Mus musculus,1,1,-1.2201,0.000162527,-0.07879999999999998,False,mixed,mixed
4509,ATP8,2,1,1,bone marrow,OSD-690,Mus musculus,2,0,1.5676,0.0114458,1.41625,False,consistent,up
4619,MYH1,2,2,1,soleus,OSD-104; OSD-770,Mus musculus,2,0,2.1658,4.79023e-44,1.9858,False,consistent,up
4621,MYH3,2,2,1,soleus,OSD-104; OSD-770,Mus musculus,0,2,-1.9971,3.57319e-17,-1.77045,False,consistent,down
4634,MYL3,2,2,1,quadriceps femoris,OSD-326; OSD-666,Mus musculus,0,2,-5.5512,0.00180616,-4.1691,False,consistent,down
4635,MYL4,2,1,1,bone marrow,OSD-690,Mus musculus,0,2,-1.0848,0.000261185,-1.0502,False,consistent,down
482,ATP1B2,2,2,1,soleus,OSD-104; OSD-770,Mus musculus,2,0,1.3221,6.69487e-18,1.2197,False,consistent,up
5091,PC,2,1,1,bone marrow,OSD-690,Mus musculus,0,2,-1.0378,5.01292e-07,-1.0248,False,consistent,down
5350,PLN,2,2,1,soleus,OSD-104; OSD-770,Mus musculus,0,2,-3.4858,1.65219e-37,-2.8529,False,consistent,down
53632,PRKAG3,2,2,1,soleus,OSD-104; OSD-770,Mus musculus,2,0,1.303,6.5791e-17,1.2731,False,consistent,up
54020,SLC37A1,2,2,1,soleus,OSD-104; OSD-770,Mus musculus,2,0,1.1848,5.46295e-06,1.1087500000000001,False,consistent,up
54361,WNT4,2,2,1,soleus,OSD-104; OSD-770,Mus musculus,2,0,1.8221,2.3543e-42,1.7764,False,consistent,up
55040,EPN3,2,2,1,soleus,OSD-104; OSD-770,Mus musculus,0,2,-2.745,4.5e-05,-2.0861,False,consistent,down
55214,P3H2,2,2,1,soleus,OSD-104; OSD-770,Mus musculus,0,2,-2.048,1.44942e-43,-1.6407,False,consistent,down
55746,NUP133,2,2,1,soleus,OSD-104; OSD-770,Mus musculus,0,2,-1.8786,2.25647e-31,-1.5884,False,consistent,down
57574,MARCHF4,2,2,1,soleus,OSD-104; OSD-770,Mus musculus,2,0,1.6924,0.00783291,1.5122499999999999,False,consistent,up
5816,PVALB,2,2,1,soleus,OSD-104; OSD-770,Mus musculus,2,0,2.9154,1.1412e-08,2.0593,False,consistent,up
58529,MYOZ1,2,2,1,soleus,OSD-104; OSD-770,Mus musculus,2,0,1.5406,4.08112e-53,1.2927,False,consistent,up
63027,SLC22A23,2,1,1,bone marrow,OSD-690,Mus musculus,0,2,-1.0631,2.48126e-06,-1.05215,False,consistent,down
6368,CCL23,2,2,1,extensor digitorum longus,OSD-665; OSD-99,Mus musculus,1,1,-1.2145,1.08064e-16,-0.06794999999999995,False,mixed,mixed
64091,POPDC2,2,1,1,bone marrow,OSD-690,Mus musculus,0,2,-1.2162,1.51225e-07,-1.2079499999999999,False,consistent,down
65009,NDRG4,2,2,1,soleus,OSD-104; OSD-770,Mus musculus,0,2,-2.4904,4.28358e-24,-2.3584500000000004,False,consistent,down
6508,SLC4A3,2,2,1,soleus,OSD-104; OSD-770,Mus musculus,0,2,-2.2336,6.69959e-102,-2.0107,False,consistent,down
6536,SLC6A9,2,1,1,bone marrow,OSD-690,Mus musculus,0,2,-1.1579,1.67217e-11,-1.1056,False,consistent,down
654429,LRTM2,2,2,1,soleus,OSD-104; OSD-770,Mus musculus,2,0,2.695,1.21333e-05,2.0218499999999997,False,consistent,up
654463,FER1L6,2,1,1,bone marrow,OSD-690,Mus musculus,0,2,-1.2713,0.00343651,-1.2657,False,consistent,down
654790,PCP4L1,2,2,1,soleus,OSD-104; OSD-770,Mus musculus,0,2,-1.564,8.28285e-40,-1.49895,False,consistent,down
6582,SLC22A2,2,2,1,soleus,OSD-104; OSD-770,Mus musculus,0,2,-2.6605,2.22222e-05,-2.1153,False,consistent,down
6588,SLN,2,2,1,soleus,OSD-104; OSD-770,Mus musculus,0,2,-1.4314,1.02926e-05,-1.2617,False,consistent,down
6662,SOX9,2,2,1,soleus,OSD-104; OSD-770,Mus musculus,0,2,-1.8692,2.14842e-25,-1.7783,False,consistent,down
6676,SPAG4,2,2,1,soleus,OSD-104; OSD-770,Mus musculus,0,2,-1.754,0.000216037,-1.6446,False,consistent,down
6710,SPTB,2,1,1,bone marrow,OSD-690,Mus musculus,0,2,-1.218,5.69336e-11,-1.1774499999999999,False,consistent,down
6909,TBX2,2,1,1,bone marrow,OSD-690,Mus musculus,0,2,-1.1359,0.00355956,-1.12435,False,consistent,down
7345,UCHL1,2,2,1,soleus,OSD-104; OSD-770,Mus musculus,0,2,-1.6267,3.56625e-38,-1.5796999999999999,False,consistent,down
735,C9,2,2,1,soleus,OSD-104; OSD-770,Mus musculus,0,2,-3.0404,0.000298768,-3.0377,False,consistent,down
7849,PAX8,2,1,1,bone marrow,OSD-690,Mus musculus,2,0,1.9396,5.42347e-05,1.59275,False,consistent,up
79639,TMEM53,2,2,1,soleus,OSD-104; OSD-770,Mus musculus,0,2,-1.2452,2.00955e-14,-1.1403,False,consistent,down
79856,SNX22,2,1,1,bone marrow,OSD-690,Mus musculus,0,2,-1.2211,2.57583e-11,-1.14465,False,consistent,down
80332,ADAM33,2,1,1,bone marrow,OSD-690,Mus musculus,0,2,-1.4259,4.46895e-06,-1.2225,False,consistent,down
80705,TSGA10,2,2,1,soleus,OSD-104; OSD-770,Mus musculus,0,2,-1.6167,1.79364e-25,-1.4334500000000001,False,consistent,down
80830,APOL6,2,2,1,soleus,OSD-104; OSD-770,Mus musculus,0,2,-1.2097,2.80207e-66,-1.1294,False,consistent,down
81606,LBH,2,2,1,soleus,OSD-104; OSD-770,Mus musculus,0,2,-1.4198,7.99765e-85,-1.3225500000000001,False,consistent,down
81706,PPP1R14C,2,2,1,soleus,OSD-104; OSD-770,Mus musculus,2,0,1.2712,8.94601e-28,1.26845,False,consistent,up
8326,FZD9,2,2,1,soleus,OSD-104; OSD-770,Mus musculus,0,2,-2.5754,8.30696e-38,-1.9317000000000002,False,consistent,down
84706,GPT2,2,2,1,soleus,OSD-104; OSD-770,Mus musculus,2,0,1.4687,1.43991e-19,1.2443,False,consistent,up
85445,CNTNAP4,2,2,1,soleus,OSD-104; OSD-770,Mus musculus,0,2,-1.6268,0.000120581,-1.55465,False,consistent,down
8814,CDKL1,2,2,1,soleus,OSD-104; OSD-770,Mus musculus,0,2,-2.4706,3.42778e-42,-2.10195,False,consistent,down
8824,CES2,2,2,1,soleus,OSD-104; OSD-770,Mus musculus,2,0,1.9943,3.94745e-05,1.65655,False,consistent,up
8839,CCN5,2,1,1,bone marrow,OSD-690,Mus musculus,0,2,-1.1785,0.0111032,-1.1083500000000002,False,consistent,down
89,ACTN3,2,2,1,soleus,OSD-104; OSD-770,Mus musculus,2,0,3.9236,1.63728e-14,2.67545,False,consistent,up
8913,CACNA1G,2,1,1,bone marrow,OSD-690,Mus musculus,0,2,-1.2928,4.56543e-07,-1.2298,False,consistent,down
9333,TGM5,2,2,1,soleus,OSD-104; OSD-770,Mus musculus,0,2,-2.6804,2.87608e-06,-2.5509500000000003,False,consistent,down
9510,ADAMTS1,2,2,1,soleus,OSD-104; OSD-770,Mus musculus,1,1,1.3868,4.29257e-28,0.09050000000000002,False,mixed,mixed
9935,MAFB,2,2,1,soleus,OSD-104; OSD-770,Mus musculus,1,1,-1.4381,5.31241e-11,-0.14434999999999998,False,mixed,mixed
10002,NR2E3,1,1,1,soleus,OSD-770,Mus musculus,1,0,2.3893,0.0460885,2.3893,False,consistent,up
100033411,DUXB,1,1,1,bone marrow,OSD-690,Mus musculus,0,1,-1.4865,0.0318445,-1.4865,False,consistent,down
100037417,DDT|DDTL,1,1,1,soleus,OSD-770,Mus musculus,0,1,-1.0175,5.01719e-07,-1.0175,False,consistent,down
100093630,SNHG8,1,1,1,soleus,OSD-770,Mus musculus,1,0,1.14,6.99819e-06,1.14,False,consistent,up
100101267,POM121C,1,1,1,bone marrow,OSD-690,Mus musculus,0,1,-1.1804,7.83156e-08,-1.1804,False,consistent,down
100127206,MINAR2,1,1,1,soleus,OSD-770,Mus musculus,1,0,2.2262,0.00280408,2.2262,False,consistent,up
100128569,TEKTIP1,1,1,1,bone marrow,OSD-690,Mus musculus,0,1,-1.2063,1.11921e-05,-1.2063,False,consistent,down
100129128,KHDC1L,1,1,1,soleus,OSD-770,Mus musculus,1,0,2.9889,0.0482067,2.9889,False,consistent,up
100129924,TMEM269,1,1,1,soleus,OSD-770,Mus musculus,1,0,1.683,0.0177873,1.683,False,consistent,up
100130519,TMEM221,1,1,1,soleus,OSD-770,Mus musculus,1,0,3.0633,0.0266971,3.0633,False,consistent,up
100130613,PRR32,1,1,1,soleus,OSD-104,Mus musculus,0,1,-1.1909,0.0154754,-1.1909,False,consistent,down
100131439,CD300LD,1,1,1,bone marrow,OSD-690,Mus musculus,0,1,-3.2138,0.0146225,-3.2138,False,consistent,down
100132146,FAM240A,1,1,1,soleus,OSD-770,Mus musculus,1,0,1.297,4.74973e-08,1.297,False,consistent,up
100132994,CXorf49B,1,1,1,soleus,OSD-770,Mus musculus,1,0,3.5562,0.0314924,3.5562,False,consistent,up
100133311,HOXA-AS3,1,1,1,soleus,OSD-770,Mus musculus,1,0,2.0083,0.026831,2.0083,False,consistent,up
100288072,SDR42E2,1,1,1,soleus,OSD-104,Mus musculus,1,0,1.4926,0.021299,1.4926,False,consistent,up
100288687,DUX4,1,1,1,bone marrow,OSD-690,Mus musculus,0,1,-1.4865,0.0318445,-1.4865,False,consistent,down
100288814,CLDN34,1,1,1,soleus,OSD-770,Mus musculus,1,0,4.0213,0.00616375,4.0213,False,consistent,up
100309464,OTX2-AS1,1,1,1,soleus,OSD-770,Mus musculus,1,0,3.2056,0.0306725,3.2056,False,consistent,up
100310846,ANKRD61,1,1,1,soleus,OSD-770,Mus musculus,1,0,1.8206,0.0134791,1.8206,False,consistent,up
100316904,SAP25,1,1,1,extensor digitorum longus,OSD-99,Mus musculus,0,1,-1.2159,0.0239002,-1.2159,False,consistent,down
100420505,ADAM1B,1,1,1,soleus,OSD-770,Mus musculus,1,0,1.7294,0.0128875,1.7294,False,consistent,up
1005,CDH7,1,1,1,soleus,OSD-770,Mus musculus,1,0,2.0272,0.0229983,2.0272,False,consistent,up
100506658,OCLN,1,1,1,soleus,OSD-770,Mus musculus,1,0,1.2804,0.0411381,1.2804,False,consistent,up
100507050,TPBGL,1,1,1,soleus,OSD-104,Mus musculus,1,0,1.1082,3.80017e-40,1.1082,False,consistent,up
100507098,ADAMTS9-AS2,1,1,1,bone marrow,OSD-690,Mus musculus,0,1,-2.7228,0.00197545,-2.7228,False,consistent,down
100507421,TMEM178B,1,1,1,soleus,OSD-104,Mus musculus,1,0,1.1914,3.21113e-16,1.1914,False,consistent,up
100507588,TGFBR3L,1,1,1,quadriceps femoris,OSD-666,Mus musculus,1,0,1.0661,6.40047e-05,1.0661,False,consistent,up
100507650,RNF212B,1,1,1,soleus,OSD-770,Mus musculus,0,1,-2.6175,1.13442e-09,-2.6175,False,consistent,down
100526739,CENPS-CORT,1,1,1,extensor digitorum longus,OSD-665,Mus musculus,0,1,-1.4756,0.0366909,-1.4756,False,consistent,down
100652824,KIAA2012,1,1,1,soleus,OSD-770,Mus musculus,1,0,1.3693,0.00206029,1.3693,False,consistent,up
10068,IL18BP,1,1,1,soleus,OSD-770,Mus musculus,0,1,-1.1281,3.31864e-07,-1.1281,False,consistent,down
1008,CDH10,1,1,1,soleus,OSD-770,Mus musculus,1,0,1.1502,0.0397867,1.1502,False,consistent,up
10081,PDCD7,1,1,1,soleus,OSD-770,Mus musculus,1,0,1.1872,4.56091e-12,1.1872,False,consistent,up
10083,USH1C,1,1,1,bone marrow,OSD-690,Mus musculus,1,0,2.0612,0.00298381,2.0612,False,consistent,up
100996492,CTXND1,1,1,1,soleus,OSD-770,Mus musculus,1,0,1.0503,0.0327847,1.0503,False,consistent,up
101,ADAM8,1,1,1,extensor digitorum longus,OSD-99,Mus musculus,1,0,1.6711,8.79158e-05,1.6711,False,consistent,up
101059948,LOC101059948,1,1,1,quadriceps femoris,OSD-666,Mus musculus,0,1,-1.3733,0.000207997,-1.3733,False,consistent,down
10107,TRIM10,1,1,1,extensor digitorum longus,OSD-665,Mus musculus,1,0,1.6832,0.0110621,1.6832,False,consistent,up
10124,ARL4A,1,1,1,gastrocnemius,OSD-422,Rattus norvegicus,1,0,1.2951,0.00144641,1.2951,False,consistent,up
1014,CDH16,1,1,1,soleus,OSD-770,Mus musculus,0,1,-6.0185,1.60466e-12,-6.0185,False,consistent,down
10144,FAM13A,1,1,1,tibialis anterior,OSD-576,Mus musculus,1,0,1.0887,0.0259942,1.0887,False,consistent,up
10149,ADGRG2,1,1,1,soleus,OSD-104,Mus musculus,0,1,-1.4323,5.75953e-09,-1.4323,False,consistent,down
1016,CDH18,1,1,1,soleus,OSD-770,Mus musculus,1,0,2.9842,0.0228138,2.9842,False,consistent,up
10178,TENM1,1,1,1,soleus,OSD-770,Mus musculus,1,0,1.7868,0.0426304,1.7868,False,consistent,up
1018,CDK3,1,1,1,quadriceps femoris,OSD-666,Mus musculus,0,1,-1.3904,0.0493105,-1.3904,False,consistent,down
10188,TNK2,1,1,1,bone marrow,OSD-690,Mus musculus,0,1,-1.0595,1.349e-07,-1.0595,False,consistent,down
101928991,CCDC92B,1,1,1,bone marrow,OSD-690,Mus musculus,0,1,-1.2167,7.92641e-07,-1.2167,False,consistent,down
101929983,PRAMEF27,1,1,1,soleus,OSD-770,Mus musculus,1,0,2.3686,0.0396457,2.3686,False,consistent,up
10218,ANGPTL7,1,1,1,soleus,OSD-770,Mus musculus,0,1,-1.182,0.000238311,-1.182,False,consistent,down
10221,TRIB1,1,1,1,soleus,OSD-770,Mus musculus,1,0,1.5199,6.06489e-11,1.5199,False,consistent,up
10234,LRRC17,1,1,1,soleus,OSD-104,Mus musculus,1,0,1.3601,5.45722e-11,1.3601,False,consistent,up
10263,CDK2AP2,1,1,1,soleus,OSD-770,Mus musculus,0,1,-1.4185,1.77195e-10,-1.4185,False,consistent,down
1028,CDKN1C,1,1,1,soleus,OSD-770,Mus musculus,1,0,1.3827,0.000618429,1.3827,False,consistent,up
10290,SPEG,1,1,1,bone marrow,OSD-690,Mus musculus,0,1,-1.0772,0.0119935,-1.0772,False,consistent,down
10319,LAMC3,1,1,1,soleus,OSD-770,Mus musculus,1,0,1.3703,5.15239e-05,1.3703,False,consistent,up
10343,PKDREJ,1,1,1,soleus,OSD-770,Mus musculus,0,1,-2.0137,6.68123e-23,-2.0137,False,consistent,down
10345,TRDN,1,1,1,soleus,OSD-770,Mus musculus,1,0,1.1433,2.52085e-06,1.1433,False,consistent,up
10351,ABCA8,1,1,1,bone marrow,OSD-690,Mus musculus,0,1,-1.7026,0.0166793,-1.7026,False,consistent,down
10381,TUBB3,1,1,1,quadriceps femoris,OSD-666,Mus musculus,0,1,-1.233,0.00376219,-1.233,False,consistent,down
10385,BTN2A2,1,1,1,soleus,OSD-104,Mus musculus,0,1,-2.1497,2.02894e-05,-2.1497,False,consistent,down
10389,SCML2,1,1,1,quadriceps femoris,OSD-666,Mus musculus,0,1,-1.5955,0.0186681,-1.5955,False,consistent,down
104,ADARB1,1,1,1,bone marrow,OSD-690,Mus musculus,0,1,-1.0357,0.0416765,-1.0357,False,consistent,down
10403,NDC80,1,1,1,extensor digitorum longus,OSD-99,Mus musculus,1,0,1.338,0.0206997,1.338,False,consistent,up
10417,SPON2,1,1,1,gastrocnemius,OSD-101,Mus musculus,1,0,1.2653,0.00977923,1.2653,False,consistent,up
10418,SPON1,1,1,1,soleus,OSD-770,Mus musculus,1,0,1.8111,1.17146e-18,1.8111,False,consistent,up
10437,IFI30,1,1,1,tibialis anterior,OSD-576,Mus musculus,0,1,-1.1814,0.00175579,-1.1814,False,consistent,down
10455,ECI2,1,1,1,quadriceps femoris,OSD-666,Mus musculus,1,0,1.856,0.0256213,1.856,False,consistent,up
10468,FST,1,1,1,soleus,OSD-770,Mus musculus,1,0,1.0809,0.00459696,1.0809,False,consistent,up
10485,MIR9-1HG,1,1,1,soleus,OSD-770,Mus musculus,1,0,2.12,0.00919025,2.12,False,consistent,up
1050,CEBPA,1,1,1,quadriceps femoris,OSD-666,Mus musculus,1,0,1.0713,0.00743506,1.0713,False,consistent,up
10518,CIB2,1,1,1,soleus,OSD-770,Mus musculus,1,0,1.5669,6.82755e-13,1.5669,False,consistent,up
105373377,PNMA6F,1,1,1,soleus,OSD-770,Mus musculus,1,0,2.8928,0.0438278,2.8928,False,consistent,up
105375355,UPK3B,1,1,1,soleus,OSD-770,Mus musculus,1,0,3.7811,0.00604145,3.7811,False,consistent,up
10553,HTATIP2,1,1,1,soleus,OSD-770,Mus musculus,0,1,-1.07,1.88114e-05,-1.07,False,consistent,down
10561,IFI44,1,1,1,bone marrow,OSD-690,Mus musculus,0,1,-1.0411,0.0273704,-1.0411,False,consistent,down
10591,DNPH1,1,1,1,soleus,OSD-770,Mus musculus,0,1,-1.5586,0.0031564,-1.5586,False,consistent,down
10609,P3H4,1,1,1,tibialis anterior,OSD-576,Mus musculus,1,0,1.0871,0.0232737,1.0871,False,consistent,up
10630,PDPN,1,1,1,bone marrow,OSD-690,Mus musculus,1,0,1.031,0.0392498,1.031,False,consistent,up
10642,IGF2BP1,1,1,1,soleus,OSD-770,Mus musculus,1,0,2.1857,0.0333799,2.1857,False,consistent,up
10644,IGF2BP2,1,1,1,soleus,OSD-770,Mus musculus,1,0,1.7032,0.00539043,1.7032,False,consistent,up
10677,AVIL,1,1,1,quadriceps femoris,OSD-326,Mus musculus,1,0,1.1365,0.0394138,1.1365,False,consistent,up
10692,RRH,1,1,1,soleus,OSD-770,Mus musculus,1,0,1.6417,4.66023e-05,1.6417,False,consistent,up
10725,NFAT5,1,1,1,soleus,OSD-770,Mus musculus,1,0,1.5565,6.56642e-13,1.5565,False,consistent,up
10747,MASP2,1,1,1,extensor digitorum longus,OSD-665,Mus musculus,0,1,-1.3286,0.00812527,-1.3286,False,consistent,down
10763,NES,1,1,1,soleus,OSD-104,Mus musculus,0,1,-1.2065,1.05697e-17,-1.2065,False,consistent,down
10777,ARPP21,1,1,1,tibialis anterior,OSD-576,Mus musculus,1,0,1.0143,0.016958,1.0143,False,consistent,up
10786,SLC17A3,1,1,1,soleus,OSD-104,Mus musculus,1,0,2.5409,0.0193538,2.5409,False,consistent,up
10797,MTHFD2,1,1,1,soleus,OSD-770,Mus musculus,0,1,-1.1162,0.000977362,-1.1162,False,consistent,down
10799,RPP40,1,1,1,bone marrow,OSD-690,Mus musculus,1,0,1.1924,0.000370189,1.1924,False,consistent,up
10814,CPLX2,1,1,1,bone marrow,OSD-690,Mus musculus,0,1,-1.1617,9.24969e-08,-1.1617,False,consistent,down
1084,CEACAM3,1,1,1,soleus,OSD-770,Mus musculus,1,0,2.2856,0.0466368,2.2856,False,consistent,up
10842,PPP1R17,1,1,1,soleus,OSD-770,Mus musculus,1,0,3.1781,0.0187104,3.1781,False,consistent,up
10846,PDE10A|LINC00473,1,1,1,extensor digitorum longus,OSD-665,Mus musculus,0,1,-1.4119,0.00129586,-1.4119,False,consistent,down
10856,RUVBL2,1,1,1,quadriceps femoris,OSD-666,Mus musculus,0,1,-1.0561,5.46284e-10,-1.0561,False,consistent,down
10858,CYP46A1,1,1,1,quadriceps femoris,OSD-666,Mus musculus,1,0,2.0742,0.00137772,2.0742,False,consistent,up
10903,MTMR11,1,1,1,gastrocnemius,OSD-422,Rattus norvegicus,1,0,6.3241,0.0335691,6.3241,False,consistent,up
10912,GADD45G,1,1,1,soleus,OSD-104,Mus musculus,1,0,1.9863,3.18711e-15,1.9863,False,consistent,up
10963,STIP1,1,1,1,quadriceps femoris,OSD-666,Mus musculus,0,1,-1.0735,5.43438e-06,-1.0735,False,consistent,down
10998,SLC27A5,1,1,1,soleus,OSD-104,Mus musculus,1,0,2.4086,0.022682,2.4086,False,consistent,up
11001,SLC27A2,1,1,1,soleus,OSD-104,Mus musculus,1,0,2.5423,0.0202869,2.5423,False,consistent,up
11044,TENT4A,1,1,1,soleus,OSD-770,Mus musculus,1,0,1.3716,4.42593e-12,1.3716,False,consistent,up
110599588,ASDURF,1,1,1,soleus,OSD-770,Mus musculus,1,0,1.0127,0.0281701,1.0127,False,consistent,up
11072,DUSP14,1,1,1,soleus,OSD-770,Mus musculus,0,1,-1.823,4.03777e-14,-1.823,False,consistent,down
11076,TPPP,1,1,1,soleus,OSD-770,Mus musculus,0,1,-1.3296,8.75767e-12,-1.3296,False,consistent,down
11077,HSF2BP,1,1,1,extensor digitorum longus,OSD-99,Mus musculus,1,0,1.2177,0.0189146,1.2177,False,consistent,up
11081,KERA,1,1,1,gastrocnemius,OSD-101,Mus musculus,1,0,1.491,0.0345522,1.491,False,consistent,up
11116,CEP43,1,1,1,soleus,OSD-770,Mus musculus,0,1,-1.0662,2.13236e-18,-1.0662,False,consistent,down
11120,BTN2A1,1,1,1,soleus,OSD-104,Mus musculus,0,1,-2.1497,2.02894e-05,-2.1497,False,consistent,down
1113,CHGA,1,1,1,soleus,OSD-770,Mus musculus,1,0,3.5267,0.0232597,3.5267,False,consistent,up
11131,CAPN11,1,1,1,bone marrow,OSD-690,Mus musculus,0,1,-5.0203,0.019037,-5.0203,False,consistent,down
11135,CDC42EP1,1,1,1,bone marrow,OSD-690,Mus musculus,0,1,-1.0224,0.0279789,-1.0224,False,consistent,down
11141,IL1RAPL1,1,1,1,soleus,OSD-770,Mus musculus,1,0,1.4214,0.0361537,1.4214,False,consistent,up
11163,NUDT4,1,1,1,soleus,OSD-770,Mus musculus,1,0,1.0347,1.41619e-07,1.0347,False,consistent,up
11182,SLC2A6,1,1,1,extensor digitorum longus,OSD-99,Mus musculus,1,0,1.8439,0.00303283,1.8439,False,consistent,up
11224,RPL35,1,1,1,soleus,OSD-770,Mus musculus,1,0,1.8894,0.00770973,1.8894,False,consistent,up
11227,GALNT5,1,1,1,soleus,OSD-104,Mus musculus,1,0,1.1637,2.66282e-10,1.1637,False,consistent,up
11245,GPR176,1,1,1,quadriceps femoris,OSD-666,Mus musculus,0,1,-1.1991,0.00538354,-1.1991,False,consistent,down
112476,PRRT2,1,1,1,gastrocnemius,OSD-101,Mus musculus,0,1,-2.0358,0.00667659,-2.0358,False,consistent,down
11248,NXPH3,1,1,1,soleus,OSD-104,Mus musculus,1,0,1.1928,0.0220812,1.1928,False,consistent,up
112724,RDH13,1,1,1,soleus,OSD-770,Mus musculus,0,1,-1.4159,1.98208e-18,-1.4159,False,consistent,down
11279,KLF8,1,1,1,quadriceps femoris,OSD-103,Mus musculus,1,0,1.4072,0.0424731,1.4072,False,consistent,up
112802,KRT71,1,1,1,soleus,OSD-104,Mus musculus,1,0,7.8718,0.00389025,7.8718,False,consistent,up
112817,HOGA1,1,1,1,soleus,OSD-770,Mus musculus,1,0,2.1451,4.79296e-12,2.1451,False,consistent,up
112869,SGF29,1,1,1,quadriceps femoris,OSD-326,Mus musculus,1,0,1.0195,0.00835726,1.0195,False,consistent,up
113000,RPUSD1,1,1,1,soleus,OSD-770,Mus musculus,0,1,-1.319,3.86518e-08,-1.319,False,consistent,down
113026,PLCD3,1,1,1,soleus,OSD-770,Mus musculus,1,0,1.0656,5.65733e-05,1.0656,False,consistent,up
1131,CHRM3,1,1,1,tibialis anterior,OSD-105,Mus musculus,0,1,-1.3009,0.0177518,-1.3009,False,consistent,down
11318,GPR182,1,1,1,bone marrow,OSD-690,Mus musculus,0,1,-1.0912,0.0266747,-1.0912,False,consistent,down
113235,SLC46A1,1,1,1,soleus,OSD-770,Mus musculus,0,1,-1.1381,0.0214393,-1.1381,False,consistent,down
11326,VSIG4,1,1,1,quadriceps femoris,OSD-666,Mus musculus,1,0,1.1735,0.00880026,1.1735,False,consistent,up
113263,GLCCI1,1,1,1,soleus,OSD-770,Mus musculus,1,0,1.1771,0.00527321,1.1771,False,consistent,up
113278,SLC52A3,1,1,1,bone marrow,OSD-690,Mus musculus,0,1,-1.0548,0.0071964,-1.0548,False,consistent,down
1134,CHRNA1,1,1,1,gastrocnemius,OSD-422,Rattus norvegicus,0,1,-3.4152,0.0364654,-3.4152,False,consistent,down
113455421,DERPC,1,1,1,extensor digitorum longus,OSD-665,Mus musculus,0,1,-1.4517,0.0133933,-1.4517,False,consistent,down
113523638,SMIM41,1,1,1,bone marrow,OSD-690,Mus musculus,0,1,-1.3569,0.0345011,-1.3569,False,consistent,down
113612,CYP2U1,1,1,1,soleus,OSD-770,Mus musculus,0,1,-1.3789,2.74445e-09,-1.3789,False,consistent,down
1142,CHRNB3,1,1,1,soleus,OSD-770,Mus musculus,1,0,2.5987,0.0390541,2.5987,False,consistent,up
1144,CHRND,1,1,1,soleus,OSD-770,Mus musculus,0,1,-1.1872,0.000305767,-1.1872,False,consistent,down
114614,MIR155HG,1,1,1,tibialis anterior,OSD-576,Mus musculus,0,1,-1.0092,0.0169298,-1.0092,False,consistent,down
114659,LRRC37B,1,1,1,soleus,OSD-770,Mus musculus,1,0,2.3042,0.0202792,2.3042,False,consistent,up
114788,CSMD3,1,1,1,extensor digitorum longus,OSD-665,Mus musculus,1,0,1.695,0.0311718,1.695,False,consistent,up
114794,ELFN2,1,1,1,soleus,OSD-770,Mus musculus,1,0,2.0791,0.0262933,2.0791,False,consistent,up
114795,TMEM132B,1,1,1,soleus,OSD-770,Mus musculus,1,0,1.9249,0.017579,1.9249,False,consistent,up
114821,ZBED9,1,1,1,bone marrow,OSD-690,Mus musculus,1,0,1.2113,0.0193124,1.2113,False,consistent,up
114827,FHAD1,1,1,1,soleus,OSD-770,Mus musculus,1,0,2.2909,6.7393e-05,2.2909,False,consistent,up
114836,SLAMF6,1,1,1,soleus,OSD-770,Mus musculus,1,0,2.5103,9.29896e-05,2.5103,False,consistent,up
114897,C1QTNF1,1,1,1,bone marrow,OSD-690,Mus musculus,0,1,-1.5381,0.0149924,-1.5381,False,consistent,down
114905,C1QTNF7,1,1,1,soleus,OSD-104,Mus musculus,0,1,-1.0841,0.00141342,-1.0841,False,consistent,down
114990,VASN,1,1,1,soleus,OSD-770,Mus musculus,1,0,1.0527,8.66616e-05,1.0527,False,consistent,up
114991,ZNF618,1,1,1,soleus,OSD-770,Mus musculus,1,0,1.4423,2.64296e-05,1.4423,False,consistent,up
115290,FBXO17,1,1,1,gastrocnemius,OSD-422,Rattus norvegicus,0,1,-6.8214,0.0477123,-6.8214,False,consistent,down
115361,GBP4,1,1,1,soleus,OSD-770,Mus musculus,0,1,-1.5239,3.14753e-05,-1.5239,False,consistent,down
115362,GBP5,1,1,1,soleus,OSD-770,Mus musculus,0,1,-1.5264,0.000109784,-1.5264,False,consistent,down
115701,ALPK2,1,1,1,soleus,OSD-770,Mus musculus,1,0,1.0715,2.78145e-06,1.0715,False,consistent,up
1158,CKM,1,1,1,bone marrow,OSD-690,Mus musculus,0,1,-2.2443,9.27692e-05,-2.2443,False,consistent,down
1159,CKMT1B,1,1,1,soleus,OSD-104,Mus musculus,1,0,2.8871,0.00300545,2.8871,False,consistent,up
116285,ACSM1,1,1,1,soleus,OSD-104,Mus musculus,1,0,2.367,0.0164562,2.367,False,consistent,up
116337,PANX3,1,1,1,soleus,OSD-770,Mus musculus,1,0,3.189,0.032113,3.189,False,consistent,up
116369,SLC26A8,1,1,1,extensor digitorum longus,OSD-665,Mus musculus,1,0,1.5264,0.0168203,1.5264,False,consistent,up
116379,IL22RA2,1,1,1,soleus,OSD-770,Mus musculus,1,0,1.4823,0.0208963,1.4823,False,consistent,up
116969,ART5,1,1,1,soleus,OSD-770,Mus musculus,0,1,-1.3008,9.35681e-09,-1.3008,False,consistent,down
117194,MRGPRX2,1,1,1,quadriceps femoris,OSD-103,Mus musculus,1,0,1.1604,0.000581109,1.1604,False,consistent,up
117195,MRGPRX3,1,1,1,quadriceps femoris,OSD-103,Mus musculus,1,0,1.1604,0.000581109,1.1604,False,consistent,up
117196,MRGPRX4,1,1,1,quadriceps femoris,OSD-103,Mus musculus,1,0,1.1604,0.000581109,1.1604,False,consistent,up
117248,GALNT15,1,1,1,bone marrow,OSD-690,Mus musculus,0,1,-1.1901,0.00490817,-1.1901,False,consistent,down
117283,IP6K3,1,1,1,soleus,OSD-770,Mus musculus,0,1,-1.1191,0.000343314,-1.1191,False,consistent,down
118460,EXOSC6,1,1,1,bone marrow,OSD-690,Mus musculus,1,0,1.2946,0.00015298,1.2946,False,consistent,up
118611,C10orf90,1,1,1,soleus,OSD-770,Mus musculus,1,0,3.2834,0.00225564,3.2834,False,consistent,up
118670,FAM24A,1,1,1,soleus,OSD-770,Mus musculus,1,0,4.0086,0.00479886,4.0086,False,consistent,up
1187,CLCNKA,1,1,1,soleus,OSD-104,Mus musculus,1,0,3.998,0.00594381,3.998,False,consistent,up
1188,CLCNKB,1,1,1,soleus,OSD-104,Mus musculus,1,0,3.998,0.00594381,3.998,False,consistent,up
118812,MORN4,1,1,1,soleus,OSD-104,Mus musculus,0,1,-1.3823,0.000170202,-1.3823,False,consistent,down
118980,SFXN2,1,1,1,quadriceps femoris,OSD-326,Mus musculus,1,0,1.1421,0.0207528,1.1421,False,consistent,up
119,ADD2,1,1,1,tibialis anterior,OSD-576,Mus musculus,1,0,2.4747,0.029311,2.4747,False,consistent,up
119559,SFXN4,1,1,1,soleus,OSD-770,Mus musculus,0,1,-1.0296,6.16454e-07,-1.0296,False,consistent,down
119587,CPXM2,1,1,1,soleus,OSD-770,Mus musculus,0,1,-1.3026,9.85777e-12,-1.3026,False,consistent,down
119749,OR4C46,1,1,1,soleus,OSD-770,Mus musculus,1,0,1.7811,0.039316,1.7811,False,consistent,up
119765,OR4B1,1,1,1,soleus,OSD-770,Mus musculus,1,0,2.6643,0.0230398,2.6643,False,consistent,up
121275,OR10AD1,1,1,1,soleus,OSD-770,Mus musculus,1,0,2.1918,0.014652,2.1918,False,consistent,up
121340,SP7,1,1,1,tibialis anterior,OSD-576,Mus musculus,1,0,4.0796,0.0388357,4.0796,False,consistent,up
122416,ANKRD9,1,1,1,soleus,OSD-104,Mus musculus,1,0,1.1809,3.20021e-11,1.1809,False,consistent,up
122481,AK7,1,1,1,soleus,OSD-770,Mus musculus,1,0,2.4796,0.0194796,2.4796,False,consistent,up
123096,SLC25A29,1,1,1,soleus,OSD-770,Mus musculus,0,1,-1.0552,0.00375758,-1.0552,False,consistent,down
123103,KLHL33,1,1,1,soleus,OSD-104,Mus musculus,1,0,1.0484,3.41937e-20,1.0484,False,consistent,up
1234,CCR5,1,1,1,extensor digitorum longus,OSD-665,Mus musculus,0,1,-2.0302,0.000281102,-2.0302,False,consistent,down
123624,AGBL1,1,1,1,soleus,OSD-770,Mus musculus,1,0,1.2889,6.84982e-16,1.2889,False,consistent,up
1238,ACKR2,1,1,1,gastrocnemius,OSD-422,Rattus norvegicus,1,0,6.3614,0.00745207,6.3614,False,consistent,up
123879,DCUN1D3,1,1,1,gastrocnemius,OSD-419,Mus musculus,1,0,2.5528,0.0423974,2.5528,False,consistent,up
124044,SPATA2L,1,1,1,soleus,OSD-770,Mus musculus,0,1,-1.0086,0.00296136,-1.0086,False,consistent,down
124221,PRSS30P,1,1,1,soleus,OSD-770,Mus musculus,1,0,3.0976,0.0236495,3.0976,False,consistent,up
124404,SEPTIN12,1,1,1,soleus,OSD-770,Mus musculus,1,0,2.8392,0.0288358,2.8392,False,consistent,up
124590,USH1G,1,1,1,soleus,OSD-770,Mus musculus,0,1,-2.9045,1.52213e-05,-2.9045,False,consistent,down
124842,TMEM132E,1,1,1,bone marrow,OSD-690,Mus musculus,0,1,-1.6985,2.22375e-05,-1.6985,False,consistent,down
124923,RSKR,1,1,1,soleus,OSD-770,Mus musculus,0,1,-1.0395,0.000173221,-1.0395,False,consistent,down
124975,GGT6,1,1,1,soleus,OSD-104,Mus musculus,1,0,1.874,0.0222133,1.874,False,consistent,up
124976,SPNS2,1,1,1,soleus,OSD-770,Mus musculus,1,0,2.0363,1.0207e-25,2.0363,False,consistent,up
125336,LOXHD1,1,1,1,soleus,OSD-770,Mus musculus,1,0,3.0325,0.00472691,3.0325,False,consistent,up
125950,RAVER1,1,1,1,bone marrow,OSD-690,Mus musculus,0,1,-1.0515,1.26984e-05,-1.0515,False,consistent,down
125958,OR7D4,1,1,1,soleus,OSD-770,Mus musculus,1,0,1.7023,0.00254217,1.7023,False,consistent,up
125962,OR7G1,1,1,1,soleus,OSD-770,Mus musculus,1,0,2.2112,0.0101004,2.2112,False,consistent,up
125997,MBD3L2,1,1,1,soleus,OSD-770,Mus musculus,1,0,3.5653,0.00306929,3.5653,False,consistent,up
126129,CPT1C,1,1,1,bone marrow,OSD-690,Mus musculus,0,1,-1.0021,0.0281318,-1.0021,False,consistent,down
1262,CNGA4,1,1,1,soleus,OSD-770,Mus musculus,1,0,3.1299,0.0360973,3.1299,False,consistent,up
126295,ZNF57,1,1,1,soleus,OSD-770,Mus musculus,0,1,-1.1665,7.96628e-06,-1.1665,False,consistent,down
126326,GIPC3,1,1,1,bone marrow,OSD-690,Mus musculus,0,1,-2.0189,0.00797063,-2.0189,False,consistent,down
126353,MISP,1,1,1,soleus,OSD-770,Mus musculus,0,1,-3.2027,0.0020463,-3.2027,False,consistent,down
126374,WTIP,1,1,1,bone marrow,OSD-690,Mus musculus,0,1,-1.546,0.0137404,-1.546,False,consistent,down
1268,CNR1,1,1,1,quadriceps femoris,OSD-666,Mus musculus,1,0,1.0373,0.00125523,1.0373,False,consistent,up
126969,SLC44A3,1,1,1,quadriceps femoris,OSD-666,Mus musculus,1,0,1.9317,0.0157678,1.9317,False,consistent,up
127294,MYOM3,1,1,1,extensor digitorum longus,OSD-99,Mus musculus,1,0,1.0555,1.94597e-17,1.0555,False,consistent,up
127428,TCEANC2,1,1,1,soleus,OSD-104,Mus musculus,0,1,-1.9049,0.0359682,-1.9049,False,consistent,down
127435,PODN,1,1,1,bone marrow,OSD-690,Mus musculus,0,1,-1.027,0.0400465,-1.027,False,consistent,down
1277,COL1A1,1,1,1,gastrocnemius,OSD-419,Mus musculus,1,0,1.3849,0.0228687,1.3849,False,consistent,up
127700,OSCP1,1,1,1,soleus,OSD-104,Mus musculus,0,1,-1.1318,6.67899e-05,-1.1318,False,consistent,down
127733,UBXN10,1,1,1,soleus,OSD-104,Mus musculus,0,1,-1.27,0.00438968,-1.27,False,consistent,down
127833,SYT2,1,1,1,quadriceps femoris,OSD-666,Mus musculus,1,0,2.1728,0.0300129,2.1728,False,consistent,up
1281,COL3A1,1,1,1,quadriceps femoris,OSD-666,Mus musculus,0,1,-1.1355,0.000153892,-1.1355,False,consistent,down
128153,SPATA17,1,1,1,soleus,OSD-770,Mus musculus,0,1,-1.1904,0.00794838,-1.1904,False,consistent,down
128239,IQGAP3,1,1,1,soleus,OSD-104,Mus musculus,1,0,1.1962,0.000683682,1.1962,False,consistent,up
128367,OR10X1,1,1,1,soleus,OSD-770,Mus musculus,1,0,2.1265,0.037764,2.1265,False,consistent,up
1286,COL4A4,1,1,1,soleus,OSD-770,Mus musculus,1,0,1.061,0.00137801,1.061,False,consistent,up
128611,ZNF831,1,1,1,soleus,OSD-770,Mus musculus,1,0,1.6015,0.00472691,1.6015,False,consistent,up
128859,BPIFB6,1,1,1,quadriceps femoris,OSD-666,Mus musculus,1,0,3.9504,0.00164752,3.9504,False,consistent,up
128989,TANGO2,1,1,1,extensor digitorum longus,OSD-665,Mus musculus,1,0,1.0364,7.56267e-16,1.0364,False,consistent,up
129049,SGSM1,1,1,1,soleus,OSD-770,Mus musculus,1,0,1.6367,0.0107851,1.6367,False,consistent,up
129080,EMID1,1,1,1,soleus,OSD-770,Mus musculus,1,0,1.21,0.00117614,1.21,False,consistent,up
1296,COL8A2,1,1,1,soleus,OSD-770,Mus musculus,0,1,-1.2266,1.80107e-05,-1.2266,False,consistent,down
129607,CMPK2,1,1,1,soleus,OSD-104,Mus musculus,1,0,1.0741,1.45148e-05,1.0741,False,consistent,up
1297,COL9A1,1,1,1,soleus,OSD-770,Mus musculus,1,0,2.5986,0.000139084,2.5986,False,consistent,up
13,AADAC,1,1,1,soleus,OSD-104,Mus musculus,1,0,2.7115,0.0273725,2.7115,False,consistent,up
130,ADH6,1,1,1,soleus,OSD-770,Mus musculus,1,0,1.6838,0.0332721,1.6838,False,consistent,up
130075,OR9A4,1,1,1,soleus,OSD-770,Mus musculus,1,0,1.926,0.0337017,1.926,False,consistent,up
130120,REG3G,1,1,1,soleus,OSD-770,Mus musculus,0,1,-1.7829,0.0259797,-1.7829,False,consistent,down
130271,PLEKHH2,1,1,1,bone marrow,OSD-690,Mus musculus,0,1,-1.2304,0.0284844,-1.2304,False,consistent,down
130367,SGPP2,1,1,1,soleus,OSD-770,Mus musculus,1,0,2.0024,0.0425925,2.0024,False,consistent,up
130540,FLACC1,1,1,1,soleus,OSD-770,Mus musculus,1,0,1.6462,0.020983,1.6462,False,consistent,up
130589,GALM,1,1,1,soleus,OSD-770,Mus musculus,0,1,-1.5143,1.59978e-14,-1.5143,False,consistent,down
130733,TMEM178A,1,1,1,soleus,OSD-770,Mus musculus,1,0,1.1954,0.00304447,1.1954,False,consistent,up
1308,COL17A1,1,1,1,soleus,OSD-104,Mus musculus,1,0,3.5379,0.00238237,3.5379,False,consistent,up
130872,AHSA2P,1,1,1,quadriceps femoris,OSD-666,Mus musculus,0,1,-1.1057,2.58434e-05,-1.1057,False,consistent,down
131377,KLHL40,1,1,1,soleus,OSD-770,Mus musculus,1,0,1.7878,8.10376e-06,1.7878,False,consistent,up
131578,LRRC15,1,1,1,quadriceps femoris,OSD-666,Mus musculus,0,1,-2.173,0.000447815,-2.173,False,consistent,down
1316,KLF6,1,1,1,soleus,OSD-770,Mus musculus,1,0,1.1693,7.60769e-06,1.1693,False,consistent,up
131601,TPRA1,1,1,1,tibialis anterior,OSD-576,Mus musculus,0,1,-1.0325,0.00141803,-1.0325,False,consistent,down
132014,IL17RE,1,1,1,soleus,OSD-770,Mus musculus,1,0,1.724,0.0201672,1.724,False,consistent,up
132299,OCIAD2,1,1,1,bone marrow,OSD-690,Mus musculus,1,0,1.1232,0.0344792,1.1232,False,consistent,up
132321,C4orf33,1,1,1,quadriceps femoris,OSD-326,Mus musculus,0,1,-2.1665,0.0284679,-2.1665,False,consistent,down
132332,SMIM43,1,1,1,soleus,OSD-770,Mus musculus,1,0,1.6817,0.0407492,1.6817,False,consistent,up
1326,MAP3K8,1,1,1,soleus,OSD-770,Mus musculus,1,0,1.0752,0.000772193,1.0752,False,consistent,up
133,ADM,1,1,1,soleus,OSD-770,Mus musculus,1,0,1.0668,2.6156e-06,1.0668,False,consistent,up
133121,ENPP6,1,1,1,bone marrow,OSD-690,Mus musculus,0,1,-1.3728,0.0115172,-1.3728,False,consistent,down
133584,EGFLAM,1,1,1,quadriceps femoris,OSD-666,Mus musculus,0,1,-1.0401,1.48645e-07,-1.0401,False,consistent,down
133688,UGT3A1,1,1,1,soleus,OSD-104,Mus musculus,1,0,2.169,0.0250717,2.169,False,consistent,up
134083,OR2Y1,1,1,1,soleus,OSD-770,Mus musculus,1,0,3.3602,0.00351985,3.3602,False,consistent,up
134147,CMBL,1,1,1,soleus,OSD-104,Mus musculus,1,0,1.0097,1.12196e-17,1.0097,False,consistent,up
134549,SHROOM1,1,1,1,soleus,OSD-770,Mus musculus,1,0,1.59,4.47145e-05,1.59,False,consistent,up
135138,PACRG,1,1,1,extensor digitorum longus,OSD-99,Mus musculus,1,0,1.0546,2.24528e-07,1.0546,False,consistent,up
135250,RAET1E,1,1,1,soleus,OSD-104,Mus musculus,0,1,-2.4368,0.00533197,-2.4368,False,consistent,down
136371,ASB10,1,1,1,soleus,OSD-770,Mus musculus,0,1,-1.0582,5.91108e-07,-1.0582,False,consistent,down
1368,CPM,1,1,1,bone marrow,OSD-690,Mus musculus,0,1,-1.0973,9.96151e-07,-1.0973,False,consistent,down
136853,SSC4D,1,1,1,extensor digitorum longus,OSD-665,Mus musculus,1,0,1.2421,0.000299564,1.2421,False,consistent,up
136895,C7orf31,1,1,1,soleus,OSD-770,Mus musculus,1,0,1.6421,4.78846e-05,1.6421,False,consistent,up
1369,CPN1,1,1,1,quadriceps femoris,OSD-666,Mus musculus,0,1,-1.1468,0.0131987,-1.1468,False,consistent,down
137735,ABRA,1,1,1,soleus,OSD-770,Mus musculus,1,0,1.6767,9.97643e-17,1.6767,False,consistent,up
137835,TMEM71,1,1,1,soleus,OSD-770,Mus musculus,1,0,1.1097,5.04701e-08,1.1097,False,consistent,up
137970,UNC5D,1,1,1,soleus,OSD-770,Mus musculus,1,0,1.8981,0.0118549,1.8981,False,consistent,up
138162,PIERCE1,1,1,1,quadriceps femoris,OSD-666,Mus musculus,0,1,-1.6244,0.0213092,-1.6244,False,consistent,down
138803,OR13C3,1,1,1,soleus,OSD-770,Mus musculus,1,0,2.8746,0.0201254,2.8746,False,consistent,up
138881,OR1L8,1,1,1,soleus,OSD-770,Mus musculus,1,0,2.5354,0.00578099,2.5354,False,consistent,up
139065,SLITRK4,1,1,1,soleus,OSD-770,Mus musculus,0,1,-1.4717,0.000943939,-1.4717,False,consistent,down
139221,PWWP3B,1,1,1,quadriceps femoris,OSD-666,Mus musculus,0,1,-1.0763,1.17346e-09,-1.0763,False,consistent,down
139324,HDX,1,1,1,soleus,OSD-104,Mus musculus,0,1,-1.0628,1.07596e-06,-1.0628,False,consistent,down
140,ADORA3,1,1,1,bone marrow,OSD-690,Mus musculus,1,0,1.163,4.30657e-06,1.163,False,consistent,up
1400,CRMP1,1,1,1,extensor digitorum longus,OSD-99,Mus musculus,1,0,1.1359,0.0426384,1.1359,False,consistent,up
140458,ASB5,1,1,1,soleus,OSD-770,Mus musculus,1,0,2.279,3.32232e-23,2.279,False,consistent,up
140469,MYO3B,1,1,1,soleus,OSD-770,Mus musculus,1,0,2.5265,0.0350265,2.5265,False,consistent,up
140545,RNF32,1,1,1,soleus,OSD-770,Mus musculus,0,1,-1.2442,0.0105471,-1.2442,False,consistent,down
140686,WFDC3,1,1,1,soleus,OSD-770,Mus musculus,0,1,-2.546,1.23173e-06,-2.546,False,consistent,down
140706,CCM2L,1,1,1,bone marrow,OSD-690,Mus musculus,0,1,-1.1717,0.0208883,-1.1717,False,consistent,down
140876,RIPOR3,1,1,1,soleus,OSD-770,Mus musculus,1,0,1.6791,0.0315235,1.6791,False,consistent,up
1410,CRYAB,1,1,1,soleus,OSD-104,Mus musculus,0,1,-1.0752,3.49972e-17,-1.0752,False,consistent,down
1414,CRYBB1,1,1,1,extensor digitorum longus,OSD-665,Mus musculus,1,0,1.3893,0.00390125,1.3893,False,consistent,up
142685,ASB15,1,1,1,soleus,OSD-104,Mus musculus,1,0,1.0198,2.90129e-16,1.0198,False,consistent,up
142689,ASB12,1,1,1,soleus,OSD-770,Mus musculus,1,0,1.5843,1.04614e-21,1.5843,False,consistent,up
143662,MUC15,1,1,1,soleus,OSD-770,Mus musculus,0,1,-1.2092,0.0151101,-1.2092,False,consistent,down
1438,CSF2RA,1,1,1,extensor digitorum longus,OSD-99,Mus musculus,1,0,1.019,0.00269126,1.019,False,consistent,up
1441,CSF3R,1,1,1,quadriceps femoris,OSD-666,Mus musculus,0,1,-1.102,0.0238666,-1.102,False,consistent,down
144125,OR2AG1,1,1,1,soleus,OSD-770,Mus musculus,1,0,2.7822,0.0267435,2.7822,True,consistent,up
144195,SLC2A14,1,1,1,soleus,OSD-770,Mus musculus,1,0,1.0571,0.00635448,1.0571,False,consistent,up
144321,GLIPR1L2,1,1,1,soleus,OSD-770,Mus musculus,1,0,2.2588,0.0408774,2.2588,False,consistent,up
144453,BEST3,1,1,1,soleus,OSD-770,Mus musculus,0,1,-1.1384,8.97024e-09,-1.1384,False,consistent,down
144608,C12orf60,1,1,1,soleus,OSD-770,Mus musculus,0,1,-1.4858,0.00555398,-1.4858,False,consistent,down
144983,HNRNPA1L2,1,1,1,gastrocnemius,OSD-422,Rattus norvegicus,1,0,1.0132,0.0477123,1.0132,False,consistent,up
145376,PPP1R36,1,1,1,quadriceps femoris,OSD-666,Mus musculus,1,0,3.3781,0.00797584,3.3781,False,consistent,up
145482,PTGR2,1,1,1,soleus,OSD-770,Mus musculus,0,1,-1.0538,3.10394e-14,-1.0538,False,consistent,down
145741,C2CD4A,1,1,1,soleus,OSD-104,Mus musculus,1,0,2.2177,0.00533197,2.2177,False,consistent,up
146183,OTOA,1,1,1,soleus,OSD-770,Mus musculus,1,0,1.9123,0.00672836,1.9123,False,consistent,up
1463,NCAN,1,1,1,quadriceps femoris,OSD-666,Mus musculus,1,0,2.901,0.0211047,2.901,False,consistent,up
146395,GSG1L,1,1,1,soleus,OSD-770,Mus musculus,1,0,1.8482,0.00743042,1.8482,False,consistent,up
146664,MGAT5B,1,1,1,soleus,OSD-104,Mus musculus,0,1,-3.7283,6.47983e-12,-3.7283,False,consistent,down
146722,CD300LF,1,1,1,bone marrow,OSD-690,Mus musculus,0,1,-3.2138,0.0146225,-3.2138,False,consistent,down
146862,UNC45B,1,1,1,bone marrow,OSD-690,Mus musculus,0,1,-2.7359,0.03836,-2.7359,False,consistent,down
146909,KIF18B,1,1,1,bone marrow,OSD-690,Mus musculus,0,1,-1.0127,4.4127e-10,-1.0127,False,consistent,down
147138,TMC8,1,1,1,bone marrow,OSD-690,Mus musculus,0,1,-1.0214,4.5708e-07,-1.0214,False,consistent,down
147183,KRT25,1,1,1,soleus,OSD-104,Mus musculus,1,0,8.3505,0.0251392,8.3505,False,consistent,up
147495,APCDD1,1,1,1,soleus,OSD-770,Mus musculus,1,0,1.0577,0.00245094,1.0577,False,consistent,up
147658,ZNF534,1,1,1,soleus,OSD-770,Mus musculus,0,1,-1.2098,2.09516e-06,-1.2098,False,consistent,down
147670,SMIM17,1,1,1,quadriceps femoris,OSD-666,Mus musculus,0,1,-1.5845,0.00137864,-1.5845,False,consistent,down
147699,PPM1N,1,1,1,quadriceps femoris,OSD-326,Mus musculus,1,0,2.5707,0.000902623,2.5707,False,consistent,up
147798,TMC4,1,1,1,quadriceps femoris,OSD-666,Mus musculus,0,1,-1.3616,0.0134171,-1.3616,False,consistent,down
147948,ZNF582,1,1,1,bone marrow,OSD-690,Mus musculus,1,0,1.6807,0.0223,1.6807,False,consistent,up
147949,ZNF583,1,1,1,soleus,OSD-770,Mus musculus,0,1,-1.0806,7.56909e-05,-1.0806,False,consistent,down
147991,DPY19L3,1,1,1,soleus,OSD-770,Mus musculus,1,0,1.1584,0.000173728,1.1584,False,consistent,up
148137,PROSER3,1,1,1,bone marrow,OSD-690,Mus musculus,0,1,-1.1399,4.35873e-05,-1.1399,False,consistent,down
148534,TLCD4,1,1,1,soleus,OSD-770,Mus musculus,1,0,1.0183,9.25391e-05,1.0183,False,consistent,up
148713,PTPRVP,1,1,1,tibialis anterior,OSD-576,Mus musculus,1,0,3.6012,0.010728,3.6012,False,consistent,up
148811,PM20D1,1,1,1,soleus,OSD-770,Mus musculus,0,1,-1.1484,0.00823746,-1.1484,False,consistent,down
149095,DCST1,1,1,1,quadriceps femoris,OSD-666,Mus musculus,1,0,2.8873,0.0313498,2.8873,False,consistent,up
1496,CTNNA2,1,1,1,soleus,OSD-770,Mus musculus,1,0,2.6923,0.0180354,2.6923,False,consistent,up
149685,ADIG,1,1,1,soleus,OSD-770,Mus musculus,0,1,-1.6053,0.000146048,-1.6053,False,consistent,down
149775,GNAS-AS1,1,1,1,quadriceps femoris,OSD-666,Mus musculus,0,1,-1.7678,0.0329932,-1.7678,False,consistent,down
150,ADRA2A,1,1,1,bone marrow,OSD-690,Mus musculus,0,1,-1.5253,0.048062,-1.5253,False,consistent,down
150094,SIK1,1,1,1,gastrocnemius,OSD-422,Rattus norvegicus,1,0,2.557,0.0136699,2.557,False,consistent,up
150223,YDJC,1,1,1,quadriceps femoris,OSD-666,Mus musculus,0,1,-1.7203,0.0172421,-1.7203,False,consistent,down
150468,CKAP2L,1,1,1,extensor digitorum longus,OSD-99,Mus musculus,1,0,1.7553,0.00914466,1.7553,False,consistent,up
150696,PROM2,1,1,1,soleus,OSD-104,Mus musculus,1,0,1.8711,0.0294743,1.8711,False,consistent,up
150737,TTC30B,1,1,1,soleus,OSD-770,Mus musculus,0,1,-1.4781,9.27791e-13,-1.4781,True,consistent,down
151254,C2CD6,1,1,1,soleus,OSD-770,Mus musculus,1,0,2.2028,0.0314083,2.2028,False,consistent,up
1513,CTSK,1,1,1,tibialis anterior,OSD-576,Mus musculus,1,0,1.114,0.0151849,1.114,False,consistent,up
151835,CPNE9,1,1,1,bone marrow,OSD-690,Mus musculus,0,1,-1.4551,0.0306273,-1.4551,False,consistent,down
152189,CMTM8,1,1,1,soleus,OSD-770,Mus musculus,0,1,-1.9184,2.08514e-09,-1.9184,False,consistent,down
152330,CNTN4,1,1,1,soleus,OSD-770,Mus musculus,1,0,2.8895,0.0163366,2.8895,False,consistent,up
152404,IGSF11,1,1,1,soleus,OSD-770,Mus musculus,1,0,1.1034,0.0356225,1.1034,False,consistent,up
1525,CXADR,1,1,1,tibialis anterior,OSD-105,Mus musculus,1,0,1.1879,0.0326425,1.1879,False,consistent,up
152687,ZNF595,1,1,1,soleus,OSD-770,Mus musculus,1,0,2.3097,0.0254733,2.3097,False,consistent,up
152789,JAKMIP1,1,1,1,soleus,OSD-770,Mus musculus,1,0,2.2876,0.0297056,2.2876,False,consistent,up
152926,PPM1K,1,1,1,soleus,OSD-770,Mus musculus,0,1,-1.0049,6.12974e-05,-1.0049,False,consistent,down
153,ADRB1,1,1,1,bone marrow,OSD-690,Mus musculus,0,1,-1.3857,0.0134072,-1.3857,False,consistent,down
153328,SLC25A48,1,1,1,quadriceps femoris,OSD-666,Mus musculus,1,0,2.0562,0.0113776,2.0562,False,consistent,up
1538,CYLC1,1,1,1,soleus,OSD-770,Mus musculus,1,0,2.0454,0.0308021,2.0454,False,consistent,up
154,ADRB2,1,1,1,soleus,OSD-770,Mus musculus,1,0,1.2633,8.29022e-13,1.2633,False,consistent,up
154043,CNKSR3,1,1,1,soleus,OSD-770,Mus musculus,1,0,1.2898,2.02739e-12,1.2898,False,consistent,up
154197,PNLDC1,1,1,1,extensor digitorum longus,OSD-665,Mus musculus,0,1,-1.8604,0.0366627,-1.8604,False,consistent,down
1545,CYP1B1,1,1,1,soleus,OSD-770,Mus musculus,1,0,1.0745,0.00366891,1.0745,False,consistent,up
154796,AMOT,1,1,1,soleus,OSD-770,Mus musculus,1,0,1.0984,2.08863e-15,1.0984,False,consistent,up
1548,CYP2A6,1,1,1,soleus,OSD-104,Mus musculus,1,0,2.8975,0.00428673,2.8975,False,consistent,up
154810,AMOTL1,1,1,1,bone marrow,OSD-690,Mus musculus,0,1,-1.3651,0.0014951,-1.3651,False,consistent,down
154881,KCTD7,1,1,1,soleus,OSD-770,Mus musculus,0,1,-1.5114,4.66532e-07,-1.5114,False,consistent,down
1549,CYP2A7,1,1,1,soleus,OSD-104,Mus musculus,1,0,2.8975,0.00428673,2.8975,False,consistent,up
1551,CYP3A7,1,1,1,soleus,OSD-770,Mus musculus,1,0,2.2314,0.0452336,2.2314,False,consistent,up
1553,CYP2A13,1,1,1,soleus,OSD-104,Mus musculus,1,0,2.8975,0.00428673,2.8975,False,consistent,up
155368,METTL27,1,1,1,quadriceps femoris,OSD-666,Mus musculus,1,0,1.0035,0.00197323,1.0035,False,consistent,up
1565,CYP2D6|LOC107987478|LOC107987479,1,1,1,soleus,OSD-770,Mus musculus,1,0,2.2661,0.0207545,2.2661,True,consistent,up
1572,CYP2F1,1,1,1,soleus,OSD-770,Mus musculus,1,0,1.0086,0.0434157,1.0086,False,consistent,up
1576,CYP3A4,1,1,1,soleus,OSD-770,Mus musculus,1,0,2.2314,0.0452336,2.2314,False,consistent,up
1577,CYP3A5,1,1,1,soleus,OSD-770,Mus musculus,1,0,2.2314,0.0452336,2.2314,False,consistent,up
157855,KCNU1,1,1,1,soleus,OSD-104,Mus musculus,0,1,-1.5951,0.00273087,-1.5951,False,consistent,down
1579,CYP4A11,1,1,1,soleus,OSD-104,Mus musculus,1,0,2.8264,0.00494777,2.8264,False,consistent,up
158158,RASEF,1,1,1,extensor digitorum longus,OSD-665,Mus musculus,1,0,1.1783,0.0354288,1.1783,False,consistent,up
158381,ATP8B5P,1,1,1,bone marrow,OSD-690,Mus musculus,1,0,1.1546,0.0155448,1.1546,False,consistent,up
1588,CYP19A1,1,1,1,soleus,OSD-770,Mus musculus,1,0,4.4314,0.00533287,4.4314,False,consistent,up
158809,MAGEB6,1,1,1,quadriceps femoris,OSD-666,Mus musculus,1,0,2.1122,0.028824,2.1122,False,consistent,up
158931,TCEAL6,1,1,1,soleus,OSD-770,Mus musculus,1,0,1.171,0.00922075,1.171,False,consistent,up
159963,SLC5A12,1,1,1,soleus,OSD-104,Mus musculus,1,0,2.232,0.0270707,2.232,False,consistent,up
1600,DAB1,1,1,1,soleus,OSD-770,Mus musculus,1,0,1.9135,0.00816651,1.9135,False,consistent,up
160364,CLEC12A,1,1,1,tibialis anterior,OSD-576,Mus musculus,1,0,1.1178,0.0495742,1.1178,False,consistent,up
160428,ALDH1L2,1,1,1,soleus,OSD-104,Mus musculus,1,0,1.4397,3.16773e-14,1.4397,False,consistent,up
160762,CCDC63,1,1,1,soleus,OSD-770,Mus musculus,1,0,1.5427,0.029046,1.5427,False,consistent,up
160777,CCDC60,1,1,1,soleus,OSD-770,Mus musculus,1,0,1.9992,0.0380393,1.9992,False,consistent,up
161145,TMEM229B,1,1,1,soleus,OSD-104,Mus musculus,1,0,1.0912,9.85195e-14,1.0912,False,consistent,up
161291,TMEM30B,1,1,1,soleus,OSD-104,Mus musculus,0,1,-1.2097,1.49152e-16,-1.2097,False,consistent,down
1618,DAZL,1,1,1,soleus,OSD-770,Mus musculus,1,0,1.421,0.00272677,1.421,False,consistent,up
161829,EXD1,1,1,1,soleus,OSD-770,Mus musculus,0,1,-1.1064,0.000243993,-1.1064,False,consistent,down
161882,ZFPM1,1,1,1,bone marrow,OSD-690,Mus musculus,0,1,-1.7916,1.32556e-23,-1.7916,False,consistent,down
1621,DBH,1,1,1,soleus,OSD-770,Mus musculus,1,0,3.1115,0.0166801,3.1115,False,consistent,up
162282,ANKFN1,1,1,1,quadriceps femoris,OSD-666,Mus musculus,1,0,1.5478,0.0199662,1.5478,False,consistent,up
162605,KRT28,1,1,1,soleus,OSD-104,Mus musculus,1,0,4.229,0.0142268,4.229,False,consistent,up
162967,ZNF320,1,1,1,soleus,OSD-770,Mus musculus,0,1,-1.2098,2.09516e-06,-1.2098,False,consistent,down
162979,ZNF296,1,1,1,tibialis anterior,OSD-576,Mus musculus,0,1,-1.2623,0.00824942,-1.2623,False,consistent,down
163049,ZNF791,1,1,1,soleus,OSD-770,Mus musculus,0,1,-1.2203,2.29904e-05,-1.2203,False,consistent,down
163051,ZNF709,1,1,1,soleus,OSD-770,Mus musculus,1,0,3.5444,0.0116924,3.5444,False,consistent,up
163183,SYNE4,1,1,1,soleus,OSD-770,Mus musculus,0,1,-1.1683,0.01631,-1.1683,False,consistent,down
1635,DCTD,1,1,1,extensor digitorum longus,OSD-665,Mus musculus,0,1,-1.0861,0.0337821,-1.0861,False,consistent,down
163589,TDRD5,1,1,1,soleus,OSD-770,Mus musculus,1,0,2.1113,0.0362291,2.1113,False,consistent,up
163882,CNST,1,1,1,soleus,OSD-770,Mus musculus,0,1,-1.0465,2.19404e-06,-1.0465,False,consistent,down
164091,PAQR7,1,1,1,soleus,OSD-770,Mus musculus,0,1,-1.3954,1.51115e-06,-1.3954,False,consistent,down
1641,DCX,1,1,1,soleus,OSD-104,Mus musculus,0,1,-2.319,0.01428,-2.319,False,consistent,down
164592,CCDC116,1,1,1,soleus,OSD-770,Mus musculus,1,0,1.3367,0.0109538,1.3367,False,consistent,up
165055,CCDC138,1,1,1,quadriceps femoris,OSD-103,Mus musculus,1,0,1.0894,0.0198815,1.0894,False,consistent,up
165186,TOGARAM2,1,1,1,soleus,OSD-770,Mus musculus,0,1,-1.0242,0.00147097,-1.0242,False,consistent,down
1652,DDT|DDTL,1,1,1,soleus,OSD-770,Mus musculus,0,1,-1.0175,5.01719e-07,-1.0175,False,consistent,down
166614,DCLK2,1,1,1,soleus,OSD-104,Mus musculus,0,1,-1.1641,8.31444e-11,-1.1641,False,consistent,down
167127,UGT3A2,1,1,1,soleus,OSD-104,Mus musculus,1,0,2.169,0.0250717,2.169,False,consistent,up
1672,DEFB1,1,1,1,soleus,OSD-104,Mus musculus,1,0,2.9512,0.0183897,2.9512,False,consistent,up
1675,CFD,1,1,1,soleus,OSD-770,Mus musculus,1,0,1.3166,0.0037654,1.3166,False,consistent,up
168507,PKD1L1,1,1,1,bone marrow,OSD-690,Mus musculus,0,1,-1.2015,0.00105628,-1.2015,False,consistent,down
168544,ZNF467,1,1,1,soleus,OSD-770,Mus musculus,1,0,1.0785,2.93239e-07,1.0785,False,consistent,up
169611,OLFML2A,1,1,1,bone marrow,OSD-690,Mus musculus,0,1,-1.0014,0.0196079,-1.0014,False,consistent,down
170392,OIT3,1,1,1,bone marrow,OSD-690,Mus musculus,1,0,1.5989,0.019037,1.5989,False,consistent,up
170482,CLEC4C,1,1,1,bone marrow,OSD-690,Mus musculus,1,0,1.1157,3.04157e-09,1.1157,False,consistent,up
171389,NLRP6,1,1,1,soleus,OSD-104,Mus musculus,1,0,2.3589,0.037336,2.3589,False,consistent,up
1718,DHCR24,1,1,1,bone marrow,OSD-690,Mus musculus,0,1,-1.014,4.65429e-06,-1.014,False,consistent,down
1740,DLG2,1,1,1,soleus,OSD-770,Mus musculus,1,0,1.1377,0.000664148,1.1377,False,consistent,up
1747,DLX3,1,1,1,soleus,OSD-104,Mus musculus,1,0,4.1049,0.0134982,4.1049,False,consistent,up
176,ACAN,1,1,1,tibialis anterior,OSD-576,Mus musculus,1,0,3.7006,0.0217376,3.7006,False,consistent,up
1767,DNAH5,1,1,1,soleus,OSD-104,Mus musculus,0,1,-2.1314,0.00952386,-2.1314,False,consistent,down
1768,DNAH6,1,1,1,soleus,OSD-770,Mus musculus,1,0,1.3315,0.0175594,1.3315,False,consistent,up
1769,DNAH8,1,1,1,soleus,OSD-770,Mus musculus,1,0,1.4051,0.0316747,1.4051,False,consistent,up
1770,DNAH9,1,1,1,soleus,OSD-770,Mus musculus,1,0,4.1062,0.0488913,4.1062,False,consistent,up
1773,DNASE1,1,1,1,quadriceps femoris,OSD-666,Mus musculus,0,1,-1.351,0.0344078,-1.351,False,consistent,down
1775,DNASE1L2,1,1,1,soleus,OSD-104,Mus musculus,0,1,-1.0549,0.00679911,-1.0549,False,consistent,down
1776,DNASE1L3,1,1,1,bone marrow,OSD-690,Mus musculus,0,1,-1.4211,2.97166e-05,-1.4211,False,consistent,down
18,ABAT,1,1,1,bone marrow,OSD-690,Mus musculus,0,1,-1.4533,1.77967e-06,-1.4533,False,consistent,down
1800,DPEP1,1,1,1,soleus,OSD-770,Mus musculus,1,0,1.0323,1.31357e-07,1.0323,False,consistent,up
181,AGRP,1,1,1,soleus,OSD-770,Mus musculus,1,0,1.0551,0.00225883,1.0551,False,consistent,up
1821,DRP2,1,1,1,bone marrow,OSD-690,Mus musculus,0,1,-1.2401,0.00717567,-1.2401,False,consistent,down
1825,DSC3,1,1,1,soleus,OSD-104,Mus musculus,1,0,6.1885,0.0414824,6.1885,False,consistent,up
1828,DSG1,1,1,1,soleus,OSD-770,Mus musculus,1,0,1.4179,0.00562211,1.4179,False,consistent,up
183,AGT,1,1,1,soleus,OSD-770,Mus musculus,1,0,2.4415,1.06194e-09,2.4415,False,consistent,up
1834,DSPP,1,1,1,soleus,OSD-770,Mus musculus,1,0,2.1339,0.0459514,2.1339,False,consistent,up
1839,HBEGF,1,1,1,soleus,OSD-770,Mus musculus,1,0,1.9195,0.000434209,1.9195,False,consistent,up
1843,DUSP1,1,1,1,tibialis anterior,OSD-576,Mus musculus,0,1,-1.0992,2.03252e-07,-1.0992,False,consistent,down
1844,DUSP2,1,1,1,tibialis anterior,OSD-576,Mus musculus,0,1,-1.9438,0.00337287,-1.9438,False,consistent,down
1850,DUSP8,1,1,1,bone marrow,OSD-690,Mus musculus,0,1,-1.3832,2.36166e-11,-1.3832,False,consistent,down
1852,DUSP9,1,1,1,bone marrow,OSD-690,Mus musculus,0,1,-1.2605,0.02587,-1.2605,False,consistent,down
1870,E2F2,1,1,1,bone marrow,OSD-690,Mus musculus,0,1,-1.025,3.98071e-13,-1.025,False,consistent,down
191,AHCY,1,1,1,quadriceps femoris,OSD-326,Mus musculus,1,0,2.6373,0.0488121,2.6373,False,consistent,up
1951,CELSR3,1,1,1,soleus,OSD-770,Mus musculus,1,0,2.1242,0.0382981,2.1242,False,consistent,up
1962,EHHADH,1,1,1,tibialis anterior,OSD-576,Mus musculus,1,0,1.2104,0.000288474,1.2104,False,consistent,up
196385,DNAH10,1,1,1,soleus,OSD-770,Mus musculus,0,1,-1.2581,0.0446649,-1.2581,False,consistent,down
1964,EIF1AX,1,1,1,soleus,OSD-770,Mus musculus,1,0,3.7381,0.0320628,3.7381,True,consistent,up
196446,MYRFL,1,1,1,soleus,OSD-770,Mus musculus,0,1,-1.7763,0.00501134,-1.7763,False,consistent,down
196541,METTL21C,1,1,1,soleus,OSD-104,Mus musculus,0,1,-1.4577,1.30541e-06,-1.4577,False,consistent,down
196792,FAM24B,1,1,1,soleus,OSD-770,Mus musculus,1,0,4.0086,0.00479886,4.0086,False,consistent,up
196883,ADCY4,1,1,1,bone marrow,OSD-690,Mus musculus,0,1,-1.9589,0.000605212,-1.9589,False,consistent,down
1969,EPHA2,1,1,1,soleus,OSD-770,Mus musculus,1,0,1.0929,0.000106022,1.0929,False,consistent,up
1993,ELAVL2,1,1,1,soleus,OSD-770,Mus musculus,1,0,2.0629,0.0130205,2.0629,False,consistent,up
1995,ELAVL3,1,1,1,soleus,OSD-770,Mus musculus,1,0,1.7256,0.0305353,1.7256,False,consistent,up
199692,ZNF627,1,1,1,soleus,OSD-770,Mus musculus,1,0,3.5444,0.0116924,3.5444,False,consistent,up
1999,ELF3,1,1,1,soleus,OSD-770,Mus musculus,0,1,-1.9149,0.00217843,-1.9149,False,consistent,down
200162,SPAG17,1,1,1,soleus,OSD-770,Mus musculus,1,0,3.7648,0.0015717,3.7648,False,consistent,up
200407,CREG2,1,1,1,extensor digitorum longus,OSD-665,Mus musculus,1,0,1.01,0.0363954,1.01,False,consistent,up
201191,SAMD14,1,1,1,bone marrow,OSD-690,Mus musculus,0,1,-1.2631,4.43389e-14,-1.2631,False,consistent,down
201562,HACD2,1,1,1,quadriceps femoris,OSD-666,Mus musculus,1,0,1.1256,0.000663697,1.1256,False,consistent,up
2018,EMX2,1,1,1,soleus,OSD-770,Mus musculus,0,1,-1.265,6.58027e-06,-1.265,False,consistent,down
2022,ENG,1,1,1,bone marrow,OSD-690,Mus musculus,0,1,-1.0084,9.20233e-06,-1.0084,False,consistent,down
203074,PRSS55,1,1,1,extensor digitorum longus,OSD-665,Mus musculus,0,1,-1.0566,7.97678e-06,-1.0566,False,consistent,down
203328,SUSD3,1,1,1,tibialis anterior,OSD-576,Mus musculus,1,0,1.1801,0.0490524,1.1801,False,consistent,up
2039,DMTN,1,1,1,bone marrow,OSD-690,Mus musculus,0,1,-1.0325,7.56438e-11,-1.0325,False,consistent,down
2042,EPHA3,1,1,1,quadriceps femoris,OSD-666,Mus musculus,0,1,-1.2637,0.00511276,-1.2637,False,consistent,down
2043,EPHA4,1,1,1,bone marrow,OSD-690,Mus musculus,0,1,-1.3707,0.0476907,-1.3707,False,consistent,down
205,AK4,1,1,1,soleus,OSD-770,Mus musculus,0,1,-1.5423,3.52381e-10,-1.5423,False,consistent,down
205147,AMER3,1,1,1,soleus,OSD-770,Mus musculus,1,0,3.1036,0.0347717,3.1036,False,consistent,up
2065,ERBB3,1,1,1,quadriceps femoris,OSD-666,Mus musculus,1,0,1.1213,8.60536e-07,1.1213,False,consistent,up
2077,ERF,1,1,1,bone marrow,OSD-690,Mus musculus,0,1,-1.1707,1.94349e-08,-1.1707,False,consistent,down
2100,ESR2,1,1,1,soleus,OSD-770,Mus musculus,1,0,3.8556,0.0326096,3.8556,False,consistent,up
2118,ETV4,1,1,1,soleus,OSD-104,Mus musculus,0,1,-1.1033,8.28702e-09,-1.1033,False,consistent,down
2152,F3,1,1,1,soleus,OSD-770,Mus musculus,1,0,1.1695,2.71137e-10,1.1695,False,consistent,up
2157,F8,1,1,1,soleus,OSD-104,Mus musculus,1,0,1.0147,0.000300607,1.0147,False,consistent,up
2166,FAAH,1,1,1,soleus,OSD-770,Mus musculus,1,0,1.1302,0.0255603,1.1302,False,consistent,up
2170,FABP3,1,1,1,soleus,OSD-104,Mus musculus,0,1,-1.3888,4.91195e-22,-1.3888,False,consistent,down
2175,FANCA,1,1,1,soleus,OSD-770,Mus musculus,1,0,2.7023,0.0268258,2.7023,False,consistent,up
218,ALDH3A1,1,1,1,soleus,OSD-104,Mus musculus,1,0,1.1741,0.0422554,1.1741,False,consistent,up
2184,FAH,1,1,1,quadriceps femoris,OSD-666,Mus musculus,1,0,1.3737,1.58779e-06,1.3737,False,consistent,up
219,ALDH1B1,1,1,1,soleus,OSD-770,Mus musculus,0,1,-2.0785,1.46341e-12,-2.0785,False,consistent,down
2191,FAP,1,1,1,bone marrow,OSD-690,Mus musculus,0,1,-1.0015,0.0425915,-1.0015,False,consistent,down
219348,PLAC9,1,1,1,bone marrow,OSD-690,Mus musculus,0,1,-1.0551,0.0440582,-1.0551,False,consistent,down
2194,FASN,1,1,1,soleus,OSD-770,Mus musculus,1,0,1.0153,0.0050963,1.0153,False,consistent,up
219436,OR5D14,1,1,1,soleus,OSD-770,Mus musculus,1,0,2.449,0.0149324,2.449,False,consistent,up
219437,OR5L1,1,1,1,soleus,OSD-770,Mus musculus,1,0,2.362,0.0286534,2.362,False,consistent,up
219770,GJD4,1,1,1,soleus,OSD-770,Mus musculus,1,0,1.8932,0.00549001,1.8932,False,consistent,up
219790,RTKN2,1,1,1,extensor digitorum longus,OSD-665,Mus musculus,0,1,-1.1757,0.00415217,-1.1757,False,consistent,down
219793,TBATA,1,1,1,tibialis anterior,OSD-576,Mus musculus,1,0,2.2892,0.0116203,2.2892,False,consistent,up
219854,TMEM218,1,1,1,soleus,OSD-770,Mus musculus,0,1,-1.1209,1.61775e-10,-1.1209,False,consistent,down
219855,SLC37A2,1,1,1,soleus,OSD-104,Mus musculus,1,0,1.1401,9.19822e-08,1.1401,False,consistent,up
219952,OR6Q1,1,1,1,soleus,OSD-770,Mus musculus,1,0,2.6921,0.0416248,2.6921,False,consistent,up
220004,PPP1R32,1,1,1,soleus,OSD-770,Mus musculus,1,0,1.2738,0.0255454,1.2738,False,consistent,up
220032,GDPD4,1,1,1,soleus,OSD-770,Mus musculus,0,1,-2.0327,0.000842754,-2.0327,False,consistent,down
220164,DOK6,1,1,1,quadriceps femoris,OSD-666,Mus musculus,1,0,1.1116,0.017157,1.1116,False,consistent,up
220296,HEPACAM,1,1,1,soleus,OSD-770,Mus musculus,1,0,1.8533,0.0326096,1.8533,False,consistent,up
2203,FBP1,1,1,1,soleus,OSD-104,Mus musculus,1,0,2.9192,5.87501e-05,2.9192,False,consistent,up
2209,FCGR1A,1,1,1,quadriceps femoris,OSD-666,Mus musculus,0,1,-1.2791,0.00072961,-1.2791,False,consistent,down
220929,ZNF438,1,1,1,gastrocnemius,OSD-422,Rattus norvegicus,1,0,7.0494,0.00607215,7.0494,False,consistent,up
220930,ZEB1-AS1,1,1,1,extensor digitorum longus,OSD-99,Mus musculus,0,1,-1.0862,0.0189947,-1.0862,False,consistent,down
220963,SLC16A9,1,1,1,soleus,OSD-104,Mus musculus,1,0,1.0091,1.1428e-10,1.0091,False,consistent,up
220965,FAM13C,1,1,1,soleus,OSD-770,Mus musculus,1,0,1.1179,2.30665e-09,1.1179,False,consistent,up
2210,FCGR1BP,1,1,1,quadriceps femoris,OSD-666,Mus musculus,0,1,-1.2791,0.00072961,-1.2791,False,consistent,down
221301,CALHM4,1,1,1,soleus,OSD-104,Mus musculus,1,0,4.9354,0.0105917,4.9354,False,consistent,up
221336,BEND6,1,1,1,bone marrow,OSD-690,Mus musculus,1,0,1.1088,0.0356689,1.1088,False,consistent,up
221400,TDRD6,1,1,1,soleus,OSD-770,Mus musculus,1,0,1.7407,0.0361174,1.7407,False,consistent,up
221476,PI16,1,1,1,soleus,OSD-770,Mus musculus,0,1,-1.1847,4.85918e-08,-1.1847,False,consistent,down
221662,RBM24,1,1,1,soleus,OSD-770,Mus musculus,1,0,1.5264,1.23127e-49,1.5264,False,consistent,up
221692,PHACTR1,1,1,1,bone marrow,OSD-690,Mus musculus,0,1,-1.6183,0.0212644,-1.6183,False,consistent,down
221938,MMD2,1,1,1,soleus,OSD-770,Mus musculus,1,0,2.2882,0.022565,2.2882,False,consistent,up
221981,THSD7A,1,1,1,soleus,OSD-770,Mus musculus,1,0,1.1737,2.12486e-06,1.1737,False,consistent,up
222642,TSPO2,1,1,1,soleus,OSD-770,Mus musculus,1,0,2.2052,0.0499006,2.2052,False,consistent,up
222663,SCUBE3,1,1,1,tibialis anterior,OSD-576,Mus musculus,0,1,-1.2256,0.0389887,-1.2256,False,consistent,down
222865,TMEM130,1,1,1,soleus,OSD-770,Mus musculus,1,0,3.7219,0.0397299,3.7219,False,consistent,up
2232,FDXR,1,1,1,soleus,OSD-770,Mus musculus,0,1,-1.0116,1.20664e-06,-1.0116,False,consistent,down
2251,FGF6,1,1,1,soleus,OSD-770,Mus musculus,1,0,1.3871,3.14956e-07,1.3871,False,consistent,up
2255,FGF10,1,1,1,quadriceps femoris,OSD-666,Mus musculus,1,0,1.1434,0.042956,1.1434,False,consistent,up
2261,FGFR3,1,1,1,tibialis anterior,OSD-576,Mus musculus,0,1,-1.1326,0.00175132,-1.1326,False,consistent,down
22800,RRAS2,1,1,1,soleus,OSD-770,Mus musculus,1,0,1.6712,7.05608e-18,1.6712,False,consistent,up
22822,PHLDA1,1,1,1,tibialis anterior,OSD-576,Mus musculus,0,1,-1.2553,0.00151354,-1.2553,False,consistent,down
22863,ATG14,1,1,1,tibialis anterior,OSD-576,Mus musculus,1,0,1.4153,1.14013e-14,1.4153,False,consistent,up
229,ALDOB,1,1,1,soleus,OSD-104,Mus musculus,1,0,2.5755,0.00409018,2.5755,False,consistent,up
22905,EPN2,1,1,1,bone marrow,OSD-690,Mus musculus,0,1,-1.0847,0.00536264,-1.0847,False,consistent,down
22924,MAPRE3,1,1,1,bone marrow,OSD-690,Mus musculus,0,1,-1.1992,0.0200699,-1.1992,False,consistent,down
22941,SHANK2,1,1,1,bone marrow,OSD-690,Mus musculus,0,1,-2.4181,0.0237885,-2.4181,False,consistent,down
2297,FOXD1,1,1,1,soleus,OSD-770,Mus musculus,1,0,1.7138,0.0447801,1.7138,False,consistent,up
22974,TPX2,1,1,1,quadriceps femoris,OSD-666,Mus musculus,0,1,-1.1978,7.09038e-07,-1.1978,False,consistent,down
22981,NINL,1,1,1,bone marrow,OSD-690,Mus musculus,0,1,-1.2104,2.60797e-10,-1.2104,False,consistent,down
22997,IGSF9B,1,1,1,soleus,OSD-104,Mus musculus,1,0,1.275,1.76819e-05,1.275,False,consistent,up
22998,LIMCH1,1,1,1,bone marrow,OSD-690,Mus musculus,0,1,-1.1031,0.0234649,-1.1031,False,consistent,down
230,ALDOC,1,1,1,soleus,OSD-104,Mus musculus,1,0,1.6512,0.0123146,1.6512,False,consistent,up
23022,PALLD,1,1,1,soleus,OSD-770,Mus musculus,1,0,1.1065,2.43632e-16,1.1065,False,consistent,up
23025,UNC13A,1,1,1,quadriceps femoris,OSD-666,Mus musculus,1,0,2.3458,0.0230045,2.3458,False,consistent,up
23029,RBM34,1,1,1,quadriceps femoris,OSD-666,Mus musculus,1,0,1.0496,1.52636e-25,1.0496,False,consistent,up
23038,WDTC1,1,1,1,bone marrow,OSD-690,Mus musculus,0,1,-1.1279,3.98838e-07,-1.1279,False,consistent,down
23043,TNIK,1,1,1,soleus,OSD-770,Mus musculus,1,0,1.0833,1.12467e-13,1.0833,False,consistent,up
2307,FOXS1,1,1,1,soleus,OSD-770,Mus musculus,1,0,1.1942,0.000232833,1.1942,False,consistent,up
23105,FSTL4,1,1,1,soleus,OSD-770,Mus musculus,1,0,2.2161,0.0371287,2.2161,False,consistent,up
23109,DDN,1,1,1,soleus,OSD-104,Mus musculus,1,0,1.0077,0.0494386,1.0077,False,consistent,up
23114,NFASC,1,1,1,soleus,OSD-104,Mus musculus,1,0,1.1219,0.0218235,1.1219,False,consistent,up
23148,NACAD,1,1,1,bone marrow,OSD-690,Mus musculus,0,1,-1.4701,0.00232736,-1.4701,False,consistent,down
23152,CIC,1,1,1,bone marrow,OSD-690,Mus musculus,0,1,-1.1053,1.31551e-07,-1.1053,False,consistent,down
23175,LPIN1,1,1,1,gastrocnemius,OSD-422,Rattus norvegicus,1,0,2.0787,6.59272e-06,2.0787,False,consistent,up
23178,PASK,1,1,1,tibialis anterior,OSD-576,Mus musculus,1,0,2.0969,0.000578937,2.0969,False,consistent,up
2318,FLNC,1,1,1,soleus,OSD-770,Mus musculus,1,0,1.9915,5.00025e-12,1.9915,False,consistent,up
23189,KANK1,1,1,1,bone marrow,OSD-690,Mus musculus,0,1,-1.5549,0.0099775,-1.5549,False,consistent,down
23205,ACSBG1,1,1,1,soleus,OSD-104,Mus musculus,1,0,1.3621,0.00980222,1.3621,False,consistent,up
23225,NUP210,1,1,1,soleus,OSD-770,Mus musculus,1,0,1.9754,1.76975e-07,1.9754,False,consistent,up
23245,ASTN2,1,1,1,soleus,OSD-104,Mus musculus,0,1,-1.3581,1.49429e-44,-1.3581,False,consistent,down
23286,WWC1,1,1,1,extensor digitorum longus,OSD-99,Mus musculus,0,1,-1.0291,0.0102252,-1.0291,False,consistent,down
23368,PPP1R13B,1,1,1,quadriceps femoris,OSD-666,Mus musculus,1,0,1.0124,1.47703e-07,1.0124,False,consistent,up
23395,LARS2,1,1,1,bone marrow,OSD-690,Mus musculus,0,1,-1.0229,0.0189659,-1.0229,False,consistent,down
23400,ATP13A2,1,1,1,bone marrow,OSD-690,Mus musculus,0,1,-1.1003,1.93659e-10,-1.1003,False,consistent,down
23401,FRAT2,1,1,1,soleus,OSD-770,Mus musculus,1,0,1.8495,2.67235e-07,1.8495,False,consistent,up
23408,SIRT5,1,1,1,soleus,OSD-770,Mus musculus,0,1,-1.2816,8.75767e-12,-1.2816,False,consistent,down
23413,NCS1,1,1,1,soleus,OSD-770,Mus musculus,0,1,-1.2026,0.000621122,-1.2026,False,consistent,down
23416,KCNH3,1,1,1,soleus,OSD-770,Mus musculus,1,0,2.0645,0.0360209,2.0645,False,consistent,up
23464,GCAT,1,1,1,soleus,OSD-104,Mus musculus,0,1,-6.4499,4.14885e-06,-6.4499,False,consistent,down
23504,RIMBP2,1,1,1,soleus,OSD-104,Mus musculus,0,1,-1.3872,0.0454255,-1.3872,False,consistent,down
23508,TTC9,1,1,1,extensor digitorum longus,OSD-99,Mus musculus,1,0,1.1912,7.84944e-12,1.1912,False,consistent,up
23523,CABIN1,1,1,1,gastrocnemius,OSD-422,Rattus norvegicus,0,1,-2.137,0.0379347,-2.137,False,consistent,down
23539,SLC16A8,1,1,1,soleus,OSD-104,Mus musculus,0,1,-1.1025,7.79323e-05,-1.1025,False,consistent,down
23551,RASD2,1,1,1,quadriceps femoris,OSD-666,Mus musculus,0,1,-1.0178,0.0119078,-1.0178,False,consistent,down
23567,ZNF346,1,1,1,soleus,OSD-770,Mus musculus,0,1,-1.1396,8.33122e-13,-1.1396,False,consistent,down
23589,CARHSP1,1,1,1,soleus,OSD-104,Mus musculus,0,1,-1.0466,1.30641e-36,-1.0466,False,consistent,down
23600,AMACR,1,1,1,soleus,OSD-770,Mus musculus,0,1,-1.0038,2.4377e-10,-1.0038,False,consistent,down
23650,TRIM29,1,1,1,soleus,OSD-104,Mus musculus,1,0,4.0559,0.000136595,4.0559,False,consistent,up
23657,SLC7A11,1,1,1,bone marrow,OSD-690,Mus musculus,1,0,1.2404,3.37476e-06,1.2404,False,consistent,up
23710,GABARAPL1,1,1,1,soleus,OSD-104,Mus musculus,0,1,-1.5781,3.87031e-44,-1.5781,False,consistent,down
23732,FRRS1L,1,1,1,soleus,OSD-770,Mus musculus,1,0,1.6018,0.0269268,1.6018,False,consistent,up
23753,SDF2L1,1,1,1,soleus,OSD-770,Mus musculus,0,1,-2.1027,8.38348e-06,-2.1027,False,consistent,down
23762,OSBP2,1,1,1,tibialis anterior,OSD-576,Mus musculus,1,0,1.0396,0.040805,1.0396,False,consistent,up
23769,FLRT1,1,1,1,soleus,OSD-770,Mus musculus,1,0,1.3667,4.8871e-05,1.3667,False,consistent,up
24137,KIF4A,1,1,1,extensor digitorum longus,OSD-99,Mus musculus,1,0,1.6562,0.0107435,1.6562,False,consistent,up
245802,MS4A6E,1,1,1,extensor digitorum longus,OSD-665,Mus musculus,0,1,-1.021,0.033812,-1.021,False,consistent,down
245812,CNPY4,1,1,1,quadriceps femoris,OSD-666,Mus musculus,0,1,-1.0093,7.71988e-05,-1.0093,False,consistent,down
246777,SPESP1,1,1,1,soleus,OSD-770,Mus musculus,1,0,2.8143,0.0278956,2.8143,False,consistent,up
246778,IL27,1,1,1,soleus,OSD-770,Mus musculus,1,0,3.7002,1.16366e-24,3.7002,False,consistent,up
247,ALOX15B,1,1,1,soleus,OSD-770,Mus musculus,1,0,2.8531,0.0365981,2.8531,False,consistent,up
2475,MTOR,1,1,1,gastrocnemius,OSD-422,Rattus norvegicus,1,0,2.1001,0.00852446,2.1001,False,consistent,up
2487,FRZB,1,1,1,soleus,OSD-104,Mus musculus,1,0,1.6449,7.97462e-16,1.6449,False,consistent,up
2524,FUT2,1,1,1,extensor digitorum longus,OSD-665,Mus musculus,0,1,-1.5672,0.0430578,-1.5672,False,consistent,down
2526,FUT4,1,1,1,soleus,OSD-770,Mus musculus,0,1,-1.447,0.0306815,-1.447,False,consistent,down
252969,NEIL2,1,1,1,quadriceps femoris,OSD-103,Mus musculus,0,1,-1.0065,0.0403796,-1.0065,False,consistent,down
253017,TECRL,1,1,1,soleus,OSD-104,Mus musculus,0,1,-1.0948,1.04622e-07,-1.0948,False,consistent,down
2532,ACKR1,1,1,1,bone marrow,OSD-690,Mus musculus,0,1,-1.0724,7.47549e-11,-1.0724,False,consistent,down
2533,FYB1,1,1,1,quadriceps femoris,OSD-326,Mus musculus,1,0,4.0754,9.45329e-05,4.0754,False,consistent,up
253512,SLC25A30,1,1,1,quadriceps femoris,OSD-666,Mus musculus,0,1,-1.0503,0.00472693,-1.0503,False,consistent,down
253559,CADM2,1,1,1,soleus,OSD-770,Mus musculus,1,0,1.0127,0.0196619,1.0127,False,consistent,up
254065,BRWD3,1,1,1,gastrocnemius,OSD-422,Rattus norvegicus,1,0,6.9378,0.0420962,6.9378,False,consistent,up
254228,CALHM5,1,1,1,soleus,OSD-770,Mus musculus,1,0,1.2154,2.53393e-06,1.2154,False,consistent,up
254439,C11orf86,1,1,1,extensor digitorum longus,OSD-665,Mus musculus,0,1,-3.1618,0.010956,-3.1618,False,consistent,down
255403,ZNF718,1,1,1,soleus,OSD-770,Mus musculus,1,0,2.3097,0.0254733,2.3097,False,consistent,up
255877,BCL6B,1,1,1,soleus,OSD-770,Mus musculus,1,0,1.1633,0.00124816,1.1633,False,consistent,up
255928,SYT14,1,1,1,bone marrow,OSD-690,Mus musculus,0,1,-1.2072,1.52473e-05,-1.2072,False,consistent,down
2560,GABRB1,1,1,1,soleus,OSD-770,Mus musculus,1,0,1.6805,0.00471986,1.6805,False,consistent,up
256227,STEAP1B|LOC401312,1,1,1,soleus,OSD-104,Mus musculus,0,1,-2.1807,0.0289437,-2.1807,False,consistent,down
256302,NATD1,1,1,1,bone marrow,OSD-690,Mus musculus,0,1,-1.0148,1.03956e-10,-1.0148,False,consistent,down
256309,CCDC110,1,1,1,soleus,OSD-770,Mus musculus,1,0,1.2171,0.0199982,1.2171,False,consistent,up
256435,ST6GALNAC3,1,1,1,soleus,OSD-770,Mus musculus,1,0,1.1346,0.00822481,1.1346,False,consistent,up
256536,TCERG1L,1,1,1,soleus,OSD-770,Mus musculus,1,0,3.1535,0.0275853,3.1535,False,consistent,up
256714,MAP7D2,1,1,1,soleus,OSD-104,Mus musculus,0,1,-1.229,0.00224885,-1.229,False,consistent,down
2571,GAD1,1,1,1,soleus,OSD-770,Mus musculus,1,0,1.9063,0.0107975,1.9063,False,consistent,up
25759,SHC2,1,1,1,bone marrow,OSD-690,Mus musculus,0,1,-1.4137,0.035869,-1.4137,False,consistent,down
25769,SLC24A2,1,1,1,quadriceps femoris,OSD-666,Mus musculus,1,0,1.1537,3.87357e-05,1.1537,False,consistent,up
25809,TTLL1,1,1,1,soleus,OSD-770,Mus musculus,0,1,-1.019,5.35714e-07,-1.019,False,consistent,down
25822,DNAJB5,1,1,1,soleus,OSD-770,Mus musculus,1,0,1.0654,4.25246e-15,1.0654,False,consistent,up
25827,FBXL2,1,1,1,soleus,OSD-104,Mus musculus,0,1,-1.0775,4.60125e-06,-1.0775,False,consistent,down
25834,MGAT4C,1,1,1,soleus,OSD-770,Mus musculus,1,0,2.249,0.00501231,2.249,False,consistent,up
2587,GALR1,1,1,1,quadriceps femoris,OSD-666,Mus musculus,0,1,-1.6295,0.0388449,-1.6295,False,consistent,down
25890,ABI3BP,1,1,1,bone marrow,OSD-690,Mus musculus,0,1,-1.1588,0.0220644,-1.1588,False,consistent,down
25902,MTHFD1L,1,1,1,tibialis anterior,OSD-576,Mus musculus,0,1,-1.0326,0.0032147,-1.0326,False,consistent,down
25907,TMEM158,1,1,1,soleus,OSD-770,Mus musculus,1,0,1.1213,0.0117797,1.1213,False,consistent,up
259249,MRGPRX1,1,1,1,quadriceps femoris,OSD-103,Mus musculus,1,0,1.1604,0.000581109,1.1604,False,consistent,up
25925,ZNF521,1,1,1,bone marrow,OSD-690,Mus musculus,0,1,-1.0524,0.0100275,-1.0524,False,consistent,down
25936,NSL1,1,1,1,tibialis anterior,OSD-105,Mus musculus,0,1,-1.3806,0.0178472,-1.3806,False,consistent,down
25945,NECTIN3,1,1,1,bone marrow,OSD-690,Mus musculus,0,1,-1.0334,0.0406849,-1.0334,False,consistent,down
25946,ZNF385A,1,1,1,bone marrow,OSD-690,Mus musculus,0,1,-1.384,1.90873e-05,-1.384,False,consistent,down
2596,GAP43,1,1,1,quadriceps femoris,OSD-666,Mus musculus,0,1,-1.9285,0.0282092,-1.9285,False,consistent,down
25973,PARS2,1,1,1,soleus,OSD-770,Mus musculus,0,1,-1.2106,7.79795e-06,-1.2106,False,consistent,down
25975,EGFL6,1,1,1,bone marrow,OSD-690,Mus musculus,0,1,-1.2806,0.0168569,-1.2806,False,consistent,down
25976,TIPARP,1,1,1,gastrocnemius,OSD-422,Rattus norvegicus,1,0,1.5479,0.000602898,1.5479,False,consistent,up
26027,ACOT11,1,1,1,soleus,OSD-770,Mus musculus,0,1,-1.7055,1.37369e-10,-1.7055,False,consistent,down
26038,CHD5,1,1,1,extensor digitorum longus,OSD-99,Mus musculus,0,1,-1.1835,0.0345873,-1.1835,False,consistent,down
26049,FAM169A,1,1,1,tibialis anterior,OSD-576,Mus musculus,1,0,1.0863,0.048582,1.0863,False,consistent,up
26056,RAB11FIP5,1,1,1,soleus,OSD-104,Mus musculus,0,1,-1.2618,2.93351e-39,-1.2618,False,consistent,down
26063,DECR2,1,1,1,soleus,OSD-770,Mus musculus,0,1,-1.2152,7.68813e-12,-1.2152,False,consistent,down
26103,LRIT1,1,1,1,soleus,OSD-770,Mus musculus,0,1,-2.2031,0.000123578,-2.2031,False,consistent,down
26112,CCDC69,1,1,1,soleus,OSD-104,Mus musculus,1,0,1.0796,1.81997e-07,1.0796,False,consistent,up
26123,TCTN3,1,1,1,soleus,OSD-770,Mus musculus,0,1,-1.3679,6.61499e-12,-1.3679,False,consistent,down
26136,TES,1,1,1,extensor digitorum longus,OSD-665,Mus musculus,0,1,-1.3577,0.018163,-1.3577,False,consistent,down
262,AMD1,1,1,1,quadriceps femoris,OSD-326,Mus musculus,0,1,-1.1553,0.0339502,-1.1553,False,consistent,down
26228,STAP1,1,1,1,quadriceps femoris,OSD-666,Mus musculus,1,0,1.3648,0.00733581,1.3648,False,consistent,up
26249,KLHL3,1,1,1,quadriceps femoris,OSD-666,Mus musculus,1,0,1.105,0.000686986,1.105,False,consistent,up
2625,GATA3,1,1,1,soleus,OSD-104,Mus musculus,1,0,1.4749,0.00806775,1.4749,False,consistent,up
26256,CABYR,1,1,1,quadriceps femoris,OSD-666,Mus musculus,1,0,1.5677,0.0283874,1.5677,False,consistent,up
26262,TSPAN17,1,1,1,soleus,OSD-770,Mus musculus,0,1,-1.2444,1.27111e-10,-1.2444,False,consistent,down
26279,PLA2G2D,1,1,1,soleus,OSD-770,Mus musculus,1,0,1.5221,1.71013e-05,1.5221,False,consistent,up
26280,IL1RAPL2,1,1,1,quadriceps femoris,OSD-666,Mus musculus,1,0,4.2232,0.000281936,4.2232,False,consistent,up
26287,ANKRD2,1,1,1,soleus,OSD-770,Mus musculus,1,0,1.5198,7.49835e-08,1.5198,False,consistent,up
2633,GBP1,1,1,1,soleus,OSD-770,Mus musculus,0,1,-1.2132,2.72461e-05,-1.2132,False,consistent,down
26333,OR7A17,1,1,1,soleus,OSD-770,Mus musculus,1,0,3.4051,0.0277757,3.4051,False,consistent,up
26338,OR5L2,1,1,1,soleus,OSD-770,Mus musculus,1,0,2.362,0.0286534,2.362,False,consistent,up
2634,GBP2,1,1,1,soleus,OSD-770,Mus musculus,0,1,-1.2132,2.72461e-05,-1.2132,False,consistent,down
26341,OR5H1,1,1,1,soleus,OSD-770,Mus musculus,1,0,2.2016,0.0308021,2.2016,False,consistent,up
2635,GBP3,1,1,1,soleus,OSD-770,Mus musculus,0,1,-1.2132,2.72461e-05,-1.2132,False,consistent,down
26354,GNL3,1,1,1,soleus,OSD-770,Mus musculus,1,0,1.0441,1.76975e-07,1.0441,False,consistent,up
2638,GC,1,1,1,soleus,OSD-104,Mus musculus,1,0,3.5614,0.0193512,3.5614,False,consistent,up
2643,GCH1,1,1,1,tibialis anterior,OSD-576,Mus musculus,0,1,-1.1804,2.89735e-06,-1.1804,False,consistent,down
26470,SEZ6L2,1,1,1,extensor digitorum longus,OSD-99,Mus musculus,1,0,1.1381,0.0328135,1.1381,False,consistent,up
26502,NARF,1,1,1,soleus,OSD-770,Mus musculus,0,1,-1.0442,1.91828e-19,-1.0442,False,consistent,down
26507,CNNM1,1,1,1,extensor digitorum longus,OSD-99,Mus musculus,1,0,1.3706,0.0184887,1.3706,False,consistent,up
26508,HEYL,1,1,1,bone marrow,OSD-690,Mus musculus,0,1,-1.1279,0.0252407,-1.1279,False,consistent,down
26586,CKAP2,1,1,1,extensor digitorum longus,OSD-99,Mus musculus,1,0,1.8996,7.13414e-05,1.8996,False,consistent,up
2660,MSTN,1,1,1,soleus,OSD-770,Mus musculus,1,0,2.8361,2.05651e-23,2.8361,False,consistent,up
2662,GDF10,1,1,1,soleus,OSD-770,Mus musculus,1,0,1.085,0.00287017,1.085,False,consistent,up
26659,OR7A5,1,1,1,soleus,OSD-770,Mus musculus,1,0,3.4051,0.0277757,3.4051,False,consistent,up
266812,NAP1L5,1,1,1,soleus,OSD-104,Mus musculus,1,0,1.1847,0.0412718,1.1847,False,consistent,up
267002,PGBD2,1,1,1,soleus,OSD-770,Mus musculus,0,1,-1.1024,0.0017118,-1.1024,False,consistent,down
2681,GGTA1,1,1,1,gastrocnemius,OSD-422,Rattus norvegicus,1,0,4.9443,2.52573e-05,4.9443,False,consistent,up
26872,STEAP1,1,1,1,soleus,OSD-104,Mus musculus,0,1,-2.1807,0.0289437,-2.1807,False,consistent,down
26873,OPLAH,1,1,1,bone marrow,OSD-690,Mus musculus,0,1,-1.1155,0.0017744,-1.1155,False,consistent,down
269,AMHR2,1,1,1,quadriceps femoris,OSD-666,Mus musculus,0,1,-1.1214,0.0186681,-1.1214,False,consistent,down
2702,GJA5,1,1,1,soleus,OSD-770,Mus musculus,0,1,-1.3578,3.79042e-06,-1.3578,False,consistent,down
2703,GJA8,1,1,1,soleus,OSD-770,Mus musculus,1,0,2.1267,0.0171774,2.1267,False,consistent,up
27039,PKD2L2,1,1,1,soleus,OSD-770,Mus musculus,0,1,-1.1515,8.26219e-09,-1.1515,False,consistent,down
2710,GK,1,1,1,soleus,OSD-770,Mus musculus,0,1,-1.0218,1.55513e-06,-1.0218,False,consistent,down
27115,PDE7B,1,1,1,bone marrow,OSD-690,Mus musculus,1,0,1.0058,0.00928666,1.0058,False,consistent,up
27122,DKK3,1,1,1,quadriceps femoris,OSD-666,Mus musculus,1,0,1.5426,0.00300872,1.5426,False,consistent,up
27124,INPP5J,1,1,1,quadriceps femoris,OSD-666,Mus musculus,0,1,-1.0502,0.03759,-1.0502,False,consistent,down
2713,GK3P,1,1,1,soleus,OSD-770,Mus musculus,0,1,-1.0218,1.55513e-06,-1.0218,False,consistent,down
27146,FAM184B,1,1,1,extensor digitorum longus,OSD-665,Mus musculus,1,0,1.158,0.0312762,1.158,False,consistent,up
27148,STK36,1,1,1,soleus,OSD-104,Mus musculus,0,1,-1.3211,0.0138424,-1.3211,False,consistent,down
27152,INTU,1,1,1,soleus,OSD-770,Mus musculus,0,1,-1.0276,5.11701e-08,-1.0276,False,consistent,down
27154,BRPF3,1,1,1,bone marrow,OSD-690,Mus musculus,0,1,-1.0813,1.67217e-11,-1.0813,False,consistent,down
27159,CHIA,1,1,1,soleus,OSD-770,Mus musculus,1,0,2.5752,0.000168876,2.5752,False,consistent,up
27164,SALL3,1,1,1,soleus,OSD-770,Mus musculus,1,0,2.2697,0.0272005,2.2697,False,consistent,up
27237,ARHGEF16,1,1,1,soleus,OSD-104,Mus musculus,1,0,1.5189,0.0189213,1.5189,False,consistent,up
27239,GPR162,1,1,1,extensor digitorum longus,OSD-665,Mus musculus,0,1,-2.0913,0.0263383,-2.0913,False,consistent,down
27245,AHDC1,1,1,1,bone marrow,OSD-690,Mus musculus,0,1,-1.0501,0.000286828,-1.0501,False,consistent,down
27295,PDLIM3,1,1,1,soleus,OSD-770,Mus musculus,1,0,2.4085,2.03258e-38,2.4085,False,consistent,up
27302,BMP10,1,1,1,soleus,OSD-770,Mus musculus,1,0,2.7412,0.0238217,2.7412,False,consistent,up
27303,RBMS3,1,1,1,bone marrow,OSD-690,Mus musculus,0,1,-1.0037,0.0367173,-1.0037,False,consistent,down
27306,HPGDS,1,1,1,quadriceps femoris,OSD-666,Mus musculus,1,0,1.2666,0.00610711,1.2666,False,consistent,up
27329,ANGPTL3,1,1,1,quadriceps femoris,OSD-666,Mus musculus,1,0,2.8496,0.0391539,2.8496,False,consistent,up
2735,GLI1,1,1,1,soleus,OSD-770,Mus musculus,1,0,1.0916,0.00518016,1.0916,False,consistent,up
27443,CECR2,1,1,1,bone marrow,OSD-690,Mus musculus,0,1,-1.2674,1.43367e-13,-1.2674,False,consistent,down
2752,GLUL,1,1,1,quadriceps femoris,OSD-666,Mus musculus,1,0,1.1377,4.49767e-06,1.1377,False,consistent,up
2770,GNAI1,1,1,1,quadriceps femoris,OSD-666,Mus musculus,1,0,1.0427,0.00259072,1.0427,False,consistent,up
2774,GNAL,1,1,1,soleus,OSD-104,Mus musculus,0,1,-1.278,9.23985e-07,-1.278,False,consistent,down
2775,GNAO1,1,1,1,bone marrow,OSD-690,Mus musculus,0,1,-1.6991,0.00881518,-1.6991,False,consistent,down
2784,GNB3,1,1,1,soleus,OSD-770,Mus musculus,0,1,-1.2615,3.71427e-05,-1.2615,False,consistent,down
2820,GPD2,1,1,1,soleus,OSD-770,Mus musculus,1,0,1.0936,1.55678e-10,1.0936,False,consistent,up
2822,GPLD1,1,1,1,bone marrow,OSD-690,Mus musculus,1,0,1.0756,0.00373915,1.0756,False,consistent,up
2823,GPM6A,1,1,1,soleus,OSD-770,Mus musculus,1,0,1.0845,0.00583599,1.0845,False,consistent,up
2827,GPR3,1,1,1,tibialis anterior,OSD-576,Mus musculus,0,1,-3.7571,0.000718091,-3.7571,False,consistent,down
282770,OR10AG1,1,1,1,soleus,OSD-770,Mus musculus,1,0,1.6001,0.0378,1.6001,False,consistent,up
282973,JAKMIP3,1,1,1,soleus,OSD-770,Mus musculus,1,0,2.0012,0.0174082,2.0012,False,consistent,up
283092,OR4C13,1,1,1,soleus,OSD-770,Mus musculus,1,0,1.7811,0.039316,1.7811,False,consistent,up
2831,NPBWR1,1,1,1,soleus,OSD-770,Mus musculus,1,0,2.6273,0.0255147,2.6273,False,consistent,up
283110,OR52Z1P,1,1,1,bone marrow,OSD-690,Mus musculus,0,1,-1.7414,0.0159043,-1.7414,False,consistent,down
283111,OR51V1,1,1,1,soleus,OSD-770,Mus musculus,1,0,2.0012,0.00989607,2.0012,False,consistent,up
283120,H19|LOC102724852,1,1,1,quadriceps femoris,OSD-666,Mus musculus,0,1,-1.132,8.52373e-06,-1.132,False,consistent,down
283219,KCTD21,1,1,1,soleus,OSD-770,Mus musculus,0,1,-1.2192,1.1856e-08,-1.2192,False,consistent,down
283365,OR6C6,1,1,1,soleus,OSD-770,Mus musculus,1,0,2.8164,0.015622,2.8164,False,consistent,up
283431,GAS2L3,1,1,1,soleus,OSD-770,Mus musculus,1,0,1.4128,0.00309477,1.4128,False,consistent,up
283463,MUC19,1,1,1,soleus,OSD-770,Mus musculus,0,1,-2.3572,0.0469411,-2.3572,False,consistent,down
2835,GPR12,1,1,1,bone marrow,OSD-690,Mus musculus,0,1,-1.3945,0.0437269,-1.3945,False,consistent,down
283635,FAM177A1|LOC101927178,1,1,1,quadriceps femoris,OSD-326,Mus musculus,0,1,-10.5435,0.0325484,-10.5435,False,consistent,down
2837,UTS2R,1,1,1,quadriceps femoris,OSD-666,Mus musculus,0,1,-1.1706,0.00150158,-1.1706,False,consistent,down
283748,PLA2G4D,1,1,1,tibialis anterior,OSD-576,Mus musculus,1,0,3.495,0.0141988,3.495,False,consistent,up
28378,IGHV7-81,1,1,1,bone marrow,OSD-690,Mus musculus,1,0,2.6318,0.0325348,2.6318,False,consistent,up
283807,FBXL22,1,1,1,quadriceps femoris,OSD-666,Mus musculus,0,1,-1.137,1.31413e-07,-1.137,False,consistent,down
283927,NUDT7,1,1,1,quadriceps femoris,OSD-326,Mus musculus,0,1,-1.1587,0.0384812,-1.1587,False,consistent,down
283985,FADS6,1,1,1,soleus,OSD-770,Mus musculus,0,1,-1.9659,5.71029e-17,-1.9659,False,consistent,down
284069,FAM171A2,1,1,1,quadriceps femoris,OSD-666,Mus musculus,0,1,-1.7102,0.00672837,-1.7102,False,consistent,down
284207,METRNL,1,1,1,soleus,OSD-770,Mus musculus,0,1,-1.9161,8.00869e-21,-1.9161,False,consistent,down
284348,LYPD5,1,1,1,soleus,OSD-770,Mus musculus,1,0,3.3026,0.0465918,3.3026,False,consistent,up
284383,OR2Z1,1,1,1,soleus,OSD-770,Mus musculus,1,0,2.9778,0.0246706,2.9778,False,consistent,up
284403,WDR62,1,1,1,quadriceps femoris,OSD-666,Mus musculus,1,0,2.0269,3.86117e-12,2.0269,False,consistent,up
284428,MBD3L5,1,1,1,soleus,OSD-770,Mus musculus,1,0,3.5653,0.00306929,3.5653,False,consistent,up
284434,NWD1,1,1,1,tibialis anterior,OSD-105,Mus musculus,0,1,-1.0306,1.73149e-09,-1.0306,False,consistent,down
284541,CYP4A22,1,1,1,soleus,OSD-104,Mus musculus,1,0,2.8264,0.00494777,2.8264,False,consistent,up
284615,ANKRD34A,1,1,1,quadriceps femoris,OSD-666,Mus musculus,0,1,-1.4892,0.0015141,-1.4892,False,consistent,down
284654,RSPO1,1,1,1,soleus,OSD-770,Mus musculus,1,0,1.7172,0.0210659,1.7172,False,consistent,up
284656,EPHA10,1,1,1,soleus,OSD-770,Mus musculus,1,0,2.1336,0.036141,2.1336,False,consistent,up
2849,GPR26,1,1,1,soleus,OSD-770,Mus musculus,1,0,2.0259,0.0481008,2.0259,False,consistent,up
285016,ALKAL2,1,1,1,tibialis anterior,OSD-105,Mus musculus,1,0,1.1649,0.00197099,1.1649,False,consistent,up
285175,UNC80,1,1,1,soleus,OSD-770,Mus musculus,1,0,1.7716,0.00857185,1.7716,False,consistent,up
285180,RUFY4,1,1,1,quadriceps femoris,OSD-666,Mus musculus,1,0,2.1319,0.0234136,2.1319,False,consistent,up
285498,RNF212,1,1,1,bone marrow,OSD-690,Mus musculus,0,1,-1.1031,0.0264766,-1.1031,False,consistent,down
285513,GPRIN3,1,1,1,quadriceps femoris,OSD-666,Mus musculus,1,0,1.3096,0.00039524,1.3096,False,consistent,up
285556,C4orf54,1,1,1,soleus,OSD-770,Mus musculus,1,0,2.0549,4.58427e-16,2.0549,False,consistent,up
285643,KIF4B,1,1,1,extensor digitorum longus,OSD-99,Mus musculus,1,0,1.6562,0.0107435,1.6562,False,consistent,up
285782,CAGE1,1,1,1,soleus,OSD-770,Mus musculus,0,1,-1.4642,1.59983e-08,-1.4642,False,consistent,down
285958,SNHG15,1,1,1,soleus,OSD-770,Mus musculus,1,0,1.2634,1.30476e-05,1.2634,False,consistent,up
286006,LSMEM1,1,1,1,soleus,OSD-770,Mus musculus,0,1,-1.2971,1.10136e-09,-1.2971,False,consistent,down
286133,SCARA5,1,1,1,bone marrow,OSD-690,Mus musculus,0,1,-1.3768,0.000204858,-1.3768,False,consistent,down
286187,PPP1R42,1,1,1,bone marrow,OSD-690,Mus musculus,1,0,1.0183,1.23533e-05,1.0183,False,consistent,up
286336,FAM78A,1,1,1,soleus,OSD-104,Mus musculus,1,0,1.1413,2.08563e-12,1.1413,False,consistent,up
2864,FFAR1,1,1,1,soleus,OSD-770,Mus musculus,1,0,2.0561,0.0361597,2.0561,False,consistent,up
2872,MKNK2,1,1,1,bone marrow,OSD-690,Mus musculus,0,1,-1.1764,2.3119e-11,-1.1764,False,consistent,down
2888,GRB14,1,1,1,soleus,OSD-770,Mus musculus,0,1,-1.0752,1.21565e-05,-1.0752,False,consistent,down
28891,IGKV1D-43,1,1,1,bone marrow,OSD-690,Mus musculus,1,0,1.057,0.00828423,1.057,False,consistent,up
28908,IGKV4-1,1,1,1,bone marrow,OSD-690,Mus musculus,0,1,-1.7951,0.00573121,-1.7951,False,consistent,down
2891,GRIA2,1,1,1,soleus,OSD-770,Mus musculus,1,0,1.3065,0.00157172,1.3065,False,consistent,up
28933,IGKV1-33,1,1,1,bone marrow,OSD-690,Mus musculus,1,0,1.057,0.00828423,1.057,False,consistent,up
2894,GRID1,1,1,1,soleus,OSD-770,Mus musculus,1,0,1.9863,0.03938,1.9863,False,consistent,up
28940,IGKV1-12,1,1,1,bone marrow,OSD-690,Mus musculus,1,0,1.057,0.00828423,1.057,False,consistent,up
28978,TMEM14A,1,1,1,soleus,OSD-770,Mus musculus,0,1,-1.0532,1.82785e-05,-1.0532,False,consistent,down
2898,GRIK2,1,1,1,soleus,OSD-104,Mus musculus,1,0,1.022,0.0417724,1.022,False,consistent,up
28981,IFT81,1,1,1,soleus,OSD-104,Mus musculus,0,1,-1.1166,2.04756e-39,-1.1166,False,consistent,down
28982,FLVCR1,1,1,1,tibialis anterior,OSD-576,Mus musculus,1,0,1.2238,1.14432e-05,1.2238,False,consistent,up
28983,TMPRSS11E,1,1,1,soleus,OSD-770,Mus musculus,1,0,3.5721,0.0390514,3.5721,False,consistent,up
2901,GRIK5,1,1,1,bone marrow,OSD-690,Mus musculus,0,1,-1.0902,0.0110598,-1.0902,False,consistent,down
2904,GRIN2B,1,1,1,extensor digitorum longus,OSD-99,Mus musculus,0,1,-2.3872,0.036139,-2.3872,False,consistent,down
2905,GRIN2C,1,1,1,extensor digitorum longus,OSD-99,Mus musculus,1,0,2.3299,1.74088e-11,2.3299,False,consistent,up
29095,ORMDL2,1,1,1,soleus,OSD-770,Mus musculus,0,1,-1.0572,0.00021735,-1.0572,False,consistent,down
2911,GRM1,1,1,1,soleus,OSD-770,Mus musculus,0,1,-1.8246,8.24707e-06,-1.8246,False,consistent,down
29113,C6orf15,1,1,1,soleus,OSD-770,Mus musculus,1,0,3.493,0.0189586,3.493,False,consistent,up
29114,TAGLN3,1,1,1,quadriceps femoris,OSD-666,Mus musculus,0,1,-1.0241,0.00560266,-1.0241,False,consistent,down
29116,MYLIP,1,1,1,tibialis anterior,OSD-576,Mus musculus,1,0,1.1411,9.56583e-07,1.1411,False,consistent,up
29121,CLEC2D,1,1,1,soleus,OSD-770,Mus musculus,1,0,1.2243,0.00366145,1.2243,False,consistent,up
29122,PRSS50,1,1,1,bone marrow,OSD-690,Mus musculus,0,1,-1.1433,0.0281738,-1.1433,False,consistent,down
2914,GRM4,1,1,1,soleus,OSD-770,Mus musculus,1,0,3.6306,0.00721198,3.6306,False,consistent,up
2931,GSK3A,1,1,1,bone marrow,OSD-690,Mus musculus,0,1,-1.121,6.17502e-11,-1.121,False,consistent,down
2953,GSTT2,1,1,1,tibialis anterior,OSD-105,Mus musculus,0,1,-1.0417,5.16557e-06,-1.0417,False,consistent,down
29760,BLNK,1,1,1,soleus,OSD-104,Mus musculus,1,0,1.3028,1.21438e-12,1.3028,False,consistent,up
29799,YPEL1,1,1,1,soleus,OSD-770,Mus musculus,1,0,1.1284,0.0435305,1.1284,False,consistent,up
29801,ZDHHC8,1,1,1,bone marrow,OSD-690,Mus musculus,0,1,-1.1497,9.47726e-05,-1.1497,False,consistent,down
29842,TFCP2L1,1,1,1,soleus,OSD-104,Mus musculus,1,0,1.4489,1.22792e-07,1.4489,False,consistent,up
29881,NPC1L1,1,1,1,soleus,OSD-770,Mus musculus,1,0,1.4773,2.23132e-08,1.4773,False,consistent,up
29895,MYLPF,1,1,1,soleus,OSD-770,Mus musculus,1,0,1.1713,2.04668e-14,1.1713,False,consistent,up
29906,ST8SIA5,1,1,1,soleus,OSD-770,Mus musculus,0,1,-1.0822,1.28886e-07,-1.0822,False,consistent,down
29924,EPN1,1,1,1,bone marrow,OSD-690,Mus musculus,0,1,-1.0187,2.31716e-10,-1.0187,False,consistent,down
29925,GMPPB,1,1,1,soleus,OSD-770,Mus musculus,0,1,-1.6316,0.000400662,-1.6316,False,consistent,down
29951,PDZRN4,1,1,1,quadriceps femoris,OSD-666,Mus musculus,1,0,1.1068,0.00567183,1.1068,False,consistent,up
29958,DMGDH,1,1,1,soleus,OSD-104,Mus musculus,1,0,3.2097,0.00889979,3.2097,False,consistent,up
29960,MRM2,1,1,1,soleus,OSD-770,Mus musculus,0,1,-1.2318,1.79576e-11,-1.2318,False,consistent,down
29964,PRICKLE4,1,1,1,extensor digitorum longus,OSD-665,Mus musculus,0,1,-1.1218,0.0115168,-1.1218,False,consistent,down
29968,PSAT1,1,1,1,soleus,OSD-770,Mus musculus,1,0,1.0988,0.00218783,1.0988,False,consistent,up
29990,PILRB,1,1,1,extensor digitorum longus,OSD-665,Mus musculus,0,1,-1.3022,0.0356659,-1.3022,False,consistent,down
29992,PILRA,1,1,1,extensor digitorum longus,OSD-665,Mus musculus,0,1,-1.3022,0.0356659,-1.3022,False,consistent,down
29995,LMCD1,1,1,1,soleus,OSD-770,Mus musculus,1,0,2.6048,2.59482e-33,2.6048,False,consistent,up
30,ACAA1,1,1,1,soleus,OSD-770,Mus musculus,1,0,2.9438,0.0291855,2.9438,False,consistent,up
3009,H1-5,1,1,1,extensor digitorum longus,OSD-99,Mus musculus,1,0,1.0973,0.0102885,1.0973,False,consistent,up
3012,H2AC8,1,1,1,extensor digitorum longus,OSD-99,Mus musculus,1,0,1.5919,1.38964e-05,1.5919,True,consistent,up
3013,H2AC7,1,1,1,extensor digitorum longus,OSD-99,Mus musculus,1,0,1.9962,3.15777e-05,1.9962,False,consistent,up
3017,H2BC5,1,1,1,extensor digitorum longus,OSD-99,Mus musculus,1,0,1.909,0.0027956,1.909,False,consistent,up
3024,H1-1,1,1,1,extensor digitorum longus,OSD-99,Mus musculus,1,0,1.2351,5.31399e-06,1.2351,False,consistent,up
3034,HAL,1,1,1,soleus,OSD-104,Mus musculus,1,0,2.6825,0.0373419,2.6825,False,consistent,up
3037,HAS2,1,1,1,soleus,OSD-104,Mus musculus,0,1,-1.1222,1.9359e-05,-1.1222,False,consistent,down
3081,HGD,1,1,1,soleus,OSD-104,Mus musculus,1,0,1.7812,0.0288576,1.7812,False,consistent,up
30818,KCNIP3,1,1,1,soleus,OSD-770,Mus musculus,1,0,1.125,0.00479797,1.125,False,consistent,up
3083,HGFAC,1,1,1,tibialis anterior,OSD-576,Mus musculus,1,0,1.5909,0.023071,1.5909,False,consistent,up
3109,HLA-DMB,1,1,1,extensor digitorum longus,OSD-99,Mus musculus,1,0,1.9517,0.000104613,1.9517,False,consistent,up
3112,HLA-DOB,1,1,1,quadriceps femoris,OSD-666,Mus musculus,0,1,-1.098,0.0235685,-1.098,False,consistent,down
3119,HLA-DQB1,1,1,1,quadriceps femoris,OSD-666,Mus musculus,0,1,-1.0523,0.00176286,-1.0523,False,consistent,down
3120,HLA-DQB2,1,1,1,quadriceps femoris,OSD-666,Mus musculus,0,1,-1.0523,0.00176286,-1.0523,False,consistent,down
3123,HLA-DRB1,1,1,1,quadriceps femoris,OSD-666,Mus musculus,0,1,-1.0005,0.0028292,-1.0005,False,consistent,down
3127,HLA-DRB5,1,1,1,quadriceps femoris,OSD-666,Mus musculus,0,1,-1.0005,0.0028292,-1.0005,False,consistent,down
314,AOC2,1,1,1,bone marrow,OSD-690,Mus musculus,0,1,-1.1899,1.76068e-08,-1.1899,False,consistent,down
3140,MR1,1,1,1,soleus,OSD-770,Mus musculus,1,0,1.1074,2.92868e-07,1.1074,False,consistent,up
3177,SLC29A2,1,1,1,soleus,OSD-770,Mus musculus,0,1,-1.2301,6.85509e-07,-1.2301,False,consistent,down
317701,VN1R2,1,1,1,soleus,OSD-770,Mus musculus,1,0,2.657,0.0077936,2.657,True,consistent,up
317719,KLHL10,1,1,1,soleus,OSD-770,Mus musculus,0,1,-1.2804,0.00859453,-1.2804,False,consistent,down
317761,C14orf39,1,1,1,soleus,OSD-770,Mus musculus,1,0,1.2093,0.024484,1.2093,False,consistent,up
3178,HNRNPA1,1,1,1,gastrocnemius,OSD-422,Rattus norvegicus,1,0,1.0132,0.0477123,1.0132,False,consistent,up
32,ACACB,1,1,1,bone marrow,OSD-690,Mus musculus,0,1,-1.2795,0.00919361,-1.2795,False,consistent,down
3202,HOXA5,1,1,1,bone marrow,OSD-690,Mus musculus,0,1,-1.1052,0.0292555,-1.1052,False,consistent,down
3203,HOXA6,1,1,1,soleus,OSD-770,Mus musculus,0,1,-2.1284,0.000376991,-2.1284,False,consistent,down
3207,HOXA11,1,1,1,quadriceps femoris,OSD-666,Mus musculus,0,1,-1.6399,0.0223999,-1.6399,False,consistent,down
3209,HOXA13,1,1,1,quadriceps femoris,OSD-666,Mus musculus,0,1,-1.2142,0.0250813,-1.2142,False,consistent,down
3234,HOXD8,1,1,1,quadriceps femoris,OSD-666,Mus musculus,0,1,-1.2669,0.0168459,-1.2669,False,consistent,down
3240,HP,1,1,1,extensor digitorum longus,OSD-665,Mus musculus,0,1,-1.3705,0.0284706,-1.3705,False,consistent,down
3242,HPD,1,1,1,soleus,OSD-104,Mus musculus,1,0,2.7936,0.0396622,2.7936,False,consistent,up
3250,HPR,1,1,1,extensor digitorum longus,OSD-665,Mus musculus,0,1,-1.3705,0.0284706,-1.3705,False,consistent,down
3269,HRH1,1,1,1,bone marrow,OSD-690,Mus musculus,1,0,1.599,0.0423401,1.599,False,consistent,up
3280,HES1,1,1,1,tibialis anterior,OSD-576,Mus musculus,0,1,-1.3868,3.05152e-08,-1.3868,False,consistent,down
3291,HSD11B2,1,1,1,soleus,OSD-104,Mus musculus,1,0,2.2373,0.000942647,2.2373,False,consistent,up
3298,HSF2,1,1,1,soleus,OSD-770,Mus musculus,1,0,1.3303,6.92697e-20,1.3303,False,consistent,up
3312,HSPA8,1,1,1,quadriceps femoris,OSD-666,Mus musculus,0,1,-1.0594,2.44493e-06,-1.0594,False,consistent,down
3315,HSPB1,1,1,1,soleus,OSD-770,Mus musculus,1,0,2.6091,8.98085e-16,2.6091,False,consistent,up
333929,SNAI3,1,1,1,tibialis anterior,OSD-576,Mus musculus,0,1,-1.5331,0.014106,-1.5331,False,consistent,down
337,APOA4,1,1,1,soleus,OSD-104,Mus musculus,1,0,2.9733,0.0305733,2.9733,False,consistent,up
3373,HYAL1,1,1,1,soleus,OSD-770,Mus musculus,0,1,-1.1929,2.68306e-09,-1.1929,False,consistent,down
337880,KRTAP11-1,1,1,1,soleus,OSD-104,Mus musculus,1,0,4.1703,0.0462555,4.1703,False,consistent,up
338,APOB,1,1,1,soleus,OSD-770,Mus musculus,1,0,2.9549,0.00641775,2.9549,False,consistent,up
3381,IBSP,1,1,1,tibialis anterior,OSD-576,Mus musculus,1,0,4.4602,0.0452043,4.4602,False,consistent,up
338322,NLRP10,1,1,1,quadriceps femoris,OSD-666,Mus musculus,0,1,-1.5441,8.13988e-08,-1.5441,False,consistent,down
338324,S100A7A,1,1,1,quadriceps femoris,OSD-666,Mus musculus,0,1,-1.1824,0.029096,-1.1824,False,consistent,down
338557,FFAR4,1,1,1,quadriceps femoris,OSD-666,Mus musculus,1,0,2.5777,0.0118803,2.5777,False,consistent,up
338755,OR2AG2,1,1,1,soleus,OSD-770,Mus musculus,1,0,2.7822,0.0267435,2.7822,True,consistent,up
338785,KRT79,1,1,1,soleus,OSD-104,Mus musculus,1,0,3.4513,0.0325776,3.4513,False,consistent,up
338949,TMEM202,1,1,1,soleus,OSD-104,Mus musculus,0,1,-1.1143,0.000905023,-1.1143,False,consistent,down
339210,C17orf67,1,1,1,soleus,OSD-104,Mus musculus,0,1,-1.3384,0.00347937,-1.3384,False,consistent,down
339291,LRRC30,1,1,1,quadriceps femoris,OSD-326,Mus musculus,1,0,1.0084,0.000113685,1.0084,False,consistent,up
339366,ADAMTSL5,1,1,1,bone marrow,OSD-690,Mus musculus,0,1,-1.3197,0.0425753,-1.3197,False,consistent,down
339674,SMIM45,1,1,1,soleus,OSD-770,Mus musculus,1,0,2.9769,0.0110854,2.9769,False,consistent,up
3397,ID1,1,1,1,soleus,OSD-104,Mus musculus,0,1,-1.3874,5.7357e-19,-1.3874,False,consistent,down
339766,MROH2A,1,1,1,soleus,OSD-770,Mus musculus,1,0,2.1539,0.00937448,2.1539,False,consistent,up
339768,ESPNL,1,1,1,soleus,OSD-770,Mus musculus,1,0,1.2549,0.00609718,1.2549,False,consistent,up
339804,C2orf74,1,1,1,quadriceps femoris,OSD-666,Mus musculus,1,0,2.1606,0.00617496,2.1606,False,consistent,up
339829,CCDC39,1,1,1,tibialis anterior,OSD-576,Mus musculus,0,1,-1.3729,0.0237083,-1.3729,False,consistent,down
339896,GADL1,1,1,1,soleus,OSD-770,Mus musculus,1,0,1.4194,1.77195e-10,1.4194,False,consistent,up
339965,CCDC158,1,1,1,soleus,OSD-770,Mus musculus,1,0,1.987,0.0131395,1.987,False,consistent,up
339976,TRIML1,1,1,1,soleus,OSD-770,Mus musculus,1,0,2.5875,0.042842,2.5875,False,consistent,up
339983,NAT8L,1,1,1,bone marrow,OSD-690,Mus musculus,0,1,-1.1383,7.23484e-05,-1.1383,False,consistent,down
340277,FAM221A,1,1,1,tibialis anterior,OSD-576,Mus musculus,1,0,1.6597,0.0121628,1.6597,False,consistent,up
340371,NRBP2,1,1,1,bone marrow,OSD-690,Mus musculus,0,1,-1.1964,0.0194006,-1.1964,False,consistent,down
340441,POTEA,1,1,1,soleus,OSD-770,Mus musculus,1,0,3.7516,0.0201116,3.7516,True,consistent,up
340485,ACER2,1,1,1,extensor digitorum longus,OSD-665,Mus musculus,1,0,1.1209,2.03247e-06,1.1209,False,consistent,up
340543,TCEAL5,1,1,1,soleus,OSD-770,Mus musculus,1,0,1.171,0.00922075,1.171,False,consistent,up
340595,RTL4,1,1,1,soleus,OSD-770,Mus musculus,1,0,2.3973,0.00953291,2.3973,False,consistent,up
340990,OTOG,1,1,1,soleus,OSD-770,Mus musculus,1,0,2.0195,0.0258744,2.0195,False,consistent,up
341640,FREM2,1,1,1,tibialis anterior,OSD-105,Mus musculus,1,0,1.0177,0.000549721,1.0177,False,consistent,up
342125,TMC3,1,1,1,bone marrow,OSD-690,Mus musculus,0,1,-1.067,0.00532827,-1.067,False,consistent,down
342977,NANOS3,1,1,1,soleus,OSD-770,Mus musculus,0,1,-2.0346,0.0171836,-2.0346,False,consistent,down
342979,PALM3,1,1,1,soleus,OSD-770,Mus musculus,1,0,2.1169,0.00258916,2.1169,False,consistent,up
3437,IFIT3,1,1,1,soleus,OSD-104,Mus musculus,1,0,1.1174,0.000353172,1.1174,False,consistent,up
344148,NCKAP5,1,1,1,soleus,OSD-104,Mus musculus,0,1,-1.2254,1.04043e-10,-1.2254,False,consistent,down
344454,AOX2P,1,1,1,extensor digitorum longus,OSD-99,Mus musculus,0,1,-1.3163,0.0166067,-1.3163,False,consistent,down
344805,TMPRSS7,1,1,1,quadriceps femoris,OSD-666,Mus musculus,0,1,-3.6703,0.0375574,-3.6703,False,consistent,down
344875,COL6A4P1,1,1,1,extensor digitorum longus,OSD-665,Mus musculus,0,1,-2.7978,0.0254254,-2.7978,False,consistent,down
344892,RTP2,1,1,1,soleus,OSD-770,Mus musculus,1,0,2.8222,0.0279857,2.8222,False,consistent,up
344901,OSTN,1,1,1,soleus,OSD-104,Mus musculus,0,1,-1.6677,1.27332e-57,-1.6677,False,consistent,down
345,APOC3,1,1,1,soleus,OSD-104,Mus musculus,1,0,3.5875,0.0182751,3.5875,False,consistent,up
345274,SLC10A6,1,1,1,soleus,OSD-104,Mus musculus,1,0,1.1425,1.48539e-08,1.1425,False,consistent,up
3475,IFRD1,1,1,1,soleus,OSD-770,Mus musculus,1,0,2.1742,8.45139e-14,2.1742,False,consistent,up
347733,TUBB2B,1,1,1,quadriceps femoris,OSD-666,Mus musculus,0,1,-1.1611,0.00259072,-1.1611,False,consistent,down
348487,FAM131C,1,1,1,soleus,OSD-104,Mus musculus,0,1,-3.4394,0.00891361,-3.4394,False,consistent,down
3486,IGFBP3,1,1,1,quadriceps femoris,OSD-666,Mus musculus,1,0,1.0901,6.74125e-07,1.0901,False,consistent,up
348932,SLC6A18,1,1,1,soleus,OSD-770,Mus musculus,0,1,-2.3966,6.36026e-13,-2.3966,False,consistent,down
348980,HCN1,1,1,1,soleus,OSD-770,Mus musculus,1,0,1.4362,0.000253859,1.4362,False,consistent,up
349136,WDR86,1,1,1,soleus,OSD-770,Mus musculus,1,0,2.142,0.00493036,2.142,False,consistent,up
349667,RTN4RL2,1,1,1,soleus,OSD-104,Mus musculus,1,0,1.0228,0.0165506,1.0228,False,consistent,up
350,APOH,1,1,1,soleus,OSD-770,Mus musculus,1,0,1.2297,0.00336032,1.2297,False,consistent,up
353267,RAMACL,1,1,1,soleus,OSD-104,Mus musculus,1,0,1.1552,0.00385152,1.1552,False,consistent,up
353322,ANKRD37,1,1,1,soleus,OSD-770,Mus musculus,0,1,-1.6427,4.22446e-06,-1.6427,False,consistent,down
353355,ZNF233,1,1,1,soleus,OSD-770,Mus musculus,1,0,1.6238,0.00612253,1.6238,False,consistent,up
3557,IL1RN,1,1,1,soleus,OSD-104,Mus musculus,1,0,3.1649,0.0413558,3.1649,False,consistent,up
3561,IL2RG,1,1,1,extensor digitorum longus,OSD-99,Mus musculus,1,0,1.0231,0.00306798,1.0231,False,consistent,up
3581,IL9R,1,1,1,soleus,OSD-770,Mus musculus,1,0,1.728,0.0388485,1.728,False,consistent,up
359948,IRF2BP2,1,1,1,tibialis anterior,OSD-576,Mus musculus,0,1,-1.0131,0.000298087,-1.0131,False,consistent,down
360,AQP3,1,1,1,soleus,OSD-104,Mus musculus,1,0,3.9628,0.0105917,3.9628,False,consistent,up
3600,IL15,1,1,1,soleus,OSD-770,Mus musculus,0,1,-1.2896,6.74803e-07,-1.2896,False,consistent,down
3601,IL15RA,1,1,1,soleus,OSD-770,Mus musculus,0,1,-1.148,4.62225e-12,-1.148,False,consistent,down
3640,INSL3,1,1,1,soleus,OSD-770,Mus musculus,0,1,-1.5986,0.0143279,-1.5986,False,consistent,down
3645,INSRR,1,1,1,soleus,OSD-770,Mus musculus,1,0,2.5133,0.0441571,2.5133,False,consistent,up
3673,ITGA2,1,1,1,extensor digitorum longus,OSD-99,Mus musculus,1,0,1.2836,8.89609e-05,1.2836,False,consistent,up
3678,ITGA5,1,1,1,soleus,OSD-770,Mus musculus,1,0,1.1746,0.0032351,1.1746,False,consistent,up
368,ABCC6,1,1,1,soleus,OSD-104,Mus musculus,1,0,2.0091,0.030482,2.0091,False,consistent,up
3687,ITGAX,1,1,1,extensor digitorum longus,OSD-99,Mus musculus,1,0,1.1551,0.00396165,1.1551,False,consistent,up
3698,ITIH2,1,1,1,soleus,OSD-770,Mus musculus,1,0,1.3457,1.65182e-10,1.3457,False,consistent,up
3699,ITIH3,1,1,1,extensor digitorum longus,OSD-665,Mus musculus,1,0,1.9149,0.00277468,1.9149,False,consistent,up
3700,ITIH4,1,1,1,soleus,OSD-770,Mus musculus,1,0,2.7917,0.00010568,2.7917,False,consistent,up
3725,JUN,1,1,1,soleus,OSD-770,Mus musculus,1,0,1.5389,8.16144e-22,1.5389,False,consistent,up
3736,KCNA1,1,1,1,soleus,OSD-770,Mus musculus,1,0,1.2059,4.21677e-08,1.2059,False,consistent,up
374,AREG,1,1,1,soleus,OSD-770,Mus musculus,1,0,2.575,0.0264669,2.575,False,consistent,up
374378,GALNT18,1,1,1,bone marrow,OSD-690,Mus musculus,0,1,-1.3802,0.0468055,-1.3802,False,consistent,down
3744,KCNA10,1,1,1,quadriceps femoris,OSD-666,Mus musculus,0,1,-2.4619,0.0256142,-2.4619,False,consistent,down
374470,C12orf42,1,1,1,extensor digitorum longus,OSD-99,Mus musculus,0,1,-1.24,3.07465e-06,-1.24,False,consistent,down
374654,KIF7,1,1,1,gastrocnemius,OSD-422,Rattus norvegicus,1,0,6.4711,0.0148387,6.4711,False,consistent,up
374786,EFCAB5,1,1,1,soleus,OSD-104,Mus musculus,1,0,1.29,0.00156729,1.29,False,consistent,up
3748,KCNC3,1,1,1,soleus,OSD-770,Mus musculus,1,0,1.3473,0.0181825,1.3473,False,consistent,up
374819,LRRC37A3,1,1,1,soleus,OSD-770,Mus musculus,1,0,2.3042,0.0202792,2.3042,False,consistent,up
374882,TMEM205,1,1,1,soleus,OSD-770,Mus musculus,0,1,-1.0751,1.64632e-05,-1.0751,False,consistent,down
374887,YJEFN3,1,1,1,quadriceps femoris,OSD-666,Mus musculus,0,1,-1.0721,0.032077,-1.0721,False,consistent,down
374977,MROH7,1,1,1,soleus,OSD-770,Mus musculus,0,1,-1.9297,0.00660646,-1.9297,False,consistent,down
3750,KCND1,1,1,1,bone marrow,OSD-690,Mus musculus,0,1,-1.0008,0.000574773,-1.0008,False,consistent,down
375189,PFN4,1,1,1,soleus,OSD-770,Mus musculus,0,1,-1.9023,4.69593e-16,-1.9023,False,consistent,down
375190,FAM228B,1,1,1,bone marrow,OSD-690,Mus musculus,0,1,-1.527,0.0414253,-1.527,False,consistent,down
375298,CERKL,1,1,1,extensor digitorum longus,OSD-99,Mus musculus,1,0,1.6812,0.00354652,1.6812,False,consistent,up
375346,STIMATE,1,1,1,soleus,OSD-770,Mus musculus,1,0,2.1447,4.05898e-07,2.1447,False,consistent,up
3755,KCNG1,1,1,1,bone marrow,OSD-690,Mus musculus,0,1,-1.4177,0.0116806,-1.4177,False,consistent,down
375567,VWC2,1,1,1,soleus,OSD-770,Mus musculus,1,0,1.9521,0.0441764,1.9521,False,consistent,up
3759,KCNJ2,1,1,1,tibialis anterior,OSD-576,Mus musculus,1,0,1.0359,0.0294673,1.0359,False,consistent,up
376267,RAB15,1,1,1,soleus,OSD-104,Mus musculus,0,1,-1.0243,2.25069e-08,-1.0243,False,consistent,down
3763,KCNJ6,1,1,1,soleus,OSD-770,Mus musculus,1,0,1.8888,0.0248253,1.8888,False,consistent,up
3765,KCNJ9,1,1,1,bone marrow,OSD-690,Mus musculus,0,1,-2.214,0.00247135,-2.214,False,consistent,down
3766,KCNJ10,1,1,1,soleus,OSD-104,Mus musculus,1,0,1.3331,0.00984537,1.3331,False,consistent,up
3769,KCNJ13,1,1,1,soleus,OSD-770,Mus musculus,1,0,1.1364,0.0239901,1.1364,False,consistent,up
3770,KCNJ14,1,1,1,soleus,OSD-104,Mus musculus,0,1,-2.8627,0.000297543,-2.8627,False,consistent,down
377007,KLHL30,1,1,1,soleus,OSD-770,Mus musculus,1,0,1.5984,1.54351e-07,1.5984,False,consistent,up
3775,KCNK1,1,1,1,tibialis anterior,OSD-576,Mus musculus,1,0,1.1981,0.00143532,1.1981,False,consistent,up
3779,KCNMB1,1,1,1,tibialis anterior,OSD-576,Mus musculus,0,1,-1.1113,0.0448295,-1.1113,False,consistent,down
3785,KCNQ2,1,1,1,soleus,OSD-770,Mus musculus,1,0,1.7241,0.010055,1.7241,False,consistent,up
378708,CENPS,1,1,1,extensor digitorum longus,OSD-665,Mus musculus,0,1,-1.4756,0.0366909,-1.4756,False,consistent,down
3792,KEL,1,1,1,bone marrow,OSD-690,Mus musculus,0,1,-1.1118,1.34507e-08,-1.1118,False,consistent,down
3800,KIF5C,1,1,1,bone marrow,OSD-690,Mus musculus,0,1,-2.0011,0.0182979,-2.0011,False,consistent,down
3821,KLRC1,1,1,1,soleus,OSD-770,Mus musculus,1,0,2.0674,0.00278098,2.0674,False,consistent,up
3822,KLRC2,1,1,1,soleus,OSD-770,Mus musculus,1,0,2.0674,0.00278098,2.0674,False,consistent,up
383,ARG1,1,1,1,soleus,OSD-104,Mus musculus,1,0,2.5865,0.0106118,2.5865,False,consistent,up
3832,KIF11,1,1,1,extensor digitorum longus,OSD-99,Mus musculus,1,0,1.4204,1.10594e-05,1.4204,False,consistent,up
384,ARG2,1,1,1,tibialis anterior,OSD-576,Mus musculus,0,1,-3.1099,0.0151849,-3.1099,False,consistent,down
3849,KRT2,1,1,1,soleus,OSD-770,Mus musculus,1,0,3.5561,0.0165953,3.5561,False,consistent,up
3852,KRT5,1,1,1,soleus,OSD-104,Mus musculus,1,0,7.4504,0.0109859,7.4504,False,consistent,up
3857,KRT9,1,1,1,soleus,OSD-770,Mus musculus,1,0,1.8121,0.0360209,1.8121,False,consistent,up
3861,KRT14,1,1,1,soleus,OSD-104,Mus musculus,1,0,8.2965,0.0262169,8.2965,False,consistent,up
386724,AMIGO3,1,1,1,soleus,OSD-770,Mus musculus,0,1,-2.0716,2.64616e-08,-2.0716,False,consistent,down
387066,SNHG5,1,1,1,soleus,OSD-770,Mus musculus,1,0,1.7593,9.90234e-11,1.7593,False,consistent,up
3872,KRT17,1,1,1,soleus,OSD-104,Mus musculus,1,0,21.866,1.41396e-11,21.866,False,consistent,up
387707,CC2D2B,1,1,1,bone marrow,OSD-690,Mus musculus,0,1,-1.3444,0.0402073,-1.3444,False,consistent,down
387856,CCDC184,1,1,1,soleus,OSD-770,Mus musculus,1,0,2.9451,0.0362145,2.9451,False,consistent,up
3880,KRT19,1,1,1,soleus,OSD-770,Mus musculus,1,0,1.2164,0.00169212,1.2164,False,consistent,up
388015,RTL1,1,1,1,quadriceps femoris,OSD-666,Mus musculus,1,0,2.1851,0.0430764,2.1851,False,consistent,up
388125,C2CD4B,1,1,1,extensor digitorum longus,OSD-665,Mus musculus,0,1,-1.9386,0.0354106,-1.9386,False,consistent,down
388228,SBK1,1,1,1,bone marrow,OSD-690,Mus musculus,0,1,-1.2043,1.51703e-05,-1.2043,False,consistent,down
388389,CCDC103,1,1,1,bone marrow,OSD-690,Mus musculus,0,1,-1.3801,0.0356689,-1.3801,False,consistent,down
388394,RPRML,1,1,1,gastrocnemius,OSD-422,Rattus norvegicus,1,0,8.0096,0.000396362,8.0096,False,consistent,up
388419,BTBD17,1,1,1,soleus,OSD-770,Mus musculus,1,0,2.8972,0.0194225,2.8972,False,consistent,up
388523,ZNF728,1,1,1,soleus,OSD-770,Mus musculus,1,0,2.3097,0.0254733,2.3097,False,consistent,up
388595,TMEM82,1,1,1,soleus,OSD-770,Mus musculus,0,1,-1.0518,0.0249446,-1.0518,False,consistent,down
3886,KRT35,1,1,1,soleus,OSD-104,Mus musculus,1,0,7.6454,0.0439383,7.6454,False,consistent,up
388610,TRNP1,1,1,1,bone marrow,OSD-690,Mus musculus,1,0,1.5013,0.0427784,1.5013,False,consistent,up
388611,CD164L2,1,1,1,tibialis anterior,OSD-576,Mus musculus,1,0,1.3998,0.00162598,1.3998,False,consistent,up
388646,GBP7,1,1,1,soleus,OSD-770,Mus musculus,0,1,-1.5239,3.14753e-05,-1.5239,False,consistent,down
388662,SLC6A17,1,1,1,tibialis anterior,OSD-576,Mus musculus,0,1,-1.2293,0.00209548,-1.2293,False,consistent,down
388761,OR14A2,1,1,1,soleus,OSD-770,Mus musculus,1,0,1.5828,0.0420557,1.5828,False,consistent,up
388886,LRRC75B,1,1,1,extensor digitorum longus,OSD-665,Mus musculus,0,1,-1.348,0.0236137,-1.348,False,consistent,down
3889,KRT83,1,1,1,bone marrow,OSD-690,Mus musculus,1,0,1.0132,0.010499,1.0132,False,consistent,up
388931,MFSD2B,1,1,1,soleus,OSD-770,Mus musculus,1,0,1.0023,5.6345e-05,1.0023,False,consistent,up
389125,MUSTN1,1,1,1,soleus,OSD-770,Mus musculus,1,0,2.6422,6.31196e-12,2.6422,False,consistent,up
389136,VGLL3,1,1,1,soleus,OSD-770,Mus musculus,1,0,1.004,0.00925277,1.004,False,consistent,up
389493,NUPR2,1,1,1,extensor digitorum longus,OSD-665,Mus musculus,1,0,1.825,0.0477021,1.825,False,consistent,up
3897,L1CAM,1,1,1,extensor digitorum longus,OSD-665,Mus musculus,0,1,-1.174,0.000164503,-1.174,False,consistent,down
389762,SPATA31D3,1,1,1,soleus,OSD-770,Mus musculus,1,0,2.5096,0.0461463,2.5096,False,consistent,up
389763,SPATA31D1,1,1,1,soleus,OSD-770,Mus musculus,1,0,2.5096,0.0461463,2.5096,False,consistent,up
3898,LAD1,1,1,1,soleus,OSD-770,Mus musculus,1,0,1.6061,0.00250638,1.6061,False,consistent,up
390061,OR51Q1,1,1,1,soleus,OSD-770,Mus musculus,1,0,2.1749,0.0135636,2.1749,False,consistent,up
390083,OR56A3,1,1,1,soleus,OSD-770,Mus musculus,1,0,2.5874,0.0250269,2.5874,False,consistent,up
390167,OR5M10,1,1,1,soleus,OSD-770,Mus musculus,1,0,2.4496,0.0373032,2.4496,False,consistent,up
390168,OR5M1,1,1,1,soleus,OSD-770,Mus musculus,1,0,2.4496,0.0373032,2.4496,False,consistent,up
390174,OR9G1,1,1,1,soleus,OSD-770,Mus musculus,1,0,2.7341,0.0115575,2.7341,True,consistent,up
3902,LAG3,1,1,1,bone marrow,OSD-690,Mus musculus,0,1,-1.2706,0.00216625,-1.2706,False,consistent,down
390205,LRRC10B,1,1,1,bone marrow,OSD-690,Mus musculus,0,1,-1.6894,0.0165957,-1.6894,False,consistent,down
390431,OR4K2,1,1,1,soleus,OSD-770,Mus musculus,1,0,3.1915,0.0127423,3.1915,False,consistent,up
390530,IGHV1OR21-1,1,1,1,bone marrow,OSD-690,Mus musculus,0,1,-1.398,0.00187294,-1.398,False,consistent,down
390594,KBTBD13,1,1,1,soleus,OSD-770,Mus musculus,0,1,-1.1508,2.57536e-05,-1.1508,False,consistent,down
390595,UBAP1L,1,1,1,soleus,OSD-770,Mus musculus,1,0,1.5188,0.000211935,1.5188,False,consistent,up
390882,OR7G2,1,1,1,soleus,OSD-770,Mus musculus,1,0,3.1275,0.0198325,3.1275,True,consistent,up
390883,OR7G3,1,1,1,soleus,OSD-770,Mus musculus,1,0,3.2624,0.0255965,3.2624,False,consistent,up
390892,OR7A10,1,1,1,soleus,OSD-770,Mus musculus,1,0,3.4051,0.0277757,3.4051,False,consistent,up
390999,PRAMEF12,1,1,1,soleus,OSD-770,Mus musculus,1,0,2.3686,0.0396457,2.3686,False,consistent,up
391002,PRAMEF8,1,1,1,soleus,OSD-770,Mus musculus,1,0,2.3686,0.0396457,2.3686,False,consistent,up
391004,PRAMEF17,1,1,1,soleus,OSD-770,Mus musculus,1,0,2.3686,0.0396457,2.3686,False,consistent,up
391723,HELT,1,1,1,quadriceps femoris,OSD-666,Mus musculus,0,1,-1.1993,0.000297036,-1.1993,False,consistent,down
392433,MAGEB6B,1,1,1,quadriceps femoris,OSD-666,Mus musculus,1,0,2.1122,0.028824,2.1122,False,consistent,up
3945,LDHB,1,1,1,soleus,OSD-770,Mus musculus,0,1,-1.1631,9.21849e-11,-1.1631,False,consistent,down
3949,LDLR,1,1,1,soleus,OSD-770,Mus musculus,1,0,1.3899,0.000863295,1.3899,False,consistent,up
3963,LGALS7|LGALS7B,1,1,1,soleus,OSD-104,Mus musculus,1,0,3.6478,0.0162071,3.6478,False,consistent,up
3983,ABLIM1,1,1,1,soleus,OSD-104,Mus musculus,0,1,-1.7569,1.1074e-65,-1.7569,False,consistent,down
3995,FADS3,1,1,1,quadriceps femoris,OSD-666,Mus musculus,1,0,1.2446,0.000940906,1.2446,False,consistent,up
399512,SLC25A35,1,1,1,bone marrow,OSD-690,Mus musculus,0,1,-1.1392,0.0237046,-1.1392,False,consistent,down
3996,LLGL1,1,1,1,bone marrow,OSD-690,Mus musculus,0,1,-1.0843,2.81152e-09,-1.0843,False,consistent,down
399687,MYO18A,1,1,1,soleus,OSD-770,Mus musculus,1,0,1.0333,0.000178574,1.0333,False,consistent,up
399694,SHC4,1,1,1,soleus,OSD-770,Mus musculus,1,0,1.3701,1.21565e-05,1.3701,False,consistent,up
399947,C11orf87,1,1,1,soleus,OSD-770,Mus musculus,0,1,-2.134,8.6396e-08,-2.134,False,consistent,down
4000,LMNA,1,1,1,bone marrow,OSD-690,Mus musculus,0,1,-1.1646,2.51633e-09,-1.1646,False,consistent,down
400120,SERTM1,1,1,1,soleus,OSD-770,Mus musculus,1,0,1.9015,0.0395191,1.9015,False,consistent,up
400713,ZNF880,1,1,1,soleus,OSD-770,Mus musculus,0,1,-1.0399,2.72941e-07,-1.0399,False,consistent,down
400745,SH2D5,1,1,1,quadriceps femoris,OSD-666,Mus musculus,0,1,-1.3334,0.0405681,-1.3334,False,consistent,down
400793,C1orf226,1,1,1,bone marrow,OSD-690,Mus musculus,0,1,-1.0323,1.30002e-05,-1.0323,False,consistent,down
400954,EML6,1,1,1,bone marrow,OSD-690,Mus musculus,0,1,-1.0915,0.00906017,-1.0915,False,consistent,down
401036,ASB18,1,1,1,soleus,OSD-770,Mus musculus,0,1,-1.6267,6.32323e-10,-1.6267,False,consistent,down
401236,STMND1,1,1,1,soleus,OSD-770,Mus musculus,0,1,-2.4051,1.5577e-06,-2.4051,False,consistent,down
401258,RAB44,1,1,1,extensor digitorum longus,OSD-665,Mus musculus,0,1,-1.7431,7.19137e-06,-1.7431,False,consistent,down
401647,GOLGA7B,1,1,1,quadriceps femoris,OSD-326,Mus musculus,1,0,1.3733,0.000311468,1.3733,False,consistent,up
401661,OR51C1P,1,1,1,soleus,OSD-770,Mus musculus,1,0,1.3225,0.00579441,1.3225,False,consistent,up
402682,UFSP1,1,1,1,bone marrow,OSD-690,Mus musculus,0,1,-1.0129,1.76068e-08,-1.0129,False,consistent,down
403273,OR5H14,1,1,1,soleus,OSD-770,Mus musculus,1,0,2.2016,0.0308021,2.2016,False,consistent,up
403274,OR5H15,1,1,1,soleus,OSD-770,Mus musculus,1,0,2.2016,0.0308021,2.2016,False,consistent,up
4036,LRP2,1,1,1,soleus,OSD-104,Mus musculus,1,0,2.5362,0.00667274,2.5362,False,consistent,up
404217,CTXN1,1,1,1,bone marrow,OSD-690,Mus musculus,0,1,-1.0402,0.0406338,-1.0402,False,consistent,down
404734,ANKHD1-EIF4EBP3,1,1,1,quadriceps femoris,OSD-326,Mus musculus,1,0,1.2467,0.0339502,1.2467,False,consistent,up
4057,LTF,1,1,1,soleus,OSD-770,Mus musculus,1,0,2.4054,0.012356,2.4054,False,consistent,up
4069,LYZ,1,1,1,extensor digitorum longus,OSD-99,Mus musculus,1,0,1.8798,2.86174e-10,1.8798,False,consistent,up
4088,SMAD3,1,1,1,soleus,OSD-104,Mus musculus,1,0,1.3275,4.0897e-46,1.3275,False,consistent,up
4117,MAK,1,1,1,soleus,OSD-770,Mus musculus,1,0,2.2321,0.0463154,2.2321,False,consistent,up
412,STS,1,1,1,bone marrow,OSD-690,Mus musculus,0,1,-1.4056,0.0135998,-1.4056,False,consistent,down
4131,MAP1B,1,1,1,bone marrow,OSD-690,Mus musculus,0,1,-1.7957,0.0015681,-1.7957,False,consistent,down
414157,C10orf62,1,1,1,soleus,OSD-770,Mus musculus,1,0,2.8417,1.08758e-14,2.8417,False,consistent,up
414328,IDNK,1,1,1,soleus,OSD-770,Mus musculus,0,1,-1.0162,4.05312e-07,-1.0162,False,consistent,down
4157,MC1R,1,1,1,soleus,OSD-770,Mus musculus,1,0,1.8717,0.0337082,1.8717,False,consistent,up
4158,MC2R,1,1,1,quadriceps femoris,OSD-666,Mus musculus,1,0,4.4351,2.79133e-06,4.4351,False,consistent,up
4161,MC5R,1,1,1,soleus,OSD-104,Mus musculus,1,0,1.6228,2.09304e-14,1.6228,False,consistent,up
419,ART3,1,1,1,soleus,OSD-770,Mus musculus,1,0,1.6711,1.59084e-25,1.6711,False,consistent,up
4256,MGP,1,1,1,bone marrow,OSD-690,Mus musculus,0,1,-1.1554,0.00269681,-1.1554,False,consistent,down
4288,MKI67,1,1,1,extensor digitorum longus,OSD-99,Mus musculus,1,0,1.7997,0.0254396,1.7997,False,consistent,up
4299,AFF1,1,1,1,soleus,OSD-770,Mus musculus,1,0,1.0299,2.04778e-08,1.0299,False,consistent,up
43,ACHE,1,1,1,bone marrow,OSD-690,Mus musculus,0,1,-1.0408,9.05203e-09,-1.0408,False,consistent,down
4300,MLLT3,1,1,1,gastrocnemius,OSD-422,Rattus norvegicus,0,1,-1.6233,0.00144641,-1.6233,False,consistent,down
4311,MME,1,1,1,soleus,OSD-770,Mus musculus,1,0,1.1218,4.55633e-11,1.1218,False,consistent,up
4313,MMP2,1,1,1,bone marrow,OSD-690,Mus musculus,0,1,-1.3782,0.043091,-1.3782,False,consistent,down
4318,MMP9,1,1,1,tibialis anterior,OSD-576,Mus musculus,1,0,1.9342,0.0334944,1.9342,False,consistent,up
4320,MMP11,1,1,1,bone marrow,OSD-690,Mus musculus,0,1,-1.0674,0.0213825,-1.0674,False,consistent,down
4321,MMP12,1,1,1,extensor digitorum longus,OSD-99,Mus musculus,1,0,3.0377,0.000111235,3.0377,False,consistent,up
4323,MMP14,1,1,1,soleus,OSD-770,Mus musculus,1,0,1.0869,0.0106792,1.0869,False,consistent,up
4337,MOCS1,1,1,1,tibialis anterior,OSD-576,Mus musculus,1,0,1.012,3.12141e-11,1.012,False,consistent,up
4360,MRC1,1,1,1,gastrocnemius,OSD-422,Rattus norvegicus,1,0,1.0987,0.0476842,1.0987,False,consistent,up
440087,SMCO3,1,1,1,soleus,OSD-770,Mus musculus,1,0,1.0156,0.0337017,1.0156,False,consistent,up
440556,PRDM16-DT,1,1,1,soleus,OSD-770,Mus musculus,1,0,1.0977,0.0175099,1.0977,False,consistent,up
440561,PRAMEF6,1,1,1,soleus,OSD-770,Mus musculus,1,0,2.3686,0.0396457,2.3686,False,consistent,up
440672,NUDT4B,1,1,1,soleus,OSD-770,Mus musculus,1,0,1.0347,1.41619e-07,1.0347,False,consistent,up
440686,H3-7,1,1,1,extensor digitorum longus,OSD-99,Mus musculus,1,0,2.2677,6.00195e-05,2.2677,False,consistent,up
441027,TMEM150C,1,1,1,tibialis anterior,OSD-576,Mus musculus,1,0,1.1889,0.0423555,1.1889,False,consistent,up
441054,C4orf47,1,1,1,soleus,OSD-770,Mus musculus,0,1,-1.0978,6.29374e-11,-1.0978,False,consistent,down
441151,TMEM151B,1,1,1,soleus,OSD-770,Mus musculus,1,0,2.3948,0.0289133,2.3948,False,consistent,up
441234,ZNF716,1,1,1,soleus,OSD-770,Mus musculus,1,0,2.3097,0.0254733,2.3097,False,consistent,up
441376,AARD,1,1,1,quadriceps femoris,OSD-666,Mus musculus,1,0,1.8299,0.0412175,1.8299,False,consistent,up
441531,PGAM4,1,1,1,soleus,OSD-770,Mus musculus,0,1,-1.15,0.000252173,-1.15,False,consistent,down
441608,OR5B3,1,1,1,soleus,OSD-770,Mus musculus,1,0,1.744,0.0436066,1.744,False,consistent,up
441873,PRAMEF25|PRAMEF26,1,1,1,soleus,OSD-770,Mus musculus,1,0,2.3686,0.0396457,2.3686,False,consistent,up
442179,OR1F12P,1,1,1,soleus,OSD-770,Mus musculus,1,0,2.7018,0.0266971,2.7018,False,consistent,up
442213,PTCHD4,1,1,1,soleus,OSD-104,Mus musculus,1,0,2.1582,0.0213514,2.1582,False,consistent,up
443,ASPA,1,1,1,gastrocnemius,OSD-422,Rattus norvegicus,1,0,3.2194,0.0235613,3.2194,False,consistent,up
4435,CITED1,1,1,1,soleus,OSD-104,Mus musculus,0,1,-2.4009,3.85694e-07,-2.4009,False,consistent,down
4438,MSH4,1,1,1,bone marrow,OSD-690,Mus musculus,0,1,-1.2147,0.0352391,-1.2147,False,consistent,down
444,ASPH,1,1,1,soleus,OSD-770,Mus musculus,1,0,1.1649,4.31106e-19,1.1649,False,consistent,up
445815,PALM2AKAP2,1,1,1,quadriceps femoris,OSD-666,Mus musculus,0,1,-1.2462,8.09637e-06,-1.2462,False,consistent,down
4488,MSX2,1,1,1,soleus,OSD-104,Mus musculus,1,0,4.6886,0.00517902,4.6886,False,consistent,up
4508,ATP6,1,1,1,bone marrow,OSD-690,Mus musculus,1,0,1.5891,8.29164e-16,1.5891,False,consistent,up
4514,COX3,1,1,1,bone marrow,OSD-690,Mus musculus,1,0,1.0721,2.2549e-07,1.0721,False,consistent,up
4519,CYTB,1,1,1,soleus,OSD-770,Mus musculus,1,0,1.0167,0.000829409,1.0167,False,consistent,up
4535,ND1,1,1,1,bone marrow,OSD-690,Mus musculus,1,0,1.0677,1.31087e-07,1.0677,False,consistent,up
4537,ND3,1,1,1,bone marrow,OSD-690,Mus musculus,1,0,1.0505,9.38201e-08,1.0505,False,consistent,up
4582,MUC1,1,1,1,soleus,OSD-770,Mus musculus,0,1,-1.3432,0.00188111,-1.3432,False,consistent,down
4599,MX1,1,1,1,soleus,OSD-770,Mus musculus,0,1,-1.0323,0.0402708,-1.0323,False,consistent,down
4600,MX2,1,1,1,soleus,OSD-770,Mus musculus,0,1,-1.0323,0.0402708,-1.0323,False,consistent,down
4606,MYBPC2,1,1,1,soleus,OSD-770,Mus musculus,1,0,2.097,3.63082e-06,2.097,False,consistent,up
4616,GADD45B,1,1,1,soleus,OSD-770,Mus musculus,1,0,1.2667,0.00019636,1.2667,False,consistent,up
4620,MYH2,1,1,1,quadriceps femoris,OSD-326,Mus musculus,0,1,-1.4783,0.000286084,-1.4783,False,consistent,down
4622,MYH4,1,1,1,soleus,OSD-770,Mus musculus,1,0,3.0789,0.000923158,3.0789,False,consistent,up
4628,MYH10,1,1,1,soleus,OSD-770,Mus musculus,1,0,1.7407,1.44517e-24,1.7407,False,consistent,up
4632,MYL1,1,1,1,soleus,OSD-770,Mus musculus,1,0,1.3165,3.94166e-15,1.3165,False,consistent,up
4651,MYO10,1,1,1,bone marrow,OSD-690,Mus musculus,0,1,-1.0057,0.0252392,-1.0057,False,consistent,down
4741,NEFM,1,1,1,soleus,OSD-770,Mus musculus,1,0,1.5046,0.0426063,1.5046,False,consistent,up
474170,LRRC37A2,1,1,1,soleus,OSD-770,Mus musculus,1,0,2.3042,0.0202792,2.3042,False,consistent,up
4744,NEFH,1,1,1,soleus,OSD-770,Mus musculus,1,0,1.8331,0.0379208,1.8331,False,consistent,up
476,ATP1A1,1,1,1,soleus,OSD-104,Mus musculus,0,1,-1.1602,9.04042e-40,-1.1602,False,consistent,down
4776,NFATC4,1,1,1,bone marrow,OSD-690,Mus musculus,0,1,-1.3291,0.048671,-1.3291,False,consistent,down
4782,NFIC,1,1,1,bone marrow,OSD-690,Mus musculus,0,1,-1.5033,1.8543e-06,-1.5033,False,consistent,down
4791,NFKB2,1,1,1,soleus,OSD-770,Mus musculus,0,1,-1.0738,0.000863823,-1.0738,False,consistent,down
4792,NFKBIA,1,1,1,gastrocnemius,OSD-422,Rattus norvegicus,1,0,1.3208,0.000110434,1.3208,False,consistent,up
480,ATP1A4,1,1,1,soleus,OSD-770,Mus musculus,1,0,2.5252,0.0293364,2.5252,False,consistent,up
4854,NOTCH3,1,1,1,bone marrow,OSD-690,Mus musculus,0,1,-1.1077,0.0020424,-1.1077,False,consistent,down
488,ATP2A2,1,1,1,quadriceps femoris,OSD-326,Mus musculus,0,1,-1.5332,0.000103373,-1.5332,False,consistent,down
4883,NPR3,1,1,1,quadriceps femoris,OSD-666,Mus musculus,1,0,1.3495,0.000575464,1.3495,False,consistent,up
4886,NPY1R,1,1,1,soleus,OSD-770,Mus musculus,1,0,1.007,3.94745e-05,1.007,False,consistent,up
49,ACR,1,1,1,soleus,OSD-770,Mus musculus,1,0,1.3065,0.0280141,1.3065,False,consistent,up
4922,NTS,1,1,1,extensor digitorum longus,OSD-665,Mus musculus,0,1,-1.0889,0.0490518,-1.0889,False,consistent,down
493869,GPX8,1,1,1,soleus,OSD-104,Mus musculus,0,1,-1.0768,1.27765e-36,-1.0768,False,consistent,down
494188,FBXO47,1,1,1,soleus,OSD-770,Mus musculus,0,1,-1.1833,0.0107726,-1.1833,False,consistent,down
494470,RNF165,1,1,1,soleus,OSD-770,Mus musculus,1,0,1.0922,0.0382441,1.0922,False,consistent,up
4975,OMP,1,1,1,bone marrow,OSD-690,Mus musculus,0,1,-1.1525,7.65061e-05,-1.1525,False,consistent,down
4988,OPRM1,1,1,1,soleus,OSD-770,Mus musculus,1,0,3.1329,0.045279,3.1329,False,consistent,up
5016,OVGP1,1,1,1,soleus,OSD-770,Mus musculus,1,0,1.4299,1.66389e-06,1.4299,False,consistent,up
5017,OVOL1,1,1,1,soleus,OSD-104,Mus musculus,1,0,2.7302,0.0218855,2.7302,False,consistent,up
5028,P2RY1,1,1,1,soleus,OSD-770,Mus musculus,0,1,-1.5605,1.31136e-09,-1.5605,False,consistent,down
50484,RRM2B,1,1,1,gastrocnemius,OSD-419,Mus musculus,0,1,-1.963,0.0144777,-1.963,False,consistent,down
50509,COL5A3,1,1,1,bone marrow,OSD-690,Mus musculus,0,1,-1.0463,0.000178391,-1.0463,False,consistent,down
5051,PAFAH2,1,1,1,soleus,OSD-770,Mus musculus,0,1,-1.0794,4.6151e-05,-1.0794,False,consistent,down
50511,SYCP3,1,1,1,quadriceps femoris,OSD-666,Mus musculus,1,0,2.5149,0.0121105,2.5149,False,consistent,up
5053,PAH,1,1,1,soleus,OSD-104,Mus musculus,1,0,2.8544,0.00171974,2.8544,False,consistent,up
50619,DEF6,1,1,1,soleus,OSD-770,Mus musculus,0,1,-1.393,0.0112205,-1.393,False,consistent,down
50624,CUZD1,1,1,1,soleus,OSD-104,Mus musculus,0,1,-1.2165,2.45666e-07,-1.2165,False,consistent,down
50632,CALY,1,1,1,soleus,OSD-770,Mus musculus,1,0,2.2348,0.00167589,2.2348,False,consistent,up
5069,PAPPA,1,1,1,soleus,OSD-770,Mus musculus,1,0,1.0446,3.517e-06,1.0446,False,consistent,up
50846,DHH,1,1,1,tibialis anterior,OSD-576,Mus musculus,0,1,-1.0289,0.0470364,-1.0289,False,consistent,down
50861,STMN3,1,1,1,quadriceps femoris,OSD-666,Mus musculus,0,1,-1.6962,0.048519,-1.6962,False,consistent,down
5092,PCBD1,1,1,1,soleus,OSD-770,Mus musculus,0,1,-2.1161,0.00131889,-2.1161,False,consistent,down
50999,TMED5,1,1,1,soleus,OSD-770,Mus musculus,1,0,1.3391,4.32013e-14,1.3391,False,consistent,up
51046,ST8SIA3,1,1,1,soleus,OSD-770,Mus musculus,1,0,2.0602,0.0124033,2.0602,False,consistent,up
51050,PI15,1,1,1,quadriceps femoris,OSD-103,Mus musculus,1,0,1.1571,0.00336497,1.1571,False,consistent,up
51053,GMNN,1,1,1,soleus,OSD-770,Mus musculus,0,1,-1.5775,1.37168e-11,-1.5775,False,consistent,down
51059,FAM135B,1,1,1,quadriceps femoris,OSD-666,Mus musculus,1,0,3.0831,0.000467528,3.0831,False,consistent,up
51062,ATL1,1,1,1,bone marrow,OSD-690,Mus musculus,0,1,-1.1803,0.000167569,-1.1803,False,consistent,down
51075,TMX2,1,1,1,soleus,OSD-770,Mus musculus,0,1,-1.0145,5.2629e-08,-1.0145,False,consistent,down
51128,SAR1B,1,1,1,soleus,OSD-770,Mus musculus,1,0,1.0059,3.03623e-09,1.0059,False,consistent,up
51129,ANGPTL4,1,1,1,extensor digitorum longus,OSD-99,Mus musculus,0,1,-1.5295,0.0373349,-1.5295,False,consistent,down
51179,HAO2,1,1,1,soleus,OSD-104,Mus musculus,1,0,1.9083,0.0235454,1.9083,False,consistent,up
51195,RAPGEFL1,1,1,1,bone marrow,OSD-690,Mus musculus,0,1,-1.1147,0.000414428,-1.1147,False,consistent,down
5121,PCP4,1,1,1,soleus,OSD-770,Mus musculus,1,0,1.2867,7.16813e-05,1.2867,False,consistent,up
51214,IGF2-AS,1,1,1,soleus,OSD-770,Mus musculus,1,0,1.5821,0.0194412,1.5821,False,consistent,up
51232,CRIM1,1,1,1,soleus,OSD-770,Mus musculus,0,1,-1.1701,2.12306e-08,-1.1701,False,consistent,down
51259,TMEM216,1,1,1,soleus,OSD-770,Mus musculus,0,1,-1.4085,1.314e-10,-1.4085,False,consistent,down
51268,PIPOX,1,1,1,bone marrow,OSD-690,Mus musculus,0,1,-1.7006,0.0302288,-1.7006,False,consistent,down
51278,IER5,1,1,1,soleus,OSD-770,Mus musculus,1,0,1.95,1.39165e-13,1.95,False,consistent,up
51303,FKBP11,1,1,1,extensor digitorum longus,OSD-99,Mus musculus,1,0,1.1783,0.0351823,1.1783,False,consistent,up
51305,KCNK9,1,1,1,soleus,OSD-770,Mus musculus,1,0,1.6605,0.00997837,1.6605,False,consistent,up
51308,REEP2,1,1,1,quadriceps femoris,OSD-666,Mus musculus,0,1,-1.0123,0.0329747,-1.0123,False,consistent,down
5132,PDC,1,1,1,soleus,OSD-770,Mus musculus,1,0,2.6153,0.00135228,2.6153,False,consistent,up
51351,ZNF117|ERV3-1-ZNF117,1,1,1,soleus,OSD-770,Mus musculus,1,0,2.3097,0.0254733,2.3097,False,consistent,up
51364,ZMYND10,1,1,1,extensor digitorum longus,OSD-665,Mus musculus,0,1,-1.4915,0.034841,-1.4915,False,consistent,down
51378,ANGPT4,1,1,1,bone marrow,OSD-690,Mus musculus,0,1,-1.7315,0.00388059,-1.7315,False,consistent,down
5138,PDE2A,1,1,1,extensor digitorum longus,OSD-99,Mus musculus,0,1,-23.2866,3.1488e-12,-23.2866,False,consistent,down
5140,PDE3B,1,1,1,quadriceps femoris,OSD-666,Mus musculus,1,0,1.2912,0.0254734,1.2912,False,consistent,up
51400,PPME1,1,1,1,soleus,OSD-770,Mus musculus,1,0,1.0118,1.26311e-05,1.0118,False,consistent,up
5141,PDE4A,1,1,1,soleus,OSD-770,Mus musculus,0,1,-1.3237,9.61222e-05,-1.3237,False,consistent,down
51411,BIN2,1,1,1,extensor digitorum longus,OSD-665,Mus musculus,0,1,-1.1949,0.0472211,-1.1949,False,consistent,down
51422,PRKAG2,1,1,1,tibialis anterior,OSD-576,Mus musculus,0,1,-1.0794,0.000317627,-1.0794,False,consistent,down
51440,HPCAL4,1,1,1,soleus,OSD-104,Mus musculus,1,0,2.6343,0.0205558,2.6343,False,consistent,up
51471,NAT8B,1,1,1,soleus,OSD-770,Mus musculus,1,0,2.9757,0.047905,2.9757,False,consistent,up
51514,DTL,1,1,1,extensor digitorum longus,OSD-99,Mus musculus,1,0,1.1951,0.00229281,1.1951,False,consistent,up
51554,ACKR4,1,1,1,soleus,OSD-770,Mus musculus,0,1,-1.2343,0.00125821,-1.2343,False,consistent,down
51560,RAB6B,1,1,1,bone marrow,OSD-690,Mus musculus,0,1,-3.0299,3.22404e-07,-3.0299,False,consistent,down
51582,AZIN1,1,1,1,soleus,OSD-770,Mus musculus,1,0,1.76,3.59961e-13,1.76,False,consistent,up
51700,CYB5R2,1,1,1,soleus,OSD-770,Mus musculus,0,1,-1.3948,0.0232202,-1.3948,False,consistent,down
51716,CES1P1|LOC107987423,1,1,1,soleus,OSD-104,Mus musculus,1,0,3.7993,0.0129346,3.7993,False,consistent,up
5173,PDYN,1,1,1,soleus,OSD-770,Mus musculus,1,0,4.0335,0.0219075,4.0335,False,consistent,up
51733,UPB1,1,1,1,soleus,OSD-104,Mus musculus,1,0,2.4255,0.00125997,2.4255,False,consistent,up
51764,GNG13,1,1,1,soleus,OSD-770,Mus musculus,0,1,-2.6334,0.0370291,-2.6334,False,consistent,down
51778,MYOZ2,1,1,1,quadriceps femoris,OSD-326,Mus musculus,0,1,-2.2778,1.18654e-05,-2.2778,False,consistent,down
5208,PFKFB2,1,1,1,soleus,OSD-770,Mus musculus,0,1,-1.6317,8.00869e-21,-1.6317,False,consistent,down
5211,PFKL,1,1,1,soleus,OSD-770,Mus musculus,0,1,-1.126,4.76243e-05,-1.126,False,consistent,down
5223,PGAM1,1,1,1,soleus,OSD-770,Mus musculus,0,1,-1.15,0.000252173,-1.15,False,consistent,down
5241,PGR,1,1,1,soleus,OSD-770,Mus musculus,1,0,1.8914,0.02675,1.8914,False,consistent,up
5260,PHKG1,1,1,1,soleus,OSD-104,Mus musculus,1,0,1.0536,2.6783e-29,1.0536,False,consistent,up
5269,SERPINB6,1,1,1,soleus,OSD-770,Mus musculus,1,0,1.1028,3.26671e-17,1.1028,False,consistent,up
5271,SERPINB8,1,1,1,extensor digitorum longus,OSD-99,Mus musculus,1,0,1.2686,5.76111e-05,1.2686,False,consistent,up
5284,PIGR,1,1,1,soleus,OSD-104,Mus musculus,1,0,2.768,0.0368459,2.768,False,consistent,up
5293,PIK3CD,1,1,1,quadriceps femoris,OSD-666,Mus musculus,0,1,-1.0223,3.06645e-07,-1.0223,False,consistent,down
5304,PIP,1,1,1,soleus,OSD-770,Mus musculus,1,0,3.0163,0.0338013,3.0163,False,consistent,up
5318,PKP2,1,1,1,soleus,OSD-104,Mus musculus,0,1,-1.1681,6.12929e-18,-1.1681,False,consistent,down
5325,PLAGL1,1,1,1,soleus,OSD-770,Mus musculus,1,0,1.4584,0.0173047,1.4584,False,consistent,up
5328,PLAU,1,1,1,soleus,OSD-770,Mus musculus,1,0,1.1749,5.50366e-22,1.1749,False,consistent,up
53342,IL17D,1,1,1,soleus,OSD-104,Mus musculus,0,1,-1.2182,2.59357e-12,-1.2182,False,consistent,down
53349,ZFYVE1,1,1,1,extensor digitorum longus,OSD-665,Mus musculus,1,0,1.0042,7.52482e-23,1.0042,False,consistent,up
5355,PLP2,1,1,1,soleus,OSD-104,Mus musculus,0,1,-3.0111,0.0124344,-3.0111,False,consistent,down
53826,FXYD6,1,1,1,soleus,OSD-770,Mus musculus,0,1,-1.0658,5.3282e-09,-1.0658,False,consistent,down
53827,FXYD5,1,1,1,extensor digitorum longus,OSD-665,Mus musculus,0,1,-1.0233,8.78333e-08,-1.0233,False,consistent,down
53831,GPR84,1,1,1,soleus,OSD-770,Mus musculus,1,0,2.4744,0.0438497,2.4744,False,consistent,up
53841,CDHR5,1,1,1,soleus,OSD-770,Mus musculus,0,1,-2.0518,0.0100884,-2.0518,False,consistent,down
53842,CLDN22,1,1,1,soleus,OSD-770,Mus musculus,1,0,1.6996,0.00135023,1.6996,False,consistent,up
53904,MYO3A,1,1,1,soleus,OSD-770,Mus musculus,1,0,1.723,0.0313367,1.723,False,consistent,up
53919,SLCO1C1,1,1,1,tibialis anterior,OSD-576,Mus musculus,0,1,-1.6658,0.0118379,-1.6658,False,consistent,down
54,ACP5,1,1,1,tibialis anterior,OSD-576,Mus musculus,1,0,1.4741,0.0339382,1.4741,False,consistent,up
54101,RIPK4,1,1,1,soleus,OSD-770,Mus musculus,1,0,1.8401,0.0153431,1.8401,False,consistent,up
54106,TLR9,1,1,1,bone marrow,OSD-690,Mus musculus,0,1,-1.1888,0.000623098,-1.1888,False,consistent,down
5420,PODXL,1,1,1,tibialis anterior,OSD-576,Mus musculus,0,1,-1.1957,9.11566e-06,-1.1957,False,consistent,down
54206,ERRFI1,1,1,1,gastrocnemius,OSD-422,Rattus norvegicus,1,0,3.3773,2.82839e-14,3.3773,False,consistent,up
54210,TREM1,1,1,1,quadriceps femoris,OSD-666,Mus musculus,0,1,-2.304,0.0251551,-2.304,False,consistent,down
54221,SNTG2,1,1,1,quadriceps femoris,OSD-666,Mus musculus,0,1,-1.2806,0.00374378,-1.2806,False,consistent,down
5426,POLE,1,1,1,quadriceps femoris,OSD-666,Mus musculus,1,0,1.0897,3.00064e-10,1.0897,False,consistent,up
54332,GDAP1,1,1,1,soleus,OSD-770,Mus musculus,1,0,1.0322,0.00560373,1.0322,False,consistent,up
54344,DPM3,1,1,1,quadriceps femoris,OSD-666,Mus musculus,0,1,-1.3941,0.0013536,-1.3941,False,consistent,down
54345,SOX18,1,1,1,bone marrow,OSD-690,Mus musculus,0,1,-1.318,0.00809173,-1.318,False,consistent,down
54360,CYTL1,1,1,1,quadriceps femoris,OSD-103,Mus musculus,1,0,1.0664,0.00416835,1.0664,False,consistent,up
54407,SLC38A2,1,1,1,soleus,OSD-770,Mus musculus,1,0,1.202,7.30163e-05,1.202,False,consistent,up
5444,PON1,1,1,1,soleus,OSD-770,Mus musculus,1,0,1.3624,0.00501352,1.3624,False,consistent,up
54443,ANLN,1,1,1,soleus,OSD-770,Mus musculus,1,0,1.4966,0.034915,1.4966,False,consistent,up
54475,NLE1,1,1,1,quadriceps femoris,OSD-666,Mus musculus,0,1,-1.7915,9.38146e-05,-1.7915,False,consistent,down
54480,CHPF2,1,1,1,tibialis anterior,OSD-576,Mus musculus,1,0,1.0631,1.20154e-06,1.0631,False,consistent,up
54511,HMGCLL1,1,1,1,bone marrow,OSD-690,Mus musculus,0,1,-1.0336,0.00399295,-1.0336,False,consistent,down
54532,USP53,1,1,1,soleus,OSD-770,Mus musculus,1,0,1.0598,1.83256e-08,1.0598,False,consistent,up
54538,ROBO4,1,1,1,bone marrow,OSD-690,Mus musculus,0,1,-1.1652,0.0409692,-1.1652,False,consistent,down
5455,POU3F3,1,1,1,soleus,OSD-770,Mus musculus,1,0,2.3946,0.0388313,2.3946,False,consistent,up
54554,WDR5B,1,1,1,soleus,OSD-770,Mus musculus,1,0,1.1093,2.46659e-08,1.1093,False,consistent,up
54578,UGT1A6,1,1,1,quadriceps femoris,OSD-666,Mus musculus,1,0,1.9134,0.00753749,1.9134,True,consistent,up
54596,L1TD1,1,1,1,soleus,OSD-770,Mus musculus,1,0,2.4773,0.0046461,2.4773,False,consistent,up
54658,UGT1A1,1,1,1,soleus,OSD-104,Mus musculus,1,0,2.1997,0.0274857,2.1997,False,consistent,up
5468,PPARG,1,1,1,quadriceps femoris,OSD-666,Mus musculus,1,0,1.1599,0.00670387,1.1599,False,consistent,up
547,KIF1A,1,1,1,bone marrow,OSD-690,Mus musculus,0,1,-1.3464,0.0268236,-1.3464,False,consistent,down
54718,BTN2A3P,1,1,1,soleus,OSD-104,Mus musculus,0,1,-2.1497,2.02894e-05,-2.1497,False,consistent,down
54757,FAM20A,1,1,1,bone marrow,OSD-690,Mus musculus,0,1,-2.014,0.00541153,-2.014,False,consistent,down
54768,HYDIN,1,1,1,quadriceps femoris,OSD-103,Mus musculus,0,1,-1.1554,0.0326614,-1.1554,False,consistent,down
54777,CFAP46,1,1,1,soleus,OSD-770,Mus musculus,1,0,2.2601,0.0417734,2.2601,False,consistent,up
54790,TET2,1,1,1,soleus,OSD-770,Mus musculus,1,0,1.6423,2.36365e-10,1.6423,False,consistent,up
54845,ESRP1,1,1,1,soleus,OSD-104,Mus musculus,1,0,4.4032,0.00266902,4.4032,False,consistent,up
54852,PAQR5,1,1,1,soleus,OSD-770,Mus musculus,1,0,2.8634,0.0118788,2.8634,False,consistent,up
54854,FAM83E,1,1,1,soleus,OSD-104,Mus musculus,0,1,-1.2787,0.0012814,-1.2787,False,consistent,down
54857,GDPD2,1,1,1,bone marrow,OSD-690,Mus musculus,0,1,-1.0218,0.0465215,-1.0218,False,consistent,down
548596,CKMT1A,1,1,1,soleus,OSD-104,Mus musculus,1,0,2.8871,0.00300545,2.8871,False,consistent,up
54877,ZCCHC2,1,1,1,soleus,OSD-770,Mus musculus,1,0,1.0636,5.44999e-27,1.0636,False,consistent,up
54882,ANKHD1,1,1,1,quadriceps femoris,OSD-326,Mus musculus,1,0,1.2467,0.0339502,1.2467,False,consistent,up
54901,CDKAL1,1,1,1,soleus,OSD-770,Mus musculus,1,0,1.0691,8.4995e-26,1.0691,False,consistent,up
5493,PPL,1,1,1,soleus,OSD-770,Mus musculus,1,0,1.2809,2.37979e-07,1.2809,False,consistent,up
54972,TMEM132A,1,1,1,bone marrow,OSD-690,Mus musculus,0,1,-1.3152,0.0353112,-1.3152,False,consistent,down
54976,C20orf27,1,1,1,soleus,OSD-770,Mus musculus,0,1,-1.0732,0.000113166,-1.0732,False,consistent,down
55005,RMND1,1,1,1,soleus,OSD-770,Mus musculus,0,1,-1.2145,2.2758e-20,-1.2145,False,consistent,down
55010,PARPBP,1,1,1,soleus,OSD-104,Mus musculus,0,1,-2.3068,0.00379062,-2.3068,False,consistent,down
5502,PPP1R1A,1,1,1,soleus,OSD-770,Mus musculus,1,0,1.1845,7.34614e-07,1.1845,False,consistent,up
55020,TTC38,1,1,1,soleus,OSD-770,Mus musculus,0,1,-1.6952,7.06123e-13,-1.6952,False,consistent,down
55057,CRYBG2,1,1,1,quadriceps femoris,OSD-666,Mus musculus,1,0,3.4003,0.0446669,3.4003,False,consistent,up
5506,PPP1R3A,1,1,1,soleus,OSD-770,Mus musculus,1,0,1.0853,1.12183e-05,1.0853,False,consistent,up
55075,UACA,1,1,1,bone marrow,OSD-690,Mus musculus,0,1,-1.0143,0.00123001,-1.0143,False,consistent,down
55076,TMEM45A,1,1,1,soleus,OSD-770,Mus musculus,0,1,-1.039,0.0430073,-1.039,False,consistent,down
55083,KIF26B,1,1,1,quadriceps femoris,OSD-666,Mus musculus,0,1,-1.037,0.00073316,-1.037,False,consistent,down
55089,SLC38A4,1,1,1,soleus,OSD-770,Mus musculus,1,0,1.7503,6.38874e-43,1.7503,False,consistent,up
55129,ANO10,1,1,1,soleus,OSD-770,Mus musculus,0,1,-1.7315,1.56512e-15,-1.7315,False,consistent,down
55184,DZANK1,1,1,1,gastrocnemius,OSD-419,Mus musculus,1,0,9.2768,1.56805e-05,9.2768,False,consistent,up
55240,STEAP3,1,1,1,bone marrow,OSD-690,Mus musculus,0,1,-1.0091,8.9218e-07,-1.0091,False,consistent,down
55273,TMEM100,1,1,1,tibialis anterior,OSD-105,Mus musculus,1,0,1.1028,0.000953178,1.1028,False,consistent,up
55286,C4orf19,1,1,1,soleus,OSD-770,Mus musculus,0,1,-1.0296,9.25391e-05,-1.0296,False,consistent,down
55320,MIS18BP1,1,1,1,tibialis anterior,OSD-576,Mus musculus,1,0,1.4062,0.00989241,1.4062,False,consistent,up
55349,CHDH,1,1,1,soleus,OSD-770,Mus musculus,1,0,1.4279,0.00902086,1.4279,False,consistent,up
55352,COPRS,1,1,1,soleus,OSD-770,Mus musculus,0,1,-1.2146,1.33932e-10,-1.2146,False,consistent,down
55388,MCM10,1,1,1,soleus,OSD-770,Mus musculus,1,0,1.309,0.0398814,1.309,False,consistent,up
55502,HES6,1,1,1,soleus,OSD-770,Mus musculus,0,1,-1.0004,0.00832779,-1.0004,False,consistent,down
55507,GPRC5D,1,1,1,soleus,OSD-104,Mus musculus,1,0,4.039,0.0322061,4.039,False,consistent,up
55526,DHTKD1,1,1,1,soleus,OSD-770,Mus musculus,0,1,-1.2407,0.00526604,-1.2407,False,consistent,down
55544,RBM38,1,1,1,bone marrow,OSD-690,Mus musculus,0,1,-1.0472,2.87814e-08,-1.0472,False,consistent,down
55576,STAB2,1,1,1,extensor digitorum longus,OSD-99,Mus musculus,0,1,-1.0639,4.53627e-09,-1.0639,False,consistent,down
55586,MIOX,1,1,1,soleus,OSD-104,Mus musculus,1,0,2.3784,0.00579544,2.3784,False,consistent,up
55601,DDX60,1,1,1,soleus,OSD-104,Mus musculus,1,0,1.0424,0.00182352,1.0424,False,consistent,up
55612,FERMT1,1,1,1,soleus,OSD-104,Mus musculus,1,0,4.0596,0.0225051,4.0596,False,consistent,up
55636,CHD7,1,1,1,gastrocnemius,OSD-422,Rattus norvegicus,1,0,1.2564,0.0261266,1.2564,False,consistent,up
5565,PRKAB2,1,1,1,soleus,OSD-770,Mus musculus,1,0,1.1132,1.59388e-11,1.1132,False,consistent,up
5570,PKIB,1,1,1,soleus,OSD-770,Mus musculus,1,0,1.7936,0.0289133,1.7936,False,consistent,up
55709,KBTBD4,1,1,1,soleus,OSD-770,Mus musculus,0,1,-1.097,1.52485e-20,-1.097,False,consistent,down
55723,ASF1B,1,1,1,soleus,OSD-104,Mus musculus,1,0,1.1142,0.000333236,1.1142,False,consistent,up
5578,PRKCA,1,1,1,soleus,OSD-770,Mus musculus,1,0,1.3229,2.99077e-11,1.3229,False,consistent,up
55786,ZNF415,1,1,1,soleus,OSD-770,Mus musculus,0,1,-1.2098,2.09516e-06,-1.2098,False,consistent,down
55829,SELENOS,1,1,1,soleus,OSD-104,Mus musculus,0,1,-1.0513,5.24466e-15,-1.0513,False,consistent,down
55840,EAF2,1,1,1,extensor digitorum longus,OSD-665,Mus musculus,1,0,1.9197,0.00184396,1.9197,False,consistent,up
55859,BEX1,1,1,1,tibialis anterior,OSD-576,Mus musculus,0,1,-1.3867,0.00314182,-1.3867,False,consistent,down
55885,LMO3,1,1,1,soleus,OSD-770,Mus musculus,1,0,2.4502,0.034733,2.4502,False,consistent,up
55891,LENEP,1,1,1,soleus,OSD-770,Mus musculus,0,1,-1.1443,0.000473607,-1.1443,False,consistent,down
5590,PRKCZ,1,1,1,soleus,OSD-770,Mus musculus,0,1,-1.3275,1.68388e-06,-1.3275,False,consistent,down
55911,APOBR,1,1,1,soleus,OSD-770,Mus musculus,1,0,1.2966,0.00374688,1.2966,False,consistent,up
55924,INKA2,1,1,1,gastrocnemius,OSD-422,Rattus norvegicus,0,1,-1.5144,0.000110434,-1.5144,False,consistent,down
56097,PCDHGC5,1,1,1,bone marrow,OSD-690,Mus musculus,0,1,-1.2902,0.000892267,-1.2902,False,consistent,down
56098,PCDHGC4,1,1,1,bone marrow,OSD-690,Mus musculus,0,1,-1.175,0.000378876,-1.175,False,consistent,down
56099,PCDHGB7,1,1,1,bone marrow,OSD-690,Mus musculus,0,1,-1.0445,0.0187344,-1.0445,False,consistent,down
56101,PCDHGB5,1,1,1,bone marrow,OSD-690,Mus musculus,0,1,-1.1253,0.00821011,-1.1253,False,consistent,down
56106,PCDHGA10,1,1,1,bone marrow,OSD-690,Mus musculus,0,1,-1.0224,0.017167,-1.0224,False,consistent,down
56109,PCDHGA6,1,1,1,bone marrow,OSD-690,Mus musculus,0,1,-1.5372,0.0130546,-1.5372,False,consistent,down
56110,PCDHGA5,1,1,1,bone marrow,OSD-690,Mus musculus,0,1,-1.0284,0.0425201,-1.0284,False,consistent,down
56112,PCDHGA3,1,1,1,bone marrow,OSD-690,Mus musculus,0,1,-1.7243,0.0142976,-1.7243,False,consistent,down
56143,PCDHA5,1,1,1,soleus,OSD-770,Mus musculus,1,0,3.63,0.0359015,3.63,False,consistent,up
56301,SLC7A10,1,1,1,gastrocnemius,OSD-101,Mus musculus,0,1,-1.6539,0.0129451,-1.6539,False,consistent,down
56413,LTB4R2,1,1,1,soleus,OSD-770,Mus musculus,1,0,1.8478,0.029021,1.8478,False,consistent,up
56479,KCNQ5,1,1,1,soleus,OSD-770,Mus musculus,1,0,1.0581,4.92155e-09,1.0581,False,consistent,up
5655,KLK10,1,1,1,tibialis anterior,OSD-576,Mus musculus,0,1,-1.5903,0.0106069,-1.5903,False,consistent,down
56852,RAD18,1,1,1,soleus,OSD-770,Mus musculus,1,0,1.0934,4.22319e-06,1.0934,False,consistent,up
56892,TCIM,1,1,1,tibialis anterior,OSD-576,Mus musculus,0,1,-1.019,9.56583e-07,-1.019,False,consistent,down
56911,MAP3K7CL,1,1,1,soleus,OSD-770,Mus musculus,1,0,1.2109,0.00201494,1.2109,False,consistent,up
56936,CCDC177,1,1,1,soleus,OSD-770,Mus musculus,1,0,2.1612,0.0426528,2.1612,False,consistent,up
56944,OLFML3,1,1,1,tibialis anterior,OSD-576,Mus musculus,1,0,1.1555,9.20691e-13,1.1555,False,consistent,up
56955,MEPE,1,1,1,soleus,OSD-770,Mus musculus,1,0,2.5145,0.0495751,2.5145,False,consistent,up
56956,LHX9,1,1,1,soleus,OSD-770,Mus musculus,1,0,1.9995,0.0472929,1.9995,False,consistent,up
56967,C14orf132,1,1,1,quadriceps femoris,OSD-666,Mus musculus,1,0,1.0695,0.0361181,1.0695,False,consistent,up
57010,CABP4,1,1,1,quadriceps femoris,OSD-666,Mus musculus,1,0,2.1307,0.0415755,2.1307,False,consistent,up
57019,CIAPIN1,1,1,1,soleus,OSD-770,Mus musculus,0,1,-1.0706,3.14416e-05,-1.0706,False,consistent,down
57030,SLC17A7,1,1,1,soleus,OSD-770,Mus musculus,1,0,1.9947,0.00168686,1.9947,False,consistent,up
57053,CHRNA10,1,1,1,soleus,OSD-770,Mus musculus,1,0,1.9327,0.0263982,1.9327,False,consistent,up
57082,KNL1,1,1,1,extensor digitorum longus,OSD-99,Mus musculus,1,0,1.5832,0.0426266,1.5832,False,consistent,up
57094,CPA6,1,1,1,soleus,OSD-770,Mus musculus,1,0,2.3472,0.0120462,2.3472,False,consistent,up
57096,RPGRIP1,1,1,1,quadriceps femoris,OSD-666,Mus musculus,1,0,1.9849,0.0161819,1.9849,False,consistent,up
57126,CD177,1,1,1,soleus,OSD-770,Mus musculus,0,1,-3.1705,0.0306874,-3.1705,False,consistent,down
57139,RGL3,1,1,1,soleus,OSD-770,Mus musculus,0,1,-1.2128,0.0357185,-1.2128,False,consistent,down
5717,PSMD11,1,1,1,soleus,OSD-770,Mus musculus,1,0,1.285,2.45315e-09,1.285,False,consistent,up
57181,SLC39A10,1,1,1,soleus,OSD-770,Mus musculus,1,0,1.0004,3.66764e-05,1.0004,False,consistent,up
57214,CEMIP,1,1,1,quadriceps femoris,OSD-666,Mus musculus,0,1,-1.8271,0.000332398,-1.8271,False,consistent,down
57217,TTC7A,1,1,1,soleus,OSD-770,Mus musculus,0,1,-1.057,2.44568e-09,-1.057,False,consistent,down
5730,PTGDS,1,1,1,soleus,OSD-104,Mus musculus,1,0,3.4374,0.000566832,3.4374,False,consistent,up
57332,CBX8,1,1,1,soleus,OSD-770,Mus musculus,0,1,-1.2556,0.00777169,-1.2556,False,consistent,down
57393,CLTRN,1,1,1,soleus,OSD-104,Mus musculus,1,0,2.6225,0.0123216,2.6225,False,consistent,up
57402,S100A14,1,1,1,soleus,OSD-104,Mus musculus,1,0,4.3323,0.00849685,4.3323,False,consistent,up
57405,SPC25,1,1,1,extensor digitorum longus,OSD-99,Mus musculus,1,0,1.4947,0.0152161,1.4947,False,consistent,up
57413,TMIGD3,1,1,1,bone marrow,OSD-690,Mus musculus,1,0,1.163,4.30657e-06,1.163,False,consistent,up
5744,PTHLH,1,1,1,extensor digitorum longus,OSD-665,Mus musculus,0,1,-1.0559,0.000613331,-1.0559,False,consistent,down
57449,PLEKHG5,1,1,1,bone marrow,OSD-690,Mus musculus,0,1,-1.1901,2.09031e-05,-1.1901,False,consistent,down
5745,PTH1R,1,1,1,bone marrow,OSD-690,Mus musculus,0,1,-1.0286,0.0173382,-1.0286,False,consistent,down
57462,MYORG,1,1,1,soleus,OSD-104,Mus musculus,1,0,1.2927,1.3499e-46,1.2927,False,consistent,up
57465,TBC1D24,1,1,1,soleus,OSD-770,Mus musculus,0,1,-1.3716,8.55491e-14,-1.3716,False,consistent,down
57474,ZNF490,1,1,1,soleus,OSD-770,Mus musculus,1,0,2.3097,0.0254733,2.3097,False,consistent,up
57481,KIAA1210,1,1,1,soleus,OSD-770,Mus musculus,1,0,2.9541,0.0371505,2.9541,False,consistent,up
57482,CRACD,1,1,1,bone marrow,OSD-690,Mus musculus,0,1,-1.0164,2.6399e-10,-1.0164,False,consistent,down
57491,AHRR,1,1,1,soleus,OSD-104,Mus musculus,0,1,-1.8507,0.0196617,-1.8507,False,consistent,down
57512,GPR158,1,1,1,soleus,OSD-770,Mus musculus,1,0,1.7739,0.0366876,1.7739,False,consistent,up
57540,DISP3,1,1,1,soleus,OSD-770,Mus musculus,1,0,2.7524,0.0224302,2.7524,False,consistent,up
57546,PDP2,1,1,1,soleus,OSD-770,Mus musculus,0,1,-1.3631,1.16045e-05,-1.3631,False,consistent,down
57559,STAMBPL1,1,1,1,gastrocnemius,OSD-419,Mus musculus,1,0,7.1172,0.031097,7.1172,False,consistent,up
57562,CEP126,1,1,1,soleus,OSD-770,Mus musculus,0,1,-1.0282,2.24543e-07,-1.0282,False,consistent,down
57569,ARHGAP20,1,1,1,soleus,OSD-770,Mus musculus,1,0,1.1399,1.69614e-06,1.1399,False,consistent,up
57591,MRTFA,1,1,1,soleus,OSD-104,Mus musculus,1,0,1.189,1.27945e-14,1.189,False,consistent,up
57604,TRMT9B,1,1,1,soleus,OSD-770,Mus musculus,1,0,1.2437,0.0289133,1.2437,False,consistent,up
57619,SHROOM3,1,1,1,soleus,OSD-770,Mus musculus,1,0,1.1879,0.00408544,1.1879,False,consistent,up
57622,LRFN1,1,1,1,bone marrow,OSD-690,Mus musculus,0,1,-1.3096,0.0338197,-1.3096,False,consistent,down
57624,NYAP2,1,1,1,tibialis anterior,OSD-576,Mus musculus,1,0,2.7059,0.0261528,2.7059,False,consistent,up
57626,KLHL1,1,1,1,soleus,OSD-770,Mus musculus,1,0,2.3285,0.0279377,2.3285,False,consistent,up
57636,ARHGAP23,1,1,1,bone marrow,OSD-690,Mus musculus,0,1,-1.0896,1.1792e-09,-1.0896,False,consistent,down
57639,CCDC146,1,1,1,soleus,OSD-770,Mus musculus,1,0,1.0633,0.000118927,1.0633,False,consistent,up
5764,PTN,1,1,1,soleus,OSD-770,Mus musculus,1,0,1.0792,0.000933584,1.0792,False,consistent,up
57644,MYH7B,1,1,1,soleus,OSD-770,Mus musculus,0,1,-1.5671,1.78967e-10,-1.5671,False,consistent,down
57646,USP28,1,1,1,soleus,OSD-770,Mus musculus,1,0,1.8762,7.88165e-21,1.8762,False,consistent,up
57650,CIP2A,1,1,1,soleus,OSD-104,Mus musculus,0,1,-1.1693,3.46094e-09,-1.1693,False,consistent,down
57655,GRAMD1A,1,1,1,soleus,OSD-770,Mus musculus,0,1,-1.361,4.20848e-14,-1.361,False,consistent,down
57662,CAMSAP3,1,1,1,bone marrow,OSD-690,Mus musculus,0,1,-1.4301,0.00835331,-1.4301,False,consistent,down
57664,PLEKHA4,1,1,1,bone marrow,OSD-690,Mus musculus,0,1,-1.61,0.0235742,-1.61,False,consistent,down
5770,PTPN1,1,1,1,gastrocnemius,OSD-422,Rattus norvegicus,1,0,1.1134,0.0307633,1.1134,False,consistent,up
57703,CWC22,1,1,1,soleus,OSD-770,Mus musculus,1,0,1.7322,0.0317208,1.7322,True,consistent,up
57707,MEAK7,1,1,1,soleus,OSD-770,Mus musculus,0,1,-1.4398,2.23132e-08,-1.4398,False,consistent,down
57715,SEMA4G,1,1,1,tibialis anterior,OSD-576,Mus musculus,1,0,1.4479,0.043933,1.4479,False,consistent,up
57718,PPP4R4,1,1,1,soleus,OSD-104,Mus musculus,1,0,1.6296,0.00742878,1.6296,False,consistent,up
5774,PTPN3,1,1,1,quadriceps femoris,OSD-326,Mus musculus,0,1,-1.598,1.6828e-06,-1.598,False,consistent,down
5775,PTPN4,1,1,1,soleus,OSD-770,Mus musculus,1,0,1.1227,5.58265e-10,1.1227,False,consistent,up
57817,HAMP,1,1,1,soleus,OSD-770,Mus musculus,0,1,-1.3922,0.0387627,-1.3922,False,consistent,down
57827,C6orf47,1,1,1,soleus,OSD-770,Mus musculus,0,1,-1.097,2.26785e-05,-1.097,False,consistent,down
57834,CYP4F11,1,1,1,soleus,OSD-104,Mus musculus,1,0,2.8264,0.00494777,2.8264,False,consistent,up
5793,PTPRG,1,1,1,bone marrow,OSD-690,Mus musculus,0,1,-1.9617,0.0102454,-1.9617,False,consistent,down
5797,PTPRM,1,1,1,bone marrow,OSD-690,Mus musculus,0,1,-1.0194,0.028217,-1.0194,False,consistent,down
58,ACTA1,1,1,1,bone marrow,OSD-690,Mus musculus,0,1,-2.3772,0.0118054,-2.3772,False,consistent,down
5806,PTX3,1,1,1,soleus,OSD-104,Mus musculus,1,0,1.0641,4.50214e-07,1.0641,False,consistent,up
5818,NECTIN1,1,1,1,bone marrow,OSD-690,Mus musculus,0,1,-1.1186,0.00502679,-1.1186,False,consistent,down
582,BBS1,1,1,1,soleus,OSD-770,Mus musculus,0,1,-1.0379,5.93127e-05,-1.0379,False,consistent,down
5833,PCYT2,1,1,1,soleus,OSD-770,Mus musculus,0,1,-1.1709,3.00682e-07,-1.1709,False,consistent,down
58486,ZBED5,1,1,1,bone marrow,OSD-690,Mus musculus,1,0,1.2113,0.0193124,1.2113,False,consistent,up
58494,JAM2,1,1,1,bone marrow,OSD-690,Mus musculus,0,1,-1.3566,0.0349031,-1.3566,False,consistent,down
58499,ZNF462,1,1,1,bone marrow,OSD-690,Mus musculus,0,1,-1.3951,0.0487747,-1.3951,False,consistent,down
58504,ARHGAP22,1,1,1,bone marrow,OSD-690,Mus musculus,1,0,1.3817,0.043923,1.3817,False,consistent,up
58516,SINHCAF,1,1,1,quadriceps femoris,OSD-103,Mus musculus,1,0,1.2779,0.00309693,1.2779,False,consistent,up
5874,RAB27B,1,1,1,soleus,OSD-104,Mus musculus,0,1,-1.0917,3.59622e-05,-1.0917,False,consistent,down
5891,MOK,1,1,1,soleus,OSD-770,Mus musculus,0,1,-1.3878,0.00179284,-1.3878,False,consistent,down
5896,RAG1,1,1,1,bone marrow,OSD-690,Mus musculus,0,1,-1.0858,0.000117921,-1.0858,False,consistent,down
5897,RAG2,1,1,1,bone marrow,OSD-690,Mus musculus,0,1,-1.2683,1.90525e-07,-1.2683,False,consistent,down
5909,RAP1GAP,1,1,1,soleus,OSD-770,Mus musculus,0,1,-1.1616,0.000555218,-1.1616,False,consistent,down
5913,RAPSN,1,1,1,bone marrow,OSD-690,Mus musculus,1,0,1.0152,0.0243858,1.0152,False,consistent,up
5915,RARB,1,1,1,soleus,OSD-770,Mus musculus,0,1,-1.0774,1.51606e-11,-1.0774,False,consistent,down
59271,EVA1C,1,1,1,soleus,OSD-770,Mus musculus,1,0,1.1142,0.0340143,1.1142,False,consistent,up
59344,ALOXE3,1,1,1,quadriceps femoris,OSD-666,Mus musculus,1,0,1.8487,0.0362302,1.8487,False,consistent,up
5950,RBP4,1,1,1,quadriceps femoris,OSD-666,Mus musculus,1,0,1.7738,0.000442849,1.7738,False,consistent,up
5968,REG1B,1,1,1,soleus,OSD-770,Mus musculus,0,1,-1.7829,0.0259797,-1.7829,False,consistent,down
5972,REN,1,1,1,quadriceps femoris,OSD-666,Mus musculus,0,1,-3.0789,0.0461727,-3.0789,True,consistent,down
5989,RFX1,1,1,1,quadriceps femoris,OSD-666,Mus musculus,0,1,-1.0691,6.1641e-09,-1.0691,False,consistent,down
5996,RGS1,1,1,1,bone marrow,OSD-690,Mus musculus,1,0,1.0373,0.00421102,1.0373,False,consistent,up
60,ACTB,1,1,1,soleus,OSD-770,Mus musculus,1,0,1.1254,0.00250993,1.1254,False,consistent,up
6000,RGS7,1,1,1,quadriceps femoris,OSD-666,Mus musculus,1,0,1.7327,0.010944,1.7327,False,consistent,up
6002,RGS12,1,1,1,gastrocnemius,OSD-422,Rattus norvegicus,0,1,-6.46,0.00416816,-6.46,False,consistent,down
6004,RGS16,1,1,1,soleus,OSD-104,Mus musculus,0,1,-1.3429,3.79452e-10,-1.3429,False,consistent,down
6010,RHO,1,1,1,soleus,OSD-770,Mus musculus,1,0,1.7441,0.044857,1.7441,False,consistent,up
60482,SLC5A7,1,1,1,soleus,OSD-770,Mus musculus,1,0,1.7113,0.0498668,1.7113,False,consistent,up
60494,CCDC81,1,1,1,extensor digitorum longus,OSD-665,Mus musculus,0,1,-1.3342,0.0204181,-1.3342,False,consistent,down
60676,PAPPA2,1,1,1,soleus,OSD-104,Mus musculus,0,1,-1.8533,0.0493638,-1.8533,False,consistent,down
608,TNFRSF17,1,1,1,quadriceps femoris,OSD-666,Mus musculus,1,0,2.4158,0.0172483,2.4158,False,consistent,up
6097,RORC,1,1,1,gastrocnemius,OSD-422,Rattus norvegicus,1,0,4.2958,0.0299958,4.2958,False,consistent,up
6098,ROS1,1,1,1,soleus,OSD-104,Mus musculus,0,1,-1.4012,2.43544e-10,-1.4012,False,consistent,down
6119,RPA3,1,1,1,soleus,OSD-770,Mus musculus,0,1,-1.3864,3.20312e-14,-1.3864,False,consistent,down
619207,SCART1,1,1,1,soleus,OSD-770,Mus musculus,1,0,2.142,0.0387934,2.142,False,consistent,up
624,BDKRB2,1,1,1,extensor digitorum longus,OSD-665,Mus musculus,1,0,1.0057,2.87555e-05,1.0057,False,consistent,up
6241,RRM2,1,1,1,tibialis anterior,OSD-576,Mus musculus,1,0,1.1654,3.46217e-07,1.1654,False,consistent,up
6263,RYR3,1,1,1,soleus,OSD-104,Mus musculus,0,1,-2.2143,9.0587e-20,-2.2143,False,consistent,down
6274,S100A3,1,1,1,bone marrow,OSD-690,Mus musculus,1,0,1.8518,0.0150545,1.8518,False,consistent,up
6276,S100A5,1,1,1,quadriceps femoris,OSD-666,Mus musculus,1,0,1.1594,0.0170601,1.1594,False,consistent,up
6278,S100A7,1,1,1,quadriceps femoris,OSD-666,Mus musculus,0,1,-1.1824,0.029096,-1.1824,False,consistent,down
632,BGLAP,1,1,1,tibialis anterior,OSD-576,Mus musculus,1,0,3.8741,0.0181354,3.8741,False,consistent,up
6320,CLEC11A,1,1,1,soleus,OSD-770,Mus musculus,0,1,-1.3224,1.18062e-07,-1.3224,False,consistent,down
6326,SCN2A,1,1,1,soleus,OSD-770,Mus musculus,1,0,1.3621,3.73267e-06,1.3621,False,consistent,up
6330,SCN4B,1,1,1,bone marrow,OSD-690,Mus musculus,0,1,-1.3716,0.00237691,-1.3716,False,consistent,down
6334,SCN8A,1,1,1,soleus,OSD-770,Mus musculus,1,0,2.0712,0.00065681,2.0712,False,consistent,up
6335,SCN9A,1,1,1,soleus,OSD-770,Mus musculus,1,0,2.4134,0.00143362,2.4134,False,consistent,up
635,BHMT,1,1,1,soleus,OSD-770,Mus musculus,1,0,1.7735,0.0390951,1.7735,False,consistent,up
6363,CCL19,1,1,1,extensor digitorum longus,OSD-665,Mus musculus,0,1,-1.3867,0.0100574,-1.3867,False,consistent,down
6376,CX3CL1,1,1,1,bone marrow,OSD-690,Mus musculus,0,1,-1.5327,0.00179966,-1.5327,False,consistent,down
6385,SDC4,1,1,1,gastrocnemius,OSD-422,Rattus norvegicus,1,0,3.0688,6.2024e-11,3.0688,False,consistent,up
63893,UBE2O,1,1,1,bone marrow,OSD-690,Mus musculus,0,1,-1.399,2.96074e-07,-1.399,False,consistent,down
63898,SH2D4A,1,1,1,soleus,OSD-104,Mus musculus,1,0,1.4823,2.29142e-21,1.4823,False,consistent,up
63951,DMRTA1,1,1,1,soleus,OSD-770,Mus musculus,1,0,1.8908,0.0278956,1.8908,False,consistent,up
63967,CLSPN,1,1,1,extensor digitorum longus,OSD-99,Mus musculus,1,0,2.0452,0.000752376,2.0452,False,consistent,up
63976,PRDM16,1,1,1,quadriceps femoris,OSD-666,Mus musculus,0,1,-1.0252,0.00231314,-1.0252,False,consistent,down
63977,PRDM15,1,1,1,quadriceps femoris,OSD-326,Mus musculus,1,0,1.2971,0.044388,1.2971,False,consistent,up
6403,SELP,1,1,1,soleus,OSD-770,Mus musculus,0,1,-1.4961,0.0188331,-1.4961,False,consistent,down
64065,PERP,1,1,1,bone marrow,OSD-690,Mus musculus,1,0,1.0924,0.000100162,1.0924,False,consistent,up
64102,TNMD,1,1,1,soleus,OSD-770,Mus musculus,0,1,-1.2665,0.000123112,-1.2665,False,consistent,down
64129,TINAGL1,1,1,1,tibialis anterior,OSD-576,Mus musculus,0,1,-1.1249,0.00188911,-1.1249,False,consistent,down
64151,NCAPG,1,1,1,extensor digitorum longus,OSD-665,Mus musculus,1,0,2.0356,0.024124,2.0356,False,consistent,up
64174,DPEP2,1,1,1,extensor digitorum longus,OSD-99,Mus musculus,1,0,1.4779,0.0129157,1.4779,False,consistent,up
64231,MS4A6A,1,1,1,extensor digitorum longus,OSD-665,Mus musculus,0,1,-1.021,0.033812,-1.021,False,consistent,down
642574,IQANK1,1,1,1,extensor digitorum longus,OSD-665,Mus musculus,1,0,1.361,0.0219099,1.361,False,consistent,up
642597,AKAIN1,1,1,1,soleus,OSD-104,Mus musculus,0,1,-1.6256,0.00018297,-1.6256,False,consistent,down
642659,HNRNPA1L3,1,1,1,gastrocnemius,OSD-422,Rattus norvegicus,1,0,1.0132,0.0477123,1.0132,False,consistent,up
64284,RAB17,1,1,1,soleus,OSD-104,Mus musculus,0,1,-2.3047,0.0163538,-2.3047,False,consistent,down
643008,SMIM5,1,1,1,soleus,OSD-770,Mus musculus,0,1,-1.4065,0.0280185,-1.4065,False,consistent,down
643376,BTBD18,1,1,1,soleus,OSD-770,Mus musculus,1,0,2.9817,0.0478733,2.9817,False,consistent,up
643382,TMEM253,1,1,1,quadriceps femoris,OSD-666,Mus musculus,0,1,-1.4568,0.00743097,-1.4568,False,consistent,down
64342,HS1BP3,1,1,1,soleus,OSD-770,Mus musculus,0,1,-1.1957,5.569e-11,-1.1957,False,consistent,down
643669,CCER2,1,1,1,soleus,OSD-770,Mus musculus,1,0,3.1961,0.00503476,3.1961,False,consistent,up
64375,IKZF4,1,1,1,soleus,OSD-104,Mus musculus,1,0,1.4419,0.00532406,1.4419,False,consistent,up
64377,CHST8,1,1,1,soleus,OSD-770,Mus musculus,1,0,2.0004,0.0425507,2.0004,False,consistent,up
64386,MMP25,1,1,1,quadriceps femoris,OSD-666,Mus musculus,0,1,-1.8378,0.0388805,-1.8378,False,consistent,down
64398,PALS1,1,1,1,soleus,OSD-770,Mus musculus,1,0,1.1488,1.44408e-15,1.1488,False,consistent,up
644139,PIRT,1,1,1,soleus,OSD-770,Mus musculus,1,0,2.0697,0.0264617,2.0697,False,consistent,up
644168,DRGX,1,1,1,soleus,OSD-770,Mus musculus,1,0,1.846,0.0339213,1.846,False,consistent,up
6444,SGCD,1,1,1,bone marrow,OSD-690,Mus musculus,0,1,-1.917,0.0229376,-1.917,False,consistent,down
64478,CSMD1,1,1,1,soleus,OSD-770,Mus musculus,1,0,1.1508,5.89679e-05,1.1508,False,consistent,up
6453,ITSN1,1,1,1,bone marrow,OSD-690,Mus musculus,0,1,-1.0408,3.71228e-10,-1.0408,False,consistent,down
645359,PRAMEF25|PRAMEF26,1,1,1,soleus,OSD-770,Mus musculus,1,0,2.3686,0.0396457,2.3686,False,consistent,up
645414,PRAMEF19,1,1,1,soleus,OSD-770,Mus musculus,1,0,2.3686,0.0396457,2.3686,False,consistent,up
645425,PRAMEF20,1,1,1,soleus,OSD-770,Mus musculus,1,0,2.3686,0.0396457,2.3686,False,consistent,up
6456,SH3GL2,1,1,1,extensor digitorum longus,OSD-665,Mus musculus,0,1,-2.0614,1.28415e-06,-2.0614,False,consistent,down
645638,WFDC21P,1,1,1,soleus,OSD-770,Mus musculus,1,0,1.8335,0.022844,1.8335,False,consistent,up
64579,NDST4,1,1,1,soleus,OSD-104,Mus musculus,0,1,-2.2404,0.0490867,-2.2404,False,consistent,down
64598,MOSPD3,1,1,1,bone marrow,OSD-690,Mus musculus,0,1,-1.1339,1.21669e-06,-1.1339,False,consistent,down
646658,SYNDIG1L,1,1,1,bone marrow,OSD-690,Mus musculus,0,1,-2.3459,0.00480794,-2.3459,False,consistent,down
64689,GORASP1,1,1,1,soleus,OSD-770,Mus musculus,0,1,-1.0528,6.18761e-09,-1.0528,False,consistent,down
647024,C6orf132,1,1,1,soleus,OSD-770,Mus musculus,1,0,1.4355,0.0170551,1.4355,False,consistent,up
647286,RD3L,1,1,1,gastrocnemius,OSD-422,Rattus norvegicus,1,0,5.2072,0.0299958,5.2072,False,consistent,up
64745,METTL17,1,1,1,soleus,OSD-770,Mus musculus,0,1,-1.1021,0.000785582,-1.1021,False,consistent,down
64748,PLPPR2,1,1,1,soleus,OSD-770,Mus musculus,0,1,-1.2187,0.00712297,-1.2187,False,consistent,down
64763,ZNF574,1,1,1,bone marrow,OSD-690,Mus musculus,0,1,-1.0773,2.02032e-06,-1.0773,False,consistent,down
64770,CCDC14,1,1,1,gastrocnemius,OSD-422,Rattus norvegicus,1,0,6.3714,0.0338584,6.3714,False,consistent,up
64776,C11orf1,1,1,1,soleus,OSD-770,Mus musculus,1,0,1.0464,2.72843e-07,1.0464,False,consistent,up
64816,CYP3A43,1,1,1,soleus,OSD-770,Mus musculus,1,0,2.2314,0.0452336,2.2314,False,consistent,up
64849,SLC13A3,1,1,1,soleus,OSD-104,Mus musculus,1,0,1.715,0.0132327,1.715,False,consistent,up
64860,ARMCX5,1,1,1,quadriceps femoris,OSD-666,Mus musculus,1,0,1.0673,5.75836e-24,1.0673,False,consistent,up
64864,RFX7,1,1,1,soleus,OSD-770,Mus musculus,1,0,1.2453,1.87188e-13,1.2453,False,consistent,up
648791,PPP1R3G,1,1,1,soleus,OSD-104,Mus musculus,0,1,-2.5883,0.000215272,-2.5883,False,consistent,down
6489,ST8SIA1,1,1,1,soleus,OSD-104,Mus musculus,0,1,-2.4419,6.19722e-13,-2.4419,False,consistent,down
64919,BCL11B,1,1,1,soleus,OSD-104,Mus musculus,1,0,2.0174,0.00380912,2.0174,False,consistent,up
6492,SIM1,1,1,1,soleus,OSD-770,Mus musculus,1,0,1.2873,2.91109e-10,1.2873,False,consistent,up
649238,PNMA6E,1,1,1,soleus,OSD-770,Mus musculus,1,0,2.8928,0.0438278,2.8928,False,consistent,up
64927,TTC23,1,1,1,bone marrow,OSD-690,Mus musculus,0,1,-1.1033,0.0319709,-1.1033,False,consistent,down
65012,SLC26A10,1,1,1,quadriceps femoris,OSD-326,Mus musculus,1,0,1.4787,0.000412541,1.4787,False,consistent,up
6505,SLC1A1,1,1,1,soleus,OSD-770,Mus musculus,1,0,1.5976,4.17945e-13,1.5976,False,consistent,up
65061,CDK15,1,1,1,extensor digitorum longus,OSD-665,Mus musculus,0,1,-1.5118,0.00888602,-1.5118,False,consistent,down
6507,SLC1A3,1,1,1,bone marrow,OSD-690,Mus musculus,0,1,-1.2986,0.00668905,-1.2986,False,consistent,down
651,BMP3,1,1,1,soleus,OSD-770,Mus musculus,1,0,1.149,0.00213927,1.149,False,consistent,up
65121,PRAMEF1,1,1,1,soleus,OSD-770,Mus musculus,1,0,2.3686,0.0396457,2.3686,False,consistent,up
65122,PRAMEF2,1,1,1,soleus,OSD-770,Mus musculus,1,0,2.3686,0.0396457,2.3686,False,consistent,up
6515,SLC2A3,1,1,1,soleus,OSD-770,Mus musculus,1,0,1.0571,0.00635448,1.0571,False,consistent,up
65249,ZSWIM4,1,1,1,soleus,OSD-770,Mus musculus,1,0,1.1659,1.93783e-07,1.1659,False,consistent,up
65267,WNK3,1,1,1,soleus,OSD-770,Mus musculus,1,0,1.5388,1.68695e-08,1.5388,False,consistent,up
652966,SNORD10,1,1,1,extensor digitorum longus,OSD-99,Mus musculus,1,0,1.2649,0.000206037,1.2649,False,consistent,up
653319,KIAA0895L,1,1,1,soleus,OSD-770,Mus musculus,0,1,-1.2839,0.00362492,-1.2839,False,consistent,down
653499,LGALS7|LGALS7B,1,1,1,soleus,OSD-104,Mus musculus,1,0,3.6478,0.0162071,3.6478,False,consistent,up
653619,PRAMEF15,1,1,1,soleus,OSD-770,Mus musculus,1,0,2.3686,0.0396457,2.3686,False,consistent,up
653657,MBD3L3,1,1,1,soleus,OSD-770,Mus musculus,1,0,3.5653,0.00306929,3.5653,False,consistent,up
653677,SEC1P,1,1,1,extensor digitorum longus,OSD-665,Mus musculus,0,1,-1.5672,0.0430578,-1.5672,False,consistent,down
653689,GSTT2B,1,1,1,tibialis anterior,OSD-105,Mus musculus,0,1,-1.0417,5.16557e-06,-1.0417,False,consistent,down
6540,SLC6A13,1,1,1,quadriceps femoris,OSD-666,Mus musculus,1,0,1.8806,3.76974e-05,1.8806,False,consistent,up
654254,ZNF732,1,1,1,soleus,OSD-770,Mus musculus,1,0,2.3097,0.0254733,2.3097,False,consistent,up
655,BMP7,1,1,1,soleus,OSD-770,Mus musculus,1,0,1.1208,0.00188148,1.1208,False,consistent,up
6553,SLC9A5,1,1,1,soleus,OSD-770,Mus musculus,1,0,1.231,0.00063966,1.231,False,consistent,up
6554,SLC10A1,1,1,1,soleus,OSD-104,Mus musculus,1,0,3.9825,0.0230753,3.9825,False,consistent,up
6557,SLC12A1,1,1,1,soleus,OSD-104,Mus musculus,1,0,2.4937,0.0140195,2.4937,False,consistent,up
6559,SLC12A3,1,1,1,bone marrow,OSD-690,Mus musculus,0,1,-1.0692,0.000116047,-1.0692,False,consistent,down
6561,SLC13A1,1,1,1,soleus,OSD-104,Mus musculus,1,0,3.3601,0.0142713,3.3601,False,consistent,up
6569,SLC34A1,1,1,1,soleus,OSD-104,Mus musculus,1,0,2.0768,0.00381468,2.0768,False,consistent,up
6576,SLC25A1,1,1,1,quadriceps femoris,OSD-666,Mus musculus,1,0,1.563,0.00660928,1.563,False,consistent,up
6579,SLCO1A2,1,1,1,soleus,OSD-104,Mus musculus,1,0,2.7429,0.014756,2.7429,False,consistent,up
6583,SLC22A4,1,1,1,soleus,OSD-104,Mus musculus,0,1,-1.3927,1.04756e-17,-1.3927,False,consistent,down
6590,SLPI,1,1,1,quadriceps femoris,OSD-666,Mus musculus,0,1,-2.1314,0.0283544,-2.1314,False,consistent,down
6591,SNAI2,1,1,1,bone marrow,OSD-690,Mus musculus,0,1,-1.2028,0.02461,-1.2028,False,consistent,down
65985,AACS,1,1,1,tibialis anterior,OSD-576,Mus musculus,0,1,-1.1634,0.0113955,-1.1634,False,consistent,down
65991,FUNDC2,1,1,1,extensor digitorum longus,OSD-665,Mus musculus,0,1,-1.3755,0.00752699,-1.3755,False,consistent,down
66002,CYP4F12,1,1,1,soleus,OSD-104,Mus musculus,1,0,2.8264,0.00494777,2.8264,False,consistent,up
66005,CHID1,1,1,1,soleus,OSD-770,Mus musculus,0,1,-1.3821,2.59582e-08,-1.3821,False,consistent,down
66008,TRAK2,1,1,1,soleus,OSD-770,Mus musculus,0,1,-1.1138,7.97993e-17,-1.1138,False,consistent,down
6616,SNAP25,1,1,1,soleus,OSD-770,Mus musculus,1,0,1.7489,0.0277997,1.7489,False,consistent,up
6641,SNTB1,1,1,1,soleus,OSD-770,Mus musculus,1,0,1.6624,2.96008e-06,1.6624,False,consistent,up
6666,SOX12,1,1,1,bone marrow,OSD-690,Mus musculus,0,1,-1.0796,1.06401e-06,-1.0796,False,consistent,down
6668,SP2,1,1,1,bone marrow,OSD-690,Mus musculus,0,1,-1.3935,3.97374e-09,-1.3935,False,consistent,down
6672,SP100,1,1,1,soleus,OSD-770,Mus musculus,1,0,1.5899,0.0420557,1.5899,False,consistent,up
6690,SPINK1,1,1,1,soleus,OSD-104,Mus musculus,1,0,5.6509,0.000317918,5.6509,False,consistent,up
6692,SPINT1,1,1,1,soleus,OSD-104,Mus musculus,1,0,1.8932,0.0299231,1.8932,False,consistent,up
6693,SPN,1,1,1,extensor digitorum longus,OSD-665,Mus musculus,1,0,1.0159,0.0166339,1.0159,False,consistent,up
6696,SPP1,1,1,1,tibialis anterior,OSD-576,Mus musculus,1,0,1.8218,0.012567,1.8218,False,consistent,up
6708,SPTA1,1,1,1,soleus,OSD-770,Mus musculus,1,0,1.1668,0.0264419,1.1668,False,consistent,up
6712,SPTBN2,1,1,1,quadriceps femoris,OSD-666,Mus musculus,0,1,-1.8589,0.0444201,-1.8589,False,consistent,down
6733,SRPK2,1,1,1,soleus,OSD-770,Mus musculus,1,0,1.2941,8.05111e-12,1.2941,False,consistent,up
6772,STAT1,1,1,1,soleus,OSD-770,Mus musculus,0,1,-1.0063,1.91488e-11,-1.0063,False,consistent,down
6781,STC1,1,1,1,soleus,OSD-104,Mus musculus,0,1,-1.1292,0.00171725,-1.1292,False,consistent,down
6785,ELOVL4,1,1,1,soleus,OSD-104,Mus musculus,1,0,1.2898,0.0416435,1.2898,False,consistent,up
6821,SUOX,1,1,1,bone marrow,OSD-690,Mus musculus,0,1,-1.0431,8.97266e-10,-1.0431,False,consistent,down
684,BST2,1,1,1,quadriceps femoris,OSD-666,Mus musculus,0,1,-1.1115,3.09145e-07,-1.1115,False,consistent,down
6857,SYT1,1,1,1,soleus,OSD-770,Mus musculus,1,0,2.7049,0.00103637,2.7049,False,consistent,up
6863,TAC1,1,1,1,soleus,OSD-770,Mus musculus,0,1,-1.4703,0.00332101,-1.4703,False,consistent,down
6870,TACR3,1,1,1,soleus,OSD-770,Mus musculus,1,0,3.264,0.0102699,3.264,False,consistent,up
688,KLF5,1,1,1,soleus,OSD-770,Mus musculus,1,0,1.069,0.000281815,1.069,False,consistent,up
692094,MSMP,1,1,1,soleus,OSD-770,Mus musculus,0,1,-2.2898,0.020418,-2.2898,False,consistent,down
696,BTN1A1,1,1,1,bone marrow,OSD-690,Mus musculus,0,1,-2.1168,0.00113186,-2.1168,False,consistent,down
699,BUB1,1,1,1,extensor digitorum longus,OSD-99,Mus musculus,1,0,2.2011,0.0441563,2.2011,False,consistent,up
6999,TDO2,1,1,1,soleus,OSD-770,Mus musculus,1,0,1.5394,0.0385375,1.5394,False,consistent,up
7018,TF,1,1,1,quadriceps femoris,OSD-666,Mus musculus,1,0,1.0069,0.0145867,1.0069,False,consistent,up
7020,TFAP2A,1,1,1,soleus,OSD-104,Mus musculus,1,0,2.8552,0.0329884,2.8552,False,consistent,up
7026,NR2F2,1,1,1,bone marrow,OSD-690,Mus musculus,0,1,-1.4981,0.0378122,-1.4981,False,consistent,down
7062,TCHH,1,1,1,soleus,OSD-104,Mus musculus,1,0,4.1365,0.00237406,4.1365,False,consistent,up
7071,KLF10,1,1,1,soleus,OSD-104,Mus musculus,1,0,1.0244,3.90784e-07,1.0244,False,consistent,up
7076,TIMP1,1,1,1,extensor digitorum longus,OSD-99,Mus musculus,1,0,1.2976,0.000354536,1.2976,False,consistent,up
7091,TLE4,1,1,1,soleus,OSD-770,Mus musculus,1,0,1.2752,1.13512e-29,1.2752,False,consistent,up
7093,TLL2,1,1,1,soleus,OSD-104,Mus musculus,0,1,-1.3721,0.000128568,-1.3721,False,consistent,down
7100,TLR5,1,1,1,extensor digitorum longus,OSD-665,Mus musculus,0,1,-1.1647,0.000653394,-1.1647,False,consistent,down
7113,TMPRSS2,1,1,1,quadriceps femoris,OSD-666,Mus musculus,1,0,2.0288,0.0396829,2.0288,False,consistent,up
7124,TNF,1,1,1,soleus,OSD-104,Mus musculus,0,1,-1.3503,0.0428067,-1.3503,False,consistent,down
7134,TNNC1,1,1,1,quadriceps femoris,OSD-326,Mus musculus,0,1,-4.1118,1.19683e-17,-4.1118,False,consistent,down
7135,TNNI1,1,1,1,quadriceps femoris,OSD-326,Mus musculus,0,1,-4.4537,3.90083e-11,-4.4537,False,consistent,down
7138,TNNT1,1,1,1,quadriceps femoris,OSD-326,Mus musculus,0,1,-3.614,9.72822e-20,-3.614,False,consistent,down
7143,TNR,1,1,1,soleus,OSD-770,Mus musculus,1,0,2.1044,0.00403627,2.1044,False,consistent,up
7150,TOP1,1,1,1,quadriceps femoris,OSD-326,Mus musculus,0,1,-1.2393,0.0477555,-1.2393,False,consistent,down
7153,TOP2A,1,1,1,extensor digitorum longus,OSD-99,Mus musculus,1,0,2.3835,0.000791489,2.3835,False,consistent,up
7168,TPM1,1,1,1,soleus,OSD-770,Mus musculus,1,0,1.0221,8.75767e-12,1.0221,False,consistent,up
7170,TPM3,1,1,1,quadriceps femoris,OSD-326,Mus musculus,0,1,-1.498,0.000311468,-1.498,False,consistent,down
7172,TPMT,1,1,1,bone marrow,OSD-690,Mus musculus,1,0,1.1858,0.0133572,1.1858,False,consistent,up
720,C4A|LOC110384692,1,1,1,bone marrow,OSD-690,Mus musculus,0,1,-1.0804,0.00488306,-1.0804,False,consistent,down
721,C4B,1,1,1,bone marrow,OSD-690,Mus musculus,0,1,-1.0804,0.00488306,-1.0804,False,consistent,down
7225,TRPC6,1,1,1,quadriceps femoris,OSD-666,Mus musculus,0,1,-1.0971,0.00243459,-1.0971,False,consistent,down
7253,TSHR,1,1,1,quadriceps femoris,OSD-666,Mus musculus,1,0,2.3566,6.74125e-07,2.3566,False,consistent,up
726,CAPN5,1,1,1,bone marrow,OSD-690,Mus musculus,0,1,-1.0942,1.13833e-10,-1.0942,False,consistent,down
727897,MUC5B,1,1,1,soleus,OSD-770,Mus musculus,1,0,2.2434,0.0298381,2.2434,False,consistent,up
728116,ZBTB8B,1,1,1,soleus,OSD-770,Mus musculus,1,0,2.7906,0.0261946,2.7906,False,consistent,up
728215,NALF1,1,1,1,soleus,OSD-770,Mus musculus,1,0,2.0434,0.000427868,2.0434,False,consistent,up
728591,CCDC169,1,1,1,soleus,OSD-770,Mus musculus,1,0,1.2579,0.048166,1.2579,False,consistent,up
728858,C12orf71,1,1,1,soleus,OSD-770,Mus musculus,1,0,3.414,0.00173319,3.414,False,consistent,up
729528,PRAMEF14,1,1,1,soleus,OSD-770,Mus musculus,1,0,2.3686,0.0396457,2.3686,False,consistent,up
729993,SHISA9,1,1,1,soleus,OSD-770,Mus musculus,1,0,2.1638,0.0430502,2.1638,False,consistent,up
730087,ZNF726,1,1,1,soleus,OSD-770,Mus musculus,1,0,2.3097,0.0254733,2.3097,False,consistent,up
730098,LOC730098,1,1,1,soleus,OSD-104,Mus musculus,1,0,1.8964,0.00313929,1.8964,False,consistent,up
730130,TMEM229A,1,1,1,bone marrow,OSD-690,Mus musculus,1,0,1.1074,0.00355956,1.1074,False,consistent,up
730249,ACOD1,1,1,1,tibialis anterior,OSD-576,Mus musculus,0,1,-4.0398,0.0194793,-4.0398,False,consistent,down
7310,ZRSR2P1,1,1,1,soleus,OSD-770,Mus musculus,1,0,1.0025,0.00092086,1.0025,False,consistent,up
7316,UBC,1,1,1,gastrocnemius,OSD-422,Rattus norvegicus,1,0,1.2422,0.00414942,1.2422,False,consistent,up
7363,UGT2B4,1,1,1,soleus,OSD-770,Mus musculus,1,0,1.9613,0.0465741,1.9613,False,consistent,up
7369,UMOD,1,1,1,soleus,OSD-104,Mus musculus,1,0,2.2447,0.0352359,2.2447,False,consistent,up
7371,UCK2,1,1,1,soleus,OSD-770,Mus musculus,1,0,1.0318,0.0121314,1.0318,False,consistent,up
7378,UPP1,1,1,1,quadriceps femoris,OSD-666,Mus musculus,0,1,-1.3876,0.00899243,-1.3876,False,consistent,down
7442,TRPV1,1,1,1,tibialis anterior,OSD-576,Mus musculus,0,1,-1.3546,0.0291008,-1.3546,False,consistent,down
7475,WNT6,1,1,1,extensor digitorum longus,OSD-665,Mus musculus,1,0,1.1159,0.00487358,1.1159,False,consistent,up
7484,WNT9B,1,1,1,soleus,OSD-104,Mus musculus,0,1,-2.5643,4.39967e-06,-2.5643,False,consistent,down
7562,ZNF708,1,1,1,soleus,OSD-770,Mus musculus,1,0,2.3097,0.0254733,2.3097,False,consistent,up
759,CA1,1,1,1,soleus,OSD-770,Mus musculus,1,0,1.7635,0.00112017,1.7635,False,consistent,up
762,CA4,1,1,1,extensor digitorum longus,OSD-665,Mus musculus,1,0,1.0403,4.79775e-09,1.0403,False,consistent,up
7643,ZNF90,1,1,1,soleus,OSD-770,Mus musculus,1,0,2.3097,0.0254733,2.3097,False,consistent,up
7704,ZBTB16,1,1,1,gastrocnemius,OSD-422,Rattus norvegicus,1,0,3.5314,0.0364654,3.5314,False,consistent,up
773,CACNA1A,1,1,1,soleus,OSD-770,Mus musculus,0,1,-1.3232,4.9785e-12,-1.3232,False,consistent,down
7732,RNF112,1,1,1,soleus,OSD-770,Mus musculus,1,0,1.935,0.0161574,1.935,False,consistent,up
778,CACNA1F,1,1,1,soleus,OSD-770,Mus musculus,1,0,3.6623,0.0359327,3.6623,False,consistent,up
780,DDR1,1,1,1,bone marrow,OSD-690,Mus musculus,0,1,-1.0019,0.00137401,-1.0019,False,consistent,down
7803,PTP4A1,1,1,1,gastrocnemius,OSD-101,Mus musculus,0,1,-1.1638,0.0028961,-1.1638,False,consistent,down
7809,BSND,1,1,1,soleus,OSD-104,Mus musculus,0,1,-1.3535,0.0440263,-1.3535,False,consistent,down
7857,SCG2,1,1,1,soleus,OSD-770,Mus musculus,0,1,-2.6248,6.08401e-05,-2.6248,False,consistent,down
7871,SLMAP,1,1,1,soleus,OSD-770,Mus musculus,1,0,1.0922,1.67178e-09,1.0922,False,consistent,up
7873,MANF,1,1,1,soleus,OSD-770,Mus musculus,0,1,-1.4333,0.000192618,-1.4333,False,consistent,down
788,SLC25A20,1,1,1,bone marrow,OSD-690,Mus musculus,1,0,1.019,6.61726e-06,1.019,False,consistent,up
78999,LRFN4,1,1,1,bone marrow,OSD-690,Mus musculus,0,1,-1.0672,0.0143514,-1.0672,False,consistent,down
79012,CAMKV,1,1,1,soleus,OSD-104,Mus musculus,1,0,1.3445,0.0134414,1.3445,False,consistent,up
79071,ELOVL6,1,1,1,quadriceps femoris,OSD-666,Mus musculus,1,0,1.8788,0.0061603,1.8788,False,consistent,up
79081,LBHD1,1,1,1,quadriceps femoris,OSD-103,Mus musculus,0,1,-1.536,0.00264192,-1.536,False,consistent,down
79092,CARD14,1,1,1,soleus,OSD-770,Mus musculus,0,1,-1.1039,0.0342833,-1.1039,False,consistent,down
79102,RNF26,1,1,1,bone marrow,OSD-690,Mus musculus,0,1,-1.1007,2.09677e-09,-1.1007,False,consistent,down
79140,CCDC28B,1,1,1,soleus,OSD-770,Mus musculus,0,1,-1.5442,1.00191e-17,-1.5442,False,consistent,down
79152,FA2H,1,1,1,soleus,OSD-770,Mus musculus,1,0,1.5314,7.07262e-09,1.5314,False,consistent,up
79156,PLEKHF1,1,1,1,soleus,OSD-770,Mus musculus,0,1,-1.1416,5.48789e-09,-1.1416,False,consistent,down
79174,CRELD2,1,1,1,soleus,OSD-770,Mus musculus,0,1,-1.8164,1.65582e-07,-1.8164,False,consistent,down
79191,IRX3,1,1,1,soleus,OSD-770,Mus musculus,1,0,1.0687,4.60102e-06,1.0687,False,consistent,up
79295,OR5H6,1,1,1,soleus,OSD-770,Mus musculus,1,0,2.2016,0.0308021,2.2016,False,consistent,up
793,CALB1,1,1,1,soleus,OSD-770,Mus musculus,1,0,1.3115,0.0240246,1.3115,False,consistent,up
79310,OR5H2,1,1,1,soleus,OSD-770,Mus musculus,1,0,2.2016,0.0308021,2.2016,False,consistent,up
79346,OR4C5,1,1,1,soleus,OSD-770,Mus musculus,1,0,2.8491,0.00601877,2.8491,False,consistent,up
79365,BHLHE41,1,1,1,soleus,OSD-770,Mus musculus,1,0,2.0936,4.20997e-08,2.0936,False,consistent,up
79415,CYBC1,1,1,1,soleus,OSD-770,Mus musculus,0,1,-1.0171,0.000657273,-1.0171,False,consistent,down
79544,OR4K1,1,1,1,soleus,OSD-770,Mus musculus,1,0,2.5237,0.0107521,2.5237,False,consistent,up
79567,RIPOR1,1,1,1,bone marrow,OSD-690,Mus musculus,0,1,-1.1641,5.53043e-07,-1.1641,False,consistent,down
79570,NKAIN1,1,1,1,soleus,OSD-770,Mus musculus,0,1,-1.0426,1.38188e-05,-1.0426,False,consistent,down
79630,C1orf54,1,1,1,extensor digitorum longus,OSD-99,Mus musculus,1,0,1.2295,0.00133095,1.2295,False,consistent,up
79649,MAP7D3,1,1,1,quadriceps femoris,OSD-666,Mus musculus,1,0,1.0053,0.00442821,1.0053,False,consistent,up
79696,ZC2HC1C,1,1,1,tibialis anterior,OSD-576,Mus musculus,1,0,1.0386,0.00466458,1.0386,False,consistent,up
7975,MAFK,1,1,1,soleus,OSD-104,Mus musculus,0,1,-1.2284,3.5382e-25,-1.2284,False,consistent,down
7976,FZD3,1,1,1,soleus,OSD-104,Mus musculus,1,0,1.2004,0.00953288,1.2004,False,consistent,up
79767,ELMO3,1,1,1,bone marrow,OSD-690,Mus musculus,0,1,-1.1341,0.000516162,-1.1341,False,consistent,down
79774,GRTP1,1,1,1,soleus,OSD-770,Mus musculus,0,1,-1.3987,8.00355e-06,-1.3987,False,consistent,down
7978,MTERF1,1,1,1,soleus,OSD-770,Mus musculus,0,1,-1.3397,5.19924e-06,-1.3397,False,consistent,down
79794,SPRING1,1,1,1,soleus,OSD-770,Mus musculus,0,1,-1.1433,3.37125e-14,-1.1433,False,consistent,down
7980,TFPI2,1,1,1,extensor digitorum longus,OSD-99,Mus musculus,1,0,1.4431,0.0394908,1.4431,False,consistent,up
79819,DNAI4,1,1,1,soleus,OSD-104,Mus musculus,0,1,-1.3058,1.75603e-07,-1.3058,False,consistent,down
79825,EFCC1,1,1,1,tibialis anterior,OSD-576,Mus musculus,0,1,-1.0002,0.0413276,-1.0002,False,consistent,down
79841,AGBL2,1,1,1,soleus,OSD-770,Mus musculus,0,1,-1.667,1.5577e-06,-1.667,False,consistent,down
79842,ZBTB3,1,1,1,soleus,OSD-770,Mus musculus,0,1,-1.5571,1.88076e-07,-1.5571,False,consistent,down
79877,DCAKD,1,1,1,soleus,OSD-770,Mus musculus,0,1,-1.217,1.53506e-17,-1.217,False,consistent,down
79879,CCDC134,1,1,1,gastrocnemius,OSD-101,Mus musculus,1,0,1.0521,3.20217e-09,1.0521,False,consistent,up
79899,PRR5L,1,1,1,tibialis anterior,OSD-105,Mus musculus,0,1,-1.088,0.0419599,-1.088,False,consistent,down
79905,TMC7,1,1,1,soleus,OSD-770,Mus musculus,0,1,-1.2448,1.70812e-23,-1.2448,False,consistent,down
79922,MRM1,1,1,1,soleus,OSD-770,Mus musculus,0,1,-1.5449,6.78504e-08,-1.5449,False,consistent,down
79927,FAM110D,1,1,1,soleus,OSD-770,Mus musculus,0,1,-1.0641,0.00155295,-1.0641,False,consistent,down
79930,DOK3,1,1,1,soleus,OSD-770,Mus musculus,0,1,-1.5107,0.0134216,-1.5107,False,consistent,down
79931,TNIP3,1,1,1,extensor digitorum longus,OSD-99,Mus musculus,1,0,1.7229,0.0423987,1.7229,False,consistent,up
79933,SYNPO2L,1,1,1,soleus,OSD-770,Mus musculus,1,0,1.1177,7.49134e-10,1.1177,False,consistent,up
79961,DENND2D,1,1,1,soleus,OSD-104,Mus musculus,1,0,1.0706,0.0306786,1.0706,False,consistent,up
79962,DNAJC22,1,1,1,gastrocnemius,OSD-422,Rattus norvegicus,0,1,-3.5947,0.0407983,-3.5947,False,consistent,down
79977,GRHL2,1,1,1,soleus,OSD-770,Mus musculus,1,0,2.5874,0.00600877,2.5874,False,consistent,up
79983,POF1B,1,1,1,soleus,OSD-104,Mus musculus,1,0,2.5305,0.00230401,2.5305,False,consistent,up
79989,TTC26,1,1,1,soleus,OSD-770,Mus musculus,0,1,-1.183,1.84352e-05,-1.183,False,consistent,down
79990,PLEKHH3,1,1,1,bone marrow,OSD-690,Mus musculus,0,1,-1.3659,0.00763722,-1.3659,False,consistent,down
80007,C10orf88,1,1,1,soleus,OSD-770,Mus musculus,1,0,1.2363,4.47417e-21,1.2363,False,consistent,up
8001,GLRA3,1,1,1,tibialis anterior,OSD-576,Mus musculus,1,0,3.553,0.000718091,3.553,False,consistent,up
80022,MYO15B,1,1,1,soleus,OSD-770,Mus musculus,0,1,-2.0324,0.00844202,-2.0324,False,consistent,down
80034,CSRNP3,1,1,1,soleus,OSD-104,Mus musculus,1,0,2.0498,0.0399626,2.0498,False,consistent,up
80115,BAIAP2L2,1,1,1,quadriceps femoris,OSD-666,Mus musculus,1,0,1.1224,0.0328603,1.1224,False,consistent,up
80139,ZNF703,1,1,1,bone marrow,OSD-690,Mus musculus,0,1,-1.4146,8.98855e-08,-1.4146,False,consistent,down
80152,CENPT,1,1,1,extensor digitorum longus,OSD-665,Mus musculus,0,1,-1.2025,6.48903e-13,-1.2025,False,consistent,down
80167,ABHD18,1,1,1,soleus,OSD-770,Mus musculus,0,1,-1.5712,2.6876e-09,-1.5712,False,consistent,down
80176,SPSB1,1,1,1,bone marrow,OSD-690,Mus musculus,0,1,-1.343,0.047611,-1.343,False,consistent,down
80178,TEDC2,1,1,1,soleus,OSD-770,Mus musculus,0,1,-1.2869,3.88959e-07,-1.2869,False,consistent,down
80219,COQ10B,1,1,1,quadriceps femoris,OSD-326,Mus musculus,0,1,-1.7253,0.0384812,-1.7253,False,consistent,down
80221,ACSF2,1,1,1,soleus,OSD-104,Mus musculus,0,1,-1.2674,7.40741e-17,-1.2674,False,consistent,down
80232,WDR26,1,1,1,quadriceps femoris,OSD-326,Mus musculus,0,1,-1.1808,0.0401964,-1.1808,False,consistent,down
80235,PIGZ,1,1,1,soleus,OSD-770,Mus musculus,0,1,-3.1917,0.000543818,-3.1917,False,consistent,down
80243,PREX2,1,1,1,bone marrow,OSD-690,Mus musculus,0,1,-1.5499,0.0228286,-1.5499,False,consistent,down
80298,MTERF2,1,1,1,soleus,OSD-770,Mus musculus,0,1,-1.2404,4.49815e-07,-1.2404,False,consistent,down
80307,FER1L4,1,1,1,soleus,OSD-770,Mus musculus,1,0,3.947,0.0100315,3.947,False,consistent,up
80310,PDGFD,1,1,1,tibialis anterior,OSD-576,Mus musculus,0,1,-1.1081,0.0208696,-1.1081,False,consistent,down
80312,TET1,1,1,1,soleus,OSD-104,Mus musculus,1,0,1.1378,1.04388e-09,1.1378,False,consistent,up
80320,SP6,1,1,1,soleus,OSD-104,Mus musculus,1,0,1.7097,0.0137172,1.7097,False,consistent,up
80336,PABPC1L,1,1,1,soleus,OSD-770,Mus musculus,1,0,1.6865,0.0114599,1.6865,False,consistent,up
80346,REEP4,1,1,1,soleus,OSD-770,Mus musculus,0,1,-1.0476,0.0376145,-1.0476,False,consistent,down
80352,RNF39,1,1,1,extensor digitorum longus,OSD-99,Mus musculus,0,1,-1.4006,0.0100167,-1.4006,False,consistent,down
805,CALM2,1,1,1,quadriceps femoris,OSD-666,Mus musculus,0,1,-1.0623,2.18661e-12,-1.0623,False,consistent,down
8061,FOSL1,1,1,1,tibialis anterior,OSD-576,Mus musculus,0,1,-2.2393,0.0200845,-2.2393,False,consistent,down
80723,SLC35G2,1,1,1,soleus,OSD-770,Mus musculus,0,1,-1.1301,8.65338e-08,-1.1301,False,consistent,down
80724,ACAD10,1,1,1,soleus,OSD-770,Mus musculus,0,1,-1.0603,4.22152e-07,-1.0603,False,consistent,down
80727,TTYH3,1,1,1,bone marrow,OSD-690,Mus musculus,0,1,-1.1725,1.38509e-07,-1.1725,False,consistent,down
80737,VWA7,1,1,1,bone marrow,OSD-690,Mus musculus,0,1,-1.2179,0.0423424,-1.2179,False,consistent,down
80739,MPIG6B,1,1,1,bone marrow,OSD-690,Mus musculus,0,1,-1.0346,0.00520485,-1.0346,False,consistent,down
80740,LY6G6C,1,1,1,soleus,OSD-104,Mus musculus,1,0,4.3958,0.0131576,4.3958,False,consistent,up
80759,KHDC1,1,1,1,soleus,OSD-770,Mus musculus,1,0,2.9889,0.0482067,2.9889,False,consistent,up
80776,B9D2,1,1,1,soleus,OSD-770,Mus musculus,0,1,-1.1404,6.10711e-09,-1.1404,False,consistent,down
80777,CYB5B,1,1,1,soleus,OSD-770,Mus musculus,1,0,1.022,4.25246e-15,1.022,False,consistent,up
80778,ZNF34,1,1,1,soleus,OSD-770,Mus musculus,1,0,2.3243,0.0488994,2.3243,True,consistent,up
80816,ASXL3,1,1,1,soleus,OSD-770,Mus musculus,1,0,1.1399,0.00170887,1.1399,False,consistent,up
8111,GPR68,1,1,1,quadriceps femoris,OSD-666,Mus musculus,0,1,-1.1845,0.0107243,-1.1845,False,consistent,down
81127,OR4K15,1,1,1,soleus,OSD-770,Mus musculus,1,0,2.3559,0.0199542,2.3559,False,consistent,up
81309,OR4C15,1,1,1,soleus,OSD-770,Mus musculus,1,0,2.3655,0.0106541,2.3655,True,consistent,up
81318,OR4A5,1,1,1,soleus,OSD-770,Mus musculus,1,0,2.7908,0.000367203,2.7908,True,consistent,up
81327,OR4A16,1,1,1,soleus,OSD-770,Mus musculus,1,0,3.6024,0.0251988,3.6024,True,consistent,up
8140,SLC7A5,1,1,1,bone marrow,OSD-690,Mus musculus,0,1,-1.4337,1.39817e-11,-1.4337,False,consistent,down
8153,RND2,1,1,1,bone marrow,OSD-690,Mus musculus,1,0,1.1664,0.0155008,1.1664,False,consistent,up
81539,SLC38A1,1,1,1,soleus,OSD-770,Mus musculus,0,1,-1.0033,0.0169897,-1.0033,False,consistent,down
81607,NECTIN4,1,1,1,soleus,OSD-104,Mus musculus,1,0,1.7759,0.0258012,1.7759,False,consistent,up
81620,CDT1,1,1,1,bone marrow,OSD-690,Mus musculus,0,1,-1.0689,9.30894e-10,-1.0689,False,consistent,down
81626,SHCBP1L,1,1,1,soleus,OSD-770,Mus musculus,1,0,4.4636,0.000680568,4.4636,False,consistent,up
81691,REXO5,1,1,1,quadriceps femoris,OSD-666,Mus musculus,1,0,1.0397,0.00559281,1.0397,False,consistent,up
8175,SF3A2,1,1,1,bone marrow,OSD-690,Mus musculus,0,1,-1.069,9.22909e-06,-1.069,False,consistent,down
81831,NETO2,1,1,1,soleus,OSD-770,Mus musculus,1,0,1.6962,2.72068e-17,1.6962,False,consistent,up
81832,NETO1,1,1,1,soleus,OSD-770,Mus musculus,1,0,1.8948,0.0461537,1.8948,False,consistent,up
81848,SPRY4,1,1,1,soleus,OSD-104,Mus musculus,0,1,-1.0152,4.50245e-09,-1.0152,False,consistent,down
81856,ZNF611,1,1,1,soleus,OSD-770,Mus musculus,0,1,-1.1706,1.04907e-08,-1.1706,False,consistent,down
8193,DPF1,1,1,1,tibialis anterior,OSD-105,Mus musculus,1,0,1.7855,0.00125404,1.7855,False,consistent,up
8200,GDF5,1,1,1,soleus,OSD-770,Mus musculus,1,0,1.1797,0.0385971,1.1797,False,consistent,up
8233,ZRSR2,1,1,1,soleus,OSD-770,Mus musculus,1,0,1.0025,0.00092086,1.0025,False,consistent,up
8242,KDM5C,1,1,1,gastrocnemius,OSD-422,Rattus norvegicus,1,0,2.5407,0.0379347,2.5407,False,consistent,up
8292,COLQ,1,1,1,soleus,OSD-770,Mus musculus,0,1,-2.0642,5.50389e-16,-2.0642,False,consistent,down
8301,PICALM,1,1,1,soleus,OSD-770,Mus musculus,1,0,1.1689,1.98664e-21,1.1689,False,consistent,up
8302,KLRC4,1,1,1,soleus,OSD-770,Mus musculus,1,0,2.0674,0.00278098,2.0674,False,consistent,up
8309,ACOX2,1,1,1,soleus,OSD-770,Mus musculus,0,1,-1.2453,0.0292467,-1.2453,False,consistent,down
8317,CDC7,1,1,1,extensor digitorum longus,OSD-99,Mus musculus,1,0,1.0602,0.0393042,1.0602,False,consistent,up
8320,EOMES,1,1,1,soleus,OSD-770,Mus musculus,1,0,2.2481,0.0191972,2.2481,False,consistent,up
8324,FZD7,1,1,1,soleus,OSD-770,Mus musculus,1,0,1.611,5.04822e-13,1.611,False,consistent,up
8328,GFI1B,1,1,1,bone marrow,OSD-690,Mus musculus,0,1,-1.0454,1.53818e-06,-1.0454,False,consistent,down
8335,H2AC4,1,1,1,extensor digitorum longus,OSD-99,Mus musculus,1,0,1.5919,1.38964e-05,1.5919,True,consistent,up
83394,PITPNM3,1,1,1,soleus,OSD-104,Mus musculus,1,0,1.4809,9.63099e-20,1.4809,False,consistent,up
83439,TCF7L1,1,1,1,soleus,OSD-770,Mus musculus,1,0,1.0006,0.00311564,1.0006,False,consistent,up
83440,ADPGK,1,1,1,soleus,OSD-770,Mus musculus,1,0,1.8126,3.73706e-18,1.8126,False,consistent,up
83473,KATNAL2,1,1,1,quadriceps femoris,OSD-666,Mus musculus,1,0,1.8049,0.000266818,1.8049,False,consistent,up
8350,H3C1,1,1,1,extensor digitorum longus,OSD-99,Mus musculus,1,0,1.3897,0.00209104,1.3897,True,consistent,up
8351,H3C4,1,1,1,extensor digitorum longus,OSD-99,Mus musculus,1,0,1.3897,0.00209104,1.3897,True,consistent,up
8352,H3C3,1,1,1,extensor digitorum longus,OSD-99,Mus musculus,1,0,1.3897,0.00209104,1.3897,True,consistent,up
8353,H3C6,1,1,1,extensor digitorum longus,OSD-99,Mus musculus,1,0,1.3897,0.00209104,1.3897,True,consistent,up
8354,H3C11,1,1,1,extensor digitorum longus,OSD-99,Mus musculus,1,0,1.3897,0.00209104,1.3897,True,consistent,up
83544,DNAL1,1,1,1,bone marrow,OSD-690,Mus musculus,0,1,-1.3694,0.033408,-1.3694,False,consistent,down
8355,H3C8,1,1,1,extensor digitorum longus,OSD-99,Mus musculus,1,0,1.3897,0.00209104,1.3897,True,consistent,up
8356,H3C12,1,1,1,extensor digitorum longus,OSD-99,Mus musculus,1,0,1.3897,0.00209104,1.3897,True,consistent,up
8357,H3C10,1,1,1,extensor digitorum longus,OSD-99,Mus musculus,1,0,1.3897,0.00209104,1.3897,True,consistent,up
8358,H3C2,1,1,1,extensor digitorum longus,OSD-99,Mus musculus,1,0,1.8158,0.0017183,1.8158,True,consistent,up
83640,RAMAC,1,1,1,soleus,OSD-104,Mus musculus,1,0,1.1552,0.00385152,1.1552,False,consistent,up
83643,CCDC3,1,1,1,gastrocnemius,OSD-422,Rattus norvegicus,1,0,5.2458,0.00852819,5.2458,False,consistent,up
83659,TEKT1,1,1,1,soleus,OSD-770,Mus musculus,1,0,1.4008,0.00510969,1.4008,False,consistent,up
83667,SESN2,1,1,1,quadriceps femoris,OSD-666,Mus musculus,1,0,1.0277,2.32049e-06,1.0277,False,consistent,up
83697,SLC4A9,1,1,1,tibialis anterior,OSD-576,Mus musculus,1,0,3.297,0.0227332,3.297,False,consistent,up
83700,JAM3,1,1,1,soleus,OSD-770,Mus musculus,0,1,-1.0595,1.80203e-10,-1.0595,False,consistent,down
8382,NME5,1,1,1,soleus,OSD-770,Mus musculus,0,1,-1.4515,1.43737e-05,-1.4515,False,consistent,down
83857,TMTC1,1,1,1,bone marrow,OSD-690,Mus musculus,0,1,-1.4007,0.012991,-1.4007,False,consistent,down
8387,OR1E1,1,1,1,soleus,OSD-770,Mus musculus,1,0,2.4566,0.00688635,2.4566,True,consistent,up
83878,USHBP1,1,1,1,bone marrow,OSD-690,Mus musculus,0,1,-1.48,0.00545964,-1.48,False,consistent,down
8388,OR1E2,1,1,1,soleus,OSD-770,Mus musculus,1,0,2.4566,0.00688635,2.4566,True,consistent,up
83889,WDR87,1,1,1,soleus,OSD-770,Mus musculus,1,0,1.6312,0.0329588,1.6312,False,consistent,up
8389,OR1E3,1,1,1,soleus,OSD-770,Mus musculus,1,0,2.4566,0.00688635,2.4566,True,consistent,up
83903,HASPIN,1,1,1,soleus,OSD-770,Mus musculus,0,1,-1.218,0.0158473,-1.218,False,consistent,down
83937,RASSF4,1,1,1,tibialis anterior,OSD-576,Mus musculus,1,0,1.0628,0.000697755,1.0628,False,consistent,up
83942,TSSK1B,1,1,1,tibialis anterior,OSD-576,Mus musculus,1,0,1.1239,0.0316597,1.1239,False,consistent,up
83953,FCAMR,1,1,1,soleus,OSD-770,Mus musculus,1,0,2.0888,0.0183882,2.0888,False,consistent,up
83992,CTTNBP2,1,1,1,soleus,OSD-770,Mus musculus,1,0,1.1279,0.00101788,1.1279,False,consistent,up
8408,ULK1,1,1,1,extensor digitorum longus,OSD-665,Mus musculus,1,0,1.0848,8.61382e-13,1.0848,False,consistent,up
84152,PPP1R1B,1,1,1,soleus,OSD-770,Mus musculus,1,0,2.105,0.00013634,2.105,False,consistent,up
84159,ARID5B,1,1,1,soleus,OSD-770,Mus musculus,1,0,1.3286,1.42779e-12,1.3286,False,consistent,up
84203,TXNDC2,1,1,1,soleus,OSD-770,Mus musculus,1,0,1.6549,0.0378011,1.6549,False,consistent,up
84226,C2orf16,1,1,1,soleus,OSD-770,Mus musculus,1,0,2.0208,0.020418,2.0208,False,consistent,up
8424,BBOX1,1,1,1,quadriceps femoris,OSD-666,Mus musculus,1,0,2.6821,0.000134142,2.6821,False,consistent,up
84247,RTL6,1,1,1,soleus,OSD-770,Mus musculus,0,1,-1.7304,5.50366e-22,-1.7304,False,consistent,down
8425,LTBP4,1,1,1,bone marrow,OSD-690,Mus musculus,0,1,-3.005,4.12318e-07,-3.005,False,consistent,down
84266,ALKBH7,1,1,1,soleus,OSD-770,Mus musculus,0,1,-1.1026,1.38827e-07,-1.1026,False,consistent,down
84276,NICN1,1,1,1,soleus,OSD-770,Mus musculus,0,1,-1.1359,3.52232e-11,-1.1359,False,consistent,down
84293,PRXL2A,1,1,1,soleus,OSD-104,Mus musculus,0,1,-1.0152,3.31891e-22,-1.0152,False,consistent,down
84302,PGAP4,1,1,1,soleus,OSD-770,Mus musculus,0,1,-1.192,3.29243e-06,-1.192,False,consistent,down
84314,TMEM107,1,1,1,soleus,OSD-770,Mus musculus,0,1,-1.3844,0.00471047,-1.3844,False,consistent,down
84329,HVCN1,1,1,1,tibialis anterior,OSD-576,Mus musculus,1,0,1.3361,1.55502e-05,1.3361,False,consistent,up
8438,RAD54L,1,1,1,soleus,OSD-770,Mus musculus,1,0,1.4391,0.0482096,1.4391,False,consistent,up
84417,ECRG4,1,1,1,soleus,OSD-770,Mus musculus,0,1,-1.0097,0.0460164,-1.0097,False,consistent,down
84436,ZNF528,1,1,1,soleus,OSD-770,Mus musculus,0,1,-1.2098,2.09516e-06,-1.2098,False,consistent,down
84448,ABLIM2,1,1,1,bone marrow,OSD-690,Mus musculus,0,1,-1.7041,0.0380922,-1.7041,False,consistent,down
84465,MEGF11,1,1,1,soleus,OSD-770,Mus musculus,1,0,2.1342,0.00289414,2.1342,False,consistent,up
84547,PGBD1,1,1,1,soleus,OSD-770,Mus musculus,0,1,-1.1024,0.0017118,-1.1024,False,consistent,down
84623,KIRREL3,1,1,1,extensor digitorum longus,OSD-665,Mus musculus,1,0,1.1077,0.000426807,1.1077,False,consistent,up
84662,GLIS2,1,1,1,bone marrow,OSD-690,Mus musculus,0,1,-1.2088,0.000622312,-1.2088,False,consistent,down
84667,HES7,1,1,1,soleus,OSD-770,Mus musculus,1,0,2.5937,0.0451514,2.5937,False,consistent,up
8467,SMARCA5,1,1,1,gastrocnemius,OSD-422,Rattus norvegicus,1,0,1.054,0.00078468,1.054,False,consistent,up
84674,CARD6,1,1,1,soleus,OSD-770,Mus musculus,0,1,-1.2004,4.87519e-08,-1.2004,False,consistent,down
84687,PPP1R9B,1,1,1,bone marrow,OSD-690,Mus musculus,0,1,-1.0016,2.28474e-07,-1.0016,False,consistent,down
84707,BEX2,1,1,1,tibialis anterior,OSD-576,Mus musculus,0,1,-1.3867,0.00314182,-1.3867,False,consistent,down
84823,LMNB2,1,1,1,quadriceps femoris,OSD-666,Mus musculus,0,1,-1.073,7.14265e-08,-1.073,False,consistent,down
8483,CILP,1,1,1,extensor digitorum longus,OSD-99,Mus musculus,1,0,1.078,6.03222e-14,1.078,False,consistent,up
84858,ZNF503,1,1,1,extensor digitorum longus,OSD-99,Mus musculus,0,1,-1.1343,0.000715468,-1.1343,False,consistent,down
84870,RSPO3,1,1,1,soleus,OSD-104,Mus musculus,1,0,1.1342,1.59449e-28,1.1342,False,consistent,up
84871,AGBL4,1,1,1,soleus,OSD-770,Mus musculus,1,0,1.8498,0.0279127,1.8498,False,consistent,up
84886,C1orf198,1,1,1,bone marrow,OSD-690,Mus musculus,0,1,-1.1212,5.25966e-11,-1.1212,False,consistent,down
84894,LINGO1,1,1,1,soleus,OSD-104,Mus musculus,0,1,-1.0166,0.000293856,-1.0166,False,consistent,down
84895,MIGA2,1,1,1,soleus,OSD-770,Mus musculus,0,1,-1.1982,3.59881e-05,-1.1982,False,consistent,down
84899,TMTC4,1,1,1,soleus,OSD-770,Mus musculus,1,0,1.0267,3.23538e-06,1.0267,False,consistent,up
84900,RNFT2,1,1,1,soleus,OSD-770,Mus musculus,0,1,-1.2531,0.00092965,-1.2531,False,consistent,down
84904,ARHGEF39,1,1,1,soleus,OSD-104,Mus musculus,0,1,-2.1684,0.0482875,-2.1684,False,consistent,down
84909,AOPEP,1,1,1,soleus,OSD-770,Mus musculus,1,0,1.0262,2.64539e-09,1.0262,False,consistent,up
84913,ATOH8,1,1,1,soleus,OSD-770,Mus musculus,0,1,-1.2224,0.00263012,-1.2224,False,consistent,down
84915,FAM222A,1,1,1,soleus,OSD-104,Mus musculus,1,0,1.334,9.71418e-14,1.334,False,consistent,up
84929,FIBCD1,1,1,1,soleus,OSD-770,Mus musculus,1,0,1.3334,0.0435097,1.3334,False,consistent,up
84934,RITA1,1,1,1,soleus,OSD-770,Mus musculus,0,1,-1.1412,1.26014e-07,-1.1412,False,consistent,down
84966,IGSF21,1,1,1,soleus,OSD-104,Mus musculus,0,1,-2.0577,2.80882e-06,-2.0577,False,consistent,down
84967,LSM10,1,1,1,soleus,OSD-770,Mus musculus,0,1,-1.113,9.05038e-09,-1.113,False,consistent,down
84981,MIR22HG,1,1,1,quadriceps femoris,OSD-326,Mus musculus,0,1,-1.3817,0.00271619,-1.3817,False,consistent,down
85004,RERG,1,1,1,gastrocnemius,OSD-422,Rattus norvegicus,1,0,6.6253,0.0353024,6.6253,False,consistent,up
85012,TCEAL3,1,1,1,soleus,OSD-770,Mus musculus,1,0,1.171,0.00922075,1.171,False,consistent,up
8506,CNTNAP1,1,1,1,bone marrow,OSD-690,Mus musculus,0,1,-1.0655,0.00860873,-1.0655,False,consistent,down
8507,ENC1,1,1,1,soleus,OSD-104,Mus musculus,0,1,-1.0114,0.0235873,-1.0114,False,consistent,down
8510,MMP23B,1,1,1,bone marrow,OSD-690,Mus musculus,0,1,-1.5776,0.0018222,-1.5776,False,consistent,down
8531,YBX3,1,1,1,soleus,OSD-770,Mus musculus,1,0,1.0288,1.07152e-08,1.0288,False,consistent,up
8532,CPZ,1,1,1,extensor digitorum longus,OSD-99,Mus musculus,1,0,1.5469,0.0129853,1.5469,False,consistent,up
8537,BCAS1,1,1,1,soleus,OSD-770,Mus musculus,1,0,1.2942,0.00714621,1.2942,False,consistent,up
8538,BARX2,1,1,1,soleus,OSD-104,Mus musculus,1,0,1.013,2.59886e-26,1.013,False,consistent,up
8541,PPFIA3,1,1,1,soleus,OSD-770,Mus musculus,1,0,2.9247,0.000229703,2.9247,False,consistent,up
85416,ZIC5,1,1,1,soleus,OSD-770,Mus musculus,1,0,3.1008,0.00820105,3.1008,False,consistent,up
85452,CFAP74,1,1,1,soleus,OSD-770,Mus musculus,0,1,-1.2389,1.51467e-05,-1.2389,False,consistent,down
85455,DISP2,1,1,1,soleus,OSD-770,Mus musculus,1,0,1.7736,0.0399038,1.7736,False,consistent,up
85480,TSLP,1,1,1,soleus,OSD-770,Mus musculus,1,0,1.1118,0.0443067,1.1118,False,consistent,up
8549,LGR5,1,1,1,bone marrow,OSD-690,Mus musculus,0,1,-1.3131,2.43378e-08,-1.3131,False,consistent,down
8626,TP63,1,1,1,soleus,OSD-770,Mus musculus,1,0,1.6854,3.41513e-11,1.6854,False,consistent,up
8632,DNAH17,1,1,1,soleus,OSD-104,Mus musculus,1,0,1.3571,0.0273556,1.3571,False,consistent,up
8633,UNC5C,1,1,1,soleus,OSD-770,Mus musculus,1,0,1.3479,0.0141819,1.3479,False,consistent,up
8637,EIF4EBP3,1,1,1,soleus,OSD-104,Mus musculus,0,1,-1.044,0.000292995,-1.044,False,consistent,down
864,RUNX3,1,1,1,quadriceps femoris,OSD-666,Mus musculus,0,1,-2.1342,0.00404605,-2.1342,False,consistent,down
8642,DCHS1,1,1,1,bone marrow,OSD-690,Mus musculus,0,1,-1.3543,0.0204481,-1.3543,False,consistent,down
8651,SOCS1,1,1,1,quadriceps femoris,OSD-666,Mus musculus,0,1,-1.8573,0.00685563,-1.8573,False,consistent,down
8710,SERPINB7,1,1,1,soleus,OSD-770,Mus musculus,0,1,-2.0479,0.0043968,-2.0479,False,consistent,down
8722,CTSF,1,1,1,bone marrow,OSD-690,Mus musculus,0,1,-1.0808,9.16826e-05,-1.0808,False,consistent,down
8723,SNX4,1,1,1,soleus,OSD-770,Mus musculus,0,1,-1.3925,3.15424e-15,-1.3925,False,consistent,down
8725,URI1,1,1,1,soleus,OSD-770,Mus musculus,1,0,1.0054,1.11562e-09,1.0054,False,consistent,up
8739,HRK,1,1,1,extensor digitorum longus,OSD-665,Mus musculus,1,0,1.4063,0.000120766,1.4063,False,consistent,up
8772,FADD,1,1,1,soleus,OSD-770,Mus musculus,0,1,-1.009,1.96128e-09,-1.009,False,consistent,down
8785,MATN4,1,1,1,soleus,OSD-770,Mus musculus,0,1,-1.5922,0.006229,-1.5922,False,consistent,down
8788,DLK1,1,1,1,soleus,OSD-104,Mus musculus,1,0,1.7983,4.92516e-05,1.7983,False,consistent,up
8789,FBP2,1,1,1,soleus,OSD-770,Mus musculus,1,0,1.4037,4.51667e-07,1.4037,False,consistent,up
8817,FGF18,1,1,1,soleus,OSD-104,Mus musculus,0,1,-1.2626,4.30772e-06,-1.2626,False,consistent,down
8819,SAP30,1,1,1,soleus,OSD-770,Mus musculus,1,0,1.1413,1.03078e-07,1.1413,False,consistent,up
8835,SOCS2,1,1,1,soleus,OSD-104,Mus musculus,1,0,1.1929,0.0306866,1.1929,False,consistent,up
8851,CDK5R1,1,1,1,soleus,OSD-770,Mus musculus,1,0,2.0955,0.000663917,2.0955,False,consistent,up
8857,FCGBP,1,1,1,soleus,OSD-770,Mus musculus,1,0,1.8061,0.0226651,1.8061,False,consistent,up
8884,SLC5A6,1,1,1,soleus,OSD-770,Mus musculus,0,1,-1.2732,7.76717e-09,-1.2732,False,consistent,down
890,CCNA2,1,1,1,extensor digitorum longus,OSD-99,Mus musculus,1,0,2.0198,0.000249067,2.0198,False,consistent,up
8909,ENDOU,1,1,1,gastrocnemius,OSD-422,Rattus norvegicus,1,0,7.4806,1.31421e-05,7.4806,False,consistent,up
8911,CACNA1I,1,1,1,quadriceps femoris,OSD-666,Mus musculus,1,0,2.667,4.3469e-09,2.667,False,consistent,up
8916,HERC3,1,1,1,soleus,OSD-770,Mus musculus,1,0,1.3452,1.45656e-16,1.3452,False,consistent,up
8939,FUBP3,1,1,1,gastrocnemius,OSD-422,Rattus norvegicus,1,0,1.4469,0.0296752,1.4469,False,consistent,up
8968,H3C7,1,1,1,extensor digitorum longus,OSD-99,Mus musculus,1,0,1.3897,0.00209104,1.3897,True,consistent,up
8971,H1-10,1,1,1,bone marrow,OSD-690,Mus musculus,0,1,-1.0377,0.0360679,-1.0377,False,consistent,down
89765,RSPH1,1,1,1,soleus,OSD-104,Mus musculus,1,0,1.776,3.85183e-05,1.776,False,consistent,up
89801,PPP1R3F,1,1,1,quadriceps femoris,OSD-666,Mus musculus,1,0,1.0021,0.00669749,1.0021,False,consistent,up
89846,FGD3,1,1,1,soleus,OSD-770,Mus musculus,0,1,-2.3322,1.13067e-21,-2.3322,False,consistent,down
8985,PLOD3,1,1,1,soleus,OSD-770,Mus musculus,0,1,-1.0423,0.000900248,-1.0423,False,consistent,down
90102,PHLDB2,1,1,1,bone marrow,OSD-690,Mus musculus,0,1,-1.0867,0.0119708,-1.0867,False,consistent,down
9020,MAP3K14,1,1,1,tibialis anterior,OSD-576,Mus musculus,0,1,-1.1189,0.00144405,-1.1189,False,consistent,down
9027,NAT8,1,1,1,soleus,OSD-770,Mus musculus,1,0,2.9757,0.047905,2.9757,False,consistent,up
90273,CEACAM21,1,1,1,soleus,OSD-770,Mus musculus,1,0,1.9562,0.0478825,1.9562,False,consistent,up
90317,ZNF616,1,1,1,soleus,OSD-770,Mus musculus,0,1,-1.2098,2.09516e-06,-1.2098,False,consistent,down
9037,SEMA5A,1,1,1,soleus,OSD-770,Mus musculus,1,0,1.2612,1.38845e-11,1.2612,False,consistent,up
90441,ZNF622,1,1,1,gastrocnemius,OSD-422,Rattus norvegicus,1,0,2.0253,2.19838e-15,2.0253,False,consistent,up
9048,ARTN,1,1,1,bone marrow,OSD-690,Mus musculus,0,1,-1.8356,6.54484e-06,-1.8356,False,consistent,down
9052,GPRC5A,1,1,1,soleus,OSD-104,Mus musculus,0,1,-1.1549,5.81843e-06,-1.1549,False,consistent,down
9069,CLDN12,1,1,1,quadriceps femoris,OSD-326,Mus musculus,0,1,-1.0999,0.0138919,-1.0999,False,consistent,down
90835,CFAP119,1,1,1,soleus,OSD-770,Mus musculus,0,1,-1.4789,1.53458e-07,-1.4789,False,consistent,down
9086,EIF1AY,1,1,1,soleus,OSD-770,Mus musculus,1,0,3.7381,0.0320628,3.7381,True,consistent,up
9099,USP2,1,1,1,bone marrow,OSD-690,Mus musculus,0,1,-1.0779,0.00784207,-1.0779,False,consistent,down
91156,IGFN1,1,1,1,soleus,OSD-770,Mus musculus,1,0,1.0301,1.08209e-05,1.0301,False,consistent,up
9117,SEC22C,1,1,1,soleus,OSD-770,Mus musculus,0,1,-1.0691,6.862e-08,-1.0691,False,consistent,down
91179,SCARF2,1,1,1,bone marrow,OSD-690,Mus musculus,0,1,-1.2458,0.00333452,-1.2458,False,consistent,down
91181,NUP210L,1,1,1,quadriceps femoris,OSD-666,Mus musculus,0,1,-1.3564,0.0450372,-1.3564,False,consistent,down
9119,KRT75,1,1,1,soleus,OSD-104,Mus musculus,1,0,5.0762,0.00850191,5.0762,False,consistent,up
912,CD1D,1,1,1,quadriceps femoris,OSD-666,Mus musculus,1,0,1.8503,0.000213926,1.8503,False,consistent,up
9123,SLC16A3,1,1,1,soleus,OSD-770,Mus musculus,1,0,2.0268,8.72249e-10,2.0268,False,consistent,up
9133,CCNB2,1,1,1,extensor digitorum longus,OSD-99,Mus musculus,1,0,1.8175,0.00761446,1.8175,False,consistent,up
91373,UAP1L1,1,1,1,soleus,OSD-770,Mus musculus,0,1,-1.3875,0.000334468,-1.3875,False,consistent,down
91544,UBXN11,1,1,1,soleus,OSD-770,Mus musculus,0,1,-1.4301,0.00204786,-1.4301,False,consistent,down
91584,PLXNA4,1,1,1,bone marrow,OSD-690,Mus musculus,0,1,-1.0201,0.00193326,-1.0201,False,consistent,down
916,CD3E,1,1,1,soleus,OSD-770,Mus musculus,1,0,2.3517,0.0285097,2.3517,False,consistent,up
91614,DEPDC7,1,1,1,soleus,OSD-770,Mus musculus,0,1,-1.0978,7.63938e-05,-1.0978,False,consistent,down
9162,DGKI,1,1,1,quadriceps femoris,OSD-666,Mus musculus,1,0,1.7547,0.00923124,1.7547,False,consistent,up
91624,NEXN,1,1,1,soleus,OSD-770,Mus musculus,1,0,1.1781,2.44929e-08,1.1781,False,consistent,up
91653,BOC,1,1,1,bone marrow,OSD-690,Mus musculus,0,1,-1.3228,0.0396181,-1.3228,False,consistent,down
9172,MYOM2,1,1,1,soleus,OSD-770,Mus musculus,1,0,1.0387,2.62101e-08,1.0387,False,consistent,up
91749,MFSD4B,1,1,1,soleus,OSD-770,Mus musculus,0,1,-1.8711,8.14076e-14,-1.8711,False,consistent,down
91807,MYLK3,1,1,1,soleus,OSD-104,Mus musculus,1,0,2.0901,1.37754e-21,2.0901,False,consistent,up
91894,C11orf52,1,1,1,soleus,OSD-770,Mus musculus,1,0,1.2321,3.61352e-13,1.2321,False,consistent,up
9196,KCNAB3,1,1,1,quadriceps femoris,OSD-666,Mus musculus,1,0,2.7518,0.00876657,2.7518,False,consistent,up
92104,TTC30A,1,1,1,soleus,OSD-770,Mus musculus,0,1,-1.4781,9.27791e-13,-1.4781,True,consistent,down
92106,OXNAD1,1,1,1,soleus,OSD-770,Mus musculus,0,1,-1.1371,3.35614e-11,-1.1371,False,consistent,down
9211,LGI1,1,1,1,soleus,OSD-770,Mus musculus,0,1,-1.8711,7.9092e-15,-1.8711,False,consistent,down
9212,AURKB,1,1,1,extensor digitorum longus,OSD-99,Mus musculus,1,0,1.5444,0.00982579,1.5444,False,consistent,up
92154,MTSS2,1,1,1,bone marrow,OSD-690,Mus musculus,0,1,-1.1852,0.000928115,-1.1852,False,consistent,down
92235,STYXL2,1,1,1,soleus,OSD-770,Mus musculus,1,0,1.6704,5.54565e-17,1.6704,False,consistent,up
9228,DLGAP2,1,1,1,soleus,OSD-104,Mus musculus,0,1,-1.6757,0.0258547,-1.6757,False,consistent,down
9231,DLG5,1,1,1,soleus,OSD-770,Mus musculus,1,0,1.0931,3.98968e-05,1.0931,False,consistent,up
92312,MEX3A,1,1,1,extensor digitorum longus,OSD-99,Mus musculus,1,0,1.2017,0.000298196,1.2017,False,consistent,up
92369,SPSB4,1,1,1,extensor digitorum longus,OSD-99,Mus musculus,1,0,1.3229,8.34742e-08,1.3229,False,consistent,up
9256,TSPOAP1,1,1,1,quadriceps femoris,OSD-666,Mus musculus,0,1,-4.0896,0.00303832,-4.0896,False,consistent,down
9258,MFHAS1,1,1,1,bone marrow,OSD-690,Mus musculus,0,1,-1.0838,5.3999e-10,-1.0838,False,consistent,down
92949,ADAMTSL1,1,1,1,extensor digitorum longus,OSD-665,Mus musculus,0,1,-1.0954,4.08274e-08,-1.0954,False,consistent,down
93099,DMKN,1,1,1,soleus,OSD-770,Mus musculus,0,1,-1.3703,0.0355045,-1.3703,False,consistent,down
9310,ZNF235,1,1,1,soleus,OSD-770,Mus musculus,1,0,1.6238,0.00612253,1.6238,False,consistent,up
93109,TMEM44,1,1,1,bone marrow,OSD-690,Mus musculus,0,1,-1.1762,0.00564004,-1.1762,False,consistent,down
9314,KLF4,1,1,1,soleus,OSD-104,Mus musculus,0,1,-1.1483,5.49565e-05,-1.1483,False,consistent,down
9331,B4GALT6,1,1,1,soleus,OSD-770,Mus musculus,0,1,-1.5002,1.18216e-09,-1.5002,False,consistent,down
9351,SLC9A3R2,1,1,1,tibialis anterior,OSD-576,Mus musculus,0,1,-1.0979,1.41511e-05,-1.0979,False,consistent,down
93589,CACNA2D4,1,1,1,soleus,OSD-770,Mus musculus,1,0,1.1375,0.00834664,1.1375,False,consistent,up
93594,TBC1D31,1,1,1,soleus,OSD-770,Mus musculus,0,1,-1.1155,6.85945e-05,-1.1155,False,consistent,down
93649,MYOCD,1,1,1,soleus,OSD-770,Mus musculus,1,0,1.0667,0.00732723,1.0667,False,consistent,up
9376,SLC22A8,1,1,1,soleus,OSD-104,Mus musculus,1,0,2.564,0.0496504,2.564,False,consistent,up
9379,NRXN2,1,1,1,extensor digitorum longus,OSD-665,Mus musculus,1,0,1.1913,0.0201185,1.1913,False,consistent,up
9398,CD101,1,1,1,extensor digitorum longus,OSD-665,Mus musculus,1,0,1.4532,0.0217759,1.4532,False,consistent,up
94025,MUC16,1,1,1,soleus,OSD-770,Mus musculus,1,0,2.3943,0.00430061,2.3943,False,consistent,up
94137,RP1L1,1,1,1,soleus,OSD-770,Mus musculus,1,0,2.3352,0.0250208,2.3352,False,consistent,up
943,TNFRSF8,1,1,1,soleus,OSD-104,Mus musculus,1,0,3.2464,0.00136893,3.2464,False,consistent,up
9444,QKI,1,1,1,soleus,OSD-770,Mus musculus,1,0,1.021,0.000609235,1.021,False,consistent,up
9468,PCYT1B,1,1,1,extensor digitorum longus,OSD-665,Mus musculus,0,1,-1.084,0.0499835,-1.084,False,consistent,down
9469,CHST3,1,1,1,soleus,OSD-770,Mus musculus,1,0,1.1134,4.80074e-09,1.1134,False,consistent,up
9480,ONECUT2,1,1,1,soleus,OSD-770,Mus musculus,1,0,1.4359,0.00929865,1.4359,False,consistent,up
9518,GDF15,1,1,1,soleus,OSD-104,Mus musculus,0,1,-2.6262,2.36425e-10,-2.6262,False,consistent,down
9568,GABBR2,1,1,1,soleus,OSD-770,Mus musculus,1,0,2.3702,0.00216531,2.3702,False,consistent,up
9576,SPAG6,1,1,1,soleus,OSD-104,Mus musculus,1,0,1.2635,0.0361439,1.2635,False,consistent,up
9586,CREB5,1,1,1,soleus,OSD-770,Mus musculus,1,0,1.0189,4.74973e-08,1.0189,False,consistent,up
9587,MAD2L1BP,1,1,1,soleus,OSD-770,Mus musculus,0,1,-1.2741,7.07176e-05,-1.2741,False,consistent,down
9588,PRDX6,1,1,1,soleus,OSD-770,Mus musculus,1,0,2.3586,0.0421256,2.3586,False,consistent,up
9590,AKAP12,1,1,1,bone marrow,OSD-690,Mus musculus,0,1,-1.1996,6.21892e-06,-1.1996,False,consistent,down
9601,PDIA4,1,1,1,soleus,OSD-770,Mus musculus,0,1,-1.6758,7.43157e-07,-1.6758,False,consistent,down
9625,AATK,1,1,1,soleus,OSD-770,Mus musculus,1,0,1.0825,0.0151517,1.0825,False,consistent,up
9629,CLCA3P,1,1,1,soleus,OSD-104,Mus musculus,1,0,1.0202,0.0382849,1.0202,False,consistent,up
9635,CLCA2,1,1,1,soleus,OSD-104,Mus musculus,1,0,1.6818,0.0488741,1.6818,False,consistent,up
9654,TTLL4,1,1,1,gastrocnemius,OSD-422,Rattus norvegicus,1,0,6.7308,0.0307633,6.7308,False,consistent,up
9671,WSCD2,1,1,1,soleus,OSD-770,Mus musculus,1,0,1.1519,0.0294008,1.1519,False,consistent,up
968,CD68,1,1,1,soleus,OSD-770,Mus musculus,1,0,1.6257,0.0310077,1.6257,False,consistent,up
9682,KDM4A,1,1,1,soleus,OSD-770,Mus musculus,0,1,-1.2344,9.46118e-07,-1.2344,False,consistent,down
9686,VGLL4,1,1,1,gastrocnemius,OSD-422,Rattus norvegicus,0,1,-2.5276,0.00111925,-2.5276,False,consistent,down
9720,CCDC144A,1,1,1,soleus,OSD-770,Mus musculus,1,0,1.9992,0.0234986,1.9992,False,consistent,up
9729,KIAA0408,1,1,1,soleus,OSD-770,Mus musculus,1,0,1.1236,0.000200149,1.1236,False,consistent,up
9734,HDAC9,1,1,1,soleus,OSD-770,Mus musculus,1,0,1.0084,0.000896168,1.0084,False,consistent,up
9750,RIPOR2,1,1,1,tibialis anterior,OSD-576,Mus musculus,0,1,-1.003,0.000565408,-1.003,False,consistent,down
9760,TOX,1,1,1,tibialis anterior,OSD-576,Mus musculus,1,0,1.2593,0.00384101,1.2593,False,consistent,up
9772,TMEM94,1,1,1,bone marrow,OSD-690,Mus musculus,0,1,-1.1033,3.1047e-05,-1.1033,False,consistent,down
978,CDA,1,1,1,soleus,OSD-770,Mus musculus,0,1,-1.062,0.0169897,-1.062,False,consistent,down
9792,SERTAD2,1,1,1,tibialis anterior,OSD-576,Mus musculus,1,0,1.0302,2.41796e-07,1.0302,False,consistent,up
983,CDK1,1,1,1,extensor digitorum longus,OSD-99,Mus musculus,1,0,3.362,0.000229418,3.362,False,consistent,up
9832,JAKMIP2,1,1,1,extensor digitorum longus,OSD-665,Mus musculus,0,1,-1.8515,0.0282087,-1.8515,False,consistent,down
9840,TESPA1,1,1,1,soleus,OSD-770,Mus musculus,1,0,1.394,0.035116,1.394,False,consistent,up
9843,HEPH,1,1,1,quadriceps femoris,OSD-666,Mus musculus,1,0,1.298,0.00028194,1.298,False,consistent,up
9854,C2CD2L,1,1,1,bone marrow,OSD-690,Mus musculus,0,1,-1.0719,7.46098e-09,-1.0719,False,consistent,down
9856,KIAA0319,1,1,1,soleus,OSD-770,Mus musculus,1,0,3.1928,0.0331053,3.1928,False,consistent,up
9883,POM121,1,1,1,bone marrow,OSD-690,Mus musculus,0,1,-1.1804,7.83156e-08,-1.1804,False,consistent,down
9884,LRRC37A,1,1,1,soleus,OSD-770,Mus musculus,1,0,2.3042,0.0202792,2.3042,False,consistent,up
9886,RHOBTB1,1,1,1,soleus,OSD-770,Mus musculus,0,1,-1.2915,2.68978e-21,-1.2915,False,consistent,down
9890,PLPPR4,1,1,1,soleus,OSD-770,Mus musculus,0,1,-1.2311,0.000140543,-1.2311,False,consistent,down
9891,NUAK1,1,1,1,bone marrow,OSD-690,Mus musculus,0,1,-1.0608,2.8177e-07,-1.0608,False,consistent,down
991,CDC20,1,1,1,extensor digitorum longus,OSD-99,Mus musculus,1,0,1.1708,0.0330401,1.1708,False,consistent,up
9915,ARNT2,1,1,1,soleus,OSD-104,Mus musculus,0,1,-1.0682,0.000225693,-1.0682,False,consistent,down
9928,KIF14,1,1,1,extensor digitorum longus,OSD-99,Mus musculus,1,0,1.6492,0.0216291,1.6492,False,consistent,up
9941,EXOG,1,1,1,soleus,OSD-770,Mus musculus,0,1,-1.3423,2.03237e-10,-1.3423,False,consistent,down
9942,XYLB,1,1,1,bone marrow,OSD-690,Mus musculus,0,1,-1.8811,0.00487936,-1.8811,False,consistent,down
999,CDH1,1,1,1,soleus,OSD-104,Mus musculus,1,0,1.2757,0.00957312,1.2757,False,consistent,up
9992,KCNE2,1,1,1,soleus,OSD-770,Mus musculus,1,0,3.2387,0.0313264,3.2387,False,consistent,up
9997,SCO2,1,1,1,soleus,OSD-770,Mus musculus,0,1,-1.7444,4.72279e-10,-1.7444,False,consistent,down
