s2_l13,n_buildings,max_depth,mean_depth,lat,lng
5525937169648058368,1,0.349,0.349,45.3733,-69.3181
5525968780607356928,1,1.721,1.721,45.0568,-69.2559
5526597254581846016,2,0.011,0.011,44.137100000000004,-70.2251
5526597323301322752,2,0.011,0.011,44.1328,-70.22465
5526835298849259520,3,0.415,0.415,43.732466666666674,-71.58666666666666
5526835333208997888,1,0.415,0.415,43.7323,-71.5827
5526836638879055872,4,0.357,0.19574999999999998,43.71805,-71.619325
5526913673412476928,1,0.149,0.149,44.3621,-71.3985
5526958444151570432,1,0.645,0.645,44.1574,-70.722
5526960299577442304,3,0.617,0.5953333333333334,44.2131,-70.67833333333333
5526960368296919040,2,2.0,1.8165,44.2097,-70.6617
5526986790935724032,1,0.048,0.048,44.3548,-70.5583
5527093718441525248,1,0.041,0.041,44.6425,-71.9793
5527096261062164480,1,0.438,0.438,44.5535,-71.9695
5527096364141379584,1,0.892,0.892,44.552,-71.991
5527096707738763264,2,1.202,0.6925,44.54435,-72.00095
5527097394933530624,1,0.793,0.793,44.5995,-71.9719
5527099937554169856,1,0.125,0.125,44.5391,-72.06
5527102926851407872,1,0.297,0.297,44.538,-72.0097
5527103236089053184,1,0.094,0.094,44.5161,-72.0098
5527103785844867072,2,1.045,1.045,44.4997,-71.9991
5527104232521465856,1,0.338,0.338,44.4665,-71.9933
5527119316446609408,2,0.489,0.303,44.37535,-72.02555000000001
5527119350806347776,1,0.562,0.562,44.3758,-72.0252
5527119797482946560,1,1.703,1.703,44.425,-72.013
5527121893426987008,14,1.99,0.6775,44.45684285714286,-72.01570714285715
5527121927786725376,3,0.693,0.40433333333333327,44.461733333333335,-72.01466666666666
5527132682384834560,2,0.126,0.093,44.3374,-72.1593
5527148212986576896,3,1.491,1.2583333333333335,44.166333333333334,-71.96646666666666
5527156390604308480,1,0.767,0.767,44.2568,-71.8938
5527156459323785216,3,0.036,0.036,44.2665,-71.90616666666666
5527195114029449216,2,0.588,0.5505,44.15675,-71.97354999999999
5527195423267094528,1,0.426,0.426,44.1339,-71.9508
5527212396977848320,1,0.059,0.059,43.949,-71.8915
5527213049812877312,1,0.158,0.158,43.9537,-71.8574
5527253250706767872,1,0.876,0.876,43.8678,-72.1647
5527312521255452672,1,1.173,1.173,44.1528,-72.0348
5527730713631129600,1,0.123,0.123,44.9376,-72.1805
5527740471796826112,2,0.13,0.0775,44.94029999999999,-72.1089
5527740746674733056,4,1.364,0.7192500000000001,44.9193,-72.10045
5527741433869500416,1,0.231,0.231,44.8852,-72.0557
5527750470480691200,1,0.401,0.401,44.8062,-71.8588
5529117060354801664,1,0.048,0.048,46.5565,-68.3255
5533935292106407936,2,0.166,0.166,44.6299,-74.8254
5533935326466146304,1,0.434,0.434,44.6277,-74.8152
5533936425977774080,1,0.1,0.1,44.6011,-74.7461
5533996349361487872,1,0.559,0.559,44.0855,-75.2546
5563696323091234816,5,1.075,0.5993999999999999,46.49316,-84.32508
5563696357450973184,10,4.588,1.9873,46.49244,-84.32160999999999
5563696529249665024,5,13.373,11.3292,46.48404,-84.30319999999999
5563696563609403392,5,11.598,4.4408,46.48882,-84.31158
5563696666688618496,7,11.008,8.092857142857143,46.466857142857144,-84.29924285714286
5563696735408095232,1,5.576,5.576,46.4608,-84.3095
5563697010286002176,5,1.993,1.3938,46.4906,-84.31844
5563704913025826816,2,0.918,0.881,46.37675,-84.28094999999999
5563704947385565184,3,1.082,0.49100000000000005,46.37803333333333,-84.27676666666666
5563704981745303552,1,0.213,0.213,46.383,-84.2707
5563705119184257024,13,2.04,1.4584615384615385,46.405699999999996,-84.26934615384616
5563705497141379072,1,0.783,0.783,46.4489,-84.2902
5563705531501117440,4,11.054,6.9845,46.4491,-84.283125
5563705600220594176,20,1.977,1.06125,46.433165,-84.2707
5563705703299809280,46,9.327,5.519282608695653,46.433156521739136,-84.26502173913043
5563705737659547648,47,9.196,5.962063829787234,46.42674042553191,-84.26389361702127
5563705772019286016,6,1.892,1.2356666666666667,46.42896666666667,-84.27315
5563705806379024384,12,1.157,0.47525,46.417608333333334,-84.279325
5563705840738762752,15,6.581,4.4703333333333335,46.41920666666667,-84.2655
5563705875098501120,31,10.082,8.860516129032257,46.41853870967742,-84.25924838709678
5563705943817977856,2,0.928,0.8745,46.428700000000006,-84.2384
5563705978177716224,20,9.755,8.9845,46.42199,-84.259695
5563706115616669696,12,1.306,0.6541666666666667,46.431425,-84.23895
5563706321775099904,5,0.625,0.3854,46.42608,-84.23542
5563706356134838272,18,1.573,0.7989444444444445,46.412305555555555,-84.2326611111111
5563706424854315008,4,2.578,1.7342499999999998,46.401075,-84.230275
5563706459214053376,24,1.968,1.3817083333333333,46.39613333333333,-84.2283
5563706527933530112,11,2.083,1.1658181818181819,46.40678181818182,-84.23138181818182
5563706596653006848,12,7.559,6.325,46.406299999999995,-84.25765
5563706699732221952,3,1.713,1.47,46.38426666666667,-84.2512
5563706734091960320,3,1.08,0.7926666666666667,46.3847,-84.26076666666667
5563707043329605632,9,1.329,0.7727777777777778,46.381455555555554,-84.20616666666666
5563707077689344000,1,1.321,1.321,46.3893,-84.2171
5563707112049082368,3,0.536,0.4033333333333333,46.391,-84.21886666666667
5563707455646466048,10,1.555,0.9869,46.3766,-84.19820999999999
5563712300369575936,3,1.331,1.2813333333333332,46.46266666666667,-84.2473
5563712781405913088,1,12.498,12.498,46.4519,-84.2784
5563712815765651456,2,2.082,1.8699999999999999,46.459050000000005,-84.29769999999999
5563712850125389824,1,11.125,11.125,46.462,-84.2894
5563745732395008000,2,1.951,1.783,46.22775,-84.1516
5563745801114484736,1,4.354,4.354,46.2173,-84.168
5563745835474223104,3,3.806,3.5026666666666664,46.23093333333333,-84.15656666666666
5563745869833961472,7,3.118,1.8227142857142857,46.23448571428571,-84.15841428571427
5563749030929891328,1,0.047,0.047,46.3408,-84.1681
5563749958642827264,1,4.851,4.851,46.3117,-84.196
5563750027362304000,7,4.699,4.331428571428572,46.295728571428576,-84.20598571428572
5563750061722042368,3,5.723,5.566333333333333,46.293299999999995,-84.21013333333333
5563750130441519104,77,6.387,5.424012987012987,46.30771168831169,-84.22322467532467
5563750164801257472,15,6.975,5.748733333333333,46.29526666666666,-84.22289333333333
5563750302240210944,20,5.698,4.9594000000000005,46.31497,-84.22284499999999
5563750405319426048,1,0.115,0.115,46.3334,-84.2245
5563750439679164416,2,1.845,1.75,46.35035,-84.22595
5563750748916809728,1,0.344,0.344,46.3668,-84.1839
5563751058154455040,6,2.362,2.146666666666667,46.359316666666665,-84.23226666666666
5563751504831053824,5,0.505,0.19,46.368700000000004,-84.27938
5563755627999657984,1,1.358,1.358,46.2452,-84.2207
5563756109035995136,62,6.217,4.333774193548387,46.28940322580645,-84.22294677419355
5563756177755471872,3,8.531,6.136666666666667,46.283366666666666,-84.21443333333333
5563756212115210240,34,10.536,5.660294117647059,46.28836470588235,-84.21302058823528
5563756246474948608,2,7.554,6.6775,46.28895,-84.20865
5563756280834686976,17,9.237,6.446058823529412,46.27886470588235,-84.20736470588236
5563756452633378816,4,6.452,5.394,46.2626,-84.19295
5563756486993117184,49,9.139,4.168040816326531,46.258579591836735,-84.18963673469388
5563756521352855552,10,9.488,7.289199999999999,46.26639,-84.18431000000001
5563756555712593920,29,10.138,7.838586206896552,46.26496206896552,-84.1949172413793
5563756933669715968,10,4.464,2.2782,46.25637,-84.17661
5563757036748931072,2,4.718,4.3454999999999995,46.2392,-84.16964999999999
5563757071108669440,11,4.733,4.440909090909091,46.24296363636363,-84.18297272727273
5563757105468407808,41,5.238,3.601170731707317,46.24663170731707,-84.18188536585366
5563757139828146176,14,5.41,2.1507857142857145,46.24907857142857,-84.18661428571428
5563757174187884544,6,5.261,4.561,46.24576666666667,-84.1996
5563757242907361280,2,4.779,4.584,46.243300000000005,-84.19225
5563769646772912128,6,0.503,0.15566666666666665,46.17483333333333,-84.12748333333333
5563769681132650496,1,0.008,0.008,46.1734,-84.1152
5563770333967679488,10,1.03,0.4896,46.170139999999996,-84.11467999999999
5563770368327417856,22,1.148,0.4173636363636364,46.17011818181818,-84.13057272727272
5563770780644278272,14,2.009,1.263642857142857,46.1465,-84.08489999999999
5563770815004016640,8,1.757,0.81275,46.147525,-84.0794375
5563770952442970112,15,3.338,2.5962666666666667,46.144639999999995,-84.05902666666667
5563770986802708480,5,2.835,1.4789999999999999,46.14414,-84.06322
5563772739149365248,1,1.667,1.667,46.1376,-84.0437
5563772979667533824,9,2.954,2.0844444444444443,46.12571111111111,-84.03037777777779
5563773357624655872,72,3.605,1.8226527777777777,46.11751527777778,-84.05318472222223
5563773426344132608,1,0.971,0.971,46.1241,-84.0321
5563773460703870976,3,3.279,3.0576666666666665,46.12186666666667,-84.0488
5563773529423347712,3,2.42,1.4366666666666665,46.11593333333334,-84.0564
5563774044819423232,29,2.615,1.424,46.087213793103444,-84.06602413793102
5563774147898638336,4,2.042,1.7254999999999998,46.092575,-84.07265
5563774663294713856,1,2.4,2.4,46.0724,-84.0451
5563774732014190592,9,2.169,1.6032222222222223,46.08336666666666,-84.05931111111111
5563774766373928960,15,2.37,1.6314,46.08439333333333,-84.06126666666667
5569438282049126400,1,0.066,0.066,45.2618,-84.9324
5572172252071329792,1,0.055,0.055,45.6321,-89.3703
5572172286431068160,1,0.055,0.055,45.6326,-89.3755
5572310343859830784,1,0.01,0.01,45.009,-89.2605
5572398442229006336,1,0.081,0.081,45.2669,-89.5349
5572496642361262080,1,0.443,0.443,45.5191,-89.9536
5572524061432479744,1,0.094,0.094,45.8756,-89.7239
5572547872731168768,1,0.055,0.055,45.6263,-89.3957
5572570825036398592,1,0.095,0.095,45.8826,-89.6555
5572570996835090432,3,0.472,0.38566666666666666,45.86643333333333,-89.67220000000002
5956424284346777600,1,0.133,0.133,46.323,-90.6693
5956685865034973184,1,0.101,0.101,45.7385,-90.2555
5956737645160693760,2,0.111,0.0885,45.302400000000006,-90.2996
5956793960771878912,9,0.036,0.03422222222222222,45.13276666666667,-90.34513333333332
5956997404782755840,1,0.051,0.051,45.6158,-91.1744
5957568257476001792,2,0.026,0.026,45.7447,-92.46465
5957877014084976640,1,0.143,0.143,46.2652,-91.561
5957879453626400768,1,0.973,0.973,46.288,-91.5425
5957879487986139136,1,0.762,0.762,46.2843,-91.5479
5959028924313763840,1,0.246,0.246,45.1741,-92.7443
5959057889573208064,1,0.272,0.272,45.0163,-93.0056
5959058301890068480,2,0.272,0.272,45.0186,-93.0205
5959058473688760320,1,0.525,0.525,45.0301,-93.0443
5959060226035417088,1,0.003,0.003,45.0133,-93.0637
5959060294754893824,1,0.073,0.073,45.0236,-93.0775
5959060569632800768,17,0.84,0.6328823529411765,45.034864705882356,-93.10005294117647
5959060638352277504,3,0.32,0.28633333333333333,45.0489,-93.09543333333333
5959060672712015872,8,0.84,0.84,45.04425,-93.10005
5959063490210562048,1,0.251,0.251,45.1752,-93.1135
5959146743856627712,2,0.53,0.3395,45.16765,-93.2419
5959146881295581184,21,0.732,0.29838095238095236,45.170542857142856,-93.2459619047619
5959146915655319552,208,0.998,0.8147403846153847,45.16442932692308,-93.24766826923077
5959146950015057920,4,0.998,0.719,45.162425,-93.251975
5959149973672034304,1,0.171,0.171,45.1761,-93.1277
5959152035256336384,1,0.026,0.026,45.0545,-93.1789
5959158151289765888,1,0.02,0.02,45.0565,-93.2047
5959158254368980992,1,0.026,0.026,45.0602,-93.206
5959158872844271616,1,0.026,0.026,45.0874,-93.2174
5959159422600085504,1,0.834,0.834,45.0923,-93.2588
5959159456959823872,6,0.995,0.7001666666666666,45.09511666666666,-93.26135
5959159628758515712,1,0.603,0.603,45.0898,-93.2776
5959160109794852864,1,0.027,0.027,45.0852,-93.3167
5959160419032498176,1,0.232,0.232,45.0649,-93.344
5959160865709096960,1,0.024,0.024,45.0512,-93.3321
5959161106227265536,5,0.051,0.051000000000000004,45.04412,-93.31006
5959161243666219008,1,0.047,0.047,45.0382,-93.2964
5959161278025957376,5,0.051,0.051000000000000004,45.044079999999994,-93.30825999999999
5959161312385695744,1,0.081,0.081,45.0464,-93.3032
5959164026805026816,1,0.068,0.068,45.0196,-93.3654
5959167909455462400,1,0.233,0.233,45.0782,-93.4039
5959168081254154240,1,0.065,0.065,45.0653,-93.4141
5959170280277409792,51,0.025,0.02331372549019608,45.116482352941176,-93.39443725490196
5959171482868252672,2,0.186,0.131,45.13435,-93.30355
5959171551587729408,7,0.186,0.12971428571428573,45.12885714285714,-93.31832857142857
5959171585947467776,1,0.183,0.183,45.1296,-93.3184
5959185673440198656,1,0.132,0.132,45.1104,-93.4743
5959186566793396224,1,0.087,0.087,45.0938,-93.4927
5959188594017959936,1,0.284,0.284,45.0012,-93.4301
5959220686013595648,1,0.082,0.082,45.2622,-93.6553
5959220789092810752,2,0.082,0.0615,45.26325,-93.64935
5959707219908886528,1,0.041,0.041,45.1881,-94.5319
5959709315852926976,1,0.029,0.029,45.1312,-94.5347
5961018009567887360,1,0.023,0.023,47.6254,-94.7763
5961631227818541056,1,7.313,7.313,48.6413,-94.0791
5961640745466068992,2,0.667,0.552,48.646950000000004,-94.1807
5962291656349712384,1,0.88,0.88,49.3411,-94.9548
5962298974973984768,2,0.08,0.043000000000000003,49.33945,-94.95365000000001
5962299181132414976,2,1.36,1.34,49.29685,-94.9399
5962301277076455424,4,1.81,0.9625,49.332225,-94.881275
5962301311436193792,4,1.26,0.7675,49.3321,-94.88775000000001
5962301483234885632,14,1.64,0.8107142857142857,49.32763571428571,-94.89692142857143
5962301517594624000,2,1.42,1.3399999999999999,49.319,-94.9002
5962301620673839104,1,1.28,1.28,49.3171,-94.9038
5962301758112792576,1,0.13,0.13,49.3113,-94.9313
5962301792472530944,2,0.1,0.1,49.32175,-94.93315
5962302032990699520,1,0.89,0.89,49.3446,-94.928
5962302101710176256,1,0.21,0.21,49.346,-94.9054
5962389925201444864,2,1.406,1.3944999999999999,48.700649999999996,-94.2789
5962390371878043648,1,1.596,1.596,48.7001,-94.2786
5962393807851880448,1,0.246,0.246,48.6925,-94.4392
5962398893093158912,6,4.502,3.1011666666666664,48.694700000000005,-94.49765000000001
5962403256779931648,6,5.081,2.5893333333333337,48.743066666666664,-94.65006666666666
5962405077846065152,3,1.332,0.9800000000000001,48.75026666666667,-94.65123333333334
5962418512503767040,27,1.095,0.8681481481481482,48.85233333333333,-94.78160370370371
5962418546863505408,4,0.845,0.745,48.842925,-94.783075
5962418581223243776,1,1.78,1.78,48.852,-94.7676
5962418615582982144,1,1.433,1.433,48.8381,-94.7627
5962418959180365824,2,0.635,0.61,48.85205,-94.79585
5962418993540104192,12,0.655,0.36525,48.854083333333335,-94.803425
5962421261282836480,2,1.033,0.5529999999999999,48.83085,-94.7462
5962421295642574848,1,1.033,1.033,48.835,-94.7444
5962421673599696896,1,2.003,2.003,48.8429,-94.735
5962422670032109568,4,3.686,2.801,48.788575,-94.7021
5962422944910016512,2,0.404,0.404,48.76605,-94.67175
5962423013629493248,7,1.322,0.45942857142857146,48.758985714285714,-94.6625142857143
5962423047989231616,5,1.402,1.1019999999999999,48.754380000000005,-94.6557
5962423116708708352,1,0.074,0.074,48.7647,-94.6712
5962423288507400192,3,1.559,1.5156666666666665,48.7734,-94.69373333333333
5962424869055365120,1,0.006,0.006,48.7415,-94.6526
5962450535779926016,1,1.572,1.572,48.9756,-94.9793
5962456754892570624,5,0.337,0.1778,48.97772,-94.96488
5962456789252308992,1,0.015,0.015,48.9779,-94.9633
5964754974712791040,2,1.399,1.189,48.123599999999996,-96.17075
5964755009072529408,15,0.67,0.4046666666666667,48.1278,-96.17274666666667
5964755180871221248,4,0.286,0.19599999999999998,48.135324999999995,-96.16885
5967291135721209856,1,0.016,0.016,46.9128,-98.7377
5967291204440686592,24,1.246,0.231,46.90570833333334,-98.72022916666667
5986745447786479616,2,0.035,0.035,48.7491,-109.6425
6000934198666330112,1,0.063,0.063,46.4043,-108.55
6001264464471523328,1,0.006,0.006,45.4667,-109.09
6004437139633209344,1,0.138,0.138,43.8407,-111.822
6004437448870854656,2,0.127,0.127,43.82705,-111.85249999999999
6004536885953691648,1,2.773,2.773,43.5808,-111.874
6004655255252369408,2,0.18,0.1355,42.9559,-111.743
6004664085705129984,2,1.229,0.99,43.045249999999996,-111.881
6004667899636088832,1,0.597,0.597,43.1322,-111.913
6004673637712396288,1,0.131,0.131,43.2483,-112.122
6004702740410793984,1,0.141,0.141,43.2532,-112.165
6004723631131721728,2,1.205,1.1895,43.17145,-112.374
6004723665491460096,8,1.805,0.403625,43.17685,-112.3635
6004723699851198464,17,0.323,0.2103529411764706,43.177829411764705,-112.3615294117647
6004723837290151936,120,0.323,0.30983333333333335,43.173415,-112.33782500000001
6004723871649890304,4,1.635,0.53,43.17335,-112.356
6004724318326489088,1,1.521,1.521,43.1717,-112.359
6004724352686227456,3,1.799,1.3630000000000002,43.17113333333333,-112.37366666666667
6004724421405704192,4,1.399,1.22425,43.163575,-112.40625
6004725074240733184,10,0.953,0.7767999999999999,43.165459999999996,-112.4069
6004734660607737856,5,0.323,0.323,43.184219999999996,-112.3022
6004734694967476224,3,0.323,0.253,43.1772,-112.30966666666666
6004734798046691328,13,0.323,0.11107692307692307,43.175376923076925,-112.3280769230769
6004735347802505216,9,0.323,0.2767777777777778,43.19202222222222,-112.29533333333333
6089663550077272064,1,1.107,1.107,48.8218,-119.502
6089663584437010432,25,1.107,0.19788,48.81662,-119.51799999999999
6089663618796748800,33,1.107,0.9922121212121213,48.81250303030303,-119.50666666666666
6089663756235702272,1,0.16,0.16,48.8337,-119.525
6090292367649144832,2,0.115,0.0785,48.5291,-121.999
6090312021419491328,1,0.302,0.302,48.4666,-121.843
6090314220442746880,1,0.091,0.091,48.3991,-121.773
6090374143826460672,19,2.224,1.190736842105263,48.20966315789474,-122.27757894736841
6090374178186199040,1,2.007,2.007,48.2141,-122.291
6090374727942012928,16,1.708,0.5635,48.22554375,-122.3373125
6090374762301751296,29,3.691,2.3221379310344825,48.21763793103448,-122.32906896551725
6090374831021228032,5,2.751,1.8652000000000002,48.21136,-122.2982
6090374865380966400,6,6.208,3.465833333333333,48.206050000000005,-122.28366666666666
6090374899740704768,1,2.99,2.99,48.2072,-122.303
6090374934100443136,32,3.882,2.4043437500000002,48.210146875,-122.31465625
6090374968460181504,8,4.112,3.107875,48.2089,-122.32525
6090375140258873344,21,2.943,2.4619999999999997,48.21479047619047,-122.33385714285714
6090375243338088448,9,2.137,1.9154444444444445,48.22877777777778,-122.37166666666667
6090375277697826816,30,2.138,1.3784333333333334,48.23009666666667,-122.3597
6090375312057565184,37,2.138,1.3562432432432432,48.237275675675676,-122.36702702702702
6090375346417303552,1,1.843,1.843,48.2294,-122.374
6090375380777041920,5,7.003,6.2863999999999995,48.2418,-122.3854
6090375483856257024,189,9.51,1.1604179894179896,48.242402645502644,-122.37391005291006
6090375724374425600,2,0.441,0.3045,48.22845,-122.3445
6090475298896216064,1,0.186,0.186,48.9441,-122.465
6090492650564091904,1,1.224,1.224,48.9728,-122.713
6093519159398760448,1,0.006,0.006,47.4421,-121.747
6095665749693562880,1,0.077,0.077,46.3434,-120.179
6095665784053301248,1,0.077,0.077,46.3431,-120.187
6095982134164455424,1,0.149,0.149,47.1598,-119.26
6095982271603408896,15,0.149,0.149,47.16612666666666,-119.24406666666667
6095982305963147264,64,0.149,0.149,47.16400625,-119.254234375
6095982340322885632,19,0.149,0.149,47.170615789473686,-119.25578947368422
6095982443402100736,20,0.149,0.149,47.173610000000004,-119.2542
6095991617452244992,1,0.14,0.14,47.3127,-119.335
6095991926689890304,1,0.14,0.14,47.3324,-119.335
6095991995409367040,4,0.14,0.14,47.320425,-119.34
6096391289928941568,1,0.242,0.242,47.907,-121.733
6096391427367895040,1,0.242,0.242,47.9224,-121.745
6096392801757429760,2,2.051,1.2375,47.86865,-121.7175
6101065073340448768,1,1.736,1.736,42.4692,-114.172
6102284191217483776,1,0.091,0.091,43.6843,-116.399
6102284294296698880,35,2.588,1.5755142857142856,43.683145714285715,-116.40602857142856
6102284397375913984,13,2.251,1.3114615384615385,43.67406153846154,-116.42238461538462
6102284431735652352,1,1.742,1.742,43.6761,-116.425
6105161475708420096,1,0.064,0.064,43.5399,-119.572
9260901821864476672,6,1.15,0.5095,38.045233333333336,-121.64
9260901856224215040,65,1.99,1.0075076923076922,38.04211230769231,-121.63300000000001
9260901890583953408,164,2.215,1.2248780487804878,38.03816768292683,-121.62993902439025
9260942297636274176,1,0.143,0.143,37.953,-122.27
9263905721991299072,1,0.047,0.047,37.9916,-121.539
9263905962509467648,1,0.001,0.001,37.9619,-121.565
9263905996869206016,2,0.047,0.047,37.97065,-121.571
9263908883087228928,3,0.047,0.037,37.946266666666666,-121.536
9263911769305251840,1,0.047,0.047,37.969,-121.537
9263911906744205312,1,0.024,0.024,37.9889,-121.534
9263935924201324544,1,0.016,0.016,37.8668,-121.544
9263936061640278016,3,0.186,0.11499999999999999,37.858200000000004,-121.568
9266505276717006848,2,0.091,0.091,39.50905,-119.6435
9266906976418267136,51,2.215,1.1452745098039216,38.0370137254902,-121.62690196078431
9266949376335413248,1,0.402,0.402,38.5615,-121.528
9266950441487302656,1,0.771,0.771,38.5162,-121.582
9266950475847041024,1,0.276,0.276,38.5044,-121.575
9266951747157360640,1,0.771,0.771,38.5573,-121.574
9266951781517099008,1,0.771,0.771,38.5619,-121.56
9279903478736486400,2,0.069,0.0405,36.083650000000006,-114.9575
9282107243635933184,7,0.095,0.095,33.177299999999995,-115.57785714285714
9282107277995671552,1,0.095,0.095,33.1781,-115.578
9283981086327570432,1,0.276,0.276,33.1138,-115.553
9665011583893372928,6,0.871,0.5806666666666667,29.592966666666666,-90.70991666666667
9665011927490756608,1,0.205,0.205,29.5833,-90.7158
9665030687907905536,1,0.248,0.248,29.7671,-90.7963
9665032234096132096,1,0.141,0.141,29.7451,-90.7681
9665032268455870464,1,0.179,0.179,29.7513,-90.7763
9665034639277817856,6,0.358,0.21566666666666667,29.73385,-90.73478333333333
9665074427854848000,1,0.896,0.896,29.7971,-90.8278
9665074496574324736,1,0.271,0.271,29.7997,-90.8384
9665074702732754944,1,0.102,0.102,29.8061,-90.8572
9665077760749469696,1,0.479,0.479,29.837,-90.9508
9665082845990748160,1,1.997,1.997,29.9369,-91.0181
9665090130255282176,2,1.098,1.098,30.0964,-91.00399999999999
9665185512888991744,1,0.104,0.104,29.2671,-90.859
9665191835080851456,1,0.767,0.767,29.3429,-90.7335
9665192968952217600,1,0.086,0.086,29.3943,-90.7102
9665978947967385600,3,0.042,0.042,30.240966666666665,-91.53246666666666
9666588833323417600,2,0.069,0.0605,30.529449999999997,-91.1417
9670177364398571520,4,0.412,0.412,34.15545,-93.713975
9670660737197932544,1,0.295,0.295,33.9817,-94.628
9671073397655732224,1,1.295,1.295,32.7414,-94.2336
9671077761342504960,1,1.295,1.295,32.7393,-94.2325
9671077795702243328,5,1.295,0.6043999999999999,32.73408,-94.23276
9671689948801007616,10,1.132,0.6641,30.36316,-94.78396000000001
9671690223678914560,1,0.695,0.695,30.3875,-94.7633
9671690910873681920,5,0.348,0.1762,30.40278,-94.75314
9671728500427456512,2,0.254,0.17149999999999999,30.5048,-94.3999
9671772274734137344,3,0.395,0.284,30.7874,-94.18126666666667
9671772309093875712,1,0.295,0.295,30.788,-94.1837
9671943558029901824,1,2.865,2.865,30.9831,-94.2184
9671943661109116928,12,1.949,1.03825,30.956608333333335,-94.22848333333333
9671943935987023872,14,2.712,0.6284285714285714,30.93507857142857,-94.20775
9671944245224669184,8,1.782,0.807875,30.911175,-94.21379999999999
9671944691901267968,12,1.879,1.04875,30.912858333333332,-94.21205833333333
9671953247476121600,1,0.662,0.662,30.9906,-94.2851
9671954656225394688,10,4.716,3.7237999999999998,30.969,-94.24087
9671954690585133056,1,3.294,3.294,30.9801,-94.2418
9671955102901993472,1,1.1,1.1,30.9909,-94.2466
9671955137261731840,1,0.115,0.115,30.9878,-94.2338
9671956923968126976,1,1.765,1.765,31.0417,-94.2996
9671958195278446592,2,3.937,2.9459999999999997,31.02245,-94.38245
9672496921616318464,2,0.005,0.005,30.31105,-93.16120000000001
9672610102594502656,1,0.002,0.002,29.979,-93.6885
9672792552805236736,1,0.635,0.635,30.1003,-92.5587
9673503936828407808,1,0.099,0.099,29.9077,-94.6242
9673504314785529856,3,0.099,0.08933333333333333,29.920933333333334,-94.62083333333334
9673507338442506240,1,0.266,0.266,30.0321,-94.6082
9673528194803695616,1,0.029,0.029,29.8098,-94.8016
9673786408237531136,18,0.333,0.08288888888888889,28.79112222222222,-95.64186111111111
9673786442597269504,147,1.395,0.16491836734693877,28.782578231292515,-95.64059115646259
9673786476957007872,146,1.395,0.28861643835616435,28.768889726027396,-95.64049726027397
9673786511316746240,161,1.764,0.23856521739130435,28.772126708074534,-95.63222795031056
9673786545676484608,72,0.505,0.07634722222222222,28.77988888888889,-95.63083611111111
9673786580036222976,6,0.058,0.044833333333333336,28.77808333333333,-95.62436666666667
9673786683115438080,20,1.279,0.60655,28.77697,-95.622775
9673786889273868288,19,1.258,0.7603157894736842,28.765057894736845,-95.63142631578948
9673786923633606656,14,1.209,0.6228571428571429,28.763364285714285,-95.64095
9673787129792036864,18,1.395,0.26305555555555554,28.76801111111111,-95.64636666666667
9673787164151775232,73,0.474,0.18750684931506847,28.784224657534246,-95.6510904109589
9673787198511513600,38,1.395,0.31892105263157894,28.78344210526316,-95.65757631578947
9673788675980263424,3,2.028,1.476,28.8283,-95.67083333333333
9673788847778955264,26,1.495,0.36880769230769234,28.7972,-95.66812692307691
9673788882138693632,15,1.549,0.5912000000000001,28.802053333333333,-95.66765333333333
9673788916498432000,73,1.549,0.503041095890411,28.806053424657534,-95.66257534246576
9673788950858170368,161,1.765,0.4641490683229813,28.795227950310558,-95.66102360248448
9673788985217908736,88,1.549,0.40139772727272727,28.797607954545455,-95.65265795454546
9673789019577647104,96,1.498,0.3560833333333333,28.804528125,-95.65349687499999
9673789053937385472,14,0.957,0.8715,28.812685714285713,-95.65507857142858
9673789088297123840,36,1.484,0.8072777777777778,28.812802777777776,-95.65949444444443
9673789466254245888,2,0.44,0.4235,28.8612,-95.66805
9673789500613984256,1,0.42,0.42,28.8727,-95.6669
9673789672412676096,3,0.562,0.377,28.836433333333332,-95.66796666666666
9673790943722995712,1,0.345,0.345,28.9034,-95.6788
9673790978082734080,2,0.345,0.345,28.90215,-95.67855
9673791424759332864,1,0.123,0.123,28.9089,-95.6449
9673791768356716544,1,0.03,0.03,28.8928,-95.6243
9673793623782588416,27,0.242,0.20774074074074075,28.92987037037037,-95.5453888888889
9673794036099448832,23,0.245,0.2421304347826087,28.917804347826088,-95.53539565217392
9673794414056570880,1,0.134,0.134,28.9055,-95.4969
9673794585855262720,1,0.134,0.134,28.9056,-95.4993
9673801011126337536,7,0.563,0.2777142857142857,28.87664285714286,-95.45821428571428
9673801182925029376,7,0.993,0.35314285714285715,28.876414285714286,-95.45492857142857
9673804584539127808,2,0.858,0.4305,29.03485,-95.39855
9673804653258604544,1,0.263,0.263,29.0436,-95.413
9673804790697558016,1,0.403,0.403,29.0479,-95.4342
9673805031215726592,1,0.088,0.088,29.0567,-95.4145
9673805203014418432,6,0.182,0.08800000000000001,29.093766666666667,-95.406
9673805237374156800,4,0.182,0.182,29.096275,-95.403625
9673805306093633536,5,0.17,0.0634,29.11522,-95.39816
9673805374813110272,2,0.182,0.182,29.10055,-95.40559999999999
9673806474324738048,1,2.107,2.107,29.0597,-95.449
9673810975450464256,6,0.312,0.239,28.973699999999997,-95.56054999999999
9673811009810202624,7,0.347,0.20942857142857144,28.959300000000002,-95.5543
9673811044169940992,22,0.375,0.1838181818181818,28.9485,-95.55568636363637
9673811112889417728,30,0.372,0.21866666666666668,28.93699666666667,-95.54930333333333
9673811147249156096,4,0.237,0.11224999999999999,28.934525,-95.5534
9673811250328371200,1,0.838,0.838,28.9524,-95.5804
9673811422127063040,2,0.977,0.968,28.9531,-95.584
9673811456486801408,6,0.983,0.968,28.95396666666667,-95.58468333333333
9673811628285493248,15,1.182,1.0395333333333334,28.956239999999998,-95.58115333333333
9673811697004969984,6,0.859,0.3285,28.9727,-95.56301666666667
9673811765724446720,5,1.115,0.6666,28.986259999999998,-95.57791999999999
9673812006242615296,1,1.035,1.035,29.0001,-95.5866
9673812143681568768,16,0.765,0.3010625,28.9927,-95.5953
9673812178041307136,67,1.528,1.0567910447761195,28.995479104477614,-95.58930895522387
9673812212401045504,8,1.433,0.826125,28.9876,-95.5899
9673812246760783872,4,0.774,0.6515,28.987625,-95.59475
9673813792949010432,3,2.618,1.6783333333333335,28.9395,-95.68523333333333
9673832450286944256,1,2.273,2.273,29.1383,-95.4812
9673832484646682624,3,1.398,1.362,29.1541,-95.48233333333333
9673833721597263872,2,1.279,1.27,29.1558,-95.47704999999999
9673833824676478976,1,1.428,1.428,29.155,-95.4765
9673846778297843712,3,0.134,0.134,29.111033333333335,-95.3608
9673848290126331904,2,0.516,0.516,29.06525,-95.3771
9673848324486070272,3,0.516,0.516,29.067866666666664,-95.37496666666668
9673850592228802560,3,0.137,0.137,29.032766666666664,-95.33806666666668
9673851760459907072,1,0.156,0.156,28.9747,-95.2797
9673851966618337280,7,0.692,0.6745714285714286,28.974999999999998,-95.2622142857143
9673854062562377728,16,0.411,0.2455,29.08625,-95.27785
9673854165641592832,223,1.922,0.520542600896861,29.087181614349774,-95.28462600896862
9673854200001331200,36,0.662,0.6126944444444445,29.086008333333332,-95.29085555555555
9673894022938099712,7,0.534,0.4198571428571429,29.57634285714286,-95.37461428571429
9673894057297838080,3,0.384,0.23399999999999999,29.577033333333333,-95.37233333333334
9673894091657576448,3,0.083,0.067,29.57596666666667,-95.37123333333334
9673903506225889280,18,0.149,0.049444444444444444,29.589177777777778,-95.14707777777778
9673910962289115136,1,0.627,0.627,29.7146,-95.2077
9673941611175739392,3,1.14,0.6336666666666667,29.756866666666667,-95.31986666666667
9673942195291291648,4,2.363,1.2874999999999999,29.76315,-95.3567
9673942229651030016,3,1.213,0.7353333333333333,29.763366666666666,-95.3682
9673942332730245120,2,5.254,2.9099999999999997,29.7612,-95.3766
9673942367089983488,1,0.932,0.932,29.7622,-95.3935
9673943844558733312,2,2.264,1.3875,29.7622,-95.3941
9673944531753500672,1,1.04,1.04,29.7613,-95.4594
9673946421539110912,206,1.974,1.0324271844660196,29.72855825242718,-95.52735631067961
9673946524618326016,638,4.161,1.4906347962382445,29.726628213166148,-95.53520768025079
9673946558978064384,430,4.161,3.0814046511627904,29.725118372093025,-95.54418441860466
9673946593337802752,33,3.259,2.8837272727272727,29.72580606060606,-95.55357272727272
9673947005654663168,1,0.24,0.24,29.7598,-95.5002
9673947521050738688,3,1.258,0.9846666666666667,29.772133333333333,-95.47933333333333
9673948036446814208,2,2.875,2.8209999999999997,29.7676,-95.5175
9673948070806552576,5,2.076,2.0008,29.76988,-95.52514
9673948173885767680,1,1.617,1.617,29.7713,-95.5351
9673950441628499968,1,0.053,0.053,29.7701,-95.4772
9673954839675011072,1,0.044,0.044,30.0413,-95.403
9673956729460621312,37,0.852,0.371027027027027,29.988635135135137,-95.49406486486487
9673956763820359680,6,0.584,0.5703333333333332,29.985866666666666,-95.49628333333334
9673957691533295616,243,0.524,0.2770411522633745,30.022375720164607,-95.54758477366255
9673957794612510720,22,0.354,0.15981818181818183,30.02388636363636,-95.55193181818181
9673957863331987456,8,0.524,0.355875,30.0189125,-95.548225
9673968136893759488,5,0.121,0.121,29.91626,-95.66162
9673969476923555840,44,0.261,0.08770454545454545,29.85153409090909,-95.72309772727273
9673969511283294208,33,0.279,0.15154545454545457,29.849581818181818,-95.72521212121212
9674057162975870976,7,0.135,0.07857142857142858,29.821885714285713,-95.75638571428571
9674060220992585728,44,0.999,0.5161136363636364,29.997979545454545,-95.73961818181819
9674060255352324096,1,0.516,0.516,29.997,-95.7407
9674060324071800832,18,0.401,0.2441666666666667,29.999972222222222,-95.73981666666667
9674212778230939648,5,1.265,1.1692,28.93822,-95.74557999999999
9674212984389369856,4,1.334,1.1832500000000001,28.937025,-95.7671
9674239372668436480,43,0.801,0.34362790697674417,28.75562093023256,-95.76978139534883
9674239544467128320,11,0.556,0.2593636363636364,28.758227272727275,-95.77362727272727
9674265692228026368,3,0.598,0.23299999999999998,28.710233333333335,-96.2095
9674265795307241472,2,0.886,0.563,28.71375,-96.20224999999999
9674269884116107264,1,1.373,1.373,28.7852,-96.1524
9674270021555060736,2,0.527,0.5185,28.81145,-96.1462
9674272461096484864,4,0.834,0.60175,28.84515,-96.14869999999999
9674272839053606912,9,1.441,0.4335555555555556,28.821166666666663,-96.14067777777778
9674272873413345280,13,1.868,1.1391538461538462,28.831092307692305,-96.13718461538461
9674272942132822016,4,1.052,0.48025,28.819225,-96.14330000000001
9674275931430060032,4,0.586,0.32525,28.793225,-96.15587500000001
9674276034509275136,2,1.451,0.7545000000000001,28.7847,-96.1554
9675059986299879424,1,0.562,0.562,30.2815,-97.6499
9675079055954673664,1,0.093,0.093,30.3798,-97.6638
9675629979999666176,4,0.168,0.07525,30.36815,-96.11895
9675754946368110592,2,0.099,0.099,30.192700000000002,-95.56615
9675758554140639232,3,0.004,0.004,30.06533333333333,-95.5143
9675766628679155712,1,0.007,0.007,30.2291,-95.5191
9675794116469850112,1,0.192,0.192,30.0994,-95.1486
9677154590310531072,14,1.011,0.6867857142857143,32.97382142857143,-96.95481428571429
9677158610399920128,1,0.462,0.462,32.9732,-97.049
9677161565337419776,25,1.166,0.47716000000000003,32.977772,-96.95798
9681774050975678464,1,0.006,0.006,29.6028,-98.2657
9681774188414631936,1,0.006,0.006,29.5889,-98.2689
9681774944328876032,3,0.006,0.006000000000000001,29.572966666666662,-98.258
9681821467414626304,12,0.007,0.006833333333333334,29.720558333333333,-98.12624166666667
9682572846173257728,1,0.118,0.118,29.2885,-100.424
9684277192275525632,1,1.051,1.051,26.111,-98.0201
9684285507332210688,7,0.601,0.34685714285714286,26.138299999999997,-97.8230142857143
9684285541691949056,13,1.367,0.4376923076923077,26.134384615384615,-97.82284615384616
9685546612809531392,1,0.45,0.45,28.42,-96.4873
9685551698050809856,1,0.094,0.094,28.5097,-96.506
9687152793139281920,11,0.035,0.035,26.062036363636366,-97.20491818181819
9687152861858758656,6,0.035,0.035,26.070733333333333,-97.21321666666667
9687152896218497024,46,0.035,0.035,26.06479782608696,-97.20613043478261
9716098330093682688,4,0.057,0.0555,31.89685,-111.00025
9716098433172897792,3,0.057,0.031,31.896933333333333,-110.99766666666666
9716124821451964416,1,0.032,0.032,31.7598,-111.007
9716125474286993408,1,0.075,0.075,31.8113,-111.0
9716130250290626560,1,0.014,0.014,31.5917,-111.048
9716131040564609024,6,0.035,0.035,31.6223,-111.04233333333333
9716131143643824128,8,0.035,0.035,31.624275,-111.04475000000001
9716961378002010112,3,0.069,0.069,31.904300000000003,-109.15533333333333
9716962236995469312,1,0.069,0.069,31.9171,-109.132
9734706533601640448,9,0.012,0.012,35.10868888888889,-106.52566666666667
9734706636680855552,4,0.012,0.012,35.110299999999995,-106.52175
9734944165552193536,1,0.089,0.089,35.6139,-105.208
9740588302334951424,7,0.065,0.059428571428571435,35.16395714285714,-111.68142857142857
9740588336694689792,4,0.065,0.065,35.16825,-111.67
9740588371054428160,18,0.065,0.065,35.169783333333335,-111.66822222222223
9740588852090765312,38,0.023,0.023,35.19101578947369,-111.66965789473684
9740589058249195520,35,0.023,0.02271428571428571,35.235194285714286,-111.67285714285715
9740589161328410624,2,0.023,0.023,35.2385,-111.6785
9740591841388003328,7,0.023,0.023,35.22117142857143,-111.65657142857143
9740591875747741696,33,0.023,0.022484848484848486,35.21878484848485,-111.65306060606062
9740594761965764608,9,0.094,0.094,35.24817777777778,-111.47644444444444
9740594830685241344,1,0.095,0.095,35.2509,-111.501
9740594865044979712,2,0.095,0.095,35.252449999999996,-111.502
9740594899404718080,4,0.095,0.077,35.2578,-111.51725
9740595002483933184,16,0.227,0.227,35.23695,-111.5411875
9740595036843671552,5,0.095,0.095,35.248360000000005,-111.5374
9740595208642363392,3,0.095,0.09500000000000001,35.257299999999994,-111.54366666666668
9740595243002101760,1,0.095,0.095,35.2576,-111.549
9740595655318962176,34,0.223,0.223,35.19966176470589,-111.56829411764706
9740595689678700544,1,0.091,0.091,35.198,-111.564
9740595998916345856,2,0.227,0.227,35.2334,-111.5395
9740596239434514432,4,0.094,0.06025,35.24545,-111.4765
9740598060500647936,1,0.225,0.225,35.1792,-111.611
9740598369738293248,112,0.223,0.21454464285714286,35.20302410714286,-111.57642857142856
9740598404098031616,21,1.186,0.4952857142857143,35.21235238095238,-111.57538095238095
9740598507177246720,1,0.223,0.223,35.2052,-111.592
9740598541536985088,3,0.223,0.223,35.2029,-111.60233333333333
9740598610256461824,1,0.223,0.223,35.2105,-111.616
9740598644616200192,14,0.223,0.1827142857142857,35.206964285714285,-111.60964285714286
9740598713335676928,91,0.223,0.2115054945054945,35.19777032967033,-111.59830769230769
9740598782055153664,1,0.225,0.225,35.1814,-111.609
9740599091292798976,72,0.023,0.02248611111111111,35.19831388888889,-111.6515138888889
9740599125652537344,17,0.023,0.023,35.20945294117647,-111.65305882352942
9740599194372014080,24,0.023,0.02295833333333333,35.19428333333334,-111.6605
9740599263091490816,18,0.023,0.02272222222222222,35.191627777777775,-111.64833333333334
9740599331810967552,12,0.359,0.32625,35.17685,-111.66199999999999
9740709042455576576,3,0.482,0.2996666666666667,35.233,-111.45666666666666
9740709111175053312,2,0.095,0.0805,35.24215,-111.47399999999999
9740709248614006784,2,0.482,0.3155,35.2393,-111.43
9740710588643803136,14,0.094,0.09,35.24937142857143,-111.47407142857142
9750910792374419456,1,0.099,0.099,41.0422,-111.32
9751806138436812800,7,0.137,0.137,42.782828571428574,-112.23142857142857
9751806585113411584,2,0.253,0.253,42.7651,-112.22
9751822493672275968,1,0.559,0.559,42.625,-112.108
9751825826566897664,1,0.103,0.103,42.6232,-112.035
9751852695882301440,1,0.038,0.038,42.9077,-111.529
9756340593109237760,1,0.697,0.697,41.7279,-104.18
9757423474623643648,1,0.109,0.109,40.3424,-105.073
9757425123891085312,1,1.292,1.292,40.3024,-105.133
9760487332493918208,1,0.066,0.066,40.4205,-101.517
9760908342368141312,3,0.083,0.083,40.383833333333335,-101.23433333333332
9760909407520030720,1,0.114,0.114,40.3604,-101.166
9766387414967779328,1,0.008,0.008,43.6204,-96.9414
9768129384983560192,1,0.157,0.157,43.2411,-97.684
9769305690626588672,1,0.538,0.538,41.1759,-95.9963
9769305724986327040,3,0.584,0.47300000000000003,41.1745,-95.99493333333334
9769305759346065408,2,0.154,0.1245,41.17445,-95.99285
9769313318488506368,1,0.172,0.172,41.2972,-96.064
9769418768525557760,1,0.038,0.038,41.2774,-96.0986
9776500482401894400,1,0.288,0.288,34.7202,-98.393
9777881400286904320,2,0.711,0.6795,35.588049999999996,-97.6221
9777881434646642688,2,0.591,0.3015,35.58985,-97.62285
9777882843395915776,16,1.621,1.0470625,35.58320625,-97.6238625
9777883083914084352,1,0.271,0.271,35.5531,-97.6328
9779933673099886592,2,0.022,0.0135,38.4121,-96.21119999999999
9780001842820808704,1,0.701,0.701,37.5434,-96.3464
9780002152058454016,1,0.823,0.823,37.5516,-96.2983
9780003835685634048,1,0.724,0.724,37.5174,-96.2762
9780005347514122240,1,0.029,0.029,37.6205,-96.282
9780010054798278656,1,1.132,1.132,37.4869,-96.1573
9780012459979964416,1,0.132,0.132,37.5331,-96.0749
9780187144889827328,1,0.25,0.25,37.7377,-96.6798
9780403645601284096,1,0.023,0.023,37.674,-97.1672
9780406703617998848,4,0.413,0.27949999999999997,37.6915,-97.194625
9780406875416690688,1,0.546,0.546,37.6958,-97.2004
9780406909776429056,4,1.593,0.7865,37.697025,-97.206
9780607089612161024,1,0.166,0.166,37.8255,-96.8858
9780920656584507392,1,0.115,0.115,38.8647,-97.6171
9781533977914376192,1,0.56,0.56,39.0185,-95.7307
9781921796281335808,1,0.636,0.636,39.3076,-94.7131
9781998177979727872,1,0.099,0.099,38.8072,-94.9363
9782663794831392768,1,0.046,0.046,39.2246,-93.0633
9788772887593746432,14,0.481,0.38478571428571423,38.62442142857143,-90.27375714285714
9788772921953484800,13,0.481,0.4012307692307692,38.624761538461534,-90.27040000000001
9788773265550868480,3,0.481,0.3363333333333333,38.62263333333333,-90.28136666666666
9790148926395908096,2,0.105,0.069,39.65275,-91.7278
9790234138547060736,1,0.468,0.468,39.7093,-91.3509
9790236612448223232,1,0.072,0.072,39.6822,-91.402
9790236887326130176,1,0.396,0.396,39.6988,-91.3771
9790251936891535360,5,0.108,0.10800000000000001,39.9439,-91.4207
9790252039970750464,3,0.108,0.108,39.93933333333334,-91.41826666666667
9790253002043424768,3,0.387,0.242,39.9032,-91.38646666666666
9790253139482378240,4,0.335,0.329,39.909475,-91.37469999999999
9790253620518715392,11,0.657,0.3159090909090909,39.95802727272727,-91.39860909090909
9790253757957668864,1,0.657,0.657,39.9582,-91.3829
9790253792317407232,5,0.657,0.36920000000000003,39.959199999999996,-91.37129999999999
9790282895015804928,1,0.065,0.065,39.6989,-91.0396
9790292034706210816,1,0.028,0.028,39.8308,-91.0488
9790445141700378624,1,0.042,0.042,38.8163,-91.1327
9790471598698921984,2,0.008,0.008,38.96925,-90.97749999999999
9790605601678557184,3,0.027,0.027,38.7994,-90.30953333333333
9790611648992509952,1,15.544,15.544,38.9693,-90.4294
9790613126461259776,6,8.546,8.314833333333333,38.92411666666667,-90.34926666666667
9790613195180736512,6,8.366,6.8735,38.91193333333333,-90.34429999999999
9790613229540474880,57,9.062,8.357140350877193,38.923163157894734,-90.34219649122807
9790613263900213248,124,13.677,8.316379032258064,38.92654516129032,-90.34322096774194
9790613298259951616,69,13.677,8.973768115942027,38.92696231884058,-90.34816231884058
9790613504418381824,3,11.715,11.048666666666668,38.927366666666664,-90.33633333333334
9790613538778120192,1,9.29,9.29,38.9156,-90.3345
9790615978319544320,2,19.482,18.9045,38.91565,-90.22805
9790618898897305600,6,5.594,5.3685,38.89386666666667,-90.21679999999999
9790618933257043968,1,5.594,5.594,38.8937,-90.2149
9790618967616782336,4,8.001,6.11975,38.88785,-90.21355
9790619001976520704,6,5.594,5.593833333333333,38.89325,-90.21733333333333
9790619070695997440,45,6.188,5.491911111111111,38.86728222222222,-90.22261999999999
9790619139415474176,1,6.845,6.845,38.8756,-90.2063
9790619173775212544,2,6.845,4.955,38.8748,-90.20375
9790619276854427648,3,14.459,6.456666666666667,38.88183333333333,-90.18843333333332
9790619311214166016,40,7.07,2.08615,38.8910725,-90.188305
9790619379933642752,5,4.576,2.929,38.8985,-90.20192
9790619414293381120,4,1.995,1.45425,38.894575,-90.1961
9790619483012857856,75,22.354,7.469173333333333,38.88967066666667,-90.18199066666666
9790619517372596224,3,19.033,17.048333333333332,38.886833333333335,-90.17663333333333
9790619792250503168,2,3.565,2.058,38.86775,-90.15265
9790621647676375040,58,6.84,6.1546379310344825,38.86921724137931,-90.22581206896551
9790621716395851776,7,5.497,4.682571428571428,38.877828571428566,-90.24018571428572
9790621750755590144,22,7.036,5.68,38.87474090909091,-90.22730909090909
9790621888194543616,5,6.399,5.593999999999999,38.88614,-90.23725999999999
9790632642792652800,2,13.572,10.9355,38.81165,-90.11115000000001
9790643363031023616,7,7.356,7.278428571428571,38.8422,-90.0960857142857
9790643500469977088,6,15.596,12.1255,38.83233333333333,-90.10593333333333
9790643534829715456,95,12.85,7.332231578947368,38.83695157894737,-90.09691578947368
9790643569189453824,103,7.356,7.062922330097087,38.82841553398058,-90.09874951456311
9790643603549192192,9,15.596,10.159888888888888,38.8284,-90.10705555555555
9790643637908930560,2,15.596,15.596,38.8241,-90.11645
9790644015866052608,1,28.27,28.27,38.8564,-90.131
9790644050225790976,3,15.106,13.810666666666668,38.85656666666667,-90.12483333333334
9790644153305006080,7,36.68,11.357285714285714,38.859114285714284,-90.11708571428572
9790644187664744448,15,6.866,6.443066666666667,38.868433333333336,-90.11685333333334
9790644222024482816,34,6.245,5.594029411764706,38.882373529411765,-90.11594117647059
9790644256384221184,130,6.866,5.738623076923076,38.88001615384616,-90.12275538461537
9790644359463436288,1,16.411,16.411,38.8667,-90.1405
9790644634341343232,1,4.979,4.979,38.8835,-90.1216
9790644668701081600,191,6.245,5.245717277486911,38.88535602094241,-90.11605078534032
9790644806140035072,105,4.823,3.5348380952380953,38.885625714285716,-90.10115333333334
9790644840499773440,216,6.212,3.8683101851851855,38.88502546296296,-90.10563796296297
9790644874859511808,432,4.35,3.154236111111111,38.87907199074074,-90.10417986111112
9790644909219250176,5,4.082,3.2561999999999998,38.8725,-90.10298
9790644943578988544,328,8.12,6.754868902439025,38.87025213414634,-90.09861737804879
9790644977938726912,954,7.101,4.0559213836477985,38.87778542976939,-90.09868532494758
9790645012298465280,312,4.639,4.010692307692308,38.875924679487184,-90.09045801282052
9790645046658203648,327,8.275,5.935795107033639,38.870584403669724,-90.08912232415902
9790645081017942016,40,8.11,7.060575,38.8701325,-90.0831625
9790645115377680384,6,2.639,1.6081666666666665,38.87558333333333,-90.0828
9790741082126942208,1,0.001,0.001,39.5281,-90.592
9790770390983770112,2,0.261,0.261,39.7839,-90.5409
9790773139762839552,1,0.075,0.075,39.8438,-90.4853
9790774720310804480,1,0.021,0.021,39.8407,-90.5048
9790777091132751872,1,0.302,0.302,39.8862,-90.5311
9790785681067343872,1,0.207,0.207,39.8679,-90.4047
9790790525790453760,1,0.161,0.161,39.9711,-90.2833
9790792243777372160,1,0.013,0.013,39.9435,-90.2547
9790864055630561280,1,0.309,0.309,40.3487,-90.1211
9790871099376926720,1,0.826,0.826,40.5472,-90.0476
9790871202456141824,5,0.769,0.393,40.54894,-90.04432
9790873745076781056,1,0.685,0.685,40.5734,-90.0464
9790873813796257792,1,0.312,0.312,40.5568,-90.0515
9790876940532449280,1,0.553,0.553,40.5334,-90.0767
9790880445225762816,2,0.636,0.636,40.53375,-90.14985
9790881029341315072,1,0.442,0.442,40.5789,-90.1643
9790911678227939328,1,0.321,0.321,40.5202,-90.4297
9790937344952500224,1,0.046,0.046,40.1907,-90.4748
9790942567632732160,1,0.184,0.184,40.2947,-90.3446
9790944766655987712,1,0.046,0.046,40.2134,-90.3453
9790954524821684224,1,0.056,0.056,39.9997,-90.3109
9790963149116014592,1,0.24,0.24,40.1182,-90.5701
9791019018050600960,2,0.235,0.199,40.12105,-91.074
9791022316585484288,1,0.193,0.193,40.1633,-91.1877
9791046608920510464,1,0.012,0.012,40.3454,-91.1016
9791050044894347264,1,0.049,0.049,40.4115,-91.1367
9791315851830362112,2,0.247,0.247,40.9475,-90.3793
9791315989269315584,1,0.247,0.247,40.9509,-90.3668
9791316092348530688,2,0.247,0.247,40.95285,-90.35955000000001
9791443670057091072,2,0.438,0.438,41.4632,-90.5284
9791444632129765376,1,0.318,0.318,41.4806,-90.5708
9791445353684271104,2,0.318,0.2915,41.4854,-90.56245000000001
9791445869080346624,1,0.031,0.031,41.5493,-90.5274
9791493422958247936,1,0.11,0.11,41.9105,-90.3534
9792215458500313088,2,0.278,0.2775,42.053349999999995,-91.6635
9792229477273567232,1,0.08,0.08,42.0579,-91.7867
9792545415067860992,2,2.898,1.86,41.01845,-92.41815
9792547236133994496,6,0.828,0.8091666666666666,41.0176,-92.42484999999999
9792583210780065792,5,4.303,2.7142,40.89396,-92.20766
9792583554377449472,1,0.768,0.768,40.8722,-92.1889
9792583588737187840,7,8.719,4.3547142857142855,40.881771428571426,-92.19115714285714
9792583623096926208,2,3.091,2.5605,40.885850000000005,-92.19985
9792584001054048256,4,1.553,0.82,40.87135,-92.15525
9792584104133263360,1,0.023,0.023,40.8724,-92.1544
9792589395532972032,1,0.561,0.561,40.8275,-92.0645
9792590323245907968,2,5.596,3.27,40.8108,-92.02545
9792590357605646336,1,7.252,7.252,40.809,-92.0266
9792590529404338176,4,2.664,0.988,40.802925,-91.993925
9792591079160152064,5,5.33,3.9384,40.811099999999996,-92.0437
9792591182239367168,1,8.605,8.605,40.8191,-92.0541
9792591972513349632,1,1.741,1.741,40.8264,-92.0678
9792592041232826368,7,8.998,8.274,40.833885714285714,-92.08531428571429
9792592075592564736,2,7.775,4.2815,40.8305,-92.06935
9792592350470471680,4,1.854,1.0554999999999999,40.845725,-92.1018
9792592419189948416,19,8.12,6.2186315789473685,40.833578947368416,-92.08746842105263
9792592659708116992,3,8.201,5.522000000000001,40.84706666666667,-92.10966666666667
9792592831506808832,6,2.962,2.325833333333333,40.855583333333335,-92.12953333333333
9792592865866547200,3,0.777,0.36966666666666664,40.85666666666666,-92.14153333333333
9792600356289511424,3,0.952,0.8643333333333333,40.72623333333333,-91.9925
9792600390649249792,7,1.196,0.5214285714285715,40.73108571428571,-91.99432857142857
9792602211715383296,14,10.14,6.870642857142857,40.74668571428572,-91.99183571428571
9792602486593290240,2,8.911,5.734,40.76525,-91.974
9792602520953028608,1,8.367,8.367,40.7613,-91.9787
9792602589672505344,5,9.918,8.8402,40.74496,-91.98584000000001
9792602864550412288,10,6.042,4.4174999999999995,40.76678,-91.96481
9792603242507534336,3,8.263,7.7683333333333335,40.75373333333334,-91.92276666666667
9792603276867272704,3,7.123,6.5696666666666665,40.75706666666667,-91.91473333333333
9792604204580208640,4,7.541,5.902,40.72875,-91.95765
9792604238939947008,18,10.742,6.830388888888889,40.73332222222222,-91.95708333333333
9792604273299685376,116,10.487,5.408258620689654,40.73146551724138,-91.96250603448276
9792604307659423744,77,10.153,6.768012987012987,40.72840909090909,-91.9649974025974
9792604342019162112,1,7.806,7.806,40.7272,-91.9686
9792604891774976000,2,0.031,0.0195,40.6737,-91.96235
9792609049303318528,2,4.924,4.4825,40.70845,-91.8433
9792609255461748736,1,2.82,2.82,40.7247,-91.8505
9792609289821487104,20,2.559,1.27295,40.726135,-91.855655
9792609942656516096,4,6.653,5.08675,40.738275,-91.89359999999999
9792610080095469568,3,10.914,8.701,40.732433333333326,-91.8771
9792610251894161408,2,6.253,3.34,40.747600000000006,-91.89425
9792614203264073728,2,8.385,8.078,40.79885,-91.96965
9792614237623812096,19,6.281,4.644052631578947,40.80257368421053,-91.97047894736842
9792762602974085120,2,0.062,0.062,40.6445,-91.56020000000001
9792762706053300224,1,0.062,0.062,40.6442,-91.56
9792775281717542912,1,0.965,0.965,40.9343,-91.6546
9792781260312018944,1,0.031,0.031,40.9457,-91.6837
9792787857381785600,2,3.711,3.6405,40.701800000000006,-91.8253
9792791705672482816,2,1.494,0.986,40.66545,-91.752
9792793217500971008,1,2.076,2.076,40.622,-91.7335
9792793526738616320,8,6.95,6.229375,40.655525,-91.749375
9792793561098354688,4,7.378,3.9712500000000004,40.64745,-91.74695
9792793629817831424,116,4.057,2.2583189655172413,40.63796293103449,-91.73983103448276
9792793664177569792,1,0.564,0.564,40.6273,-91.7383
9792794282652860416,5,4.038,2.627,40.66856,-91.75762
9792794351372337152,6,8.171,6.976166666666667,40.68156666666667,-91.767
9792794523171028992,4,7.398,7.16925,40.68315,-91.76769999999999
9792795004207366144,4,0.06,0.0335,40.697825,-91.800775
9792795038567104512,4,9.517,7.23575,40.6975,-91.80782500000001
9792795141646319616,12,10.4,8.324166666666667,40.698816666666666,-91.81475833333333
9792795176006057984,2,8.304,8.2055,40.7008,-91.82650000000001
9792798611979894784,2,0.43,0.3305,40.6201,-91.73105
9792799058656493568,1,6.449,6.449,40.5841,-91.6921
9792799505333092352,1,5.606,5.606,40.5519,-91.6859
9792802357191376896,1,0.718,0.718,40.4883,-91.7501
9792805071610707968,2,0.115,0.115,40.421549999999996,-91.8024
9792807614231347200,1,0.217,0.217,40.306,-91.8314
9792811462522044416,1,0.467,0.467,40.4023,-91.6784
9792811977918119936,1,0.235,0.235,40.3845,-91.7288
9792814554898497536,1,0.323,0.323,40.4397,-91.6359
9792814761056927744,1,1.301,1.301,40.4099,-91.614
9792814932855619584,3,0.551,0.2916666666666667,40.391466666666666,-91.6055
9792816994439921664,1,0.017,0.017,40.298,-91.6368
9792817028799660032,1,0.185,0.185,40.306,-91.619
9792819605780037632,1,0.685,0.685,40.3593,-91.5271
9792820808370880512,3,1.202,0.5073333333333333,40.38313333333333,-91.58686666666667
9792820877090357248,5,0.728,0.4998,40.3947,-91.59482
9792820911450095616,11,0.677,0.43554545454545457,40.39374545454546,-91.5879909090909
9792821736083816448,12,6.197,3.8135,40.458525,-91.56480833333335
9792824038186287104,1,10.335,10.335,40.4874,-91.5853
9792824313064194048,2,4.329,3.5385,40.46455,-91.56575000000001
9792824347423932416,1,0.333,0.333,40.4662,-91.5694
9792824416143409152,1,5.609,5.609,40.4721,-91.5829
9792824691021316096,2,6.171,5.876,40.49785,-91.606
9792826409008234496,1,1.993,1.993,40.5118,-91.6245
9792827233641955328,1,2.782,2.782,40.5497,-91.632
9792827268001693696,2,1.853,1.4075,40.5507,-91.64475
9792831837846896640,1,1.728,1.728,40.6171,-91.4512
9792861730819276800,1,5.137,5.137,40.3842,-91.4231
9792862040056922112,1,2.313,2.313,40.3855,-91.4641
9792862177495875584,1,0.948,0.948,40.4109,-91.4638
9792885095441367040,1,0.009,0.009,40.0794,-91.3205
9792888050378866688,1,0.203,0.203,40.0896,-91.2765
9792894922326540288,1,0.271,0.271,40.0706,-91.3747
9792909422136131584,1,0.027,0.027,40.0647,-91.541
9792911002684096512,1,0.034,0.034,40.1378,-91.5978
9792916740760403968,1,0.035,0.035,40.2234,-91.6652
9793022259516932096,1,0.581,0.581,40.5336,-92.2827
9793092559541633024,1,0.29,0.29,40.2101,-92.5802
9793092593901371392,2,0.006,0.006,40.2076,-92.5796
9793260028906438656,1,0.308,0.308,41.0844,-92.524
9793267038293065728,1,0.234,0.234,41.2122,-92.5402
9793604210405670912,1,0.447,0.447,39.9678,-93.3535
9793606821745786880,1,0.033,0.033,39.9653,-93.4949
9794925479784873984,1,0.056,0.056,41.6314,-93.5484
9794925651583565824,1,0.077,0.077,41.6588,-93.5448
9794932111214379008,1,0.607,0.607,41.6089,-93.5376
9794940357551587328,1,0.264,0.264,41.5924,-93.7108
9794960251840102400,1,0.02,0.02,41.3767,-93.5593
9795001552245620736,2,0.078,0.078,41.3261,-93.10135
9795094083021045760,1,0.019,0.019,41.316,-93.061
9795095904087179264,1,0.019,0.019,41.3176,-93.0526
9795219977102426112,1,0.05,0.05,41.9614,-92.6192
9795560001073315840,1,0.105,0.105,43.666,-92.9564
9795560035433054208,1,0.139,0.139,43.6712,-92.9524
9795649198954119168,1,0.544,0.544,43.4915,-93.2254
9796851686717784064,1,0.913,0.913,44.7431,-94.6458
9796865052656009216,1,0.121,0.121,44.6283,-94.4442
9797023622848577536,1,0.036,0.036,44.8128,-93.6044
9797045269483749376,1,0.035,0.035,44.8575,-93.4402
9797051900913254400,1,0.035,0.035,44.8781,-93.4777
9797055474326044672,1,0.377,0.377,44.8643,-93.4134
9797055783563689984,2,0.419,0.3265,44.8404,-93.38315
9797056505118195712,4,0.481,0.3805,44.833775,-93.381475
9797056539477934080,1,0.481,0.481,44.8369,-93.3789
9797057157953224704,2,0.231,0.12200000000000001,44.84925,-93.3538
9797058669781712896,1,0.561,0.561,44.8356,-93.3166
9797062621151625216,4,0.126,0.045,44.91145,-93.2426
9797063136547700736,1,0.234,0.234,44.9155,-93.2108
9797065163772264448,1,0.412,0.412,44.9216,-93.1167
9797107323171241984,4,1.229,0.778,44.430875,-93.2058
9797112923808595968,1,1.381,1.381,44.3812,-93.2121
9797113473564409856,6,3.485,1.4141666666666666,44.42786666666667,-93.20530000000001
9797114813594206208,3,3.77,3.764,44.358133333333335,-93.2592
9797237958896517120,1,0.018,0.018,43.8898,-93.4163
9797261357878345728,1,0.097,0.097,44.0318,-93.2508
9797270325770059776,5,1.429,1.1876000000000002,44.16506,-93.2473
9797270497568751616,3,1.102,0.8746666666666667,44.16266666666667,-93.24533333333333
9797271219123257344,4,1.387,0.5742499999999999,44.1001,-93.2343
9797271253482995712,4,1.853,0.9177500000000001,44.096000000000004,-93.22999999999999
9797271768879071232,1,0.8,0.8,44.1045,-93.1898
9797271871958286336,1,0.8,0.8,44.0984,-93.1964
9797271906318024704,1,0.081,0.081,44.0918,-93.2034
9797272146836193280,2,0.102,0.0865,44.0844,-93.2029
9797272799671222272,3,0.273,0.21666666666666667,44.080999999999996,-93.23236666666666
9797272868390699008,2,0.761,0.4155,44.07145,-93.24315
9797273040189390848,2,1.339,1.339,44.067,-93.24605
9797273108908867584,1,1.339,1.339,44.0542,-93.2499
9797276957199564800,1,0.804,0.804,44.1213,-93.382
9797283210671947776,1,0.031,0.031,44.2692,-93.3012
9797289704662499328,1,0.016,0.016,44.3038,-93.2839
9797289979540406272,1,0.337,0.337,44.2854,-93.265
9797290013900144640,2,0.359,0.2135,44.2898,-93.2639
9797290082619621376,1,0.358,0.358,44.3051,-93.2769
9797290116979359744,1,0.132,0.132,44.3088,-93.2724
9797293209355812864,1,0.025,0.025,44.2507,-93.2378
9797293724751888384,4,0.15,0.13624999999999998,44.21925,-93.23975
9797298809993166848,1,0.161,0.161,44.3554,-93.1632
9797311866693746688,1,0.979,0.979,44.3096,-92.7908
9797352514264236032,1,0.074,0.074,43.8771,-92.9236
9797370793645047808,1,0.071,0.071,43.9889,-92.7426
9797403057439375360,2,0.031,0.031,44.06665,-92.509
9797403950792572928,1,0.36,0.36,44.0282,-92.5006
9797404569267863552,1,0.017,0.017,44.0445,-92.4628
9797404844145770496,1,0.095,0.095,44.0578,-92.4918
9797405634419752960,3,0.031,0.031,44.07149999999999,-92.50343333333335
9797412746885595136,2,0.009,0.009,44.1087,-92.57284999999999
9797449408726433792,2,0.107,0.107,44.55395,-92.4905
9797449614884864000,1,0.444,0.444,44.5271,-92.5048
9797454012931375104,1,0.269,0.269,44.6424,-92.5491
9797456796070182912,7,0.368,0.305,44.545542857142856,-92.57045714285714
9797520361586163712,1,0.123,0.123,44.7214,-92.9733
9797536785541103616,1,0.203,0.203,44.946,-92.976
9797540358953893888,5,0.387,0.269,44.84282,-92.87976
9797540393313632256,6,0.569,0.3981666666666667,44.8413,-92.87955
9797614094952431616,1,0.093,0.093,44.7329,-92.4572
9797622994124668928,1,0.764,0.764,44.5343,-92.4152
9797624677751848960,1,0.597,0.597,44.5494,-92.4353
9797624918270017536,1,0.966,0.966,44.5335,-92.4595
9797628491682807808,1,0.381,0.381,44.3775,-92.4079
9797632339973505024,1,0.204,0.204,44.4648,-92.3809
9798070735875342336,2,1.951,1.248,44.09285,-92.01575
9798084136173305856,1,0.542,0.542,44.2926,-92.1776
9798094615893508096,1,0.113,0.113,44.3622,-92.3435
9798095818484350976,1,0.122,0.122,44.3161,-92.41
9798096162081734656,1,0.148,0.148,44.3385,-92.3952
9799050297656475648,1,0.052,0.052,42.7365,-90.3292
9799050881772027904,1,0.038,0.038,42.7707,-90.3366
9799113897532194816,1,0.167,0.167,43.0543,-90.2246
9799114172410101760,1,0.504,0.504,43.0368,-90.2511
9799129634292367360,2,0.178,0.09849999999999999,43.21145,-90.00095
9799129668652105728,2,0.522,0.302,43.213750000000005,-90.00355
9799129771731320832,1,0.171,0.171,43.2305,-90.0028
9799129909170274304,1,0.201,0.201,43.2375,-90.0172
9799130012249489408,2,0.401,0.323,43.25025,-90.03425
9799130149688442880,1,0.288,0.288,43.2178,-90.0279
9799130184048181248,4,0.288,0.26075,43.217825,-90.02895
9799130287127396352,3,0.529,0.333,43.23253333333333,-90.05386666666668
9799132417431175168,1,0.555,0.555,43.2226,-90.1141
9799132967186989056,4,0.562,0.52075,43.249325,-90.106875
9799133585662279680,1,0.503,0.503,43.2679,-90.0854
9799133757460971520,1,0.285,0.285,43.2739,-90.0929
9799133791820709888,1,0.285,0.285,43.2736,-90.0935
9799133826180448256,2,0.52,0.5015000000000001,43.2857,-90.0983
9799134032338878464,4,0.604,0.421,43.258399999999995,-90.106925
9799135234929721344,2,0.078,0.078,43.31925,-90.09635
9799135544167366656,1,0.493,0.493,43.3075,-90.083
9799135922124488704,1,0.326,0.326,43.3185,-90.0464
9799136300081610752,1,0.365,0.365,43.2815,-90.0651
9799136368801087488,3,0.789,0.527,43.277433333333335,-90.07023333333332
9799136471880302592,2,0.606,0.328,43.2567,-90.06155
9799136506240040960,2,0.332,0.28200000000000003,43.26649999999999,-90.05825
9799136540599779328,2,0.337,0.2745,43.2681,-90.04885
9799136609319256064,1,0.311,0.311,43.2595,-90.0445
9799136678038732800,17,0.988,0.4834705882352941,43.27982352941177,-90.04087647058823
9799136781117947904,2,0.742,0.5245,43.281549999999996,-90.0384
9799136918556901376,1,0.425,0.425,43.2796,-90.0368
9799137055995854848,2,0.337,0.21350000000000002,43.271249999999995,-90.01925
9799137949349052416,2,0.103,0.103,43.3334,-90.0142
9799138052428267520,1,0.121,0.121,43.3518,-90.0069
9799138533464604672,1,0.117,0.117,43.3399,-90.0487
9799138602184081408,1,0.176,0.176,43.3327,-90.0599
9799138808342511616,1,0.064,0.064,43.3648,-90.0659
9799145749009661952,1,0.176,0.176,43.3594,-90.0899
9799145817729138688,2,0.182,0.093,43.3547,-90.08335
9799146023887568896,3,0.395,0.395,43.33256666666667,-90.10166666666667
9799148497788731392,1,0.116,0.116,43.3858,-90.18
9799151006049632256,1,0.097,0.097,43.4216,-90.213
9799151349647015936,1,0.004,0.004,43.4256,-90.2434
9799154304584515584,1,0.013,0.013,43.3817,-90.2483
9799154819980591104,1,0.106,0.106,43.3342,-90.2468
9799157946716782592,1,0.115,0.115,43.3094,-90.2114
9799158015436259328,1,0.154,0.154,43.299,-90.2039
9799158359033643008,1,0.041,0.041,43.3274,-90.1754
9799159114947887104,1,0.153,0.153,43.2651,-90.1581
9799159183667363840,1,0.118,0.118,43.2611,-90.1612
9799159733423177728,3,0.544,0.544,43.27276666666666,-90.21863333333333
9799160042660823040,2,1.331,0.7765,43.22945,-90.2218
9799160489337421824,1,0.217,0.217,43.2369,-90.1776
9799160558056898560,1,0.112,0.112,43.248,-90.173
9799160592416636928,1,0.154,0.154,43.2518,-90.1589
9799858851019751424,1,0.033,0.033,44.8136,-89.7257
9799873591347511296,1,0.002,0.002,44.8727,-89.5847
9799885101859864576,1,0.044,0.044,44.8707,-89.5361
9799885273658556416,6,0.044,0.043000000000000003,44.87031666666667,-89.52766666666666
9800126169784254464,1,0.471,0.471,44.3655,-89.1007
9800126238503731200,1,0.471,0.471,44.3588,-89.1135
9800126582101114880,1,0.266,0.266,44.3406,-89.0951
9800242649297321984,2,0.822,0.4835,44.3469,-89.0829
9800242683657060352,5,0.822,0.6792,44.34586,-89.08794
9800242718016798720,1,0.822,0.822,44.3543,-89.0886
9800242752376537088,2,0.155,0.1345,44.356049999999996,-89.07745
9800243061614182400,8,0.471,0.268625,44.35915,-89.0832125
9800244779601100800,5,0.03,0.03,44.328320000000005,-89.00342
9800244813960839168,1,0.03,0.03,44.329,-89.003
9800245432436129792,4,0.053,0.040749999999999995,44.320425,-88.953575
9800291680643973120,1,0.011,0.011,44.4658,-89.1533
9800293570429583360,2,0.134,0.134,44.52715,-89.14965000000001
9800310406701383680,3,0.05,0.05000000000000001,44.56376666666667,-89.35606666666666
9800318378160685056,2,0.201,0.201,44.6506,-89.21015
9800318446880161792,2,0.097,0.081,44.6571,-89.2262
9800321126939754496,1,0.078,0.078,44.6154,-89.1511
9800340127875072000,2,0.346,0.33899999999999997,44.8368,-89.37155
9800345384915042304,3,0.373,0.28733333333333333,44.884899999999995,-89.34070000000001
9800345591073472512,2,0.218,0.159,44.86455,-89.352
9800345694152687616,1,0.53,0.53,44.8566,-89.357
9800347034182483968,6,0.08,0.051166666666666666,44.88861666666667,-89.34206666666667
9800347137261699072,7,0.113,0.07071428571428572,44.88795714285715,-89.34067142857143
9800347240340914176,3,0.38,0.26099999999999995,44.90956666666667,-89.3243
9800350332717367296,1,0.38,0.38,44.9324,-89.3086
9800350367077105664,1,0.066,0.066,44.9326,-89.3083
9800473959056015360,1,0.079,0.079,44.5984,-88.4423
9800829479268909056,8,0.061,0.061,43.7845625,-88.4312
9800829616707862528,11,0.407,0.30463636363636365,43.780727272727276,-88.45566363636364
9800829719787077632,33,0.329,0.25545454545454543,43.795781818181815,-88.47410909090908
9800829754146816000,3,0.329,0.32033333333333336,43.7954,-88.46776666666666
9800829822866292736,3,0.329,0.231,43.800666666666665,-88.4732
9800829857226031104,1,0.042,0.042,43.8149,-88.4727
9800946405458575360,77,0.042,0.040090909090909094,43.820529870129874,-88.48693376623378
9800946439818313728,3,0.042,0.029666666666666664,43.821133333333336,-88.492
9800946474178052096,2,0.336,0.2195,43.821749999999994,-88.4993
9800946577257267200,6,0.282,0.20666666666666667,43.82018333333334,-88.51741666666668
9800946611617005568,1,0.077,0.077,43.8195,-88.517
9800946749055959040,3,0.042,0.042,43.810566666666666,-88.49573333333335
9800946783415697408,158,0.042,0.04146835443037975,43.81643101265823,-88.48239873417722
9800946852135174144,5,0.164,0.09240000000000001,43.80454,-88.49359999999999
9800946920854650880,4,0.303,0.28125,43.791,-88.481525
9800946955214389248,9,0.303,0.19333333333333333,43.78655555555556,-88.4872
9800946989574127616,3,0.245,0.19166666666666665,43.78503333333333,-88.48893333333335
9800970560354648064,1,0.408,0.408,43.7615,-88.4821
9800973274773979136,1,0.036,0.036,43.6376,-88.4944
9800982654982553600,1,0.002,0.002,43.5104,-88.5409
9800982689342291968,1,0.191,0.191,43.5037,-88.5487
9800982723702030336,5,0.191,0.15360000000000001,43.503,-88.54956
9801035156662779904,5,0.047,0.047,43.31946000000001,-88.3786
9801046083059580928,1,0.022,0.022,43.3174,-88.3691
9801078553012338688,1,0.01,0.01,43.5891,-88.4416
9801087486544314368,4,0.124,0.0365,43.749375,-88.46785
9801087589623529472,10,0.408,0.35219999999999996,43.75532,-88.46130000000001
9801087761422221312,11,0.091,0.06645454545454545,43.778636363636366,-88.45673636363637
9801087933220913152,6,0.061,0.049999999999999996,43.77578333333333,-88.42561666666667
9801088345537773568,1,0.061,0.061,43.7692,-88.4209
9801268424926560256,2,1.74,0.9365,43.024649999999994,-87.89930000000001
9801492347341504512,1,0.088,0.088,42.7094,-88.6401
9801770283265163264,11,0.224,0.2153636363636364,43.397645454545454,-89.37193636363637
9801770317624901632,1,0.081,0.081,43.3975,-89.3698
9801770661222285312,1,0.185,0.185,43.3718,-89.3944
9801771795093651456,4,0.102,0.093,43.374849999999995,-89.32995
9801771898172866560,1,0.102,0.102,43.3731,-89.334
9801801722425769984,1,0.24,0.24,43.2361,-89.3323
9801801997303676928,1,0.485,0.485,43.2193,-89.3515
9801802031663415296,1,0.108,0.108,43.2087,-89.3522
9801802169102368768,1,0.106,0.106,43.2081,-89.3381
9801802203462107136,1,0.106,0.106,43.211,-89.3316
9801802478340014080,1,0.043,0.043,43.1902,-89.351
9801802753217921024,2,0.463,0.463,43.207049999999995,-89.36765
9801803612211380224,1,0.163,0.163,43.1738,-89.4238
9801808697452658688,1,0.191,0.191,43.3087,-89.5271
9801808766172135424,1,0.684,0.684,43.3174,-89.5181
9801808869251350528,9,0.697,0.3641111111111111,43.31356666666667,-89.52623333333332
9801808937970827264,1,0.289,0.289,43.3212,-89.5313
9801814538608181248,1,0.033,0.033,43.1904,-89.6616
9801819967446843392,1,0.153,0.153,43.2587,-89.5582
9801820723361087488,1,0.338,0.338,43.333,-89.5503
9801820826440302592,3,0.123,0.123,43.33623333333333,-89.5614
9801835120091463680,3,0.002,0.002,43.35163333333333,-89.43153333333333
9801835601127800832,1,0.185,0.185,43.3817,-89.403
9801836047804399616,1,0.431,0.431,43.3867,-89.4071
9801875664582737920,2,0.033,0.033,43.488150000000005,-89.77135
9801911295631425536,1,0.362,0.362,43.3684,-89.9829
9801911364350902272,1,0.37,0.37,43.3788,-89.9976
9801912188984623104,5,0.726,0.6942,43.33392,-89.94933999999999
9801914113129971712,1,0.039,0.039,43.3631,-89.9007
9801914181849448448,1,0.367,0.367,43.3663,-89.8862
9801914250568925184,1,0.217,0.217,43.3578,-89.8718
9801914388007878656,3,0.24,0.18733333333333335,43.335566666666665,-89.87403333333333
9801926654434476032,2,0.108,0.0745,43.2979,-89.8252
9801928234982440960,1,0.136,0.136,43.3135,-89.8127
9801937615191015424,1,0.936,0.936,43.2875,-89.8873
9801938336745521152,2,0.225,0.11750000000000001,43.2909,-89.88635
9801939264458457088,1,0.044,0.044,43.2547,-89.8971
9801939642415579136,3,0.153,0.11966666666666666,43.2568,-89.95530000000001
9801940295250608128,1,0.131,0.131,43.3184,-89.9457
9801941566560927744,2,1.598,1.5115,43.2705,-89.9848
9801942116316741632,2,0.153,0.153,43.2363,-89.97635
9801942391194648576,1,0.109,0.109,43.2428,-89.9285
9802047566353793024,1,0.078,0.078,42.5978,-89.6645
9802048253548560384,1,0.078,0.078,42.6005,-89.6627
9802511697699667968,1,0.149,0.149,41.3807,-89.4776
9802648689976541184,1,0.181,0.181,41.2355,-89.9441
9802651747993255936,1,0.181,0.181,41.2322,-89.9241
9802723044450369536,1,0.169,0.169,40.8047,-89.6232
9802742732580454400,1,0.269,0.269,40.6883,-89.4911
9802743247976529920,1,0.052,0.052,40.6841,-89.5218
9802743316696006656,1,0.367,0.367,40.6902,-89.5168
9802743763372605440,1,0.156,0.156,40.6654,-89.5485
9802744106969989120,1,0.155,0.155,40.6356,-89.5153
9802744553646587904,1,0.061,0.061,40.6614,-89.5598
9802746168554291200,1,1.479,1.479,40.6841,-89.5777
9802746271633506304,1,0.543,0.543,40.6801,-89.5653
9802748230138593280,6,0.58,0.4343333333333333,40.73886666666667,-89.61208333333333
9802748298858070016,2,0.58,0.58,40.74705,-89.6035
9802748779894407168,2,0.441,0.441,40.733599999999996,-89.6393
9802748882973622272,4,2.034,1.0975,40.717675,-89.6615
9802750704039755776,2,0.697,0.514,40.7185,-89.66395
9802751975350075392,6,2.062,0.6133333333333333,40.68205,-89.65781666666668
9802752009709813760,2,0.33,0.2745,40.6702,-89.6576
9802752078429290496,1,1.106,1.106,40.6623,-89.649
9802758847297748992,1,0.282,0.282,40.7732,-89.8362
9802759843730161664,6,0.09,0.09000000000000001,40.78803333333334,-89.75411666666668
9802760737083359232,2,0.034,0.021500000000000002,40.74665,-89.75235
9802761218119696384,1,3.068,3.068,40.7402,-89.7088
9802781937041932288,1,0.072,0.072,40.7748,-89.908
9802782349358792704,1,0.299,0.299,40.7967,-89.8746
9802783655028850688,1,0.26,0.26,40.749,-89.9159
9802790320818094080,1,0.546,0.546,40.5742,-89.9952
9802793103956901888,3,1.94,1.0513333333333332,40.51453333333333,-89.9079
9802800937977249792,1,0.18,0.18,40.5554,-89.7404
9802915699503398912,5,0.038,0.038,40.53426,-89.63257999999999
9802927622332612608,1,0.045,0.045,40.5673,-89.4644
9803052382542626816,1,0.225,0.225,40.4853,-88.9763
9803053550773731328,1,0.07,0.07,40.531,-89.0049
9803063755616026624,3,0.299,0.299,40.5028,-88.9276
9803876260349214720,1,0.077,0.077,41.5909,-88.0579
9804215184808476672,1,0.1,0.1,42.3615,-87.9593
9804862694078021632,1,2.118,2.118,41.648,-87.4698
9805198423081615360,1,0.065,0.065,40.4228,-86.7364
9805210174112137216,2,0.298,0.2945,40.420199999999994,-86.7533
9805212819811991552,9,0.311,0.2127777777777778,40.40312222222222,-86.87058888888889
9805331910665175040,1,0.264,0.264,40.8019,-86.3111
9805338301576511488,4,0.899,0.54375,40.759975,-86.35395
9805338335936249856,6,1.092,0.8109999999999999,40.7595,-86.35435
9805338782612848640,2,0.33,0.1985,40.7715,-86.3798
9805607647565578240,1,0.357,0.357,40.4695,-86.1424
9805643450412957696,1,0.016,0.016,40.135,-86.1091
9805663653939118080,2,0.033,0.033,40.043549999999996,-85.99975
9805707428245798912,1,0.019,0.019,40.1816,-85.6629
9805820884101890048,1,0.216,0.216,40.0508,-85.2178
9805821502577180672,1,0.22,0.22,40.1245,-85.2097
9810094926317223936,1,0.122,0.122,43.2909,-83.5853
9810166085335384064,1,0.48,0.48,42.4433,-83.2701
9810166394573029376,33,0.121,0.1026060606060606,42.45955151515151,-83.28713636363636
9810191099224915968,20,1.13,0.62605,42.346109999999996,-83.122545
9810191477182038016,180,1.643,0.4974166666666667,42.34646444444444,-83.11714611111111
9810191511541776384,31,0.939,0.30790322580645163,42.3443064516129,-83.10542258064515
9810191614620991488,26,0.894,0.4575769230769231,42.34440769230769,-83.0992076923077
9810199826598461440,1,0.002,0.002,42.3503,-82.9643
9810364272306290688,19,8.497,7.859210526315789,42.656521052631575,-82.51546315789473
9810364306666029056,77,9.327,8.230428571428572,42.6427012987013,-82.51438831168831
9810364341025767424,48,9.178,8.531895833333333,42.636125,-82.51574583333333
9810364993860796416,1,6.818,6.818,42.6534,-82.5215
9810365612336087040,32,13.043,9.236,42.6910625,-82.5059625
9810365646695825408,10,7.854,7.763599999999999,42.68571,-82.50728
9810365681055563776,65,9.468,7.773938461538461,42.68238923076923,-82.50910461538462
9810365715415302144,62,9.468,8.332870967741936,42.67317258064516,-82.51246774193548
9810365749775040512,54,8.475,8.058425925925926,42.6631,-82.5151037037037
9810366196451639296,25,10.911,10.12404,42.712244,-82.49434
9810366333890592768,134,11.631,9.13081343283582,42.728910447761194,-82.49059925373133
9810366368250331136,272,10.761,9.357797794117646,42.72110220588235,-82.49147610294118
9810366402610069504,125,11.639,10.584264,42.721199999999996,-82.5040384
9810366471329546240,5,11.133,11.037600000000001,42.72634,-82.50892
9810366505689284608,22,11.062,10.352045454545454,42.72292272727273,-82.50922272727273
9810366540049022976,7,9.364,9.20557142857143,42.708885714285714,-82.50824285714285
9810366574408761344,201,11.518,10.631129353233831,42.71150746268657,-82.50349601990051
9810366608768499712,68,13.043,11.317470588235294,42.70021911764706,-82.50333382352942
9810368051877511168,4,9.482,9.071,42.74595,-82.486475
9810368086237249536,79,11.755,8.766481012658229,42.73894683544304,-82.48878734177215
9810368120596987904,12,11.755,10.198666666666666,42.74319166666667,-82.48575
9810368154956726272,238,11.233,10.499495798319328,42.74943067226891,-82.48217100840337
9810368189316464640,65,10.9,9.350276923076924,42.75620461538461,-82.47788923076922
9810368258035941376,3,7.605,7.551333333333333,42.77173333333334,-82.49006666666666
9810368292395679744,5,6.913,6.550400000000001,42.76732,-82.47664
9810368326755418112,37,11.755,8.009270270270271,42.76878378378378,-82.47241081081081
9810368361115156480,32,10.082,8.85003125,42.758809375,-82.47425
9810371968887685120,25,13.722,9.31256,42.846704,-82.474648
9810372656082452480,15,11.755,7.876933333333333,42.783366666666666,-82.47462
9810372690442190848,71,9.0,6.6064225352112675,42.77620563380282,-82.47344225352113
9810372724801929216,5,7.415,5.174799999999999,42.77584,-82.48038
9810372759161667584,2,8.633,8.321,42.7744,-82.4901
9810372793521405952,3,7.274,6.510666666666666,42.79036666666667,-82.49113333333334
9810372827881144320,71,8.0,5.841309859154929,42.78927746478873,-82.47924084507042
9810372862240882688,95,11.755,5.6296526315789475,42.797485263157895,-82.4826052631579
9810372896600621056,62,11.755,8.853467741935484,42.80618225806452,-82.48563548387098
9810372930960359424,267,9.32,6.447022471910112,42.80631872659176,-82.48867528089887
9810372965320097792,40,7.306,6.370775,42.800667499999996,-82.48867750000001
9810374648947277824,253,10.583,3.7240513833992095,42.82745652173913,-82.48839960474308
9810374683307016192,39,8.504,3.3478205128205127,42.81409743589744,-82.48706666666666
9810374717666754560,21,11.755,8.352142857142857,42.81392380952381,-82.48583333333333
9810374752026492928,32,13.722,6.069125,42.82871875,-82.485025
9810374786386231296,121,13.722,6.870834710743802,42.835201652892565,-82.48239421487602
9810374820745969664,33,10.381,5.660636363636363,42.83294848484849,-82.48759696969698
9810374889465446400,71,13.722,5.874323943661972,42.8433690140845,-82.47786056338029
9810374923825184768,4,8.694,6.893,42.853375,-82.47615
9810375026904399872,40,6.286,2.60105,42.865655,-82.4761625
9810375061264138240,38,8.586,6.4144736842105265,42.87321578947368,-82.47569736842105
9810375095623876608,207,7.088,3.220536231884058,42.886190821256044,-82.47863864734299
9810376916690010112,35,7.396,3.062542857142857,42.89559714285714,-82.47773428571428
9810376951049748480,146,9.19,1.2802328767123288,42.90556095890411,-82.48153424657534
9810376985409486848,20,4.165,2.4786,42.908755,-82.47920500000001
9810377122848440320,23,11.12,10.210217391304349,42.92004782608696,-82.46545217391305
9810377157208178688,1,14.222,14.222,42.9098,-82.4656
9810377225927655424,10,10.541,9.7075,42.92065,-82.46341
9810377603884777472,7,10.863,8.785285714285715,42.90511428571428,-82.46978571428572
9810377638244515840,10,10.716,8.523,42.89613,-82.47425
9810377775683469312,14,13.722,11.767642857142857,42.87497857142857,-82.47502857142857
9810377810043207680,10,10.333,6.764799999999999,42.862790000000004,-82.47454
9810377844402946048,66,13.722,7.319075757575758,42.85366060606061,-82.47365454545455
9810419076088987648,4,8.664,8.503,42.967175,-82.470625
9810419110448726016,91,1.735,0.9826043956043956,42.96650989010989,-82.45610329670329
9810419213527941120,238,3.083,2.578936974789916,42.965639915966385,-82.44739789915967
9810419247887679488,16,2.279,1.457625,42.9655,-82.44266875
9810419316607156224,47,2.519,2.226787234042553,42.99242127659575,-82.43637872340425
9810419419686371328,376,2.519,1.9100797872340427,42.99575159574468,-82.43641569148936
9810419454046109696,171,6.293,1.9948713450292397,42.99638888888889,-82.43040467836258
9810419488405848064,92,7.635,1.65775,42.98517608695652,-82.42726086956522
9810419935082446848,70,3.118,1.6927999999999999,42.98014857142857,-82.42484999999999
9810419969442185216,57,2.69,1.7201052631578948,42.96862280701754,-82.42564210526315
9810420003801923584,66,2.17,1.4423030303030302,42.961777272727275,-82.43082424242425
9810420622277214208,105,6.994,3.6581047619047617,42.9419219047619,-82.4511238095238
9810420690996690944,59,10.613,2.9289491525423728,42.9519406779661,-82.44004915254239
9810420725356429312,190,3.653,1.8457894736842104,42.958754210526315,-82.4371
9810420759716167680,226,3.26,2.41670796460177,42.9619924778761,-82.44907168141593
9810420794075906048,249,4.922,1.7965461847389557,42.94843534136547,-82.449178313253
9810420828435644416,132,5.703,1.1995151515151516,42.94815454545454,-82.45753863636364
9810420862795382784,110,2.067,1.1463181818181818,42.96173181818182,-82.45542363636365
9810420931514859520,24,5.653,4.6883333333333335,42.95022083333333,-82.46577916666666
9810421000234336256,297,5.871,1.3516969696969696,42.9414835016835,-82.45695656565657
9810421034594074624,4,3.295,3.11725,42.9343,-82.456525
9816489617224892416,9,0.505,0.2313333333333333,42.33634444444445,-83.06736666666667
9816489651584630784,261,5.805,0.49289272030651343,42.33717318007663,-83.07460498084292
9816489685944369152,14,4.173,3.5100714285714285,42.32438571428571,-83.07837857142856
9816493293716897792,1,4.143,4.143,42.1916,-83.1445
9816493362436374528,317,10.187,8.555652996845426,42.2070832807571,-83.1570331230284
9816493396796112896,116,8.516,7.933232758620689,42.20822068965517,-83.15234224137932
9816493431155851264,492,10.455,8.123260162601627,42.21330630081301,-83.15137886178861
9816493465515589632,349,8.449,7.722796561604584,42.21360286532951,-83.1558441260745
9816493499875328000,4,8.308,8.308,42.219525,-83.154825
9816493534235066368,114,10.455,7.821561403508772,42.222778947368425,-83.14861228070176
9816493602954543104,1,8.762,8.762,42.2175,-83.1429
9816493946551926784,100,6.409,5.80582,42.246285,-83.15048300000001
9816493980911665152,185,6.699,6.145972972972974,42.25285027027027,-83.14756162162162
9816494083990880256,333,6.604,5.933204204204205,42.262990090090085,-83.14629219219219
9816494118350618624,934,7.713,6.5372398286937905,42.26229282655247,-83.13738479657387
9816494152710356992,271,6.848,6.336845018450185,42.25556420664207,-83.14151291512914
9816494221429833728,170,7.713,7.626464705882353,42.26461058823529,-83.13130588235295
9816494977344077824,22,7.489,6.587818181818181,42.27173181818182,-83.11610454545455
9816495183502508032,10,6.203,5.1527,42.30395,-83.1083
9816495355301199872,12,6.375,6.0015833333333335,42.312266666666666,-83.08897499999999
9816495389660938240,397,6.375,5.483498740554157,42.31167254408061,-83.0970670025189
9816495424020676608,1243,6.375,4.399307320997586,42.318832099758644,-83.09596098149639
9816495458380414976,443,6.004,4.386212189616253,42.31948510158014,-83.08718148984198
9816495492740153344,271,5.023,3.4378523985239853,42.32574686346864,-83.0865520295203
9816495527099891712,226,2.715,1.2518362831858407,42.33676725663717,-83.08519734513274
9816495561459630080,435,3.407,2.243174712643678,42.33644689655173,-83.09469770114943
9816495595819368448,400,3.847,2.8895150000000003,42.328193250000005,-83.09382675
9816495630179106816,328,4.805,3.870310975609756,42.33024146341464,-83.10742652439025
9816495664538845184,495,3.519,2.0215272727272726,42.33902181818182,-83.1062298989899
9816495698898583552,452,3.516,2.540738938053097,42.33898075221239,-83.11606261061947
9816495733258321920,282,4.805,4.049929078014184,42.33054219858156,-83.11403546099291
9816495767618060288,7,4.798,3.771,42.31542857142857,-83.1118857142857
9816495801977798656,1083,5.615,4.028454293628808,42.31905918744229,-83.1046028624192
9816495836337537024,1144,6.283,5.2499527972027975,42.31077893356643,-83.1063819055944
9816495870697275392,396,5.827,5.114926767676768,42.309307323232325,-83.11283838383838
9816496076855705600,22,2.103,1.8066363636363638,42.34335909090909,-83.12281363636363
9816496798410211328,596,7.833,7.243696308724833,42.26974043624161,-83.12947348993289
9816496832769949696,297,6.957,6.318164983164983,42.26938956228956,-83.135032996633
9816503635998146560,1,14.688,14.688,42.1796,-83.1442
9816503670357884928,78,15.709,12.493102564102564,42.17527435897436,-83.14656538461539
9816505869381140480,26,36.495,19.874423076923076,42.09338461538462,-83.15182692307691
9816505903740878848,4,21.314,19.0465,42.0936,-83.1549
9816505938100617216,76,21.948,17.93021052631579,42.08775,-83.15644999999999
9816506041179832320,9,21.048,19.470333333333333,42.08992222222222,-83.15314444444444
9816525042115149824,1,0.313,0.313,42.3133,-83.4114
9816525076474888192,1,0.162,0.162,42.3088,-83.4191
9816525110834626560,76,0.558,0.2,42.309025,-83.40486184210526
9816525145194364928,11,0.558,0.2419090909090909,42.31344545454545,-83.4076909090909
9816525488791748608,44,0.558,0.1962727272727273,42.29823409090909,-83.40828409090909
9816525523151486976,14,0.196,0.1345714285714286,42.29795,-83.41378571428572
9816530436594073600,22,0.162,0.11486363636363638,42.307159090909096,-83.43317272727273
9816530470953811968,86,0.162,0.09988372093023255,42.30782325581395,-83.42961976744186
9816530505313550336,24,0.162,0.1185,42.314191666666666,-83.42447083333333
9816845652833861632,1,0.214,0.214,41.5478,-83.7019
9817382523745861632,1,0.051,0.051,40.7168,-84.3488
9817545388905725952,1,0.202,0.202,40.7624,-84.1009
9817550852104126464,3,0.265,0.165,40.7625,-84.10523333333333
9817552192133922816,1,0.011,0.011,40.7593,-84.1516
9817698427180417024,3,1.875,1.3806666666666665,39.922466666666665,-84.25326666666666
9817698530259632128,5,1.597,0.8564,39.92228,-84.24690000000001
9817703306263265280,1,0.068,0.068,39.868,-84.1123
9817703478061957120,3,0.547,0.34833333333333333,39.848733333333335,-84.10430000000001
9817704371415154688,1,0.111,0.111,39.8411,-84.1982
9817705024250183680,1,0.011,0.011,39.9138,-84.1971
9817705574005997568,2,1.482,1.2175,39.91845,-84.24375
9817705986322857984,1,0.014,0.014,39.8612,-84.2551
9817706261200764928,1,0.187,0.187,39.8422,-84.2377
9817715469610647552,3,0.077,0.043666666666666666,39.8602,-84.47253333333333
9817715503970385920,1,0.194,0.194,39.8658,-84.4691
9817716947079397376,1,0.214,0.214,39.8737,-84.5146
9817788449694941184,9,0.069,0.05011111111111111,40.4875,-84.6263888888889
9817788827652063232,16,0.069,0.0645,40.48644375,-84.6280125
9817825764370808832,1,0.154,0.154,40.0972,-84.6433
9817848373078654976,5,0.071,0.0616,39.81528,-84.88078
9817855519904235520,2,0.329,0.17450000000000002,39.853750000000005,-84.7953
9817855932221095936,4,0.259,0.259,39.858225,-84.79124999999999
9817860914383159296,1,0.12,0.12,39.7703,-84.6551
9817861464138973184,2,0.49,0.49,39.74015,-84.63865
9817861945175310336,1,0.158,0.158,39.713,-84.6354
9817867580172402688,2,0.118,0.118,39.6772,-84.64445
9817890841715277824,1,0.138,0.138,39.4057,-84.9082
9817904654330101760,1,0.443,0.443,39.2517,-84.6609
9817905272805392384,1,0.085,0.085,39.2073,-84.6553
9817905478963822592,1,0.322,0.322,39.2358,-84.6396
9817905719481991168,1,0.308,0.308,39.2149,-84.6322
9817905753841729536,2,0.46,0.46,39.209199999999996,-84.61955
9817905856920944640,1,0.024,0.024,39.2103,-84.6153
9817906234878066688,4,0.663,0.35675,39.252375,-84.637675
9817906269237805056,2,0.663,0.491,39.2521,-84.6352
9817924720417308672,2,0.244,0.22699999999999998,39.40665,-84.53110000000001
9817927263037947904,2,0.003,0.003,39.3179,-84.5325
9817927297397686272,1,0.003,0.003,39.3194,-84.5342
9817927640995069952,2,0.003,0.003,39.31415,-84.5253
9817927709714546688,3,0.057,0.057,39.3041,-84.5397
9817927744074285056,24,0.379,0.33125,39.287795833333334,-84.54218333333334
9817927847153500160,2,0.379,0.3285,39.28615,-84.54220000000001
9817927915872976896,1,0.379,0.379,39.288,-84.5434
9817927950232715264,2,0.556,0.556,39.2908,-84.56174999999999
9817928465628790784,1,0.368,0.368,39.2899,-84.5898
9817928637427482624,1,0.18,0.18,39.2577,-84.5858
9817928809226174464,2,0.18,0.18,39.2576,-84.58345
9817928912305389568,1,0.087,0.087,39.2415,-84.5711
9817928946665127936,4,0.087,0.0795,39.240050000000004,-84.579825
9817928981024866304,1,0.087,0.087,39.2466,-84.592
9817929015384604672,2,0.087,0.087,39.247550000000004,-84.593
9817929084104081408,2,0.053,0.053,39.240449999999996,-84.60445
9817929290262511616,1,0.549,0.549,39.1965,-84.6015
9817929565140418560,1,0.326,0.326,39.2222,-84.5757
9817933825747976192,1,0.077,0.077,39.296,-84.5167
9817938258154225664,4,0.035,0.035,39.19145,-84.39772500000001
9817938326873702400,1,0.062,0.062,39.217,-84.4054
9817938464312655872,12,0.062,0.062,39.21743333333333,-84.38843333333334
9817938567391870976,1,0.062,0.062,39.2164,-84.3886
9817939185867161600,1,0.025,0.025,39.2314,-84.3932
9817939220226899968,1,0.184,0.184,39.2425,-84.3922
9817942140804661248,1,0.199,0.199,39.2888,-84.3043
9817943068517597184,3,0.276,0.14300000000000002,39.32266666666666,-84.3487
9817943102877335552,2,0.138,0.10850000000000001,39.325450000000004,-84.3338
9817943583913672704,1,0.155,0.155,39.3071,-84.3042
9817944133669486592,1,0.427,0.427,39.3549,-84.303
9817946229613527040,1,0.182,0.182,39.3625,-84.371
9817946367052480512,8,0.093,0.06,39.3893125,-84.3668
9817946710649864192,1,0.405,0.405,39.3604,-84.3965
9817955231864979456,94,0.084,0.07843617021276596,39.622802127659575,-84.29400106382978
9817955334944194560,32,0.084,0.07090625,39.625834375,-84.294709375
9817955438023409664,1,0.084,0.084,39.6204,-84.2732
9817955506742886400,23,0.269,0.16069565217391305,39.64043043478261,-84.27919565217391
9817955541102624768,62,0.269,0.17164516129032256,39.64309354838709,-84.2825564516129
9817955575462363136,10,0.221,0.211,39.64567,-84.28433
9817956365736345600,1,0.004,0.004,39.6742,-84.3434
9817979180602621952,2,0.664,0.664,39.83945,-84.41805
9817979592919482368,1,0.664,0.664,39.8362,-84.4149
9817985227916574720,1,0.024,0.024,39.7354,-84.2748
9817985743312650240,3,0.121,0.08066666666666666,39.76016666666667,-84.2717
9817986258708725760,1,0.051,0.051,39.7596,-84.3044
9817987667457998848,10,0.39,0.2544,39.81277,-84.28645
9817988011055382528,1,0.323,0.323,39.8254,-84.2492
9817988182854074368,3,0.323,0.323,39.8261,-84.24786666666667
9817988423372242944,1,0.069,0.069,39.8121,-84.2648
9817988457731981312,1,0.069,0.069,39.8086,-84.2684
9817988629530673152,1,0.057,0.057,39.7681,-84.2619
9817988663890411520,1,0.121,0.121,39.7611,-84.2694
9817988766969626624,3,0.238,0.14133333333333334,39.7695,-84.2471
9817989866481254400,3,0.467,0.32033333333333336,39.8175,-84.2071
9817990038279946240,1,0.467,0.467,39.8174,-84.2067
9817990828553928704,1,0.238,0.238,39.8234,-84.1119
9817990862913667072,5,0.391,0.262,39.823339999999995,-84.11154
9817990965992882176,1,0.081,0.081,39.8061,-84.1196
9817991275230527488,1,0.308,0.308,39.7755,-84.1332
9817991515748696064,1,0.199,0.199,39.7609,-84.1199
9817993027577184256,4,0.199,0.199,39.74845,-84.115775
9817993061936922624,5,0.199,0.1942,39.74436,-84.11054
9817994745564102656,3,0.562,0.29400000000000004,39.6864,-84.22403333333334
9817994779923841024,2,0.16,0.16,39.69095,-84.21225
9817995467118608384,65,0.305,0.16909230769230768,39.73872615384616,-84.22190923076923
9817995741996515328,1,0.192,0.192,39.7335,-84.229
9817997872300294144,5,0.109,0.0578,39.6183,-84.22414
9817998731293753344,1,0.269,0.269,39.6339,-84.267
9817999074891137024,1,0.191,0.191,39.5894,-84.2391
9817999109250875392,1,0.049,0.049,39.5896,-84.2367
9817999281049567232,2,0.417,0.417,39.551050000000004,-84.23085
9817999487207997440,1,0.195,0.195,39.5476,-84.269
9818003679096078336,1,0.202,0.202,39.6194,-84.1391
9818003885254508544,1,0.202,0.202,39.5956,-84.1517
9818115726202896384,1,0.233,0.233,39.437,-84.2107
9818119196536471552,2,0.036,0.032,39.3467,-84.21255
9818119986810454016,1,0.175,0.175,39.3356,-84.2553
9818120399127314432,1,0.165,0.165,39.3065,-84.2682
9818318929695604736,1,0.227,0.227,39.1524,-84.4135
9818319067134558208,1,0.035,0.035,39.186,-84.4009
9818319307652726784,1,0.627,0.627,39.164,-84.4292
9818321231798075392,2,0.122,0.122,39.0537,-84.37
9818323808778452992,1,1.641,1.641,39.1019,-84.4891
9818328035026272256,1,0.549,0.549,39.1944,-84.6023
9818331745878016000,1,0.116,0.116,38.9486,-84.5929
9818341229165805568,5,0.396,0.271,38.9458,-84.68116
9818344321542258688,1,2.665,2.665,38.9785,-84.6936
9818344355901997056,3,0.544,0.32266666666666666,38.98636666666667,-84.69046666666667
9818345627212316672,2,0.074,0.074,39.03615,-84.76400000000001
9818345867730485248,5,0.094,0.0816,39.02828,-84.71477999999999
9818345902090223616,1,0.347,0.347,39.0247,-84.7211
9818345936449961984,11,0.347,0.21927272727272726,39.02288181818182,-84.72504545454545
9818346211327868928,5,0.68,0.29960000000000003,39.005880000000005,-84.69202
9818346314407084032,4,0.094,0.0885,39.032375,-84.706675
9818346383126560768,1,0.322,0.322,39.0255,-84.6825
9818346486205775872,1,0.105,0.105,39.0269,-84.6778
9818346589284990976,8,0.389,0.215625,39.0171,-84.6578875
9818346623644729344,6,0.389,0.25366666666666665,39.01403333333334,-84.66013333333333
9818346761083682816,6,0.483,0.40700000000000003,38.99636666666667,-84.66269999999999
9818346795443421184,1,0.051,0.051,38.9915,-84.6712
9818347035961589760,1,0.419,0.419,38.9714,-84.686
9818347070321328128,1,0.101,0.101,38.9708,-84.6859
9818348066753740800,2,0.065,0.048,39.00815,-84.61574999999999
9818348101113479168,3,0.072,0.05399999999999999,39.0066,-84.6223
9818348238552432640,4,0.101,0.059250000000000004,39.003875,-84.639275
9818348272912171008,3,0.101,0.10100000000000002,39.003,-84.63563333333333
9818348444710862848,1,0.072,0.072,39.0211,-84.617
9818349028826415104,3,0.09,0.08666666666666667,39.0422,-84.63426666666666
9818351124770455552,11,0.306,0.2931818181818182,39.15216363636363,-84.64042727272728
9818351434008100864,1,0.339,0.339,39.1699,-84.6082
9818351468367839232,1,0.026,0.026,39.1804,-84.6071
9818351846324961280,7,0.306,0.22228571428571428,39.15705714285714,-84.64145714285713
9818351915044438016,2,0.447,0.376,39.1612,-84.662
9818352018123653120,1,0.088,0.088,39.18,-84.6518
9818355763335135232,1,0.058,0.058,39.1016,-84.7268
9818355969493565440,2,0.067,0.067,39.09975,-84.70134999999999
9818356278731210752,6,0.867,0.582,39.06778333333333,-84.72378333333334
9818356381810425856,3,0.867,0.8296666666666667,39.066766666666666,-84.71636666666667
9818356416170164224,8,0.867,0.717875,39.0660875,-84.7097625
9818356656688332800,1,0.048,0.048,39.0352,-84.705
9818357000285716480,4,0.867,0.5405,39.074625,-84.7384
9818359955223216128,3,0.213,0.13699999999999998,39.16213333333334,-84.80243333333334
9818424620250824704,13,0.069,0.064,38.20703076923077,-84.80895384615384
9818479183515353088,1,0.216,0.216,38.2467,-84.5236
9818479217875091456,1,0.216,0.216,38.2364,-84.5274
9818483856439771136,2,0.065,0.0595,38.0574,-84.54945000000001
9818483890799509504,17,0.4,0.3672352941176471,38.04911176470588,-84.55126470588235
9818484062598201344,28,0.4,0.22242857142857142,38.038153571428566,-84.54604642857143
9818484096957939712,18,0.4,0.25855555555555554,38.03426666666667,-84.54241111111111
9818484131317678080,10,0.224,0.1763,38.02989,-84.5371
9818484165677416448,2,0.224,0.1205,38.026650000000004,-84.53190000000001
9818484337476108288,1,0.436,0.436,38.0597,-84.5298
9818484474915061760,1,0.254,0.254,38.0659,-84.5401
9818484646713753600,38,0.218,0.19139473684210526,38.08903157894737,-84.54696052631579
9818484681073491968,1,0.215,0.215,38.0899,-84.5539
9818484818512445440,3,0.218,0.146,38.0884,-84.54266666666666
9818484852872183808,1,0.056,0.056,38.0853,-84.5313
9818485230829305856,11,0.639,0.2666363636363636,38.073854545454545,-84.48336363636363
9818485471347474432,19,0.731,0.5291578947368422,38.05277368421053,-84.51331578947368
9818485574426689536,2,0.445,0.328,38.05135,-84.51225
9818486708298055680,5,0.639,0.3534,38.063919999999996,-84.46866
9818486742657794048,10,0.639,0.3752,38.0673,-84.47187
9818486777017532416,9,0.639,0.45633333333333337,38.07271111111111,-84.47806666666666
9818497634694856704,2,0.142,0.09949999999999999,38.04045,-84.42519999999999
9818498081371455488,1,0.032,0.032,38.0237,-84.4336
9818498184450670592,1,0.316,0.316,37.9948,-84.4187
9818498321889624064,10,0.316,0.1753,37.99906,-84.4031
9818498356249362432,2,0.316,0.1635,37.997150000000005,-84.4126
9818498562407792640,1,0.266,0.266,37.9905,-84.4238
9818509798042238976,4,0.907,0.827,37.996674999999996,-84.44345
9818509935481192448,3,1.004,0.4563333333333333,37.9997,-84.46583333333332
9818509969840930816,1,0.646,0.646,38.0131,-84.4629
9818510038560407552,2,0.395,0.23950000000000002,37.99765,-84.4728
9818510072920145920,3,1.004,0.9016666666666667,37.995200000000004,-84.47626666666667
9818510210359099392,58,1.004,0.5357068965517241,37.98368448275862,-84.48774310344828
9818510244718837760,4,1.004,0.47275,37.9794,-84.493125
9818510313438314496,19,1.004,0.4345263157894737,37.989410526315794,-84.48222631578948
9818510622675959808,5,0.613,0.3108,37.99128,-84.51412
9818510691395436544,12,0.613,0.434,37.98164166666667,-84.50749166666667
9818510725755174912,1,0.613,0.613,37.9878,-84.5121
9818510863194128384,3,0.299,0.18299999999999997,37.970866666666666,-84.5029
9818510897553866752,5,0.644,0.3274,37.974759999999996,-84.4989
9818510966273343488,12,0.316,0.18891666666666665,37.95859166666667,-84.48521666666666
9818511069352558592,5,0.316,0.25460000000000005,37.950720000000004,-84.49018
9818511893986279424,29,0.432,0.33703448275862063,37.988596551724136,-84.54101724137931
9818512340662878208,31,0.432,0.32364516129032256,37.98761290322581,-84.5474258064516
9818512375022616576,3,0.431,0.3216666666666667,37.986266666666666,-84.5584
9818512443742093312,1,0.176,0.176,37.9895,-84.5801
9818512478101831680,2,0.267,0.266,37.9922,-84.57560000000001
9818512581181046784,3,0.295,0.12733333333333333,38.0164,-84.5671
9818514161729011712,1,0.098,0.098,37.9268,-84.5458
9818514264808226816,1,0.4,0.4,37.9222,-84.5321
9818515261240639488,2,0.131,0.131,37.874399999999994,-84.5707
9818515295600377856,24,0.131,0.1295,37.88015,-84.57178333333333
9818515329960116224,3,0.131,0.13066666666666668,37.889133333333334,-84.57443333333333
9818515364319854592,1,0.13,0.13,37.8887,-84.5747
9818532990865637376,4,0.529,0.52275,38.05755,-84.743275
9818538007387439104,1,0.007,0.007,38.1442,-84.894
9818538076106915840,3,0.801,0.5306666666666667,38.16003333333334,-84.8805
9818539450496450560,1,0.546,0.546,38.1558,-84.9221
9818552816434675712,1,0.604,0.604,37.8102,-84.9274
9818553434909966336,1,0.162,0.162,37.7517,-84.903
9818555221616361472,1,0.396,0.396,37.7709,-84.8587
9818555255976099840,16,0.7,0.3004375,37.7746,-84.8598875
9818555324695576576,46,0.701,0.37621739130434784,37.765173913043476,-84.84941521739131
9818555359055314944,73,0.701,0.4273698630136986,37.76398630136987,-84.84289863013699
9818555530854006784,16,0.701,0.4150625,37.7641875,-84.83179375
9818567797280604160,3,0.257,0.256,37.75456666666667,-84.76440000000001
9818568965511708672,5,0.328,0.0854,37.665279999999996,-84.76895999999999
9818571370693394432,1,0.323,0.323,37.6807,-84.62
9818571886089469952,1,0.658,0.658,37.6422,-84.627
9818579960627986432,1,0.153,0.153,37.6358,-84.7738
9818580132426678272,1,0.027,0.027,37.671,-84.7754
9818580647822753792,2,0.555,0.555,37.6644,-84.82775
9818650982207193088,1,0.081,0.081,37.396,-84.3984
9818651016566931456,1,0.288,0.288,37.3964,-84.4161
9818651394524053504,5,0.46,0.23820000000000002,37.405860000000004,-84.41454
9818651428883791872,2,0.458,0.2695,37.4013,-84.40395000000001
9818651600682483712,1,0.161,0.161,37.4046,-84.3879
9818651635042222080,1,0.037,0.037,37.3925,-84.3949
9818653524827832320,2,0.036,0.0325,37.5026,-84.42675
9818657407478267904,1,0.069,0.069,37.5405,-84.3324
9818658232111988736,1,0.069,0.069,37.5565,-84.3114
9818658335191203840,2,0.069,0.0685,37.563,-84.29665
9818658506989895680,8,0.069,0.068875,37.570725,-84.2799
9818658541349634048,10,0.069,0.06670000000000001,37.56926,-84.28153999999999
9818663248633790464,1,0.148,0.148,37.5508,-84.4239
9818665859973906432,1,0.42,0.42,37.5718,-84.4524
9818666547168673792,5,0.491,0.46820000000000006,37.59296,-84.49942
9818667131284226048,1,0.177,0.177,37.5367,-84.5009
9818667749759516672,3,0.057,0.057,37.5537,-84.54426666666667
9818669055429574656,1,0.436,0.436,37.5979,-84.5737
9818670292380155904,1,0.738,0.738,37.6016,-84.5756
9818670567258062848,1,0.658,0.658,37.6385,-84.5854
9818670670337277952,1,0.107,0.107,37.6262,-84.5731
9818671323172306944,1,0.26,0.26,37.6819,-84.5511
9818672457043673088,2,0.159,0.159,37.62,-84.50545
9818672697561841664,1,0.186,0.186,37.6037,-84.4972
9818687575328555008,1,0.129,0.129,37.7213,-84.3155
9818741382678839296,1,0.125,0.125,37.1633,-84.1146
9818741451398316032,2,0.125,0.1245,37.159949999999995,-84.10615000000001
9818747876669390848,2,0.141,0.141,37.158,-84.0547
9818748014108344320,1,0.001,0.001,37.1516,-84.0351
9818748185907036160,1,0.01,0.01,37.184,-84.0361
9818764712941191168,2,1.066,0.918,37.4751,-83.80760000000001
9818765193977528320,3,0.017,0.017,37.44813333333334,-83.78833333333334
9818765400135958528,2,0.008,0.0075,37.4286,-83.78765
9818769454585085952,2,0.101,0.101,37.39345,-83.87195
9818776567050928128,1,0.134,0.134,37.1451,-83.779
9818776635770404864,4,0.162,0.14750000000000002,37.136700000000005,-83.7644
9818782648724619264,17,0.007,0.007,37.132876470588236,-83.73423529411764
9818794296675926016,3,0.01,0.01,37.46686666666667,-83.73703333333333
9818805429231157248,2,0.01,0.01,37.48,-83.72935000000001
9818882669923008512,3,0.177,0.17699999999999996,37.9796,-84.19773333333333
9818883322758037504,1,0.231,0.231,37.9665,-84.1623
9818883357117775872,2,0.231,0.2305,37.9714,-84.16675000000001
9818883391477514240,2,0.231,0.23,37.972,-84.1668
9818887823883763712,1,0.15,0.15,38.0078,-84.2132
9819192663482564608,1,0.043,0.043,37.2981,-83.2165
9819192904000733184,4,0.24,0.14625,37.291225,-83.235075
9819192972720209920,4,0.24,0.24,37.281324999999995,-83.244
9822572424787394560,2,0.495,0.495,35.7425,-81.8362
9822647191578083328,1,0.363,0.363,36.1334,-81.2241
9822730823181271040,2,0.007,0.007,35.78485,-80.8725
9823787797452947456,1,0.601,0.601,34.6412,-79.8807
9823888437126627328,2,0.657,0.657,34.3672,-80.06110000000001
9823924549211652096,1,0.341,0.341,34.3927,-80.2863
9823967808122257408,1,1.354,1.354,34.5693,-80.3762
9824081641935470592,1,0.375,0.375,34.2504,-81.3282
9824450596806066176,3,0.137,0.137,34.97056666666666,-81.93913333333334
9824451971195600896,2,0.026,0.0215,35.004099999999994,-81.9983
9824452039915077632,4,0.079,0.079,35.009775,-82.011875
9824452074274816000,2,0.079,0.079,35.0125,-82.00765
9824452142994292736,1,0.147,0.147,35.03,-82.0035
9824452452231938048,3,0.079,0.07666666666666666,35.00626666666667,-82.02046666666666
9824470525454319616,1,0.316,0.316,34.7909,-82.2026
9824582847439044608,1,0.096,0.096,34.5049,-82.0218
9824643870334386176,1,0.214,0.214,34.7879,-82.3288
9824644351370723328,3,0.039,0.039,34.7883,-82.302
9824644385730461696,1,0.136,0.136,34.789,-82.2928
9824644557529153536,1,0.041,0.041,34.7843,-82.2635
9824646344235548672,1,0.173,0.173,34.7706,-82.2564
9824646378595287040,1,0.112,0.112,34.7881,-82.2546
9824647271948484608,5,0.321,0.2752,34.80008,-82.29028
9824647340667961344,1,0.305,0.305,34.8164,-82.2997
9824647409387438080,1,0.089,0.089,34.8166,-82.2847
9824647512466653184,1,0.123,0.123,34.8349,-82.2901
9824647581186129920,1,0.088,0.088,34.8236,-82.2752
9824647615545868288,2,0.088,0.088,34.82555,-82.26814999999999
9824647821704298496,3,0.348,0.14866666666666664,34.847633333333334,-82.28733333333334
9824647924783513600,2,0.145,0.097,34.8502,-82.2861
9824654040816943104,7,0.168,0.11871428571428573,34.85438571428572,-82.30645714285716
9824654109536419840,1,0.099,0.099,34.8502,-82.3181
9824654178255896576,1,0.099,0.099,34.854,-82.3287
9824654246975373312,2,0.062,0.0365,34.8475,-82.3429
9824654384414326784,2,0.123,0.086,34.83865,-82.3277
9824654487493541888,2,0.305,0.305,34.8187,-82.30505
9824654624932495360,2,0.305,0.2035,34.800349999999995,-82.30245
9824655415206477824,1,0.053,0.053,34.8084,-82.4066
9824655449566216192,1,0.168,0.168,34.8151,-82.4031
9824655724444123136,2,0.198,0.198,34.84095,-82.42745
9824655964962291712,11,0.053,0.04318181818181818,34.82308181818182,-82.44036363636364
9824656411638890496,7,0.053,0.053,34.8284,-82.44022857142856
9824657064473919488,3,0.005,0.005,34.88366666666667,-82.4113
9824667097517522944,1,0.026,0.026,34.7964,-82.3906
9824723413128708096,1,0.132,0.132,34.4848,-82.6439
9825019250476056576,1,0.048,0.048,35.5649,-83.0455
9825224378114113536,1,0.593,0.593,36.0425,-82.8565
9825251591026900992,1,0.222,0.222,36.1907,-82.7939
9825251694106116096,5,0.222,0.22200000000000003,36.18016,-82.79842
9825251865904807936,3,0.106,0.10033333333333333,36.172266666666665,-82.81406666666668
9825252450020360192,2,0.075,0.067,36.1687,-82.76015
9825253102855389184,1,0.118,0.118,36.1764,-82.7656
9825266400074137600,1,0.023,0.023,36.2727,-82.6742
9825455069397516288,4,0.315,0.1985,36.408500000000004,-82.99945
9825455103757254656,2,0.135,0.07150000000000001,36.405950000000004,-83.0047
9825552891572649984,1,0.207,0.207,36.7375,-83.5646
9825554094163492864,1,0.079,0.079,36.703,-83.5285
9825554128523231232,1,0.074,0.074,36.7042,-83.5322
9825554162882969600,2,0.063,0.063,36.71185,-83.5403
9825554231602446336,3,0.028,0.028,36.698499999999996,-83.5525
9825554369041399808,2,0.367,0.365,36.719899999999996,-83.5579
9825557736295759872,1,0.006,0.006,36.6083,-83.489
9825576702871339008,1,0.007,0.007,36.4307,-83.3227
9825582544026861568,1,0.17,0.17,36.5908,-83.4908
9825582578386599936,1,0.18,0.18,36.5971,-83.4885
9825582612746338304,1,0.071,0.071,36.596,-83.5053
9825582647106076672,1,0.082,0.082,36.5872,-83.4992
9825582681465815040,1,0.239,0.239,36.5801,-83.4993
9825584433812471808,1,0.056,0.056,36.5693,-83.5468
9825585155366977536,2,0.057,0.0565,36.560249999999996,-83.5644
9825587285670756352,3,0.425,0.36400000000000005,36.449666666666666,-83.56776666666667
9825587801066831872,1,0.023,0.023,36.4256,-83.5903
9825597215635144704,1,0.098,0.098,36.2604,-83.5373
9825612265200549888,4,0.107,0.107,36.197425,-83.2795
9825612299560288256,3,0.107,0.107,36.2017,-83.28410000000001
9825612333920026624,1,0.107,0.107,36.1883,-83.2831
9825613055474532352,3,0.326,0.326,36.21286666666666,-83.29403333333333
9825613192913485824,1,0.165,0.165,36.2161,-83.3211
9825613983187468288,1,0.1,0.1,36.2203,-83.258
9825614154986160128,1,0.333,0.333,36.256,-83.2586
9825614223705636864,1,0.115,0.115,36.2584,-83.2643
9825615495015956480,4,0.248,0.248,36.31805,-83.309075
9825615701174386688,3,0.248,0.20433333333333334,36.30766666666667,-83.31683333333332
9825616697606799360,5,0.322,0.2754,36.29228,-83.37196
9825617968917118976,1,0.237,0.237,36.3397,-83.3853
9825618175075549184,1,0.055,0.055,36.2971,-83.373
9825619102788485120,1,0.141,0.141,36.3415,-83.3868
9825619789983252480,1,0.673,0.673,36.3943,-83.407
9825620580257234944,1,0.057,0.057,36.3986,-83.3388
9825620752055926784,1,0.112,0.112,36.421,-83.3311
9825620820775403520,1,0.122,0.122,36.4041,-83.3167
9825621026933833728,1,0.122,0.122,36.4004,-83.3121
9825621233092263936,3,0.181,0.18099999999999997,36.393166666666666,-83.3353
9825622126445461504,2,0.071,0.071,36.347750000000005,-83.2615
9825622229524676608,6,0.071,0.071,36.347433333333335,-83.26115
9825622401323368448,2,0.306,0.178,36.3822,-83.25485
9825623191597350912,1,0.271,0.271,36.388,-83.2318
9825625871656943616,1,0.333,0.333,36.2477,-83.2472
9825626283973804032,1,0.114,0.114,36.2791,-83.1881
9825626352693280768,1,0.385,0.385,36.2729,-83.2023
9825626421412757504,1,0.093,0.093,36.2448,-83.1984
9825630682020315136,1,0.001,0.001,36.3853,-83.1258
9825655146154033152,2,0.566,0.376,36.242450000000005,-83.2312
9825865118515200000,2,0.182,0.13,36.389250000000004,-83.70745
9825866836502118400,1,0.222,0.222,36.4013,-83.6836
9825872265340780544,2,0.037,0.037,36.600750000000005,-83.62375
9825874533083512832,12,0.14,0.14,36.612608333333334,-83.71079166666667
9825874945400373248,12,1.486,0.7270833333333333,36.61389166666667,-83.7384
9825875014119849984,1,0.343,0.343,36.6052,-83.7469
9825875048479588352,11,0.135,0.12363636363636364,36.612109090909094,-83.75018181818182
9825875082839326720,8,0.246,0.14175,36.616175,-83.758925
9825884222529732608,1,0.039,0.039,36.5946,-83.8796
9825886318473773056,3,0.125,0.11466666666666665,36.59473333333333,-83.76556666666666
9825886799510110208,1,0.246,0.246,36.6159,-83.7627
9825886833869848576,1,0.005,0.005,36.6273,-83.7667
9825888345698336768,1,0.141,0.141,36.6815,-83.8377
9825889445209964544,1,0.026,0.026,36.6446,-83.8792
9825889479569702912,1,0.027,0.027,36.6449,-83.8787
9825894839688888320,1,0.592,0.592,36.7123,-83.781
9825894908408365056,2,0.592,0.592,36.7191,-83.76735
9825895080207056896,1,0.058,0.058,36.7526,-83.7728
9825895183286272000,1,0.058,0.058,36.7527,-83.7731
9825896351517376512,3,0.322,0.322,36.7785,-83.6812
9825896385877114880,9,2.178,1.0905555555555555,36.77042222222222,-83.68423333333334
9825896454596591616,1,2.178,2.178,36.7639,-83.6897
9825896866913452032,4,0.007,0.007,36.7348,-83.69565
9825896969992667136,5,0.007,0.007000000000000001,36.73034,-83.69404
9825897382309527552,7,0.702,0.5691428571428572,36.722342857142856,-83.72352857142857
9825897416669265920,1,0.702,0.702,36.7255,-83.7283
9825897691547172864,2,0.592,0.592,36.72280000000001,-83.75954999999999
9825898653619847168,1,1.119,1.119,36.6305,-83.7328
9825898687979585536,4,0.427,0.39149999999999996,36.620850000000004,-83.737025
9825898997217230848,3,1.278,0.7703333333333333,36.6447,-83.70143333333333
9825899959289905152,2,0.204,0.204,36.689949999999996,-83.6843
9825900199808073728,2,0.272,0.272,36.6956,-83.63659999999999
9825900440326242304,3,1.436,1.2309999999999999,36.66043333333334,-83.66176666666667
9825901058801532928,2,0.325,0.325,36.6486,-83.6532
9825901093161271296,2,0.591,0.43799999999999994,36.64565,-83.63785
9825901127521009664,4,0.612,0.3015,36.650025,-83.63075
9825901161880748032,5,0.321,0.321,36.6519,-83.6178
9825901780356038656,1,0.277,0.277,36.6635,-83.6039
9825902192672899072,1,0.357,0.357,36.6895,-83.601
9825902261392375808,4,0.659,0.203,36.702125,-83.604525
9825902295752114176,3,0.314,0.31066666666666665,36.7151,-83.60523333333333
9825902330111852544,1,0.23,0.23,36.7131,-83.6028
9825902467550806016,9,0.62,0.25355555555555553,36.72101111111111,-83.60813333333334
9825902708068974592,1,0.237,0.237,36.6985,-83.6239
9825902742428712960,2,0.237,0.237,36.70655,-83.63319999999999
9825902776788451328,5,0.542,0.3218,36.70462,-83.63734
9825903120385835008,5,0.376,0.3166,36.74148,-83.67188
9825903463983218688,1,0.376,0.376,36.7427,-83.6629
9825903635781910528,5,3.412,1.8872,36.773399999999995,-83.6714
9825903841940340736,1,1.061,1.061,36.7757,-83.6351
9825903876300079104,9,0.582,0.4746666666666667,36.776199999999996,-83.63006666666666
9825903910659817472,1,0.277,0.277,36.7771,-83.6197
9825904494775369728,4,0.008,0.008,36.80115,-83.6056
9825904529135108096,4,0.259,0.202,36.791975,-83.607825
9825904872732491776,3,0.008,0.008,36.80436666666667,-83.60473333333333
9825905078890921984,1,0.019,0.019,36.8415,-83.6019
9825905250689613824,3,0.131,0.128,36.855533333333334,-83.6219
9825905353768828928,3,0.131,0.131,36.84846666666667,-83.62713333333333
9825905388128567296,1,0.016,0.016,36.8383,-83.6335
9825905491207782400,1,0.316,0.316,36.8345,-83.6334
9825906075323334656,1,0.189,0.189,36.8191,-83.667
9825906178402549760,4,0.19,0.19,36.81870000000001,-83.66505000000001
9825906247122026496,1,0.264,0.264,36.8251,-83.636
9825906556359671808,1,0.224,0.224,36.797,-83.6701
9825906590719410176,2,0.224,0.224,36.7958,-83.6678
9825906796877840384,1,0.19,0.19,36.8245,-83.6797
9825906899957055488,1,0.087,0.087,36.8131,-83.7091
9825906934316793856,1,0.096,0.096,36.8264,-83.7045
9825907003036270592,1,0.092,0.092,36.8121,-83.7112
9825907140475224064,1,0.391,0.391,36.7971,-83.7172
9825907793310253056,1,0.023,0.023,36.8536,-83.738
9825909133340049408,2,0.492,0.4885,36.91015,-83.6998
9825910061052985344,1,0.039,0.039,36.9272,-83.7508
9825910713888014336,1,0.491,0.491,36.9297,-83.6988
9825912088277549056,1,0.082,0.082,36.9077,-83.6398
9825912328795717632,1,0.136,0.136,36.8711,-83.6156
9825912741112578048,3,0.122,0.122,36.92803333333333,-83.60996666666666
9825912775472316416,1,0.09,0.09,36.9129,-83.6102
9825912912911269888,3,0.122,0.122,36.927366666666664,-83.6156
9825913015990484992,2,0.175,0.175,36.948800000000006,-83.63
9825918376109670400,3,0.057,0.054,37.1208,-83.69273333333332
9825918444829147136,3,0.057,0.05666666666666667,37.11803333333334,-83.70423333333333
9825918479188885504,1,0.057,0.057,37.1195,-83.6998
9825918925865484288,2,0.007,0.007,37.13195,-83.7389
9825919028944699392,15,0.007,0.007,37.131233333333334,-83.74506666666666
9825919647419990016,2,0.25,0.1265,37.04945,-83.7398
9825919681779728384,1,0.003,0.003,37.0489,-83.7413
9825922705436704768,1,0.218,0.218,36.9668,-83.8336
9825923289552257024,2,0.25,0.2495,37.01515,-83.8399
9825924423423623168,1,0.461,0.461,37.0673,-83.7999
9825924904459960320,1,0.404,0.404,37.123,-83.7727
9825925007539175424,2,0.134,0.0845,37.1198,-83.7821
9825925041898913792,6,2.481,1.0371666666666666,37.11998333333333,-83.78755
9825925144978128896,2,1.542,1.082,37.119150000000005,-83.79575
9825925316776820736,5,0.118,0.1162,37.09964,-83.80866
9825925385496297472,1,0.143,0.143,37.111,-83.8218
9825925419856035840,3,0.86,0.5106666666666667,37.10653333333334,-83.80956666666667
9825925591654727680,1,0.143,0.143,37.1248,-83.8298
9825925969611849728,2,0.279,0.279,37.0856,-83.82925
9825926003971588096,2,0.279,0.279,37.08825,-83.82565
9825926038331326464,2,0.118,0.1175,37.090500000000006,-83.80680000000001
9825926141410541568,3,0.149,0.149,37.06616666666667,-83.81906666666667
9825926175770279936,1,0.01,0.01,37.0638,-83.8109
9825926278849495040,1,0.073,0.073,37.0596,-83.829
9825926691166355456,1,0.244,0.244,37.0843,-83.8789
9825926725526093824,2,0.244,0.162,37.083349999999996,-83.87975
9825927034763739136,1,0.076,0.076,37.1103,-83.858
9825927069123477504,1,0.281,0.281,37.1065,-83.8491
9825928065555890176,1,0.092,0.092,37.0904,-83.9306
9825928374793535488,2,0.101,0.101,37.0724,-83.89320000000001
9825928443513012224,1,0.247,0.247,37.0632,-83.9041
9825928787110395904,1,0.361,0.361,37.0208,-83.9312
9825929130707779584,1,0.06,0.06,37.0501,-83.8927
9825929165067517952,2,0.06,0.06,37.0488,-83.88535
9825932497962139648,4,0.149,0.1485,36.945475,-83.854175
9825932944638738432,2,0.672,0.518,36.9476,-83.856
9825933047717953536,2,0.218,0.218,36.96210000000001,-83.83475
9825934044150366208,1,0.076,0.076,36.9334,-83.7967
9825934078510104576,2,0.076,0.0755,36.931700000000006,-83.79814999999999
9825934525186703360,6,0.205,0.12716666666666665,36.88353333333333,-83.79121666666667
9825934559546441728,3,0.015,0.015,36.88953333333333,-83.78413333333333
9825935246741209088,3,0.054,0.054,36.873266666666666,-83.8328
9825935281100947456,1,0.018,0.018,36.8687,-83.8366
9825935315460685824,1,0.018,0.018,36.8682,-83.8463
9825935865216499712,2,0.205,0.203,36.8771,-83.79345
9825938029880016896,8,0.087,0.0865,36.8545,-83.8647625
9825938064239755264,2,0.045,0.044,36.8511,-83.8544
9825938201678708736,3,0.087,0.08700000000000001,36.86236666666667,-83.86776666666667
9825938236038447104,2,0.087,0.087,36.86365,-83.86985
9825944901827690496,1,0.02,0.02,36.929,-84.0969
9825945245425074176,2,0.642,0.324,36.942099999999996,-84.08760000000001
9825945314144550912,11,0.97,0.4057272727272727,36.949445454545454,-84.09192727272728
9825945348504289280,2,0.33,0.168,36.949799999999996,-84.0903
9825945863900364800,1,0.073,0.073,36.9382,-84.0398
9825946448015917056,1,0.084,0.084,36.9529,-83.9874
9825946482375655424,2,0.084,0.084,36.952349999999996,-83.98795
9825946551095132160,2,0.058,0.052000000000000005,36.935249999999996,-83.98140000000001
9825946585454870528,3,0.049,0.04900000000000001,36.93546666666666,-83.99166666666666
9825946619814608896,1,1.009,1.009,36.9336,-83.9997
9825946722893824000,4,0.241,0.241,36.93905,-84.01304999999999
9825946791613300736,2,0.024,0.024,36.93045,-83.9985
9825947203930161152,2,0.002,0.0015,36.916349999999994,-83.9859
9825947238289899520,2,0.058,0.030000000000000002,36.9259,-83.98635
9825947307009376256,1,0.058,0.058,36.9298,-83.9711
9825949815270277120,9,0.47,0.235,37.04443333333333,-84.01454444444444
9825949849630015488,2,0.47,0.47,37.0504,-84.01474999999999
9825949883989753856,3,1.5,1.2306666666666668,37.05826666666667,-84.00073333333334
9825950021428707328,1,0.094,0.094,37.0485,-83.977
9825950055788445696,2,0.139,0.139,37.0547,-83.96485
9825950296306614272,8,0.222,0.182875,37.0285625,-83.95805
9825950330666352640,3,0.106,0.106,37.03033333333334,-83.94386666666666
9825950433745567744,1,0.106,0.106,37.0326,-83.9367
9825950708623474688,1,0.062,0.062,37.0611,-83.9441
9825951601976672256,1,0.026,0.026,37.1144,-83.959
9825951705055887360,1,0.076,0.076,37.1124,-83.9813
9825951773775364096,2,0.05,0.05,37.116550000000004,-83.9932
9825952048653271040,2,0.178,0.178,37.141099999999994,-84.0068
9825952598409084928,2,0.176,0.176,37.0599,-83.985
9825952942006468608,1,0.029,0.029,37.0643,-84.0421
9825953010725945344,1,2.621,2.621,37.0818,-84.0582
9825953113805160448,3,0.697,0.49366666666666664,37.084466666666664,-84.05506666666666
9825953319963590656,1,0.182,0.182,37.096,-84.0211
9825953423042805760,1,0.039,0.039,37.1229,-84.0368
9825953457402544128,1,0.135,0.135,37.1203,-84.021
9825953491762282496,1,0.072,0.072,37.1264,-84.0271
9825953663560974336,1,0.028,0.028,37.1381,-84.0412
9825953732280451072,1,0.035,0.035,37.132,-84.0501
9825953800999927808,4,0.072,0.072,37.118375,-84.0399
9825953938438881280,11,0.164,0.15381818181818183,37.11426363636363,-84.07576363636363
9825954144597311488,7,0.262,0.262,37.13345714285715,-84.07512857142856
9825954350755741696,2,0.113,0.113,37.1215,-84.08355
9825954385115480064,1,0.113,0.113,37.1174,-84.0807
9825954419475218432,5,0.355,0.2946,37.1094,-84.09394
9825954453834956800,21,0.362,0.23961904761904762,37.10455714285714,-84.09411428571428
9825954591273910272,8,0.12,0.12,37.096925,-84.076175
9825954659993387008,3,0.12,0.12,37.0923,-84.06663333333334
9825954694353125376,5,0.12,0.1196,37.09518,-84.0736
9825954763072602112,9,0.64,0.43633333333333335,37.0747,-84.06263333333332
9825955415907631104,2,0.052,0.052,37.0493,-84.0616
9825955518986846208,1,0.052,0.052,37.0548,-84.0653
9825955725145276416,1,0.166,0.166,37.0518,-84.0168
9825955896943968256,1,0.137,0.137,37.022,-84.0244
9825956034382921728,3,1.297,0.992,37.03796666666667,-84.05656666666667
9825956274901090304,3,0.183,0.18233333333333332,37.0129,-84.0225
9825957408772456448,1,0.234,0.234,37.0197,-84.1206
9825958095967223808,1,0.369,0.369,37.0189,-84.1801
9825958370845130752,2,0.299,0.299,37.04585,-84.1548
9825958680082776064,1,0.063,0.063,37.0638,-84.1732
9825958783161991168,2,0.299,0.1575,37.0503,-84.15174999999999
9825959435997020160,2,0.295,0.2045,37.0817,-84.10575
9825959917033357312,1,0.078,0.078,37.1034,-84.1085
9825959951393095680,3,0.078,0.078,37.11286666666667,-84.1074
9825969503400361984,4,0.02,0.02,36.9242,-84.11005
9825970087515914240,1,0.2,0.2,36.9259,-84.1568
9825970328034082816,2,0.091,0.091,36.902100000000004,-84.17075
9825973523489751040,1,0.245,0.245,36.8885,-84.2212
9825973832727396352,1,0.072,0.072,36.8838,-84.2286
9826021386605297664,1,0.612,0.612,36.5002,-84.56
9826021455324774400,1,0.143,0.143,36.487,-84.5495
9826021936361111552,1,0.017,0.017,36.5215,-84.5786
9826090999435231232,1,0.021,0.021,37.0563,-84.6288
9826091102514446336,1,0.023,0.023,37.0559,-84.6236
9826098077541335040,1,0.197,0.197,37.0372,-84.7792
9826102475587846144,1,0.154,0.154,37.1066,-84.8796
9826140786696126464,1,0.543,0.543,36.537,-84.7273
9826157760406880256,1,0.422,0.422,36.357,-84.8721
9826158104004263936,1,0.725,0.725,36.394,-84.8771
9826158378882170880,1,0.504,0.504,36.3746,-84.8923
9826158653760077824,1,1.316,1.316,36.4021,-84.9169
9826158962997723136,1,0.218,0.218,36.3642,-84.9307
9826168240127082496,1,2.979,2.979,36.3153,-84.7904
9826186553867632640,1,0.188,0.188,36.485,-84.5513
9826187137983184896,8,0.435,0.294125,36.43605,-84.540325
9826187241062400000,1,0.413,0.413,36.4295,-84.5384
9826757543999832064,1,0.045,0.045,34.8879,-84.2866
9826759193267273728,1,0.05,0.05,34.9832,-84.3294
9826759261986750464,1,0.112,0.112,34.9878,-84.3157
9826760017900994560,1,0.084,0.084,34.9986,-84.3035
9827260845447446528,1,0.036,0.036,35.2894,-86.0514
9828667155179110400,1,0.095,0.095,36.7358,-86.1713
9828667189538848768,1,0.095,0.095,36.7331,-86.1641
9828674542522859520,1,0.048,0.048,36.7375,-86.1962
9828674645602074624,1,0.092,0.092,36.7319,-86.2207
9828933340072247296,1,0.074,0.074,36.3271,-84.9615
9829142006763356160,1,0.046,0.046,37.5928,-84.9529
9829142144202309632,1,0.048,0.048,37.6088,-84.9573
9829142178562048000,2,0.048,0.048,37.5988,-84.9521
9829144480664518656,1,0.132,0.132,37.5692,-85.0981
9829152623922511872,1,0.302,0.302,37.7974,-84.9703
9829153104958849024,1,0.158,0.158,37.8687,-84.9494
9829156747091116032,1,0.784,0.784,37.7969,-85.0968
9829156884530069504,5,0.45,0.22799999999999998,37.775,-85.09916
9829156918889807872,2,0.429,0.2725,37.77,-85.09705
9829157606084575232,1,0.111,0.111,37.7609,-85.035
9829157674804051968,3,0.437,0.3833333333333333,37.751533333333334,-85.0313
9829158052761174016,1,0.256,0.256,37.7387,-85.0235
9829159152272801792,1,0.077,0.077,37.7424,-85.1149
9829160114345476096,4,0.358,0.358,37.77075,-85.15385
9829160148705214464,3,0.358,0.25866666666666666,37.77043333333334,-85.16033333333333
9829160870259720192,1,0.358,0.358,37.7626,-85.1353
9829163069282975744,1,0.287,0.287,37.8264,-85.1635
9829164649830940672,1,0.19,0.19,37.8763,-85.2332
9829170147389079552,1,0.343,0.343,37.6687,-85.1862
9829171453059137536,2,0.391,0.391,37.6243,-85.12205
9829172208973381632,1,0.054,0.054,37.6242,-85.1698
9829172758729195520,1,0.187,0.187,37.6081,-85.1405
9829176503940677632,5,0.362,0.27080000000000004,37.56232,-85.2699
9829182516894892032,1,0.084,0.084,37.7074,-85.4069
9829190076037332992,1,0.254,0.254,37.8269,-85.3948
9829190144756809728,1,0.026,0.026,37.8354,-85.385
9829190247836024832,1,0.033,0.033,37.8342,-85.3569
9829190935030792192,1,0.66,0.66,37.8577,-85.408
9829191553506082816,2,0.087,0.0655,37.83665,-85.41624999999999
9829191656585297920,3,0.351,0.28833333333333333,37.8353,-85.41403333333334
9829192378139803648,2,0.211,0.1825,37.785250000000005,-85.4058
9829192549938495488,1,0.333,0.333,37.7859,-85.3884
9829195882833117184,1,0.367,0.367,37.7868,-85.4644
9829196192070762496,1,0.298,0.298,37.783,-85.4403
9829196295149977600,1,0.213,0.213,37.8038,-85.4483
9829196329509715968,1,0.097,0.097,37.7988,-85.4461
9829196501308407808,5,0.418,0.388,37.81174,-85.46088
9829196570027884544,1,0.3,0.3,37.8202,-85.469
9829196810546053120,2,0.12,0.095,37.83485,-85.45554999999999
9829197429021343744,4,0.356,0.18675,37.852425,-85.472725
9829197463381082112,1,0.405,0.405,37.8536,-85.4848
9829199112648523776,1,0.299,0.299,37.856,-85.5248
9829199387526430720,2,0.063,0.035,37.8809,-85.54480000000001
9829257111886888960,1,0.139,0.139,37.4601,-85.6703
9829259585788051456,1,0.101,0.101,37.5085,-85.6793
9829260547860725760,4,0.248,0.20825,37.5114,-85.70045
9829260616580202496,4,0.248,0.248,37.502674999999996,-85.694525
9829303360094732288,2,0.575,0.5135,37.4865,-86.2521
9829304906282958848,2,0.568,0.40299999999999997,37.51075,-86.2384
9829319852769148928,1,0.005,0.005,37.6971,-85.9619
9829348165193564160,2,0.363,0.3375,37.81285,-85.99445
9829350089338912768,2,0.395,0.395,37.81495,-85.9647
9829350261137604608,14,0.219,0.206,37.81634285714286,-85.93337857142856
9829352322721906688,6,0.213,0.18066666666666667,37.88181666666667,-85.93938333333334
9829352460160860160,1,0.018,0.018,37.9072,-85.9334
9829359229029318656,1,0.082,0.082,37.7378,-85.8787
9829359263389057024,1,0.086,0.086,37.7417,-85.8814
9829361050095452160,3,0.405,0.36733333333333335,37.74906666666667,-85.89273333333334
9829361702930481152,2,0.313,0.1945,37.720299999999995,-85.8918
9829362046527864832,6,0.317,0.19083333333333333,37.71595,-85.85515
9829362115247341568,13,0.317,0.17246153846153847,37.70685384615385,-85.8619076923077
9829362252686295040,22,0.6,0.4084090909090909,37.69939545454545,-85.87211363636364
9829362287046033408,2,0.315,0.315,37.70935,-85.87105
9829362355765510144,1,0.583,0.583,37.6972,-85.8808
9829362458844725248,11,2.198,1.1360000000000001,37.68149090909091,-85.87449090909091
9829362493204463616,17,2.198,1.7527058823529411,37.684958823529406,-85.87378235294118
9829362527564201984,17,0.348,0.17541176470588235,37.69067058823529,-85.86178823529411
9829362561923940352,13,0.348,0.18646153846153846,37.691746153846154,-85.8529923076923
9829363111679754240,2,0.062,0.062,37.6922,-85.89744999999999
9829363249118707712,1,0.043,0.043,37.6872,-85.916
9829369158993707008,1,0.346,0.346,37.6943,-85.8476
9829369193353445376,1,0.114,0.114,37.7109,-85.839
9829369296432660480,5,0.217,0.217,37.72104,-85.84572
9829369365152137216,1,0.216,0.216,37.7309,-85.8324
9829375309386874880,1,0.152,0.152,37.5716,-85.6595
9829388537886146560,1,0.118,0.118,37.9769,-85.6253
9829392042579460096,2,0.155,0.14350000000000002,37.976749999999996,-85.6908
9829392111298936832,1,0.217,0.217,37.9874,-85.7049
9829392489256058880,43,0.157,0.1531860465116279,37.99716279069767,-85.71704186046512
9829392523615797248,33,0.157,0.157,37.997063636363634,-85.71307272727272
9829392557975535616,93,0.217,0.1812795698924731,37.9916311827957,-85.71187956989247
9829392592335273984,42,0.157,0.15445238095238095,37.99324285714286,-85.7167880952381
9829392661054750720,6,0.108,0.09000000000000001,38.00685,-85.73415
9829393107731349504,14,0.108,0.09985714285714285,38.008092857142856,-85.73105714285714
9829393142091087872,7,0.257,0.2512857142857143,38.02605714285714,-85.72942857142857
9829393176450826240,6,0.257,0.1385,38.02953333333333,-85.73406666666666
9829393794926116864,24,0.94,0.10325,38.05265,-85.70876249999999
9829393863645593600,2,0.215,0.215,38.04515,-85.71545
9829393966724808704,4,0.962,0.34299999999999997,38.044725,-85.713275
9829394104163762176,1,0.131,0.131,38.0411,-85.686
9829394172883238912,1,0.266,0.266,38.0582,-85.6953
9829394379041669120,1,0.189,0.189,38.0639,-85.6651
9829395959589634048,1,0.012,0.012,38.0359,-85.6024
9829396818583093248,1,0.409,0.409,38.102,-85.6346
9829396852942831616,1,0.268,0.268,38.0975,-85.6339
9829397162180476928,5,1.195,0.8432000000000001,38.07552,-85.66984
9829397265259692032,8,0.447,0.308875,38.0812125,-85.6728375
9829397299619430400,1,0.119,0.119,38.0981,-85.6641
9829397437058383872,1,0.027,0.027,38.1,-85.6605
9829397540137598976,14,0.027,0.024357142857142855,38.10644285714285,-85.64802142857143
9829398089893412864,1,0.265,0.265,38.1515,-85.6528
9829398192972627968,3,0.31,0.20366666666666666,38.1361,-85.63126666666666
9829398227332366336,10,0.31,0.2138,38.13337,-85.63499
9829398261692104704,26,0.591,0.2946923076923077,38.12444615384615,-85.63635384615385
9829398536570011648,5,0.372,0.31239999999999996,38.134820000000005,-85.60686
9829398639649226752,5,0.208,0.2016,38.14538,-85.60924
9829399017606348800,6,0.052,0.046000000000000006,38.18856666666667,-85.64041666666667
9829399120685563904,1,0.263,0.263,38.1726,-85.6175
9829399155045302272,1,0.325,0.325,38.18,-85.6109
9829399429923209216,7,0.116,0.10942857142857143,38.23347142857143,-85.62195714285714
9829399533002424320,2,0.119,0.119,38.23325,-85.62395000000001
9829399636081639424,68,0.08,0.07144117647058823,38.21054852941177,-85.6374205882353
9829399670441377792,30,0.08,0.07306666666666667,38.211760000000005,-85.63092
9829399807880331264,64,0.08,0.0735,38.202959375,-85.6584296875
9829399842240069632,1,0.08,0.08,38.2052,-85.654
9829399876599808000,87,0.08,0.07004597701149426,38.20816436781609,-85.64852183908046
9829400185837453312,12,0.709,0.3778333333333333,38.2062,-85.68200833333333
9829400254556930048,3,0.794,0.3056666666666667,38.196666666666665,-85.67113333333333
9829400288916668416,96,0.818,0.5154479166666667,38.19988958333334,-85.67742708333333
9829400323276406784,8,0.794,0.34025,38.194,-85.6770125
9829400426355621888,61,0.08,0.04663934426229508,38.18994590163934,-85.66734262295083
9829400460715360256,17,0.052,0.045,38.187188235294116,-85.66260588235295
9829400495075098624,5,0.052,0.0444,38.1877,-85.6494
9829400666873790464,2,0.115,0.0635,38.15235,-85.65125
9829401422788034560,30,0.818,0.46523333333333333,38.20565666666666,-85.68946333333334
9829401457147772928,2,0.216,0.153,38.205349999999996,-85.69815
9829401491507511296,3,0.619,0.51,38.20953333333333,-85.7013
9829401525867249664,8,0.741,0.355875,38.206050000000005,-85.68707500000001
9829401766385418240,5,0.818,0.5912,38.230059999999995,-85.72524
9829402144342540288,3,0.715,0.5373333333333333,38.234233333333336,-85.73003333333334
9829402178702278656,1,0.396,0.396,38.2368,-85.7373
9829402934616522752,27,0.08,0.06462962962962962,38.156222222222226,-85.75514074074074
9829403037695737856,1,0.076,0.076,38.157,-85.7566
9829403106415214592,20,0.089,0.07885,38.15078,-85.75235
9829403587451551744,5,0.08,0.08,38.15202,-85.73335999999999
9829404583883964416,28,1.113,0.6578571428571429,38.073328571428576,-85.71137142857143
9829405580316377088,9,1.688,1.384,38.11388888888889,-85.78928888888889
9829407092144865280,1,0.139,0.139,38.1184,-85.8009
9829407126504603648,3,2.279,2.271333333333333,38.12396666666667,-85.79669999999999
9829413036379602944,10,1.3,1.2604,38.10369,-85.87478
9829413070739341312,2,0.017,0.017,38.1112,-85.8694
9829413105099079680,9,0.017,0.012333333333333333,38.1141,-85.86624444444445
9829413483056201728,1,0.104,0.104,38.081,-85.8819
9829415888237887488,1,2.039,2.039,38.0375,-85.8837
9829423344301113344,1,0.018,0.018,37.9181,-85.9549
9829501993742237696,1,0.002,0.002,38.4193,-85.9302
9829504776881045504,2,0.299,0.299,38.2868,-85.926
9829509003128864768,1,0.439,0.439,38.3523,-85.807
9829510549317091328,1,0.442,0.442,38.3799,-85.7814
9829513229376684032,2,0.148,0.148,38.3054,-85.7329
9829513916571451392,1,0.108,0.108,38.2475,-85.7326
9829513950931189760,1,0.359,0.359,38.2502,-85.7296
9829516287393398784,1,0.012,0.012,38.2682,-85.6505
9829516493551828992,4,0.34,0.2565,38.239975,-85.6341
9829516527911567360,23,0.34,0.23,38.24299565217391,-85.62758695652174
9829516630990782464,6,0.119,0.06516666666666666,38.243566666666666,-85.61906666666665
9829516699710259200,5,0.056,0.0426,38.24774,-85.60643999999999
9829516837149212672,1,0.03,0.03,38.271,-85.6041
9829516871508951040,1,0.159,0.159,38.2805,-85.6118
9829516905868689408,1,0.302,0.302,38.2929,-85.6107
9829531371318542336,1,0.418,0.418,38.4071,-85.5871
9829531474397757440,2,0.066,0.0475,38.40475,-85.57945000000001
9829532230312001536,2,0.347,0.347,38.432050000000004,-85.52575
9829543946982785024,2,0.016,0.016,38.40105,-85.37815
9829546352164470784,2,0.362,0.297,38.3558,-85.4011
9829547004999499776,1,0.302,0.302,38.3367,-85.409
9829547726554005504,2,0.362,0.27249999999999996,38.368449999999996,-85.37299999999999
9829549891217522688,1,0.215,0.215,38.312,-85.3282
9829555182617231360,1,0.157,0.157,38.2508,-85.4748
9829555629293830144,4,0.222,0.15775,38.258,-85.505275
9829555835452260352,1,0.517,0.517,38.2561,-85.4872
9829556488287289344,1,0.384,0.384,38.3118,-85.467
9829557141122318336,2,0.384,0.203,38.316950000000006,-85.46575
9829559305785835520,1,0.179,0.179,38.3227,-85.5312
9829559374505312256,1,0.568,0.568,38.3224,-85.5542
9829561745327259648,1,0.302,0.302,38.2777,-85.5687
9829561951485689856,3,0.601,0.3013333333333333,38.31393333333333,-85.55433333333333
9829562020205166592,4,1.004,0.61975,38.304425,-85.54655
9829562054564904960,1,0.158,0.158,38.3077,-85.5485
9829562192003858432,4,0.659,0.3165,38.299825,-85.53819999999999
9829562432522027008,1,0.455,0.455,38.2924,-85.5511
9829562535601242112,4,0.108,0.10675,38.263225,-85.55905
9829562844838887424,7,0.434,0.35800000000000004,38.23301428571428,-85.52120000000001
9829562982277840896,3,0.096,0.072,38.24633333333333,-85.55369999999999
9829563085357056000,2,0.119,0.1,38.239850000000004,-85.576
9829563154076532736,3,0.281,0.21,38.25253333333333,-85.56436666666666
9829563188436271104,2,0.18,0.16199999999999998,38.25915,-85.56694999999999
9829563325875224576,1,0.056,0.056,38.2565,-85.5911
9829563360234962944,1,0.076,0.076,38.276,-85.5913
9829563394594701312,3,0.302,0.14633333333333334,38.27053333333333,-85.60173333333334
9829563428954439680,4,0.056,0.042749999999999996,38.255725,-85.59507500000001
9829563463314178048,14,0.056,0.05078571428571428,38.25313571428571,-85.59997142857142
9829563909990776832,3,0.596,0.33866666666666667,38.208666666666666,-85.56726666666667
9829564356667375616,3,0.68,0.4083333333333334,38.1561,-85.5844
9829564700264759296,2,0.851,0.619,38.1824,-85.55144999999999
9829564768984236032,1,0.851,0.851,38.1745,-85.5509
9829565112581619712,1,0.065,0.065,38.1771,-85.5303
9829565146941358080,1,0.065,0.065,38.1769,-85.5305
9829565421819265024,8,0.778,0.382625,38.19645,-85.557325
9829565593617956864,3,0.851,0.6226666666666666,38.22566666666667,-85.55673333333334
9829565731056910336,1,0.434,0.434,38.2199,-85.5203
9829565765416648704,2,0.119,0.08249999999999999,38.228449999999995,-85.52279999999999
9829566040294555648,1,0.299,0.299,38.2066,-85.5026
9829566074654294016,3,0.187,0.18699999999999997,38.199533333333335,-85.49003333333333
9829567311604875264,1,0.063,0.063,38.1471,-85.4648
9829568308037287936,1,0.699,0.699,38.1129,-85.4925
9829570713218973696,1,0.009,0.009,38.1016,-85.5281
9829570747578712064,1,0.199,0.199,38.1054,-85.5286
9829571262974787584,1,0.557,0.557,38.1145,-85.561
9829571572212432896,2,0.624,0.622,38.13825,-85.59
9829571606572171264,5,0.68,0.5554,38.14724,-85.58636
9829571812730601472,1,0.346,0.346,38.1137,-85.5963
9829572534285107200,1,0.368,0.368,38.0359,-85.6022
9829572912242229248,1,0.084,0.084,38.0559,-85.5649
9829572946601967616,16,0.084,0.0771875,38.0566125,-85.55652500000001
9829580093427548160,2,0.089,0.0615,38.027550000000005,-85.4809
9829580127787286528,2,0.064,0.061,38.03135,-85.4807
9829580677543100416,1,0.094,0.094,38.0539,-85.4677
9829581296018391040,1,0.5,0.5,38.0481,-85.433
9829586553058361344,3,0.13,0.062,37.91206666666667,-85.31836666666668
9829587068454436864,1,0.368,0.368,37.9019,-85.2799
9829587686929727488,1,0.097,0.097,37.9488,-85.2845
9829591741378854912,1,0.15,0.15,38.0895,-85.3399
9829592359854145536,1,0.033,0.033,38.093,-85.3618
9829592394213883904,1,0.524,0.524,38.0887,-85.3689
9829593734243680256,3,0.538,0.4486666666666667,38.12533333333334,-85.40899999999999
9829594215280017408,1,0.025,0.025,38.1153,-85.3599
9829594249639755776,1,0.546,0.546,38.123,-85.3566
9829596586101964800,2,0.388,0.319,38.215599999999995,-85.35105
9829610123838881792,2,0.289,0.1745,37.92765,-85.23455
9829610192558358528,1,0.485,0.485,37.928,-85.2555
9829610329997312000,1,0.314,0.314,37.9179,-85.2717
9829610879753125888,1,0.535,0.535,37.918,-85.2306
9829611395149201408,2,0.36,0.36,37.9225,-85.19235
9829611429508939776,2,0.36,0.27549999999999997,37.924800000000005,-85.1925
9829619366608502784,1,0.418,0.418,37.888,-85.0878
9829619813285101568,1,0.184,0.184,37.891,-85.0589
9829620672278560768,1,0.439,0.439,37.9427,-85.0386
9829620878436990976,1,0.222,0.222,37.952,-85.0096
9829621222034374656,1,0.121,0.121,37.9316,-85.0126
9829626341635391488,1,0.153,0.153,38.0973,-84.995
9829626479074344960,1,0.091,0.091,38.1157,-84.9931
9829652901713149952,1,0.297,0.297,38.4558,-85.1635
9829678877675356160,1,0.051,0.051,38.7471,-85.0124
9829679186913001472,1,0.051,0.051,38.7569,-85.0037
9829698978122301440,16,0.352,0.2820625,38.669056250000004,-85.12389375
9829699115561254912,1,0.352,0.352,38.6476,-85.124
9829703651046719488,1,0.112,0.112,38.6114,-85.2701
9829703754125934592,1,0.095,0.095,38.6073,-85.265
9829704716198608896,1,0.008,0.008,38.5882,-85.3132
9829705369033637888,1,0.008,0.008,38.5902,-85.3144
9829832878022721536,1,0.107,0.107,39.4999,-85.2484
9829857960631730176,1,0.138,0.138,39.8192,-84.9966
9829930150442041344,1,0.006,0.006,39.3973,-85.3024
9829930219161518080,4,0.006,0.006,39.409825,-85.31035
9829930425319948288,1,0.006,0.006,39.4178,-85.3182
9829936541353377792,1,0.678,0.678,39.3335,-85.281
9829946162080120832,1,1.311,1.311,39.3312,-85.5173
9830084528746528768,1,0.05,0.05,39.302,-86.1119
9830084769264697344,1,0.484,0.484,39.347,-86.0995
9830125760432570368,3,0.04,0.04,39.17146666666667,-85.94816666666667
9830126413267599360,1,0.35,0.35,39.2405,-85.9451
9830153969777770496,1,0.103,0.103,38.9348,-85.8129
9830194411189829632,1,0.094,0.094,38.6905,-85.9072
9830202348289392640,1,0.085,0.085,38.698,-86.056
9830210491547385856,1,0.058,0.058,38.8715,-86.0339
9830244542048108544,1,0.166,0.166,38.9266,-86.3362
9830255159207264256,1,0.45,0.45,38.9007,-86.5327
9830261069082263552,1,0.009,0.009,38.7406,-86.4619
9830264608135315456,1,0.194,0.194,38.6156,-86.4721
9830342192424550400,7,0.287,0.2644285714285714,39.15995714285714,-86.49555714285714
9830625179229749248,3,1.033,1.033,39.50593333333333,-87.3867
9830758735532785664,3,0.083,0.059000000000000004,38.66166666666667,-87.17906666666666
9830758769892524032,50,0.387,0.14200000000000002,38.658902,-87.180522
9830759491447029760,7,0.303,0.16871428571428573,38.6568,-87.18284285714286
9830897480156315648,1,0.49,0.49,38.2472,-87.0539
9830901672044396544,2,0.146,0.0945,38.3114,-86.95105
9830903149513146368,1,0.086,0.086,38.3992,-86.94
9830908028595994624,1,1.782,1.782,38.3354,-86.9983
9830909506064744448,1,0.004,0.004,38.2862,-87.0816
9830933351723171840,1,0.367,0.367,38.5125,-86.9333
9830958915368517632,1,0.096,0.096,38.3058,-86.6043
9830959843081453568,1,0.285,0.285,38.3501,-86.5938
9830972040788574208,1,0.728,0.728,38.5687,-86.54
9830990079651217408,1,0.24,0.24,38.369,-86.3423
9831062166382313472,1,0.663,0.663,38.2303,-86.7683
9831117176323440640,1,0.255,0.255,37.7916,-86.4646
9831151192464424960,1,0.119,0.119,37.4815,-86.5104
9831151570421547008,1,0.192,0.192,37.474,-86.4762
9831152841731866624,1,0.105,0.105,37.4416,-86.4363
9831158098771836928,1,0.241,0.241,37.5401,-86.3229
9831159026484772864,1,0.351,0.351,37.5249,-86.2966
9831159610600325120,1,0.026,0.026,37.5075,-86.3167
9831160332154830848,2,0.493,0.482,37.471999999999994,-86.32300000000001
9831160469593784320,1,0.318,0.318,37.4663,-86.2972
9831160641392476160,2,0.29,0.277,37.4851,-86.28825
9831160675752214528,1,0.442,0.442,37.4843,-86.2886
9831161053709336576,1,0.158,0.158,37.461,-86.283
9831161122428813312,5,0.549,0.38360000000000005,37.46508,-86.29118
9831164008646836224,1,0.171,0.171,37.4431,-86.4063
9831164833280557056,1,0.107,0.107,37.3797,-86.3845
9831179985925177344,1,0.209,0.209,37.3176,-86.5804
9831181600832880640,1,0.333,0.333,37.2627,-86.5546
9832675596616859648,2,0.055,0.043,39.86595,-88.9056
9832827363581231104,1,0.013,0.013,39.7762,-89.6845
9832843512658264064,5,0.013,0.013000000000000001,39.76462,-89.72038
9832843993694601216,127,0.013,0.012921259842519685,39.7815779527559,-89.70477952755905
9832844028054339584,7,0.013,0.013,39.785714285714285,-89.70511428571429
9833654024526626816,2,0.235,0.235,37.2768,-89.52715
9834190929798365184,10,0.066,0.057800000000000004,37.06517,-88.61812
9834190964158103552,10,0.066,0.053200000000000004,37.06398,-88.62186
9834191376474963968,4,0.066,0.04425,37.06865,-88.61295
9834339432587591680,1,0.513,0.513,37.0912,-87.8858
9834432787996737536,2,0.067,0.064,36.8972,-87.93815000000001
9837899788677283840,1,0.277,0.277,34.0225,-88.502
9837938958779023360,1,0.872,0.872,34.4298,-88.4019
9837938993138761728,2,0.878,0.878,34.439899999999994,-88.40395
9837944421977423872,1,3.092,3.092,34.3653,-88.4378
9841679978373054464,1,0.751,0.751,30.0085,-85.005
9854649405217439744,8,0.202,0.11937500000000001,28.111375000000002,-82.50105
9854649439577178112,1,0.006,0.006,28.1095,-82.5113
9854649611375869952,7,0.149,0.1464285714285714,28.112785714285714,-82.52014285714286
9854650401649852416,18,0.134,0.1073888888888889,28.060183333333335,-82.52195
9854650436009590784,59,0.134,0.11908474576271187,28.063728813559322,-82.52092033898305
9854651088844619776,12,0.134,0.07358333333333333,28.068983333333335,-82.51653333333333
9854655933567729664,1,0.08,0.08,27.9152,-82.3888
9854667581519036416,1,0.021,0.021,27.9152,-82.3872
9854688884556824576,24,0.042,0.036375,27.824133333333332,-82.73224166666667
9854690293306097664,36,0.042,0.042,27.83305277777778,-82.71175
9854690327665836032,19,0.042,0.038368421052631586,27.831152631578945,-82.71923684210526
9854690362025574400,25,0.042,0.041800000000000004,27.829076,-82.72631600000001
9854695722144759808,12,0.356,0.17333333333333334,27.999483333333334,-82.58572500000001
9854696065742143488,2,0.049,0.049,27.9811,-82.5625
9854696478059003904,1,0.021,0.021,28.0276,-82.5888
9854696649857695744,1,0.031,0.031,28.0471,-82.5774
9854696684217434112,1,0.021,0.021,28.0343,-82.5777
9854700704306823168,1,0.062,0.062,27.9914,-82.7136
9854700807386038272,65,0.468,0.29512307692307693,27.973319999999998,-82.72717538461539
9854700841745776640,9,0.468,0.36922222222222223,27.973555555555556,-82.72296666666666
9854700910465253376,16,0.468,0.1225625,27.98601875,-82.70944375
9854700944824991744,2,0.358,0.316,27.977649999999997,-82.71095
9854701047904206848,15,0.172,0.10366666666666666,27.9988,-82.70026
9854701082263945216,9,0.062,0.060000000000000005,27.99081111111111,-82.7115888888889
9854701219702898688,1,0.157,0.157,27.9955,-82.6897
9854702697171648512,4,0.249,0.163,27.9343,-82.73400000000001
9854702834610601984,2,0.258,0.184,27.93085,-82.7384
9854702937689817088,29,0.258,0.20568965517241378,27.935168965517242,-82.73817586206896
9854703865402753024,23,0.501,0.20282608695652174,27.95508695652174,-82.78217826086957
9854703899762491392,16,0.507,0.2229375,27.96219375,-82.78295
9854703934122229760,13,0.469,0.26346153846153847,27.979753846153848,-82.78563076923076
9854703968481968128,1,0.481,0.481,27.9818,-82.7871
9854704002841706496,2,0.811,0.467,27.9842,-82.78995
9854704827475427328,5,0.457,0.3706,27.976819999999996,-82.73920000000001
9854704861835165696,9,0.457,0.2654444444444444,27.98473333333333,-82.73786666666666
9854705514670194688,11,0.145,0.11672727272727274,28.038536363636364,-82.743
9854715204116414464,3,0.18,0.129,27.841733333333334,-82.75106666666666
9854715272835891200,1,0.133,0.133,27.8298,-82.7409
9854715307195629568,5,0.18,0.1162,27.836580000000005,-82.75062
9854716750304641024,28,0.295,0.05028571428571428,27.821814285714286,-82.73754999999998
9854716784664379392,3,0.482,0.19466666666666665,27.815433333333335,-82.7402
9854744100656381952,22,1.065,0.5662727272727273,27.418027272727272,-82.56814090909091
9854744135016120320,1,0.659,0.659,27.4156,-82.575
9854790726821347328,4,0.376,0.2405,27.357125,-82.546275
9861502558114152448,2,0.11,0.11,26.33605,-81.8259
9861502592473890816,2,0.721,0.659,26.3308,-81.8374
9861503932503687168,8,0.466,0.295625,26.3417125,-81.792575
9861504104302379008,3,0.466,0.35733333333333334,26.340366666666668,-81.80206666666668
9861504619698454528,141,0.207,0.15427659574468086,26.332841134751774,-81.7599219858156
9861504722777669632,9,0.109,0.085,26.332422222222224,-81.75675555555556
9861606599401930752,1,0.301,0.301,26.6742,-81.5617
9861629723505852416,2,0.169,0.169,26.81915,-81.24255
9861633193839427584,5,0.161,0.161,26.798340000000003,-81.3026
9861633296918642688,1,0.271,0.271,26.7953,-81.3095
9861770048677347328,1,0.773,0.773,26.9737,-81.1151
9861770426634469376,5,0.443,0.197,26.980399999999996,-81.08977999999999
9861770460994207744,3,0.774,0.45766666666666667,26.98193333333333,-81.08473333333333
9861770495353946112,3,0.568,0.3203333333333333,26.99236666666667,-81.07736666666666
9861773072334323712,3,0.447,0.3363333333333333,27.030966666666668,-81.0502
9861773278492753920,5,0.422,0.244,27.025,-81.06086
9861773312852492288,1,0.85,0.85,27.0094,-81.0539
9861773381571969024,2,0.606,0.5125,26.999299999999998,-81.06960000000001
9861773415931707392,2,0.329,0.32,26.9952,-81.07509999999999
9861773484651184128,7,0.27,0.10928571428571429,27.0036,-81.05834285714286
9861773519010922496,1,0.102,0.102,27.0062,-81.0515
9861773690809614336,15,0.823,0.34293333333333337,27.007366666666666,-81.05003333333335
9861773725169352704,1,0.231,0.231,27.0195,-81.0478
9861856051102482432,1,0.058,0.058,27.4648,-81.4639
9861856085462220800,1,0.029,0.029,27.4642,-81.4563
9861858490643906560,8,0.273,0.2565,27.372912499999998,-81.407075
9861858937320505344,3,0.273,0.24533333333333332,27.3728,-81.40383333333334
9861883229655531520,1,1.116,1.116,27.0648,-81.1995
9864092870070239232,23,5.169,5.0371304347826085,30.38486086956522,-81.44780869565217
9864092973149454336,18,6.151,3.399611111111111,30.385283333333334,-81.45300555555555
9864093522905268224,16,2.796,1.083875,30.37760625,-81.5138375
9864093557265006592,245,7.831,3.968738775510204,30.38714367346939,-81.51113387755102
9864093591624744960,28,5.33,3.2224642857142856,30.383560714285714,-81.50270357142857
9864093935222128640,3,7.831,6.822333333333333,30.389933333333335,-81.51066666666667
9864094519337680896,7,3.2,2.235,30.386914285714283,-81.45698571428571
9864094622416896000,78,5.169,4.281589743589744,30.389691025641024,-81.44199358974359
9864094656776634368,8,5.169,4.831499999999999,30.392775,-81.438425
9864332632324571136,12,0.414,0.208,31.137133333333335,-81.576425
9864332701044047872,15,0.414,0.35233333333333333,31.132653333333334,-81.56840000000001
9864332735403786240,2,0.414,0.414,31.13485,-81.57165
9864332804123262976,6,0.002,0.002,31.139583333333334,-81.58364999999999
9864333182080385024,2,0.191,0.191,31.09245,-81.5714
9864481822308564992,2,0.06,0.06,30.44735,-81.5899
9864481856668303360,1,0.06,0.06,30.4485,-81.5955
9864485464440832000,35,4.337,2.8948,30.371268571428573,-81.61523142857143
9864485533160308736,7,2.912,1.8982857142857144,30.352257142857145,-81.61
9864485567520047104,60,4.337,1.3856833333333334,30.369786666666666,-81.612775
9864485601879785472,290,2.867,1.1897758620689656,30.381742758620693,-81.60958172413793
9864485636239523840,300,4.729,3.0069466666666664,30.381193666666665,-81.618038
9864485670599262208,4,4.729,3.94825,30.387525,-81.6197
9864485704959000576,165,3.588,2.2080484848484847,30.38694545454545,-81.61000606060605
9864486529592721408,1,0.097,0.097,30.4101,-81.5823
9864486563952459776,2,0.097,0.097,30.41175,-81.5792
9864487526025134080,2,7.831,7.831,30.3868,-81.52975
9864487560384872448,372,7.831,3.6776263440860215,30.385040322580647,-81.51983602150538
9864487594744610816,16,3.012,2.960625,30.37845,-81.51795625
9864487835262779392,2,4.091,4.091,30.36255,-81.54825
9864487869622517760,69,4.091,3.537463768115942,30.364811594202898,-81.55321449275363
9864488041421209600,26,4.091,4.091,30.369511538461538,-81.56253076923076
9864488075780947968,31,4.091,3.9761290322580645,30.37166129032258,-81.56725806451612
9864488178860163072,17,4.091,4.091,30.373088235294116,-81.57195294117646
9864491271236616192,9,2.656,2.1568888888888886,30.315333333333335,-81.61926666666666
9864491305596354560,2,2.656,2.656,30.32,-81.6208
9864491374315831296,67,4.337,1.5905522388059703,30.330389552238806,-81.60940746268656
9864491408675569664,20,4.337,1.7765999999999997,30.345414999999996,-81.60911999999999
9864491443035308032,6,1.519,0.8905,30.3455,-81.62441666666668
9864491477395046400,4,4.337,3.679,30.330424999999998,-81.61805
9864491511754784768,130,2.656,0.3112153846153846,30.33265923076923,-81.63190769230769
9864491546114523136,52,1.716,0.9116346153846154,30.343471153846153,-81.6299596153846
9864491649193738240,105,2.453,1.3447428571428572,30.323733333333337,-81.6404
9864491683553476608,173,2.476,1.3400635838150288,30.324169942196534,-81.63160924855492
9864491717913214976,2,1.234,1.076,30.31125,-81.63595000000001
9864491752272953344,194,2.453,0.9281597938144329,30.311580927835053,-81.64382113402061
9864491786632691712,448,2.453,0.9119754464285714,30.311537276785714,-81.6539625
9864491820992430080,369,2.453,1.7239403794037942,30.311264498644984,-81.6607758807588
9864491855352168448,90,2.453,1.155788888888889,30.325674444444445,-81.66338222222222
9864491889711906816,97,2.453,1.520680412371134,30.323959793814435,-81.65496082474228
9864491924071645184,126,2.203,0.622547619047619,30.334900793650796,-81.65324682539683
9864491992791121920,20,2.453,1.0106,30.34597,-81.663355
9864492027150860288,34,1.891,0.7841764705882353,30.338538235294116,-81.66026764705882
9864492130230075392,34,0.037,0.03620588235294117,30.349758823529413,-81.69071764705883
9864492164589813760,15,1.127,1.0269333333333333,30.339426666666668,-81.68654
9864492198949552128,24,0.24,0.05004166666666666,30.327662500000002,-81.68576666666667
9864492233309290496,79,1.932,0.2211012658227848,30.32471772151899,-81.67462911392404
9864492267669028864,66,2.453,0.9939696969696971,30.313171212121212,-81.67720454545454
9864492302028767232,147,1.942,1.216530612244898,30.310398639455784,-81.68449319727891
9864492336388505600,37,2.101,1.721891891891892,30.308856756756757,-81.68627567567567
9864492473827459072,70,1.759,1.5959714285714286,30.307282857142855,-81.66011857142857
9864492508187197440,14,1.543,1.0500714285714285,30.307492857142858,-81.65595714285713
9864492886144319488,40,2.535,0.844225,30.267062499999998,-81.70043000000001
9864492920504057856,8,1.523,0.62025,30.2700875,-81.7037
9864492989223534592,12,2.535,2.11225,30.278983333333333,-81.69685
9864493401540395008,4,0.166,0.12100000000000001,30.2709,-81.72999999999999
9864493435900133376,10,0.36,0.2843,30.27675,-81.73917
9864493470259871744,23,0.36,0.25669565217391305,30.28608695652174,-81.74142608695652
9864493916936470528,12,0.36,0.255,30.291124999999997,-81.74402500000001
9864494844649406464,3,0.111,0.09366666666666668,30.3176,-81.70453333333334
9864494913368883200,20,0.043,0.0376,30.326425,-81.696895
9864494982088359936,1,0.164,0.164,30.3346,-81.7022
9864495050807836672,97,0.037,0.03404123711340206,30.348957731958762,-81.6926855670103
9864507695191556096,29,1.494,0.22955172413793104,30.11898620689655,-81.69800689655173
9864507729551294464,19,1.064,0.5924736842105263,30.132878947368425,-81.69754210526317
9864508279307108352,15,2.084,1.9701333333333333,30.178266666666666,-81.69663999999999
9864508382386323456,11,1.657,1.657,30.18698181818182,-81.69391818181818
9864509928574550016,2,0.062,0.042499999999999996,30.2642,-81.72815
9864510340891410432,185,1.774,0.5981243243243243,30.250865405405406,-81.69449513513513
9864510443970625536,158,1.774,0.7325316455696202,30.257401265822782,-81.69647594936708
9864510478330363904,15,1.19,0.9068666666666666,30.254,-81.6904
9864510512690102272,47,1.774,0.531,30.248651063829787,-81.68864893617021
9864510856287485952,4,2.009,1.016,30.221625,-81.66652500000001
9864510890647224320,18,2.003,0.6287222222222222,30.21994444444444,-81.67603333333334
9864510993726439424,2,0.815,0.7835,30.2214,-81.68065
9864511165525131264,1,1.657,1.657,30.1906,-81.6909
9864511440403038208,2,2.009,2.009,30.2008,-81.6511
9864511577841991680,18,2.009,2.009,30.205849999999998,-81.64016666666666
9864511680921206784,25,2.009,1.8981199999999998,30.199227999999998,-81.642752
9864512402475712512,2,2.227,2.227,30.24015,-81.63040000000001
9864518209271496704,18,3.609,2.0848333333333335,30.133927777777778,-81.66198333333334
9864518243631235072,27,1.78,1.7791481481481481,30.138437037037036,-81.66572592592593
9864518381070188544,31,2.084,1.4916774193548388,30.16164516129032,-81.66676129032258
9864518415429926912,15,1.69,0.6885333333333333,30.156926666666667,-81.66852
9864518449789665280,138,2.661,1.4733695652173913,30.15310144927536,-81.67249202898552
9864518484149403648,10,2.661,2.661,30.160539999999997,-81.67053
9864518621588357120,36,1.78,1.7299444444444445,30.143577777777775,-81.6732638888889
9864519102624694272,1,2.584,2.584,30.0798,-81.6598
9864519411862339584,4,2.357,1.7705000000000002,30.072725,-81.6604
9864519446222077952,1,1.375,1.375,30.0694,-81.6579
9864519514941554688,7,1.787,1.1715714285714287,30.06322857142857,-81.6659
9864519652380508160,2,0.98,0.817,30.0355,-81.667
9864520133416845312,4,0.203,0.13025,29.98885,-81.6644
9864520305215537152,1,0.252,0.252,30.0309,-81.6638
9864525321737338880,2,0.242,0.242,29.892049999999998,-81.57005
9864525596615245824,23,1.755,0.6291739130434783,29.91973913043478,-81.58961739130436
9864525699694460928,15,1.755,1.3708,29.918200000000002,-81.59356
9864525768413937664,16,2.095,0.8346875,29.904925,-81.58945
9864525802773676032,5,0.871,0.8710000000000001,29.901459999999997,-81.58664
9864526386889228288,3,1.861,0.7919999999999999,29.933166666666665,-81.61003333333333
9864526421248966656,1,1.034,1.034,29.9393,-81.6069
9864526524328181760,1,1.492,1.492,29.9582,-81.6108
9864526730486611968,17,0.692,0.2697058823529412,29.97895294117647,-81.63258235294117
9864527142803472384,2,0.748,0.623,29.985,-81.65350000000001
9864527177163210752,4,0.483,0.3425,29.9846,-81.66565
9864527280242425856,1,0.571,0.571,29.9843,-81.6694
9864530784935739392,2,0.091,0.08549999999999999,30.02885,-81.6968
9864530956734431232,7,1.124,0.5102857142857143,30.063557142857142,-81.69791428571429
9864545044227162112,2,0.385,0.321,30.036,-81.8828
9864594865847795712,6,1.511,0.7278333333333333,29.603866666666665,-81.88193333333334
9864627645038198784,1,0.42,0.42,29.2036,-82.0221
9864645993138487296,1,1.692,1.692,29.457,-81.707
9864665578189357056,9,2.085,1.4097777777777778,29.181600000000003,-81.53993333333334
9864665784347787264,52,2.923,2.1018269230769233,29.17169807692308,-81.52855576923078
9864665887427002368,76,2.923,1.9701184210526317,29.168218421052632,-81.52304736842105
9864665921786740736,25,2.79,1.96332,29.174796,-81.526004
9864665956146479104,209,2.923,2.1517846889952152,29.176841626794257,-81.52973684210527
9864671213186449408,13,0.615,0.4185384615384615,29.378746153846155,-81.61897692307693
9864671316265664512,4,0.155,0.155,29.380875,-81.632575
9864671350625402880,3,0.155,0.155,29.385333333333335,-81.64033333333333
9864671969100693504,1,0.334,0.334,29.3821,-81.6642
9864672037820170240,1,1.324,1.324,29.3757,-81.6567
9864672106539646976,66,1.62,0.6493636363636365,29.39748787878788,-81.65205757575757
9864672140899385344,53,1.62,0.7203396226415095,29.403188679245282,-81.6510283018868
9864672518856507392,12,1.692,0.727,29.43049166666667,-81.660775
9864672587575984128,8,1.62,1.4392500000000001,29.4169,-81.654475
9864672621935722496,2,1.692,1.692,29.4296,-81.656
9864672828094152704,2,0.155,0.155,29.38995,-81.6463
9864672965533106176,1,0.145,0.145,29.3935,-81.6229
9864674065044733952,33,1.956,1.2456363636363637,29.467139393939394,-81.68345151515152
9864674133764210688,11,1.975,1.2923636363636364,29.47688181818182,-81.6753090909091
9864674443001856000,194,2.456,1.7827474226804123,29.49103969072165,-81.67776907216495
9864674477361594368,93,2.456,1.9436881720430108,29.491360215053763,-81.68172688172044
9864674546081071104,1,1.468,1.468,29.4935,-81.6766
9864674580440809472,7,1.868,0.8957142857142858,29.513157142857143,-81.67658571428571
9864674683520024576,2,2.011,2.011,29.52215,-81.67885
9864678497450983424,1,0.425,0.425,29.5687,-81.5928
9864678531810721792,18,0.906,0.3904444444444445,29.566850000000002,-81.58912222222222
9864678841048367104,30,0.906,0.5845,29.570816666666666,-81.59088666666666
9864678875408105472,64,1.682,0.559546875,29.5732625,-81.5988796875
9864678909767843840,5,1.619,1.435,29.58208,-81.60316
9864678978487320576,9,2.827,2.4913333333333334,29.599666666666664,-81.59194444444444
9864679012847058944,19,5.442,1.299157894736842,29.601905263157892,-81.59806842105263
9864679047206797312,21,3.592,1.4159523809523809,29.60661428571429,-81.5951
9864679081566535680,4,3.592,2.63675,29.6109,-81.59025
9864681074431361024,2,0.356,0.19949999999999998,29.702849999999998,-81.56700000000001
9864681211870314496,5,1.691,1.1192,29.700239999999997,-81.59016
9864681246230052864,19,1.631,0.7333684210526316,29.699847368421054,-81.60025263157895
9864681486748221440,46,5.017,2.144586956521739,29.644213043478263,-81.59906739130435
9864681521107959808,14,4.318,2.5669285714285714,29.638749999999998,-81.59169285714286
9864681899065081856,12,4.589,2.4075,29.63625,-81.59063333333334
9864682208302727168,2,1.96,1.001,29.63865,-81.6386
9864682277022203904,16,1.96,0.5411875,29.6475125,-81.6296625
9864682380101419008,2,0.762,0.616,29.65325,-81.63255000000001
9864682448820895744,3,1.96,0.9373333333333332,29.643133333333335,-81.61746666666666
9864682483180634112,51,3.783,1.086843137254902,29.6427568627451,-81.60889803921567
9864682586259849216,11,1.448,0.5931818181818183,29.671027272727272,-81.62206363636363
9864682620619587584,48,2.05,0.993,29.680664583333336,-81.62364583333333
9864682654979325952,6,0.887,0.5585,29.675766666666664,-81.61201666666666
9864682689339064320,4,0.679,0.49125,29.690649999999998,-81.61035000000001
9864682723698802688,1,2.309,2.309,29.6977,-81.6039
9864682758058541056,11,0.352,0.15727272727272726,29.699463636363635,-81.62399090909092
9864682792418279424,4,0.303,0.12825,29.6949,-81.6252
9864682826778017792,20,1.344,0.39930000000000004,29.694065000000002,-81.62728
9864682861137756160,8,1.638,0.8185,29.6988125,-81.6262125
9864682998576709632,61,2.05,0.9783606557377049,29.682465573770493,-81.62656393442623
9864683204735139840,7,2.05,0.8314285714285713,29.679671428571428,-81.6527
9864684338606505984,11,3.595,1.7322727272727272,29.58971818181818,-81.68216363636363
9864684407325982720,74,5.37,2.1823783783783783,29.576063513513517,-81.67659054054053
9864684785283104768,9,1.954,1.076888888888889,29.60176666666667,-81.63686666666666
9864684819642843136,22,1.975,0.9376363636363636,29.599586363636366,-81.63438181818182
9864684957081796608,1,2.344,2.344,29.5962,-81.6079
9864685025801273344,78,2.272,0.7068717948717949,29.584241025641024,-81.61998461538461
9864685060161011712,38,2.344,0.40071052631578946,29.583607894736843,-81.60994736842105
9864685094520750080,144,1.508,0.6925277777777777,29.57420486111111,-81.60854583333334
9864685128880488448,151,1.162,0.4994437086092715,29.579520529801325,-81.62257682119206
9864685163240226816,35,1.162,0.6744571428571429,29.579568571428574,-81.62600571428571
9864685197599965184,1,1.174,1.174,29.5825,-81.6259
9864686365831069696,2,3.822,3.822,29.536299999999997,-81.6899
9864686400190808064,10,3.647,2.6417,29.53782,-81.69462
9864686468910284800,2,2.46,2.46,29.5417,-81.7036
9864686503270023168,1,0.422,0.422,29.5403,-81.7094
9864707497070166016,3,1.907,0.9173333333333334,29.714066666666668,-81.62916666666666
9864707600149381120,2,0.875,0.444,29.715600000000002,-81.6179
9864707634509119488,11,1.113,0.3637272727272727,29.714763636363635,-81.6123090909091
9864708596581793792,18,1.498,0.8072777777777778,29.782094444444446,-81.56452777777777
9864709146337607680,36,2.884,1.1340555555555556,29.715083333333332,-81.58683055555555
9864709180697346048,1,0.654,0.654,29.7181,-81.5826
9864709215057084416,9,2.435,1.3083333333333333,29.72242222222222,-81.57714444444444
9864709386855776256,1,0.71,0.71,29.7298,-81.572
9864709524294729728,52,1.672,0.914826923076923,29.74688846153846,-81.54300192307693
9864709558654468096,7,1.536,0.5835714285714285,29.731099999999998,-81.5447
9864709730453159936,3,0.379,0.17466666666666666,29.7214,-81.5442
9864709764812898304,1,0.045,0.045,29.7222,-81.5377
9864709902251851776,2,0.708,0.503,29.7297,-81.5248
9864709970971328512,24,0.96,0.48974999999999996,29.744958333333333,-81.53512500000001
9864710142770020352,8,2.073,1.14375,29.7539875,-81.536175
9864710177129758720,26,2.064,1.282,29.752257692307694,-81.54196923076923
9864711001763479552,11,2.303,1.2593636363636362,29.808836363636363,-81.55036363636363
9864711070482956288,1,0.531,0.531,29.8008,-81.5481
9864711104842694656,12,0.871,0.5215833333333334,29.80555,-81.55001666666666
9864712135634845696,2,0.655,0.617,29.87605,-81.57485
9864721309684989952,3,0.247,0.167,29.7167,-81.48863333333334
9864858267602124800,6,2.543,1.8481666666666667,29.011283333333335,-81.38629999999999
9864858989156630528,3,2.543,1.7216666666666667,29.0077,-81.38130000000001
9864859126595584000,40,3.631,1.5125,28.9950425,-81.3654575
9864859160955322368,23,1.978,0.8060434782608695,28.99153043478261,-81.36015652173913
9864859229674799104,26,2.301,1.528346153846154,28.981680769230767,-81.34985384615385
9864859264034537472,75,3.631,0.9580933333333334,28.980849333333335,-81.35353866666667
9864859298394275840,3,1.273,1.2216666666666667,28.976933333333335,-81.35536666666667
9864868403724943360,11,2.241,0.8670000000000001,28.83452727272727,-81.34556363636364
9864868609883373568,1,0.014,0.014,28.8356,-81.3634
9864868816041803776,1,2.015,2.015,28.8485,-81.3609
9864868850401542144,1,2.297,2.297,28.8463,-81.3406
9864868987840495616,29,2.55,0.6663103448275862,28.88379655172414,-81.35794827586206
9864869159639187456,118,3.877,1.293593220338983,28.88969661016949,-81.35426610169492
9864869365797617664,7,1.729,0.666,28.881257142857145,-81.36267142857142
9864870946345582592,3,1.378,0.9963333333333333,28.922466666666665,-81.34836666666666
9864871118144274432,1,0.178,0.178,28.9451,-81.3392
9864873351527268352,65,3.153,2.1986769230769228,28.838783076923075,-81.33380461538461
9864873385887006720,5,3.153,1.9872,28.83836,-81.32432
9864873763844128768,34,3.153,1.888441176470588,28.83263823529412,-81.32735588235293
9864873798203867136,46,2.313,1.1480652173913044,28.832597826086957,-81.33278260869565
9864873866923343872,16,1.003,0.4171875,28.80935625,-81.32975
9864873901283082240,100,1.106,0.50637,28.808833,-81.326142
9864875859788169216,3,0.719,0.551,28.807,-81.21856666666666
9864876100306337792,6,0.606,0.31066666666666665,28.8051,-81.23146666666666
9864876546982936576,1,0.961,0.961,28.8063,-81.2241
9864876581342674944,9,1.365,1.214888888888889,28.802433333333333,-81.21215555555555
9864876615702413312,1,0.478,0.478,28.7965,-81.2062
9864916369919705088,5,2.36,0.9705999999999999,28.804899999999996,-81.0684
9864922107996012544,16,2.31,0.8991875,28.8252125,-81.125875
9864922279794704384,1,3.277,3.277,28.8283,-81.1102
9864922314154442752,5,1.902,1.6372,28.82796,-81.10548
9864922485953134592,1,0.567,0.567,28.8254,-81.0934
9864923516745285632,2,0.803,0.497,28.799599999999998,-81.1302
9864923551105024000,18,2.091,1.3249444444444445,28.79072777777778,-81.13997777777779
9864923585464762368,14,2.041,1.3962857142857141,28.789307142857144,-81.14095
9864923619824500736,53,2.175,0.8397358490566038,28.78725471698113,-81.14581886792453
9864923654184239104,13,1.833,1.4125384615384615,28.790369230769233,-81.14375384615384
9864931660003278848,3,0.301,0.14566666666666667,28.71853333333333,-81.05116666666667
9864931831801970688,10,0.321,0.281,28.716770000000004,-81.06036
9864973166567227392,1,0.174,0.174,28.7639,-81.2947
9865004227770712064,1,0.029,0.029,28.4878,-81.7548
9865004399569403904,1,0.125,0.125,28.4945,-81.7559
9865041164489457664,1,0.351,0.351,29.1386,-81.519
9865063120362274816,2,0.25,0.1655,28.871,-81.78479999999999
9865075730386255872,3,0.131,0.07033333333333334,29.082566666666665,-81.88643333333333
9865127441792499712,2,0.063,0.061,28.50005,-82.11275
9865132733192208384,2,1.036,0.5925,28.55845,-82.20965000000001
9865133763984359424,1,0.169,0.169,28.4988,-82.1565
9865143247272148992,1,0.952,0.952,28.5936,-82.2213
9865143590869532672,31,2.197,0.7491290322580645,28.632441935483868,-82.25226451612903
9865143625229271040,2,0.449,0.23,28.629350000000002,-82.24735
9865144209344823296,11,3.993,0.847909090909091,28.650881818181816,-82.25741818181818
9865144312424038400,17,2.472,1.7101176470588235,28.646729411764706,-82.25725882352941
9865144346783776768,3,0.529,0.3376666666666667,28.645966666666666,-82.26433333333334
9865144381143515136,4,1.618,0.8170000000000001,28.656299999999998,-82.263925
9865144415503253504,11,1.631,1.0536363636363637,28.661427272727277,-82.27236363636364
9865144793460375552,4,1.281,0.7967500000000001,28.663075,-82.2739
9865144827820113920,1,1.277,1.277,28.6657,-82.2665
9865145618094096384,1,0.296,0.296,28.6902,-82.254
9865146030410956800,1,0.714,0.714,28.7422,-82.2225
9865171525336825856,1,0.23,0.23,28.5343,-82.6363
9865246017249607680,1,0.335,0.335,29.0663,-82.428
9865246051609346048,15,1.337,0.6716666666666666,29.062426666666667,-82.42940666666667
9865246773163851776,3,0.578,0.36499999999999994,29.0618,-82.43423333333334
9865246841883328512,31,1.039,0.3275483870967742,29.04765483870968,-82.45051612903225
9865246876243066880,2,0.048,0.0345,29.046599999999998,-82.45605
9865263300198006784,8,0.367,0.1555,28.8295375,-82.2892625
9866087212364333056,2,1.527,0.8185,30.038649999999997,-84.5024
9866268734862131200,2,0.131,0.131,30.0439,-83.68975
9866432596454408192,1,1.546,1.546,30.0929,-84.5172
9866434108282896384,1,1.338,1.338,30.0529,-84.4998
9866434280081588224,2,0.729,0.6665,30.0796,-84.4985
9866434314441326592,2,0.406,0.316,30.0733,-84.49205
9866434520599756800,2,0.2,0.1825,30.05985,-84.50255
9866434554959495168,1,0.724,0.724,30.055,-84.503
9866740459710185472,4,0.456,0.37224999999999997,30.847175,-83.975675
9866742280776318976,2,0.455,0.449,30.8472,-83.97274999999999
9866742727452917760,1,0.1,0.1,30.8753,-83.9527
9866743002330824704,4,0.456,0.29000000000000004,30.8481,-83.9649
9866743036690563072,4,0.456,0.294,30.849,-83.97695
9868437177950535680,1,0.318,0.318,32.4787,-84.101
9868478203478147072,1,0.115,0.115,32.565,-83.6599
9868478443996315648,2,0.014,0.014,32.5931,-83.6569
9868608426886561792,1,0.029,0.029,33.5089,-84.2073
9868608495606038528,1,0.029,0.029,33.5213,-84.1964
9868608598685253632,1,0.029,0.029,33.5112,-84.2028
9868608942282637312,1,0.026,0.026,33.4923,-84.2462
9868609388959236096,1,0.026,0.026,33.4905,-84.2521
9868611141305892864,1,0.018,0.018,33.4585,-84.1871
9868611553622753280,5,0.146,0.0428,33.46592,-84.19972
9868611587982491648,5,0.708,0.708,33.4688,-84.1871
9868611656701968384,7,0.301,0.2352857142857143,33.47082857142857,-84.18062857142857
9868611759781183488,24,0.708,0.13433333333333333,33.4677,-84.1805625
9868612137738305536,1,0.277,0.277,33.4717,-84.1612
9868612206457782272,1,0.356,0.356,33.4692,-84.1428
9868614233682345984,1,0.075,0.075,33.361,-84.1477
9868616776302985216,6,0.244,0.20033333333333334,33.3907,-84.18663333333333
9868730403957768192,4,0.014,0.0115,33.407375,-84.76615
9868730438317506560,4,0.014,0.014,33.410075,-84.76145
9868730988073320448,1,0.078,0.078,33.4026,-84.729
9868731022433058816,2,0.064,0.064,33.39905,-84.71715
9868733221456314368,1,0.045,0.045,33.3892,-84.7906
9868733599413436416,5,0.121,0.1056,33.390859999999996,-84.79642
9869036927183749120,1,0.023,0.023,33.9358,-83.756
9869694297698205696,4,4.506,2.4855,33.54975,-82.03815
9869793391183659008,1,0.177,0.177,33.8613,-81.4022
9869805142214180864,1,0.647,0.647,34.0074,-81.2165
9869811395686563840,1,0.085,0.085,34.161,-81.3303
9869846820576821248,1,0.137,0.137,33.9868,-81.1622
9870145441062977536,1,0.004,0.004,33.4969,-81.9969
9870145475422715904,7,2.965,2.3521428571428573,33.50352857142857,-82.00144285714285
9870145715940884480,14,6.43,4.422571428571429,33.52408571428571,-82.01472857142858
9870201344357302272,2,0.944,0.944,32.874,-82.2095
9870201378717040640,2,0.655,0.5700000000000001,32.8682,-82.20765
9870507317827469312,1,0.077,0.077,31.6952,-81.2715
9870507352187207680,14,0.069,0.062214285714285715,31.698657142857144,-81.28319285714285
9870507386546946048,6,0.062,0.062,31.696083333333334,-81.2867
9870509654289678336,1,0.043,0.043,31.7234,-81.3564
9870530751169036288,1,0.143,0.143,31.3738,-81.4408
9870530785528774656,1,0.143,0.143,31.3801,-81.439
9870550645457551360,4,0.062,0.062,31.692625,-81.28852499999999
9870550679817289728,2,0.459,0.36050000000000004,31.6873,-81.2749
9870551126493888512,1,0.024,0.024,31.6881,-81.2739
9870609709847805952,1,0.175,0.175,31.9309,-81.1474
9870609744207544320,3,0.175,0.17499999999999996,31.934766666666665,-81.1521
9870609778567282688,1,0.175,0.175,31.9354,-81.153
9870609916006236160,2,0.016,0.016,31.938499999999998,-81.1374
9870609950365974528,14,0.016,0.016,31.938342857142857,-81.12358571428571
9870610122164666368,13,0.016,0.016,31.936053846153847,-81.11677692307693
9870610156524404736,1,0.016,0.016,31.9309,-81.1131
9871876450322219008,1,0.053,0.053,33.9813,-79.7323
9872063161140510720,1,0.514,0.514,33.9271,-78.4625
9872063195500249088,1,0.127,0.127,33.9278,-78.4658
9919407238479347712,2,1.109,0.708,35.08475,-77.0517
9919407685155946496,2,2.12,2.12,35.069050000000004,-77.08404999999999
9919407719515684864,9,2.12,2.12,35.07138888888889,-77.08622222222223
9919407753875423232,6,2.12,1.7698333333333334,35.074083333333334,-77.09598333333334
9919407891314376704,4,1.382,0.54875,35.074600000000004,-77.071825
9919407925674115072,1,0.708,0.708,35.0774,-77.0674
9919407960033853440,8,1.109,0.648125,35.0798,-77.0625875
9919408681588359168,3,1.109,0.56,35.10326666666666,-77.04723333333334
9919408715948097536,1,1.109,1.109,35.0901,-77.0475
9919408784667574272,3,1.109,0.6783333333333333,35.102133333333335,-77.03816666666667
9919414797621788672,1,1.703,1.703,35.0766,-77.1079
9919414900701003776,1,1.703,1.703,35.0714,-77.1075
9919415038139957248,1,2.508,2.508,35.0679,-77.1321
9919415690974986240,2,0.586,0.39349999999999996,35.0497,-77.18615
9919415794054201344,2,0.71,0.5619999999999999,35.055400000000006,-77.18074999999999
9919416172011323392,1,1.265,1.265,35.0269,-77.1923
9919416206371061760,5,1.821,1.1286,35.025400000000005,-77.1923
9919477710302740480,1,0.014,0.014,34.7552,-77.3958
9919477744662478848,3,0.064,0.04733333333333334,34.76166666666666,-77.38543333333334
9919489530052739072,1,0.072,0.072,34.7355,-77.3288
9919500628248231936,2,2.625,2.5305,35.0654,-77.3592
9919500731327447040,13,2.669,2.299769230769231,35.06665384615384,-77.36068461538461
9919500765687185408,1,1.412,1.412,35.0671,-77.3527
9919500800046923776,1,0.802,0.802,35.064,-77.3542
9919501830839074816,1,0.33,0.33,35.0332,-77.2611
9919501899558551552,1,3.038,3.038,35.0425,-77.2682
9919501933918289920,1,0.581,0.581,35.0377,-77.2816
9919501968278028288,2,1.369,1.2654999999999998,35.032700000000006,-77.27625
9919502518033842176,1,0.54,0.54,35.0191,-77.2406
9919502552393580544,1,0.762,0.762,35.019,-77.2395
9919502586753318912,14,2.955,1.1137857142857144,35.01128571428571,-77.2220142857143
9919502621113057280,5,0.487,0.4572,35.00726,-77.21894
9919503033429917696,10,3.535,1.2435,35.00996,-77.21482
9919503067789656064,1,2.104,2.104,35.0168,-77.2047
9919503102149394432,4,1.335,0.9159999999999999,35.01865,-77.195525
9919511966961893376,21,3.271,2.056380952380952,35.08987619047619,-77.34469047619048
9919512001321631744,13,3.442,2.1641538461538463,35.09062307692307,-77.3435923076923
9919512310559277056,6,1.229,0.6716666666666667,35.09648333333333,-77.36973333333333
9919512344919015424,1,0.699,0.699,35.0938,-77.3665
9919545467706802176,1,0.227,0.227,35.1929,-77.7291
9919750011229306880,4,0.543,0.543,33.944225,-78.126725
9920045195741626368,2,0.27,0.1865,35.0247,-78.95135
9920045470619533312,10,0.27,0.1883,35.05525,-78.95299
9920046398332469248,1,0.108,0.108,35.0127,-78.9888
9920047704002527232,8,0.466,0.402125,34.93025,-78.93617499999999
9920092612180574208,1,0.049,0.049,35.0363,-79.057
9920140475296120832,5,0.218,0.13679999999999998,35.06684,-78.95724
9920307429264850944,1,0.314,0.314,35.445,-77.9931
9920308082099879936,11,0.746,0.5146363636363636,35.444190909090906,-77.99439090909091
9920331859038830592,1,0.419,0.419,35.5989,-78.0331
9920922777819283456,1,0.303,0.303,36.4153,-77.1984
9921109248119406592,3,0.096,0.08566666666666667,35.53876666666667,-77.31523333333332
9921110759947894784,1,0.026,0.026,35.5488,-77.3251
9921155358888296448,2,0.176,0.155,35.84185,-77.0317
9921155530686988288,1,0.444,0.444,35.8318,-77.0456
9921175596774195200,3,1.066,1.066,35.5685,-77.08993333333333
9921176077810532352,1,0.087,0.087,35.6203,-77.0783
9921176112170270720,1,0.087,0.087,35.617,-77.0785
9921182709240037376,1,0.132,0.132,35.608,-77.1345
9921182881038729216,2,1.389,1.389,35.582899999999995,-77.11905
9921184873903554560,1,0.107,0.107,35.5069,-77.1317
9921185904695705600,1,0.272,0.272,35.5648,-77.0992
9921186557530734592,1,0.08,0.08,35.5503,-77.034
9921186694969688064,2,0.08,0.08,35.5446,-77.02875
9921186729329426432,22,1.333,0.5653636363636364,35.53200454545455,-77.0292590909091
9921186763689164800,1,0.349,0.349,35.5311,-77.0198
9921186866768379904,40,0.785,0.3484,35.5189525,-77.03916000000001
9921186901128118272,2,0.482,0.3555,35.5313,-77.0339
9921187107286548480,20,1.473,0.41605,35.51467,-77.035285
9921187141646286848,80,1.662,0.52275,35.51120375,-77.0310375
9921187244725501952,3,1.157,0.931,35.502766666666666,-77.02523333333333
9921212670931894272,1,0.456,0.456,35.402,-76.9639
9921213323766923264,2,0.273,0.2425,35.408249999999995,-76.9697
9921213358126661632,1,0.456,0.456,35.4184,-76.971
9921213392486400000,1,0.496,0.496,35.432,-76.9689
9921215076113580032,49,1.408,0.6327959183673469,35.48492244897959,-76.97232448979592
9921215110473318400,23,0.597,0.22734782608695653,35.48565652173913,-76.97798260869565
9921215144833056768,22,0.304,0.19286363636363638,35.47101818181818,-76.98588181818182
9921215179192795136,1,0.45,0.45,35.4718,-76.9874
9921215350991486976,10,1.694,1.1702,35.50206,-77.00062
9921215385351225344,64,2.085,0.730015625,35.50639375,-77.003896875
9921215419710963712,1,0.076,0.076,35.504,-76.9988
9921226174309072896,1,0.027,0.027,35.4299,-76.7388
9921248576858488832,1,0.955,0.955,35.3889,-76.5953
9921249298412994560,3,0.204,0.12966666666666668,35.3897,-76.5887
9921446248433319936,1,0.344,0.344,36.7582,-76.5598
9921562281269788672,11,0.107,0.06736363636363636,37.076145454545454,-76.50210909090909
9921563002824294400,28,0.107,0.07314285714285715,37.07694285714285,-76.50179642857142
9921563037184032768,11,0.107,0.10163636363636362,37.07694545454546,-76.50331818181817
9921563105903509504,3,0.147,0.147,37.09173333333334,-76.51883333333333
9921563140263247872,1,0.147,0.147,37.0934,-76.5138
9921563758738538496,23,0.107,0.08595652173913043,37.07652608695652,-76.50430434782608
9923143241551577088,1,0.046,0.046,39.102,-77.5809
9923607991372742656,13,0.044,0.040461538461538465,38.76923076923077,-76.87387692307692
9923671178931601408,2,0.095,0.095,38.970749999999995,-76.49164999999999
9923706466382905344,1,0.032,0.032,38.8576,-76.1888
9923855690726637568,1,0.261,0.261,39.0576,-75.3981
9924253610856677376,3,0.035,0.035,37.68346666666667,-76.443
9924388197951864832,1,0.122,0.122,37.0798,-76.4489
9924468049983832064,3,0.036,0.036,36.49463333333333,-76.03603333333332
9926297568612974592,8,2.392,1.76575,40.0264,-74.928475
9926297809131143168,93,2.75,0.8443870967741937,40.038601075268815,-74.95010430107527
9926297843490881536,161,4.046,1.2481055900621119,40.03938819875777,-74.96320124223602
9926297877850619904,95,2.716,0.7208947368421053,40.046256842105265,-74.9577
9926297912210358272,85,2.843,0.9074235294117647,40.04645882352941,-74.95343764705882
9926297946570096640,3,0.517,0.429,40.03986666666667,-74.93313333333333
9926297980929835008,18,2.587,1.0690555555555556,40.03543888888888,-74.9383
9926298015289573376,23,2.348,1.169,40.032260869565214,-74.92656086956522
9926298187088265216,1,0.866,0.866,40.0334,-74.9202
9926660991565692928,3,0.148,0.119,41.06766666666667,-73.7735
9926661129004646400,1,0.116,0.116,41.0461,-73.7751
9927806098566283264,1,0.052,0.052,40.3024,-75.2085
9927821113771950080,223,2.867,1.721784753363229,40.039221973094165,-74.97094977578475
9927821148131688448,1,1.075,1.075,40.0366,-74.9817
9932343233298300928,1,0.059,0.059,43.2551,-77.4452
9932825644024987648,1,0.09,0.09,44.0102,-75.7713
9933195560968257536,5,0.394,0.256,43.54514,-76.19538
9933197725631774720,1,0.423,0.423,43.4695,-76.1813
9933215661415202816,1,0.036,0.036,43.3307,-76.4146
9934311221673066496,1,0.001,0.001,42.4737,-73.9235
9934311290392543232,1,0.001,0.001,42.4683,-73.9253
9934958902741303296,1,0.137,0.137,43.606,-73.2333
9936647168486014976,1,0.099,0.099,41.3064,-72.1202
9936849031948926976,1,0.239,0.239,42.2373,-72.3344
